SEASON,CLOSE_DEF_PERSON_ID,PLAYER_NAME,PLAYER_LAST_TEAM_ID,PLAYER_LAST_TEAM_ABBREVIATION,PLAYER_POSITION,AGE,GP,G,FREQ,FG3M,FG3A,FG3_PCT,NS_FG3_PCT,PLUSMINUS
2015-16,201935,James Harden,1610612745,HOU,G,26,82,82,0.422,174,460,0.378,0.358,0.02
2015-16,203952,Andrew Wiggins,1610612750,MIN,G-F,21,81,81,0.395,146,410,0.356,0.35,0.006
2015-16,202689,Kemba Walker,1610612766,CHA,G,26,81,80,0.397,138,394,0.35,0.357,-0.007
2015-16,203953,Jabari Parker,1610612749,MIL,F,21,76,75,0.414,150,373,0.402,0.357,0.045
2015-16,202331,Paul George,1610612754,IND,F,26,81,77,0.395,107,361,0.296,0.351,-0.055
2015-16,203114,Khris Middleton,1610612749,MIL,G-F,24,79,76,0.456,114,361,0.316,0.355,-0.039
2015-16,101145,Monta Ellis,1610612754,IND,G,30,81,81,0.446,107,356,0.301,0.358,-0.057
2015-16,203110,Draymond Green,1610612744,GSW,F,26,81,80,0.259,101,345,0.293,0.345,-0.053
2015-16,201939,Stephen Curry,1610612744,GSW,G,28,79,78,0.386,103,330,0.312,0.351,-0.039
2015-16,203506,Victor Oladipo,1610612753,ORL,G,24,71,71,0.397,116,330,0.352,0.356,-0.004
2015-16,1626144,Emmanuel Mudiay,1610612743,DEN,G,20,68,65,0.438,128,329,0.389,0.358,0.031
2015-16,2440,Matt Barnes,1610612763,MEM,F,36,76,76,0.432,134,326,0.411,0.354,0.057
2015-16,203507,Giannis Antetokounmpo,1610612749,MIL,F,21,80,80,0.326,127,324,0.392,0.354,0.038
2015-16,2207,Joe Johnson,1610612748,MIA,F-G,35,81,79,0.421,118,323,0.365,0.353,0.012
2015-16,203468,CJ McCollum,1610612757,POR,G,24,80,78,0.339,121,309,0.392,0.356,0.036
2015-16,200765,Rajon Rondo,1610612758,SAC,G,30,71,69,0.433,107,307,0.349,0.357,-0.009
2015-16,202083,Wesley Matthews,1610612742,DAL,G-F,29,78,76,0.394,107,307,0.349,0.357,-0.009
2015-16,200782,P.J. Tucker,1610612756,PHX,F,31,82,78,0.391,110,306,0.359,0.349,0.01
2015-16,201950,Jrue Holiday,1610612740,NOP,G,26,65,64,0.445,110,306,0.359,0.355,0.005
2015-16,201587,Nicolas Batum,1610612766,CHA,G-F,27,70,67,0.439,101,305,0.331,0.355,-0.024
2015-16,200752,Rudy Gay,1610612758,SAC,F,29,69,66,0.363,106,304,0.349,0.358,-0.009
2015-16,200768,Kyle Lowry,1610612761,TOR,G,30,76,74,0.374,101,298,0.339,0.357,-0.018
2015-16,201588,George Hill,1610612754,IND,G,30,74,69,0.365,115,296,0.389,0.35,0.039
2015-16,201142,Kevin Durant,1610612760,OKC,F,27,72,69,0.355,79,295,0.268,0.348,-0.08
2015-16,203081,Damian Lillard,1610612757,POR,G,25,75,71,0.334,116,294,0.395,0.365,0.029
2015-16,203903,Jordan Clarkson,1610612747,LAL,G,24,79,75,0.34,112,294,0.381,0.366,0.015
2015-16,202322,John Wall,1610612764,WAS,G,25,77,77,0.362,104,288,0.361,0.354,0.007
2015-16,203109,Jae Crowder,1610612738,BOS,F,25,72,70,0.366,88,285,0.309,0.35,-0.042
2015-16,201937,Ricky Rubio,1610612750,MIN,G,25,76,70,0.384,100,285,0.351,0.354,-0.003
2015-16,201952,Jeff Teague,1610612737,ATL,G,28,79,76,0.43,95,285,0.333,0.348,-0.015
2015-16,203897,Zach LaVine,1610612750,MIN,G,21,82,76,0.406,104,284,0.366,0.358,0.009
2015-16,101114,Deron Williams,1610612742,DAL,G,32,65,65,0.429,91,283,0.322,0.356,-0.034
2015-16,202694,Marcus Morris Sr.,1610612765,DET,F,26,80,77,0.342,92,283,0.325,0.35,-0.025
2015-16,202710,Jimmy Butler III,1610612741,CHI,G-F,26,67,66,0.337,114,283,0.403,0.354,0.049
2015-16,2594,Kyle Korver,1610612737,ATL,G,35,80,79,0.334,98,282,0.348,0.351,-0.004
2015-16,201145,Jeff Green,1610612746,LAC,F,29,80,76,0.349,113,282,0.401,0.353,0.048
2015-16,203095,Evan Fournier,1610612753,ORL,G-F,23,78,74,0.383,106,281,0.377,0.36,0.017
2015-16,1626156,D'Angelo Russell,1610612747,LAL,G,20,79,76,0.35,95,280,0.339,0.353,-0.014
2015-16,101109,Raymond Felton,1610612742,DAL,G,32,80,77,0.407,95,279,0.341,0.362,-0.022
2015-16,203901,Elfrid Payton,1610612753,ORL,G,22,72,70,0.379,97,278,0.349,0.358,-0.009
2015-16,2772,Trevor Ariza,1610612745,HOU,F,31,80,74,0.38,105,277,0.379,0.363,0.016
2015-16,202323,Evan Turner,1610612738,BOS,G-F,27,80,77,0.348,82,277,0.296,0.349,-0.053
2015-16,201584,Courtney Lee,1610612766,CHA,G,30,79,76,0.387,96,270,0.356,0.356,0
2015-16,202704,Reggie Jackson,1610612765,DET,G,26,79,76,0.303,89,267,0.333,0.359,-0.025
2015-16,201954,Darren Collison,1610612758,SAC,G,28,73,70,0.427,107,266,0.402,0.356,0.046
2015-16,200794,Paul Millsap,1610612737,ATL,F,31,81,73,0.241,96,266,0.361,0.353,0.008
2015-16,203079,Dion Waiters,1610612760,OKC,G,24,78,73,0.407,89,266,0.335,0.356,-0.021
2015-16,203914,Gary Harris,1610612743,DEN,G,21,76,71,0.378,107,263,0.407,0.362,0.044
2015-16,203484,Kentavious Caldwell-Pope,1610612765,DET,G,23,76,72,0.338,87,262,0.332,0.362,-0.03
2015-16,201586,Serge Ibaka,1610612760,OKC,F,26,78,75,0.218,94,262,0.359,0.349,0.01
2015-16,202340,Avery Bradley,1610612738,BOS,G,25,75,73,0.403,88,259,0.34,0.36,-0.021
2015-16,201144,Mike Conley,1610612763,MEM,G,28,56,56,0.435,88,257,0.342,0.355,-0.012
2015-16,201147,Corey Brewer,1610612745,HOU,G-F,30,82,79,0.425,91,256,0.355,0.352,0.003
2015-16,1626164,Devin Booker,1610612756,PHX,G,19,73,70,0.373,109,256,0.426,0.363,0.063
2015-16,202691,Klay Thompson,1610612744,GSW,G,26,80,76,0.313,80,255,0.314,0.353,-0.039
2015-16,201152,Thaddeus Young,1610612751,BKN,F,28,73,67,0.282,79,254,0.311,0.354,-0.043
2015-16,202711,Bojan Bogdanovic,1610612751,BKN,G-F,27,79,75,0.356,88,253,0.348,0.354,-0.006
2015-16,203490,Otto Porter Jr.,1610612764,WAS,F,23,75,72,0.37,98,253,0.387,0.352,0.036
2015-16,2546,Carmelo Anthony,1610612752,NYK,F,32,71,67,0.418,77,252,0.306,0.352,-0.046
2015-16,203115,Will Barton,1610612743,DEN,F-G,25,82,79,0.343,79,252,0.313,0.353,-0.04
2015-16,101107,Marvin Williams,1610612766,CHA,F,30,81,75,0.293,87,251,0.347,0.353,-0.006
2015-16,202397,Ish Smith,1610612755,PHI,G,27,73,68,0.305,97,249,0.39,0.366,0.024
2015-16,1626159,Justise Winslow,1610612748,MIA,F,20,78,72,0.321,81,249,0.325,0.356,-0.03
2015-16,202699,Tobias Harris,1610612765,DET,F,23,75,72,0.299,98,249,0.394,0.353,0.04
2015-16,201976,Patrick Beverley,1610612745,HOU,G,27,71,64,0.381,84,249,0.337,0.349,-0.012
2015-16,1717,Dirk Nowitzki,1610612742,DAL,F,38,75,71,0.247,85,248,0.343,0.354,-0.011
2015-16,203944,Julius Randle,1610612747,LAL,F,21,81,75,0.269,90,246,0.366,0.354,0.012
2015-16,101108,Chris Paul,1610612746,LAC,G,31,74,72,0.345,89,246,0.362,0.357,0.005
2015-16,202066,Garrett Temple,1610612764,WAS,G,30,79,71,0.369,107,244,0.439,0.359,0.08
2015-16,202391,Jeremy Lin,1610612766,CHA,G,27,78,70,0.344,89,244,0.365,0.353,0.012
2015-16,203499,Shane Larkin,1610612751,BKN,G,23,77,74,0.425,90,242,0.372,0.353,0.019
2015-16,2544,LeBron James,1610612739,CLE,F,31,76,75,0.381,78,242,0.322,0.347,-0.025
2015-16,201942,DeMar DeRozan,1610612761,TOR,G,26,77,76,0.372,98,239,0.41,0.353,0.057
2015-16,202335,Patrick Patterson,1610612761,TOR,F,27,78,70,0.351,83,239,0.347,0.352,-0.004
2015-16,203924,Jerami Grant,1610612755,PHI,F,22,77,73,0.287,80,239,0.335,0.351,-0.016
2015-16,2747,JR Smith,1610612739,CLE,G-F,30,77,74,0.412,86,237,0.363,0.354,0.009
2015-16,203145,Kent Bazemore,1610612737,ATL,F-G,26,75,68,0.37,81,237,0.342,0.357,-0.015
2015-16,203918,Rodney Hood,1610612762,UTA,G,23,79,72,0.338,77,235,0.328,0.358,-0.03
2015-16,202329,Al-Farouq Aminu,1610612757,POR,F,25,82,74,0.311,78,234,0.333,0.356,-0.023
2015-16,202738,Isaiah Thomas,1610612738,BOS,G,27,81,75,0.349,67,231,0.29,0.354,-0.064
2015-16,202688,Brandon Knight,1610612756,PHX,G,24,52,51,0.392,90,229,0.393,0.361,0.032
2015-16,203459,Allen Crabbe,1610612757,POR,G,24,81,75,0.383,91,225,0.404,0.36,0.044
2015-16,204038,Langston Galloway,1610612752,NYK,G,24,82,76,0.297,76,223,0.341,0.351,-0.01
2015-16,203082,Terrence Ross,1610612761,TOR,F-G,25,72,70,0.397,79,222,0.356,0.353,0.003
2015-16,203521,Matthew Dellavedova,1610612739,CLE,G,25,76,71,0.333,73,221,0.33,0.35,-0.019
2015-16,201566,Russell Westbrook,1610612760,OKC,G,27,80,75,0.368,83,219,0.379,0.366,0.013
2015-16,201167,Arron Afflalo,1610612752,NYK,G,30,71,68,0.344,78,218,0.358,0.356,0.002
2015-16,200757,Thabo Sefolosha,1610612737,ATL,F,32,75,71,0.376,62,218,0.284,0.353,-0.069
2015-16,202709,Cory Joseph,1610612761,TOR,G,24,79,72,0.309,74,218,0.339,0.35,-0.011
2015-16,203078,Bradley Beal,1610612764,WAS,G,23,54,51,0.416,80,218,0.367,0.359,0.008
2015-16,203076,Anthony Davis,1610612740,NOP,F-C,23,61,56,0.24,74,217,0.341,0.356,-0.015
2015-16,201967,Dante Cunningham,1610612740,NOP,F,29,78,69,0.348,73,217,0.336,0.349,-0.012
2015-16,202330,Gordon Hayward,1610612762,UTA,F,26,80,74,0.351,82,217,0.378,0.353,0.025
2015-16,203496,Robert Covington,1610612755,PHI,F,25,67,62,0.344,81,216,0.375,0.353,0.022
2015-16,200826,J.J. Barea,1610612742,DAL,G,32,74,70,0.441,78,215,0.363,0.355,0.008
2015-16,101150,Lou Williams,1610612747,LAL,G,29,67,61,0.378,67,215,0.312,0.363,-0.052
2015-16,201568,Danilo Gallinari,1610612743,DEN,F,27,53,50,0.414,81,212,0.382,0.357,0.026
2015-16,200755,JJ Redick,1610612746,LAC,G,32,74,69,0.327,59,210,0.281,0.355,-0.075
2015-16,201956,Omri Casspi,1610612758,SAC,F,28,68,62,0.347,67,210,0.319,0.355,-0.036
2015-16,977,Kobe Bryant,1610612747,LAL,F-G,37,66,61,0.423,73,210,0.348,0.352,-0.004
2015-16,201980,Danny Green,1610612759,SAS,G-F,29,79,72,0.281,76,210,0.362,0.352,0.01
2015-16,202695,Kawhi Leonard,1610612759,SAS,F,25,72,69,0.307,68,209,0.325,0.35,-0.024
2015-16,1626163,Frank Kaminsky,1610612766,CHA,C,23,80,67,0.281,82,208,0.394,0.352,0.042
2015-16,101181,Jose Calderon,1610612752,NYK,G,34,72,63,0.295,69,208,0.332,0.349,-0.018
2015-16,203935,Marcus Smart,1610612738,BOS,G,22,61,61,0.45,74,205,0.361,0.352,0.009
2015-16,201609,Goran Dragic,1610612748,MIA,G,30,72,68,0.285,68,205,0.332,0.361,-0.03
2015-16,203463,Ben McLemore,1610612758,SAC,G,23,67,62,0.392,69,204,0.338,0.356,-0.018
2015-16,201158,Marco Belinelli,1610612758,SAC,G-F,30,67,64,0.432,69,203,0.34,0.353,-0.013
2015-16,2548,Dwyane Wade,1610612748,MIA,G,34,74,70,0.367,73,201,0.363,0.353,0.01
2015-16,2736,Luol Deng,1610612748,MIA,F,31,74,64,0.243,69,200,0.345,0.357,-0.012
2015-16,203138,Hollis Thompson,1610612755,PHI,G-F,25,77,62,0.304,63,200,0.315,0.352,-0.037
2015-16,203932,Aaron Gordon,1610612753,ORL,F,20,77,66,0.326,71,200,0.355,0.353,0.002
2015-16,203498,Shabazz Muhammad,1610612750,MIN,F,23,82,77,0.42,84,199,0.422,0.351,0.071
2015-16,204001,Kristaps Porziņģis,1610612752,NYK,F-C,20,72,61,0.202,60,197,0.305,0.353,-0.049
2015-16,202718,Chandler Parsons,1610612742,DAL,F,27,61,56,0.39,68,196,0.347,0.355,-0.008
2015-16,201961,Wayne Ellington,1610612751,BKN,G,28,76,70,0.412,73,196,0.372,0.354,0.018
2015-16,101123,Gerald Green,1610612748,MIA,F,30,69,60,0.385,71,195,0.364,0.354,0.01
2015-16,201959,Taj Gibson,1610612741,CHI,F,31,73,65,0.248,67,195,0.344,0.363,-0.019
2015-16,202703,Nikola Mirotic,1610612741,CHI,F,25,66,59,0.277,69,193,0.358,0.352,0.005
2015-16,203487,Michael Carter-Williams,1610612749,MIL,G,24,54,53,0.357,67,192,0.349,0.354,-0.005
2015-16,2754,Tony Allen,1610612763,MEM,G-F,34,64,62,0.436,59,192,0.307,0.349,-0.042
2015-16,2037,Jamal Crawford,1610612746,LAC,G,36,79,65,0.402,67,192,0.349,0.342,0.007
2015-16,2733,Shaun Livingston,1610612744,GSW,G,30,77,71,0.357,67,188,0.356,0.342,0.015
2015-16,201567,Kevin Love,1610612739,CLE,F,27,77,66,0.182,70,187,0.374,0.358,0.017
2015-16,202325,Wesley Johnson,1610612746,LAC,F-G,28,80,73,0.302,68,186,0.366,0.348,0.018
2015-16,202326,DeMarcus Cousins,1610612758,SAC,C-F,25,64,59,0.172,73,185,0.395,0.352,0.043
2015-16,201583,Ryan Anderson,1610612740,NOP,F,28,66,60,0.248,65,185,0.351,0.361,-0.009
2015-16,1626161,Willie Cauley-Stein,1610612758,SAC,C,22,65,57,0.298,67,184,0.364,0.345,0.019
2015-16,2225,Tony Parker,1610612759,SAS,G,34,72,63,0.318,65,183,0.355,0.364,-0.009
2015-16,201162,Jared Dudley,1610612764,WAS,F,30,81,71,0.235,59,182,0.324,0.352,-0.028
2015-16,202087,Alonzo Gee,1610612740,NOP,F,29,72,65,0.365,62,182,0.341,0.356,-0.015
2015-16,203926,Doug McDermott,1610612741,CHI,F,24,81,72,0.35,57,180,0.317,0.345,-0.028
2015-16,202682,Derrick Williams,1610612752,NYK,F,25,77,67,0.396,59,180,0.328,0.348,-0.021
2015-16,200746,LaMarcus Aldridge,1610612759,SAS,F,30,74,63,0.19,64,179,0.358,0.348,0.01
2015-16,201196,Ramon Sessions,1610612764,WAS,G,30,82,72,0.398,57,179,0.318,0.356,-0.038
2015-16,203526,Raul Neto,1610612762,UTA,G,24,81,71,0.322,68,178,0.382,0.361,0.021
2015-16,1626209,Mario Hezonja,1610612753,ORL,G-F,21,74,64,0.389,66,178,0.371,0.352,0.019
2015-16,201565,Derrick Rose,1610612741,CHI,G,27,66,59,0.273,59,176,0.335,0.352,-0.016
2015-16,2210,Richard Jefferson,1610612739,CLE,F,36,73,65,0.422,65,175,0.371,0.354,0.017
2015-16,203087,Jeremy Lamb,1610612766,CHA,G,24,66,62,0.388,54,175,0.309,0.357,-0.048
2015-16,203141,Mirza Teletovic,1610612756,PHX,F,30,78,67,0.251,71,174,0.408,0.35,0.058
2015-16,201573,Jerryd Bayless,1610612749,MIL,G,27,52,51,0.397,56,172,0.326,0.349,-0.024
2015-16,2738,Andre Iguodala,1610612744,GSW,G-F,32,65,60,0.353,57,171,0.333,0.347,-0.014
2015-16,203090,Maurice Harkless,1610612757,POR,F,23,74,59,0.365,61,171,0.357,0.356,0.001
2015-16,203477,Isaiah Canaan,1610612755,PHI,G,25,76,65,0.333,60,170,0.353,0.352,0.001
2015-16,202684,Tristan Thompson,1610612739,CLE,C-F,25,81,68,0.167,53,170,0.312,0.351,-0.039
2015-16,202362,Lance Stephenson,1610612763,MEM,F-G,25,67,59,0.476,54,167,0.323,0.353,-0.03
2015-16,202693,Markieff Morris,1610612764,WAS,F,26,64,53,0.266,60,166,0.361,0.358,0.003
2015-16,203500,Steven Adams,1610612760,OKC,C,22,80,68,0.157,54,166,0.325,0.355,-0.03
2015-16,203084,Harrison Barnes,1610612744,GSW,F,24,66,63,0.255,66,166,0.398,0.347,0.051
2015-16,1713,Vince Carter,1610612763,MEM,G-F,39,59,53,0.488,62,164,0.378,0.344,0.035
2015-16,1891,Jason Terry,1610612745,HOU,G,38,71,56,0.406,71,164,0.433,0.356,0.077
2015-16,202344,Trevor Booker,1610612762,UTA,F,28,77,69,0.295,54,163,0.331,0.353,-0.022
2015-16,201596,Mario Chalmers,1610612748,MIA,G,30,61,55,0.423,46,163,0.282,0.36,-0.078
2015-16,203482,Kelly Olynyk,1610612738,BOS,C-F,25,68,59,0.239,56,163,0.344,0.346,-0.003
2015-16,200751,Randy Foye,1610612760,OKC,G,32,80,67,0.339,55,162,0.34,0.348,-0.009
2015-16,202681,Kyrie Irving,1610612739,CLE,G,24,53,50,0.349,56,159,0.352,0.353,-0.001
2015-16,203086,Meyers Leonard,1610612757,POR,F-C,24,60,48,0.241,60,159,0.377,0.344,0.034
2015-16,203917,Nik Stauskas,1610612755,PHI,G,22,72,63,0.278,54,158,0.342,0.357,-0.016
2015-16,202339,Eric Bledsoe,1610612756,PHX,G,26,31,30,0.39,48,158,0.304,0.351,-0.047
2015-16,202697,Iman Shumpert,1610612739,CLE,G,26,54,52,0.408,61,158,0.386,0.351,0.035
2015-16,202388,Donald Sloan,1610612751,BKN,G,28,59,54,0.35,61,158,0.386,0.358,0.028
2015-16,1626157,Karl-Anthony Towns,1610612750,MIN,C-F,20,82,63,0.143,61,157,0.389,0.362,0.026
2015-16,2734,Devin Harris,1610612742,DAL,G,33,64,60,0.418,61,157,0.389,0.357,0.032
2015-16,203460,Andre Roberson,1610612760,OKC,G,24,70,61,0.289,51,156,0.327,0.361,-0.034
2015-16,201601,Luc Mbah a Moute,1610612746,LAC,F,29,66,58,0.302,50,155,0.323,0.346,-0.023
2015-16,203085,Austin Rivers,1610612746,LAC,G,23,66,58,0.345,50,153,0.327,0.358,-0.031
2015-16,202324,Derrick Favors,1610612762,UTA,F-C,24,62,50,0.178,60,152,0.395,0.347,0.048
2015-16,202714,Shelvin Mack,1610612762,UTA,G,26,48,40,0.369,60,152,0.395,0.355,0.04
2015-16,201945,Gerald Henderson,1610612757,POR,G,28,70,65,0.384,71,152,0.467,0.356,0.111
2015-16,203798,PJ Hairston,1610612763,MEM,F-G,23,64,60,0.372,67,151,0.444,0.357,0.086
2015-16,101141,Ersan Ilyasova,1610612753,ORL,F,29,74,59,0.221,57,151,0.377,0.362,0.015
2015-16,1626169,Stanley Johnson,1610612765,DET,F,20,72,64,0.317,55,151,0.364,0.348,0.016
2015-16,101127,Jarrett Jack,1610612751,BKN,G,32,32,32,0.434,53,150,0.353,0.354,0
2015-16,201599,DeAndre Jordan,1610612746,LAC,C,27,77,60,0.132,49,150,0.327,0.354,-0.028
2015-16,1626170,Jerian Grant,1610612752,NYK,G,23,72,54,0.351,55,149,0.369,0.351,0.019
2015-16,202730,Lavoy Allen,1610612754,IND,F-C,27,79,63,0.24,54,148,0.365,0.347,0.018
2015-16,201143,Al Horford,1610612737,ATL,C-F,30,82,67,0.13,50,147,0.34,0.353,-0.012
2015-16,204456,T.J. McConnell,1610612755,PHI,G,24,79,63,0.295,46,147,0.313,0.351,-0.038
2015-16,101139,CJ Miles,1610612754,IND,F-G,29,64,56,0.323,47,146,0.322,0.356,-0.034
2015-16,201951,Ty Lawson,1610612754,IND,G,28,63,53,0.364,39,146,0.267,0.347,-0.08
2015-16,203504,Trey Burke,1610612762,UTA,G,23,63,54,0.377,56,145,0.386,0.364,0.022
2015-16,201962,Toney Douglas,1610612740,NOP,G,30,60,50,0.406,56,144,0.389,0.358,0.031
2015-16,203210,JaMychal Green,1610612763,MEM,F,26,78,61,0.31,52,143,0.364,0.345,0.019
2015-16,201988,Patty Mills,1610612759,SAS,G,27,81,70,0.307,43,141,0.305,0.333,-0.028
2015-16,2449,Luis Scola,1610612761,TOR,F,36,75,64,0.248,58,141,0.411,0.351,0.061
2015-16,1626168,Trey Lyles,1610612762,UTA,F,20,76,54,0.269,46,141,0.326,0.356,-0.03
2015-16,101179,Ronnie Price,1610612756,PHX,G,33,61,51,0.418,56,141,0.397,0.363,0.034
2015-16,101161,Amir Johnson,1610612738,BOS,F,29,78,63,0.169,59,140,0.421,0.355,0.066
2015-16,201589,Darrell Arthur,1610612743,DEN,F,28,70,59,0.22,51,139,0.367,0.351,0.016
2015-16,203471,Dennis Schröder,1610612737,ATL,G,22,79,61,0.313,50,138,0.362,0.34,0.022
2015-16,201571,D.J. Augustin,1610612743,DEN,G,28,62,54,0.413,48,138,0.348,0.344,0.004
2015-16,2547,Chris Bosh,1610612748,MIA,F,32,53,44,0.214,54,138,0.391,0.355,0.036
2015-16,2419,Tayshaun Prince,1610612750,MIN,F,36,74,60,0.335,49,137,0.358,0.361,-0.003
2015-16,201166,Aaron Brooks,1610612741,CHI,G,31,69,59,0.362,43,137,0.314,0.356,-0.042
2015-16,202357,Nemanja Bjelica,1610612750,MIN,F,28,60,49,0.279,44,136,0.324,0.345,-0.022
2015-16,203462,Archie Goodwin,1610612756,PHX,G,21,55,44,0.379,57,136,0.419,0.349,0.07
2015-16,203960,JaKarr Sampson,1610612743,DEN,G-F,23,72,63,0.332,57,135,0.422,0.347,0.075
2015-16,203457,Nerlens Noel,1610612755,PHI,F-C,22,67,57,0.158,53,132,0.402,0.352,0.05
2015-16,101162,Marcin Gortat,1610612764,WAS,C,32,75,55,0.117,50,132,0.379,0.354,0.025
2015-16,2749,Jameer Nelson,1610612743,DEN,G,34,39,38,0.419,50,131,0.382,0.357,0.025
2015-16,2216,Zach Randolph,1610612763,MEM,F,34,68,54,0.189,38,130,0.292,0.358,-0.065
2015-16,203501,Tim Hardaway Jr.,1610612737,ATL,G,24,51,47,0.469,41,129,0.318,0.361,-0.043
2015-16,203503,Tony Snell,1610612741,CHI,F,24,64,51,0.293,35,129,0.271,0.356,-0.084
2015-16,203991,Clint Capela,1610612745,HOU,F-C,22,77,58,0.164,40,127,0.315,0.349,-0.035
2015-16,204060,Joe Ingles,1610612762,UTA,F,28,76,61,0.396,44,127,0.346,0.342,0.005
2015-16,101112,Channing Frye,1610612739,CLE,F,33,68,52,0.259,45,125,0.36,0.347,0.013
2015-16,1718,Paul Pierce,1610612746,LAC,F,38,68,51,0.271,42,124,0.339,0.358,-0.019
2015-16,202702,Kenneth Faried,1610612743,DEN,F,26,67,57,0.186,52,124,0.419,0.348,0.071
2015-16,203937,Kyle Anderson,1610612759,SAS,F,22,72,54,0.344,33,123,0.268,0.34,-0.072
2015-16,201564,O.J. Mayo,1610612749,MIL,G,28,41,37,0.416,33,121,0.273,0.355,-0.082
2015-16,201569,Eric Gordon,1610612740,NOP,G,27,45,43,0.346,41,121,0.339,0.359,-0.02
2015-16,1626167,Myles Turner,1610612754,IND,F-C,20,60,42,0.175,42,121,0.347,0.346,0.002
2015-16,2581,Steve Blake,1610612765,DET,G,36,58,52,0.316,46,120,0.383,0.348,0.035
2015-16,203093,Terrence Jones,1610612745,HOU,F,24,49,42,0.278,51,120,0.425,0.347,0.078
2015-16,201627,Anthony Morrow,1610612760,OKC,G,30,60,50,0.451,40,119,0.336,0.338,-0.001
2015-16,201977,Marcus Thornton,1610612764,WAS,F-G,29,60,48,0.403,33,119,0.277,0.359,-0.082
2015-16,203476,Gorgui Dieng,1610612750,MIN,C-F,26,82,56,0.135,41,118,0.347,0.349,-0.001
2015-16,2564,Boris Diaw,1610612759,SAS,C-F,34,76,56,0.228,40,118,0.339,0.344,-0.005
2015-16,201155,Rodney Stuckey,1610612754,IND,G,30,57,52,0.368,48,117,0.41,0.353,0.058
2015-16,1626204,Larry Nance Jr.,1610612747,LAL,F,23,63,52,0.277,40,117,0.342,0.35,-0.009
2015-16,2199,Tyson Chandler,1610612756,PHX,C,33,66,47,0.188,38,117,0.325,0.353,-0.029
2015-16,1626196,Josh Richardson,1610612748,MIA,G,22,47,37,0.293,42,115,0.365,0.357,0.009
2015-16,203933,T.J. Warren,1610612756,PHX,F,22,46,39,0.387,42,113,0.372,0.361,0.011
2015-16,1626273,Marcelo Huertas,1610612747,LAL,G,33,51,41,0.378,34,111,0.306,0.358,-0.052
2015-16,1626171,Bobby Portis Jr.,1610612741,CHI,F,21,61,46,0.238,30,111,0.27,0.34,-0.07
2015-16,203900,Markel Brown,1610612751,BKN,G,24,55,47,0.365,46,111,0.414,0.358,0.056
2015-16,2755,Kevin Martin,1610612759,SAS,G,33,54,46,0.382,41,109,0.376,0.359,0.017
2015-16,201941,Jordan Hill,1610612754,IND,C,28,73,49,0.145,36,108,0.333,0.348,-0.015
2015-16,1626173,Rashad Vaughn,1610612749,MIL,G,19,67,52,0.342,40,108,0.37,0.354,0.016
2015-16,203187,Chris Johnson,1610612762,UTA,F,26,61,46,0.36,34,107,0.318,0.352,-0.034
2015-16,202734,E'Twaun Moore,1610612741,CHI,G,27,58,47,0.247,48,107,0.449,0.353,0.096
2015-16,201949,James Johnson,1610612761,TOR,F,29,56,46,0.327,44,107,0.411,0.347,0.064
2015-16,202337,Luke Babbitt,1610612740,NOP,F,27,42,35,0.307,39,107,0.364,0.348,0.017
2015-16,201933,Blake Griffin,1610612746,LAC,F,27,35,33,0.234,41,106,0.387,0.351,0.036
2015-16,201585,Kosta Koufos,1610612758,SAC,C,27,77,57,0.143,42,104,0.404,0.357,0.047
2015-16,201229,Anthony Tolliver,1610612765,DET,F,31,69,51,0.219,28,104,0.269,0.35,-0.081
2015-16,202498,Lance Thomas,1610612752,NYK,F,28,56,44,0.299,33,104,0.317,0.346,-0.029
2015-16,2757,Beno Udrih,1610612763,MEM,G,33,44,38,0.403,38,104,0.365,0.355,0.01
2015-16,201579,Roy Hibbert,1610612747,LAL,C,29,81,48,0.114,40,103,0.388,0.361,0.028
2015-16,201156,Nick Young,1610612747,LAL,F-G,31,54,49,0.356,43,103,0.417,0.353,0.065
2015-16,203524,Solomon Hill,1610612754,IND,F,25,50,40,0.35,28,103,0.272,0.365,-0.093
2015-16,201936,Tyreke Evans,1610612740,NOP,G-F,26,25,23,0.409,44,101,0.436,0.351,0.085
2015-16,203458,Alex Len,1610612756,PHX,C,23,77,54,0.124,33,101,0.327,0.329,-0.002
2015-16,202720,Jon Leuer,1610612756,PHX,F,27,66,46,0.187,36,100,0.36,0.354,0.006
2015-16,202713,Kyle Singler,1610612760,OKC,F,28,64,47,0.287,34,100,0.34,0.357,-0.017
2015-16,202390,Gary Neal,1610612764,WAS,G,31,40,34,0.407,39,100,0.39,0.342,0.048
2015-16,201973,Jonas Jerebko,1610612738,BOS,F,29,74,50,0.239,31,99,0.313,0.353,-0.04
2015-16,201960,DeMarre Carroll,1610612761,TOR,F,29,26,23,0.36,34,98,0.347,0.367,-0.02
2015-16,203999,Nikola Jokić,1610612743,DEN,C,21,79,54,0.127,39,97,0.402,0.344,0.058
2015-16,201572,Brook Lopez,1610612751,BKN,C,28,73,50,0.088,38,97,0.392,0.337,0.055
2015-16,201978,Chase Budinger,1610612756,PHX,F,28,61,47,0.346,31,97,0.32,0.35,-0.031
2015-16,203948,Johnny O'Bryant III,1610612749,MIL,F-C,23,62,51,0.327,25,97,0.258,0.349,-0.091
2015-16,201575,Brandon Rush,1610612744,GSW,F-G,30,68,49,0.267,34,96,0.354,0.345,0.009
2015-16,203083,Andre Drummond,1610612765,DET,C,22,81,47,0.086,42,95,0.442,0.34,0.102
2015-16,2730,Dwight Howard,1610612745,HOU,C,30,70,47,0.112,31,95,0.326,0.352,-0.025
2015-16,2399,Mike Dunleavy,1610612741,CHI,G-F,35,31,28,0.406,29,95,0.305,0.351,-0.045
2015-16,1889,Andre Miller,1610612759,SAS,G,40,35,30,0.579,31,95,0.326,0.355,-0.028
2015-16,202708,Norris Cole,1610612740,NOP,G,27,45,38,0.329,34,94,0.362,0.356,0.006
2015-16,202334,Ed Davis,1610612757,POR,F-C,27,81,49,0.135,28,94,0.298,0.339,-0.041
2015-16,2561,David West,1610612759,SAS,F,35,78,52,0.149,31,94,0.33,0.34,-0.01
2015-16,202683,Enes Freedom,1610612760,OKC,C,24,82,52,0.121,36,94,0.383,0.357,0.026
2015-16,1626181,Norman Powell,1610612761,TOR,G,23,38,33,0.391,40,93,0.43,0.353,0.077
2015-16,203118,Mike Scott,1610612737,ATL,F,27,73,49,0.258,27,93,0.29,0.341,-0.05
2015-16,203939,Dwight Powell,1610612742,DAL,F-C,24,65,44,0.216,24,93,0.258,0.342,-0.084
2015-16,202687,Bismack Biyombo,1610612761,TOR,C-F,23,81,51,0.117,31,93,0.333,0.346,-0.013
2015-16,204025,Tim Frazier,1610612740,NOP,G,25,39,31,0.397,28,93,0.301,0.343,-0.042
2015-16,201577,Robin Lopez,1610612752,NYK,C,28,82,46,0.086,35,92,0.38,0.342,0.039
2015-16,203898,Tyler Ennis,1610612749,MIL,G,21,39,31,0.44,29,92,0.315,0.354,-0.039
2015-16,101133,Ian Mahinmi,1610612754,IND,C,29,71,44,0.12,35,91,0.385,0.348,0.037
2015-16,202328,Greg Monroe,1610612749,MIL,C-F,26,79,49,0.102,36,91,0.396,0.349,0.046
2015-16,1626143,Jahlil Okafor,1610612755,PHI,C,20,53,41,0.122,33,90,0.367,0.338,0.029
2015-16,203112,Quincy Acy,1610612758,SAC,F,25,56,43,0.257,36,90,0.4,0.353,0.047
2015-16,204020,Tyler Johnson,1610612748,MIA,G,24,36,32,0.291,30,88,0.341,0.36,-0.019
2015-16,203552,Seth Curry,1610612758,SAC,G,25,40,31,0.395,41,88,0.466,0.36,0.106
2015-16,203200,Justin Holiday,1610612741,CHI,G,27,47,42,0.305,29,87,0.333,0.353,-0.02
2015-16,203143,Pablo Prigioni,1610612746,LAC,G,39,57,40,0.333,34,87,0.391,0.341,0.05
2015-16,2756,Sasha Vujacic,1610612752,NYK,G,32,53,36,0.301,34,87,0.391,0.364,0.027
2015-16,201228,C.J. Watson,1610612753,ORL,G,32,32,29,0.437,34,87,0.391,0.349,0.042
2015-16,2746,Josh Smith,1610612745,HOU,F,30,55,38,0.208,35,86,0.407,0.36,0.047
2015-16,203469,Cody Zeller,1610612766,CHA,C-F,23,73,45,0.127,33,86,0.384,0.347,0.037
2015-16,203096,Jared Sullinger,1610612738,BOS,C-F,24,80,50,0.106,34,86,0.395,0.339,0.057
2015-16,2571,Leandro Barbosa,1610612744,GSW,G,33,68,49,0.348,32,86,0.372,0.339,0.033
2015-16,1626178,Rondae Hollis-Jefferson,1610612751,BKN,G-F,21,29,28,0.333,36,86,0.419,0.347,0.072
2015-16,203089,John Henson,1610612749,MIL,F,25,57,37,0.183,33,86,0.384,0.357,0.027
2015-16,201160,Jason Smith,1610612753,ORL,F-C,30,75,41,0.177,34,86,0.395,0.364,0.032
2015-16,202341,James Anderson,1610612758,SAC,G-F,27,44,37,0.316,33,85,0.388,0.35,0.038
2015-16,1626148,Anthony Brown,1610612747,LAL,F,23,27,25,0.366,29,85,0.341,0.355,-0.014
2015-16,1626162,Kelly Oubre Jr.,1610612764,WAS,F,20,49,37,0.343,31,83,0.373,0.356,0.018
2015-16,1626147,Justin Anderson,1610612742,DAL,G-F,22,46,33,0.432,34,83,0.41,0.36,0.05
2015-16,203943,Noah Vonleh,1610612757,POR,F,20,77,46,0.198,31,83,0.373,0.359,0.015
2015-16,203497,Rudy Gobert,1610612762,UTA,C,24,61,38,0.112,30,83,0.361,0.35,0.011
2015-16,2585,Zaza Pachulia,1610612742,DAL,C,32,76,48,0.092,21,81,0.259,0.343,-0.084
2015-16,201943,Brandon Jennings,1610612753,ORL,G,26,48,38,0.301,28,80,0.35,0.341,0.009
2015-16,1938,Manu Ginobili,1610612759,SAS,G,38,56,43,0.332,16,79,0.203,0.351,-0.148
2015-16,101111,Charlie Villanueva,1610612742,DAL,F,31,52,38,0.311,26,79,0.329,0.344,-0.015
2015-16,1626166,Cameron Payne,1610612760,OKC,G,21,48,37,0.332,31,78,0.397,0.343,0.054
2015-16,202692,Alec Burks,1610612762,UTA,G,24,31,28,0.368,29,78,0.372,0.356,0.016
2015-16,1626145,Tyus Jones,1610612750,MIN,G,20,36,32,0.407,33,77,0.429,0.357,0.072
2015-16,203894,Shabazz Napier,1610612753,ORL,G,24,46,30,0.412,28,77,0.364,0.355,0.008
2015-16,203080,Thomas Robinson,1610612751,BKN,F,25,67,41,0.208,37,75,0.493,0.34,0.153
2015-16,2590,Mo Williams,1610612739,CLE,G,33,36,29,0.354,28,75,0.373,0.34,0.033
2015-16,101138,Brandon Bass,1610612747,LAL,F,31,64,41,0.15,25,74,0.338,0.343,-0.005
2015-16,1897,Metta World Peace,1610612747,LAL,F,36,34,33,0.386,22,73,0.301,0.351,-0.049
2015-16,2550,Kirk Hinrich,1610612737,ATL,G,35,42,30,0.317,25,72,0.347,0.336,0.011
2015-16,101135,David Lee,1610612742,DAL,F-C,33,52,37,0.18,29,72,0.403,0.36,0.042
2015-16,203486,Mason Plumlee,1610612757,POR,C-F,26,82,47,0.08,20,71,0.282,0.342,-0.06
2015-16,201578,Marreese Speights,1610612744,GSW,F-C,28,71,42,0.158,23,71,0.324,0.341,-0.017
2015-16,2200,Pau Gasol,1610612741,CHI,C-F,35,72,42,0.068,22,70,0.314,0.336,-0.021
2015-16,202389,Timofey Mozgov,1610612739,CLE,C,29,76,41,0.099,20,70,0.286,0.348,-0.062
2015-16,203613,Jonathon Simmons,1610612759,SAS,G-F,26,50,36,0.33,27,69,0.391,0.334,0.057
2015-16,201188,Marc Gasol,1610612763,MEM,C,31,52,31,0.108,22,68,0.324,0.342,-0.018
2015-16,202685,Jonas Valanciunas,1610612761,TOR,C,24,59,42,0.098,28,68,0.412,0.352,0.06
2015-16,203094,Andrew Nicholson,1610612753,ORL,F,26,52,28,0.213,19,66,0.288,0.37,-0.082
2015-16,203930,Sean Kilpatrick,1610612751,BKN,G,26,30,29,0.432,25,64,0.391,0.348,0.043
2015-16,2743,Kris Humphries,1610612737,ATL,F,31,53,34,0.18,22,64,0.344,0.349,-0.005
2015-16,202355,Hassan Whiteside,1610612748,MIA,C,27,73,41,0.06,18,63,0.286,0.351,-0.066
2015-16,201177,Josh McRoberts,1610612748,MIA,F,29,41,33,0.259,16,62,0.258,0.36,-0.102
2015-16,203546,Ian Clark,1610612744,GSW,G,25,51,31,0.347,23,60,0.383,0.347,0.036
2015-16,201149,Joakim Noah,1610612741,CHI,C,31,29,26,0.195,23,59,0.39,0.338,0.052
2015-16,2446,Rasual Butler,1610612759,SAS,F,37,36,30,0.41,17,57,0.298,0.343,-0.044
2015-16,101106,Andrew Bogut,1610612744,GSW,C,31,70,35,0.082,19,57,0.333,0.339,-0.005
2015-16,203148,Brian Roberts,1610612757,POR,G,30,44,28,0.331,18,57,0.316,0.36,-0.044
2015-16,203530,Joffrey Lauvergne,1610612743,DEN,C-F,24,58,30,0.137,13,57,0.228,0.345,-0.117
2015-16,202696,Nikola Vučević,1610612753,ORL,C,25,64,31,0.071,17,57,0.298,0.354,-0.056
2015-16,203584,Troy Daniels,1610612766,CHA,G,24,36,29,0.412,12,56,0.214,0.344,-0.129
2015-16,1626149,Montrezl Harrell,1610612745,HOU,F,22,32,26,0.311,16,56,0.286,0.354,-0.068
2015-16,203934,Lamar Patterson,1610612737,ATL,G-F,24,32,28,0.434,23,56,0.411,0.331,0.079
2015-16,202700,Donatas Motiejunas,1610612745,HOU,F-C,25,36,25,0.231,19,56,0.339,0.351,-0.012
2015-16,201563,Michael Beasley,1610612745,HOU,F,27,19,18,0.37,23,54,0.426,0.355,0.071
2015-16,203922,Glenn Robinson III,1610612754,IND,G-F,22,39,30,0.351,18,54,0.333,0.349,-0.016
2015-16,202332,Cole Aldrich,1610612746,LAC,C,27,58,34,0.124,14,53,0.264,0.344,-0.08
2015-16,202349,Greivis Vasquez,1610612749,MIL,G,29,23,22,0.411,15,53,0.283,0.333,-0.05
2015-16,2555,Nick Collison,1610612760,OKC,F,35,59,31,0.183,21,52,0.404,0.347,0.057
2015-16,203382,Aron Baynes,1610612765,DET,C-F,29,80,34,0.087,18,52,0.346,0.344,0.002
2015-16,203527,Ryan Kelly,1610612747,LAL,F,25,36,27,0.276,12,51,0.235,0.359,-0.124
2015-16,1626191,Chris McCullough,1610612751,BKN,F,21,23,17,0.325,14,50,0.28,0.356,-0.076
2015-16,2403,Nene,1610612764,WAS,F-C,33,56,30,0.115,21,50,0.42,0.351,0.069
2015-16,2034,Mike Miller,1610612743,DEN,G-F,36,36,27,0.35,21,50,0.42,0.345,0.075
2015-16,203493,Reggie Bullock Jr.,1610612765,DET,F,25,28,19,0.371,16,49,0.327,0.353,-0.027
2015-16,203508,Sergey Karasev,1610612751,BKN,G-F,22,35,25,0.322,15,48,0.313,0.369,-0.056
2015-16,203124,Kyle O'Quinn,1610612752,NYK,F-C,26,61,28,0.123,19,48,0.396,0.348,0.047
2015-16,202379,Jeremy Evans,1610612742,DAL,F,28,23,16,0.431,14,47,0.298,0.362,-0.064
2015-16,201603,Sonny Weems,1610612756,PHX,G-F,29,35,23,0.418,18,46,0.391,0.347,0.045
2015-16,201171,Carl Landry,1610612755,PHI,F,32,34,25,0.192,25,46,0.543,0.338,0.205
2015-16,1626253,Axel Toupane,1610612743,DEN,G-F,23,21,18,0.39,17,46,0.37,0.358,0.011
2015-16,1495,Tim Duncan,1610612759,SAS,C-F,40,61,28,0.067,18,46,0.391,0.347,0.044
2015-16,203099,Jared Cunningham,1610612739,CLE,G,25,30,20,0.39,16,46,0.348,0.342,0.006
2015-16,201582,Alexis Ajinca,1610612740,NOP,C,28,56,27,0.118,23,45,0.511,0.353,0.159
2015-16,203492,Ray McCallum,1610612759,SAS,G,25,28,21,0.321,18,44,0.409,0.344,0.065
2015-16,203940,Adreian Payne,1610612750,MIN,F,25,46,30,0.243,13,43,0.302,0.366,-0.064
2015-16,2760,Anderson Varejao,1610612744,GSW,F,33,49,27,0.168,15,43,0.349,0.345,0.004
2015-16,204028,Tarik Black,1610612747,LAL,C-F,24,38,21,0.183,12,42,0.286,0.337,-0.051
2015-16,200745,Andrea Bargnani,1610612751,BKN,C-F,30,45,26,0.201,16,42,0.381,0.361,0.019
2015-16,203098,John Jenkins,1610612756,PHX,G,25,36,22,0.298,12,42,0.286,0.344,-0.059
2015-16,203101,Miles Plumlee,1610612749,MIL,C,27,56,32,0.107,14,42,0.333,0.367,-0.033
2015-16,1626158,Richaun Holmes,1610612755,PHI,F,22,50,24,0.139,13,41,0.317,0.354,-0.037
2015-16,201168,Tiago Splitter,1610612737,ATL,C-F,31,36,22,0.154,13,41,0.317,0.33,-0.012
2015-16,202338,Kevin Seraphin,1610612752,NYK,F-C,26,46,22,0.163,15,40,0.375,0.362,0.013
2015-16,203516,James Ennis III,1610612740,NOP,F,25,15,14,0.404,16,40,0.4,0.353,0.047
2015-16,201600,Omer Asik,1610612740,NOP,C,29,67,26,0.075,10,40,0.25,0.352,-0.102
2015-16,200770,Jordan Farmar,1610612763,MEM,G,29,12,11,0.421,11,40,0.275,0.356,-0.081
2015-16,203123,Kostas Papanikolaou,1610612743,DEN,F,25,23,18,0.315,18,39,0.462,0.351,0.11
2015-16,201150,Spencer Hawes,1610612766,CHA,F-C,28,57,25,0.092,13,39,0.333,0.34,-0.007
2015-16,2592,James Jones,1610612739,CLE,G-F,35,39,21,0.325,10,39,0.256,0.352,-0.095
2015-16,708,Kevin Garnett,1610612750,MIN,F,40,38,20,0.193,7,38,0.184,0.358,-0.174
2015-16,2570,Kendrick Perkins,1610612740,NOP,C,31,37,22,0.152,20,37,0.541,0.355,0.185
2015-16,202706,Jordan Hamilton,1610612740,NOP,G-F,25,11,11,0.327,12,37,0.324,0.349,-0.025
2015-16,1626185,Jarell Martin,1610612763,MEM,F,22,26,18,0.264,15,37,0.405,0.358,0.047
2015-16,203088,Kendall Marshall,1610612755,PHI,G,24,24,19,0.337,12,35,0.343,0.355,-0.012
2015-16,203994,Jusuf Nurkić,1610612743,DEN,C,21,31,19,0.142,12,35,0.343,0.347,-0.004
2015-16,204098,Xavier Munford,1610612763,MEM,G,24,14,10,0.486,15,35,0.429,0.384,0.045
2015-16,204014,Damjan Rudez,1610612750,MIN,F,30,27,18,0.333,8,33,0.242,0.339,-0.096
2015-16,1626246,Boban Marjanovic,1610612759,SAS,C,27,49,21,0.139,11,33,0.333,0.326,0.007
2015-16,201574,Jason Thompson,1610612761,TOR,F-C,29,44,21,0.169,14,33,0.424,0.34,0.084
2015-16,203923,James Young,1610612738,BOS,G-F,20,21,15,0.432,14,32,0.438,0.346,0.091
2015-16,203488,Mike Muscala,1610612737,ATL,F-C,24,52,24,0.114,14,31,0.452,0.343,0.108
2015-16,203092,Tyler Zeller,1610612738,BOS,C-F,26,58,23,0.086,13,31,0.419,0.339,0.08
2015-16,203949,James Michael McAdoo,1610612744,GSW,F,23,34,21,0.29,10,31,0.323,0.361,-0.038
2015-16,101187,Alan Anderson,1610612764,WAS,F-G,33,12,11,0.484,10,31,0.323,0.364,-0.041
2015-16,2405,Amar'e Stoudemire,1610612748,MIA,F-C,33,50,18,0.093,10,30,0.333,0.333,0
2015-16,1627362,Briante Weber,1610612748,MIA,G,23,6,6,0.492,12,30,0.4,0.341,0.059
2015-16,203105,Festus Ezeli,1610612744,GSW,C,26,46,22,0.071,8,30,0.267,0.35,-0.084
2015-16,1626214,Bryce Dejean-Jones,1610612740,NOP,G,23,12,10,0.395,16,30,0.533,0.362,0.171
2015-16,203481,Jeff Withey,1610612762,UTA,C,26,48,20,0.09,8,30,0.267,0.334,-0.068
2015-16,2744,Al Jefferson,1610612766,CHA,C,31,47,18,0.071,6,29,0.207,0.332,-0.125
2015-16,1626257,Salah Mejri,1610612742,DAL,C,30,31,18,0.15,10,29,0.345,0.353,-0.008
2015-16,1626202,Joe Young,1610612754,IND,G,24,33,19,0.248,7,29,0.241,0.346,-0.105
2015-16,203909,KJ McDaniels,1610612745,HOU,G-F,23,25,16,0.363,13,29,0.448,0.355,0.094
2015-16,1626199,Darrun Hilliard,1610612765,DET,F,23,27,21,0.337,13,29,0.448,0.361,0.087
2015-16,203473,Dewayne Dedmon,1610612753,ORL,C,26,50,20,0.095,11,28,0.393,0.36,0.033
2015-16,203912,C.J. Wilcox,1610612746,LAC,G,25,18,17,0.482,6,27,0.222,0.316,-0.093
2015-16,203906,Devyn Marble,1610612753,ORL,F,23,22,14,0.342,10,27,0.37,0.332,0.038
2015-16,203186,Willie Reed,1610612751,BKN,F-C,26,37,19,0.132,16,26,0.615,0.328,0.288
2015-16,1626153,Delon Wright,1610612761,TOR,G,24,18,13,0.413,9,26,0.346,0.342,0.004
2015-16,204067,Jarell Eddie,1610612764,WAS,G-F,24,15,12,0.556,8,25,0.32,0.355,-0.035
2015-16,203895,Jordan McRae,1610612739,CLE,G,25,16,11,0.446,9,25,0.36,0.343,0.017
2015-16,203512,Lucas Nogueira,1610612761,TOR,C,23,25,13,0.175,15,25,0.6,0.377,0.223
2015-16,200797,Ryan Hollins,1610612763,MEM,C,31,34,19,0.128,13,25,0.52,0.316,0.204
2015-16,2400,Drew Gooden,1610612764,WAS,F,34,25,14,0.229,11,25,0.44,0.349,0.091
2015-16,203515,Phil Pressey,1610612757,POR,G,25,20,15,0.293,10,24,0.417,0.352,0.065
2015-16,1626179,Terry Rozier,1610612738,BOS,G,22,29,14,0.284,11,23,0.478,0.343,0.135
2015-16,1626154,RJ Hunter,1610612738,BOS,G,22,26,16,0.307,8,23,0.348,0.349,-0.001
2015-16,1626192,Pat Connaughton,1610612757,POR,G,23,19,13,0.535,7,23,0.304,0.351,-0.047
2015-16,202407,Elijah Millsap,1610612762,UTA,G-F,28,16,13,0.338,9,22,0.409,0.357,0.052
2015-16,203142,Chris Copeland,1610612749,MIL,F,32,20,11,0.328,13,22,0.591,0.354,0.237
2015-16,2406,Caron Butler,1610612758,SAC,F,36,13,11,0.404,6,21,0.286,0.356,-0.07
2015-16,201581,JJ Hickson,1610612764,WAS,C-F,27,32,13,0.117,7,21,0.333,0.351,-0.017
2015-16,203921,Cleanthony Early,1610612752,NYK,F,25,11,7,0.365,6,19,0.316,0.352,-0.036
2015-16,203996,Damien Inglis,1610612749,MIL,F,21,14,10,0.333,10,19,0.526,0.337,0.19
2015-16,203077,Michael Kidd-Gilchrist,1610612766,CHA,F,22,7,6,0.231,5,18,0.278,0.359,-0.081
2015-16,200811,Lou Amundson,1610612752,NYK,F,33,28,13,0.207,8,18,0.444,0.35,0.095
2015-16,2617,Udonis Haslem,1610612748,MIA,F,36,29,14,0.213,7,17,0.412,0.328,0.084
2015-16,1626245,Cristiano Felicio,1610612741,CHI,F-C,23,27,11,0.136,7,17,0.412,0.369,0.042
2015-16,2588,Matt Bonner,1610612759,SAS,C-F,36,23,12,0.184,5,16,0.313,0.342,-0.029
2015-16,2365,Chris Andersen,1610612763,MEM,F-C,37,26,10,0.105,6,16,0.375,0.359,0.016
2015-16,1626151,Aaron Harrison,1610612766,CHA,G,21,16,10,0.6,6,15,0.4,0.347,0.053
2015-16,203915,Spencer Dinwiddie,1610612741,CHI,G,23,11,8,0.326,4,14,0.286,0.357,-0.071
2015-16,203893,Russ Smith,1610612763,MEM,G,25,8,7,0.583,7,14,0.5,0.387,0.113
2015-16,203111,Orlando Johnson,1610612740,NOP,G,27,6,6,0.359,6,14,0.429,0.396,0.033
2015-16,203946,Cameron Bairstow,1610612765,DET,F-C,25,15,6,0.318,3,14,0.214,0.321,-0.107
2015-16,1626174,Christian Wood,1610612755,PHI,F,20,15,8,0.194,5,14,0.357,0.33,0.027
2015-16,1882,Elton Brand,1610612755,PHI,F,37,16,10,0.137,4,13,0.308,0.358,-0.051
2015-16,203461,Anthony Bennett,1610612761,TOR,F,23,12,9,0.433,7,13,0.538,0.337,0.201
2015-16,201946,Tyler Hansbrough,1610612766,CHA,F,30,35,8,0.124,6,12,0.5,0.363,0.137
2015-16,201580,JaVale McGee,1610612742,DAL,C,28,33,10,0.079,7,12,0.583,0.351,0.233
2015-16,203100,Tony Wroten,1610612752,NYK,G,23,8,6,0.4,7,12,0.583,0.357,0.227
2015-16,203135,Robert Sacre,1610612747,LAL,C,27,22,10,0.087,6,12,0.5,0.36,0.14
2015-16,202962,Greg Smith,1610612750,MIN,C,25,18,6,0.116,1,10,0.1,0.319,-0.219
2015-16,203156,Henry Sims,1610612751,BKN,C-F,26,14,9,0.08,5,10,0.5,0.335,0.165
2015-16,203268,Jorge Gutierrez,1610612766,CHA,G,27,10,6,0.455,2,10,0.2,0.332,-0.132
2015-16,200779,Steve Novak,1610612749,MIL,F,33,8,4,0.5,2,10,0.2,0.377,-0.177
2015-16,1627293,Alex Stepheson,1610612763,MEM,F,28,7,4,0.227,1,10,0.1,0.253,-0.153
2015-16,202343,Elliot Williams,1610612766,CHA,G,27,5,5,0.75,3,9,0.333,0.316,0.017
2015-16,201971,DeJuan Blair,1610612764,WAS,C-F,27,23,6,0.099,6,8,0.75,0.365,0.385
2015-16,2563,Dahntay Jones,1610612739,CLE,G-F,35,1,1,0.444,5,8,0.625,0.412,0.214
2015-16,201148,Brandan Wright,1610612763,MEM,F,28,12,5,0.085,5,7,0.714,0.353,0.362
2015-16,1626172,Kevon Looney,1610612744,GSW,F,20,5,5,0.5,3,7,0.429,0.318,0.11
2015-16,201202,Joel Anthony,1610612765,DET,C,33,17,6,0.135,4,7,0.571,0.362,0.21
2015-16,203956,Mitch McGary,1610612760,OKC,F,24,13,5,0.233,2,7,0.286,0.326,-0.04
2015-16,1626210,Alan Williams,1610612756,PHX,C-F,23,7,4,0.189,3,7,0.429,0.366,0.063
2015-16,1626146,Cliff Alexander,1610612757,POR,F,20,6,4,0.438,2,7,0.286,0.287,-0.001
2015-16,2549,Chris Kaman,1610612757,POR,C,34,15,4,0.128,1,6,0.167,0.394,-0.228
2015-16,202353,Tibor Pleiss,1610612762,UTA,C,26,6,3,0.188,3,6,0.5,0.392,0.108
2015-16,201593,Nikola Pekovic,1610612750,MIN,C,30,12,5,0.098,0,6,0,0.345,-0.345
2015-16,1626175,Jordan Mickey,1610612738,BOS,F,21,12,5,0.24,0,6,0,0.337,-0.337
2015-16,1626251,Duje Dukan,1610612758,SAC,F,24,1,1,0.556,0,5,0,0.286,-0.286
2015-16,201965,Jeff Ayres,1610612746,LAC,F-C,29,15,5,0.116,1,5,0.2,0.337,-0.137
2015-16,203485,Lorenzo Brown,1610612765,DET,G,25,8,3,0.278,3,5,0.6,0.353,0.247
2015-16,101126,Nate Robinson,1610612740,NOP,G,32,2,2,0.333,1,5,0.2,0.361,-0.161
2015-16,203955,Bryce Cotton,1610612763,MEM,G,23,3,3,0.25,2,4,0.5,0.376,0.124
2015-16,201619,Sasha Kaun,1610612739,CLE,C,31,15,4,0.129,1,4,0.25,0.205,0.045
2015-16,203961,Eric Moreland,1610612758,SAC,F-C,24,5,4,0.2,2,4,0.5,0.353,0.148
2015-16,203475,Erick Green,1610612743,DEN,G,25,6,4,0.286,2,4,0.5,0.359,0.141
2015-16,202726,Andrew Goudelock,1610612745,HOU,G,27,4,2,0.273,0,3,0,0.371,-0.371
2015-16,203963,Shayne Whittington,1610612754,IND,F-C,25,6,1,0.214,0,3,0,0.183,-0.183
2015-16,202712,Justin Harper,1610612751,BKN,F-C,26,2,1,0.333,2,3,0.667,0.317,0.349
2015-16,203962,Josh Huestis,1610612760,OKC,F,24,5,2,0.136,2,3,0.667,0.381,0.286
2015-16,1626242,Luis Montero,1610612757,POR,G,23,6,2,0.333,2,3,0.667,0.361,0.305
2015-16,201975,Jodie Meeks,1610612765,DET,G,28,3,3,0.158,1,3,0.333,0.397,-0.063
2015-16,101236,Chuck Hayes,1610612746,LAC,F-C,33,2,1,0.105,1,2,0.5,0.365,0.135
2015-16,202690,Jimmer Fredette,1610612759,SAS,G,27,5,2,0.286,2,2,1,0.332,0.668
2015-16,203928,Cory Jefferson,1610612756,PHX,F,25,5,2,0.087,2,2,1,0.355,0.646
2015-16,204002,Edy Tavares,1610612737,ATL,C,24,8,2,0.053,1,2,0.5,0.312,0.189
2015-16,203998,Bruno Caboclo,1610612761,TOR,F,20,1,1,0.2,0,2,0,0.342,-0.342
2015-16,1737,Nazr Mohammed,1610612760,OKC,C,38,4,1,0.143,0,1,0,0.333,-0.333
2015-16,203951,Keith Appling,1610612753,ORL,G,24,3,1,0.25,0,1,0,0.313,-0.313
2015-16,203919,Jordan Adams,1610612763,MEM,G,21,2,1,0.2,0,1,0,0.361,-0.361
2015-16,1626266,JJ O'Brien,1610612762,UTA,F,24,1,1,0.5,0,1,0,0.325,-0.325
2015-16,1626183,Branden Dawson,1610612746,LAC,F,23,5,1,0.1,0,1,0,0.348,-0.348
2016-17,201935,James Harden,1610612745,HOU,G,27,81,81,0.407,146,434,0.336,0.354,-0.017
2016-17,203077,Michael Kidd-Gilchrist,1610612766,CHA,F,23,81,79,0.41,169,430,0.393,0.364,0.029
2016-17,203952,Andrew Wiggins,1610612750,MIN,F,22,82,81,0.384,162,421,0.385,0.356,0.029
2016-17,202689,Kemba Walker,1610612766,CHA,G,27,79,76,0.439,151,407,0.371,0.36,0.011
2016-17,203078,Bradley Beal,1610612764,WAS,G,24,77,77,0.467,141,405,0.348,0.366,-0.018
2016-17,202331,Paul George,1610612754,IND,F,27,74,73,0.423,131,369,0.355,0.357,-0.002
2016-17,201950,Jrue Holiday,1610612740,NOP,G,27,67,67,0.447,117,360,0.325,0.359,-0.034
2016-17,203110,Draymond Green,1610612744,GSW,F,27,76,75,0.291,104,352,0.295,0.351,-0.056
2016-17,200794,Paul Millsap,1610612737,ATL,F,32,69,67,0.318,121,350,0.346,0.356,-0.01
2016-17,203901,Elfrid Payton,1610612753,ORL,G,23,82,77,0.377,123,336,0.366,0.361,0.005
2016-17,203468,CJ McCollum,1610612757,POR,G,25,80,80,0.353,136,335,0.406,0.357,0.049
2016-17,1626164,Devin Booker,1610612756,PHX,G,20,76,74,0.406,118,334,0.353,0.367,-0.014
2016-17,2544,LeBron James,1610612739,CLE,F,32,74,74,0.388,94,330,0.285,0.355,-0.07
2016-17,202699,Tobias Harris,1610612765,DET,F,24,82,80,0.337,122,329,0.371,0.352,0.019
2016-17,201144,Mike Conley,1610612763,MEM,G,29,69,69,0.407,116,327,0.355,0.365,-0.01
2016-17,202083,Wesley Matthews,1610612742,DAL,G-F,30,72,72,0.438,128,324,0.395,0.357,0.038
2016-17,2546,Carmelo Anthony,1610612752,NYK,F,33,74,74,0.436,108,323,0.334,0.357,-0.022
2016-17,203501,Tim Hardaway Jr.,1610612737,ATL,G,25,78,74,0.471,104,322,0.323,0.354,-0.032
2016-17,203471,Dennis Schröder,1610612737,ATL,G,23,79,78,0.415,122,320,0.381,0.363,0.019
2016-17,201952,Jeff Teague,1610612754,IND,G,29,81,78,0.385,102,319,0.32,0.358,-0.039
2016-17,201937,Ricky Rubio,1610612750,MIN,G,26,75,74,0.42,113,319,0.354,0.361,-0.007
2016-17,201976,Patrick Beverley,1610612745,HOU,G,28,67,66,0.422,104,317,0.328,0.352,-0.024
2016-17,203506,Victor Oladipo,1610612760,OKC,G,25,67,67,0.423,116,312,0.372,0.366,0.006
2016-17,201939,Stephen Curry,1610612744,GSW,G,29,79,78,0.433,119,312,0.381,0.359,0.023
2016-17,101107,Marvin Williams,1610612766,CHA,F,31,76,73,0.363,114,309,0.369,0.361,0.008
2016-17,1626157,Karl-Anthony Towns,1610612750,MIN,C,21,82,78,0.251,125,308,0.406,0.358,0.048
2016-17,202066,Garrett Temple,1610612758,SAC,G,31,65,63,0.48,115,308,0.373,0.363,0.011
2016-17,203507,Giannis Antetokounmpo,1610612749,MIL,F-G,22,80,77,0.328,109,307,0.355,0.354,0.001
2016-17,203109,Jae Crowder,1610612738,BOS,F,26,72,72,0.421,92,307,0.3,0.358,-0.058
2016-17,203935,Marcus Smart,1610612738,BOS,G,23,79,77,0.424,103,305,0.338,0.353,-0.015
2016-17,201152,Thaddeus Young,1610612754,IND,F,29,73,70,0.362,96,303,0.317,0.354,-0.037
2016-17,202691,Klay Thompson,1610612744,GSW,G,27,78,78,0.367,100,302,0.331,0.357,-0.026
2016-17,203490,Otto Porter Jr.,1610612764,WAS,F,24,80,80,0.357,121,301,0.402,0.358,0.044
2016-17,203503,Tony Snell,1610612749,MIL,G-F,25,80,77,0.424,110,300,0.367,0.364,0.003
2016-17,201587,Nicolas Batum,1610612766,CHA,G,28,77,76,0.426,111,298,0.372,0.363,0.009
2016-17,204001,Kristaps Porziņģis,1610612752,NYK,F,21,66,66,0.268,99,297,0.333,0.351,-0.017
2016-17,201960,DeMarre Carroll,1610612761,TOR,F,30,71,70,0.395,96,294,0.327,0.362,-0.036
2016-17,203081,Damian Lillard,1610612757,POR,G,26,75,72,0.341,102,293,0.348,0.353,-0.005
2016-17,202322,John Wall,1610612764,WAS,G,26,78,75,0.394,95,291,0.326,0.358,-0.032
2016-17,201569,Eric Gordon,1610612745,HOU,G,28,75,72,0.431,95,289,0.329,0.36,-0.031
2016-17,202710,Jimmy Butler III,1610612741,CHI,F,27,76,74,0.362,85,285,0.298,0.355,-0.057
2016-17,203460,Andre Roberson,1610612760,OKC,F,25,79,77,0.293,93,284,0.327,0.365,-0.038
2016-17,2440,Matt Barnes,1610612744,GSW,F,37,74,71,0.439,99,283,0.35,0.354,-0.004
2016-17,201163,Wilson Chandler,1610612743,DEN,F,30,70,68,0.341,114,282,0.404,0.35,0.055
2016-17,2772,Trevor Ariza,1610612745,HOU,F,32,80,78,0.383,100,281,0.356,0.36,-0.004
2016-17,203524,Solomon Hill,1610612740,NOP,F,26,80,77,0.359,92,280,0.329,0.357,-0.029
2016-17,201933,Blake Griffin,1610612746,LAC,F,28,61,59,0.359,92,280,0.329,0.359,-0.031
2016-17,203903,Jordan Clarkson,1610612747,LAL,G,25,82,79,0.397,105,279,0.376,0.367,0.009
2016-17,203496,Robert Covington,1610612755,PHI,F,26,67,65,0.37,92,278,0.331,0.36,-0.029
2016-17,201584,Courtney Lee,1610612752,NYK,G,31,77,74,0.381,94,278,0.338,0.364,-0.026
2016-17,202709,Cory Joseph,1610612761,TOR,G,25,79,71,0.398,103,278,0.371,0.355,0.015
2016-17,203484,Kentavious Caldwell-Pope,1610612765,DET,G,24,76,72,0.425,94,277,0.339,0.369,-0.029
2016-17,1627742,Brandon Ingram,1610612747,LAL,F,19,78,76,0.4,110,277,0.397,0.358,0.039
2016-17,202697,Iman Shumpert,1610612739,CLE,G,27,76,76,0.441,98,277,0.354,0.362,-0.009
2016-17,203521,Matthew Dellavedova,1610612749,MIL,G,26,76,73,0.432,94,272,0.346,0.353,-0.008
2016-17,203953,Jabari Parker,1610612749,MIL,F,22,51,50,0.466,109,272,0.401,0.356,0.045
2016-17,202681,Kyrie Irving,1610612739,CLE,G,25,72,69,0.377,114,270,0.422,0.361,0.062
2016-17,202694,Marcus Morris Sr.,1610612765,DET,F,27,79,77,0.359,104,270,0.385,0.357,0.028
2016-17,203210,JaMychal Green,1610612763,MEM,F,27,77,74,0.37,93,269,0.346,0.354,-0.008
2016-17,203076,Anthony Davis,1610612740,NOP,F-C,24,75,72,0.25,80,268,0.299,0.36,-0.061
2016-17,203090,Maurice Harkless,1610612757,POR,F,24,77,72,0.356,86,268,0.321,0.355,-0.034
2016-17,202397,Ish Smith,1610612765,DET,G,28,81,76,0.354,91,268,0.34,0.356,-0.016
2016-17,201949,James Johnson,1610612748,MIA,F,30,76,72,0.326,98,267,0.367,0.353,0.014
2016-17,201142,Kevin Durant,1610612744,GSW,F,28,61,61,0.338,78,267,0.292,0.352,-0.06
2016-17,203145,Kent Bazemore,1610612737,ATL,F-G,27,73,72,0.387,99,266,0.372,0.364,0.008
2016-17,201565,Derrick Rose,1610612752,NYK,G,28,64,64,0.392,89,264,0.337,0.359,-0.021
2016-17,201586,Serge Ibaka,1610612761,TOR,F,27,79,79,0.258,95,262,0.363,0.348,0.015
2016-17,1626163,Frank Kaminsky,1610612766,CHA,C,24,75,69,0.313,90,262,0.344,0.353,-0.01
2016-17,201954,Darren Collison,1610612758,SAC,G,29,68,67,0.469,84,261,0.322,0.368,-0.046
2016-17,201158,Marco Belinelli,1610612766,CHA,G-F,31,74,71,0.52,90,261,0.345,0.359,-0.014
2016-17,201568,Danilo Gallinari,1610612743,DEN,F,28,62,61,0.373,92,258,0.357,0.352,0.005
2016-17,202693,Markieff Morris,1610612764,WAS,F,27,76,76,0.281,102,256,0.398,0.359,0.039
2016-17,203917,Nik Stauskas,1610612755,PHI,G,23,80,76,0.368,89,253,0.352,0.359,-0.007
2016-17,101145,Monta Ellis,1610612754,IND,G,31,73,69,0.457,96,252,0.381,0.362,0.019
2016-17,202738,Isaiah Thomas,1610612738,BOS,G,28,76,73,0.375,88,251,0.351,0.365,-0.014
2016-17,202339,Eric Bledsoe,1610612756,PHX,G,27,64,63,0.347,103,251,0.41,0.364,0.046
2016-17,203082,Terrence Ross,1610612753,ORL,F,26,77,75,0.403,95,250,0.38,0.354,0.026
2016-17,2749,Jameer Nelson,1610612743,DEN,G,35,74,70,0.384,96,249,0.386,0.359,0.026
2016-17,201942,DeMar DeRozan,1610612761,TOR,G,27,73,70,0.43,90,249,0.361,0.358,0.004
2016-17,1627741,Buddy Hield,1610612758,SAC,G,24,81,73,0.389,91,248,0.367,0.358,0.009
2016-17,202684,Tristan Thompson,1610612739,CLE,C,26,78,73,0.214,89,247,0.36,0.355,0.006
2016-17,202344,Trevor Booker,1610612751,BKN,F,29,70,67,0.359,92,246,0.374,0.354,0.02
2016-17,200782,P.J. Tucker,1610612761,TOR,F,32,79,73,0.367,100,245,0.408,0.355,0.053
2016-17,203084,Harrison Barnes,1610612742,DAL,F,25,78,72,0.31,86,244,0.352,0.354,-0.002
2016-17,204025,Tim Frazier,1610612740,NOP,G,26,65,64,0.451,75,244,0.307,0.357,-0.049
2016-17,200768,Kyle Lowry,1610612761,TOR,G,31,59,58,0.393,88,243,0.362,0.357,0.005
2016-17,101108,Chris Paul,1610612746,LAC,G,32,61,59,0.392,91,243,0.374,0.358,0.016
2016-17,202711,Bojan Bogdanovic,1610612764,WAS,G,28,80,74,0.354,81,242,0.335,0.358,-0.023
2016-17,203552,Seth Curry,1610612742,DAL,G,26,69,66,0.4,77,241,0.32,0.365,-0.046
2016-17,201143,Al Horford,1610612738,BOS,C,31,68,66,0.242,81,241,0.336,0.355,-0.019
2016-17,2754,Tony Allen,1610612763,MEM,G-F,35,70,70,0.451,85,241,0.353,0.365,-0.013
2016-17,203932,Aaron Gordon,1610612753,ORL,F,21,80,74,0.335,81,241,0.336,0.362,-0.026
2016-17,203200,Justin Holiday,1610612752,NYK,G,28,82,75,0.433,86,239,0.36,0.362,-0.002
2016-17,2210,Richard Jefferson,1610612739,CLE,F,37,79,77,0.382,82,238,0.345,0.35,-0.005
2016-17,203095,Evan Fournier,1610612753,ORL,G,24,68,67,0.378,92,238,0.387,0.365,0.022
2016-17,203967,Dario Saric,1610612755,PHI,F,23,81,76,0.282,89,237,0.376,0.354,0.021
2016-17,204020,Tyler Johnson,1610612748,MIA,G,25,73,66,0.323,83,236,0.352,0.361,-0.009
2016-17,203944,Julius Randle,1610612747,LAL,F,22,74,67,0.263,93,236,0.394,0.353,0.041
2016-17,101109,Raymond Felton,1610612746,LAC,G,33,80,78,0.402,75,233,0.322,0.352,-0.03
2016-17,201566,Russell Westbrook,1610612760,OKC,G,28,80,76,0.396,91,233,0.391,0.355,0.036
2016-17,201980,Danny Green,1610612759,SAS,G-F,30,67,65,0.341,77,232,0.332,0.367,-0.035
2016-17,1627763,Malcolm Brogdon,1610612749,MIL,G,24,75,71,0.374,82,230,0.357,0.362,-0.006
2016-17,202695,Kawhi Leonard,1610612759,SAS,F,26,73,69,0.349,88,229,0.384,0.36,0.024
2016-17,203476,Gorgui Dieng,1610612750,MIN,F-C,27,82,74,0.197,91,228,0.399,0.356,0.044
2016-17,200757,Thabo Sefolosha,1610612737,ATL,F,33,62,58,0.374,75,227,0.33,0.358,-0.028
2016-17,201959,Taj Gibson,1610612760,OKC,F,32,78,70,0.295,92,226,0.407,0.364,0.043
2016-17,1627785,Isaiah Whitehead,1610612751,BKN,G,22,73,66,0.371,81,226,0.358,0.354,0.004
2016-17,1713,Vince Carter,1610612763,MEM,G-F,40,73,69,0.441,83,226,0.367,0.361,0.006
2016-17,201967,Dante Cunningham,1610612740,NOP,F,30,66,59,0.353,87,224,0.388,0.356,0.032
2016-17,204456,T.J. McConnell,1610612755,PHI,G,25,81,76,0.346,83,224,0.371,0.36,0.011
2016-17,204060,Joe Ingles,1610612762,UTA,F,29,80,74,0.437,80,224,0.357,0.367,-0.01
2016-17,202326,DeMarcus Cousins,1610612740,NOP,F-C,26,72,67,0.221,84,223,0.377,0.36,0.017
2016-17,202323,Evan Turner,1610612757,POR,G-F,28,65,65,0.36,80,223,0.359,0.355,0.004
2016-17,201599,DeAndre Jordan,1610612746,LAC,C,28,81,70,0.194,79,220,0.359,0.356,0.003
2016-17,101139,CJ Miles,1610612754,IND,F-G,30,75,70,0.477,83,218,0.381,0.356,0.025
2016-17,203500,Steven Adams,1610612760,OKC,C,23,80,74,0.198,77,217,0.355,0.361,-0.006
2016-17,202734,E'Twaun Moore,1610612740,NOP,G,28,73,72,0.35,94,216,0.435,0.367,0.069
2016-17,2207,Joe Johnson,1610612762,UTA,F-G,36,78,73,0.422,75,215,0.349,0.353,-0.004
2016-17,202335,Patrick Patterson,1610612761,TOR,F,28,65,61,0.375,62,215,0.288,0.353,-0.065
2016-17,2594,Kyle Korver,1610612739,CLE,G,36,67,62,0.371,81,215,0.377,0.352,0.024
2016-17,201601,Luc Mbah a Moute,1610612746,LAC,F,30,80,76,0.304,79,214,0.369,0.356,0.013
2016-17,201945,Gerald Henderson,1610612755,PHI,G,29,71,69,0.407,78,214,0.364,0.359,0.006
2016-17,1626162,Kelly Oubre Jr.,1610612764,WAS,F,21,76,68,0.409,75,213,0.352,0.358,-0.006
2016-17,1627750,Jamal Murray,1610612743,DEN,G,20,81,77,0.349,68,213,0.319,0.354,-0.035
2016-17,202704,Reggie Jackson,1610612765,DET,G,27,52,51,0.423,88,213,0.413,0.365,0.048
2016-17,200755,JJ Redick,1610612746,LAC,G,33,78,71,0.334,79,213,0.371,0.357,0.013
2016-17,203482,Kelly Olynyk,1610612738,BOS,C-F,26,75,68,0.272,69,211,0.327,0.35,-0.023
2016-17,1626150,Andrew Harrison,1610612763,MEM,G,22,68,63,0.441,71,210,0.338,0.36,-0.022
2016-17,101150,Lou Williams,1610612745,HOU,G,30,81,75,0.393,74,209,0.354,0.351,0.003
2016-17,201609,Goran Dragic,1610612748,MIA,G,31,73,68,0.296,70,209,0.335,0.362,-0.027
2016-17,1627827,Dorian Finney-Smith,1610612742,DAL,F,24,78,68,0.355,69,208,0.332,0.354,-0.022
2016-17,2738,Andre Iguodala,1610612744,GSW,G-F,33,76,72,0.359,68,207,0.329,0.353,-0.025
2016-17,2736,Luol Deng,1610612747,LAL,F,32,56,52,0.364,66,205,0.322,0.357,-0.035
2016-17,201145,Jeff Green,1610612753,ORL,F,30,69,63,0.348,66,204,0.324,0.348,-0.025
2016-17,202340,Avery Bradley,1610612738,BOS,G,26,55,52,0.372,72,204,0.353,0.353,0
2016-17,201951,Ty Lawson,1610612758,SAC,G,29,69,62,0.438,88,203,0.433,0.361,0.072
2016-17,203585,Rodney McGruder,1610612748,MIA,G,25,77,67,0.321,70,203,0.345,0.366,-0.021
2016-17,1626178,Rondae Hollis-Jefferson,1610612751,BKN,F,22,77,69,0.283,69,202,0.342,0.357,-0.015
2016-17,204038,Langston Galloway,1610612758,SAC,G,25,72,68,0.449,70,201,0.348,0.349,-0.001
2016-17,1627737,Marquese Chriss,1610612756,PHX,F,19,80,69,0.306,91,201,0.453,0.361,0.092
2016-17,1626156,D'Angelo Russell,1610612747,LAL,G,21,62,59,0.37,73,200,0.365,0.37,-0.005
2016-17,2037,Jamal Crawford,1610612746,LAC,G,37,82,73,0.402,69,200,0.345,0.35,-0.005
2016-17,1891,Jason Terry,1610612749,MIL,G,39,74,66,0.488,56,199,0.281,0.354,-0.072
2016-17,201567,Kevin Love,1610612739,CLE,F,28,60,58,0.245,66,199,0.332,0.355,-0.023
2016-17,203922,Glenn Robinson III,1610612754,IND,G-F,23,66,61,0.399,70,198,0.354,0.359,-0.006
2016-17,201588,George Hill,1610612762,UTA,G,31,49,47,0.35,83,198,0.419,0.363,0.056
2016-17,101141,Ersan Ilyasova,1610612737,ATL,F,30,82,69,0.257,62,196,0.316,0.354,-0.037
2016-17,202329,Al-Farouq Aminu,1610612757,POR,F,26,61,57,0.28,73,195,0.374,0.356,0.018
2016-17,203930,Sean Kilpatrick,1610612751,BKN,G,27,69,61,0.377,82,195,0.421,0.36,0.06
2016-17,203459,Allen Crabbe,1610612757,POR,G,25,79,72,0.359,68,194,0.351,0.361,-0.01
2016-17,203085,Austin Rivers,1610612746,LAC,G,24,74,66,0.312,70,193,0.363,0.359,0.004
2016-17,200746,LaMarcus Aldridge,1610612759,SAS,F,31,71,65,0.216,65,193,0.337,0.351,-0.014
2016-17,202703,Nikola Mirotic,1610612741,CHI,F,26,70,66,0.295,61,191,0.319,0.352,-0.033
2016-17,203933,T.J. Warren,1610612756,PHX,F,23,63,58,0.372,58,191,0.304,0.358,-0.055
2016-17,2548,Dwyane Wade,1610612741,CHI,G,35,60,58,0.419,69,190,0.363,0.356,0.007
2016-17,200765,Rajon Rondo,1610612741,CHI,G,31,69,63,0.349,70,189,0.37,0.36,0.011
2016-17,101114,Deron Williams,1610612739,CLE,G,33,62,57,0.37,69,188,0.367,0.357,0.01
2016-17,203087,Jeremy Lamb,1610612766,CHA,G,25,61,57,0.45,72,188,0.383,0.358,0.025
2016-17,1626155,Sam Dekker,1610612745,HOU,F,23,77,66,0.328,71,187,0.38,0.359,0.02
2016-17,202720,Jon Leuer,1610612765,DET,F,28,75,67,0.233,65,186,0.349,0.346,0.003
2016-17,201167,Arron Afflalo,1610612758,SAC,G,31,61,57,0.416,77,184,0.418,0.368,0.05
2016-17,201943,Brandon Jennings,1610612764,WAS,G,27,81,70,0.387,63,184,0.342,0.363,-0.021
2016-17,1626167,Myles Turner,1610612754,IND,C,21,80,65,0.16,61,184,0.332,0.358,-0.027
2016-17,201988,Patty Mills,1610612759,SAS,G,28,80,70,0.378,69,183,0.377,0.356,0.021
2016-17,101135,David Lee,1610612759,SAS,F-C,34,78,67,0.278,58,181,0.32,0.345,-0.024
2016-17,201571,D.J. Augustin,1610612753,ORL,G,29,78,66,0.397,59,180,0.328,0.345,-0.017
2016-17,203897,Zach LaVine,1610612750,MIN,G,22,47,46,0.442,65,178,0.365,0.363,0.002
2016-17,203516,James Ennis III,1610612763,MEM,F,26,63,59,0.392,61,178,0.343,0.364,-0.021
2016-17,202330,Gordon Hayward,1610612762,UTA,F,27,73,67,0.306,59,177,0.333,0.354,-0.021
2016-17,203463,Ben McLemore,1610612758,SAC,G,24,59,53,0.455,67,177,0.379,0.358,0.02
2016-17,201156,Nick Young,1610612747,LAL,G-F,32,60,58,0.395,72,177,0.407,0.366,0.041
2016-17,201583,Ryan Anderson,1610612745,HOU,F,29,72,68,0.232,70,174,0.402,0.353,0.049
2016-17,2216,Zach Randolph,1610612763,MEM,F,35,73,61,0.269,58,173,0.335,0.357,-0.022
2016-17,201572,Brook Lopez,1610612751,BKN,C,29,75,69,0.171,63,173,0.364,0.355,0.009
2016-17,1626181,Norman Powell,1610612761,TOR,G,24,69,58,0.438,67,172,0.39,0.362,0.028
2016-17,203914,Gary Harris,1610612743,DEN,G,22,55,49,0.392,76,172,0.442,0.364,0.078
2016-17,203926,Doug McDermott,1610612760,OKC,F,25,65,55,0.353,62,171,0.363,0.349,0.014
2016-17,201162,Jared Dudley,1610612756,PHX,F,31,64,56,0.308,69,170,0.406,0.343,0.063
2016-17,203584,Troy Daniels,1610612763,MEM,G,25,65,61,0.444,64,170,0.376,0.354,0.023
2016-17,1627734,Domantas Sabonis,1610612760,OKC,F,21,81,68,0.253,72,169,0.426,0.36,0.066
2016-17,201229,Anthony Tolliver,1610612758,SAC,F,32,64,58,0.327,61,168,0.363,0.351,0.012
2016-17,203924,Jerami Grant,1610612760,OKC,F,23,78,69,0.31,53,167,0.317,0.357,-0.04
2016-17,1626196,Josh Richardson,1610612748,MIA,G,23,53,47,0.313,59,165,0.358,0.36,-0.003
2016-17,203957,Dante Exum,1610612762,UTA,G,21,65,59,0.367,58,165,0.352,0.362,-0.01
2016-17,203915,Spencer Dinwiddie,1610612751,BKN,G,24,57,53,0.37,65,163,0.399,0.353,0.045
2016-17,201147,Corey Brewer,1610612747,LAL,F,31,82,68,0.431,53,163,0.325,0.359,-0.033
2016-17,203486,Mason Plumlee,1610612743,DEN,C,27,81,65,0.169,65,163,0.399,0.361,0.038
2016-17,101162,Marcin Gortat,1610612764,WAS,C,33,82,61,0.138,58,162,0.358,0.362,-0.004
2016-17,201577,Robin Lopez,1610612741,CHI,C,29,81,63,0.13,67,161,0.416,0.359,0.057
2016-17,1627759,Jaylen Brown,1610612738,BOS,F,20,77,67,0.39,52,161,0.323,0.351,-0.028
2016-17,2225,Tony Parker,1610612759,SAS,G,35,62,55,0.375,60,160,0.375,0.365,0.01
2016-17,201961,Wayne Ellington,1610612748,MIA,G,29,62,56,0.374,60,159,0.377,0.359,0.018
2016-17,202688,Brandon Knight,1610612756,PHX,G,25,53,47,0.425,58,159,0.365,0.359,0.006
2016-17,203115,Will Barton,1610612743,DEN,G-F,26,59,56,0.334,63,159,0.396,0.364,0.032
2016-17,1626161,Willie Cauley-Stein,1610612758,SAC,C,23,75,52,0.266,60,157,0.382,0.356,0.026
2016-17,203999,Nikola Jokić,1610612743,DEN,F-C,22,72,65,0.151,53,157,0.338,0.353,-0.015
2016-17,1627752,Taurean Prince,1610612737,ATL,F,23,57,50,0.416,65,156,0.417,0.355,0.061
2016-17,2747,JR Smith,1610612739,CLE,G,31,41,38,0.457,53,156,0.34,0.359,-0.019
2016-17,2730,Dwight Howard,1610612737,ATL,C,31,74,55,0.212,57,155,0.368,0.356,0.012
2016-17,203079,Dion Waiters,1610612748,MIA,G,25,46,45,0.321,47,155,0.303,0.356,-0.053
2016-17,1627739,Kris Dunn,1610612750,MIN,G,23,78,64,0.353,61,152,0.401,0.351,0.051
2016-17,2733,Shaun Livingston,1610612744,GSW,G,31,76,63,0.402,52,152,0.342,0.35,-0.008
2016-17,202714,Shelvin Mack,1610612762,UTA,G,27,54,46,0.366,58,150,0.387,0.361,0.026
2016-17,1626144,Emmanuel Mudiay,1610612743,DEN,G,21,53,47,0.343,63,149,0.423,0.36,0.063
2016-17,1626171,Bobby Portis Jr.,1610612741,CHI,F,22,63,51,0.348,47,149,0.315,0.349,-0.034
2016-17,203498,Shabazz Muhammad,1610612750,MIN,F,24,77,65,0.443,57,147,0.388,0.359,0.029
2016-17,1626204,Larry Nance Jr.,1610612747,LAL,F,24,62,56,0.271,47,146,0.322,0.359,-0.037
2016-17,203488,Mike Muscala,1610612737,ATL,F-C,25,68,58,0.267,57,145,0.393,0.35,0.043
2016-17,1626149,Montrezl Harrell,1610612745,HOU,F,23,57,47,0.253,44,145,0.303,0.357,-0.053
2016-17,1626169,Stanley Johnson,1610612765,DET,F,21,71,56,0.401,50,145,0.345,0.358,-0.013
2016-17,202702,Kenneth Faried,1610612743,DEN,F,27,60,51,0.28,52,143,0.364,0.352,0.012
2016-17,203497,Rudy Gobert,1610612762,UTA,C,25,81,62,0.112,43,143,0.301,0.358,-0.057
2016-17,203943,Noah Vonleh,1610612757,POR,F,21,72,56,0.263,47,140,0.336,0.347,-0.011
2016-17,201160,Jason Smith,1610612764,WAS,F-C,31,73,52,0.266,46,139,0.331,0.348,-0.017
2016-17,1626147,Justin Anderson,1610612755,PHI,G-F,23,66,50,0.361,53,138,0.384,0.352,0.032
2016-17,202498,Lance Thomas,1610612752,NYK,F,29,45,40,0.513,49,138,0.355,0.347,0.008
2016-17,203613,Jonathon Simmons,1610612759,SAS,G-F,27,74,63,0.368,38,138,0.275,0.357,-0.082
2016-17,201188,Marc Gasol,1610612763,MEM,C,32,74,61,0.162,44,137,0.321,0.354,-0.033
2016-17,201563,Michael Beasley,1610612749,MIL,F,28,55,50,0.389,64,137,0.467,0.356,0.111
2016-17,203925,Joe Harris,1610612751,BKN,F-G,25,51,49,0.333,49,137,0.358,0.359,-0.002
2016-17,1627812,Yogi Ferrell,1610612742,DAL,G,24,46,41,0.398,49,136,0.36,0.362,-0.002
2016-17,202357,Nemanja Bjelica,1610612750,MIN,F,29,63,52,0.283,39,136,0.287,0.36,-0.073
2016-17,1627789,Timothe Luwawu-Cabarrot,1610612755,PHI,G-F,22,68,56,0.352,39,136,0.287,0.357,-0.071
2016-17,1627098,Malcolm Delaney,1610612737,ATL,G,28,70,66,0.379,50,136,0.368,0.357,0.011
2016-17,201973,Jonas Jerebko,1610612738,BOS,F,30,78,62,0.287,40,135,0.296,0.349,-0.053
2016-17,202687,Bismack Biyombo,1610612753,ORL,C-F,24,81,67,0.164,54,135,0.4,0.353,0.047
2016-17,1626209,Mario Hezonja,1610612753,ORL,G-F,22,59,52,0.421,59,135,0.437,0.354,0.083
2016-17,203093,Terrence Jones,1610612749,MIL,F,25,51,48,0.267,51,134,0.381,0.355,0.026
2016-17,101112,Channing Frye,1610612739,CLE,F,34,74,62,0.178,55,132,0.417,0.344,0.073
2016-17,1627747,Caris LeVert,1610612751,BKN,G-F,22,56,51,0.348,52,131,0.397,0.36,0.037
2016-17,2734,Devin Harris,1610612742,DAL,G,34,63,54,0.431,47,131,0.359,0.368,-0.009
2016-17,203083,Andre Drummond,1610612765,DET,C,23,81,51,0.144,45,130,0.346,0.354,-0.007
2016-17,203991,Clint Capela,1610612745,HOU,C,23,65,51,0.16,44,130,0.338,0.363,-0.025
2016-17,1717,Dirk Nowitzki,1610612742,DAL,F,39,53,46,0.229,54,130,0.415,0.362,0.053
2016-17,202355,Hassan Whiteside,1610612748,MIA,C,28,77,56,0.13,44,130,0.338,0.357,-0.019
2016-17,203546,Ian Clark,1610612744,GSW,G,26,72,55,0.413,35,129,0.271,0.351,-0.08
2016-17,201575,Brandon Rush,1610612750,MIN,G-F,31,43,41,0.43,38,129,0.295,0.365,-0.071
2016-17,203141,Mirza Teletovic,1610612749,MIL,F,31,70,60,0.32,39,129,0.302,0.354,-0.052
2016-17,201166,Aaron Brooks,1610612754,IND,G,32,61,50,0.437,47,128,0.367,0.354,0.013
2016-17,203918,Rodney Hood,1610612762,UTA,G,24,59,49,0.308,53,128,0.414,0.361,0.053
2016-17,1627755,Tyler Ulis,1610612756,PHX,G,21,54,41,0.426,53,127,0.417,0.349,0.068
2016-17,1626179,Terry Rozier,1610612738,BOS,G,23,72,57,0.341,51,126,0.405,0.352,0.053
2016-17,203120,Justin Hamilton,1610612751,BKN,C,27,62,49,0.205,46,125,0.368,0.353,0.015
2016-17,201228,C.J. Watson,1610612753,ORL,G,33,56,46,0.463,43,125,0.344,0.361,-0.017
2016-17,202696,Nikola Vučević,1610612753,ORL,C,26,75,57,0.132,42,125,0.336,0.353,-0.017
2016-17,203939,Dwight Powell,1610612742,DAL,F-C,25,74,62,0.236,48,124,0.387,0.356,0.031
2016-17,204028,Tarik Black,1610612747,LAL,C-F,25,67,50,0.215,51,122,0.418,0.358,0.06
2016-17,1627851,Mindaugas Kuzminskas,1610612752,NYK,F,27,64,52,0.436,47,122,0.385,0.352,0.033
2016-17,200752,Rudy Gay,1610612758,SAC,F,30,30,30,0.373,43,122,0.352,0.358,-0.006
2016-17,1626170,Jerian Grant,1610612741,CHI,G,24,60,47,0.348,40,122,0.328,0.346,-0.019
2016-17,202328,Greg Monroe,1610612749,MIL,C,27,80,61,0.172,37,122,0.303,0.346,-0.043
2016-17,1627756,Denzel Valentine,1610612741,CHI,G,23,55,45,0.401,40,122,0.328,0.357,-0.029
2016-17,203473,Dewayne Dedmon,1610612759,SAS,C,27,75,56,0.196,42,119,0.353,0.353,-0.001
2016-17,200771,Sergio Rodriguez,1610612755,PHI,G,31,68,57,0.346,49,118,0.415,0.359,0.057
2016-17,203114,Khris Middleton,1610612749,MIL,G-F,25,29,28,0.447,32,117,0.274,0.355,-0.081
2016-17,2403,Nene,1610612745,HOU,C-F,34,67,52,0.198,38,117,0.325,0.352,-0.028
2016-17,2564,Boris Diaw,1610612762,UTA,C-F,35,72,52,0.257,45,117,0.385,0.359,0.026
2016-17,202683,Enes Freedom,1610612760,OKC,C,25,72,54,0.168,39,117,0.333,0.358,-0.024
2016-17,202730,Lavoy Allen,1610612754,IND,F-C,28,57,44,0.333,48,117,0.41,0.347,0.063
2016-17,1627783,Pascal Siakam,1610612761,TOR,F,23,53,43,0.291,48,117,0.41,0.357,0.054
2016-17,200751,Randy Foye,1610612751,BKN,G,33,67,54,0.312,50,116,0.431,0.362,0.069
2016-17,203458,Alex Len,1610612756,PHX,C,24,75,51,0.138,48,116,0.414,0.359,0.055
2016-17,2399,Mike Dunleavy,1610612737,ATL,G-F,36,53,46,0.416,42,114,0.368,0.342,0.027
2016-17,1627823,Juancho Hernangomez,1610612743,DEN,F,21,54,42,0.337,43,114,0.377,0.348,0.029
2016-17,1938,Manu Ginobili,1610612759,SAS,G,39,67,56,0.369,39,113,0.345,0.354,-0.009
2016-17,1626168,Trey Lyles,1610612762,UTA,F,21,70,52,0.26,41,112,0.366,0.353,0.013
2016-17,1627775,Patrick McCaw,1610612744,GSW,G,21,65,51,0.326,46,111,0.414,0.359,0.055
2016-17,201196,Ramon Sessions,1610612766,CHA,G,31,50,44,0.476,38,111,0.342,0.351,-0.009
2016-17,203937,Kyle Anderson,1610612759,SAS,G-F,23,61,50,0.347,27,109,0.248,0.353,-0.105
2016-17,1627835,Paul Zipser,1610612741,CHI,F,23,41,33,0.334,32,107,0.299,0.355,-0.056
2016-17,1627758,Ron Baker,1610612752,NYK,G,24,48,42,0.361,42,106,0.396,0.363,0.033
2016-17,203518,Alex Abrines,1610612760,OKC,G-F,23,65,49,0.334,47,106,0.443,0.361,0.082
2016-17,201578,Marreese Speights,1610612746,LAC,F-C,29,82,56,0.164,30,104,0.288,0.341,-0.052
2016-17,203512,Lucas Nogueira,1610612761,TOR,C,24,54,40,0.203,40,103,0.388,0.354,0.035
2016-17,202391,Jeremy Lin,1610612751,BKN,G,28,35,33,0.28,33,102,0.324,0.35,-0.026
2016-17,201936,Tyreke Evans,1610612758,SAC,G-F,27,40,38,0.409,42,101,0.416,0.357,0.059
2016-17,1626245,Cristiano Felicio,1610612741,CHI,F-C,24,66,46,0.2,30,100,0.3,0.355,-0.055
2016-17,101161,Amir Johnson,1610612738,BOS,F,30,80,56,0.13,27,100,0.27,0.357,-0.087
2016-17,203487,Michael Carter-Williams,1610612741,CHI,G,25,44,37,0.361,35,99,0.354,0.358,-0.005
2016-17,2200,Pau Gasol,1610612759,SAS,C,36,63,50,0.134,41,97,0.423,0.356,0.067
2016-17,203124,Kyle O'Quinn,1610612752,NYK,C-F,27,79,51,0.16,37,97,0.381,0.36,0.022
2016-17,202325,Wesley Johnson,1610612746,LAC,F,29,65,50,0.292,37,97,0.381,0.342,0.039
2016-17,201585,Kosta Koufos,1610612758,SAC,C,28,71,48,0.168,38,96,0.396,0.364,0.032
2016-17,202337,Luke Babbitt,1610612748,MIA,F,28,65,41,0.22,27,96,0.281,0.353,-0.071
2016-17,203530,Joffrey Lauvergne,1610612741,CHI,C-F,25,66,48,0.27,31,95,0.326,0.356,-0.029
2016-17,1626195,Willy Hernangomez,1610612752,NYK,C,23,72,42,0.147,34,95,0.358,0.368,-0.01
2016-17,203902,Semaj Christon,1610612760,OKC,G,24,61,46,0.323,33,95,0.347,0.348,0
2016-17,201975,Jodie Meeks,1610612753,ORL,G,29,36,34,0.389,36,93,0.387,0.357,0.03
2016-17,202732,DeAndre Liggins,1610612742,DAL,G,29,49,37,0.38,39,93,0.419,0.359,0.06
2016-17,203086,Meyers Leonard,1610612757,POR,F-C,25,73,44,0.166,41,93,0.441,0.352,0.089
2016-17,202389,Timofey Mozgov,1610612747,LAL,C,30,54,40,0.176,30,93,0.323,0.353,-0.031
2016-17,202685,Jonas Valanciunas,1610612761,TOR,C,25,79,46,0.11,36,92,0.391,0.363,0.028
2016-17,202324,Derrick Favors,1610612762,UTA,F-C,25,50,37,0.186,31,92,0.337,0.363,-0.026
2016-17,1627733,Dragan Bender,1610612756,PHX,F,19,39,33,0.36,37,91,0.407,0.354,0.052
2016-17,203138,Hollis Thompson,1610612740,NOP,F,26,40,32,0.396,34,89,0.382,0.367,0.015
2016-17,1626145,Tyus Jones,1610612750,MIN,G,21,49,43,0.459,28,89,0.315,0.36,-0.046
2016-17,200826,J.J. Barea,1610612742,DAL,G,33,34,29,0.431,26,88,0.295,0.353,-0.058
2016-17,202682,Derrick Williams,1610612739,CLE,F,26,46,35,0.326,33,86,0.384,0.36,0.024
2016-17,1627746,Skal Labissiere,1610612758,SAC,F-C,21,30,27,0.298,24,85,0.282,0.338,-0.055
2016-17,1627786,Troy Williams,1610612745,HOU,F,22,25,23,0.444,31,83,0.373,0.363,0.011
2016-17,101123,Gerald Green,1610612738,BOS,F,31,43,34,0.448,27,81,0.333,0.358,-0.024
2016-17,101181,Jose Calderon,1610612737,ATL,G,35,37,32,0.445,28,81,0.346,0.364,-0.018
2016-17,2561,David West,1610612744,GSW,F,36,68,46,0.177,25,81,0.309,0.36,-0.052
2016-17,203457,Nerlens Noel,1610612742,DAL,F-C,23,51,33,0.17,35,81,0.432,0.355,0.077
2016-17,203107,Tomas Satoransky,1610612764,WAS,G-F,25,54,38,0.329,30,81,0.37,0.347,0.023
2016-17,201580,JaVale McGee,1610612744,GSW,C,29,76,45,0.196,23,79,0.291,0.345,-0.054
2016-17,203089,John Henson,1610612749,MIL,C-F,26,58,40,0.158,32,78,0.41,0.368,0.042
2016-17,203469,Cody Zeller,1610612766,CHA,C,24,62,40,0.124,27,78,0.346,0.357,-0.011
2016-17,203994,Jusuf Nurkić,1610612757,POR,C,22,63,38,0.119,27,78,0.346,0.351,-0.005
2016-17,201155,Rodney Stuckey,1610612754,IND,G,31,38,35,0.412,21,77,0.273,0.355,-0.082
2016-17,202722,Davis Bertans,1610612759,SAS,F,24,57,38,0.231,20,77,0.26,0.35,-0.09
2016-17,201150,Spencer Hawes,1610612749,MIL,F-C,29,50,33,0.209,35,76,0.461,0.353,0.108
2016-17,1626158,Richaun Holmes,1610612755,PHI,F,23,57,40,0.145,26,76,0.342,0.351,-0.009
2016-17,2571,Leandro Barbosa,1610612756,PHX,G,34,58,41,0.366,27,75,0.36,0.364,-0.004
2016-17,1626143,Jahlil Okafor,1610612755,PHI,C,21,50,37,0.135,28,74,0.378,0.366,0.013
2016-17,202718,Chandler Parsons,1610612763,MEM,F,28,34,33,0.42,31,73,0.425,0.359,0.066
2016-17,2585,Zaza Pachulia,1610612744,GSW,C,33,70,42,0.127,27,72,0.375,0.362,0.013
2016-17,201977,Marcus Thornton,1610612764,WAS,G-F,30,33,30,0.486,26,72,0.361,0.356,0.005
2016-17,202338,Kevin Seraphin,1610612754,IND,F-C,27,43,30,0.304,30,72,0.417,0.361,0.055
2016-17,203504,Trey Burke,1610612764,WAS,G,24,53,34,0.364,28,71,0.394,0.35,0.044
2016-17,203954,Joel Embiid,1610612755,PHI,C,23,31,26,0.173,27,71,0.38,0.356,0.024
2016-17,203112,Quincy Acy,1610612751,BKN,F,26,36,31,0.313,22,70,0.314,0.359,-0.045
2016-17,202692,Alec Burks,1610612762,UTA,G,25,40,33,0.383,19,69,0.275,0.358,-0.083
2016-17,1627884,Derrick Jones Jr.,1610612756,PHX,F,20,29,24,0.369,21,69,0.304,0.354,-0.05
2016-17,203898,Tyler Ennis,1610612747,LAL,G,22,44,32,0.368,26,68,0.382,0.359,0.023
2016-17,201589,Darrell Arthur,1610612743,DEN,F,29,40,33,0.247,19,68,0.279,0.332,-0.053
2016-17,201956,Omri Casspi,1610612750,MIN,F,29,35,28,0.313,26,68,0.382,0.361,0.021
2016-17,1626172,Kevon Looney,1610612744,GSW,F,21,50,30,0.294,17,67,0.254,0.345,-0.091
2016-17,203909,KJ McDaniels,1610612751,BKN,G-F,24,40,33,0.421,19,67,0.284,0.336,-0.053
2016-17,202700,Donatas Motiejunas,1610612740,NOP,F-C,26,34,26,0.283,18,66,0.273,0.357,-0.084
2016-17,201149,Joakim Noah,1610612752,NYK,C,32,46,32,0.141,26,66,0.394,0.358,0.036
2016-17,2757,Beno Udrih,1610612765,DET,G,34,35,35,0.374,24,65,0.369,0.356,0.013
2016-17,1628021,David Nwaba,1610612747,LAL,G,24,19,19,0.404,19,65,0.292,0.359,-0.066
2016-17,203382,Aron Baynes,1610612765,DET,C-F,30,74,37,0.131,25,65,0.385,0.346,0.039
2016-17,2199,Tyson Chandler,1610612756,PHX,C,34,45,28,0.124,22,64,0.344,0.353,-0.01
2016-17,203477,Isaiah Canaan,1610612741,CHI,G,26,33,28,0.354,22,63,0.349,0.356,-0.007
2016-17,203186,Willie Reed,1610612748,MIA,F-C,27,70,35,0.153,23,63,0.365,0.34,0.025
2016-17,201627,Anthony Morrow,1610612741,CHI,G,31,40,29,0.399,19,63,0.302,0.353,-0.051
2016-17,203493,Reggie Bullock Jr.,1610612765,DET,F,26,27,24,0.453,27,63,0.429,0.36,0.069
2016-17,203080,Thomas Robinson,1610612747,LAL,F,26,45,33,0.285,33,63,0.524,0.35,0.174
2016-17,1626185,Jarell Martin,1610612763,MEM,F,23,41,33,0.305,18,62,0.29,0.351,-0.061
2016-17,1626159,Justise Winslow,1610612748,MIA,F,21,18,17,0.254,20,60,0.333,0.356,-0.023
2016-17,203148,Brian Roberts,1610612766,CHA,G,31,39,31,0.449,23,57,0.404,0.343,0.061
2016-17,1626153,Delon Wright,1610612761,TOR,G,25,26,23,0.41,21,57,0.368,0.35,0.019
2016-17,101138,Brandon Bass,1610612746,LAC,F,32,48,35,0.267,21,56,0.375,0.337,0.038
2016-17,101133,Ian Mahinmi,1610612764,WAS,C,30,31,23,0.197,22,55,0.4,0.36,0.04
2016-17,1626166,Cameron Payne,1610612741,CHI,G,22,30,22,0.377,18,55,0.327,0.365,-0.038
2016-17,1627770,Kay Felder,1610612739,CLE,G,22,35,27,0.439,23,54,0.426,0.329,0.097
2016-17,203526,Raul Neto,1610612762,UTA,G,25,32,26,0.344,14,53,0.264,0.351,-0.087
2016-17,1627748,Thon Maker,1610612749,MIL,F-C,20,51,25,0.185,20,53,0.377,0.367,0.011
2016-17,203894,Shabazz Napier,1610612757,POR,G,25,40,27,0.402,23,53,0.434,0.35,0.084
2016-17,1627735,Wade Baldwin IV,1610612763,MEM,G,21,29,22,0.368,23,53,0.434,0.331,0.103
2016-17,1627852,Nicolas Brussino,1610612742,DAL,F,24,40,28,0.342,25,52,0.481,0.354,0.127
2016-17,203949,James Michael McAdoo,1610612744,GSW,F,24,47,31,0.218,14,52,0.269,0.328,-0.059
2016-17,1627826,Ivica Zubac,1610612747,LAL,C,20,36,24,0.142,12,52,0.231,0.365,-0.135
2016-17,1627855,Okaro White,1610612748,MIA,F,24,32,24,0.279,15,51,0.294,0.347,-0.053
2016-17,202332,Cole Aldrich,1610612750,MIN,C,28,58,29,0.188,15,50,0.3,0.359,-0.059
2016-17,1627761,DeAndre' Bembry,1610612737,ATL,F-G,22,30,23,0.417,15,50,0.3,0.363,-0.063
2016-17,101187,Alan Anderson,1610612746,LAC,F-G,34,29,24,0.481,16,50,0.32,0.349,-0.029
2016-17,202334,Ed Davis,1610612757,POR,F,28,44,26,0.166,23,49,0.469,0.347,0.122
2016-17,1626173,Rashad Vaughn,1610612749,MIL,G,20,34,21,0.329,16,47,0.34,0.356,-0.016
2016-17,1626210,Alan Williams,1610612756,PHX,F-C,24,40,26,0.126,17,47,0.362,0.342,0.02
2016-17,2756,Sasha Vujacic,1610612752,NYK,G,33,32,21,0.367,19,47,0.404,0.368,0.036
2016-17,203895,Jordan McRae,1610612739,CLE,G,26,31,23,0.346,20,47,0.426,0.354,0.072
2016-17,2744,Al Jefferson,1610612754,IND,C,32,63,31,0.134,20,46,0.435,0.342,0.093
2016-17,1626184,Chasson Randle,1610612752,NYK,G,24,24,20,0.374,21,46,0.457,0.362,0.094
2016-17,1718,Paul Pierce,1610612746,LAC,F,39,25,19,0.371,11,46,0.239,0.361,-0.122
2016-17,1626192,Pat Connaughton,1610612757,POR,G-F,24,32,25,0.385,17,45,0.378,0.348,0.03
2016-17,2743,Kris Humphries,1610612737,ATL,F,32,51,26,0.164,12,44,0.273,0.354,-0.082
2016-17,202348,Jordan Crawford,1610612740,NOP,G,28,19,15,0.349,17,44,0.386,0.367,0.019
2016-17,1627767,Cheick Diallo,1610612740,NOP,F,20,15,13,0.454,13,44,0.295,0.347,-0.051
2016-17,202362,Lance Stephenson,1610612754,IND,G,26,17,17,0.5,16,43,0.372,0.362,0.01
2016-17,1626199,Darrun Hilliard,1610612765,DET,G-F,24,28,21,0.365,13,42,0.31,0.357,-0.047
2016-17,1627815,Sheldon Mac,1610612764,WAS,G-F,24,22,16,0.416,15,42,0.357,0.35,0.008
2016-17,201148,Brandan Wright,1610612763,MEM,F,29,26,21,0.23,10,40,0.25,0.349,-0.099
2016-17,1626257,Salah Mejri,1610612742,DAL,C,31,69,28,0.101,23,40,0.575,0.361,0.215
2016-17,1627749,Dejounte Murray,1610612759,SAS,G,20,30,24,0.374,13,40,0.325,0.346,-0.021
2016-17,201962,Toney Douglas,1610612763,MEM,G,31,22,18,0.382,17,39,0.436,0.358,0.077
2016-17,202713,Kyle Singler,1610612760,OKC,F,29,28,20,0.307,9,39,0.231,0.349,-0.119
2016-17,1627781,Malachi Richardson,1610612758,SAC,G,21,20,14,0.549,11,39,0.282,0.36,-0.078
2016-17,1626254,Maurice Ndour,1610612752,NYK,F,25,25,20,0.348,6,39,0.154,0.355,-0.201
2016-17,201582,Alexis Ajinca,1610612740,NOP,C,29,39,19,0.136,11,38,0.289,0.347,-0.058
2016-17,203092,Tyler Zeller,1610612738,BOS,C,27,47,27,0.148,14,37,0.378,0.348,0.03
2016-17,204014,Damjan Rudez,1610612753,ORL,F,31,34,21,0.366,13,37,0.351,0.33,0.022
2016-17,2449,Luis Scola,1610612751,BKN,F,37,34,22,0.205,14,36,0.389,0.337,0.052
2016-17,203462,Archie Goodwin,1610612751,BKN,G,22,15,13,0.417,15,35,0.429,0.326,0.102
2016-17,203094,Andrew Nicholson,1610612751,BKN,F,27,37,19,0.229,10,35,0.286,0.324,-0.038
2016-17,203923,James Young,1610612738,BOS,G-F,21,23,18,0.493,11,35,0.314,0.353,-0.039
2016-17,201579,Roy Hibbert,1610612743,DEN,C,30,46,20,0.119,12,35,0.343,0.334,0.009
2016-17,203118,Mike Scott,1610612737,ATL,F,28,17,16,0.486,15,34,0.441,0.329,0.112
2016-17,203461,Anthony Bennett,1610612751,BKN,F,24,19,16,0.358,10,34,0.294,0.344,-0.049
2016-17,2592,James Jones,1610612739,CLE,G-F,36,36,19,0.27,15,33,0.455,0.339,0.116
2016-17,203101,Miles Plumlee,1610612766,CHA,C,28,41,24,0.151,10,33,0.303,0.351,-0.048
2016-17,1626780,Jonathan Gibson,1610612742,DAL,G,29,15,11,0.427,14,32,0.438,0.365,0.073
2016-17,1627751,Jakob Poeltl,1610612761,TOR,C,21,48,20,0.133,10,31,0.323,0.341,-0.018
2016-17,1627782,Wayne Selden,1610612763,MEM,G,22,12,10,0.437,11,31,0.355,0.339,0.016
2016-17,1626176,Rakeem Christmas,1610612754,IND,F,25,20,16,0.278,11,30,0.367,0.355,0.012
2016-17,201177,Josh McRoberts,1610612748,MIA,F,30,22,14,0.207,11,30,0.367,0.358,0.009
2016-17,1626203,Treveon Graham,1610612766,CHA,G-F,23,23,19,0.446,7,29,0.241,0.352,-0.11
2016-17,1626273,Marcelo Huertas,1610612747,LAL,G,34,22,14,0.33,12,29,0.414,0.354,0.06
2016-17,1627832,Fred VanVleet,1610612761,TOR,G,23,20,15,0.373,8,28,0.286,0.327,-0.041
2016-17,1626148,Anthony Brown,1610612753,ORL,F,24,11,8,0.459,8,28,0.286,0.335,-0.049
2016-17,1627740,Henry Ellenson,1610612765,DET,F,20,17,14,0.452,11,28,0.393,0.347,0.045
2016-17,1897,Metta World Peace,1610612747,LAL,F,37,18,14,0.435,13,27,0.481,0.346,0.135
2016-17,1627362,Briante Weber,1610612766,CHA,G,24,17,14,0.419,11,26,0.423,0.338,0.085
2016-17,1627854,Bryn Forbes,1610612759,SAS,G,23,22,16,0.356,12,26,0.462,0.359,0.103
2016-17,203481,Jeff Withey,1610612762,UTA,C,27,46,20,0.095,10,25,0.4,0.328,0.072
2016-17,1627848,Shawn Long,1610612755,PHI,F,24,17,12,0.186,10,24,0.417,0.348,0.068
2016-17,1627850,Marshall Plumlee,1610612752,NYK,C,24,15,9,0.258,6,24,0.25,0.36,-0.11
2016-17,1627774,Jake Layman,1610612757,POR,F,23,28,15,0.328,6,22,0.273,0.353,-0.081
2016-17,201600,Omer Asik,1610612740,NOP,C,30,31,15,0.097,7,21,0.333,0.378,-0.044
2016-17,2034,Mike Miller,1610612743,DEN,G-F,37,13,11,0.525,9,21,0.429,0.356,0.072
2016-17,1627834,Georgios Papagiannis,1610612758,SAC,C,19,21,12,0.131,6,20,0.3,0.366,-0.066
2016-17,1627738,Deyonta Davis,1610612763,MEM,F,20,27,15,0.211,7,20,0.35,0.326,0.024
2016-17,1626188,Quinn Cook,1610612740,NOP,G,24,10,10,0.432,8,19,0.421,0.363,0.058
2016-17,1627736,Malik Beasley,1610612743,DEN,G,20,14,6,0.365,7,19,0.368,0.349,0.019
2016-17,203940,Adreian Payne,1610612750,MIN,F,26,17,11,0.333,4,19,0.211,0.325,-0.114
2016-17,101106,Andrew Bogut,1610612739,CLE,C,32,27,11,0.084,10,18,0.556,0.369,0.187
2016-17,203527,Ryan Kelly,1610612737,ATL,F,26,14,11,0.346,5,18,0.278,0.342,-0.064
2016-17,1626175,Jordan Mickey,1610612738,BOS,F,22,17,11,0.258,6,17,0.353,0.362,-0.009
2016-17,201628,Bobby Brown,1610612745,HOU,G,32,13,11,0.515,2,17,0.118,0.332,-0.214
2016-17,1626202,Joe Young,1610612754,IND,G,25,21,11,0.386,7,17,0.412,0.35,0.062
2016-17,1627879,Nicolas Laprovittola,1610612759,SAS,G,27,16,9,0.243,7,17,0.412,0.364,0.048
2016-17,203912,C.J. Wilcox,1610612753,ORL,G,26,19,10,0.4,4,16,0.25,0.358,-0.108
2016-17,1627784,Jarrod Uthoff,1610612742,DAL,F,24,7,6,0.429,9,15,0.6,0.331,0.269
2016-17,101179,Ronnie Price,1610612756,PHX,G,34,10,7,0.5,4,15,0.267,0.352,-0.086
2016-17,1627816,Alex Poythress,1610612755,PHI,F,23,6,5,0.389,7,14,0.5,0.34,0.16
2016-17,2760,Anderson Varejao,1610612744,GSW,C,34,13,7,0.25,4,13,0.308,0.321,-0.013
2016-17,1626246,Boban Marjanovic,1610612765,DET,C,28,29,11,0.095,6,12,0.5,0.262,0.239
2016-17,1627780,Gary Payton II,1610612749,MIL,G,24,5,4,0.364,5,12,0.417,0.363,0.054
2016-17,202087,Alonzo Gee,1610612743,DEN,F,30,10,6,0.4,4,12,0.333,0.359,-0.026
2016-17,1627773,AJ Hammons,1610612742,DAL,C,24,17,7,0.19,3,12,0.25,0.341,-0.091
2016-17,1627777,Georges Niang,1610612754,IND,F,24,12,6,0.393,3,11,0.273,0.346,-0.073
2016-17,202130,Reggie Williams,1610612740,NOP,F,30,6,6,0.393,5,11,0.455,0.358,0.097
2016-17,1626174,Christian Wood,1610612766,CHA,F,21,12,6,0.324,0,11,0,0.326,-0.326
2016-17,1626191,Chris McCullough,1610612764,WAS,F,22,12,7,0.324,1,11,0.091,0.367,-0.276
2016-17,202708,Norris Cole,1610612760,OKC,G,28,9,6,0.333,1,11,0.091,0.361,-0.27
2016-17,204067,Jarell Eddie,1610612756,PHX,G-F,25,5,4,0.44,5,11,0.455,0.337,0.118
2016-17,203096,Jared Sullinger,1610612761,TOR,C-F,25,11,7,0.192,5,10,0.5,0.36,0.14
2016-17,201168,Tiago Splitter,1610612755,PHI,C-F,32,8,6,0.256,4,10,0.4,0.349,0.052
2016-17,1627757,Stephen Zimmerman,1610612753,ORL,C,20,17,6,0.158,3,9,0.333,0.313,0.02
2016-17,203510,Pierre Jackson,1610612742,DAL,G,25,6,5,0.375,3,9,0.333,0.343,-0.009
2016-17,203934,Lamar Patterson,1610612737,ATL,G-F,25,5,3,0.45,2,9,0.222,0.353,-0.13
2016-17,2555,Nick Collison,1610612760,OKC,F,36,19,7,0.154,2,8,0.25,0.346,-0.096
2016-17,1627817,Tim Quarterman,1610612757,POR,G,22,12,7,0.308,2,8,0.25,0.319,-0.069
2016-17,1627875,Marcus Georges-Hunt,1610612753,ORL,G,23,4,3,0.438,5,7,0.714,0.334,0.38
2016-17,203998,Bruno Caboclo,1610612761,TOR,F,21,5,3,0.5,1,7,0.143,0.387,-0.244
2016-17,201202,Joel Anthony,1610612759,SAS,C,34,13,4,0.135,4,7,0.571,0.364,0.207
2016-17,1627849,Daniel Ochefu,1610612764,WAS,F,23,10,3,0.188,3,6,0.5,0.368,0.132
2016-17,1627787,Kyle Wiltjer,1610612745,HOU,F,24,11,5,0.3,4,6,0.667,0.328,0.339
2016-17,2365,Chris Andersen,1610612739,CLE,F-C,38,12,5,0.105,2,6,0.333,0.265,0.068
2016-17,200770,Jordan Farmar,1610612758,SAC,G,30,2,1,0.5,2,5,0.4,0.374,0.026
2016-17,1626253,Axel Toupane,1610612740,NOP,G-F,24,4,4,0.455,2,5,0.4,0.319,0.081
2016-17,201941,Jordan Hill,1610612750,MIN,F-C,29,6,3,0.227,1,5,0.2,0.2,0
2016-17,1627745,Damian Jones,1610612744,GSW,C,22,9,5,0.139,2,5,0.4,0.331,0.069
2016-17,203962,Josh Huestis,1610612760,OKC,F,25,2,2,0.313,0,5,0,0.393,-0.393
2016-17,202712,Justin Harper,1610612755,PHI,F,27,3,2,0.222,0,4,0,0.377,-0.377
2016-17,1627762,Joel Bolomboy,1610612762,UTA,F,23,7,4,0.19,2,4,0.5,0.364,0.136
2016-17,1627778,Chinanu Onuaku,1610612745,HOU,F-C,20,5,3,0.154,3,4,0.75,0.388,0.362
2016-17,101127,Jarrett Jack,1610612740,NOP,G,33,2,2,0.308,2,4,0.5,0.389,0.111
2016-17,1627819,Isaiah Taylor,1610612745,HOU,G,22,4,2,0.267,2,4,0.5,0.379,0.121
2016-17,2617,Udonis Haslem,1610612748,MIA,F,37,14,3,0.091,0,4,0,0.275,-0.275
2016-17,1627754,Diamond Stone,1610612746,LAC,C,20,5,3,0.286,3,4,0.75,0.278,0.472
2016-17,1627771,Michael Gbinije,1610612765,DET,G-F,25,4,4,0.333,2,4,0.5,0.3,0.2
2016-17,1627868,Patricio Garino,1610612753,ORL,G-F,24,4,2,0.5,1,4,0.25,0.336,-0.086
2016-17,203948,Johnny O'Bryant III,1610612766,CHA,F-C,24,8,2,0.12,2,3,0.667,0.337,0.329
2016-17,201573,Jerryd Bayless,1610612755,PHI,G,28,3,3,0.176,0,3,0,0.335,-0.335
2016-17,1627861,Mike Tobey,1610612766,CHA,C,22,2,1,0.222,1,2,0.5,0.341,0.16
2016-17,202349,Greivis Vasquez,1610612751,BKN,G,30,3,2,0.2,1,2,0.5,0.38,0.121
2016-17,1627743,Demetrius Jackson,1610612738,BOS,G,22,3,2,0.4,2,2,1,0.368,0.632
2016-17,202390,Gary Neal,1610612737,ATL,G,32,2,1,0.333,0,1,0,0.261,-0.261
2016-17,1627791,Ben Bentil,1610612742,DAL,F,22,2,1,0.25,1,1,1,0.296,0.704
2016-17,202407,Elijah Millsap,1610612756,PHX,G-F,29,2,1,0.111,0,1,0,0.295,-0.295
2016-17,2563,Dahntay Jones,1610612739,CLE,G-F,36,1,1,0.333,1,1,1,0.341,0.659
2016-17,204002,Edy Tavares,1610612739,CLE,C,25,2,1,0.053,0,1,0,0.25,-0.25
2016-17,1626154,RJ Hunter,1610612741,CHI,G,23,2,1,0.5,0,1,0,0.269,-0.269
2016-17,202412,Manny Harris,1610612742,DAL,G,27,3,1,0.2,1,1,1,0.368,0.632
2016-17,203098,John Jenkins,1610612756,PHX,G,26,3,1,0.25,1,1,1,0.385,0.615
2016-17,1627744,Brice Johnson,1610612746,LAC,F,23,3,1,0.125,1,1,1,0.369,0.631
2017-18,201950,Jrue Holiday,1610612740,NOP,G,28,81,81,0.38,166,481,0.345,0.363,-0.018
2017-18,203952,Andrew Wiggins,1610612750,MIN,F,23,82,82,0.388,154,426,0.362,0.361,0
2017-18,201152,Thaddeus Young,1610612754,IND,F,30,81,80,0.369,149,411,0.363,0.364,-0.001
2017-18,203078,Bradley Beal,1610612764,WAS,G,25,82,80,0.408,151,410,0.368,0.362,0.006
2017-18,203076,Anthony Davis,1610612740,NOP,F-C,25,75,72,0.298,130,409,0.318,0.364,-0.046
2017-18,203506,Victor Oladipo,1610612754,IND,G,26,75,75,0.442,149,407,0.366,0.367,0
2017-18,202689,Kemba Walker,1610612766,CHA,G,28,79,77,0.345,138,402,0.343,0.362,-0.019
2017-18,201959,Taj Gibson,1610612750,MIN,F,33,82,82,0.344,145,389,0.373,0.361,0.012
2017-18,202699,Tobias Harris,1610612746,LAC,F,25,80,80,0.346,139,382,0.364,0.359,0.004
2017-18,202331,Paul George,1610612760,OKC,F,28,78,78,0.373,153,378,0.405,0.369,0.036
2017-18,2544,LeBron James,1610612739,CLE,F-G,33,82,78,0.383,148,373,0.397,0.361,0.036
2017-18,203114,Khris Middleton,1610612749,MIL,F,26,81,81,0.373,142,366,0.388,0.361,0.027
2017-18,1627732,Ben Simmons,1610612755,PHI,G-F,21,80,77,0.376,109,360,0.303,0.361,-0.058
2017-18,1628415,Dillon Brooks,1610612763,MEM,F-G,22,82,79,0.374,140,349,0.401,0.364,0.038
2017-18,1628368,De'Aaron Fox,1610612758,SAC,G,20,72,72,0.453,129,341,0.378,0.354,0.025
2017-18,201935,James Harden,1610612745,HOU,G,28,71,71,0.346,124,339,0.366,0.363,0.003
2017-18,2546,Carmelo Anthony,1610612760,OKC,F,34,76,74,0.365,102,334,0.305,0.363,-0.058
2017-18,1627733,Dragan Bender,1610612756,PHX,F,20,82,79,0.322,120,334,0.359,0.362,-0.003
2017-18,203110,Draymond Green,1610612744,GSW,F,28,70,68,0.321,118,333,0.354,0.358,-0.003
2017-18,201933,Blake Griffin,1610612765,DET,F,29,58,56,0.364,101,319,0.317,0.364,-0.048
2017-18,202709,Cory Joseph,1610612754,IND,G,26,82,82,0.382,109,319,0.342,0.36,-0.019
2017-18,1626161,Willie Cauley-Stein,1610612758,SAC,C,24,73,71,0.359,115,318,0.362,0.358,0.004
2017-18,203500,Steven Adams,1610612760,OKC,C,24,75,74,0.244,114,318,0.358,0.36,-0.001
2017-18,203999,Nikola Jokić,1610612743,DEN,C,23,75,74,0.225,118,318,0.371,0.36,0.011
2017-18,201142,Kevin Durant,1610612744,GSW,F,29,68,68,0.369,119,318,0.374,0.357,0.017
2017-18,203200,Justin Holiday,1610612741,CHI,G-F,29,72,69,0.379,112,314,0.357,0.372,-0.015
2017-18,1626157,Karl-Anthony Towns,1610612750,MIN,C,22,82,80,0.213,124,314,0.395,0.362,0.033
2017-18,2747,JR Smith,1610612739,CLE,G-F,32,80,77,0.4,112,314,0.357,0.369,-0.012
2017-18,1627756,Denzel Valentine,1610612741,CHI,F,24,77,75,0.442,113,309,0.366,0.361,0.005
2017-18,203084,Harrison Barnes,1610612742,DAL,F,26,77,76,0.37,109,308,0.354,0.355,-0.001
2017-18,203087,Jeremy Lamb,1610612766,CHA,G,26,79,78,0.436,117,308,0.38,0.365,0.015
2017-18,203496,Robert Covington,1610612755,PHI,F,27,79,79,0.333,108,305,0.354,0.364,-0.01
2017-18,203967,Dario Saric,1610612755,PHI,F,24,76,75,0.321,104,302,0.344,0.364,-0.02
2017-18,203507,Giannis Antetokounmpo,1610612749,MIL,F,23,74,72,0.332,104,301,0.346,0.365,-0.02
2017-18,1628372,Dennis Smith Jr.,1610612742,DAL,G,20,69,66,0.411,107,301,0.355,0.362,-0.006
2017-18,1627752,Taurean Prince,1610612737,ATL,F,24,81,76,0.344,103,300,0.343,0.364,-0.02
2017-18,203944,Julius Randle,1610612747,LAL,F-C,23,82,79,0.296,104,296,0.351,0.363,-0.012
2017-18,1627750,Jamal Murray,1610612743,DEN,G,21,81,77,0.322,115,295,0.39,0.361,0.028
2017-18,203468,CJ McCollum,1610612757,POR,G,26,80,78,0.316,113,294,0.384,0.37,0.015
2017-18,202339,Eric Bledsoe,1610612749,MIL,G,28,74,72,0.351,114,294,0.388,0.364,0.024
2017-18,201143,Al Horford,1610612738,BOS,F-C,32,69,69,0.245,89,292,0.305,0.363,-0.058
2017-18,201163,Wilson Chandler,1610612743,DEN,F,31,74,74,0.379,110,288,0.382,0.363,0.019
2017-18,1626196,Josh Richardson,1610612748,MIA,F,24,80,74,0.312,111,288,0.385,0.368,0.017
2017-18,200746,LaMarcus Aldridge,1610612759,SAS,F,32,75,72,0.235,111,287,0.387,0.36,0.026
2017-18,1626163,Frank Kaminsky,1610612766,CHA,F-C,25,79,74,0.353,122,287,0.425,0.368,0.057
2017-18,200768,Kyle Lowry,1610612761,TOR,G,32,78,77,0.31,96,286,0.336,0.365,-0.029
2017-18,101150,Lou Williams,1610612746,LAC,G,31,79,75,0.38,95,286,0.332,0.361,-0.029
2017-18,202711,Bojan Bogdanovic,1610612754,IND,F-G,29,80,71,0.336,109,285,0.382,0.358,0.025
2017-18,201599,DeAndre Jordan,1610612746,LAC,C,29,77,75,0.233,103,284,0.363,0.357,0.005
2017-18,201566,Russell Westbrook,1610612760,OKC,G,29,78,75,0.355,105,282,0.372,0.365,0.008
2017-18,203471,Dennis Schröder,1610612737,ATL,G,24,66,64,0.373,111,281,0.395,0.366,0.029
2017-18,1628021,David Nwaba,1610612741,CHI,F,25,70,68,0.426,103,281,0.367,0.364,0.003
2017-18,204001,Kristaps Porziņģis,1610612752,NYK,F-C,22,47,47,0.369,103,280,0.368,0.36,0.008
2017-18,200782,P.J. Tucker,1610612745,HOU,F,33,81,78,0.338,102,280,0.364,0.358,0.006
2017-18,204060,Joe Ingles,1610612762,UTA,F,30,81,77,0.333,104,278,0.374,0.364,0.01
2017-18,2730,Dwight Howard,1610612766,CHA,C,32,80,73,0.221,115,276,0.417,0.361,0.056
2017-18,203115,Will Barton,1610612743,DEN,F-G,27,81,76,0.349,101,276,0.366,0.365,0.001
2017-18,201952,Jeff Teague,1610612750,MIN,G,30,70,69,0.352,105,276,0.38,0.361,0.02
2017-18,1628398,Kyle Kuzma,1610612747,LAL,F,22,77,75,0.324,95,276,0.344,0.362,-0.018
2017-18,202691,Klay Thompson,1610612744,GSW,G,28,73,73,0.332,98,275,0.356,0.364,-0.007
2017-18,1627741,Buddy Hield,1610612758,SAC,G,25,80,79,0.361,94,275,0.342,0.364,-0.022
2017-18,1628378,Donovan Mitchell,1610612762,UTA,G,21,78,72,0.347,92,272,0.338,0.364,-0.025
2017-18,201145,Jeff Green,1610612739,CLE,F,31,78,74,0.346,89,271,0.328,0.357,-0.029
2017-18,1626162,Kelly Oubre Jr.,1610612764,WAS,F,22,81,79,0.37,101,270,0.374,0.362,0.012
2017-18,1627742,Brandon Ingram,1610612747,LAL,F-G,20,59,58,0.399,83,268,0.31,0.359,-0.049
2017-18,202397,Ish Smith,1610612765,DET,G,29,82,75,0.338,90,268,0.336,0.36,-0.024
2017-18,203109,Jae Crowder,1610612762,UTA,F,27,80,76,0.345,104,266,0.391,0.364,0.027
2017-18,203081,Damian Lillard,1610612757,POR,G,27,73,70,0.336,101,264,0.383,0.358,0.024
2017-18,203501,Tim Hardaway Jr.,1610612752,NYK,F-G,26,57,57,0.403,99,262,0.378,0.368,0.009
2017-18,203992,Bogdan Bogdanović,1610612758,SAC,G,25,78,71,0.392,109,261,0.418,0.364,0.054
2017-18,1627759,Jaylen Brown,1610612738,BOS,G-F,21,67,67,0.38,83,261,0.318,0.367,-0.049
2017-18,203991,Clint Capela,1610612745,HOU,C,24,73,71,0.218,103,260,0.396,0.367,0.03
2017-18,1627812,Yogi Ferrell,1610612742,DAL,G,25,82,78,0.344,91,258,0.353,0.356,-0.004
2017-18,201584,Courtney Lee,1610612752,NYK,G,32,75,72,0.366,92,256,0.359,0.366,-0.007
2017-18,203939,Dwight Powell,1610612742,DAL,C-F,26,78,73,0.345,96,256,0.375,0.362,0.013
2017-18,201954,Darren Collison,1610612754,IND,G,30,69,67,0.401,95,254,0.374,0.358,0.016
2017-18,202693,Markieff Morris,1610612764,WAS,F,28,73,67,0.314,91,252,0.361,0.365,-0.004
2017-18,203077,Michael Kidd-Gilchrist,1610612766,CHA,F,24,73,68,0.337,100,251,0.398,0.365,0.034
2017-18,202329,Al-Farouq Aminu,1610612757,POR,F,27,69,68,0.291,76,251,0.303,0.362,-0.059
2017-18,201949,James Johnson,1610612748,MIA,F,31,71,67,0.347,88,250,0.352,0.362,-0.01
2017-18,201188,Marc Gasol,1610612763,MEM,C,33,73,71,0.226,88,250,0.352,0.368,-0.016
2017-18,1626170,Jerian Grant,1610612741,CHI,G,25,73,68,0.423,96,250,0.384,0.366,0.018
2017-18,202323,Evan Turner,1610612757,POR,F-G,29,79,76,0.332,93,249,0.373,0.364,0.009
2017-18,201586,Serge Ibaka,1610612761,TOR,F-C,28,76,74,0.289,94,249,0.378,0.359,0.019
2017-18,201937,Ricky Rubio,1610612762,UTA,G,27,76,71,0.315,96,249,0.386,0.356,0.029
2017-18,203484,Kentavious Caldwell-Pope,1610612747,LAL,G,25,73,71,0.295,88,247,0.356,0.366,-0.009
2017-18,202710,Jimmy Butler III,1610612750,MIN,G,28,59,58,0.362,82,245,0.335,0.359,-0.024
2017-18,201229,Anthony Tolliver,1610612765,DET,F,33,79,75,0.332,81,245,0.331,0.357,-0.026
2017-18,203994,Jusuf Nurkić,1610612757,POR,C,23,79,72,0.189,87,245,0.355,0.36,-0.005
2017-18,203490,Otto Porter Jr.,1610612764,WAS,F,25,76,71,0.321,87,244,0.357,0.366,-0.009
2017-18,1628369,Jayson Tatum,1610612738,BOS,F,20,77,71,0.379,85,241,0.353,0.368,-0.015
2017-18,203083,Andre Drummond,1610612765,DET,C,24,78,72,0.196,100,241,0.415,0.357,0.058
2017-18,201980,Danny Green,1610612759,SAS,G-F,31,70,70,0.307,83,237,0.35,0.367,-0.017
2017-18,1628367,Josh Jackson,1610612756,PHX,G-F,21,77,74,0.328,92,237,0.388,0.366,0.023
2017-18,1626159,Justise Winslow,1610612748,MIA,F-G,22,67,63,0.353,70,234,0.299,0.359,-0.06
2017-18,1627739,Kris Dunn,1610612741,CHI,G,24,52,50,0.399,85,233,0.365,0.362,0.003
2017-18,202324,Derrick Favors,1610612762,UTA,F-C,26,76,69,0.231,84,233,0.361,0.359,0.002
2017-18,1717,Dirk Nowitzki,1610612742,DAL,C-F,40,77,71,0.242,87,232,0.375,0.358,0.017
2017-18,1626179,Terry Rozier,1610612738,BOS,G,24,77,74,0.346,80,232,0.345,0.367,-0.022
2017-18,203914,Gary Harris,1610612743,DEN,G,23,67,65,0.387,82,231,0.355,0.374,-0.019
2017-18,201961,Wayne Ellington,1610612748,MIA,G,30,76,70,0.398,91,230,0.396,0.364,0.032
2017-18,1627747,Caris LeVert,1610612751,BKN,G-F,23,69,64,0.33,88,229,0.384,0.367,0.017
2017-18,201563,Michael Beasley,1610612752,NYK,F,29,71,63,0.375,97,229,0.424,0.364,0.059
2017-18,201158,Marco Belinelli,1610612755,PHI,G-F,32,79,74,0.403,79,229,0.345,0.357,-0.012
2017-18,1626164,Devin Booker,1610612756,PHX,G,21,54,52,0.364,86,229,0.376,0.361,0.015
2017-18,1627749,Dejounte Murray,1610612759,SAS,G,21,79,73,0.336,90,229,0.393,0.358,0.035
2017-18,201588,George Hill,1610612739,CLE,G,32,67,64,0.396,79,229,0.345,0.365,-0.02
2017-18,203954,Joel Embiid,1610612755,PHI,C,24,62,59,0.203,74,229,0.323,0.364,-0.041
2017-18,101107,Marvin Williams,1610612766,CHA,F,32,77,74,0.311,69,228,0.303,0.361,-0.059
2017-18,202083,Wesley Matthews,1610612742,DAL,G-F,31,63,62,0.375,79,228,0.346,0.368,-0.022
2017-18,203901,Elfrid Payton,1610612756,PHX,G,24,63,60,0.32,86,227,0.379,0.367,0.012
2017-18,203613,Jonathon Simmons,1610612753,ORL,F,28,68,63,0.356,87,226,0.385,0.369,0.016
2017-18,202066,Garrett Temple,1610612758,SAC,F-G,32,65,60,0.411,84,225,0.373,0.366,0.008
2017-18,101162,Marcin Gortat,1610612764,WAS,C,34,82,68,0.202,83,225,0.369,0.362,0.007
2017-18,2594,Kyle Korver,1610612739,CLE,G,37,73,69,0.369,80,225,0.356,0.366,-0.011
2017-18,203482,Kelly Olynyk,1610612748,MIA,F-C,27,75,69,0.259,82,225,0.364,0.366,-0.001
2017-18,201569,Eric Gordon,1610612745,HOU,G,29,68,65,0.371,66,224,0.295,0.361,-0.067
2017-18,201572,Brook Lopez,1610612747,LAL,C,30,74,65,0.216,81,222,0.365,0.354,0.011
2017-18,202734,E'Twaun Moore,1610612740,NOP,F-G,29,82,74,0.281,90,222,0.405,0.365,0.041
2017-18,204020,Tyler Johnson,1610612748,MIA,G,26,71,67,0.309,78,221,0.353,0.361,-0.008
2017-18,1626209,Mario Hezonja,1610612753,ORL,F-G,23,73,67,0.335,78,221,0.353,0.358,-0.005
2017-18,201960,DeMarre Carroll,1610612751,BKN,F,31,71,67,0.277,81,220,0.368,0.369,-0.001
2017-18,1628381,John Collins,1610612737,ATL,F-C,20,73,64,0.238,80,220,0.364,0.357,0.007
2017-18,203121,Darius Miller,1610612740,NOP,F,28,80,69,0.35,75,219,0.342,0.357,-0.015
2017-18,203933,T.J. Warren,1610612756,PHX,F,24,65,62,0.369,79,219,0.361,0.366,-0.005
2017-18,101127,Jarrett Jack,1610612752,NYK,G,34,61,57,0.386,85,218,0.39,0.364,0.026
2017-18,203915,Spencer Dinwiddie,1610612751,BKN,G,25,78,74,0.28,86,217,0.396,0.363,0.033
2017-18,1626169,Stanley Johnson,1610612765,DET,F,22,69,66,0.355,79,217,0.364,0.359,0.005
2017-18,202703,Nikola Mirotic,1610612740,NOP,F,27,55,55,0.321,72,216,0.333,0.362,-0.029
2017-18,1626185,Jarell Martin,1610612763,MEM,F,24,72,64,0.334,72,216,0.333,0.362,-0.029
2017-18,202326,DeMarcus Cousins,1610612740,NOP,C,27,48,48,0.226,83,212,0.392,0.361,0.031
2017-18,2772,Trevor Ariza,1610612745,HOU,F-G,33,65,59,0.339,64,212,0.302,0.365,-0.063
2017-18,203493,Reggie Bullock Jr.,1610612765,DET,G-F,27,61,56,0.38,65,211,0.308,0.369,-0.061
2017-18,203473,Dewayne Dedmon,1610612737,ATL,C,28,61,55,0.285,71,210,0.338,0.357,-0.019
2017-18,203503,Tony Snell,1610612749,MIL,G,26,74,68,0.309,78,210,0.371,0.361,0.011
2017-18,203085,Austin Rivers,1610612746,LAC,G,25,61,61,0.317,71,208,0.341,0.365,-0.024
2017-18,203903,Jordan Clarkson,1610612739,CLE,G,26,81,72,0.324,75,208,0.361,0.361,-0.001
2017-18,1628366,Lonzo Ball,1610612747,LAL,G,20,52,51,0.311,62,208,0.298,0.364,-0.066
2017-18,1627737,Marquese Chriss,1610612756,PHX,F,20,72,63,0.298,77,208,0.37,0.356,0.014
2017-18,101108,Chris Paul,1610612745,HOU,G,33,57,55,0.318,65,207,0.314,0.363,-0.049
2017-18,201988,Patty Mills,1610612759,SAS,G,29,82,71,0.321,70,207,0.338,0.362,-0.023
2017-18,2548,Dwyane Wade,1610612748,MIA,G,36,67,63,0.4,68,207,0.329,0.356,-0.027
2017-18,203089,John Henson,1610612749,MIL,C,27,75,68,0.202,79,207,0.382,0.357,0.025
2017-18,203145,Kent Bazemore,1610612737,ATL,G,28,64,59,0.341,87,206,0.422,0.361,0.062
2017-18,2216,Zach Randolph,1610612758,SAC,F,36,59,54,0.299,79,206,0.383,0.36,0.023
2017-18,203107,Tomas Satoransky,1610612764,WAS,G-F,26,70,63,0.352,59,203,0.291,0.356,-0.065
2017-18,202362,Lance Stephenson,1610612754,IND,G,27,81,75,0.443,67,202,0.332,0.359,-0.028
2017-18,1628404,Josh Hart,1610612747,LAL,G,23,63,56,0.323,70,202,0.347,0.36,-0.014
2017-18,203935,Marcus Smart,1610612738,BOS,G,24,51,49,0.423,64,200,0.32,0.361,-0.041
2017-18,1627746,Skal Labissiere,1610612758,SAC,F-C,22,59,55,0.358,83,200,0.415,0.356,0.059
2017-18,1626167,Myles Turner,1610612754,IND,C,22,65,59,0.193,69,199,0.347,0.364,-0.017
2017-18,1628374,Lauri Markkanen,1610612741,CHI,F,21,68,66,0.259,86,199,0.432,0.374,0.058
2017-18,203926,Doug McDermott,1610612742,DAL,F,26,78,71,0.381,62,199,0.312,0.366,-0.055
2017-18,200755,JJ Redick,1610612755,PHI,G-F,34,69,65,0.345,70,199,0.352,0.369,-0.018
2017-18,202325,Wesley Johnson,1610612746,LAC,F-G,30,71,65,0.355,76,198,0.384,0.37,0.014
2017-18,203210,JaMychal Green,1610612763,MEM,F,28,55,54,0.366,78,198,0.394,0.365,0.029
2017-18,200826,J.J. Barea,1610612742,DAL,G,34,69,63,0.36,83,197,0.421,0.359,0.063
2017-18,202683,Enes Freedom,1610612752,NYK,C,26,70,64,0.2,82,197,0.416,0.363,0.054
2017-18,201936,Tyreke Evans,1610612763,MEM,G-F,28,52,50,0.439,67,197,0.34,0.356,-0.016
2017-18,2738,Andre Iguodala,1610612744,GSW,F-G,34,64,62,0.344,55,195,0.282,0.357,-0.075
2017-18,203095,Evan Fournier,1610612753,ORL,G-F,25,56,54,0.33,73,195,0.374,0.365,0.009
2017-18,203497,Rudy Gobert,1610612762,UTA,C,26,55,52,0.179,76,195,0.39,0.36,0.03
2017-18,1626149,Montrezl Harrell,1610612746,LAC,F-C,24,74,67,0.296,66,194,0.34,0.352,-0.012
2017-18,101141,Ersan Ilyasova,1610612755,PHI,F,31,69,65,0.269,79,193,0.409,0.357,0.053
2017-18,203476,Gorgui Dieng,1610612750,MIN,C,28,79,72,0.277,68,193,0.352,0.354,-0.002
2017-18,203584,Troy Daniels,1610612756,PHX,G,26,77,65,0.354,78,193,0.404,0.359,0.045
2017-18,201942,DeMar DeRozan,1610612761,TOR,G,28,80,70,0.297,71,192,0.37,0.368,0.002
2017-18,201601,Luc Mbah a Moute,1610612745,HOU,F,31,60,59,0.338,64,192,0.333,0.363,-0.03
2017-18,204456,T.J. McConnell,1610612755,PHI,G,26,75,66,0.309,62,191,0.325,0.363,-0.038
2017-18,201571,D.J. Augustin,1610612753,ORL,G,30,74,62,0.334,67,190,0.353,0.355,-0.002
2017-18,203486,Mason Plumlee,1610612743,DEN,C-F,28,74,64,0.233,81,190,0.426,0.345,0.081
2017-18,200765,Rajon Rondo,1610612740,NOP,G,32,64,62,0.35,69,190,0.363,0.361,0.003
2017-18,202357,Nemanja Bjelica,1610612750,MIN,F,30,66,57,0.332,59,189,0.312,0.365,-0.053
2017-18,203925,Joe Harris,1610612751,BKN,F-G,26,77,69,0.308,66,189,0.349,0.365,-0.016
2017-18,1626145,Tyus Jones,1610612750,MIN,G,22,82,71,0.343,64,188,0.34,0.353,-0.013
2017-18,1627783,Pascal Siakam,1610612761,TOR,F,24,81,72,0.282,67,187,0.358,0.361,-0.003
2017-18,203459,Allen Crabbe,1610612751,BKN,G-F,26,73,66,0.288,62,187,0.332,0.369,-0.037
2017-18,203924,Jerami Grant,1610612760,OKC,F,24,80,68,0.293,68,187,0.364,0.362,0.002
2017-18,201567,Kevin Love,1610612739,CLE,C-F,29,59,53,0.24,80,186,0.43,0.372,0.058
2017-18,201587,Nicolas Batum,1610612766,CHA,G-F,29,64,62,0.346,81,186,0.435,0.367,0.068
2017-18,1628373,Frank Ntilikina,1610612752,NYK,G,19,77,65,0.33,65,185,0.351,0.359,-0.007
2017-18,1627734,Domantas Sabonis,1610612754,IND,C-F,22,74,68,0.208,64,183,0.35,0.363,-0.013
2017-18,203894,Shabazz Napier,1610612757,POR,G,26,73,62,0.309,64,183,0.35,0.359,-0.01
2017-18,203516,James Ennis III,1610612765,DET,F,27,72,66,0.355,58,182,0.319,0.368,-0.05
2017-18,1627755,Tyler Ulis,1610612756,PHX,G,22,70,60,0.324,68,181,0.376,0.362,0.014
2017-18,1628379,Luke Kennard,1610612765,DET,G,22,72,62,0.367,62,180,0.344,0.359,-0.015
2017-18,201577,Robin Lopez,1610612741,CHI,C,30,64,59,0.186,62,180,0.344,0.368,-0.024
2017-18,202696,Nikola Vučević,1610612753,ORL,C,27,56,51,0.187,65,179,0.363,0.354,0.009
2017-18,1626150,Andrew Harrison,1610612763,MEM,G,23,56,53,0.371,67,178,0.376,0.361,0.015
2017-18,1628384,OG Anunoby,1610612761,TOR,F,20,74,62,0.341,61,178,0.343,0.363,-0.02
2017-18,201939,Stephen Curry,1610612744,GSW,G,30,51,49,0.335,65,176,0.369,0.359,0.01
2017-18,1628414,Sindarius Thornwell,1610612746,LAC,G,23,65,57,0.367,58,175,0.331,0.361,-0.029
2017-18,2207,Joe Johnson,1610612745,HOU,G-F,37,55,52,0.393,59,174,0.339,0.36,-0.02
2017-18,203932,Aaron Gordon,1610612753,ORL,F,22,57,54,0.254,54,174,0.31,0.361,-0.05
2017-18,2200,Pau Gasol,1610612759,SAS,C,37,77,67,0.177,71,173,0.41,0.364,0.047
2017-18,1626204,Larry Nance Jr.,1610612739,CLE,F,25,66,62,0.256,57,173,0.329,0.362,-0.032
2017-18,202681,Kyrie Irving,1610612738,BOS,G,26,56,54,0.297,64,172,0.372,0.368,0.004
2017-18,202714,Shelvin Mack,1610612753,ORL,G,28,64,57,0.34,68,172,0.395,0.35,0.046
2017-18,202344,Trevor Booker,1610612754,IND,F,30,67,58,0.344,54,172,0.314,0.356,-0.042
2017-18,1626192,Pat Connaughton,1610612757,POR,G-F,25,82,73,0.33,62,171,0.363,0.365,-0.002
2017-18,202685,Jonas Valanciunas,1610612761,TOR,C,26,77,64,0.15,70,170,0.412,0.361,0.051
2017-18,203937,Kyle Anderson,1610612759,SAS,F,24,74,66,0.29,57,170,0.335,0.362,-0.027
2017-18,1626178,Rondae Hollis-Jefferson,1610612751,BKN,F,23,66,58,0.217,62,169,0.367,0.366,0.001
2017-18,200752,Rudy Gay,1610612759,SAS,F,31,57,54,0.362,57,167,0.341,0.362,-0.021
2017-18,201596,Mario Chalmers,1610612763,MEM,G,32,66,60,0.382,50,167,0.299,0.36,-0.06
2017-18,201583,Ryan Anderson,1610612745,HOU,F,30,64,56,0.268,62,166,0.373,0.361,0.012
2017-18,1626171,Bobby Portis Jr.,1610612741,CHI,F,23,73,64,0.282,61,166,0.367,0.364,0.003
2017-18,203488,Mike Muscala,1610612737,ATL,F-C,26,53,49,0.304,58,165,0.352,0.359,-0.007
2017-18,1628467,Maxi Kleber,1610612742,DAL,F,26,67,56,0.288,60,164,0.366,0.354,0.012
2017-18,202704,Reggie Jackson,1610612765,DET,G,28,45,44,0.397,60,164,0.366,0.37,-0.004
2017-18,202340,Avery Bradley,1610612746,LAC,G,27,46,46,0.383,68,162,0.42,0.367,0.053
2017-18,1627832,Fred VanVleet,1610612761,TOR,G,24,76,68,0.289,53,162,0.327,0.354,-0.027
2017-18,201609,Goran Dragic,1610612748,MIA,G,32,74,65,0.239,56,162,0.346,0.365,-0.019
2017-18,203382,Aron Baynes,1610612738,BOS,C,31,78,66,0.194,42,162,0.259,0.365,-0.106
2017-18,201967,Dante Cunningham,1610612751,BKN,F,31,73,66,0.243,66,162,0.407,0.367,0.041
2017-18,203124,Kyle O'Quinn,1610612752,NYK,C-F,28,76,65,0.216,61,162,0.377,0.361,0.015
2017-18,202694,Marcus Morris Sr.,1610612738,BOS,F,28,52,48,0.334,54,160,0.338,0.358,-0.021
2017-18,1626168,Trey Lyles,1610612743,DEN,F,22,66,54,0.285,55,159,0.346,0.343,0.003
2017-18,203112,Quincy Acy,1610612751,BKN,F,27,67,61,0.265,54,158,0.342,0.356,-0.015
2017-18,200794,Paul Millsap,1610612743,DEN,F,33,38,36,0.278,55,157,0.35,0.361,-0.011
2017-18,2734,Devin Harris,1610612743,DEN,G,35,71,68,0.369,65,157,0.414,0.362,0.052
2017-18,202322,John Wall,1610612764,WAS,G,27,41,40,0.308,50,156,0.321,0.364,-0.043
2017-18,203090,Maurice Harkless,1610612757,POR,F,25,58,52,0.372,56,156,0.359,0.366,-0.007
2017-18,1627854,Bryn Forbes,1610612759,SAS,G,24,78,65,0.324,47,155,0.303,0.362,-0.058
2017-18,1628382,Justin Jackson,1610612758,SAC,F,23,67,60,0.348,55,155,0.355,0.363,-0.009
2017-18,202498,Lance Thomas,1610612752,NYK,F,30,68,61,0.392,41,155,0.265,0.359,-0.095
2017-18,1627751,Jakob Poeltl,1610612761,TOR,C,22,82,64,0.167,63,155,0.406,0.36,0.047
2017-18,203918,Rodney Hood,1610612739,CLE,G,25,60,54,0.347,63,155,0.406,0.363,0.043
2017-18,203118,Mike Scott,1610612764,WAS,F,29,76,61,0.315,46,154,0.299,0.361,-0.062
2017-18,201156,Nick Young,1610612744,GSW,G-F,33,80,67,0.342,59,154,0.383,0.35,0.033
2017-18,202684,Tristan Thompson,1610612739,CLE,C-F,27,53,50,0.27,62,154,0.403,0.366,0.037
2017-18,1628389,Bam Adebayo,1610612748,MIA,C-F,20,67,55,0.262,55,150,0.367,0.361,0.006
2017-18,203518,Alex Abrines,1610612760,OKC,G,24,65,53,0.393,67,149,0.45,0.361,0.089
2017-18,1628400,Semi Ojeleye,1610612738,BOS,F,23,67,55,0.351,49,148,0.331,0.356,-0.025
2017-18,101109,Raymond Felton,1610612760,OKC,G,34,80,62,0.327,48,147,0.327,0.353,-0.027
2017-18,201585,Kosta Koufos,1610612758,SAC,C,29,71,64,0.226,50,146,0.342,0.354,-0.012
2017-18,1626144,Emmanuel Mudiay,1610612752,NYK,G,22,61,51,0.354,64,146,0.438,0.363,0.075
2017-18,203458,Alex Len,1610612756,PHX,C,25,69,55,0.178,56,146,0.384,0.354,0.03
2017-18,1626245,Cristiano Felicio,1610612741,CHI,C-F,25,54,48,0.315,54,145,0.372,0.357,0.016
2017-18,202355,Hassan Whiteside,1610612748,MIA,C,29,54,51,0.194,59,144,0.41,0.36,0.05
2017-18,2561,David West,1610612744,GSW,F,37,73,64,0.25,47,143,0.329,0.358,-0.03
2017-18,202722,Davis Bertans,1610612759,SAS,C-F,25,68,49,0.297,38,142,0.268,0.349,-0.081
2017-18,202335,Patrick Patterson,1610612760,OKC,F,29,79,68,0.287,54,142,0.38,0.358,0.022
2017-18,203546,Ian Clark,1610612740,NOP,G,27,72,55,0.326,39,141,0.277,0.362,-0.085
2017-18,1627819,Isaiah Taylor,1610612737,ATL,G,23,64,58,0.378,53,141,0.376,0.357,0.019
2017-18,202687,Bismack Biyombo,1610612753,ORL,C,25,81,64,0.184,57,140,0.407,0.369,0.038
2017-18,1713,Vince Carter,1610612758,SAC,G-F,41,57,53,0.423,65,140,0.464,0.355,0.109
2017-18,1628395,Jordan Bell,1610612744,GSW,C-F,23,56,43,0.281,51,137,0.372,0.361,0.011
2017-18,203460,Andre Roberson,1610612760,OKC,G,26,37,36,0.363,46,136,0.338,0.365,-0.027
2017-18,1628462,Milos Teodosic,1610612746,LAC,G,31,45,42,0.304,52,136,0.382,0.358,0.024
2017-18,2037,Jamal Crawford,1610612750,MIN,G,38,75,62,0.401,57,134,0.425,0.359,0.066
2017-18,2749,Jameer Nelson,1610612765,DET,G,36,50,44,0.381,39,134,0.291,0.358,-0.067
2017-18,1628386,Jarrett Allen,1610612751,BKN,C,20,70,58,0.151,47,134,0.351,0.367,-0.016
2017-18,203463,Ben McLemore,1610612763,MEM,G,25,56,49,0.36,53,133,0.398,0.361,0.037
2017-18,1628380,Zach Collins,1610612757,POR,C-F,20,64,53,0.282,54,133,0.406,0.365,0.041
2017-18,1626172,Kevon Looney,1610612744,GSW,F,22,62,48,0.272,46,132,0.348,0.354,-0.005
2017-18,204025,Tim Frazier,1610612764,WAS,G,27,56,46,0.416,52,132,0.394,0.348,0.046
2017-18,1627763,Malcolm Brogdon,1610612749,MIL,G,25,47,43,0.29,51,132,0.386,0.363,0.024
2017-18,101133,Ian Mahinmi,1610612764,WAS,C,31,77,59,0.23,50,132,0.379,0.359,0.02
2017-18,1626220,Royce O'Neale,1610612762,UTA,F,25,62,54,0.333,40,131,0.305,0.362,-0.057
2017-18,202334,Ed Davis,1610612757,POR,F-C,29,78,62,0.179,53,130,0.408,0.36,0.048
2017-18,1626153,Delon Wright,1610612761,TOR,G,26,69,57,0.267,38,130,0.292,0.36,-0.068
2017-18,2585,Zaza Pachulia,1610612744,GSW,C,34,69,55,0.211,49,129,0.38,0.358,0.022
2017-18,101139,CJ Miles,1610612761,TOR,F-G,31,70,63,0.37,45,129,0.349,0.358,-0.009
2017-18,1628411,Wes Iwundu,1610612753,ORL,F,23,59,50,0.371,38,128,0.297,0.361,-0.064
2017-18,2733,Shaun Livingston,1610612744,GSW,G,32,70,61,0.313,42,126,0.333,0.357,-0.024
2017-18,1627748,Thon Maker,1610612749,MIL,C-F,21,71,57,0.182,50,125,0.4,0.363,0.037
2017-18,2403,Nene,1610612745,HOU,C-F,35,52,46,0.322,44,125,0.352,0.368,-0.016
2017-18,201975,Jodie Meeks,1610612764,WAS,G,30,74,60,0.354,48,124,0.387,0.362,0.025
2017-18,203092,Tyler Zeller,1610612749,MIL,C,28,64,46,0.177,49,123,0.398,0.352,0.047
2017-18,1628425,Sterling Brown,1610612749,MIL,G,23,51,41,0.401,45,122,0.369,0.361,0.008
2017-18,203962,Josh Huestis,1610612760,OKC,G,26,59,50,0.327,39,122,0.32,0.366,-0.047
2017-18,1627820,Tyrone Wallace,1610612746,LAC,G,24,29,28,0.374,38,120,0.317,0.363,-0.046
2017-18,101181,Jose Calderon,1610612739,CLE,G,36,52,41,0.33,43,118,0.364,0.353,0.011
2017-18,101161,Amir Johnson,1610612755,PHI,C-F,31,74,56,0.193,41,118,0.347,0.364,-0.017
2017-18,202337,Luke Babbitt,1610612748,MIA,F,29,46,41,0.36,41,117,0.35,0.355,-0.005
2017-18,1628416,Tyler Dorsey,1610612737,ATL,G,22,52,42,0.36,42,116,0.362,0.357,0.005
2017-18,201973,Jonas Jerebko,1610612762,UTA,F,31,71,58,0.278,46,116,0.397,0.352,0.045
2017-18,1627098,Malcolm Delaney,1610612737,ATL,G,29,51,45,0.372,39,115,0.339,0.371,-0.032
2017-18,201573,Jerryd Bayless,1610612755,PHI,G,29,38,33,0.362,44,114,0.386,0.364,0.022
2017-18,202738,Isaiah Thomas,1610612747,LAL,G,29,32,31,0.35,37,114,0.325,0.365,-0.04
2017-18,204038,Langston Galloway,1610612765,DET,G,26,53,48,0.415,42,113,0.372,0.352,0.02
2017-18,1628464,Daniel Theis,1610612738,BOS,F-C,26,59,47,0.237,42,110,0.382,0.357,0.025
2017-18,1626156,D'Angelo Russell,1610612751,BKN,G,22,48,42,0.245,50,109,0.459,0.354,0.105
2017-18,1628412,Frank Mason III,1610612758,SAC,G,24,50,39,0.384,34,108,0.315,0.351,-0.037
2017-18,203943,Noah Vonleh,1610612741,CHI,F,22,53,44,0.283,30,108,0.278,0.363,-0.085
2017-18,201147,Corey Brewer,1610612760,OKC,F,32,52,42,0.408,39,107,0.364,0.358,0.007
2017-18,1626203,Treveon Graham,1610612766,CHA,G-F,24,60,53,0.333,39,105,0.371,0.362,0.01
2017-18,1627835,Paul Zipser,1610612741,CHI,F,24,51,45,0.291,42,105,0.4,0.361,0.039
2017-18,101123,Gerald Green,1610612745,HOU,G-F,32,40,35,0.353,35,104,0.337,0.372,-0.036
2017-18,201578,Marreese Speights,1610612753,ORL,F-C,30,50,39,0.251,33,104,0.317,0.333,-0.015
2017-18,1627789,Timothe Luwawu-Cabarrot,1610612755,PHI,G-F,23,49,43,0.393,35,103,0.34,0.36,-0.02
2017-18,1938,Manu Ginobili,1610612759,SAS,G,40,63,49,0.316,28,102,0.275,0.363,-0.088
2017-18,202692,Alec Burks,1610612762,UTA,G,26,60,46,0.386,45,102,0.441,0.361,0.08
2017-18,1626155,Sam Dekker,1610612746,LAC,F,24,71,50,0.303,37,101,0.366,0.361,0.005
2017-18,1626166,Cameron Payne,1610612741,CHI,G,23,25,25,0.488,27,100,0.27,0.345,-0.075
2017-18,203079,Dion Waiters,1610612748,MIA,G,26,29,29,0.317,35,98,0.357,0.375,-0.018
2017-18,203953,Jabari Parker,1610612749,MIL,F,23,31,31,0.337,36,98,0.367,0.361,0.006
2017-18,201162,Jared Dudley,1610612756,PHX,F,32,45,37,0.369,34,97,0.351,0.35,0.001
2017-18,1628407,Dwayne Bacon,1610612766,CHA,F,22,42,34,0.402,33,97,0.34,0.363,-0.023
2017-18,202327,Ekpe Udoh,1610612762,UTA,C-F,31,59,40,0.236,31,96,0.323,0.342,-0.019
2017-18,101112,Channing Frye,1610612747,LAL,F,35,51,39,0.263,37,96,0.385,0.35,0.035
2017-18,2199,Tyson Chandler,1610612756,PHX,C,35,46,39,0.173,37,96,0.385,0.366,0.02
2017-18,1626181,Norman Powell,1610612761,TOR,F-G,25,66,49,0.302,37,95,0.389,0.365,0.024
2017-18,200757,Thabo Sefolosha,1610612762,UTA,F,34,37,33,0.309,32,94,0.34,0.358,-0.017
2017-18,203487,Michael Carter-Williams,1610612766,CHA,G,26,52,45,0.305,37,94,0.394,0.357,0.036
2017-18,1628393,Jawun Evans,1610612746,LAC,G,21,45,40,0.376,33,94,0.351,0.362,-0.011
2017-18,201568,Danilo Gallinari,1610612746,LAC,F,29,21,20,0.356,34,93,0.366,0.365,0
2017-18,2225,Tony Parker,1610612759,SAS,G,36,55,47,0.331,32,93,0.344,0.355,-0.011
2017-18,203710,C.J. Williams,1610612746,LAC,F-G,28,34,30,0.377,35,93,0.376,0.356,0.021
2017-18,201147,Corey Brewer,1610612760,OKC,G-F,32,18,18,0.479,41,93,0.441,0.367,0.074
2017-18,201580,JaVale McGee,1610612744,GSW,C,30,64,45,0.242,33,92,0.359,0.345,0.013
2017-18,1628390,Terrance Ferguson,1610612760,OKC,G,20,53,42,0.342,35,91,0.385,0.367,0.018
2017-18,1626257,Salah Mejri,1610612742,DAL,C,32,59,45,0.215,37,90,0.411,0.361,0.05
2017-18,203101,Miles Plumlee,1610612737,ATL,C-F,29,55,42,0.17,38,90,0.422,0.35,0.072
2017-18,1626158,Richaun Holmes,1610612755,PHI,F-C,24,45,35,0.247,35,90,0.389,0.361,0.027
2017-18,1627738,Deyonta Davis,1610612763,MEM,C-F,21,62,42,0.21,30,89,0.337,0.358,-0.021
2017-18,1628470,Torrey Craig,1610612743,DEN,G-F,27,39,32,0.352,34,88,0.386,0.356,0.03
2017-18,203499,Shane Larkin,1610612738,BOS,G,25,50,38,0.327,31,88,0.352,0.357,-0.005
2017-18,203504,Trey Burke,1610612752,NYK,G,25,34,28,0.35,34,86,0.395,0.364,0.032
2017-18,203898,Tyler Ennis,1610612747,LAL,G,23,47,39,0.344,22,86,0.256,0.357,-0.101
2017-18,1626224,Cedi Osman,1610612739,CLE,F-G,23,49,37,0.339,26,85,0.306,0.359,-0.054
2017-18,203521,Matthew Dellavedova,1610612749,MIL,G,27,37,34,0.341,24,84,0.286,0.358,-0.073
2017-18,202328,Greg Monroe,1610612738,BOS,C-F,28,50,44,0.16,23,82,0.28,0.353,-0.073
2017-18,201956,Omri Casspi,1610612744,GSW,F,30,52,35,0.296,23,79,0.291,0.361,-0.07
2017-18,203961,Eric Moreland,1610612765,DET,F-C,26,65,41,0.196,30,78,0.385,0.352,0.032
2017-18,1627782,Wayne Selden,1610612763,MEM,G-F,23,34,33,0.393,21,77,0.273,0.363,-0.09
2017-18,201167,Arron Afflalo,1610612753,ORL,G,32,49,35,0.379,33,77,0.429,0.36,0.068
2017-18,1626147,Justin Anderson,1610612755,PHI,G-F,24,33,31,0.49,27,75,0.36,0.356,0.004
2017-18,1891,Jason Terry,1610612749,MIL,G,40,47,37,0.314,26,75,0.347,0.359,-0.012
2017-18,1628397,Ivan Rabb,1610612763,MEM,F,21,31,27,0.295,34,74,0.459,0.354,0.106
2017-18,1627767,Cheick Diallo,1610612740,NOP,F,21,50,33,0.239,33,74,0.446,0.355,0.091
2017-18,1628370,Malik Monk,1610612766,CHA,G,20,56,35,0.283,26,73,0.356,0.357,-0.001
2017-18,203082,Terrence Ross,1610612753,ORL,G-F,27,23,23,0.361,23,73,0.315,0.371,-0.056
2017-18,202732,DeAndre Liggins,1610612740,NOP,G,30,51,38,0.319,31,73,0.425,0.371,0.054
2017-18,202718,Chandler Parsons,1610612763,MEM,F,29,35,31,0.385,32,72,0.444,0.374,0.071
2017-18,1628455,Mike James,1610612740,NOP,G,27,36,28,0.28,24,72,0.333,0.358,-0.025
2017-18,203464,Brandon Paul,1610612759,SAS,G,27,45,31,0.368,22,71,0.31,0.337,-0.027
2017-18,1627775,Patrick McCaw,1610612744,GSW,G,22,52,37,0.25,24,71,0.338,0.363,-0.025
2017-18,203526,Raul Neto,1610612762,UTA,G,26,37,33,0.325,20,68,0.294,0.359,-0.065
2017-18,204028,Tarik Black,1610612745,HOU,F-C,26,49,35,0.249,19,68,0.279,0.357,-0.077
2017-18,1628424,Kobi Simmons,1610612763,MEM,G,20,31,28,0.349,29,67,0.433,0.36,0.073
2017-18,203920,Khem Birch,1610612753,ORL,C,25,37,32,0.231,28,67,0.418,0.357,0.061
2017-18,1627936,Alex Caruso,1610612747,LAL,G,24,37,31,0.304,19,66,0.288,0.356,-0.069
2017-18,1627846,Abdel Nader,1610612738,BOS,F,24,39,27,0.413,26,66,0.394,0.355,0.039
2017-18,203930,Sean Kilpatrick,1610612741,CHI,G,28,43,27,0.366,21,63,0.333,0.356,-0.023
2017-18,1628388,T.J. Leaf,1610612754,IND,F,21,48,36,0.358,25,63,0.397,0.364,0.032
2017-18,1626188,Quinn Cook,1610612744,GSW,G,25,29,25,0.292,25,62,0.403,0.335,0.068
2017-18,203469,Cody Zeller,1610612766,CHA,C-F,25,32,26,0.21,16,60,0.267,0.354,-0.087
2017-18,1626195,Willy Hernangomez,1610612766,CHA,C,24,46,31,0.217,17,60,0.283,0.352,-0.068
2017-18,1626202,Joe Young,1610612754,IND,G,26,45,33,0.356,8,58,0.138,0.348,-0.21
2017-18,203960,JaKarr Sampson,1610612758,SAC,F,25,22,19,0.403,18,58,0.31,0.369,-0.059
2017-18,1628371,Jonathan Isaac,1610612753,ORL,F,20,27,24,0.242,21,58,0.362,0.36,0.003
2017-18,1627761,DeAndre' Bembry,1610612737,ATL,F-G,23,25,21,0.389,22,58,0.379,0.369,0.011
2017-18,203512,Lucas Nogueira,1610612761,TOR,C,25,45,34,0.222,20,58,0.345,0.349,-0.004
2017-18,1628422,Damyean Dotson,1610612752,NYK,G,24,36,25,0.365,12,57,0.211,0.353,-0.143
2017-18,1627826,Ivica Zubac,1610612747,LAL,C,21,38,24,0.215,19,56,0.339,0.366,-0.027
2017-18,1627740,Henry Ellenson,1610612765,DET,F,21,34,26,0.341,19,56,0.339,0.343,-0.004
2017-18,1628463,Tyler Cavanaugh,1610612737,ATL,F,24,34,26,0.251,23,55,0.418,0.335,0.083
2017-18,203917,Nik Stauskas,1610612751,BKN,G,24,37,28,0.27,16,55,0.291,0.365,-0.074
2017-18,202702,Kenneth Faried,1610612743,DEN,F,28,32,26,0.268,23,55,0.418,0.352,0.066
2017-18,203897,Zach LaVine,1610612741,CHI,G,23,24,21,0.344,21,55,0.382,0.369,0.012
2017-18,201160,Jason Smith,1610612764,WAS,F-C,32,33,24,0.391,18,54,0.333,0.356,-0.023
2017-18,1627863,Danuel House Jr.,1610612756,PHX,F-G,25,22,15,0.394,20,54,0.37,0.368,0.002
2017-18,1627988,Myke Henry,1610612763,MEM,F,25,20,17,0.445,16,53,0.302,0.365,-0.063
2017-18,1627823,Juancho Hernangomez,1610612743,DEN,F,22,22,21,0.397,18,52,0.346,0.342,0.004
2017-18,1627827,Dorian Finney-Smith,1610612742,DAL,F,25,20,18,0.335,23,52,0.442,0.338,0.104
2017-18,1627858,Kyle Collinsworth,1610612742,DAL,G,26,29,21,0.308,20,52,0.385,0.362,0.023
2017-18,1627736,Malik Beasley,1610612743,DEN,G,21,43,29,0.357,22,51,0.431,0.361,0.071
2017-18,203457,Nerlens Noel,1610612742,DAL,C,24,27,23,0.223,21,50,0.42,0.358,0.062
2017-18,2744,Al Jefferson,1610612754,IND,C,33,36,23,0.172,20,48,0.417,0.347,0.069
2017-18,202779,Dwight Buycks,1610612765,DET,G,29,26,19,0.353,18,48,0.375,0.335,0.04
2017-18,1628469,Antonio Blakeney,1610612741,CHI,G,21,16,15,0.436,16,48,0.333,0.359,-0.026
2017-18,1627781,Malachi Richardson,1610612761,TOR,G,22,25,20,0.522,21,48,0.438,0.347,0.09
2017-18,1627885,Shaquille Harrison,1610612756,PHX,G,24,22,19,0.303,14,46,0.304,0.35,-0.046
2017-18,201144,Mike Conley,1610612763,MEM,G,30,12,11,0.377,15,46,0.326,0.368,-0.042
2017-18,1627814,Damion Lee,1610612737,ATL,G,25,15,14,0.346,16,44,0.364,0.364,0
2017-18,201565,Derrick Rose,1610612750,MIN,G,29,25,16,0.27,16,44,0.364,0.367,-0.003
2017-18,203530,Joffrey Lauvergne,1610612759,SAS,C,26,49,25,0.174,19,44,0.432,0.354,0.078
2017-18,202389,Timofey Mozgov,1610612751,BKN,C,31,29,18,0.217,19,44,0.432,0.348,0.084
2017-18,201196,Ramon Sessions,1610612764,WAS,G,32,23,21,0.387,9,43,0.209,0.353,-0.144
2017-18,1628365,Markelle Fultz,1610612755,PHI,G,20,14,13,0.413,13,43,0.302,0.358,-0.056
2017-18,201976,Patrick Beverley,1610612746,LAC,G,29,11,11,0.35,18,43,0.419,0.341,0.078
2017-18,1627758,Ron Baker,1610612752,NYK,G,25,26,23,0.344,15,42,0.357,0.373,-0.016
2017-18,203477,Isaiah Canaan,1610612756,PHX,G,27,19,17,0.289,13,41,0.317,0.373,-0.056
2017-18,1626246,Boban Marjanovic,1610612746,LAC,C,29,36,20,0.188,14,40,0.35,0.327,0.023
2017-18,203498,Shabazz Muhammad,1610612749,MIL,G-F,25,34,23,0.371,11,39,0.282,0.364,-0.082
2017-18,1626143,Jahlil Okafor,1610612751,BKN,C,22,28,15,0.169,17,38,0.447,0.348,0.1
2017-18,204037,Travis Wear,1610612747,LAL,F,27,16,15,0.356,8,37,0.216,0.347,-0.131
2017-18,1627786,Troy Williams,1610612752,NYK,F,23,20,16,0.366,13,37,0.351,0.354,-0.003
2017-18,2754,Tony Allen,1610612740,NOP,G-F,36,20,17,0.43,11,37,0.297,0.354,-0.056
2017-18,203922,Glenn Robinson III,1610612754,IND,G-F,24,23,17,0.296,11,37,0.297,0.367,-0.07
2017-18,201148,Brandan Wright,1610612745,HOU,F-C,30,27,22,0.223,13,37,0.351,0.364,-0.013
2017-18,1627853,Ryan Arcidiacono,1610612741,CHI,G,24,23,20,0.43,15,37,0.405,0.344,0.061
2017-18,1628681,Rodney Purvis,1610612753,ORL,G,24,16,12,0.48,12,36,0.333,0.356,-0.022
2017-18,202697,Iman Shumpert,1610612758,SAC,G,28,14,11,0.375,16,36,0.444,0.365,0.08
2017-18,203186,Willie Reed,1610612765,DET,C,28,39,23,0.171,13,35,0.371,0.363,0.009
2017-18,1627875,Marcus Georges-Hunt,1610612750,MIN,G,24,21,18,0.515,16,35,0.457,0.368,0.089
2017-18,203966,Jamil Wilson,1610612746,LAC,F,27,14,13,0.301,13,34,0.382,0.356,0.027
2017-18,203585,Rodney McGruder,1610612748,MIA,G-F,26,16,15,0.41,14,34,0.412,0.353,0.059
2017-18,1628436,Luke Kornet,1610612752,NYK,F-C,22,20,15,0.185,16,34,0.471,0.374,0.096
2017-18,1627824,Guerschon Yabusele,1610612738,BOS,F,22,28,14,0.34,15,33,0.455,0.357,0.098
2017-18,1627362,Briante Weber,1610612763,MEM,G,25,16,12,0.288,14,32,0.438,0.346,0.092
2017-18,1628409,Alec Peters,1610612756,PHX,F,23,16,13,0.378,15,31,0.484,0.349,0.135
2017-18,201166,Aaron Brooks,1610612750,MIN,G,33,18,12,0.508,15,31,0.484,0.333,0.151
2017-18,2731,Emeka Okafor,1610612740,NOP,C,35,25,17,0.157,13,31,0.419,0.367,0.053
2017-18,203086,Meyers Leonard,1610612757,POR,C,26,26,18,0.256,15,31,0.484,0.355,0.129
2017-18,1627883,Jalen Jones,1610612742,DAL,F,25,13,10,0.5,18,31,0.581,0.348,0.233
2017-18,202695,Kawhi Leonard,1610612759,SAS,F,27,9,9,0.435,6,30,0.2,0.369,-0.169
2017-18,1628439,Isaiah Hicks,1610612752,NYK,F,23,17,15,0.28,8,30,0.267,0.326,-0.059
2017-18,203957,Dante Exum,1610612762,UTA,G,22,14,12,0.345,12,29,0.414,0.356,0.058
2017-18,202705,MarShon Brooks,1610612763,MEM,G-F,29,7,6,0.491,10,28,0.357,0.349,0.008
2017-18,1627790,Ante Zizic,1610612739,CLE,F-C,21,23,13,0.23,13,28,0.464,0.344,0.121
2017-18,1628403,Caleb Swanigan,1610612757,POR,F-C,21,22,18,0.373,12,28,0.429,0.364,0.064
2017-18,1628401,Derrick White,1610612759,SAS,G,23,12,10,0.482,6,27,0.222,0.344,-0.121
2017-18,1628503,Jamel Artis,1610612753,ORL,G,25,12,12,0.346,11,27,0.407,0.341,0.067
2017-18,2210,Richard Jefferson,1610612743,DEN,F,38,16,13,0.429,12,27,0.444,0.35,0.094
2017-18,1626173,Rashad Vaughn,1610612753,ORL,G,21,20,13,0.351,8,26,0.308,0.349,-0.042
2017-18,202347,Quincy Pondexter,1610612741,CHI,G,30,21,16,0.464,10,26,0.385,0.33,0.054
2017-18,101106,Andrew Bogut,1610612747,LAL,C,33,23,15,0.228,12,26,0.462,0.365,0.097
2017-18,203705,Josh Magette,1610612737,ATL,G,28,16,12,0.305,7,25,0.28,0.356,-0.076
2017-18,1628510,Andrew White III,1610612737,ATL,F,25,12,9,0.472,14,25,0.56,0.36,0.2
2017-18,1628432,Davon Reed,1610612756,PHX,G,23,21,16,0.333,9,25,0.36,0.346,0.014
2017-18,1626151,Aaron Harrison,1610612742,DAL,G,23,9,9,0.352,5,25,0.2,0.332,-0.132
2017-18,1627884,Derrick Jones Jr.,1610612748,MIA,F-G,21,18,12,0.272,9,25,0.36,0.363,-0.003
2017-18,1626175,Jordan Mickey,1610612748,MIA,C-F,23,22,14,0.194,13,25,0.52,0.339,0.181
2017-18,203948,Johnny O'Bryant III,1610612766,CHA,F,25,33,14,0.14,9,24,0.375,0.35,0.025
2017-18,1627780,Gary Payton II,1610612747,LAL,G,25,19,15,0.256,10,23,0.435,0.364,0.071
2017-18,1626177,Dakari Johnson,1610612760,OKC,C,22,23,14,0.284,2,23,0.087,0.329,-0.242
2017-18,201600,Omer Asik,1610612741,CHI,C,31,17,11,0.193,8,23,0.348,0.345,0.003
2017-18,1627770,Kay Felder,1610612765,DET,G,23,13,9,0.5,9,23,0.391,0.324,0.068
2017-18,1627785,Isaiah Whitehead,1610612751,BKN,G,23,13,9,0.354,7,23,0.304,0.355,-0.051
2017-18,202933,Julyan Stone,1610612766,CHA,G,29,15,9,0.442,7,23,0.304,0.324,-0.02
2017-18,203524,Solomon Hill,1610612740,NOP,F,27,11,10,0.288,8,23,0.348,0.385,-0.038
2017-18,1627744,Brice Johnson,1610612763,MEM,F,24,12,9,0.417,7,20,0.35,0.305,0.045
2017-18,2863,Damien Wilkins,1610612754,IND,G-F,38,15,10,0.373,5,19,0.263,0.345,-0.082
2017-18,1626259,Malcolm Miller,1610612761,TOR,F,25,13,10,0.36,3,18,0.167,0.356,-0.19
2017-18,1628504,Xavier Rathan-Mayes,1610612763,MEM,G,24,5,5,0.4,11,18,0.611,0.345,0.266
2017-18,1628444,Jabari Bird,1610612738,BOS,G,23,8,6,0.68,8,17,0.471,0.371,0.099
2017-18,1628499,Antonius Cleveland,1610612737,ATL,G,24,12,10,0.405,8,17,0.471,0.375,0.095
2017-18,1627753,Zhou Qi,1610612745,HOU,F-C,22,15,9,0.288,7,17,0.412,0.379,0.033
2017-18,201943,Brandon Jennings,1610612749,MIL,G,28,12,8,0.235,8,16,0.5,0.319,0.181
2017-18,1626199,Darrun Hilliard,1610612759,SAS,G,25,11,5,0.4,5,16,0.313,0.357,-0.044
2017-18,203485,Lorenzo Brown,1610612761,TOR,G,27,12,7,0.327,4,16,0.25,0.354,-0.104
2017-18,204066,John Holland,1610612739,CLE,G-F,29,19,12,0.246,8,16,0.5,0.366,0.134
2017-18,1627834,Georgios Papagiannis,1610612757,POR,C,20,15,6,0.221,6,15,0.4,0.345,0.055
2017-18,203104,Marquis Teague,1610612763,MEM,G,25,3,3,0.5,7,15,0.467,0.353,0.113
2017-18,203141,Mirza Teletovic,1610612749,MIL,F,32,9,8,0.283,6,15,0.4,0.366,0.034
2017-18,1627816,Alex Poythress,1610612754,IND,F,24,19,9,0.378,2,14,0.143,0.367,-0.224
2017-18,201628,Bobby Brown,1610612745,HOU,G,33,14,6,0.4,6,14,0.429,0.321,0.107
2017-18,1628476,Derrick Walton Jr.,1610612748,MIA,G,23,15,6,0.289,5,13,0.385,0.375,0.009
2017-18,204022,Jack Cooley,1610612758,SAC,C-F,27,6,5,0.333,1,13,0.077,0.336,-0.259
2017-18,1628396,Tony Bradley,1610612762,UTA,C,20,9,7,0.6,7,12,0.583,0.358,0.225
2017-18,1628405,Johnathan Motley,1610612742,DAL,F,23,10,7,0.167,5,12,0.417,0.33,0.087
2017-18,1627821,James Webb III,1610612751,BKN,F,24,8,5,0.239,3,11,0.273,0.371,-0.099
2017-18,1628537,Jaylen Morris,1610612737,ATL,G,22,6,6,0.306,4,11,0.364,0.332,0.031
2017-18,1628492,Gian Clavell,1610612742,DAL,G,24,6,4,0.478,5,11,0.455,0.357,0.098
2017-18,1627982,Josh Gray,1610612756,PHX,G,24,5,4,0.282,9,11,0.818,0.38,0.438
2017-18,202720,Jon Leuer,1610612765,DET,F-C,29,8,6,0.19,5,11,0.455,0.371,0.083
2017-18,203998,Bruno Caboclo,1610612758,SAC,F,22,8,6,0.27,2,10,0.2,0.359,-0.159
2017-18,1627855,Okaro White,1610612739,CLE,F,25,5,4,0.303,2,10,0.2,0.374,-0.174
2017-18,204179,Omari Johnson,1610612763,MEM,F,29,4,3,0.5,3,10,0.3,0.352,-0.052
2017-18,201589,Darrell Arthur,1610612743,DEN,F,30,15,6,0.169,3,10,0.3,0.365,-0.065
2017-18,1627745,Damian Jones,1610612744,GSW,C,23,14,4,0.208,4,10,0.4,0.36,0.041
2017-18,1628495,Milton Doyle,1610612751,BKN,G,24,8,6,0.313,3,10,0.3,0.287,0.013
2017-18,2617,Udonis Haslem,1610612748,MIA,F,38,11,6,0.345,1,10,0.1,0.392,-0.292
2017-18,1628502,Nigel Hayes-Davis,1610612758,SAC,F,23,6,3,0.257,1,9,0.111,0.298,-0.187
2017-18,1627735,Wade Baldwin IV,1610612757,POR,G,22,6,5,0.346,5,9,0.556,0.37,0.185
2017-18,1627774,Jake Layman,1610612757,POR,F,24,17,9,0.273,3,9,0.333,0.358,-0.024
2017-18,1627762,Joel Bolomboy,1610612749,MIL,F-C,24,5,4,0.348,2,8,0.25,0.324,-0.074
2017-18,203481,Jeff Withey,1610612742,DAL,C,28,9,5,0.381,2,8,0.25,0.252,-0.002
2017-18,201281,Andre Ingram,1610612747,LAL,G,32,2,2,0.5,5,8,0.625,0.352,0.274
2017-18,203580,Larry Drew II,1610612740,NOP,G,28,6,5,0.32,2,8,0.25,0.349,-0.099
2017-18,1628391,D.J. Wilson,1610612749,MIL,F,22,11,6,0.25,3,8,0.375,0.355,0.02
2017-18,1627743,Demetrius Jackson,1610612755,PHI,G,23,11,7,0.25,3,8,0.375,0.367,0.008
2017-18,1626154,RJ Hunter,1610612745,HOU,G,24,4,4,0.5,0,8,0,0.332,-0.332
2017-18,1626191,Chris McCullough,1610612764,WAS,F,23,17,6,0.229,3,8,0.375,0.341,0.034
2017-18,1628418,Thomas Bryant,1610612747,LAL,C,20,13,5,0.229,3,8,0.375,0.353,0.022
2017-18,1628443,Kadeem Allen,1610612738,BOS,G,25,7,4,0.318,1,7,0.143,0.343,-0.2
2017-18,203900,Markel Brown,1610612745,HOU,G,26,4,3,0.333,3,7,0.429,0.348,0.08
2017-18,202348,Jordan Crawford,1610612740,NOP,G,29,5,3,0.368,4,7,0.571,0.365,0.207
2017-18,1626780,Jonathan Gibson,1610612738,BOS,G,30,3,3,0.5,2,6,0.333,0.285,0.049
2017-18,2555,Nick Collison,1610612760,OKC,F-C,37,11,5,0.194,3,6,0.5,0.365,0.135
2017-18,1628506,London Perrantes,1610612739,CLE,G,23,5,3,0.333,2,6,0.333,0.33,0.004
2017-18,202332,Cole Aldrich,1610612750,MIN,C,29,13,6,0.286,3,6,0.5,0.413,0.087
2017-18,1627788,Furkan Korkmaz,1610612755,PHI,G-F,20,9,5,0.24,3,6,0.5,0.36,0.14
2017-18,203923,James Young,1610612755,PHI,G-F,22,5,3,0.316,1,6,0.167,0.363,-0.196
2017-18,1627866,Jameel Warney,1610612742,DAL,F,24,3,2,0.556,1,5,0.2,0.366,-0.166
2017-18,203505,Vander Blue,1610612747,LAL,G,25,3,3,0.455,3,5,0.6,0.353,0.247
2017-18,1628035,Alfonzo McKinnie,1610612761,TOR,F,25,9,4,0.238,1,5,0.2,0.363,-0.163
2017-18,1627772,Daniel Hamilton,1610612760,OKC,G-F,22,6,3,0.556,2,5,0.4,0.329,0.071
2017-18,1628451,Jacob Wiley,1610612751,BKN,F,23,3,2,0.333,1,4,0.25,0.368,-0.118
2017-18,202713,Kyle Singler,1610612760,OKC,F,30,7,3,0.273,1,3,0.333,0.37,-0.037
2017-18,201177,Josh McRoberts,1610612742,DAL,F-C,31,2,2,1,2,3,0.667,0.347,0.319
2017-18,1628420,Monte Morris,1610612743,DEN,G,23,2,1,0.333,0,3,0,0.364,-0.364
2017-18,1628493,Mangok Mathiang,1610612766,CHA,F-C,25,3,3,0.3,1,3,0.333,0.381,-0.048
2017-18,1626210,Alan Williams,1610612756,PHX,F-C,25,5,3,0.12,1,3,0.333,0.365,-0.032
2017-18,202391,Jeremy Lin,1610612751,BKN,G,29,1,1,0.231,1,3,0.333,0.329,0.004
2017-18,1628387,Ike Anigbogu,1610612754,IND,C-F,19,9,2,0.136,1,3,0.333,0.284,0.049
2017-18,1627778,Chinanu Onuaku,1610612745,HOU,C,21,1,1,0.5,1,3,0.333,0.418,-0.085
2017-18,1627850,Marshall Plumlee,1610612749,MIL,C,25,6,2,0.1,0,3,0,0.396,-0.396
2017-18,201149,Joakim Noah,1610612752,NYK,C,33,7,3,0.13,1,3,0.333,0.342,-0.008
2017-18,2736,Luol Deng,1610612747,LAL,F,33,1,1,0.222,1,2,0.5,0.379,0.121
2017-18,1626205,Vincent Hunter,1610612763,MEM,F,23,3,1,0.4,2,2,1,0.384,0.616
2017-18,2746,Josh Smith,1610612740,NOP,F,32,2,1,0.333,1,2,0.5,0.34,0.16
2017-18,1627779,Marcus Paige,1610612766,CHA,G,24,3,2,0.286,0,2,0,0.379,-0.379
2017-18,1628421,Devin Robinson,1610612764,WAS,F,23,1,1,0.5,1,2,0.5,0.335,0.165
2017-18,202918,Xavier Silas,1610612738,BOS,G,30,1,1,0.5,1,2,0.5,0.384,0.116
2017-18,1627215,Walt Lemon Jr.,1610612740,NOP,PG,25,4,1,0.167,1,2,0.5,0.235,0.266
2017-18,1627817,Tim Quarterman,1610612745,HOU,G,23,3,1,0.333,1,2,0.5,0.34,0.161
2017-18,1627856,Matt Costello,1610612759,SAS,F-C,24,3,1,0.2,2,2,1,0.375,0.626
2017-18,202379,Jeremy Evans,1610612737,ATL,F,30,1,1,0.667,0,2,0,0.257,-0.257
2017-18,1626242,Luis Montero,1610612765,DET,G,25,1,1,1,0,2,0,0.302,-0.302
2017-18,1628429,Charles Cooke,1610612740,NOP,G,23,7,2,0.167,1,2,0.5,0.293,0.208
2017-18,1627852,Nicolas Brussino,1610612737,ATL,F,25,2,2,0.667,0,2,0,0.36,-0.36
2017-18,1627777,Georges Niang,1610612762,UTA,F,25,4,1,0.2,1,2,0.5,0.402,0.098
2017-18,204065,David Stockton,1610612762,UTA,G,27,2,1,0.5,1,2,0.5,0.344,0.156
2017-18,1626643,Jacob Pullen,1610612755,PHI,G,28,1,1,0.5,0,1,0,0.369,-0.369
2017-18,203489,Nate Wolters,1610612762,UTA,G,27,2,1,0.5,0,1,0,0.34,-0.34
2017-18,1628935,Aaron Jackson,1610612745,HOU,G,32,1,1,0.167,0,1,0,0.392,-0.392
2017-18,203816,Scotty Hopson,1610612742,DAL,G,28,1,1,0.5,0,1,0,0.332,-0.332
2017-18,204098,Xavier Munford,1610612749,MIL,G,26,5,1,0.143,1,1,1,0.344,0.656
2017-18,203940,Adreian Payne,1610612753,ORL,F,27,4,1,0.083,0,1,0,0.136,-0.136
2017-18,1628475,Matt Williams Jr.,1610612748,MIA,G,24,2,1,0.5,0,1,0,0.4,-0.4
2017-18,202682,Derrick Williams,1610612747,LAL,F,27,1,1,1,0,1,0,0.399,-0.399
2017-18,1628399,Tyler Lydon,1610612743,DEN,F,22,1,1,0.5,1,1,1,0.307,0.693
2017-18,204067,Jarell Eddie,1610612741,CHI,G-F,26,1,1,0.333,1,1,1,0.366,0.634
2017-18,1628571,Erik McCree,1610612762,UTA,F,24,1,1,1,0,1,0,0.42,-0.42
2017-18,1628410,Edmond Sumner,1610612754,IND,G,22,1,1,1,1,1,1,0.346,0.654
2017-18,203687,Reggie Hearn,1610612765,DET,G,26,2,1,0.5,0,1,0,0.111,-0.111
2018-19,201950,Jrue Holiday,1610612740,NOP,G,29,67,66,0.422,164,465,0.353,0.355,-0.002
2018-19,202689,Kemba Walker,1610612766,CHA,G,29,81,80,0.391,161,443,0.363,0.354,0.01
2018-19,203078,Bradley Beal,1610612764,WAS,G,26,81,79,0.403,167,439,0.38,0.356,0.024
2018-19,1627783,Pascal Siakam,1610612761,TOR,F,25,80,80,0.378,125,416,0.3,0.349,-0.048
2018-19,201572,Brook Lopez,1610612749,MIL,C,31,81,77,0.245,157,410,0.383,0.347,0.036
2018-19,201142,Kevin Durant,1610612744,GSW,F,30,78,77,0.431,151,409,0.369,0.352,0.017
2018-19,202331,Paul George,1610612760,OKC,F,29,76,76,0.376,133,409,0.325,0.355,-0.029
2018-19,201152,Thaddeus Young,1610612754,IND,F,31,81,81,0.4,149,402,0.371,0.352,0.018
2018-19,1629012,Collin Sexton,1610612739,CLE,G,20,82,79,0.413,160,394,0.406,0.359,0.047
2018-19,201933,Blake Griffin,1610612765,DET,F,30,75,73,0.421,144,391,0.368,0.351,0.017
2018-19,203935,Marcus Smart,1610612738,BOS,G,25,80,79,0.483,128,386,0.332,0.357,-0.025
2018-19,203110,Draymond Green,1610612744,GSW,F,29,66,66,0.388,126,379,0.332,0.353,-0.021
2018-19,203952,Andrew Wiggins,1610612750,MIN,F-G,24,73,70,0.383,136,378,0.36,0.359,0
2018-19,1628369,Jayson Tatum,1610612738,BOS,F,21,79,77,0.434,120,371,0.323,0.356,-0.032
2018-19,1628368,De'Aaron Fox,1610612758,SAC,G,21,81,80,0.391,124,370,0.335,0.355,-0.02
2018-19,201145,Jeff Green,1610612764,WAS,F,32,76,75,0.383,141,367,0.384,0.355,0.029
2018-19,203200,Justin Holiday,1610612763,MEM,F-G,30,80,80,0.402,135,364,0.371,0.362,0.009
2018-19,201935,James Harden,1610612745,HOU,G,29,77,76,0.322,121,363,0.333,0.351,-0.017
2018-19,202699,Tobias Harris,1610612755,PHI,F,26,82,80,0.343,136,362,0.376,0.354,0.021
2018-19,200782,P.J. Tucker,1610612745,HOU,F,34,81,79,0.358,106,362,0.293,0.352,-0.059
2018-19,203500,Steven Adams,1610612760,OKC,C,25,79,75,0.249,123,361,0.341,0.352,-0.012
2018-19,201980,Danny Green,1610612761,TOR,G-F,32,79,77,0.365,140,358,0.391,0.362,0.029
2018-19,1626196,Josh Richardson,1610612748,MIA,G-F,25,73,73,0.382,119,355,0.335,0.356,-0.021
2018-19,1627741,Buddy Hield,1610612758,SAC,G,26,82,79,0.345,128,355,0.361,0.358,0.003
2018-19,203087,Jeremy Lamb,1610612766,CHA,G,27,77,76,0.397,121,353,0.343,0.362,-0.019
2018-19,203954,Joel Embiid,1610612755,PHI,F-C,25,61,61,0.258,134,351,0.382,0.35,0.032
2018-19,1627732,Ben Simmons,1610612755,PHI,G-F,22,76,76,0.37,102,348,0.293,0.357,-0.064
2018-19,203507,Giannis Antetokounmpo,1610612749,MIL,F,24,72,72,0.411,112,347,0.323,0.35,-0.027
2018-19,203944,Julius Randle,1610612740,NOP,C-F,24,73,72,0.36,128,346,0.37,0.351,0.019
2018-19,1629027,Trae Young,1610612737,ATL,G,20,81,81,0.364,117,344,0.34,0.356,-0.016
2018-19,1626224,Cedi Osman,1610612739,CLE,F,24,76,73,0.37,132,341,0.387,0.356,0.031
2018-19,1626161,Willie Cauley-Stein,1610612758,SAC,C,25,81,80,0.299,123,340,0.362,0.357,0.005
2018-19,203082,Terrence Ross,1610612753,ORL,G-F,28,79,76,0.451,109,335,0.325,0.353,-0.028
2018-19,203083,Andre Drummond,1610612765,DET,C,25,79,77,0.234,110,333,0.33,0.359,-0.028
2018-19,202357,Nemanja Bjelica,1610612758,SAC,F,31,77,71,0.371,103,332,0.31,0.351,-0.04
2018-19,201144,Mike Conley,1610612763,MEM,G,31,70,67,0.417,127,332,0.383,0.357,0.025
2018-19,1626157,Karl-Anthony Towns,1610612750,MIN,C,23,77,76,0.244,128,329,0.389,0.353,0.037
2018-19,1626156,D'Angelo Russell,1610612751,BKN,G,23,81,79,0.368,110,327,0.336,0.352,-0.015
2018-19,1629028,Deandre Ayton,1610612756,PHX,C,20,71,71,0.255,116,327,0.355,0.358,-0.003
2018-19,203999,Nikola Jokić,1610612743,DEN,C,24,80,80,0.229,119,326,0.365,0.356,0.009
2018-19,1627759,Jaylen Brown,1610612738,BOS,G,22,74,73,0.444,102,326,0.313,0.358,-0.045
2018-19,203081,Damian Lillard,1610612757,POR,G,28,80,80,0.356,132,324,0.407,0.355,0.053
2018-19,203924,Jerami Grant,1610612760,OKC,F,25,79,79,0.33,123,323,0.381,0.358,0.023
2018-19,201976,Patrick Beverley,1610612746,LAC,G,30,78,77,0.375,108,322,0.335,0.355,-0.019
2018-19,200794,Paul Millsap,1610612743,DEN,F,34,70,68,0.366,103,321,0.321,0.351,-0.03
2018-19,1626149,Montrezl Harrell,1610612746,LAC,F-C,25,82,79,0.251,93,318,0.292,0.349,-0.057
2018-19,101107,Marvin Williams,1610612766,CHA,F,33,74,71,0.378,125,318,0.393,0.352,0.041
2018-19,1628401,Derrick White,1610612759,SAS,G,24,67,64,0.359,111,317,0.35,0.354,-0.003
2018-19,203897,Zach LaVine,1610612741,CHI,G,24,61,59,0.476,123,316,0.389,0.355,0.035
2018-19,203084,Harrison Barnes,1610612758,SAC,F,27,77,74,0.392,111,315,0.352,0.355,-0.003
2018-19,202329,Al-Farouq Aminu,1610612757,POR,F,28,81,78,0.352,118,315,0.375,0.356,0.019
2018-19,201566,Russell Westbrook,1610612760,OKC,G,30,72,69,0.408,125,315,0.397,0.356,0.041
2018-19,202711,Bojan Bogdanovic,1610612754,IND,F,30,81,79,0.378,109,313,0.348,0.355,-0.006
2018-19,1629029,Luka Dončić,1610612742,DAL,F-G,20,72,70,0.362,109,312,0.349,0.358,-0.009
2018-19,202339,Eric Bledsoe,1610612749,MIL,G,29,78,75,0.378,108,311,0.347,0.359,-0.011
2018-19,203501,Tim Hardaway Jr.,1610612742,DAL,G,27,64,64,0.432,119,308,0.386,0.36,0.027
2018-19,203497,Rudy Gobert,1610612762,UTA,C,27,79,75,0.185,104,308,0.338,0.347,-0.009
2018-19,200746,LaMarcus Aldridge,1610612759,SAS,C-F,33,81,78,0.216,114,305,0.374,0.351,0.023
2018-19,1628381,John Collins,1610612737,ATL,F-C,21,61,61,0.381,110,303,0.363,0.351,0.012
2018-19,1628969,Mikal Bridges,1610612756,PHX,F,22,81,80,0.344,131,303,0.432,0.358,0.074
2018-19,203932,Aaron Gordon,1610612753,ORL,F,23,76,76,0.335,112,302,0.371,0.357,0.014
2018-19,203482,Kelly Olynyk,1610612748,MIA,F,28,79,74,0.375,109,301,0.362,0.347,0.015
2018-19,203967,Dario Saric,1610612750,MIN,F,25,80,77,0.361,115,297,0.387,0.355,0.032
2018-19,203991,Clint Capela,1610612745,HOU,C,25,66,64,0.252,98,295,0.332,0.35,-0.018
2018-19,203114,Khris Middleton,1610612749,MIL,F,27,77,77,0.399,110,293,0.375,0.355,0.02
2018-19,202704,Reggie Jackson,1610612765,DET,G,29,82,81,0.357,107,292,0.366,0.36,0.006
2018-19,201942,DeMar DeRozan,1610612759,SAS,G,29,77,75,0.377,94,292,0.322,0.36,-0.038
2018-19,1627854,Bryn Forbes,1610612759,SAS,G,25,82,80,0.369,111,291,0.381,0.357,0.024
2018-19,1627827,Dorian Finney-Smith,1610612742,DAL,F,26,80,75,0.362,94,291,0.323,0.355,-0.031
2018-19,201988,Patty Mills,1610612759,SAS,G,30,82,76,0.403,109,290,0.376,0.352,0.023
2018-19,203095,Evan Fournier,1610612753,ORL,G-F,26,79,76,0.321,100,290,0.345,0.359,-0.014
2018-19,1628995,Kevin Knox II,1610612752,NYK,F,19,74,71,0.432,110,289,0.381,0.365,0.016
2018-19,203925,Joe Harris,1610612751,BKN,F-G,27,76,75,0.364,101,288,0.351,0.356,-0.006
2018-19,203471,Dennis Schröder,1610612760,OKC,G,25,78,76,0.315,97,286,0.339,0.356,-0.016
2018-19,202691,Klay Thompson,1610612744,GSW,G,29,78,74,0.33,102,285,0.358,0.357,0
2018-19,202709,Cory Joseph,1610612754,IND,G,27,82,75,0.355,99,285,0.347,0.358,-0.01
2018-19,1628367,Josh Jackson,1610612756,PHX,F,22,79,77,0.359,111,284,0.391,0.358,0.032
2018-19,203903,Jordan Clarkson,1610612739,CLE,G,27,81,76,0.397,101,284,0.356,0.352,0.003
2018-19,203992,Bogdan Bogdanović,1610612758,SAC,G,26,70,67,0.394,99,282,0.351,0.354,-0.002
2018-19,200768,Kyle Lowry,1610612761,TOR,G,33,65,65,0.349,92,281,0.327,0.354,-0.026
2018-19,203484,Kentavious Caldwell-Pope,1610612747,LAL,G,26,82,78,0.386,113,280,0.404,0.357,0.047
2018-19,201954,Darren Collison,1610612754,IND,G,31,76,74,0.418,105,279,0.376,0.361,0.015
2018-19,1626159,Justise Winslow,1610612748,MIA,F-G,23,66,63,0.365,98,279,0.351,0.362,-0.011
2018-19,2548,Dwyane Wade,1610612748,MIA,G,37,72,71,0.45,99,277,0.357,0.353,0.004
2018-19,203953,Jabari Parker,1610612764,WAS,F,24,62,59,0.388,103,274,0.376,0.351,0.025
2018-19,202694,Marcus Morris Sr.,1610612738,BOS,F,29,75,72,0.371,108,274,0.394,0.356,0.038
2018-19,201587,Nicolas Batum,1610612766,CHA,F-G,30,74,72,0.358,89,273,0.326,0.355,-0.029
2018-19,201939,Stephen Curry,1610612744,GSW,G,31,69,69,0.376,89,272,0.327,0.36,-0.033
2018-19,201143,Al Horford,1610612738,BOS,C-F,33,68,66,0.242,88,271,0.325,0.353,-0.028
2018-19,1628989,Kevin Huerter,1610612737,ATL,G,20,74,72,0.37,95,271,0.351,0.358,-0.008
2018-19,203486,Mason Plumlee,1610612743,DEN,F-C,29,82,77,0.291,92,270,0.341,0.354,-0.014
2018-19,202066,Garrett Temple,1610612746,LAC,G-F,33,75,69,0.363,93,270,0.344,0.358,-0.013
2018-19,202695,Kawhi Leonard,1610612761,TOR,F,28,60,59,0.424,101,269,0.375,0.354,0.022
2018-19,1628963,Marvin Bagley III,1610612758,SAC,F,20,62,62,0.408,93,269,0.346,0.349,-0.003
2018-19,1627750,Jamal Murray,1610612743,DEN,G,22,75,71,0.357,103,267,0.386,0.356,0.03
2018-19,1628970,Miles Bridges,1610612766,CHA,F,21,79,74,0.371,88,266,0.331,0.347,-0.016
2018-19,1628372,Dennis Smith Jr.,1610612752,NYK,G,21,53,53,0.387,89,264,0.337,0.357,-0.02
2018-19,202681,Kyrie Irving,1610612738,BOS,G,27,67,67,0.368,109,262,0.416,0.358,0.058
2018-19,202710,Jimmy Butler III,1610612755,PHI,G-F,29,63,61,0.34,91,262,0.347,0.363,-0.016
2018-19,1628420,Monte Morris,1610612743,DEN,G,24,82,78,0.422,84,261,0.322,0.353,-0.031
2018-19,204060,Joe Ingles,1610612762,UTA,F,31,80,77,0.326,99,260,0.381,0.351,0.03
2018-19,201571,D.J. Augustin,1610612753,ORL,G,31,79,77,0.374,88,260,0.338,0.357,-0.018
2018-19,202722,Davis Bertans,1610612759,SAS,F,26,76,68,0.365,93,260,0.358,0.35,0.008
2018-19,203468,CJ McCollum,1610612757,POR,G,27,70,69,0.302,94,259,0.363,0.359,0.003
2018-19,202083,Wesley Matthews,1610612754,IND,G-F,32,69,66,0.376,97,258,0.376,0.354,0.022
2018-19,1626164,Devin Booker,1610612756,PHX,G,22,64,62,0.366,93,258,0.36,0.36,0
2018-19,202324,Derrick Favors,1610612762,UTA,F-C,27,74,69,0.259,76,258,0.295,0.35,-0.055
2018-19,203076,Anthony Davis,1610612740,NOP,F-C,26,56,56,0.274,88,258,0.341,0.354,-0.013
2018-19,201959,Taj Gibson,1610612750,MIN,F,34,70,67,0.363,99,258,0.384,0.351,0.033
2018-19,1626172,Kevon Looney,1610612744,GSW,C-F,23,80,72,0.275,88,258,0.341,0.354,-0.013
2018-19,203107,Tomas Satoransky,1610612764,WAS,G-F,27,78,73,0.327,101,257,0.393,0.351,0.042
2018-19,203473,Dewayne Dedmon,1610612737,ATL,C,29,64,63,0.294,87,257,0.339,0.356,-0.017
2018-19,1628390,Terrance Ferguson,1610612760,OKC,G,21,73,68,0.377,97,257,0.377,0.36,0.017
2018-19,1628398,Kyle Kuzma,1610612747,LAL,F,23,70,67,0.32,93,256,0.363,0.36,0.003
2018-19,1626162,Kelly Oubre Jr.,1610612756,PHX,F,23,69,68,0.363,83,255,0.325,0.358,-0.033
2018-19,203939,Dwight Powell,1610612742,DAL,F-C,27,76,71,0.309,86,254,0.339,0.355,-0.016
2018-19,1628378,Donovan Mitchell,1610612762,UTA,G,22,75,71,0.357,92,254,0.362,0.354,0.008
2018-19,1629011,Mitchell Robinson,1610612752,NYK,C,21,65,59,0.332,84,252,0.333,0.355,-0.022
2018-19,1626167,Myles Turner,1610612754,IND,C-F,23,74,69,0.203,95,251,0.378,0.353,0.026
2018-19,201158,Marco Belinelli,1610612759,SAS,G-F,33,79,75,0.401,91,251,0.363,0.358,0.005
2018-19,1627761,DeAndre' Bembry,1610612737,ATL,F,24,82,78,0.349,86,251,0.343,0.356,-0.014
2018-19,1628386,Jarrett Allen,1610612751,BKN,C,21,80,75,0.179,90,251,0.359,0.342,0.016
2018-19,1629006,Josh Okogie,1610612750,MIN,G,20,71,66,0.351,98,250,0.392,0.361,0.031
2018-19,1628404,Josh Hart,1610612747,LAL,G,24,67,60,0.332,82,249,0.329,0.357,-0.028
2018-19,1627742,Brandon Ingram,1610612747,LAL,F,21,52,50,0.405,78,248,0.315,0.356,-0.042
2018-19,2544,LeBron James,1610612747,LAL,F,34,55,55,0.419,88,247,0.356,0.356,0
2018-19,201586,Serge Ibaka,1610612761,TOR,C-F,29,74,65,0.219,92,246,0.374,0.356,0.018
2018-19,201580,JaVale McGee,1610612747,LAL,C,31,75,67,0.222,100,243,0.412,0.354,0.058
2018-19,201568,Danilo Gallinari,1610612746,LAC,F,30,68,65,0.294,94,242,0.388,0.354,0.035
2018-19,2772,Trevor Ariza,1610612764,WAS,F,33,68,65,0.354,96,242,0.397,0.361,0.036
2018-19,1628382,Justin Jackson,1610612742,DAL,F,24,80,73,0.383,78,241,0.324,0.355,-0.032
2018-19,203109,Jae Crowder,1610612762,UTA,F,28,78,73,0.345,84,239,0.351,0.356,-0.004
2018-19,1626192,Pat Connaughton,1610612749,MIL,G,26,60,59,0.438,93,239,0.389,0.352,0.037
2018-19,200752,Rudy Gay,1610612759,SAS,F,32,69,65,0.39,75,238,0.315,0.357,-0.042
2018-19,201577,Robin Lopez,1610612741,CHI,C,31,72,66,0.233,78,238,0.328,0.354,-0.026
2018-19,203121,Darius Miller,1610612740,NOP,F,29,69,65,0.378,88,234,0.376,0.356,0.02
2018-19,1628371,Jonathan Isaac,1610612753,ORL,F,21,73,70,0.347,83,234,0.355,0.355,-0.001
2018-19,203145,Kent Bazemore,1610612737,ATL,G,29,67,64,0.348,91,233,0.391,0.358,0.033
2018-19,1627885,Shaquille Harrison,1610612741,CHI,G,25,71,67,0.382,81,232,0.349,0.354,-0.005
2018-19,202323,Evan Turner,1610612757,POR,G-F,30,73,70,0.343,80,232,0.345,0.349,-0.004
2018-19,1628470,Torrey Craig,1610612743,DEN,F,28,72,66,0.402,77,231,0.333,0.357,-0.024
2018-19,1627853,Ryan Arcidiacono,1610612741,CHI,G,25,79,73,0.347,79,230,0.343,0.359,-0.016
2018-19,1626144,Emmanuel Mudiay,1610612752,NYK,G,23,58,58,0.4,77,229,0.336,0.36,-0.023
2018-19,1627736,Malik Beasley,1610612743,DEN,G,22,81,71,0.386,87,229,0.38,0.356,0.024
2018-19,1628983,Shai Gilgeous-Alexander,1610612746,LAC,G,20,82,74,0.272,70,229,0.306,0.36,-0.054
2018-19,1626204,Larry Nance Jr.,1610612739,CLE,F,26,67,63,0.272,76,229,0.332,0.355,-0.023
2018-19,203943,Noah Vonleh,1610612752,NYK,F,23,66,62,0.301,84,228,0.368,0.354,0.015
2018-19,201188,Marc Gasol,1610612761,TOR,C,34,79,68,0.2,81,228,0.355,0.351,0.004
2018-19,1626179,Terry Rozier,1610612738,BOS,G,25,79,73,0.356,80,227,0.352,0.358,-0.005
2018-19,202696,Nikola Vučević,1610612753,ORL,C,28,78,72,0.161,89,227,0.392,0.347,0.045
2018-19,1628422,Damyean Dotson,1610612752,NYK,G,25,72,68,0.364,81,226,0.358,0.366,-0.008
2018-19,1628389,Bam Adebayo,1610612748,MIA,C-F,21,82,75,0.268,82,226,0.363,0.355,0.008
2018-19,203994,Jusuf Nurkić,1610612757,POR,C,24,72,64,0.189,77,226,0.341,0.356,-0.015
2018-19,101150,Lou Williams,1610612746,LAC,G,32,75,70,0.391,87,226,0.385,0.349,0.036
2018-19,201937,Ricky Rubio,1610612762,UTA,G,28,66,63,0.317,84,225,0.373,0.355,0.019
2018-19,201565,Derrick Rose,1610612750,MIN,G,30,51,51,0.401,82,224,0.366,0.359,0.007
2018-19,1627763,Malcolm Brogdon,1610612749,MIL,G,26,64,62,0.33,83,224,0.371,0.357,0.013
2018-19,204020,Tyler Johnson,1610612756,PHX,G,27,56,55,0.416,82,223,0.368,0.362,0.006
2018-19,203915,Spencer Dinwiddie,1610612751,BKN,G,26,68,61,0.348,79,223,0.354,0.347,0.007
2018-19,201599,DeAndre Jordan,1610612752,NYK,C,30,69,60,0.226,77,217,0.355,0.352,0.003
2018-19,101108,Chris Paul,1610612745,HOU,G,34,57,57,0.347,71,217,0.327,0.353,-0.026
2018-19,1628467,Maxi Kleber,1610612742,DAL,F,27,71,64,0.301,73,217,0.336,0.364,-0.027
2018-19,201569,Eric Gordon,1610612745,HOU,G,30,67,64,0.352,82,217,0.378,0.357,0.02
2018-19,203085,Austin Rivers,1610612745,HOU,G,26,75,69,0.3,73,214,0.341,0.358,-0.017
2018-19,1628973,Jalen Brunson,1610612742,DAL,G,22,68,61,0.365,74,214,0.346,0.361,-0.015
2018-19,1713,Vince Carter,1610612737,ATL,F-G,42,76,67,0.454,77,213,0.362,0.349,0.013
2018-19,1627739,Kris Dunn,1610612741,CHI,G,25,45,44,0.395,72,210,0.343,0.357,-0.014
2018-19,202340,Avery Bradley,1610612763,MEM,G,28,63,59,0.311,86,209,0.411,0.36,0.052
2018-19,1627832,Fred VanVleet,1610612761,TOR,G,25,64,60,0.315,68,208,0.327,0.354,-0.027
2018-19,201949,James Johnson,1610612748,MIA,F,32,54,53,0.458,79,208,0.38,0.358,0.021
2018-19,1627823,Juancho Hernangomez,1610612743,DEN,F,23,68,57,0.385,69,206,0.335,0.353,-0.018
2018-19,203918,Rodney Hood,1610612757,POR,G,26,72,70,0.36,61,206,0.296,0.354,-0.058
2018-19,200755,JJ Redick,1610612755,PHI,G,35,73,70,0.334,74,205,0.361,0.353,0.008
2018-19,203506,Victor Oladipo,1610612754,IND,G,27,36,36,0.462,74,204,0.363,0.354,0.009
2018-19,203490,Otto Porter Jr.,1610612741,CHI,F,26,55,52,0.354,76,204,0.373,0.362,0.011
2018-19,1628366,Lonzo Ball,1610612747,LAL,G,21,47,47,0.346,71,203,0.35,0.354,-0.004
2018-19,200765,Rajon Rondo,1610612747,LAL,G,33,46,44,0.4,67,202,0.332,0.351,-0.019
2018-19,1627734,Domantas Sabonis,1610612754,IND,F,23,74,71,0.235,73,201,0.363,0.347,0.017
2018-19,201588,George Hill,1610612749,MIL,G,33,57,57,0.409,71,201,0.353,0.352,0.001
2018-19,201960,DeMarre Carroll,1610612751,BKN,F,32,67,61,0.35,68,200,0.34,0.351,-0.011
2018-19,203458,Alex Len,1610612737,ATL,C,26,77,73,0.216,83,200,0.415,0.347,0.068
2018-19,2738,Andre Iguodala,1610612744,GSW,F-G,35,67,64,0.374,67,199,0.337,0.351,-0.015
2018-19,1628991,Jaren Jackson Jr.,1610612763,MEM,F-C,19,58,55,0.316,76,199,0.382,0.35,0.032
2018-19,1628971,Bruce Brown,1610612765,DET,G,22,73,66,0.319,67,198,0.338,0.356,-0.018
2018-19,202391,Jeremy Lin,1610612761,TOR,G,30,74,66,0.325,73,197,0.371,0.354,0.017
2018-19,1626220,Royce O'Neale,1610612762,UTA,F,26,80,65,0.317,68,196,0.347,0.35,-0.003
2018-19,201936,Tyreke Evans,1610612754,IND,G,29,69,63,0.407,64,194,0.33,0.355,-0.025
2018-19,1629013,Landry Shamet,1610612746,LAC,G,22,76,69,0.306,59,194,0.304,0.355,-0.051
2018-19,1629016,Omari Spellman,1610612737,ATL,F,21,44,43,0.485,57,193,0.295,0.35,-0.055
2018-19,1628418,Thomas Bryant,1610612764,WAS,C,21,70,65,0.219,72,192,0.375,0.349,0.026
2018-19,1627782,Wayne Selden,1610612741,CHI,G-F,24,72,67,0.413,68,191,0.356,0.354,0.002
2018-19,101123,Gerald Green,1610612745,HOU,G-F,33,72,68,0.384,67,190,0.353,0.356,-0.004
2018-19,203488,Mike Muscala,1610612747,LAL,F-C,27,61,59,0.296,71,190,0.374,0.358,0.015
2018-19,1627752,Taurean Prince,1610612737,ATL,F,25,55,52,0.399,66,190,0.347,0.359,-0.012
2018-19,1627884,Derrick Jones Jr.,1610612748,MIA,F-G,22,56,53,0.398,61,190,0.321,0.353,-0.032
2018-19,1628380,Zach Collins,1610612757,POR,F-C,21,77,68,0.26,71,189,0.376,0.34,0.035
2018-19,202683,Enes Freedom,1610612757,POR,C,27,67,62,0.202,77,189,0.407,0.352,0.055
2018-19,203210,JaMychal Green,1610612746,LAC,F,29,65,60,0.41,62,189,0.328,0.359,-0.031
2018-19,202330,Gordon Hayward,1610612738,BOS,F,29,71,67,0.359,59,189,0.312,0.35,-0.038
2018-19,203493,Reggie Bullock Jr.,1610612747,LAL,G-F,28,62,61,0.32,68,188,0.362,0.363,-0.002
2018-19,203901,Elfrid Payton,1610612740,NOP,G,25,42,41,0.367,71,187,0.38,0.362,0.017
2018-19,1627751,Jakob Poeltl,1610612759,SAS,C,23,77,62,0.241,63,187,0.337,0.347,-0.01
2018-19,203077,Michael Kidd-Gilchrist,1610612766,CHA,F,25,62,58,0.335,60,186,0.323,0.349,-0.026
2018-19,1628384,OG Anunoby,1610612761,TOR,F,21,67,62,0.391,65,186,0.349,0.355,-0.006
2018-19,1626153,Delon Wright,1610612763,MEM,G,27,75,65,0.292,66,186,0.355,0.356,-0.001
2018-19,203503,Tony Snell,1610612749,MIL,G,27,73,63,0.404,70,185,0.378,0.345,0.033
2018-19,203090,Maurice Harkless,1610612757,POR,F,26,60,58,0.341,67,185,0.362,0.359,0.004
2018-19,1628374,Lauri Markkanen,1610612741,CHI,F,22,51,49,0.294,61,184,0.332,0.356,-0.024
2018-19,204038,Langston Galloway,1610612765,DET,G,27,79,66,0.321,57,183,0.311,0.365,-0.054
2018-19,202693,Markieff Morris,1610612760,OKC,F,29,57,53,0.326,62,183,0.339,0.354,-0.015
2018-19,203552,Seth Curry,1610612757,POR,G,28,73,65,0.377,49,183,0.268,0.354,-0.086
2018-19,203079,Dion Waiters,1610612748,MIA,G,27,44,42,0.46,66,182,0.363,0.36,0.003
2018-19,202714,Shelvin Mack,1610612766,CHA,G,29,57,54,0.391,70,182,0.385,0.354,0.03
2018-19,202703,Nikola Mirotic,1610612749,MIL,F,28,46,44,0.304,65,182,0.357,0.351,0.006
2018-19,203585,Rodney McGruder,1610612746,LAC,F-G,27,64,57,0.341,70,181,0.387,0.363,0.024
2018-19,203914,Gary Harris,1610612743,DEN,G,24,57,55,0.42,46,179,0.257,0.36,-0.103
2018-19,202355,Hassan Whiteside,1610612748,MIA,C,30,72,63,0.182,55,177,0.311,0.356,-0.046
2018-19,1628391,D.J. Wilson,1610612749,MIL,F,23,47,42,0.358,62,176,0.352,0.343,0.009
2018-19,1626145,Tyus Jones,1610612750,MIN,G,23,67,61,0.346,73,176,0.415,0.363,0.052
2018-19,1626209,Mario Hezonja,1610612752,NYK,F,24,56,51,0.361,73,176,0.415,0.357,0.058
2018-19,1629066,Rodions Kurucs,1610612751,BKN,F,21,62,59,0.333,53,175,0.303,0.35,-0.047
2018-19,202697,Iman Shumpert,1610612745,HOU,G,29,61,56,0.367,67,175,0.383,0.349,0.034
2018-19,201952,Jeff Teague,1610612750,MIN,G,31,42,40,0.413,66,175,0.377,0.359,0.019
2018-19,203469,Cody Zeller,1610612766,CHA,C,26,48,45,0.239,52,175,0.297,0.355,-0.058
2018-19,204025,Tim Frazier,1610612749,MIL,G,28,55,51,0.396,68,174,0.391,0.348,0.043
2018-19,2594,Kyle Korver,1610612762,UTA,G-F,38,69,60,0.375,64,173,0.37,0.349,0.021
2018-19,1628021,David Nwaba,1610612739,CLE,G,26,50,47,0.406,71,172,0.413,0.349,0.064
2018-19,1628425,Sterling Brown,1610612749,MIL,G,24,57,49,0.472,72,169,0.426,0.352,0.074
2018-19,1628411,Wes Iwundu,1610612753,ORL,F,24,68,61,0.36,54,167,0.323,0.359,-0.036
2018-19,203496,Robert Covington,1610612750,MIN,F,28,34,34,0.369,67,165,0.406,0.367,0.04
2018-19,203476,Gorgui Dieng,1610612750,MIN,C,29,75,60,0.29,58,163,0.356,0.348,0.008
2018-19,201973,Jonas Jerebko,1610612744,GSW,F,32,70,64,0.356,54,163,0.331,0.348,-0.016
2018-19,204456,T.J. McConnell,1610612755,PHI,G,27,73,67,0.278,51,163,0.313,0.363,-0.05
2018-19,101141,Ersan Ilyasova,1610612749,MIL,F,32,67,57,0.271,58,163,0.356,0.35,0.006
2018-19,203504,Trey Burke,1610612742,DAL,G,26,56,49,0.39,50,162,0.309,0.355,-0.047
2018-19,203926,Doug McDermott,1610612754,IND,F,27,77,72,0.368,49,161,0.304,0.349,-0.045
2018-19,202692,Alec Burks,1610612758,SAC,G,27,63,56,0.333,52,161,0.323,0.352,-0.029
2018-19,1626168,Trey Lyles,1610612743,DEN,F,23,63,56,0.342,56,160,0.35,0.344,0.006
2018-19,1626178,Rondae Hollis-Jefferson,1610612751,BKN,F,24,59,55,0.287,58,157,0.369,0.347,0.022
2018-19,201162,Jared Dudley,1610612751,BKN,F,33,59,54,0.32,58,157,0.369,0.348,0.021
2018-19,1629019,Allonzo Trier,1610612752,NYK,G,23,63,57,0.318,55,156,0.353,0.355,-0.002
2018-19,1626158,Richaun Holmes,1610612756,PHX,F-C,25,69,57,0.218,47,150,0.313,0.349,-0.036
2018-19,202362,Lance Stephenson,1610612747,LAL,G,28,65,59,0.444,51,148,0.345,0.353,-0.008
2018-19,1628976,Wendell Carter Jr.,1610612741,CHI,C,20,42,41,0.245,54,148,0.365,0.356,0.009
2018-19,201961,Wayne Ellington,1610612765,DET,G,31,52,44,0.34,49,147,0.333,0.359,-0.026
2018-19,201967,Dante Cunningham,1610612759,SAS,F,32,59,48,0.416,67,147,0.456,0.356,0.1
2018-19,203917,Nik Stauskas,1610612739,CLE,G,25,68,61,0.412,64,146,0.438,0.357,0.081
2018-19,201163,Wilson Chandler,1610612746,LAC,F,32,49,49,0.358,52,145,0.359,0.35,0.008
2018-19,203894,Shabazz Napier,1610612751,BKN,G,27,54,48,0.336,39,145,0.269,0.351,-0.082
2018-19,1627812,Yogi Ferrell,1610612758,SAC,G,26,66,55,0.401,54,145,0.372,0.35,0.023
2018-19,1628464,Daniel Theis,1610612738,BOS,F,27,66,55,0.261,48,143,0.336,0.35,-0.014
2018-19,202322,John Wall,1610612764,WAS,G,28,32,30,0.377,56,142,0.394,0.36,0.034
2018-19,1627774,Jake Layman,1610612757,POR,F,25,69,55,0.333,46,142,0.324,0.356,-0.032
2018-19,203118,Mike Scott,1610612755,PHI,F,30,78,67,0.321,46,142,0.324,0.352,-0.028
2018-19,1626188,Quinn Cook,1610612744,GSW,G,26,68,58,0.356,60,142,0.423,0.348,0.075
2018-19,1628379,Luke Kennard,1610612765,DET,G,23,62,52,0.361,47,142,0.331,0.364,-0.033
2018-19,202334,Ed Davis,1610612751,BKN,C,30,81,67,0.173,42,141,0.298,0.331,-0.034
2018-19,202326,DeMarcus Cousins,1610612744,GSW,C,28,30,30,0.275,61,141,0.433,0.357,0.075
2018-19,202684,Tristan Thompson,1610612739,CLE,C-F,28,43,41,0.244,70,141,0.496,0.355,0.142
2018-19,1627748,Thon Maker,1610612765,DET,F,22,64,51,0.272,43,139,0.309,0.347,-0.037
2018-19,203115,Will Barton,1610612743,DEN,G,28,43,40,0.38,52,138,0.377,0.362,0.015
2018-19,1627790,Ante Zizic,1610612739,CLE,C,22,57,47,0.22,59,138,0.428,0.348,0.08
2018-19,203457,Nerlens Noel,1610612760,OKC,F-C,25,76,65,0.244,36,137,0.263,0.355,-0.093
2018-19,1627733,Dragan Bender,1610612756,PHX,F,21,44,37,0.274,52,137,0.38,0.352,0.028
2018-19,1627747,Caris LeVert,1610612751,BKN,G,24,40,38,0.329,42,136,0.309,0.345,-0.037
2018-19,1628035,Alfonzo McKinnie,1610612744,GSW,F,26,69,58,0.386,40,136,0.294,0.353,-0.059
2018-19,1627863,Danuel House Jr.,1610612745,HOU,F-G,26,39,37,0.351,51,136,0.375,0.362,0.013
2018-19,203524,Solomon Hill,1610612740,NOP,F,28,44,39,0.396,40,135,0.296,0.352,-0.056
2018-19,203937,Kyle Anderson,1610612763,MEM,F,25,43,42,0.346,49,134,0.366,0.358,0.008
2018-19,201229,Anthony Tolliver,1610612750,MIN,F,34,59,53,0.35,53,134,0.396,0.349,0.047
2018-19,202734,E'Twaun Moore,1610612740,NOP,G,30,53,51,0.319,45,134,0.336,0.355,-0.019
2018-19,1626181,Norman Powell,1610612761,TOR,F-G,26,59,49,0.367,42,133,0.316,0.354,-0.038
2018-19,1629001,De'Anthony Melton,1610612756,PHX,G,21,48,40,0.324,52,132,0.394,0.363,0.031
2018-19,1626171,Bobby Portis Jr.,1610612764,WAS,F,24,48,44,0.246,47,131,0.359,0.353,0.006
2018-19,203086,Meyers Leonard,1610612757,POR,F-C,27,60,50,0.265,41,130,0.315,0.341,-0.025
2018-19,201149,Joakim Noah,1610612763,MEM,C,34,42,38,0.339,46,130,0.354,0.344,0.01
2018-19,1628370,Malik Monk,1610612766,CHA,G,21,68,56,0.371,50,129,0.388,0.356,0.032
2018-19,1629026,Kenrich Williams,1610612740,NOP,G-F,24,43,38,0.31,49,129,0.38,0.351,0.029
2018-19,203933,T.J. Warren,1610612756,PHX,F,25,43,38,0.337,60,128,0.469,0.367,0.101
2018-19,1627826,Ivica Zubac,1610612746,LAC,C,22,57,44,0.179,46,126,0.365,0.348,0.017
2018-19,202335,Patrick Patterson,1610612760,OKC,F,30,60,54,0.344,54,126,0.429,0.349,0.079
2018-19,2733,Shaun Livingston,1610612744,GSW,G,33,64,53,0.377,38,125,0.304,0.343,-0.039
2018-19,1628402,Frank Jackson,1610612740,NOP,G,21,57,50,0.345,46,125,0.368,0.355,0.013
2018-19,1626169,Stanley Johnson,1610612740,NOP,F,23,63,48,0.309,37,121,0.306,0.35,-0.045
2018-19,203546,Ian Clark,1610612740,NOP,G,28,54,46,0.368,48,120,0.4,0.36,0.04
2018-19,202685,Jonas Valanciunas,1610612763,MEM,C,27,49,43,0.176,37,120,0.308,0.357,-0.049
2018-19,1628436,Luke Kornet,1610612752,NYK,F-C,23,44,38,0.232,38,120,0.317,0.35,-0.033
2018-19,1717,Dirk Nowitzki,1610612742,DAL,F,41,51,42,0.283,39,119,0.328,0.351,-0.023
2018-19,203998,Bruno Caboclo,1610612763,MEM,F,23,33,32,0.368,45,119,0.378,0.356,0.022
2018-19,203382,Aron Baynes,1610612738,BOS,C-F,32,50,45,0.202,46,118,0.39,0.357,0.033
2018-19,1626246,Boban Marjanovic,1610612755,PHI,C,30,56,46,0.234,33,117,0.282,0.346,-0.064
2018-19,1626170,Jerian Grant,1610612753,ORL,G,26,53,45,0.348,43,117,0.368,0.345,0.022
2018-19,2199,Tyson Chandler,1610612747,LAL,C,36,55,46,0.203,40,117,0.342,0.352,-0.01
2018-19,1628972,Troy Brown Jr.,1610612764,WAS,F,19,45,38,0.382,28,116,0.241,0.349,-0.107
2018-19,203613,Jonathon Simmons,1610612755,PHI,F,29,51,48,0.347,45,116,0.388,0.352,0.036
2018-19,1628385,Harry Giles III,1610612758,SAC,F-C,21,58,43,0.293,41,115,0.357,0.359,-0.002
2018-19,202397,Ish Smith,1610612765,DET,G,30,56,47,0.26,41,115,0.357,0.36,-0.004
2018-19,1628990,Chandler Hutchison,1610612741,CHI,F,23,43,39,0.351,31,114,0.272,0.358,-0.086
2018-19,1626245,Cristiano Felicio,1610612741,CHI,F-C,26,57,42,0.266,42,114,0.368,0.349,0.019
2018-19,203516,James Ennis III,1610612755,PHI,F,28,58,49,0.27,40,113,0.354,0.355,-0.001
2018-19,201609,Goran Dragic,1610612748,MIA,G,33,36,35,0.349,44,113,0.389,0.353,0.037
2018-19,1628395,Jordan Bell,1610612744,GSW,F,24,65,51,0.255,40,112,0.357,0.342,0.015
2018-19,202702,Kenneth Faried,1610612745,HOU,F-C,29,36,32,0.31,37,112,0.33,0.349,-0.019
2018-19,1628397,Ivan Rabb,1610612763,MEM,F,22,48,41,0.318,48,111,0.432,0.357,0.075
2018-19,202498,Lance Thomas,1610612752,NYK,F,31,46,43,0.378,36,111,0.324,0.365,-0.041
2018-19,1626163,Frank Kaminsky,1610612766,CHA,F-C,26,45,40,0.272,52,110,0.473,0.349,0.124
2018-19,1626155,Sam Dekker,1610612764,WAS,F,25,44,38,0.376,38,109,0.349,0.353,-0.005
2018-19,2585,Zaza Pachulia,1610612765,DET,C,35,67,54,0.218,32,106,0.302,0.355,-0.053
2018-19,203521,Matthew Dellavedova,1610612739,CLE,G,28,48,40,0.303,30,105,0.286,0.351,-0.065
2018-19,1629059,Elie Okobo,1610612756,PHX,G,21,52,36,0.291,41,105,0.39,0.362,0.028
2018-19,203459,Allen Crabbe,1610612751,BKN,G-F,27,43,38,0.363,36,105,0.343,0.354,-0.011
2018-19,202687,Bismack Biyombo,1610612766,CHA,C,26,53,43,0.251,37,104,0.356,0.349,0.007
2018-19,1628407,Dwayne Bacon,1610612766,CHA,G-F,23,40,33,0.39,37,104,0.356,0.358,-0.002
2018-19,1626143,Jahlil Okafor,1610612740,NOP,C,23,54,41,0.192,31,101,0.307,0.354,-0.047
2018-19,2734,Devin Harris,1610612742,DAL,G,36,62,51,0.345,35,99,0.354,0.342,0.012
2018-19,1628373,Frank Ntilikina,1610612752,NYK,G,20,42,34,0.301,35,98,0.357,0.355,0.002
2018-19,2225,Tony Parker,1610612766,CHA,G,37,54,46,0.395,30,98,0.306,0.346,-0.039
2018-19,1627767,Cheick Diallo,1610612740,NOP,F,22,64,49,0.21,36,98,0.367,0.345,0.023
2018-19,1626184,Chasson Randle,1610612764,WAS,G,26,48,43,0.326,33,97,0.34,0.347,-0.007
2018-19,1627846,Abdel Nader,1610612760,OKC,F,25,51,42,0.347,30,96,0.313,0.354,-0.041
2018-19,201573,Jerryd Bayless,1610612750,MIN,G,30,33,30,0.442,40,96,0.417,0.362,0.055
2018-19,1626203,Treveon Graham,1610612751,BKN,F,25,34,33,0.337,30,96,0.313,0.354,-0.041
2018-19,2037,Jamal Crawford,1610612756,PHX,G,39,59,43,0.347,30,95,0.316,0.352,-0.036
2018-19,1628964,Mo Bamba,1610612753,ORL,C,21,45,32,0.211,36,94,0.383,0.35,0.033
2018-19,1627936,Alex Caruso,1610612747,LAL,G,25,24,18,0.409,27,94,0.287,0.365,-0.078
2018-19,202688,Brandon Knight,1610612739,CLE,G,27,39,36,0.378,33,94,0.351,0.367,-0.016
2018-19,1629021,Moritz Wagner,1610612747,LAL,C,22,38,32,0.399,28,93,0.301,0.355,-0.054
2018-19,1628984,Devonte' Graham,1610612766,CHA,G,24,44,39,0.361,38,91,0.418,0.351,0.066
2018-19,1628400,Semi Ojeleye,1610612738,BOS,F,24,48,42,0.444,29,91,0.319,0.351,-0.032
2018-19,1626195,Willy Hernangomez,1610612766,CHA,C,25,58,41,0.193,35,90,0.389,0.351,0.038
2018-19,1628413,Jonah Bolden,1610612755,PHI,F,23,40,32,0.301,25,89,0.281,0.356,-0.075
2018-19,200826,J.J. Barea,1610612742,DAL,G,35,38,34,0.369,39,89,0.438,0.358,0.081
2018-19,203957,Dante Exum,1610612762,UTA,G,23,40,34,0.369,33,89,0.371,0.353,0.018
2018-19,203584,Troy Daniels,1610612756,PHX,G,27,49,38,0.369,34,89,0.382,0.371,0.011
2018-19,1626166,Cameron Payne,1610612739,CLE,G,24,35,30,0.383,41,88,0.466,0.352,0.114
2018-19,1628416,Tyler Dorsey,1610612763,MEM,G,23,42,35,0.375,30,87,0.345,0.363,-0.018
2018-19,1628469,Antonio Blakeney,1610612741,CHI,G,22,51,40,0.382,40,86,0.465,0.351,0.114
2018-19,1628975,Jevon Carter,1610612763,MEM,G,23,36,32,0.455,36,86,0.419,0.364,0.055
2018-19,1627788,Furkan Korkmaz,1610612755,PHI,G-F,21,44,36,0.378,36,84,0.429,0.352,0.077
2018-19,101139,CJ Miles,1610612763,MEM,F-G,32,51,39,0.359,26,80,0.325,0.342,-0.017
2018-19,1627820,Tyrone Wallace,1610612746,LAC,G,25,54,42,0.369,29,80,0.363,0.362,0.001
2018-19,1628388,T.J. Leaf,1610612754,IND,F,22,56,37,0.338,23,80,0.288,0.338,-0.051
2018-19,1628515,Isaiah Briscoe,1610612753,ORL,G,23,34,27,0.401,24,79,0.304,0.354,-0.05
2018-19,203477,Isaiah Canaan,1610612749,MIL,G,28,29,22,0.367,28,79,0.354,0.367,-0.012
2018-19,201147,Corey Brewer,1610612758,SAC,G-F,33,31,29,0.446,32,79,0.405,0.357,0.048
2018-19,101162,Marcin Gortat,1610612746,LAC,C,35,47,34,0.173,29,78,0.372,0.349,0.023
2018-19,1627789,Timothe Luwawu-Cabarrot,1610612741,CHI,G-F,24,40,31,0.386,35,78,0.449,0.361,0.087
2018-19,203518,Alex Abrines,1610612760,OKC,G,25,31,27,0.358,25,76,0.329,0.358,-0.029
2018-19,1627737,Marquese Chriss,1610612739,CLE,F,21,41,30,0.308,31,76,0.408,0.357,0.051
2018-19,201567,Kevin Love,1610612739,CLE,F-C,30,22,21,0.305,27,76,0.355,0.357,-0.001
2018-19,101161,Amir Johnson,1610612755,PHI,C-F,32,49,40,0.231,27,74,0.365,0.335,0.03
2018-19,101181,Jose Calderon,1610612765,DET,G,37,43,36,0.341,29,73,0.397,0.354,0.043
2018-19,1628966,Keita Bates-Diop,1610612750,MIN,F,23,28,26,0.343,23,72,0.319,0.344,-0.025
2018-19,1627745,Damian Jones,1610612744,GSW,C,24,24,23,0.268,19,72,0.264,0.35,-0.086
2018-19,1628988,Aaron Holiday,1610612754,IND,G,22,43,36,0.341,21,72,0.292,0.359,-0.068
2018-19,202325,Wesley Johnson,1610612764,WAS,F-G,31,37,29,0.39,26,71,0.366,0.359,0.008
2018-19,201585,Kosta Koufos,1610612758,SAC,C,30,41,33,0.25,24,71,0.338,0.351,-0.013
2018-19,2403,Nene,1610612745,HOU,C-F,36,42,32,0.257,22,70,0.314,0.355,-0.041
2018-19,2736,Luol Deng,1610612750,MIN,F,34,22,19,0.434,17,69,0.246,0.358,-0.111
2018-19,201956,Omri Casspi,1610612763,MEM,F,31,35,31,0.397,23,69,0.333,0.363,-0.03
2018-19,1629151,Ryan Broekhoff,1610612742,DAL,G-F,28,34,29,0.478,20,66,0.303,0.341,-0.038
2018-19,203920,Khem Birch,1610612753,ORL,C,26,50,36,0.191,17,66,0.258,0.339,-0.081
2018-19,202718,Chandler Parsons,1610612763,MEM,F,30,25,21,0.46,17,64,0.266,0.354,-0.088
2018-19,101133,Ian Mahinmi,1610612764,WAS,C,32,32,22,0.242,26,64,0.406,0.352,0.054
2018-19,203124,Kyle O'Quinn,1610612754,IND,C,29,36,26,0.29,23,62,0.371,0.348,0.023
2018-19,1627814,Damion Lee,1610612744,GSW,G,26,29,24,0.388,18,62,0.29,0.347,-0.057
2018-19,1629004,Svi Mykhailiuk,1610612765,DET,G,22,40,29,0.372,18,61,0.295,0.359,-0.064
2018-19,203922,Glenn Robinson III,1610612765,DET,G-F,25,42,28,0.3,18,61,0.295,0.356,-0.061
2018-19,1629109,Gary Clark,1610612745,HOU,F,24,45,29,0.245,18,60,0.3,0.357,-0.057
2018-19,202705,MarShon Brooks,1610612763,MEM,G,30,29,23,0.454,23,59,0.39,0.354,0.036
2018-19,1628412,Frank Mason III,1610612758,SAC,G,25,34,26,0.374,15,58,0.259,0.346,-0.088
2018-19,1626185,Jarell Martin,1610612753,ORL,F,25,36,28,0.384,20,58,0.345,0.352,-0.007
2018-19,1628417,Jaron Blossomgame,1610612739,CLE,F,25,26,24,0.345,21,57,0.368,0.355,0.013
2018-19,1628960,Grayson Allen,1610612762,UTA,G,23,32,21,0.348,21,57,0.368,0.35,0.018
2018-19,101112,Channing Frye,1610612739,CLE,F-C,36,34,24,0.271,30,56,0.536,0.342,0.194
2018-19,200757,Thabo Sefolosha,1610612762,UTA,F,35,47,32,0.28,15,56,0.268,0.349,-0.081
2018-19,1628978,Donte DiVincenzo,1610612749,MIL,G,22,27,22,0.373,17,56,0.304,0.357,-0.054
2018-19,1626174,Christian Wood,1610612740,NOP,F,23,20,16,0.424,21,56,0.375,0.336,0.039
2018-19,1628415,Dillon Brooks,1610612763,MEM,G-F,23,18,18,0.491,15,55,0.273,0.358,-0.085
2018-19,203526,Raul Neto,1610612762,UTA,G,27,35,29,0.282,18,55,0.327,0.345,-0.017
2018-19,1629140,Johnathan Williams,1610612747,LAL,F,24,23,19,0.3,20,54,0.37,0.359,0.012
2018-19,1628392,Isaiah Hartenstein,1610612745,HOU,F-C,21,28,22,0.386,19,54,0.352,0.353,-0.001
2018-19,1627777,Georges Niang,1610612762,UTA,F,26,50,33,0.312,20,54,0.37,0.339,0.031
2018-19,203487,Michael Carter-Williams,1610612753,ORL,G,27,22,18,0.356,16,53,0.302,0.352,-0.05
2018-19,1628443,Kadeem Allen,1610612752,NYK,G,26,19,17,0.381,22,53,0.415,0.358,0.057
2018-19,1628977,Hamidou Diallo,1610612760,OKC,G,20,41,30,0.329,17,53,0.321,0.361,-0.04
2018-19,201563,Michael Beasley,1610612747,LAL,F,30,25,24,0.433,18,52,0.346,0.363,-0.017
2018-19,1628414,Sindarius Thornwell,1610612746,LAC,G,24,43,30,0.407,12,50,0.24,0.365,-0.125
2018-19,1629121,Jaylen Adams,1610612737,ATL,G,23,31,25,0.36,17,50,0.34,0.344,-0.004
2018-19,202954,Brad Wanamaker,1610612738,BOS,G,29,33,20,0.36,19,50,0.38,0.337,0.043
2018-19,1627786,Troy Williams,1610612758,SAC,F,24,21,20,0.44,20,48,0.417,0.36,0.057
2018-19,203895,Jordan McRae,1610612764,WAS,G,28,21,18,0.366,20,48,0.417,0.359,0.058
2018-19,1626147,Justin Anderson,1610612737,ATL,G-F,25,42,29,0.301,18,47,0.383,0.347,0.036
2018-19,201584,Courtney Lee,1610612742,DAL,G,33,32,23,0.354,15,46,0.326,0.357,-0.031
2018-19,1626257,Salah Mejri,1610612742,DAL,C,33,34,26,0.165,15,44,0.341,0.347,-0.006
2018-19,201160,Jason Smith,1610612740,NOP,F-C,33,18,15,0.376,10,44,0.227,0.334,-0.107
2018-19,2546,Carmelo Anthony,1610612745,HOU,F,35,10,10,0.37,16,44,0.364,0.364,0
2018-19,1629057,Robert Williams III,1610612738,BOS,C-F,21,28,20,0.249,18,43,0.419,0.347,0.072
2018-19,1627883,Jalen Jones,1610612739,CLE,F,26,16,14,0.519,18,42,0.429,0.345,0.083
2018-19,1629033,Theo Pinson,1610612751,BKN,G-F,23,15,12,0.506,13,41,0.317,0.344,-0.027
2018-19,201583,Ryan Anderson,1610612748,MIA,F,31,21,19,0.396,14,40,0.35,0.338,0.012
2018-19,1627395,Julian Washburn,1610612763,MEM,F-G,27,16,13,0.402,12,39,0.308,0.352,-0.044
2018-19,1628365,Markelle Fultz,1610612753,ORL,G,21,17,17,0.315,10,39,0.256,0.355,-0.099
2018-19,202347,Quincy Pondexter,1610612759,SAS,F,31,37,22,0.358,10,39,0.256,0.345,-0.089
2018-19,1627746,Skal Labissiere,1610612757,POR,F,23,20,13,0.386,14,39,0.359,0.344,0.015
2018-19,203089,John Henson,1610612739,CLE,F,28,14,13,0.331,13,39,0.333,0.336,-0.002
2018-19,101109,Raymond Felton,1610612760,OKC,G,35,29,19,0.283,15,39,0.385,0.347,0.037
2018-19,202720,Jon Leuer,1610612765,DET,F,30,39,21,0.186,18,38,0.474,0.341,0.133
2018-19,202328,Greg Monroe,1610612755,PHI,C,29,39,21,0.121,12,37,0.324,0.341,-0.017
2018-19,1629244,Cam Reynolds,1610612750,MIN,G,24,17,15,0.387,10,36,0.278,0.366,-0.088
2018-19,1628410,Edmond Sumner,1610612754,IND,G,23,19,15,0.424,13,36,0.361,0.36,0.001
2018-19,203098,John Jenkins,1610612752,NYK,G,28,26,20,0.389,12,35,0.343,0.356,-0.014
2018-19,1629010,Jerome Robinson,1610612746,LAC,G,22,27,16,0.324,11,35,0.314,0.365,-0.051
2018-19,1627740,Henry Ellenson,1610612752,NYK,F,22,19,13,0.321,16,35,0.457,0.364,0.093
2018-19,1629126,Deonte Burton,1610612760,OKC,G,25,21,17,0.37,11,34,0.324,0.346,-0.023
2018-19,1627775,Patrick McCaw,1610612761,TOR,G,23,26,21,0.318,12,34,0.353,0.341,0.012
2018-19,202327,Ekpe Udoh,1610612762,UTA,C-F,32,43,23,0.184,12,33,0.364,0.328,0.036
2018-19,2200,Pau Gasol,1610612749,MIL,C-F,38,29,15,0.161,10,32,0.313,0.344,-0.032
2018-19,1627824,Guerschon Yabusele,1610612738,BOS,F,23,37,23,0.233,12,31,0.387,0.354,0.033
2018-19,1629002,Chimezie Metu,1610612759,SAS,F,22,22,18,0.517,8,31,0.258,0.347,-0.089
2018-19,1627772,Daniel Hamilton,1610612737,ATL,G-F,23,17,14,0.319,10,30,0.333,0.349,-0.015
2018-19,1628403,Caleb Swanigan,1610612758,SAC,F,22,18,16,0.333,9,29,0.31,0.334,-0.023
2018-19,1628449,Chris Boucher,1610612761,TOR,F,26,28,14,0.266,9,29,0.31,0.348,-0.038
2018-19,203960,JaKarr Sampson,1610612741,CHI,F,26,4,4,0.537,9,29,0.31,0.354,-0.044
2018-19,1629061,Deng Adel,1610612739,CLE,F,22,14,13,0.38,11,27,0.407,0.376,0.031
2018-19,2747,JR Smith,1610612739,CLE,G-F,33,9,9,0.429,8,27,0.296,0.335,-0.039
2018-19,1627816,Alex Poythress,1610612737,ATL,F,25,21,18,0.229,9,27,0.333,0.369,-0.036
2018-19,1629130,Duncan Robinson,1610612748,MIA,F,25,11,8,0.441,11,26,0.423,0.347,0.076
2018-19,1626150,Andrew Harrison,1610612740,NOP,G,24,15,11,0.366,11,26,0.423,0.33,0.094
2018-19,1628980,Jacob Evans,1610612744,GSW,G,22,21,9,0.301,13,25,0.52,0.338,0.182
2018-19,203710,C.J. Williams,1610612750,MIN,G,29,12,9,0.463,10,25,0.4,0.339,0.061
2018-19,1629541,Dairis Bertans,1610612740,NOP,G,29,12,10,0.385,14,25,0.56,0.346,0.214
2018-19,203485,Lorenzo Brown,1610612761,TOR,G,28,21,13,0.312,9,24,0.375,0.346,0.029
2018-19,1627738,Deyonta Davis,1610612737,ATL,C-F,22,8,6,0.364,7,24,0.292,0.356,-0.064
2018-19,1629139,Yuta Watanabe,1610612763,MEM,G,24,11,10,0.411,11,23,0.478,0.344,0.134
2018-19,1629003,Shake Milton,1610612755,PHI,G,22,17,13,0.311,10,23,0.435,0.349,0.086
2018-19,1627215,Walt Lemon Jr.,1610612741,CHI,G,26,6,6,0.365,9,23,0.391,0.349,0.042
2018-19,1629102,Brandon Sampson,1610612741,CHI,G,22,13,10,0.371,9,23,0.391,0.362,0.029
2018-19,1629034,Ray Spalding,1610612756,PHX,F,22,14,7,0.242,6,22,0.273,0.342,-0.069
2018-19,1629234,Drew Eubanks,1610612759,SAS,F,22,19,14,0.319,5,22,0.227,0.35,-0.122
2018-19,1628462,Milos Teodosic,1610612746,LAC,G,32,13,11,0.367,7,22,0.318,0.352,-0.033
2018-19,202738,Isaiah Thomas,1610612743,DEN,G,30,12,9,0.35,3,21,0.143,0.356,-0.214
2018-19,1627735,Wade Baldwin IV,1610612757,POR,G,23,13,11,0.477,8,21,0.381,0.336,0.044
2018-19,1629203,Jemerrio Jones,1610612747,LAL,F,24,5,5,0.344,5,21,0.238,0.376,-0.138
2018-19,203112,Quincy Acy,1610612756,PHX,F,28,10,9,0.292,4,19,0.211,0.352,-0.142
2018-19,1629045,Bonzie Colson,1610612749,MIL,F,23,5,2,0.5,7,19,0.368,0.318,0.05
2018-19,1629018,Gary Trent Jr.,1610612757,POR,G,20,12,6,0.373,8,19,0.421,0.322,0.099
2018-19,203101,Miles Plumlee,1610612737,ATL,C,30,17,11,0.184,9,18,0.5,0.345,0.155
2018-19,2730,Dwight Howard,1610612764,WAS,C,33,9,7,0.184,4,18,0.222,0.359,-0.137
2018-19,1628405,Johnathan Motley,1610612746,LAC,F,24,18,11,0.286,5,18,0.278,0.334,-0.057
2018-19,1629123,Jared Terrell,1610612750,MIN,G,24,11,9,0.474,1,18,0.056,0.353,-0.297
2018-19,1629014,Anfernee Simons,1610612757,POR,G,20,15,8,0.321,9,18,0.5,0.321,0.179
2018-19,1628959,Rawle Alkins,1610612741,CHI,G,21,7,6,0.37,7,17,0.412,0.337,0.074
2018-19,203092,Tyler Zeller,1610612763,MEM,C,29,6,6,0.27,6,17,0.353,0.337,0.016
2018-19,101106,Andrew Bogut,1610612744,GSW,C,34,11,10,0.185,6,17,0.353,0.355,-0.002
2018-19,1628993,Alize Johnson,1610612754,IND,F,23,11,8,0.447,8,17,0.471,0.371,0.1
2018-19,1629067,Isaac Bonga,1610612747,LAL,G,19,15,10,0.37,9,17,0.529,0.376,0.154
2018-19,1626259,Malcolm Miller,1610612761,TOR,F,26,10,8,0.5,2,16,0.125,0.313,-0.188
2018-19,1628421,Devin Robinson,1610612764,WAS,F,24,7,6,0.471,5,16,0.313,0.363,-0.051
2018-19,1627758,Ron Baker,1610612764,WAS,G,26,11,8,0.273,4,15,0.267,0.328,-0.062
2018-19,1628513,Naz Mitrou-Long,1610612762,UTA,G,25,12,7,0.389,6,14,0.429,0.331,0.097
2018-19,203463,Ben McLemore,1610612758,SAC,G,26,15,8,0.245,5,13,0.385,0.344,0.041
2018-19,1629094,Marcus Derrickson,1610612744,GSW,F,23,11,8,0.293,4,12,0.333,0.344,-0.01
2018-19,1629022,Lonnie Walker IV,1610612759,SAS,G,20,13,9,0.308,1,12,0.083,0.344,-0.261
2018-19,1629015,Zhaire Smith,1610612755,PHI,G,20,5,5,0.308,4,12,0.333,0.353,-0.019
2018-19,201975,Jodie Meeks,1610612761,TOR,G,31,7,5,0.48,7,12,0.583,0.335,0.249
2018-19,1628656,Billy Garrett,1610612752,NYK,G-F,24,4,4,0.545,6,12,0.5,0.374,0.127
2018-19,1628518,Amile Jefferson,1610612753,ORL,F,26,11,4,0.333,3,12,0.25,0.341,-0.091
2018-19,1629353,Isaac Humphries,1610612737,ATL,C,21,5,5,0.367,5,11,0.455,0.337,0.118
2018-19,201601,Luc Mbah a Moute,1610612746,LAC,F,32,4,3,0.478,2,11,0.182,0.357,-0.175
2018-19,1629017,Khyri Thomas,1610612765,DET,G,23,18,7,0.229,4,11,0.364,0.358,0.006
2018-19,1629133,Daryl Macon,1610612742,DAL,G,23,7,3,0.455,2,10,0.2,0.332,-0.132
2018-19,1628432,Davon Reed,1610612754,IND,G,24,8,5,0.45,3,9,0.333,0.347,-0.014
2018-19,1628399,Tyler Lydon,1610612743,DEN,F,23,16,7,0.281,3,9,0.333,0.365,-0.031
2018-19,1629020,Jarred Vanderbilt,1610612743,DEN,F,20,10,7,0.257,1,9,0.111,0.399,-0.288
2018-19,203263,James Nunnally,1610612745,HOU,F,28,13,7,0.308,5,8,0.625,0.336,0.289
2018-19,1627781,Malachi Richardson,1610612761,TOR,G,23,12,5,0.364,6,8,0.75,0.367,0.383
2018-19,202690,Jimmer Fredette,1610612756,PHX,G,30,6,4,0.364,3,8,0.375,0.328,0.047
2018-19,203961,Eric Moreland,1610612761,TOR,F-C,27,5,5,0.28,1,7,0.143,0.357,-0.214
2018-19,1629164,Brandon Goodwin,1610612743,DEN,G,23,11,6,0.389,2,7,0.286,0.372,-0.086
2018-19,1629185,Chris Chiozza,1610612745,HOU,G,23,6,3,0.5,1,7,0.143,0.247,-0.104
2018-19,1629150,Emanuel Terry,1610612748,MIA,F,22,3,2,0.333,3,6,0.5,0.373,0.127
2018-19,1628999,Yante Maten,1610612748,MIA,F,22,1,1,0.545,0,6,0,0.287,-0.287
2018-19,1626210,Alan Williams,1610612751,BKN,F-C,26,5,4,0.462,2,6,0.333,0.285,0.048
2018-19,1629168,BJ Johnson,1610612758,SAC,F,23,7,5,0.3,2,6,0.333,0.343,-0.01
2018-19,1628982,Melvin Frazier Jr.,1610612753,ORL,G-F,22,9,5,0.429,3,6,0.5,0.35,0.15
2018-19,1628249,Mitchell Creek,1610612750,MIN,F-G,27,3,2,0.462,1,6,0.167,0.368,-0.201
2018-19,1626154,RJ Hunter,1610612738,BOS,G,25,1,1,0.417,0,5,0,0.294,-0.294
2018-19,1628396,Tony Bradley,1610612762,UTA,C,21,2,2,0.25,4,5,0.8,0.379,0.421
2018-19,1629118,Thomas Welsh,1610612743,DEN,C,23,7,4,0.25,1,5,0.2,0.309,-0.109
2018-19,1628605,Dusty Hannahs,1610612763,MEM,G,25,2,2,0.5,1,5,0.2,0.356,-0.156
2018-19,1627780,Gary Payton II,1610612764,WAS,G,26,2,2,0.625,2,5,0.4,0.325,0.075
2018-19,2617,Udonis Haslem,1610612748,MIA,F,39,7,3,0.156,0,5,0,0.337,-0.337
2018-19,1628408,PJ Dozier,1610612738,BOS,G-F,22,3,1,0.286,2,4,0.5,0.353,0.147
2018-19,1628439,Isaiah Hicks,1610612752,NYK,F,24,3,3,0.174,3,4,0.75,0.337,0.413
2018-19,1628383,Justin Patton,1610612755,PHI,C,22,2,2,0.333,2,4,0.5,0.177,0.324
2018-19,1628393,Jawun Evans,1610612760,OKC,G,22,7,3,0.25,2,4,0.5,0.329,0.171
2018-19,202700,Donatas Motiejunas,1610612759,SAS,F-C,28,3,3,0.667,0,4,0,0.381,-0.381
2018-19,1628961,Kostas Antetokounmpo,1610612742,DAL,F,21,2,2,0.667,1,4,0.25,0.351,-0.101
2018-19,1628070,Jordan Loyd,1610612761,TOR,G,25,9,3,0.222,1,4,0.25,0.331,-0.081
2018-19,1628537,Jaylen Morris,1610612749,MIL,G,23,3,2,0.375,0,3,0,0.328,-0.328
2018-19,1627855,Okaro White,1610612764,WAS,F,26,3,2,0.75,1,3,0.333,0.35,-0.016
2018-19,201156,Nick Young,1610612743,DEN,G-F,34,3,3,0.3,1,3,0.333,0.387,-0.054
2018-19,1629055,Donte Grantham,1610612760,OKC,F,24,2,2,1,1,2,0.5,0.245,0.255
2018-19,1629312,Haywood Highsmith,1610612755,PHI,F,22,4,2,0.182,1,2,0.5,0.343,0.158
2018-19,1629053,Vincent Edwards,1610612745,HOU,F,23,1,1,0.667,0,2,0,0.365,-0.365
2018-19,1627743,Demetrius Jackson,1610612755,PHI,G,24,4,2,0.182,1,2,0.5,0.35,0.151
2018-19,1628505,Troy Caupain,1610612753,ORL,G,23,3,2,0.5,0,2,0,0.296,-0.296
2018-19,203474,DJ Stephens,1610612763,MEM,G-F,28,1,1,0.667,2,2,1,0.326,0.674
2018-19,1629152,DeVaughn Akoon-Purcell,1610612743,DEN,G-F,26,5,2,0.222,2,2,1,0.349,0.651
2018-19,1629058,Dzanan Musa,1610612751,BKN,G-F,20,4,2,0.25,1,2,0.5,0.199,0.301
2018-19,1628463,Tyler Cavanaugh,1610612762,UTA,F,25,6,2,0.182,1,2,0.5,0.383,0.118
2018-19,201281,Andre Ingram,1610612747,LAL,G,33,3,1,0.25,0,1,0,0.397,-0.397
2018-19,1628994,George King,1610612756,PHX,F,25,1,1,0.333,1,1,1,0.43,0.57
2018-19,203159,Scott Machado,1610612747,LAL,G,29,2,1,0.25,1,1,1,0.362,0.638
2018-19,1628424,Kobi Simmons,1610612739,CLE,G,21,1,1,1,0,1,0,0.395,-0.395
2018-19,1629122,J.P. Macura,1610612766,CHA,G,24,2,1,0.125,1,1,1,0.405,0.595
2019-20,1627783,Pascal Siakam,1610612761,TOR,F,26,60,60,0.409,126,407,0.31,0.359,-0.049
2019-20,201935,James Harden,1610612745,HOU,G,30,68,68,0.355,138,403,0.342,0.357,-0.014
2019-20,1628415,Dillon Brooks,1610612763,MEM,G-F,24,73,72,0.44,143,377,0.379,0.362,0.017
2019-20,200782,P.J. Tucker,1610612745,HOU,F,35,71,71,0.351,134,369,0.363,0.357,0.006
2019-20,202357,Nemanja Bjelica,1610612758,SAC,F,32,72,71,0.362,132,360,0.367,0.362,0.005
2019-20,203468,CJ McCollum,1610612757,POR,G,28,69,67,0.362,130,360,0.361,0.361,0
2019-20,201572,Brook Lopez,1610612749,MIL,C,32,67,66,0.273,135,358,0.377,0.347,0.03
2019-20,203497,Rudy Gobert,1610612762,UTA,C,28,68,66,0.225,120,350,0.343,0.356,-0.013
2019-20,1628389,Bam Adebayo,1610612748,MIA,C-F,22,71,69,0.332,121,348,0.348,0.356,-0.008
2019-20,201950,Jrue Holiday,1610612740,NOP,G,30,61,61,0.367,107,335,0.319,0.36,-0.04
2019-20,200768,Kyle Lowry,1610612761,TOR,G,34,58,58,0.436,110,333,0.33,0.358,-0.028
2019-20,203084,Harrison Barnes,1610612758,SAC,F,28,72,71,0.402,129,331,0.39,0.363,0.027
2019-20,203501,Tim Hardaway Jr.,1610612742,DAL,G-F,28,70,67,0.431,118,327,0.361,0.365,-0.005
2019-20,1627759,Jaylen Brown,1610612738,BOS,G-F,23,57,56,0.434,116,324,0.358,0.361,-0.002
2019-20,1629012,Collin Sexton,1610612739,CLE,G,21,65,65,0.41,125,323,0.387,0.364,0.023
2019-20,1629130,Duncan Robinson,1610612748,MIA,F,26,71,70,0.438,108,322,0.335,0.363,-0.028
2019-20,1626179,Terry Rozier,1610612766,CHA,G,26,62,60,0.422,110,321,0.343,0.364,-0.021
2019-20,1627827,Dorian Finney-Smith,1610612742,DAL,F,27,70,68,0.366,103,320,0.322,0.364,-0.042
2019-20,203496,Robert Covington,1610612745,HOU,F,29,70,70,0.368,102,317,0.322,0.364,-0.042
2019-20,203076,Anthony Davis,1610612747,LAL,F-C,27,62,62,0.358,100,316,0.316,0.363,-0.047
2019-20,202710,Jimmy Butler III,1610612748,MIA,F,30,58,57,0.46,97,311,0.312,0.358,-0.046
2019-20,203078,Bradley Beal,1610612764,WAS,G,27,57,57,0.434,114,308,0.37,0.36,0.01
2019-20,1629134,Kendrick Nunn,1610612748,MIA,G,24,66,65,0.42,125,308,0.406,0.365,0.041
2019-20,203935,Marcus Smart,1610612738,BOS,G,26,60,60,0.451,102,307,0.332,0.364,-0.032
2019-20,1627741,Buddy Hield,1610612758,SAC,G,27,72,70,0.347,112,307,0.365,0.361,0.004
2019-20,1627832,Fred VanVleet,1610612761,TOR,G,26,54,54,0.399,104,307,0.339,0.358,-0.02
2019-20,1628401,Derrick White,1610612759,SAS,G,25,67,66,0.376,109,305,0.357,0.354,0.003
2019-20,1628970,Miles Bridges,1610612766,CHA,F,22,64,64,0.365,113,305,0.37,0.363,0.008
2019-20,1627734,Domantas Sabonis,1610612754,IND,F-C,24,62,61,0.278,106,302,0.351,0.36,-0.009
2019-20,1626164,Devin Booker,1610612756,PHX,G,23,70,70,0.365,105,302,0.348,0.36,-0.012
2019-20,1629630,Ja Morant,1610612763,MEM,G,20,67,67,0.384,97,301,0.322,0.36,-0.038
2019-20,1628984,Devonte' Graham,1610612766,CHA,G,25,62,62,0.416,118,300,0.393,0.359,0.035
2019-20,203081,Damian Lillard,1610612757,POR,G,29,65,64,0.379,107,298,0.359,0.357,0.002
2019-20,203992,Bogdan Bogdanović,1610612758,SAC,G,27,61,61,0.451,96,297,0.323,0.355,-0.032
2019-20,203999,Nikola Jokić,1610612743,DEN,C,25,73,71,0.233,111,294,0.378,0.359,0.019
2019-20,1626220,Royce O'Neale,1610612762,UTA,F,27,71,68,0.343,101,294,0.344,0.362,-0.018
2019-20,1628988,Aaron Holiday,1610612754,IND,G,23,65,64,0.414,97,293,0.331,0.362,-0.03
2019-20,203944,Julius Randle,1610612752,NYK,F-C,25,64,64,0.371,107,292,0.366,0.359,0.007
2019-20,1628983,Shai Gilgeous-Alexander,1610612760,OKC,G-F,21,70,69,0.333,98,292,0.336,0.356,-0.02
2019-20,1627863,Danuel House Jr.,1610612745,HOU,F-G,27,63,63,0.376,112,291,0.385,0.37,0.015
2019-20,203507,Giannis Antetokounmpo,1610612749,MIL,F,25,62,62,0.406,101,290,0.348,0.354,-0.006
2019-20,201980,Danny Green,1610612747,LAL,G,33,68,65,0.37,112,289,0.388,0.367,0.02
2019-20,1628368,De'Aaron Fox,1610612758,SAC,G,22,51,51,0.466,115,289,0.398,0.368,0.03
2019-20,1629631,De'Andre Hunter,1610612737,ATL,F-G,22,63,63,0.357,97,287,0.338,0.368,-0.03
2019-20,203897,Zach LaVine,1610612741,CHI,G-F,25,60,60,0.408,99,286,0.346,0.363,-0.017
2019-20,1628384,OG Anunoby,1610612761,TOR,F,22,68,67,0.424,105,286,0.367,0.359,0.008
2019-20,1626149,Montrezl Harrell,1610612746,LAC,F-C,26,63,59,0.276,99,282,0.351,0.354,-0.003
2019-20,203109,Jae Crowder,1610612748,MIA,F,29,64,64,0.416,100,281,0.356,0.365,-0.009
2019-20,201152,Thaddeus Young,1610612741,CHI,F,32,64,62,0.388,101,280,0.361,0.355,0.005
2019-20,1628366,Lonzo Ball,1610612740,NOP,G,22,63,62,0.332,107,280,0.382,0.366,0.016
2019-20,202689,Kemba Walker,1610612738,BOS,G,30,56,56,0.386,101,280,0.361,0.36,0.001
2019-20,202695,Kawhi Leonard,1610612746,LAC,F,29,57,56,0.427,79,278,0.284,0.36,-0.076
2019-20,204001,Kristaps Porziņģis,1610612742,DAL,F-C,24,56,55,0.291,98,277,0.354,0.36,-0.006
2019-20,203095,Evan Fournier,1610612753,ORL,G-F,27,66,65,0.366,109,275,0.396,0.37,0.026
2019-20,101108,Chris Paul,1610612760,OKC,G,35,70,69,0.396,96,274,0.35,0.365,-0.015
2019-20,1627750,Jamal Murray,1610612743,DEN,G,23,59,56,0.407,91,274,0.332,0.361,-0.029
2019-20,1628365,Markelle Fultz,1610612753,ORL,G,22,72,72,0.367,106,273,0.388,0.363,0.025
2019-20,1627742,Brandon Ingram,1610612740,NOP,F,22,62,61,0.37,99,272,0.364,0.358,0.006
2019-20,2546,Carmelo Anthony,1610612757,POR,F,36,57,56,0.47,107,272,0.393,0.365,0.028
2019-20,202694,Marcus Morris Sr.,1610612746,LAC,F,30,62,62,0.416,108,271,0.399,0.36,0.038
2019-20,203915,Spencer Dinwiddie,1610612751,BKN,G,27,64,64,0.371,101,270,0.374,0.353,0.021
2019-20,203200,Justin Holiday,1610612754,IND,F-G,31,73,73,0.364,82,270,0.304,0.358,-0.054
2019-20,201143,Al Horford,1610612755,PHI,C-F,34,67,67,0.258,92,268,0.343,0.349,-0.006
2019-20,1628467,Maxi Kleber,1610612742,DAL,F,28,73,72,0.279,85,266,0.32,0.365,-0.045
2019-20,203145,Kent Bazemore,1610612758,SAC,G-F,30,68,66,0.368,94,265,0.355,0.355,0
2019-20,202339,Eric Bledsoe,1610612749,MIL,G,30,60,60,0.401,87,264,0.33,0.358,-0.028
2019-20,202699,Tobias Harris,1610612755,PHI,F,27,72,67,0.335,99,263,0.376,0.363,0.014
2019-20,203952,Andrew Wiggins,1610612744,GSW,F,25,54,54,0.383,109,262,0.416,0.366,0.05
2019-20,203115,Will Barton,1610612743,DEN,G,29,58,58,0.368,93,259,0.359,0.363,-0.004
2019-20,203082,Terrence Ross,1610612753,ORL,G-F,29,69,67,0.435,94,259,0.363,0.363,0
2019-20,1627752,Taurean Prince,1610612751,BKN,F,26,64,63,0.36,82,257,0.319,0.354,-0.035
2019-20,1628378,Donovan Mitchell,1610612762,UTA,G,23,69,69,0.386,98,256,0.383,0.357,0.026
2019-20,203471,Dennis Schröder,1610612760,OKC,G,26,65,62,0.358,89,255,0.349,0.365,-0.016
2019-20,1628369,Jayson Tatum,1610612738,BOS,F-G,22,66,64,0.379,89,255,0.349,0.361,-0.012
2019-20,202709,Cory Joseph,1610612758,SAC,G,28,72,68,0.364,88,254,0.346,0.363,-0.017
2019-20,1628972,Troy Brown Jr.,1610612764,WAS,G-F,20,69,69,0.354,95,254,0.374,0.357,0.017
2019-20,1629023,P.J. Washington,1610612766,CHA,F,21,57,57,0.329,84,252,0.333,0.351,-0.018
2019-20,1629011,Mitchell Robinson,1610612752,NYK,C-F,22,61,58,0.322,98,252,0.389,0.354,0.035
2019-20,203925,Joe Harris,1610612751,BKN,G-F,28,69,68,0.354,93,252,0.369,0.352,0.017
2019-20,1628404,Josh Hart,1610612740,NOP,G,25,65,64,0.332,80,252,0.317,0.36,-0.043
2019-20,1629029,Luka Dončić,1610612742,DAL,F-G,21,59,59,0.357,83,251,0.331,0.359,-0.028
2019-20,1627749,Dejounte Murray,1610612759,SAS,G,23,65,64,0.375,86,251,0.343,0.362,-0.019
2019-20,203932,Aaron Gordon,1610612753,ORL,F,24,62,61,0.338,81,251,0.323,0.362,-0.039
2019-20,201937,Ricky Rubio,1610612756,PHX,G,29,64,61,0.371,91,251,0.363,0.359,0.004
2019-20,1629628,RJ Barrett,1610612752,NYK,F-G,20,56,53,0.391,102,250,0.408,0.367,0.041
2019-20,1629028,Deandre Ayton,1610612756,PHX,C,21,38,37,0.32,82,250,0.328,0.36,-0.032
2019-20,204060,Joe Ingles,1610612762,UTA,F-G,32,71,68,0.381,77,250,0.308,0.367,-0.059
2019-20,201566,Russell Westbrook,1610612745,HOU,G,31,57,57,0.408,97,249,0.39,0.362,0.028
2019-20,202684,Tristan Thompson,1610612739,CLE,C-F,29,57,55,0.296,85,249,0.341,0.357,-0.016
2019-20,200752,Rudy Gay,1610612759,SAS,F-G,33,66,66,0.394,101,247,0.409,0.353,0.055
2019-20,202066,Garrett Temple,1610612751,BKN,G-F,34,62,61,0.371,83,247,0.336,0.356,-0.02
2019-20,203924,Jerami Grant,1610612743,DEN,F,26,71,68,0.394,70,246,0.285,0.36,-0.076
2019-20,1628464,Daniel Theis,1610612738,BOS,F-C,28,65,59,0.259,81,246,0.329,0.358,-0.029
2019-20,203114,Khris Middleton,1610612749,MIL,F,28,61,59,0.445,89,245,0.363,0.357,0.007
2019-20,101150,Lou Williams,1610612746,LAC,G,33,65,62,0.4,82,245,0.335,0.356,-0.021
2019-20,1626192,Pat Connaughton,1610612749,MIL,G,27,65,59,0.402,83,243,0.342,0.361,-0.02
2019-20,202397,Ish Smith,1610612764,WAS,G,31,68,66,0.357,86,242,0.355,0.35,0.005
2019-20,1627732,Ben Simmons,1610612755,PHI,G-F,23,57,56,0.327,88,242,0.364,0.364,-0.001
2019-20,203922,Glenn Robinson III,1610612755,PHI,F,26,62,59,0.356,105,241,0.436,0.366,0.07
2019-20,1628991,Jaren Jackson Jr.,1610612763,MEM,F-C,20,57,55,0.295,87,238,0.366,0.359,0.006
2019-20,202696,Nikola Vučević,1610612753,ORL,C,29,62,58,0.21,96,236,0.407,0.358,0.049
2019-20,202711,Bojan Bogdanovic,1610612762,UTA,F,31,63,63,0.38,92,235,0.391,0.358,0.033
2019-20,202355,Hassan Whiteside,1610612757,POR,C,31,66,62,0.195,102,234,0.436,0.351,0.085
2019-20,202083,Wesley Matthews,1610612749,MIL,G,33,65,62,0.429,81,234,0.346,0.36,-0.014
2019-20,1629027,Trae Young,1610612737,ATL,G,21,60,58,0.307,87,234,0.372,0.357,0.014
2019-20,1627884,Derrick Jones Jr.,1610612748,MIA,F,23,56,51,0.429,73,233,0.313,0.364,-0.051
2019-20,1629672,Eric Paschall,1610612744,GSW,F,23,60,58,0.418,83,233,0.356,0.359,-0.003
2019-20,2544,LeBron James,1610612747,LAL,F,35,67,66,0.373,72,233,0.309,0.361,-0.052
2019-20,201568,Danilo Gallinari,1610612760,OKC,F,31,62,60,0.368,80,231,0.346,0.358,-0.012
2019-20,201588,George Hill,1610612749,MIL,G,34,58,58,0.465,83,229,0.362,0.354,0.008
2019-20,203914,Gary Harris,1610612743,DEN,G,25,56,55,0.434,82,229,0.358,0.361,-0.003
2019-20,201586,Serge Ibaka,1610612761,TOR,F,30,55,52,0.276,71,229,0.31,0.356,-0.046
2019-20,203933,T.J. Warren,1610612754,IND,F,26,67,66,0.375,81,228,0.355,0.365,-0.009
2019-20,1629636,Darius Garland,1610612739,CLE,G,20,59,58,0.326,86,228,0.377,0.365,0.012
2019-20,1628969,Mikal Bridges,1610612756,PHX,F,23,72,68,0.3,74,226,0.327,0.36,-0.033
2019-20,1626167,Myles Turner,1610612754,IND,C-F,24,62,60,0.24,85,225,0.378,0.356,0.022
2019-20,1629647,Darius Bazley,1610612760,OKC,F-G,20,60,58,0.405,72,225,0.32,0.36,-0.04
2019-20,1629014,Anfernee Simons,1610612757,POR,G,21,69,63,0.38,85,225,0.378,0.365,0.013
2019-20,201567,Kevin Love,1610612739,CLE,F-C,31,56,54,0.287,80,225,0.356,0.359,-0.003
2019-20,203083,Andre Drummond,1610612739,CLE,C,26,56,51,0.221,95,225,0.422,0.354,0.068
2019-20,203484,Kentavious Caldwell-Pope,1610612747,LAL,G,27,69,69,0.379,71,224,0.317,0.363,-0.046
2019-20,1627763,Malcolm Brogdon,1610612754,IND,G,27,54,54,0.348,74,224,0.33,0.361,-0.031
2019-20,1628989,Kevin Huerter,1610612737,ATL,G-F,21,56,54,0.353,89,222,0.401,0.365,0.036
2019-20,1626181,Norman Powell,1610612761,TOR,G,27,52,52,0.458,71,219,0.324,0.357,-0.033
2019-20,201942,DeMar DeRozan,1610612759,SAS,G-F,30,67,61,0.344,88,217,0.406,0.364,0.041
2019-20,1628381,John Collins,1610612737,ATL,F,22,41,41,0.312,68,217,0.313,0.358,-0.045
2019-20,1626162,Kelly Oubre Jr.,1610612756,PHX,F-G,24,55,54,0.37,77,216,0.356,0.365,-0.008
2019-20,202685,Jonas Valanciunas,1610612763,MEM,C,28,70,62,0.196,83,216,0.384,0.355,0.029
2019-20,203110,Draymond Green,1610612744,GSW,F,30,43,43,0.384,76,215,0.353,0.361,-0.007
2019-20,1628386,Jarrett Allen,1610612751,BKN,C,22,70,65,0.187,78,215,0.363,0.359,0.004
2019-20,200794,Paul Millsap,1610612743,DEN,F,35,51,50,0.374,73,214,0.341,0.355,-0.013
2019-20,202692,Alec Burks,1610612755,PHI,G,28,66,64,0.365,76,214,0.355,0.36,-0.005
2019-20,1629013,Landry Shamet,1610612746,LAC,G,23,53,51,0.392,77,213,0.362,0.362,0
2019-20,203500,Steven Adams,1610612760,OKC,C,26,62,55,0.216,82,213,0.385,0.354,0.031
2019-20,1629639,Tyler Herro,1610612748,MIA,G,20,55,55,0.383,70,213,0.329,0.356,-0.028
2019-20,1627854,Bryn Forbes,1610612759,SAS,G,26,62,61,0.384,88,211,0.417,0.363,0.054
2019-20,1627739,Kris Dunn,1610612741,CHI,G,26,50,50,0.428,73,211,0.346,0.367,-0.021
2019-20,1626156,D'Angelo Russell,1610612750,MIN,G,24,45,45,0.383,90,208,0.433,0.362,0.071
2019-20,202722,Davis Bertans,1610612764,WAS,F,27,54,53,0.299,82,208,0.394,0.355,0.04
2019-20,1626174,Christian Wood,1610612765,DET,F,24,60,53,0.292,72,208,0.346,0.36,-0.014
2019-20,203552,Seth Curry,1610612742,DAL,G,29,63,55,0.42,77,207,0.372,0.357,0.015
2019-20,201988,Patty Mills,1610612759,SAS,G,31,65,61,0.444,73,207,0.353,0.366,-0.013
2019-20,1627826,Ivica Zubac,1610612746,LAC,C,23,72,65,0.225,84,207,0.406,0.361,0.045
2019-20,203482,Kelly Olynyk,1610612748,MIA,F-C,29,65,58,0.367,77,206,0.374,0.354,0.02
2019-20,203967,Dario Saric,1610612756,PHX,F,26,65,58,0.282,75,204,0.368,0.362,0.005
2019-20,1626171,Bobby Portis Jr.,1610612752,NYK,F,25,66,59,0.337,78,203,0.384,0.358,0.027
2019-20,203090,Maurice Harkless,1610612752,NYK,F-G,27,62,60,0.371,76,203,0.374,0.358,0.017
2019-20,203901,Elfrid Payton,1610612752,NYK,G,26,45,45,0.38,68,202,0.337,0.361,-0.024
2019-20,1626224,Cedi Osman,1610612739,CLE,F,25,65,59,0.314,63,202,0.312,0.362,-0.05
2019-20,201144,Mike Conley,1610612762,UTA,G,32,47,44,0.383,68,202,0.337,0.356,-0.019
2019-20,203937,Kyle Anderson,1610612763,MEM,F-G,26,67,60,0.386,57,201,0.284,0.355,-0.071
2019-20,201609,Goran Dragic,1610612748,MIA,G,34,58,54,0.377,63,201,0.313,0.354,-0.041
2019-20,1629645,Kevin Porter Jr.,1610612739,CLE,G-F,20,50,49,0.411,84,201,0.418,0.356,0.062
2019-20,1629006,Josh Okogie,1610612750,MIN,G,21,62,60,0.343,68,200,0.34,0.366,-0.026
2019-20,200746,LaMarcus Aldridge,1610612759,SAS,C-F,34,52,50,0.221,67,200,0.335,0.358,-0.023
2019-20,203894,Shabazz Napier,1610612764,WAS,G,28,56,54,0.39,76,199,0.382,0.365,0.017
2019-20,203107,Tomas Satoransky,1610612741,CHI,G,28,65,59,0.326,66,198,0.333,0.368,-0.035
2019-20,1629629,Cam Reddish,1610612737,ATL,F-G,20,58,57,0.341,64,198,0.323,0.36,-0.036
2019-20,1626196,Josh Richardson,1610612755,PHI,G,26,54,52,0.336,73,198,0.369,0.359,0.01
2019-20,204038,Langston Galloway,1610612765,DET,G,28,65,64,0.358,75,197,0.381,0.368,0.013
2019-20,1629056,Terence Davis,1610612761,TOR,G,23,69,60,0.434,64,196,0.327,0.356,-0.029
2019-20,201976,Patrick Beverley,1610612746,LAC,G,31,51,44,0.409,68,196,0.347,0.365,-0.018
2019-20,1627814,Damion Lee,1610612744,GSW,G-F,27,48,47,0.394,86,194,0.443,0.366,0.078
2019-20,1629067,Isaac Bonga,1610612764,WAS,G,20,64,60,0.377,68,194,0.351,0.361,-0.011
2019-20,203463,Ben McLemore,1610612745,HOU,G,27,71,64,0.338,63,193,0.326,0.365,-0.038
2019-20,201571,D.J. Augustin,1610612753,ORL,G,32,57,56,0.433,54,193,0.28,0.352,-0.072
2019-20,203926,Doug McDermott,1610612754,IND,F,28,69,64,0.375,69,192,0.359,0.357,0.003
2019-20,1628390,Terrance Ferguson,1610612760,OKC,G,22,55,51,0.38,69,192,0.359,0.37,-0.011
2019-20,1626178,Rondae Hollis-Jefferson,1610612761,TOR,F,25,60,54,0.382,69,192,0.359,0.368,-0.008
2019-20,203903,Jordan Clarkson,1610612762,UTA,G,28,71,64,0.349,69,190,0.363,0.364,-0.001
2019-20,1629634,Brandon Clarke,1610612763,MEM,F-G,23,58,53,0.318,65,189,0.344,0.355,-0.011
2019-20,1628978,Donte DiVincenzo,1610612749,MIL,G,23,65,61,0.366,74,189,0.392,0.352,0.039
2019-20,202331,Paul George,1610612746,LAC,F,30,48,47,0.374,68,189,0.36,0.361,-0.002
2019-20,1629632,Coby White,1610612741,CHI,G,20,65,61,0.357,73,188,0.388,0.354,0.034
2019-20,202954,Brad Wanamaker,1610612738,BOS,G,30,69,61,0.397,65,188,0.346,0.357,-0.011
2019-20,1629684,Grant Williams,1610612738,BOS,F,21,68,61,0.351,55,188,0.293,0.36,-0.067
2019-20,203210,JaMychal Green,1610612746,LAC,F-C,30,63,59,0.375,55,188,0.293,0.355,-0.063
2019-20,203954,Joel Embiid,1610612755,PHI,C-F,26,51,46,0.204,60,186,0.323,0.35,-0.027
2019-20,203087,Jeremy Lamb,1610612754,IND,G-F,28,46,45,0.347,58,186,0.312,0.369,-0.057
2019-20,1628971,Bruce Brown,1610612765,DET,G-F,23,57,55,0.286,66,185,0.357,0.365,-0.009
2019-20,201599,DeAndre Jordan,1610612751,BKN,C,31,56,50,0.245,64,184,0.348,0.352,-0.004
2019-20,202693,Markieff Morris,1610612747,LAL,F,30,57,52,0.417,66,184,0.359,0.348,0.011
2019-20,203085,Austin Rivers,1610612745,HOU,G,27,66,62,0.333,62,183,0.339,0.361,-0.022
2019-20,1627936,Alex Caruso,1610612747,LAL,G,26,64,58,0.34,64,183,0.35,0.355,-0.006
2019-20,201952,Jeff Teague,1610612737,ATL,G,32,59,56,0.376,69,182,0.379,0.367,0.012
2019-20,2772,Trevor Ariza,1610612757,POR,F,35,52,47,0.386,61,182,0.335,0.359,-0.024
2019-20,1629060,Rui Hachimura,1610612764,WAS,F,22,48,46,0.318,69,182,0.379,0.361,0.018
2019-20,1628398,Kyle Kuzma,1610612747,LAL,F,24,61,58,0.317,63,181,0.348,0.357,-0.009
2019-20,1627747,Caris LeVert,1610612751,BKN,G,25,45,43,0.391,67,180,0.372,0.356,0.016
2019-20,203503,Tony Snell,1610612765,DET,G,28,58,53,0.31,57,180,0.317,0.357,-0.041
2019-20,1628374,Lauri Markkanen,1610612741,CHI,F-C,23,50,49,0.28,58,180,0.322,0.363,-0.041
2019-20,1626168,Trey Lyles,1610612759,SAS,F,24,61,59,0.362,64,179,0.358,0.359,-0.001
2019-20,202324,Derrick Favors,1610612740,NOP,F,28,51,46,0.249,60,175,0.343,0.358,-0.015
2019-20,203939,Dwight Powell,1610612742,DAL,F-C,28,39,39,0.307,66,174,0.379,0.36,0.02
2019-20,1626153,Delon Wright,1610612742,DAL,G,28,72,63,0.312,59,174,0.339,0.358,-0.019
2019-20,1627788,Furkan Korkmaz,1610612755,PHI,G-F,22,71,64,0.333,63,170,0.371,0.362,0.008
2019-20,1629680,Matisse Thybulle,1610612755,PHI,G-F,23,64,57,0.356,47,170,0.276,0.362,-0.086
2019-20,203476,Gorgui Dieng,1610612763,MEM,C,30,62,60,0.25,51,169,0.302,0.344,-0.042
2019-20,1626157,Karl-Anthony Towns,1610612750,MIN,C-F,24,35,35,0.244,71,168,0.423,0.355,0.068
2019-20,1626145,Tyus Jones,1610612763,MEM,G,24,65,63,0.412,60,167,0.359,0.356,0.003
2019-20,1627737,Marquese Chriss,1610612744,GSW,F,22,59,53,0.278,75,167,0.449,0.363,0.086
2019-20,1628995,Kevin Knox II,1610612752,NYK,F,20,65,56,0.415,66,165,0.4,0.363,0.037
2019-20,1626161,Willie Cauley-Stein,1610612742,DAL,C,26,54,47,0.277,65,164,0.396,0.362,0.034
2019-20,202330,Gordon Hayward,1610612738,BOS,F,30,52,48,0.365,59,164,0.36,0.365,-0.006
2019-20,1629018,Gary Trent Jr.,1610612757,POR,G-F,21,59,52,0.403,67,164,0.409,0.363,0.045
2019-20,203524,Solomon Hill,1610612748,MIA,F,29,58,54,0.419,69,163,0.423,0.366,0.057
2019-20,203086,Meyers Leonard,1610612748,MIA,F-C,28,51,47,0.299,60,163,0.368,0.355,0.013
2019-20,203486,Mason Plumlee,1610612743,DEN,F-C,30,61,55,0.261,72,163,0.442,0.348,0.093
2019-20,1629633,Jarrett Culver,1610612750,MIN,G-F,21,63,57,0.333,56,163,0.344,0.357,-0.013
2019-20,200755,JJ Redick,1610612740,NOP,G,36,60,57,0.385,73,163,0.448,0.347,0.101
2019-20,2730,Dwight Howard,1610612747,LAL,C-F,34,69,59,0.246,53,163,0.325,0.352,-0.027
2019-20,1629001,De'Anthony Melton,1610612763,MEM,G,22,60,52,0.343,74,161,0.46,0.375,0.085
2019-20,1628998,Cody Martin,1610612766,CHA,F,24,45,43,0.422,53,160,0.331,0.363,-0.032
2019-20,1627751,Jakob Poeltl,1610612759,SAS,C,24,65,59,0.224,61,160,0.381,0.365,0.016
2019-20,1627823,Juancho Hernangomez,1610612750,MIN,F,24,45,40,0.394,61,159,0.384,0.355,0.029
2019-20,101141,Ersan Ilyasova,1610612749,MIL,F,33,62,56,0.397,51,159,0.321,0.346,-0.026
2019-20,203516,James Ennis III,1610612753,ORL,F,29,68,59,0.398,59,159,0.371,0.366,0.005
2019-20,1629637,Jaxson Hayes,1610612740,NOP,C-F,20,63,55,0.282,54,158,0.342,0.354,-0.013
2019-20,101107,Marvin Williams,1610612749,MIL,F,34,57,53,0.366,49,157,0.312,0.343,-0.031
2019-20,201565,Derrick Rose,1610612765,DET,G,31,49,48,0.343,54,157,0.344,0.353,-0.009
2019-20,1628449,Chris Boucher,1610612761,TOR,F-C,27,58,52,0.344,52,157,0.331,0.349,-0.017
2019-20,1628400,Semi Ojeleye,1610612738,BOS,F,25,67,54,0.436,50,156,0.321,0.359,-0.039
2019-20,1626204,Larry Nance Jr.,1610612739,CLE,F-C,27,56,53,0.317,52,156,0.333,0.358,-0.025
2019-20,1628470,Torrey Craig,1610612743,DEN,F,29,56,50,0.376,59,156,0.378,0.362,0.016
2019-20,201959,Taj Gibson,1610612752,NYK,F,35,61,55,0.338,52,154,0.338,0.361,-0.023
2019-20,1628420,Monte Morris,1610612743,DEN,G,25,73,65,0.353,54,154,0.351,0.355,-0.005
2019-20,204456,T.J. McConnell,1610612754,IND,G,28,71,60,0.334,55,153,0.359,0.359,0
2019-20,202340,Avery Bradley,1610612747,LAL,G,29,49,46,0.387,33,153,0.216,0.36,-0.144
2019-20,201577,Robin Lopez,1610612749,MIL,C,32,65,54,0.214,59,148,0.399,0.323,0.076
2019-20,203991,Clint Capela,1610612737,ATL,C,26,39,39,0.225,48,148,0.324,0.359,-0.035
2019-20,1628370,Malik Monk,1610612766,CHA,G,22,54,53,0.387,53,147,0.361,0.362,-0.002
2019-20,1629740,Nicolo Melli,1610612740,NOP,F,29,57,49,0.309,58,147,0.395,0.36,0.035
2019-20,1629065,Ky Bowman,1610612744,GSW,G,23,45,43,0.342,49,147,0.333,0.356,-0.022
2019-20,203487,Michael Carter-Williams,1610612753,ORL,G,28,45,42,0.442,57,144,0.396,0.356,0.04
2019-20,1626209,Mario Hezonja,1610612757,POR,F-G,25,52,47,0.39,50,143,0.35,0.358,-0.008
2019-20,203457,Nerlens Noel,1610612760,OKC,C-F,26,61,54,0.22,47,142,0.331,0.355,-0.024
2019-20,1627789,Timothe Luwawu-Cabarrot,1610612751,BKN,G-F,25,45,40,0.424,44,142,0.31,0.353,-0.043
2019-20,1629010,Jerome Robinson,1610612764,WAS,G,23,56,51,0.368,50,141,0.355,0.366,-0.012
2019-20,1629016,Omari Spellman,1610612750,MIN,F,22,48,45,0.346,53,141,0.376,0.352,0.023
2019-20,1629652,Luguentz Dort,1610612760,OKC,G,21,36,36,0.427,43,141,0.305,0.363,-0.058
2019-20,1629661,Cameron Johnson,1610612756,PHX,F,24,56,50,0.346,59,141,0.418,0.351,0.067
2019-20,203953,Jabari Parker,1610612758,SAC,F,25,37,35,0.353,54,140,0.386,0.356,0.03
2019-20,203469,Cody Zeller,1610612766,CHA,F-C,27,57,54,0.199,49,139,0.353,0.363,-0.01
2019-20,202738,Isaiah Thomas,1610612764,WAS,G,31,40,38,0.397,53,137,0.387,0.358,0.029
2019-20,1628373,Frank Ntilikina,1610612752,NYK,G,21,56,49,0.337,58,136,0.426,0.366,0.06
2019-20,1628973,Jalen Brunson,1610612742,DAL,G,23,55,49,0.357,49,135,0.363,0.355,0.008
2019-20,201145,Jeff Green,1610612745,HOU,F,33,48,41,0.315,45,134,0.336,0.354,-0.018
2019-20,1629673,Jordan Poole,1610612744,GSW,G,21,56,50,0.36,50,134,0.373,0.37,0.003
2019-20,1629022,Lonnie Walker IV,1610612759,SAS,G-F,21,56,49,0.395,51,134,0.381,0.359,0.022
2019-20,1627745,Damian Jones,1610612737,ATL,C,25,54,49,0.274,66,133,0.496,0.359,0.137
2019-20,1628411,Wes Iwundu,1610612753,ORL,F,25,51,45,0.364,43,132,0.326,0.362,-0.036
2019-20,1626158,Richaun Holmes,1610612758,SAC,F,26,44,41,0.214,36,132,0.273,0.353,-0.08
2019-20,201949,James Johnson,1610612750,MIN,F,33,32,30,0.432,47,130,0.362,0.361,0.001
2019-20,1627736,Malik Beasley,1610612750,MIN,G,23,54,47,0.356,52,130,0.4,0.362,0.038
2019-20,1628418,Thomas Bryant,1610612764,WAS,C-F,22,46,41,0.215,61,128,0.477,0.349,0.127
2019-20,203458,Alex Len,1610612758,SAC,C,27,55,43,0.214,38,126,0.302,0.353,-0.051
2019-20,1628981,Bruno Fernando,1610612737,ATL,F-C,21,55,45,0.313,42,126,0.333,0.352,-0.019
2019-20,1628382,Justin Jackson,1610612742,DAL,F,25,64,52,0.355,41,124,0.331,0.35,-0.019
2019-20,201580,JaVale McGee,1610612747,LAL,C-F,32,68,54,0.203,53,123,0.431,0.356,0.075
2019-20,1629008,Michael Porter Jr.,1610612743,DEN,F,22,54,46,0.346,53,123,0.431,0.355,0.076
2019-20,1627846,Abdel Nader,1610612760,OKC,F,26,52,45,0.409,38,122,0.311,0.36,-0.048
2019-20,202335,Patrick Patterson,1610612746,LAC,F,31,54,47,0.405,40,122,0.328,0.345,-0.017
2019-20,1629026,Kenrich Williams,1610612740,NOP,G-F,25,38,33,0.341,37,121,0.306,0.357,-0.051
2019-20,1628975,Jevon Carter,1610612756,PHX,G,24,56,49,0.379,42,121,0.347,0.357,-0.01
2019-20,1627853,Ryan Arcidiacono,1610612741,CHI,G,26,56,45,0.418,43,120,0.358,0.365,-0.006
2019-20,203382,Aron Baynes,1610612756,PHX,C-F,33,41,37,0.228,50,119,0.42,0.361,0.059
2019-20,201158,Marco Belinelli,1610612759,SAS,G,34,52,47,0.47,39,119,0.328,0.348,-0.021
2019-20,2594,Kyle Korver,1610612749,MIL,G-F,39,56,52,0.364,39,118,0.331,0.339,-0.008
2019-20,1628425,Sterling Brown,1610612749,MIL,G-F,25,50,40,0.404,45,118,0.381,0.34,0.041
2019-20,1628371,Jonathan Isaac,1610612753,ORL,F,22,33,32,0.322,41,118,0.347,0.366,-0.018
2019-20,201163,Wilson Chandler,1610612751,BKN,F,33,35,34,0.393,43,117,0.368,0.344,0.024
2019-20,1628964,Mo Bamba,1610612753,ORL,C,22,62,53,0.232,42,116,0.362,0.343,0.019
2019-20,1629004,Svi Mykhailiuk,1610612765,DET,G-F,23,54,50,0.344,33,115,0.287,0.353,-0.066
2019-20,201569,Eric Gordon,1610612745,HOU,G,31,36,32,0.38,29,114,0.254,0.363,-0.108
2019-20,200765,Rajon Rondo,1610612747,LAL,G,34,48,45,0.384,42,114,0.368,0.364,0.004
2019-20,1628422,Damyean Dotson,1610612752,NYK,G,26,46,40,0.42,42,113,0.372,0.352,0.02
2019-20,203895,Jordan McRae,1610612765,DET,G,29,37,34,0.417,27,113,0.239,0.36,-0.121
2019-20,202687,Bismack Biyombo,1610612766,CHA,C,27,51,45,0.226,41,113,0.363,0.353,0.01
2019-20,1628977,Hamidou Diallo,1610612760,OKC,G,21,46,38,0.36,28,113,0.248,0.35,-0.102
2019-20,201188,Marc Gasol,1610612761,TOR,C,35,44,40,0.185,38,112,0.339,0.36,-0.02
2019-20,202683,Enes Freedom,1610612738,BOS,C,28,57,45,0.196,34,112,0.304,0.349,-0.046
2019-20,1627775,Patrick McCaw,1610612761,TOR,G,24,36,36,0.36,39,111,0.351,0.359,-0.008
2019-20,1629627,Zion Williamson,1610612740,NOP,F,19,24,23,0.387,32,111,0.288,0.351,-0.063
2019-20,204020,Tyler Johnson,1610612751,BKN,G,28,37,35,0.453,41,111,0.369,0.361,0.009
2019-20,1713,Vince Carter,1610612737,ATL,G-F,43,58,45,0.401,32,111,0.288,0.351,-0.063
2019-20,1627777,Georges Niang,1610612762,UTA,F,27,65,55,0.359,46,111,0.414,0.356,0.058
2019-20,203585,Rodney McGruder,1610612746,LAC,G,28,51,45,0.377,35,110,0.318,0.352,-0.033
2019-20,1628402,Frank Jackson,1610612740,NOP,G,22,54,45,0.41,38,110,0.345,0.371,-0.026
2019-20,203118,Mike Scott,1610612755,PHI,F,31,64,56,0.367,28,108,0.259,0.358,-0.099
2019-20,202704,Reggie Jackson,1610612746,LAC,G,30,31,30,0.35,30,106,0.283,0.349,-0.066
2019-20,203920,Khem Birch,1610612753,ORL,C,27,47,39,0.259,37,105,0.352,0.362,-0.009
2019-20,1626203,Treveon Graham,1610612737,ATL,G-F,26,51,41,0.314,42,104,0.404,0.366,0.037
2019-20,203506,Victor Oladipo,1610612754,IND,G,28,19,19,0.49,37,101,0.366,0.363,0.003
2019-20,1628960,Grayson Allen,1610612763,MEM,G,24,37,34,0.385,38,101,0.376,0.367,0.009
2019-20,101133,Ian Mahinmi,1610612764,WAS,C,33,38,35,0.247,43,101,0.426,0.353,0.072
2019-20,203473,Dewayne Dedmon,1610612737,ATL,C,30,43,34,0.25,39,98,0.398,0.361,0.037
2019-20,201229,Anthony Tolliver,1610612763,MEM,F,35,51,42,0.27,40,97,0.412,0.356,0.057
2019-20,1629021,Moritz Wagner,1610612764,WAS,F-C,23,45,39,0.222,40,97,0.412,0.355,0.057
2019-20,1626163,Frank Kaminsky,1610612756,PHX,F-C,27,38,38,0.255,36,97,0.371,0.36,0.012
2019-20,203526,Raul Neto,1610612755,PHI,G,28,49,39,0.331,31,95,0.326,0.354,-0.028
2019-20,1628407,Dwayne Bacon,1610612766,CHA,G-F,24,36,32,0.431,27,94,0.287,0.357,-0.07
2019-20,1629066,Rodions Kurucs,1610612751,BKN,F,22,45,38,0.331,27,94,0.287,0.347,-0.06
2019-20,1626144,Emmanuel Mudiay,1610612762,UTA,G,24,51,44,0.341,34,93,0.366,0.35,0.016
2019-20,1628379,Luke Kennard,1610612765,DET,G,24,27,27,0.348,27,93,0.29,0.36,-0.07
2019-20,1628396,Tony Bradley,1610612762,UTA,C-F,22,57,42,0.202,28,93,0.301,0.353,-0.052
2019-20,1629642,Nassir Little,1610612757,POR,F-G,20,44,37,0.374,36,92,0.391,0.362,0.029
2019-20,1628966,Keita Bates-Diop,1610612743,DEN,F,24,43,39,0.328,37,90,0.411,0.362,0.049
2019-20,1628385,Harry Giles III,1610612758,SAC,F-C,22,44,30,0.279,37,89,0.416,0.352,0.064
2019-20,1628976,Wendell Carter Jr.,1610612741,CHI,C-F,21,43,38,0.178,31,89,0.348,0.336,0.012
2019-20,203089,John Henson,1610612765,DET,F-C,29,40,36,0.257,33,89,0.371,0.367,0.004
2019-20,1627748,Thon Maker,1610612765,DET,F-C,23,59,41,0.198,33,89,0.371,0.352,0.019
2019-20,1629059,Elie Okobo,1610612756,PHX,F-G,22,48,36,0.339,33,87,0.379,0.359,0.02
2019-20,1627746,Skal Labissiere,1610612737,ATL,F-C,24,33,29,0.235,30,85,0.353,0.343,0.01
2019-20,1628372,Dennis Smith Jr.,1610612752,NYK,G,22,34,29,0.381,29,85,0.341,0.354,-0.013
2019-20,203521,Matthew Dellavedova,1610612739,CLE,G,29,54,37,0.274,33,84,0.393,0.364,0.029
2019-20,1629638,Nickeil Alexander-Walker,1610612740,NOP,G,21,44,36,0.347,34,84,0.405,0.357,0.047
2019-20,1626188,Quinn Cook,1610612747,LAL,G,27,38,33,0.422,32,84,0.381,0.359,0.022
2019-20,1629003,Shake Milton,1610612755,PHI,G-F,23,36,28,0.364,27,82,0.329,0.362,-0.032
2019-20,1629675,Naz Reid,1610612750,MIN,C-F,20,28,24,0.248,23,81,0.284,0.356,-0.073
2019-20,1627761,DeAndre' Bembry,1610612737,ATL,G-F,25,42,36,0.27,34,81,0.42,0.36,0.06
2019-20,202734,E'Twaun Moore,1610612740,NOP,G,31,54,39,0.268,36,79,0.456,0.368,0.087
2019-20,203584,Troy Daniels,1610612743,DEN,G,28,41,34,0.451,26,78,0.333,0.357,-0.024
2019-20,1627756,Denzel Valentine,1610612741,CHI,G,26,32,25,0.393,31,77,0.403,0.346,0.056
2019-20,1629109,Gary Clark,1610612753,ORL,F,25,38,28,0.318,30,77,0.39,0.357,0.032
2019-20,1628990,Chandler Hutchison,1610612741,CHI,F-G,24,27,25,0.352,20,75,0.267,0.356,-0.09
2019-20,201961,Wayne Ellington,1610612752,NYK,G,32,34,26,0.43,27,74,0.365,0.369,-0.004
2019-20,201933,Blake Griffin,1610612765,DET,F,31,17,16,0.41,31,73,0.425,0.345,0.08
2019-20,1629185,Chris Chiozza,1610612751,BKN,G,24,27,23,0.436,20,72,0.278,0.339,-0.061
2019-20,1629744,Matt Thomas,1610612761,TOR,G,25,36,28,0.486,24,72,0.333,0.355,-0.021
2019-20,1629635,Sekou Doumbouya,1610612765,DET,F,19,35,29,0.282,21,72,0.292,0.356,-0.065
2019-20,1629058,Dzanan Musa,1610612751,BKN,G-F,21,37,32,0.436,27,72,0.375,0.363,0.012
2019-20,1626246,Boban Marjanovic,1610612742,DAL,C,31,40,32,0.304,25,72,0.347,0.361,-0.014
2019-20,202681,Kyrie Irving,1610612751,BKN,G,28,20,20,0.343,22,72,0.306,0.365,-0.059
2019-20,203960,JaKarr Sampson,1610612754,IND,F,27,33,28,0.341,24,71,0.338,0.347,-0.009
2019-20,203493,Reggie Bullock Jr.,1610612752,NYK,G-F,29,29,27,0.355,27,70,0.386,0.373,0.012
2019-20,1627885,Shaquille Harrison,1610612741,CHI,G,26,32,25,0.343,22,68,0.324,0.36,-0.036
2019-20,203504,Trey Burke,1610612742,DAL,G,27,31,28,0.456,32,68,0.471,0.38,0.091
2019-20,1628391,D.J. Wilson,1610612749,MIL,F,24,35,25,0.368,17,67,0.254,0.323,-0.069
2019-20,1627780,Gary Payton II,1610612764,WAS,G,27,25,20,0.374,26,67,0.388,0.367,0.021
2019-20,1628436,Luke Kornet,1610612741,CHI,F-C,24,35,27,0.217,25,66,0.379,0.351,0.028
2019-20,1629655,Daniel Gafford,1610612741,CHI,F-C,21,40,28,0.227,20,65,0.308,0.348,-0.041
2019-20,201587,Nicolas Batum,1610612766,CHA,G-F,31,21,20,0.351,26,65,0.4,0.359,0.041
2019-20,1629048,Goga Bitadze,1610612754,IND,C-F,20,53,32,0.225,14,64,0.219,0.349,-0.13
2019-20,202329,Al-Farouq Aminu,1610612753,ORL,F,29,17,16,0.413,25,64,0.391,0.356,0.035
2019-20,1629164,Brandon Goodwin,1610612737,ATL,G,24,32,28,0.383,22,64,0.344,0.36,-0.017
2019-20,2738,Andre Iguodala,1610612748,MIA,G-F,36,20,19,0.405,18,64,0.281,0.369,-0.087
2019-20,1627767,Cheick Diallo,1610612756,PHX,F-C,23,44,26,0.258,25,63,0.397,0.337,0.06
2019-20,1629598,Chris Clemons,1610612745,HOU,G,22,29,25,0.492,14,63,0.222,0.36,-0.137
2019-20,1626159,Justise Winslow,1610612763,MEM,F-G,24,11,11,0.512,18,62,0.29,0.359,-0.068
2019-20,1628380,Zach Collins,1610612757,POR,F-C,22,11,11,0.373,24,62,0.387,0.364,0.023
2019-20,203488,Mike Muscala,1610612760,OKC,F-C,28,43,34,0.197,24,62,0.387,0.339,0.048
2019-20,200757,Thabo Sefolosha,1610612745,HOU,F-G,36,40,33,0.305,24,60,0.4,0.36,0.04
2019-20,1628410,Edmond Sumner,1610612754,IND,G,24,29,22,0.465,21,60,0.35,0.367,-0.017
2019-20,1627812,Yogi Ferrell,1610612758,SAC,G,27,42,29,0.401,22,59,0.373,0.344,0.029
2019-20,1629750,Javonte Green,1610612738,BOS,G-F,26,41,30,0.369,17,59,0.288,0.356,-0.068
2019-20,203957,Dante Exum,1610612739,CLE,G,24,33,26,0.347,25,59,0.424,0.366,0.058
2019-20,1626143,Jahlil Okafor,1610612740,NOP,C-F,24,30,22,0.206,26,58,0.448,0.35,0.098
2019-20,1629057,Robert Williams III,1610612738,BOS,C-F,22,28,25,0.294,15,57,0.263,0.359,-0.096
2019-20,1628980,Jacob Evans,1610612750,MIN,G-F,23,29,23,0.31,23,57,0.404,0.368,0.036
2019-20,1627774,Jake Layman,1610612750,MIN,F,26,23,22,0.316,20,56,0.357,0.357,0
2019-20,1628035,Alfonzo McKinnie,1610612739,CLE,F,27,38,27,0.335,22,56,0.393,0.366,0.027
2019-20,203459,Allen Crabbe,1610612750,MIN,G-F,28,33,24,0.346,17,55,0.309,0.368,-0.059
2019-20,1628394,Anžejs Pasečņiks,1610612764,WAS,C-F,24,25,22,0.214,22,55,0.4,0.358,0.042
2019-20,1627733,Dragan Bender,1610612744,GSW,F,22,15,14,0.281,20,54,0.37,0.367,0.004
2019-20,1629660,Ty Jerome,1610612756,PHX,G-F,22,27,23,0.361,24,53,0.453,0.35,0.102
2019-20,203918,Rodney Hood,1610612757,POR,G-F,27,21,17,0.283,15,53,0.283,0.352,-0.069
2019-20,1629741,Marko Guduric,1610612763,MEM,G,25,39,28,0.329,21,52,0.404,0.349,0.055
2019-20,1629033,Theo Pinson,1610612752,NYK,G-F,24,30,20,0.361,20,52,0.385,0.336,0.049
2019-20,1629103,Kelan Martin,1610612750,MIN,F,24,30,19,0.295,16,52,0.308,0.368,-0.06
2019-20,1628392,Isaiah Hartenstein,1610612745,HOU,C-F,22,21,15,0.281,20,52,0.385,0.348,0.037
2019-20,204025,Tim Frazier,1610612765,DET,G,29,24,17,0.391,24,52,0.462,0.358,0.104
2019-20,203124,Kyle O'Quinn,1610612755,PHI,C-F,30,26,19,0.273,12,51,0.235,0.293,-0.058
2019-20,203943,Noah Vonleh,1610612743,DEN,F,24,32,22,0.239,17,51,0.333,0.361,-0.028
2019-20,202688,Brandon Knight,1610612765,DET,G,28,24,20,0.372,22,51,0.431,0.366,0.065
2019-20,1628367,Josh Jackson,1610612763,MEM,G-F,23,20,20,0.355,21,50,0.42,0.356,0.064
2019-20,201162,Jared Dudley,1610612747,LAL,F,34,37,23,0.297,21,49,0.429,0.357,0.072
2019-20,1628963,Marvin Bagley III,1610612758,SAC,F,21,13,13,0.314,14,49,0.286,0.364,-0.079
2019-20,1629234,Drew Eubanks,1610612759,SAS,F-C,23,20,18,0.329,20,49,0.408,0.355,0.053
2019-20,1629035,Carsen Edwards,1610612738,BOS,G,22,34,24,0.423,11,47,0.234,0.347,-0.113
2019-20,1629735,Chris Silva,1610612748,MIA,F,23,32,23,0.27,20,47,0.426,0.342,0.083
2019-20,1628997,Caleb Martin,1610612766,CHA,F,24,16,14,0.392,18,47,0.383,0.342,0.041
2019-20,200826,J.J. Barea,1610612742,DAL,G,36,28,21,0.338,19,46,0.413,0.347,0.066
2019-20,203490,Otto Porter Jr.,1610612741,CHI,F,27,14,14,0.368,18,46,0.391,0.356,0.035
2019-20,1629126,Deonte Burton,1610612760,OKC,G-F,26,32,22,0.352,20,45,0.444,0.339,0.105
2019-20,1629640,Keldon Johnson,1610612759,SAS,F-G,20,15,14,0.378,16,45,0.356,0.352,0.004
2019-20,1629641,Romeo Langford,1610612738,BOS,G-F,20,25,18,0.398,13,45,0.289,0.345,-0.056
2019-20,203994,Jusuf Nurkić,1610612757,POR,C,25,8,8,0.341,18,45,0.4,0.365,0.035
2019-20,1629667,Jalen McDaniels,1610612766,CHA,F-C,22,16,15,0.385,15,45,0.333,0.367,-0.033
2019-20,1629162,Jordan McLaughlin,1610612750,MIN,G,24,30,22,0.199,14,44,0.318,0.357,-0.039
2019-20,201960,DeMarre Carroll,1610612745,HOU,F,33,23,19,0.358,14,44,0.318,0.357,-0.039
2019-20,203077,Michael Kidd-Gilchrist,1610612742,DAL,F,26,23,20,0.37,13,44,0.295,0.334,-0.038
2019-20,1626195,Willy Hernangomez,1610612766,CHA,C-F,26,29,19,0.214,13,43,0.302,0.353,-0.05
2019-20,1629611,Terance Mann,1610612746,LAC,G-F,23,27,18,0.319,13,43,0.302,0.351,-0.049
2019-20,202334,Ed Davis,1610612762,UTA,C-F,31,28,24,0.232,20,42,0.476,0.347,0.13
2019-20,1629678,Admiral Schofield,1610612764,WAS,G-F,23,24,20,0.321,15,42,0.357,0.342,0.015
2019-20,203079,Dion Waiters,1610612747,LAL,G,28,10,10,0.554,15,41,0.366,0.353,0.013
2019-20,202323,Evan Turner,1610612750,MIN,G-F,31,19,16,0.363,9,41,0.22,0.355,-0.135
2019-20,1628021,David Nwaba,1610612745,HOU,G-F,27,20,17,0.353,20,41,0.488,0.345,0.143
2019-20,201584,Courtney Lee,1610612742,DAL,G,34,21,19,0.364,13,40,0.325,0.342,-0.017
2019-20,1626245,Cristiano Felicio,1610612741,CHI,F-C,27,22,15,0.244,12,40,0.3,0.358,-0.058
2019-20,1626172,Kevon Looney,1610612744,GSW,F,24,20,16,0.317,11,39,0.282,0.341,-0.059
2019-20,1628395,Jordan Bell,1610612739,CLE,F,25,26,19,0.328,10,39,0.256,0.35,-0.093
2019-20,1628408,PJ Dozier,1610612743,DEN,G-F,23,26,19,0.277,19,38,0.5,0.36,0.14
2019-20,1628403,Caleb Swanigan,1610612757,POR,F,23,24,18,0.257,14,37,0.378,0.353,0.025
2019-20,2199,Tyson Chandler,1610612745,HOU,C,37,24,17,0.296,6,34,0.176,0.344,-0.168
2019-20,1628388,T.J. Leaf,1610612754,IND,F,23,24,18,0.296,13,34,0.382,0.351,0.031
2019-20,1629308,Juan Toscano-Anderson,1610612744,GSW,F,27,12,10,0.33,10,33,0.303,0.364,-0.061
2019-20,1629713,Justin James,1610612758,SAC,G-F,23,20,14,0.367,11,33,0.333,0.336,-0.002
2019-20,1629651,Nic Claxton,1610612751,BKN,F-C,21,14,13,0.295,14,33,0.424,0.354,0.07
2019-20,1629726,Garrison Mathews,1610612764,WAS,G,23,17,11,0.427,11,32,0.344,0.385,-0.041
2019-20,1629019,Allonzo Trier,1610612752,NYK,G,24,19,17,0.333,15,32,0.469,0.366,0.103
2019-20,203998,Bruno Caboclo,1610612745,HOU,F,24,27,16,0.248,11,31,0.355,0.368,-0.013
2019-20,203658,Norvel Pelle,1610612755,PHI,F,27,20,14,0.221,15,31,0.484,0.323,0.161
2019-20,1629723,John Konchar,1610612763,MEM,G,24,18,15,0.38,14,30,0.467,0.339,0.128
2019-20,1628476,Derrick Walton Jr.,1610612765,DET,G,25,22,11,0.345,10,30,0.333,0.357,-0.023
2019-20,1628539,Mychal Mulder,1610612744,GSW,G,26,7,7,0.367,11,29,0.379,0.37,0.01
2019-20,1629346,Alen Smailagic,1610612744,GSW,F,19,14,10,0.346,14,28,0.5,0.358,0.142
2019-20,1626166,Cameron Payne,1610612756,PHX,G,25,8,8,0.375,8,27,0.296,0.354,-0.058
2019-20,1626169,Stanley Johnson,1610612761,TOR,F-G,24,23,15,0.386,9,27,0.333,0.345,-0.012
2019-20,1626259,Malcolm Miller,1610612761,TOR,G-F,27,20,13,0.466,9,27,0.333,0.354,-0.021
2019-20,1629117,Wenyen Gabriel,1610612757,POR,F,23,22,15,0.318,13,27,0.481,0.358,0.124
2019-20,1629659,Talen Horton-Tucker,1610612747,LAL,G,19,6,6,0.553,11,26,0.423,0.325,0.098
2019-20,1629002,Chimezie Metu,1610612759,SAS,F-C,23,15,11,0.391,13,25,0.52,0.324,0.196
2019-20,1629140,Johnathan Williams,1610612764,WAS,F,25,13,11,0.49,8,25,0.32,0.355,-0.035
2019-20,1629052,Oshae Brissett,1610612761,TOR,F-G,22,13,11,0.558,3,24,0.125,0.331,-0.206
2019-20,1629738,Vincent Poirier,1610612738,BOS,C-F,26,19,13,0.258,9,23,0.391,0.349,0.042
2019-20,202697,Iman Shumpert,1610612751,BKN,G,30,13,12,0.365,7,23,0.304,0.346,-0.042
2019-20,1629690,Adam Mokoka,1610612741,CHI,G,21,10,8,0.605,7,23,0.304,0.357,-0.052
2019-20,1627790,Ante Zizic,1610612739,CLE,C,23,21,15,0.174,12,21,0.571,0.342,0.23
2019-20,1629730,Rayjon Tucker,1610612762,UTA,G,22,16,13,0.389,11,21,0.524,0.389,0.135
2019-20,2747,JR Smith,1610612747,LAL,G,34,6,5,0.6,8,21,0.381,0.364,0.017
2019-20,1629743,Donta Hall,1610612751,BKN,F,22,9,7,0.263,7,21,0.333,0.35,-0.016
2019-20,1629610,DaQuan Jeffries,1610612758,SAC,G-F,22,10,8,0.382,7,21,0.333,0.364,-0.031
2019-20,1628993,Alize Johnson,1610612754,IND,F,24,13,9,0.588,5,20,0.25,0.343,-0.093
2019-20,1629725,Jeremiah Martin,1610612751,BKN,G,24,8,6,0.442,8,19,0.421,0.336,0.085
2019-20,1629139,Yuta Watanabe,1610612763,MEM,G-F,25,14,10,0.559,8,19,0.421,0.355,0.066
2019-20,1629216,Gabe Vincent,1610612748,MIA,G,24,5,5,0.679,7,19,0.368,0.346,0.022
2019-20,1629626,Bol Bol,1610612743,DEN,C-F,20,6,5,0.396,8,19,0.421,0.357,0.064
2019-20,1627820,Tyrone Wallace,1610612737,ATL,G,26,12,10,0.409,8,18,0.444,0.374,0.07
2019-20,101139,CJ Miles,1610612764,WAS,G,33,10,9,0.31,7,18,0.389,0.351,0.038
2019-20,1629599,Amir Coffey,1610612746,LAC,G-F,23,13,9,0.375,8,18,0.444,0.311,0.133
2019-20,1629151,Ryan Broekhoff,1610612755,PHI,G-F,29,11,10,0.266,4,17,0.235,0.36,-0.125
2019-20,1626187,Michael Frazier II,1610612745,HOU,G,26,11,8,0.291,5,16,0.313,0.338,-0.025
2019-20,1628412,Frank Mason III,1610612749,MIL,G,26,7,5,0.314,5,16,0.313,0.346,-0.033
2019-20,1629671,Miye Oni,1610612762,UTA,G-F,22,8,6,0.333,6,16,0.375,0.395,-0.02
2019-20,1629682,Tremont Waters,1610612738,BOS,G,22,10,6,0.41,4,16,0.25,0.345,-0.095
2019-20,1629752,Juwan Morgan,1610612762,UTA,F,23,17,6,0.267,3,16,0.188,0.337,-0.15
2019-20,203648,Thanasis Antetokounmpo,1610612749,MIL,F,27,15,9,0.34,6,16,0.375,0.35,0.025
2019-20,1628982,Melvin Frazier Jr.,1610612753,ORL,G-F,23,12,9,0.405,3,15,0.2,0.347,-0.147
2019-20,201939,Stephen Curry,1610612744,GSW,G,32,5,5,0.357,7,15,0.467,0.375,0.091
2019-20,1626147,Justin Anderson,1610612751,BKN,F-G,26,9,7,0.395,4,15,0.267,0.382,-0.116
2019-20,1628443,Kadeem Allen,1610612752,NYK,G,27,8,8,0.359,7,14,0.5,0.359,0.141
2019-20,1628518,Amile Jefferson,1610612753,ORL,F,27,12,8,0.483,3,14,0.214,0.327,-0.113
2019-20,1629168,BJ Johnson,1610612753,ORL,F,24,7,6,0.406,3,13,0.231,0.313,-0.082
2019-20,1628427,Vlatko Cancar,1610612743,DEN,F,23,9,7,0.65,6,13,0.462,0.385,0.077
2019-20,202498,Lance Thomas,1610612751,BKN,F,32,6,4,0.462,7,12,0.583,0.371,0.213
2019-20,1629677,Luka Samanic,1610612759,SAS,F,20,3,3,0.387,3,12,0.25,0.337,-0.087
2019-20,1629683,Quinndary Weatherspoon,1610612759,SAS,G,23,9,6,0.344,5,11,0.455,0.354,0.1
2019-20,203460,Andre Roberson,1610612760,OKC,G-F,28,7,5,0.25,2,10,0.2,0.35,-0.15
2019-20,1628413,Jonah Bolden,1610612756,PHX,F,24,6,5,0.435,4,10,0.4,0.329,0.071
2019-20,1628778,Paul Watson,1610612761,TOR,G,25,5,4,0.526,4,10,0.4,0.32,0.08
2019-20,1629076,Tyler Cook,1610612743,DEN,F,22,8,5,0.455,5,10,0.5,0.383,0.117
2019-20,1629714,Jarrell Brantley,1610612762,UTA,F,24,7,6,0.263,4,10,0.4,0.39,0.011
2019-20,1628987,Kevin Hervey,1610612760,OKC,F,23,7,4,0.375,2,9,0.222,0.317,-0.095
2019-20,1629662,Mfiondu Kabengele,1610612746,LAC,F-C,22,10,5,0.209,5,9,0.556,0.33,0.225
2019-20,1629669,Jaylen Nowell,1610612750,MIN,G,20,12,8,0.2,3,9,0.333,0.377,-0.044
2019-20,1629597,Zylan Cheatham,1610612740,NOP,F,24,4,4,0.429,3,9,0.333,0.343,-0.009
2019-20,1628985,Devon Hall,1610612760,OKC,G,24,7,5,0.45,4,9,0.444,0.361,0.083
2019-20,1629668,Zach Norvell Jr.,1610612744,GSW,G-F,22,3,2,0.533,4,8,0.5,0.353,0.147
2019-20,201149,Joakim Noah,1610612746,LAC,F-C,35,5,3,0.229,1,8,0.125,0.313,-0.188
2019-20,1629649,Ignas Brazdeikis,1610612752,NYK,F,21,7,4,0.533,2,8,0.25,0.353,-0.103
2019-20,1629724,Vic Law,1610612753,ORL,F,24,6,4,0.471,3,8,0.375,0.322,0.053
2019-20,1629731,Dean Wade,1610612739,CLE,F-C,23,11,6,0.267,3,8,0.375,0.354,0.022
2019-20,1627784,Jarrod Uthoff,1610612764,WAS,F,27,6,6,0.421,3,8,0.375,0.283,0.092
2019-20,1629665,Jalen Lecque,1610612756,PHX,G,20,3,3,0.667,1,8,0.125,0.356,-0.231
2019-20,1629644,KZ Okpala,1610612748,MIA,F-G,21,4,3,0.778,3,7,0.429,0.381,0.048
2019-20,1629658,Jaylen Hoard,1610612757,POR,F,21,10,5,0.25,2,7,0.286,0.347,-0.061
2019-20,201147,Corey Brewer,1610612758,SAC,G-F,34,4,2,0.7,3,7,0.429,0.349,0.079
2019-20,1629650,Moses Brown,1610612757,POR,C,20,7,4,0.333,4,7,0.571,0.338,0.234
2019-20,1628405,Johnathan Motley,1610612746,LAC,F,25,7,3,0.333,3,7,0.429,0.287,0.142
2019-20,1629718,Charlie Brown Jr.,1610612737,ATL,G,23,7,4,0.353,2,6,0.333,0.356,-0.023
2019-20,1629663,Louis King,1610612765,DET,F,21,4,4,0.316,3,6,0.5,0.347,0.153
2019-20,1629745,Tariq Owens,1610612756,PHX,F,25,3,3,0.5,2,5,0.4,0.346,0.054
2019-20,1629020,Jarred Vanderbilt,1610612750,MIN,F,21,9,4,0.263,1,5,0.2,0.317,-0.117
2019-20,1629620,Justin Robinson,1610612764,WAS,G,22,6,4,0.385,1,5,0.2,0.378,-0.178
2019-20,1628430,Nigel Williams-Goss,1610612762,UTA,G,25,6,4,0.294,1,5,0.2,0.371,-0.171
2019-20,1629015,Zhaire Smith,1610612755,PHI,G,21,4,3,0.417,4,5,0.8,0.336,0.464
2019-20,202951,Jeremy Pargo,1610612744,GSW,G,34,2,2,0.455,2,5,0.4,0.345,0.055
2019-20,201601,Luc Mbah a Moute,1610612745,HOU,F,33,3,2,0.417,2,5,0.4,0.318,0.082
2019-20,1629648,Jordan Bone,1610612765,DET,G,22,7,3,0.385,1,5,0.2,0.371,-0.171
2019-20,1626170,Jerian Grant,1610612764,WAS,G,27,6,3,0.161,3,5,0.6,0.332,0.268
2019-20,1628499,Antonius Cleveland,1610612742,DAL,G,26,6,4,0.308,2,4,0.5,0.36,0.141
2019-20,1629621,Marial Shayok,1610612755,PHI,G-F,24,3,3,0.5,1,4,0.25,0.411,-0.161
2019-20,1629742,Stanton Kidd,1610612762,UTA,F,28,2,2,0.4,0,4,0,0.333,-0.333
2019-20,202718,Chandler Parsons,1610612737,ATL,F,31,5,4,0.333,3,4,0.75,0.331,0.419
2019-20,1629676,Isaiah Roby,1610612760,OKC,F,22,3,3,0.667,1,4,0.25,0.335,-0.085
2019-20,1627982,Josh Gray,1610612740,NOP,G,26,2,2,0.444,0,4,0,0.31,-0.31
2019-20,1628513,Naz Mitrou-Long,1610612754,IND,G,26,3,2,0.188,0,3,0,0.315,-0.315
2019-20,1629734,Kyle Alexander,1610612748,MIA,F-C,23,2,2,0.375,0,3,0,0.357,-0.357
2019-20,1629760,Matt Mooney,1610612739,CLE,G,25,3,1,0.429,0,3,0,0.361,-0.361
2019-20,2617,Udonis Haslem,1610612748,MIA,F,40,4,2,0.15,2,3,0.667,0.364,0.302
2019-20,1628968,Brian Bowen II,1610612754,IND,F-G,21,5,1,0.3,2,3,0.667,0.351,0.316
2019-20,1629625,Justin Wright-Foreman,1610612762,UTA,G,22,3,2,0.25,1,3,0.333,0.392,-0.058
2019-20,1628450,Eric Mika,1610612758,SAC,C-F,25,1,1,0.375,2,3,0.667,0.346,0.32
2019-20,1628414,Sindarius Thornwell,1610612740,NOP,G,25,2,2,0.214,1,3,0.333,0.426,-0.093
2019-20,1629608,Dewan Hernandez,1610612761,TOR,C-F,23,6,3,0.214,1,3,0.333,0.323,0.01
2019-20,1626184,Chasson Randle,1610612744,GSW,G,27,3,2,0.182,2,2,1,0.389,0.611
2019-20,1629729,Josh Reaves,1610612742,DAL,G-F,23,2,2,0.333,1,2,0.5,0.406,0.095
2019-20,1627740,Henry Ellenson,1610612751,BKN,F-C,23,5,2,0.286,0,2,0,0.38,-0.38
2019-20,1628605,Dusty Hannahs,1610612763,MEM,G,26,2,1,0.4,1,2,0.5,0.4,0.1
2019-20,1629017,Khyri Thomas,1610612765,DET,G,24,6,2,0.143,1,2,0.5,0.365,0.135
2019-20,1629133,Daryl Macon,1610612748,MIA,G,24,2,2,0.4,0,2,0,0.313,-0.313
2019-20,1629719,Devontae Cacok,1610612747,LAL,F,23,1,1,0.25,1,2,0.5,0.332,0.169
2019-20,1629739,William Howard,1610612745,HOU,F-G,26,1,1,0.667,1,2,0.5,0.372,0.129
2019-20,1629605,Tacko Fall,1610612738,BOS,C,24,4,2,0.125,1,2,0.5,0.346,0.155
2019-20,1628383,Justin Patton,1610612765,DET,C,23,5,2,0.125,1,2,0.5,0.355,0.145
2019-20,1628961,Kostas Antetokounmpo,1610612747,LAL,F,22,4,2,0.222,1,2,0.5,0.25,0.25
2019-20,203705,Josh Magette,1610612753,ORL,G,30,5,1,0.091,0,1,0,0.357,-0.357
2019-20,1629044,Shamorie Ponds,1610612761,TOR,G,22,1,1,0.333,1,1,1,0.358,0.642
2019-20,1629622,Max Strus,1610612741,CHI,G-F,24,2,1,0.333,0,1,0,0.363,-0.363
2019-20,2037,Jamal Crawford,1610612751,BKN,G,40,1,1,1,1,1,1,0.418,0.582
2019-20,1629657,Kyle Guy,1610612758,SAC,G,22,2,1,0.25,1,1,1,0.333,0.667
2019-20,201583,Ryan Anderson,1610612745,HOU,F,32,2,1,0.25,0,1,0,0.413,-0.413
2019-20,1629147,Joe Chealey,1610612766,CHA,G,24,1,1,0.167,0,1,0,0.396,-0.396
2020-21,1629628,RJ Barrett,1610612752,NYK,F-G,21,71,70,0.44,143,433,0.33,0.361,-0.031
2020-21,1626179,Terry Rozier,1610612766,CHA,G,27,68,68,0.437,141,405,0.348,0.367,-0.019
2020-21,203952,Andrew Wiggins,1610612744,GSW,F,26,70,70,0.384,149,402,0.371,0.37,0.001
2020-21,202339,Eric Bledsoe,1610612740,NOP,G,31,69,68,0.44,150,376,0.399,0.36,0.039
2020-21,1629627,Zion Williamson,1610612740,NOP,F,20,59,59,0.454,130,371,0.35,0.364,-0.014
2020-21,203482,Kelly Olynyk,1610612745,HOU,F-C,30,70,69,0.344,153,361,0.424,0.364,0.06
2020-21,201980,Danny Green,1610612755,PHI,G,34,69,68,0.397,126,360,0.35,0.369,-0.019
2020-21,203944,Julius Randle,1610612752,NYK,F-C,26,70,69,0.35,127,360,0.353,0.363,-0.01
2020-21,203501,Tim Hardaway Jr.,1610612742,DAL,G-F,29,70,70,0.491,136,359,0.379,0.367,0.012
2020-21,1627783,Pascal Siakam,1610612761,TOR,F,27,56,56,0.402,145,352,0.412,0.368,0.044
2020-21,1627741,Buddy Hield,1610612758,SAC,G,28,69,69,0.363,118,350,0.337,0.366,-0.029
2020-21,203497,Rudy Gobert,1610612762,UTA,C,29,71,67,0.218,102,345,0.296,0.363,-0.068
2020-21,1629029,Luka Dončić,1610612742,DAL,F-G,22,66,64,0.399,126,345,0.365,0.366,-0.001
2020-21,201572,Brook Lopez,1610612749,MIL,C,33,69,67,0.252,131,344,0.381,0.358,0.022
2020-21,1628415,Dillon Brooks,1610612763,MEM,G-F,25,67,67,0.394,143,343,0.417,0.367,0.05
2020-21,203114,Khris Middleton,1610612749,MIL,F,29,67,66,0.41,125,341,0.367,0.37,-0.003
2020-21,1628368,De'Aaron Fox,1610612758,SAC,G,23,56,56,0.411,130,338,0.385,0.371,0.014
2020-21,203081,Damian Lillard,1610612757,POR,G,30,64,64,0.434,120,332,0.361,0.367,-0.006
2020-21,1629647,Darius Bazley,1610612760,OKC,F-G,21,54,54,0.41,115,332,0.346,0.365,-0.018
2020-21,201950,Jrue Holiday,1610612749,MIL,G,31,58,58,0.43,142,330,0.43,0.366,0.065
2020-21,1629130,Duncan Robinson,1610612748,MIA,F,27,70,69,0.403,118,327,0.361,0.376,-0.015
2020-21,1630162,Anthony Edwards,1610612750,MIN,G,19,71,68,0.399,137,321,0.427,0.371,0.056
2020-21,203496,Robert Covington,1610612757,POR,F,30,67,66,0.326,131,321,0.408,0.367,0.041
2020-21,1626164,Devin Booker,1610612756,PHX,G,24,65,65,0.393,104,321,0.324,0.368,-0.044
2020-21,203110,Draymond Green,1610612744,GSW,F,31,62,60,0.345,116,317,0.366,0.362,0.004
2020-21,203078,Bradley Beal,1610612764,WAS,G,28,59,58,0.422,123,316,0.389,0.371,0.018
2020-21,1629632,Coby White,1610612741,CHI,G,21,69,67,0.394,126,314,0.401,0.375,0.026
2020-21,1628970,Miles Bridges,1610612766,CHA,F,23,65,65,0.383,102,314,0.325,0.367,-0.042
2020-21,1630171,Isaac Okoro,1610612739,CLE,F-G,20,67,67,0.359,130,313,0.415,0.369,0.046
2020-21,1626192,Pat Connaughton,1610612749,MIL,G,28,68,65,0.441,117,310,0.377,0.364,0.014
2020-21,1629028,Deandre Ayton,1610612756,PHX,C,22,67,63,0.27,114,309,0.369,0.371,-0.002
2020-21,1628389,Bam Adebayo,1610612748,MIA,C-F,23,62,61,0.361,107,309,0.346,0.365,-0.018
2020-21,1629012,Collin Sexton,1610612739,CLE,G,22,60,60,0.444,115,305,0.377,0.371,0.006
2020-21,1630256,Jae'Sean Tate,1610612745,HOU,F,25,70,69,0.399,104,303,0.343,0.369,-0.026
2020-21,1627759,Jaylen Brown,1610612738,BOS,G-F,24,58,56,0.423,103,301,0.342,0.372,-0.03
2020-21,1629023,P.J. Washington,1610612766,CHA,F,22,63,63,0.326,121,300,0.403,0.363,0.04
2020-21,1626220,Royce O'Neale,1610612762,UTA,F,28,71,69,0.302,102,299,0.341,0.363,-0.022
2020-21,1628366,Lonzo Ball,1610612740,NOP,G,23,53,53,0.436,113,294,0.384,0.376,0.008
2020-21,201145,Jeff Green,1610612751,BKN,F,34,68,67,0.361,99,291,0.34,0.366,-0.026
2020-21,1628407,Dwayne Bacon,1610612753,ORL,G-F,25,70,68,0.408,95,287,0.331,0.374,-0.043
2020-21,203901,Elfrid Payton,1610612752,NYK,G,27,61,60,0.437,110,286,0.385,0.373,0.012
2020-21,203897,Zach LaVine,1610612741,CHI,G-F,26,58,58,0.393,103,286,0.36,0.368,-0.008
2020-21,1628449,Chris Boucher,1610612761,TOR,F-C,28,60,59,0.357,88,285,0.309,0.362,-0.053
2020-21,203200,Justin Holiday,1610612754,IND,F-G,32,71,68,0.318,83,285,0.291,0.367,-0.076
2020-21,1626181,Norman Powell,1610612757,POR,G,28,69,66,0.441,104,284,0.366,0.372,-0.005
2020-21,203999,Nikola Jokić,1610612743,DEN,C,26,71,66,0.222,101,284,0.356,0.364,-0.008
2020-21,1628381,John Collins,1610612737,ATL,F-C,23,63,63,0.338,103,282,0.365,0.368,-0.003
2020-21,203507,Giannis Antetokounmpo,1610612749,MIL,F,26,59,59,0.414,108,281,0.384,0.36,0.025
2020-21,1628989,Kevin Huerter,1610612737,ATL,G-F,22,69,68,0.351,89,280,0.318,0.373,-0.056
2020-21,203937,Kyle Anderson,1610612763,MEM,F-G,27,69,67,0.373,106,280,0.379,0.357,0.022
2020-21,1629652,Luguentz Dort,1610612760,OKC,G,22,51,51,0.435,100,280,0.357,0.377,-0.02
2020-21,1628464,Daniel Theis,1610612741,CHI,F-C,29,65,63,0.317,98,279,0.351,0.361,-0.01
2020-21,202331,Paul George,1610612746,LAC,F,31,54,53,0.401,90,278,0.324,0.371,-0.048
2020-21,1628969,Mikal Bridges,1610612756,PHX,F,24,69,66,0.316,99,273,0.363,0.368,-0.005
2020-21,1628978,Donte DiVincenzo,1610612749,MIL,G,24,65,63,0.382,101,270,0.374,0.375,-0.001
2020-21,1629060,Rui Hachimura,1610612764,WAS,F,23,56,55,0.392,95,270,0.352,0.376,-0.024
2020-21,1627832,Fred VanVleet,1610612761,TOR,G,27,52,52,0.362,104,270,0.385,0.367,0.018
2020-21,101108,Chris Paul,1610612756,PHX,G,36,68,68,0.399,107,269,0.398,0.371,0.027
2020-21,1627751,Jakob Poeltl,1610612759,SAS,C,25,69,65,0.225,99,269,0.368,0.367,0.001
2020-21,1629630,Ja Morant,1610612763,MEM,G,21,63,62,0.38,91,265,0.343,0.37,-0.026
2020-21,1628404,Josh Hart,1610612740,NOP,G,26,46,46,0.436,108,265,0.408,0.369,0.038
2020-21,203925,Joe Harris,1610612751,BKN,G-F,29,69,69,0.367,104,263,0.395,0.369,0.026
2020-21,201566,Russell Westbrook,1610612764,WAS,G,32,64,62,0.363,93,262,0.355,0.365,-0.01
2020-21,1629640,Keldon Johnson,1610612759,SAS,F-G,21,69,67,0.329,94,262,0.359,0.368,-0.009
2020-21,203471,Dennis Schröder,1610612747,LAL,G,27,61,60,0.341,97,261,0.372,0.371,0
2020-21,1627827,Dorian Finney-Smith,1610612742,DAL,F,28,60,60,0.371,92,258,0.357,0.368,-0.012
2020-21,202710,Jimmy Butler III,1610612748,MIA,F,31,50,49,0.432,82,258,0.318,0.362,-0.044
2020-21,1629134,Kendrick Nunn,1610612748,MIA,G,25,54,54,0.4,99,256,0.387,0.372,0.015
2020-21,1627750,Jamal Murray,1610612743,DEN,G,24,47,46,0.437,82,255,0.322,0.371,-0.049
2020-21,202711,Bojan Bogdanovic,1610612762,UTA,F,32,72,68,0.363,89,253,0.352,0.361,-0.009
2020-21,1628971,Bruce Brown,1610612751,BKN,G-F,24,65,61,0.398,94,253,0.372,0.361,0.01
2020-21,1629636,Darius Garland,1610612739,CLE,G,21,54,54,0.388,98,253,0.387,0.371,0.017
2020-21,203468,CJ McCollum,1610612757,POR,G,29,46,46,0.414,102,252,0.405,0.375,0.029
2020-21,2546,Carmelo Anthony,1610612757,POR,F,37,66,63,0.474,94,249,0.378,0.364,0.013
2020-21,1629027,Trae Young,1610612737,ATL,G,22,63,62,0.367,84,248,0.339,0.369,-0.03
2020-21,1628984,Devonte' Graham,1610612766,CHA,G,26,54,53,0.414,82,248,0.331,0.364,-0.033
2020-21,1630267,Facundo Campazzo,1610612743,DEN,G,30,63,60,0.447,82,247,0.332,0.37,-0.038
2020-21,1627732,Ben Simmons,1610612755,PHI,G-F,24,58,57,0.357,73,244,0.299,0.364,-0.065
2020-21,1630172,Patrick Williams,1610612741,CHI,F,19,71,66,0.338,86,243,0.354,0.368,-0.014
2020-21,203552,Seth Curry,1610612755,PHI,G,30,57,57,0.459,93,242,0.384,0.37,0.014
2020-21,202696,Nikola Vučević,1610612741,CHI,C,30,69,65,0.205,98,242,0.405,0.354,0.051
2020-21,1627749,Dejounte Murray,1610612759,SAS,G,24,67,65,0.313,91,242,0.376,0.372,0.004
2020-21,203115,Will Barton,1610612743,DEN,G,30,54,54,0.432,96,241,0.398,0.366,0.032
2020-21,1627734,Domantas Sabonis,1610612754,IND,F-C,25,61,57,0.218,85,241,0.353,0.371,-0.018
2020-21,1628369,Jayson Tatum,1610612738,BOS,F-G,23,64,63,0.381,90,241,0.373,0.374,0
2020-21,203493,Reggie Bullock Jr.,1610612752,NYK,G-F,30,64,63,0.342,75,240,0.313,0.372,-0.06
2020-21,1629008,Michael Porter Jr.,1610612743,DEN,F,23,60,60,0.344,91,240,0.379,0.367,0.012
2020-21,202699,Tobias Harris,1610612755,PHI,F,28,62,61,0.317,100,238,0.42,0.367,0.053
2020-21,200768,Kyle Lowry,1610612761,TOR,G,35,46,46,0.389,89,236,0.377,0.374,0.003
2020-21,201937,Ricky Rubio,1610612750,MIN,G,30,67,61,0.388,82,236,0.347,0.368,-0.021
2020-21,203920,Khem Birch,1610612761,TOR,C,28,66,57,0.316,87,235,0.37,0.372,-0.002
2020-21,1628398,Kyle Kuzma,1610612747,LAL,F,25,68,67,0.371,75,235,0.319,0.37,-0.051
2020-21,203935,Marcus Smart,1610612738,BOS,G,27,48,46,0.47,81,233,0.348,0.366,-0.018
2020-21,1626174,Christian Wood,1610612745,HOU,F,25,41,41,0.324,94,232,0.405,0.375,0.03
2020-21,204456,T.J. McConnell,1610612754,IND,G,29,68,65,0.368,77,232,0.332,0.364,-0.032
2020-21,1630191,Isaiah Stewart,1610612765,DET,F-C,20,68,63,0.26,69,232,0.297,0.36,-0.063
2020-21,201988,Patty Mills,1610612759,SAS,G,32,67,67,0.429,86,231,0.372,0.374,-0.002
2020-21,201152,Thaddeus Young,1610612741,CHI,F,33,68,66,0.309,82,230,0.357,0.36,-0.004
2020-21,2738,Andre Iguodala,1610612748,MIA,G-F,37,61,59,0.467,76,230,0.33,0.363,-0.032
2020-21,1626196,Josh Richardson,1610612742,DAL,G,27,59,59,0.423,91,230,0.396,0.373,0.023
2020-21,1627742,Brandon Ingram,1610612740,NOP,F,23,59,57,0.397,84,230,0.365,0.364,0.002
2020-21,1628973,Jalen Brunson,1610612742,DAL,G,24,68,64,0.427,86,227,0.379,0.365,0.013
2020-21,202687,Bismack Biyombo,1610612766,CHA,C,28,64,61,0.331,93,227,0.41,0.363,0.047
2020-21,202704,Reggie Jackson,1610612746,LAC,G,31,66,63,0.37,86,226,0.381,0.36,0.02
2020-21,1626162,Kelly Oubre Jr.,1610612744,GSW,F-G,25,54,53,0.349,79,225,0.351,0.372,-0.021
2020-21,1627826,Ivica Zubac,1610612746,LAC,C,24,71,65,0.219,82,225,0.364,0.356,0.008
2020-21,1630163,LaMelo Ball,1610612766,CHA,G,19,50,49,0.449,84,224,0.375,0.371,0.004
2020-21,202066,Garrett Temple,1610612741,CHI,G-F,35,56,55,0.356,74,224,0.33,0.372,-0.042
2020-21,202681,Kyrie Irving,1610612751,BKN,G,29,54,53,0.365,82,224,0.366,0.366,0
2020-21,202689,Kemba Walker,1610612760,OKC,G,31,43,43,0.384,86,223,0.386,0.374,0.011
2020-21,201599,DeAndre Jordan,1610612751,BKN,C,32,57,50,0.289,82,221,0.371,0.359,0.012
2020-21,1629639,Tyler Herro,1610612748,MIA,G,21,52,52,0.376,81,221,0.367,0.372,-0.006
2020-21,203992,Bogdan Bogdanović,1610612737,ATL,G,28,44,43,0.393,83,221,0.376,0.363,0.013
2020-21,1627763,Malcolm Brogdon,1610612754,IND,G,28,55,53,0.317,82,220,0.373,0.37,0.003
2020-21,1628467,Maxi Kleber,1610612742,DAL,F,29,50,48,0.329,67,220,0.305,0.367,-0.063
2020-21,1629659,Talen Horton-Tucker,1610612747,LAL,G,20,65,62,0.417,70,220,0.318,0.364,-0.045
2020-21,1630177,Theo Maledon,1610612760,OKC,G,20,64,63,0.39,82,219,0.374,0.372,0.002
2020-21,1630169,Tyrese Haliburton,1610612758,SAC,G,21,56,54,0.366,84,219,0.384,0.372,0.012
2020-21,201587,Nicolas Batum,1610612746,LAC,G-F,32,67,64,0.312,86,218,0.394,0.374,0.021
2020-21,1630183,Jaden McDaniels,1610612750,MIN,F,20,61,59,0.335,88,216,0.407,0.375,0.032
2020-21,1626157,Karl-Anthony Towns,1610612750,MIN,C-F,25,50,47,0.26,81,214,0.379,0.37,0.009
2020-21,203109,Jae Crowder,1610612756,PHX,F,30,58,55,0.364,65,213,0.305,0.369,-0.064
2020-21,201933,Blake Griffin,1610612751,BKN,F,32,46,43,0.377,79,213,0.371,0.358,0.013
2020-21,203524,Solomon Hill,1610612737,ATL,F,30,71,64,0.359,69,212,0.325,0.364,-0.038
2020-21,202685,Jonas Valanciunas,1610612763,MEM,C,29,62,55,0.203,74,211,0.351,0.359,-0.008
2020-21,202695,Kawhi Leonard,1610612746,LAC,F,30,52,51,0.379,78,211,0.37,0.365,0.005
2020-21,1630217,Desmond Bane,1610612763,MEM,G,23,68,64,0.46,77,210,0.367,0.364,0.002
2020-21,200752,Rudy Gay,1610612759,SAS,F-G,34,63,60,0.376,73,210,0.348,0.357,-0.01
2020-21,201144,Mike Conley,1610612762,UTA,G,33,51,51,0.383,84,210,0.4,0.364,0.036
2020-21,201939,Stephen Curry,1610612744,GSW,G,33,62,59,0.414,77,209,0.368,0.371,-0.003
2020-21,203084,Harrison Barnes,1610612758,SAC,F,29,56,55,0.324,89,209,0.426,0.369,0.057
2020-21,203500,Steven Adams,1610612740,NOP,C,27,56,52,0.261,91,209,0.435,0.36,0.076
2020-21,203484,Kentavious Caldwell-Pope,1610612747,LAL,G,28,67,59,0.344,81,208,0.389,0.377,0.012
2020-21,1628983,Shai Gilgeous-Alexander,1610612760,OKC,G-F,22,34,34,0.417,72,208,0.346,0.368,-0.022
2020-21,1628384,OG Anunoby,1610612761,TOR,F,23,43,42,0.412,82,207,0.396,0.37,0.026
2020-21,1630166,Deni Avdija,1610612764,WAS,F,20,53,49,0.364,86,207,0.415,0.382,0.033
2020-21,1628425,Sterling Brown,1610612745,HOU,G-F,26,51,49,0.368,76,206,0.369,0.364,0.005
2020-21,202709,Cory Joseph,1610612765,DET,G,29,61,57,0.346,73,205,0.356,0.363,-0.007
2020-21,203145,Kent Bazemore,1610612744,GSW,G-F,31,66,57,0.343,71,205,0.346,0.36,-0.013
2020-21,203903,Jordan Clarkson,1610612762,UTA,G,29,68,66,0.363,66,203,0.325,0.36,-0.034
2020-21,1629018,Gary Trent Jr.,1610612761,TOR,G-F,22,54,52,0.423,79,203,0.389,0.37,0.019
2020-21,1626158,Richaun Holmes,1610612758,SAC,F,27,60,55,0.227,70,203,0.345,0.365,-0.02
2020-21,203924,Jerami Grant,1610612765,DET,F,27,54,53,0.369,68,203,0.335,0.369,-0.034
2020-21,1629026,Kenrich Williams,1610612760,OKC,G-F,26,63,61,0.379,75,203,0.369,0.368,0.001
2020-21,204060,Joe Ingles,1610612762,UTA,F-G,33,67,65,0.382,70,203,0.345,0.366,-0.021
2020-21,1630180,Saddiq Bey,1610612765,DET,F,22,70,66,0.345,78,203,0.384,0.369,0.015
2020-21,202722,Davis Bertans,1610612764,WAS,F,28,56,53,0.369,75,203,0.369,0.367,0.003
2020-21,203082,Terrence Ross,1610612753,ORL,G-F,30,45,44,0.461,78,202,0.386,0.372,0.014
2020-21,1626171,Bobby Portis Jr.,1610612749,MIL,F,26,65,61,0.279,72,202,0.356,0.365,-0.008
2020-21,201935,James Harden,1610612751,BKN,G,31,44,43,0.365,73,201,0.363,0.367,-0.004
2020-21,203954,Joel Embiid,1610612755,PHI,C-F,27,51,50,0.226,80,201,0.398,0.366,0.032
2020-21,1628367,Josh Jackson,1610612765,DET,G-F,24,62,60,0.326,79,200,0.395,0.365,0.03
2020-21,203926,Doug McDermott,1610612754,IND,F,29,65,61,0.364,77,198,0.389,0.371,0.018
2020-21,1630175,Cole Anthony,1610612753,ORL,G,21,45,43,0.401,90,197,0.457,0.363,0.094
2020-21,204001,Kristaps Porziņģis,1610612742,DAL,F-C,25,43,40,0.275,71,196,0.362,0.359,0.003
2020-21,1627747,Caris LeVert,1610612754,IND,G,26,47,46,0.321,67,195,0.344,0.365,-0.021
2020-21,1628378,Donovan Mitchell,1610612762,UTA,G,24,53,51,0.377,76,193,0.394,0.369,0.025
2020-21,1629004,Svi Mykhailiuk,1610612760,OKC,G-F,24,63,60,0.393,70,191,0.366,0.367,-0.001
2020-21,1628960,Grayson Allen,1610612763,MEM,G,25,50,49,0.425,71,191,0.372,0.371,0.001
2020-21,200782,P.J. Tucker,1610612749,MIL,F,36,52,50,0.363,83,190,0.437,0.364,0.073
2020-21,200794,Paul Millsap,1610612743,DEN,F,36,55,54,0.365,79,190,0.416,0.367,0.049
2020-21,1629006,Josh Okogie,1610612750,MIN,G,22,58,55,0.372,67,189,0.354,0.379,-0.024
2020-21,203932,Aaron Gordon,1610612743,DEN,F,25,49,46,0.38,71,189,0.376,0.37,0.005
2020-21,1629013,Landry Shamet,1610612751,BKN,G,24,61,57,0.352,82,189,0.434,0.372,0.062
2020-21,1629022,Lonnie Walker IV,1610612759,SAS,G-F,22,60,57,0.374,82,189,0.434,0.37,0.064
2020-21,1628386,Jarrett Allen,1610612739,CLE,C,23,63,57,0.2,70,189,0.37,0.364,0.006
2020-21,1629675,Naz Reid,1610612750,MIN,C-F,21,69,60,0.239,82,188,0.436,0.362,0.074
2020-21,1629676,Isaiah Roby,1610612760,OKC,F,23,60,54,0.287,72,186,0.387,0.371,0.016
2020-21,1628988,Aaron Holiday,1610612754,IND,G,24,64,56,0.373,72,186,0.387,0.361,0.026
2020-21,202692,Alec Burks,1610612752,NYK,G,29,49,48,0.425,55,185,0.297,0.366,-0.069
2020-21,201942,DeMar DeRozan,1610612759,SAS,G-F,31,61,59,0.364,68,185,0.368,0.366,0.002
2020-21,1629308,Juan Toscano-Anderson,1610612744,GSW,F,28,51,43,0.35,70,184,0.38,0.368,0.013
2020-21,1629003,Shake Milton,1610612755,PHI,G-F,24,63,56,0.376,64,184,0.348,0.357,-0.009
2020-21,1627854,Bryn Forbes,1610612749,MIL,G,27,68,63,0.446,81,184,0.44,0.368,0.072
2020-21,1626167,Myles Turner,1610612754,IND,C-F,25,46,42,0.22,73,181,0.403,0.363,0.04
2020-21,203076,Anthony Davis,1610612747,LAL,F-C,28,36,36,0.356,61,181,0.337,0.356,-0.019
2020-21,1628963,Marvin Bagley III,1610612758,SAC,F,22,42,41,0.362,70,181,0.387,0.365,0.022
2020-21,1629684,Grant Williams,1610612738,BOS,F,22,63,56,0.378,71,181,0.392,0.367,0.025
2020-21,201577,Robin Lopez,1610612764,WAS,C,33,70,61,0.208,68,181,0.376,0.365,0.011
2020-21,1629634,Brandon Clarke,1610612763,MEM,F,24,59,56,0.324,76,180,0.422,0.364,0.058
2020-21,1630197,Aleksej Pokusevski,1610612760,OKC,C,19,44,41,0.359,71,180,0.394,0.362,0.032
2020-21,1626149,Montrezl Harrell,1610612747,LAL,F-C,27,68,62,0.234,66,180,0.367,0.353,0.014
2020-21,1629611,Terance Mann,1610612746,LAC,G-F,24,62,54,0.334,65,179,0.363,0.364,-0.001
2020-21,1626153,Delon Wright,1610612758,SAC,G,29,61,57,0.297,57,179,0.318,0.37,-0.051
2020-21,1626224,Cedi Osman,1610612739,CLE,F,26,59,51,0.409,77,179,0.43,0.375,0.055
2020-21,201568,Danilo Gallinari,1610612737,ATL,F,32,51,50,0.337,60,178,0.337,0.366,-0.029
2020-21,203991,Clint Capela,1610612737,ATL,C,27,63,59,0.184,64,177,0.362,0.371,-0.01
2020-21,1629667,Jalen McDaniels,1610612766,CHA,F-C,23,44,43,0.423,62,176,0.352,0.36,-0.008
2020-21,2544,LeBron James,1610612747,LAL,F,36,44,42,0.403,51,176,0.29,0.352,-0.062
2020-21,203526,Raul Neto,1610612764,WAS,G,29,63,53,0.31,67,175,0.383,0.372,0.01
2020-21,1627789,Timothe Luwawu-Cabarrot,1610612751,BKN,G-F,26,57,50,0.428,64,175,0.366,0.352,0.013
2020-21,202683,Enes Freedom,1610612757,POR,C,29,69,58,0.168,65,174,0.374,0.366,0.007
2020-21,202330,Gordon Hayward,1610612766,CHA,F,31,43,42,0.397,63,174,0.362,0.371,-0.009
2020-21,201949,James Johnson,1610612740,NOP,F,34,51,49,0.423,61,174,0.351,0.369,-0.019
2020-21,203095,Evan Fournier,1610612738,BOS,G-F,28,41,39,0.341,68,174,0.391,0.376,0.014
2020-21,1626156,D'Angelo Russell,1610612750,MIN,G,25,41,39,0.377,62,171,0.363,0.366,-0.004
2020-21,1629020,Jarred Vanderbilt,1610612750,MIN,F,22,63,58,0.284,59,170,0.347,0.365,-0.018
2020-21,1627884,Derrick Jones Jr.,1610612757,POR,F,24,56,52,0.338,62,170,0.365,0.374,-0.01
2020-21,1628420,Monte Morris,1610612743,DEN,G,26,47,45,0.411,59,169,0.349,0.36,-0.01
2020-21,1628374,Lauri Markkanen,1610612741,CHI,F-C,24,50,48,0.292,54,169,0.32,0.361,-0.041
2020-21,1628997,Caleb Martin,1610612766,CHA,F,25,50,47,0.453,74,168,0.44,0.364,0.077
2020-21,203506,Victor Oladipo,1610612748,MIA,G,29,31,31,0.407,64,168,0.381,0.37,0.011
2020-21,202684,Tristan Thompson,1610612738,BOS,C-F,30,54,49,0.265,70,168,0.417,0.368,0.048
2020-21,101150,Lou Williams,1610612737,ATL,G,34,66,61,0.451,59,167,0.353,0.36,-0.007
2020-21,1629680,Matisse Thybulle,1610612755,PHI,G-F,24,64,56,0.316,48,167,0.287,0.372,-0.085
2020-21,1629643,Chuma Okeke,1610612753,ORL,F,22,44,43,0.378,58,166,0.349,0.365,-0.016
2020-21,1626172,Kevon Looney,1610612744,GSW,F,25,60,56,0.248,59,165,0.358,0.368,-0.01
2020-21,1628401,Derrick White,1610612759,SAS,G,26,36,35,0.327,73,165,0.442,0.374,0.069
2020-21,1628977,Hamidou Diallo,1610612765,DET,G,22,51,48,0.372,52,165,0.315,0.367,-0.052
2020-21,203486,Mason Plumlee,1610612765,DET,F-C,31,56,49,0.2,62,165,0.376,0.364,0.012
2020-21,1630193,Immanuel Quickley,1610612752,NYK,G,22,63,56,0.398,65,165,0.394,0.366,0.028
2020-21,202694,Marcus Morris Sr.,1610612746,LAC,F,31,57,53,0.349,65,164,0.396,0.37,0.027
2020-21,202954,Brad Wanamaker,1610612766,CHA,G,31,61,57,0.405,62,164,0.378,0.359,0.019
2020-21,203914,Gary Harris,1610612753,ORL,G,26,38,36,0.462,57,163,0.35,0.371,-0.022
2020-21,1629001,De'Anthony Melton,1610612763,MEM,G,23,51,50,0.387,51,163,0.313,0.367,-0.054
2020-21,1626161,Willie Cauley-Stein,1610612742,DAL,C,27,53,50,0.318,60,160,0.375,0.363,0.012
2020-21,203457,Nerlens Noel,1610612752,NYK,C-F,27,63,51,0.223,44,160,0.275,0.36,-0.085
2020-21,1626145,Tyus Jones,1610612763,MEM,G,25,70,62,0.412,52,160,0.325,0.355,-0.03
2020-21,201565,Derrick Rose,1610612752,NYK,G,32,50,47,0.338,52,159,0.327,0.36,-0.033
2020-21,201142,Kevin Durant,1610612751,BKN,F,32,35,34,0.38,50,158,0.316,0.362,-0.045
2020-21,1628379,Luke Kennard,1610612746,LAC,G,25,59,49,0.385,55,158,0.348,0.36,-0.012
2020-21,1627936,Alex Caruso,1610612747,LAL,G,27,58,52,0.352,58,156,0.372,0.367,0.005
2020-21,1628976,Wendell Carter Jr.,1610612753,ORL,C-F,22,54,47,0.203,57,156,0.365,0.366,-0.001
2020-21,1630202,Payton Pritchard,1610612738,BOS,G,23,66,56,0.36,69,156,0.442,0.371,0.072
2020-21,1630214,Xavier Tillman,1610612763,MEM,F,22,59,56,0.261,53,155,0.342,0.355,-0.013
2020-21,201609,Goran Dragic,1610612748,MIA,G,35,49,45,0.384,56,154,0.364,0.365,-0.002
2020-21,202322,John Wall,1610612745,HOU,G,30,40,39,0.336,48,153,0.314,0.358,-0.045
2020-21,203083,Andre Drummond,1610612747,LAL,C,27,46,43,0.244,60,152,0.395,0.359,0.035
2020-21,202693,Markieff Morris,1610612747,LAL,F,31,60,55,0.336,55,152,0.362,0.364,-0.002
2020-21,1628998,Cody Martin,1610612766,CHA,F,25,49,42,0.414,45,152,0.296,0.367,-0.071
2020-21,1629661,Cameron Johnson,1610612756,PHX,F,25,59,54,0.324,65,151,0.43,0.363,0.067
2020-21,203516,James Ennis III,1610612753,ORL,F,30,40,39,0.448,57,151,0.377,0.374,0.004
2020-21,1626169,Stanley Johnson,1610612761,TOR,F-G,25,57,54,0.38,53,151,0.351,0.366,-0.015
2020-21,202324,Derrick Favors,1610612762,UTA,F,29,68,53,0.21,51,149,0.342,0.362,-0.02
2020-21,1628408,PJ Dozier,1610612743,DEN,G-F,24,49,46,0.395,53,148,0.358,0.372,-0.014
2020-21,1626184,Chasson Randle,1610612753,ORL,G,28,38,36,0.455,61,146,0.418,0.368,0.05
2020-21,2772,Trevor Ariza,1610612748,MIA,F,36,28,28,0.435,52,146,0.356,0.366,-0.009
2020-21,201571,D.J. Augustin,1610612745,HOU,G,33,54,50,0.437,58,146,0.397,0.364,0.033
2020-21,1629057,Robert Williams III,1610612738,BOS,C-F,23,52,49,0.281,49,145,0.338,0.372,-0.034
2020-21,1629014,Anfernee Simons,1610612757,POR,G,22,59,48,0.401,60,145,0.414,0.366,0.048
2020-21,201961,Wayne Ellington,1610612765,DET,G,33,45,44,0.424,58,145,0.4,0.377,0.023
2020-21,203210,JaMychal Green,1610612743,DEN,F-C,31,57,56,0.39,44,145,0.303,0.358,-0.055
2020-21,1630173,Precious Achiuwa,1610612748,MIA,F,21,55,51,0.333,52,144,0.361,0.366,-0.005
2020-21,1629726,Garrison Mathews,1610612764,WAS,G,24,61,54,0.383,53,143,0.371,0.37,0.001
2020-21,203503,Tony Snell,1610612737,ATL,G,29,46,42,0.38,53,142,0.373,0.354,0.019
2020-21,1627777,Georges Niang,1610612762,UTA,F,28,70,61,0.364,50,142,0.352,0.353,-0.001
2020-21,1627752,Taurean Prince,1610612739,CLE,F,27,41,38,0.397,53,142,0.373,0.371,0.003
2020-21,203487,Michael Carter-Williams,1610612753,ORL,G,29,31,30,0.437,44,141,0.312,0.37,-0.058
2020-21,1626204,Larry Nance Jr.,1610612739,CLE,F-C,28,35,33,0.337,61,140,0.436,0.37,0.066
2020-21,1629216,Gabe Vincent,1610612748,MIA,G,25,42,39,0.541,53,140,0.379,0.369,0.009
2020-21,203107,Tomas Satoransky,1610612741,CHI,G,29,58,55,0.323,44,139,0.317,0.372,-0.055
2020-21,202083,Wesley Matthews,1610612747,LAL,G,34,58,55,0.359,44,139,0.317,0.362,-0.046
2020-21,1630201,Malachi Flynn,1610612761,TOR,G,23,45,41,0.375,39,139,0.281,0.36,-0.08
2020-21,1627756,Denzel Valentine,1610612741,CHI,G,27,60,49,0.417,45,139,0.324,0.358,-0.034
2020-21,1629637,Jaxson Hayes,1610612740,NOP,C-F,21,56,48,0.322,46,138,0.333,0.359,-0.026
2020-21,1626166,Cameron Payne,1610612756,PHX,G,26,58,51,0.381,57,137,0.416,0.365,0.051
2020-21,203939,Dwight Powell,1610612742,DAL,F-C,29,57,49,0.277,45,137,0.328,0.356,-0.028
2020-21,1629650,Moses Brown,1610612738,BOS,C,21,41,33,0.25,55,136,0.404,0.356,0.048
2020-21,1628470,Torrey Craig,1610612756,PHX,F,30,47,42,0.426,48,136,0.353,0.371,-0.019
2020-21,1629056,Terence Davis,1610612758,SAC,G,24,59,51,0.382,58,136,0.426,0.369,0.058
2020-21,1627814,Damion Lee,1610612744,GSW,G-F,28,56,49,0.321,51,135,0.378,0.374,0.004
2020-21,1629638,Nickeil Alexander-Walker,1610612740,NOP,G,22,44,34,0.37,54,135,0.4,0.369,0.031
2020-21,201952,Jeff Teague,1610612749,MIL,G,33,55,45,0.344,53,135,0.393,0.368,0.025
2020-21,1628400,Semi Ojeleye,1610612738,BOS,F,26,55,51,0.403,46,133,0.346,0.362,-0.016
2020-21,203090,Maurice Harkless,1610612758,SAC,F-G,28,35,32,0.414,48,133,0.361,0.354,0.007
2020-21,1629162,Jordan McLaughlin,1610612750,MIN,G,25,51,43,0.371,47,131,0.359,0.37,-0.011
2020-21,1630231,KJ Martin,1610612745,HOU,F,20,45,40,0.387,48,130,0.369,0.372,-0.003
2020-21,1629731,Dean Wade,1610612739,CLE,F-C,24,60,49,0.274,42,130,0.323,0.375,-0.052
2020-21,1627761,DeAndre' Bembry,1610612761,TOR,G-F,26,47,41,0.433,46,129,0.357,0.364,-0.007
2020-21,1629635,Sekou Doumbouya,1610612765,DET,F,20,53,47,0.391,52,128,0.406,0.364,0.042
2020-21,1627788,Furkan Korkmaz,1610612755,PHI,G-F,23,54,48,0.385,44,126,0.349,0.361,-0.012
2020-21,1630167,Obi Toppin,1610612752,NYK,F,23,60,48,0.461,49,125,0.392,0.363,0.029
2020-21,201188,Marc Gasol,1610612747,LAL,C,36,52,44,0.212,42,124,0.339,0.361,-0.023
2020-21,1627863,Danuel House Jr.,1610612745,HOU,F-G,28,36,34,0.411,45,124,0.363,0.373,-0.01
2020-21,1627736,Malik Beasley,1610612750,MIN,G,24,36,36,0.358,46,124,0.371,0.366,0.005
2020-21,1629629,Cam Reddish,1610612737,ATL,F-G,21,26,25,0.405,42,124,0.339,0.371,-0.032
2020-21,1630170,Devin Vassell,1610612759,SAS,G-F,20,61,52,0.334,51,121,0.421,0.377,0.045
2020-21,1630181,R.J. Hampton,1610612753,ORL,G,20,45,38,0.38,49,120,0.408,0.366,0.042
2020-21,1629651,Nic Claxton,1610612751,BKN,F-C,22,32,30,0.349,35,120,0.292,0.354,-0.062
2020-21,203469,Cody Zeller,1610612766,CHA,F-C,28,47,42,0.224,40,119,0.336,0.351,-0.015
2020-21,203382,Aron Baynes,1610612761,TOR,C-F,34,52,43,0.228,51,119,0.429,0.365,0.063
2020-21,1630240,Saben Lee,1610612765,DET,G,22,46,39,0.386,49,119,0.412,0.363,0.049
2020-21,203967,Dario Saric,1610612756,PHX,F-C,27,47,41,0.267,33,119,0.277,0.352,-0.075
2020-21,1629631,De'Andre Hunter,1610612737,ATL,F-G,23,23,23,0.415,35,118,0.297,0.373,-0.076
2020-21,1626195,Willy Hernangomez,1610612740,NOP,C-F,27,44,36,0.244,46,118,0.39,0.361,0.028
2020-21,203087,Jeremy Lamb,1610612754,IND,G-F,29,36,34,0.322,49,117,0.419,0.376,0.043
2020-21,1628422,Damyean Dotson,1610612739,CLE,G,27,45,35,0.389,40,117,0.342,0.363,-0.021
2020-21,201586,Serge Ibaka,1610612746,LAC,F,31,41,38,0.204,37,117,0.316,0.365,-0.049
2020-21,200765,Rajon Rondo,1610612746,LAC,G,35,44,42,0.427,40,117,0.342,0.367,-0.025
2020-21,1629645,Kevin Porter Jr.,1610612745,HOU,G-F,21,26,25,0.364,57,117,0.487,0.383,0.104
2020-21,203085,Austin Rivers,1610612743,DEN,G,28,34,32,0.453,41,117,0.35,0.375,-0.025
2020-21,202397,Ish Smith,1610612764,WAS,G,32,42,40,0.349,41,117,0.35,0.364,-0.014
2020-21,1628539,Mychal Mulder,1610612744,GSW,G,27,54,48,0.387,48,116,0.414,0.36,0.053
2020-21,2730,Dwight Howard,1610612755,PHI,C-F,35,69,53,0.198,37,116,0.319,0.359,-0.04
2020-21,1630184,Kira Lewis Jr.,1610612740,NOP,G,20,49,39,0.391,36,115,0.313,0.368,-0.055
2020-21,1629021,Moritz Wagner,1610612753,ORL,F-C,24,43,39,0.288,36,115,0.313,0.349,-0.036
2020-21,1629673,Jordan Poole,1610612744,GSW,G,22,46,42,0.432,27,114,0.237,0.358,-0.121
2020-21,1629660,Ty Jerome,1610612760,OKC,G-F,23,33,33,0.419,40,113,0.354,0.359,-0.005
2020-21,201588,George Hill,1610612755,PHI,G,35,29,29,0.473,38,112,0.339,0.372,-0.033
2020-21,1630178,Tyrese Maxey,1610612755,PHI,G,20,58,43,0.392,49,112,0.438,0.36,0.077
2020-21,1629139,Yuta Watanabe,1610612761,TOR,G-F,26,50,43,0.365,39,112,0.348,0.365,-0.016
2020-21,1630164,James Wiseman,1610612744,GSW,C,20,38,37,0.243,32,111,0.288,0.365,-0.076
2020-21,1628370,Malik Monk,1610612766,CHA,G,23,39,35,0.439,42,111,0.378,0.369,0.009
2020-21,1629622,Max Strus,1610612748,MIA,G-F,25,32,29,0.534,42,110,0.382,0.365,0.017
2020-21,1627823,Juancho Hernangomez,1610612750,MIN,F,25,49,41,0.35,43,109,0.394,0.367,0.027
2020-21,203994,Jusuf Nurkić,1610612757,POR,C,26,36,30,0.226,34,107,0.318,0.358,-0.04
2020-21,202335,Patrick Patterson,1610612746,LAC,F,32,37,35,0.395,40,107,0.374,0.364,0.01
2020-21,1629234,Drew Eubanks,1610612759,SAS,F-C,24,53,47,0.248,31,106,0.292,0.356,-0.064
2020-21,203118,Mike Scott,1610612755,PHI,F,32,49,39,0.354,37,105,0.352,0.358,-0.006
2020-21,1629109,Gary Clark,1610612755,PHI,F,26,36,34,0.399,31,105,0.295,0.357,-0.062
2020-21,203458,Alex Len,1610612764,WAS,C,28,63,50,0.182,31,104,0.298,0.355,-0.057
2020-21,203463,Ben McLemore,1610612747,LAL,G,28,47,41,0.375,36,103,0.35,0.37,-0.02
2020-21,1629669,Jaylen Nowell,1610612750,MIN,G,21,41,34,0.37,46,102,0.451,0.373,0.078
2020-21,1629671,Miye Oni,1610612762,UTA,G-F,23,47,42,0.463,22,100,0.22,0.353,-0.133
2020-21,1626163,Frank Kaminsky,1610612756,PHX,F-C,28,46,40,0.236,36,98,0.367,0.361,0.007
2020-21,201976,Patrick Beverley,1610612746,LAC,G,32,37,35,0.336,26,98,0.265,0.373,-0.108
2020-21,1628021,David Nwaba,1610612745,HOU,G-F,28,30,28,0.328,44,98,0.449,0.37,0.079
2020-21,202326,DeMarcus Cousins,1610612746,LAC,C,30,41,35,0.24,33,97,0.34,0.359,-0.019
2020-21,1629164,Brandon Goodwin,1610612737,ATL,G,25,42,36,0.416,39,96,0.406,0.373,0.033
2020-21,1629642,Nassir Little,1610612757,POR,F-G,21,44,35,0.383,27,95,0.284,0.359,-0.075
2020-21,201959,Taj Gibson,1610612752,NYK,F,36,44,38,0.224,29,95,0.305,0.367,-0.062
2020-21,1629011,Mitchell Robinson,1610612752,NYK,C-F,23,30,27,0.26,25,94,0.266,0.358,-0.092
2020-21,201569,Eric Gordon,1610612745,HOU,G,32,27,24,0.435,30,93,0.323,0.36,-0.037
2020-21,1630165,Killian Hayes,1610612765,DET,G,19,26,26,0.355,36,93,0.387,0.355,0.032
2020-21,1629644,KZ Okpala,1610612748,MIA,F-G,22,33,26,0.435,33,93,0.355,0.367,-0.012
2020-21,1630230,Naji Marshall,1610612740,NOP,F,23,27,24,0.359,30,93,0.323,0.371,-0.048
2020-21,200746,LaMarcus Aldridge,1610612751,BKN,C-F,35,26,25,0.243,30,93,0.323,0.349,-0.026
2020-21,1628392,Isaiah Hartenstein,1610612739,CLE,C-F,23,44,33,0.303,30,93,0.323,0.346,-0.024
2020-21,202340,Avery Bradley,1610612745,HOU,G,30,27,25,0.418,35,92,0.38,0.367,0.014
2020-21,1629655,Daniel Gafford,1610612764,WAS,F-C,22,52,39,0.197,29,92,0.315,0.361,-0.046
2020-21,1628964,Mo Bamba,1610612753,ORL,C,23,43,34,0.231,34,92,0.37,0.363,0.007
2020-21,201580,JaVale McGee,1610612743,DEN,C-F,33,46,35,0.265,39,91,0.429,0.354,0.075
2020-21,1628385,Harry Giles III,1610612757,POR,F-C,23,35,31,0.453,26,91,0.286,0.362,-0.077
2020-21,203476,Gorgui Dieng,1610612759,SAS,C,31,38,31,0.294,37,91,0.407,0.357,0.049
2020-21,1628402,Frank Jackson,1610612765,DET,G,23,35,30,0.423,30,90,0.333,0.371,-0.037
2020-21,1628410,Edmond Sumner,1610612754,IND,G,25,48,38,0.333,37,90,0.411,0.374,0.038
2020-21,203918,Rodney Hood,1610612761,TOR,G-F,28,48,37,0.323,31,90,0.344,0.37,-0.026
2020-21,201567,Kevin Love,1610612739,CLE,F-C,32,24,22,0.352,39,90,0.433,0.361,0.073
2020-21,203504,Trey Burke,1610612742,DAL,G,28,56,43,0.35,34,90,0.378,0.368,0.01
2020-21,1628396,Tony Bradley,1610612760,OKC,C-F,23,40,34,0.243,29,89,0.326,0.36,-0.034
2020-21,1630168,Onyeka Okongwu,1610612737,ATL,F-C,20,48,39,0.282,29,87,0.333,0.361,-0.028
2020-21,1629002,Chimezie Metu,1610612758,SAC,F-C,24,33,27,0.325,39,86,0.453,0.367,0.086
2020-21,200755,JJ Redick,1610612742,DAL,G,37,43,38,0.429,29,85,0.341,0.373,-0.032
2020-21,201143,Al Horford,1610612738,BOS,C-F,35,27,23,0.209,34,85,0.4,0.371,0.029
2020-21,203648,Thanasis Antetokounmpo,1610612749,MIL,F,28,46,38,0.401,22,85,0.259,0.349,-0.09
2020-21,1626159,Justise Winslow,1610612763,MEM,F-G,25,26,25,0.398,34,84,0.405,0.37,0.034
2020-21,1628972,Troy Brown Jr.,1610612741,CHI,G-F,21,33,31,0.404,35,84,0.417,0.367,0.05
2020-21,1630174,Aaron Nesmith,1610612738,BOS,G-F,21,38,35,0.367,29,84,0.345,0.363,-0.018
2020-21,204020,Tyler Johnson,1610612751,BKN,G,29,37,33,0.356,29,83,0.349,0.376,-0.027
2020-21,1628382,Justin Jackson,1610612749,MIL,F,26,34,30,0.38,28,81,0.346,0.352,-0.006
2020-21,1629672,Eric Paschall,1610612744,GSW,F,24,40,34,0.251,28,81,0.346,0.373,-0.027
2020-21,203488,Mike Muscala,1610612760,OKC,F-C,29,34,28,0.215,19,78,0.244,0.365,-0.122
2020-21,1629610,DaQuan Jeffries,1610612759,SAS,G-F,23,28,24,0.431,29,78,0.372,0.383,-0.011
2020-21,1629723,John Konchar,1610612763,MEM,G,25,43,32,0.321,23,76,0.303,0.359,-0.057
2020-21,202357,Nemanja Bjelica,1610612748,MIA,F,33,35,32,0.297,25,76,0.329,0.362,-0.033
2020-21,203490,Otto Porter Jr.,1610612753,ORL,F,28,27,23,0.412,29,75,0.387,0.353,0.033
2020-21,1628391,D.J. Wilson,1610612745,HOU,F,25,33,29,0.318,21,75,0.28,0.361,-0.081
2020-21,1629633,Jarrett Culver,1610612750,MIN,G-F,22,33,28,0.378,23,73,0.315,0.362,-0.047
2020-21,1628975,Jevon Carter,1610612756,PHX,G,25,57,37,0.323,25,72,0.347,0.366,-0.019
2020-21,202355,Hassan Whiteside,1610612758,SAC,C,32,33,26,0.218,22,69,0.319,0.366,-0.048
2020-21,1627745,Damian Jones,1610612758,SAC,C,26,35,31,0.278,29,69,0.42,0.355,0.065
2020-21,1629052,Oshae Brissett,1610612754,IND,F-G,23,20,18,0.246,18,68,0.265,0.355,-0.09
2020-21,1629750,Javonte Green,1610612741,CHI,G-F,27,34,28,0.428,25,68,0.368,0.367,0
2020-21,202329,Al-Farouq Aminu,1610612741,CHI,F,30,23,20,0.453,22,67,0.328,0.375,-0.046
2020-21,1630192,Zeke Nnaji,1610612743,DEN,F-C,20,36,25,0.374,23,67,0.343,0.355,-0.011
2020-21,1629740,Nicolo Melli,1610612742,DAL,F,30,41,31,0.333,28,67,0.418,0.361,0.057
2020-21,1630198,Isaiah Joe,1610612755,PHI,G,21,34,24,0.449,23,66,0.348,0.339,0.009
2020-21,1629067,Isaac Bonga,1610612764,WAS,G,21,38,29,0.352,23,64,0.359,0.371,-0.012
2020-21,1630205,Lamar Stevens,1610612739,CLE,F,23,37,31,0.337,24,64,0.375,0.367,0.008
2020-21,1628411,Wes Iwundu,1610612740,NOP,F,26,34,26,0.335,24,62,0.387,0.375,0.012
2020-21,1630237,Anthony Lamb,1610612745,HOU,F,23,22,19,0.33,25,62,0.403,0.377,0.026
2020-21,1627853,Ryan Arcidiacono,1610612741,CHI,G,27,41,33,0.411,22,62,0.355,0.356,-0.001
2020-21,1627774,Jake Layman,1610612750,MIN,F,27,43,32,0.307,25,62,0.403,0.364,0.039
2020-21,1630271,Brodric Thomas,1610612739,CLE,G,24,26,20,0.347,18,61,0.295,0.364,-0.069
2020-21,1628372,Dennis Smith Jr.,1610612765,DET,G,23,23,20,0.314,16,60,0.267,0.362,-0.096
2020-21,1629048,Goga Bitadze,1610612754,IND,C-F,21,44,28,0.183,23,60,0.383,0.374,0.01
2020-21,1628436,Luke Kornet,1610612738,BOS,F-C,25,29,23,0.233,20,59,0.339,0.336,0.003
2020-21,1630233,Nathan Knight,1610612737,ATL,F-C,23,28,26,0.453,19,58,0.328,0.349,-0.022
2020-21,1628995,Kevin Knox II,1610612752,NYK,F,21,37,27,0.406,15,58,0.259,0.361,-0.103
2020-21,1629685,Dylan Windler,1610612739,CLE,G-F,24,31,25,0.29,18,56,0.321,0.373,-0.052
2020-21,1629717,Armoni Brooks,1610612745,HOU,G,23,19,16,0.359,26,56,0.464,0.371,0.093
2020-21,1630221,Josh Hall,1610612760,OKC,F,20,19,18,0.459,19,56,0.339,0.363,-0.024
2020-21,1628427,Vlatko Cancar,1610612743,DEN,F,24,31,22,0.519,23,55,0.418,0.366,0.052
2020-21,1627885,Shaquille Harrison,1610612743,DEN,G,27,29,24,0.417,19,55,0.345,0.368,-0.022
2020-21,1630273,Freddie Gillespie,1610612761,TOR,F,24,20,19,0.275,25,52,0.481,0.372,0.109
2020-21,1629076,Tyler Cook,1610612765,DET,F,23,29,25,0.344,20,52,0.385,0.356,0.028
2020-21,1629010,Jerome Robinson,1610612764,WAS,G,24,16,14,0.429,22,51,0.431,0.363,0.068
2020-21,1629677,Luka Samanic,1610612759,SAS,F,21,27,22,0.316,18,50,0.36,0.364,-0.004
2020-21,204038,Langston Galloway,1610612756,PHX,G,29,37,28,0.412,19,49,0.388,0.357,0.031
2020-21,1628990,Chandler Hutchison,1610612764,WAS,F-G,25,25,20,0.318,14,49,0.286,0.349,-0.063
2020-21,1626168,Trey Lyles,1610612759,SAS,F,25,22,18,0.327,18,49,0.367,0.36,0.007
2020-21,1629713,Justin James,1610612758,SAC,G-F,24,26,20,0.426,26,49,0.531,0.341,0.19
2020-21,203922,Glenn Robinson III,1610612758,SAC,F,27,21,18,0.354,18,46,0.391,0.37,0.021
2020-21,202734,E'Twaun Moore,1610612756,PHX,G,32,26,21,0.307,11,46,0.239,0.355,-0.116
2020-21,1629658,Jaylen Hoard,1610612760,OKC,F,22,18,14,0.355,19,44,0.432,0.381,0.051
2020-21,1626246,Boban Marjanovic,1610612742,DAL,C,32,30,22,0.25,16,44,0.364,0.353,0.011
2020-21,1626143,Jahlil Okafor,1610612765,DET,C-F,25,26,22,0.226,14,44,0.318,0.367,-0.049
2020-21,1629670,Jordan Nwora,1610612749,MIL,F,22,22,16,0.419,15,44,0.341,0.337,0.004
2020-21,1629617,Reggie Perry,1610612751,BKN,F-C,21,22,14,0.355,14,43,0.326,0.35,-0.024
2020-21,1630182,Josh Green,1610612742,DAL,G,20,32,25,0.333,17,43,0.395,0.353,0.042
2020-21,1629744,Matt Thomas,1610612762,UTA,G,26,36,21,0.365,19,42,0.452,0.354,0.098
2020-21,1630185,Nico Mannion,1610612744,GSW,G,20,24,20,0.339,15,42,0.357,0.348,0.009
2020-21,1629117,Wenyen Gabriel,1610612740,NOP,F,24,18,15,0.406,16,41,0.39,0.364,0.027
2020-21,1628981,Bruno Fernando,1610612737,ATL,F-C,22,28,18,0.331,11,41,0.268,0.342,-0.073
2020-21,1629599,Amir Coffey,1610612746,LAC,G-F,24,28,18,0.383,13,41,0.317,0.363,-0.046
2020-21,1627846,Abdel Nader,1610612756,PHX,F,27,20,17,0.339,13,41,0.317,0.356,-0.039
2020-21,1628373,Frank Ntilikina,1610612752,NYK,G,22,24,18,0.39,16,41,0.39,0.37,0.02
2020-21,1630222,Mason Jones,1610612755,PHI,G,22,28,22,0.364,15,40,0.375,0.346,0.029
2020-21,1628418,Thomas Bryant,1610612764,WAS,C-F,23,10,9,0.245,13,39,0.333,0.389,-0.056
2020-21,1630219,Skylar Mays,1610612737,ATL,G,23,27,21,0.447,16,38,0.421,0.346,0.075
2020-21,1629641,Romeo Langford,1610612738,BOS,G-F,21,17,14,0.373,11,38,0.289,0.382,-0.092
2020-21,1629103,Kelan Martin,1610612754,IND,F,25,26,15,0.274,11,37,0.297,0.349,-0.051
2020-21,1628035,Alfonzo McKinnie,1610612747,LAL,F,28,27,18,0.402,12,37,0.324,0.356,-0.032
2020-21,1629035,Carsen Edwards,1610612738,BOS,G,23,25,22,0.44,19,37,0.514,0.358,0.156
2020-21,203960,JaKarr Sampson,1610612754,IND,F,28,25,19,0.201,17,36,0.472,0.374,0.099
2020-21,1628455,Mike James,1610612751,BKN,G,30,12,12,0.444,8,36,0.222,0.353,-0.131
2020-21,1630241,Sam Merrill,1610612749,MIL,G,25,22,15,0.468,15,36,0.417,0.344,0.073
2020-21,1629682,Tremont Waters,1610612738,BOS,G,23,21,18,0.473,14,35,0.4,0.352,0.048
2020-21,1630210,Markus Howard,1610612743,DEN,G,22,27,18,0.443,9,35,0.257,0.351,-0.093
2020-21,1628383,Justin Patton,1610612745,HOU,C,24,13,10,0.25,16,35,0.457,0.369,0.089
2020-21,1630264,Anthony Gill,1610612764,WAS,F,28,19,13,0.415,9,34,0.265,0.35,-0.086
2020-21,1629662,Mfiondu Kabengele,1610612739,CLE,F-C,23,33,20,0.248,9,34,0.265,0.317,-0.053
2020-21,1629626,Bol Bol,1610612743,DEN,C-F,21,24,17,0.523,17,34,0.5,0.385,0.115
2020-21,1628414,Sindarius Thornwell,1610612753,ORL,G,26,16,13,0.453,12,34,0.353,0.365,-0.012
2020-21,1630223,Jalen Harris,1610612761,TOR,G,22,13,10,0.532,11,33,0.333,0.372,-0.038
2020-21,1628966,Keita Bates-Diop,1610612759,SAS,F,25,23,15,0.344,15,33,0.455,0.349,0.106
2020-21,1630235,Trent Forrest,1610612762,UTA,G,23,25,17,0.311,11,33,0.333,0.367,-0.033
2020-21,202334,Ed Davis,1610612750,MIN,C-F,32,20,13,0.192,14,33,0.424,0.369,0.055
2020-21,1628991,Jaren Jackson Jr.,1610612763,MEM,F-C,21,11,9,0.252,19,32,0.594,0.368,0.226
2020-21,1628778,Paul Watson,1610612761,TOR,G,26,22,14,0.33,9,32,0.281,0.37,-0.089
2020-21,1629657,Kyle Guy,1610612758,SAC,G,23,25,17,0.416,16,32,0.5,0.364,0.136
2020-21,1629649,Ignas Brazdeikis,1610612753,ORL,F,22,10,8,0.356,13,32,0.406,0.356,0.05
2020-21,1630253,Sean McDermott,1610612763,MEM,F,24,13,11,0.437,6,31,0.194,0.351,-0.157
2020-21,1629185,Chris Chiozza,1610612751,BKN,G,25,20,15,0.337,10,31,0.323,0.353,-0.031
2020-21,1630194,Paul Reed,1610612755,PHI,F,22,21,15,0.353,7,30,0.233,0.347,-0.114
2020-21,1630188,Jalen Smith,1610612756,PHX,F-C,21,19,18,0.423,14,30,0.467,0.362,0.105
2020-21,1628365,Markelle Fultz,1610612753,ORL,G,23,8,7,0.455,12,30,0.4,0.362,0.038
2020-21,1629681,Killian Tillie,1610612763,MEM,F-C,23,14,10,0.475,8,28,0.286,0.378,-0.092
2020-21,1630466,Gabriel Deck,1610612760,OKC,F,26,10,8,0.321,13,27,0.481,0.379,0.103
2020-21,1629605,Tacko Fall,1610612738,BOS,C,25,17,14,0.284,11,27,0.407,0.366,0.041
2020-21,101141,Ersan Ilyasova,1610612762,UTA,F,34,16,12,0.306,5,26,0.192,0.35,-0.158
2020-21,1630187,Daniel Oturu,1610612746,LAC,C,21,19,14,0.338,6,26,0.231,0.295,-0.064
2020-21,1630200,Tre Jones,1610612759,SAS,G,21,29,13,0.287,11,25,0.44,0.354,0.086
2020-21,203521,Matthew Dellavedova,1610612739,CLE,G,30,12,11,0.309,10,25,0.4,0.373,0.027
2020-21,1629752,Juwan Morgan,1610612762,UTA,F,24,18,15,0.424,9,25,0.36,0.342,0.018
2020-21,1629751,Dakota Mathias,1610612755,PHI,G,25,7,5,0.357,9,25,0.36,0.35,0.01
2020-21,203121,Darius Miller,1610612760,OKC,F,31,15,12,0.369,5,24,0.208,0.357,-0.148
2020-21,203473,Dewayne Dedmon,1610612748,MIA,C,31,16,11,0.255,12,24,0.5,0.387,0.113
2020-21,1629718,Charlie Brown Jr.,1610612760,OKC,G,24,9,8,0.429,9,24,0.375,0.351,0.024
2020-21,1629686,Deividas Sirvydis,1610612765,DET,F-G,21,16,13,0.451,9,23,0.391,0.353,0.039
2020-21,1628993,Alize Johnson,1610612751,BKN,F,25,14,7,0.343,10,23,0.435,0.354,0.081
2020-21,203585,Rodney McGruder,1610612765,DET,G,29,14,11,0.365,11,23,0.478,0.383,0.096
2020-21,1629017,Khyri Thomas,1610612745,HOU,G,25,5,5,0.355,9,22,0.409,0.367,0.042
2020-21,1629604,CJ Elleby,1610612757,POR,F-G,21,22,13,0.367,9,22,0.409,0.356,0.053
2020-21,203953,Jabari Parker,1610612738,BOS,F,26,12,8,0.328,7,22,0.318,0.367,-0.049
2020-21,1629683,Quinndary Weatherspoon,1610612759,SAS,G,24,14,12,0.44,12,22,0.545,0.354,0.192
2020-21,1629603,Mamadi Diakite,1610612749,MIL,F,24,12,8,0.339,6,20,0.3,0.315,-0.015
2020-21,1629743,Donta Hall,1610612753,ORL,C,23,11,7,0.2,6,20,0.3,0.347,-0.047
2020-21,1628412,Frank Mason III,1610612753,ORL,G,27,4,4,0.613,6,19,0.316,0.39,-0.074
2020-21,1629719,Devontae Cacok,1610612747,LAL,F,24,18,14,0.422,4,19,0.211,0.376,-0.165
2020-21,1626188,Quinn Cook,1610612739,CLE,G,28,20,11,0.268,7,19,0.368,0.368,0
2020-21,1627748,Thon Maker,1610612739,CLE,F-C,24,8,6,0.391,4,18,0.222,0.289,-0.067
2020-21,203957,Dante Exum,1610612745,HOU,G,25,5,5,0.362,8,17,0.471,0.379,0.091
2020-21,1629066,Rodions Kurucs,1610612749,MIL,F,23,15,12,0.333,8,17,0.471,0.333,0.137
2020-21,1630189,Tyler Bey,1610612742,DAL,F,23,15,10,0.378,9,17,0.529,0.336,0.193
2020-21,201162,Jared Dudley,1610612747,LAL,F,35,11,8,0.486,8,17,0.471,0.347,0.124
2020-21,1628395,Jordan Bell,1610612744,GSW,F,26,5,5,0.381,6,16,0.375,0.364,0.011
2020-21,1630208,Nick Richards,1610612766,CHA,C,23,11,9,0.5,3,16,0.188,0.366,-0.179
2020-21,1627812,Yogi Ferrell,1610612746,LAC,G,28,9,5,0.349,1,15,0.067,0.337,-0.271
2020-21,1629730,Rayjon Tucker,1610612755,PHI,G,23,10,8,0.625,6,15,0.4,0.372,0.028
2020-21,1629712,Didi Louzada,1610612740,NOP,G,21,3,3,0.5,4,14,0.286,0.325,-0.039
2020-21,1630206,Jay Scrubb,1610612746,LAC,G,20,4,4,0.467,5,14,0.357,0.324,0.033
2020-21,1630216,Cassius Winston,1610612764,WAS,G,23,11,9,0.424,6,14,0.429,0.369,0.059
2020-21,1630176,Vernon Carey Jr.,1610612766,CHA,F-C,20,17,8,0.286,4,14,0.286,0.376,-0.09
2020-21,1629648,Jordan Bone,1610612753,ORL,G,23,11,9,0.311,7,14,0.5,0.36,0.14
2020-21,1628961,Kostas Antetokounmpo,1610612747,LAL,F,23,11,9,0.481,6,13,0.462,0.363,0.099
2020-21,1626253,Axel Toupane,1610612749,MIL,G-F,28,5,3,0.52,4,13,0.308,0.348,-0.04
2020-21,1630199,Cassius Stanley,1610612754,IND,G,21,16,10,0.375,2,12,0.167,0.349,-0.182
2020-21,1629735,Chris Silva,1610612758,SAC,F,24,9,4,0.235,4,12,0.333,0.331,0.003
2020-21,1626178,Rondae Hollis-Jefferson,1610612757,POR,F,26,10,6,0.343,2,12,0.167,0.342,-0.175
2020-21,1630211,Karim Mane,1610612753,ORL,G,21,9,6,0.324,2,11,0.182,0.359,-0.177
2020-21,1630186,Jahmi'us Ramsey,1610612758,SAC,G,20,11,7,0.324,4,11,0.364,0.288,0.076
2020-21,1629714,Jarrell Brantley,1610612762,UTA,F,25,20,10,0.229,2,11,0.182,0.312,-0.13
2020-21,201229,Anthony Tolliver,1610612755,PHI,F,36,8,6,0.314,1,11,0.091,0.296,-0.205
2020-21,1629663,Louis King,1610612758,SAC,F,22,6,4,0.324,4,11,0.364,0.321,0.042
2020-21,1629620,Justin Robinson,1610612760,OKC,G,23,7,6,0.345,5,10,0.5,0.37,0.13
2020-21,203460,Andre Roberson,1610612751,BKN,G-F,29,5,4,0.4,3,10,0.3,0.355,-0.055
2020-21,1629833,Keljin Blevins,1610612757,POR,G,25,14,9,0.556,3,10,0.3,0.318,-0.018
2020-21,1629346,Alen Smailagic,1610612744,GSW,F,20,9,6,0.2,5,10,0.5,0.282,0.218
2020-21,1630190,Elijah Hughes,1610612762,UTA,G,23,12,7,0.5,1,10,0.1,0.35,-0.25
2020-21,203933,T.J. Warren,1610612754,IND,F,27,4,4,0.323,6,10,0.6,0.369,0.231
2020-21,1627739,Kris Dunn,1610612737,ATL,G,27,4,4,0.455,4,10,0.4,0.38,0.02
2020-21,203915,Spencer Dinwiddie,1610612751,BKN,G,28,3,3,0.3,2,9,0.222,0.379,-0.157
2020-21,203658,Norvel Pelle,1610612752,NYK,C,28,8,6,0.25,3,9,0.333,0.332,0.001
2020-21,1629606,Robert Franks,1610612753,ORL,F,24,5,4,0.258,2,8,0.25,0.342,-0.092
2020-21,1626245,Cristiano Felicio,1610612741,CHI,F-C,28,13,6,0.205,4,8,0.5,0.339,0.161
2020-21,1630207,Nate Hinton,1610612742,DAL,G-F,22,15,6,0.32,1,8,0.125,0.32,-0.195
2020-21,1628419,Cameron Oliver,1610612745,HOU,F,24,4,3,0.152,3,7,0.429,0.335,0.094
2020-21,1627740,Henry Ellenson,1610612761,TOR,F-C,24,2,2,0.368,1,7,0.143,0.385,-0.242
2020-21,1630234,Ty-Shon Alexander,1610612756,PHX,G,22,8,5,0.333,2,7,0.286,0.366,-0.08
2020-21,202738,Isaiah Thomas,1610612740,NOP,G,32,3,2,0.412,1,7,0.143,0.331,-0.189
2020-21,2760,Anderson Varejao,1610612739,CLE,F,38,5,4,0.241,3,7,0.429,0.372,0.057
2020-21,1629033,Theo Pinson,1610612752,NYK,G-F,25,12,5,0.375,3,6,0.5,0.334,0.166
2020-21,1627775,Patrick McCaw,1610612761,TOR,G,25,5,4,0.545,2,6,0.333,0.326,0.007
2020-21,1629007,Jontay Porter,1610612763,MEM,C-F,21,5,2,0.222,2,6,0.333,0.303,0.031
2020-21,1629725,Jeremiah Martin,1610612739,CLE,G,25,8,4,0.2,1,6,0.167,0.347,-0.18
2020-21,1629738,Vincent Poirier,1610612755,PHI,C-F,27,8,4,0.208,1,5,0.2,0.259,-0.059
2020-21,1629653,Devon Dotson,1610612741,CHI,G,21,7,4,0.294,1,5,0.2,0.365,-0.165
2020-21,1629962,Devin Cannady,1610612753,ORL,G,25,4,3,0.333,3,5,0.6,0.407,0.193
2020-21,1628388,T.J. Leaf,1610612757,POR,F,24,7,3,0.294,2,5,0.4,0.344,0.056
2020-21,203086,Meyers Leonard,1610612748,MIA,F-C,29,3,3,0.417,3,5,0.6,0.355,0.245
2020-21,1630179,Tyrell Terry,1610612742,DAL,G,20,8,5,0.357,1,5,0.2,0.33,-0.13
2020-21,1628962,Udoka Azubuike,1610612762,UTA,C-F,21,12,5,0.156,1,5,0.2,0.294,-0.094
2020-21,1630268,Nate Darling,1610612766,CHA,G,22,4,4,0.5,2,4,0.5,0.35,0.15
2020-21,1629034,Ray Spalding,1610612745,HOU,F,24,2,2,0.308,1,4,0.25,0.343,-0.093
2020-21,1630203,Grant Riller,1610612766,CHA,G,24,5,4,0.667,2,4,0.5,0.368,0.132
2020-21,204025,Tim Frazier,1610612763,MEM,G,30,4,1,0.2,1,4,0.25,0.288,-0.038
2020-21,1627780,Gary Payton II,1610612744,GSW,G,28,7,2,0.222,0,4,0,0.305,-0.305
2020-21,1629607,Jared Harper,1610612752,NYK,G,23,4,3,0.667,1,4,0.25,0.351,-0.101
2020-21,1629244,Cam Reynolds,1610612745,HOU,F,26,3,3,0.176,0,3,0,0.374,-0.374
2020-21,1628394,Anžejs Pasečņiks,1610612764,WAS,C-F,25,1,1,0.5,1,3,0.333,0.344,-0.01
2020-21,1628578,Amida Brimah,1610612754,IND,C,27,5,3,0.176,1,3,0.333,0.295,0.038
2020-21,203263,James Nunnally,1610612740,NOP,F,30,4,3,0.429,1,3,0.333,0.365,-0.032
2020-21,1630238,Malik Fitts,1610612746,LAC,F,23,1,1,0.75,1,3,0.333,0.339,-0.006
2020-21,1629690,Adam Mokoka,1610612741,CHI,G,22,6,2,0.273,0,3,0,0.382,-0.382
2020-21,1629716,Marques Bolden,1610612739,CLE,C,23,4,2,0.222,0,2,0,0.315,-0.315
2020-21,203998,Bruno Caboclo,1610612745,HOU,F,25,5,2,0.077,0,2,0,0.358,-0.358
2020-21,203943,Noah Vonleh,1610612751,BKN,F,25,4,1,0.25,2,2,1,0.38,0.62
2020-21,1628390,Terrance Ferguson,1610612755,PHI,G,23,6,2,0.2,0,2,0,0.359,-0.359
2020-21,1627737,Marquese Chriss,1610612744,GSW,F,23,2,1,0.111,1,2,0.5,0.355,0.145
2020-21,204222,Greg Whittington,1610612743,DEN,F,28,1,1,1,0,1,0,0.303,-0.303
2020-21,1630218,Robert Woodard II,1610612758,SAC,F,21,7,1,0.125,1,1,1,0.44,0.56
2020-21,1629121,Jaylen Adams,1610612749,MIL,G,25,2,1,0.25,0,1,0,0.366,-0.366
2020-21,202697,Iman Shumpert,1610612751,BKN,G,31,2,1,0.25,0,1,0,0.329,-0.329
2021-22,1628970,Miles Bridges,1610612766,CHA,F,24,80,80,0.392,165,494,0.334,0.353,-0.019
2021-22,1626174,Christian Wood,1610612745,HOU,F,26,68,66,0.383,161,426,0.378,0.353,0.024
2021-22,201950,Jrue Holiday,1610612749,MIL,G,32,66,66,0.448,167,424,0.394,0.359,0.035
2021-22,1627783,Pascal Siakam,1610612761,TOR,F,28,68,68,0.379,154,422,0.365,0.355,0.01
2021-22,1629628,RJ Barrett,1610612752,NYK,F-G,22,70,68,0.422,140,421,0.333,0.355,-0.023
2021-22,203952,Andrew Wiggins,1610612744,GSW,F,27,73,73,0.404,144,417,0.345,0.359,-0.014
2021-22,1630567,Scottie Barnes,1610612761,TOR,F,20,74,73,0.339,141,406,0.347,0.349,-0.002
2021-22,1629647,Darius Bazley,1610612760,OKC,F,22,69,69,0.399,137,394,0.348,0.358,-0.011
2021-22,1630162,Anthony Edwards,1610612750,MIN,G,20,72,72,0.419,142,388,0.366,0.356,0.01
2021-22,202704,Reggie Jackson,1610612746,LAC,G,32,75,75,0.386,122,384,0.318,0.359,-0.041
2021-22,1628969,Mikal Bridges,1610612756,PHX,F,25,82,81,0.371,130,382,0.34,0.351,-0.011
2021-22,200782,P.J. Tucker,1610612748,MIA,F,37,71,71,0.453,133,381,0.349,0.356,-0.007
2021-22,1627827,Dorian Finney-Smith,1610612742,DAL,F,29,80,79,0.345,133,379,0.351,0.354,-0.003
2021-22,203944,Julius Randle,1610612752,NYK,F-C,27,72,71,0.396,122,374,0.326,0.35,-0.024
2021-22,1630529,Herbert Jones,1610612740,NOP,F,23,78,77,0.403,139,372,0.374,0.355,0.019
2021-22,202692,Alec Burks,1610612752,NYK,G,30,81,81,0.423,115,367,0.313,0.353,-0.04
2021-22,1626164,Devin Booker,1610612756,PHX,G,25,68,68,0.382,117,358,0.327,0.359,-0.032
2021-22,203114,Khris Middleton,1610612749,MIL,F,30,66,66,0.429,131,357,0.367,0.355,0.012
2021-22,1630178,Tyrese Maxey,1610612755,PHI,G,21,75,75,0.393,123,356,0.346,0.355,-0.009
2021-22,1630217,Desmond Bane,1610612763,MEM,G,24,76,75,0.39,120,356,0.337,0.357,-0.02
2021-22,203897,Zach LaVine,1610612741,CHI,G-F,27,67,67,0.457,156,356,0.438,0.358,0.081
2021-22,1626220,Royce O'Neale,1610612762,UTA,F,29,77,77,0.36,133,351,0.379,0.353,0.026
2021-22,1628973,Jalen Brunson,1610612742,DAL,G,25,79,78,0.445,122,351,0.348,0.355,-0.007
2021-22,1628983,Shai Gilgeous-Alexander,1610612760,OKC,G,23,56,56,0.438,144,345,0.417,0.355,0.063
2021-22,1626192,Pat Connaughton,1610612749,MIL,G,29,65,65,0.458,122,344,0.355,0.35,0.004
2021-22,1630169,Tyrese Haliburton,1610612754,IND,G,22,77,76,0.371,123,344,0.358,0.357,0.001
2021-22,1626171,Bobby Portis Jr.,1610612749,MIL,F,27,72,71,0.354,104,344,0.302,0.356,-0.053
2021-22,203468,CJ McCollum,1610612740,NOP,G,30,62,62,0.415,137,343,0.399,0.355,0.045
2021-22,203935,Marcus Smart,1610612738,BOS,G,28,71,69,0.454,113,342,0.33,0.359,-0.028
2021-22,1630596,Evan Mobley,1610612739,CLE,C,21,69,69,0.285,140,342,0.409,0.357,0.053
2021-22,201142,Kevin Durant,1610612751,BKN,F,33,55,55,0.437,120,342,0.351,0.353,-0.002
2021-22,203497,Rudy Gobert,1610612762,UTA,C,30,66,64,0.249,112,342,0.327,0.339,-0.012
2021-22,1628369,Jayson Tatum,1610612738,BOS,F-G,24,76,73,0.378,113,342,0.33,0.361,-0.03
2021-22,1629027,Trae Young,1610612737,ATL,G,23,76,76,0.408,122,342,0.357,0.359,-0.002
2021-22,203999,Nikola Jokić,1610612743,DEN,C,27,74,72,0.216,123,341,0.361,0.35,0.011
2021-22,1626156,D'Angelo Russell,1610612750,MIN,G,26,65,65,0.387,104,340,0.306,0.357,-0.051
2021-22,1630532,Franz Wagner,1610612753,ORL,F,20,77,76,0.372,125,340,0.368,0.359,0.009
2021-22,1626179,Terry Rozier,1610612766,CHA,G,28,73,72,0.376,127,338,0.376,0.363,0.013
2021-22,203507,Giannis Antetokounmpo,1610612749,MIL,F,27,67,65,0.362,120,335,0.358,0.351,0.008
2021-22,201145,Jeff Green,1610612743,DEN,F,35,75,74,0.419,107,334,0.32,0.35,-0.03
2021-22,1627741,Buddy Hield,1610612754,IND,G,29,81,80,0.316,127,333,0.381,0.357,0.024
2021-22,201935,James Harden,1610612755,PHI,G,32,65,64,0.377,118,332,0.355,0.35,0.006
2021-22,1630163,LaMelo Ball,1610612766,CHA,G,20,75,74,0.412,122,331,0.369,0.356,0.013
2021-22,1629640,Keldon Johnson,1610612759,SAS,F-G,22,75,74,0.362,113,329,0.343,0.349,-0.006
2021-22,1630166,Deni Avdija,1610612764,WAS,F,21,81,76,0.328,106,328,0.323,0.359,-0.036
2021-22,1630595,Cade Cunningham,1610612765,DET,G,20,64,63,0.352,122,327,0.373,0.362,0.011
2021-22,1628368,De'Aaron Fox,1610612758,SAC,G,24,59,59,0.393,121,325,0.372,0.354,0.018
2021-22,1628991,Jaren Jackson Jr.,1610612763,MEM,F-C,22,78,77,0.339,111,324,0.343,0.354,-0.011
2021-22,200768,Kyle Lowry,1610612748,MIA,G,36,63,62,0.427,128,323,0.396,0.355,0.041
2021-22,1628960,Grayson Allen,1610612749,MIL,G,26,66,65,0.463,108,323,0.334,0.357,-0.023
2021-22,203084,Harrison Barnes,1610612758,SAC,F,30,77,75,0.359,128,322,0.398,0.352,0.045
2021-22,1627759,Jaylen Brown,1610612738,BOS,G-F,25,66,65,0.394,110,320,0.344,0.357,-0.014
2021-22,1628964,Mo Bamba,1610612753,ORL,C,24,71,66,0.314,104,320,0.325,0.35,-0.025
2021-22,1626157,Karl-Anthony Towns,1610612750,MIN,C-F,26,74,71,0.288,113,318,0.355,0.359,-0.003
2021-22,201566,Russell Westbrook,1610612747,LAL,G,33,78,77,0.382,116,318,0.365,0.357,0.008
2021-22,1630256,Jae'Sean Tate,1610612745,HOU,F,26,78,77,0.355,108,318,0.34,0.355,-0.016
2021-22,1629029,Luka Dončić,1610612742,DAL,F-G,23,65,64,0.35,118,317,0.372,0.353,0.019
2021-22,201143,Al Horford,1610612738,BOS,C-F,36,69,66,0.304,106,316,0.335,0.346,-0.011
2021-22,1628989,Kevin Huerter,1610612737,ATL,G-F,23,74,74,0.374,113,313,0.361,0.362,-0.001
2021-22,1628404,Josh Hart,1610612757,POR,G,27,54,54,0.417,118,313,0.377,0.358,0.019
2021-22,1629652,Luguentz Dort,1610612760,OKC,G,23,51,51,0.482,107,312,0.343,0.358,-0.015
2021-22,203903,Jordan Clarkson,1610612762,UTA,G,30,79,75,0.431,99,310,0.319,0.355,-0.035
2021-22,202696,Nikola Vučević,1610612741,CHI,C,31,73,67,0.212,112,310,0.361,0.348,0.013
2021-22,1630558,Davion Mitchell,1610612758,SAC,G,23,75,73,0.404,107,310,0.345,0.356,-0.01
2021-22,1629057,Robert Williams III,1610612738,BOS,C-F,24,61,60,0.376,98,309,0.317,0.353,-0.036
2021-22,1627832,Fred VanVleet,1610612761,TOR,G,28,65,65,0.334,108,309,0.35,0.353,-0.004
2021-22,203932,Aaron Gordon,1610612743,DEN,F,26,75,75,0.35,106,308,0.344,0.357,-0.013
2021-22,1628984,Devonte' Graham,1610612740,NOP,G,27,76,75,0.431,111,308,0.36,0.36,0
2021-22,1630183,Jaden McDaniels,1610612750,MIN,F,21,70,70,0.393,114,308,0.37,0.355,0.015
2021-22,1628998,Cody Martin,1610612766,CHA,F,26,71,69,0.418,116,308,0.377,0.356,0.021
2021-22,1629684,Grant Williams,1610612738,BOS,F,23,77,74,0.353,112,305,0.367,0.352,0.015
2021-22,1628401,Derrick White,1610612738,BOS,G,27,75,72,0.323,115,304,0.378,0.35,0.029
2021-22,203496,Robert Covington,1610612746,LAC,F,31,71,71,0.363,119,303,0.393,0.356,0.037
2021-22,1627749,Dejounte Murray,1610612759,SAS,G,25,68,68,0.345,108,302,0.358,0.354,0.004
2021-22,1626162,Kelly Oubre Jr.,1610612766,CHA,F-G,26,76,75,0.405,112,301,0.372,0.357,0.015
2021-22,203095,Evan Fournier,1610612752,NYK,G-F,29,80,79,0.378,98,300,0.327,0.36,-0.034
2021-22,1629636,Darius Garland,1610612739,CLE,G,22,68,67,0.389,109,299,0.365,0.358,0.007
2021-22,201988,Patty Mills,1610612751,BKN,G,33,81,79,0.408,99,296,0.334,0.352,-0.018
2021-22,1629639,Tyler Herro,1610612748,MIA,G,22,66,64,0.382,93,296,0.314,0.358,-0.043
2021-22,203915,Spencer Dinwiddie,1610612742,DAL,G,29,67,66,0.41,105,295,0.356,0.355,0.001
2021-22,1630191,Isaiah Stewart,1610612765,DET,F-C,21,71,70,0.287,100,293,0.341,0.354,-0.013
2021-22,1629130,Duncan Robinson,1610612748,MIA,F,28,79,76,0.406,112,291,0.385,0.359,0.026
2021-22,203115,Will Barton,1610612743,DEN,G,31,71,69,0.388,104,290,0.359,0.36,-0.002
2021-22,203109,Jae Crowder,1610612756,PHX,F,31,67,65,0.372,103,290,0.355,0.357,-0.002
2021-22,1627826,Ivica Zubac,1610612746,LAC,C,25,76,70,0.238,118,290,0.407,0.352,0.055
2021-22,202685,Jonas Valanciunas,1610612740,NOP,C,30,74,71,0.238,107,290,0.369,0.351,0.018
2021-22,1629216,Gabe Vincent,1610612748,MIA,G,26,64,62,0.464,90,290,0.31,0.356,-0.045
2021-22,203992,Bogdan Bogdanović,1610612737,ATL,G,29,63,62,0.384,109,290,0.376,0.355,0.021
2021-22,1630193,Immanuel Quickley,1610612752,NYK,G,23,78,76,0.419,95,286,0.332,0.349,-0.017
2021-22,201939,Stephen Curry,1610612744,GSW,G,34,64,64,0.414,89,283,0.314,0.358,-0.044
2021-22,1629622,Max Strus,1610612748,MIA,G-F,26,68,65,0.447,97,281,0.345,0.356,-0.01
2021-22,1629673,Jordan Poole,1610612744,GSW,G,23,76,76,0.421,99,279,0.355,0.358,-0.003
2021-22,1630175,Cole Anthony,1610612753,ORL,G,22,64,64,0.374,109,279,0.391,0.359,0.031
2021-22,1629018,Gary Trent Jr.,1610612761,TOR,G-F,23,70,67,0.415,107,278,0.385,0.356,0.029
2021-22,1628370,Malik Monk,1610612747,LAL,G,24,76,72,0.338,96,278,0.345,0.362,-0.017
2021-22,202699,Tobias Harris,1610612755,PHI,F,29,73,71,0.308,80,277,0.289,0.358,-0.069
2021-22,1628381,John Collins,1610612737,ATL,F-C,24,54,54,0.358,108,276,0.391,0.351,0.04
2021-22,1629023,P.J. Washington,1610612766,CHA,F,23,65,63,0.348,94,276,0.341,0.354,-0.013
2021-22,201567,Kevin Love,1610612739,CLE,F-C,33,74,72,0.37,90,275,0.327,0.347,-0.02
2021-22,1628971,Bruce Brown,1610612751,BKN,G-F,25,72,69,0.351,80,274,0.292,0.35,-0.058
2021-22,203552,Seth Curry,1610612751,BKN,G,31,64,62,0.397,92,274,0.336,0.359,-0.023
2021-22,1629659,Talen Horton-Tucker,1610612747,LAL,G,21,60,60,0.418,96,274,0.35,0.357,-0.007
2021-22,1629645,Kevin Porter Jr.,1610612745,HOU,G-F,22,61,60,0.366,91,273,0.333,0.351,-0.018
2021-22,1626172,Kevon Looney,1610612744,GSW,F,26,82,77,0.273,92,272,0.338,0.355,-0.017
2021-22,1628997,Caleb Martin,1610612748,MIA,F,26,59,56,0.427,72,270,0.267,0.357,-0.09
2021-22,201144,Mike Conley,1610612762,UTA,G,34,72,70,0.371,99,268,0.369,0.354,0.015
2021-22,1627751,Jakob Poeltl,1610612759,SAS,C,26,68,65,0.203,94,267,0.352,0.353,-0.001
2021-22,203200,Justin Holiday,1610612758,SAC,F-G,33,74,72,0.37,106,267,0.397,0.361,0.036
2021-22,1628420,Monte Morris,1610612743,DEN,G,27,75,75,0.384,85,266,0.32,0.361,-0.041
2021-22,203954,Joel Embiid,1610612755,PHI,C-F,28,68,63,0.204,94,265,0.355,0.345,0.01
2021-22,1628378,Donovan Mitchell,1610612762,UTA,G,25,67,65,0.413,92,265,0.347,0.357,-0.01
2021-22,101108,Chris Paul,1610612756,PHX,G,37,65,63,0.415,89,263,0.338,0.356,-0.017
2021-22,1629020,Jarred Vanderbilt,1610612750,MIN,F,23,74,70,0.357,85,263,0.323,0.351,-0.028
2021-22,1630165,Killian Hayes,1610612765,DET,G,20,66,63,0.394,96,263,0.365,0.358,0.007
2021-22,1628374,Lauri Markkanen,1610612739,CLE,F-C,25,61,60,0.318,97,263,0.369,0.36,0.009
2021-22,1629011,Mitchell Robinson,1610612752,NYK,C-F,24,72,67,0.312,97,262,0.37,0.351,0.019
2021-22,2544,LeBron James,1610612747,LAL,F,37,56,55,0.364,87,262,0.332,0.354,-0.022
2021-22,1627736,Malik Beasley,1610612750,MIN,G,25,79,73,0.436,85,261,0.326,0.357,-0.032
2021-22,1629611,Terance Mann,1610612746,LAC,G-F,25,81,76,0.318,93,261,0.356,0.355,0.001
2021-22,202711,Bojan Bogdanovic,1610612762,UTA,F,33,69,65,0.387,104,260,0.4,0.352,0.048
2021-22,1628976,Wendell Carter Jr.,1610612753,ORL,C-F,23,62,61,0.286,92,260,0.354,0.35,0.004
2021-22,1627777,Georges Niang,1610612755,PHI,F,29,76,74,0.359,106,256,0.414,0.349,0.065
2021-22,1629028,Deandre Ayton,1610612756,PHX,C,23,58,55,0.271,83,256,0.324,0.35,-0.026
2021-22,1628449,Chris Boucher,1610612761,TOR,F-C,29,80,73,0.361,80,256,0.313,0.355,-0.042
2021-22,203484,Kentavious Caldwell-Pope,1610612764,WAS,G,29,77,74,0.349,87,254,0.343,0.36,-0.018
2021-22,1630224,Jalen Green,1610612745,HOU,G,20,67,66,0.366,100,254,0.394,0.359,0.034
2021-22,1629014,Anfernee Simons,1610612757,POR,G,23,57,55,0.41,101,254,0.398,0.361,0.036
2021-22,2546,Carmelo Anthony,1610612747,LAL,F,38,69,67,0.36,83,254,0.327,0.354,-0.027
2021-22,1629631,De'Andre Hunter,1610612737,ATL,F-G,24,53,52,0.379,95,251,0.378,0.357,0.022
2021-22,202710,Jimmy Butler III,1610612748,MIA,F,32,57,57,0.45,78,251,0.311,0.358,-0.047
2021-22,201942,DeMar DeRozan,1610612741,CHI,G-F,32,76,74,0.328,85,250,0.34,0.353,-0.013
2021-22,1628389,Bam Adebayo,1610612748,MIA,C-F,24,56,54,0.356,75,249,0.301,0.359,-0.058
2021-22,1629726,Garrison Mathews,1610612745,HOU,G,25,65,62,0.373,94,247,0.381,0.353,0.027
2021-22,1630578,Alperen Sengun,1610612745,HOU,C,19,72,66,0.277,87,243,0.358,0.357,0.001
2021-22,203500,Steven Adams,1610612763,MEM,C,28,76,67,0.228,81,243,0.333,0.342,-0.008
2021-22,1630559,Austin Reaves,1610612747,LAL,G,24,61,60,0.351,72,243,0.296,0.358,-0.062
2021-22,203991,Clint Capela,1610612737,ATL,C,28,74,67,0.232,83,243,0.342,0.345,-0.004
2021-22,1629643,Chuma Okeke,1610612753,ORL,F,23,70,69,0.36,84,243,0.346,0.35,-0.004
2021-22,1629630,Ja Morant,1610612763,MEM,G,22,57,57,0.344,84,242,0.347,0.356,-0.009
2021-22,1630581,Josh Giddey,1610612760,OKC,G,19,54,52,0.368,74,242,0.306,0.358,-0.052
2021-22,202694,Marcus Morris Sr.,1610612746,LAC,F,32,54,53,0.448,86,242,0.355,0.359,-0.004
2021-22,1628470,Torrey Craig,1610612756,PHX,F,31,78,70,0.351,82,240,0.342,0.353,-0.011
2021-22,1627734,Domantas Sabonis,1610612758,SAC,F-C,26,62,61,0.246,77,240,0.321,0.35,-0.029
2021-22,1630180,Saddiq Bey,1610612765,DET,F,23,82,74,0.349,88,239,0.368,0.362,0.006
2021-22,1627747,Caris LeVert,1610612739,CLE,G,27,58,57,0.395,89,237,0.376,0.362,0.014
2021-22,1627742,Brandon Ingram,1610612740,NOP,F,24,55,54,0.435,73,236,0.309,0.361,-0.052
2021-22,1630197,Aleksej Pokusevski,1610612760,OKC,F,20,61,60,0.4,76,235,0.323,0.351,-0.028
2021-22,201568,Danilo Gallinari,1610612737,ATL,F,33,66,63,0.392,82,235,0.349,0.353,-0.004
2021-22,203486,Mason Plumlee,1610612766,CHA,F-C,32,73,71,0.226,70,234,0.299,0.348,-0.049
2021-22,1628963,Marvin Bagley III,1610612765,DET,F,23,48,47,0.431,81,233,0.348,0.352,-0.005
2021-22,1626149,Montrezl Harrell,1610612766,CHA,F-C,28,71,67,0.286,73,232,0.315,0.349,-0.034
2021-22,203914,Gary Harris,1610612753,ORL,G,27,61,57,0.415,85,229,0.371,0.363,0.008
2021-22,1630537,Chris Duarte,1610612754,IND,G,25,55,53,0.364,63,228,0.276,0.36,-0.084
2021-22,203076,Anthony Davis,1610612747,LAL,F-C,29,40,40,0.334,74,227,0.326,0.352,-0.026
2021-22,1630171,Isaac Okoro,1610612739,CLE,F-G,21,67,60,0.339,68,227,0.3,0.355,-0.055
2021-22,1629632,Coby White,1610612741,CHI,G,22,61,58,0.347,78,227,0.344,0.358,-0.015
2021-22,202357,Nemanja Bjelica,1610612744,GSW,F,34,71,66,0.306,79,227,0.348,0.356,-0.008
2021-22,201976,Patrick Beverley,1610612750,MIN,G,33,58,57,0.403,61,225,0.271,0.352,-0.081
2021-22,1630173,Precious Achiuwa,1610612761,TOR,F,22,73,64,0.269,72,225,0.32,0.354,-0.034
2021-22,1628392,Isaiah Hartenstein,1610612746,LAC,C-F,24,68,61,0.265,74,225,0.329,0.34,-0.011
2021-22,1630231,KJ Martin,1610612745,HOU,F,21,78,71,0.403,65,223,0.291,0.349,-0.057
2021-22,203110,Draymond Green,1610612744,GSW,F,32,45,45,0.373,78,222,0.351,0.348,0.003
2021-22,1628386,Jarrett Allen,1610612739,CLE,C,24,56,55,0.251,68,222,0.306,0.351,-0.045
2021-22,1629637,Jaxson Hayes,1610612740,NOP,C-F,22,70,63,0.359,70,220,0.318,0.347,-0.029
2021-22,204001,Kristaps Porziņģis,1610612764,WAS,F-C,26,51,50,0.296,83,220,0.377,0.348,0.029
2021-22,1629661,Cameron Johnson,1610612756,PHX,F,26,66,63,0.343,77,219,0.352,0.356,-0.004
2021-22,203471,Dennis Schröder,1610612745,HOU,G,28,64,61,0.345,73,218,0.335,0.354,-0.019
2021-22,203939,Dwight Powell,1610612742,DAL,F-C,30,82,74,0.23,74,218,0.339,0.352,-0.012
2021-22,1629002,Chimezie Metu,1610612758,SAC,F-C,25,59,56,0.387,83,218,0.381,0.348,0.033
2021-22,1628384,OG Anunoby,1610612761,TOR,F,24,48,47,0.385,71,215,0.33,0.347,-0.017
2021-22,201949,James Johnson,1610612751,BKN,F,35,61,58,0.426,83,213,0.39,0.353,0.036
2021-22,1629001,De'Anthony Melton,1610612763,MEM,G,24,73,72,0.311,87,213,0.408,0.357,0.051
2021-22,1629680,Matisse Thybulle,1610612755,PHI,G-F,25,66,61,0.329,51,212,0.241,0.36,-0.12
2021-22,203526,Raul Neto,1610612764,WAS,G,30,68,65,0.349,76,211,0.36,0.354,0.006
2021-22,202709,Cory Joseph,1610612765,DET,G,30,65,59,0.341,76,211,0.36,0.356,0.004
2021-22,1630181,R.J. Hampton,1610612753,ORL,G,21,64,59,0.417,84,211,0.398,0.36,0.038
2021-22,1629667,Jalen McDaniels,1610612766,CHA,F-C,24,51,48,0.462,76,211,0.36,0.349,0.011
2021-22,1627814,Damion Lee,1610612744,GSW,G-F,29,63,61,0.448,72,210,0.343,0.353,-0.01
2021-22,1626168,Trey Lyles,1610612758,SAC,F,26,73,64,0.301,66,210,0.314,0.343,-0.029
2021-22,1630245,Ayo Dosunmu,1610612741,CHI,G,22,77,67,0.286,65,210,0.31,0.354,-0.045
2021-22,1630533,Ziaire Williams,1610612763,MEM,F,20,62,61,0.392,61,208,0.293,0.353,-0.06
2021-22,1630538,Bones Hyland,1610612743,DEN,G,21,68,64,0.419,67,208,0.322,0.35,-0.027
2021-22,1629638,Nickeil Alexander-Walker,1610612762,UTA,G,23,64,60,0.385,74,208,0.356,0.356,0
2021-22,201980,Danny Green,1610612755,PHI,G,35,62,59,0.351,83,207,0.401,0.353,0.048
2021-22,1628398,Kyle Kuzma,1610612764,WAS,F,26,66,65,0.253,68,206,0.33,0.357,-0.027
2021-22,203078,Bradley Beal,1610612764,WAS,G,29,40,40,0.425,69,206,0.335,0.364,-0.029
2021-22,203083,Andre Drummond,1610612751,BKN,C,28,73,65,0.261,80,205,0.39,0.351,0.039
2021-22,1626181,Norman Powell,1610612746,LAC,G,29,44,43,0.44,66,204,0.324,0.357,-0.034
2021-22,1629670,Jordan Nwora,1610612749,MIL,F,23,60,52,0.45,72,204,0.353,0.35,0.003
2021-22,201588,George Hill,1610612749,MIL,G,36,54,53,0.412,72,203,0.355,0.349,0.006
2021-22,1628467,Maxi Kleber,1610612742,DAL,F,30,59,55,0.295,62,202,0.307,0.345,-0.038
2021-22,1630557,Corey Kispert,1610612764,WAS,F,23,75,67,0.333,73,201,0.363,0.36,0.003
2021-22,1629052,Oshae Brissett,1610612754,IND,F-G,24,67,62,0.325,83,201,0.413,0.346,0.067
2021-22,1630170,Devin Vassell,1610612759,SAS,G-F,21,71,64,0.308,72,200,0.36,0.349,0.011
2021-22,1629750,Javonte Green,1610612741,CHI,G-F,28,65,59,0.36,75,200,0.375,0.363,0.012
2021-22,1629651,Nic Claxton,1610612751,BKN,F-C,23,47,44,0.386,74,199,0.372,0.352,0.02
2021-22,202339,Eric Bledsoe,1610612757,POR,G,32,54,52,0.395,70,196,0.357,0.356,0.001
2021-22,1630228,Jonathan Kuminga,1610612744,GSW,F,19,65,57,0.37,64,195,0.328,0.354,-0.026
2021-22,203463,Ben McLemore,1610612757,POR,G,29,62,58,0.48,77,195,0.395,0.36,0.035
2021-22,1629642,Nassir Little,1610612757,POR,F-G,22,42,42,0.402,57,194,0.294,0.359,-0.065
2021-22,1629234,Drew Eubanks,1610612757,POR,F-C,25,70,61,0.283,71,193,0.368,0.348,0.02
2021-22,1630591,Jalen Suggs,1610612753,ORL,G,21,48,48,0.4,65,193,0.337,0.363,-0.027
2021-22,1630598,Aaron Wiggins,1610612760,OKC,G,23,50,48,0.374,62,193,0.321,0.36,-0.039
2021-22,1630544,Tre Mann,1610612760,OKC,G,21,60,53,0.4,62,193,0.321,0.354,-0.033
2021-22,1626153,Delon Wright,1610612737,ATL,G,30,76,64,0.353,73,193,0.378,0.356,0.022
2021-22,1627788,Furkan Korkmaz,1610612755,PHI,G-F,24,63,58,0.412,63,193,0.326,0.357,-0.03
2021-22,1626196,Josh Richardson,1610612759,SAS,G,28,65,56,0.368,70,193,0.363,0.354,0.008
2021-22,202340,Avery Bradley,1610612747,LAL,G,31,62,56,0.385,76,191,0.398,0.36,0.038
2021-22,1628379,Luke Kennard,1610612746,LAC,G,26,70,61,0.321,64,191,0.335,0.351,-0.016
2021-22,1629723,John Konchar,1610612763,MEM,G,26,72,64,0.358,63,190,0.332,0.354,-0.022
2021-22,1629629,Cam Reddish,1610612752,NYK,F-G,22,48,45,0.447,59,189,0.312,0.355,-0.043
2021-22,202689,Kemba Walker,1610612752,NYK,G,32,37,37,0.435,72,188,0.383,0.36,0.023
2021-22,203937,Kyle Anderson,1610612763,MEM,F-G,28,69,63,0.334,63,188,0.335,0.354,-0.019
2021-22,1630167,Obi Toppin,1610612752,NYK,F,24,71,66,0.442,60,187,0.321,0.354,-0.033
2021-22,1627936,Alex Caruso,1610612741,CHI,G,28,41,40,0.395,56,187,0.299,0.356,-0.057
2021-22,1629022,Lonnie Walker IV,1610612759,SAS,G-F,23,70,66,0.369,58,185,0.314,0.353,-0.04
2021-22,203493,Reggie Bullock Jr.,1610612742,DAL,G-F,31,68,63,0.294,55,183,0.301,0.355,-0.054
2021-22,1628464,Daniel Theis,1610612738,BOS,F-C,30,47,44,0.319,62,182,0.341,0.339,0.001
2021-22,1629021,Moritz Wagner,1610612753,ORL,F-C,25,60,54,0.352,68,182,0.374,0.353,0.02
2021-22,203082,Terrence Ross,1610612753,ORL,G-F,31,63,58,0.428,66,181,0.365,0.358,0.007
2021-22,1626145,Tyus Jones,1610612763,MEM,G,26,72,71,0.392,59,181,0.326,0.356,-0.03
2021-22,1627752,Taurean Prince,1610612750,MIN,F,28,67,62,0.374,69,180,0.383,0.357,0.026
2021-22,1629634,Brandon Clarke,1610612763,MEM,F,25,64,58,0.342,68,180,0.378,0.353,0.025
2021-22,202330,Gordon Hayward,1610612766,CHA,F,32,49,48,0.383,71,179,0.397,0.356,0.04
2021-22,1629675,Naz Reid,1610612750,MIN,C-F,22,77,68,0.284,68,179,0.38,0.349,0.031
2021-22,201580,JaVale McGee,1610612756,PHX,C-F,34,74,61,0.235,66,179,0.369,0.351,0.018
2021-22,1627780,Gary Payton II,1610612744,GSW,G,29,69,64,0.392,59,179,0.33,0.353,-0.023
2021-22,1629655,Daniel Gafford,1610612764,WAS,F-C,23,72,57,0.206,73,178,0.41,0.355,0.055
2021-22,1628366,Lonzo Ball,1610612741,CHI,G,24,35,34,0.352,71,178,0.399,0.354,0.045
2021-22,1630528,Josh Christopher,1610612745,HOU,G,20,72,65,0.369,65,177,0.367,0.354,0.013
2021-22,1629599,Amir Coffey,1610612746,LAC,G-F,25,63,58,0.38,69,177,0.39,0.359,0.031
2021-22,201569,Eric Gordon,1610612745,HOU,G,33,57,55,0.4,57,176,0.324,0.353,-0.029
2021-22,1628977,Hamidou Diallo,1610612765,DET,G,23,58,55,0.394,71,176,0.403,0.362,0.041
2021-22,1626224,Cedi Osman,1610612739,CLE,F,27,66,61,0.417,60,175,0.343,0.355,-0.012
2021-22,1630526,Jeremiah Robinson-Earl,1610612760,OKC,F,21,49,46,0.307,59,174,0.339,0.357,-0.018
2021-22,1630267,Facundo Campazzo,1610612743,DEN,G,31,58,54,0.435,62,174,0.356,0.345,0.012
2021-22,1627745,Damian Jones,1610612758,SAC,C,27,53,46,0.298,74,173,0.428,0.355,0.073
2021-22,1630200,Tre Jones,1610612759,SAS,G,22,64,58,0.366,57,172,0.331,0.336,-0.005
2021-22,1628978,Donte DiVincenzo,1610612758,SAC,G,25,42,42,0.432,69,171,0.404,0.358,0.045
2021-22,203924,Jerami Grant,1610612765,DET,F,28,47,46,0.382,67,171,0.392,0.359,0.033
2021-22,203085,Austin Rivers,1610612743,DEN,G,29,67,59,0.355,62,169,0.367,0.36,0.007
2021-22,201152,Thaddeus Young,1610612761,TOR,F,34,51,46,0.402,57,167,0.341,0.343,-0.001
2021-22,1628972,Troy Brown Jr.,1610612741,CHI,G-F,22,61,50,0.354,64,165,0.388,0.362,0.026
2021-22,202066,Garrett Temple,1610612740,NOP,G-F,36,59,53,0.367,61,165,0.37,0.356,0.013
2021-22,1630613,Duane Washington Jr.,1610612754,IND,G,22,46,44,0.41,65,163,0.399,0.354,0.045
2021-22,1628988,Aaron Holiday,1610612756,PHX,G,25,60,55,0.431,54,163,0.331,0.351,-0.02
2021-22,1627854,Bryn Forbes,1610612743,DEN,G,28,73,64,0.43,61,162,0.377,0.351,0.026
2021-22,1629013,Landry Shamet,1610612756,PHX,G,25,68,61,0.349,56,161,0.348,0.352,-0.004
2021-22,203994,Jusuf Nurkić,1610612757,POR,C,27,56,54,0.208,67,161,0.416,0.35,0.066
2021-22,1626166,Cameron Payne,1610612756,PHX,G,27,58,54,0.378,54,158,0.342,0.358,-0.016
2021-22,201933,Blake Griffin,1610612751,BKN,F,33,55,49,0.295,54,158,0.342,0.351,-0.01
2021-22,203926,Doug McDermott,1610612759,SAS,F,30,51,51,0.383,62,158,0.392,0.353,0.039
2021-22,1630556,Kessler Edwards,1610612751,BKN,F,21,44,42,0.343,57,158,0.361,0.346,0.015
2021-22,203090,Maurice Harkless,1610612758,SAC,F-G,29,46,38,0.451,49,157,0.312,0.353,-0.04
2021-22,1629604,CJ Elleby,1610612757,POR,F-G,22,52,48,0.37,60,155,0.387,0.357,0.03
2021-22,202355,Hassan Whiteside,1610612762,UTA,C,33,65,56,0.206,56,154,0.364,0.342,0.021
2021-22,202331,Paul George,1610612746,LAC,F,32,31,30,0.367,46,153,0.301,0.359,-0.058
2021-22,200752,Rudy Gay,1610612762,UTA,F-G,35,55,53,0.376,57,153,0.373,0.344,0.028
2021-22,1630205,Lamar Stevens,1610612739,CLE,F,24,62,50,0.352,48,153,0.314,0.357,-0.044
2021-22,1628966,Keita Bates-Diop,1610612759,SAS,F,26,57,52,0.379,49,152,0.322,0.348,-0.025
2021-22,202397,Ish Smith,1610612764,WAS,G,33,64,59,0.389,62,152,0.408,0.357,0.051
2021-22,203503,Tony Snell,1610612740,NOP,G,30,51,49,0.433,54,152,0.355,0.352,0.003
2021-22,1630560,Cam Thomas,1610612751,BKN,G,20,63,54,0.34,55,151,0.364,0.343,0.021
2021-22,203210,JaMychal Green,1610612743,DEN,F-C,32,67,60,0.346,50,151,0.331,0.345,-0.014
2021-22,203501,Tim Hardaway Jr.,1610612742,DAL,G-F,30,42,41,0.372,50,149,0.336,0.345,-0.01
2021-22,200746,LaMarcus Aldridge,1610612751,BKN,C-F,36,47,43,0.264,55,149,0.369,0.353,0.016
2021-22,1629308,Juan Toscano-Anderson,1610612744,GSW,F,29,64,56,0.36,52,148,0.351,0.348,0.003
2021-22,1630570,Trendon Watford,1610612757,POR,F,21,48,44,0.348,53,147,0.361,0.353,0.008
2021-22,1628415,Dillon Brooks,1610612763,MEM,G-F,26,32,31,0.376,57,147,0.388,0.348,0.039
2021-22,203490,Otto Porter Jr.,1610612744,GSW,F,29,63,58,0.293,50,146,0.342,0.356,-0.013
2021-22,203081,Damian Lillard,1610612757,POR,G,31,29,28,0.416,52,146,0.356,0.359,-0.003
2021-22,201959,Taj Gibson,1610612752,NYK,F,37,51,45,0.38,50,146,0.342,0.352,-0.009
2021-22,1629003,Shake Milton,1610612755,PHI,G-F,25,55,50,0.381,49,145,0.338,0.355,-0.017
2021-22,1629026,Kenrich Williams,1610612760,OKC,G-F,27,49,46,0.391,49,145,0.338,0.355,-0.017
2021-22,1626169,Stanley Johnson,1610612747,LAL,F-G,26,48,46,0.28,52,144,0.361,0.351,0.01
2021-22,1626204,Larry Nance Jr.,1610612740,NOP,F-C,29,46,43,0.353,50,142,0.352,0.355,-0.003
2021-22,201587,Nicolas Batum,1610612746,LAC,G-F,33,59,52,0.277,47,142,0.331,0.363,-0.032
2021-22,201586,Serge Ibaka,1610612749,MIL,F,32,54,44,0.25,53,141,0.376,0.342,0.034
2021-22,203473,Dewayne Dedmon,1610612748,MIA,C,32,67,57,0.283,47,140,0.336,0.35,-0.015
2021-22,1629060,Rui Hachimura,1610612764,WAS,F,24,42,39,0.398,62,139,0.446,0.36,0.086
2021-22,1630168,Onyeka Okongwu,1610612737,ATL,F-C,21,48,45,0.254,42,139,0.302,0.353,-0.05
2021-22,203920,Khem Birch,1610612761,TOR,C,29,55,44,0.288,44,138,0.319,0.349,-0.03
2021-22,1630563,Joshua Primo,1610612759,SAS,G,19,48,43,0.317,51,138,0.37,0.355,0.014
2021-22,1627761,DeAndre' Bembry,1610612749,MIL,G-F,27,55,49,0.349,39,137,0.285,0.355,-0.071
2021-22,1630177,Theo Maledon,1610612760,OKC,G,21,47,44,0.35,59,135,0.437,0.352,0.085
2021-22,1627763,Malcolm Brogdon,1610612754,IND,G,29,36,36,0.32,44,134,0.328,0.356,-0.027
2021-22,204060,Joe Ingles,1610612757,POR,F-G,34,45,40,0.425,33,133,0.248,0.356,-0.108
2021-22,1630631,Jose Alvarado,1610612740,NOP,G,24,49,43,0.452,43,133,0.323,0.351,-0.027
2021-22,203107,Tomas Satoransky,1610612764,WAS,G,30,54,46,0.395,43,131,0.328,0.35,-0.022
2021-22,1629669,Jaylen Nowell,1610612750,MIN,G,22,61,50,0.399,45,130,0.346,0.355,-0.008
2021-22,203087,Jeremy Lamb,1610612758,SAC,G-F,30,54,44,0.362,38,128,0.297,0.36,-0.063
2021-22,202681,Kyrie Irving,1610612751,BKN,G,30,29,28,0.346,45,128,0.352,0.362,-0.01
2021-22,202083,Wesley Matthews,1610612749,MIL,G,35,49,45,0.329,41,127,0.323,0.354,-0.031
2021-22,1630535,Greg Brown III,1610612757,POR,F,20,42,36,0.453,45,126,0.357,0.349,0.008
2021-22,1630188,Jalen Smith,1610612754,IND,F-C,22,49,39,0.29,43,126,0.341,0.349,-0.008
2021-22,1626167,Myles Turner,1610612754,IND,C-F,26,42,39,0.212,51,125,0.408,0.353,0.055
2021-22,203482,Kelly Olynyk,1610612765,DET,F-C,31,40,38,0.292,48,124,0.387,0.356,0.031
2021-22,1630235,Trent Forrest,1610612762,UTA,G,24,54,46,0.392,39,123,0.317,0.347,-0.03
2021-22,1627884,Derrick Jones Jr.,1610612741,CHI,F,25,49,47,0.338,47,123,0.382,0.353,0.029
2021-22,1626195,Willy Hernangomez,1610612740,NOP,C-F,28,49,42,0.239,52,122,0.426,0.349,0.077
2021-22,1628402,Frank Jackson,1610612765,DET,G,24,52,45,0.335,47,120,0.392,0.359,0.033
2021-22,1628367,Josh Jackson,1610612758,SAC,G-F,25,49,45,0.383,48,120,0.4,0.359,0.041
2021-22,1629656,Quentin Grimes,1610612752,NYK,G,22,42,38,0.427,51,120,0.425,0.358,0.067
2021-22,1629731,Dean Wade,1610612739,CLE,F-C,25,49,40,0.317,48,119,0.403,0.353,0.051
2021-22,1630314,Brandon Williams,1610612757,POR,G,22,24,24,0.442,50,118,0.424,0.357,0.067
2021-22,202362,Lance Stephenson,1610612754,IND,F,31,45,41,0.494,50,118,0.424,0.355,0.069
2021-22,1629676,Isaiah Roby,1610612760,OKC,F,24,45,38,0.241,32,117,0.274,0.351,-0.077
2021-22,1628975,Jevon Carter,1610612749,MIL,G,26,59,51,0.366,36,116,0.31,0.345,-0.035
2021-22,1630530,Trey Murphy III,1610612740,NOP,F,22,56,47,0.401,42,116,0.362,0.354,0.008
2021-22,201961,Wayne Ellington,1610612747,LAL,G,34,43,38,0.434,38,116,0.328,0.357,-0.029
2021-22,201937,Ricky Rubio,1610612754,IND,G,31,34,32,0.36,29,114,0.254,0.344,-0.089
2021-22,101150,Lou Williams,1610612737,ATL,G,35,55,50,0.443,34,113,0.301,0.344,-0.043
2021-22,2730,Dwight Howard,1610612747,LAL,C-F,36,58,43,0.22,43,112,0.384,0.353,0.031
2021-22,1629717,Armoni Brooks,1610612761,TOR,G,24,49,43,0.44,35,110,0.318,0.361,-0.043
2021-22,1630209,Omer Yurtseven,1610612748,MIA,C,24,48,38,0.304,37,109,0.339,0.349,-0.01
2021-22,1627863,Danuel House Jr.,1610612762,UTA,F-G,29,40,37,0.405,39,109,0.358,0.345,0.013
2021-22,1630678,Terry Taylor,1610612754,IND,F,22,31,30,0.341,49,108,0.454,0.351,0.103
2021-22,1630249,Vít Krejčí,1610612760,OKC,G,22,29,27,0.39,33,108,0.306,0.358,-0.052
2021-22,1630182,Josh Green,1610612742,DAL,G,21,61,49,0.336,37,108,0.343,0.359,-0.016
2021-22,1630202,Payton Pritchard,1610612738,BOS,G,24,66,49,0.335,35,108,0.324,0.36,-0.036
2021-22,203901,Elfrid Payton,1610612756,PHX,G,28,46,40,0.433,38,106,0.358,0.352,0.007
2021-22,1630625,Dalano Banton,1610612761,TOR,F,22,62,48,0.412,40,105,0.381,0.348,0.033
2021-22,1629162,Jordan McLaughlin,1610612750,MIN,G,26,60,44,0.327,39,105,0.371,0.35,0.021
2021-22,1629672,Eric Paschall,1610612762,UTA,F,25,56,45,0.376,40,105,0.381,0.351,0.03
2021-22,1630192,Zeke Nnaji,1610612743,DEN,F-C,21,38,35,0.379,41,105,0.39,0.35,0.041
2021-22,1626158,Richaun Holmes,1610612758,SAC,F,28,45,37,0.212,38,104,0.365,0.353,0.013
2021-22,1630214,Xavier Tillman,1610612763,MEM,F,23,52,37,0.319,38,104,0.365,0.341,0.025
2021-22,200765,Rajon Rondo,1610612739,CLE,G,36,38,35,0.401,37,103,0.359,0.363,-0.004
2021-22,1629048,Goga Bitadze,1610612754,IND,C-F,22,44,34,0.268,34,103,0.33,0.35,-0.02
2021-22,202684,Tristan Thompson,1610612741,CHI,C-F,31,57,42,0.245,39,103,0.379,0.341,0.037
2021-22,1629004,Svi Mykhailiuk,1610612761,TOR,G-F,25,47,38,0.451,38,102,0.373,0.355,0.018
2021-22,1626159,Justise Winslow,1610612757,POR,F-G,26,42,35,0.331,35,101,0.347,0.353,-0.006
2021-22,1630553,Keon Johnson,1610612757,POR,G,20,34,32,0.37,30,100,0.3,0.357,-0.057
2021-22,1630527,Brandon Boston,1610612746,LAC,G,20,49,40,0.418,36,99,0.364,0.352,0.012
2021-22,1627789,Timothe Luwawu-Cabarrot,1610612737,ATL,G-F,27,42,36,0.372,39,99,0.394,0.354,0.04
2021-22,1630198,Isaiah Joe,1610612755,PHI,G,22,48,39,0.381,34,98,0.347,0.338,0.009
2021-22,201565,Derrick Rose,1610612752,NYK,G,33,26,26,0.39,28,97,0.289,0.349,-0.06
2021-22,1629660,Ty Jerome,1610612760,OKC,G-F,24,45,39,0.391,34,97,0.351,0.352,-0.002
2021-22,1629111,Jock Landale,1610612759,SAS,C,26,48,37,0.286,29,96,0.302,0.337,-0.035
2021-22,1628372,Dennis Smith Jr.,1610612757,POR,G,24,35,33,0.425,34,96,0.354,0.348,0.007
2021-22,202326,DeMarcus Cousins,1610612743,DEN,C,31,48,38,0.267,25,96,0.26,0.353,-0.092
2021-22,1628021,David Nwaba,1610612745,HOU,G-F,29,44,40,0.321,37,95,0.389,0.352,0.037
2021-22,202691,Klay Thompson,1610612744,GSW,G,32,32,31,0.303,29,92,0.315,0.357,-0.041
2021-22,1629006,Josh Okogie,1610612750,MIN,G,23,43,36,0.426,36,92,0.391,0.351,0.04
2021-22,1628425,Sterling Brown,1610612742,DAL,G-F,27,46,35,0.365,37,91,0.407,0.343,0.063
2021-22,201577,Robin Lopez,1610612753,ORL,C,34,36,26,0.257,26,91,0.286,0.334,-0.048
2021-22,201599,DeAndre Jordan,1610612755,PHI,C,33,48,36,0.285,36,90,0.4,0.354,0.046
2021-22,203145,Kent Bazemore,1610612747,LAL,G-F,32,37,32,0.337,36,90,0.4,0.349,0.051
2021-22,203585,Rodney McGruder,1610612765,DET,G,30,48,42,0.353,26,90,0.289,0.35,-0.062
2021-22,1630230,Naji Marshall,1610612740,NOP,F,24,49,41,0.376,29,89,0.326,0.358,-0.032
2021-22,203918,Rodney Hood,1610612746,LAC,G-F,29,50,38,0.371,35,88,0.398,0.35,0.048
2021-22,1630541,Moses Moody,1610612744,GSW,G,20,45,39,0.439,27,87,0.31,0.355,-0.044
2021-22,1630240,Saben Lee,1610612765,DET,G,23,34,31,0.355,21,87,0.241,0.347,-0.106
2021-22,202324,Derrick Favors,1610612760,OKC,F,30,39,32,0.272,31,85,0.365,0.345,0.02
2021-22,1628380,Zach Collins,1610612759,SAS,F-C,24,28,27,0.251,33,85,0.388,0.333,0.055
2021-22,203458,Alex Len,1610612758,SAC,C,29,38,31,0.217,30,84,0.357,0.338,0.019
2021-22,1628373,Frank Ntilikina,1610612742,DAL,G,23,51,38,0.337,20,84,0.238,0.356,-0.118
2021-22,201571,D.J. Augustin,1610612747,LAL,G,34,54,41,0.303,24,83,0.289,0.354,-0.065
2021-22,1629641,Romeo Langford,1610612759,SAS,G-F,22,46,35,0.348,27,81,0.333,0.357,-0.024
2021-22,1628432,Davon Reed,1610612743,DEN,G,27,37,29,0.314,26,81,0.321,0.358,-0.037
2021-22,1630322,Lindy Waters III,1610612760,OKC,F,24,24,21,0.44,34,80,0.425,0.34,0.085
2021-22,1630264,Anthony Gill,1610612764,WAS,F,29,37,32,0.446,23,78,0.295,0.335,-0.04
2021-22,1630174,Aaron Nesmith,1610612738,BOS,G-F,22,51,38,0.359,32,78,0.41,0.351,0.059
2021-22,1630543,Isaiah Jackson,1610612754,IND,F,20,36,29,0.252,29,77,0.377,0.356,0.02
2021-22,1629649,Ignas Brazdeikis,1610612753,ORL,F,23,37,30,0.456,35,77,0.455,0.354,0.101
2021-22,1629056,Terence Davis,1610612758,SAC,G,25,30,22,0.376,23,76,0.303,0.349,-0.046
2021-22,202722,Davis Bertans,1610612742,DAL,F,29,56,42,0.265,25,76,0.329,0.35,-0.021
2021-22,204456,T.J. McConnell,1610612754,IND,G,30,27,26,0.344,26,76,0.342,0.363,-0.02
2021-22,1628396,Tony Bradley,1610612741,CHI,C-F,24,53,35,0.227,29,75,0.387,0.338,0.048
2021-22,203457,Nerlens Noel,1610612752,NYK,C-F,28,25,23,0.275,33,75,0.44,0.345,0.095
2021-22,2738,Andre Iguodala,1610612744,GSW,G-F,38,31,27,0.333,18,75,0.24,0.358,-0.118
2021-22,203648,Thanasis Antetokounmpo,1610612749,MIL,F,29,39,28,0.359,29,75,0.387,0.343,0.044
2021-22,1629117,Wenyen Gabriel,1610612747,LAL,F,25,24,20,0.351,19,71,0.268,0.351,-0.083
2021-22,203488,Mike Muscala,1610612760,OKC,F-C,30,42,33,0.243,19,70,0.271,0.355,-0.083
2021-22,200794,Paul Millsap,1610612755,PHI,F,37,33,28,0.298,23,70,0.329,0.35,-0.021
2021-22,1629139,Yuta Watanabe,1610612761,TOR,G-F,27,34,25,0.356,26,69,0.377,0.347,0.03
2021-22,1629185,Chris Chiozza,1610612744,GSW,G,26,30,26,0.41,21,66,0.318,0.347,-0.029
2021-22,202683,Enes Freedom,1610612738,BOS,C,30,35,27,0.24,26,64,0.406,0.333,0.073
2021-22,1626208,Keifer Sykes,1610612754,IND,G,28,29,24,0.37,22,64,0.344,0.353,-0.009
2021-22,202687,Bismack Biyombo,1610612756,PHX,C,29,35,25,0.242,29,64,0.453,0.362,0.091
2021-22,1628418,Thomas Bryant,1610612764,WAS,C-F,24,27,24,0.256,21,63,0.333,0.353,-0.02
2021-22,1629685,Dylan Windler,1610612739,CLE,G-F,25,36,29,0.38,20,63,0.317,0.365,-0.048
2021-22,1630540,Miles McBride,1610612752,NYK,G,21,29,21,0.396,18,63,0.286,0.342,-0.057
2021-22,1630201,Malachi Flynn,1610612761,TOR,G,24,38,30,0.35,20,62,0.323,0.345,-0.023
2021-22,1629678,Admiral Schofield,1610612753,ORL,F,25,35,30,0.373,20,62,0.323,0.339,-0.017
2021-22,1630572,Sandro Mamukelashvili,1610612749,MIL,F-C,23,34,22,0.3,22,61,0.361,0.352,0.008
2021-22,1629164,Brandon Goodwin,1610612739,CLE,G,26,32,24,0.333,21,61,0.344,0.352,-0.008
2021-22,1629681,Killian Tillie,1610612763,MEM,F-C,24,32,21,0.341,20,61,0.328,0.354,-0.027
2021-22,1629650,Moses Brown,1610612739,CLE,C,22,38,22,0.274,25,60,0.417,0.345,0.071
2021-22,1630233,Nathan Knight,1610612750,MIN,F-C,24,32,23,0.391,17,59,0.288,0.347,-0.059
2021-22,1630846,Olivier Sarr,1610612760,OKC,C,23,21,16,0.309,24,58,0.414,0.335,0.079
2021-22,1628400,Semi Ojeleye,1610612746,LAC,F,27,27,22,0.443,17,58,0.293,0.358,-0.065
2021-22,1630579,Jericho Sims,1610612752,NYK,C,23,36,26,0.25,19,58,0.328,0.347,-0.019
2021-22,203476,Gorgui Dieng,1610612737,ATL,C,32,41,28,0.286,29,58,0.5,0.331,0.169
2021-22,1630190,Elijah Hughes,1610612757,POR,G,24,29,24,0.439,20,58,0.345,0.351,-0.006
2021-22,1630208,Nick Richards,1610612766,CHA,C,24,46,34,0.29,24,58,0.414,0.339,0.075
2021-22,203504,Trey Burke,1610612742,DAL,G,29,33,28,0.415,21,56,0.375,0.341,0.034
2021-22,1627823,Juancho Hernangomez,1610612762,UTA,F,26,35,26,0.335,18,56,0.321,0.341,-0.02
2021-22,1630550,JT Thor,1610612766,CHA,F,19,29,24,0.401,10,55,0.182,0.338,-0.156
2021-22,202693,Markieff Morris,1610612748,MIA,F,32,17,16,0.491,16,55,0.291,0.34,-0.05
2021-22,1630194,Paul Reed,1610612755,PHI,F,23,33,28,0.367,19,54,0.352,0.345,0.007
2021-22,1629103,Kelan Martin,1610612738,BOS,F,26,29,21,0.318,12,54,0.222,0.354,-0.132
2021-22,1630549,Day'Ron Sharpe,1610612751,BKN,F,20,28,20,0.269,19,54,0.352,0.34,0.011
2021-22,1630215,Jared Butler,1610612762,UTA,G,21,35,26,0.397,16,54,0.296,0.339,-0.043
2021-22,201572,Brook Lopez,1610612749,MIL,C,34,13,12,0.285,18,53,0.34,0.341,-0.001
2021-22,1629744,Matt Thomas,1610612741,CHI,G,27,33,24,0.315,15,52,0.288,0.35,-0.062
2021-22,1629633,Jarrett Culver,1610612763,MEM,G-F,23,33,25,0.364,15,52,0.288,0.354,-0.065
2021-22,1630583,Santi Aldama,1610612763,MEM,F-C,21,29,21,0.377,12,52,0.231,0.328,-0.097
2021-22,1629833,Keljin Blevins,1610612757,POR,G,26,30,23,0.448,17,52,0.327,0.359,-0.033
2021-22,1628365,Markelle Fultz,1610612753,ORL,G,24,18,17,0.403,18,52,0.346,0.349,-0.003
2021-22,2772,Trevor Ariza,1610612747,LAL,F,37,24,21,0.319,16,52,0.308,0.36,-0.052
2021-22,1630688,Ish Wainright,1610612756,PHX,F,27,35,27,0.459,18,51,0.353,0.342,0.011
2021-22,1630568,Luka Garza,1610612765,DET,C,23,31,20,0.235,24,50,0.48,0.341,0.139
2021-22,1626147,Justin Anderson,1610612754,IND,F-G,28,16,15,0.41,22,50,0.44,0.339,0.101
2021-22,1628408,PJ Dozier,1610612743,DEN,G-F,25,18,17,0.377,15,49,0.306,0.362,-0.056
2021-22,1630587,Isaiah Livers,1610612765,DET,F,23,18,14,0.316,11,49,0.224,0.36,-0.136
2021-22,1630172,Patrick Williams,1610612741,CHI,F,20,17,15,0.333,14,49,0.286,0.346,-0.06
2021-22,1627737,Marquese Chriss,1610612742,DAL,F,24,32,26,0.28,14,49,0.286,0.348,-0.062
2021-22,1630547,James Bouknight,1610612766,CHA,G,21,25,19,0.429,22,48,0.458,0.355,0.104
2021-22,203925,Joe Harris,1610612751,BKN,G-F,30,14,14,0.336,14,48,0.292,0.355,-0.063
2021-22,1627739,Kris Dunn,1610612757,POR,G,28,14,13,0.331,19,46,0.413,0.34,0.073
2021-22,1629109,Gary Clark,1610612740,NOP,F,27,31,25,0.38,21,46,0.457,0.361,0.096
2021-22,1630551,Justin Champagnie,1610612761,TOR,G-F,21,30,23,0.425,12,45,0.267,0.343,-0.076
2021-22,1630561,David Duke Jr.,1610612751,BKN,G,22,19,17,0.388,13,45,0.289,0.342,-0.054
2021-22,202954,Brad Wanamaker,1610612764,WAS,G,32,22,19,0.349,23,44,0.523,0.345,0.178
2021-22,1630586,Usman Garuba,1610612745,HOU,F,20,23,19,0.381,15,43,0.349,0.339,0.01
2021-22,201609,Goran Dragic,1610612751,BKN,G,36,21,19,0.299,17,43,0.395,0.343,0.052
2021-22,203469,Cody Zeller,1610612757,POR,F-C,29,27,19,0.23,16,41,0.39,0.358,0.032
2021-22,1630184,Kira Lewis Jr.,1610612740,NOP,G,21,24,20,0.351,19,40,0.475,0.353,0.122
2021-22,202738,Isaiah Thomas,1610612766,CHA,G,33,20,17,0.39,16,39,0.41,0.35,0.06
2021-22,1627774,Jake Layman,1610612750,MIN,F,28,28,21,0.442,14,38,0.368,0.329,0.04
2021-22,1629617,Reggie Perry,1610612757,POR,F-C,22,10,10,0.349,13,38,0.342,0.345,-0.003
2021-22,1629620,Justin Robinson,1610612765,DET,G,24,20,16,0.333,14,37,0.378,0.347,0.032
2021-22,1628962,Udoka Azubuike,1610612762,UTA,C-F,22,15,11,0.265,10,36,0.278,0.343,-0.065
2021-22,1630606,Javonte Smart,1610612748,MIA,G,23,12,9,0.432,11,35,0.314,0.363,-0.048
2021-22,1629657,Kyle Guy,1610612748,MIA,G,24,14,11,0.479,17,35,0.486,0.364,0.121
2021-22,1629012,Collin Sexton,1610612739,CLE,G,23,11,11,0.347,9,35,0.257,0.359,-0.101
2021-22,1630219,Skylar Mays,1610612737,ATL,G,24,20,14,0.42,10,34,0.294,0.367,-0.073
2021-22,1630210,Markus Howard,1610612743,DEN,G,23,18,17,0.66,9,33,0.273,0.346,-0.074
2021-22,1629644,KZ Okpala,1610612748,MIA,F-G,23,15,14,0.337,10,32,0.313,0.348,-0.036
2021-22,1629962,Devin Cannady,1610612753,ORL,G,26,5,5,0.5,12,32,0.375,0.35,0.025
2021-22,202328,Greg Monroe,1610612750,MIN,F-C,32,14,12,0.288,13,32,0.406,0.361,0.045
2021-22,1629008,Michael Porter Jr.,1610612743,DEN,F,24,9,7,0.356,10,32,0.313,0.37,-0.057
2021-22,1630285,Zavier Simpson,1610612760,OKC,G,25,4,4,0.432,16,32,0.5,0.358,0.142
2021-22,202334,Ed Davis,1610612739,CLE,C-F,33,24,15,0.305,10,32,0.313,0.349,-0.037
2021-22,1628539,Mychal Mulder,1610612748,MIA,G,28,13,11,0.443,10,31,0.323,0.35,-0.027
2021-22,1628981,Bruno Fernando,1610612745,HOU,F-C,23,27,17,0.287,12,31,0.387,0.328,0.059
2021-22,203506,Victor Oladipo,1610612748,MIA,G,30,8,8,0.463,10,31,0.323,0.337,-0.014
2021-22,1626161,Willie Cauley-Stein,1610612755,PHI,C,28,19,15,0.273,10,30,0.333,0.338,-0.005
2021-22,1628995,Kevin Knox II,1610612737,ATL,F,22,20,15,0.435,10,30,0.333,0.353,-0.02
2021-22,1630686,Georgios Kalaitzakis,1610612760,OKC,F,23,9,8,0.476,14,30,0.467,0.349,0.117
2021-22,1630792,Malcolm Hill,1610612741,CHI,F,26,14,13,0.326,10,28,0.357,0.361,-0.004
2021-22,1630296,Braxton Key,1610612765,DET,F,25,11,9,0.322,6,28,0.214,0.356,-0.142
2021-22,1630195,Leandro Bolmaro,1610612750,MIN,F,21,23,16,0.346,13,28,0.464,0.343,0.121
2021-22,1629623,Lindell Wigginton,1610612749,MIL,G,24,16,12,0.409,14,27,0.519,0.354,0.164
2021-22,1630273,Freddie Gillespie,1610612753,ORL,C,25,9,9,0.338,14,27,0.519,0.353,0.166
2021-22,1629755,Hassani Gravett,1610612753,ORL,G,25,8,8,0.38,11,27,0.407,0.364,0.043
2021-22,1627756,Denzel Valentine,1610612762,UTA,G,28,18,14,0.346,10,27,0.37,0.34,0.03
2021-22,1628993,Alize Johnson,1610612740,NOP,F,26,21,14,0.325,11,26,0.423,0.345,0.078
2021-22,1629658,Jaylen Hoard,1610612760,OKC,F,23,6,6,0.292,12,26,0.462,0.339,0.123
2021-22,1626163,Frank Kaminsky,1610612756,PHX,F-C,29,9,8,0.197,10,26,0.385,0.338,0.046
2021-22,1628427,Vlatko Cancar,1610612743,DEN,F,25,14,12,0.342,10,25,0.4,0.347,0.053
2021-22,1629033,Theo Pinson,1610612742,DAL,G-F,26,14,11,0.387,3,24,0.125,0.34,-0.215
2021-22,1629312,Haywood Highsmith,1610612748,MIA,F,25,14,9,0.444,9,24,0.375,0.338,0.037
2021-22,1629076,Tyler Cook,1610612741,CHI,F,24,20,13,0.258,8,24,0.333,0.337,-0.004
2021-22,1630580,Joe Wieskamp,1610612759,SAS,G-F,22,19,14,0.421,12,24,0.5,0.357,0.143
2021-22,1630199,Cassius Stanley,1610612765,DET,G,22,8,8,0.469,6,23,0.261,0.373,-0.112
2021-22,1630691,Jamorko Pickett,1610612765,DET,F,24,10,9,0.311,8,23,0.348,0.34,0.008
2021-22,1630227,Daishen Nix,1610612745,HOU,G,20,22,12,0.307,11,23,0.478,0.34,0.138
2021-22,1628778,Paul Watson,1610612760,OKC,G,27,8,8,0.434,6,23,0.261,0.342,-0.081
2021-22,1627846,Abdel Nader,1610612756,PHX,F,28,14,11,0.324,7,22,0.318,0.327,-0.009
2021-22,1629646,Charles Bassey,1610612755,PHI,C-F,21,20,11,0.289,8,22,0.364,0.348,0.015
2021-22,1629875,Xavier Moon,1610612746,LAC,G,27,10,9,0.367,7,22,0.318,0.333,-0.015
2021-22,1630206,Jay Scrubb,1610612746,LAC,G,21,11,9,0.42,7,21,0.333,0.345,-0.011
2021-22,1630186,Jahmi'us Ramsey,1610612758,SAC,G,21,16,12,0.4,10,20,0.5,0.338,0.162
2021-22,203524,Solomon Hill,1610612737,ATL,F,31,12,10,0.294,6,20,0.3,0.347,-0.047
2021-22,1628035,Alfonzo McKinnie,1610612741,CHI,F,29,13,9,0.328,9,20,0.45,0.359,0.092
2021-22,1629626,Bol Bol,1610612753,ORL,C-F,22,11,9,0.541,8,20,0.4,0.358,0.042
2021-22,1626246,Boban Marjanovic,1610612742,DAL,C,33,20,12,0.224,11,19,0.579,0.35,0.229
2021-22,204025,Tim Frazier,1610612739,CLE,G,31,11,7,0.317,8,19,0.421,0.355,0.066
2021-22,1629712,Didi Louzada,1610612757,POR,G,22,8,8,0.463,3,19,0.158,0.362,-0.204
2021-22,1629730,Rayjon Tucker,1610612749,MIL,G,24,5,3,0.559,11,19,0.579,0.346,0.232
2021-22,203953,Jabari Parker,1610612738,BOS,F,27,12,7,0.306,7,19,0.368,0.348,0.021
2021-22,1630698,Kevin Pangos,1610612739,CLE,G,29,17,9,0.321,9,18,0.5,0.327,0.174
2021-22,2617,Udonis Haslem,1610612748,MIA,F,42,11,9,0.5,4,18,0.222,0.329,-0.106
2021-22,1630573,Sam Hauser,1610612738,BOS,F,24,16,10,0.419,4,18,0.222,0.334,-0.111
2021-22,1630552,Jalen Johnson,1610612737,ATL,F,20,15,7,0.415,9,17,0.529,0.341,0.188
2021-22,1629718,Charlie Brown Jr.,1610612755,PHI,G,25,10,9,0.288,5,17,0.294,0.358,-0.064
2021-22,1629603,Mamadi Diakite,1610612760,OKC,F,25,13,12,0.17,2,17,0.118,0.35,-0.232
2021-22,1629674,Neemias Queta,1610612758,SAC,C,22,12,9,0.288,8,17,0.471,0.366,0.105
2021-22,1630288,Jeff Dowtin Jr.,1610612753,ORL,G,25,6,6,0.4,2,16,0.125,0.353,-0.228
2021-22,1630585,Marcus Garrett,1610612748,MIA,G,23,9,7,0.485,4,16,0.25,0.338,-0.088
2021-22,1629719,Devontae Cacok,1610612759,SAS,F,25,12,9,0.34,7,16,0.438,0.308,0.129
2021-22,1628436,Luke Kornet,1610612738,BOS,C-F,26,12,8,0.224,6,15,0.4,0.323,0.077
2021-22,1627853,Ryan Arcidiacono,1610612752,NYK,G,28,8,5,0.419,4,13,0.308,0.335,-0.028
2021-22,1630238,Malik Fitts,1610612738,BOS,F,24,11,7,0.542,6,13,0.462,0.325,0.136
2021-22,1629663,Louis King,1610612758,SAC,F,23,9,7,0.26,5,13,0.385,0.347,0.038
2021-22,1628476,Derrick Walton Jr.,1610612765,DET,G,27,3,3,0.317,4,13,0.308,0.359,-0.051
2021-22,1630602,Chaundee Brown Jr.,1610612737,ATL,F,23,5,4,0.406,4,13,0.308,0.361,-0.054
2021-22,1629035,Carsen Edwards,1610612765,DET,G,24,4,2,0.429,3,12,0.25,0.358,-0.108
2021-22,1630466,Gabriel Deck,1610612760,OKC,F,27,7,6,0.462,3,12,0.25,0.313,-0.063
2021-22,1629067,Isaac Bonga,1610612761,TOR,G,22,11,5,0.3,2,12,0.167,0.32,-0.153
2021-22,204020,Tyler Johnson,1610612759,SAS,G,30,6,5,0.333,7,12,0.583,0.344,0.24
2021-22,204038,Langston Galloway,1610612749,MIL,G,30,7,6,0.343,5,12,0.417,0.37,0.047
2021-22,1630539,Kai Jones,1610612766,CHA,C-F,21,12,8,0.5,5,12,0.417,0.332,0.085
2021-22,203516,James Ennis III,1610612743,DEN,F,31,7,6,0.524,5,11,0.455,0.335,0.119
2021-22,1629168,BJ Johnson,1610612753,ORL,F,26,3,3,0.407,6,11,0.545,0.316,0.23
2021-22,1630243,Trevelin Queen,1610612745,HOU,G,25,9,7,0.458,5,11,0.455,0.375,0.079
2021-22,1630582,Yves Pons,1610612763,MEM,F,23,9,5,0.44,2,11,0.182,0.332,-0.15
2021-22,203917,Nik Stauskas,1610612738,BOS,G,28,5,4,0.647,1,11,0.091,0.327,-0.236
2021-22,201954,Darren Collison,1610612747,LAL,G,34,3,3,0.688,5,11,0.455,0.32,0.134
2021-22,1629752,Juwan Morgan,1610612738,BOS,F,25,2,2,0.688,3,11,0.273,0.313,-0.041
2021-22,1628982,Melvin Frazier Jr.,1610612760,OKC,G-F,25,3,3,0.393,6,11,0.545,0.37,0.175
2021-22,1629607,Jared Harper,1610612740,NOP,G,24,4,4,0.556,4,10,0.4,0.347,0.053
2021-22,1630758,Aleem Ford,1610612753,ORL,F,24,5,5,0.345,5,10,0.5,0.309,0.191
2021-22,1630787,Cameron McGriff,1610612757,POR,F,24,3,3,0.556,4,10,0.4,0.317,0.083
2021-22,1630648,Jordan Schakel,1610612764,WAS,G,24,4,3,0.667,2,10,0.2,0.344,-0.144
2021-22,1628391,D.J. Wilson,1610612761,TOR,F,26,4,2,0.257,4,9,0.444,0.313,0.131
2021-22,1630536,Sharife Cooper,1610612737,ATL,G,21,9,7,0.5,4,9,0.444,0.321,0.123
2021-22,1630176,Vernon Carey Jr.,1610612764,WAS,F-C,21,4,4,0.31,5,9,0.556,0.353,0.202
2021-22,1629605,Tacko Fall,1610612739,CLE,C,26,8,6,0.29,3,9,0.333,0.322,0.012
2021-22,1628411,Wes Iwundu,1610612737,ATL,F,27,3,3,0.296,4,8,0.5,0.382,0.118
2021-22,1629653,Devon Dotson,1610612741,CHI,G,22,8,4,0.348,4,8,0.5,0.363,0.138
2021-22,1630250,Marko Simonovic,1610612741,CHI,C,22,8,5,0.308,2,8,0.25,0.288,-0.038
2021-22,1630241,Sam Merrill,1610612763,MEM,G,26,6,4,0.318,3,7,0.429,0.33,0.098
2021-22,1629671,Miye Oni,1610612762,UTA,G-F,24,7,5,0.5,2,7,0.286,0.305,-0.02
2021-22,1630695,Micah Potter,1610612765,DET,C,24,3,2,0.35,5,7,0.714,0.361,0.354
2021-22,202688,Brandon Knight,1610612742,DAL,G,30,4,3,0.412,2,7,0.286,0.373,-0.087
2021-22,1629682,Tremont Waters,1610612764,WAS,G,24,3,3,0.538,4,7,0.571,0.374,0.197
2021-22,1627820,Tyrone Wallace,1610612740,NOP,G,28,5,3,0.269,5,7,0.714,0.327,0.387
2021-22,1629683,Quinndary Weatherspoon,1610612744,GSW,G,25,8,4,0.292,4,7,0.571,0.347,0.224
2021-22,1630225,Isaiah Todd,1610612764,WAS,F,20,8,4,0.292,3,7,0.429,0.331,0.098
2021-22,1630612,RJ Nembhard Jr.,1610612739,CLE,G,23,6,4,0.467,2,7,0.286,0.263,0.022
2021-22,1629735,Chris Silva,1610612748,MIA,F,25,8,4,0.171,3,6,0.5,0.351,0.149
2021-22,1627822,Petr Cornelie,1610612743,DEN,F,26,10,6,0.333,3,6,0.5,0.356,0.144
2021-22,1630187,Daniel Oturu,1610612761,TOR,C,22,2,2,0.429,6,6,1,0.4,0.6
2021-22,1630218,Robert Woodard II,1610612759,SAS,F,22,6,3,0.333,3,6,0.5,0.339,0.161
2021-22,1629619,Myles Powell,1610612755,PHI,G,24,8,4,0.3,2,6,0.333,0.293,0.041
2021-22,1628419,Cameron Oliver,1610612737,ATL,F,25,2,2,0.227,2,5,0.4,0.346,0.054
2021-22,1630270,Xavier Sneed,1610612762,UTA,F,24,7,5,0.5,1,5,0.2,0.362,-0.162
2021-22,1630222,Mason Jones,1610612747,LAL,G,23,4,3,0.5,1,5,0.2,0.355,-0.155
2021-22,1627782,Wayne Selden,1610612752,NYK,G,27,3,1,0.625,2,5,0.4,0.351,0.049
2021-22,1630271,Brodric Thomas,1610612738,BOS,G,25,6,4,0.364,1,4,0.25,0.34,-0.09
2021-22,1629635,Sekou Doumbouya,1610612747,LAL,F,21,2,2,0.667,0,4,0,0.329,-0.329
2021-22,1627767,Cheick Diallo,1610612765,DET,F-C,25,3,2,0.25,2,4,0.5,0.343,0.157
2021-22,1630637,Carlik Jones,1610612743,DEN,G,24,5,3,0.444,2,4,0.5,0.306,0.194
2021-22,1628537,Jaylen Morris,1610612759,SAS,G,26,3,2,0.667,1,4,0.25,0.332,-0.082
2021-22,203658,Norvel Pelle,1610612762,UTA,C,29,2,2,0.333,2,4,0.5,0.32,0.181
2021-22,1630555,Joel Ayayi,1610612764,WAS,G,22,4,3,0.75,0,3,0,0.248,-0.248
2021-22,1630565,Aaron Henry,1610612755,PHI,F,22,5,3,0.375,1,3,0.333,0.246,0.088
2021-22,1629751,Dakota Mathias,1610612763,MEM,G,26,3,2,0.5,0,3,0,0.326,-0.326
2021-22,1630216,Cassius Winston,1610612764,WAS,G,24,7,3,0.231,2,3,0.667,0.24,0.427
2021-22,1630589,Moses Wright,1610612742,DAL,F,23,3,2,0.5,1,3,0.333,0.39,-0.056
2021-22,1630643,Jay Huff,1610612747,LAL,F,24,4,3,0.273,1,3,0.333,0.343,-0.01
2021-22,203816,Scotty Hopson,1610612760,OKC,G-F,32,1,1,0.429,1,3,0.333,0.374,-0.041
2021-22,1630647,Eugene Omoruyi,1610612742,DAL,F,25,2,2,0.6,1,3,0.333,0.319,0.014
2021-22,1630306,Rob Edwards,1610612760,OKC,G,25,2,1,0.4,1,2,0.5,0.353,0.148
2021-22,1628382,Justin Jackson,1610612756,PHX,F,27,4,1,0.222,0,2,0,0.384,-0.384
2021-22,1628990,Chandler Hutchison,1610612756,PHX,F-G,26,3,2,0.5,1,2,0.5,0.318,0.183
2021-22,1630994,Gabriel Lundberg,1610612756,PHX,G,27,3,2,0.143,1,2,0.5,0.412,0.088
2021-22,1628221,Gabe York,1610612754,IND,G,28,1,1,0.333,0,2,0,0.377,-0.377
2021-22,1629783,Shaq Buchanan,1610612763,MEM,G,25,1,1,1,0,2,0,0.383,-0.383
2021-22,1630692,Jordan Goodwin,1610612764,WAS,G,23,1,1,0.5,2,2,1,0.374,0.626
2021-22,1629597,Zylan Cheatham,1610612762,UTA,F,26,1,1,1,0,2,0,0.341,-0.341
2021-22,1628591,Craig Sword,1610612764,WAS,G,28,1,1,0.667,1,2,0.5,0.375,0.125
2021-22,1629203,Jemerrio Jones,1610612747,LAL,F,27,1,1,0.5,1,2,0.5,0.317,0.183
2021-22,1628422,Damyean Dotson,1610612752,NYK,G,28,1,1,0.5,0,1,0,0.342,-0.342
2021-22,1630644,Mac McClung,1610612747,LAL,G,23,1,1,0.1,1,1,1,0.342,0.658
2021-22,1629610,DaQuan Jeffries,1610612763,MEM,G-F,24,2,1,0.25,1,1,1,0.295,0.705
2021-22,2207,Joe Johnson,1610612738,BOS,G-F,41,1,1,1,1,1,1,0.254,0.746
2021-22,1629873,Jaysean Paige,1610612765,DET,G,27,1,1,1,0,1,0,0.212,-0.212
2021-22,1629150,Emanuel Terry,1610612756,PHX,F,25,2,1,0.125,0,1,0,0.336,-0.336
2021-22,1629686,Deividas Sirvydis,1610612765,DET,F-G,22,3,1,0.1,0,1,0,0.317,-0.317
2021-22,1629309,Trayvon Palmer,1610612765,DET,G,27,1,1,0.2,1,1,1,0.404,0.596
2021-22,101139,CJ Miles,1610612738,BOS,G,35,1,1,1,1,1,1,0.231,0.769
2021-22,1626155,Sam Dekker,1610612761,TOR,F,28,1,1,0.5,1,1,1,0.328,0.672
2021-22,1628994,George King,1610612742,DAL,F-G,28,4,1,0.091,0,1,0,0.394,-0.394
2021-22,1630525,David Johnson,1610612761,TOR,G,21,1,1,1,0,1,0,0.333,-0.333
2021-22,1630593,McKinley Wright IV,1610612750,MIN,G,23,3,1,0.2,1,1,1,0.296,0.704
2021-22,1629005,Malik Newman,1610612739,CLE,G,25,1,1,1,0,1,0,0,0
2021-22,1630624,Feron Hunt,1610612752,NYK,F,22,1,1,1,0,1,0,0.303,-0.303
2021-22,1630286,Trevon Scott,1610612739,CLE,F,25,2,1,0.2,0,1,0,0.303,-0.303
2021-22,1626144,Emmanuel Mudiay,1610612758,SAC,G,26,1,1,0.25,0,1,0,0.313,-0.313
2021-22,1630257,Jon Teske,1610612763,MEM,C,25,2,1,0.5,1,1,1,0.327,0.673
2022-23,1631095,Jabari Smith Jr.,1610612745,HOU,F,20,79,78,0.396,174,458,0.38,0.363,0.017
2022-23,203897,Zach LaVine,1610612741,CHI,G,28,77,77,0.454,153,449,0.341,0.368,-0.027
2022-23,203944,Julius Randle,1610612752,NYK,F-C,28,77,77,0.393,161,431,0.374,0.358,0.015
2022-23,1628368,De'Aaron Fox,1610612758,SAC,G,25,73,73,0.426,149,413,0.361,0.365,-0.004
2022-23,203468,CJ McCollum,1610612740,NOP,G,31,75,75,0.396,134,407,0.329,0.367,-0.037
2022-23,1630596,Evan Mobley,1610612739,CLE,C,22,79,75,0.287,150,406,0.369,0.352,0.017
2022-23,1629645,Kevin Porter Jr.,1610612745,HOU,G-F,23,59,59,0.462,152,405,0.375,0.369,0.006
2022-23,1629622,Max Strus,1610612748,MIA,G-F,27,80,78,0.444,159,404,0.394,0.361,0.033
2022-23,1628983,Shai Gilgeous-Alexander,1610612760,OKC,G,24,68,68,0.406,138,404,0.342,0.362,-0.02
2022-23,203084,Harrison Barnes,1610612758,SAC,F,31,82,80,0.363,142,401,0.354,0.355,-0.001
2022-23,1630162,Anthony Edwards,1610612750,MIN,G,21,79,79,0.407,141,398,0.354,0.361,-0.007
2022-23,1629652,Luguentz Dort,1610612760,OKC,G,24,74,73,0.432,134,396,0.338,0.362,-0.024
2022-23,1627741,Buddy Hield,1610612754,IND,G,30,80,79,0.343,129,395,0.327,0.365,-0.038
2022-23,201572,Brook Lopez,1610612749,MIL,C,35,78,76,0.219,139,385,0.361,0.349,0.012
2022-23,1628973,Jalen Brunson,1610612752,NYK,G,26,68,67,0.449,144,384,0.375,0.363,0.012
2022-23,1629628,RJ Barrett,1610612752,NYK,F-G,23,72,72,0.395,133,380,0.35,0.365,-0.015
2022-23,1630183,Jaden McDaniels,1610612750,MIN,F,22,79,77,0.366,149,378,0.394,0.363,0.031
2022-23,1630532,Franz Wagner,1610612753,ORL,F,21,80,79,0.415,141,378,0.373,0.362,0.011
2022-23,1628971,Bruce Brown,1610612743,DEN,G-F,26,80,80,0.393,117,377,0.31,0.361,-0.05
2022-23,203110,Draymond Green,1610612744,GSW,F,33,73,73,0.337,116,374,0.31,0.358,-0.048
2022-23,1630530,Trey Murphy III,1610612740,NOP,F,23,79,78,0.413,136,373,0.365,0.363,0.002
2022-23,1630567,Scottie Barnes,1610612761,TOR,F,21,77,77,0.324,145,372,0.39,0.364,0.026
2022-23,1627832,Fred VanVleet,1610612761,TOR,G,29,69,69,0.357,143,372,0.384,0.365,0.019
2022-23,1628415,Dillon Brooks,1610612763,MEM,G-F,27,73,72,0.395,128,367,0.349,0.365,-0.016
2022-23,1630224,Jalen Green,1610612745,HOU,G,21,76,74,0.419,135,366,0.369,0.366,0.003
2022-23,1627783,Pascal Siakam,1610612761,TOR,F,29,71,71,0.362,135,365,0.37,0.356,0.014
2022-23,1631094,Paolo Banchero,1610612753,ORL,F,20,72,71,0.379,123,363,0.339,0.36,-0.021
2022-23,201942,DeMar DeRozan,1610612741,CHI,G-F,33,74,74,0.408,133,360,0.369,0.36,0.009
2022-23,1629667,Jalen McDaniels,1610612755,PHI,F-C,25,80,77,0.418,128,352,0.364,0.362,0.002
2022-23,1628997,Caleb Martin,1610612748,MIA,F,27,71,70,0.376,124,349,0.355,0.362,-0.006
2022-23,1629023,P.J. Washington,1610612766,CHA,F,24,73,72,0.352,114,346,0.329,0.36,-0.031
2022-23,1629673,Jordan Poole,1610612744,GSW,G,24,82,81,0.43,126,345,0.365,0.363,0.002
2022-23,1628381,John Collins,1610612737,ATL,F-C,25,71,71,0.347,127,344,0.369,0.359,0.01
2022-23,1630193,Immanuel Quickley,1610612752,NYK,G,24,81,78,0.358,110,344,0.32,0.36,-0.041
2022-23,1629631,De'Andre Hunter,1610612737,ATL,F-G,25,67,66,0.407,119,343,0.347,0.361,-0.014
2022-23,1628404,Josh Hart,1610612752,NYK,G,28,76,76,0.339,125,339,0.369,0.363,0.006
2022-23,201950,Jrue Holiday,1610612749,MIL,G,33,67,67,0.365,114,339,0.336,0.36,-0.024
2022-23,1630581,Josh Giddey,1610612760,OKC,G,20,76,75,0.352,126,336,0.375,0.356,0.019
2022-23,1630231,KJ Martin,1610612745,HOU,F,22,82,81,0.475,127,336,0.378,0.36,0.018
2022-23,1629632,Coby White,1610612741,CHI,G,23,74,73,0.458,128,335,0.382,0.366,0.017
2022-23,1630172,Patrick Williams,1610612741,CHI,F,21,82,78,0.364,129,332,0.389,0.361,0.028
2022-23,1627750,Jamal Murray,1610612743,DEN,G,26,65,65,0.408,119,330,0.361,0.365,-0.004
2022-23,203482,Kelly Olynyk,1610612762,UTA,F-C,32,68,67,0.314,122,328,0.372,0.357,0.015
2022-23,1626172,Kevon Looney,1610612744,GSW,F,27,82,79,0.277,123,327,0.376,0.355,0.021
2022-23,1629216,Gabe Vincent,1610612748,MIA,G,27,68,68,0.481,114,324,0.352,0.365,-0.013
2022-23,1626220,Royce O'Neale,1610612751,BKN,F,30,76,76,0.311,111,323,0.344,0.357,-0.013
2022-23,204001,Kristaps Porziņģis,1610612764,WAS,F-C,27,65,64,0.283,111,323,0.344,0.354,-0.011
2022-23,201143,Al Horford,1610612738,BOS,C-F,37,63,63,0.311,110,322,0.342,0.355,-0.014
2022-23,1629639,Tyler Herro,1610612748,MIA,G,23,67,67,0.39,110,322,0.342,0.365,-0.024
2022-23,203999,Nikola Jokić,1610612743,DEN,C,28,69,66,0.229,118,320,0.369,0.354,0.015
2022-23,1628369,Jayson Tatum,1610612738,BOS,F-G,25,74,72,0.365,102,320,0.319,0.357,-0.038
2022-23,202696,Nikola Vučević,1610612741,CHI,C,32,82,75,0.229,108,319,0.339,0.365,-0.026
2022-23,1629001,De'Anthony Melton,1610612755,PHI,G,25,77,76,0.34,125,318,0.393,0.366,0.027
2022-23,1629029,Luka Dončić,1610612742,DAL,F-G,24,65,65,0.336,100,317,0.315,0.354,-0.039
2022-23,203501,Tim Hardaway Jr.,1610612742,DAL,G-F,31,71,70,0.383,107,317,0.338,0.359,-0.022
2022-23,1631093,Jaden Ivey,1610612765,DET,G,21,74,74,0.366,110,316,0.348,0.358,-0.01
2022-23,203915,Spencer Dinwiddie,1610612751,BKN,G,30,79,77,0.362,130,315,0.413,0.36,0.052
2022-23,1630559,Austin Reaves,1610612747,LAL,G,25,64,63,0.362,103,315,0.327,0.363,-0.036
2022-23,1627826,Ivica Zubac,1610612746,LAC,C,26,76,74,0.232,125,313,0.399,0.351,0.048
2022-23,1630245,Ayo Dosunmu,1610612741,CHI,G,23,80,78,0.398,110,311,0.354,0.362,-0.008
2022-23,1629656,Quentin Grimes,1610612752,NYK,G,23,70,66,0.381,121,310,0.39,0.369,0.021
2022-23,1631106,Tari Eason,1610612745,HOU,F,22,82,79,0.433,123,309,0.398,0.361,0.037
2022-23,1627936,Alex Caruso,1610612741,CHI,G,29,67,66,0.417,111,309,0.359,0.365,-0.006
2022-23,1628972,Troy Brown Jr.,1610612747,LAL,G-F,23,76,74,0.358,107,308,0.347,0.368,-0.02
2022-23,201935,James Harden,1610612755,PHI,G,33,58,58,0.413,104,308,0.338,0.363,-0.026
2022-23,1628989,Kevin Huerter,1610612758,SAC,G-F,24,75,74,0.346,124,307,0.404,0.364,0.04
2022-23,1629614,Andrew Nembhard,1610612754,IND,G-F,23,75,71,0.359,109,307,0.355,0.362,-0.007
2022-23,1626156,D'Angelo Russell,1610612747,LAL,G,27,71,71,0.385,102,306,0.333,0.362,-0.029
2022-23,1630165,Killian Hayes,1610612765,DET,G,21,76,75,0.349,118,305,0.387,0.36,0.027
2022-23,1628389,Bam Adebayo,1610612748,MIA,C-F,25,75,73,0.282,111,304,0.365,0.364,0.002
2022-23,1628401,Derrick White,1610612738,BOS,G,28,80,78,0.294,94,299,0.314,0.359,-0.045
2022-23,1630166,Deni Avdija,1610612764,WAS,F,22,76,73,0.304,121,298,0.406,0.366,0.04
2022-23,202710,Jimmy Butler III,1610612748,MIA,F,33,64,64,0.429,100,298,0.336,0.362,-0.026
2022-23,1629651,Nic Claxton,1610612751,BKN,C,24,76,72,0.245,101,297,0.34,0.356,-0.016
2022-23,203471,Dennis Schröder,1610612747,LAL,G,29,66,65,0.37,92,296,0.311,0.362,-0.051
2022-23,1629626,Bol Bol,1610612753,ORL,C-F,23,70,67,0.442,100,295,0.339,0.358,-0.019
2022-23,202331,Paul George,1610612746,LAC,F,33,56,55,0.38,107,294,0.364,0.358,0.006
2022-23,1627759,Jaylen Brown,1610612738,BOS,G-F,26,67,67,0.34,103,293,0.352,0.364,-0.012
2022-23,1629027,Trae Young,1610612737,ATL,G,24,73,70,0.372,104,291,0.357,0.363,-0.005
2022-23,202704,Reggie Jackson,1610612743,DEN,G,33,67,63,0.415,113,290,0.39,0.357,0.033
2022-23,203935,Marcus Smart,1610612738,BOS,G,29,61,60,0.443,105,289,0.363,0.358,0.005
2022-23,1631097,Bennedict Mathurin,1610612754,IND,G-F,21,78,76,0.357,115,288,0.399,0.362,0.037
2022-23,203992,Bogdan Bogdanović,1610612737,ATL,G,30,54,53,0.399,100,287,0.348,0.362,-0.013
2022-23,1628978,Donte DiVincenzo,1610612744,GSW,G,26,72,72,0.356,101,287,0.352,0.36,-0.008
2022-23,1630529,Herbert Jones,1610612740,NOP,F,24,66,66,0.37,85,287,0.296,0.363,-0.067
2022-23,1628386,Jarrett Allen,1610612739,CLE,C,25,68,64,0.263,105,286,0.367,0.36,0.007
2022-23,1630583,Santi Aldama,1610612763,MEM,F-C,22,77,75,0.324,89,284,0.313,0.357,-0.044
2022-23,1629684,Grant Williams,1610612738,BOS,F,24,79,75,0.348,105,283,0.371,0.353,0.018
2022-23,1628470,Torrey Craig,1610612756,PHX,F,32,79,75,0.359,98,282,0.348,0.365,-0.017
2022-23,1626179,Terry Rozier,1610612766,CHA,G,29,63,62,0.354,109,281,0.388,0.37,0.018
2022-23,1628378,Donovan Mitchell,1610612739,CLE,G,26,68,67,0.406,98,280,0.35,0.363,-0.013
2022-23,203924,Jerami Grant,1610612757,POR,F,29,63,63,0.393,108,280,0.386,0.363,0.023
2022-23,1629014,Anfernee Simons,1610612757,POR,G,24,62,61,0.322,91,280,0.325,0.362,-0.037
2022-23,1631101,Shaedon Sharpe,1610612757,POR,G,20,80,76,0.41,117,279,0.419,0.363,0.056
2022-23,1629636,Darius Garland,1610612739,CLE,G,23,69,68,0.371,104,278,0.374,0.368,0.006
2022-23,203497,Rudy Gobert,1610612750,MIN,C,31,70,66,0.217,101,277,0.365,0.358,0.007
2022-23,1630578,Alperen Sengun,1610612745,HOU,C,20,75,70,0.238,106,276,0.384,0.361,0.023
2022-23,1629020,Jarred Vanderbilt,1610612747,LAL,F,24,78,72,0.328,98,276,0.355,0.359,-0.004
2022-23,203954,Joel Embiid,1610612755,PHI,C-F,29,66,64,0.218,89,276,0.322,0.361,-0.039
2022-23,1630217,Desmond Bane,1610612763,MEM,G,25,58,58,0.411,93,274,0.339,0.359,-0.02
2022-23,1631099,Keegan Murray,1610612758,SAC,F,22,80,74,0.349,108,272,0.397,0.364,0.033
2022-23,203937,Kyle Anderson,1610612750,MIN,F-G,29,68,67,0.359,100,266,0.376,0.356,0.02
2022-23,1626164,Devin Booker,1610612756,PHX,G,26,53,53,0.39,87,266,0.327,0.362,-0.035
2022-23,1628991,Jaren Jackson Jr.,1610612763,MEM,F-C,23,63,60,0.298,104,265,0.392,0.351,0.042
2022-23,1628384,OG Anunoby,1610612761,TOR,F,25,67,65,0.345,105,265,0.396,0.36,0.036
2022-23,200782,P.J. Tucker,1610612755,PHI,F,38,74,70,0.364,92,264,0.348,0.353,-0.005
2022-23,202681,Kyrie Irving,1610612742,DAL,G,31,60,60,0.328,100,263,0.38,0.367,0.014
2022-23,201566,Russell Westbrook,1610612746,LAC,G,34,73,71,0.366,74,262,0.282,0.355,-0.073
2022-23,203507,Giannis Antetokounmpo,1610612749,MIL,F,28,62,60,0.332,89,262,0.34,0.357,-0.018
2022-23,1627749,Dejounte Murray,1610612737,ATL,G,26,74,71,0.29,78,262,0.298,0.366,-0.069
2022-23,1630191,Isaiah Stewart,1610612765,DET,F-C,22,50,50,0.356,108,261,0.414,0.356,0.058
2022-23,201142,Kevin Durant,1610612756,PHX,F,34,47,47,0.375,95,261,0.364,0.35,0.014
2022-23,202699,Tobias Harris,1610612755,PHI,F,30,74,72,0.335,76,260,0.292,0.36,-0.068
2022-23,1629028,Deandre Ayton,1610612756,PHX,C,24,67,62,0.26,96,260,0.369,0.359,0.01
2022-23,1627747,Caris LeVert,1610612739,CLE,G,28,74,74,0.323,101,259,0.39,0.364,0.026
2022-23,1627827,Dorian Finney-Smith,1610612751,BKN,F,30,66,64,0.294,93,257,0.362,0.361,0
2022-23,203484,Kentavious Caldwell-Pope,1610612743,DEN,G,30,76,73,0.358,91,256,0.355,0.364,-0.008
2022-23,1630230,Naji Marshall,1610612740,NOP,F,25,77,73,0.394,99,256,0.387,0.361,0.026
2022-23,1630168,Onyeka Okongwu,1610612737,ATL,F-C,22,80,74,0.253,79,256,0.309,0.352,-0.043
2022-23,1631105,Jalen Duren,1610612765,DET,C,19,67,65,0.299,96,256,0.375,0.357,0.018
2022-23,2544,LeBron James,1610612747,LAL,F,38,55,55,0.407,93,255,0.365,0.355,0.01
2022-23,203493,Reggie Bullock Jr.,1610612742,DAL,G-F,32,78,76,0.324,87,255,0.341,0.365,-0.024
2022-23,1627736,Malik Beasley,1610612747,LAL,G,26,81,74,0.355,87,254,0.343,0.365,-0.023
2022-23,101108,Chris Paul,1610612756,PHX,G,38,59,59,0.388,99,254,0.39,0.361,0.029
2022-23,1629630,Ja Morant,1610612763,MEM,G,23,61,61,0.358,77,254,0.303,0.357,-0.054
2022-23,1628960,Grayson Allen,1610612749,MIL,G,27,72,71,0.347,91,254,0.358,0.364,-0.006
2022-23,1631117,Walker Kessler,1610612762,UTA,C,21,74,66,0.235,100,254,0.394,0.35,0.044
2022-23,201939,Stephen Curry,1610612744,GSW,G,35,56,56,0.395,96,254,0.378,0.36,0.018
2022-23,1629640,Keldon Johnson,1610612759,SAS,F-G,23,63,63,0.353,103,253,0.407,0.362,0.045
2022-23,203078,Bradley Beal,1610612764,WAS,G,30,50,50,0.444,91,253,0.36,0.368,-0.008
2022-23,1628374,Lauri Markkanen,1610612762,UTA,F-C,26,66,63,0.286,87,251,0.347,0.361,-0.014
2022-23,1626171,Bobby Portis Jr.,1610612749,MIL,F,28,70,66,0.329,93,250,0.372,0.357,0.015
2022-23,201144,Mike Conley,1610612750,MIN,G,35,67,67,0.321,88,249,0.353,0.366,-0.012
2022-23,1630557,Corey Kispert,1610612764,WAS,F,24,74,73,0.324,102,249,0.41,0.363,0.047
2022-23,1630175,Cole Anthony,1610612753,ORL,G,23,60,60,0.389,81,249,0.325,0.361,-0.036
2022-23,1628365,Markelle Fultz,1610612753,ORL,G,25,60,59,0.403,78,248,0.315,0.355,-0.041
2022-23,202694,Marcus Morris Sr.,1610612746,LAC,F,33,65,63,0.373,85,248,0.343,0.362,-0.02
2022-23,202695,Kawhi Leonard,1610612746,LAC,F,32,52,51,0.39,91,247,0.368,0.36,0.009
2022-23,1630174,Aaron Nesmith,1610612754,IND,G-F,23,73,69,0.328,106,247,0.429,0.362,0.067
2022-23,201976,Patrick Beverley,1610612741,CHI,G,34,67,66,0.346,89,247,0.36,0.368,-0.008
2022-23,200768,Kyle Lowry,1610612748,MIA,G,37,55,54,0.416,88,246,0.358,0.36,-0.003
2022-23,1628398,Kyle Kuzma,1610612764,WAS,F,27,64,61,0.313,80,245,0.327,0.36,-0.034
2022-23,1628969,Mikal Bridges,1610612751,BKN,F,26,56,56,0.333,90,243,0.37,0.363,0.007
2022-23,1630200,Tre Jones,1610612759,SAS,G,23,68,65,0.306,86,243,0.354,0.36,-0.007
2022-23,202711,Bojan Bogdanovic,1610612765,DET,F,34,59,58,0.367,89,242,0.368,0.362,0.006
2022-23,1627734,Domantas Sabonis,1610612758,SAC,F-C,27,79,70,0.166,98,242,0.405,0.364,0.041
2022-23,1630178,Tyrese Maxey,1610612755,PHI,G,22,60,59,0.42,86,238,0.361,0.36,0.001
2022-23,1631223,David Roddy,1610612763,MEM,F,22,69,63,0.443,89,238,0.374,0.355,0.019
2022-23,1626174,Christian Wood,1610612742,DAL,F,27,67,67,0.29,84,236,0.356,0.356,0
2022-23,202691,Klay Thompson,1610612744,GSW,G,33,69,68,0.35,87,236,0.369,0.364,0.005
2022-23,203932,Aaron Gordon,1610612743,DEN,F,27,68,65,0.313,79,235,0.336,0.362,-0.026
2022-23,1627777,Georges Niang,1610612755,PHI,F,30,78,74,0.405,75,235,0.319,0.353,-0.034
2022-23,1630228,Jonathan Kuminga,1610612744,GSW,F,20,66,60,0.362,79,234,0.338,0.356,-0.019
2022-23,203486,Mason Plumlee,1610612746,LAC,F-C,33,79,72,0.209,86,232,0.371,0.36,0.011
2022-23,203076,Anthony Davis,1610612747,LAL,F-C,30,56,55,0.239,72,231,0.312,0.366,-0.054
2022-23,1629723,John Konchar,1610612763,MEM,G,27,71,68,0.342,66,229,0.288,0.364,-0.076
2022-23,1627751,Jakob Poeltl,1610612761,TOR,C,27,72,68,0.201,91,228,0.399,0.362,0.037
2022-23,1630591,Jalen Suggs,1610612753,ORL,G,22,53,51,0.441,80,227,0.352,0.363,-0.01
2022-23,202685,Jonas Valanciunas,1610612740,NOP,C,31,79,71,0.22,83,226,0.367,0.358,0.009
2022-23,1631110,Jeremy Sochan,1610612759,SAS,F,20,56,54,0.349,89,224,0.397,0.362,0.036
2022-23,203081,Damian Lillard,1610612757,POR,G,32,58,58,0.348,85,224,0.379,0.365,0.014
2022-23,1630631,Jose Alvarado,1610612740,NOP,G,25,61,60,0.437,71,224,0.317,0.364,-0.047
2022-23,1628966,Keita Bates-Diop,1610612759,SAS,F,27,66,62,0.367,78,223,0.35,0.357,-0.007
2022-23,1628372,Dennis Smith Jr.,1610612766,CHA,G,25,54,51,0.399,72,222,0.324,0.363,-0.038
2022-23,1629018,Gary Trent Jr.,1610612761,TOR,G-F,24,66,63,0.405,86,222,0.387,0.367,0.02
2022-23,1629611,Terance Mann,1610612746,LAC,G-F,26,81,77,0.314,72,222,0.324,0.363,-0.039
2022-23,203903,Jordan Clarkson,1610612762,UTA,G,31,61,60,0.31,76,221,0.344,0.368,-0.025
2022-23,1630558,Davion Mitchell,1610612758,SAC,G,24,80,76,0.38,75,221,0.339,0.361,-0.021
2022-23,1626192,Pat Connaughton,1610612749,MIL,G,30,61,59,0.399,71,220,0.323,0.362,-0.039
2022-23,1628449,Chris Boucher,1610612761,TOR,F-C,30,76,68,0.377,70,218,0.321,0.359,-0.038
2022-23,1626145,Tyus Jones,1610612763,MEM,G,27,79,71,0.4,88,217,0.406,0.359,0.047
2022-23,1629022,Lonnie Walker IV,1610612747,LAL,G-F,24,54,49,0.441,80,215,0.372,0.374,-0.002
2022-23,1630598,Aaron Wiggins,1610612760,OKC,G,24,68,61,0.345,95,214,0.444,0.353,0.091
2022-23,1630169,Tyrese Haliburton,1610612754,IND,G,23,56,56,0.378,81,214,0.379,0.359,0.02
2022-23,1627742,Brandon Ingram,1610612740,NOP,F,25,45,45,0.421,73,213,0.343,0.359,-0.017
2022-23,1628984,Devonte' Graham,1610612759,SAS,G,28,73,67,0.426,67,211,0.318,0.362,-0.044
2022-23,1629234,Drew Eubanks,1610612757,POR,F-C,26,78,65,0.219,76,210,0.362,0.359,0.003
2022-23,201587,Nicolas Batum,1610612746,LAC,G-F,34,78,74,0.312,78,210,0.371,0.363,0.009
2022-23,1628370,Malik Monk,1610612758,SAC,G,25,76,71,0.36,75,209,0.359,0.36,-0.002
2022-23,1629011,Mitchell Robinson,1610612752,NYK,C-F,25,59,56,0.303,63,208,0.303,0.358,-0.055
2022-23,1629655,Daniel Gafford,1610612764,WAS,F-C,24,78,70,0.223,77,207,0.372,0.358,0.014
2022-23,1629659,Talen Horton-Tucker,1610612762,UTA,G,22,63,57,0.397,77,207,0.372,0.363,0.009
2022-23,1631114,Jalen Williams,1610612760,OKC,G-F,22,75,71,0.283,75,206,0.364,0.356,0.008
2022-23,1626167,Myles Turner,1610612754,IND,C-F,27,62,61,0.194,81,205,0.395,0.352,0.043
2022-23,1630692,Jordan Goodwin,1610612764,WAS,G,24,60,53,0.397,81,205,0.395,0.361,0.034
2022-23,203506,Victor Oladipo,1610612748,MIA,G,31,42,42,0.44,75,204,0.368,0.365,0.003
2022-23,1628976,Wendell Carter Jr.,1610612753,ORL,C-F,24,57,54,0.231,82,201,0.408,0.36,0.048
2022-23,1631100,AJ Griffin,1610612737,ATL,F,19,70,65,0.362,71,201,0.353,0.357,-0.004
2022-23,1626162,Kelly Oubre Jr.,1610612766,CHA,F-G,27,48,46,0.376,77,200,0.385,0.368,0.017
2022-23,1629003,Shake Milton,1610612755,PHI,G-F,26,75,70,0.425,80,200,0.4,0.365,0.035
2022-23,1626196,Josh Richardson,1610612740,NOP,G,29,65,61,0.373,78,199,0.392,0.359,0.033
2022-23,1630163,LaMelo Ball,1610612766,CHA,G,21,36,36,0.421,71,199,0.357,0.364,-0.007
2022-23,201569,Eric Gordon,1610612746,LAC,G,34,68,63,0.393,69,198,0.348,0.365,-0.016
2022-23,1630180,Saddiq Bey,1610612737,ATL,F,24,76,71,0.326,80,198,0.404,0.365,0.039
2022-23,1627763,Malcolm Brogdon,1610612738,BOS,G,30,67,62,0.324,69,194,0.356,0.364,-0.009
2022-23,1628420,Monte Morris,1610612764,WAS,G,28,62,60,0.323,68,194,0.351,0.367,-0.016
2022-23,1630198,Isaiah Joe,1610612760,OKC,G,23,70,59,0.369,72,193,0.373,0.355,0.018
2022-23,203939,Dwight Powell,1610612742,DAL,F-C,31,76,69,0.23,59,193,0.306,0.355,-0.05
2022-23,203082,Terrence Ross,1610612756,PHX,G-F,32,62,58,0.408,68,193,0.352,0.355,-0.003
2022-23,1628392,Isaiah Hartenstein,1610612752,NYK,C-F,25,82,68,0.234,67,191,0.351,0.349,0.002
2022-23,1630237,Anthony Lamb,1610612744,GSW,F,25,62,58,0.341,67,191,0.351,0.366,-0.015
2022-23,1629006,Josh Okogie,1610612756,PHX,G,24,65,55,0.362,65,191,0.34,0.363,-0.023
2022-23,1629060,Rui Hachimura,1610612747,LAL,F,25,63,60,0.371,61,191,0.319,0.36,-0.041
2022-23,1628975,Jevon Carter,1610612749,MIL,G,27,81,68,0.326,58,191,0.304,0.362,-0.059
2022-23,1629008,Michael Porter Jr.,1610612743,DEN,F,25,62,60,0.349,65,190,0.342,0.372,-0.03
2022-23,1626181,Norman Powell,1610612746,LAC,G,30,60,56,0.404,72,189,0.381,0.36,0.021
2022-23,1630205,Lamar Stevens,1610612739,CLE,F,25,60,52,0.387,61,188,0.324,0.352,-0.028
2022-23,1630188,Jalen Smith,1610612754,IND,F-C,23,67,54,0.3,65,187,0.348,0.362,-0.015
2022-23,1629021,Moritz Wagner,1610612753,ORL,F-C,26,57,50,0.314,63,187,0.337,0.349,-0.012
2022-23,203991,Clint Capela,1610612737,ATL,C,29,65,62,0.195,70,186,0.376,0.361,0.016
2022-23,1627814,Damion Lee,1610612756,PHX,G-F,30,72,66,0.337,68,186,0.366,0.357,0.009
2022-23,1630538,Bones Hyland,1610612746,LAC,G,22,56,54,0.415,70,185,0.378,0.365,0.014
2022-23,1630570,Trendon Watford,1610612757,POR,F,22,60,55,0.319,66,185,0.357,0.359,-0.002
2022-23,1630534,Ochai Agbaji,1610612762,UTA,G,23,56,50,0.387,54,185,0.292,0.359,-0.067
2022-23,1626153,Delon Wright,1610612764,WAS,G,31,50,50,0.349,67,184,0.364,0.361,0.003
2022-23,1626168,Trey Lyles,1610612758,SAC,F,27,74,68,0.362,73,183,0.399,0.345,0.054
2022-23,1630586,Usman Garuba,1610612745,HOU,F,21,75,64,0.343,64,182,0.352,0.352,-0.001
2022-23,203952,Andrew Wiggins,1610612744,GSW,F,28,37,37,0.367,72,182,0.396,0.358,0.037
2022-23,203925,Joe Harris,1610612751,BKN,G-F,31,74,69,0.336,65,181,0.359,0.36,-0.001
2022-23,1631103,Malaki Branham,1610612759,SAS,F,20,66,60,0.347,63,180,0.35,0.364,-0.014
2022-23,202330,Gordon Hayward,1610612766,CHA,F,33,50,48,0.365,56,180,0.311,0.371,-0.06
2022-23,203552,Seth Curry,1610612751,BKN,G,32,60,54,0.431,67,180,0.372,0.354,0.019
2022-23,1630214,Xavier Tillman,1610612763,MEM,F,24,59,52,0.289,68,180,0.378,0.357,0.021
2022-23,204456,T.J. McConnell,1610612754,IND,G,31,75,68,0.361,61,179,0.341,0.363,-0.022
2022-23,203926,Doug McDermott,1610612759,SAS,F,31,64,58,0.392,72,178,0.404,0.348,0.057
2022-23,1630171,Isaac Okoro,1610612739,CLE,F-G,22,76,66,0.321,81,177,0.458,0.362,0.095
2022-23,1629675,Naz Reid,1610612750,MIN,C-F,23,68,60,0.252,60,176,0.341,0.357,-0.016
2022-23,1630700,Dyson Daniels,1610612740,NOP,G,20,57,52,0.337,55,175,0.314,0.36,-0.046
2022-23,1630544,Tre Mann,1610612760,OKC,G,22,65,56,0.385,55,175,0.314,0.348,-0.034
2022-23,201145,Jeff Green,1610612743,DEN,F,36,56,53,0.383,65,171,0.38,0.355,0.025
2022-23,1628380,Zach Collins,1610612759,SAS,F-C,25,63,58,0.187,65,170,0.382,0.351,0.031
2022-23,1630543,Isaiah Jackson,1610612754,IND,F,21,63,55,0.286,59,170,0.347,0.357,-0.009
2022-23,1630182,Josh Green,1610612742,DAL,G,22,60,58,0.348,66,168,0.393,0.366,0.026
2022-23,1630173,Precious Achiuwa,1610612761,TOR,F,23,55,51,0.308,71,167,0.425,0.359,0.066
2022-23,1629629,Cam Reddish,1610612757,POR,F-G,23,40,38,0.414,66,165,0.4,0.362,0.038
2022-23,202709,Cory Joseph,1610612765,DET,G,31,61,55,0.338,53,162,0.327,0.359,-0.032
2022-23,1629627,Zion Williamson,1610612740,NOP,F,22,29,29,0.455,52,162,0.321,0.362,-0.041
2022-23,1628379,Luke Kennard,1610612763,MEM,G,27,59,54,0.353,51,162,0.315,0.366,-0.051
2022-23,1626224,Cedi Osman,1610612739,CLE,F,28,76,62,0.379,47,161,0.292,0.36,-0.068
2022-23,1630167,Obi Toppin,1610612752,NYK,F,25,66,61,0.47,58,159,0.365,0.362,0.002
2022-23,1629680,Matisse Thybulle,1610612757,POR,G-F,26,67,54,0.378,49,158,0.31,0.361,-0.051
2022-23,1629661,Cameron Johnson,1610612751,BKN,F,27,42,42,0.338,52,156,0.333,0.356,-0.022
2022-23,1629057,Robert Williams III,1610612738,BOS,C-F,25,35,34,0.407,51,155,0.329,0.355,-0.026
2022-23,201567,Kevin Love,1610612748,MIA,F-C,34,62,57,0.297,54,154,0.351,0.354,-0.003
2022-23,1631128,Christian Braun,1610612743,DEN,G,22,66,55,0.33,44,153,0.288,0.357,-0.069
2022-23,203914,Gary Harris,1610612753,ORL,G,28,48,44,0.398,56,152,0.368,0.365,0.004
2022-23,1630537,Chris Duarte,1610612754,IND,G,26,46,43,0.36,56,152,0.368,0.359,0.009
2022-23,1629670,Jordan Nwora,1610612754,IND,F,24,59,53,0.35,65,152,0.428,0.352,0.076
2022-23,1629012,Collin Sexton,1610612762,UTA,G,24,48,48,0.415,51,152,0.336,0.364,-0.028
2022-23,1629312,Haywood Highsmith,1610612748,MIA,F,26,50,45,0.376,52,151,0.344,0.364,-0.019
2022-23,1628963,Marvin Bagley III,1610612765,DET,F,24,42,40,0.316,62,150,0.413,0.358,0.055
2022-23,1629642,Nassir Little,1610612757,POR,F-G,23,54,51,0.399,61,150,0.407,0.371,0.036
2022-23,1626204,Larry Nance Jr.,1610612740,NOP,F-C,30,65,54,0.278,47,148,0.318,0.351,-0.034
2022-23,203994,Jusuf Nurkić,1610612757,POR,C,28,52,43,0.176,57,148,0.385,0.355,0.031
2022-23,1630208,Nick Richards,1610612766,CHA,C,25,65,54,0.21,58,147,0.395,0.356,0.038
2022-23,1628467,Maxi Kleber,1610612742,DAL,F,31,37,37,0.291,41,147,0.279,0.357,-0.078
2022-23,1630552,Jalen Johnson,1610612737,ATL,F,21,68,58,0.331,52,147,0.354,0.345,0.008
2022-23,1626157,Karl-Anthony Towns,1610612750,MIN,C-F,27,29,29,0.363,58,146,0.397,0.354,0.043
2022-23,1627752,Taurean Prince,1610612750,MIN,F,29,53,52,0.369,54,146,0.37,0.35,0.02
2022-23,1630587,Isaiah Livers,1610612765,DET,F,24,52,45,0.297,48,144,0.333,0.36,-0.026
2022-23,202692,Alec Burks,1610612765,DET,G,31,51,49,0.381,49,144,0.34,0.365,-0.025
2022-23,1630573,Sam Hauser,1610612738,BOS,F,25,77,65,0.283,49,144,0.34,0.351,-0.01
2022-23,1628964,Mo Bamba,1610612747,LAL,C,25,47,41,0.355,46,144,0.319,0.353,-0.033
2022-23,1629139,Yuta Watanabe,1610612751,BKN,G-F,28,55,47,0.32,56,142,0.394,0.358,0.036
2022-23,1630540,Miles McBride,1610612752,NYK,G,22,58,46,0.409,47,142,0.331,0.358,-0.027
2022-23,1628995,Kevin Knox II,1610612757,POR,F,23,59,45,0.429,49,141,0.348,0.368,-0.021
2022-23,1629634,Brandon Clarke,1610612763,MEM,F,26,56,52,0.311,55,141,0.39,0.356,0.035
2022-23,1629026,Kenrich Williams,1610612760,OKC,G-F,28,53,47,0.342,53,140,0.379,0.363,0.016
2022-23,1630550,JT Thor,1610612766,CHA,F,20,65,56,0.311,46,139,0.331,0.359,-0.028
2022-23,1629134,Kendrick Nunn,1610612764,WAS,G,27,63,51,0.362,61,139,0.439,0.366,0.073
2022-23,203114,Khris Middleton,1610612749,MIL,F,31,33,33,0.431,50,134,0.373,0.357,0.016
2022-23,203488,Mike Muscala,1610612738,BOS,F-C,31,63,54,0.276,44,133,0.331,0.353,-0.022
2022-23,203496,Robert Covington,1610612746,LAC,F,32,47,42,0.37,39,132,0.295,0.356,-0.061
2022-23,1628977,Hamidou Diallo,1610612765,DET,G,24,56,50,0.363,45,132,0.341,0.358,-0.017
2022-23,1629117,Wenyen Gabriel,1610612747,LAL,F,26,66,47,0.238,41,132,0.311,0.351,-0.041
2022-23,1630227,Daishen Nix,1610612745,HOU,G,21,55,48,0.402,53,132,0.402,0.363,0.038
2022-23,1629308,Juan Toscano-Anderson,1610612762,UTA,F,30,48,43,0.402,42,130,0.323,0.358,-0.035
2022-23,1629111,Jock Landale,1610612756,PHX,C,27,68,48,0.235,46,129,0.357,0.348,0.009
2022-23,1627884,Derrick Jones Jr.,1610612741,CHI,F,26,61,46,0.364,34,129,0.264,0.357,-0.094
2022-23,1629726,Garrison Mathews,1610612737,ATL,G,26,52,43,0.483,38,128,0.297,0.368,-0.071
2022-23,1628988,Aaron Holiday,1610612737,ATL,G,26,60,50,0.381,49,127,0.386,0.356,0.03
2022-23,1628436,Luke Kornet,1610612738,BOS,C-F,27,65,52,0.241,46,127,0.362,0.344,0.018
2022-23,1629647,Darius Bazley,1610612756,PHX,F,23,42,38,0.354,47,127,0.37,0.357,0.013
2022-23,1631109,Mark Williams,1610612766,CHA,C,21,42,38,0.256,41,126,0.325,0.352,-0.026
2022-23,204060,Joe Ingles,1610612749,MIL,F-G,35,46,40,0.41,51,125,0.408,0.358,0.05
2022-23,203500,Steven Adams,1610612763,MEM,C,29,42,37,0.21,43,125,0.344,0.35,-0.006
2022-23,1629052,Oshae Brissett,1610612754,IND,F-G,25,64,56,0.343,45,124,0.363,0.358,0.005
2022-23,1629056,Terence Davis,1610612758,SAC,G,26,60,49,0.36,52,124,0.419,0.369,0.05
2022-23,1629660,Ty Jerome,1610612744,GSW,G-F,25,43,38,0.37,51,122,0.418,0.353,0.065
2022-23,1630256,Jae'Sean Tate,1610612745,HOU,F,27,31,31,0.469,42,122,0.344,0.363,-0.019
2022-23,1629013,Landry Shamet,1610612756,PHX,G,26,39,37,0.395,43,121,0.355,0.367,-0.011
2022-23,1627732,Ben Simmons,1610612751,BKN,G-F,26,42,39,0.275,39,121,0.322,0.356,-0.033
2022-23,1630528,Josh Christopher,1610612745,HOU,G,21,58,51,0.407,45,120,0.375,0.366,0.009
2022-23,203083,Andre Drummond,1610612741,CHI,C,29,67,51,0.264,41,119,0.345,0.362,-0.018
2022-23,1627863,Danuel House Jr.,1610612755,PHI,F-G,30,51,44,0.4,43,118,0.364,0.356,0.009
2022-23,200752,Rudy Gay,1610612762,UTA,F-G,36,56,49,0.367,40,117,0.342,0.359,-0.017
2022-23,1628418,Thomas Bryant,1610612743,DEN,C-F,25,58,48,0.192,40,117,0.342,0.356,-0.014
2022-23,1629002,Chimezie Metu,1610612758,SAC,F-C,26,62,50,0.297,46,116,0.397,0.352,0.044
2022-23,1630560,Cam Thomas,1610612751,BKN,G,21,53,46,0.321,42,115,0.365,0.36,0.005
2022-23,201588,George Hill,1610612754,IND,G,37,46,42,0.361,36,115,0.313,0.356,-0.043
2022-23,1630526,Jeremiah Robinson-Earl,1610612760,OKC,F,22,42,36,0.277,51,114,0.447,0.353,0.094
2022-23,1626166,Cameron Payne,1610612756,PHX,G,28,47,41,0.39,34,112,0.304,0.35,-0.047
2022-23,1629669,Jaylen Nowell,1610612750,MIN,G,23,65,54,0.287,42,112,0.375,0.37,0.005
2022-23,203210,JaMychal Green,1610612744,GSW,F-C,33,57,47,0.333,53,111,0.477,0.355,0.122
2022-23,1628969,Mikal Bridges,1610612751,BKN,G-F,26,26,25,0.288,39,110,0.355,0.353,0.002
2022-23,1630170,Devin Vassell,1610612759,SAS,G-F,22,38,35,0.302,44,110,0.4,0.366,0.034
2022-23,1630702,Jaden Hardy,1610612742,DAL,G,20,45,39,0.423,33,110,0.3,0.364,-0.064
2022-23,1628427,Vlatko Cancar,1610612743,DEN,F,26,51,41,0.364,34,110,0.309,0.359,-0.05
2022-23,1630533,Ziaire Williams,1610612763,MEM,F,21,35,33,0.402,42,109,0.385,0.361,0.024
2022-23,1629638,Nickeil Alexander-Walker,1610612750,MIN,G,24,54,43,0.287,40,109,0.367,0.366,0.001
2022-23,203085,Austin Rivers,1610612750,MIN,G,30,48,43,0.324,43,109,0.394,0.359,0.035
2022-23,1629641,Romeo Langford,1610612759,SAS,G-F,23,41,36,0.393,42,108,0.389,0.359,0.03
2022-23,1631119,Jaylin Williams,1610612760,OKC,F,21,49,40,0.223,43,108,0.398,0.359,0.039
2022-23,1630177,Theo Maledon,1610612766,CHA,G,22,44,38,0.32,43,107,0.402,0.358,0.044
2022-23,1630541,Moses Moody,1610612744,GSW,G,21,60,47,0.339,34,106,0.321,0.357,-0.036
2022-23,1630322,Lindy Waters III,1610612760,OKC,F,25,40,32,0.445,34,105,0.324,0.358,-0.035
2022-23,1627739,Kris Dunn,1610612762,UTA,G,29,22,22,0.451,36,105,0.343,0.366,-0.023
2022-23,201152,Thaddeus Young,1610612761,TOR,F,35,53,41,0.303,46,105,0.438,0.354,0.084
2022-23,1629637,Jaxson Hayes,1610612740,NOP,C-F,23,42,40,0.417,31,105,0.295,0.357,-0.062
2022-23,1630164,James Wiseman,1610612765,DET,C,22,44,36,0.236,38,104,0.365,0.356,0.01
2022-23,1630194,Paul Reed,1610612755,PHI,F,24,63,45,0.243,41,103,0.398,0.354,0.044
2022-23,203115,Will Barton,1610612761,TOR,G,32,53,46,0.353,39,103,0.379,0.363,0.015
2022-23,1630264,Anthony Gill,1610612764,WAS,F,30,48,41,0.389,38,102,0.373,0.369,0.004
2022-23,201933,Blake Griffin,1610612738,BOS,F,34,40,35,0.323,36,102,0.353,0.348,0.004
2022-23,1631216,Caleb Houstan,1610612753,ORL,G,20,48,43,0.384,38,101,0.376,0.36,0.016
2022-23,1630192,Zeke Nnaji,1610612743,DEN,F-C,22,50,38,0.309,34,101,0.337,0.344,-0.008
2022-23,1626149,Montrezl Harrell,1610612755,PHI,F-C,29,54,47,0.278,35,101,0.347,0.347,-0.001
2022-23,1630201,Malachi Flynn,1610612761,TOR,G,25,48,35,0.398,32,101,0.317,0.361,-0.044
2022-23,1630688,Ish Wainright,1610612756,PHX,F,28,54,41,0.4,30,100,0.3,0.354,-0.054
2022-23,202083,Wesley Matthews,1610612749,MIL,G,36,50,40,0.341,37,100,0.37,0.366,0.004
2022-23,1630699,MarJon Beauchamp,1610612749,MIL,F,22,48,40,0.372,31,99,0.313,0.349,-0.036
2022-23,203200,Justin Holiday,1610612742,DAL,F-G,34,44,40,0.355,29,98,0.296,0.361,-0.065
2022-23,1631132,Christian Koloko,1610612761,TOR,C,23,55,42,0.251,39,97,0.402,0.357,0.045
2022-23,1631323,Simone Fontecchio,1610612762,UTA,F,27,45,36,0.429,34,96,0.354,0.366,-0.012
2022-23,1631108,Max Christie,1610612747,LAL,G,20,34,31,0.393,34,94,0.362,0.366,-0.005
2022-23,1626159,Justise Winslow,1610612757,POR,F-G,27,29,26,0.373,35,94,0.372,0.361,0.011
2022-23,1630647,Eugene Omoruyi,1610612765,DET,F,26,39,33,0.403,34,94,0.362,0.341,0.02
2022-23,203967,Dario Saric,1610612760,OKC,F-C,29,56,48,0.27,33,93,0.355,0.35,0.005
2022-23,1629130,Duncan Robinson,1610612748,MIA,F,29,41,32,0.425,40,93,0.43,0.352,0.078
2022-23,1631104,Blake Wesley,1610612759,SAS,G,20,37,32,0.4,35,92,0.38,0.368,0.012
2022-23,202322,John Wall,1610612746,LAC,G,32,34,33,0.338,29,90,0.322,0.358,-0.035
2022-23,201609,Goran Dragic,1610612749,MIL,G,37,58,49,0.345,28,90,0.311,0.355,-0.043
2022-23,1630572,Sandro Mamukelashvili,1610612759,SAS,F-C,24,38,31,0.292,28,90,0.311,0.355,-0.043
2022-23,1627823,Juancho Hernangomez,1610612761,TOR,F,27,40,33,0.341,33,89,0.371,0.363,0.008
2022-23,202687,Bismack Biyombo,1610612756,PHX,C,30,60,39,0.183,39,89,0.438,0.359,0.079
2022-23,203933,T.J. Warren,1610612756,PHX,F,29,40,37,0.368,31,88,0.352,0.356,-0.004
2022-23,1631121,Bryce McGowens,1610612766,CHA,G,20,41,34,0.359,37,88,0.42,0.366,0.054
2022-23,1630549,Day'Ron Sharpe,1610612751,BKN,C,21,46,34,0.279,29,88,0.33,0.356,-0.026
2022-23,1630579,Jericho Sims,1610612752,NYK,C,24,50,40,0.23,28,84,0.333,0.36,-0.026
2022-23,1631222,Jake LaRavia,1610612763,MEM,F,21,33,24,0.431,31,84,0.369,0.344,0.025
2022-23,1630181,R.J. Hampton,1610612765,DET,G,22,43,36,0.303,25,83,0.301,0.364,-0.063
2022-23,1630197,Aleksej Pokusevski,1610612760,OKC,F,21,34,29,0.211,25,83,0.301,0.355,-0.054
2022-23,1629643,Chuma Okeke,1610612753,ORL,F,24,25,24,0.392,26,82,0.317,0.35,-0.033
2022-23,1629731,Dean Wade,1610612739,CLE,F-C,26,42,34,0.251,30,81,0.37,0.356,0.015
2022-23,1631133,Jabari Walker,1610612757,POR,F,20,51,36,0.301,27,80,0.338,0.359,-0.021
2022-23,1630547,James Bouknight,1610612766,CHA,G,22,31,28,0.388,23,80,0.288,0.354,-0.066
2022-23,1629750,Javonte Green,1610612741,CHI,G,29,32,27,0.362,25,79,0.316,0.357,-0.04
2022-23,1628410,Edmond Sumner,1610612751,BKN,G,27,50,35,0.359,33,79,0.418,0.367,0.051
2022-23,1628373,Frank Ntilikina,1610612742,DAL,G,24,41,30,0.322,20,79,0.253,0.365,-0.112
2022-23,1631172,Ousmane Dieng,1610612760,OKC,F,20,38,32,0.348,26,78,0.333,0.34,-0.006
2022-23,203526,Raul Neto,1610612739,CLE,G,31,43,37,0.382,29,78,0.372,0.347,0.025
2022-23,1629678,Admiral Schofield,1610612753,ORL,F,26,35,29,0.451,27,78,0.346,0.364,-0.017
2022-23,202722,Davis Bertans,1610612742,DAL,F,30,45,28,0.342,26,75,0.347,0.338,0.008
2022-23,1629646,Charles Bassey,1610612759,SAS,C-F,22,33,24,0.276,23,71,0.324,0.35,-0.026
2022-23,1630556,Kessler Edwards,1610612758,SAC,F,22,32,26,0.374,23,71,0.324,0.366,-0.042
2022-23,1629162,Jordan McLaughlin,1610612750,MIN,G,27,43,36,0.307,27,71,0.38,0.357,0.024
2022-23,1631102,TyTy Washington Jr.,1610612745,HOU,G,21,30,25,0.449,22,71,0.31,0.354,-0.045
2022-23,1630595,Cade Cunningham,1610612765,DET,G,21,12,12,0.376,18,70,0.257,0.36,-0.103
2022-23,1629676,Isaiah Roby,1610612752,NYK,F,25,41,30,0.324,26,69,0.377,0.363,0.014
2022-23,201988,Patty Mills,1610612751,BKN,G,34,39,29,0.411,31,69,0.449,0.368,0.081
2022-23,1630539,Kai Jones,1610612766,CHA,C-F,22,41,30,0.319,27,69,0.391,0.355,0.036
2022-23,1629599,Amir Coffey,1610612746,LAC,G-F,26,39,27,0.352,27,68,0.397,0.376,0.021
2022-23,201937,Ricky Rubio,1610612739,CLE,G,32,33,31,0.342,18,66,0.273,0.355,-0.082
2022-23,1626195,Willy Hernangomez,1610612740,NOP,C-F,29,35,27,0.266,21,66,0.318,0.357,-0.039
2022-23,1627745,Damian Jones,1610612762,UTA,C,28,34,30,0.279,25,64,0.391,0.355,0.036
2022-23,1631230,Dominick Barlow,1610612759,SAS,F,20,28,25,0.295,23,64,0.359,0.355,0.004
2022-23,1630346,Matt Ryan,1610612750,MIN,F,26,29,25,0.447,25,63,0.397,0.365,0.032
2022-23,203476,Gorgui Dieng,1610612759,SAS,C,33,29,25,0.283,26,63,0.413,0.365,0.048
2022-23,1626169,Stanley Johnson,1610612762,UTA,F-G,27,29,23,0.353,20,61,0.328,0.348,-0.02
2022-23,1630284,Kevon Harris,1610612753,ORL,G,26,32,27,0.359,20,60,0.333,0.366,-0.033
2022-23,1628432,Davon Reed,1610612743,DEN,G,28,35,28,0.472,25,60,0.417,0.336,0.081
2022-23,1629004,Svi Mykhailiuk,1610612766,CHA,G-F,26,25,17,0.351,23,59,0.39,0.368,0.022
2022-23,203585,Rodney McGruder,1610612765,DET,G,31,30,22,0.328,19,59,0.322,0.361,-0.039
2022-23,1630202,Payton Pritchard,1610612738,BOS,G,25,42,30,0.25,18,58,0.31,0.35,-0.04
2022-23,203095,Evan Fournier,1610612752,NYK,G-F,30,24,20,0.367,20,55,0.364,0.359,0.004
2022-23,1630613,Duane Washington Jr.,1610612752,NYK,G,23,28,24,0.35,20,55,0.364,0.36,0.003
2022-23,201959,Taj Gibson,1610612764,WAS,F,38,45,27,0.266,17,54,0.315,0.347,-0.032
2022-23,1629048,Goga Bitadze,1610612753,ORL,C-F,23,36,27,0.261,19,53,0.358,0.363,-0.004
2022-23,1631260,AJ Green,1610612749,MIL,G,23,27,23,0.376,16,53,0.302,0.345,-0.043
2022-23,1631098,Johnny Davis,1610612764,WAS,G,21,24,21,0.393,13,53,0.245,0.352,-0.107
2022-23,1630240,Saben Lee,1610612756,PHX,G,24,22,20,0.351,19,52,0.365,0.358,0.007
2022-23,202397,Ish Smith,1610612743,DEN,G,34,33,24,0.359,17,52,0.327,0.322,0.005
2022-23,203473,Dewayne Dedmon,1610612755,PHI,C,33,38,28,0.244,19,52,0.365,0.344,0.021
2022-23,203109,Jae Crowder,1610612749,MIL,F,32,18,18,0.345,24,51,0.471,0.36,0.111
2022-23,1631288,Jamal Cain,1610612748,MIA,F,24,17,14,0.495,19,50,0.38,0.349,0.031
2022-23,1627780,Gary Payton II,1610612744,GSW,G,30,22,17,0.363,23,49,0.469,0.363,0.107
2022-23,201565,Derrick Rose,1610612752,NYK,G,34,27,22,0.358,17,49,0.347,0.354,-0.008
2022-23,1628962,Udoka Azubuike,1610612762,UTA,C-F,23,34,22,0.242,18,48,0.375,0.348,0.027
2022-23,1630625,Dalano Banton,1610612761,TOR,F,23,28,23,0.414,12,48,0.25,0.353,-0.103
2022-23,1629650,Moses Brown,1610612746,LAC,C,23,35,19,0.242,12,46,0.261,0.332,-0.071
2022-23,1630233,Nathan Knight,1610612750,MIN,F-C,25,32,24,0.336,11,46,0.239,0.346,-0.107
2022-23,1630553,Keon Johnson,1610612757,POR,G,21,32,20,0.301,19,46,0.413,0.359,0.054
2022-23,201599,DeAndre Jordan,1610612743,DEN,C,34,39,22,0.186,12,46,0.261,0.351,-0.09
2022-23,1630235,Trent Forrest,1610612737,ATL,G,25,22,14,0.346,15,45,0.333,0.366,-0.033
2022-23,202693,Markieff Morris,1610612742,DAL,F,33,35,23,0.292,16,45,0.356,0.335,0.02
2022-23,1627854,Bryn Forbes,1610612750,MIN,G,29,24,17,0.494,18,43,0.419,0.365,0.054
2022-23,1630577,Julian Champagnie,1610612759,SAS,F,22,16,13,0.331,15,42,0.357,0.369,-0.012
2022-23,1630593,McKinley Wright IV,1610612742,DAL,G,24,23,18,0.283,12,41,0.293,0.359,-0.066
2022-23,1628981,Bruno Fernando,1610612737,ATL,F-C,24,37,26,0.204,21,41,0.512,0.346,0.166
2022-23,1631115,Orlando Robinson,1610612748,MIA,C,22,30,21,0.211,19,40,0.475,0.35,0.126
2022-23,1630548,Johnny Juzang,1610612762,UTA,G,22,18,15,0.47,20,39,0.513,0.365,0.148
2022-23,203521,Matthew Dellavedova,1610612758,SAC,G,32,22,17,0.47,16,39,0.41,0.339,0.071
2022-23,1631113,Kennedy Chandler,1610612763,MEM,G,20,26,19,0.419,15,39,0.385,0.356,0.029
2022-23,1629033,Theo Pinson,1610612742,DAL,G-F,27,28,18,0.287,14,37,0.378,0.346,0.033
2022-23,1626158,Richaun Holmes,1610612758,SAC,F,29,38,23,0.245,11,37,0.297,0.333,-0.036
2022-23,1627788,Furkan Korkmaz,1610612755,PHI,G-F,25,26,18,0.339,11,37,0.297,0.36,-0.063
2022-23,1631219,John Butler Jr.,1610612757,POR,F,20,18,12,0.343,12,36,0.333,0.342,-0.008
2022-23,1630184,Kira Lewis Jr.,1610612740,NOP,G,22,22,18,0.462,11,36,0.306,0.356,-0.051
2022-23,1630678,Terry Taylor,1610612741,CHI,F,23,21,17,0.404,10,36,0.278,0.345,-0.067
2022-23,1626163,Frank Kaminsky,1610612745,HOU,F-C,30,32,22,0.287,10,35,0.286,0.338,-0.052
2022-23,1631207,Dalen Terry,1610612741,CHI,F,20,26,18,0.418,14,33,0.424,0.35,0.075
2022-23,203648,Thanasis Antetokounmpo,1610612749,MIL,F,30,22,15,0.348,16,32,0.5,0.34,0.16
2022-23,1630527,Brandon Boston,1610612746,LAC,G,21,19,14,0.348,10,32,0.313,0.36,-0.047
2022-23,1629644,KZ Okpala,1610612758,SAC,F-G,24,30,19,0.254,10,32,0.313,0.363,-0.05
2022-23,1630288,Jeff Dowtin Jr.,1610612761,TOR,G,26,21,14,0.369,9,31,0.29,0.362,-0.072
2022-23,201949,James Johnson,1610612754,IND,F,36,16,13,0.517,15,30,0.5,0.366,0.134
2022-23,1629603,Mamadi Diakite,1610612739,CLE,F,26,19,11,0.316,13,30,0.433,0.343,0.09
2022-23,203458,Alex Len,1610612758,SAC,C,30,21,13,0.296,9,29,0.31,0.356,-0.046
2022-23,201580,JaVale McGee,1610612742,DAL,C-F,35,41,20,0.135,11,29,0.379,0.346,0.033
2022-23,1629677,Luka Samanic,1610612762,UTA,F,23,7,7,0.431,12,28,0.429,0.37,0.059
2022-23,1630561,David Duke Jr.,1610612751,BKN,G,23,17,14,0.322,8,28,0.286,0.348,-0.062
2022-23,1627853,Ryan Arcidiacono,1610612752,NYK,G,29,14,10,0.443,10,27,0.37,0.361,0.009
2022-23,1631217,Moussa Diabaté,1610612746,LAC,F,21,21,11,0.276,10,27,0.37,0.352,0.019
2022-23,203943,Noah Vonleh,1610612738,BOS,F,27,19,14,0.314,10,27,0.37,0.321,0.049
2022-23,1630568,Luka Garza,1610612750,MIN,C,24,24,16,0.201,16,27,0.593,0.345,0.247
2022-23,203457,Nerlens Noel,1610612751,BKN,C-F,29,14,8,0.245,9,26,0.346,0.352,-0.005
2022-23,1630219,Skylar Mays,1610612757,POR,G,25,6,6,0.377,12,26,0.462,0.388,0.074
2022-23,203920,Khem Birch,1610612759,SAS,C,30,19,16,0.299,9,26,0.346,0.352,-0.006
2022-23,1631107,Nikola Jović,1610612748,MIA,F,20,12,10,0.274,13,26,0.5,0.365,0.135
2022-23,1630249,Vít Krejčí,1610612737,ATL,G,23,20,13,0.417,9,25,0.36,0.344,0.016
2022-23,201577,Robin Lopez,1610612739,CLE,C,35,34,17,0.137,10,25,0.4,0.324,0.076
2022-23,1628998,Cody Martin,1610612766,CHA,F,27,6,6,0.471,10,24,0.417,0.363,0.054
2022-23,1630696,Dru Smith,1610612751,BKN,G,25,13,9,0.315,8,23,0.348,0.392,-0.045
2022-23,1631212,Peyton Watson,1610612743,DEN,G,20,13,10,0.303,5,23,0.217,0.369,-0.151
2022-23,203086,Meyers Leonard,1610612749,MIL,F-C,31,8,6,0.261,10,23,0.435,0.326,0.109
2022-23,203469,Cody Zeller,1610612748,MIA,F-C,30,15,9,0.204,8,23,0.348,0.357,-0.009
2022-23,1631116,Patrick Baldwin Jr.,1610612744,GSW,F,20,25,14,0.262,7,22,0.318,0.336,-0.018
2022-23,1631197,Jared Rhoden,1610612765,DET,G,23,11,9,0.393,7,22,0.318,0.347,-0.028
2022-23,1629633,Jarrett Culver,1610612737,ATL,G-F,24,8,6,0.338,11,22,0.5,0.358,0.142
2022-23,201980,Danny Green,1610612739,CLE,G,36,10,10,0.423,5,22,0.227,0.339,-0.111
2022-23,1626246,Boban Marjanovic,1610612745,HOU,C,34,27,18,0.259,8,21,0.381,0.342,0.039
2022-23,203490,Otto Porter Jr.,1610612761,TOR,F,30,8,8,0.362,5,21,0.238,0.335,-0.097
2022-23,1631205,Buddy Boeheim,1610612765,DET,F,23,9,8,0.5,4,20,0.2,0.368,-0.168
2022-23,1641645,Xavier Cooks,1610612764,WAS,F,27,9,7,0.323,8,20,0.4,0.333,0.067
2022-23,1631466,Nate Williams,1610612757,POR,G,24,5,5,0.444,10,20,0.5,0.388,0.112
2022-23,201586,Serge Ibaka,1610612749,MIL,F,33,16,9,0.183,11,20,0.55,0.364,0.186
2022-23,1631245,Quenton Jackson,1610612764,WAS,G,24,8,7,0.345,6,20,0.3,0.34,-0.04
2022-23,202066,Garrett Temple,1610612740,NOP,G-F,37,21,12,0.333,10,20,0.5,0.348,0.152
2022-23,1631254,Kenneth Lofton Jr.,1610612763,MEM,F,20,18,11,0.306,7,19,0.368,0.329,0.04
2022-23,1631111,Wendell Moore Jr.,1610612750,MIN,G,21,22,10,0.298,8,17,0.471,0.392,0.078
2022-23,202689,Kemba Walker,1610612742,DAL,G,33,9,9,0.321,6,17,0.353,0.36,-0.007
2022-23,1628382,Justin Jackson,1610612738,BOS,F,28,13,8,0.425,6,17,0.353,0.338,0.015
2022-23,1631246,Vince Williams Jr.,1610612763,MEM,G,22,11,5,0.432,4,16,0.25,0.368,-0.118
2022-23,1631169,Josh Minott,1610612750,MIN,F,20,12,8,0.341,5,15,0.333,0.348,-0.015
2022-23,1628464,Daniel Theis,1610612754,IND,F-C,31,7,6,0.3,6,15,0.4,0.371,0.029
2022-23,2738,Andre Iguodala,1610612744,GSW,G-F,39,8,8,0.294,5,15,0.333,0.351,-0.018
2022-23,1631303,Justin Minaya,1610612757,POR,F,24,4,4,0.341,7,15,0.467,0.356,0.11
2022-23,1630554,Jason Preston,1610612746,LAC,G,23,11,7,0.424,7,14,0.5,0.37,0.13
2022-23,1630600,Isaiah Mobley,1610612739,CLE,F,23,9,7,0.4,4,14,0.286,0.387,-0.101
2022-23,1628371,Jonathan Isaac,1610612753,ORL,F,25,11,8,0.378,7,14,0.5,0.376,0.124
2022-23,1631306,Cole Swider,1610612747,LAL,F,24,5,4,0.619,5,13,0.385,0.376,0.009
2022-23,1630695,Micah Potter,1610612762,UTA,C,25,6,6,0.406,2,13,0.154,0.331,-0.177
2022-23,1630531,Jaden Springer,1610612755,PHI,G,20,11,7,0.433,7,13,0.538,0.384,0.155
2022-23,1631160,Jordan Hall,1610612759,SAS,G,21,8,7,0.433,5,13,0.385,0.354,0.031
2022-23,1631120,JD Davison,1610612738,BOS,G,20,7,7,0.522,4,12,0.333,0.345,-0.012
2022-23,1630643,Jay Huff,1610612764,WAS,C,25,6,5,0.25,5,12,0.417,0.32,0.097
2022-23,1630580,Joe Wieskamp,1610612761,TOR,G-F,23,8,6,0.632,5,12,0.417,0.331,0.086
2022-23,1627885,Shaquille Harrison,1610612747,LAL,G,29,5,5,0.316,4,12,0.333,0.356,-0.023
2022-23,1631298,Jack White,1610612743,DEN,F,25,11,6,0.458,4,11,0.364,0.37,-0.006
2022-23,1630639,A.J. Lawson,1610612742,DAL,G,22,8,5,0.282,4,11,0.364,0.356,0.007
2022-23,1630195,Leandro Bolmaro,1610612762,UTA,F,22,10,5,0.407,6,11,0.545,0.368,0.178
2022-23,1630535,Greg Brown III,1610612757,POR,F,21,10,8,0.455,3,10,0.3,0.323,-0.023
2022-23,1631112,Kendall Brown,1610612754,IND,G,20,4,3,0.5,4,10,0.4,0.354,0.046
2022-23,1630846,Olivier Sarr,1610612760,OKC,C,24,6,3,0.244,1,10,0.1,0.293,-0.193
2022-23,1630563,Joshua Primo,1610612759,SAS,G,20,4,4,0.22,2,9,0.222,0.355,-0.133
2022-23,1631213,Tyrese Martin,1610612737,ATL,G,24,10,5,0.45,3,9,0.333,0.328,0.006
2022-23,1630209,Omer Yurtseven,1610612748,MIA,C,25,7,5,0.25,5,9,0.556,0.361,0.195
2022-23,1630215,Jared Butler,1610612760,OKC,G,22,3,3,0.45,3,9,0.333,0.331,0.002
2022-23,1629623,Lindell Wigginton,1610612749,MIL,G,25,4,2,0.321,3,9,0.333,0.36,-0.027
2022-23,2617,Udonis Haslem,1610612748,MIA,F,43,7,4,0.273,5,9,0.556,0.354,0.201
2022-23,1630243,Trevelin Queen,1610612755,PHI,G,26,6,4,0.444,1,8,0.125,0.362,-0.237
2022-23,1631157,Ryan Rollins,1610612744,GSW,G,20,7,3,0.381,1,8,0.125,0.345,-0.22
2022-23,1628408,PJ Dozier,1610612758,SAC,G-F,26,9,4,0.286,3,8,0.375,0.338,0.037
2022-23,1629714,Jarrell Brantley,1610612762,UTA,F,27,4,4,0.438,1,7,0.143,0.367,-0.225
2022-23,1630241,Sam Merrill,1610612739,CLE,G,27,4,2,0.462,1,6,0.167,0.331,-0.164
2022-23,1630564,RaiQuan Gray,1610612751,BKN,F,23,1,1,0.353,4,6,0.667,0.333,0.334
2022-23,1630225,Isaiah Todd,1610612764,WAS,F,21,3,3,0.333,1,6,0.167,0.298,-0.131
2022-23,1631165,Keon Ellis,1610612758,SAC,G,23,8,4,0.316,3,6,0.5,0.376,0.124
2022-23,1630267,Facundo Campazzo,1610612742,DAL,G,32,5,4,0.429,1,6,0.167,0.343,-0.177
2022-23,1631123,Jamaree Bouyea,1610612748,MIA,G,24,5,3,0.217,1,5,0.2,0.364,-0.164
2022-23,1628396,Tony Bradley,1610612741,CHI,C-F,25,11,5,0.25,2,5,0.4,0.335,0.065
2022-23,203487,Michael Carter-Williams,1610612753,ORL,G,31,3,2,0.455,4,5,0.8,0.392,0.408
2022-23,1629674,Neemias Queta,1610612758,SAC,C,23,5,4,0.263,2,5,0.4,0.339,0.061
2022-23,1630637,Carlik Jones,1610612741,CHI,G,25,3,3,0.313,1,5,0.2,0.314,-0.114
2022-23,1630270,Xavier Sneed,1610612766,CHA,F,25,4,3,0.25,0,5,0,0.351,-0.351
2022-23,1631311,Lester Quinones,1610612744,GSW,G,22,3,3,0.714,1,5,0.2,0.323,-0.123
2022-23,1628424,Kobi Simmons,1610612766,CHA,G,25,5,3,0.417,2,5,0.4,0.305,0.095
2022-23,1628425,Sterling Brown,1610612747,LAL,G-F,28,4,2,0.5,2,4,0.5,0.385,0.116
2022-23,1630551,Justin Champagnie,1610612738,BOS,G-F,22,3,2,0.571,2,4,0.5,0.361,0.139
2022-23,1630206,Jay Scrubb,1610612753,ORL,G,22,1,1,0.571,2,4,0.5,0.371,0.129
2022-23,1630176,Vernon Carey Jr.,1610612762,UTA,C,22,6,4,0.5,1,4,0.25,0.336,-0.086
2022-23,1629662,Mfiondu Kabengele,1610612738,BOS,C,25,4,2,0.364,2,4,0.5,0.274,0.226
2022-23,1630644,Mac McClung,1610612755,PHI,G,24,2,1,0.444,1,4,0.25,0.294,-0.044
2022-23,1629653,Devon Dotson,1610612764,WAS,G,23,4,2,0.267,1,4,0.25,0.356,-0.106
2022-23,1629663,Louis King,1610612755,PHI,F,24,1,1,0.308,0,4,0,0.342,-0.342
2022-23,1629685,Dylan Windler,1610612739,CLE,G-F,26,2,2,0.6,2,3,0.667,0.365,0.302
2022-23,1630620,Darius Days,1610612745,HOU,F,23,3,3,0.5,1,3,0.333,0.362,-0.029
2022-23,1630792,Malcolm Hill,1610612741,CHI,F,27,2,2,1,1,3,0.333,0.393,-0.059
2022-23,1631199,Ron Harper Jr.,1610612761,TOR,F,23,6,3,0.273,2,3,0.667,0.356,0.31
2022-23,1631309,Trevor Hudgins,1610612745,HOU,G,24,3,2,0.429,2,3,0.667,0.372,0.295
2022-23,1628435,Chance Comanche,1610612757,POR,C,27,1,1,0.6,1,3,0.333,0.377,-0.044
2022-23,1630590,Scotty Pippen Jr.,1610612747,LAL,G,22,5,2,0.25,1,3,0.333,0.378,-0.045
2022-23,1629735,Chris Silva,1610612737,ATL,F,26,1,1,0.75,0,3,0,0.361,-0.361
2022-23,1631320,Chima Moneke,1610612758,SAC,F,27,1,1,0.75,1,3,0.333,0.344,-0.011
2022-23,1631367,Jacob Gilyard,1610612763,MEM,G,24,1,1,0.182,2,2,1,0.5,0.5
2022-23,1628993,Alize Johnson,1610612759,SAS,F,27,4,2,0.182,0,2,0,0.322,-0.322
2022-23,1631220,Dereon Seabron,1610612740,NOP,G,23,5,2,0.286,0,2,0,0.413,-0.413
2022-23,1630649,Stanley Umude,1610612765,DET,G,24,1,1,1,0,1,0,0.286,-0.286
2022-23,1629875,Xavier Moon,1610612746,LAC,G,28,4,1,0.1,0,1,0,0.25,-0.25
2022-23,1628221,Gabe York,1610612754,IND,G,29,3,1,0.05,0,1,0,0.307,-0.307
2023-24,1629632,Coby White,1610612741,CHI,G,24,78,78,0.431,195,515,0.379,0.37,0.009
2023-24,203992,Bogdan Bogdanović,1610612737,ATL,G,31,79,78,0.441,196,477,0.411,0.367,0.043
2023-24,1628368,De'Aaron Fox,1610612758,SAC,G,26,74,74,0.457,178,448,0.397,0.37,0.027
2023-24,1630559,Austin Reaves,1610612747,LAL,G,26,82,82,0.367,162,437,0.371,0.373,-0.003
2023-24,1628404,Josh Hart,1610612752,NYK,G,29,81,80,0.394,150,430,0.349,0.36,-0.012
2023-24,1628983,Shai Gilgeous-Alexander,1610612760,OKC,G,25,75,74,0.411,148,429,0.345,0.367,-0.022
2023-24,1629029,Luka Dončić,1610612742,DAL,F-G,25,70,70,0.39,161,424,0.38,0.366,0.013
2023-24,1628415,Dillon Brooks,1610612745,HOU,G-F,28,72,72,0.414,158,419,0.377,0.366,0.011
2023-24,1628960,Grayson Allen,1610612756,PHX,G,28,75,74,0.363,139,418,0.333,0.368,-0.036
2023-24,1631095,Jabari Smith Jr.,1610612745,HOU,F,21,76,76,0.386,140,416,0.337,0.364,-0.028
2023-24,203076,Anthony Davis,1610612747,LAL,F-C,31,76,76,0.285,168,410,0.41,0.362,0.047
2023-24,202331,Paul George,1610612746,LAC,F,34,74,73,0.388,143,407,0.351,0.366,-0.015
2023-24,1627936,Alex Caruso,1610612741,CHI,G,30,70,69,0.437,146,406,0.36,0.368,-0.008
2023-24,201950,Jrue Holiday,1610612738,BOS,G,34,69,69,0.402,148,404,0.366,0.37,-0.003
2023-24,1630529,Herbert Jones,1610612740,NOP,F,25,76,75,0.446,123,401,0.307,0.366,-0.06
2023-24,201942,DeMar DeRozan,1610612741,CHI,G-F,34,78,78,0.419,137,398,0.344,0.362,-0.018
2023-24,1631094,Paolo Banchero,1610612753,ORL,F,21,80,79,0.351,135,397,0.34,0.365,-0.025
2023-24,201572,Brook Lopez,1610612749,MIL,C,36,79,79,0.226,149,396,0.376,0.361,0.015
2023-24,1629652,Luguentz Dort,1610612760,OKC,G,25,79,78,0.435,144,395,0.365,0.378,-0.013
2023-24,1627783,Pascal Siakam,1610612754,IND,F,30,80,80,0.354,159,392,0.406,0.365,0.041
2023-24,1626156,D'Angelo Russell,1610612747,LAL,G,28,76,76,0.384,154,387,0.398,0.368,0.03
2023-24,1629622,Max Strus,1610612739,CLE,G-F,28,69,69,0.388,148,381,0.388,0.369,0.02
2023-24,1631170,Jaime Jaquez Jr.,1610612748,MIA,G,23,75,73,0.428,133,379,0.351,0.369,-0.018
2023-24,1628970,Miles Bridges,1610612766,CHA,F,26,69,69,0.39,138,378,0.365,0.367,-0.002
2023-24,1631110,Jeremy Sochan,1610612759,SAS,F,21,74,74,0.338,128,374,0.342,0.372,-0.03
2023-24,1630166,Deni Avdija,1610612764,WAS,F,23,75,73,0.295,123,370,0.332,0.37,-0.037
2023-24,1628973,Jalen Brunson,1610612752,NYK,G,27,77,75,0.414,150,368,0.408,0.371,0.036
2023-24,1641706,Brandon Miller,1610612766,CHA,F,21,74,72,0.341,138,367,0.376,0.368,0.008
2023-24,1627749,Dejounte Murray,1610612737,ATL,G,27,78,78,0.368,138,364,0.379,0.372,0.007
2023-24,201142,Kevin Durant,1610612756,PHX,F,35,75,75,0.386,134,364,0.368,0.365,0.003
2023-24,203468,CJ McCollum,1610612740,NOP,G,32,66,66,0.428,117,360,0.325,0.364,-0.039
2023-24,1628401,Derrick White,1610612738,BOS,G,29,73,71,0.353,120,357,0.336,0.368,-0.032
2023-24,203084,Harrison Barnes,1610612758,SAC,F,32,82,82,0.372,146,355,0.411,0.367,0.044
2023-24,201935,James Harden,1610612746,LAC,G,34,72,72,0.365,126,354,0.356,0.368,-0.012
2023-24,203081,Damian Lillard,1610612749,MIL,G,33,73,73,0.397,116,354,0.328,0.37,-0.043
2023-24,1626164,Devin Booker,1610612756,PHX,G,27,68,67,0.403,131,353,0.371,0.367,0.005
2023-24,1641718,Keyonte George,1610612762,UTA,G,20,75,74,0.451,144,351,0.41,0.373,0.037
2023-24,1630162,Anthony Edwards,1610612750,MIN,G,22,79,79,0.405,112,350,0.32,0.366,-0.046
2023-24,1629673,Jordan Poole,1610612764,WAS,G,25,78,77,0.416,126,348,0.362,0.365,-0.003
2023-24,203471,Dennis Schröder,1610612751,BKN,G,30,80,76,0.365,119,346,0.344,0.365,-0.021
2023-24,1628978,Donte DiVincenzo,1610612752,NYK,G,27,81,78,0.407,122,346,0.353,0.368,-0.015
2023-24,203507,Giannis Antetokounmpo,1610612749,MIL,F,29,73,73,0.38,123,346,0.355,0.364,-0.009
2023-24,201939,Stephen Curry,1610612744,GSW,G,36,74,73,0.421,128,346,0.37,0.365,0.004
2023-24,1631096,Chet Holmgren,1610612760,OKC,C-F,22,82,81,0.257,116,342,0.339,0.361,-0.022
2023-24,1627832,Fred VanVleet,1610612745,HOU,G,30,73,71,0.346,127,334,0.38,0.368,0.013
2023-24,1629684,Grant Williams,1610612766,CHA,F,25,76,73,0.368,107,332,0.322,0.36,-0.038
2023-24,1628969,Mikal Bridges,1610612751,BKN,G-F,27,81,79,0.357,133,332,0.401,0.367,0.033
2023-24,202696,Nikola Vučević,1610612741,CHI,C,33,75,73,0.27,116,331,0.35,0.363,-0.013
2023-24,202695,Kawhi Leonard,1610612746,LAC,F,33,68,65,0.4,129,331,0.39,0.365,0.025
2023-24,1628997,Caleb Martin,1610612748,MIA,F,28,64,63,0.409,106,328,0.323,0.369,-0.046
2023-24,1629627,Zion Williamson,1610612740,NOP,F,23,70,70,0.432,116,326,0.356,0.365,-0.009
2023-24,203999,Nikola Jokić,1610612743,DEN,C,29,78,73,0.209,117,326,0.359,0.352,0.007
2023-24,1630178,Tyrese Maxey,1610612755,PHI,G,23,70,69,0.404,116,325,0.357,0.368,-0.011
2023-24,204001,Kristaps Porziņģis,1610612738,BOS,F-C,28,57,56,0.301,116,325,0.357,0.357,0
2023-24,1627750,Jamal Murray,1610612743,DEN,G,27,58,58,0.391,97,322,0.301,0.371,-0.07
2023-24,1630567,Scottie Barnes,1610612761,TOR,F-G,22,60,59,0.316,122,320,0.381,0.364,0.017
2023-24,1629651,Nic Claxton,1610612751,BKN,C,25,70,69,0.268,121,320,0.378,0.361,0.017
2023-24,203501,Tim Hardaway Jr.,1610612742,DAL,G-F,32,79,78,0.408,119,319,0.373,0.361,0.012
2023-24,1629012,Collin Sexton,1610612762,UTA,G,25,78,74,0.453,130,318,0.409,0.371,0.038
2023-24,203078,Bradley Beal,1610612756,PHX,G,31,53,52,0.432,127,316,0.402,0.369,0.033
2023-24,1630532,Franz Wagner,1610612753,ORL,F,22,72,69,0.372,130,315,0.413,0.364,0.049
2023-24,1628389,Bam Adebayo,1610612748,MIA,C-F,26,71,70,0.318,104,315,0.33,0.356,-0.026
2023-24,202699,Tobias Harris,1610612755,PHI,F,31,70,69,0.36,103,314,0.328,0.366,-0.038
2023-24,1630595,Cade Cunningham,1610612765,DET,G,22,62,60,0.366,104,313,0.332,0.367,-0.035
2023-24,1626157,Karl-Anthony Towns,1610612750,MIN,C-F,28,62,61,0.372,120,312,0.385,0.364,0.02
2023-24,1630578,Alperen Sengun,1610612745,HOU,C,21,63,62,0.262,98,311,0.315,0.359,-0.044
2023-24,1627734,Domantas Sabonis,1610612758,SAC,F-C,28,82,78,0.221,121,311,0.389,0.361,0.028
2023-24,1629028,Deandre Ayton,1610612757,POR,C,25,55,55,0.305,102,311,0.328,0.359,-0.031
2023-24,1630703,Scoot Henderson,1610612757,POR,G,20,62,61,0.407,120,310,0.387,0.367,0.02
2023-24,203952,Andrew Wiggins,1610612744,GSW,F,29,71,69,0.397,109,310,0.352,0.365,-0.013
2023-24,1630560,Cam Thomas,1610612751,BKN,G,22,65,64,0.378,116,308,0.377,0.363,0.014
2023-24,200768,Kyle Lowry,1610612755,PHI,G,38,60,59,0.448,126,307,0.41,0.367,0.043
2023-24,1630557,Corey Kispert,1610612764,WAS,F,25,80,76,0.374,112,304,0.368,0.367,0.002
2023-24,1626179,Terry Rozier,1610612748,MIA,G,30,61,61,0.392,115,304,0.378,0.371,0.007
2023-24,1627759,Jaylen Brown,1610612738,BOS,G-F,27,70,70,0.403,105,304,0.345,0.37,-0.024
2023-24,2544,LeBron James,1610612747,LAL,F,39,70,70,0.427,106,303,0.35,0.367,-0.017
2023-24,1627736,Malik Beasley,1610612749,MIL,G,27,79,77,0.349,102,302,0.338,0.371,-0.033
2023-24,1628369,Jayson Tatum,1610612738,BOS,F-G,26,74,73,0.385,109,302,0.361,0.37,-0.009
2023-24,202710,Jimmy Butler III,1610612748,MIA,F,34,60,60,0.473,103,302,0.341,0.364,-0.023
2023-24,1626192,Pat Connaughton,1610612749,MIL,G,31,76,73,0.41,106,301,0.352,0.368,-0.016
2023-24,201143,Al Horford,1610612738,BOS,C-F,38,65,65,0.344,101,300,0.337,0.365,-0.028
2023-24,1630193,Immanuel Quickley,1610612761,TOR,G,25,68,67,0.384,105,298,0.352,0.372,-0.02
2023-24,1630224,Jalen Green,1610612745,HOU,G,22,82,79,0.356,114,295,0.386,0.375,0.011
2023-24,1630228,Jonathan Kuminga,1610612744,GSW,F,21,74,72,0.38,105,294,0.357,0.363,-0.006
2023-24,203482,Kelly Olynyk,1610612761,TOR,F-C,33,78,74,0.327,112,294,0.381,0.363,0.018
2023-24,1630245,Ayo Dosunmu,1610612741,CHI,G,24,75,73,0.376,114,294,0.388,0.368,0.019
2023-24,1630183,Jaden McDaniels,1610612750,MIN,F,23,72,70,0.333,105,293,0.358,0.372,-0.014
2023-24,202704,Reggie Jackson,1610612743,DEN,G,34,81,78,0.4,109,293,0.372,0.361,0.011
2023-24,1631093,Jaden Ivey,1610612765,DET,G,22,77,72,0.35,112,293,0.382,0.369,0.013
2023-24,1631099,Keegan Murray,1610612758,SAC,F,23,77,74,0.299,122,292,0.418,0.37,0.048
2023-24,1627742,Brandon Ingram,1610612740,NOP,F,26,64,64,0.422,110,291,0.378,0.373,0.005
2023-24,1627777,Georges Niang,1610612739,CLE,F,31,81,78,0.354,104,291,0.357,0.361,-0.004
2023-24,201144,Mike Conley,1610612750,MIN,G,36,76,75,0.386,93,290,0.321,0.371,-0.051
2023-24,1641705,Victor Wembanyama,1610612759,SAS,F-C,20,71,68,0.244,103,290,0.355,0.364,-0.009
2023-24,1630581,Josh Giddey,1610612760,OKC,G,21,80,78,0.351,98,288,0.34,0.369,-0.029
2023-24,1628991,Jaren Jackson Jr.,1610612763,MEM,F-C,24,66,64,0.315,101,287,0.352,0.363,-0.011
2023-24,203915,Spencer Dinwiddie,1610612747,LAL,G,31,75,71,0.377,99,287,0.345,0.366,-0.021
2023-24,203497,Rudy Gobert,1610612750,MIN,C,32,76,73,0.199,94,286,0.329,0.354,-0.025
2023-24,1628971,Bruce Brown,1610612761,TOR,G-F,27,67,66,0.346,106,286,0.371,0.366,0.004
2023-24,203932,Aaron Gordon,1610612743,DEN,F,28,72,70,0.329,96,285,0.337,0.373,-0.036
2023-24,1629628,RJ Barrett,1610612761,TOR,F-G,24,58,57,0.371,107,285,0.375,0.368,0.008
2023-24,1627741,Buddy Hield,1610612755,PHI,G,31,84,79,0.296,113,285,0.396,0.368,0.029
2023-24,1627752,Taurean Prince,1610612747,LAL,F,30,77,74,0.35,108,284,0.38,0.369,0.012
2023-24,203110,Draymond Green,1610612744,GSW,F,34,55,53,0.356,90,281,0.32,0.358,-0.038
2023-24,1627826,Ivica Zubac,1610612746,LAC,C,27,68,67,0.246,110,281,0.391,0.361,0.031
2023-24,1630174,Aaron Nesmith,1610612754,IND,G-F,24,72,70,0.311,89,281,0.317,0.368,-0.051
2023-24,1630552,Jalen Johnson,1610612737,ATL,F,22,56,56,0.324,90,279,0.323,0.364,-0.041
2023-24,1631105,Jalen Duren,1610612765,DET,C,20,61,60,0.307,107,278,0.385,0.362,0.022
2023-24,202691,Klay Thompson,1610612744,GSW,G,34,76,73,0.349,100,277,0.361,0.365,-0.004
2023-24,1626220,Royce O'Neale,1610612756,PHX,F,31,78,74,0.354,105,277,0.379,0.366,0.013
2023-24,1629027,Trae Young,1610612737,ATL,G,25,54,53,0.391,109,277,0.394,0.369,0.025
2023-24,1641717,Cason Wallace,1610612760,OKC,G,20,82,79,0.375,96,276,0.348,0.361,-0.013
2023-24,1629023,P.J. Washington,1610612742,DAL,F,25,72,70,0.289,112,275,0.407,0.37,0.038
2023-24,1630534,Ochai Agbaji,1610612761,TOR,G,24,78,73,0.379,96,275,0.349,0.369,-0.02
2023-24,1629636,Darius Garland,1610612739,CLE,G,24,57,56,0.455,115,275,0.418,0.37,0.048
2023-24,1628381,John Collins,1610612762,UTA,F-C,26,68,65,0.331,118,275,0.429,0.371,0.059
2023-24,1628386,Jarrett Allen,1610612739,CLE,C,26,76,70,0.214,90,273,0.33,0.355,-0.026
2023-24,1630591,Jalen Suggs,1610612753,ORL,G,23,75,74,0.354,98,270,0.363,0.372,-0.009
2023-24,1630200,Tre Jones,1610612759,SAS,G,24,77,71,0.346,89,269,0.331,0.368,-0.037
2023-24,1630530,Trey Murphy III,1610612740,NOP,F,24,57,56,0.455,85,269,0.316,0.368,-0.052
2023-24,1630175,Cole Anthony,1610612753,ORL,G,24,81,76,0.364,95,268,0.354,0.359,-0.005
2023-24,1626162,Kelly Oubre Jr.,1610612755,PHI,F-G,28,68,68,0.361,91,267,0.341,0.367,-0.026
2023-24,1641764,Brandin Podziemski,1610612744,GSW,G,21,72,68,0.34,100,267,0.375,0.365,0.009
2023-24,1628398,Kyle Kuzma,1610612764,WAS,F,28,70,69,0.308,92,266,0.346,0.361,-0.015
2023-24,203944,Julius Randle,1610612752,NYK,F-C,29,46,46,0.413,108,266,0.406,0.366,0.04
2023-24,203484,Kentavious Caldwell-Pope,1610612743,DEN,G,31,74,71,0.381,85,265,0.321,0.369,-0.048
2023-24,1627747,Caris LeVert,1610612739,CLE,G,29,68,65,0.372,101,264,0.383,0.37,0.012
2023-24,1629655,Daniel Gafford,1610612742,DAL,F-C,25,73,68,0.233,101,262,0.385,0.365,0.021
2023-24,1629675,Naz Reid,1610612750,MIN,C-F,24,81,78,0.332,92,261,0.352,0.363,-0.011
2023-24,1629631,De'Andre Hunter,1610612737,ATL,F-G,26,57,56,0.383,85,261,0.326,0.366,-0.04
2023-24,1626167,Myles Turner,1610612754,IND,C-F,28,77,72,0.225,80,260,0.308,0.364,-0.056
2023-24,1630700,Dyson Daniels,1610612740,NOP,G,21,61,59,0.378,97,258,0.376,0.363,0.013
2023-24,1630583,Santi Aldama,1610612763,MEM,F-C,23,61,59,0.342,103,257,0.401,0.366,0.035
2023-24,1627827,Dorian Finney-Smith,1610612751,BKN,F,31,67,66,0.319,90,257,0.35,0.363,-0.013
2023-24,203937,Kyle Anderson,1610612750,MIN,F-G,30,79,76,0.362,84,253,0.332,0.367,-0.035
2023-24,1629640,Keldon Johnson,1610612759,SAS,F-G,24,69,68,0.344,88,253,0.348,0.364,-0.016
2023-24,1628374,Lauri Markkanen,1610612762,UTA,F-C,27,55,55,0.303,99,253,0.391,0.37,0.021
2023-24,202685,Jonas Valanciunas,1610612740,NOP,C,32,82,76,0.256,91,249,0.365,0.355,0.011
2023-24,1626172,Kevon Looney,1610612744,GSW,F,28,74,65,0.327,85,247,0.344,0.353,-0.009
2023-24,1630173,Precious Achiuwa,1610612752,NYK,F,24,74,64,0.283,87,247,0.352,0.362,-0.009
2023-24,1626181,Norman Powell,1610612746,LAC,G,31,76,74,0.39,76,245,0.31,0.367,-0.057
2023-24,1641726,Dereck Lively II,1610612742,DAL,C,20,55,55,0.287,96,244,0.393,0.354,0.039
2023-24,1629060,Rui Hachimura,1610612747,LAL,F,26,68,66,0.345,90,244,0.369,0.37,-0.001
2023-24,1641739,Toumani Camara,1610612757,POR,F,24,70,67,0.349,88,244,0.361,0.372,-0.012
2023-24,1630596,Evan Mobley,1610612739,CLE,C,23,50,49,0.273,90,243,0.37,0.364,0.006
2023-24,1630169,Tyrese Haliburton,1610612754,IND,G,24,69,68,0.333,88,243,0.362,0.373,-0.011
2023-24,1631117,Walker Kessler,1610612762,UTA,C,22,64,60,0.27,91,242,0.376,0.359,0.017
2023-24,203994,Jusuf Nurkić,1610612756,PHX,C,29,76,68,0.202,88,241,0.365,0.364,0.001
2023-24,1628989,Kevin Huerter,1610612758,SAC,G-F,25,63,60,0.364,94,240,0.392,0.376,0.015
2023-24,1628380,Zach Collins,1610612759,SAS,F-C,26,69,64,0.246,92,238,0.387,0.363,0.024
2023-24,1629008,Michael Porter Jr.,1610612743,DEN,F,26,80,76,0.298,101,233,0.433,0.368,0.066
2023-24,1629638,Nickeil Alexander-Walker,1610612750,MIN,G,25,82,77,0.312,88,233,0.378,0.366,0.011
2023-24,1626171,Bobby Portis Jr.,1610612749,MIL,F,29,82,74,0.283,75,232,0.323,0.364,-0.041
2023-24,202681,Kyrie Irving,1610612742,DAL,G,32,58,58,0.359,86,232,0.371,0.361,0.01
2023-24,1629639,Tyler Herro,1610612748,MIA,G,24,42,42,0.386,76,231,0.329,0.365,-0.036
2023-24,1630577,Julian Champagnie,1610612759,SAS,F,23,74,70,0.36,86,230,0.374,0.37,0.004
2023-24,1628370,Malik Monk,1610612758,SAC,G,26,71,66,0.368,90,229,0.393,0.369,0.024
2023-24,1629130,Duncan Robinson,1610612748,MIA,F,30,68,64,0.397,77,228,0.338,0.363,-0.026
2023-24,1629312,Haywood Highsmith,1610612748,MIA,F,27,64,59,0.356,81,226,0.358,0.365,-0.007
2023-24,1641709,Ausar Thompson,1610612765,DET,G-F,21,63,58,0.338,90,225,0.4,0.366,0.034
2023-24,201976,Patrick Beverley,1610612749,MIL,G,35,72,63,0.382,79,224,0.353,0.371,-0.019
2023-24,1629611,Terance Mann,1610612746,LAC,G-F,27,75,68,0.354,87,224,0.388,0.371,0.018
2023-24,1630198,Isaiah Joe,1610612760,OKC,G,24,77,69,0.412,88,224,0.393,0.362,0.031
2023-24,1630168,Onyeka Okongwu,1610612737,ATL,F-C,23,55,54,0.315,95,224,0.424,0.363,0.061
2023-24,1631114,Jalen Williams,1610612760,OKC,G-F,23,71,66,0.315,76,223,0.341,0.367,-0.026
2023-24,1630180,Saddiq Bey,1610612737,ATL,G-F,25,63,62,0.355,88,223,0.395,0.364,0.031
2023-24,1629614,Andrew Nembhard,1610612754,IND,G-F,24,67,64,0.314,79,220,0.359,0.376,-0.016
2023-24,1630171,Isaac Okoro,1610612739,CLE,F-G,23,68,65,0.361,88,220,0.4,0.371,0.029
2023-24,1630191,Isaiah Stewart,1610612765,DET,F-C,23,46,46,0.355,80,220,0.364,0.36,0.004
2023-24,101108,Chris Paul,1610612744,GSW,G,39,58,55,0.401,78,218,0.358,0.356,0.002
2023-24,203924,Jerami Grant,1610612757,POR,F,30,54,51,0.373,75,218,0.344,0.364,-0.02
2023-24,1627884,Derrick Jones Jr.,1610612742,DAL,F,27,76,68,0.326,74,217,0.341,0.376,-0.035
2023-24,1626145,Tyus Jones,1610612764,WAS,G,28,66,62,0.327,79,217,0.364,0.373,-0.009
2023-24,203083,Andre Drummond,1610612741,CHI,C,30,78,73,0.326,83,216,0.384,0.354,0.03
2023-24,201145,Jeff Green,1610612745,HOU,F,37,77,73,0.385,67,216,0.31,0.353,-0.043
2023-24,1628378,Donovan Mitchell,1610612739,CLE,G,27,55,52,0.432,80,216,0.37,0.367,0.004
2023-24,203991,Clint Capela,1610612737,ATL,C,30,73,65,0.222,80,214,0.374,0.363,0.011
2023-24,1641722,Jordan Hawkins,1610612740,NOP,G,22,62,54,0.473,74,213,0.347,0.361,-0.014
2023-24,1630170,Devin Vassell,1610612759,SAS,G-F,23,68,67,0.354,83,213,0.39,0.373,0.017
2023-24,203903,Jordan Clarkson,1610612762,UTA,G,32,55,54,0.409,85,213,0.399,0.365,0.034
2023-24,1630230,Naji Marshall,1610612740,NOP,F,26,66,65,0.426,62,212,0.292,0.356,-0.064
2023-24,1629014,Anfernee Simons,1610612757,POR,G,25,46,46,0.341,79,211,0.374,0.377,-0.003
2023-24,1641731,Bilal Coulibaly,1610612764,WAS,G,19,62,60,0.326,81,210,0.386,0.362,0.024
2023-24,1630217,Desmond Bane,1610612763,MEM,G,26,42,42,0.411,78,209,0.373,0.372,0.001
2023-24,1630573,Sam Hauser,1610612738,BOS,F,26,79,73,0.308,78,208,0.375,0.358,0.017
2023-24,203114,Khris Middleton,1610612749,MIL,F,32,55,53,0.363,70,208,0.337,0.364,-0.027
2023-24,1629599,Amir Coffey,1610612746,LAC,G-F,27,66,63,0.4,82,208,0.394,0.367,0.027
2023-24,1628384,OG Anunoby,1610612752,NYK,F-G,26,50,50,0.318,73,207,0.353,0.356,-0.003
2023-24,1628392,Isaiah Hartenstein,1610612752,NYK,C-F,26,75,62,0.211,75,206,0.364,0.367,-0.003
2023-24,1629021,Moritz Wagner,1610612753,ORL,F-C,27,80,74,0.309,65,205,0.317,0.36,-0.043
2023-24,1631212,Peyton Watson,1610612743,DEN,G,21,79,70,0.29,80,205,0.39,0.361,0.03
2023-24,1630598,Aaron Wiggins,1610612760,OKC,G,25,78,67,0.353,81,204,0.397,0.356,0.041
2023-24,1641711,Gradey Dick,1610612761,TOR,G-F,20,58,54,0.418,78,202,0.386,0.367,0.019
2023-24,1630540,Miles McBride,1610612752,NYK,G,23,64,56,0.364,72,202,0.356,0.37,-0.014
2023-24,1630182,Josh Green,1610612742,DAL,G,23,57,54,0.366,81,202,0.401,0.371,0.03
2023-24,1631246,Vince Williams Jr.,1610612763,MEM,G,23,50,46,0.334,74,201,0.368,0.373,-0.005
2023-24,1628436,Luke Kornet,1610612738,BOS,C-F,28,63,59,0.315,69,201,0.343,0.345,-0.002
2023-24,1630194,Paul Reed,1610612755,PHI,F,25,82,78,0.238,74,200,0.37,0.363,0.007
2023-24,1629661,Cameron Johnson,1610612751,BKN,F,28,57,55,0.362,73,199,0.367,0.364,0.003
2023-24,1630167,Obi Toppin,1610612754,IND,F,26,82,71,0.344,68,197,0.345,0.365,-0.019
2023-24,201587,Nicolas Batum,1610612755,PHI,G-F,35,59,55,0.359,64,197,0.325,0.369,-0.044
2023-24,1627739,Kris Dunn,1610612762,UTA,G,30,63,61,0.383,73,197,0.371,0.369,0.001
2023-24,201569,Eric Gordon,1610612756,PHX,G,35,68,63,0.374,63,194,0.325,0.362,-0.037
2023-24,1630202,Payton Pritchard,1610612738,BOS,G,26,82,71,0.355,73,194,0.376,0.356,0.02
2023-24,1629234,Drew Eubanks,1610612756,PHX,F-C,27,74,66,0.293,73,193,0.378,0.357,0.021
2023-24,1626196,Josh Richardson,1610612748,MIA,G,30,42,42,0.442,79,192,0.411,0.368,0.044
2023-24,1631133,Jabari Walker,1610612757,POR,F,21,72,66,0.308,62,189,0.328,0.368,-0.04
2023-24,203954,Joel Embiid,1610612755,PHI,C-F,30,39,39,0.227,58,189,0.307,0.361,-0.054
2023-24,1629680,Matisse Thybulle,1610612757,POR,G-F,27,65,59,0.348,56,189,0.296,0.361,-0.064
2023-24,1631323,Simone Fontecchio,1610612765,DET,F,28,66,62,0.325,61,189,0.323,0.37,-0.047
2023-24,1630208,Nick Richards,1610612766,CHA,C,26,67,61,0.215,80,189,0.423,0.361,0.062
2023-24,1629659,Talen Horton-Tucker,1610612762,UTA,G,23,51,46,0.463,74,188,0.394,0.365,0.029
2023-24,1631128,Christian Braun,1610612743,DEN,G,23,81,71,0.311,62,187,0.332,0.358,-0.026
2023-24,1631204,Marcus Sasser,1610612765,DET,G,23,69,59,0.386,65,186,0.349,0.361,-0.011
2023-24,203109,Jae Crowder,1610612749,MIL,F,33,50,49,0.447,68,185,0.368,0.372,-0.005
2023-24,1629018,Gary Trent Jr.,1610612761,TOR,G,25,71,67,0.376,76,185,0.411,0.372,0.039
2023-24,1628372,Dennis Smith Jr.,1610612751,BKN,G,26,55,54,0.437,65,183,0.355,0.366,-0.011
2023-24,1628963,Marvin Bagley III,1610612764,WAS,F,25,50,46,0.289,62,181,0.343,0.357,-0.015
2023-24,201566,Russell Westbrook,1610612746,LAC,G,35,68,63,0.369,63,181,0.348,0.361,-0.013
2023-24,1629637,Jaxson Hayes,1610612747,LAL,C-F,24,67,61,0.359,53,181,0.293,0.361,-0.069
2023-24,1628470,Torrey Craig,1610612741,CHI,F,33,53,52,0.414,72,179,0.402,0.368,0.034
2023-24,1641710,Anthony Black,1610612753,ORL,G,20,60,50,0.381,65,177,0.367,0.368,-0.001
2023-24,1641871,Duop Reath,1610612757,POR,C,28,68,58,0.261,56,175,0.32,0.368,-0.048
2023-24,203995,Vasilije Micic,1610612766,CHA,G,30,60,55,0.436,68,175,0.389,0.372,0.016
2023-24,1628464,Daniel Theis,1610612746,LAC,F-C,32,60,54,0.305,61,174,0.351,0.366,-0.015
2023-24,1626224,Cedi Osman,1610612759,SAS,F,29,72,67,0.384,81,173,0.468,0.371,0.097
2023-24,1630541,Moses Moody,1610612744,GSW,G,22,64,53,0.394,60,173,0.347,0.367,-0.02
2023-24,1627751,Jakob Poeltl,1610612761,TOR,C,28,50,48,0.224,65,172,0.378,0.363,0.015
2023-24,1630256,Jae'Sean Tate,1610612745,HOU,F,28,65,59,0.421,48,171,0.281,0.36,-0.079
2023-24,1629726,Garrison Mathews,1610612737,ATL,G,27,66,58,0.472,70,170,0.412,0.374,0.038
2023-24,1626166,Cameron Payne,1610612755,PHI,G,29,77,66,0.4,61,168,0.363,0.367,-0.003
2023-24,202711,Bojan Bogdanovic,1610612752,NYK,F,35,57,54,0.358,61,168,0.363,0.365,-0.002
2023-24,1630172,Patrick Williams,1610612741,CHI,F,22,42,42,0.39,61,167,0.365,0.363,0.002
2023-24,203926,Doug McDermott,1610612754,IND,F,32,63,59,0.438,74,167,0.443,0.36,0.083
2023-24,1630631,Jose Alvarado,1610612740,NOP,G,26,55,50,0.459,66,167,0.395,0.365,0.03
2023-24,203967,Dario Saric,1610612744,GSW,F-C,30,63,54,0.262,68,166,0.41,0.364,0.046
2023-24,1629723,John Konchar,1610612763,MEM,G,28,53,49,0.338,64,166,0.386,0.363,0.023
2023-24,1630570,Trendon Watford,1610612751,BKN,F,23,55,48,0.455,69,165,0.418,0.348,0.07
2023-24,1630558,Davion Mitchell,1610612758,SAC,G,25,68,59,0.408,56,163,0.344,0.363,-0.02
2023-24,1626168,Trey Lyles,1610612758,SAC,F,28,58,53,0.328,54,160,0.338,0.364,-0.027
2023-24,1626174,Christian Wood,1610612747,LAL,F,28,49,45,0.379,62,157,0.395,0.355,0.039
2023-24,1626204,Larry Nance Jr.,1610612740,NOP,F-C,31,61,54,0.298,54,157,0.344,0.365,-0.021
2023-24,1631103,Malaki Branham,1610612759,SAS,F,21,74,61,0.345,67,156,0.429,0.371,0.058
2023-24,1628988,Aaron Holiday,1610612745,HOU,G,27,77,64,0.352,53,155,0.342,0.364,-0.022
2023-24,1631223,David Roddy,1610612756,PHX,F,23,61,48,0.335,50,155,0.323,0.365,-0.042
2023-24,1631218,Trayce Jackson-Davis,1610612744,GSW,F,24,67,55,0.248,60,154,0.39,0.361,0.029
2023-24,1631108,Max Christie,1610612747,LAL,G,21,61,56,0.359,52,154,0.338,0.37,-0.033
2023-24,1629006,Josh Okogie,1610612756,PHX,G,25,58,46,0.41,56,154,0.364,0.366,-0.002
2023-24,1631119,Jaylin Williams,1610612760,OKC,F,22,69,54,0.302,51,152,0.336,0.354,-0.019
2023-24,1641708,Amen Thompson,1610612745,HOU,G-F,21,61,53,0.326,52,152,0.342,0.361,-0.019
2023-24,1628467,Maxi Kleber,1610612742,DAL,F,32,43,42,0.306,43,151,0.285,0.364,-0.079
2023-24,1630544,Tre Mann,1610612766,CHA,G,23,36,34,0.387,60,150,0.4,0.369,0.031
2023-24,1630692,Jordan Goodwin,1610612763,MEM,G,25,55,49,0.355,54,150,0.36,0.36,0
2023-24,1628975,Jevon Carter,1610612741,CHI,G,28,70,58,0.412,54,149,0.362,0.357,0.005
2023-24,1631097,Bennedict Mathurin,1610612754,IND,G-F,22,59,53,0.285,59,145,0.407,0.369,0.038
2023-24,1628976,Wendell Carter Jr.,1610612753,ORL,C-F,25,55,50,0.218,56,145,0.386,0.361,0.025
2023-24,202330,Gordon Hayward,1610612760,OKC,F,34,51,46,0.369,50,144,0.347,0.368,-0.021
2023-24,1630533,Ziaire Williams,1610612763,MEM,F,22,48,44,0.378,61,144,0.424,0.363,0.06
2023-24,203897,Zach LaVine,1610612741,CHI,G,29,25,25,0.491,55,144,0.382,0.368,0.014
2023-24,1630625,Dalano Banton,1610612757,POR,F,24,49,40,0.422,51,144,0.354,0.366,-0.012
2023-24,1630702,Jaden Hardy,1610612742,DAL,G,21,66,53,0.432,55,142,0.387,0.365,0.022
2023-24,1641713,GG Jackson,1610612763,MEM,F,19,46,45,0.349,57,140,0.407,0.366,0.041
2023-24,1631107,Nikola Jović,1610612748,MIA,F,21,44,40,0.348,46,140,0.329,0.366,-0.037
2023-24,203914,Gary Harris,1610612753,ORL,G,29,54,49,0.357,49,138,0.355,0.361,-0.006
2023-24,1628998,Cody Martin,1610612766,CHA,F,28,28,28,0.444,43,138,0.312,0.372,-0.061
2023-24,1630188,Jalen Smith,1610612754,IND,F-C,24,61,48,0.268,59,135,0.437,0.365,0.072
2023-24,203939,Dwight Powell,1610612742,DAL,F-C,32,58,48,0.261,46,134,0.343,0.354,-0.011
2023-24,1630214,Xavier Tillman,1610612738,BOS,F,25,54,45,0.264,51,134,0.381,0.363,0.018
2023-24,1630549,Day'Ron Sharpe,1610612751,BKN,C,22,60,49,0.263,46,133,0.346,0.346,-0.001
2023-24,1630164,James Wiseman,1610612765,DET,C,23,63,47,0.238,42,133,0.316,0.349,-0.033
2023-24,1631121,Bryce McGowens,1610612766,CHA,G,21,54,45,0.411,46,131,0.351,0.375,-0.024
2023-24,1629629,Cam Reddish,1610612747,LAL,F-G,24,47,42,0.361,52,131,0.397,0.368,0.029
2023-24,1628365,Markelle Fultz,1610612753,ORL,G,26,43,41,0.409,49,131,0.374,0.36,0.015
2023-24,1629001,De'Anthony Melton,1610612755,PHI,G,26,38,35,0.311,57,130,0.438,0.366,0.072
2023-24,1629022,Lonnie Walker IV,1610612751,BKN,G-F,25,56,50,0.398,46,129,0.357,0.367,-0.01
2023-24,1631104,Blake Wesley,1610612759,SAS,G,21,59,54,0.384,50,129,0.388,0.364,0.023
2023-24,1631165,Keon Ellis,1610612758,SAC,G,24,55,47,0.326,39,129,0.302,0.366,-0.064
2023-24,1631222,Jake LaRavia,1610612763,MEM,F,22,34,31,0.382,45,128,0.352,0.364,-0.013
2023-24,202692,Alec Burks,1610612752,NYK,G,32,64,45,0.326,52,127,0.409,0.367,0.043
2023-24,1630201,Malachi Flynn,1610612765,DET,G,26,63,50,0.336,53,126,0.421,0.357,0.064
2023-24,204456,T.J. McConnell,1610612754,IND,G,32,71,54,0.29,39,126,0.31,0.368,-0.058
2023-24,1630241,Sam Merrill,1610612739,CLE,G,28,57,47,0.378,43,125,0.344,0.367,-0.023
2023-24,202722,Davis Bertans,1610612766,CHA,F,31,38,34,0.458,47,124,0.379,0.366,0.013
2023-24,1641715,Cam Whitmore,1610612745,HOU,F,19,44,38,0.47,46,124,0.371,0.364,0.007
2023-24,1630165,Killian Hayes,1610612765,DET,G,22,42,38,0.305,49,123,0.398,0.366,0.032
2023-24,1641707,Taylor Hendricks,1610612762,UTA,F,20,40,39,0.31,53,123,0.431,0.362,0.069
2023-24,1630537,Chris Duarte,1610612758,SAC,G,27,55,45,0.347,51,122,0.418,0.361,0.057
2023-24,1628379,Luke Kennard,1610612763,MEM,G,28,39,36,0.355,45,122,0.369,0.369,0
2023-24,1629026,Kenrich Williams,1610612760,OKC,G-F,29,69,55,0.321,47,122,0.385,0.354,0.032
2023-24,1627763,Malcolm Brogdon,1610612757,POR,G,31,39,37,0.33,36,122,0.295,0.37,-0.074
2023-24,1631101,Shaedon Sharpe,1610612757,POR,G,21,32,31,0.328,43,121,0.355,0.363,-0.008
2023-24,202397,Ish Smith,1610612766,CHA,G,35,43,41,0.391,48,120,0.4,0.369,0.031
2023-24,1631200,Kris Murray,1610612757,POR,F,23,54,46,0.316,49,119,0.412,0.368,0.044
2023-24,1629656,Quentin Grimes,1610612765,DET,G,24,51,45,0.339,43,117,0.368,0.364,0.003
2023-24,204060,Joe Ingles,1610612753,ORL,F-G,36,68,59,0.421,38,117,0.325,0.357,-0.032
2023-24,1630550,JT Thor,1610612766,CHA,F,21,57,46,0.361,39,113,0.345,0.366,-0.021
2023-24,1628972,Troy Brown Jr.,1610612765,DET,G-F,24,56,47,0.304,46,113,0.407,0.362,0.045
2023-24,1629002,Chimezie Metu,1610612765,DET,F-C,27,47,39,0.326,28,112,0.25,0.356,-0.106
2023-24,203957,Dante Exum,1610612742,DAL,G,28,54,41,0.293,43,111,0.387,0.369,0.018
2023-24,1630592,Jalen Wilson,1610612751,BKN,F,23,38,36,0.5,36,110,0.327,0.356,-0.029
2023-24,1629048,Goga Bitadze,1610612753,ORL,C-F,24,58,45,0.218,39,109,0.358,0.364,-0.006
2023-24,1628449,Chris Boucher,1610612761,TOR,F,31,49,43,0.364,42,108,0.389,0.358,0.031
2023-24,1626153,Delon Wright,1610612748,MIA,G,32,45,37,0.376,44,108,0.407,0.366,0.042
2023-24,1629013,Landry Shamet,1610612764,WAS,G,27,46,36,0.349,39,107,0.364,0.368,-0.004
2023-24,1641998,Trey Jemison III,1610612763,MEM,C,24,23,21,0.343,36,105,0.343,0.357,-0.014
2023-24,1641733,Nick Smith Jr.,1610612766,CHA,G,20,48,41,0.423,42,105,0.4,0.368,0.032
2023-24,1630543,Isaiah Jackson,1610612754,IND,F,22,55,45,0.258,39,105,0.371,0.365,0.006
2023-24,1627780,Gary Payton II,1610612744,GSW,G,31,44,41,0.405,35,105,0.333,0.364,-0.031
2023-24,1629731,Dean Wade,1610612739,CLE,F-C,27,52,48,0.241,28,105,0.267,0.364,-0.097
2023-24,1628964,Mo Bamba,1610612755,PHI,C,26,55,43,0.269,39,104,0.375,0.359,0.016
2023-24,1641729,Brice Sensabaugh,1610612762,UTA,F,20,29,27,0.486,36,102,0.353,0.368,-0.015
2023-24,1629111,Jock Landale,1610612745,HOU,C,28,55,44,0.248,42,102,0.412,0.343,0.069
2023-24,1630215,Jared Butler,1610612764,WAS,G,23,36,28,0.437,36,100,0.36,0.356,0.004
2023-24,203200,Justin Holiday,1610612743,DEN,F-G,35,52,39,0.357,29,100,0.29,0.361,-0.071
2023-24,1629667,Jalen McDaniels,1610612761,TOR,F,26,46,38,0.394,37,100,0.37,0.363,0.007
2023-24,1629011,Mitchell Robinson,1610612752,NYK,C-F,26,31,28,0.276,41,99,0.414,0.352,0.063
2023-24,202694,Marcus Morris Sr.,1610612739,CLE,F,34,47,41,0.364,39,98,0.398,0.349,0.049
2023-24,1630699,MarJon Beauchamp,1610612749,MIL,F,23,45,37,0.379,34,97,0.351,0.37,-0.019
2023-24,1631207,Dalen Terry,1610612741,CHI,F,21,52,41,0.427,33,96,0.344,0.37,-0.026
2023-24,1631216,Caleb Houstan,1610612753,ORL,G,21,52,41,0.404,37,95,0.389,0.362,0.028
2023-24,1630590,Scotty Pippen Jr.,1610612763,MEM,G,23,21,20,0.419,28,95,0.295,0.369,-0.075
2023-24,202684,Tristan Thompson,1610612739,CLE,C-F,33,42,36,0.365,42,95,0.442,0.359,0.083
2023-24,1629626,Bol Bol,1610612756,PHX,C-F,24,39,33,0.457,31,95,0.326,0.351,-0.025
2023-24,1631367,Jacob Gilyard,1610612751,BKN,G,25,39,36,0.403,30,94,0.319,0.366,-0.047
2023-24,202687,Bismack Biyombo,1610612760,OKC,C,31,38,31,0.223,39,92,0.424,0.351,0.073
2023-24,1629670,Jordan Nwora,1610612761,TOR,F,25,46,39,0.325,26,92,0.283,0.367,-0.084
2023-24,1641767,Ben Sheppard,1610612754,IND,G,22,52,42,0.312,32,91,0.352,0.365,-0.014
2023-24,203552,Seth Curry,1610612766,CHA,G,33,39,36,0.46,24,91,0.264,0.368,-0.104
2023-24,1627863,Danuel House Jr.,1610612755,PHI,F-G,31,34,29,0.433,29,90,0.322,0.367,-0.045
2023-24,1630192,Zeke Nnaji,1610612743,DEN,F-C,23,52,43,0.296,34,90,0.378,0.357,0.021
2023-24,1630538,Bones Hyland,1610612746,LAC,G,23,34,32,0.42,32,89,0.36,0.354,0.005
2023-24,1628966,Keita Bates-Diop,1610612751,BKN,F,28,48,39,0.313,30,88,0.341,0.348,-0.007
2023-24,1641854,Craig Porter Jr.,1610612739,CLE,G,24,47,40,0.346,33,88,0.375,0.363,0.012
2023-24,1629052,Oshae Brissett,1610612738,BOS,F-G,26,53,39,0.39,33,87,0.379,0.351,0.029
2023-24,1628426,Sasha Vezenkov,1610612758,SAC,F,28,41,35,0.402,36,86,0.419,0.354,0.065
2023-24,203935,Marcus Smart,1610612763,MEM,G,30,20,20,0.478,28,86,0.326,0.379,-0.054
2023-24,1630205,Lamar Stevens,1610612763,MEM,F,26,36,31,0.353,34,85,0.4,0.355,0.045
2023-24,1630647,Eugene Omoruyi,1610612764,WAS,F,27,37,32,0.44,34,85,0.4,0.347,0.053
2023-24,1630163,LaMelo Ball,1610612766,CHA,G,22,22,22,0.392,39,83,0.47,0.369,0.101
2023-24,1629643,Chuma Okeke,1610612753,ORL,F,25,40,33,0.469,29,82,0.354,0.347,0.007
2023-24,1628981,Bruno Fernando,1610612737,ATL,F-C,25,42,29,0.263,30,82,0.366,0.368,-0.002
2023-24,1630231,KJ Martin,1610612755,PHI,F,23,50,37,0.346,34,81,0.42,0.355,0.065
2023-24,1630249,Vít Krejčí,1610612737,ATL,G,24,22,21,0.4,36,80,0.45,0.373,0.077
2023-24,1629162,Jordan McLaughlin,1610612750,MIN,G,28,52,39,0.398,33,80,0.413,0.366,0.047
2023-24,203486,Mason Plumlee,1610612746,LAC,F-C,34,44,35,0.183,26,80,0.325,0.366,-0.041
2023-24,203095,Evan Fournier,1610612765,DET,G-F,31,32,28,0.381,24,80,0.3,0.369,-0.069
2023-24,203496,Robert Covington,1610612755,PHI,F,33,27,24,0.399,27,79,0.342,0.371,-0.03
2023-24,201567,Kevin Love,1610612748,MIA,F-C,35,55,38,0.203,21,78,0.269,0.361,-0.092
2023-24,203488,Mike Muscala,1610612760,OKC,F-C,33,47,34,0.255,27,78,0.346,0.363,-0.017
2023-24,1631260,AJ Green,1610612749,MIL,G,24,48,37,0.339,29,78,0.372,0.357,0.015
2023-24,1629020,Jarred Vanderbilt,1610612747,LAL,F,25,29,27,0.367,34,77,0.442,0.374,0.067
2023-24,1630197,Aleksej Pokusevski,1610612766,CHA,F,22,28,23,0.38,28,76,0.368,0.362,0.006
2023-24,1628995,Kevin Knox II,1610612757,POR,F,24,31,27,0.398,32,76,0.421,0.356,0.066
2023-24,201568,Danilo Gallinari,1610612749,MIL,F,35,47,35,0.28,27,75,0.36,0.362,-0.002
2023-24,1628371,Jonathan Isaac,1610612753,ORL,F,26,58,39,0.206,29,73,0.397,0.363,0.034
2023-24,200782,P.J. Tucker,1610612746,LAC,F,39,31,26,0.354,24,73,0.329,0.357,-0.028
2023-24,1629003,Shake Milton,1610612752,NYK,G-F,27,45,31,0.376,30,73,0.411,0.354,0.057
2023-24,1630531,Jaden Springer,1610612738,BOS,G,21,39,29,0.369,24,72,0.333,0.362,-0.029
2023-24,201152,Thaddeus Young,1610612756,PHX,F,36,32,23,0.348,21,71,0.296,0.352,-0.056
2023-24,1629674,Neemias Queta,1610612738,BOS,C,24,27,21,0.351,30,71,0.423,0.345,0.077
2023-24,1631230,Dominick Barlow,1610612759,SAS,F,21,30,28,0.262,27,69,0.391,0.359,0.032
2023-24,1631116,Patrick Baldwin Jr.,1610612764,WAS,F,21,36,24,0.335,23,68,0.338,0.353,-0.015
2023-24,1630264,Anthony Gill,1610612764,WAS,F,31,40,31,0.312,27,67,0.403,0.354,0.049
2023-24,201988,Patty Mills,1610612748,MIA,G,35,30,27,0.496,27,67,0.403,0.357,0.046
2023-24,1630209,Omer Yurtseven,1610612762,UTA,C,26,42,27,0.245,31,67,0.463,0.361,0.101
2023-24,1631109,Mark Williams,1610612766,CHA,C,22,19,17,0.245,25,66,0.379,0.364,0.015
2023-24,1631106,Tari Eason,1610612745,HOU,F,23,22,22,0.361,18,66,0.273,0.374,-0.101
2023-24,202083,Wesley Matthews,1610612737,ATL,G,37,36,27,0.363,28,65,0.431,0.364,0.066
2023-24,1631303,Justin Minaya,1610612757,POR,F,25,27,23,0.371,19,65,0.292,0.349,-0.057
2023-24,1629139,Yuta Watanabe,1610612763,MEM,G-F,29,32,22,0.328,25,64,0.391,0.362,0.029
2023-24,1641712,Rayan Rupert,1610612757,POR,G-F,20,36,25,0.339,23,64,0.359,0.369,-0.009
2023-24,1641748,Andre Jackson Jr.,1610612749,MIL,G,22,48,29,0.308,26,64,0.406,0.366,0.04
2023-24,1630527,Brandon Boston,1610612746,LAC,G,22,28,22,0.391,20,63,0.317,0.354,-0.037
2023-24,1630322,Lindy Waters III,1610612760,OKC,F,26,29,26,0.488,23,63,0.365,0.348,0.017
2023-24,1630572,Sandro Mamukelashvili,1610612759,SAS,F-C,25,44,29,0.283,23,63,0.365,0.359,0.006
2023-24,1631098,Johnny Davis,1610612764,WAS,G,22,44,31,0.3,25,63,0.397,0.366,0.03
2023-24,1629677,Luka Samanic,1610612762,UTA,F,24,35,25,0.417,18,63,0.286,0.353,-0.067
2023-24,1629642,Nassir Little,1610612756,PHX,F-G,24,38,28,0.33,17,62,0.274,0.356,-0.082
2023-24,1630579,Jericho Sims,1610612752,NYK,C,25,39,30,0.238,24,61,0.393,0.359,0.035
2023-24,1631241,Javon Freeman-Liberty,1610612761,TOR,G,24,19,18,0.418,23,61,0.377,0.368,0.009
2023-24,1630235,Trent Forrest,1610612737,ATL,G,26,37,29,0.347,17,60,0.283,0.364,-0.081
2023-24,1631124,Julian Strawther,1610612743,DEN,G,22,44,29,0.333,21,58,0.362,0.356,0.006
2023-24,1629004,Svi Mykhailiuk,1610612738,BOS,G-F,27,36,29,0.483,13,57,0.228,0.344,-0.116
2023-24,202066,Garrett Temple,1610612761,TOR,G-F,38,25,19,0.425,20,57,0.351,0.372,-0.021
2023-24,1641931,Onuralp Bitim,1610612741,CHI,F,25,20,19,0.514,20,57,0.351,0.354,-0.003
2023-24,1630219,Skylar Mays,1610612747,LAL,G,26,31,27,0.385,17,57,0.298,0.356,-0.058
2023-24,1631172,Ousmane Dieng,1610612760,OKC,F,21,31,22,0.384,16,56,0.286,0.348,-0.063
2023-24,1630587,Isaiah Livers,1610612765,DET,F,25,23,21,0.329,20,56,0.357,0.353,0.004
2023-24,1641787,Tosan Evbuomwan,1610612765,DET,F,23,17,16,0.316,26,55,0.473,0.369,0.104
2023-24,1626158,Richaun Holmes,1610612764,WAS,F,30,38,25,0.216,22,55,0.4,0.356,0.044
2023-24,1641730,Noah Clowney,1610612751,BKN,F,19,21,17,0.284,23,55,0.418,0.365,0.054
2023-24,1641763,Julian Phillips,1610612741,CHI,F,20,30,23,0.455,24,55,0.436,0.366,0.07
2023-24,1630548,Johnny Juzang,1610612762,UTA,G,23,18,18,0.387,19,55,0.345,0.372,-0.027
2023-24,1641738,Kobe Brown,1610612746,LAC,F,24,34,26,0.412,17,54,0.315,0.356,-0.041
2023-24,1630346,Matt Ryan,1610612740,NOP,F,27,25,20,0.323,16,53,0.302,0.357,-0.055
2023-24,203493,Reggie Bullock Jr.,1610612745,HOU,G-F,33,39,32,0.358,12,53,0.226,0.356,-0.13
2023-24,1630526,Jeremiah Robinson-Earl,1610612740,NOP,F,23,30,20,0.303,17,53,0.321,0.363,-0.042
2023-24,203458,Alex Len,1610612758,SAC,C,31,43,33,0.222,22,51,0.431,0.359,0.073
2023-24,1628420,Monte Morris,1610612750,MIN,G,29,32,23,0.3,17,51,0.333,0.361,-0.027
2023-24,1627732,Ben Simmons,1610612751,BKN,G-F,27,15,14,0.34,18,50,0.36,0.359,0.001
2023-24,1630649,Stanley Umude,1610612765,DET,G,25,19,19,0.413,24,50,0.48,0.358,0.122
2023-24,201599,DeAndre Jordan,1610612743,DEN,C,35,33,26,0.269,23,49,0.469,0.357,0.113
2023-24,201580,JaVale McGee,1610612758,SAC,C-F,36,44,25,0.295,16,49,0.327,0.36,-0.033
2023-24,1631311,Lester Quinones,1610612744,GSW,G,23,31,23,0.329,15,48,0.313,0.351,-0.038
2023-24,201565,Derrick Rose,1610612763,MEM,G,35,24,21,0.379,22,47,0.468,0.366,0.102
2023-24,1641877,Nathan Mensah,1610612766,CHA,C,26,25,19,0.247,18,46,0.391,0.35,0.041
2023-24,1641765,Olivier-Maxence Prosper,1610612742,DAL,F,21,29,21,0.36,12,45,0.267,0.345,-0.079
2023-24,1629007,Jontay Porter,1610612765,DET,C-F,24,24,20,0.214,22,44,0.5,0.367,0.133
2023-24,1631221,Collin Gillespie,1610612743,DEN,G,25,18,16,0.431,16,44,0.364,0.361,0.003
2023-24,202709,Cory Joseph,1610612744,GSW,G,32,24,18,0.371,14,43,0.326,0.364,-0.038
2023-24,1627745,Damian Jones,1610612739,CLE,C,29,33,22,0.309,13,43,0.302,0.348,-0.046
2023-24,1630678,Terry Taylor,1610612741,CHI,F,24,21,19,0.489,13,43,0.302,0.356,-0.054
2023-24,1631288,Jamal Cain,1610612748,MIA,F,25,19,16,0.363,11,41,0.268,0.367,-0.099
2023-24,1630184,Kira Lewis Jr.,1610612762,UTA,G,23,22,17,0.465,13,40,0.325,0.352,-0.027
2023-24,1630611,Gui Santos,1610612744,GSW,F,22,21,16,0.364,17,39,0.436,0.355,0.081
2023-24,1628418,Thomas Bryant,1610612748,MIA,C-F,26,37,21,0.188,13,39,0.333,0.344,-0.01
2023-24,1631197,Jared Rhoden,1610612765,DET,G,24,16,12,0.453,18,39,0.462,0.363,0.098
2023-24,1629630,Ja Morant,1610612763,MEM,G,24,9,8,0.29,19,38,0.5,0.37,0.13
2023-24,1628984,Devonte' Graham,1610612759,SAS,G,29,21,19,0.396,12,38,0.316,0.365,-0.049
2023-24,1641778,Leaky Black,1610612766,CHA,F,25,25,17,0.336,9,37,0.243,0.372,-0.129
2023-24,1630204,Ashton Hagans,1610612757,POR,G-F,24,18,18,0.387,13,36,0.361,0.366,-0.005
2023-24,202693,Markieff Morris,1610612742,DAL,F,34,24,19,0.367,15,36,0.417,0.36,0.056
2023-24,1629650,Moses Brown,1610612757,POR,C,24,22,19,0.248,14,36,0.389,0.345,0.044
2023-24,1630551,Justin Champagnie,1610612764,WAS,G-F,23,15,11,0.327,12,35,0.343,0.342,0
2023-24,1630641,Ibou Badji,1610612757,POR,C,21,19,16,0.276,11,35,0.314,0.339,-0.024
2023-24,1630556,Kessler Edwards,1610612758,SAC,F,23,41,25,0.264,11,34,0.324,0.351,-0.027
2023-24,203648,Thanasis Antetokounmpo,1610612749,MIL,F,31,24,19,0.531,8,34,0.235,0.347,-0.111
2023-24,1629216,Gabe Vincent,1610612747,LAL,G,28,11,11,0.415,11,34,0.324,0.336,-0.013
2023-24,1641716,Jarace Walker,1610612754,IND,F,20,28,20,0.287,11,33,0.333,0.361,-0.028
2023-24,1641741,Ricky Council IV,1610612755,PHI,G,22,28,22,0.317,15,32,0.469,0.332,0.137
2023-24,1630177,Theo Maledon,1610612756,PHX,G,23,16,14,0.372,9,32,0.281,0.361,-0.08
2023-24,203469,Cody Zeller,1610612740,NOP,F-C,31,38,22,0.205,12,32,0.375,0.339,0.036
2023-24,201959,Taj Gibson,1610612765,DET,F,39,17,15,0.364,10,32,0.313,0.366,-0.053
2023-24,1631254,Kenneth Lofton Jr.,1610612762,UTA,F,21,18,12,0.368,16,32,0.5,0.366,0.134
2023-24,1631115,Orlando Robinson,1610612748,MIA,C,23,29,20,0.22,11,31,0.355,0.35,0.005
2023-24,1630695,Micah Potter,1610612762,UTA,C,26,14,11,0.32,19,31,0.613,0.356,0.257
2023-24,1629647,Darius Bazley,1610612762,UTA,F,24,8,7,0.377,12,29,0.414,0.343,0.071
2023-24,1641723,Kobe Bufkin,1610612737,ATL,G,20,16,14,0.315,13,28,0.464,0.354,0.111
2023-24,1627788,Furkan Korkmaz,1610612755,PHI,G-F,26,26,15,0.356,7,26,0.269,0.349,-0.08
2023-24,1629057,Robert Williams III,1610612757,POR,C-F,26,6,6,0.338,7,25,0.28,0.327,-0.047
2023-24,1631338,Mouhamadou Gueye,1610612761,TOR,F,25,11,10,0.263,8,25,0.32,0.334,-0.014
2023-24,1629750,Javonte Green,1610612741,CHI,G,30,9,7,0.368,9,25,0.36,0.334,0.026
2023-24,1630285,Zavier Simpson,1610612765,DET,G,27,7,7,0.41,7,25,0.28,0.348,-0.068
2023-24,203490,Otto Porter Jr.,1610612761,TOR,F,31,14,13,0.41,8,25,0.32,0.346,-0.026
2023-24,1631100,AJ Griffin,1610612737,ATL,F,20,19,15,0.358,3,24,0.125,0.377,-0.252
2023-24,1629717,Armoni Brooks,1610612751,BKN,G,26,8,8,0.558,6,24,0.25,0.362,-0.112
2023-24,1630240,Saben Lee,1610612756,PHX,G,25,18,10,0.338,8,23,0.348,0.356,-0.008
2023-24,1630314,Brandon Williams,1610612742,DAL,G,24,15,10,0.365,11,23,0.478,0.362,0.117
2023-24,1631466,Nate Williams,1610612745,HOU,G,25,19,15,0.418,11,23,0.478,0.331,0.147
2023-24,1630639,A.J. Lawson,1610612742,DAL,G,23,29,14,0.215,9,23,0.391,0.381,0.011
2023-24,1641970,Maozinha Pereira,1610612763,MEM,F,23,6,5,0.434,8,23,0.348,0.336,0.012
2023-24,1629634,Brandon Clarke,1610612763,MEM,F,27,6,6,0.458,11,22,0.5,0.346,0.154
2023-24,1629646,Charles Bassey,1610612759,SAS,C-F,23,18,11,0.219,9,21,0.429,0.371,0.057
2023-24,1641774,Tristan Vukcevic,1610612764,WAS,F,21,8,7,0.244,5,21,0.238,0.367,-0.129
2023-24,1631321,Sidy Cissoko,1610612759,SAS,G,20,8,7,0.396,5,21,0.238,0.359,-0.121
2023-24,1629875,Xavier Moon,1610612746,LAC,G,29,11,7,0.362,6,21,0.286,0.335,-0.049
2023-24,1630562,Matt Hurt,1610612763,MEM,F,24,7,5,0.317,9,20,0.45,0.359,0.091
2023-24,1630610,DeJon Jarreau,1610612763,MEM,G,26,9,7,0.38,10,19,0.526,0.356,0.17
2023-24,1630696,Dru Smith,1610612748,MIA,G,26,8,6,0.345,9,19,0.474,0.362,0.112
2023-24,1630243,Trevelin Queen,1610612753,ORL,G,27,13,8,0.247,3,19,0.158,0.376,-0.218
2023-24,1630600,Isaiah Mobley,1610612739,CLE,F,24,8,6,0.559,10,19,0.526,0.382,0.145
2023-24,1641851,Timmy Allen,1610612763,MEM,F,24,5,5,0.613,5,19,0.263,0.333,-0.07
2023-24,1641732,Colby Jones,1610612758,SAC,G,22,20,13,0.328,6,19,0.316,0.347,-0.032
2023-24,1630288,Jeff Dowtin Jr.,1610612755,PHI,G,27,10,9,0.388,5,19,0.263,0.36,-0.097
2023-24,1629685,Dylan Windler,1610612737,ATL,G-F,27,12,6,0.388,5,19,0.263,0.335,-0.072
2023-24,1641734,Emoni Bates,1610612739,CLE,F,20,12,10,0.5,7,18,0.389,0.364,0.025
2023-24,1642013,Malik Williams,1610612761,TOR,C,25,7,5,0.353,8,18,0.444,0.339,0.106
2023-24,1626246,Boban Marjanovic,1610612745,HOU,C,35,13,10,0.354,6,17,0.353,0.287,0.066
2023-24,1628962,Udoka Azubuike,1610612756,PHX,C-F,24,15,10,0.239,5,17,0.294,0.344,-0.05
2023-24,1629669,Jaylen Nowell,1610612758,SAC,G,24,11,8,0.207,3,17,0.176,0.336,-0.159
2023-24,1630186,Jahmi'us Ramsey,1610612761,TOR,G,23,7,6,0.32,9,16,0.563,0.35,0.212
2023-24,1631243,Mouhamed Gueye,1610612737,ATL,F,21,4,4,0.485,5,16,0.313,0.37,-0.057
2023-24,1631173,Terquavion Smith,1610612755,PHI,G,21,9,6,0.485,5,16,0.313,0.349,-0.036
2023-24,1628385,Harry Giles III,1610612747,LAL,F-C,26,18,11,0.327,7,16,0.438,0.338,0.1
2023-24,1629716,Marques Bolden,1610612766,CHA,C,26,10,7,0.227,6,15,0.4,0.35,0.05
2023-24,1630181,R.J. Hampton,1610612748,MIA,G,23,6,6,0.429,1,15,0.067,0.382,-0.315
2023-24,1631220,Dereon Seabron,1610612740,NOP,G,24,6,5,0.6,3,15,0.2,0.343,-0.143
2023-24,1629618,Jalen Pickett,1610612743,DEN,G,24,18,12,0.333,6,15,0.4,0.377,0.023
2023-24,1629678,Admiral Schofield,1610612753,ORL,F,27,15,10,0.714,1,15,0.067,0.331,-0.265
2023-24,1641816,Hunter Tyson,1610612743,DEN,F,24,11,9,0.609,2,14,0.143,0.352,-0.209
2023-24,1631262,Jules Bernard,1610612764,WAS,G,24,15,8,0.237,2,14,0.143,0.35,-0.207
2023-24,1641720,Jalen Hood-Schifino,1610612747,LAL,G,21,15,9,0.378,6,14,0.429,0.332,0.096
2023-24,1641721,Maxwell Lewis,1610612747,LAL,F,21,19,10,0.4,3,14,0.214,0.332,-0.117
2023-24,1641753,Chris Livingston,1610612749,MIL,F,20,12,9,0.452,7,14,0.5,0.374,0.126
2023-24,1628424,Kobi Simmons,1610612761,TOR,G,26,4,4,0.56,6,14,0.429,0.363,0.066
2023-24,203925,Joe Harris,1610612765,DET,G-F,32,14,9,0.236,4,13,0.308,0.356,-0.049
2023-24,1631306,Cole Swider,1610612748,MIA,F,25,12,6,0.342,4,13,0.308,0.368,-0.061
2023-24,1631217,Moussa Diabaté,1610612746,LAC,F,22,10,8,0.308,6,12,0.5,0.349,0.151
2023-24,201577,Robin Lopez,1610612749,MIL,C,36,8,6,0.255,5,12,0.417,0.343,0.074
2023-24,1631257,Jermaine Samuels Jr.,1610612745,HOU,F,25,10,8,0.48,3,12,0.25,0.33,-0.08
2023-24,1630658,Colin Castleton,1610612747,LAL,C,24,11,7,0.343,5,12,0.417,0.313,0.103
2023-24,1630554,Jason Preston,1610612762,UTA,G,24,7,4,0.333,3,12,0.25,0.349,-0.099
2023-24,1631169,Josh Minott,1610612750,MIN,F,21,22,10,0.3,3,12,0.25,0.323,-0.073
2023-24,1631111,Wendell Moore Jr.,1610612750,MIN,G,22,15,9,0.5,4,11,0.364,0.36,0.004
2023-24,1641775,Jordan Walsh,1610612738,BOS,G,20,7,5,0.407,2,11,0.182,0.363,-0.181
2023-24,1630564,RaiQuan Gray,1610612759,SAS,F,24,3,3,0.476,4,10,0.4,0.294,0.106
2023-24,1641766,Adama Sanogo,1610612741,CHI,F,22,5,3,0.5,2,10,0.2,0.297,-0.097
2023-24,1630568,Luka Garza,1610612750,MIN,C,25,19,7,0.164,3,10,0.3,0.349,-0.049
2023-24,1630618,D.J. Carton,1610612761,TOR,G,23,4,3,0.37,6,10,0.6,0.385,0.215
2023-24,1631298,Jack White,1610612760,OKC,F,26,4,3,0.345,3,10,0.3,0.305,-0.005
2023-24,1641724,Jett Howard,1610612753,ORL,G,20,10,7,0.476,3,10,0.3,0.379,-0.079
2023-24,1641788,Alex Fudge,1610612742,DAL,F,21,4,4,0.667,6,10,0.6,0.364,0.236
2023-24,1631157,Ryan Rollins,1610612749,MIL,G,21,9,5,0.321,2,9,0.222,0.335,-0.113
2023-24,1630547,James Bouknight,1610612766,CHA,G,23,12,6,0.346,3,9,0.333,0.373,-0.04
2023-24,1629010,Jerome Robinson,1610612744,GSW,G,27,12,5,0.429,4,9,0.444,0.35,0.095
2023-24,1641793,D'Moi Hodge,1610612747,LAL,G,25,3,3,0.5,4,9,0.444,0.363,0.081
2023-24,1641735,Amari Bailey,1610612766,CHA,G,20,7,6,0.45,3,9,0.333,0.389,-0.055
2023-24,1631123,Jamaree Bouyea,1610612759,SAS,G,25,7,5,0.257,4,9,0.444,0.344,0.101
2023-24,1629610,DaQuan Jeffries,1610612752,NYK,G-F,26,9,5,0.571,4,8,0.5,0.359,0.142
2023-24,1631205,Buddy Boeheim,1610612765,DET,F,24,7,5,0.276,3,8,0.375,0.339,0.036
2023-24,1630846,Olivier Sarr,1610612760,OKC,C,25,11,7,0.235,4,8,0.5,0.304,0.196
2023-24,1629117,Wenyen Gabriel,1610612738,BOS,F,27,5,5,0.296,2,8,0.25,0.402,-0.152
2023-24,1631102,TyTy Washington Jr.,1610612749,MIL,G,22,5,4,0.533,1,8,0.125,0.303,-0.178
2023-24,1641749,Keyontae Johnson,1610612760,OKC,F,24,7,5,0.412,1,7,0.143,0.297,-0.154
2023-24,1627853,Ryan Arcidiacono,1610612752,NYK,G,30,11,5,0.35,0,7,0,0.27,-0.27
2023-24,1630207,Nate Hinton,1610612745,HOU,G-F,25,9,6,0.304,2,7,0.286,0.34,-0.055
2023-24,1629308,Juan Toscano-Anderson,1610612758,SAC,F,31,8,4,0.318,3,7,0.429,0.377,0.051
2023-24,201949,James Johnson,1610612754,IND,F,37,8,5,0.333,2,7,0.286,0.36,-0.074
2023-24,1630535,Greg Brown III,1610612742,DAL,F,22,4,2,0.333,1,6,0.167,0.325,-0.159
2023-24,1641754,Seth Lundy,1610612737,ATL,G-F,24,8,4,0.214,5,6,0.833,0.334,0.499
2023-24,1630604,E.J. Liddell,1610612740,NOP,F,23,5,5,0.75,4,6,0.667,0.376,0.291
2023-24,1630643,Jay Huff,1610612743,DEN,C,26,11,5,0.25,0,6,0,0.217,-0.217
2023-24,1630688,Ish Wainright,1610612756,PHX,F,29,6,6,0.545,1,6,0.167,0.369,-0.202
2023-24,1631159,Leonard Miller,1610612750,MIN,F,20,11,4,0.278,2,5,0.4,0.295,0.105
2023-24,1631131,Oscar Tshiebwe,1610612754,IND,F-C,24,8,4,0.25,1,5,0.2,0.285,-0.085
2023-24,1641926,Dexter Dennis,1610612742,DAL,G,25,3,2,0.385,0,5,0,0.325,-0.325
2023-24,1631112,Kendall Brown,1610612754,IND,G,21,6,4,0.455,2,5,0.4,0.366,0.034
2023-24,1630222,Mason Jones,1610612758,SAC,G,25,3,1,0.455,1,5,0.2,0.301,-0.101
2023-24,1630553,Keon Johnson,1610612751,BKN,G,22,4,2,0.294,2,5,0.4,0.389,0.011
2023-24,1629718,Charlie Brown Jr.,1610612752,NYK,G,27,3,3,0.556,0,5,0,0.339,-0.339
2023-24,1641727,Dariq Whitehead,1610612751,BKN,F,19,2,1,0.455,4,5,0.8,0.389,0.411
2023-24,1628373,Frank Ntilikina,1610612766,CHA,G,25,5,4,0.455,2,5,0.4,0.343,0.057
2023-24,203933,T.J. Warren,1610612750,MIN,F,30,9,4,0.167,1,4,0.25,0.293,-0.043
2023-24,1629603,Mamadi Diakite,1610612752,NYK,F,27,5,3,0.4,1,4,0.25,0.318,-0.068
2023-24,1641809,Drew Peterson,1610612738,BOS,F,24,2,2,0.8,1,4,0.25,0.368,-0.118
2023-24,1631120,JD Davison,1610612738,BOS,G,21,6,2,0.235,1,4,0.25,0.378,-0.128
2023-24,1630929,Henri Drell,1610612741,CHI,F,24,1,1,0.667,0,4,0,0.315,-0.315
2023-24,1631386,Taze Moore,1610612757,POR,G,26,4,2,0.4,2,4,0.5,0.393,0.107
2023-24,1631210,Jacob Toppin,1610612752,NYK,F,24,2,2,0.444,3,4,0.75,0.349,0.402
2023-24,1630311,Pat Spencer,1610612744,GSW,G,27,4,2,0.25,1,3,0.333,0.349,-0.016
2023-24,1630259,Jordan Ford,1610612758,SAC,G,26,4,3,0.6,2,3,0.667,0.341,0.325
2023-24,1630296,Braxton Key,1610612743,DEN,F,27,13,3,0.167,1,3,0.333,0.362,-0.029
2023-24,201980,Danny Green,1610612755,PHI,G,37,2,2,0.273,2,3,0.667,0.34,0.327
2023-24,1630196,Filip Petrusev,1610612755,PHI,C,24,2,2,0.5,0,3,0,0.342,-0.342
2023-24,1629623,Lindell Wigginton,1610612749,MIL,G,26,3,3,0.6,1,3,0.333,0.347,-0.013
2023-24,1628391,D.J. Wilson,1610612753,ORL,F,28,2,1,0.273,1,3,0.333,0.376,-0.043
2023-24,1641771,Jalen Slawson,1610612758,SAC,F,24,8,2,0.231,1,3,0.333,0.274,0.06
2023-24,1630586,Usman Garuba,1610612744,GSW,F,22,6,2,0.2,2,2,1,0.342,0.658
2023-24,1631250,Pete Nance,1610612739,CLE,F,24,3,1,0.5,1,2,0.5,0.398,0.102
2023-24,1641806,Markquis Nowell,1610612761,TOR,G,24,1,1,1,1,2,0.5,0.364,0.136
2023-24,1630561,David Duke Jr.,1610612759,SAS,G,24,3,1,0.154,0,2,0,0.272,-0.272
2023-24,1641847,Andrew Funk,1610612741,CHI,G,24,2,1,0.5,2,2,1,0.333,0.667
2023-24,1630227,Daishen Nix,1610612750,MIN,G,22,3,2,0.25,0,2,0,0.33,-0.33
2023-24,1641757,Jordan Miller,1610612746,LAC,G,24,6,2,0.167,0,2,0,0.316,-0.316
2023-24,1641745,Adam Flagler,1610612760,OKC,G,24,2,1,0.25,0,1,0,0.5,-0.5
2023-24,1627885,Shaquille Harrison,1610612763,MEM,G,30,2,1,0.25,0,1,0,0.125,-0.125
2023-24,202738,Isaiah Thomas,1610612756,PHX,G,35,4,1,0.167,0,1,0,0.402,-0.402
2023-24,1631245,Quenton Jackson,1610612754,IND,G,25,3,1,0.167,0,1,0,0.256,-0.256
2023-24,1630606,Javonte Smart,1610612755,PHI,G,25,1,1,1,0,1,0,0.331,-0.331
2023-24,1630284,Kevon Harris,1610612753,ORL,G,27,2,1,0.333,0,1,0,0.401,-0.401
2023-24,1630622,Jalen Crutcher,1610612740,NOP,G,24,1,1,1,0,1,0,0.401,-0.401
2023-24,1629232,Kaiser Gates,1610612740,NOP,F,27,1,1,0.2,0,1,0,0.36,-0.36
2024-25,1628404,Josh Hart,1610612752,NYK,G,30,77,77,0.446,184,483,0.381,0.357,0.024
2024-25,1628384,OG Anunoby,1610612752,NYK,F-G,27,74,74,0.488,171,472,0.362,0.354,0.008
2024-25,1630595,Cade Cunningham,1610612765,DET,G,23,70,70,0.504,178,471,0.378,0.364,0.013
2024-25,203897,Zach LaVine,1610612758,SAC,G,30,73,72,0.561,162,471,0.344,0.362,-0.018
2024-25,1627783,Pascal Siakam,1610612754,IND,F,31,78,78,0.433,164,462,0.355,0.352,0.003
2024-25,1628368,De'Aaron Fox,1610612759,SAS,G,27,62,62,0.574,187,459,0.407,0.364,0.044
2024-25,1630183,Jaden McDaniels,1610612750,MIN,F,24,82,82,0.435,163,455,0.358,0.359,-0.001
2024-25,1627750,Jamal Murray,1610612743,DEN,G,28,67,66,0.447,167,451,0.37,0.361,0.009
2024-25,1631128,Christian Braun,1610612743,DEN,G,24,79,79,0.483,193,445,0.434,0.366,0.067
2024-25,1631099,Keegan Murray,1610612758,SAC,F,24,76,76,0.422,172,442,0.389,0.362,0.027
2024-25,1630700,Dyson Daniels,1610612737,ATL,G,22,76,76,0.435,169,440,0.384,0.365,0.019
2024-25,201572,Brook Lopez,1610612749,MIL,C,37,80,80,0.296,165,436,0.378,0.353,0.026
2024-25,1628983,Shai Gilgeous-Alexander,1610612760,OKC,G,26,76,75,0.477,154,421,0.366,0.363,0.003
2024-25,1628415,Dillon Brooks,1610612745,HOU,G-F,29,75,74,0.462,165,421,0.392,0.357,0.035
2024-25,201935,James Harden,1610612746,LAC,G,35,79,78,0.47,153,419,0.365,0.361,0.004
2024-25,1628401,Derrick White,1610612738,BOS,G,30,76,76,0.402,128,414,0.309,0.364,-0.054
2024-25,1630559,Austin Reaves,1610612747,LAL,G,27,73,73,0.422,149,408,0.365,0.357,0.008
2024-25,1629027,Trae Young,1610612737,ATL,G,26,76,75,0.595,138,399,0.346,0.366,-0.02
2024-25,101108,Chris Paul,1610612759,SAS,G,40,82,81,0.56,157,397,0.395,0.36,0.035
2024-25,1630596,Evan Mobley,1610612739,CLE,C,24,71,70,0.33,135,394,0.343,0.354,-0.011
2024-25,203999,Nikola Jokić,1610612743,DEN,C,30,70,67,0.315,142,391,0.363,0.356,0.007
2024-25,1630578,Alperen Sengun,1610612745,HOU,C,22,76,75,0.317,140,390,0.359,0.353,0.006
2024-25,1641717,Cason Wallace,1610612760,OKC,G,21,68,68,0.565,147,389,0.378,0.359,0.019
2024-25,1628991,Jaren Jackson Jr.,1610612763,MEM,F-C,25,74,73,0.393,131,387,0.339,0.355,-0.017
2024-25,1626164,Devin Booker,1610612756,PHX,G,28,75,74,0.49,161,387,0.416,0.362,0.054
2024-25,1630162,Anthony Edwards,1610612750,MIN,G,23,79,79,0.488,141,386,0.365,0.362,0.004
2024-25,1642273,Kyshawn George,1610612764,WAS,F,21,67,67,0.442,129,386,0.334,0.358,-0.024
2024-25,1641739,Toumani Camara,1610612757,POR,F,25,78,77,0.408,136,386,0.352,0.367,-0.014
2024-25,1627826,Ivica Zubac,1610612746,LAC,C,28,80,79,0.275,133,381,0.349,0.355,-0.006
2024-25,1631117,Walker Kessler,1610612762,UTA,C,23,58,57,0.351,124,380,0.326,0.359,-0.033
2024-25,203110,Draymond Green,1610612744,GSW,F,35,68,68,0.42,129,378,0.341,0.357,-0.016
2024-25,1628969,Mikal Bridges,1610612752,NYK,G-F,28,81,78,0.401,133,374,0.356,0.359,-0.003
2024-25,201142,Kevin Durant,1610612756,PHX,F,36,62,62,0.519,140,374,0.374,0.36,0.014
2024-25,1642264,Stephon Castle,1610612759,SAS,G,20,80,78,0.459,124,373,0.332,0.36,-0.027
2024-25,203084,Harrison Barnes,1610612759,SAS,F,33,82,80,0.461,138,370,0.373,0.36,0.013
2024-25,201942,DeMar DeRozan,1610612758,SAC,G-F,35,77,76,0.503,148,368,0.402,0.366,0.037
2024-25,1630581,Josh Giddey,1610612741,CHI,G,22,69,69,0.429,125,367,0.341,0.364,-0.024
2024-25,2544,LeBron James,1610612747,LAL,F,40,70,70,0.49,120,364,0.33,0.357,-0.028
2024-25,1642267,Bub Carrington,1610612764,WAS,G,19,82,82,0.487,140,364,0.385,0.362,0.023
2024-25,1629652,Luguentz Dort,1610612760,OKC,G,26,71,71,0.552,125,362,0.345,0.363,-0.018
2024-25,1630577,Julian Champagnie,1610612759,SAS,F,24,82,78,0.465,134,362,0.37,0.361,0.009
2024-25,1626162,Kelly Oubre Jr.,1610612755,PHI,F-G,29,60,60,0.482,134,353,0.38,0.362,0.018
2024-25,1641718,Keyonte George,1610612762,UTA,G,21,67,67,0.518,119,353,0.337,0.362,-0.024
2024-25,1628970,Miles Bridges,1610612766,CHA,F,27,63,63,0.455,109,352,0.31,0.357,-0.047
2024-25,1629312,Haywood Highsmith,1610612748,MIA,F,28,74,73,0.453,134,352,0.381,0.356,0.024
2024-25,1642268,Isaiah Collier,1610612762,UTA,G,20,71,68,0.574,133,351,0.379,0.356,0.023
2024-25,1629632,Coby White,1610612741,CHI,G,25,73,73,0.465,127,350,0.363,0.363,0
2024-25,203081,Damian Lillard,1610612749,MIL,G,34,58,58,0.547,122,347,0.352,0.363,-0.012
2024-25,1642258,Zaccharie Risacher,1610612737,ATL,F,20,75,74,0.445,145,346,0.419,0.366,0.053
2024-25,202699,Tobias Harris,1610612765,DET,F,32,73,72,0.439,138,345,0.4,0.364,0.036
2024-25,203507,Giannis Antetokounmpo,1610612749,MIL,F,30,67,67,0.447,124,344,0.36,0.356,0.004
2024-25,1629639,Tyler Herro,1610612748,MIA,G,25,77,75,0.432,129,338,0.382,0.363,0.018
2024-25,1630558,Davion Mitchell,1610612748,MIA,G,26,73,70,0.527,127,337,0.377,0.368,0.009
2024-25,1630166,Deni Avdija,1610612757,POR,F,24,72,70,0.385,127,334,0.38,0.37,0.011
2024-25,203468,CJ McCollum,1610612740,NOP,G,33,56,56,0.55,117,334,0.35,0.364,-0.014
2024-25,1631165,Keon Ellis,1610612758,SAC,G,25,79,77,0.457,114,333,0.342,0.365,-0.022
2024-25,1642274,Yves Missi,1610612740,NOP,C,21,73,70,0.311,135,332,0.407,0.366,0.04
2024-25,1627759,Jaylen Brown,1610612738,BOS,G-F,28,63,63,0.49,114,332,0.343,0.364,-0.021
2024-25,1629675,Naz Reid,1610612750,MIN,C-F,25,80,80,0.38,107,331,0.323,0.359,-0.036
2024-25,202696,Nikola Vučević,1610612741,CHI,C,34,73,69,0.276,99,330,0.3,0.355,-0.055
2024-25,203952,Andrew Wiggins,1610612748,MIA,F,30,60,59,0.475,114,330,0.345,0.362,-0.017
2024-25,203501,Tim Hardaway Jr.,1610612765,DET,G-F,33,77,74,0.503,119,330,0.361,0.364,-0.003
2024-25,1630598,Aaron Wiggins,1610612760,OKC,G,26,76,76,0.471,108,328,0.329,0.356,-0.027
2024-25,1629636,Darius Garland,1610612739,CLE,G,25,75,75,0.482,127,327,0.388,0.364,0.024
2024-25,203078,Bradley Beal,1610612756,PHX,G,32,53,53,0.502,121,326,0.371,0.361,0.01
2024-25,203497,Rudy Gobert,1610612750,MIN,C,33,72,70,0.269,104,326,0.319,0.354,-0.035
2024-25,1629614,Andrew Nembhard,1610612754,IND,G-F,25,65,63,0.483,130,326,0.399,0.359,0.04
2024-25,1631260,AJ Green,1610612749,MIL,G,25,72,70,0.468,115,325,0.354,0.36,-0.006
2024-25,1628973,Jalen Brunson,1610612752,NYK,G,28,65,65,0.497,115,324,0.355,0.36,-0.005
2024-25,1642259,Alex Sarr,1610612764,WAS,C,20,67,66,0.287,107,324,0.33,0.357,-0.027
2024-25,1631097,Bennedict Mathurin,1610612754,IND,G-F,23,72,72,0.443,110,322,0.342,0.364,-0.022
2024-25,1626157,Karl-Anthony Towns,1610612752,NYK,C-F,29,72,68,0.293,122,321,0.38,0.356,0.024
2024-25,1630590,Scotty Pippen Jr.,1610612763,MEM,G,24,78,76,0.511,125,321,0.389,0.356,0.033
2024-25,1629008,Michael Porter Jr.,1610612743,DEN,F,27,77,77,0.404,111,321,0.346,0.364,-0.018
2024-25,1629628,RJ Barrett,1610612761,TOR,F-G,25,58,57,0.507,123,319,0.386,0.36,0.025
2024-25,203944,Julius Randle,1610612750,MIN,F-C,30,69,69,0.39,120,319,0.376,0.359,0.017
2024-25,1629029,Luka Dončić,1610612747,LAL,F-G,26,50,50,0.512,115,319,0.361,0.354,0.006
2024-25,1630169,Tyrese Haliburton,1610612754,IND,G,25,73,72,0.465,119,319,0.373,0.362,0.011
2024-25,1628389,Bam Adebayo,1610612748,MIA,C-F,27,78,76,0.331,118,318,0.371,0.354,0.017
2024-25,201950,Jrue Holiday,1610612738,BOS,G,35,62,62,0.504,110,316,0.348,0.357,-0.009
2024-25,1629014,Anfernee Simons,1610612757,POR,G,26,70,67,0.427,109,312,0.349,0.367,-0.017
2024-25,1630224,Jalen Green,1610612745,HOU,G,23,82,80,0.393,116,310,0.374,0.364,0.01
2024-25,1627739,Kris Dunn,1610612746,LAC,G,31,74,72,0.5,112,309,0.362,0.366,-0.004
2024-25,1628370,Malik Monk,1610612758,SAC,G,27,65,65,0.517,122,308,0.396,0.363,0.033
2024-25,1628386,Jarrett Allen,1610612739,CLE,C,27,81,74,0.276,107,308,0.347,0.357,-0.01
2024-25,1631170,Jaime Jaquez Jr.,1610612748,MIA,G,24,65,61,0.521,99,307,0.322,0.359,-0.036
2024-25,1631105,Jalen Duren,1610612765,DET,C,21,78,74,0.305,117,306,0.382,0.359,0.024
2024-25,1627752,Taurean Prince,1610612749,MIL,F,31,80,77,0.443,104,304,0.342,0.363,-0.021
2024-25,1626145,Tyus Jones,1610612756,PHX,G,29,81,80,0.508,97,304,0.319,0.361,-0.042
2024-25,1629638,Nickeil Alexander-Walker,1610612750,MIN,G,26,82,80,0.415,112,304,0.368,0.364,0.004
2024-25,1629673,Jordan Poole,1610612764,WAS,G,26,67,66,0.546,121,303,0.399,0.363,0.036
2024-25,1630534,Ochai Agbaji,1610612761,TOR,G,25,64,62,0.476,94,302,0.311,0.361,-0.05
2024-25,1630567,Scottie Barnes,1610612761,TOR,F-G,23,65,64,0.382,102,301,0.339,0.355,-0.016
2024-25,1630217,Desmond Bane,1610612753,ORL,G,27,69,67,0.464,113,301,0.375,0.365,0.011
2024-25,1630530,Trey Murphy III,1610612740,NOP,F,25,52,52,0.45,104,300,0.347,0.365,-0.019
2024-25,1642377,Jaylen Wells,1610612763,MEM,F,21,79,74,0.45,102,299,0.341,0.361,-0.02
2024-25,203915,Spencer Dinwiddie,1610612742,DAL,G,32,78,78,0.457,117,298,0.393,0.358,0.035
2024-25,1630202,Payton Pritchard,1610612738,BOS,G,27,80,75,0.481,93,297,0.313,0.359,-0.046
2024-25,1630553,Keon Johnson,1610612751,BKN,G,23,78,77,0.431,118,295,0.4,0.362,0.038
2024-25,1627741,Buddy Hield,1610612744,GSW,G,32,82,79,0.418,107,294,0.364,0.367,-0.003
2024-25,1631109,Mark Williams,1610612766,CHA,C,23,43,43,0.428,112,294,0.381,0.35,0.031
2024-25,1627736,Malik Beasley,1610612765,DET,G,28,82,82,0.507,126,293,0.43,0.366,0.064
2024-25,203076,Anthony Davis,1610612742,DAL,F-C,32,51,51,0.35,109,292,0.373,0.352,0.021
2024-25,1629060,Rui Hachimura,1610612747,LAL,F,27,59,59,0.451,101,288,0.351,0.361,-0.01
2024-25,1628398,Kyle Kuzma,1610612749,MIL,F,29,65,63,0.448,85,288,0.295,0.362,-0.067
2024-25,1631108,Max Christie,1610612742,DAL,G,22,77,73,0.369,91,288,0.316,0.356,-0.04
2024-25,1630230,Naji Marshall,1610612742,DAL,F,27,69,69,0.472,96,284,0.338,0.36,-0.022
2024-25,201939,Stephen Curry,1610612744,GSW,G,37,70,68,0.516,108,284,0.38,0.367,0.014
2024-25,1626220,Royce O'Neale,1610612756,PHX,F,32,74,71,0.431,107,282,0.379,0.364,0.015
2024-25,201566,Russell Westbrook,1610612743,DEN,G,36,75,74,0.5,98,282,0.348,0.364,-0.016
2024-25,201143,Al Horford,1610612738,BOS,C-F,39,60,59,0.392,99,281,0.352,0.357,-0.005
2024-25,1642346,Ryan Dunn,1610612756,PHX,F,22,71,67,0.444,99,280,0.354,0.363,-0.009
2024-25,1627734,Domantas Sabonis,1610612758,SAC,F-C,29,70,66,0.259,114,280,0.407,0.354,0.053
2024-25,1627777,Georges Niang,1610612737,ATL,F,32,79,78,0.433,110,277,0.397,0.348,0.049
2024-25,1628369,Jayson Tatum,1610612738,BOS,F-G,27,71,70,0.446,94,277,0.339,0.362,-0.023
2024-25,1630182,Josh Green,1610612766,CHA,G,24,67,65,0.471,101,277,0.365,0.362,0.003
2024-25,1630532,Franz Wagner,1610612753,ORL,F,23,60,57,0.48,102,276,0.37,0.36,0.009
2024-25,1631101,Shaedon Sharpe,1610612757,POR,G,22,72,67,0.466,113,275,0.411,0.364,0.046
2024-25,203471,Dennis Schröder,1610612765,DET,G,31,75,69,0.458,99,275,0.36,0.367,-0.007
2024-25,1629656,Quentin Grimes,1610612755,PHI,G,25,75,73,0.43,87,275,0.316,0.366,-0.049
2024-25,1641710,Anthony Black,1610612753,ORL,G,21,78,72,0.419,89,274,0.325,0.366,-0.041
2024-25,1627884,Derrick Jones Jr.,1610612746,LAC,F,28,77,75,0.439,85,274,0.31,0.364,-0.054
2024-25,1628989,Kevin Huerter,1610612741,CHI,G-F,26,69,67,0.453,93,273,0.341,0.357,-0.016
2024-25,1629645,Kevin Porter Jr.,1610612749,MIL,G-F,25,75,73,0.467,94,273,0.344,0.365,-0.021
2024-25,1628378,Donovan Mitchell,1610612739,CLE,G,28,71,68,0.528,101,272,0.371,0.355,0.017
2024-25,1626179,Terry Rozier,1610612748,MIA,G,31,63,59,0.514,110,271,0.406,0.363,0.043
2024-25,1629631,De'Andre Hunter,1610612739,CLE,F-G,27,64,61,0.491,99,271,0.365,0.366,-0.001
2024-25,202710,Jimmy Butler III,1610612744,GSW,F,35,55,54,0.493,100,268,0.373,0.36,0.013
2024-25,1629018,Gary Trent Jr.,1610612749,MIL,G,26,73,65,0.506,96,268,0.358,0.365,-0.007
2024-25,1641744,Zach Edey,1610612763,MEM,C,23,66,63,0.321,99,267,0.371,0.352,0.019
2024-25,1630703,Scoot Henderson,1610612757,POR,G,21,66,66,0.449,98,267,0.367,0.364,0.003
2024-25,1631212,Peyton Watson,1610612743,DEN,G,22,68,62,0.371,93,267,0.348,0.364,-0.015
2024-25,1630198,Isaiah Joe,1610612760,OKC,G,25,74,72,0.543,89,266,0.335,0.362,-0.027
2024-25,1641708,Amen Thompson,1610612745,HOU,G-F,22,69,66,0.383,84,266,0.316,0.354,-0.038
2024-25,1629661,Cameron Johnson,1610612751,BKN,F,29,57,55,0.474,95,266,0.357,0.364,-0.007
2024-25,1630533,Ziaire Williams,1610612751,BKN,F,23,63,62,0.481,85,266,0.32,0.356,-0.036
2024-25,1626181,Norman Powell,1610612746,LAC,G,32,60,58,0.556,102,265,0.385,0.365,0.019
2024-25,1627747,Caris LeVert,1610612737,ATL,G,30,64,63,0.465,90,265,0.34,0.361,-0.021
2024-25,1641731,Bilal Coulibaly,1610612764,WAS,G,20,59,58,0.434,84,265,0.317,0.365,-0.048
2024-25,1642270,Donovan Clingan,1610612757,POR,C,21,67,63,0.317,92,264,0.348,0.356,-0.007
2024-25,1630583,Santi Aldama,1610612763,MEM,F-C,24,65,64,0.421,85,264,0.322,0.36,-0.038
2024-25,1629023,P.J. Washington,1610612742,DAL,F,26,57,56,0.376,102,263,0.388,0.361,0.027
2024-25,1642271,Kyle Filipowski,1610612762,UTA,C,21,72,68,0.342,96,263,0.365,0.356,0.009
2024-25,1628436,Luke Kornet,1610612738,BOS,C-F,29,71,67,0.338,103,263,0.392,0.342,0.05
2024-25,1630592,Jalen Wilson,1610612751,BKN,F,24,79,73,0.452,95,262,0.363,0.36,0.002
2024-25,1641705,Victor Wembanyama,1610612759,SAS,F-C,21,46,45,0.312,85,262,0.324,0.355,-0.031
2024-25,1630168,Onyeka Okongwu,1610612737,ATL,F-C,24,74,71,0.273,98,261,0.375,0.352,0.023
2024-25,1627832,Fred VanVleet,1610612745,HOU,G,31,60,58,0.419,88,260,0.338,0.361,-0.022
2024-25,1629640,Keldon Johnson,1610612759,SAS,F-G,25,77,75,0.408,93,259,0.359,0.363,-0.004
2024-25,201144,Mike Conley,1610612750,MIN,G,37,70,67,0.49,91,258,0.353,0.363,-0.011
2024-25,1630178,Tyrese Maxey,1610612755,PHI,G,24,52,52,0.518,98,256,0.383,0.362,0.021
2024-25,1641824,Matas Buzelis,1610612741,CHI,F,20,77,76,0.387,92,256,0.359,0.361,-0.001
2024-25,1631094,Paolo Banchero,1610612753,ORL,F,22,46,46,0.429,87,254,0.343,0.359,-0.017
2024-25,1629216,Gabe Vincent,1610612747,LAL,G,29,72,68,0.485,92,253,0.364,0.362,0.002
2024-25,1627751,Jakob Poeltl,1610612761,TOR,C,29,57,56,0.294,100,253,0.395,0.359,0.036
2024-25,1627827,Dorian Finney-Smith,1610612747,LAL,F,32,63,62,0.381,79,252,0.313,0.361,-0.047
2024-25,1630540,Miles McBride,1610612752,NYK,G,24,63,63,0.428,92,251,0.367,0.361,0.005
2024-25,1629651,Nic Claxton,1610612751,BKN,C,26,70,66,0.313,102,250,0.408,0.363,0.045
2024-25,1631124,Julian Strawther,1610612743,DEN,G,23,64,62,0.492,95,249,0.382,0.36,0.021
2024-25,203992,Bogdan Bogdanović,1610612746,LAC,G,32,54,53,0.499,98,248,0.395,0.367,0.028
2024-25,1630541,Moses Moody,1610612744,GSW,G,23,73,71,0.472,101,248,0.407,0.365,0.042
2024-25,1626168,Trey Lyles,1610612758,SAC,F,29,69,65,0.43,83,247,0.336,0.358,-0.022
2024-25,1630551,Justin Champagnie,1610612764,WAS,G-F,24,58,54,0.455,83,247,0.336,0.357,-0.021
2024-25,1630526,Jeremiah Robinson-Earl,1610612740,NOP,F,24,66,62,0.479,81,247,0.328,0.363,-0.035
2024-25,1641722,Jordan Hawkins,1610612740,NOP,G,23,55,53,0.48,87,246,0.354,0.364,-0.01
2024-25,1629599,Amir Coffey,1610612746,LAC,G-F,28,72,66,0.492,91,245,0.371,0.368,0.003
2024-25,202691,Klay Thompson,1610612742,DAL,G,35,72,71,0.447,88,244,0.361,0.363,-0.002
2024-25,1630172,Patrick Williams,1610612741,CHI,F,23,62,61,0.441,89,242,0.368,0.359,0.009
2024-25,1628392,Isaiah Hartenstein,1610612760,OKC,C-F,27,57,56,0.314,90,241,0.373,0.359,0.014
2024-25,204001,Kristaps Porziņģis,1610612738,BOS,F-C,29,42,42,0.349,92,240,0.383,0.353,0.03
2024-25,1626167,Myles Turner,1610612754,IND,C-F,29,72,66,0.222,79,239,0.331,0.35,-0.02
2024-25,1641709,Ausar Thompson,1610612765,DET,G-F,22,59,58,0.501,73,239,0.305,0.359,-0.053
2024-25,1630191,Isaiah Stewart,1610612765,DET,F-C,24,72,64,0.283,86,239,0.36,0.356,0.004
2024-25,1629655,Daniel Gafford,1610612742,DAL,F-C,26,57,56,0.297,94,238,0.395,0.352,0.043
2024-25,1630548,Johnny Juzang,1610612762,UTA,G,24,64,61,0.452,99,238,0.416,0.364,0.052
2024-25,1626156,D'Angelo Russell,1610612751,BKN,G,29,58,55,0.441,81,237,0.342,0.364,-0.023
2024-25,1629660,Ty Jerome,1610612739,CLE,G-F,27,69,67,0.536,84,237,0.354,0.359,-0.005
2024-25,1627824,Guerschon Yabusele,1610612755,PHI,F,29,70,67,0.325,91,236,0.386,0.36,0.026
2024-25,1629012,Collin Sexton,1610612762,UTA,G,26,63,62,0.545,82,236,0.347,0.368,-0.02
2024-25,202685,Jonas Valanciunas,1610612758,SAC,C,33,81,70,0.3,108,235,0.46,0.358,0.102
2024-25,1629048,Goga Bitadze,1610612753,ORL,C-F,25,70,68,0.314,77,234,0.329,0.356,-0.027
2024-25,1631222,Jake LaRavia,1610612758,SAC,F,23,66,64,0.488,82,234,0.35,0.357,-0.007
2024-25,1630631,Jose Alvarado,1610612740,NOP,G,27,56,56,0.579,74,234,0.316,0.366,-0.049
2024-25,203484,Kentavious Caldwell-Pope,1610612763,MEM,G,32,76,72,0.434,94,232,0.405,0.37,0.035
2024-25,1628960,Grayson Allen,1610612756,PHX,G,29,64,60,0.433,85,231,0.368,0.363,0.005
2024-25,1631217,Moussa Diabaté,1610612766,CHA,F,23,69,61,0.38,79,230,0.343,0.345,-0.002
2024-25,1630170,Devin Vassell,1610612759,SAS,G-F,24,64,62,0.433,96,230,0.417,0.366,0.052
2024-25,1642261,Dalton Knecht,1610612747,LAL,F,24,74,69,0.474,88,230,0.383,0.358,0.025
2024-25,1641711,Gradey Dick,1610612761,TOR,G-F,21,54,52,0.466,88,229,0.384,0.368,0.016
2024-25,204456,T.J. McConnell,1610612754,IND,G,33,78,75,0.518,70,229,0.306,0.36,-0.054
2024-25,1629130,Duncan Robinson,1610612748,MIA,F,31,74,68,0.44,72,228,0.316,0.36,-0.044
2024-25,1628997,Caleb Martin,1610612742,DAL,F,29,45,44,0.458,83,226,0.367,0.355,0.012
2024-25,1629750,Javonte Green,1610612739,CLE,G,31,67,64,0.474,84,225,0.373,0.358,0.015
2024-25,1628978,Donte DiVincenzo,1610612750,MIN,G,28,62,59,0.497,84,225,0.373,0.362,0.012
2024-25,1630167,Obi Toppin,1610612754,IND,F,27,79,74,0.438,79,224,0.353,0.354,-0.001
2024-25,1631107,Nikola Jović,1610612748,MIA,F,22,46,44,0.445,71,224,0.317,0.36,-0.043
2024-25,1642347,Jamal Shead,1610612761,TOR,G,22,75,72,0.519,88,223,0.395,0.359,0.035
2024-25,1631095,Jabari Smith Jr.,1610612745,HOU,F,22,57,57,0.381,87,223,0.39,0.359,0.031
2024-25,1630557,Corey Kispert,1610612764,WAS,F,26,61,59,0.46,88,222,0.396,0.364,0.033
2024-25,1631114,Jalen Williams,1610612760,OKC,G-F,24,69,67,0.379,67,222,0.302,0.361,-0.059
2024-25,1641764,Brandin Podziemski,1610612744,GSW,G,22,63,59,0.434,86,222,0.387,0.366,0.022
2024-25,1630208,Nick Richards,1610612756,PHX,C,27,56,53,0.295,88,221,0.398,0.354,0.044
2024-25,1641729,Brice Sensabaugh,1610612762,UTA,F,21,70,65,0.502,88,220,0.4,0.36,0.04
2024-25,1642367,Jonathan Mogbo,1610612761,TOR,F,23,62,57,0.408,65,220,0.295,0.348,-0.053
2024-25,1629622,Max Strus,1610612739,CLE,G-F,29,50,49,0.452,82,219,0.374,0.357,0.017
2024-25,1630241,Sam Merrill,1610612739,CLE,G,29,71,68,0.446,82,218,0.376,0.357,0.019
2024-25,1631106,Tari Eason,1610612745,HOU,F,24,57,55,0.4,77,218,0.353,0.364,-0.01
2024-25,1631110,Jeremy Sochan,1610612759,SAS,F,22,54,51,0.357,74,217,0.341,0.366,-0.025
2024-25,1629630,Ja Morant,1610612763,MEM,G,25,50,50,0.476,72,216,0.333,0.358,-0.024
2024-25,1626171,Bobby Portis Jr.,1610612749,MIL,F,30,49,49,0.374,74,215,0.344,0.356,-0.012
2024-25,202681,Kyrie Irving,1610612742,DAL,G,33,50,49,0.436,71,212,0.335,0.364,-0.029
2024-25,1629611,Terance Mann,1610612737,ATL,G-F,28,67,60,0.448,72,211,0.341,0.358,-0.016
2024-25,1629634,Brandon Clarke,1610612763,MEM,F,28,64,57,0.409,79,211,0.374,0.349,0.025
2024-25,1631213,Tyrese Martin,1610612751,BKN,F,26,56,54,0.49,77,210,0.367,0.363,0.003
2024-25,201587,Nicolas Batum,1610612746,LAC,G-F,36,77,70,0.441,55,210,0.262,0.36,-0.098
2024-25,1641741,Ricky Council IV,1610612755,PHI,G,23,66,61,0.556,80,209,0.383,0.362,0.021
2024-25,1642262,Cody Williams,1610612762,UTA,F,20,50,45,0.494,86,209,0.411,0.359,0.053
2024-25,1630163,LaMelo Ball,1610612766,CHA,G,23,47,46,0.535,86,209,0.411,0.365,0.046
2024-25,203932,Aaron Gordon,1610612743,DEN,F,29,51,48,0.393,65,208,0.313,0.365,-0.053
2024-25,202331,Paul George,1610612755,PHI,F,35,41,41,0.455,82,205,0.4,0.362,0.038
2024-25,1628379,Luke Kennard,1610612763,MEM,G,29,65,60,0.482,72,201,0.358,0.368,-0.01
2024-25,1629028,Deandre Ayton,1610612757,POR,C,26,40,39,0.368,76,200,0.38,0.355,0.025
2024-25,1626172,Kevon Looney,1610612744,GSW,F,29,76,66,0.325,72,199,0.362,0.359,0.003
2024-25,1642275,Tidjane Salaün,1610612766,CHA,F,19,58,55,0.464,67,199,0.337,0.359,-0.023
2024-25,1630171,Isaac Okoro,1610612739,CLE,F-G,24,53,53,0.534,75,198,0.379,0.351,0.028
2024-25,1628998,Cody Martin,1610612756,PHX,F,29,52,50,0.459,67,197,0.34,0.361,-0.021
2024-25,1628381,John Collins,1610612762,UTA,F-C,27,40,40,0.432,68,197,0.345,0.358,-0.012
2024-25,1630552,Jalen Johnson,1610612737,ATL,F,23,36,35,0.413,60,197,0.305,0.357,-0.052
2024-25,1627936,Alex Caruso,1610612760,OKC,G,31,54,53,0.486,62,196,0.316,0.36,-0.043
2024-25,1641733,Nick Smith Jr.,1610612766,CHA,G,21,57,54,0.492,75,196,0.383,0.358,0.024
2024-25,1642348,Justin Edwards,1610612755,PHI,F,21,44,43,0.461,71,195,0.364,0.359,0.005
2024-25,1630245,Ayo Dosunmu,1610612741,CHI,G,25,45,45,0.44,70,195,0.359,0.361,-0.002
2024-25,1628976,Wendell Carter Jr.,1610612753,ORL,C-F,26,68,64,0.259,80,194,0.412,0.355,0.058
2024-25,1641730,Noah Clowney,1610612751,BKN,F-C,20,46,45,0.411,68,190,0.358,0.358,0
2024-25,203924,Jerami Grant,1610612757,POR,F,31,47,46,0.437,72,190,0.379,0.367,0.012
2024-25,1629610,DaQuan Jeffries,1610612766,CHA,G-F,27,45,43,0.514,67,189,0.354,0.359,-0.004
2024-25,1628374,Lauri Markkanen,1610612762,UTA,F-C,28,47,46,0.406,76,186,0.409,0.364,0.045
2024-25,1630573,Sam Hauser,1610612738,BOS,F,27,70,64,0.389,65,185,0.351,0.358,-0.007
2024-25,1641767,Ben Sheppard,1610612754,IND,G,23,61,60,0.471,66,185,0.357,0.363,-0.006
2024-25,1631323,Simone Fontecchio,1610612765,DET,F,29,74,65,0.463,69,185,0.373,0.355,0.018
2024-25,1630215,Jared Butler,1610612755,PHI,G,24,57,50,0.528,68,182,0.374,0.36,0.014
2024-25,1630173,Precious Achiuwa,1610612752,NYK,F,25,57,48,0.341,70,182,0.385,0.357,0.028
2024-25,1630174,Aaron Nesmith,1610612754,IND,G-F,25,45,43,0.416,66,181,0.365,0.357,0.007
2024-25,1630175,Cole Anthony,1610612763,MEM,G,25,63,56,0.447,74,178,0.416,0.365,0.051
2024-25,203486,Mason Plumlee,1610612756,PHX,F-C,35,74,63,0.256,68,178,0.382,0.354,0.028
2024-25,1641783,Tristan da Silva,1610612753,ORL,F,24,74,67,0.371,67,177,0.379,0.362,0.017
2024-25,1641842,Ronald Holland II,1610612765,DET,F,19,79,68,0.494,61,177,0.345,0.366,-0.021
2024-25,1642276,Kel'el Ware,1610612748,MIA,C,21,63,51,0.262,55,176,0.313,0.349,-0.036
2024-25,202695,Kawhi Leonard,1610612746,LAC,F,34,37,36,0.522,68,175,0.389,0.364,0.024
2024-25,1641763,Julian Phillips,1610612741,CHI,F,21,77,66,0.455,51,174,0.293,0.359,-0.066
2024-25,1629637,Jaxson Hayes,1610612747,LAL,C-F,25,56,49,0.339,65,173,0.376,0.365,0.011
2024-25,1630228,Jonathan Kuminga,1610612744,GSW,F,22,47,45,0.466,57,169,0.337,0.367,-0.03
2024-25,1641716,Jarace Walker,1610612754,IND,F,21,67,62,0.449,70,169,0.414,0.351,0.064
2024-25,1641748,Andre Jackson Jr.,1610612749,MIL,G,23,58,50,0.494,63,168,0.375,0.355,0.02
2024-25,203482,Kelly Olynyk,1610612740,NOP,F-C,34,44,42,0.409,57,166,0.343,0.353,-0.01
2024-25,1641726,Dereck Lively II,1610612742,DAL,C,21,36,35,0.302,63,166,0.38,0.36,0.02
2024-25,1631207,Dalen Terry,1610612741,CHI,F,22,71,61,0.477,46,164,0.28,0.365,-0.085
2024-25,1630625,Dalano Banton,1610612757,POR,F,25,64,56,0.445,51,163,0.313,0.365,-0.052
2024-25,1630249,Vít Krejčí,1610612737,ATL,G,25,55,50,0.399,58,162,0.358,0.356,0.002
2024-25,203994,Jusuf Nurkić,1610612766,CHA,C,30,51,47,0.296,60,161,0.373,0.346,0.027
2024-25,1629627,Zion Williamson,1610612740,NOP,F,24,30,30,0.571,58,160,0.363,0.365,-0.003
2024-25,1628380,Zach Collins,1610612741,CHI,F-C,27,63,53,0.301,55,159,0.346,0.353,-0.007
2024-25,1642345,Oso Ighodaro,1610612756,PHX,F,22,57,46,0.332,59,157,0.376,0.359,0.017
2024-25,1627732,Ben Simmons,1610612746,LAC,G-F,28,51,48,0.434,58,155,0.374,0.36,0.014
2024-25,1629659,Talen Horton-Tucker,1610612741,CHI,G,24,53,48,0.592,55,154,0.357,0.356,0.001
2024-25,203114,Khris Middleton,1610612764,WAS,F,33,37,36,0.56,57,154,0.37,0.357,0.013
2024-25,1630695,Micah Potter,1610612762,UTA,C,27,38,37,0.434,45,154,0.292,0.357,-0.064
2024-25,1642266,Ja'Kobe Walter,1610612761,TOR,G,20,52,47,0.404,39,153,0.255,0.358,-0.103
2024-25,1629674,Neemias Queta,1610612738,BOS,C,25,57,49,0.318,53,153,0.346,0.348,-0.002
2024-25,203991,Clint Capela,1610612737,ATL,C,31,55,52,0.289,59,153,0.386,0.366,0.02
2024-25,1630570,Trendon Watford,1610612751,BKN,G-F,24,43,40,0.465,52,152,0.342,0.364,-0.022
2024-25,1628449,Chris Boucher,1610612761,TOR,F,32,49,48,0.519,52,151,0.344,0.362,-0.018
2024-25,1641796,Pelle Larsson,1610612748,MIA,G,24,50,42,0.44,54,150,0.36,0.361,-0.001
2024-25,1629731,Dean Wade,1610612739,CLE,F-C,28,59,56,0.302,54,147,0.367,0.359,0.008
2024-25,1630527,Brandon Boston,1610612740,NOP,G,23,42,41,0.482,57,147,0.388,0.357,0.03
2024-25,203937,Kyle Anderson,1610612748,MIA,F-G,31,57,51,0.399,49,146,0.336,0.357,-0.022
2024-25,1628971,Bruce Brown,1610612740,NOP,G-F,28,41,39,0.482,57,144,0.396,0.365,0.03
2024-25,1631119,Jaylin Williams,1610612760,OKC,F,23,47,42,0.372,41,143,0.287,0.351,-0.065
2024-25,1642419,Jamison Battle,1610612761,TOR,F,24,54,48,0.432,51,142,0.359,0.367,-0.008
2024-25,1630200,Tre Jones,1610612741,CHI,G,25,46,41,0.528,51,142,0.359,0.364,-0.005
2024-25,1629026,Kenrich Williams,1610612760,OKC,G-F,30,69,59,0.442,42,142,0.296,0.346,-0.051
2024-25,1630231,KJ Martin,1610612762,UTA,F,24,42,38,0.475,45,141,0.319,0.356,-0.037
2024-25,1631218,Trayce Jackson-Davis,1610612744,GSW,F,25,59,50,0.297,52,141,0.369,0.358,0.011
2024-25,1627780,Gary Payton II,1610612744,GSW,G,32,61,56,0.452,49,141,0.348,0.359,-0.012
2024-25,203552,Seth Curry,1610612766,CHA,G,34,64,57,0.538,54,140,0.386,0.356,0.029
2024-25,1641737,Adem Bona,1610612755,PHI,F,22,50,42,0.28,55,139,0.396,0.343,0.052
2024-25,1630643,Jay Huff,1610612763,MEM,C,27,60,44,0.31,61,139,0.439,0.347,0.092
2024-25,1631115,Orlando Robinson,1610612761,TOR,C,24,43,36,0.343,33,139,0.237,0.34,-0.102
2024-25,1631096,Chet Holmgren,1610612760,OKC,C-F,23,32,30,0.317,58,139,0.417,0.363,0.054
2024-25,202692,Alec Burks,1610612748,MIA,G,33,49,45,0.504,41,138,0.297,0.362,-0.065
2024-25,1628366,Lonzo Ball,1610612741,CHI,G,27,34,34,0.483,52,138,0.377,0.36,0.017
2024-25,1631093,Jaden Ivey,1610612765,DET,G,23,30,29,0.481,51,138,0.37,0.361,0.008
2024-25,1630188,Jalen Smith,1610612741,CHI,F-C,25,62,56,0.294,60,135,0.444,0.37,0.074
2024-25,1629234,Drew Eubanks,1610612746,LAC,F-C,28,58,49,0.337,36,134,0.269,0.353,-0.084
2024-25,1641706,Brandon Miller,1610612766,CHA,F,22,26,26,0.462,53,133,0.398,0.356,0.042
2024-25,1631255,Karlo Matković,1610612740,NOP,F-C,24,42,37,0.314,50,133,0.376,0.368,0.008
2024-25,1630193,Immanuel Quickley,1610612761,TOR,G,26,33,33,0.5,53,133,0.398,0.355,0.043
2024-25,1627749,Dejounte Murray,1610612740,NOP,G,28,31,29,0.421,53,133,0.398,0.364,0.034
2024-25,1631157,Ryan Rollins,1610612749,MIL,G,22,52,48,0.47,44,131,0.336,0.36,-0.024
2024-25,1629003,Shake Milton,1610612747,LAL,G,28,48,45,0.56,57,131,0.435,0.362,0.073
2024-25,1630591,Jalen Suggs,1610612753,ORL,G,24,35,33,0.39,47,130,0.362,0.363,-0.001
2024-25,1630611,Gui Santos,1610612744,GSW,F,23,55,45,0.403,49,129,0.38,0.354,0.025
2024-25,1630572,Sandro Mamukelashvili,1610612759,SAS,F-C,26,58,49,0.36,42,128,0.328,0.355,-0.026
2024-25,203500,Steven Adams,1610612745,HOU,C,31,54,46,0.313,50,127,0.394,0.351,0.042
2024-25,1626166,Cameron Payne,1610612752,NYK,G,30,72,60,0.424,44,126,0.349,0.366,-0.017
2024-25,203083,Andre Drummond,1610612755,PHI,C,31,39,34,0.37,49,125,0.392,0.362,0.03
2024-25,1629726,Garrison Mathews,1610612737,ATL,G,28,44,40,0.492,47,125,0.376,0.362,0.014
2024-25,203903,Jordan Clarkson,1610612762,UTA,G,33,37,34,0.428,45,124,0.363,0.37,-0.008
2024-25,1630192,Zeke Nnaji,1610612743,DEN,F-C,24,50,41,0.374,44,122,0.361,0.354,0.006
2024-25,1628371,Jonathan Isaac,1610612753,ORL,F,27,71,58,0.287,56,121,0.463,0.357,0.106
2024-25,1628988,Aaron Holiday,1610612745,HOU,G,28,58,46,0.419,37,119,0.311,0.358,-0.047
2024-25,1642354,KJ Simpson,1610612766,CHA,G,22,34,32,0.442,48,118,0.407,0.355,0.052
2024-25,1628467,Maxi Kleber,1610612747,LAL,F,33,34,33,0.37,51,118,0.432,0.367,0.065
2024-25,1629618,Jalen Pickett,1610612743,DEN,G,25,42,36,0.515,39,118,0.331,0.352,-0.022
2024-25,203935,Marcus Smart,1610612764,WAS,G,31,33,33,0.6,38,114,0.333,0.35,-0.016
2024-25,1629013,Landry Shamet,1610612752,NYK,G,28,48,43,0.406,44,114,0.386,0.359,0.027
2024-25,1626192,Pat Connaughton,1610612749,MIL,G,32,40,38,0.471,40,113,0.354,0.347,0.007
2024-25,1642366,Quinten Post,1610612744,GSW,C,25,40,37,0.322,38,113,0.336,0.352,-0.016
2024-25,1631204,Marcus Sasser,1610612765,DET,G,24,51,42,0.44,30,111,0.27,0.358,-0.088
2024-25,1630549,Day'Ron Sharpe,1610612751,BKN,C,23,50,42,0.294,36,111,0.324,0.355,-0.031
2024-25,1629004,Svi Mykhailiuk,1610612762,UTA,G-F,28,37,34,0.464,42,110,0.382,0.36,0.021
2024-25,1630702,Jaden Hardy,1610612742,DAL,G,22,49,44,0.464,41,110,0.373,0.359,0.014
2024-25,1630322,Lindy Waters III,1610612765,DET,F,27,46,42,0.429,42,108,0.389,0.357,0.032
2024-25,1630560,Cam Thomas,1610612751,BKN,G,23,25,25,0.453,37,106,0.349,0.364,-0.015
2024-25,1642358,AJ Johnson,1610612764,WAS,G,20,26,24,0.461,32,106,0.302,0.339,-0.037
2024-25,1629626,Bol Bol,1610612756,PHX,C-F,25,32,27,0.573,46,106,0.434,0.353,0.081
2024-25,1630529,Herbert Jones,1610612740,NOP,F,26,20,20,0.477,46,106,0.434,0.36,0.074
2024-25,1641715,Cam Whitmore,1610612745,HOU,F,20,47,39,0.5,32,104,0.308,0.357,-0.049
2024-25,1629723,John Konchar,1610612763,MEM,G,29,41,39,0.438,38,102,0.373,0.351,0.022
2024-25,200768,Kyle Lowry,1610612755,PHI,G,39,35,33,0.479,42,102,0.412,0.361,0.051
2024-25,1631133,Jabari Walker,1610612757,POR,F,22,53,44,0.393,32,101,0.317,0.356,-0.039
2024-25,1631104,Blake Wesley,1610612759,SAS,G,22,51,45,0.537,41,101,0.406,0.353,0.053
2024-25,1631200,Kris Murray,1610612757,POR,F,24,57,43,0.321,39,101,0.386,0.361,0.026
2024-25,203954,Joel Embiid,1610612755,PHI,C-F,31,19,18,0.356,38,100,0.38,0.357,0.023
2024-25,1630811,Keaton Wallace,1610612737,ATL,G,26,28,25,0.544,38,99,0.384,0.369,0.014
2024-25,201569,Eric Gordon,1610612755,PHI,G,36,38,32,0.478,37,96,0.385,0.358,0.027
2024-25,203939,Dwight Powell,1610612742,DAL,F-C,33,47,43,0.306,35,96,0.365,0.352,0.012
2024-25,203914,Gary Harris,1610612753,ORL,G,30,45,36,0.452,30,95,0.316,0.362,-0.047
2024-25,1642263,Reed Sheppard,1610612745,HOU,G,21,51,41,0.377,30,95,0.316,0.353,-0.037
2024-25,1631288,Jamal Cain,1610612740,NOP,F,26,34,30,0.5,23,94,0.245,0.354,-0.109
2024-25,1642281,Jaylon Tyson,1610612739,CLE,G-F,22,38,28,0.508,22,93,0.237,0.348,-0.111
2024-25,1629646,Charles Bassey,1610612759,SAS,C-F,24,31,27,0.378,25,93,0.269,0.353,-0.085
2024-25,1642272,Jared McCain,1610612755,PHI,G,21,23,22,0.423,29,93,0.312,0.368,-0.057
2024-25,1641765,Olivier-Maxence Prosper,1610612742,DAL,F,22,47,35,0.393,31,92,0.337,0.368,-0.031
2024-25,1630256,Jae'Sean Tate,1610612745,HOU,F,29,46,40,0.495,31,92,0.337,0.372,-0.035
2024-25,1641854,Craig Porter Jr.,1610612739,CLE,G,25,45,32,0.451,37,92,0.402,0.347,0.055
2024-25,1628418,Thomas Bryant,1610612754,IND,C-F,27,64,40,0.204,29,91,0.319,0.359,-0.04
2024-25,1626153,Delon Wright,1610612752,NYK,G,33,36,30,0.431,26,91,0.286,0.363,-0.078
2024-25,202709,Cory Joseph,1610612753,ORL,G,33,46,32,0.423,26,91,0.286,0.347,-0.062
2024-25,1641794,Dillon Jones,1610612760,OKC,F,23,45,40,0.508,31,91,0.341,0.351,-0.011
2024-25,1631216,Caleb Houstan,1610612753,ORL,G,22,54,44,0.45,32,90,0.356,0.366,-0.011
2024-25,1630556,Kessler Edwards,1610612742,DAL,F,24,33,28,0.311,41,89,0.461,0.371,0.09
2024-25,1629006,Josh Okogie,1610612766,CHA,G,26,38,33,0.422,18,89,0.202,0.348,-0.146
2024-25,1641787,Tosan Evbuomwan,1610612751,BKN,F,24,28,26,0.399,32,89,0.36,0.351,0.009
2024-25,1629684,Grant Williams,1610612766,CHA,F,26,16,16,0.373,29,88,0.33,0.351,-0.021
2024-25,1641774,Tristan Vukcevic,1610612764,WAS,F,22,30,25,0.309,34,87,0.391,0.324,0.067
2024-25,203995,Vasilije Micic,1610612756,PHX,G,31,40,35,0.442,25,87,0.287,0.359,-0.072
2024-25,1641810,Antonio Reeves,1610612740,NOP,G,24,39,29,0.5,34,87,0.391,0.362,0.028
2024-25,201599,DeAndre Jordan,1610612743,DEN,C,36,53,38,0.328,25,86,0.291,0.352,-0.061
2024-25,1641724,Jett Howard,1610612753,ORL,G,21,52,41,0.437,30,86,0.349,0.367,-0.018
2024-25,1642349,Ajay Mitchell,1610612760,OKC,G,23,36,33,0.457,26,85,0.306,0.346,-0.04
2024-25,1630658,Colin Castleton,1610612761,TOR,C,25,24,20,0.415,27,85,0.318,0.351,-0.033
2024-25,1626204,Larry Nance Jr.,1610612737,ATL,F-C,32,23,22,0.435,36,84,0.429,0.353,0.075
2024-25,1630579,Jericho Sims,1610612749,MIL,C,26,47,36,0.323,29,83,0.349,0.345,0.005
2024-25,1641816,Hunter Tyson,1610612743,DEN,F,25,45,36,0.474,33,82,0.402,0.355,0.047
2024-25,1642265,Rob Dillingham,1610612750,MIN,G,20,41,33,0.509,29,82,0.354,0.366,-0.013
2024-25,1629020,Jarred Vanderbilt,1610612747,LAL,F,26,36,33,0.397,27,81,0.333,0.362,-0.029
2024-25,1628420,Monte Morris,1610612756,PHX,G,30,42,33,0.473,24,80,0.3,0.358,-0.058
2024-25,1641878,Damion Baugh,1610612766,CHA,G,24,15,15,0.572,37,79,0.468,0.36,0.108
2024-25,1629629,Cam Reddish,1610612747,LAL,F-G,25,32,28,0.434,27,79,0.342,0.356,-0.014
2024-25,1629111,Jock Landale,1610612745,HOU,C,29,38,27,0.311,28,78,0.359,0.358,0.001
2024-25,201959,Taj Gibson,1610612766,CHA,F,40,36,29,0.393,24,77,0.312,0.344,-0.032
2024-25,1628464,Daniel Theis,1610612740,NOP,F-C,33,38,33,0.292,26,77,0.338,0.361,-0.023
2024-25,1641713,GG Jackson,1610612763,MEM,F,20,27,26,0.484,32,76,0.421,0.368,0.053
2024-25,1627763,Malcolm Brogdon,1610612764,WAS,G,32,24,20,0.4,33,76,0.434,0.369,0.066
2024-25,1631221,Collin Gillespie,1610612756,PHX,G,26,30,27,0.429,33,76,0.434,0.37,0.064
2024-25,1641998,Trey Jemison III,1610612747,LAL,C,25,33,30,0.377,27,75,0.36,0.345,0.015
2024-25,1630288,Jeff Dowtin Jr.,1610612755,PHI,G,28,35,30,0.425,24,74,0.324,0.358,-0.034
2024-25,1641732,Colby Jones,1610612764,WAS,G,23,29,24,0.427,21,73,0.288,0.345,-0.057
2024-25,1630692,Jordan Goodwin,1610612747,LAL,G,26,27,26,0.406,26,73,0.356,0.362,-0.006
2024-25,1641871,Duop Reath,1610612757,POR,C,29,42,30,0.302,29,73,0.397,0.362,0.035
2024-25,1631243,Mouhamed Gueye,1610612737,ATL,F,22,32,26,0.348,27,72,0.375,0.338,0.037
2024-25,1628470,Torrey Craig,1610612738,BOS,F,34,25,20,0.526,25,72,0.347,0.346,0.001
2024-25,1628964,Mo Bamba,1610612740,NOP,C,27,32,28,0.323,30,72,0.417,0.345,0.072
2024-25,1630264,Anthony Gill,1610612764,WAS,F,32,39,34,0.538,33,71,0.465,0.357,0.108
2024-25,203901,Elfrid Payton,1610612740,NOP,G,31,24,23,0.467,26,70,0.371,0.364,0.007
2024-25,1627742,Brandon Ingram,1610612761,TOR,F,27,18,18,0.421,34,69,0.493,0.368,0.125
2024-25,1631246,Vince Williams Jr.,1610612763,MEM,G,24,26,23,0.413,29,69,0.42,0.368,0.052
2024-25,1631245,Quenton Jackson,1610612754,IND,G,26,25,22,0.479,28,69,0.406,0.351,0.055
2024-25,1630539,Kai Jones,1610612742,DAL,C-F,24,36,29,0.292,30,69,0.435,0.37,0.065
2024-25,1626158,Richaun Holmes,1610612764,WAS,F,31,31,25,0.294,27,68,0.397,0.338,0.06
2024-25,1629022,Lonnie Walker IV,1610612755,PHI,G-F,26,17,17,0.5,23,68,0.338,0.36,-0.022
2024-25,1631172,Ousmane Dieng,1610612760,OKC,F,22,35,26,0.436,20,68,0.294,0.344,-0.05
2024-25,202684,Tristan Thompson,1610612739,CLE,C-F,34,37,31,0.366,22,68,0.324,0.337,-0.014
2024-25,1628963,Marvin Bagley III,1610612763,MEM,F,26,27,21,0.447,22,67,0.328,0.353,-0.025
2024-25,202704,Reggie Jackson,1610612755,PHI,G,35,30,26,0.5,25,67,0.373,0.355,0.018
2024-25,1628975,Jevon Carter,1610612741,CHI,G,29,29,20,0.556,24,65,0.369,0.358,0.011
2024-25,1642277,Johnny Furphy,1610612754,IND,G,20,37,25,0.442,24,65,0.369,0.354,0.015
2024-25,1642269,Devin Carter,1610612758,SAC,G,23,33,28,0.5,28,65,0.431,0.364,0.067
2024-25,203926,Doug McDermott,1610612758,SAC,F,33,36,27,0.496,23,64,0.359,0.359,0
2024-25,1630243,Trevelin Queen,1610612753,ORL,G,28,28,23,0.427,20,64,0.313,0.347,-0.035
2024-25,1629021,Moritz Wagner,1610612753,ORL,F-C,28,29,27,0.325,21,63,0.333,0.368,-0.035
2024-25,1641712,Rayan Rupert,1610612757,POR,G-F,21,35,29,0.46,16,63,0.254,0.348,-0.094
2024-25,1631131,Oscar Tshiebwe,1610612762,UTA,F-C,25,14,13,0.488,24,63,0.381,0.353,0.028
2024-25,1631223,David Roddy,1610612745,HOU,F,24,31,26,0.369,24,62,0.387,0.344,0.044
2024-25,201145,Jeff Green,1610612745,HOU,F,38,32,24,0.396,20,61,0.328,0.345,-0.018
2024-25,1641740,Jaylen Clark,1610612750,MIN,G,23,37,27,0.359,22,60,0.367,0.358,0.008
2024-25,1641757,Jordan Miller,1610612746,LAC,G,25,29,24,0.451,20,60,0.333,0.359,-0.025
2024-25,1630314,Brandon Williams,1610612742,DAL,G,25,27,21,0.355,15,59,0.254,0.349,-0.094
2024-25,1631232,Keion Brooks Jr.,1610612740,NOP,F,24,13,13,0.476,31,59,0.525,0.349,0.177
2024-25,203458,Alex Len,1610612747,LAL,C,32,38,26,0.297,21,57,0.368,0.364,0.005
2024-25,1630639,A.J. Lawson,1610612761,TOR,G,24,24,24,0.456,19,57,0.333,0.35,-0.017
2024-25,1629057,Robert Williams III,1610612757,POR,C-F,27,20,19,0.324,14,56,0.25,0.36,-0.11
2024-25,1631169,Josh Minott,1610612750,MIN,F,22,37,28,0.505,20,56,0.357,0.336,0.022
2024-25,202687,Bismack Biyombo,1610612759,SAS,C,32,27,23,0.228,24,56,0.429,0.367,0.062
2024-25,1631230,Dominick Barlow,1610612737,ATL,F,22,32,25,0.289,22,56,0.393,0.352,0.041
2024-25,1630545,Terrence Shannon Jr,1610612750,MIN,G-F,24,28,23,0.585,21,55,0.382,0.353,0.029
2024-25,1630531,Jaden Springer,1610612762,UTA,G,22,28,24,0.579,18,55,0.327,0.352,-0.025
2024-25,1641736,Reece Beekman,1610612751,BKN,G,23,32,26,0.491,16,55,0.291,0.366,-0.075
2024-25,1631132,Christian Koloko,1610612747,LAL,C,25,35,23,0.31,18,54,0.333,0.344,-0.01
2024-25,1630194,Paul Reed,1610612765,DET,F,26,44,29,0.24,20,54,0.37,0.347,0.023
2024-25,1642024,Alex Reese,1610612755,PHI,F-C,26,15,12,0.366,24,53,0.453,0.364,0.089
2024-25,1631111,Wendell Moore Jr.,1610612766,CHA,G,23,29,24,0.379,16,53,0.302,0.343,-0.041
2024-25,1631248,Baylor Scheierman,1610612738,BOS,G,24,26,20,0.457,18,53,0.34,0.351,-0.011
2024-25,1641775,Jordan Walsh,1610612738,BOS,G,21,40,25,0.382,21,52,0.404,0.343,0.061
2024-25,1631103,Malaki Branham,1610612759,SAS,F,22,36,25,0.473,18,52,0.346,0.354,-0.008
2024-25,201988,Patty Mills,1610612746,LAC,G,36,26,22,0.538,15,50,0.3,0.361,-0.061
2024-25,1641721,Maxwell Lewis,1610612751,BKN,F,22,20,18,0.458,15,49,0.306,0.36,-0.054
2024-25,1630696,Dru Smith,1610612748,MIA,G,27,14,11,0.49,19,49,0.388,0.36,0.027
2024-25,1641720,Jalen Hood-Schifino,1610612755,PHI,G,22,15,14,0.441,18,49,0.367,0.365,0.002
2024-25,1642403,Isaac Jones,1610612758,SAC,F,24,33,22,0.338,16,48,0.333,0.351,-0.018
2024-25,1629162,Jordan McLaughlin,1610612759,SAS,G,29,37,26,0.475,15,48,0.313,0.332,-0.019
2024-25,203957,Dante Exum,1610612742,DAL,G,29,20,18,0.405,19,47,0.404,0.371,0.033
2024-25,1630544,Tre Mann,1610612766,CHA,G,24,13,13,0.455,12,46,0.261,0.366,-0.105
2024-25,1642382,Branden Carlson,1610612760,OKC,C,26,23,16,0.333,15,46,0.326,0.352,-0.026
2024-25,1630283,Kylor Kelley,1610612747,LAL,C,27,11,9,0.437,19,45,0.422,0.348,0.074
2024-25,1631166,Drew Timme,1610612751,BKN,F,24,9,9,0.436,15,44,0.341,0.363,-0.022
2024-25,1630550,JT Thor,1610612764,WAS,F,22,18,16,0.512,14,43,0.326,0.33,-0.005
2024-25,1630214,Xavier Tillman,1610612738,BOS,F,26,28,23,0.417,19,43,0.442,0.364,0.078
2024-25,1631098,Johnny Davis,1610612764,WAS,G,23,26,19,0.524,17,43,0.395,0.362,0.033
2024-25,1629680,Matisse Thybulle,1610612757,POR,G-F,28,15,14,0.551,11,43,0.256,0.361,-0.105
2024-25,1630542,Marcus Bagley,1610612755,PHI,F,23,10,10,0.447,13,42,0.31,0.352,-0.043
2024-25,1641798,Jaylen Martin,1610612764,WAS,G,21,13,11,0.444,15,40,0.375,0.32,0.055
2024-25,1641727,Dariq Whitehead,1610612751,BKN,G-F,20,14,13,0.488,15,40,0.375,0.354,0.021
2024-25,1631197,Jared Rhoden,1610612761,TOR,G,25,10,9,0.488,14,40,0.35,0.324,0.026
2024-25,1629011,Mitchell Robinson,1610612752,NYK,C-F,27,17,15,0.331,10,39,0.256,0.353,-0.097
2024-25,1630568,Luka Garza,1610612750,MIN,C,26,34,24,0.33,13,38,0.342,0.326,0.017
2024-25,1642278,Tyler Kolek,1610612752,NYK,G,24,25,20,0.418,11,38,0.289,0.346,-0.056
2024-25,1641745,Adam Flagler,1610612760,OKC,G,25,20,16,0.621,10,36,0.278,0.341,-0.063
2024-25,203967,Dario Saric,1610612743,DEN,F-C,31,15,12,0.347,14,35,0.4,0.352,0.048
2024-25,202066,Garrett Temple,1610612761,TOR,G-F,39,21,15,0.443,20,35,0.571,0.366,0.206
2024-25,1630538,Bones Hyland,1610612750,MIN,G,24,22,16,0.453,10,34,0.294,0.361,-0.067
2024-25,1630574,Ariel Hukporti,1610612752,NYK,C,23,22,13,0.264,9,33,0.273,0.343,-0.07
2024-25,1628365,Markelle Fultz,1610612758,SAC,G,27,17,13,0.533,10,32,0.313,0.348,-0.035
2024-25,1630699,MarJon Beauchamp,1610612752,NYK,F,24,27,18,0.554,6,31,0.194,0.344,-0.15
2024-25,1641989,Elijah Harkless,1610612762,UTA,G,25,10,9,0.536,8,30,0.267,0.357,-0.09
2024-25,1631209,Isaiah Wong,1610612766,CHA,G,24,16,11,0.476,7,30,0.233,0.348,-0.115
2024-25,1641738,Kobe Brown,1610612746,LAC,F,25,26,14,0.349,10,29,0.345,0.366,-0.021
2024-25,1629643,Chuma Okeke,1610612739,CLE,F,26,8,6,0.397,13,29,0.448,0.34,0.108
2024-25,1629052,Oshae Brissett,1610612755,PHI,F-G,27,6,6,0.509,12,29,0.414,0.353,0.061
2024-25,1630205,Lamar Stevens,1610612763,MEM,F,27,13,10,0.412,11,28,0.393,0.38,0.013
2024-25,1628981,Bruno Fernando,1610612761,TOR,F-C,26,15,10,0.38,10,27,0.37,0.351,0.019
2024-25,1642402,Enrique Freeman,1610612754,IND,F,24,18,12,0.391,8,27,0.296,0.337,-0.041
2024-25,1631306,Cole Swider,1610612754,IND,F,26,10,10,0.433,4,26,0.154,0.338,-0.184
2024-25,1631301,Jaylen Sims,1610612766,CHA,G,26,6,6,0.605,5,26,0.192,0.346,-0.154
2024-25,1631250,Pete Nance,1610612749,MIL,F,25,10,7,0.394,10,26,0.385,0.327,0.058
2024-25,1642285,Cam Spencer,1610612763,MEM,G,25,20,15,0.413,5,26,0.192,0.351,-0.159
2024-25,1641809,Drew Peterson,1610612738,BOS,F,25,16,14,0.49,7,25,0.28,0.341,-0.061
2024-25,1641723,Kobe Bufkin,1610612737,ATL,G,21,10,8,0.532,7,25,0.28,0.376,-0.096
2024-25,1641890,Tyler Smith,1610612749,MIL,F,20,15,9,0.511,7,24,0.292,0.314,-0.023
2024-25,1631466,Nate Williams,1610612745,HOU,G,26,12,9,0.479,9,23,0.391,0.34,0.052
2024-25,1630311,Pat Spencer,1610612744,GSW,G,28,27,17,0.315,12,23,0.522,0.347,0.175
2024-25,1628427,Vlatko Cancar,1610612743,DEN,F,28,10,7,0.479,6,23,0.261,0.369,-0.108
2024-25,1642355,Bronny James,1610612747,LAL,G,20,18,12,0.383,9,23,0.391,0.364,0.027
2024-25,202693,Markieff Morris,1610612747,LAL,F,35,14,10,0.418,7,23,0.304,0.355,-0.051
2024-25,201567,Kevin Love,1610612748,MIA,F-C,36,22,12,0.208,12,22,0.545,0.365,0.181
2024-25,1627814,Damion Lee,1610612756,PHX,G-F,32,17,12,0.468,5,22,0.227,0.344,-0.117
2024-25,1642461,Spencer Jones,1610612743,DEN,F,24,13,11,0.579,7,22,0.318,0.372,-0.053
2024-25,1630623,Tyson Etienne,1610612751,BKN,G,25,7,7,0.568,7,21,0.333,0.359,-0.026
2024-25,1631311,Lester Quinones,1610612740,NOP,G,24,11,10,0.375,4,21,0.19,0.349,-0.159
2024-25,1642359,Pacôme Dadiet,1610612752,NYK,F,19,16,10,0.476,6,20,0.3,0.335,-0.035
2024-25,1628396,Tony Bradley,1610612754,IND,C-F,27,9,6,0.297,4,19,0.211,0.346,-0.135
2024-25,1626196,Josh Richardson,1610612748,MIA,G,31,8,8,0.375,7,18,0.389,0.367,0.022
2024-25,1642352,Keshad Johnson,1610612748,MIA,F,24,11,9,0.4,9,18,0.5,0.347,0.153
2024-25,1629669,Jaylen Nowell,1610612764,WAS,G,25,7,6,0.333,5,17,0.294,0.342,-0.047
2024-25,1630165,Killian Hayes,1610612751,BKN,G,23,6,6,0.315,4,17,0.235,0.346,-0.111
2024-25,1641790,PJ Hall,1610612743,DEN,C,23,14,11,0.593,3,16,0.188,0.34,-0.153
2024-25,1642505,Alex Ducas,1610612760,OKC,G,24,12,8,0.485,7,16,0.438,0.346,0.091
2024-25,203109,Jae Crowder,1610612758,SAC,F,34,8,7,0.552,7,16,0.438,0.36,0.078
2024-25,1641725,Trey Alexander,1610612743,DEN,G,22,13,11,0.457,6,16,0.375,0.361,0.015
2024-25,1629650,Moses Brown,1610612742,DAL,C,25,10,7,0.208,2,16,0.125,0.328,-0.203
2024-25,1630649,Stanley Umude,1610612749,MIL,G,26,16,9,0.471,9,16,0.563,0.357,0.206
2024-25,204060,Joe Ingles,1610612750,MIN,F-G,37,12,8,0.556,4,15,0.267,0.369,-0.103
2024-25,1630537,Chris Duarte,1610612741,CHI,G,28,13,7,0.429,4,15,0.267,0.368,-0.102
2024-25,1641753,Chris Livingston,1610612749,MIL,F,21,14,7,0.357,7,15,0.467,0.343,0.124
2024-25,1630346,Matt Ryan,1610612740,NOP,F,28,13,8,0.56,4,14,0.286,0.359,-0.073
2024-25,1628995,Kevin Knox II,1610612744,GSW,F,25,8,5,0.424,5,14,0.357,0.348,0.009
2024-25,1629001,De'Anthony Melton,1610612751,BKN,G,27,6,5,0.4,5,14,0.357,0.381,-0.024
2024-25,1631303,Justin Minaya,1610612757,POR,F,26,13,7,0.298,4,14,0.286,0.359,-0.073
2024-25,200782,P.J. Tucker,1610612752,NYK,F,40,3,3,0.65,7,13,0.538,0.334,0.204
2024-25,1631247,Luke Travers,1610612739,CLE,F,23,9,7,0.429,2,12,0.167,0.295,-0.128
2024-25,1631120,JD Davison,1610612738,BOS,G,22,10,7,0.545,2,12,0.167,0.323,-0.156
2024-25,1631116,Patrick Baldwin Jr.,1610612746,LAC,F,22,15,8,0.429,6,12,0.5,0.353,0.148
2024-25,1631102,TyTy Washington Jr.,1610612756,PHX,G,23,10,7,0.364,2,12,0.167,0.358,-0.192
2024-25,1631123,Jamaree Bouyea,1610612749,MIL,G,26,4,4,0.571,4,12,0.333,0.289,0.044
2024-25,1630543,Isaiah Jackson,1610612754,IND,F,23,5,2,0.25,4,12,0.333,0.369,-0.035
2024-25,1641707,Taylor Hendricks,1610612762,UTA,F,21,3,3,0.375,3,12,0.25,0.361,-0.111
2024-25,1630528,Josh Christopher,1610612748,MIA,G,23,5,5,0.522,3,12,0.25,0.349,-0.099
2024-25,1642484,RayJ Dennis,1610612754,IND,G,24,6,4,0.522,4,12,0.333,0.284,0.049
2024-25,1642368,N'Faly Dante,1610612745,HOU,C,23,4,4,0.355,7,11,0.636,0.377,0.259
2024-25,1631210,Jacob Toppin,1610612737,ATL,F,25,9,5,0.344,6,11,0.545,0.303,0.243
2024-25,1629098,Jack McVeigh,1610612745,HOU,G-F,29,7,7,0.5,3,11,0.273,0.348,-0.075
2024-25,1630585,Marcus Garrett,1610612766,CHA,G,26,4,4,0.455,2,10,0.2,0.364,-0.164
2024-25,1631342,Daeqwon Plowden,1610612737,ATL,G-F,26,5,3,0.345,3,10,0.3,0.32,-0.02
2024-25,1642530,Yuki Kawamura,1610612763,MEM,G,24,11,5,0.435,4,10,0.4,0.358,0.043
2024-25,1631321,Sidy Cissoko,1610612757,POR,G,21,11,6,0.333,3,8,0.375,0.323,0.053
2024-25,1630604,E.J. Liddell,1610612741,CHI,F,24,9,5,0.333,6,8,0.75,0.338,0.412
2024-25,1631121,Bryce McGowens,1610612757,POR,G,22,10,8,0.571,3,8,0.375,0.292,0.083
2024-25,1642353,Cam Christie,1610612746,LAC,G,19,6,2,0.471,0,8,0,0.367,-0.367
2024-25,1642384,Isaiah Crawford,1610612758,SAC,F,23,10,5,0.438,4,7,0.571,0.346,0.225
2024-25,1641772,Nae'Qwan Tomlin,1610612739,CLE,F,24,5,3,0.269,2,7,0.286,0.259,0.027
2024-25,1642449,Tolu Smith,1610612765,DET,F,24,1,1,0.462,2,6,0.333,0.366,-0.032
2024-25,1641857,Liam Robbins,1610612749,MIL,C,25,9,5,0.375,3,6,0.5,0.355,0.145
2024-25,1630762,Phillip Wheeler,1610612755,PHI,F,23,4,3,0.462,2,6,0.333,0.36,-0.027
2024-25,201949,James Johnson,1610612754,IND,F,38,8,5,0.462,2,6,0.333,0.364,-0.031
2024-25,1641789,Jazian Gortman,1610612742,DAL,G,22,8,4,0.261,2,6,0.333,0.342,-0.008
2024-25,1630561,David Duke Jr.,1610612759,SAS,G,25,4,3,0.5,2,6,0.333,0.385,-0.052
2024-25,1641801,Emanuel Miller,1610612741,CHI,F,25,3,2,0.833,3,5,0.6,0.356,0.244
2024-25,1642422,Armel Traore,1610612747,LAL,F,22,7,3,0.333,3,5,0.6,0.379,0.221
2024-25,1641766,Adama Sanogo,1610612741,CHI,F,23,2,2,0.556,2,5,0.4,0.353,0.047
2024-25,1641734,Emoni Bates,1610612739,CLE,F,21,4,3,0.263,2,5,0.4,0.329,0.071
2024-25,1630201,Malachi Flynn,1610612759,SAS,G,27,3,3,0.357,1,5,0.2,0.349,-0.149
2024-25,1641803,Tristen Newton,1610612750,MIN,G,24,3,2,0.625,1,5,0.2,0.396,-0.196
2024-25,1642502,Malevy Leons,1610612760,OKC,F,25,5,4,0.714,3,5,0.6,0.317,0.283
2024-25,1642443,Jahmir Young,1610612741,CHI,G,24,5,3,0.556,4,5,0.8,0.324,0.476
2024-25,1642050,Jackson Rowe,1610612744,GSW,F,28,4,3,0.455,0,5,0,0.329,-0.329
2024-25,1642279,Ulrich Chomche,1610612761,TOR,C,19,6,3,0.211,2,4,0.5,0.34,0.161
2024-25,1631159,Leonard Miller,1610612750,MIN,F,21,6,4,0.5,1,4,0.25,0.25,0
2024-25,1642450,Daniss Jenkins,1610612765,DET,G,23,5,3,0.444,1,4,0.25,0.275,-0.025
2024-25,1641752,Bobi Klintman,1610612765,DET,F,22,5,3,0.364,3,4,0.75,0.33,0.42
2024-25,1631386,Taze Moore,1610612757,POR,G,27,2,1,0.667,1,4,0.25,0.341,-0.091
2024-25,1641936,Miles Norris,1610612738,BOS,F,25,3,3,0.375,0,3,0,0.291,-0.291
2024-25,1628408,PJ Dozier,1610612750,MIN,G-F,28,6,2,0.333,0,3,0,0.313,-0.313
2024-25,1630600,Isaiah Mobley,1610612755,PHI,F,25,1,1,0.188,0,3,0,0.318,-0.318
2024-25,1641755,Kevin McCullar Jr.,1610612752,NYK,G,24,3,3,0.333,2,3,0.667,0.415,0.252
2024-25,1642439,Quincy Olivari,1610612747,LAL,G,24,2,2,0.5,1,3,0.333,0.253,0.08
2024-25,1630222,Mason Jones,1610612758,SAC,G,26,5,2,0.25,2,3,0.667,0.343,0.323
2024-25,1630296,Braxton Key,1610612744,GSW,F,28,1,1,0.75,2,3,0.667,0.306,0.36
2024-25,1641779,Jalen Bridges,1610612756,PHX,F,24,3,3,1,0,3,0,0.431,-0.431
2024-25,1630227,Daishen Nix,1610612750,MIN,G,23,3,2,0.75,1,3,0.333,0.246,0.087
2024-25,1642280,Trentyn Flowers,1610612746,LAC,F,20,4,3,0.429,1,3,0.333,0.275,0.058
2024-25,1631127,Harrison Ingram,1610612759,SAS,F,22,4,2,0.25,1,2,0.5,0.39,0.111
2024-25,1631214,Alondes Williams,1610612746,LAC,G,26,1,1,0.667,0,2,0,0.302,-0.302
2024-25,1629667,Jalen McDaniels,1610612758,SAC,F,27,2,1,0.667,0,2,0,0.294,-0.294
2024-25,1626143,Jahlil Okafor,1610612754,IND,C-F,29,1,1,0.667,0,2,0,0.363,-0.363
2024-25,1629056,Terence Davis,1610612758,SAC,G,28,1,1,0.5,0,2,0,0.217,-0.217
2024-25,1642399,Jesse Edwards,1610612750,MIN,C,25,1,1,1,1,2,0.5,0.372,0.128
2024-25,1630678,Terry Taylor,1610612758,SAC,F,25,1,1,1,0,1,0,0.268,-0.268
2024-25,1641817,Anton Watson,1610612752,NYK,F,24,6,1,0.111,0,1,0,0.367,-0.367
2024-25,1642434,Riley Minix,1610612759,SAS,F,24,1,1,0.333,0,1,0,0.353,-0.353
2024-25,1630644,Mac McClung,1610612753,ORL,G,26,1,1,0.5,0,1,0,0.286,-0.286
2024-25,1641879,Yuri Collins,1610612744,GSW,G,24,2,1,0.333,0,1,0,0.256,-0.256
2024-25,1630618,D.J. Carton,1610612761,TOR,G,24,2,1,0.25,1,1,1,0.376,0.624
2024-25,1630164,James Wiseman,1610612754,IND,C,24,1,1,0.25,0,1,0,0.335,-0.335
2024-25,1627746,Skal Labissiere,1610612758,SAC,F-C,29,1,1,1,1,1,1,0.345,0.655
