SEASON,CLOSE_DEF_PERSON_ID,PLAYER_NAME,PLAYER_LAST_TEAM_ID,PLAYER_LAST_TEAM_ABBREVIATION,PLAYER_POSITION,AGE,GP,G,FREQ,FGM_LT_06,FGA_LT_06,LT_06_PCT,NS_LT_06_PCT,PLUSMINUS
2015-16,201572,Brook Lopez,1610612751,BKN,C,28,73,73,0.522,300,576,0.521,0.603,-0.082
2015-16,1626157,Karl-Anthony Towns,1610612750,MIN,C-F,20,82,82,0.51,315,560,0.563,0.601,-0.039
2015-16,202355,Hassan Whiteside,1610612748,MIA,C,27,73,73,0.527,284,557,0.51,0.597,-0.087
2015-16,203083,Andre Drummond,1610612765,DET,C,22,81,81,0.489,307,543,0.565,0.602,-0.037
2015-16,201586,Serge Ibaka,1610612760,OKC,F,26,78,78,0.448,291,539,0.54,0.593,-0.053
2015-16,2200,Pau Gasol,1610612741,CHI,C-F,35,72,72,0.521,267,534,0.5,0.608,-0.108
2015-16,201577,Robin Lopez,1610612752,NYK,C,28,82,82,0.493,259,528,0.491,0.599,-0.109
2015-16,201143,Al Horford,1610612737,ATL,C-F,30,82,82,0.457,276,519,0.532,0.595,-0.063
2015-16,101162,Marcin Gortat,1610612764,WAS,C,32,75,75,0.437,272,495,0.549,0.603,-0.053
2015-16,201599,DeAndre Jordan,1610612746,LAC,C,27,77,77,0.423,250,482,0.519,0.592,-0.073
2015-16,203486,Mason Plumlee,1610612757,POR,C-F,26,82,81,0.54,264,480,0.55,0.605,-0.055
2015-16,202328,Greg Monroe,1610612749,MIL,C-F,26,79,78,0.528,279,473,0.59,0.6,-0.01
2015-16,200794,Paul Millsap,1610612737,ATL,F,31,81,80,0.429,259,473,0.548,0.603,-0.055
2015-16,202326,DeMarcus Cousins,1610612758,SAC,C-F,25,64,63,0.424,247,457,0.54,0.595,-0.054
2015-16,203110,Draymond Green,1610612744,GSW,F,26,81,79,0.342,234,455,0.514,0.597,-0.083
2015-16,203476,Gorgui Dieng,1610612750,MIN,C-F,26,82,81,0.502,261,438,0.596,0.598,-0.002
2015-16,204001,Kristaps Porziņģis,1610612752,NYK,F-C,20,72,72,0.447,222,437,0.508,0.6,-0.091
2015-16,203500,Steven Adams,1610612760,OKC,C,22,80,79,0.409,234,432,0.542,0.601,-0.059
2015-16,203457,Nerlens Noel,1610612755,PHI,F-C,22,67,67,0.517,223,431,0.517,0.603,-0.086
2015-16,2585,Zaza Pachulia,1610612742,DAL,C,32,76,74,0.487,258,430,0.6,0.593,0.007
2015-16,201579,Roy Hibbert,1610612747,LAL,C,29,81,81,0.473,251,428,0.586,0.603,-0.017
2015-16,202687,Bismack Biyombo,1610612761,TOR,C-F,23,81,81,0.524,201,418,0.481,0.591,-0.111
2015-16,202684,Tristan Thompson,1610612739,CLE,C-F,25,81,79,0.407,232,413,0.562,0.594,-0.032
2015-16,202696,Nikola Vučević,1610612753,ORL,C,25,64,64,0.494,228,395,0.577,0.6,-0.023
2015-16,1717,Dirk Nowitzki,1610612742,DAL,F,38,75,74,0.391,220,393,0.56,0.593,-0.034
2015-16,201567,Kevin Love,1610612739,CLE,F,27,77,76,0.38,247,391,0.632,0.599,0.032
2015-16,203507,Giannis Antetokounmpo,1610612749,MIL,F,21,80,78,0.392,209,389,0.537,0.6,-0.063
2015-16,2730,Dwight Howard,1610612745,HOU,C,30,70,69,0.457,228,387,0.589,0.596,-0.007
2015-16,203497,Rudy Gobert,1610612762,UTA,C,24,61,61,0.508,185,377,0.491,0.595,-0.104
2015-16,202324,Derrick Favors,1610612762,UTA,F-C,24,62,61,0.44,190,376,0.505,0.602,-0.097
2015-16,203991,Clint Capela,1610612745,HOU,F-C,22,77,76,0.485,201,376,0.535,0.592,-0.057
2015-16,203999,Nikola Jokić,1610612743,DEN,C,21,79,75,0.485,195,371,0.526,0.601,-0.075
2015-16,203458,Alex Len,1610612756,PHX,C,23,77,73,0.452,211,368,0.573,0.597,-0.024
2015-16,101161,Amir Johnson,1610612738,BOS,F,29,78,78,0.441,193,365,0.529,0.596,-0.068
2015-16,101133,Ian Mahinmi,1610612754,IND,C,29,71,70,0.478,206,363,0.567,0.598,-0.031
2015-16,202334,Ed Davis,1610612757,POR,F-C,27,81,80,0.517,180,361,0.499,0.594,-0.096
2015-16,203944,Julius Randle,1610612747,LAL,F,21,81,79,0.395,236,361,0.654,0.599,0.054
2015-16,1626167,Myles Turner,1610612754,IND,F-C,20,60,60,0.513,184,354,0.52,0.594,-0.074
2015-16,203096,Jared Sullinger,1610612738,BOS,C-F,24,80,80,0.429,199,348,0.572,0.6,-0.028
2015-16,202683,Enes Freedom,1610612760,OKC,C,24,82,79,0.448,198,347,0.571,0.597,-0.026
2015-16,1626143,Jahlil Okafor,1610612755,PHI,C,20,53,52,0.469,189,345,0.548,0.597,-0.049
2015-16,202685,Jonas Valanciunas,1610612761,TOR,C,24,59,58,0.494,192,344,0.558,0.598,-0.04
2015-16,101106,Andrew Bogut,1610612744,GSW,C,31,70,68,0.491,175,343,0.51,0.6,-0.09
2015-16,201152,Thaddeus Young,1610612751,BKN,F,28,73,72,0.375,212,338,0.627,0.599,0.028
2015-16,201941,Jordan Hill,1610612754,IND,C,28,73,73,0.451,195,336,0.58,0.594,-0.014
2015-16,203076,Anthony Davis,1610612740,NOP,F-C,23,61,60,0.363,183,328,0.558,0.597,-0.039
2015-16,200746,LaMarcus Aldridge,1610612759,SAS,F,30,74,73,0.348,189,327,0.578,0.596,-0.018
2015-16,101107,Marvin Williams,1610612766,CHA,F,30,81,81,0.379,180,324,0.556,0.6,-0.045
2015-16,1495,Tim Duncan,1610612759,SAS,C-F,40,61,60,0.467,159,321,0.495,0.593,-0.097
2015-16,201188,Marc Gasol,1610612763,MEM,C,31,52,52,0.507,168,318,0.528,0.601,-0.073
2015-16,201585,Kosta Koufos,1610612758,SAC,C,27,77,72,0.439,169,318,0.531,0.598,-0.066
2015-16,201935,James Harden,1610612745,HOU,G,26,82,80,0.29,214,316,0.677,0.601,0.076
2015-16,203469,Cody Zeller,1610612766,CHA,C-F,23,73,72,0.464,174,314,0.554,0.6,-0.046
2015-16,202389,Timofey Mozgov,1610612739,CLE,C,29,76,74,0.44,162,310,0.523,0.602,-0.079
2015-16,203924,Jerami Grant,1610612755,PHI,F,22,77,74,0.368,166,306,0.542,0.599,-0.057
2015-16,2216,Zach Randolph,1610612763,MEM,F,34,68,63,0.442,201,304,0.661,0.596,0.065
2015-16,203382,Aron Baynes,1610612765,DET,C-F,29,80,74,0.496,161,296,0.544,0.591,-0.047
2015-16,201959,Taj Gibson,1610612741,CHI,F,31,73,69,0.375,153,294,0.52,0.599,-0.079
2015-16,2199,Tyson Chandler,1610612756,PHX,C,33,66,64,0.463,177,288,0.615,0.61,0.005
2015-16,203953,Jabari Parker,1610612749,MIL,F,21,76,72,0.319,197,287,0.686,0.599,0.088
2015-16,201162,Jared Dudley,1610612764,WAS,F,30,81,73,0.366,174,284,0.613,0.595,0.018
2015-16,203952,Andrew Wiggins,1610612750,MIN,G-F,21,81,77,0.273,176,284,0.62,0.595,0.024
2015-16,202702,Kenneth Faried,1610612743,DEN,F,26,67,66,0.423,179,282,0.635,0.595,0.039
2015-16,101141,Ersan Ilyasova,1610612753,ORL,F,29,74,70,0.4,172,273,0.63,0.594,0.036
2015-16,201583,Ryan Anderson,1610612740,NOP,F,28,66,64,0.364,167,272,0.614,0.593,0.021
2015-16,2736,Luol Deng,1610612748,MIA,F,31,74,72,0.328,175,270,0.648,0.6,0.048
2015-16,1626163,Frank Kaminsky,1610612766,CHA,C,23,80,72,0.356,151,263,0.574,0.591,-0.016
2015-16,201600,Omer Asik,1610612740,NOP,C,29,67,65,0.494,150,262,0.573,0.604,-0.032
2015-16,2561,David West,1610612759,SAS,F,35,78,70,0.406,143,256,0.559,0.588,-0.03
2015-16,203141,Mirza Teletovic,1610612756,PHX,F,30,78,68,0.368,168,255,0.659,0.594,0.065
2015-16,202720,Jon Leuer,1610612756,PHX,F,27,66,63,0.475,149,254,0.587,0.591,-0.004
2015-16,203089,John Henson,1610612749,MIL,F,25,57,56,0.539,117,253,0.462,0.594,-0.132
2015-16,2594,Kyle Korver,1610612737,ATL,G,35,80,73,0.298,158,252,0.627,0.595,0.032
2015-16,202331,Paul George,1610612754,IND,F,26,81,76,0.274,160,251,0.637,0.601,0.037
2015-16,200752,Rudy Gay,1610612758,SAC,F,29,69,65,0.297,165,249,0.663,0.602,0.061
2015-16,203115,Will Barton,1610612743,DEN,F-G,25,82,79,0.335,147,246,0.598,0.596,0.001
2015-16,201145,Jeff Green,1610612746,LAC,F,29,80,75,0.303,140,245,0.571,0.589,-0.017
2015-16,202699,Tobias Harris,1610612765,DET,F,23,75,70,0.293,148,244,0.607,0.601,0.006
2015-16,201589,Darrell Arthur,1610612743,DEN,F,28,70,63,0.377,134,238,0.563,0.603,-0.04
2015-16,202329,Al-Farouq Aminu,1610612757,POR,F,25,82,77,0.316,138,238,0.58,0.607,-0.027
2015-16,201142,Kevin Durant,1610612760,OKC,F,27,72,70,0.283,137,235,0.583,0.601,-0.018
2015-16,202691,Klay Thompson,1610612744,GSW,G,26,80,71,0.286,148,233,0.635,0.6,0.035
2015-16,202332,Cole Aldrich,1610612746,LAC,C,27,58,56,0.546,135,233,0.579,0.59,-0.01
2015-16,201160,Jason Smith,1610612753,ORL,F-C,30,75,73,0.479,126,233,0.541,0.593,-0.052
2015-16,202703,Nikola Mirotic,1610612741,CHI,F,25,66,61,0.334,148,233,0.635,0.598,0.038
2015-16,202710,Jimmy Butler III,1610612741,CHI,G-F,26,67,66,0.278,141,233,0.605,0.6,0.005
2015-16,1626156,D'Angelo Russell,1610612747,LAL,G,20,79,76,0.29,171,232,0.737,0.595,0.142
2015-16,203482,Kelly Olynyk,1610612738,BOS,C-F,25,68,64,0.336,139,229,0.607,0.589,0.018
2015-16,203932,Aaron Gordon,1610612753,ORL,F,20,77,68,0.372,128,228,0.561,0.59,-0.029
2015-16,201980,Danny Green,1610612759,SAS,G-F,29,79,70,0.304,126,227,0.555,0.592,-0.037
2015-16,202730,Lavoy Allen,1610612754,IND,F-C,27,79,71,0.364,128,224,0.571,0.598,-0.027
2015-16,202323,Evan Turner,1610612738,BOS,G-F,27,80,69,0.278,140,221,0.633,0.602,0.032
2015-16,202397,Ish Smith,1610612755,PHI,G,27,73,69,0.269,151,220,0.686,0.588,0.099
2015-16,202704,Reggie Jackson,1610612765,DET,G,26,79,72,0.248,156,218,0.716,0.588,0.127
2015-16,1626159,Justise Winslow,1610612748,MIA,F,20,78,72,0.28,128,217,0.59,0.591,-0.002
2015-16,203101,Miles Plumlee,1610612749,MIL,C,27,56,52,0.551,119,217,0.548,0.611,-0.063
2015-16,203506,Victor Oladipo,1610612753,ORL,G,24,71,66,0.258,136,214,0.636,0.598,0.037
2015-16,203903,Jordan Clarkson,1610612747,LAL,G,24,79,71,0.247,155,214,0.724,0.6,0.125
2015-16,202693,Markieff Morris,1610612764,WAS,F,26,64,59,0.341,129,213,0.606,0.601,0.005
2015-16,203105,Festus Ezeli,1610612744,GSW,C,26,46,43,0.505,109,212,0.514,0.59,-0.076
2015-16,2547,Chris Bosh,1610612748,MIA,F,32,53,53,0.328,126,212,0.594,0.6,-0.006
2015-16,201956,Omri Casspi,1610612758,SAC,F,28,68,59,0.347,143,210,0.681,0.603,0.078
2015-16,202335,Patrick Patterson,1610612761,TOR,F,27,78,74,0.307,118,209,0.565,0.588,-0.023
2015-16,200768,Kyle Lowry,1610612761,TOR,G,30,76,70,0.26,143,207,0.691,0.597,0.094
2015-16,1626161,Willie Cauley-Stein,1610612758,SAC,C,22,65,59,0.334,118,206,0.573,0.591,-0.018
2015-16,202711,Bojan Bogdanovic,1610612751,BKN,G-F,27,79,74,0.29,158,206,0.767,0.606,0.161
2015-16,101138,Brandon Bass,1610612747,LAL,F,31,64,63,0.417,131,206,0.636,0.589,0.047
2015-16,2403,Nene,1610612764,WAS,F-C,33,56,54,0.471,121,205,0.59,0.588,0.002
2015-16,202694,Marcus Morris Sr.,1610612765,DET,F,26,80,75,0.248,131,205,0.639,0.599,0.04
2015-16,202325,Wesley Johnson,1610612746,LAC,F-G,28,80,71,0.328,118,202,0.584,0.592,-0.008
2015-16,2564,Boris Diaw,1610612759,SAS,C-F,34,76,69,0.39,117,202,0.579,0.59,-0.011
2015-16,2772,Trevor Ariza,1610612745,HOU,F,31,80,72,0.273,135,199,0.678,0.599,0.079
2015-16,2440,Matt Barnes,1610612763,MEM,F,36,76,67,0.264,131,199,0.658,0.596,0.063
2015-16,203124,Kyle O'Quinn,1610612752,NYK,F-C,26,61,58,0.506,103,198,0.52,0.585,-0.065
2015-16,203086,Meyers Leonard,1610612757,POR,F-C,24,60,58,0.3,115,198,0.581,0.603,-0.022
2015-16,202695,Kawhi Leonard,1610612759,SAS,F,25,72,64,0.288,100,196,0.51,0.598,-0.087
2015-16,101112,Channing Frye,1610612739,CLE,F,33,68,61,0.406,114,196,0.582,0.601,-0.019
2015-16,203901,Elfrid Payton,1610612753,ORL,G,22,72,64,0.267,129,196,0.658,0.589,0.069
2015-16,1626144,Emmanuel Mudiay,1610612743,DEN,G,20,68,64,0.261,124,196,0.633,0.595,0.037
2015-16,202357,Nemanja Bjelica,1610612750,MIN,F,28,60,55,0.4,120,195,0.615,0.587,0.029
2015-16,203080,Thomas Robinson,1610612751,BKN,F,25,67,61,0.542,106,195,0.544,0.596,-0.052
2015-16,201967,Dante Cunningham,1610612740,NOP,F,29,78,72,0.307,126,191,0.66,0.606,0.054
2015-16,202689,Kemba Walker,1610612766,CHA,G,26,81,73,0.193,132,191,0.691,0.592,0.099
2015-16,203496,Robert Covington,1610612755,PHI,F,25,67,62,0.303,122,190,0.642,0.605,0.037
2015-16,1626164,Devin Booker,1610612756,PHX,G,19,73,67,0.277,121,190,0.637,0.591,0.046
2015-16,201578,Marreese Speights,1610612744,GSW,F-C,28,71,61,0.422,109,190,0.574,0.598,-0.024
2015-16,202322,John Wall,1610612764,WAS,G,25,77,66,0.237,118,189,0.624,0.594,0.03
2015-16,2207,Joe Johnson,1610612748,MIA,F-G,35,81,70,0.245,137,188,0.729,0.599,0.129
2015-16,203918,Rodney Hood,1610612762,UTA,G,23,79,74,0.271,122,188,0.649,0.597,0.052
2015-16,203109,Jae Crowder,1610612738,BOS,F,25,72,65,0.24,127,187,0.679,0.595,0.084
2015-16,203481,Jeff Withey,1610612762,UTA,C,26,48,42,0.556,86,185,0.465,0.594,-0.129
2015-16,2546,Carmelo Anthony,1610612752,NYK,F,32,71,64,0.305,122,184,0.663,0.602,0.061
2015-16,203138,Hollis Thompson,1610612755,PHI,G-F,25,77,70,0.278,119,183,0.65,0.601,0.049
2015-16,1626168,Trey Lyles,1610612762,UTA,F,20,76,62,0.349,110,183,0.601,0.586,0.015
2015-16,101181,Jose Calderon,1610612752,NYK,G,34,72,72,0.259,132,182,0.725,0.598,0.127
2015-16,201937,Ricky Rubio,1610612750,MIN,G,25,76,63,0.244,132,181,0.729,0.597,0.132
2015-16,202344,Trevor Booker,1610612762,UTA,F,28,77,67,0.328,116,181,0.641,0.596,0.045
2015-16,203084,Harrison Barnes,1610612744,GSW,F,24,66,61,0.278,110,181,0.608,0.611,-0.003
2015-16,203939,Dwight Powell,1610612742,DAL,F-C,24,65,57,0.418,101,180,0.561,0.598,-0.037
2015-16,202709,Cory Joseph,1610612761,TOR,G,24,79,69,0.254,101,179,0.564,0.585,-0.021
2015-16,201150,Spencer Hawes,1610612766,CHA,F-C,28,57,54,0.419,103,178,0.579,0.588,-0.009
2015-16,2449,Luis Scola,1610612761,TOR,F,36,75,69,0.313,104,178,0.584,0.606,-0.021
2015-16,201976,Patrick Beverley,1610612745,HOU,G,27,71,63,0.269,106,176,0.602,0.6,0.002
2015-16,203114,Khris Middleton,1610612749,MIL,G-F,24,79,67,0.222,120,176,0.682,0.603,0.079
2015-16,203093,Terrence Jones,1610612745,HOU,F,24,49,46,0.407,103,176,0.585,0.59,-0.004
2015-16,200782,P.J. Tucker,1610612756,PHX,F,31,82,67,0.224,105,175,0.6,0.597,0.003
2015-16,201587,Nicolas Batum,1610612766,CHA,G-F,27,70,63,0.251,113,174,0.649,0.602,0.047
2015-16,201582,Alexis Ajinca,1610612740,NOP,C,28,56,53,0.454,97,173,0.561,0.595,-0.035
2015-16,2544,LeBron James,1610612739,CLE,F,31,76,71,0.272,88,173,0.509,0.594,-0.085
2015-16,204038,Langston Galloway,1610612752,NYK,G,24,82,74,0.229,104,172,0.605,0.58,0.025
2015-16,203530,Joffrey Lauvergne,1610612743,DEN,C-F,24,58,49,0.41,100,171,0.585,0.592,-0.008
2015-16,203210,JaMychal Green,1610612763,MEM,F,26,78,67,0.37,90,171,0.526,0.594,-0.067
2015-16,203092,Tyler Zeller,1610612738,BOS,C-F,26,58,50,0.474,91,170,0.535,0.594,-0.059
2015-16,201609,Goran Dragic,1610612748,MIA,G,30,72,64,0.234,104,168,0.619,0.596,0.023
2015-16,201566,Russell Westbrook,1610612760,OKC,G,27,80,74,0.281,109,167,0.653,0.599,0.054
2015-16,203468,CJ McCollum,1610612757,POR,G,24,80,70,0.182,104,166,0.627,0.592,0.034
2015-16,203490,Otto Porter Jr.,1610612764,WAS,F,23,75,68,0.243,112,166,0.675,0.597,0.078
2015-16,203943,Noah Vonleh,1610612757,POR,F,20,77,63,0.394,96,165,0.582,0.596,-0.014
2015-16,203081,Damian Lillard,1610612757,POR,G,25,75,64,0.187,109,164,0.665,0.591,0.074
2015-16,203095,Evan Fournier,1610612753,ORL,G-F,23,78,64,0.224,111,164,0.677,0.602,0.074
2015-16,1626171,Bobby Portis Jr.,1610612741,CHI,F,21,61,55,0.349,95,163,0.583,0.591,-0.008
2015-16,203917,Nik Stauskas,1610612755,PHI,G,22,72,63,0.285,95,162,0.586,0.592,-0.006
2015-16,2746,Josh Smith,1610612745,HOU,F,30,55,49,0.392,87,162,0.537,0.605,-0.067
2015-16,203473,Dewayne Dedmon,1610612753,ORL,C,26,50,44,0.549,87,162,0.537,0.6,-0.063
2015-16,101135,David Lee,1610612742,DAL,F-C,33,52,48,0.403,94,161,0.584,0.586,-0.002
2015-16,2744,Al Jefferson,1610612766,CHA,C,31,47,44,0.389,102,160,0.638,0.599,0.038
2015-16,203079,Dion Waiters,1610612760,OKC,G,24,78,67,0.245,90,160,0.563,0.588,-0.025
2015-16,203484,Kentavious Caldwell-Pope,1610612765,DET,G,23,76,61,0.205,95,159,0.597,0.597,0.001
2015-16,201229,Anthony Tolliver,1610612765,DET,F,31,69,60,0.335,94,159,0.591,0.604,-0.013
2015-16,201933,Blake Griffin,1610612746,LAC,F,27,35,35,0.351,95,159,0.597,0.594,0.004
2015-16,202066,Garrett Temple,1610612764,WAS,G,30,79,67,0.239,90,158,0.57,0.591,-0.021
2015-16,201588,George Hill,1610612754,IND,G,30,74,60,0.195,108,158,0.684,0.589,0.094
2015-16,203460,Andre Roberson,1610612760,OKC,G,24,70,63,0.291,93,157,0.592,0.594,-0.001
2015-16,1626204,Larry Nance Jr.,1610612747,LAL,F,23,63,56,0.369,99,156,0.635,0.61,0.024
2015-16,101108,Chris Paul,1610612746,LAC,G,31,74,63,0.218,108,156,0.692,0.592,0.1
2015-16,2405,Amar'e Stoudemire,1610612748,MIA,F-C,33,50,46,0.478,82,155,0.529,0.588,-0.059
2015-16,202330,Gordon Hayward,1610612762,UTA,F,26,80,69,0.249,91,154,0.591,0.594,-0.004
2015-16,202391,Jeremy Lin,1610612766,CHA,G,27,78,64,0.217,81,154,0.526,0.591,-0.065
2015-16,203487,Michael Carter-Williams,1610612749,MIL,G,24,54,49,0.284,93,153,0.608,0.595,0.013
2015-16,1718,Paul Pierce,1610612746,LAC,F,38,68,57,0.333,91,152,0.599,0.6,-0.001
2015-16,203488,Mike Muscala,1610612737,ATL,F-C,24,52,46,0.553,80,151,0.53,0.598,-0.068
2015-16,203499,Shane Larkin,1610612751,BKN,G,23,77,66,0.265,99,151,0.656,0.583,0.073
2015-16,201942,DeMar DeRozan,1610612761,TOR,G,26,77,67,0.235,101,151,0.669,0.608,0.061
2015-16,201939,Stephen Curry,1610612744,GSW,G,28,79,66,0.177,99,151,0.656,0.591,0.065
2015-16,203914,Gary Harris,1610612743,DEN,G,21,76,61,0.216,98,150,0.653,0.605,0.048
2015-16,201147,Corey Brewer,1610612745,HOU,G-F,30,82,67,0.248,103,149,0.691,0.595,0.097
2015-16,201565,Derrick Rose,1610612741,CHI,G,27,66,61,0.231,105,149,0.705,0.591,0.114
2015-16,2743,Kris Humphries,1610612737,ATL,F,31,53,46,0.41,81,146,0.555,0.602,-0.047
2015-16,101139,CJ Miles,1610612754,IND,F-G,29,64,53,0.321,78,145,0.538,0.596,-0.058
2015-16,201584,Courtney Lee,1610612766,CHA,G,30,79,72,0.206,94,144,0.653,0.594,0.059
2015-16,203926,Doug McDermott,1610612741,CHI,F,24,81,64,0.278,105,143,0.734,0.594,0.14
2015-16,203521,Matthew Dellavedova,1610612739,CLE,G,25,76,60,0.211,93,140,0.664,0.583,0.082
2015-16,201950,Jrue Holiday,1610612740,NOP,G,26,65,54,0.203,102,140,0.729,0.594,0.135
2015-16,101109,Raymond Felton,1610612742,DAL,G,32,80,63,0.203,91,139,0.655,0.594,0.061
2015-16,200765,Rajon Rondo,1610612758,SAC,G,30,71,58,0.196,102,139,0.734,0.591,0.143
2015-16,2733,Shaun Livingston,1610612744,GSW,G,30,77,57,0.262,91,138,0.659,0.597,0.063
2015-16,201973,Jonas Jerebko,1610612738,BOS,F,29,74,62,0.333,83,138,0.601,0.587,0.015
2015-16,203897,Zach LaVine,1610612750,MIN,G,21,82,56,0.193,101,135,0.748,0.597,0.151
2015-16,2548,Dwyane Wade,1610612748,MIA,G,34,74,65,0.247,82,135,0.607,0.602,0.005
2015-16,202083,Wesley Matthews,1610612742,DAL,G-F,29,78,64,0.173,96,135,0.711,0.594,0.117
2015-16,202713,Kyle Singler,1610612760,OKC,F,28,64,51,0.385,89,134,0.664,0.596,0.068
2015-16,203145,Kent Bazemore,1610612737,ATL,F-G,26,75,62,0.209,78,134,0.582,0.601,-0.019
2015-16,203112,Quincy Acy,1610612758,SAC,F,25,56,46,0.38,74,133,0.556,0.595,-0.038
2015-16,200757,Thabo Sefolosha,1610612737,ATL,F,32,75,60,0.229,86,133,0.647,0.606,0.04
2015-16,101145,Monta Ellis,1610612754,IND,G,30,81,62,0.165,90,132,0.682,0.591,0.09
2015-16,204456,T.J. McConnell,1610612755,PHI,G,24,79,66,0.265,90,132,0.682,0.583,0.099
2015-16,203094,Andrew Nicholson,1610612753,ORL,F,26,52,42,0.426,78,132,0.591,0.596,-0.005
2015-16,101114,Deron Williams,1610612742,DAL,G,32,65,52,0.198,96,131,0.733,0.581,0.151
2015-16,203498,Shabazz Muhammad,1610612750,MIN,F,23,82,65,0.276,81,131,0.618,0.587,0.031
2015-16,203463,Ben McLemore,1610612758,SAC,G,23,67,56,0.251,89,131,0.679,0.595,0.084
2015-16,203090,Maurice Harkless,1610612757,POR,F,23,74,59,0.28,80,131,0.611,0.581,0.03
2015-16,201568,Danilo Gallinari,1610612743,DEN,F,27,53,46,0.254,87,130,0.669,0.598,0.071
2015-16,101150,Lou Williams,1610612747,LAL,G,29,67,61,0.228,90,130,0.692,0.594,0.098
2015-16,1626209,Mario Hezonja,1610612753,ORL,G-F,21,74,55,0.282,84,129,0.651,0.594,0.058
2015-16,1626158,Richaun Holmes,1610612755,PHI,F,22,50,43,0.436,69,129,0.535,0.593,-0.058
2015-16,201144,Mike Conley,1610612763,MEM,G,28,56,51,0.217,74,128,0.578,0.586,-0.008
2015-16,202340,Avery Bradley,1610612738,BOS,G,25,75,57,0.199,82,128,0.641,0.596,0.045
2015-16,203477,Isaiah Canaan,1610612755,PHI,G,25,76,63,0.251,88,128,0.688,0.58,0.107
2015-16,202738,Isaiah Thomas,1610612738,BOS,G,27,81,62,0.191,90,126,0.714,0.597,0.117
2015-16,2738,Andre Iguodala,1610612744,GSW,G-F,32,65,52,0.256,81,124,0.653,0.608,0.045
2015-16,200755,JJ Redick,1610612746,LAC,G,32,74,53,0.193,85,124,0.685,0.597,0.089
2015-16,203960,JaKarr Sampson,1610612743,DEN,G-F,23,72,60,0.305,73,124,0.589,0.591,-0.002
2015-16,203082,Terrence Ross,1610612761,TOR,F-G,25,72,58,0.218,71,122,0.582,0.598,-0.016
2015-16,202388,Donald Sloan,1610612751,BKN,G,28,59,48,0.271,92,122,0.754,0.58,0.174
2015-16,202681,Kyrie Irving,1610612739,CLE,G,24,53,48,0.268,80,122,0.656,0.586,0.07
2015-16,202338,Kevin Seraphin,1610612752,NYK,F-C,26,46,43,0.492,60,121,0.496,0.597,-0.101
2015-16,201158,Marco Belinelli,1610612758,SAC,G-F,30,67,53,0.257,88,121,0.727,0.605,0.122
2015-16,202087,Alonzo Gee,1610612740,NOP,F,29,72,59,0.243,80,121,0.661,0.593,0.068
2015-16,2419,Tayshaun Prince,1610612750,MIN,F,36,74,53,0.293,68,120,0.567,0.596,-0.029
2015-16,202734,E'Twaun Moore,1610612741,CHI,G,27,58,47,0.275,64,119,0.538,0.591,-0.053
2015-16,201961,Wayne Ellington,1610612751,BKN,G,28,76,61,0.25,89,119,0.748,0.603,0.145
2015-16,203459,Allen Crabbe,1610612757,POR,G,24,81,60,0.202,72,119,0.605,0.6,0.005
2015-16,201575,Brandon Rush,1610612744,GSW,F-G,30,68,54,0.329,74,118,0.627,0.6,0.027
2015-16,203994,Jusuf Nurkić,1610612743,DEN,C,21,31,31,0.476,74,117,0.632,0.59,0.042
2015-16,203118,Mike Scott,1610612737,ATL,F,27,73,56,0.325,66,117,0.564,0.588,-0.024
2015-16,2747,JR Smith,1610612739,CLE,G-F,30,77,62,0.203,74,117,0.632,0.599,0.034
2015-16,2555,Nick Collison,1610612760,OKC,F,35,59,49,0.398,57,113,0.504,0.583,-0.078
2015-16,1626170,Jerian Grant,1610612752,NYK,G,23,72,57,0.267,78,113,0.69,0.593,0.097
2015-16,1626246,Boban Marjanovic,1610612759,SAS,C,27,49,34,0.477,57,113,0.504,0.596,-0.091
2015-16,203503,Tony Snell,1610612741,CHI,F,24,64,47,0.256,61,113,0.54,0.598,-0.058
2015-16,203526,Raul Neto,1610612762,UTA,G,24,81,56,0.203,65,112,0.58,0.585,-0.005
2015-16,201167,Arron Afflalo,1610612752,NYK,G,30,71,54,0.175,78,111,0.703,0.596,0.106
2015-16,203200,Justin Holiday,1610612741,CHI,G,27,47,39,0.389,59,111,0.532,0.598,-0.066
2015-16,201951,Ty Lawson,1610612754,IND,G,28,63,49,0.277,83,111,0.748,0.598,0.15
2015-16,1626169,Stanley Johnson,1610612765,DET,F,20,72,55,0.233,64,111,0.577,0.599,-0.023
2015-16,202688,Brandon Knight,1610612756,PHX,G,24,52,42,0.188,79,110,0.718,0.595,0.123
2015-16,101123,Gerald Green,1610612748,MIA,F,30,69,49,0.215,61,109,0.56,0.59,-0.03
2015-16,202718,Chandler Parsons,1610612742,DAL,F,27,61,47,0.217,69,109,0.633,0.589,0.044
2015-16,977,Kobe Bryant,1610612747,LAL,F-G,37,66,51,0.217,77,108,0.713,0.609,0.104
2015-16,203471,Dennis Schröder,1610612737,ATL,G,22,79,62,0.243,60,107,0.561,0.599,-0.038
2015-16,1626196,Josh Richardson,1610612748,MIA,G,22,47,38,0.273,64,107,0.598,0.584,0.014
2015-16,203078,Bradley Beal,1610612764,WAS,G,23,54,43,0.204,75,107,0.701,0.594,0.107
2015-16,1626257,Salah Mejri,1610612742,DAL,C,30,31,27,0.544,45,105,0.429,0.597,-0.169
2015-16,201601,Luc Mbah a Moute,1610612746,LAC,F,29,66,54,0.205,63,105,0.6,0.599,0.001
2015-16,203462,Archie Goodwin,1610612756,PHX,G,21,55,45,0.29,75,104,0.721,0.587,0.135
2015-16,2037,Jamal Crawford,1610612746,LAC,G,36,79,53,0.215,69,103,0.67,0.594,0.076
2015-16,201168,Tiago Splitter,1610612737,ATL,C-F,31,36,31,0.387,58,103,0.563,0.593,-0.03
2015-16,202337,Luke Babbitt,1610612740,NOP,F,27,42,32,0.295,70,103,0.68,0.598,0.082
2015-16,200751,Randy Foye,1610612760,OKC,G,32,80,59,0.215,62,103,0.602,0.586,0.016
2015-16,201171,Carl Landry,1610612755,PHI,F,32,34,32,0.427,63,102,0.618,0.593,0.024
2015-16,203900,Markel Brown,1610612751,BKN,G,24,55,41,0.336,65,102,0.637,0.601,0.036
2015-16,203186,Willie Reed,1610612751,BKN,F-C,26,37,34,0.513,59,101,0.584,0.589,-0.005
2015-16,204028,Tarik Black,1610612747,LAL,C-F,24,38,35,0.441,58,101,0.574,0.608,-0.034
2015-16,2225,Tony Parker,1610612759,SAS,G,34,72,48,0.176,66,101,0.653,0.589,0.064
2015-16,201952,Jeff Teague,1610612737,ATL,G,28,79,58,0.152,68,101,0.673,0.596,0.077
2015-16,201149,Joakim Noah,1610612741,CHI,C,31,29,28,0.334,64,101,0.634,0.585,0.048
2015-16,2760,Anderson Varejao,1610612744,GSW,F,33,49,41,0.391,66,100,0.66,0.59,0.07
2015-16,202682,Derrick Williams,1610612752,NYK,F,25,77,55,0.214,66,97,0.68,0.593,0.088
2015-16,201988,Patty Mills,1610612759,SAS,G,27,81,57,0.209,74,96,0.771,0.584,0.187
2015-16,201196,Ramon Sessions,1610612764,WAS,G,30,82,56,0.213,66,96,0.688,0.586,0.101
2015-16,708,Kevin Garnett,1610612750,MIN,F,40,38,31,0.487,59,96,0.615,0.592,0.023
2015-16,203948,Johnny O'Bryant III,1610612749,MIL,F-C,23,62,46,0.32,61,95,0.642,0.595,0.047
2015-16,202700,Donatas Motiejunas,1610612745,HOU,F-C,25,36,30,0.393,62,95,0.653,0.598,0.055
2015-16,202339,Eric Bledsoe,1610612756,PHX,G,26,31,31,0.232,61,94,0.649,0.584,0.065
2015-16,2570,Kendrick Perkins,1610612740,NOP,C,31,37,33,0.381,59,93,0.634,0.609,0.026
2015-16,201954,Darren Collison,1610612758,SAC,G,28,73,53,0.149,70,93,0.753,0.602,0.151
2015-16,1626178,Rondae Hollis-Jefferson,1610612751,BKN,G-F,21,29,29,0.36,53,93,0.57,0.614,-0.044
2015-16,203524,Solomon Hill,1610612754,IND,F,25,50,39,0.316,59,93,0.634,0.592,0.043
2015-16,203937,Kyle Anderson,1610612759,SAS,F,22,72,46,0.257,58,92,0.63,0.585,0.045
2015-16,200745,Andrea Bargnani,1610612751,BKN,C-F,30,45,38,0.435,66,91,0.725,0.594,0.131
2015-16,201574,Jason Thompson,1610612761,TOR,F-C,29,44,39,0.467,50,91,0.549,0.58,-0.03
2015-16,201573,Jerryd Bayless,1610612749,MIL,G,27,52,46,0.21,55,91,0.604,0.596,0.008
2015-16,2754,Tony Allen,1610612763,MEM,G-F,34,64,50,0.207,60,91,0.659,0.594,0.065
2015-16,203085,Austin Rivers,1610612746,LAC,G,23,66,50,0.203,46,90,0.511,0.589,-0.078
2015-16,201156,Nick Young,1610612747,LAL,F-G,31,54,41,0.311,63,90,0.7,0.599,0.101
2015-16,203087,Jeremy Lamb,1610612766,CHA,G,24,66,50,0.2,56,90,0.622,0.597,0.025
2015-16,203187,Chris Johnson,1610612762,UTA,F,26,61,46,0.3,52,89,0.584,0.599,-0.015
2015-16,101111,Charlie Villanueva,1610612742,DAL,F,31,52,35,0.343,56,87,0.644,0.594,0.05
2015-16,200797,Ryan Hollins,1610612763,MEM,C,31,34,29,0.446,46,87,0.529,0.605,-0.076
2015-16,203935,Marcus Smart,1610612738,BOS,G,22,61,44,0.189,50,86,0.581,0.595,-0.014
2015-16,201580,JaVale McGee,1610612742,DAL,C,28,33,28,0.57,52,86,0.605,0.587,0.018
2015-16,203798,PJ Hairston,1610612763,MEM,F-G,23,64,44,0.212,46,86,0.535,0.594,-0.059
2015-16,1891,Jason Terry,1610612745,HOU,G,38,71,43,0.213,69,86,0.802,0.603,0.199
2015-16,202697,Iman Shumpert,1610612739,CLE,G,26,54,41,0.217,57,84,0.679,0.611,0.068
2015-16,2210,Richard Jefferson,1610612739,CLE,F,36,73,47,0.2,55,83,0.663,0.591,0.072
2015-16,201945,Gerald Henderson,1610612757,POR,G,28,70,41,0.21,40,83,0.482,0.594,-0.112
2015-16,1626173,Rashad Vaughn,1610612749,MIL,G,19,67,50,0.263,57,83,0.687,0.596,0.091
2015-16,204020,Tyler Johnson,1610612748,MIA,G,24,36,31,0.272,43,82,0.524,0.584,-0.06
2015-16,201569,Eric Gordon,1610612740,NOP,G,27,45,39,0.234,53,82,0.646,0.585,0.062
2015-16,2734,Devin Harris,1610612742,DAL,G,33,64,44,0.218,60,82,0.732,0.576,0.156
2015-16,203933,T.J. Warren,1610612756,PHX,F,22,46,37,0.281,56,82,0.683,0.612,0.071
2015-16,2756,Sasha Vujacic,1610612752,NYK,G,32,53,42,0.284,53,82,0.646,0.601,0.045
2015-16,204060,Joe Ingles,1610612762,UTA,F,28,76,42,0.252,57,81,0.704,0.601,0.102
2015-16,202498,Lance Thomas,1610612752,NYK,F,28,56,38,0.233,48,81,0.593,0.61,-0.017
2015-16,1626162,Kelly Oubre Jr.,1610612764,WAS,F,20,49,38,0.326,53,79,0.671,0.614,0.057
2015-16,201977,Marcus Thornton,1610612764,WAS,F-G,29,60,45,0.268,51,79,0.646,0.601,0.045
2015-16,101127,Jarrett Jack,1610612751,BKN,G,32,32,28,0.223,49,77,0.636,0.601,0.036
2015-16,202714,Shelvin Mack,1610612762,UTA,G,26,48,33,0.187,52,77,0.675,0.597,0.078
2015-16,203156,Henry Sims,1610612751,BKN,C-F,26,14,14,0.608,58,76,0.763,0.609,0.154
2015-16,1713,Vince Carter,1610612763,MEM,G-F,39,59,39,0.226,54,76,0.711,0.596,0.115
2015-16,203940,Adreian Payne,1610612750,MIN,F,25,46,38,0.429,52,76,0.684,0.606,0.079
2015-16,203504,Trey Burke,1610612762,UTA,G,23,63,44,0.197,51,76,0.671,0.588,0.083
2015-16,201596,Mario Chalmers,1610612748,MIA,G,30,61,43,0.197,51,76,0.671,0.578,0.093
2015-16,2365,Chris Andersen,1610612763,MEM,F-C,37,26,24,0.49,47,75,0.627,0.594,0.033
2015-16,201177,Josh McRoberts,1610612748,MIA,F,29,41,30,0.31,42,74,0.568,0.593,-0.026
2015-16,201571,D.J. Augustin,1610612743,DEN,G,28,62,38,0.219,58,73,0.795,0.594,0.201
2015-16,201581,JJ Hickson,1610612764,WAS,C-F,27,32,22,0.406,36,73,0.493,0.579,-0.086
2015-16,202708,Norris Cole,1610612740,NOP,G,27,45,34,0.252,53,72,0.736,0.592,0.144
2015-16,201166,Aaron Brooks,1610612741,CHI,G,31,69,44,0.19,47,72,0.653,0.577,0.076
2015-16,201949,James Johnson,1610612761,TOR,F,29,56,36,0.214,39,70,0.557,0.608,-0.05
2015-16,200826,J.J. Barea,1610612742,DAL,G,32,74,46,0.141,50,69,0.725,0.586,0.139
2015-16,201155,Rodney Stuckey,1610612754,IND,G,30,57,39,0.217,42,69,0.609,0.596,0.013
2015-16,201962,Toney Douglas,1610612740,NOP,G,30,60,40,0.194,54,69,0.783,0.603,0.18
2015-16,201564,O.J. Mayo,1610612749,MIL,G,28,41,35,0.237,48,69,0.696,0.598,0.098
2015-16,201627,Anthony Morrow,1610612760,OKC,G,30,60,41,0.261,47,69,0.681,0.574,0.107
2015-16,201936,Tyreke Evans,1610612740,NOP,G-F,26,25,23,0.271,44,67,0.657,0.602,0.055
2015-16,203135,Robert Sacre,1610612747,LAL,C,27,22,19,0.486,37,67,0.552,0.6,-0.048
2015-16,2581,Steve Blake,1610612765,DET,G,36,58,39,0.176,41,67,0.612,0.586,0.026
2015-16,202341,James Anderson,1610612758,SAC,G-F,27,44,31,0.242,39,65,0.6,0.591,0.009
2015-16,203527,Ryan Kelly,1610612747,LAL,F,25,36,21,0.351,44,65,0.677,0.612,0.065
2015-16,202692,Alec Burks,1610612762,UTA,G,24,31,28,0.307,47,65,0.723,0.607,0.116
2015-16,203512,Lucas Nogueira,1610612761,TOR,C,23,25,21,0.455,30,65,0.462,0.589,-0.127
2015-16,201563,Michael Beasley,1610612745,HOU,F,27,19,19,0.445,33,65,0.508,0.596,-0.088
2015-16,203143,Pablo Prigioni,1610612746,LAC,G,39,57,35,0.241,50,63,0.794,0.59,0.204
2015-16,201960,DeMarre Carroll,1610612761,TOR,F,29,26,23,0.232,43,63,0.683,0.602,0.081
2015-16,201978,Chase Budinger,1610612756,PHX,F,28,61,38,0.221,39,62,0.629,0.598,0.031
2015-16,2399,Mike Dunleavy,1610612741,CHI,G-F,35,31,28,0.265,39,62,0.629,0.617,0.012
2015-16,202362,Lance Stephenson,1610612763,MEM,F-G,25,67,44,0.177,46,62,0.742,0.592,0.15
2015-16,1626191,Chris McCullough,1610612751,BKN,F,21,23,21,0.39,38,60,0.633,0.603,0.03
2015-16,1626166,Cameron Payne,1610612760,OKC,G,21,48,34,0.255,41,60,0.683,0.574,0.11
2015-16,1626245,Cristiano Felicio,1610612741,CHI,F-C,23,27,21,0.48,23,60,0.383,0.58,-0.197
2015-16,2755,Kevin Martin,1610612759,SAS,G,33,54,35,0.2,48,57,0.842,0.602,0.24
2015-16,1626273,Marcelo Huertas,1610612747,LAL,G,33,51,26,0.19,42,56,0.75,0.573,0.177
2015-16,1626148,Anthony Brown,1610612747,LAL,F,23,27,22,0.241,40,56,0.714,0.605,0.109
2015-16,1626147,Justin Anderson,1610612742,DAL,G-F,22,46,29,0.286,29,55,0.527,0.588,-0.061
2015-16,101179,Ronnie Price,1610612756,PHX,G,33,61,33,0.163,37,55,0.673,0.587,0.086
2015-16,2749,Jameer Nelson,1610612743,DEN,G,34,39,27,0.173,41,54,0.759,0.597,0.162
2015-16,203546,Ian Clark,1610612744,GSW,G,25,51,35,0.306,37,53,0.698,0.598,0.1
2015-16,1938,Manu Ginobili,1610612759,SAS,G,38,56,31,0.223,36,53,0.679,0.595,0.084
2015-16,201943,Brandon Jennings,1610612753,ORL,G,26,48,29,0.199,34,53,0.642,0.58,0.062
2015-16,202390,Gary Neal,1610612764,WAS,G,31,40,26,0.215,39,53,0.736,0.595,0.141
2015-16,2550,Kirk Hinrich,1610612737,ATL,G,35,42,25,0.225,37,51,0.725,0.588,0.137
2015-16,1626181,Norman Powell,1610612761,TOR,G,23,38,27,0.214,28,51,0.549,0.59,-0.041
2015-16,2757,Beno Udrih,1610612763,MEM,G,33,44,32,0.198,29,51,0.569,0.57,-0.001
2015-16,1897,Metta World Peace,1610612747,LAL,F,36,34,23,0.265,31,50,0.62,0.599,0.021
2015-16,203613,Jonathon Simmons,1610612759,SAS,G-F,26,50,31,0.239,37,50,0.74,0.603,0.137
2015-16,1626185,Jarell Martin,1610612763,MEM,F,22,26,23,0.357,27,50,0.54,0.597,-0.057
2015-16,2571,Leandro Barbosa,1610612744,GSW,G,33,68,35,0.198,34,49,0.694,0.599,0.095
2015-16,203922,Glenn Robinson III,1610612754,IND,G-F,22,39,27,0.318,31,49,0.633,0.596,0.036
2015-16,1626149,Montrezl Harrell,1610612745,HOU,F,22,32,24,0.261,29,47,0.617,0.581,0.036
2015-16,201946,Tyler Hansbrough,1610612766,CHA,F,30,35,27,0.485,25,47,0.532,0.607,-0.075
2015-16,2446,Rasual Butler,1610612759,SAS,F,37,36,24,0.331,20,46,0.435,0.597,-0.163
2015-16,1626145,Tyus Jones,1610612750,MIN,G,20,36,25,0.243,35,46,0.761,0.604,0.157
2015-16,203949,James Michael McAdoo,1610612744,GSW,F,23,34,26,0.43,34,46,0.739,0.599,0.14
2015-16,203552,Seth Curry,1610612758,SAC,G,25,40,25,0.202,31,45,0.689,0.608,0.081
2015-16,203930,Sean Kilpatrick,1610612751,BKN,G,26,30,21,0.304,35,45,0.778,0.592,0.185
2015-16,202962,Greg Smith,1610612750,MIN,C,25,18,17,0.512,30,44,0.682,0.605,0.077
2015-16,2034,Mike Miller,1610612743,DEN,G-F,36,36,23,0.308,29,44,0.659,0.58,0.08
2015-16,203898,Tyler Ennis,1610612749,MIL,G,21,39,26,0.211,30,44,0.682,0.572,0.11
2015-16,201228,C.J. Watson,1610612753,ORL,G,32,32,23,0.221,32,44,0.727,0.597,0.131
2015-16,203501,Tim Hardaway Jr.,1610612737,ATL,G,24,51,26,0.156,29,43,0.674,0.601,0.073
2015-16,2592,James Jones,1610612739,CLE,G-F,35,39,25,0.358,29,43,0.674,0.593,0.081
2015-16,203508,Sergey Karasev,1610612751,BKN,G-F,22,35,21,0.282,28,42,0.667,0.626,0.04
2015-16,201148,Brandan Wright,1610612763,MEM,F,28,12,12,0.5,19,41,0.463,0.575,-0.112
2015-16,1882,Elton Brand,1610612755,PHI,F,37,16,14,0.411,26,39,0.667,0.584,0.082
2015-16,2590,Mo Williams,1610612739,CLE,G,33,36,20,0.184,25,39,0.641,0.573,0.068
2015-16,204025,Tim Frazier,1610612740,NOP,G,25,39,23,0.167,25,39,0.641,0.599,0.042
2015-16,200811,Lou Amundson,1610612752,NYK,F,33,28,23,0.448,19,39,0.487,0.592,-0.105
2015-16,202706,Jordan Hamilton,1610612740,NOP,G-F,25,11,10,0.336,29,38,0.763,0.593,0.17
2015-16,203098,John Jenkins,1610612756,PHX,G,25,36,22,0.27,28,38,0.737,0.606,0.131
2015-16,2400,Drew Gooden,1610612764,WAS,F,34,25,17,0.349,24,38,0.632,0.582,0.05
2015-16,1626202,Joe Young,1610612754,IND,G,24,33,19,0.316,25,37,0.676,0.562,0.113
2015-16,202349,Greivis Vasquez,1610612749,MIL,G,29,23,18,0.279,23,36,0.639,0.603,0.036
2015-16,2588,Matt Bonner,1610612759,SAS,C-F,36,23,16,0.414,18,36,0.5,0.571,-0.071
2015-16,202379,Jeremy Evans,1610612742,DAL,F,28,23,17,0.321,22,35,0.629,0.617,0.012
2015-16,201971,DeJuan Blair,1610612764,WAS,C-F,27,23,16,0.407,20,33,0.606,0.583,0.023
2015-16,201593,Nikola Pekovic,1610612750,MIN,C,30,12,12,0.525,21,32,0.656,0.579,0.077
2015-16,203099,Jared Cunningham,1610612739,CLE,G,25,30,17,0.263,21,31,0.677,0.58,0.098
2015-16,203123,Kostas Papanikolaou,1610612743,DEN,F,25,23,16,0.242,20,30,0.667,0.619,0.048
2015-16,203493,Reggie Bullock Jr.,1610612765,DET,F,25,28,14,0.227,20,30,0.667,0.593,0.073
2015-16,1626174,Christian Wood,1610612755,PHI,F,20,15,12,0.417,14,30,0.467,0.551,-0.084
2015-16,203934,Lamar Patterson,1610612737,ATL,G-F,24,32,19,0.233,23,30,0.767,0.607,0.16
2015-16,203894,Shabazz Napier,1610612753,ORL,G,24,46,21,0.155,24,29,0.828,0.601,0.227
2015-16,203492,Ray McCallum,1610612759,SAS,G,25,28,18,0.212,16,29,0.552,0.585,-0.034
2015-16,203148,Brian Roberts,1610612757,POR,G,30,44,22,0.163,18,28,0.643,0.607,0.036
2015-16,203909,KJ McDaniels,1610612745,HOU,G-F,23,25,17,0.338,16,27,0.593,0.588,0.005
2015-16,203584,Troy Daniels,1610612766,CHA,G,24,36,17,0.191,20,26,0.769,0.568,0.201
2015-16,204014,Damjan Rudez,1610612750,MIN,F,30,27,16,0.263,16,26,0.615,0.586,0.029
2015-16,1626214,Bryce Dejean-Jones,1610612740,NOP,G,23,12,10,0.342,12,26,0.462,0.585,-0.123
2015-16,2617,Udonis Haslem,1610612748,MIA,F,36,29,17,0.325,18,26,0.692,0.576,0.116
2015-16,1626253,Axel Toupane,1610612743,DEN,G-F,23,21,13,0.22,19,26,0.731,0.604,0.127
2015-16,1889,Andre Miller,1610612759,SAS,G,40,35,19,0.152,20,25,0.8,0.599,0.201
2015-16,201603,Sonny Weems,1610612756,PHX,G-F,29,35,22,0.218,23,24,0.958,0.6,0.359
2015-16,201202,Joel Anthony,1610612765,DET,C,33,17,12,0.462,16,24,0.667,0.584,0.083
2015-16,203142,Chris Copeland,1610612749,MIL,F,32,20,11,0.358,12,24,0.5,0.594,-0.094
2015-16,203088,Kendall Marshall,1610612755,PHI,G,24,24,16,0.221,16,23,0.696,0.584,0.111
2015-16,1626179,Terry Rozier,1610612738,BOS,G,22,29,16,0.284,15,23,0.652,0.582,0.07
2015-16,201965,Jeff Ayres,1610612746,LAC,F-C,29,15,11,0.512,16,22,0.727,0.553,0.174
2015-16,203077,Michael Kidd-Gilchrist,1610612766,CHA,F,22,7,7,0.282,12,22,0.545,0.616,-0.07
2015-16,1626210,Alan Williams,1610612756,PHX,C-F,23,7,5,0.568,8,21,0.381,0.579,-0.199
2015-16,203906,Devyn Marble,1610612753,ORL,F,23,22,11,0.266,15,21,0.714,0.605,0.109
2015-16,1627293,Alex Stepheson,1610612763,MEM,F,28,7,6,0.477,8,21,0.381,0.622,-0.241
2015-16,1626154,RJ Hunter,1610612738,BOS,G,22,26,15,0.267,14,20,0.7,0.607,0.093
2015-16,203996,Damien Inglis,1610612749,MIL,F,21,14,11,0.351,10,20,0.5,0.609,-0.109
2015-16,202407,Elijah Millsap,1610612762,UTA,G-F,28,16,11,0.277,11,18,0.611,0.601,0.01
2015-16,203923,James Young,1610612738,BOS,G-F,20,21,11,0.243,11,18,0.611,0.61,0.001
2015-16,1626153,Delon Wright,1610612761,TOR,G,24,18,9,0.27,9,17,0.529,0.581,-0.051
2015-16,204002,Edy Tavares,1610612737,ATL,C,24,8,5,0.447,9,17,0.529,0.586,-0.057
2015-16,201619,Sasha Kaun,1610612739,CLE,C,31,15,9,0.516,6,16,0.375,0.546,-0.171
2015-16,2406,Caron Butler,1610612758,SAC,F,36,13,11,0.288,9,15,0.6,0.606,-0.006
2015-16,203516,James Ennis III,1610612740,NOP,F,25,15,9,0.152,12,15,0.8,0.583,0.217
2015-16,203515,Phil Pressey,1610612757,POR,G,25,20,9,0.183,13,15,0.867,0.594,0.273
2015-16,101187,Alan Anderson,1610612764,WAS,F-G,33,12,8,0.234,12,15,0.8,0.576,0.224
2015-16,200770,Jordan Farmar,1610612763,MEM,G,29,12,10,0.158,9,15,0.6,0.6,0
2015-16,1626199,Darrun Hilliard,1610612765,DET,F,23,27,11,0.174,8,15,0.533,0.593,-0.06
2015-16,202353,Tibor Pleiss,1610612762,UTA,C,26,6,5,0.469,10,15,0.667,0.628,0.038
2015-16,204098,Xavier Munford,1610612763,MEM,G,24,14,8,0.194,12,14,0.857,0.612,0.245
2015-16,203921,Cleanthony Early,1610612752,NYK,F,25,11,6,0.269,7,14,0.5,0.592,-0.092
2015-16,203895,Jordan McRae,1610612739,CLE,G,25,16,8,0.232,6,13,0.462,0.558,-0.096
2015-16,2549,Chris Kaman,1610612757,POR,C,34,15,7,0.277,7,13,0.538,0.597,-0.058
2015-16,203956,Mitch McGary,1610612760,OKC,F,24,13,10,0.433,8,13,0.615,0.589,0.026
2015-16,203928,Cory Jefferson,1610612756,PHX,F,25,5,4,0.565,7,13,0.538,0.605,-0.066
2015-16,203912,C.J. Wilcox,1610612746,LAC,G,25,18,6,0.214,7,12,0.583,0.577,0.006
2015-16,203961,Eric Moreland,1610612758,SAC,F-C,24,5,5,0.6,6,12,0.5,0.565,-0.065
2015-16,1627362,Briante Weber,1610612748,MIA,G,23,6,5,0.197,9,12,0.75,0.598,0.152
2015-16,203111,Orlando Johnson,1610612740,NOP,G,27,6,4,0.282,6,11,0.545,0.593,-0.047
2015-16,1626175,Jordan Mickey,1610612738,BOS,F,21,12,9,0.44,6,11,0.545,0.627,-0.081
2015-16,203946,Cameron Bairstow,1610612765,DET,F-C,25,15,6,0.25,3,11,0.273,0.561,-0.289
2015-16,101236,Chuck Hayes,1610612746,LAC,F-C,33,2,2,0.526,5,10,0.5,0.618,-0.118
2015-16,204067,Jarell Eddie,1610612764,WAS,G-F,24,15,6,0.222,5,10,0.5,0.605,-0.105
2015-16,203268,Jorge Gutierrez,1610612766,CHA,G,27,10,5,0.364,5,8,0.625,0.561,0.064
2015-16,200779,Steve Novak,1610612749,MIL,F,33,8,7,0.4,4,8,0.5,0.549,-0.049
2015-16,203461,Anthony Bennett,1610612761,TOR,F,23,12,6,0.267,8,8,1,0.629,0.371
2015-16,203962,Josh Huestis,1610612760,OKC,F,24,5,4,0.364,3,8,0.375,0.596,-0.221
2015-16,203485,Lorenzo Brown,1610612765,DET,G,25,8,6,0.389,5,7,0.714,0.579,0.135
2015-16,203998,Bruno Caboclo,1610612761,TOR,F,20,1,1,0.6,5,6,0.833,0.568,0.266
2015-16,1626183,Branden Dawson,1610612746,LAC,F,23,5,5,0.6,5,6,0.833,0.594,0.24
2015-16,1737,Nazr Mohammed,1610612760,OKC,C,38,4,4,0.714,3,5,0.6,0.531,0.069
2015-16,202726,Andrew Goudelock,1610612745,HOU,G,27,4,3,0.455,4,5,0.8,0.592,0.208
2015-16,203915,Spencer Dinwiddie,1610612741,CHI,G,23,11,5,0.116,3,5,0.6,0.569,0.031
2015-16,203963,Shayne Whittington,1610612754,IND,F-C,25,6,4,0.357,3,5,0.6,0.587,0.013
2015-16,203955,Bryce Cotton,1610612763,MEM,G,23,3,2,0.313,4,5,0.8,0.646,0.154
2015-16,203950,Jarnell Stokes,1610612763,MEM,F-C,22,5,5,0.625,2,5,0.4,0.595,-0.195
2015-16,1626151,Aaron Harrison,1610612766,CHA,G,21,16,5,0.2,2,5,0.4,0.607,-0.207
2015-16,1626192,Pat Connaughton,1610612757,POR,G,23,19,4,0.093,2,4,0.5,0.563,-0.063
2015-16,1626172,Kevon Looney,1610612744,GSW,F,20,5,3,0.214,2,3,0.667,0.566,0.101
2015-16,1626251,Duje Dukan,1610612758,SAC,F,24,1,1,0.333,3,3,1,0.627,0.373
2015-16,203893,Russ Smith,1610612763,MEM,G,25,8,3,0.125,3,3,1,0.633,0.367
2015-16,202712,Justin Harper,1610612751,BKN,F-C,26,2,2,0.333,0,3,0,0.602,-0.602
2015-16,203925,Joe Harris,1610612739,CLE,G,24,3,2,0.5,3,3,1,0.613,0.387
2015-16,2563,Dahntay Jones,1610612739,CLE,G-F,35,1,1,0.167,1,3,0.333,0.511,-0.178
2015-16,1626146,Cliff Alexander,1610612757,POR,F,20,6,2,0.188,2,3,0.667,0.633,0.033
2015-16,203100,Tony Wroten,1610612752,NYK,G,23,8,1,0.1,3,3,1,0.58,0.42
2015-16,201975,Jodie Meeks,1610612765,DET,G,28,3,1,0.105,1,2,0.5,0.606,-0.106
2015-16,1626242,Luis Montero,1610612757,POR,G,23,6,2,0.222,2,2,1,0.541,0.459
2015-16,203475,Erick Green,1610612743,DEN,G,25,6,2,0.143,1,2,0.5,0.54,-0.04
2015-16,202343,Elliot Williams,1610612766,CHA,G,27,5,1,0.083,1,1,1,0.641,0.359
2015-16,202690,Jimmer Fredette,1610612759,SAS,G,27,5,1,0.143,1,1,1,0.488,0.512
2015-16,203919,Jordan Adams,1610612763,MEM,G,21,2,1,0.2,1,1,1,0.559,0.441
2015-16,101126,Nate Robinson,1610612740,NOP,G,32,2,1,0.067,0,1,0,0.566,-0.566
2016-17,203497,Rudy Gobert,1610612762,UTA,C,25,81,81,0.508,303,651,0.465,0.61,-0.144
2016-17,1626167,Myles Turner,1610612754,IND,C,21,80,80,0.537,325,618,0.526,0.608,-0.082
2016-17,201577,Robin Lopez,1610612741,CHI,C,29,81,80,0.498,328,618,0.531,0.612,-0.081
2016-17,101162,Marcin Gortat,1610612764,WAS,C,33,82,82,0.462,328,542,0.605,0.608,-0.003
2016-17,203476,Gorgui Dieng,1610612750,MIN,F-C,27,82,82,0.457,315,528,0.597,0.602,-0.005
2016-17,1626157,Karl-Anthony Towns,1610612750,MIN,C,21,82,82,0.423,314,519,0.605,0.608,-0.003
2016-17,202355,Hassan Whiteside,1610612748,MIA,C,28,77,77,0.501,260,500,0.52,0.608,-0.088
2016-17,203999,Nikola Jokić,1610612743,DEN,F-C,22,72,72,0.475,307,493,0.623,0.621,0.002
2016-17,204001,Kristaps Porziņģis,1610612752,NYK,F,21,66,66,0.434,248,480,0.517,0.613,-0.096
2016-17,203110,Draymond Green,1610612744,GSW,F,27,76,76,0.383,226,463,0.488,0.604,-0.116
2016-17,202684,Tristan Thompson,1610612739,CLE,C,26,78,77,0.395,239,456,0.524,0.605,-0.081
2016-17,203486,Mason Plumlee,1610612743,DEN,C,27,81,81,0.471,236,453,0.521,0.613,-0.092
2016-17,201599,DeAndre Jordan,1610612746,LAC,C,28,81,80,0.389,245,441,0.556,0.612,-0.057
2016-17,201586,Serge Ibaka,1610612761,TOR,F,27,79,78,0.425,251,432,0.581,0.605,-0.024
2016-17,202326,DeMarcus Cousins,1610612740,NOP,F-C,26,72,72,0.427,228,430,0.53,0.618,-0.088
2016-17,203500,Steven Adams,1610612760,OKC,C,23,80,80,0.39,260,428,0.607,0.607,0
2016-17,203076,Anthony Davis,1610612740,NOP,F-C,24,75,74,0.396,230,425,0.541,0.619,-0.078
2016-17,203991,Clint Capela,1610612745,HOU,C,23,65,65,0.52,241,422,0.571,0.609,-0.038
2016-17,202696,Nikola Vučević,1610612753,ORL,C,26,75,75,0.445,251,422,0.595,0.602,-0.007
2016-17,203083,Andre Drummond,1610612765,DET,C,23,81,80,0.457,252,413,0.61,0.609,0.002
2016-17,202685,Jonas Valanciunas,1610612761,TOR,C,25,79,77,0.487,232,407,0.57,0.615,-0.045
2016-17,200794,Paul Millsap,1610612737,ATL,F,32,69,69,0.37,249,407,0.612,0.61,0.002
2016-17,203458,Alex Len,1610612756,PHX,C,24,75,73,0.474,210,400,0.525,0.613,-0.088
2016-17,202687,Bismack Biyombo,1610612753,ORL,C-F,24,81,81,0.477,224,392,0.571,0.605,-0.034
2016-17,201188,Marc Gasol,1610612763,MEM,C,32,74,73,0.461,210,391,0.537,0.612,-0.075
2016-17,201143,Al Horford,1610612738,BOS,C,31,68,68,0.388,223,386,0.578,0.604,-0.026
2016-17,203507,Giannis Antetokounmpo,1610612749,MIL,F-G,22,80,80,0.4,190,375,0.507,0.614,-0.107
2016-17,101161,Amir Johnson,1610612738,BOS,F,30,80,76,0.462,185,356,0.52,0.61,-0.09
2016-17,203944,Julius Randle,1610612747,LAL,F,22,74,71,0.392,218,352,0.619,0.613,0.006
2016-17,201572,Brook Lopez,1610612751,BKN,C,29,75,74,0.347,194,351,0.553,0.611,-0.058
2016-17,203994,Jusuf Nurkić,1610612757,POR,C,22,63,62,0.53,194,349,0.556,0.61,-0.054
2016-17,1626195,Willy Hernangomez,1610612752,NYK,C,23,72,67,0.537,202,347,0.582,0.608,-0.026
2016-17,2200,Pau Gasol,1610612759,SAS,C,36,63,63,0.475,191,343,0.557,0.612,-0.055
2016-17,202328,Greg Monroe,1610612749,MIL,C,27,80,80,0.478,226,339,0.667,0.604,0.063
2016-17,203952,Andrew Wiggins,1610612750,MIN,F,22,82,80,0.304,232,334,0.695,0.618,0.077
2016-17,202693,Markieff Morris,1610612764,WAS,F,27,76,74,0.362,194,329,0.59,0.606,-0.016
2016-17,201935,James Harden,1610612745,HOU,G,27,81,79,0.308,225,328,0.686,0.609,0.077
2016-17,203460,Andre Roberson,1610612760,OKC,F,25,79,79,0.337,189,326,0.58,0.607,-0.028
2016-17,203967,Dario Saric,1610612755,PHI,F,23,81,80,0.389,190,326,0.583,0.603,-0.021
2016-17,202683,Enes Freedom,1610612760,OKC,C,25,72,68,0.463,181,323,0.56,0.604,-0.044
2016-17,201567,Kevin Love,1610612739,CLE,F,28,60,58,0.376,194,305,0.636,0.608,0.028
2016-17,101112,Channing Frye,1610612739,CLE,F,34,74,72,0.411,182,304,0.599,0.609,-0.01
2016-17,200746,LaMarcus Aldridge,1610612759,SAS,F,31,71,70,0.337,134,301,0.445,0.607,-0.162
2016-17,1626163,Frank Kaminsky,1610612766,CHA,C,24,75,73,0.358,191,299,0.639,0.611,0.028
2016-17,203124,Kyle O'Quinn,1610612752,NYK,C-F,27,79,72,0.488,149,296,0.503,0.603,-0.099
2016-17,203469,Cody Zeller,1610612766,CHA,C,24,62,61,0.467,170,293,0.58,0.61,-0.03
2016-17,2585,Zaza Pachulia,1610612744,GSW,C,33,70,68,0.517,189,292,0.647,0.61,0.038
2016-17,202699,Tobias Harris,1610612765,DET,F,24,82,78,0.293,183,286,0.64,0.611,0.029
2016-17,101141,Ersan Ilyasova,1610612737,ATL,F,30,82,79,0.374,177,285,0.621,0.609,0.012
2016-17,201142,Kevin Durant,1610612744,GSW,F,28,61,58,0.359,154,283,0.544,0.607,-0.062
2016-17,201578,Marreese Speights,1610612746,LAC,F-C,29,82,79,0.445,181,283,0.64,0.614,0.026
2016-17,201583,Ryan Anderson,1610612745,HOU,F,29,72,67,0.371,184,278,0.662,0.608,0.054
2016-17,203482,Kelly Olynyk,1610612738,BOS,C-F,26,75,73,0.356,173,277,0.625,0.602,0.023
2016-17,203120,Justin Hamilton,1610612751,BKN,C,27,62,61,0.453,166,276,0.601,0.617,-0.015
2016-17,2544,LeBron James,1610612739,CLE,F,32,74,72,0.321,162,273,0.593,0.607,-0.013
2016-17,2730,Dwight Howard,1610612737,ATL,C,31,74,72,0.369,143,270,0.53,0.608,-0.079
2016-17,203077,Michael Kidd-Gilchrist,1610612766,CHA,F,23,81,78,0.256,153,269,0.569,0.608,-0.039
2016-17,101107,Marvin Williams,1610612766,CHA,F,31,76,72,0.311,157,265,0.592,0.607,-0.014
2016-17,1626158,Richaun Holmes,1610612755,PHI,F,23,57,55,0.506,152,265,0.574,0.609,-0.036
2016-17,202720,Jon Leuer,1610612765,DET,F,28,75,71,0.33,163,264,0.617,0.6,0.017
2016-17,1627734,Domantas Sabonis,1610612760,OKC,F,21,81,76,0.394,143,263,0.544,0.602,-0.059
2016-17,201949,James Johnson,1610612748,MIA,F,30,76,73,0.319,138,261,0.529,0.605,-0.076
2016-17,2403,Nene,1610612745,HOU,C-F,34,67,65,0.442,175,261,0.67,0.604,0.066
2016-17,201959,Taj Gibson,1610612760,OKC,F,32,78,71,0.34,137,260,0.527,0.609,-0.082
2016-17,202329,Al-Farouq Aminu,1610612757,POR,F,26,61,60,0.374,145,260,0.558,0.607,-0.049
2016-17,1626143,Jahlil Okafor,1610612755,PHI,C,21,50,49,0.464,142,254,0.559,0.604,-0.045
2016-17,203089,John Henson,1610612749,MIL,C-F,26,58,56,0.513,154,254,0.606,0.611,-0.005
2016-17,203457,Nerlens Noel,1610612742,DAL,F-C,23,51,50,0.528,135,252,0.536,0.621,-0.086
2016-17,1626178,Rondae Hollis-Jefferson,1610612751,BKN,F,22,77,70,0.352,156,251,0.622,0.614,0.007
2016-17,203490,Otto Porter Jr.,1610612764,WAS,F,24,80,75,0.296,162,250,0.648,0.609,0.039
2016-17,2216,Zach Randolph,1610612763,MEM,F,35,73,71,0.383,159,246,0.646,0.607,0.039
2016-17,201585,Kosta Koufos,1610612758,SAC,C,28,71,66,0.427,138,244,0.566,0.621,-0.055
2016-17,1717,Dirk Nowitzki,1610612742,DAL,F,39,53,52,0.422,140,239,0.586,0.619,-0.033
2016-17,2772,Trevor Ariza,1610612745,HOU,F,32,80,79,0.324,163,238,0.685,0.614,0.07
2016-17,1626161,Willie Cauley-Stein,1610612758,SAC,C,23,75,69,0.401,144,237,0.608,0.616,-0.008
2016-17,203086,Meyers Leonard,1610612757,POR,F-C,25,73,65,0.414,129,232,0.556,0.602,-0.046
2016-17,1626245,Cristiano Felicio,1610612741,CHI,F-C,24,66,61,0.462,140,231,0.606,0.594,0.012
2016-17,204028,Tarik Black,1610612747,LAL,C-F,25,67,62,0.405,132,230,0.574,0.617,-0.043
2016-17,203524,Solomon Hill,1610612740,NOP,F,26,80,77,0.294,148,230,0.643,0.611,0.033
2016-17,202703,Nikola Mirotic,1610612741,CHI,F,26,70,67,0.355,122,230,0.53,0.601,-0.07
2016-17,201163,Wilson Chandler,1610612743,DEN,F,30,70,67,0.278,119,230,0.517,0.611,-0.094
2016-17,1627737,Marquese Chriss,1610612756,PHX,F,19,80,76,0.35,142,230,0.617,0.609,0.008
2016-17,203084,Harrison Barnes,1610612742,DAL,F,25,78,75,0.291,162,229,0.707,0.608,0.1
2016-17,203512,Lucas Nogueira,1610612761,TOR,C,24,54,52,0.452,125,229,0.546,0.605,-0.059
2016-17,202691,Klay Thompson,1610612744,GSW,G,27,78,74,0.277,141,228,0.618,0.601,0.017
2016-17,203901,Elfrid Payton,1610612753,ORL,G,23,82,74,0.255,150,227,0.661,0.587,0.074
2016-17,2199,Tyson Chandler,1610612756,PHX,C,34,45,44,0.435,139,225,0.618,0.617,0.001
2016-17,1626257,Salah Mejri,1610612742,DAL,C,31,69,66,0.567,120,224,0.536,0.606,-0.07
2016-17,203473,Dewayne Dedmon,1610612759,SAS,C,27,75,67,0.367,107,223,0.48,0.601,-0.121
2016-17,202331,Paul George,1610612754,IND,F,27,74,68,0.256,148,223,0.664,0.62,0.044
2016-17,201976,Patrick Beverley,1610612745,HOU,G,28,67,64,0.295,153,222,0.689,0.6,0.089
2016-17,101135,David Lee,1610612759,SAS,F-C,34,78,73,0.342,122,222,0.55,0.604,-0.054
2016-17,1626204,Larry Nance Jr.,1610612747,LAL,F,24,62,61,0.411,151,221,0.683,0.607,0.077
2016-17,203932,Aaron Gordon,1610612753,ORL,F,21,80,74,0.306,134,220,0.609,0.61,-0.001
2016-17,202710,Jimmy Butler III,1610612741,CHI,F,27,76,71,0.278,141,219,0.644,0.609,0.035
2016-17,203488,Mike Muscala,1610612737,ATL,F-C,25,68,61,0.401,111,218,0.509,0.607,-0.098
2016-17,204020,Tyler Johnson,1610612748,MIA,G,25,73,66,0.299,122,218,0.56,0.577,-0.017
2016-17,203939,Dwight Powell,1610612742,DAL,F-C,25,74,66,0.414,145,218,0.665,0.605,0.06
2016-17,203382,Aron Baynes,1610612765,DET,C-F,30,74,66,0.44,111,218,0.509,0.61,-0.1
2016-17,201980,Danny Green,1610612759,SAS,G-F,30,67,61,0.318,132,216,0.611,0.608,0.003
2016-17,202389,Timofey Mozgov,1610612747,LAL,C,30,54,52,0.406,120,215,0.558,0.603,-0.045
2016-17,203093,Terrence Jones,1610612749,MIL,F,25,51,50,0.429,130,215,0.605,0.603,0.002
2016-17,202344,Trevor Booker,1610612751,BKN,F,29,70,68,0.312,123,214,0.575,0.614,-0.039
2016-17,1626164,Devin Booker,1610612756,PHX,G,20,76,69,0.258,128,212,0.604,0.602,0.002
2016-17,203090,Maurice Harkless,1610612757,POR,F,24,77,74,0.282,108,212,0.509,0.613,-0.103
2016-17,2546,Carmelo Anthony,1610612752,NYK,F,33,74,68,0.285,132,211,0.626,0.618,0.008
2016-17,203506,Victor Oladipo,1610612760,OKC,G,25,67,60,0.286,136,211,0.645,0.601,0.044
2016-17,201933,Blake Griffin,1610612746,LAC,F,28,61,60,0.271,137,211,0.649,0.615,0.034
2016-17,202339,Eric Bledsoe,1610612756,PHX,G,27,64,64,0.291,138,211,0.654,0.594,0.06
2016-17,201152,Thaddeus Young,1610612754,IND,F,29,73,68,0.251,130,210,0.619,0.603,0.016
2016-17,203496,Robert Covington,1610612755,PHI,F,26,67,60,0.277,126,208,0.606,0.601,0.005
2016-17,201967,Dante Cunningham,1610612740,NOP,F,30,66,60,0.328,126,208,0.606,0.609,-0.004
2016-17,203186,Willie Reed,1610612748,MIA,F-C,27,70,65,0.504,112,208,0.538,0.608,-0.069
2016-17,202324,Derrick Favors,1610612762,UTA,F-C,25,50,49,0.419,117,207,0.565,0.605,-0.039
2016-17,201609,Goran Dragic,1610612748,MIA,G,31,73,68,0.292,122,206,0.592,0.582,0.01
2016-17,201580,JaVale McGee,1610612744,GSW,C,29,76,64,0.511,107,206,0.519,0.594,-0.075
2016-17,203468,CJ McCollum,1610612757,POR,G,25,80,69,0.216,116,205,0.566,0.588,-0.022
2016-17,201229,Anthony Tolliver,1610612758,SAC,F,32,64,59,0.399,126,205,0.615,0.609,0.005
2016-17,201160,Jason Smith,1610612764,WAS,F-C,31,73,67,0.39,118,204,0.578,0.605,-0.027
2016-17,201149,Joakim Noah,1610612752,NYK,C,32,46,45,0.436,125,204,0.613,0.618,-0.005
2016-17,1627826,Ivica Zubac,1610612747,LAL,C,20,36,32,0.553,114,202,0.564,0.621,-0.057
2016-17,203943,Noah Vonleh,1610612757,POR,F,21,72,65,0.375,101,200,0.505,0.606,-0.101
2016-17,202681,Kyrie Irving,1610612739,CLE,G,25,72,68,0.279,140,200,0.7,0.604,0.096
2016-17,1627741,Buddy Hield,1610612758,SAC,G,24,81,71,0.309,142,197,0.721,0.606,0.115
2016-17,1626149,Montrezl Harrell,1610612745,HOU,F,23,57,50,0.344,124,197,0.629,0.61,0.019
2016-17,203954,Joel Embiid,1610612755,PHI,C,23,31,31,0.479,86,197,0.437,0.611,-0.175
2016-17,201960,DeMarre Carroll,1610612761,TOR,F,30,71,68,0.26,117,194,0.603,0.616,-0.012
2016-17,202357,Nemanja Bjelica,1610612750,MIN,F,29,63,59,0.401,109,193,0.565,0.602,-0.037
2016-17,202695,Kawhi Leonard,1610612759,SAS,F,26,73,69,0.294,121,193,0.627,0.609,0.018
2016-17,201144,Mike Conley,1610612763,MEM,G,29,69,68,0.239,134,192,0.698,0.598,0.1
2016-17,203081,Damian Lillard,1610612757,POR,G,26,75,68,0.224,125,192,0.651,0.593,0.058
2016-17,203210,JaMychal Green,1610612763,MEM,F,27,77,67,0.263,105,191,0.55,0.613,-0.063
2016-17,201162,Jared Dudley,1610612756,PHX,F,31,64,54,0.342,101,189,0.534,0.606,-0.072
2016-17,203078,Bradley Beal,1610612764,WAS,G,24,77,71,0.218,132,189,0.698,0.605,0.093
2016-17,203924,Jerami Grant,1610612760,OKC,F,23,78,66,0.349,99,188,0.527,0.609,-0.082
2016-17,202711,Bojan Bogdanovic,1610612764,WAS,G,28,80,72,0.272,119,186,0.64,0.606,0.034
2016-17,201587,Nicolas Batum,1610612766,CHA,G,28,77,73,0.266,113,186,0.608,0.61,-0.002
2016-17,1626155,Sam Dekker,1610612745,HOU,F,23,77,70,0.325,106,185,0.573,0.608,-0.035
2016-17,2440,Matt Barnes,1610612744,GSW,F,37,74,67,0.285,134,184,0.728,0.613,0.115
2016-17,1627742,Brandon Ingram,1610612747,LAL,F,19,78,66,0.263,121,182,0.665,0.618,0.047
2016-17,203917,Nik Stauskas,1610612755,PHI,G,23,80,66,0.263,127,181,0.702,0.607,0.094
2016-17,202694,Marcus Morris Sr.,1610612765,DET,F,27,79,74,0.24,107,181,0.591,0.615,-0.024
2016-17,2561,David West,1610612744,GSW,F,36,68,64,0.393,98,180,0.544,0.606,-0.061
2016-17,202734,E'Twaun Moore,1610612740,NOP,G,28,73,66,0.291,115,180,0.639,0.614,0.025
2016-17,1627763,Malcolm Brogdon,1610612749,MIL,G,24,75,67,0.293,124,180,0.689,0.599,0.09
2016-17,202335,Patrick Patterson,1610612761,TOR,F,28,65,60,0.312,99,179,0.553,0.607,-0.054
2016-17,201566,Russell Westbrook,1610612760,OKC,G,28,80,69,0.301,120,177,0.678,0.604,0.074
2016-17,1626168,Trey Lyles,1610612762,UTA,F,21,70,62,0.412,99,177,0.559,0.604,-0.044
2016-17,201145,Jeff Green,1610612753,ORL,F,30,69,62,0.3,119,176,0.676,0.614,0.062
2016-17,201584,Courtney Lee,1610612752,NYK,G,31,77,69,0.239,126,174,0.724,0.612,0.112
2016-17,1626210,Alan Williams,1610612756,PHX,F-C,24,40,39,0.466,89,174,0.511,0.608,-0.097
2016-17,201937,Ricky Rubio,1610612750,MIN,G,26,75,63,0.228,120,173,0.694,0.612,0.082
2016-17,202689,Kemba Walker,1610612766,CHA,G,27,79,69,0.186,114,173,0.659,0.594,0.065
2016-17,201568,Danilo Gallinari,1610612743,DEN,F,28,62,56,0.249,120,172,0.698,0.599,0.098
2016-17,201973,Jonas Jerebko,1610612738,BOS,F,30,78,67,0.366,104,172,0.605,0.608,-0.004
2016-17,202322,John Wall,1610612764,WAS,G,26,78,72,0.232,100,171,0.585,0.593,-0.008
2016-17,2594,Kyle Korver,1610612739,CLE,G,36,67,61,0.295,112,171,0.655,0.62,0.035
2016-17,200782,P.J. Tucker,1610612761,TOR,F,32,79,64,0.254,111,170,0.653,0.608,0.045
2016-17,201952,Jeff Teague,1610612754,IND,G,29,81,75,0.204,116,169,0.686,0.596,0.09
2016-17,203585,Rodney McGruder,1610612748,MIA,G,25,77,67,0.264,113,167,0.677,0.607,0.07
2016-17,202702,Kenneth Faried,1610612743,DEN,F,27,60,51,0.325,109,166,0.657,0.604,0.053
2016-17,203935,Marcus Smart,1610612738,BOS,G,23,79,70,0.229,100,165,0.606,0.609,-0.003
2016-17,2564,Boris Diaw,1610612762,UTA,C-F,35,72,62,0.363,104,165,0.63,0.603,0.027
2016-17,2736,Luol Deng,1610612747,LAL,F,32,56,53,0.291,112,164,0.683,0.605,0.078
2016-17,201601,Luc Mbah a Moute,1610612746,LAC,F,30,80,66,0.233,103,164,0.628,0.605,0.023
2016-17,203082,Terrence Ross,1610612753,ORL,F,26,77,65,0.262,118,163,0.724,0.6,0.124
2016-17,202709,Cory Joseph,1610612761,TOR,G,25,79,68,0.234,105,163,0.644,0.589,0.055
2016-17,203503,Tony Snell,1610612749,MIL,G-F,25,80,68,0.229,101,162,0.623,0.599,0.024
2016-17,2738,Andre Iguodala,1610612744,GSW,G-F,33,76,63,0.281,101,162,0.623,0.606,0.018
2016-17,203095,Evan Fournier,1610612753,ORL,G,24,68,57,0.257,98,162,0.605,0.608,-0.003
2016-17,1627785,Isaiah Whitehead,1610612751,BKN,G,22,73,64,0.263,93,160,0.581,0.591,-0.01
2016-17,202330,Gordon Hayward,1610612762,UTA,F,27,73,65,0.275,97,159,0.61,0.596,0.014
2016-17,1627783,Pascal Siakam,1610612761,TOR,F,23,53,45,0.396,88,159,0.553,0.601,-0.047
2016-17,201150,Spencer Hawes,1610612749,MIL,F-C,29,50,41,0.435,96,158,0.608,0.608,0
2016-17,202397,Ish Smith,1610612765,DET,G,28,81,66,0.208,102,158,0.646,0.594,0.051
2016-17,203109,Jae Crowder,1610612738,BOS,F,26,72,63,0.215,102,157,0.65,0.615,0.034
2016-17,200768,Kyle Lowry,1610612761,TOR,G,31,59,51,0.252,108,156,0.692,0.596,0.096
2016-17,201569,Eric Gordon,1610612745,HOU,G,28,75,63,0.233,103,156,0.66,0.611,0.05
2016-17,201565,Derrick Rose,1610612752,NYK,G,28,64,60,0.23,104,155,0.671,0.613,0.058
2016-17,201950,Jrue Holiday,1610612740,NOP,G,27,67,58,0.193,101,155,0.652,0.603,0.049
2016-17,1627748,Thon Maker,1610612749,MIL,F-C,20,51,44,0.537,86,154,0.558,0.63,-0.072
2016-17,1627827,Dorian Finney-Smith,1610612742,DAL,F,24,78,62,0.261,101,153,0.66,0.598,0.062
2016-17,203903,Jordan Clarkson,1610612747,LAL,G,25,82,70,0.218,114,153,0.745,0.608,0.137
2016-17,203926,Doug McDermott,1610612760,OKC,F,25,65,58,0.314,96,152,0.632,0.607,0.025
2016-17,203933,T.J. Warren,1610612756,PHX,F,23,63,55,0.29,96,149,0.644,0.614,0.03
2016-17,201942,DeMar DeRozan,1610612761,TOR,G,27,73,56,0.256,102,148,0.689,0.602,0.087
2016-17,203200,Justin Holiday,1610612752,NYK,G,28,82,68,0.268,98,148,0.662,0.61,0.053
2016-17,2210,Richard Jefferson,1610612739,CLE,F,37,79,60,0.236,98,147,0.667,0.59,0.076
2016-17,1626171,Bobby Portis Jr.,1610612741,CHI,F,22,63,55,0.343,91,147,0.619,0.602,0.017
2016-17,203145,Kent Bazemore,1610612737,ATL,F-G,27,73,62,0.213,78,146,0.534,0.6,-0.066
2016-17,202337,Luke Babbitt,1610612748,MIA,F,28,65,60,0.335,90,146,0.616,0.606,0.01
2016-17,1626162,Kelly Oubre Jr.,1610612764,WAS,F,21,76,60,0.278,96,145,0.662,0.61,0.052
2016-17,200755,JJ Redick,1610612746,LAC,G,33,78,67,0.228,107,145,0.738,0.609,0.129
2016-17,202340,Avery Bradley,1610612738,BOS,G,26,55,50,0.265,103,145,0.71,0.603,0.107
2016-17,202697,Iman Shumpert,1610612739,CLE,G,27,76,62,0.231,91,145,0.628,0.6,0.028
2016-17,203115,Will Barton,1610612743,DEN,G-F,26,59,53,0.3,89,143,0.622,0.602,0.021
2016-17,203953,Jabari Parker,1610612749,MIL,F,22,51,49,0.243,81,142,0.57,0.614,-0.043
2016-17,201579,Roy Hibbert,1610612743,DEN,C,30,46,41,0.485,68,142,0.479,0.6,-0.121
2016-17,101108,Chris Paul,1610612746,LAC,G,32,61,55,0.227,106,141,0.752,0.614,0.137
2016-17,203471,Dennis Schröder,1610612737,ATL,G,23,79,67,0.182,82,140,0.586,0.597,-0.011
2016-17,202323,Evan Turner,1610612757,POR,G-F,28,65,58,0.226,81,140,0.579,0.609,-0.03
2016-17,203481,Jeff Withey,1610612762,UTA,C,27,46,40,0.532,79,140,0.564,0.613,-0.049
2016-17,1626196,Josh Richardson,1610612748,MIA,G,23,53,47,0.263,74,139,0.532,0.586,-0.053
2016-17,101150,Lou Williams,1610612745,HOU,G,30,81,65,0.261,99,139,0.712,0.599,0.113
2016-17,201939,Stephen Curry,1610612744,GSW,G,29,79,64,0.193,97,139,0.698,0.592,0.105
2016-17,203141,Mirza Teletovic,1610612749,MIL,F,31,70,53,0.345,88,139,0.633,0.6,0.033
2016-17,1627750,Jamal Murray,1610612743,DEN,G,20,81,59,0.226,95,138,0.688,0.602,0.086
2016-17,203521,Matthew Dellavedova,1610612749,MIL,G,26,76,64,0.219,89,138,0.645,0.596,0.049
2016-17,203085,Austin Rivers,1610612746,LAC,G,24,74,60,0.221,83,137,0.606,0.604,0.002
2016-17,202738,Isaiah Thomas,1610612738,BOS,G,28,76,63,0.205,101,137,0.737,0.599,0.139
2016-17,202334,Ed Davis,1610612757,POR,F,28,44,41,0.459,72,136,0.529,0.603,-0.074
2016-17,202722,Davis Bertans,1610612759,SAS,F,24,57,53,0.407,79,136,0.581,0.595,-0.014
2016-17,202066,Garrett Temple,1610612758,SAC,G,31,65,56,0.21,92,135,0.681,0.602,0.079
2016-17,200765,Rajon Rondo,1610612741,CHI,G,31,69,55,0.247,100,134,0.746,0.605,0.141
2016-17,203930,Sean Kilpatrick,1610612751,BKN,G,27,69,56,0.259,99,134,0.739,0.609,0.13
2016-17,203922,Glenn Robinson III,1610612754,IND,G-F,23,66,52,0.268,71,133,0.534,0.599,-0.066
2016-17,2744,Al Jefferson,1610612754,IND,C,32,63,55,0.384,82,132,0.621,0.607,0.015
2016-17,203484,Kentavious Caldwell-Pope,1610612765,DET,G,24,76,64,0.202,93,132,0.705,0.598,0.106
2016-17,204456,T.J. McConnell,1610612755,PHI,G,25,81,68,0.204,91,132,0.689,0.588,0.102
2016-17,1627739,Kris Dunn,1610612750,MIN,G,23,78,52,0.304,74,131,0.565,0.603,-0.038
2016-17,1626156,D'Angelo Russell,1610612747,LAL,G,21,62,50,0.242,98,131,0.748,0.613,0.135
2016-17,203516,James Ennis III,1610612763,MEM,F,26,63,55,0.286,83,130,0.638,0.613,0.026
2016-17,2754,Tony Allen,1610612763,MEM,G-F,35,70,57,0.243,83,130,0.638,0.623,0.015
2016-17,202332,Cole Aldrich,1610612750,MIN,C,28,58,48,0.485,83,129,0.643,0.611,0.033
2016-17,1627751,Jakob Poeltl,1610612761,TOR,C,21,48,40,0.554,73,129,0.566,0.596,-0.03
2016-17,1713,Vince Carter,1610612763,MEM,G-F,40,73,56,0.25,75,128,0.586,0.611,-0.025
2016-17,203530,Joffrey Lauvergne,1610612741,CHI,C-F,25,66,51,0.361,85,127,0.669,0.609,0.06
2016-17,2743,Kris Humphries,1610612737,ATL,F,32,51,45,0.474,69,127,0.543,0.598,-0.054
2016-17,201582,Alexis Ajinca,1610612740,NOP,C,29,39,37,0.45,81,126,0.643,0.608,0.035
2016-17,200757,Thabo Sefolosha,1610612737,ATL,F,33,62,54,0.204,83,124,0.669,0.621,0.048
2016-17,203079,Dion Waiters,1610612748,MIA,G,25,46,42,0.257,70,124,0.565,0.602,-0.038
2016-17,101133,Ian Mahinmi,1610612764,WAS,C,30,31,31,0.441,66,123,0.537,0.599,-0.063
2016-17,203925,Joe Harris,1610612751,BKN,F-G,25,51,46,0.299,83,123,0.675,0.618,0.057
2016-17,203501,Tim Hardaway Jr.,1610612737,ATL,G,25,78,56,0.178,73,122,0.598,0.595,0.003
2016-17,1627789,Timothe Luwawu-Cabarrot,1610612755,PHI,G-F,22,68,53,0.316,73,122,0.598,0.602,-0.004
2016-17,2037,Jamal Crawford,1610612746,LAC,G,37,82,60,0.243,84,121,0.694,0.593,0.101
2016-17,2207,Joe Johnson,1610612762,UTA,F-G,36,78,62,0.233,79,119,0.664,0.599,0.065
2016-17,202325,Wesley Johnson,1610612746,LAC,F,29,65,52,0.358,72,119,0.605,0.588,0.017
2016-17,1627775,Patrick McCaw,1610612744,GSW,G,21,65,49,0.349,82,119,0.689,0.61,0.079
2016-17,201945,Gerald Henderson,1610612755,PHI,G,29,71,62,0.224,80,118,0.678,0.607,0.071
2016-17,202083,Wesley Matthews,1610612742,DAL,G-F,30,72,59,0.158,82,117,0.701,0.614,0.087
2016-17,202730,Lavoy Allen,1610612754,IND,F-C,28,57,46,0.328,62,115,0.539,0.612,-0.073
2016-17,101109,Raymond Felton,1610612746,LAC,G,33,80,54,0.198,78,115,0.678,0.595,0.084
2016-17,203552,Seth Curry,1610612742,DAL,G,26,69,56,0.189,79,114,0.693,0.608,0.085
2016-17,1627746,Skal Labissiere,1610612758,SAC,F-C,21,30,26,0.4,74,114,0.649,0.61,0.039
2016-17,2548,Dwyane Wade,1610612741,CHI,G,35,60,48,0.252,80,114,0.702,0.603,0.099
2016-17,201156,Nick Young,1610612747,LAL,G-F,32,60,48,0.254,88,114,0.772,0.601,0.171
2016-17,204025,Tim Frazier,1610612740,NOP,G,26,65,54,0.211,78,114,0.684,0.597,0.088
2016-17,1627823,Juancho Hernangomez,1610612743,DEN,F,21,54,38,0.331,70,112,0.625,0.623,0.002
2016-17,203613,Jonathon Simmons,1610612759,SAS,G-F,27,74,58,0.296,76,111,0.685,0.597,0.087
2016-17,1626150,Andrew Harrison,1610612763,MEM,G,22,68,47,0.233,71,111,0.64,0.58,0.06
2016-17,203918,Rodney Hood,1610612762,UTA,G,24,59,45,0.267,70,111,0.631,0.591,0.039
2016-17,203518,Alex Abrines,1610612760,OKC,G-F,23,65,51,0.35,66,111,0.595,0.605,-0.01
2016-17,203949,James Michael McAdoo,1610612744,GSW,F,24,47,39,0.462,63,110,0.573,0.591,-0.018
2016-17,201961,Wayne Ellington,1610612748,MIA,G,29,62,49,0.259,71,110,0.645,0.603,0.043
2016-17,203092,Tyler Zeller,1610612738,BOS,C,27,47,44,0.436,60,109,0.55,0.612,-0.062
2016-17,1626144,Emmanuel Mudiay,1610612743,DEN,G,21,53,44,0.251,82,109,0.752,0.586,0.166
2016-17,1626147,Justin Anderson,1610612755,PHI,G-F,23,66,55,0.283,67,108,0.62,0.602,0.018
2016-17,101145,Monta Ellis,1610612754,IND,G,31,73,56,0.196,76,108,0.704,0.609,0.095
2016-17,203459,Allen Crabbe,1610612757,POR,G,25,79,62,0.2,79,108,0.731,0.595,0.136
2016-17,201147,Corey Brewer,1610612747,LAL,F,31,82,55,0.283,78,107,0.729,0.606,0.123
2016-17,101106,Andrew Bogut,1610612739,CLE,C,32,27,26,0.5,62,107,0.579,0.615,-0.036
2016-17,201563,Michael Beasley,1610612749,MIL,F,28,55,47,0.301,63,106,0.594,0.601,-0.006
2016-17,101114,Deron Williams,1610612739,CLE,G,33,62,49,0.209,75,106,0.708,0.603,0.105
2016-17,204060,Joe Ingles,1610612762,UTA,F,29,80,56,0.207,67,106,0.632,0.615,0.017
2016-17,203087,Jeremy Lamb,1610612766,CHA,G,25,61,45,0.254,76,106,0.717,0.61,0.107
2016-17,1627835,Paul Zipser,1610612741,CHI,F,23,41,35,0.325,67,104,0.644,0.594,0.051
2016-17,200751,Randy Foye,1610612751,BKN,G,33,67,51,0.28,62,104,0.596,0.613,-0.017
2016-17,1627752,Taurean Prince,1610612737,ATL,F,23,57,43,0.277,60,104,0.577,0.611,-0.034
2016-17,203584,Troy Daniels,1610612763,MEM,G,25,65,50,0.269,64,103,0.621,0.608,0.014
2016-17,201600,Omer Asik,1610612740,NOP,C,30,31,29,0.477,63,103,0.612,0.607,0.005
2016-17,201943,Brandon Jennings,1610612764,WAS,G,27,81,51,0.215,77,102,0.755,0.597,0.158
2016-17,1627759,Jaylen Brown,1610612738,BOS,F,20,77,53,0.245,59,101,0.584,0.607,-0.023
2016-17,201588,George Hill,1610612762,UTA,G,31,49,42,0.179,68,101,0.673,0.607,0.067
2016-17,203937,Kyle Anderson,1610612759,SAS,G-F,23,61,49,0.322,56,101,0.554,0.591,-0.037
2016-17,202704,Reggie Jackson,1610612765,DET,G,27,52,43,0.201,61,101,0.604,0.593,0.011
2016-17,2733,Shaun Livingston,1610612744,GSW,G,31,76,57,0.265,65,100,0.65,0.602,0.048
2016-17,203101,Miles Plumlee,1610612766,CHA,C,28,41,37,0.454,54,99,0.545,0.608,-0.062
2016-17,202391,Jeremy Lin,1610612751,BKN,G,28,35,33,0.269,55,98,0.561,0.597,-0.036
2016-17,201589,Darrell Arthur,1610612743,DEN,F,29,40,35,0.353,56,97,0.577,0.588,-0.01
2016-17,1627747,Caris LeVert,1610612751,BKN,G-F,22,56,45,0.255,58,96,0.604,0.612,-0.008
2016-17,2225,Tony Parker,1610612759,SAS,G,35,62,44,0.225,63,96,0.656,0.589,0.068
2016-17,2749,Jameer Nelson,1610612743,DEN,G,35,74,56,0.145,70,94,0.745,0.617,0.128
2016-17,200752,Rudy Gay,1610612758,SAC,F,30,30,29,0.287,53,94,0.564,0.602,-0.039
2016-17,201158,Marco Belinelli,1610612766,CHA,G-F,31,74,53,0.187,75,94,0.798,0.617,0.18
2016-17,203080,Thomas Robinson,1610612747,LAL,F,26,45,36,0.425,60,94,0.638,0.621,0.017
2016-17,201571,D.J. Augustin,1610612753,ORL,G,29,78,53,0.205,65,93,0.699,0.596,0.103
2016-17,101139,CJ Miles,1610612754,IND,F-G,30,75,51,0.201,60,92,0.652,0.622,0.03
2016-17,1626181,Norman Powell,1610612761,TOR,G,24,69,49,0.234,67,92,0.728,0.602,0.126
2016-17,201988,Patty Mills,1610612759,SAS,G,28,80,55,0.188,67,91,0.736,0.598,0.139
2016-17,1627758,Ron Baker,1610612752,NYK,G,24,48,35,0.306,48,90,0.533,0.592,-0.059
2016-17,203897,Zach LaVine,1610612750,MIN,G,22,47,42,0.223,66,90,0.733,0.613,0.121
2016-17,204038,Langston Galloway,1610612758,SAC,G,25,72,45,0.199,56,89,0.629,0.602,0.027
2016-17,201951,Ty Lawson,1610612758,SAC,G,29,69,51,0.192,63,89,0.708,0.591,0.117
2016-17,201167,Arron Afflalo,1610612758,SAC,G,31,61,45,0.199,66,88,0.75,0.614,0.136
2016-17,203902,Semaj Christon,1610612760,OKC,G,24,61,48,0.299,60,88,0.682,0.577,0.105
2016-17,1626170,Jerian Grant,1610612741,CHI,G,24,60,46,0.251,54,88,0.614,0.609,0.005
2016-17,203463,Ben McLemore,1610612758,SAC,G,24,59,40,0.226,57,88,0.648,0.603,0.044
2016-17,201575,Brandon Rush,1610612750,MIN,G-F,31,43,33,0.29,53,87,0.609,0.61,-0.001
2016-17,203957,Dante Exum,1610612762,UTA,G,21,65,45,0.192,50,86,0.581,0.595,-0.014
2016-17,202338,Kevin Seraphin,1610612754,IND,F-C,27,43,36,0.359,41,85,0.482,0.622,-0.14
2016-17,202714,Shelvin Mack,1610612762,UTA,G,27,54,40,0.207,54,85,0.635,0.605,0.031
2016-17,203107,Tomas Satoransky,1610612764,WAS,G-F,25,54,37,0.341,45,84,0.536,0.58,-0.044
2016-17,203914,Gary Harris,1610612743,DEN,G,22,55,45,0.191,58,84,0.69,0.597,0.093
2016-17,203915,Spencer Dinwiddie,1610612751,BKN,G,24,57,42,0.189,51,83,0.614,0.595,0.02
2016-17,1626179,Terry Rozier,1610612738,BOS,G,23,72,46,0.224,56,83,0.675,0.597,0.078
2016-17,203498,Shabazz Muhammad,1610612750,MIN,F,24,77,49,0.247,50,82,0.61,0.634,-0.024
2016-17,202688,Brandon Knight,1610612756,PHX,G,25,53,42,0.219,57,82,0.695,0.592,0.103
2016-17,1627851,Mindaugas Kuzminskas,1610612752,NYK,F,27,64,45,0.289,55,81,0.679,0.611,0.068
2016-17,1627756,Denzel Valentine,1610612741,CHI,G,23,55,40,0.263,46,80,0.575,0.605,-0.03
2016-17,203487,Michael Carter-Williams,1610612741,CHI,G,25,44,36,0.288,38,79,0.481,0.603,-0.122
2016-17,202700,Donatas Motiejunas,1610612740,NOP,F-C,26,34,26,0.335,54,78,0.692,0.61,0.083
2016-17,1626209,Mario Hezonja,1610612753,ORL,G-F,22,59,39,0.243,44,78,0.564,0.624,-0.06
2016-17,1627834,Georgios Papagiannis,1610612758,SAC,C,19,21,20,0.503,46,77,0.597,0.618,-0.021
2016-17,201954,Darren Collison,1610612758,SAC,G,29,68,49,0.138,54,77,0.701,0.593,0.108
2016-17,1627733,Dragan Bender,1610612756,PHX,F,19,39,32,0.304,47,77,0.61,0.609,0.001
2016-17,201936,Tyreke Evans,1610612758,SAC,G-F,27,40,33,0.308,51,76,0.671,0.597,0.074
2016-17,2747,JR Smith,1610612739,CLE,G,31,41,35,0.22,52,75,0.693,0.608,0.085
2016-17,1626172,Kevon Looney,1610612744,GSW,F,21,50,39,0.325,40,74,0.541,0.585,-0.044
2016-17,201956,Omri Casspi,1610612750,MIN,F,29,35,29,0.336,50,73,0.685,0.616,0.069
2016-17,202732,DeAndre Liggins,1610612742,DAL,G,29,49,31,0.298,51,73,0.699,0.599,0.1
2016-17,1627855,Okaro White,1610612748,MIA,F,24,32,29,0.399,46,73,0.63,0.607,0.023
2016-17,1938,Manu Ginobili,1610612759,SAS,G,39,67,42,0.235,43,72,0.597,0.608,-0.011
2016-17,1627812,Yogi Ferrell,1610612742,DAL,G,24,46,34,0.211,55,72,0.764,0.601,0.163
2016-17,202682,Derrick Williams,1610612739,CLE,F,26,46,36,0.273,51,72,0.708,0.613,0.095
2016-17,201148,Brandan Wright,1610612763,MEM,F,29,26,22,0.408,38,71,0.535,0.585,-0.05
2016-17,203112,Quincy Acy,1610612751,BKN,F,26,36,29,0.313,42,70,0.6,0.605,-0.005
2016-17,203114,Khris Middleton,1610612749,MIL,G-F,25,29,26,0.267,46,70,0.657,0.597,0.06
2016-17,1626169,Stanley Johnson,1610612765,DET,F,21,71,47,0.193,37,70,0.529,0.603,-0.075
2016-17,203546,Ian Clark,1610612744,GSW,G,26,72,43,0.221,56,69,0.812,0.6,0.212
2016-17,2449,Luis Scola,1610612751,BKN,F,37,34,30,0.392,42,69,0.609,0.613,-0.004
2016-17,1626185,Jarell Martin,1610612763,MEM,F,23,41,29,0.34,42,69,0.609,0.59,0.019
2016-17,200771,Sergio Rodriguez,1610612755,PHI,G,31,68,46,0.199,55,68,0.809,0.565,0.244
2016-17,101138,Brandon Bass,1610612746,LAC,F,32,48,31,0.324,47,68,0.691,0.606,0.085
2016-17,1627098,Malcolm Delaney,1610612737,ATL,G,28,70,41,0.189,53,68,0.779,0.603,0.177
2016-17,1626159,Justise Winslow,1610612748,MIA,F,21,18,18,0.28,40,66,0.606,0.621,-0.015
2016-17,1891,Jason Terry,1610612749,MIL,G,39,74,41,0.162,46,66,0.697,0.597,0.1
2016-17,203094,Andrew Nicholson,1610612751,BKN,F,27,37,25,0.412,39,63,0.619,0.588,0.031
2016-17,2592,James Jones,1610612739,CLE,G-F,36,36,26,0.508,33,62,0.532,0.595,-0.063
2016-17,1627848,Shawn Long,1610612755,PHI,F,24,17,16,0.473,37,61,0.607,0.609,-0.002
2016-17,201166,Aaron Brooks,1610612754,IND,G,32,61,40,0.208,45,61,0.738,0.607,0.131
2016-17,1627884,Derrick Jones Jr.,1610612756,PHX,F,20,29,24,0.326,39,61,0.639,0.601,0.038
2016-17,2399,Mike Dunleavy,1610612737,ATL,G-F,36,53,35,0.219,33,60,0.55,0.608,-0.058
2016-17,2734,Devin Harris,1610612742,DAL,G,34,63,40,0.194,43,59,0.729,0.614,0.115
2016-17,201177,Josh McRoberts,1610612748,MIA,F,30,22,18,0.407,38,59,0.644,0.603,0.041
2016-17,202498,Lance Thomas,1610612752,NYK,F,29,45,29,0.219,36,59,0.61,0.612,-0.001
2016-17,1627852,Nicolas Brussino,1610612742,DAL,F,24,40,29,0.388,37,59,0.627,0.615,0.012
2016-17,203138,Hollis Thompson,1610612740,NOP,F,26,40,34,0.253,38,57,0.667,0.622,0.045
2016-17,1626173,Rashad Vaughn,1610612749,MIL,G,20,34,22,0.378,32,54,0.593,0.594,-0.001
2016-17,201228,C.J. Watson,1610612753,ORL,G,33,56,34,0.2,45,54,0.833,0.612,0.222
2016-17,1626246,Boban Marjanovic,1610612765,DET,C,28,29,22,0.429,23,54,0.426,0.585,-0.159
2016-17,1627755,Tyler Ulis,1610612756,PHX,G,21,54,28,0.178,37,53,0.698,0.608,0.091
2016-17,201627,Anthony Morrow,1610612741,CHI,G,31,40,24,0.335,32,53,0.604,0.608,-0.004
2016-17,1626176,Rakeem Christmas,1610612754,IND,F,25,20,17,0.472,32,51,0.627,0.621,0.006
2016-17,1626254,Maurice Ndour,1610612752,NYK,F,25,25,18,0.446,29,50,0.58,0.594,-0.014
2016-17,202692,Alec Burks,1610612762,UTA,G,25,40,26,0.278,31,50,0.62,0.61,0.01
2016-17,2571,Leandro Barbosa,1610612756,PHX,G,34,58,29,0.239,33,49,0.673,0.614,0.059
2016-17,101123,Gerald Green,1610612738,BOS,F,31,43,27,0.265,36,48,0.75,0.601,0.149
2016-17,1627738,Deyonta Davis,1610612763,MEM,F,20,27,21,0.505,20,48,0.417,0.598,-0.181
2016-17,201975,Jodie Meeks,1610612753,ORL,G,29,36,28,0.197,29,47,0.617,0.6,0.017
2016-17,203504,Trey Burke,1610612764,WAS,G,24,53,34,0.236,34,46,0.739,0.596,0.144
2016-17,1627850,Marshall Plumlee,1610612752,NYK,C,24,15,12,0.495,30,46,0.652,0.591,0.061
2016-17,1627786,Troy Williams,1610612745,HOU,F,22,25,18,0.235,23,44,0.523,0.616,-0.093
2016-17,203898,Tyler Ennis,1610612747,LAL,G,22,44,27,0.232,28,43,0.651,0.602,0.05
2016-17,2756,Sasha Vujacic,1610612752,NYK,G,33,32,24,0.336,29,43,0.674,0.591,0.083
2016-17,1628021,David Nwaba,1610612747,LAL,G,24,19,16,0.267,30,43,0.698,0.63,0.067
2016-17,202713,Kyle Singler,1610612760,OKC,F,29,28,21,0.331,26,42,0.619,0.622,-0.003
2016-17,101181,Jose Calderon,1610612737,ATL,G,35,37,23,0.231,35,42,0.833,0.613,0.221
2016-17,202718,Chandler Parsons,1610612763,MEM,F,28,34,25,0.241,29,42,0.69,0.604,0.087
2016-17,203909,KJ McDaniels,1610612751,BKN,G-F,24,40,25,0.264,25,42,0.595,0.6,-0.005
2016-17,201155,Rodney Stuckey,1610612754,IND,G,31,38,27,0.219,27,41,0.659,0.611,0.048
2016-17,1626153,Delon Wright,1610612761,TOR,G,25,26,20,0.295,25,41,0.61,0.59,0.02
2016-17,1627735,Wade Baldwin IV,1610612763,MEM,G,21,29,23,0.285,25,41,0.61,0.578,0.032
2016-17,203895,Jordan McRae,1610612739,CLE,G,26,31,21,0.287,24,39,0.615,0.584,0.031
2016-17,1626145,Tyus Jones,1610612750,MIN,G,21,49,29,0.196,32,38,0.842,0.595,0.248
2016-17,1626166,Cameron Payne,1610612741,CHI,G,22,30,20,0.253,27,37,0.73,0.582,0.148
2016-17,1627749,Dejounte Murray,1610612759,SAS,G,20,30,21,0.346,26,37,0.703,0.603,0.099
2016-17,201196,Ramon Sessions,1610612766,CHA,G,31,50,27,0.159,22,37,0.595,0.575,0.019
2016-17,1627767,Cheick Diallo,1610612740,NOP,F,20,15,12,0.371,28,36,0.778,0.618,0.16
2016-17,1627773,AJ Hammons,1610612742,DAL,C,24,17,13,0.556,17,35,0.486,0.609,-0.124
2016-17,202348,Jordan Crawford,1610612740,NOP,G,28,19,16,0.27,26,34,0.765,0.603,0.162
2016-17,2365,Chris Andersen,1610612739,CLE,F-C,38,12,12,0.579,18,33,0.545,0.629,-0.083
2016-17,1627757,Stephen Zimmerman,1610612753,ORL,C,20,17,13,0.561,22,32,0.688,0.625,0.063
2016-17,200826,J.J. Barea,1610612742,DAL,G,33,34,22,0.157,24,32,0.75,0.62,0.13
2016-17,203477,Isaiah Canaan,1610612741,CHI,G,26,33,19,0.174,22,31,0.71,0.581,0.129
2016-17,2757,Beno Udrih,1610612765,DET,G,34,35,22,0.178,22,31,0.71,0.567,0.143
2016-17,204014,Damjan Rudez,1610612753,ORL,F,31,34,19,0.297,24,30,0.8,0.624,0.177
2016-17,203526,Raul Neto,1610612762,UTA,G,25,32,18,0.188,17,29,0.586,0.585,0.001
2016-17,1626192,Pat Connaughton,1610612757,POR,G-F,24,32,15,0.248,17,29,0.586,0.625,-0.039
2016-17,203461,Anthony Bennett,1610612751,BKN,F,24,19,15,0.305,22,29,0.759,0.609,0.15
2016-17,1626273,Marcelo Huertas,1610612747,LAL,G,34,22,16,0.33,25,29,0.862,0.588,0.274
2016-17,1626175,Jordan Mickey,1610612738,BOS,F,22,17,11,0.439,21,29,0.724,0.603,0.122
2016-17,1718,Paul Pierce,1610612746,LAC,F,39,25,16,0.234,20,29,0.69,0.619,0.071
2016-17,1626184,Chasson Randle,1610612752,NYK,G,24,24,16,0.228,18,28,0.643,0.594,0.049
2016-17,1626199,Darrun Hilliard,1610612765,DET,G-F,24,28,16,0.235,17,27,0.63,0.592,0.038
2016-17,1627761,DeAndre' Bembry,1610612737,ATL,F-G,22,30,15,0.225,17,27,0.63,0.611,0.019
2016-17,203148,Brian Roberts,1610612766,CHA,G,31,39,18,0.205,19,26,0.731,0.587,0.144
2016-17,201202,Joel Anthony,1610612759,SAS,C,34,13,11,0.5,14,26,0.538,0.578,-0.04
2016-17,201977,Marcus Thornton,1610612764,WAS,G-F,30,33,16,0.169,14,25,0.56,0.61,-0.05
2016-17,2555,Nick Collison,1610612760,OKC,F,36,19,14,0.481,13,25,0.52,0.593,-0.073
2016-17,1627815,Sheldon Mac,1610612764,WAS,G-F,24,22,15,0.248,16,25,0.64,0.594,0.046
2016-17,203493,Reggie Bullock Jr.,1610612765,DET,F,26,27,11,0.173,15,24,0.625,0.579,0.046
2016-17,203923,James Young,1610612738,BOS,G-F,21,23,14,0.338,16,24,0.667,0.591,0.075
2016-17,1897,Metta World Peace,1610612747,LAL,F,37,18,12,0.355,17,22,0.773,0.65,0.122
2016-17,203940,Adreian Payne,1610612750,MIN,F,26,17,11,0.386,13,22,0.591,0.591,0
2016-17,101187,Alan Anderson,1610612746,LAC,F-G,34,29,18,0.212,19,22,0.864,0.611,0.253
2016-17,1627774,Jake Layman,1610612757,POR,F,23,28,13,0.328,13,22,0.591,0.592,-0.001
2016-17,2760,Anderson Varejao,1610612744,GSW,C,34,13,11,0.423,13,22,0.591,0.586,0.005
2016-17,1627854,Bryn Forbes,1610612759,SAS,G,23,22,13,0.288,14,21,0.667,0.589,0.077
2016-17,1627770,Kay Felder,1610612739,CLE,G,22,35,15,0.171,13,21,0.619,0.555,0.064
2016-17,2617,Udonis Haslem,1610612748,MIA,F,37,14,12,0.477,15,21,0.714,0.598,0.117
2016-17,1627879,Nicolas Laprovittola,1610612759,SAS,G,27,16,11,0.271,14,19,0.737,0.612,0.124
2016-17,1627832,Fred VanVleet,1610612761,TOR,G,23,20,10,0.253,13,19,0.684,0.561,0.123
2016-17,201962,Toney Douglas,1610612763,MEM,G,31,22,10,0.176,11,18,0.611,0.597,0.015
2016-17,203527,Ryan Kelly,1610612737,ATL,F,26,14,8,0.346,12,18,0.667,0.609,0.058
2016-17,203462,Archie Goodwin,1610612751,BKN,G,22,15,9,0.214,10,18,0.556,0.59,-0.034
2016-17,203912,C.J. Wilcox,1610612753,ORL,G,26,19,12,0.45,13,18,0.722,0.624,0.098
2016-17,1627740,Henry Ellenson,1610612765,DET,F,20,17,8,0.29,9,18,0.5,0.586,-0.086
2016-17,203894,Shabazz Napier,1610612757,POR,G,25,40,15,0.129,12,17,0.706,0.603,0.103
2016-17,1627782,Wayne Selden,1610612763,MEM,G,22,12,9,0.225,9,16,0.563,0.576,-0.013
2016-17,1627745,Damian Jones,1610612744,GSW,C,22,9,6,0.444,7,16,0.438,0.62,-0.183
2016-17,1626780,Jonathan Gibson,1610612742,DAL,G,29,15,5,0.2,12,15,0.8,0.564,0.236
2016-17,1626148,Anthony Brown,1610612753,ORL,F,24,11,8,0.246,10,15,0.667,0.575,0.091
2016-17,201168,Tiago Splitter,1610612755,PHI,C-F,32,8,7,0.385,8,15,0.533,0.583,-0.049
2016-17,202362,Lance Stephenson,1610612754,IND,G,26,17,10,0.174,7,15,0.467,0.584,-0.117
2016-17,1627849,Daniel Ochefu,1610612764,WAS,F,23,10,9,0.438,10,14,0.714,0.621,0.094
2016-17,203118,Mike Scott,1610612737,ATL,F,28,17,8,0.2,7,14,0.5,0.571,-0.071
2016-17,203948,Johnny O'Bryant III,1610612766,CHA,F-C,24,8,7,0.56,10,14,0.714,0.631,0.084
2016-17,1627781,Malachi Richardson,1610612758,SAC,G,21,20,10,0.183,11,13,0.846,0.618,0.228
2016-17,203096,Jared Sullinger,1610612761,TOR,C-F,25,11,7,0.25,5,13,0.385,0.572,-0.187
2016-17,204002,Edy Tavares,1610612739,CLE,C,25,2,2,0.684,6,13,0.462,0.52,-0.058
2016-17,1626191,Chris McCullough,1610612764,WAS,F,22,12,8,0.382,8,13,0.615,0.539,0.076
2016-17,1627362,Briante Weber,1610612766,CHA,G,24,17,9,0.194,10,12,0.833,0.58,0.253
2016-17,1626174,Christian Wood,1610612766,CHA,F,21,12,8,0.353,10,12,0.833,0.604,0.23
2016-17,1626203,Treveon Graham,1610612766,CHA,G-F,23,23,9,0.169,9,11,0.818,0.588,0.231
2016-17,201941,Jordan Hill,1610612750,MIN,F-C,29,6,4,0.5,7,11,0.636,0.548,0.088
2016-17,1627816,Alex Poythress,1610612755,PHI,F,23,6,6,0.306,6,11,0.545,0.621,-0.075
2016-17,1627762,Joel Bolomboy,1610612762,UTA,F,23,7,4,0.476,5,10,0.5,0.637,-0.137
2016-17,1627736,Malik Beasley,1610612743,DEN,G,20,14,7,0.192,8,10,0.8,0.64,0.16
2016-17,1627780,Gary Payton II,1610612749,MIL,G,24,5,4,0.303,5,10,0.5,0.652,-0.152
2016-17,202708,Norris Cole,1610612760,OKC,G,28,9,6,0.273,8,9,0.889,0.619,0.27
2016-17,1627778,Chinanu Onuaku,1610612745,HOU,F-C,20,5,5,0.346,8,9,0.889,0.647,0.242
2016-17,1626202,Joe Young,1610612754,IND,G,25,21,7,0.182,8,8,1,0.618,0.382
2016-17,202130,Reggie Williams,1610612740,NOP,F,30,6,5,0.286,5,8,0.625,0.631,-0.006
2016-17,101179,Ronnie Price,1610612756,PHX,G,34,10,7,0.267,5,8,0.625,0.62,0.005
2016-17,1627787,Kyle Wiltjer,1610612745,HOU,F,24,11,7,0.35,3,7,0.429,0.569,-0.14
2016-17,1626188,Quinn Cook,1610612740,NOP,G,24,10,5,0.159,6,7,0.857,0.653,0.204
2016-17,201628,Bobby Brown,1610612745,HOU,G,32,13,5,0.212,6,7,0.857,0.622,0.235
2016-17,202712,Justin Harper,1610612755,PHI,F,27,3,2,0.333,3,6,0.5,0.583,-0.083
2016-17,1627784,Jarrod Uthoff,1610612742,DAL,F,24,7,4,0.171,5,6,0.833,0.59,0.244
2016-17,204067,Jarell Eddie,1610612756,PHX,G-F,25,5,4,0.24,3,6,0.5,0.595,-0.095
2016-17,1627777,Georges Niang,1610612754,IND,F,24,12,3,0.179,3,5,0.6,0.574,0.026
2016-17,1627754,Diamond Stone,1610612746,LAC,C,20,5,2,0.357,3,5,0.6,0.532,0.068
2016-17,202620,Arinze Onuaku,1610612753,ORL,F-C,29,4,4,0.625,4,5,0.8,0.612,0.188
2016-17,1627744,Brice Johnson,1610612746,LAC,F,23,3,3,0.625,3,5,0.6,0.673,-0.073
2016-17,2034,Mike Miller,1610612743,DEN,G-F,37,13,5,0.125,3,5,0.6,0.67,-0.07
2016-17,1626151,Aaron Harrison,1610612766,CHA,G,22,4,4,1,3,5,0.6,0.432,0.168
2016-17,203962,Josh Huestis,1610612760,OKC,F,25,2,2,0.313,3,5,0.6,0.573,0.027
2016-17,201573,Jerryd Bayless,1610612755,PHI,G,28,3,3,0.294,4,5,0.8,0.599,0.201
2016-17,203934,Lamar Patterson,1610612737,ATL,G-F,25,5,3,0.25,3,5,0.6,0.608,-0.008
2016-17,1627817,Tim Quarterman,1610612757,POR,G,22,12,3,0.154,2,4,0.5,0.583,-0.083
2016-17,1627861,Mike Tobey,1610612766,CHA,C,22,2,2,0.444,0,4,0,0.557,-0.557
2016-17,202087,Alonzo Gee,1610612743,DEN,F,30,10,4,0.133,2,4,0.5,0.57,-0.07
2016-17,1627819,Isaiah Taylor,1610612745,HOU,G,22,4,3,0.267,3,4,0.75,0.59,0.16
2016-17,1626253,Axel Toupane,1610612740,NOP,G-F,24,4,1,0.273,1,3,0.333,0.625,-0.292
2016-17,1627875,Marcus Georges-Hunt,1610612753,ORL,G,23,4,2,0.188,3,3,1,0.629,0.371
2016-17,203510,Pierre Jackson,1610612742,DAL,G,25,6,2,0.125,3,3,1,0.643,0.357
2016-17,202390,Gary Neal,1610612737,ATL,G,32,2,2,0.667,2,2,1,0.638,0.362
2016-17,1627791,Ben Bentil,1610612742,DAL,F,22,2,2,0.5,1,2,0.5,0.661,-0.161
2016-17,202412,Manny Harris,1610612742,DAL,G,27,3,2,0.4,2,2,1,0.604,0.396
2016-17,203098,John Jenkins,1610612756,PHX,G,26,3,1,0.5,2,2,1,0.571,0.429
2016-17,1627743,Demetrius Jackson,1610612738,BOS,G,22,3,2,0.4,1,2,0.5,0.605,-0.105
2016-17,202336,Larry Sanders,1610612739,CLE,F-C,28,5,2,0.222,1,2,0.5,0.486,0.015
2016-17,202407,Elijah Millsap,1610612756,PHX,G-F,29,2,1,0.222,2,2,1,0.612,0.388
2016-17,200779,Steve Novak,1610612749,MIL,F,34,4,2,0.5,2,2,1,0.706,0.294
2016-17,101127,Jarrett Jack,1610612740,NOP,G,33,2,1,0.154,2,2,1,0.529,0.471
2016-17,200770,Jordan Farmar,1610612758,SAC,G,30,2,1,0.1,1,1,1,0.538,0.462
2016-17,202349,Greivis Vasquez,1610612751,BKN,G,30,3,1,0.1,0,1,0,0.555,-0.555
2016-17,1627868,Patricio Garino,1610612753,ORL,G-F,24,4,1,0.125,1,1,1,0.663,0.337
2016-17,1627771,Michael Gbinije,1610612765,DET,G-F,25,4,1,0.083,1,1,1,0.644,0.356
2016-17,203998,Bruno Caboclo,1610612761,TOR,F,21,5,1,0.071,0,1,0,0.714,-0.714
2017-18,203999,Nikola Jokić,1610612743,DEN,C,23,75,75,0.421,382,596,0.641,0.617,0.023
2017-18,1626157,Karl-Anthony Towns,1610612750,MIN,C,22,82,82,0.399,359,588,0.611,0.616,-0.006
2017-18,203083,Andre Drummond,1610612765,DET,C,24,78,78,0.45,331,553,0.599,0.62,-0.021
2017-18,203991,Clint Capela,1610612745,HOU,C,24,73,73,0.452,301,538,0.559,0.609,-0.049
2017-18,1626167,Myles Turner,1610612754,IND,C,22,65,65,0.512,282,527,0.535,0.613,-0.078
2017-18,203994,Jusuf Nurkić,1610612757,POR,C,23,79,79,0.4,280,519,0.539,0.616,-0.077
2017-18,203500,Steven Adams,1610612760,OKC,C,24,75,75,0.397,301,516,0.583,0.617,-0.033
2017-18,203076,Anthony Davis,1610612740,NOP,F-C,25,75,75,0.365,259,501,0.517,0.609,-0.092
2017-18,203089,John Henson,1610612749,MIL,C,27,75,75,0.48,281,492,0.571,0.613,-0.042
2017-18,101162,Marcin Gortat,1610612764,WAS,C,34,82,81,0.424,275,472,0.583,0.617,-0.034
2017-18,201188,Marc Gasol,1610612763,MEM,C,33,73,72,0.418,258,463,0.557,0.615,-0.058
2017-18,1627751,Jakob Poeltl,1610612761,TOR,C,22,82,80,0.498,234,461,0.508,0.599,-0.091
2017-18,202685,Jonas Valanciunas,1610612761,TOR,C,26,77,76,0.393,235,445,0.528,0.612,-0.084
2017-18,201959,Taj Gibson,1610612750,MIN,F,33,82,82,0.386,257,437,0.588,0.613,-0.025
2017-18,203954,Joel Embiid,1610612755,PHI,C,24,62,62,0.384,219,433,0.506,0.611,-0.105
2017-18,201143,Al Horford,1610612738,BOS,F-C,32,69,69,0.356,232,425,0.546,0.61,-0.064
2017-18,202324,Derrick Favors,1610612762,UTA,F-C,26,76,76,0.42,216,423,0.511,0.613,-0.102
2017-18,1628381,John Collins,1610612737,ATL,F-C,20,73,72,0.453,229,419,0.547,0.615,-0.069
2017-18,202699,Tobias Harris,1610612746,LAC,F,25,80,79,0.371,250,409,0.611,0.614,-0.003
2017-18,203497,Rudy Gobert,1610612762,UTA,C,26,55,54,0.373,206,407,0.506,0.61,-0.104
2017-18,202696,Nikola Vučević,1610612753,ORL,C,27,56,55,0.42,227,402,0.565,0.614,-0.049
2017-18,203110,Draymond Green,1610612744,GSW,F,28,70,69,0.386,222,400,0.555,0.611,-0.056
2017-18,202683,Enes Freedom,1610612752,NYK,C,26,70,70,0.404,226,398,0.568,0.616,-0.048
2017-18,201572,Brook Lopez,1610612747,LAL,C,30,74,72,0.387,219,398,0.55,0.613,-0.063
2017-18,201950,Jrue Holiday,1610612740,NOP,G,28,81,80,0.314,249,397,0.627,0.597,0.03
2017-18,202331,Paul George,1610612760,OKC,F,28,78,78,0.391,260,396,0.657,0.614,0.043
2017-18,201599,DeAndre Jordan,1610612746,LAC,C,29,77,74,0.324,222,395,0.562,0.618,-0.056
2017-18,203944,Julius Randle,1610612747,LAL,F-C,23,82,80,0.393,217,393,0.552,0.615,-0.063
2017-18,1628386,Jarrett Allen,1610612751,BKN,C,20,70,68,0.442,206,393,0.524,0.616,-0.092
2017-18,2200,Pau Gasol,1610612759,SAS,C,37,77,74,0.397,204,389,0.524,0.603,-0.079
2017-18,200746,LaMarcus Aldridge,1610612759,SAS,F,32,75,75,0.317,201,387,0.519,0.611,-0.092
2017-18,1627734,Domantas Sabonis,1610612754,IND,C-F,22,74,73,0.441,228,387,0.589,0.607,-0.018
2017-18,203952,Andrew Wiggins,1610612750,MIN,F,23,82,81,0.348,242,382,0.634,0.605,0.029
2017-18,1627748,Thon Maker,1610612749,MIL,C-F,21,71,70,0.552,221,378,0.585,0.612,-0.028
2017-18,201152,Thaddeus Young,1610612754,IND,F,30,81,80,0.338,240,376,0.638,0.618,0.02
2017-18,203507,Giannis Antetokounmpo,1610612749,MIL,F,23,74,74,0.411,196,373,0.525,0.609,-0.083
2017-18,2730,Dwight Howard,1610612766,CHA,C,32,80,80,0.299,209,373,0.56,0.616,-0.055
2017-18,202689,Kemba Walker,1610612766,CHA,G,28,79,78,0.319,232,372,0.624,0.596,0.028
2017-18,1627733,Dragan Bender,1610612756,PHX,F,20,82,79,0.356,196,369,0.531,0.61,-0.079
2017-18,202326,DeMarcus Cousins,1610612740,NOP,C,27,48,48,0.39,211,365,0.578,0.609,-0.031
2017-18,201577,Robin Lopez,1610612741,CHI,C,30,64,63,0.376,203,364,0.558,0.613,-0.056
2017-18,201935,James Harden,1610612745,HOU,G,28,71,70,0.371,227,363,0.625,0.603,0.023
2017-18,203967,Dario Saric,1610612755,PHI,F,24,76,75,0.383,197,360,0.547,0.61,-0.062
2017-18,203482,Kelly Olynyk,1610612748,MIA,F-C,27,75,72,0.413,221,359,0.616,0.609,0.007
2017-18,203114,Khris Middleton,1610612749,MIL,F,26,81,81,0.365,233,358,0.651,0.612,0.039
2017-18,203458,Alex Len,1610612756,PHX,C,25,69,68,0.437,181,358,0.506,0.616,-0.11
2017-18,2544,LeBron James,1610612739,CLE,F-G,33,82,80,0.363,184,354,0.52,0.607,-0.087
2017-18,201586,Serge Ibaka,1610612761,TOR,F-C,28,76,75,0.41,193,353,0.547,0.608,-0.061
2017-18,1627750,Jamal Murray,1610612743,DEN,G,21,81,80,0.383,230,351,0.655,0.595,0.06
2017-18,203484,Kentavious Caldwell-Pope,1610612747,LAL,G,25,73,72,0.416,231,349,0.662,0.604,0.057
2017-18,201960,DeMarre Carroll,1610612751,BKN,F,31,71,69,0.438,194,348,0.557,0.617,-0.059
2017-18,200768,Kyle Lowry,1610612761,TOR,G,32,78,76,0.374,199,346,0.575,0.592,-0.017
2017-18,202329,Al-Farouq Aminu,1610612757,POR,F,27,69,69,0.4,184,346,0.532,0.624,-0.092
2017-18,203078,Bradley Beal,1610612764,WAS,G,25,82,80,0.34,213,341,0.625,0.601,0.024
2017-18,1717,Dirk Nowitzki,1610612742,DAL,C-F,40,77,75,0.353,203,338,0.601,0.62,-0.02
2017-18,1627752,Taurean Prince,1610612737,ATL,F,24,81,78,0.388,200,338,0.592,0.616,-0.025
2017-18,203496,Robert Covington,1610612755,PHI,F,27,79,78,0.368,202,337,0.599,0.607,-0.008
2017-18,202687,Bismack Biyombo,1610612753,ORL,C,25,81,77,0.442,185,336,0.551,0.602,-0.052
2017-18,202339,Eric Bledsoe,1610612749,MIL,G,28,74,73,0.4,200,335,0.597,0.589,0.008
2017-18,1628398,Kyle Kuzma,1610612747,LAL,F,22,77,76,0.392,187,334,0.56,0.602,-0.042
2017-18,203486,Mason Plumlee,1610612743,DEN,C-F,28,74,73,0.409,177,333,0.532,0.617,-0.085
2017-18,203490,Otto Porter Jr.,1610612764,WAS,F,25,76,76,0.431,195,328,0.595,0.605,-0.011
2017-18,1626196,Josh Richardson,1610612748,MIA,F,24,80,77,0.355,187,328,0.57,0.595,-0.025
2017-18,201567,Kevin Love,1610612739,CLE,C-F,29,59,58,0.422,205,327,0.627,0.621,0.006
2017-18,203115,Will Barton,1610612743,DEN,F-G,27,81,81,0.413,201,326,0.617,0.6,0.017
2017-18,203506,Victor Oladipo,1610612754,IND,G,26,75,74,0.353,183,325,0.563,0.598,-0.035
2017-18,200782,P.J. Tucker,1610612745,HOU,F,33,81,80,0.382,199,317,0.628,0.606,0.021
2017-18,1626178,Rondae Hollis-Jefferson,1610612751,BKN,F,23,66,66,0.404,193,315,0.613,0.613,0
2017-18,1626161,Willie Cauley-Stein,1610612758,SAC,C,24,73,72,0.355,188,314,0.599,0.622,-0.024
2017-18,203382,Aron Baynes,1610612738,BOS,C,31,78,76,0.374,176,313,0.562,0.607,-0.044
2017-18,1628415,Dillon Brooks,1610612763,MEM,F-G,22,82,79,0.336,205,313,0.655,0.604,0.051
2017-18,1627732,Ben Simmons,1610612755,PHI,G-F,21,80,78,0.327,157,313,0.502,0.608,-0.106
2017-18,2546,Carmelo Anthony,1610612760,OKC,F,34,76,76,0.341,204,312,0.654,0.618,0.035
2017-18,202355,Hassan Whiteside,1610612748,MIA,C,29,54,54,0.417,169,310,0.545,0.627,-0.082
2017-18,202334,Ed Davis,1610612757,POR,F-C,29,78,75,0.424,167,309,0.54,0.612,-0.071
2017-18,202693,Markieff Morris,1610612764,WAS,F,28,73,72,0.384,185,308,0.601,0.612,-0.012
2017-18,1628374,Lauri Markkanen,1610612741,CHI,F,21,68,66,0.398,187,306,0.611,0.612,0
2017-18,201566,Russell Westbrook,1610612760,OKC,G,29,78,75,0.384,190,305,0.623,0.608,0.015
2017-18,201980,Danny Green,1610612759,SAS,G-F,31,70,70,0.395,186,305,0.61,0.607,0.003
2017-18,201142,Kevin Durant,1610612744,GSW,F,29,68,68,0.352,172,303,0.568,0.611,-0.043
2017-18,202711,Bojan Bogdanovic,1610612754,IND,F-G,29,80,80,0.355,199,301,0.661,0.605,0.056
2017-18,1628367,Josh Jackson,1610612756,PHX,G-F,21,77,72,0.416,183,301,0.608,0.605,0.003
2017-18,203932,Aaron Gordon,1610612753,ORL,F,22,57,57,0.439,174,301,0.578,0.607,-0.029
2017-18,2747,JR Smith,1610612739,CLE,G-F,32,80,75,0.382,204,300,0.68,0.609,0.071
2017-18,203124,Kyle O'Quinn,1610612752,NYK,C-F,28,76,74,0.398,170,299,0.569,0.617,-0.049
2017-18,203468,CJ McCollum,1610612757,POR,G,26,80,78,0.32,168,298,0.564,0.594,-0.03
2017-18,101108,Chris Paul,1610612745,HOU,G,33,57,56,0.456,178,297,0.599,0.602,-0.002
2017-18,202691,Klay Thompson,1610612744,GSW,G,28,73,71,0.354,178,293,0.608,0.595,0.013
2017-18,204001,Kristaps Porziņģis,1610612752,NYK,F-C,22,47,47,0.385,148,292,0.507,0.615,-0.108
2017-18,203476,Gorgui Dieng,1610612750,MIN,C,28,79,76,0.416,181,290,0.624,0.61,0.015
2017-18,201937,Ricky Rubio,1610612762,UTA,G,27,76,73,0.364,173,288,0.601,0.593,0.008
2017-18,201933,Blake Griffin,1610612765,DET,F,29,58,58,0.325,168,285,0.589,0.612,-0.023
2017-18,203924,Jerami Grant,1610612760,OKC,F,24,80,79,0.446,150,285,0.526,0.608,-0.082
2017-18,201609,Goran Dragic,1610612748,MIA,G,32,74,73,0.417,148,283,0.523,0.587,-0.064
2017-18,203109,Jae Crowder,1610612762,UTA,F,27,80,79,0.366,167,282,0.592,0.606,-0.013
2017-18,1626162,Kelly Oubre Jr.,1610612764,WAS,F,22,81,76,0.387,182,282,0.645,0.594,0.052
2017-18,203901,Elfrid Payton,1610612756,PHX,G,24,63,63,0.398,170,282,0.603,0.595,0.008
2017-18,101161,Amir Johnson,1610612755,PHI,C-F,31,74,73,0.461,144,281,0.512,0.603,-0.091
2017-18,201952,Jeff Teague,1610612750,MIN,G,30,70,67,0.358,188,281,0.669,0.588,0.081
2017-18,2585,Zaza Pachulia,1610612744,GSW,C,34,69,67,0.459,167,280,0.596,0.613,-0.017
2017-18,201145,Jeff Green,1610612739,CLE,F,31,78,74,0.357,175,280,0.625,0.606,0.019
2017-18,202734,E'Twaun Moore,1610612740,NOP,F-G,29,82,81,0.354,167,279,0.599,0.598,0.001
2017-18,1627741,Buddy Hield,1610612758,SAC,G,25,80,78,0.362,177,276,0.641,0.596,0.045
2017-18,1626204,Larry Nance Jr.,1610612739,CLE,F,25,66,64,0.408,178,276,0.645,0.622,0.023
2017-18,203200,Justin Holiday,1610612741,CHI,G-F,29,72,71,0.331,171,274,0.624,0.609,0.015
2017-18,1627737,Marquese Chriss,1610612756,PHX,F,20,72,69,0.39,149,272,0.548,0.609,-0.062
2017-18,202703,Nikola Mirotic,1610612740,NOP,F,27,55,55,0.403,165,271,0.609,0.612,-0.003
2017-18,201585,Kosta Koufos,1610612758,SAC,C,29,71,66,0.416,143,269,0.532,0.62,-0.089
2017-18,202709,Cory Joseph,1610612754,IND,G,26,82,78,0.322,171,269,0.636,0.59,0.045
2017-18,201229,Anthony Tolliver,1610612765,DET,F,33,79,71,0.364,140,268,0.522,0.61,-0.088
2017-18,202710,Jimmy Butler III,1610612750,MIN,G,28,59,58,0.396,167,268,0.623,0.605,0.018
2017-18,204020,Tyler Johnson,1610612748,MIA,G,26,71,68,0.373,158,267,0.592,0.593,-0.001
2017-18,1627749,Dejounte Murray,1610612759,SAS,G,21,79,72,0.391,160,267,0.599,0.603,-0.004
2017-18,204060,Joe Ingles,1610612762,UTA,F,30,81,79,0.32,176,267,0.659,0.608,0.052
2017-18,2216,Zach Randolph,1610612758,SAC,F,36,59,58,0.386,175,266,0.658,0.617,0.041
2017-18,203471,Dennis Schröder,1610612737,ATL,G,24,66,66,0.351,166,265,0.626,0.594,0.033
2017-18,2772,Trevor Ariza,1610612745,HOU,F-G,33,65,63,0.424,184,265,0.694,0.61,0.084
2017-18,1627783,Pascal Siakam,1610612761,TOR,F,24,81,74,0.4,144,265,0.543,0.6,-0.056
2017-18,203077,Michael Kidd-Gilchrist,1610612766,CHA,F,24,73,68,0.356,160,265,0.604,0.611,-0.007
2017-18,101150,Lou Williams,1610612746,LAC,G,31,79,71,0.351,164,264,0.621,0.599,0.022
2017-18,202397,Ish Smith,1610612765,DET,G,29,82,76,0.333,153,264,0.58,0.594,-0.014
2017-18,101107,Marvin Williams,1610612766,CHA,F,32,77,73,0.36,163,264,0.617,0.611,0.007
2017-18,203613,Jonathon Simmons,1610612753,ORL,F,28,68,65,0.413,158,262,0.603,0.596,0.008
2017-18,1626185,Jarell Martin,1610612763,MEM,F,24,72,65,0.405,144,262,0.55,0.599,-0.049
2017-18,203915,Spencer Dinwiddie,1610612751,BKN,G,25,78,73,0.337,155,261,0.594,0.593,0.001
2017-18,101141,Ersan Ilyasova,1610612755,PHI,F,31,69,62,0.364,145,261,0.556,0.61,-0.055
2017-18,1628366,Lonzo Ball,1610612747,LAL,G,20,52,51,0.39,153,261,0.586,0.603,-0.016
2017-18,203081,Damian Lillard,1610612757,POR,G,27,73,71,0.329,138,258,0.535,0.582,-0.047
2017-18,202328,Greg Monroe,1610612738,BOS,C-F,28,50,49,0.5,143,257,0.556,0.608,-0.052
2017-18,201967,Dante Cunningham,1610612751,BKN,F,31,73,70,0.385,159,257,0.619,0.61,0.009
2017-18,201942,DeMar DeRozan,1610612761,TOR,G,28,80,78,0.395,146,255,0.573,0.597,-0.024
2017-18,203473,Dewayne Dedmon,1610612737,ATL,C,28,61,57,0.342,137,252,0.544,0.615,-0.072
2017-18,1626163,Frank Kaminsky,1610612766,CHA,F-C,25,79,73,0.31,158,252,0.627,0.603,0.024
2017-18,1628368,De'Aaron Fox,1610612758,SAC,G,20,72,72,0.335,159,252,0.631,0.586,0.045
2017-18,203903,Jordan Clarkson,1610612739,CLE,G,26,81,75,0.393,155,252,0.615,0.593,0.022
2017-18,1627742,Brandon Ingram,1610612747,LAL,F-G,20,59,59,0.374,142,251,0.566,0.609,-0.043
2017-18,1628378,Donovan Mitchell,1610612762,UTA,G,21,78,75,0.316,145,248,0.585,0.6,-0.015
2017-18,203085,Austin Rivers,1610612746,LAC,G,25,61,58,0.375,145,246,0.589,0.604,-0.014
2017-18,201949,James Johnson,1610612748,MIA,F,31,71,66,0.34,127,245,0.518,0.613,-0.094
2017-18,1626159,Justise Winslow,1610612748,MIA,F-G,22,67,65,0.368,138,244,0.566,0.602,-0.037
2017-18,1626171,Bobby Portis Jr.,1610612741,CHI,F,23,73,70,0.413,154,243,0.634,0.609,0.024
2017-18,1627747,Caris LeVert,1610612751,BKN,G-F,23,69,65,0.348,146,241,0.606,0.599,0.007
2017-18,1627812,Yogi Ferrell,1610612742,DAL,G,25,82,77,0.322,161,241,0.668,0.597,0.071
2017-18,1628369,Jayson Tatum,1610612738,BOS,F,20,77,73,0.379,139,241,0.577,0.6,-0.024
2017-18,203084,Harrison Barnes,1610612742,DAL,F,26,77,73,0.287,141,239,0.59,0.612,-0.022
2017-18,1626209,Mario Hezonja,1610612753,ORL,F-G,23,73,66,0.362,146,239,0.611,0.605,0.006
2017-18,201163,Wilson Chandler,1610612743,DEN,F,31,74,74,0.314,134,239,0.561,0.614,-0.053
2017-18,1626168,Trey Lyles,1610612743,DEN,F,22,66,62,0.427,135,238,0.567,0.599,-0.031
2017-18,200794,Paul Millsap,1610612743,DEN,F,33,38,38,0.42,121,237,0.511,0.613,-0.103
2017-18,2594,Kyle Korver,1610612739,CLE,G,37,73,69,0.387,152,236,0.644,0.591,0.053
2017-18,202323,Evan Turner,1610612757,POR,F-G,29,79,74,0.313,125,235,0.532,0.598,-0.066
2017-18,1627759,Jaylen Brown,1610612738,BOS,G-F,21,67,66,0.342,144,235,0.613,0.609,0.004
2017-18,203095,Evan Fournier,1610612753,ORL,G-F,25,56,54,0.398,156,235,0.664,0.608,0.056
2017-18,201583,Ryan Anderson,1610612745,HOU,F,30,64,63,0.377,131,234,0.56,0.596,-0.036
2017-18,203503,Tony Snell,1610612749,MIL,G,26,74,70,0.343,145,233,0.622,0.597,0.025
2017-18,203937,Kyle Anderson,1610612759,SAS,F,24,74,69,0.395,137,232,0.591,0.618,-0.027
2017-18,201584,Courtney Lee,1610612752,NYK,G,32,75,73,0.332,161,232,0.694,0.608,0.086
2017-18,1628404,Josh Hart,1610612747,LAL,G,23,63,55,0.371,142,232,0.612,0.605,0.008
2017-18,1628372,Dennis Smith Jr.,1610612742,DAL,G,20,69,65,0.316,153,231,0.662,0.597,0.066
2017-18,1628395,Jordan Bell,1610612744,GSW,C-F,23,56,53,0.474,113,231,0.489,0.606,-0.117
2017-18,101133,Ian Mahinmi,1610612764,WAS,C,31,77,70,0.403,134,231,0.58,0.607,-0.027
2017-18,203145,Kent Bazemore,1610612737,ATL,G,28,64,62,0.381,129,230,0.561,0.609,-0.048
2017-18,1626149,Montrezl Harrell,1610612746,LAC,F-C,24,74,64,0.346,130,227,0.573,0.61,-0.038
2017-18,203501,Tim Hardaway Jr.,1610612752,NYK,F-G,26,57,57,0.348,136,226,0.602,0.614,-0.013
2017-18,202681,Kyrie Irving,1610612738,BOS,G,26,56,55,0.387,144,224,0.643,0.597,0.046
2017-18,1626164,Devin Booker,1610612756,PHX,G,21,54,53,0.356,144,224,0.643,0.589,0.054
2017-18,203459,Allen Crabbe,1610612751,BKN,G-F,26,73,69,0.345,129,224,0.576,0.595,-0.019
2017-18,202357,Nemanja Bjelica,1610612750,MIN,F,30,66,58,0.388,134,221,0.606,0.598,0.009
2017-18,1627746,Skal Labissiere,1610612758,SAC,F-C,22,59,57,0.395,128,221,0.579,0.616,-0.037
2017-18,2561,David West,1610612744,GSW,F,37,73,70,0.386,114,221,0.516,0.604,-0.088
2017-18,203939,Dwight Powell,1610612742,DAL,C-F,26,78,71,0.298,139,221,0.629,0.617,0.012
2017-18,203092,Tyler Zeller,1610612749,MIL,C,28,64,59,0.318,137,221,0.62,0.617,0.003
2017-18,201563,Michael Beasley,1610612752,NYK,F,29,71,63,0.361,122,220,0.555,0.61,-0.055
2017-18,1627756,Denzel Valentine,1610612741,CHI,F,24,77,73,0.315,147,220,0.668,0.607,0.061
2017-18,201988,Patty Mills,1610612759,SAS,G,29,82,78,0.336,133,217,0.613,0.6,0.013
2017-18,1628021,David Nwaba,1610612741,CHI,F,25,70,66,0.329,147,217,0.677,0.597,0.08
2017-18,1626179,Terry Rozier,1610612738,BOS,G,24,77,71,0.319,146,214,0.682,0.601,0.081
2017-18,203933,T.J. Warren,1610612756,PHX,F,24,65,64,0.36,123,214,0.575,0.604,-0.029
2017-18,203992,Bogdan Bogdanović,1610612758,SAC,G,25,78,73,0.32,125,213,0.587,0.605,-0.018
2017-18,203107,Tomas Satoransky,1610612764,WAS,G-F,26,70,62,0.368,129,212,0.608,0.592,0.017
2017-18,203925,Joe Harris,1610612751,BKN,F-G,26,77,71,0.346,126,212,0.594,0.603,-0.009
2017-18,1627739,Kris Dunn,1610612741,CHI,G,24,52,49,0.361,144,211,0.682,0.594,0.088
2017-18,1626153,Delon Wright,1610612761,TOR,G,26,69,65,0.43,113,209,0.541,0.588,-0.047
2017-18,201601,Luc Mbah a Moute,1610612745,HOU,F,31,60,57,0.366,119,208,0.572,0.602,-0.03
2017-18,203087,Jeremy Lamb,1610612766,CHA,G,26,79,75,0.294,137,208,0.659,0.585,0.073
2017-18,2738,Andre Iguodala,1610612744,GSW,F-G,34,64,61,0.365,124,207,0.599,0.605,-0.006
2017-18,201954,Darren Collison,1610612754,IND,G,30,69,67,0.327,140,207,0.676,0.594,0.083
2017-18,1628467,Maxi Kleber,1610612742,DAL,F,26,67,59,0.363,120,207,0.58,0.613,-0.033
2017-18,202325,Wesley Johnson,1610612746,LAC,F-G,30,71,63,0.37,126,206,0.612,0.61,0.001
2017-18,1627832,Fred VanVleet,1610612761,TOR,G,24,76,71,0.368,106,206,0.515,0.586,-0.072
2017-18,1628373,Frank Ntilikina,1610612752,NYK,G,19,77,70,0.367,128,206,0.621,0.592,0.03
2017-18,1627755,Tyler Ulis,1610612756,PHX,G,22,70,66,0.365,133,204,0.652,0.593,0.059
2017-18,201569,Eric Gordon,1610612745,HOU,G,29,68,64,0.336,132,203,0.65,0.599,0.051
2017-18,203121,Darius Miller,1610612740,NOP,F,28,80,72,0.325,119,203,0.586,0.598,-0.012
2017-18,201939,Stephen Curry,1610612744,GSW,G,30,51,50,0.386,135,203,0.665,0.587,0.078
2017-18,203101,Miles Plumlee,1610612737,ATL,C-F,29,55,55,0.383,109,202,0.54,0.615,-0.075
2017-18,203488,Mike Muscala,1610612737,ATL,F-C,26,53,52,0.371,118,201,0.587,0.609,-0.022
2017-18,1626170,Jerian Grant,1610612741,CHI,G,25,73,63,0.338,122,200,0.61,0.593,0.017
2017-18,204456,T.J. McConnell,1610612755,PHI,G,26,75,72,0.324,113,200,0.565,0.583,-0.018
2017-18,201571,D.J. Augustin,1610612753,ORL,G,30,74,67,0.35,133,199,0.668,0.593,0.075
2017-18,202722,Davis Bertans,1610612759,SAS,C-F,25,68,57,0.414,106,198,0.535,0.6,-0.065
2017-18,1626169,Stanley Johnson,1610612765,DET,F,22,69,65,0.324,117,198,0.591,0.614,-0.023
2017-18,1628464,Daniel Theis,1610612738,BOS,F-C,26,59,51,0.426,104,198,0.525,0.608,-0.082
2017-18,1628389,Bam Adebayo,1610612748,MIA,C-F,20,67,62,0.344,107,197,0.543,0.609,-0.066
2017-18,200765,Rajon Rondo,1610612740,NOP,G,32,64,58,0.363,120,197,0.609,0.592,0.017
2017-18,202684,Tristan Thompson,1610612739,CLE,C-F,27,53,51,0.343,119,196,0.607,0.604,0.003
2017-18,201587,Nicolas Batum,1610612766,CHA,G-F,29,64,59,0.364,120,196,0.612,0.606,0.007
2017-18,203961,Eric Moreland,1610612765,DET,F-C,26,65,57,0.491,114,195,0.585,0.617,-0.032
2017-18,1626156,D'Angelo Russell,1610612751,BKN,G,22,48,47,0.438,116,195,0.595,0.596,-0.001
2017-18,203914,Gary Harris,1610612743,DEN,G,23,67,61,0.327,126,195,0.646,0.6,0.046
2017-18,2199,Tyson Chandler,1610612756,PHX,C,35,46,44,0.351,111,195,0.569,0.615,-0.046
2017-18,203112,Quincy Acy,1610612751,BKN,F,27,67,62,0.324,110,193,0.57,0.615,-0.045
2017-18,202335,Patrick Patterson,1610612760,OKC,F,29,79,68,0.386,108,191,0.565,0.613,-0.048
2017-18,201588,George Hill,1610612739,CLE,G,32,67,63,0.33,117,191,0.613,0.608,0.005
2017-18,203584,Troy Daniels,1610612756,PHX,G,26,77,69,0.35,124,191,0.649,0.598,0.052
2017-18,1627738,Deyonta Davis,1610612763,MEM,C-F,21,62,58,0.448,113,190,0.595,0.611,-0.016
2017-18,202322,John Wall,1610612764,WAS,G,27,41,41,0.374,112,189,0.593,0.596,-0.003
2017-18,202066,Garrett Temple,1610612758,SAC,F-G,32,65,60,0.344,116,188,0.617,0.598,0.019
2017-18,203493,Reggie Bullock Jr.,1610612765,DET,G-F,27,61,53,0.337,113,187,0.604,0.599,0.005
2017-18,1626257,Salah Mejri,1610612742,DAL,C,32,59,52,0.442,100,185,0.541,0.61,-0.07
2017-18,1626145,Tyus Jones,1610612750,MIN,G,22,82,71,0.338,126,185,0.681,0.577,0.104
2017-18,200755,JJ Redick,1610612755,PHI,G-F,34,69,60,0.321,110,185,0.595,0.602,-0.007
2017-18,203894,Shabazz Napier,1610612757,POR,G,26,73,64,0.309,112,183,0.612,0.586,0.026
2017-18,101127,Jarrett Jack,1610612752,NYK,G,34,61,55,0.322,103,182,0.566,0.603,-0.037
2017-18,202327,Ekpe Udoh,1610612762,UTA,C-F,31,59,57,0.445,89,181,0.492,0.603,-0.111
2017-18,1628379,Luke Kennard,1610612765,DET,G,22,72,60,0.369,111,181,0.613,0.586,0.028
2017-18,200752,Rudy Gay,1610612759,SAS,F,31,57,56,0.388,102,179,0.57,0.602,-0.032
2017-18,1626172,Kevon Looney,1610612744,GSW,F,22,62,55,0.367,94,178,0.528,0.609,-0.081
2017-18,201158,Marco Belinelli,1610612755,PHI,G-F,32,79,70,0.313,126,178,0.708,0.605,0.103
2017-18,2548,Dwyane Wade,1610612748,MIA,G,36,67,64,0.344,109,178,0.612,0.6,0.012
2017-18,202714,Shelvin Mack,1610612753,ORL,G,28,64,57,0.35,114,177,0.644,0.592,0.052
2017-18,1628384,OG Anunoby,1610612761,TOR,F,20,74,65,0.339,107,177,0.605,0.613,-0.008
2017-18,203516,James Ennis III,1610612765,DET,F,27,72,68,0.344,114,176,0.648,0.612,0.036
2017-18,200826,J.J. Barea,1610612742,DAL,G,34,69,60,0.32,115,175,0.657,0.597,0.06
2017-18,201961,Wayne Ellington,1610612748,MIA,G,30,76,65,0.303,112,175,0.64,0.6,0.04
2017-18,1628462,Milos Teodosic,1610612746,LAC,G,31,45,42,0.391,116,175,0.663,0.594,0.068
2017-18,1628382,Justin Jackson,1610612758,SAC,F,23,67,62,0.39,113,174,0.649,0.603,0.047
2017-18,203210,JaMychal Green,1610612763,MEM,F,28,55,49,0.316,107,171,0.626,0.619,0.007
2017-18,203926,Doug McDermott,1610612742,DAL,F,26,78,70,0.326,99,170,0.582,0.605,-0.023
2017-18,1627763,Malcolm Brogdon,1610612749,MIL,G,25,47,45,0.374,100,170,0.588,0.598,-0.01
2017-18,203546,Ian Clark,1610612740,NOP,G,27,72,59,0.388,106,168,0.631,0.576,0.055
2017-18,1628414,Sindarius Thornwell,1610612746,LAC,G,23,65,55,0.352,105,168,0.625,0.6,0.025
2017-18,101109,Raymond Felton,1610612760,OKC,G,34,80,74,0.374,96,168,0.571,0.584,-0.013
2017-18,1628380,Zach Collins,1610612757,POR,C-F,20,64,54,0.355,82,167,0.491,0.589,-0.098
2017-18,1626150,Andrew Harrison,1610612763,MEM,G,23,56,49,0.344,97,165,0.588,0.59,-0.002
2017-18,1626144,Emmanuel Mudiay,1610612752,NYK,G,22,61,55,0.39,99,161,0.615,0.591,0.024
2017-18,203118,Mike Scott,1610612764,WAS,F,29,76,67,0.327,96,160,0.6,0.6,0
2017-18,201156,Nick Young,1610612744,GSW,G-F,33,80,61,0.356,101,160,0.631,0.592,0.04
2017-18,202083,Wesley Matthews,1610612742,DAL,G-F,31,63,59,0.263,109,160,0.681,0.609,0.072
2017-18,1626245,Cristiano Felicio,1610612741,CHI,C-F,25,54,48,0.348,105,160,0.656,0.619,0.037
2017-18,1627835,Paul Zipser,1610612741,CHI,F,24,51,48,0.44,97,159,0.61,0.611,-0.001
2017-18,2207,Joe Johnson,1610612745,HOU,G-F,37,55,51,0.357,98,158,0.62,0.608,0.013
2017-18,202694,Marcus Morris Sr.,1610612738,BOS,F,28,52,50,0.328,103,157,0.656,0.609,0.047
2017-18,203918,Rodney Hood,1610612739,CLE,G,25,60,55,0.347,102,155,0.658,0.61,0.048
2017-18,201596,Mario Chalmers,1610612763,MEM,G,32,66,60,0.352,109,154,0.708,0.591,0.117
2017-18,201580,JaVale McGee,1610612744,GSW,C,30,64,56,0.403,81,153,0.529,0.604,-0.075
2017-18,201578,Marreese Speights,1610612753,ORL,F-C,30,50,46,0.365,87,151,0.576,0.604,-0.028
2017-18,2733,Shaun Livingston,1610612744,GSW,G,32,70,60,0.371,87,149,0.584,0.595,-0.011
2017-18,202344,Trevor Booker,1610612754,IND,F,30,67,56,0.296,84,148,0.568,0.603,-0.035
2017-18,203962,Josh Huestis,1610612760,OKC,G,26,59,54,0.391,82,146,0.562,0.605,-0.043
2017-18,203943,Noah Vonleh,1610612741,CHI,F,22,53,44,0.377,90,144,0.625,0.602,0.023
2017-18,1626192,Pat Connaughton,1610612757,POR,G-F,25,82,61,0.276,76,143,0.531,0.594,-0.063
2017-18,1627854,Bryn Forbes,1610612759,SAS,G,24,78,53,0.297,98,142,0.69,0.592,0.098
2017-18,203463,Ben McLemore,1610612763,MEM,G,25,56,46,0.382,82,141,0.582,0.604,-0.023
2017-18,203460,Andre Roberson,1610612760,OKC,G,26,37,35,0.373,80,140,0.571,0.599,-0.027
2017-18,201975,Jodie Meeks,1610612764,WAS,G,30,74,59,0.397,84,139,0.604,0.592,0.012
2017-18,201936,Tyreke Evans,1610612763,MEM,G-F,28,52,46,0.307,83,138,0.601,0.599,0.002
2017-18,201973,Jonas Jerebko,1610612762,UTA,F,31,71,62,0.331,74,138,0.536,0.609,-0.073
2017-18,1627767,Cheick Diallo,1610612740,NOP,F,21,50,42,0.447,80,138,0.58,0.604,-0.024
2017-18,202340,Avery Bradley,1610612746,LAC,G,27,46,41,0.322,87,136,0.64,0.604,0.036
2017-18,202362,Lance Stephenson,1610612754,IND,G,27,81,65,0.298,91,136,0.669,0.593,0.076
2017-18,203090,Maurice Harkless,1610612757,POR,F,25,58,51,0.325,69,136,0.507,0.615,-0.107
2017-18,203518,Alex Abrines,1610612760,OKC,G,24,65,52,0.356,81,135,0.6,0.607,-0.007
2017-18,1628400,Semi Ojeleye,1610612738,BOS,F,23,67,53,0.318,84,134,0.627,0.603,0.024
2017-18,101181,Jose Calderon,1610612739,CLE,G,36,52,46,0.369,84,132,0.636,0.583,0.053
2017-18,1626158,Richaun Holmes,1610612755,PHI,F-C,24,45,40,0.362,65,132,0.492,0.615,-0.123
2017-18,203953,Jabari Parker,1610612749,MIL,F,23,31,31,0.454,77,132,0.583,0.615,-0.032
2017-18,2734,Devin Harris,1610612743,DEN,G,35,71,61,0.31,85,132,0.644,0.599,0.045
2017-18,204028,Tarik Black,1610612745,HOU,F-C,26,49,44,0.48,66,131,0.504,0.602,-0.099
2017-18,1626181,Norman Powell,1610612761,TOR,F-G,25,66,53,0.416,75,131,0.573,0.595,-0.022
2017-18,1626220,Royce O'Neale,1610612762,UTA,F,25,62,54,0.333,74,131,0.565,0.599,-0.034
2017-18,1627775,Patrick McCaw,1610612744,GSW,G,22,52,43,0.458,82,130,0.631,0.596,0.034
2017-18,203935,Marcus Smart,1610612738,BOS,G,24,51,43,0.271,83,128,0.648,0.601,0.048
2017-18,202498,Lance Thomas,1610612752,NYK,F,30,68,56,0.322,75,127,0.591,0.612,-0.021
2017-18,1628425,Sterling Brown,1610612749,MIL,G,23,51,43,0.411,80,125,0.64,0.606,0.034
2017-18,101112,Channing Frye,1610612747,LAL,F,35,51,46,0.342,84,125,0.672,0.593,0.079
2017-18,202704,Reggie Jackson,1610612765,DET,G,28,45,44,0.298,74,123,0.602,0.597,0.005
2017-18,203920,Khem Birch,1610612753,ORL,C,25,37,33,0.424,69,123,0.561,0.606,-0.045
2017-18,200757,Thabo Sefolosha,1610612762,UTA,F,34,37,35,0.398,68,121,0.562,0.616,-0.054
2017-18,1626155,Sam Dekker,1610612746,LAC,F,24,71,55,0.363,64,121,0.529,0.604,-0.075
2017-18,2403,Nene,1610612745,HOU,C-F,35,52,49,0.309,66,120,0.55,0.596,-0.046
2017-18,1628371,Jonathan Isaac,1610612753,ORL,F,20,27,27,0.496,72,119,0.605,0.608,-0.003
2017-18,1626195,Willy Hernangomez,1610612766,CHA,C,24,46,39,0.43,72,119,0.605,0.591,0.014
2017-18,203512,Lucas Nogueira,1610612761,TOR,C,25,45,41,0.456,62,119,0.521,0.599,-0.078
2017-18,1938,Manu Ginobili,1610612759,SAS,G,40,63,54,0.362,64,117,0.547,0.598,-0.051
2017-18,202337,Luke Babbitt,1610612748,MIA,F,29,46,35,0.36,70,117,0.598,0.596,0.002
2017-18,203530,Joffrey Lauvergne,1610612759,SAS,C,26,49,41,0.458,81,116,0.698,0.618,0.081
2017-18,101139,CJ Miles,1610612761,TOR,F-G,31,70,55,0.33,70,115,0.609,0.6,0.009
2017-18,202738,Isaiah Thomas,1610612747,LAL,G,29,32,30,0.353,80,115,0.696,0.598,0.098
2017-18,1628411,Wes Iwundu,1610612753,ORL,F,23,59,51,0.333,75,115,0.652,0.587,0.065
2017-18,203487,Michael Carter-Williams,1610612766,CHA,G,26,52,45,0.367,64,113,0.566,0.59,-0.024
2017-18,1713,Vince Carter,1610612758,SAC,G-F,41,57,47,0.341,64,113,0.566,0.616,-0.05
2017-18,1627820,Tyrone Wallace,1610612746,LAC,G,24,29,28,0.346,64,111,0.577,0.599,-0.023
2017-18,203079,Dion Waiters,1610612748,MIA,G,26,29,27,0.356,63,110,0.573,0.6,-0.027
2017-18,204025,Tim Frazier,1610612764,WAS,G,27,56,47,0.344,75,109,0.688,0.592,0.096
2017-18,101123,Gerald Green,1610612745,HOU,G-F,32,40,36,0.369,72,109,0.661,0.585,0.075
2017-18,2037,Jamal Crawford,1610612750,MIN,G,38,75,62,0.326,77,109,0.706,0.595,0.111
2017-18,201956,Omri Casspi,1610612744,GSW,F,30,52,44,0.408,55,109,0.505,0.586,-0.082
2017-18,1628370,Malik Monk,1610612766,CHA,G,20,56,45,0.419,79,108,0.731,0.58,0.152
2017-18,1627826,Ivica Zubac,1610612747,LAL,C,21,38,32,0.415,57,108,0.528,0.619,-0.092
2017-18,1628397,Ivan Rabb,1610612763,MEM,F,21,31,27,0.43,65,108,0.602,0.617,-0.015
2017-18,203469,Cody Zeller,1610612766,CHA,C-F,25,32,31,0.374,64,107,0.598,0.603,-0.005
2017-18,1626203,Treveon Graham,1610612766,CHA,G-F,24,60,46,0.337,70,106,0.66,0.581,0.079
2017-18,203499,Shane Larkin,1610612738,BOS,G,25,50,39,0.387,65,104,0.625,0.593,0.032
2017-18,2744,Al Jefferson,1610612754,IND,C,33,36,35,0.369,68,103,0.66,0.618,0.042
2017-18,1628416,Tyler Dorsey,1610612737,ATL,G,22,52,40,0.317,59,102,0.578,0.598,-0.02
2017-18,1627819,Isaiah Taylor,1610612737,ATL,G,23,64,51,0.273,57,102,0.559,0.577,-0.018
2017-18,204038,Langston Galloway,1610612765,DET,G,26,53,43,0.371,55,101,0.545,0.593,-0.049
2017-18,1627098,Malcolm Delaney,1610612737,ATL,G,29,51,45,0.327,68,101,0.673,0.589,0.084
2017-18,1628412,Frank Mason III,1610612758,SAC,G,24,50,43,0.352,68,99,0.687,0.579,0.108
2017-18,1891,Jason Terry,1610612749,MIL,G,40,47,34,0.41,65,98,0.663,0.599,0.064
2017-18,1628455,Mike James,1610612740,NOP,G,27,36,33,0.381,59,98,0.602,0.591,0.011
2017-18,201568,Danilo Gallinari,1610612746,LAC,F,29,21,21,0.364,53,95,0.558,0.606,-0.048
2017-18,2749,Jameer Nelson,1610612765,DET,G,36,50,41,0.27,56,95,0.589,0.579,0.01
2017-18,201162,Jared Dudley,1610612756,PHX,F,32,45,34,0.354,61,93,0.656,0.609,0.047
2017-18,1628463,Tyler Cavanaugh,1610612737,ATL,F,24,34,31,0.425,62,93,0.667,0.609,0.057
2017-18,1628390,Terrance Ferguson,1610612760,OKC,G,20,53,41,0.35,51,93,0.548,0.597,-0.048
2017-18,202732,DeAndre Liggins,1610612740,NOP,G,30,51,41,0.406,55,93,0.591,0.582,0.009
2017-18,203521,Matthew Dellavedova,1610612749,MIL,G,27,37,32,0.374,61,92,0.663,0.599,0.064
2017-18,1627789,Timothe Luwawu-Cabarrot,1610612755,PHI,G-F,23,49,38,0.351,49,92,0.533,0.584,-0.052
2017-18,203457,Nerlens Noel,1610612742,DAL,C,24,27,24,0.397,58,89,0.652,0.626,0.026
2017-18,202692,Alec Burks,1610612762,UTA,G,26,60,45,0.337,54,89,0.607,0.591,0.016
2017-18,1627936,Alex Caruso,1610612747,LAL,G,24,37,33,0.406,52,88,0.591,0.586,0.005
2017-18,201573,Jerryd Bayless,1610612755,PHI,G,29,38,32,0.273,46,86,0.535,0.586,-0.051
2017-18,201147,Corey Brewer,1610612760,OKC,F,32,52,40,0.324,53,85,0.624,0.603,0.021
2017-18,1628436,Luke Kornet,1610612752,NYK,F-C,22,20,19,0.462,48,85,0.565,0.633,-0.068
2017-18,203504,Trey Burke,1610612752,NYK,G,25,34,32,0.341,51,84,0.607,0.577,0.03
2017-18,2225,Tony Parker,1610612759,SAS,G,36,55,44,0.299,56,84,0.667,0.608,0.059
2017-18,203082,Terrence Ross,1610612753,ORL,G-F,27,23,23,0.416,48,84,0.571,0.592,-0.02
2017-18,203898,Tyler Ennis,1610612747,LAL,G,23,47,30,0.332,53,83,0.639,0.583,0.056
2017-18,202702,Kenneth Faried,1610612743,DEN,F,28,32,25,0.405,58,83,0.699,0.607,0.092
2017-18,1626224,Cedi Osman,1610612739,CLE,F-G,23,49,35,0.327,51,82,0.622,0.586,0.036
2017-18,2731,Emeka Okafor,1610612740,NOP,C,35,25,23,0.409,47,81,0.58,0.621,-0.041
2017-18,203710,C.J. Williams,1610612746,LAC,F-G,28,34,28,0.328,55,81,0.679,0.601,0.078
2017-18,203917,Nik Stauskas,1610612751,BKN,G,24,37,31,0.392,51,80,0.638,0.594,0.044
2017-18,203186,Willie Reed,1610612765,DET,C,28,39,30,0.385,44,79,0.557,0.621,-0.064
2017-18,1628393,Jawun Evans,1610612746,LAC,G,21,45,36,0.312,50,78,0.641,0.567,0.074
2017-18,1626143,Jahlil Okafor,1610612751,BKN,C,22,28,24,0.333,41,75,0.547,0.609,-0.062
2017-18,1628470,Torrey Craig,1610612743,DEN,G-F,27,39,32,0.3,45,75,0.6,0.594,0.006
2017-18,1626175,Jordan Mickey,1610612748,MIA,C-F,23,22,20,0.581,41,75,0.547,0.624,-0.077
2017-18,1628424,Kobi Simmons,1610612763,MEM,G,20,31,26,0.38,52,73,0.712,0.588,0.125
2017-18,1626188,Quinn Cook,1610612744,GSW,G,25,29,25,0.344,43,73,0.589,0.581,0.008
2017-18,1628407,Dwayne Bacon,1610612766,CHA,F,22,42,31,0.29,44,70,0.629,0.597,0.032
2017-18,1627858,Kyle Collinsworth,1610612742,DAL,G,26,29,23,0.414,38,70,0.543,0.594,-0.051
2017-18,203948,Johnny O'Bryant III,1610612766,CHA,F,25,33,28,0.392,45,67,0.672,0.626,0.045
2017-18,203464,Brandon Paul,1610612759,SAS,G,27,45,28,0.342,42,66,0.636,0.576,0.06
2017-18,203526,Raul Neto,1610612762,UTA,G,26,37,30,0.316,37,66,0.561,0.569,-0.009
2017-18,1627782,Wayne Selden,1610612763,MEM,G-F,23,34,28,0.337,53,66,0.803,0.593,0.21
2017-18,1628388,T.J. Leaf,1610612754,IND,F,21,48,32,0.375,39,66,0.591,0.587,0.004
2017-18,201167,Arron Afflalo,1610612753,ORL,G,32,49,35,0.32,37,65,0.569,0.591,-0.021
2017-18,1626246,Boban Marjanovic,1610612746,LAC,C,29,36,30,0.3,31,64,0.484,0.618,-0.134
2017-18,201148,Brandan Wright,1610612745,HOU,F-C,30,27,24,0.386,37,64,0.578,0.605,-0.027
2017-18,1627740,Henry Ellenson,1610612765,DET,F,21,34,24,0.39,42,64,0.656,0.601,0.055
2017-18,203897,Zach LaVine,1610612741,CHI,G,23,24,22,0.4,39,64,0.609,0.62,-0.011
2017-18,201565,Derrick Rose,1610612750,MIN,G,29,25,21,0.387,41,63,0.651,0.601,0.05
2017-18,1626166,Cameron Payne,1610612741,CHI,G,23,25,24,0.298,40,61,0.656,0.584,0.072
2017-18,203960,JaKarr Sampson,1610612758,SAC,F,25,22,19,0.424,24,61,0.393,0.622,-0.229
2017-18,1627827,Dorian Finney-Smith,1610612742,DAL,F,25,20,18,0.381,29,59,0.492,0.624,-0.132
2017-18,1627362,Briante Weber,1610612763,MEM,G,25,16,16,0.523,40,58,0.69,0.582,0.107
2017-18,1627846,Abdel Nader,1610612738,BOS,F,24,39,26,0.363,33,58,0.569,0.572,-0.003
2017-18,1626202,Joe Young,1610612754,IND,G,26,45,32,0.35,40,57,0.702,0.57,0.131
2017-18,203930,Sean Kilpatrick,1610612741,CHI,G,28,43,32,0.326,40,56,0.714,0.596,0.119
2017-18,1627814,Damion Lee,1610612737,ATL,G,25,15,14,0.433,29,55,0.527,0.615,-0.088
2017-18,1627736,Malik Beasley,1610612743,DEN,G,21,43,30,0.378,28,54,0.519,0.593,-0.075
2017-18,202389,Timofey Mozgov,1610612751,BKN,C,31,29,20,0.261,23,53,0.434,0.607,-0.173
2017-18,1627823,Juancho Hernangomez,1610612743,DEN,F,22,22,18,0.397,30,52,0.577,0.594,-0.018
2017-18,1627790,Ante Zizic,1610612739,CLE,F-C,21,23,18,0.418,26,51,0.51,0.603,-0.093
2017-18,1627761,DeAndre' Bembry,1610612737,ATL,F-G,23,25,21,0.342,33,51,0.647,0.595,0.052
2017-18,201147,Corey Brewer,1610612760,OKC,G-F,32,18,18,0.263,28,51,0.549,0.62,-0.071
2017-18,202779,Dwight Buycks,1610612765,DET,G,29,26,23,0.368,25,50,0.5,0.598,-0.098
2017-18,201160,Jason Smith,1610612764,WAS,F-C,32,33,25,0.362,32,50,0.64,0.591,0.049
2017-18,1627885,Shaquille Harrison,1610612756,PHX,G,24,22,18,0.322,29,49,0.592,0.585,0.006
2017-18,202718,Chandler Parsons,1610612763,MEM,F,29,35,27,0.257,34,48,0.708,0.61,0.099
2017-18,203477,Isaiah Canaan,1610612756,PHX,G,27,19,19,0.331,33,47,0.702,0.595,0.107
2017-18,1627758,Ron Baker,1610612752,NYK,G,25,26,20,0.377,24,46,0.522,0.595,-0.073
2017-18,201600,Omer Asik,1610612741,CHI,C,31,17,14,0.387,29,46,0.63,0.598,0.032
2017-18,1628422,Damyean Dotson,1610612752,NYK,G,24,36,29,0.295,25,46,0.543,0.6,-0.056
2017-18,1627988,Myke Henry,1610612763,MEM,F,25,20,16,0.387,30,46,0.652,0.597,0.055
2017-18,203922,Glenn Robinson III,1610612754,IND,G-F,24,23,17,0.368,26,46,0.565,0.622,-0.057
2017-18,1626147,Justin Anderson,1610612755,PHI,G-F,24,33,25,0.294,20,45,0.444,0.594,-0.15
2017-18,201196,Ramon Sessions,1610612764,WAS,G,32,23,16,0.405,27,45,0.6,0.574,0.026
2017-18,203086,Meyers Leonard,1610612757,POR,C,26,26,19,0.372,26,45,0.578,0.604,-0.026
2017-18,1627863,Danuel House Jr.,1610612756,PHX,F-G,25,22,18,0.314,26,43,0.605,0.612,-0.008
2017-18,1627786,Troy Williams,1610612752,NYK,F,23,20,17,0.416,17,42,0.405,0.597,-0.192
2017-18,1627824,Guerschon Yabusele,1610612738,BOS,F,22,28,21,0.433,24,42,0.571,0.582,-0.011
2017-18,201144,Mike Conley,1610612763,MEM,G,30,12,11,0.336,24,41,0.585,0.612,-0.027
2017-18,1627780,Gary Payton II,1610612747,LAL,G,25,19,13,0.444,25,40,0.625,0.607,0.018
2017-18,1628439,Isaiah Hicks,1610612752,NYK,F,23,17,15,0.374,23,40,0.575,0.6,-0.025
2017-18,204037,Travis Wear,1610612747,LAL,F,27,16,15,0.375,24,39,0.615,0.622,-0.007
2017-18,203966,Jamil Wilson,1610612746,LAC,F,27,14,12,0.345,25,39,0.641,0.611,0.03
2017-18,202697,Iman Shumpert,1610612758,SAC,G,28,14,10,0.396,24,38,0.632,0.579,0.052
2017-18,1628365,Markelle Fultz,1610612755,PHI,G,20,14,14,0.365,19,38,0.5,0.578,-0.078
2017-18,203498,Shabazz Muhammad,1610612749,MIL,G-F,25,34,20,0.352,29,37,0.784,0.606,0.178
2017-18,1627834,Georgios Papagiannis,1610612757,POR,C,20,15,11,0.529,28,36,0.778,0.615,0.162
2017-18,1628469,Antonio Blakeney,1610612741,CHI,G,21,16,15,0.327,21,36,0.583,0.58,0.004
2017-18,101106,Andrew Bogut,1610612747,LAL,C,33,23,17,0.316,20,36,0.556,0.613,-0.057
2017-18,203524,Solomon Hill,1610612740,NOP,F,27,11,10,0.438,26,35,0.743,0.626,0.117
2017-18,1626177,Dakari Johnson,1610612760,OKC,C,22,23,14,0.407,22,33,0.667,0.626,0.041
2017-18,1628409,Alec Peters,1610612756,PHX,F,23,16,12,0.402,16,33,0.485,0.573,-0.088
2017-18,201589,Darrell Arthur,1610612743,DEN,F,30,15,15,0.559,20,33,0.606,0.622,-0.016
2017-18,201943,Brandon Jennings,1610612749,MIL,G,28,12,12,0.471,24,32,0.75,0.598,0.152
2017-18,1627884,Derrick Jones Jr.,1610612748,MIA,F-G,21,18,16,0.348,17,32,0.531,0.605,-0.073
2017-18,201976,Patrick Beverley,1610612746,LAC,G,29,11,10,0.26,17,32,0.531,0.604,-0.072
2017-18,204066,John Holland,1610612739,CLE,G-F,29,19,15,0.492,19,32,0.594,0.574,0.02
2017-18,1627853,Ryan Arcidiacono,1610612741,CHI,G,24,23,15,0.36,16,31,0.516,0.584,-0.068
2017-18,202720,Jon Leuer,1610612765,DET,F-C,29,8,7,0.534,19,31,0.613,0.605,0.008
2017-18,1626173,Rashad Vaughn,1610612753,ORL,G,21,20,13,0.405,15,30,0.5,0.6,-0.1
2017-18,1628432,Davon Reed,1610612756,PHX,G,23,21,14,0.4,21,30,0.7,0.601,0.099
2017-18,202695,Kawhi Leonard,1610612759,SAS,F,27,9,7,0.406,16,28,0.571,0.595,-0.023
2017-18,203705,Josh Magette,1610612737,ATL,G,28,16,12,0.341,15,28,0.536,0.543,-0.007
2017-18,1627753,Zhou Qi,1610612745,HOU,F-C,22,15,13,0.475,10,28,0.357,0.562,-0.205
2017-18,1627785,Isaiah Whitehead,1610612751,BKN,G,23,13,10,0.415,17,27,0.63,0.593,0.036
2017-18,1628405,Johnathan Motley,1610612742,DAL,F,23,10,6,0.375,17,27,0.63,0.591,0.038
2017-18,1628503,Jamel Artis,1610612753,ORL,G,25,12,11,0.333,14,26,0.538,0.598,-0.06
2017-18,2754,Tony Allen,1610612740,NOP,G-F,36,20,13,0.302,19,26,0.731,0.622,0.108
2017-18,203957,Dante Exum,1610612762,UTA,G,22,14,12,0.298,12,25,0.48,0.595,-0.115
2017-18,1627745,Damian Jones,1610612744,GSW,C,23,14,13,0.5,12,24,0.5,0.591,-0.091
2017-18,203585,Rodney McGruder,1610612748,MIA,G-F,26,16,13,0.289,12,24,0.5,0.571,-0.071
2017-18,1628403,Caleb Swanigan,1610612757,POR,F-C,21,22,12,0.307,13,23,0.565,0.607,-0.042
2017-18,1627883,Jalen Jones,1610612742,DAL,F,25,13,10,0.355,15,22,0.682,0.609,0.073
2017-18,1627821,James Webb III,1610612751,BKN,F,24,8,6,0.457,15,21,0.714,0.605,0.109
2017-18,1628401,Derrick White,1610612759,SAS,G,23,12,9,0.375,12,21,0.571,0.598,-0.026
2017-18,1628476,Derrick Walton Jr.,1610612748,MIA,G,23,15,9,0.467,13,21,0.619,0.583,0.036
2017-18,1627781,Malachi Richardson,1610612761,TOR,G,22,25,13,0.228,14,21,0.667,0.612,0.054
2017-18,1628681,Rodney Purvis,1610612753,ORL,G,24,16,9,0.267,10,20,0.5,0.574,-0.074
2017-18,202705,MarShon Brooks,1610612763,MEM,G-F,29,7,6,0.316,16,18,0.889,0.592,0.297
2017-18,203998,Bruno Caboclo,1610612758,SAC,F,22,8,7,0.486,12,18,0.667,0.615,0.052
2017-18,1626259,Malcolm Miller,1610612761,TOR,F,25,13,10,0.36,12,18,0.667,0.611,0.055
2017-18,1626151,Aaron Harrison,1610612742,DAL,G,23,9,9,0.254,14,18,0.778,0.603,0.175
2017-18,1626210,Alan Williams,1610612756,PHX,F-C,25,5,5,0.72,8,18,0.444,0.64,-0.195
2017-18,1628391,D.J. Wilson,1610612749,MIL,F,22,11,7,0.531,12,17,0.706,0.584,0.122
2017-18,1628418,Thomas Bryant,1610612747,LAL,C,20,13,8,0.486,12,17,0.706,0.668,0.038
2017-18,1627744,Brice Johnson,1610612763,MEM,F,24,12,9,0.354,8,17,0.471,0.621,-0.15
2017-18,1627850,Marshall Plumlee,1610612749,MIL,C,25,6,6,0.567,11,17,0.647,0.616,0.032
2017-18,2863,Damien Wilkins,1610612754,IND,G-F,38,15,9,0.314,10,16,0.625,0.596,0.029
2017-18,202347,Quincy Pondexter,1610612741,CHI,G,30,21,10,0.286,10,16,0.625,0.612,0.013
2017-18,1627743,Demetrius Jackson,1610612755,PHI,G,23,11,7,0.5,10,16,0.625,0.577,0.048
2017-18,1627875,Marcus Georges-Hunt,1610612750,MIN,G,24,21,7,0.235,12,16,0.75,0.641,0.11
2017-18,202933,Julyan Stone,1610612766,CHA,G,29,15,9,0.288,12,15,0.8,0.595,0.205
2017-18,1628510,Andrew White III,1610612737,ATL,F,25,12,10,0.283,9,15,0.6,0.617,-0.017
2017-18,2210,Richard Jefferson,1610612743,DEN,F,38,16,9,0.238,7,15,0.467,0.604,-0.138
2017-18,203141,Mirza Teletovic,1610612749,MIL,F,32,9,7,0.283,10,15,0.667,0.59,0.076
2017-18,1627855,Okaro White,1610612739,CLE,F,25,5,5,0.424,7,14,0.5,0.599,-0.099
2017-18,203104,Marquis Teague,1610612763,MEM,G,25,3,3,0.467,8,14,0.571,0.562,0.009
2017-18,1628504,Xavier Rathan-Mayes,1610612763,MEM,G,24,5,5,0.311,11,14,0.786,0.629,0.157
2017-18,1628502,Nigel Hayes-Davis,1610612758,SAC,F,23,6,6,0.371,8,13,0.615,0.6,0.015
2017-18,1627770,Kay Felder,1610612765,DET,G,23,13,8,0.283,9,13,0.692,0.613,0.079
2017-18,201166,Aaron Brooks,1610612750,MIN,G,33,18,11,0.213,9,13,0.692,0.58,0.113
2017-18,1628499,Antonius Cleveland,1610612737,ATL,G,24,12,7,0.31,7,13,0.538,0.566,-0.027
2017-18,1628387,Ike Anigbogu,1610612754,IND,C-F,19,9,9,0.591,9,13,0.692,0.558,0.135
2017-18,1626191,Chris McCullough,1610612764,WAS,F,23,17,9,0.371,9,13,0.692,0.603,0.089
2017-18,2555,Nick Collison,1610612760,OKC,F-C,37,11,7,0.387,10,12,0.833,0.609,0.225
2017-18,1628537,Jaylen Morris,1610612737,ATL,G,22,6,5,0.333,8,12,0.667,0.602,0.064
2017-18,204022,Jack Cooley,1610612758,SAC,C-F,27,6,5,0.308,7,12,0.583,0.639,-0.056
2017-18,203485,Lorenzo Brown,1610612761,TOR,G,27,12,7,0.245,9,12,0.75,0.581,0.169
2017-18,1628443,Kadeem Allen,1610612738,BOS,G,25,7,7,0.5,7,11,0.636,0.59,0.046
2017-18,1627774,Jake Layman,1610612757,POR,F,24,17,9,0.333,8,11,0.727,0.652,0.076
2017-18,1628495,Milton Doyle,1610612751,BKN,G,24,8,7,0.344,8,11,0.727,0.565,0.162
2017-18,201628,Bobby Brown,1610612745,HOU,G,33,14,8,0.314,8,11,0.727,0.579,0.149
2017-18,203900,Markel Brown,1610612745,HOU,G,26,4,3,0.476,5,10,0.5,0.641,-0.141
2017-18,203580,Larry Drew II,1610612740,NOP,G,28,6,6,0.4,4,10,0.4,0.542,-0.142
2017-18,1626199,Darrun Hilliard,1610612759,SAS,G,25,11,7,0.25,9,10,0.9,0.597,0.304
2017-18,1627982,Josh Gray,1610612756,PHX,G,24,5,3,0.256,7,10,0.7,0.595,0.105
2017-18,1628035,Alfonzo McKinnie,1610612761,TOR,F,25,9,5,0.429,4,9,0.444,0.567,-0.123
2017-18,202391,Jeremy Lin,1610612751,BKN,G,29,1,1,0.692,8,9,0.889,0.607,0.282
2017-18,2617,Udonis Haslem,1610612748,MIA,F,38,11,8,0.31,5,9,0.556,0.582,-0.027
2017-18,1627735,Wade Baldwin IV,1610612757,POR,G,22,6,3,0.308,4,8,0.5,0.608,-0.108
2017-18,203940,Adreian Payne,1610612753,ORL,F,27,4,4,0.667,6,8,0.75,0.651,0.099
2017-18,202332,Cole Aldrich,1610612750,MIN,C,29,13,8,0.381,7,8,0.875,0.56,0.315
2017-18,202348,Jordan Crawford,1610612740,NOP,G,29,5,4,0.421,7,8,0.875,0.622,0.254
2017-18,1627816,Alex Poythress,1610612754,IND,F,24,19,8,0.216,5,8,0.625,0.594,0.031
2017-18,203481,Jeff Withey,1610612742,DAL,C,28,9,5,0.333,2,7,0.286,0.643,-0.357
2017-18,1628492,Gian Clavell,1610612742,DAL,G,24,6,4,0.304,4,7,0.571,0.621,-0.05
2017-18,201149,Joakim Noah,1610612752,NYK,C,33,7,5,0.304,4,7,0.571,0.602,-0.031
2017-18,1628506,London Perrantes,1610612739,CLE,G,23,5,4,0.333,5,6,0.833,0.567,0.267
2017-18,1627215,Walt Lemon Jr.,1610612740,NOP,PG,25,4,3,0.5,3,6,0.5,0.579,-0.079
2017-18,1626154,RJ Hunter,1610612745,HOU,G,24,4,2,0.375,4,6,0.667,0.564,0.102
2017-18,1627856,Matt Costello,1610612759,SAS,F-C,24,3,3,0.6,2,6,0.333,0.594,-0.26
2017-18,203949,James Michael McAdoo,1610612755,PHI,F,25,2,2,0.75,4,6,0.667,0.536,0.131
2017-18,203923,James Young,1610612755,PHI,G-F,22,5,4,0.316,2,6,0.333,0.553,-0.22
2017-18,1628429,Charles Cooke,1610612740,NOP,G,23,7,5,0.5,4,6,0.667,0.599,0.068
2017-18,1628451,Jacob Wiley,1610612751,BKN,F,23,3,2,0.417,1,5,0.2,0.568,-0.368
2017-18,2736,Luol Deng,1610612747,LAL,F,33,1,1,0.556,2,5,0.4,0.597,-0.197
2017-18,201281,Andre Ingram,1610612747,LAL,G,32,2,2,0.313,3,5,0.6,0.622,-0.022
2017-18,1628935,Aaron Jackson,1610612745,HOU,G,32,1,1,0.833,4,5,0.8,0.586,0.214
2017-18,1628444,Jabari Bird,1610612738,BOS,G,23,8,4,0.2,2,5,0.4,0.571,-0.171
2017-18,1628396,Tony Bradley,1610612762,UTA,C,20,9,4,0.25,1,5,0.2,0.586,-0.386
2017-18,1627788,Furkan Korkmaz,1610612755,PHI,G-F,20,9,3,0.2,5,5,1,0.568,0.432
2017-18,1627762,Joel Bolomboy,1610612749,MIL,F-C,24,5,2,0.174,3,4,0.75,0.59,0.16
2017-18,202713,Kyle Singler,1610612760,OKC,F,30,7,4,0.364,3,4,0.75,0.648,0.102
2017-18,203505,Vander Blue,1610612747,LAL,G,25,3,3,0.364,1,4,0.25,0.58,-0.33
2017-18,204179,Omari Johnson,1610612763,MEM,F,29,4,2,0.2,2,4,0.5,0.617,-0.117
2017-18,204098,Xavier Munford,1610612749,MIL,G,26,5,4,0.571,4,4,1,0.546,0.454
2017-18,1626780,Jonathan Gibson,1610612738,BOS,G,30,3,2,0.25,2,3,0.667,0.463,0.204
2017-18,1628493,Mangok Mathiang,1610612766,CHA,F-C,25,3,2,0.3,3,3,1,0.564,0.436
2017-18,1627817,Tim Quarterman,1610612745,HOU,G,23,3,2,0.5,1,3,0.333,0.381,-0.047
2017-18,1627777,Georges Niang,1610612762,UTA,F,25,4,2,0.3,3,3,1,0.57,0.43
2017-18,1627779,Marcus Paige,1610612766,CHA,G,24,3,2,0.286,2,2,1,0.82,0.181
2017-18,1627866,Jameel Warney,1610612742,DAL,F,24,3,2,0.222,1,2,0.5,0.617,-0.117
2017-18,1628408,PJ Dozier,1610612760,OKC,G,21,2,2,0.667,1,2,0.5,0.63,-0.13
2017-18,202918,Xavier Silas,1610612738,BOS,G,30,1,1,0.5,1,2,0.5,0.581,-0.081
2017-18,1628420,Monte Morris,1610612743,DEN,G,23,2,1,0.222,1,2,0.5,0.584,-0.084
2017-18,1627778,Chinanu Onuaku,1610612745,HOU,C,21,1,1,0.333,2,2,1,0.551,0.449
2017-18,1628500,Ben Moore,1610612754,IND,F,23,2,1,0.333,1,1,1,0.453,0.547
2017-18,1626643,Jacob Pullen,1610612755,PHI,G,28,1,1,0.5,1,1,1,0.479,0.521
2017-18,1626205,Vincent Hunter,1610612763,MEM,F,23,3,1,0.2,0,1,0,0.543,-0.543
2017-18,1627772,Daniel Hamilton,1610612760,OKC,G-F,22,6,1,0.111,1,1,1,0.543,0.457
2017-18,1628475,Matt Williams Jr.,1610612748,MIA,G,24,2,1,0.5,0,1,0,0.642,-0.642
2017-18,203816,Scotty Hopson,1610612742,DAL,G,28,1,1,0.5,1,1,1,0.679,0.321
2017-18,2570,Kendrick Perkins,1610612739,CLE,C,33,1,1,0.5,1,1,1,0.581,0.419
2017-18,202379,Jeremy Evans,1610612737,ATL,F,30,1,1,0.333,1,1,1,0.538,0.462
2017-18,204065,David Stockton,1610612762,UTA,G,27,2,1,0.25,1,1,1,0.677,0.323
2017-18,202330,Gordon Hayward,1610612738,BOS,F,28,1,1,1,1,1,1,0.621,0.379
2017-18,1628399,Tyler Lydon,1610612743,DEN,F,22,1,1,0.5,0,1,0,0.58,-0.58
2017-18,1627852,Nicolas Brussino,1610612737,ATL,F,25,2,1,0.333,1,1,1,0.677,0.323
2018-19,203497,Rudy Gobert,1610612762,UTA,C,27,79,79,0.411,357,684,0.522,0.618,-0.096
2018-19,203999,Nikola Jokić,1610612743,DEN,C,24,80,80,0.45,365,640,0.57,0.63,-0.059
2018-19,1626167,Myles Turner,1610612754,IND,C-F,23,74,74,0.514,346,636,0.544,0.619,-0.075
2018-19,203500,Steven Adams,1610612760,OKC,C,25,79,79,0.432,360,625,0.576,0.618,-0.042
2018-19,203083,Andre Drummond,1610612765,DET,C,25,79,79,0.438,363,623,0.583,0.625,-0.042
2018-19,1628386,Jarrett Allen,1610612751,BKN,C,21,80,80,0.435,349,611,0.571,0.625,-0.054
2018-19,202696,Nikola Vučević,1610612753,ORL,C,28,78,78,0.416,314,586,0.536,0.616,-0.081
2018-19,1626157,Karl-Anthony Towns,1610612750,MIN,C,23,77,77,0.414,323,559,0.578,0.622,-0.045
2018-19,203954,Joel Embiid,1610612755,PHI,F-C,25,61,61,0.404,275,551,0.499,0.61,-0.111
2018-19,201572,Brook Lopez,1610612749,MIL,C,31,81,79,0.32,275,536,0.513,0.619,-0.106
2018-19,1629028,Deandre Ayton,1610612756,PHX,C,20,71,71,0.412,332,528,0.629,0.624,0.005
2018-19,203991,Clint Capela,1610612745,HOU,C,25,66,66,0.435,293,510,0.575,0.612,-0.038
2018-19,201580,JaVale McGee,1610612747,LAL,C,31,75,74,0.453,259,497,0.521,0.613,-0.092
2018-19,203994,Jusuf Nurkić,1610612757,POR,C,24,72,72,0.411,266,491,0.542,0.624,-0.082
2018-19,200746,LaMarcus Aldridge,1610612759,SAS,C-F,33,81,79,0.346,266,489,0.544,0.618,-0.074
2018-19,201143,Al Horford,1610612738,BOS,C-F,33,68,68,0.428,265,480,0.552,0.611,-0.059
2018-19,201935,James Harden,1610612745,HOU,G,29,77,77,0.418,292,472,0.619,0.613,0.006
2018-19,1626149,Montrezl Harrell,1610612746,LAC,F-C,25,82,80,0.372,271,471,0.575,0.614,-0.038
2018-19,201586,Serge Ibaka,1610612761,TOR,C-F,29,74,74,0.417,246,469,0.525,0.611,-0.086
2018-19,202331,Paul George,1610612760,OKC,F,29,76,76,0.426,258,463,0.557,0.608,-0.051
2018-19,201188,Marc Gasol,1610612761,TOR,C,34,79,79,0.404,263,461,0.57,0.613,-0.043
2018-19,1628418,Thomas Bryant,1610612764,WAS,C,21,70,68,0.501,258,439,0.588,0.62,-0.032
2018-19,1627741,Buddy Hield,1610612758,SAC,G,26,82,81,0.42,265,432,0.613,0.603,0.011
2018-19,1626161,Willie Cauley-Stein,1610612758,SAC,C,25,81,80,0.373,273,424,0.644,0.626,0.018
2018-19,202324,Derrick Favors,1610612762,UTA,F-C,27,74,74,0.425,215,424,0.507,0.611,-0.103
2018-19,1627783,Pascal Siakam,1610612761,TOR,F,25,80,80,0.378,236,416,0.567,0.613,-0.046
2018-19,202689,Kemba Walker,1610612766,CHA,G,29,81,80,0.364,268,413,0.649,0.602,0.047
2018-19,202355,Hassan Whiteside,1610612748,MIA,C,30,72,70,0.416,200,406,0.493,0.615,-0.122
2018-19,203486,Mason Plumlee,1610612743,DEN,F-C,29,82,81,0.435,240,403,0.596,0.619,-0.024
2018-19,200782,P.J. Tucker,1610612745,HOU,F,34,81,80,0.393,241,397,0.607,0.619,-0.012
2018-19,202699,Tobias Harris,1610612755,PHI,F,26,82,81,0.373,241,393,0.613,0.613,0
2018-19,203078,Bradley Beal,1610612764,WAS,G,26,81,79,0.36,237,392,0.605,0.605,-0.001
2018-19,203924,Jerami Grant,1610612760,OKC,F,25,79,78,0.399,223,391,0.57,0.617,-0.047
2018-19,1628969,Mikal Bridges,1610612756,PHX,F,22,81,80,0.435,233,384,0.607,0.608,-0.001
2018-19,1628368,De'Aaron Fox,1610612758,SAC,G,21,81,75,0.402,239,380,0.629,0.596,0.033
2018-19,201145,Jeff Green,1610612764,WAS,F,32,76,76,0.396,223,380,0.587,0.611,-0.024
2018-19,203076,Anthony Davis,1610612740,NOP,F-C,26,56,56,0.402,232,378,0.614,0.622,-0.009
2018-19,203458,Alex Len,1610612737,ATL,C,26,77,75,0.408,216,377,0.573,0.613,-0.04
2018-19,203952,Andrew Wiggins,1610612750,MIN,F-G,24,73,72,0.378,231,373,0.619,0.611,0.009
2018-19,1628983,Shai Gilgeous-Alexander,1610612746,LAC,G,20,82,81,0.442,209,373,0.56,0.586,-0.026
2018-19,1627732,Ben Simmons,1610612755,PHI,G-F,22,76,75,0.394,233,371,0.628,0.603,0.025
2018-19,1627734,Domantas Sabonis,1610612754,IND,F,23,74,73,0.43,206,368,0.56,0.615,-0.055
2018-19,201950,Jrue Holiday,1610612740,NOP,G,29,67,66,0.334,246,368,0.668,0.598,0.07
2018-19,203944,Julius Randle,1610612740,NOP,C-F,24,73,73,0.38,210,365,0.575,0.615,-0.04
2018-19,202683,Enes Freedom,1610612757,POR,C,27,67,66,0.389,213,364,0.585,0.621,-0.035
2018-19,203471,Dennis Schröder,1610612760,OKC,G,25,78,76,0.4,219,363,0.603,0.595,0.008
2018-19,201577,Robin Lopez,1610612741,CHI,C,31,72,70,0.356,201,363,0.554,0.621,-0.067
2018-19,1629012,Collin Sexton,1610612739,CLE,G,20,82,81,0.378,257,361,0.712,0.596,0.116
2018-19,201980,Danny Green,1610612761,TOR,G-F,32,79,78,0.363,210,356,0.59,0.599,-0.009
2018-19,1629027,Trae Young,1610612737,ATL,G,20,81,79,0.375,235,355,0.662,0.596,0.066
2018-19,1629029,Luka Dončić,1610612742,DAL,F-G,20,72,71,0.408,219,352,0.622,0.608,0.015
2018-19,201568,Danilo Gallinari,1610612746,LAC,F,30,68,66,0.428,217,352,0.616,0.613,0.003
2018-19,203110,Draymond Green,1610612744,GSW,F,29,66,65,0.359,206,351,0.587,0.609,-0.022
2018-19,201152,Thaddeus Young,1610612754,IND,F,31,81,80,0.349,213,351,0.607,0.626,-0.019
2018-19,202357,Nemanja Bjelica,1610612758,SAC,F,31,77,77,0.39,205,349,0.587,0.616,-0.029
2018-19,1627826,Ivica Zubac,1610612746,LAC,C,22,57,56,0.496,193,349,0.553,0.619,-0.066
2018-19,1626172,Kevon Looney,1610612744,GSW,C-F,23,80,77,0.369,181,346,0.523,0.606,-0.083
2018-19,202329,Al-Farouq Aminu,1610612757,POR,F,28,81,79,0.384,200,343,0.583,0.614,-0.031
2018-19,200794,Paul Millsap,1610612743,DEN,F,34,70,69,0.391,226,343,0.659,0.622,0.037
2018-19,203932,Aaron Gordon,1610612753,ORL,F,23,76,75,0.379,199,342,0.582,0.608,-0.026
2018-19,1626204,Larry Nance Jr.,1610612739,CLE,F,26,67,65,0.403,207,339,0.611,0.618,-0.007
2018-19,203473,Dewayne Dedmon,1610612737,ATL,C,29,64,63,0.386,192,337,0.57,0.612,-0.042
2018-19,203200,Justin Holiday,1610612763,MEM,F-G,30,80,78,0.372,196,337,0.582,0.61,-0.028
2018-19,1627751,Jakob Poeltl,1610612759,SAS,C,23,77,72,0.433,185,336,0.551,0.612,-0.062
2018-19,1628367,Josh Jackson,1610612756,PHX,F,22,79,77,0.418,182,331,0.55,0.602,-0.052
2018-19,1628381,John Collins,1610612737,ATL,F-C,21,61,61,0.415,190,330,0.576,0.616,-0.04
2018-19,203087,Jeremy Lamb,1610612766,CHA,G,27,77,76,0.37,216,329,0.657,0.606,0.051
2018-19,202704,Reggie Jackson,1610612765,DET,G,29,82,80,0.4,220,327,0.673,0.604,0.068
2018-19,203095,Evan Fournier,1610612753,ORL,G-F,26,79,76,0.361,191,326,0.586,0.591,-0.005
2018-19,203107,Tomas Satoransky,1610612764,WAS,G-F,27,78,72,0.415,208,326,0.638,0.598,0.04
2018-19,101107,Marvin Williams,1610612766,CHA,F,33,74,72,0.385,185,324,0.571,0.617,-0.046
2018-19,1626224,Cedi Osman,1610612739,CLE,F,24,76,75,0.349,214,321,0.667,0.605,0.061
2018-19,1628398,Kyle Kuzma,1610612747,LAL,F,23,70,70,0.4,179,320,0.559,0.607,-0.047
2018-19,203967,Dario Saric,1610612750,MIN,F,25,80,77,0.389,181,320,0.566,0.616,-0.051
2018-19,201587,Nicolas Batum,1610612766,CHA,F-G,30,74,71,0.42,184,320,0.575,0.612,-0.037
2018-19,201976,Patrick Beverley,1610612746,LAC,G,30,78,74,0.371,187,319,0.586,0.602,-0.016
2018-19,203939,Dwight Powell,1610612742,DAL,F-C,27,76,74,0.386,198,318,0.623,0.615,0.007
2018-19,203469,Cody Zeller,1610612766,CHA,C,26,48,47,0.432,182,316,0.576,0.611,-0.035
2018-19,1628467,Maxi Kleber,1610612742,DAL,F,27,71,69,0.438,164,316,0.519,0.613,-0.094
2018-19,201599,DeAndre Jordan,1610612752,NYK,C,30,69,67,0.322,181,309,0.586,0.625,-0.039
2018-19,203943,Noah Vonleh,1610612752,NYK,F,23,66,62,0.406,173,308,0.562,0.614,-0.052
2018-19,1626196,Josh Richardson,1610612748,MIA,G-F,25,73,72,0.331,189,308,0.614,0.605,0.008
2018-19,202710,Jimmy Butler III,1610612755,PHI,G-F,29,63,63,0.397,185,306,0.605,0.605,0
2018-19,202691,Klay Thompson,1610612744,GSW,G,29,78,77,0.353,175,305,0.574,0.594,-0.02
2018-19,200768,Kyle Lowry,1610612761,TOR,G,33,65,64,0.378,173,304,0.569,0.606,-0.037
2018-19,1628369,Jayson Tatum,1610612738,BOS,F,21,79,73,0.355,179,303,0.591,0.607,-0.016
2018-19,203081,Damian Lillard,1610612757,POR,G,28,80,78,0.333,180,303,0.594,0.594,0
2018-19,202334,Ed Davis,1610612751,BKN,C,30,81,75,0.37,176,302,0.583,0.617,-0.034
2018-19,1626162,Kelly Oubre Jr.,1610612756,PHX,F,23,69,66,0.429,186,301,0.618,0.607,0.011
2018-19,1628374,Lauri Markkanen,1610612741,CHI,F,22,51,51,0.482,186,301,0.618,0.606,0.012
2018-19,203507,Giannis Antetokounmpo,1610612749,MIL,F,24,72,70,0.355,152,300,0.507,0.615,-0.108
2018-19,201142,Kevin Durant,1610612744,GSW,F,30,78,74,0.315,169,299,0.565,0.607,-0.042
2018-19,2772,Trevor Ariza,1610612764,WAS,F,33,68,68,0.438,208,299,0.696,0.62,0.076
2018-19,202711,Bojan Bogdanovic,1610612754,IND,F,30,81,77,0.36,178,298,0.597,0.611,-0.014
2018-19,1628380,Zach Collins,1610612757,POR,F-C,21,77,76,0.41,159,298,0.534,0.611,-0.078
2018-19,203482,Kelly Olynyk,1610612748,MIA,F,28,79,75,0.369,170,296,0.574,0.609,-0.035
2018-19,1627761,DeAndre' Bembry,1610612737,ATL,F,24,82,75,0.409,183,294,0.622,0.595,0.028
2018-19,1628404,Josh Hart,1610612747,LAL,G,24,67,64,0.392,167,294,0.568,0.6,-0.032
2018-19,1629011,Mitchell Robinson,1610612752,NYK,C,21,65,64,0.387,165,294,0.561,0.617,-0.056
2018-19,1628991,Jaren Jackson Jr.,1610612763,MEM,F-C,19,58,57,0.465,153,293,0.522,0.619,-0.097
2018-19,1626156,D'Angelo Russell,1610612751,BKN,G,23,81,81,0.33,190,293,0.648,0.607,0.042
2018-19,1629006,Josh Okogie,1610612750,MIN,G,20,71,68,0.408,170,291,0.584,0.608,-0.023
2018-19,201959,Taj Gibson,1610612750,MIN,F,34,70,69,0.407,188,289,0.651,0.625,0.026
2018-19,203145,Kent Bazemore,1610612737,ATL,G,29,67,65,0.43,172,288,0.597,0.588,0.009
2018-19,1626164,Devin Booker,1610612756,PHX,G,22,64,62,0.409,181,288,0.628,0.607,0.021
2018-19,203085,Austin Rivers,1610612745,HOU,G,26,75,73,0.403,188,287,0.655,0.597,0.058
2018-19,202709,Cory Joseph,1610612754,IND,G,27,82,80,0.357,175,286,0.612,0.596,0.016
2018-19,203925,Joe Harris,1610612751,BKN,F-G,27,76,74,0.362,173,286,0.605,0.607,-0.002
2018-19,1628401,Derrick White,1610612759,SAS,G,24,67,63,0.323,166,285,0.582,0.595,-0.012
2018-19,1628389,Bam Adebayo,1610612748,MIA,C-F,21,82,76,0.338,162,285,0.568,0.614,-0.046
2018-19,1626153,Delon Wright,1610612763,MEM,G,27,75,71,0.447,179,285,0.628,0.592,0.036
2018-19,203457,Nerlens Noel,1610612760,OKC,F-C,25,76,74,0.508,161,285,0.565,0.613,-0.048
2018-19,1627827,Dorian Finney-Smith,1610612742,DAL,F,26,80,79,0.354,161,284,0.567,0.608,-0.041
2018-19,201933,Blake Griffin,1610612765,DET,F,30,75,72,0.304,172,282,0.61,0.62,-0.01
2018-19,202066,Garrett Temple,1610612746,LAC,G-F,33,75,73,0.379,166,282,0.589,0.596,-0.008
2018-19,203468,CJ McCollum,1610612757,POR,G,27,70,69,0.328,169,281,0.601,0.599,0.002
2018-19,203084,Harrison Barnes,1610612758,SAC,F,27,77,76,0.349,184,280,0.657,0.625,0.032
2018-19,1628371,Jonathan Isaac,1610612753,ORL,F,21,73,71,0.415,154,280,0.55,0.613,-0.063
2018-19,1628970,Miles Bridges,1610612766,CHA,F,21,79,75,0.389,178,279,0.638,0.613,0.025
2018-19,203488,Mike Muscala,1610612747,LAL,F-C,27,61,59,0.43,153,276,0.554,0.607,-0.052
2018-19,1626159,Justise Winslow,1610612748,MIA,F-G,23,66,65,0.359,149,275,0.542,0.603,-0.061
2018-19,1628989,Kevin Huerter,1610612737,ATL,G,20,74,68,0.374,185,274,0.675,0.605,0.07
2018-19,1626158,Richaun Holmes,1610612756,PHX,F-C,25,69,67,0.397,149,273,0.546,0.614,-0.068
2018-19,204060,Joe Ingles,1610612762,UTA,F,31,80,75,0.342,173,273,0.634,0.609,0.025
2018-19,201144,Mike Conley,1610612763,MEM,G,31,70,66,0.341,164,272,0.603,0.59,0.013
2018-19,202722,Davis Bertans,1610612759,SAS,F,26,76,70,0.381,158,271,0.583,0.613,-0.029
2018-19,101108,Chris Paul,1610612745,HOU,G,34,57,57,0.432,174,270,0.644,0.607,0.037
2018-19,203484,Kentavious Caldwell-Pope,1610612747,LAL,G,26,82,75,0.37,177,268,0.66,0.597,0.063
2018-19,1627750,Jamal Murray,1610612743,DEN,G,22,75,72,0.354,157,265,0.592,0.6,-0.007
2018-19,203953,Jabari Parker,1610612764,WAS,F,24,62,62,0.375,161,265,0.608,0.603,0.005
2018-19,201566,Russell Westbrook,1610612760,OKC,G,30,72,71,0.342,153,264,0.58,0.606,-0.026
2018-19,201942,DeMar DeRozan,1610612759,SAS,G,29,77,74,0.339,169,263,0.643,0.608,0.034
2018-19,1628963,Marvin Bagley III,1610612758,SAC,F,20,62,58,0.398,166,263,0.631,0.627,0.004
2018-19,1628976,Wendell Carter Jr.,1610612741,CHI,C,20,42,41,0.434,141,262,0.538,0.622,-0.084
2018-19,202685,Jonas Valanciunas,1610612763,MEM,C,27,49,49,0.385,135,262,0.515,0.62,-0.105
2018-19,203992,Bogdan Bogdanović,1610612758,SAC,G,26,70,70,0.366,176,262,0.672,0.601,0.071
2018-19,203903,Jordan Clarkson,1610612739,CLE,G,27,81,74,0.366,158,262,0.603,0.592,0.011
2018-19,202681,Kyrie Irving,1610612738,BOS,G,27,67,64,0.367,162,261,0.621,0.602,0.018
2018-19,203490,Otto Porter Jr.,1610612741,CHI,F,26,55,55,0.451,157,260,0.604,0.603,0.001
2018-19,202694,Marcus Morris Sr.,1610612738,BOS,F,29,75,73,0.349,157,258,0.609,0.616,-0.008
2018-19,203082,Terrence Ross,1610612753,ORL,G-F,28,79,74,0.342,163,254,0.642,0.596,0.045
2018-19,203109,Jae Crowder,1610612762,UTA,F,28,78,73,0.362,130,251,0.518,0.604,-0.087
2018-19,1628422,Damyean Dotson,1610612752,NYK,G,25,72,70,0.404,160,251,0.637,0.604,0.033
2018-19,202703,Nikola Mirotic,1610612749,MIL,F,28,46,45,0.419,139,251,0.554,0.61,-0.056
2018-19,202340,Avery Bradley,1610612763,MEM,G,28,63,61,0.372,161,250,0.644,0.602,0.042
2018-19,1627832,Fred VanVleet,1610612761,TOR,G,25,64,62,0.378,157,250,0.628,0.588,0.041
2018-19,1628372,Dennis Smith Jr.,1610612752,NYK,G,21,53,52,0.362,142,247,0.575,0.59,-0.015
2018-19,1626178,Rondae Hollis-Jefferson,1610612751,BKN,F,24,59,56,0.45,149,246,0.606,0.62,-0.014
2018-19,202391,Jeremy Lin,1610612761,TOR,G,30,74,71,0.403,146,244,0.598,0.587,0.012
2018-19,1627853,Ryan Arcidiacono,1610612741,CHI,G,25,79,75,0.369,154,244,0.631,0.592,0.039
2018-19,1626143,Jahlil Okafor,1610612740,NOP,C,23,54,49,0.463,138,243,0.568,0.613,-0.045
2018-19,201937,Ricky Rubio,1610612762,UTA,G,28,66,61,0.343,154,243,0.634,0.596,0.038
2018-19,1627759,Jaylen Brown,1610612738,BOS,G,22,74,72,0.331,151,243,0.621,0.602,0.019
2018-19,202339,Eric Bledsoe,1610612749,MIL,G,29,78,71,0.294,141,242,0.583,0.582,0.001
2018-19,1628995,Kevin Knox II,1610612752,NYK,F,19,74,69,0.362,157,242,0.649,0.603,0.046
2018-19,1627854,Bryn Forbes,1610612759,SAS,G,25,82,76,0.307,155,242,0.64,0.599,0.041
2018-19,1628971,Bruce Brown,1610612765,DET,G,22,73,69,0.388,137,241,0.568,0.601,-0.033
2018-19,1627748,Thon Maker,1610612765,DET,F,22,64,59,0.472,135,241,0.56,0.604,-0.044
2018-19,1628436,Luke Kornet,1610612752,NYK,F-C,23,44,37,0.464,118,240,0.492,0.615,-0.123
2018-19,203493,Reggie Bullock Jr.,1610612747,LAL,G-F,28,62,59,0.404,157,237,0.662,0.599,0.064
2018-19,200755,JJ Redick,1610612755,PHI,G,35,73,70,0.383,147,235,0.626,0.586,0.04
2018-19,1628390,Terrance Ferguson,1610612760,OKC,G,21,73,69,0.345,145,235,0.617,0.602,0.015
2018-19,101141,Ersan Ilyasova,1610612749,MIL,F,32,67,67,0.391,139,235,0.591,0.612,-0.021
2018-19,203501,Tim Hardaway Jr.,1610612742,DAL,G,27,64,63,0.328,154,234,0.658,0.606,0.052
2018-19,1628382,Justin Jackson,1610612742,DAL,F,24,80,72,0.371,151,234,0.645,0.605,0.04
2018-19,203382,Aron Baynes,1610612738,BOS,C-F,32,50,48,0.397,117,232,0.504,0.603,-0.099
2018-19,2199,Tyson Chandler,1610612747,LAL,C,36,55,52,0.403,139,232,0.599,0.629,-0.03
2018-19,201954,Darren Collison,1610612754,IND,G,31,76,69,0.348,143,232,0.616,0.594,0.022
2018-19,203077,Michael Kidd-Gilchrist,1610612766,CHA,F,25,62,58,0.414,124,230,0.539,0.615,-0.076
2018-19,1627733,Dragan Bender,1610612756,PHX,F,21,44,39,0.458,117,229,0.511,0.618,-0.107
2018-19,1628366,Lonzo Ball,1610612747,LAL,G,21,47,45,0.388,141,228,0.618,0.593,0.025
2018-19,1626171,Bobby Portis Jr.,1610612764,WAS,F,24,48,47,0.428,158,228,0.693,0.612,0.081
2018-19,1626179,Terry Rozier,1610612738,BOS,G,25,79,72,0.356,137,227,0.604,0.589,0.015
2018-19,200752,Rudy Gay,1610612759,SAS,F,32,69,64,0.372,136,227,0.599,0.615,-0.016
2018-19,203114,Khris Middleton,1610612749,MIL,F,27,77,71,0.307,141,226,0.624,0.607,0.017
2018-19,203935,Marcus Smart,1610612738,BOS,G,25,80,77,0.282,148,225,0.658,0.607,0.051
2018-19,201939,Stephen Curry,1610612744,GSW,G,31,69,65,0.311,153,225,0.68,0.593,0.087
2018-19,1629066,Rodions Kurucs,1610612751,BKN,F,21,62,58,0.428,115,225,0.511,0.618,-0.107
2018-19,1628464,Daniel Theis,1610612738,BOS,F,27,66,61,0.409,133,224,0.594,0.611,-0.017
2018-19,1627767,Cheick Diallo,1610612740,NOP,F,22,64,54,0.48,122,224,0.545,0.614,-0.07
2018-19,1628378,Donovan Mitchell,1610612762,UTA,G,22,75,68,0.313,127,223,0.57,0.591,-0.022
2018-19,2585,Zaza Pachulia,1610612765,DET,C,35,67,62,0.459,137,223,0.614,0.619,-0.005
2018-19,202695,Kawhi Leonard,1610612761,TOR,F,28,60,57,0.352,125,223,0.561,0.614,-0.053
2018-19,1629013,Landry Shamet,1610612746,LAC,G,22,76,72,0.351,145,222,0.653,0.598,0.055
2018-19,203121,Darius Miller,1610612740,NOP,F,29,69,62,0.359,121,222,0.545,0.604,-0.059
2018-19,201960,DeMarre Carroll,1610612751,BKN,F,32,67,63,0.386,129,221,0.584,0.624,-0.041
2018-19,203476,Gorgui Dieng,1610612750,MIN,C,29,75,70,0.391,135,220,0.614,0.624,-0.011
2018-19,1627790,Ante Zizic,1610612739,CLE,C,22,57,51,0.348,127,218,0.583,0.617,-0.034
2018-19,203090,Maurice Harkless,1610612757,POR,F,26,60,58,0.4,136,217,0.627,0.602,0.025
2018-19,1628395,Jordan Bell,1610612744,GSW,F,24,65,59,0.493,120,217,0.553,0.603,-0.05
2018-19,202693,Markieff Morris,1610612760,OKC,F,29,57,53,0.385,129,216,0.597,0.607,-0.01
2018-19,1626195,Willy Hernangomez,1610612766,CHA,C,25,58,53,0.463,146,216,0.676,0.621,0.055
2018-19,201988,Patty Mills,1610612759,SAS,G,30,82,77,0.3,145,216,0.671,0.603,0.068
2018-19,1627823,Juancho Hernangomez,1610612743,DEN,F,23,68,63,0.402,118,215,0.549,0.608,-0.059
2018-19,201569,Eric Gordon,1610612745,HOU,G,30,67,66,0.347,137,214,0.64,0.603,0.037
2018-19,101150,Lou Williams,1610612746,LAC,G,32,75,70,0.369,140,213,0.657,0.607,0.05
2018-19,202692,Alec Burks,1610612758,SAC,G,27,63,57,0.441,139,213,0.653,0.614,0.038
2018-19,1628420,Monte Morris,1610612743,DEN,G,24,82,70,0.342,132,212,0.623,0.596,0.027
2018-19,2544,LeBron James,1610612747,LAL,F,34,55,55,0.359,123,212,0.58,0.609,-0.029
2018-19,1627736,Malik Beasley,1610612743,DEN,G,22,81,71,0.358,142,212,0.67,0.604,0.066
2018-19,1627742,Brandon Ingram,1610612747,LAL,F,21,52,50,0.344,117,211,0.555,0.602,-0.048
2018-19,1626220,Royce O'Neale,1610612762,UTA,F,26,80,72,0.34,126,210,0.6,0.594,0.006
2018-19,202684,Tristan Thompson,1610612739,CLE,C-F,28,43,43,0.362,116,209,0.555,0.613,-0.058
2018-19,1627885,Shaquille Harrison,1610612741,CHI,G,25,71,65,0.344,126,209,0.603,0.596,0.007
2018-19,203918,Rodney Hood,1610612757,POR,G,26,72,66,0.363,140,208,0.673,0.595,0.078
2018-19,202083,Wesley Matthews,1610612754,IND,G-F,32,69,66,0.303,133,208,0.639,0.608,0.031
2018-19,2548,Dwyane Wade,1610612748,MIA,G,37,72,66,0.338,122,208,0.587,0.605,-0.019
2018-19,1629019,Allonzo Trier,1610612752,NYK,G,23,63,59,0.42,142,206,0.689,0.603,0.086
2018-19,1626144,Emmanuel Mudiay,1610612752,NYK,G,23,58,53,0.36,133,206,0.646,0.607,0.039
2018-19,1628470,Torrey Craig,1610612743,DEN,F,28,72,60,0.357,115,205,0.561,0.611,-0.05
2018-19,204038,Langston Galloway,1610612765,DET,G,27,79,74,0.358,125,204,0.613,0.592,0.021
2018-19,204456,T.J. McConnell,1610612755,PHI,G,27,73,64,0.346,124,203,0.611,0.587,0.024
2018-19,1626145,Tyus Jones,1610612750,MIN,G,23,67,59,0.398,127,202,0.629,0.589,0.039
2018-19,201571,D.J. Augustin,1610612753,ORL,G,31,79,70,0.291,141,202,0.698,0.597,0.101
2018-19,203897,Zach LaVine,1610612741,CHI,G,24,61,58,0.301,130,200,0.65,0.604,0.046
2018-19,202330,Gordon Hayward,1610612738,BOS,F,29,71,64,0.38,116,200,0.58,0.598,-0.018
2018-19,1628964,Mo Bamba,1610612753,ORL,C,21,45,44,0.448,112,200,0.56,0.613,-0.053
2018-19,202323,Evan Turner,1610612757,POR,G-F,30,73,66,0.294,107,199,0.538,0.597,-0.06
2018-19,1627739,Kris Dunn,1610612741,CHI,G,25,45,44,0.372,121,198,0.611,0.595,0.016
2018-19,2738,Andre Iguodala,1610612744,GSW,F-G,35,67,64,0.368,117,196,0.597,0.611,-0.014
2018-19,200765,Rajon Rondo,1610612747,LAL,G,33,46,43,0.388,133,196,0.679,0.611,0.068
2018-19,203516,James Ennis III,1610612755,PHI,F,28,58,56,0.468,124,196,0.633,0.608,0.024
2018-19,201158,Marco Belinelli,1610612759,SAS,G-F,33,79,67,0.312,124,195,0.636,0.601,0.035
2018-19,1626209,Mario Hezonja,1610612752,NYK,F,24,56,50,0.398,121,194,0.624,0.625,-0.001
2018-19,101162,Marcin Gortat,1610612746,LAC,C,35,47,46,0.431,111,194,0.572,0.615,-0.042
2018-19,101123,Gerald Green,1610612745,HOU,G-F,33,72,64,0.39,122,193,0.632,0.596,0.036
2018-19,202697,Iman Shumpert,1610612745,HOU,G,29,61,57,0.403,136,192,0.708,0.603,0.105
2018-19,203901,Elfrid Payton,1610612740,NOP,G,25,42,41,0.373,107,190,0.563,0.584,-0.021
2018-19,201162,Jared Dudley,1610612751,BKN,F,33,59,54,0.385,103,189,0.545,0.615,-0.07
2018-19,1626168,Trey Lyles,1610612743,DEN,F,23,63,59,0.402,108,188,0.574,0.6,-0.026
2018-19,202326,DeMarcus Cousins,1610612744,GSW,C,28,30,29,0.366,105,188,0.559,0.627,-0.069
2018-19,1627763,Malcolm Brogdon,1610612749,MIL,G,26,64,61,0.277,103,188,0.548,0.596,-0.049
2018-19,1628973,Jalen Brunson,1610612742,DAL,G,22,68,58,0.317,121,186,0.651,0.596,0.055
2018-19,1629026,Kenrich Williams,1610612740,NOP,G-F,24,43,39,0.445,122,185,0.659,0.614,0.046
2018-19,203915,Spencer Dinwiddie,1610612751,BKN,G,26,68,66,0.288,111,184,0.603,0.6,0.003
2018-19,1628391,D.J. Wilson,1610612749,MIL,F,23,47,44,0.375,94,184,0.511,0.602,-0.091
2018-19,1626245,Cristiano Felicio,1610612741,CHI,F-C,26,57,50,0.428,114,183,0.623,0.619,0.004
2018-19,201565,Derrick Rose,1610612750,MIN,G,30,51,48,0.324,107,181,0.591,0.593,-0.002
2018-19,1629001,De'Anthony Melton,1610612756,PHX,G,21,48,43,0.445,107,181,0.591,0.595,-0.004
2018-19,204020,Tyler Johnson,1610612756,PHX,G,27,56,52,0.33,112,177,0.633,0.601,0.032
2018-19,2594,Kyle Korver,1610612762,UTA,G-F,38,69,60,0.38,98,175,0.56,0.597,-0.037
2018-19,203585,Rodney McGruder,1610612746,LAC,F-G,27,64,57,0.328,92,174,0.529,0.598,-0.069
2018-19,203496,Robert Covington,1610612750,MIN,F,28,34,33,0.387,96,173,0.555,0.598,-0.043
2018-19,1627774,Jake Layman,1610612757,POR,F,25,69,62,0.394,103,168,0.613,0.598,0.016
2018-19,202397,Ish Smith,1610612765,DET,G,30,56,48,0.377,96,167,0.575,0.596,-0.022
2018-19,201973,Jonas Jerebko,1610612744,GSW,F,32,70,63,0.365,104,167,0.623,0.606,0.017
2018-19,203933,T.J. Warren,1610612756,PHX,F,25,43,43,0.432,107,164,0.652,0.61,0.042
2018-19,203086,Meyers Leonard,1610612757,POR,F-C,27,60,54,0.335,109,164,0.665,0.624,0.04
2018-19,202734,E'Twaun Moore,1610612740,NOP,G,30,53,50,0.39,111,164,0.677,0.603,0.073
2018-19,1628411,Wes Iwundu,1610612753,ORL,F,24,68,61,0.353,90,164,0.549,0.599,-0.05
2018-19,1626246,Boban Marjanovic,1610612755,PHI,C,30,56,52,0.329,84,164,0.512,0.608,-0.096
2018-19,202687,Bismack Biyombo,1610612766,CHA,C,26,53,48,0.395,96,164,0.585,0.616,-0.03
2018-19,1717,Dirk Nowitzki,1610612742,DAL,F,41,51,46,0.39,104,164,0.634,0.617,0.017
2018-19,1626163,Frank Kaminsky,1610612766,CHA,F-C,26,45,40,0.402,106,163,0.65,0.622,0.028
2018-19,203210,JaMychal Green,1610612746,LAC,F,29,65,58,0.351,97,162,0.599,0.61,-0.012
2018-19,1713,Vince Carter,1610612737,ATL,F-G,42,76,67,0.343,94,161,0.584,0.607,-0.023
2018-19,1628385,Harry Giles III,1610612758,SAC,F-C,21,58,50,0.411,95,161,0.59,0.619,-0.029
2018-19,1628384,OG Anunoby,1610612761,TOR,F,21,67,59,0.334,93,159,0.585,0.608,-0.024
2018-19,1627752,Taurean Prince,1610612737,ATL,F,25,55,50,0.334,110,159,0.692,0.608,0.084
2018-19,1627884,Derrick Jones Jr.,1610612748,MIA,F-G,22,56,51,0.331,79,158,0.5,0.604,-0.104
2018-19,203926,Doug McDermott,1610612754,IND,F,27,77,64,0.358,97,157,0.618,0.601,0.017
2018-19,1627863,Danuel House Jr.,1610612745,HOU,F-G,26,39,39,0.403,102,156,0.654,0.617,0.036
2018-19,201961,Wayne Ellington,1610612765,DET,G,31,52,46,0.361,89,156,0.571,0.608,-0.037
2018-19,203914,Gary Harris,1610612743,DEN,G,24,57,49,0.359,102,153,0.667,0.62,0.047
2018-19,203118,Mike Scott,1610612755,PHI,F,30,78,62,0.346,92,153,0.601,0.598,0.003
2018-19,204025,Tim Frazier,1610612749,MIL,G,28,55,45,0.349,94,153,0.614,0.585,0.03
2018-19,202714,Shelvin Mack,1610612766,CHA,G,29,57,53,0.326,95,152,0.625,0.592,0.033
2018-19,201588,George Hill,1610612749,MIL,G,33,57,54,0.31,87,152,0.572,0.582,-0.009
2018-19,1628021,David Nwaba,1610612739,CLE,G,26,50,47,0.358,91,152,0.599,0.607,-0.009
2018-19,1628035,Alfonzo McKinnie,1610612744,GSW,F,26,69,59,0.429,100,151,0.662,0.612,0.05
2018-19,1626188,Quinn Cook,1610612744,GSW,G,26,68,59,0.378,102,151,0.675,0.585,0.09
2018-19,203937,Kyle Anderson,1610612763,MEM,F,25,43,40,0.385,86,149,0.577,0.613,-0.036
2018-19,1626169,Stanley Johnson,1610612740,NOP,F,23,63,55,0.379,95,148,0.642,0.611,0.031
2018-19,203504,Trey Burke,1610612742,DAL,G,26,56,45,0.354,86,147,0.585,0.59,-0.005
2018-19,1627782,Wayne Selden,1610612741,CHI,G-F,24,72,62,0.317,91,147,0.619,0.611,0.009
2018-19,203506,Victor Oladipo,1610612754,IND,G,27,36,36,0.333,89,147,0.605,0.598,0.007
2018-19,203552,Seth Curry,1610612757,POR,G,28,73,60,0.301,102,146,0.699,0.588,0.11
2018-19,203894,Shabazz Napier,1610612751,BKN,G,27,54,43,0.336,97,145,0.669,0.598,0.071
2018-19,202335,Patrick Patterson,1610612760,OKC,F,30,60,51,0.393,86,144,0.597,0.616,-0.019
2018-19,201952,Jeff Teague,1610612750,MIN,G,31,42,41,0.34,102,144,0.708,0.609,0.1
2018-19,201229,Anthony Tolliver,1610612750,MIN,F,34,59,49,0.376,86,144,0.597,0.611,-0.013
2018-19,1629059,Elie Okobo,1610612756,PHX,G,21,52,45,0.399,90,144,0.625,0.593,0.032
2018-19,1628397,Ivan Rabb,1610612763,MEM,F,22,48,37,0.407,91,142,0.641,0.61,0.03
2018-19,1628370,Malik Monk,1610612766,CHA,G,21,68,62,0.408,90,142,0.634,0.594,0.04
2018-19,203115,Will Barton,1610612743,DEN,G,28,43,42,0.388,86,141,0.61,0.608,0.002
2018-19,201936,Tyreke Evans,1610612754,IND,G,29,69,55,0.296,85,141,0.603,0.598,0.005
2018-19,203920,Khem Birch,1610612753,ORL,C,26,50,46,0.405,75,140,0.536,0.607,-0.071
2018-19,203998,Bruno Caboclo,1610612763,MEM,F,23,33,30,0.433,74,140,0.529,0.6,-0.072
2018-19,202322,John Wall,1610612764,WAS,G,28,32,32,0.371,90,140,0.643,0.594,0.048
2018-19,1626192,Pat Connaughton,1610612749,MIL,G,26,60,53,0.255,79,139,0.568,0.598,-0.03
2018-19,1626257,Salah Mejri,1610612742,DAL,C,33,34,30,0.523,79,139,0.568,0.607,-0.039
2018-19,1629109,Gary Clark,1610612745,HOU,F,24,45,43,0.563,90,138,0.652,0.592,0.06
2018-19,203521,Matthew Dellavedova,1610612739,CLE,G,28,48,42,0.399,90,138,0.652,0.602,0.051
2018-19,201149,Joakim Noah,1610612763,MEM,C,34,42,41,0.357,73,137,0.533,0.619,-0.086
2018-19,1627747,Caris LeVert,1610612751,BKN,G,24,40,39,0.332,92,137,0.672,0.598,0.074
2018-19,1628379,Luke Kennard,1610612765,DET,G,23,62,56,0.346,89,136,0.654,0.592,0.062
2018-19,203503,Tony Snell,1610612749,MIL,G,27,73,60,0.293,79,134,0.59,0.601,-0.012
2018-19,202328,Greg Monroe,1610612755,PHI,C,29,39,34,0.436,77,134,0.575,0.599,-0.024
2018-19,1626184,Chasson Randle,1610612764,WAS,G,26,48,45,0.446,89,133,0.669,0.591,0.078
2018-19,201163,Wilson Chandler,1610612746,LAC,F,32,49,42,0.328,77,133,0.579,0.602,-0.023
2018-19,1628373,Frank Ntilikina,1610612752,NYK,G,20,42,38,0.405,80,132,0.606,0.604,0.002
2018-19,1627812,Yogi Ferrell,1610612758,SAC,G,26,66,52,0.362,83,131,0.634,0.576,0.058
2018-19,202702,Kenneth Faried,1610612745,HOU,F-C,29,36,32,0.363,89,131,0.679,0.622,0.057
2018-19,1628402,Frank Jackson,1610612740,NOP,G,21,57,48,0.362,87,131,0.664,0.604,0.06
2018-19,1628990,Chandler Hutchison,1610612741,CHI,F,23,43,39,0.4,80,130,0.615,0.601,0.014
2018-19,1628413,Jonah Bolden,1610612755,PHI,F,23,40,34,0.429,71,127,0.559,0.612,-0.053
2018-19,101161,Amir Johnson,1610612755,PHI,C-F,32,49,40,0.397,73,127,0.575,0.611,-0.036
2018-19,201967,Dante Cunningham,1610612759,SAS,F,32,59,44,0.357,80,126,0.635,0.627,0.008
2018-19,201949,James Johnson,1610612748,MIA,F,32,54,51,0.275,71,125,0.568,0.62,-0.052
2018-19,1626170,Jerian Grant,1610612753,ORL,G,26,53,48,0.372,82,125,0.656,0.599,0.057
2018-19,203613,Jonathon Simmons,1610612755,PHI,F,29,51,49,0.374,73,125,0.584,0.603,-0.019
2018-19,1626181,Norman Powell,1610612761,TOR,F-G,26,59,47,0.343,75,124,0.605,0.601,0.004
2018-19,203524,Solomon Hill,1610612740,NOP,F,28,44,39,0.358,70,122,0.574,0.597,-0.024
2018-19,2733,Shaun Livingston,1610612744,GSW,G,33,64,57,0.367,71,122,0.582,0.588,-0.006
2018-19,201609,Goran Dragic,1610612748,MIA,G,33,36,35,0.373,69,121,0.57,0.593,-0.022
2018-19,203546,Ian Clark,1610612740,NOP,G,28,54,44,0.368,83,120,0.692,0.593,0.099
2018-19,203079,Dion Waiters,1610612748,MIA,G,27,44,39,0.303,72,120,0.6,0.601,-0.001
2018-19,1626155,Sam Dekker,1610612764,WAS,F,25,44,40,0.414,78,120,0.65,0.601,0.049
2018-19,1628972,Troy Brown Jr.,1610612764,WAS,F,19,45,36,0.391,73,119,0.613,0.594,0.02
2018-19,101133,Ian Mahinmi,1610612764,WAS,C,32,32,31,0.443,73,117,0.624,0.606,0.018
2018-19,2403,Nene,1610612745,HOU,C-F,36,42,35,0.419,59,114,0.518,0.611,-0.093
2018-19,202498,Lance Thomas,1610612752,NYK,F,31,46,40,0.384,77,113,0.681,0.624,0.057
2018-19,202362,Lance Stephenson,1610612747,LAL,G,28,65,46,0.327,70,109,0.642,0.609,0.034
2018-19,1628425,Sterling Brown,1610612749,MIL,G,24,57,47,0.304,62,109,0.569,0.598,-0.029
2018-19,203917,Nik Stauskas,1610612739,CLE,G,25,68,50,0.302,62,107,0.579,0.596,-0.016
2018-19,2037,Jamal Crawford,1610612756,PHX,G,39,59,47,0.383,76,105,0.724,0.605,0.118
2018-19,1629016,Omari Spellman,1610612737,ATL,F,21,44,37,0.261,51,104,0.49,0.61,-0.12
2018-19,201567,Kevin Love,1610612739,CLE,F-C,30,22,22,0.414,55,103,0.534,0.603,-0.069
2018-19,1627745,Damian Jones,1610612744,GSW,C,24,24,23,0.379,61,102,0.598,0.608,-0.01
2018-19,1627846,Abdel Nader,1610612760,OKC,F,25,51,44,0.368,63,102,0.618,0.607,0.011
2018-19,201585,Kosta Koufos,1610612758,SAC,C,30,41,35,0.349,59,99,0.596,0.616,-0.02
2018-19,1627737,Marquese Chriss,1610612739,CLE,F,21,41,35,0.401,67,99,0.677,0.609,0.067
2018-19,1628984,Devonte' Graham,1610612766,CHA,G,24,44,38,0.389,65,98,0.663,0.599,0.064
2018-19,1628469,Antonio Blakeney,1610612741,CHI,G,22,51,43,0.436,64,98,0.653,0.595,0.058
2018-19,200757,Thabo Sefolosha,1610612762,UTA,F,35,47,40,0.485,55,97,0.567,0.596,-0.029
2018-19,2734,Devin Harris,1610612742,DAL,G,36,62,45,0.338,67,97,0.691,0.603,0.088
2018-19,202327,Ekpe Udoh,1610612762,UTA,C-F,32,43,31,0.536,51,96,0.531,0.597,-0.066
2018-19,1626203,Treveon Graham,1610612751,BKN,F,25,34,29,0.326,55,93,0.591,0.614,-0.023
2018-19,202720,Jon Leuer,1610612765,DET,F,30,39,32,0.456,61,93,0.656,0.619,0.037
2018-19,1628416,Tyler Dorsey,1610612763,MEM,G,23,42,33,0.397,61,92,0.663,0.608,0.055
2018-19,1628407,Dwayne Bacon,1610612766,CHA,G-F,23,40,32,0.341,60,91,0.659,0.61,0.049
2018-19,202688,Brandon Knight,1610612739,CLE,G,27,39,32,0.349,64,87,0.736,0.593,0.143
2018-19,1628388,T.J. Leaf,1610612754,IND,F,22,56,40,0.367,46,87,0.529,0.598,-0.069
2018-19,1629057,Robert Williams III,1610612738,BOS,C-F,21,28,23,0.503,39,87,0.448,0.617,-0.169
2018-19,203584,Troy Daniels,1610612756,PHX,G,27,49,38,0.361,55,87,0.632,0.615,0.018
2018-19,203459,Allen Crabbe,1610612751,BKN,G-F,27,43,36,0.294,54,85,0.635,0.589,0.046
2018-19,1628966,Keita Bates-Diop,1610612750,MIN,F,23,28,26,0.405,45,85,0.529,0.621,-0.092
2018-19,203124,Kyle O'Quinn,1610612754,IND,C,29,36,28,0.393,49,84,0.583,0.602,-0.019
2018-19,1628417,Jaron Blossomgame,1610612739,CLE,F,25,26,24,0.509,42,84,0.5,0.601,-0.101
2018-19,203477,Isaiah Canaan,1610612749,MIL,G,28,29,27,0.386,58,83,0.699,0.606,0.093
2018-19,1626166,Cameron Payne,1610612739,CLE,G,24,35,31,0.357,58,82,0.707,0.603,0.104
2018-19,101112,Channing Frye,1610612739,CLE,F-C,36,34,28,0.396,58,82,0.707,0.625,0.082
2018-19,203922,Glenn Robinson III,1610612765,DET,G-F,25,42,35,0.399,53,81,0.654,0.602,0.053
2018-19,2200,Pau Gasol,1610612749,MIL,C-F,38,29,26,0.402,42,80,0.525,0.633,-0.108
2018-19,200826,J.J. Barea,1610612742,DAL,G,35,38,31,0.315,53,76,0.697,0.597,0.1
2018-19,201573,Jerryd Bayless,1610612750,MIN,G,30,33,29,0.35,51,76,0.671,0.597,0.074
2018-19,2225,Tony Parker,1610612766,CHA,G,37,54,38,0.306,41,76,0.539,0.604,-0.064
2018-19,1628988,Aaron Holiday,1610612754,IND,G,22,43,37,0.355,43,75,0.573,0.572,0.001
2018-19,202325,Wesley Johnson,1610612764,WAS,F-G,31,37,33,0.407,46,74,0.622,0.592,0.03
2018-19,1627788,Furkan Korkmaz,1610612755,PHI,G-F,21,44,32,0.333,42,74,0.568,0.601,-0.033
2018-19,1627936,Alex Caruso,1610612747,LAL,G,25,24,21,0.317,45,73,0.616,0.595,0.021
2018-19,1628400,Semi Ojeleye,1610612738,BOS,F,24,48,32,0.356,45,73,0.616,0.615,0.001
2018-19,101139,CJ Miles,1610612763,MEM,F-G,32,51,37,0.327,39,73,0.534,0.605,-0.071
2018-19,101181,Jose Calderon,1610612765,DET,G,37,43,34,0.336,44,72,0.611,0.611,0
2018-19,1629140,Johnathan Williams,1610612747,LAL,F,24,23,23,0.4,42,72,0.583,0.619,-0.035
2018-19,1629021,Moritz Wagner,1610612747,LAL,C,22,38,28,0.305,44,71,0.62,0.628,-0.008
2018-19,1627789,Timothe Luwawu-Cabarrot,1610612741,CHI,G-F,24,40,30,0.347,39,70,0.557,0.605,-0.048
2018-19,203526,Raul Neto,1610612762,UTA,G,27,35,26,0.354,38,69,0.551,0.577,-0.026
2018-19,203957,Dante Exum,1610612762,UTA,G,23,40,29,0.286,37,69,0.536,0.584,-0.048
2018-19,203518,Alex Abrines,1610612760,OKC,G,25,31,25,0.325,45,69,0.652,0.603,0.049
2018-19,201956,Omri Casspi,1610612763,MEM,F,31,35,25,0.379,33,66,0.5,0.612,-0.112
2018-19,1626147,Justin Anderson,1610612737,ATL,G-F,25,42,27,0.41,40,64,0.625,0.592,0.033
2018-19,203487,Michael Carter-Williams,1610612753,ORL,G,27,22,18,0.423,43,63,0.683,0.567,0.115
2018-19,1627820,Tyrone Wallace,1610612746,LAC,G,25,54,35,0.29,42,63,0.667,0.603,0.063
2018-19,1628977,Hamidou Diallo,1610612760,OKC,G,20,41,32,0.391,40,63,0.635,0.613,0.022
2018-19,203895,Jordan McRae,1610612764,WAS,G,28,21,19,0.473,39,62,0.629,0.601,0.028
2018-19,1628960,Grayson Allen,1610612762,UTA,G,23,32,24,0.378,38,62,0.613,0.578,0.035
2018-19,1627824,Guerschon Yabusele,1610612738,BOS,F,23,37,26,0.466,35,62,0.565,0.59,-0.026
2018-19,1628515,Isaiah Briscoe,1610612753,ORL,G,23,34,27,0.31,37,61,0.607,0.595,0.011
2018-19,1626185,Jarell Martin,1610612753,ORL,F,25,36,25,0.397,37,60,0.617,0.606,0.011
2018-19,1627777,Georges Niang,1610612762,UTA,F,26,50,28,0.347,35,60,0.583,0.613,-0.03
2018-19,101109,Raymond Felton,1610612760,OKC,G,35,29,24,0.42,34,58,0.586,0.61,-0.024
2018-19,1627814,Damion Lee,1610612744,GSW,G,26,29,21,0.356,38,57,0.667,0.602,0.064
2018-19,1628412,Frank Mason III,1610612758,SAC,G,25,34,24,0.348,34,54,0.63,0.604,0.026
2018-19,2736,Luol Deng,1610612750,MIN,F,34,22,18,0.34,29,54,0.537,0.621,-0.084
2018-19,201147,Corey Brewer,1610612758,SAC,G-F,33,31,20,0.299,29,53,0.547,0.612,-0.065
2018-19,1628449,Chris Boucher,1610612761,TOR,F,26,28,25,0.477,31,52,0.596,0.62,-0.024
2018-19,203101,Miles Plumlee,1610612737,ATL,C,30,17,15,0.52,35,51,0.686,0.619,0.067
2018-19,1627775,Patrick McCaw,1610612761,TOR,G,23,26,20,0.467,30,50,0.6,0.577,0.023
2018-19,1628443,Kadeem Allen,1610612752,NYK,G,26,19,18,0.36,29,50,0.58,0.582,-0.002
2018-19,201584,Courtney Lee,1610612742,DAL,G,33,32,23,0.377,28,49,0.571,0.601,-0.029
2018-19,1629004,Svi Mykhailiuk,1610612765,DET,G,22,40,24,0.299,29,49,0.592,0.594,-0.003
2018-19,1628392,Isaiah Hartenstein,1610612745,HOU,F-C,21,28,22,0.35,18,49,0.367,0.608,-0.24
2018-19,202954,Brad Wanamaker,1610612738,BOS,G,29,33,25,0.353,27,49,0.551,0.577,-0.025
2018-19,1628975,Jevon Carter,1610612763,MEM,G,23,36,23,0.254,27,48,0.563,0.597,-0.034
2018-19,202347,Quincy Pondexter,1610612759,SAS,F,31,37,25,0.431,32,47,0.681,0.612,0.068
2018-19,1629121,Jaylen Adams,1610612737,ATL,G,23,31,20,0.338,28,47,0.596,0.601,-0.005
2018-19,1627816,Alex Poythress,1610612737,ATL,F,25,21,16,0.398,24,47,0.511,0.597,-0.086
2018-19,1628365,Markelle Fultz,1610612753,ORL,G,21,17,15,0.371,23,46,0.5,0.577,-0.077
2018-19,2546,Carmelo Anthony,1610612745,HOU,F,35,10,10,0.378,31,45,0.689,0.585,0.104
2018-19,2730,Dwight Howard,1610612764,WAS,C,33,9,9,0.459,23,45,0.511,0.614,-0.103
2018-19,1629151,Ryan Broekhoff,1610612742,DAL,G-F,28,34,21,0.319,25,44,0.568,0.612,-0.044
2018-19,1629034,Ray Spalding,1610612756,PHX,F,22,14,11,0.473,28,43,0.651,0.629,0.022
2018-19,201160,Jason Smith,1610612740,NOP,F-C,33,18,14,0.368,27,43,0.628,0.61,0.018
2018-19,202705,MarShon Brooks,1610612763,MEM,G,30,29,21,0.331,24,43,0.558,0.608,-0.05
2018-19,1627746,Skal Labissiere,1610612757,POR,F,23,20,16,0.416,28,42,0.667,0.621,0.046
2018-19,1626174,Christian Wood,1610612740,NOP,F,23,20,15,0.318,25,42,0.595,0.594,0.001
2018-19,202718,Chandler Parsons,1610612763,MEM,F,30,25,19,0.302,29,42,0.69,0.613,0.077
2018-19,1629126,Deonte Burton,1610612760,OKC,G,25,21,19,0.457,18,42,0.429,0.591,-0.162
2018-19,1627740,Henry Ellenson,1610612752,NYK,F,22,19,15,0.376,23,41,0.561,0.611,-0.05
2018-19,1628414,Sindarius Thornwell,1610612746,LAC,G,24,43,28,0.325,29,40,0.725,0.59,0.135
2018-19,201583,Ryan Anderson,1610612748,MIA,F,31,21,14,0.396,22,40,0.55,0.613,-0.063
2018-19,1628415,Dillon Brooks,1610612763,MEM,G-F,23,18,18,0.348,26,39,0.667,0.607,0.059
2018-19,1627786,Troy Williams,1610612758,SAC,F,24,21,15,0.349,24,38,0.632,0.607,0.025
2018-19,1629244,Cam Reynolds,1610612750,MIN,G,24,17,15,0.409,27,38,0.711,0.622,0.089
2018-19,1627395,Julian Washburn,1610612763,MEM,F-G,27,16,13,0.381,23,37,0.622,0.615,0.007
2018-19,1628978,Donte DiVincenzo,1610612749,MIL,G,22,27,24,0.24,20,36,0.556,0.581,-0.026
2018-19,201563,Michael Beasley,1610612747,LAL,F,30,25,19,0.3,26,36,0.722,0.6,0.123
2018-19,1628403,Caleb Swanigan,1610612758,SAC,F,22,18,14,0.402,23,35,0.657,0.625,0.032
2018-19,101106,Andrew Bogut,1610612744,GSW,C,34,11,8,0.37,18,34,0.529,0.582,-0.052
2018-19,1629003,Shake Milton,1610612755,PHI,G,22,17,14,0.459,16,34,0.471,0.59,-0.119
2018-19,203098,John Jenkins,1610612752,NYK,G,28,26,16,0.378,21,34,0.618,0.582,0.036
2018-19,1628980,Jacob Evans,1610612744,GSW,G,22,21,17,0.398,20,33,0.606,0.613,-0.007
2018-19,1629203,Jemerrio Jones,1610612747,LAL,F,24,5,5,0.525,18,32,0.563,0.594,-0.031
2018-19,203485,Lorenzo Brown,1610612761,TOR,G,28,21,13,0.416,15,32,0.469,0.591,-0.122
2018-19,1627738,Deyonta Davis,1610612737,ATL,C-F,22,8,8,0.485,12,32,0.375,0.632,-0.257
2018-19,1627772,Daniel Hamilton,1610612737,ATL,G-F,23,17,12,0.34,18,32,0.563,0.61,-0.047
2018-19,1629010,Jerome Robinson,1610612746,LAC,G,22,27,16,0.287,22,31,0.71,0.588,0.122
2018-19,1629061,Deng Adel,1610612739,CLE,F,22,14,10,0.423,18,30,0.6,0.601,-0.001
2018-19,1628410,Edmond Sumner,1610612754,IND,G,23,19,11,0.329,24,28,0.857,0.603,0.254
2018-19,1627883,Jalen Jones,1610612739,CLE,F,26,16,13,0.346,21,28,0.75,0.609,0.141
2018-19,1626150,Andrew Harrison,1610612740,NOP,G,24,15,12,0.38,14,27,0.519,0.583,-0.064
2018-19,1627758,Ron Baker,1610612764,WAS,G,26,11,9,0.491,19,27,0.704,0.574,0.13
2018-19,203463,Ben McLemore,1610612758,SAC,G,26,15,11,0.491,18,26,0.692,0.626,0.067
2018-19,1628405,Johnathan Motley,1610612746,LAC,F,24,18,13,0.413,20,26,0.769,0.616,0.153
2018-19,1629033,Theo Pinson,1610612751,BKN,G-F,23,15,11,0.309,11,25,0.44,0.598,-0.158
2018-19,1629234,Drew Eubanks,1610612759,SAS,F,22,19,11,0.333,16,23,0.696,0.619,0.077
2018-19,203089,John Henson,1610612739,CLE,F,28,14,13,0.195,7,23,0.304,0.596,-0.292
2018-19,1627215,Walt Lemon Jr.,1610612741,CHI,G,26,6,6,0.349,15,22,0.682,0.608,0.074
2018-19,1629130,Duncan Robinson,1610612748,MIA,F,25,11,7,0.373,12,22,0.545,0.577,-0.032
2018-19,203112,Quincy Acy,1610612756,PHX,F,28,10,7,0.323,10,21,0.476,0.579,-0.103
2018-19,1629139,Yuta Watanabe,1610612763,MEM,G,24,11,11,0.375,10,21,0.476,0.607,-0.131
2018-19,1629014,Anfernee Simons,1610612757,POR,G,20,15,8,0.375,13,21,0.619,0.615,0.004
2018-19,203092,Tyler Zeller,1610612763,MEM,C,29,6,5,0.317,9,20,0.45,0.625,-0.175
2018-19,2747,JR Smith,1610612739,CLE,G-F,33,9,7,0.317,18,20,0.9,0.582,0.318
2018-19,1629102,Brandon Sampson,1610612741,CHI,G,22,13,10,0.323,9,20,0.45,0.568,-0.118
2018-19,1628959,Rawle Alkins,1610612741,CHI,G,21,7,6,0.435,10,20,0.5,0.578,-0.078
2018-19,202738,Isaiah Thomas,1610612743,DEN,G,30,12,10,0.317,12,19,0.632,0.593,0.039
2018-19,1629541,Dairis Bertans,1610612740,NOP,G,29,12,11,0.292,11,19,0.579,0.587,-0.008
2018-19,1628462,Milos Teodosic,1610612746,LAC,G,32,13,10,0.317,15,19,0.789,0.567,0.223
2018-19,203710,C.J. Williams,1610612750,MIN,G,29,12,8,0.333,10,18,0.556,0.584,-0.028
2018-19,1629045,Bonzie Colson,1610612749,MIL,F,23,5,5,0.474,12,18,0.667,0.583,0.084
2018-19,1629002,Chimezie Metu,1610612759,SAS,F,22,22,10,0.283,12,17,0.706,0.596,0.11
2018-19,1629017,Khyri Thomas,1610612765,DET,G,23,18,12,0.354,12,17,0.706,0.632,0.074
2018-19,1629018,Gary Trent Jr.,1610612757,POR,G,20,12,5,0.333,11,17,0.647,0.593,0.054
2018-19,203960,JaKarr Sampson,1610612741,CHI,F,26,4,4,0.315,10,17,0.588,0.617,-0.029
2018-19,1629020,Jarred Vanderbilt,1610612743,DEN,F,20,10,7,0.486,10,17,0.588,0.608,-0.019
2018-19,1629067,Isaac Bonga,1610612747,LAL,G,19,15,9,0.37,12,17,0.706,0.614,0.092
2018-19,1628993,Alize Johnson,1610612754,IND,F,23,11,6,0.421,7,16,0.438,0.6,-0.162
2018-19,1628518,Amile Jefferson,1610612753,ORL,F,26,11,7,0.417,11,15,0.733,0.601,0.132
2018-19,2617,Udonis Haslem,1610612748,MIA,F,39,7,3,0.469,7,15,0.467,0.561,-0.094
2018-19,1628399,Tyler Lydon,1610612743,DEN,F,23,16,10,0.469,11,15,0.733,0.59,0.143
2018-19,1628513,Naz Mitrou-Long,1610612762,UTA,G,25,12,9,0.389,7,14,0.5,0.568,-0.068
2018-19,1629094,Marcus Derrickson,1610612744,GSW,F,23,11,8,0.341,8,14,0.571,0.595,-0.024
2018-19,1629022,Lonnie Walker IV,1610612759,SAS,G,20,13,10,0.359,8,14,0.571,0.613,-0.042
2018-19,1629015,Zhaire Smith,1610612755,PHI,G,20,5,5,0.359,7,14,0.5,0.599,-0.099
2018-19,1627735,Wade Baldwin IV,1610612757,POR,G,23,13,8,0.273,7,12,0.583,0.534,0.049
2018-19,1629353,Isaac Humphries,1610612737,ATL,C,21,5,4,0.4,7,12,0.583,0.635,-0.051
2018-19,1628070,Jordan Loyd,1610612761,TOR,G,25,9,7,0.667,7,12,0.583,0.574,0.01
2018-19,203263,James Nunnally,1610612745,HOU,F,28,13,9,0.462,8,12,0.667,0.614,0.053
2018-19,202690,Jimmer Fredette,1610612756,PHX,G,30,6,5,0.5,8,11,0.727,0.589,0.138
2018-19,203961,Eric Moreland,1610612761,TOR,F-C,27,5,5,0.44,7,11,0.636,0.571,0.065
2018-19,1626259,Malcolm Miller,1610612761,TOR,F,26,10,7,0.344,6,11,0.545,0.533,0.012
2018-19,201975,Jodie Meeks,1610612761,TOR,G,31,7,4,0.4,7,10,0.7,0.543,0.157
2018-19,1629123,Jared Terrell,1610612750,MIN,G,24,11,5,0.237,4,9,0.444,0.531,-0.087
2018-19,1627781,Malachi Richardson,1610612761,TOR,G,23,12,7,0.409,6,9,0.667,0.623,0.044
2018-19,1628421,Devin Robinson,1610612764,WAS,F,24,7,5,0.265,6,9,0.667,0.639,0.028
2018-19,1628408,PJ Dozier,1610612738,BOS,G-F,22,3,3,0.643,9,9,1,0.642,0.358
2018-19,1629133,Daryl Macon,1610612742,DAL,G,23,7,6,0.409,6,9,0.667,0.661,0.005
2018-19,1628656,Billy Garrett,1610612752,NYK,G-F,24,4,4,0.364,7,8,0.875,0.582,0.294
2018-19,201601,Luc Mbah a Moute,1610612746,LAC,F,32,4,3,0.348,6,8,0.75,0.626,0.125
2018-19,1629168,BJ Johnson,1610612758,SAC,F,23,7,4,0.4,6,8,0.75,0.602,0.148
2018-19,1628396,Tony Bradley,1610612762,UTA,C,21,2,1,0.4,5,8,0.625,0.615,0.01
2018-19,1628393,Jawun Evans,1610612760,OKC,G,22,7,5,0.438,4,7,0.571,0.599,-0.027
2018-19,1628463,Tyler Cavanaugh,1610612762,UTA,F,25,6,4,0.636,3,7,0.429,0.542,-0.113
2018-19,1628432,Davon Reed,1610612754,IND,G,24,8,4,0.35,4,7,0.571,0.522,0.049
2018-19,1628439,Isaiah Hicks,1610612752,NYK,F,24,3,2,0.304,2,7,0.286,0.553,-0.268
2018-19,1629312,Haywood Highsmith,1610612755,PHI,F,22,4,3,0.545,2,6,0.333,0.472,-0.138
2018-19,1629152,DeVaughn Akoon-Purcell,1610612743,DEN,G-F,26,5,4,0.667,4,6,0.667,0.579,0.088
2018-19,1628982,Melvin Frazier Jr.,1610612753,ORL,G-F,22,9,6,0.429,4,6,0.667,0.579,0.087
2018-19,1628249,Mitchell Creek,1610612750,MIN,F-G,27,3,3,0.462,3,6,0.5,0.585,-0.085
2018-19,1629150,Emanuel Terry,1610612748,MIA,F,22,3,3,0.333,5,6,0.833,0.575,0.258
2018-19,1628383,Justin Patton,1610612755,PHI,C,22,2,2,0.417,5,5,1,0.729,0.271
2018-19,1629122,J.P. Macura,1610612766,CHA,G,24,2,1,0.625,3,5,0.6,0.668,-0.068
2018-19,1629058,Dzanan Musa,1610612751,BKN,G-F,20,4,2,0.625,3,5,0.6,0.494,0.106
2018-19,1626154,RJ Hunter,1610612738,BOS,G,25,1,1,0.417,2,5,0.4,0.632,-0.232
2018-19,1629164,Brandon Goodwin,1610612743,DEN,G,23,11,4,0.222,3,4,0.75,0.552,0.199
2018-19,1626210,Alan Williams,1610612751,BKN,F-C,26,5,3,0.308,1,4,0.25,0.602,-0.352
2018-19,1629118,Thomas Welsh,1610612743,DEN,C,23,7,4,0.2,4,4,1,0.571,0.429
2018-19,1628605,Dusty Hannahs,1610612763,MEM,G,25,2,2,0.4,1,4,0.25,0.595,-0.345
2018-19,1628387,Ike Anigbogu,1610612754,IND,C,20,2,2,1,4,4,1,0.636,0.364
2018-19,1627743,Demetrius Jackson,1610612755,PHI,G,24,4,3,0.273,1,3,0.333,0.492,-0.159
2018-19,201156,Nick Young,1610612743,DEN,G-F,34,3,3,0.3,3,3,1,0.598,0.402
2018-19,1628999,Yante Maten,1610612748,MIA,F,22,1,1,0.273,3,3,1,0.63,0.37
2018-19,1628994,George King,1610612756,PHX,F,25,1,1,0.667,2,2,1,0.607,0.394
2018-19,203159,Scott Machado,1610612747,LAL,G,29,2,1,0.5,0,2,0,0.543,-0.543
2018-19,1629185,Chris Chiozza,1610612745,HOU,G,23,6,1,0.143,1,2,0.5,0.59,-0.09
2018-19,1628979,Trevon Duval,1610612745,HOU,G,20,2,1,0.5,1,2,0.5,0.659,-0.159
2018-19,1627780,Gary Payton II,1610612764,WAS,G,26,2,1,0.25,1,2,0.5,0.576,-0.076
2018-19,201281,Andre Ingram,1610612747,LAL,G,33,3,1,0.25,0,1,0,0.58,-0.58
2018-19,1628769,Tahjere McCall,1610612751,BKN,G,24,1,1,1,0,1,0,0.662,-0.662
2018-19,202700,Donatas Motiejunas,1610612759,SAS,F-C,28,3,1,0.167,0,1,0,0.565,-0.565
2018-19,1629053,Vincent Edwards,1610612745,HOU,F,23,1,1,0.333,0,1,0,0.506,-0.506
2018-19,203474,DJ Stephens,1610612763,MEM,G-F,28,1,1,0.333,0,1,0,0.737,-0.737
2018-19,1628537,Jaylen Morris,1610612749,MIL,G,23,3,1,0.125,0,1,0,0.618,-0.618
2018-19,1628961,Kostas Antetokounmpo,1610612742,DAL,F,21,2,1,0.167,0,1,0,0.542,-0.542
2018-19,203093,Terrence Jones,1610612745,HOU,F,27,1,1,0.5,1,1,1,0.5,0.5
2019-20,203999,Nikola Jokić,1610612743,DEN,C,25,73,72,0.451,347,569,0.61,0.643,-0.033
2019-20,203497,Rudy Gobert,1610612762,UTA,C,28,68,68,0.363,283,565,0.501,0.623,-0.122
2019-20,202355,Hassan Whiteside,1610612757,POR,C,31,66,66,0.446,278,534,0.521,0.632,-0.111
2019-20,1628386,Jarrett Allen,1610612751,BKN,C,22,70,68,0.397,240,456,0.526,0.618,-0.092
2019-20,1626167,Myles Turner,1610612754,IND,C-F,24,62,62,0.482,258,453,0.57,0.636,-0.066
2019-20,203083,Andre Drummond,1610612739,CLE,C,26,56,56,0.436,269,443,0.607,0.631,-0.024
2019-20,201572,Brook Lopez,1610612749,MIL,C,32,67,66,0.337,203,441,0.46,0.626,-0.166
2019-20,202696,Nikola Vučević,1610612753,ORL,C,29,62,62,0.393,266,441,0.603,0.626,-0.022
2019-20,201935,James Harden,1610612745,HOU,G,30,68,67,0.388,273,440,0.62,0.617,0.003
2019-20,1627734,Domantas Sabonis,1610612754,IND,F-C,24,62,62,0.403,246,438,0.562,0.622,-0.06
2019-20,1628464,Daniel Theis,1610612738,BOS,F-C,28,65,65,0.445,231,423,0.546,0.622,-0.076
2019-20,202357,Nemanja Bjelica,1610612758,SAC,F,32,72,70,0.42,264,418,0.632,0.627,0.005
2019-20,201143,Al Horford,1610612755,PHI,C-F,34,67,67,0.399,259,415,0.624,0.622,0.002
2019-20,1628467,Maxi Kleber,1610612742,DAL,F,28,73,69,0.418,223,399,0.559,0.617,-0.059
2019-20,1628983,Shai Gilgeous-Alexander,1610612760,OKC,G-F,21,70,69,0.452,242,397,0.61,0.606,0.003
2019-20,202685,Jonas Valanciunas,1610612763,MEM,C,28,70,70,0.357,219,394,0.556,0.628,-0.072
2019-20,204001,Kristaps Porziņģis,1610612742,DAL,F-C,24,56,56,0.41,196,391,0.501,0.62,-0.119
2019-20,200782,P.J. Tucker,1610612745,HOU,F,35,71,70,0.358,231,377,0.613,0.622,-0.009
2019-20,1628389,Bam Adebayo,1610612748,MIA,C-F,22,71,71,0.36,216,377,0.573,0.624,-0.051
2019-20,203500,Steven Adams,1610612760,OKC,C,26,62,59,0.381,209,376,0.556,0.629,-0.073
2019-20,1627741,Buddy Hield,1610612758,SAC,G,27,72,71,0.424,227,375,0.605,0.606,-0.001
2019-20,1628366,Lonzo Ball,1610612740,NOP,G,22,63,63,0.437,219,369,0.593,0.606,-0.012
2019-20,1627783,Pascal Siakam,1610612761,TOR,F,26,60,60,0.362,210,360,0.583,0.617,-0.033
2019-20,203496,Robert Covington,1610612745,HOU,F,29,70,70,0.418,244,360,0.678,0.622,0.056
2019-20,201567,Kevin Love,1610612739,CLE,F-C,31,56,56,0.455,234,356,0.657,0.612,0.046
2019-20,201586,Serge Ibaka,1610612761,TOR,F,30,55,55,0.429,178,356,0.5,0.612,-0.112
2019-20,201950,Jrue Holiday,1610612740,NOP,G,30,61,61,0.388,221,355,0.623,0.613,0.01
2019-20,203468,CJ McCollum,1610612757,POR,G,28,69,68,0.356,201,354,0.568,0.606,-0.039
2019-20,1629023,P.J. Washington,1610612766,CHA,F,21,57,57,0.463,218,354,0.616,0.614,0.001
2019-20,203954,Joel Embiid,1610612755,PHI,C-F,26,51,50,0.387,203,353,0.575,0.627,-0.052
2019-20,1628969,Mikal Bridges,1610612756,PHX,F,23,72,70,0.467,215,352,0.611,0.617,-0.006
2019-20,203469,Cody Zeller,1610612766,CHA,F-C,27,57,57,0.499,210,349,0.602,0.629,-0.027
2019-20,1627826,Ivica Zubac,1610612746,LAC,C,23,72,72,0.377,168,346,0.486,0.633,-0.147
2019-20,1628970,Miles Bridges,1610612766,CHA,F,22,64,64,0.414,213,346,0.616,0.62,-0.004
2019-20,1628404,Josh Hart,1610612740,NOP,G,25,65,64,0.451,204,343,0.595,0.618,-0.023
2019-20,1629636,Darius Garland,1610612739,CLE,G,20,59,59,0.49,232,343,0.676,0.598,0.078
2019-20,1627751,Jakob Poeltl,1610612759,SAS,C,24,65,65,0.48,180,342,0.526,0.624,-0.098
2019-20,1628991,Jaren Jackson Jr.,1610612763,MEM,F-C,20,57,57,0.419,184,338,0.544,0.624,-0.079
2019-20,1627827,Dorian Finney-Smith,1610612742,DAL,F,27,70,69,0.376,190,329,0.578,0.621,-0.043
2019-20,1626164,Devin Booker,1610612756,PHX,G,23,70,67,0.394,201,326,0.617,0.609,0.007
2019-20,1626220,Royce O'Neale,1610612762,UTA,F,27,71,69,0.381,196,326,0.601,0.612,-0.011
2019-20,203457,Nerlens Noel,1610612760,OKC,C-F,26,61,61,0.505,189,326,0.58,0.638,-0.058
2019-20,1629027,Trae Young,1610612737,ATL,G,21,60,60,0.426,220,324,0.679,0.591,0.088
2019-20,1626149,Montrezl Harrell,1610612746,LAC,F-C,26,63,63,0.312,174,319,0.545,0.622,-0.077
2019-20,1629631,De'Andre Hunter,1610612737,ATL,F-G,22,63,62,0.395,205,318,0.645,0.614,0.031
2019-20,203076,Anthony Davis,1610612747,LAL,F-C,27,62,62,0.358,160,316,0.506,0.62,-0.114
2019-20,202699,Tobias Harris,1610612755,PHI,F,27,72,72,0.401,203,315,0.644,0.615,0.03
2019-20,1629029,Luka Dončić,1610612742,DAL,F-G,21,59,57,0.445,187,313,0.597,0.608,-0.01
2019-20,202722,Davis Bertans,1610612764,WAS,F,27,54,53,0.449,181,312,0.58,0.618,-0.038
2019-20,1629012,Collin Sexton,1610612739,CLE,G,21,65,65,0.396,228,312,0.731,0.606,0.125
2019-20,202684,Tristan Thompson,1610612739,CLE,C-F,29,57,56,0.369,166,311,0.534,0.621,-0.087
2019-20,1628972,Troy Brown Jr.,1610612764,WAS,G-F,20,69,68,0.432,202,310,0.652,0.607,0.045
2019-20,203932,Aaron Gordon,1610612753,ORL,F,24,62,62,0.417,168,310,0.542,0.624,-0.082
2019-20,1627742,Brandon Ingram,1610612740,NOP,F,22,62,61,0.419,174,308,0.565,0.614,-0.049
2019-20,1628401,Derrick White,1610612759,SAS,G,25,67,67,0.378,197,307,0.642,0.615,0.027
2019-20,200746,LaMarcus Aldridge,1610612759,SAS,C-F,34,52,52,0.337,169,305,0.554,0.627,-0.073
2019-20,203967,Dario Saric,1610612756,PHX,F,26,65,63,0.421,167,305,0.548,0.622,-0.074
2019-20,203200,Justin Holiday,1610612754,IND,F-G,31,73,70,0.41,178,304,0.586,0.609,-0.023
2019-20,201580,JaVale McGee,1610612747,LAL,C-F,32,68,66,0.498,161,302,0.533,0.627,-0.093
2019-20,1628381,John Collins,1610612737,ATL,F,22,41,41,0.428,179,298,0.601,0.612,-0.011
2019-20,201980,Danny Green,1610612747,LAL,G,33,68,65,0.38,181,297,0.609,0.614,-0.004
2019-20,1627863,Danuel House Jr.,1610612745,HOU,F-G,27,63,62,0.382,190,296,0.642,0.606,0.036
2019-20,1628374,Lauri Markkanen,1610612741,CHI,F-C,23,50,50,0.46,177,296,0.598,0.62,-0.022
2019-20,203095,Evan Fournier,1610612753,ORL,G-F,27,66,65,0.391,189,294,0.643,0.611,0.032
2019-20,1627749,Dejounte Murray,1610612759,SAS,G,23,65,62,0.436,186,292,0.637,0.618,0.019
2019-20,1626158,Richaun Holmes,1610612758,SAC,F,26,44,44,0.473,177,292,0.606,0.626,-0.02
2019-20,1627752,Taurean Prince,1610612751,BKN,F,26,64,62,0.408,177,291,0.608,0.615,-0.006
2019-20,202689,Kemba Walker,1610612738,BOS,G,30,56,53,0.4,170,290,0.586,0.6,-0.013
2019-20,203115,Will Barton,1610612743,DEN,G,29,58,57,0.411,184,289,0.637,0.614,0.023
2019-20,1626179,Terry Rozier,1610612766,CHA,G,26,62,60,0.378,191,287,0.666,0.606,0.059
2019-20,203471,Dennis Schröder,1610612760,OKC,G,26,65,65,0.401,161,286,0.563,0.607,-0.045
2019-20,203145,Kent Bazemore,1610612758,SAC,G-F,30,68,65,0.397,161,286,0.563,0.612,-0.049
2019-20,1629630,Ja Morant,1610612763,MEM,G,20,67,64,0.364,177,285,0.621,0.595,0.026
2019-20,1628369,Jayson Tatum,1610612738,BOS,F-G,22,66,64,0.422,165,284,0.581,0.605,-0.024
2019-20,203991,Clint Capela,1610612737,ATL,C,26,39,39,0.431,178,284,0.627,0.636,-0.009
2019-20,1628989,Kevin Huerter,1610612737,ATL,G-F,21,56,56,0.45,180,283,0.636,0.603,0.033
2019-20,201152,Thaddeus Young,1610612741,CHI,F,32,64,63,0.392,175,283,0.618,0.621,-0.003
2019-20,1626174,Christian Wood,1610612765,DET,F,24,60,59,0.397,155,283,0.548,0.617,-0.069
2019-20,1628976,Wendell Carter Jr.,1610612741,CHI,C-F,21,43,43,0.564,160,282,0.567,0.632,-0.064
2019-20,203925,Joe Harris,1610612751,BKN,G-F,28,69,69,0.395,172,281,0.612,0.61,0.002
2019-20,1628415,Dillon Brooks,1610612763,MEM,G-F,24,73,71,0.324,165,277,0.596,0.61,-0.014
2019-20,202709,Cory Joseph,1610612758,SAC,G,28,72,67,0.395,169,275,0.615,0.613,0.002
2019-20,203922,Glenn Robinson III,1610612755,PHI,F,26,62,59,0.406,175,275,0.636,0.618,0.019
2019-20,1629011,Mitchell Robinson,1610612752,NYK,C-F,22,61,60,0.35,152,274,0.555,0.62,-0.065
2019-20,202397,Ish Smith,1610612764,WAS,G,31,68,67,0.404,166,274,0.606,0.59,0.016
2019-20,203081,Damian Lillard,1610612757,POR,G,29,65,64,0.347,178,273,0.652,0.619,0.033
2019-20,1629028,Deandre Ayton,1610612756,PHX,C,21,38,38,0.35,155,273,0.568,0.621,-0.054
2019-20,201937,Ricky Rubio,1610612756,PHX,G,29,64,64,0.402,180,272,0.662,0.61,0.052
2019-20,202324,Derrick Favors,1610612740,NOP,F,28,51,51,0.386,147,271,0.542,0.626,-0.083
2019-20,1628418,Thomas Bryant,1610612764,WAS,C-F,22,46,46,0.455,167,271,0.616,0.61,0.006
2019-20,203944,Julius Randle,1610612752,NYK,F-C,25,64,62,0.344,160,271,0.59,0.629,-0.039
2019-20,1626161,Willie Cauley-Stein,1610612742,DAL,C,26,54,50,0.454,145,269,0.539,0.639,-0.1
2019-20,101108,Chris Paul,1610612760,OKC,G,35,70,68,0.389,182,269,0.677,0.613,0.064
2019-20,1628365,Markelle Fultz,1610612753,ORL,G,22,72,70,0.362,165,269,0.613,0.6,0.013
2019-20,1628971,Bruce Brown,1610612765,DET,G-F,23,57,56,0.416,165,269,0.613,0.603,0.011
2019-20,1628984,Devonte' Graham,1610612766,CHA,G,25,62,60,0.372,163,268,0.608,0.597,0.011
2019-20,200768,Kyle Lowry,1610612761,TOR,G,34,58,58,0.35,156,267,0.584,0.608,-0.024
2019-20,1626224,Cedi Osman,1610612739,CLE,F,25,65,64,0.415,180,267,0.674,0.605,0.069
2019-20,203486,Mason Plumlee,1610612743,DEN,F-C,30,61,59,0.427,148,267,0.554,0.622,-0.068
2019-20,201188,Marc Gasol,1610612761,TOR,C,35,44,44,0.44,148,266,0.556,0.622,-0.065
2019-20,1627732,Ben Simmons,1610612755,PHI,G-F,23,57,55,0.36,157,266,0.59,0.61,-0.02
2019-20,1627832,Fred VanVleet,1610612761,TOR,G,26,54,54,0.344,155,265,0.585,0.606,-0.021
2019-20,203107,Tomas Satoransky,1610612741,CHI,G,28,65,64,0.431,175,262,0.668,0.61,0.058
2019-20,1629634,Brandon Clarke,1610612763,MEM,F-G,23,58,56,0.435,146,259,0.564,0.62,-0.056
2019-20,1629130,Duncan Robinson,1610612748,MIA,F,26,71,67,0.352,164,259,0.633,0.6,0.033
2019-20,1629629,Cam Reddish,1610612737,ATL,F-G,20,58,58,0.446,151,259,0.583,0.598,-0.015
2019-20,201577,Robin Lopez,1610612749,MIL,C,32,65,62,0.373,112,258,0.434,0.61,-0.175
2019-20,203476,Gorgui Dieng,1610612763,MEM,C,30,62,59,0.382,143,258,0.554,0.624,-0.07
2019-20,1629060,Rui Hachimura,1610612764,WAS,F,22,48,48,0.449,170,257,0.661,0.625,0.037
2019-20,1627759,Jaylen Brown,1610612738,BOS,G-F,23,57,57,0.344,152,257,0.591,0.615,-0.024
2019-20,203503,Tony Snell,1610612765,DET,G,28,58,57,0.44,164,255,0.643,0.615,0.028
2019-20,203897,Zach LaVine,1610612741,CHI,G-F,25,60,60,0.362,150,254,0.591,0.602,-0.011
2019-20,203507,Giannis Antetokounmpo,1610612749,MIL,F,25,62,60,0.355,105,254,0.413,0.617,-0.204
2019-20,203084,Harrison Barnes,1610612758,SAC,F,28,72,68,0.308,160,254,0.63,0.618,0.012
2019-20,203501,Tim Hardaway Jr.,1610612742,DAL,G-F,28,70,59,0.335,172,254,0.677,0.61,0.067
2019-20,1626153,Delon Wright,1610612742,DAL,G,28,72,70,0.453,152,253,0.601,0.605,-0.004
2019-20,203463,Ben McLemore,1610612745,HOU,G,27,71,67,0.443,172,253,0.68,0.603,0.076
2019-20,203952,Andrew Wiggins,1610612744,GSW,F,25,54,54,0.368,154,252,0.611,0.613,-0.002
2019-20,1627750,Jamal Murray,1610612743,DEN,G,23,59,58,0.373,164,251,0.653,0.617,0.037
2019-20,201942,DeMar DeRozan,1610612759,SAS,G-F,30,67,65,0.398,161,251,0.641,0.629,0.013
2019-20,203458,Alex Len,1610612758,SAC,C,27,55,54,0.425,127,250,0.508,0.618,-0.11
2019-20,1628988,Aaron Holiday,1610612754,IND,G,23,65,63,0.352,162,249,0.651,0.604,0.046
2019-20,1627737,Marquese Chriss,1610612744,GSW,F,22,59,59,0.413,142,248,0.573,0.629,-0.057
2019-20,204060,Joe Ingles,1610612762,UTA,F-G,32,71,70,0.377,167,247,0.676,0.607,0.069
2019-20,1629632,Coby White,1610612741,CHI,G,20,65,61,0.47,163,247,0.66,0.602,0.058
2019-20,203109,Jae Crowder,1610612748,MIA,F,29,64,61,0.363,158,245,0.645,0.613,0.032
2019-20,2730,Dwight Howard,1610612747,LAL,C-F,34,69,66,0.37,154,245,0.629,0.621,0.008
2019-20,2544,LeBron James,1610612747,LAL,F,35,67,65,0.391,136,244,0.557,0.616,-0.059
2019-20,202695,Kawhi Leonard,1610612746,LAC,F,29,57,57,0.375,155,244,0.635,0.632,0.003
2019-20,202692,Alec Burks,1610612755,PHI,G,28,66,65,0.413,137,242,0.566,0.611,-0.045
2019-20,1626157,Karl-Anthony Towns,1610612750,MIN,C-F,24,35,35,0.348,140,240,0.583,0.631,-0.048
2019-20,1627763,Malcolm Brogdon,1610612754,IND,G,27,54,52,0.373,135,240,0.563,0.612,-0.049
2019-20,203915,Spencer Dinwiddie,1610612751,BKN,G,27,64,62,0.329,146,239,0.611,0.606,0.005
2019-20,1626162,Kelly Oubre Jr.,1610612756,PHX,F-G,24,55,52,0.409,137,239,0.573,0.607,-0.034
2019-20,1629637,Jaxson Hayes,1610612740,NOP,C-F,20,63,55,0.426,145,239,0.607,0.627,-0.021
2019-20,201568,Danilo Gallinari,1610612760,OKC,F,31,62,59,0.381,151,239,0.632,0.622,0.01
2019-20,200752,Rudy Gay,1610612759,SAS,F-G,33,66,61,0.38,126,238,0.529,0.605,-0.075
2019-20,1629134,Kendrick Nunn,1610612748,MIA,G,24,66,64,0.324,159,238,0.668,0.606,0.062
2019-20,202687,Bismack Biyombo,1610612766,CHA,C,27,51,51,0.472,133,236,0.564,0.618,-0.055
2019-20,202066,Garrett Temple,1610612751,BKN,G-F,34,62,58,0.353,146,235,0.621,0.6,0.021
2019-20,203082,Terrence Ross,1610612753,ORL,G-F,29,69,67,0.394,141,235,0.6,0.608,-0.008
2019-20,203078,Bradley Beal,1610612764,WAS,G,27,57,57,0.331,154,235,0.655,0.609,0.046
2019-20,1626156,D'Angelo Russell,1610612750,MIN,G,24,45,45,0.431,146,234,0.624,0.607,0.017
2019-20,1629639,Tyler Herro,1610612748,MIA,G,20,55,53,0.414,159,230,0.691,0.613,0.079
2019-20,1629006,Josh Okogie,1610612750,MIN,G,21,62,61,0.393,146,229,0.638,0.605,0.033
2019-20,203085,Austin Rivers,1610612745,HOU,G,27,66,64,0.416,143,229,0.624,0.609,0.015
2019-20,203939,Dwight Powell,1610612742,DAL,F-C,28,39,39,0.4,128,227,0.564,0.631,-0.067
2019-20,1626204,Larry Nance Jr.,1610612739,CLE,F-C,27,56,56,0.457,142,225,0.631,0.624,0.007
2019-20,101150,Lou Williams,1610612746,LAC,G,33,65,63,0.367,143,225,0.636,0.593,0.043
2019-20,1629740,Nicolo Melli,1610612740,NOP,F,29,57,54,0.471,132,224,0.589,0.624,-0.035
2019-20,203933,T.J. Warren,1610612754,IND,F,26,67,63,0.368,133,224,0.594,0.618,-0.024
2019-20,203087,Jeremy Lamb,1610612754,IND,G-F,28,46,45,0.418,134,224,0.598,0.608,-0.01
2019-20,1628964,Mo Bamba,1610612753,ORL,C,22,62,57,0.445,124,223,0.556,0.629,-0.073
2019-20,203992,Bogdan Bogdanović,1610612758,SAC,G,27,61,59,0.338,148,223,0.664,0.614,0.05
2019-20,1629628,RJ Barrett,1610612752,NYK,F-G,20,56,54,0.349,142,223,0.637,0.601,0.036
2019-20,1626196,Josh Richardson,1610612755,PHI,G,26,54,54,0.375,132,221,0.597,0.593,0.005
2019-20,203924,Jerami Grant,1610612743,DEN,F,26,71,64,0.353,124,220,0.564,0.63,-0.066
2019-20,1628398,Kyle Kuzma,1610612747,LAL,F,24,61,59,0.384,127,219,0.58,0.608,-0.028
2019-20,1628378,Donovan Mitchell,1610612762,UTA,G,23,69,66,0.33,140,219,0.639,0.61,0.03
2019-20,1629014,Anfernee Simons,1610612757,POR,G,21,69,62,0.368,124,218,0.569,0.601,-0.033
2019-20,1629647,Darius Bazley,1610612760,OKC,F-G,20,60,56,0.39,128,217,0.59,0.604,-0.014
2019-20,200794,Paul Millsap,1610612743,DEN,F,35,51,50,0.378,135,216,0.625,0.629,-0.004
2019-20,203484,Kentavious Caldwell-Pope,1610612747,LAL,G,27,69,67,0.364,141,215,0.656,0.601,0.055
2019-20,1628384,OG Anunoby,1610612761,TOR,F,22,68,62,0.319,123,215,0.572,0.617,-0.045
2019-20,202694,Marcus Morris Sr.,1610612746,LAC,F,30,62,60,0.33,133,215,0.619,0.623,-0.005
2019-20,202711,Bojan Bogdanovic,1610612762,UTA,F,31,63,61,0.346,133,214,0.621,0.608,0.014
2019-20,1629001,De'Anthony Melton,1610612763,MEM,G,22,60,56,0.456,134,214,0.626,0.613,0.013
2019-20,201566,Russell Westbrook,1610612745,HOU,G,31,57,55,0.35,129,214,0.603,0.605,-0.002
2019-20,1628368,De'Aaron Fox,1610612758,SAC,G,22,51,50,0.345,151,214,0.706,0.605,0.101
2019-20,202339,Eric Bledsoe,1610612749,MIL,G,30,60,59,0.324,112,213,0.526,0.596,-0.071
2019-20,203090,Maurice Harkless,1610612752,NYK,F-G,27,62,60,0.389,126,213,0.592,0.61,-0.019
2019-20,203210,JaMychal Green,1610612746,LAC,F-C,30,63,60,0.424,124,213,0.582,0.617,-0.035
2019-20,203110,Draymond Green,1610612744,GSW,F,30,43,42,0.379,115,212,0.542,0.627,-0.084
2019-20,203482,Kelly Olynyk,1610612748,MIA,F-C,29,65,60,0.377,136,212,0.642,0.621,0.021
2019-20,101133,Ian Mahinmi,1610612764,WAS,C,33,38,37,0.513,116,210,0.552,0.616,-0.063
2019-20,202683,Enes Freedom,1610612738,BOS,C,28,57,53,0.366,115,209,0.55,0.63,-0.079
2019-20,1629633,Jarrett Culver,1610612750,MIN,G-F,21,63,57,0.424,124,208,0.596,0.61,-0.014
2019-20,1627748,Thon Maker,1610612765,DET,F-C,23,59,56,0.461,123,207,0.594,0.63,-0.036
2019-20,201144,Mike Conley,1610612762,UTA,G,32,47,47,0.39,134,206,0.65,0.607,0.044
2019-20,202710,Jimmy Butler III,1610612748,MIA,F,30,58,55,0.303,127,205,0.62,0.614,0.005
2019-20,1629684,Grant Williams,1610612738,BOS,F,21,68,59,0.383,126,205,0.615,0.6,0.014
2019-20,203926,Doug McDermott,1610612754,IND,F,28,69,66,0.398,125,204,0.613,0.601,0.012
2019-20,1628978,Donte DiVincenzo,1610612749,MIL,G,23,65,62,0.393,105,203,0.517,0.594,-0.077
2019-20,203382,Aron Baynes,1610612756,PHX,C-F,33,41,39,0.388,123,203,0.606,0.632,-0.026
2019-20,1627788,Furkan Korkmaz,1610612755,PHI,G-F,22,71,62,0.397,116,203,0.571,0.6,-0.029
2019-20,1629672,Eric Paschall,1610612744,GSW,F,23,60,54,0.362,126,202,0.624,0.615,0.009
2019-20,1626171,Bobby Portis Jr.,1610612752,NYK,F,25,66,63,0.333,124,201,0.617,0.616,0.001
2019-20,1627745,Damian Jones,1610612737,ATL,C,25,54,47,0.412,121,200,0.605,0.612,-0.007
2019-20,203903,Jordan Clarkson,1610612762,UTA,G,28,71,68,0.368,122,200,0.61,0.604,0.006
2019-20,1629067,Isaac Bonga,1610612764,WAS,G,20,64,60,0.387,118,199,0.593,0.611,-0.018
2019-20,1629065,Ky Bowman,1610612744,GSW,G,23,45,42,0.463,115,199,0.578,0.603,-0.025
2019-20,1627936,Alex Caruso,1610612747,LAL,G,26,64,60,0.367,122,198,0.616,0.602,0.015
2019-20,1629645,Kevin Porter Jr.,1610612739,CLE,G-F,20,50,48,0.405,127,198,0.641,0.598,0.043
2019-20,1628449,Chris Boucher,1610612761,TOR,F-C,27,58,54,0.431,97,197,0.492,0.609,-0.116
2019-20,201599,DeAndre Jordan,1610612751,BKN,C,31,56,51,0.261,104,196,0.531,0.616,-0.085
2019-20,203086,Meyers Leonard,1610612748,MIA,F-C,28,51,49,0.36,129,196,0.658,0.634,0.024
2019-20,1626178,Rondae Hollis-Jefferson,1610612761,TOR,F,25,60,54,0.39,114,196,0.582,0.605,-0.024
2019-20,1626168,Trey Lyles,1610612759,SAS,F,24,61,54,0.395,123,195,0.631,0.618,0.012
2019-20,203894,Shabazz Napier,1610612764,WAS,G,28,56,51,0.38,123,194,0.634,0.602,0.032
2019-20,203935,Marcus Smart,1610612738,BOS,G,26,60,56,0.283,123,193,0.637,0.617,0.021
2019-20,202331,Paul George,1610612746,LAC,F,30,48,46,0.382,111,193,0.575,0.622,-0.047
2019-20,201609,Goran Dragic,1610612748,MIA,G,34,58,56,0.36,129,192,0.672,0.593,0.079
2019-20,1628396,Tony Bradley,1610612762,UTA,C-F,22,57,52,0.417,108,192,0.563,0.606,-0.044
2019-20,204038,Langston Galloway,1610612765,DET,G,28,65,60,0.345,123,190,0.647,0.602,0.045
2019-20,204456,T.J. McConnell,1610612754,IND,G,28,71,63,0.408,117,187,0.626,0.602,0.023
2019-20,202330,Gordon Hayward,1610612738,BOS,F,30,52,52,0.416,109,187,0.583,0.61,-0.027
2019-20,203901,Elfrid Payton,1610612752,NYK,G,26,45,43,0.35,120,186,0.645,0.601,0.045
2019-20,201952,Jeff Teague,1610612737,ATL,G,32,59,54,0.384,122,186,0.656,0.602,0.054
2019-20,1627814,Damion Lee,1610612744,GSW,G-F,27,48,47,0.376,130,185,0.703,0.62,0.083
2019-20,1629021,Moritz Wagner,1610612764,WAS,F-C,23,45,44,0.422,110,184,0.598,0.618,-0.02
2019-20,203937,Kyle Anderson,1610612763,MEM,F-G,26,67,61,0.349,96,182,0.527,0.617,-0.089
2019-20,2772,Trevor Ariza,1610612757,POR,F,35,52,50,0.379,116,179,0.648,0.623,0.025
2019-20,1627739,Kris Dunn,1610612741,CHI,G,26,50,45,0.361,114,178,0.64,0.618,0.022
2019-20,1626163,Frank Kaminsky,1610612756,PHX,F-C,27,38,38,0.468,115,178,0.646,0.627,0.019
2019-20,1629013,Landry Shamet,1610612746,LAC,G,23,53,50,0.326,103,177,0.582,0.603,-0.021
2019-20,1629661,Cameron Johnson,1610612756,PHX,F,24,56,54,0.434,114,177,0.644,0.616,0.029
2019-20,1627746,Skal Labissiere,1610612737,ATL,F-C,24,33,32,0.488,87,176,0.494,0.62,-0.126
2019-20,101107,Marvin Williams,1610612749,MIL,F,34,57,52,0.408,97,175,0.554,0.61,-0.056
2019-20,1629680,Matisse Thybulle,1610612755,PHI,G-F,23,64,60,0.367,103,175,0.589,0.596,-0.008
2019-20,1629655,Daniel Gafford,1610612741,CHI,F-C,21,40,38,0.608,102,174,0.586,0.632,-0.046
2019-20,1627854,Bryn Forbes,1610612759,SAS,G,26,62,59,0.317,122,174,0.701,0.61,0.091
2019-20,1628420,Monte Morris,1610612743,DEN,G,25,73,64,0.399,101,174,0.58,0.602,-0.021
2019-20,1626192,Pat Connaughton,1610612749,MIL,G,27,65,60,0.286,90,173,0.52,0.601,-0.08
2019-20,203114,Khris Middleton,1610612749,MIL,F,28,61,57,0.313,89,172,0.517,0.609,-0.092
2019-20,1627823,Juancho Hernangomez,1610612750,MIN,F,24,45,42,0.423,116,171,0.678,0.608,0.071
2019-20,200755,JJ Redick,1610612740,NOP,G,36,60,56,0.402,112,170,0.659,0.613,0.045
2019-20,201565,Derrick Rose,1610612765,DET,G,31,49,47,0.371,99,170,0.582,0.607,-0.024
2019-20,1626181,Norman Powell,1610612761,TOR,G,27,52,50,0.354,105,169,0.621,0.607,0.015
2019-20,1629673,Jordan Poole,1610612744,GSW,G,21,56,51,0.454,102,169,0.604,0.606,-0.002
2019-20,202954,Brad Wanamaker,1610612738,BOS,G,30,69,61,0.357,108,169,0.639,0.605,0.034
2019-20,2546,Carmelo Anthony,1610612757,POR,F,36,57,55,0.292,107,169,0.633,0.625,0.008
2019-20,1629008,Michael Porter Jr.,1610612743,DEN,F,22,54,46,0.473,105,168,0.625,0.621,0.004
2019-20,203914,Gary Harris,1610612743,DEN,G,25,56,54,0.318,104,168,0.619,0.615,0.004
2019-20,1627884,Derrick Jones Jr.,1610612748,MIA,F,23,56,53,0.308,104,167,0.623,0.607,0.016
2019-20,1629016,Omari Spellman,1610612750,MIN,F,22,48,45,0.407,91,166,0.548,0.622,-0.074
2019-20,201959,Taj Gibson,1610612752,NYK,F,35,61,53,0.364,100,166,0.602,0.615,-0.013
2019-20,1628470,Torrey Craig,1610612743,DEN,F,29,56,48,0.398,102,165,0.618,0.63,-0.012
2019-20,203953,Jabari Parker,1610612758,SAC,F,25,37,35,0.413,105,164,0.64,0.623,0.017
2019-20,202693,Markieff Morris,1610612747,LAL,F,30,57,51,0.37,108,163,0.663,0.609,0.053
2019-20,203473,Dewayne Dedmon,1610612737,ATL,C,30,43,42,0.413,87,162,0.537,0.623,-0.085
2019-20,1628371,Jonathan Isaac,1610612753,ORL,F,22,33,33,0.436,78,160,0.488,0.611,-0.123
2019-20,201229,Anthony Tolliver,1610612763,MEM,F,35,51,43,0.44,86,158,0.544,0.632,-0.088
2019-20,1628370,Malik Monk,1610612766,CHA,G,22,54,50,0.416,96,158,0.608,0.607,0.001
2019-20,1629056,Terence Davis,1610612761,TOR,G,23,69,61,0.347,87,157,0.554,0.61,-0.056
2019-20,201976,Patrick Beverley,1610612746,LAC,G,31,51,49,0.328,92,157,0.586,0.615,-0.029
2019-20,1628436,Luke Kornet,1610612741,CHI,F-C,24,35,35,0.513,109,156,0.699,0.627,0.072
2019-20,203552,Seth Curry,1610612742,DAL,G,29,63,54,0.314,100,155,0.645,0.61,0.035
2019-20,1628981,Bruno Fernando,1610612737,ATL,F-C,21,55,48,0.38,95,153,0.621,0.625,-0.004
2019-20,203920,Khem Birch,1610612753,ORL,C,27,47,39,0.374,96,152,0.632,0.625,0.006
2019-20,1628390,Terrance Ferguson,1610612760,OKC,G,22,55,50,0.301,85,152,0.559,0.607,-0.048
2019-20,1629018,Gary Trent Jr.,1610612757,POR,G-F,21,59,50,0.373,88,152,0.579,0.599,-0.02
2019-20,201145,Jeff Green,1610612745,HOU,F,33,48,48,0.354,91,151,0.603,0.626,-0.023
2019-20,203089,John Henson,1610612765,DET,F-C,29,40,39,0.436,82,151,0.543,0.616,-0.073
2019-20,1628373,Frank Ntilikina,1610612752,NYK,G,21,56,54,0.371,101,150,0.673,0.604,0.069
2019-20,1627761,DeAndre' Bembry,1610612737,ATL,G-F,25,42,41,0.5,84,150,0.56,0.596,-0.036
2019-20,1629048,Goga Bitadze,1610612754,IND,C-F,20,53,47,0.523,74,149,0.497,0.605,-0.109
2019-20,101141,Ersan Ilyasova,1610612749,MIL,F,33,62,51,0.369,74,148,0.5,0.602,-0.102
2019-20,1628998,Cody Martin,1610612766,CHA,F,24,45,40,0.388,87,147,0.592,0.615,-0.023
2019-20,1628411,Wes Iwundu,1610612753,ORL,F,25,51,45,0.402,83,146,0.568,0.609,-0.041
2019-20,1629675,Naz Reid,1610612750,MIN,C-F,20,28,24,0.445,88,145,0.607,0.617,-0.01
2019-20,1627736,Malik Beasley,1610612750,MIN,G,23,54,47,0.395,92,144,0.639,0.605,0.034
2019-20,1627747,Caris LeVert,1610612751,BKN,G,25,45,43,0.313,95,144,0.66,0.604,0.055
2019-20,1629010,Jerome Robinson,1610612764,WAS,G,23,56,48,0.371,87,142,0.613,0.599,0.014
2019-20,203524,Solomon Hill,1610612748,MIA,F,29,58,51,0.365,88,142,0.62,0.607,0.012
2019-20,201988,Patty Mills,1610612759,SAS,G,31,65,61,0.305,76,142,0.535,0.6,-0.065
2019-20,203488,Mike Muscala,1610612760,OKC,F-C,28,43,33,0.449,82,141,0.582,0.621,-0.04
2019-20,1628382,Justin Jackson,1610612742,DAL,F,25,64,54,0.401,75,140,0.536,0.595,-0.059
2019-20,202340,Avery Bradley,1610612747,LAL,G,29,49,44,0.354,77,140,0.55,0.598,-0.048
2019-20,1628973,Jalen Brunson,1610612742,DAL,G,23,55,46,0.365,86,138,0.623,0.594,0.029
2019-20,1628385,Harry Giles III,1610612758,SAC,F-C,22,44,40,0.429,105,137,0.766,0.636,0.131
2019-20,1628995,Kevin Knox II,1610612752,NYK,F,20,65,55,0.344,85,137,0.62,0.607,0.013
2019-20,203516,James Ennis III,1610612753,ORL,F,29,68,57,0.341,94,136,0.691,0.606,0.085
2019-20,1626209,Mario Hezonja,1610612757,POR,F-G,25,52,44,0.368,75,135,0.556,0.629,-0.073
2019-20,1627775,Patrick McCaw,1610612761,TOR,G,24,36,36,0.435,74,134,0.552,0.587,-0.035
2019-20,1629026,Kenrich Williams,1610612740,NOP,G-F,25,38,36,0.377,79,134,0.59,0.606,-0.016
2019-20,1626145,Tyus Jones,1610612763,MEM,G,24,65,56,0.328,82,133,0.617,0.588,0.028
2019-20,201571,D.J. Augustin,1610612753,ORL,G,32,57,49,0.291,82,130,0.631,0.591,0.04
2019-20,1626143,Jahlil Okafor,1610612740,NOP,C-F,24,30,27,0.463,69,130,0.531,0.616,-0.085
2019-20,201588,George Hill,1610612749,MIL,G,34,58,51,0.264,73,130,0.562,0.602,-0.041
2019-20,1626203,Treveon Graham,1610612737,ATL,G-F,26,51,43,0.381,63,126,0.5,0.601,-0.101
2019-20,1629162,Jordan McLaughlin,1610612750,MIN,G,24,30,29,0.57,73,126,0.579,0.588,-0.009
2019-20,202083,Wesley Matthews,1610612749,MIL,G,33,65,56,0.231,62,126,0.492,0.603,-0.111
2019-20,1629004,Svi Mykhailiuk,1610612765,DET,G-F,23,54,49,0.374,89,125,0.712,0.6,0.112
2019-20,1628966,Keita Bates-Diop,1610612743,DEN,F,24,43,38,0.456,73,125,0.584,0.613,-0.029
2019-20,1629022,Lonnie Walker IV,1610612759,SAS,G-F,21,56,46,0.369,70,125,0.56,0.605,-0.045
2019-20,203521,Matthew Dellavedova,1610612739,CLE,G,29,54,47,0.397,73,122,0.598,0.606,-0.008
2019-20,2594,Kyle Korver,1610612749,MIL,G-F,39,56,44,0.377,64,122,0.525,0.617,-0.093
2019-20,202734,E'Twaun Moore,1610612740,NOP,G,31,54,46,0.414,67,122,0.549,0.606,-0.056
2019-20,1628975,Jevon Carter,1610612756,PHX,G,24,56,47,0.367,69,117,0.59,0.584,0.006
2019-20,1628400,Semi Ojeleye,1610612738,BOS,F,25,67,54,0.324,71,116,0.612,0.617,-0.005
2019-20,200765,Rajon Rondo,1610612747,LAL,G,34,48,44,0.391,73,116,0.629,0.617,0.012
2019-20,1629635,Sekou Doumbouya,1610612765,DET,F,19,35,28,0.451,79,115,0.687,0.637,0.05
2019-20,1627767,Cheick Diallo,1610612756,PHX,F-C,23,44,35,0.467,62,114,0.544,0.634,-0.09
2019-20,202738,Isaiah Thomas,1610612764,WAS,G,31,40,36,0.33,78,114,0.684,0.585,0.099
2019-20,1627777,Georges Niang,1610612762,UTA,F,27,65,49,0.369,71,114,0.623,0.599,0.023
2019-20,1628425,Sterling Brown,1610612749,MIL,G-F,25,50,43,0.387,57,113,0.504,0.598,-0.093
2019-20,202704,Reggie Jackson,1610612746,LAC,G,30,31,30,0.37,75,112,0.67,0.601,0.068
2019-20,203487,Michael Carter-Williams,1610612753,ORL,G,28,45,38,0.34,65,111,0.586,0.623,-0.037
2019-20,1629638,Nickeil Alexander-Walker,1610612740,NOP,G,21,44,37,0.459,69,111,0.622,0.59,0.032
2019-20,1628394,Anžejs Pasečņiks,1610612764,WAS,C-F,24,25,23,0.428,62,110,0.564,0.604,-0.04
2019-20,1629059,Elie Okobo,1610612756,PHX,F-G,22,48,40,0.428,79,110,0.718,0.601,0.118
2019-20,1628977,Hamidou Diallo,1610612760,OKC,G,21,46,43,0.35,65,110,0.591,0.615,-0.024
2019-20,1713,Vince Carter,1610612737,ATL,G-F,43,58,47,0.394,56,109,0.514,0.615,-0.101
2019-20,1628379,Luke Kennard,1610612765,DET,G,24,27,26,0.404,67,108,0.62,0.609,0.012
2019-20,203895,Jordan McRae,1610612765,DET,G,29,37,33,0.391,65,106,0.613,0.613,0.001
2019-20,1629066,Rodions Kurucs,1610612751,BKN,F,22,45,36,0.373,60,106,0.566,0.616,-0.05
2019-20,1629642,Nassir Little,1610612757,POR,F-G,20,44,36,0.427,59,105,0.562,0.622,-0.06
2019-20,1629627,Zion Williamson,1610612740,NOP,F,19,24,24,0.362,70,104,0.673,0.621,0.052
2019-20,203526,Raul Neto,1610612755,PHI,G,28,49,39,0.362,66,104,0.635,0.594,0.041
2019-20,1629652,Luguentz Dort,1610612760,OKC,G,21,36,31,0.312,54,103,0.524,0.607,-0.083
2019-20,1629109,Gary Clark,1610612753,ORL,F,25,38,32,0.426,58,103,0.563,0.611,-0.047
2019-20,1627853,Ryan Arcidiacono,1610612741,CHI,G,26,56,47,0.355,66,102,0.647,0.601,0.046
2019-20,201569,Eric Gordon,1610612745,HOU,G,31,36,34,0.337,62,101,0.614,0.619,-0.005
2019-20,1628960,Grayson Allen,1610612763,MEM,G,24,37,35,0.385,66,101,0.653,0.604,0.049
2019-20,200757,Thabo Sefolosha,1610612745,HOU,F-G,36,40,35,0.508,62,100,0.62,0.606,0.014
2019-20,202335,Patrick Patterson,1610612746,LAC,F,31,54,41,0.329,62,99,0.626,0.622,0.004
2019-20,1627846,Abdel Nader,1610612760,OKC,F,26,52,40,0.329,55,98,0.561,0.6,-0.038
2019-20,203585,Rodney McGruder,1610612746,LAC,G,28,51,43,0.332,58,97,0.598,0.597,0.001
2019-20,1628990,Chandler Hutchison,1610612741,CHI,F-G,24,27,27,0.441,68,94,0.723,0.62,0.103
2019-20,1628407,Dwayne Bacon,1610612766,CHA,G-F,24,36,31,0.427,55,93,0.591,0.622,-0.03
2019-20,201949,James Johnson,1610612750,MIN,F,33,32,28,0.309,52,93,0.559,0.596,-0.037
2019-20,1626144,Emmanuel Mudiay,1610612762,UTA,G,24,51,41,0.341,55,93,0.591,0.59,0.001
2019-20,203960,JaKarr Sampson,1610612754,IND,F,27,33,27,0.442,50,92,0.543,0.599,-0.056
2019-20,1627789,Timothe Luwawu-Cabarrot,1610612751,BKN,G-F,25,45,38,0.275,57,92,0.62,0.599,0.021
2019-20,1626195,Willy Hernangomez,1610612766,CHA,C-F,26,29,25,0.448,54,90,0.6,0.621,-0.021
2019-20,203118,Mike Scott,1610612755,PHI,F,31,64,42,0.306,60,90,0.667,0.613,0.054
2019-20,201158,Marco Belinelli,1610612759,SAS,G,34,52,42,0.352,61,89,0.685,0.608,0.077
2019-20,1628422,Damyean Dotson,1610612752,NYK,G,26,46,34,0.323,56,87,0.644,0.617,0.026
2019-20,1628402,Frank Jackson,1610612740,NOP,G,22,54,38,0.321,59,86,0.686,0.586,0.1
2019-20,1626245,Cristiano Felicio,1610612741,CHI,F-C,27,22,18,0.512,65,84,0.774,0.635,0.138
2019-20,201163,Wilson Chandler,1610612751,BKN,F,33,35,31,0.279,44,83,0.53,0.612,-0.082
2019-20,1629003,Shake Milton,1610612755,PHI,G-F,23,36,32,0.369,55,83,0.663,0.602,0.061
2019-20,1628980,Jacob Evans,1610612750,MIN,G-F,23,29,27,0.446,47,82,0.573,0.609,-0.035
2019-20,1629735,Chris Silva,1610612748,MIA,F,23,32,30,0.471,58,82,0.707,0.633,0.074
2019-20,201587,Nicolas Batum,1610612766,CHA,G-F,31,21,20,0.443,45,82,0.549,0.606,-0.057
2019-20,203943,Noah Vonleh,1610612743,DEN,F,24,32,27,0.38,47,81,0.58,0.607,-0.026
2019-20,204020,Tyler Johnson,1610612751,BKN,G,28,37,31,0.331,50,81,0.617,0.597,0.02
2019-20,1627774,Jake Layman,1610612750,MIN,F,26,23,22,0.452,45,80,0.563,0.595,-0.032
2019-20,203918,Rodney Hood,1610612757,POR,G-F,27,21,20,0.417,48,78,0.615,0.621,-0.005
2019-20,202681,Kyrie Irving,1610612751,BKN,G,28,20,20,0.371,51,78,0.654,0.592,0.062
2019-20,1628035,Alfonzo McKinnie,1610612739,CLE,F,27,38,34,0.467,55,78,0.705,0.616,0.09
2019-20,1627780,Gary Payton II,1610612764,WAS,G,27,25,20,0.43,53,77,0.688,0.606,0.082
2019-20,1626246,Boban Marjanovic,1610612742,DAL,C,31,40,27,0.321,45,76,0.592,0.641,-0.049
2019-20,1628392,Isaiah Hartenstein,1610612745,HOU,C-F,22,21,18,0.405,48,75,0.64,0.604,0.036
2019-20,1628391,D.J. Wilson,1610612749,MIL,F,24,35,28,0.412,39,75,0.52,0.607,-0.087
2019-20,1627756,Denzel Valentine,1610612741,CHI,G,26,32,28,0.378,44,74,0.595,0.611,-0.017
2019-20,1626188,Quinn Cook,1610612747,LAL,G,27,38,24,0.372,47,74,0.635,0.589,0.047
2019-20,1627885,Shaquille Harrison,1610612741,CHI,G,26,32,25,0.369,37,73,0.507,0.599,-0.092
2019-20,1628372,Dennis Smith Jr.,1610612752,NYK,G,22,34,28,0.327,52,73,0.712,0.61,0.102
2019-20,203493,Reggie Bullock Jr.,1610612752,NYK,G-F,29,29,25,0.371,51,73,0.699,0.622,0.076
2019-20,1627733,Dragan Bender,1610612744,GSW,F,22,15,15,0.38,50,73,0.685,0.646,0.039
2019-20,1628963,Marvin Bagley III,1610612758,SAC,F,21,13,13,0.468,44,73,0.603,0.633,-0.03
2019-20,203658,Norvel Pelle,1610612755,PHI,F,27,20,19,0.514,40,72,0.556,0.622,-0.066
2019-20,203506,Victor Oladipo,1610612754,IND,G,28,19,18,0.345,41,71,0.577,0.625,-0.048
2019-20,203459,Allen Crabbe,1610612750,MIN,G-F,28,33,28,0.44,53,70,0.757,0.615,0.142
2019-20,1629057,Robert Williams III,1610612738,BOS,C-F,22,28,26,0.361,43,70,0.614,0.621,-0.007
2019-20,1629103,Kelan Martin,1610612750,MIN,F,24,30,28,0.392,39,69,0.565,0.608,-0.042
2019-20,203124,Kyle O'Quinn,1610612755,PHI,C-F,30,26,25,0.369,43,69,0.623,0.623,0
2019-20,1629741,Marko Guduric,1610612763,MEM,G,25,39,27,0.43,45,68,0.662,0.601,0.06
2019-20,201162,Jared Dudley,1610612747,LAL,F,34,37,27,0.412,33,68,0.485,0.615,-0.13
2019-20,203957,Dante Exum,1610612739,CLE,G,24,33,29,0.4,36,68,0.529,0.589,-0.06
2019-20,1629750,Javonte Green,1610612738,BOS,G-F,26,41,30,0.394,34,63,0.54,0.608,-0.068
2019-20,202329,Al-Farouq Aminu,1610612753,ORL,F,29,17,15,0.4,34,62,0.548,0.631,-0.083
2019-20,201933,Blake Griffin,1610612765,DET,F,31,17,17,0.343,37,61,0.607,0.616,-0.01
2019-20,1629611,Terance Mann,1610612746,LAC,G-F,23,27,18,0.452,37,61,0.607,0.588,0.019
2019-20,1629234,Drew Eubanks,1610612759,SAS,F-C,23,20,15,0.409,37,61,0.607,0.617,-0.01
2019-20,1628403,Caleb Swanigan,1610612757,POR,F,23,24,18,0.41,38,59,0.644,0.627,0.017
2019-20,202334,Ed Davis,1610612762,UTA,C-F,31,28,26,0.326,39,59,0.661,0.631,0.03
2019-20,1628388,T.J. Leaf,1610612754,IND,F,23,24,20,0.513,34,59,0.576,0.586,-0.009
2019-20,203998,Bruno Caboclo,1610612745,HOU,F,24,27,22,0.464,34,58,0.586,0.599,-0.013
2019-20,1628367,Josh Jackson,1610612763,MEM,G-F,23,20,18,0.411,40,58,0.69,0.604,0.086
2019-20,1629058,Dzanan Musa,1610612751,BKN,G-F,21,37,28,0.352,30,58,0.517,0.598,-0.081
2019-20,1629660,Ty Jerome,1610612756,PHX,G-F,22,27,22,0.388,42,57,0.737,0.586,0.151
2019-20,1628380,Zach Collins,1610612757,POR,F-C,22,11,11,0.337,26,56,0.464,0.62,-0.156
2019-20,203490,Otto Porter Jr.,1610612741,CHI,F,27,14,14,0.448,28,56,0.5,0.597,-0.097
2019-20,200826,J.J. Barea,1610612742,DAL,G,36,28,25,0.404,40,55,0.727,0.586,0.141
2019-20,1627790,Ante Zizic,1610612739,CLE,C,23,21,18,0.455,32,55,0.582,0.622,-0.041
2019-20,1629164,Brandon Goodwin,1610612737,ATL,G,24,32,26,0.329,37,55,0.673,0.608,0.065
2019-20,1628408,PJ Dozier,1610612743,DEN,G-F,23,26,22,0.394,30,54,0.556,0.614,-0.058
2019-20,203584,Troy Daniels,1610612743,DEN,G,28,41,27,0.312,30,54,0.556,0.587,-0.031
2019-20,1629744,Matt Thomas,1610612761,TOR,G,25,36,27,0.358,29,53,0.547,0.586,-0.039
2019-20,1629185,Chris Chiozza,1610612751,BKN,G,24,27,22,0.321,34,53,0.642,0.575,0.066
2019-20,201960,DeMarre Carroll,1610612745,HOU,F,33,23,20,0.431,32,53,0.604,0.588,0.016
2019-20,2738,Andre Iguodala,1610612748,MIA,G-F,36,20,20,0.335,28,53,0.528,0.619,-0.091
2019-20,1629678,Admiral Schofield,1610612764,WAS,G-F,23,24,18,0.397,33,52,0.635,0.589,0.045
2019-20,1629640,Keldon Johnson,1610612759,SAS,F-G,20,15,14,0.429,34,51,0.667,0.579,0.087
2019-20,202688,Brandon Knight,1610612765,DET,G,28,24,21,0.372,37,51,0.725,0.611,0.115
2019-20,1626172,Kevon Looney,1610612744,GSW,F,24,20,20,0.407,29,50,0.58,0.613,-0.033
2019-20,1629667,Jalen McDaniels,1610612766,CHA,F-C,22,16,15,0.427,34,50,0.68,0.613,0.067
2019-20,1628395,Jordan Bell,1610612739,CLE,F,25,26,21,0.42,32,50,0.64,0.642,-0.002
2019-20,1628997,Caleb Martin,1610612766,CHA,F,24,16,15,0.417,25,50,0.5,0.612,-0.112
2019-20,1629126,Deonte Burton,1610612760,OKC,G-F,26,32,22,0.383,30,49,0.612,0.593,0.019
2019-20,203994,Jusuf Nurkić,1610612757,POR,C,25,8,8,0.371,34,49,0.694,0.616,0.078
2019-20,201961,Wayne Ellington,1610612752,NYK,G,32,34,25,0.279,31,48,0.646,0.597,0.049
2019-20,1629308,Juan Toscano-Anderson,1610612744,GSW,F,27,12,12,0.47,25,47,0.532,0.635,-0.103
2019-20,1629641,Romeo Langford,1610612738,BOS,G-F,20,25,18,0.407,24,46,0.522,0.593,-0.072
2019-20,204025,Tim Frazier,1610612765,DET,G,29,24,18,0.346,30,46,0.652,0.583,0.069
2019-20,2199,Tyson Chandler,1610612745,HOU,C,37,24,20,0.4,35,46,0.761,0.628,0.133
2019-20,1629033,Theo Pinson,1610612752,NYK,G-F,24,30,23,0.313,26,45,0.578,0.607,-0.029
2019-20,202323,Evan Turner,1610612750,MIN,G-F,31,19,18,0.398,26,45,0.578,0.576,0.001
2019-20,203504,Trey Burke,1610612742,DAL,G,27,31,25,0.302,28,45,0.622,0.601,0.021
2019-20,1629651,Nic Claxton,1610612751,BKN,F-C,21,14,12,0.402,22,45,0.489,0.618,-0.129
2019-20,1629019,Allonzo Trier,1610612752,NYK,G,24,19,18,0.458,29,44,0.659,0.583,0.076
2019-20,203077,Michael Kidd-Gilchrist,1610612742,DAL,F,26,23,18,0.37,22,44,0.5,0.613,-0.113
2019-20,1627812,Yogi Ferrell,1610612758,SAC,G,27,42,28,0.293,30,43,0.698,0.595,0.103
2019-20,1629035,Carsen Edwards,1610612738,BOS,G,22,34,25,0.369,25,41,0.61,0.579,0.031
2019-20,1628410,Edmond Sumner,1610612754,IND,G,24,29,22,0.318,19,41,0.463,0.596,-0.133
2019-20,201584,Courtney Lee,1610612742,DAL,G,34,21,16,0.364,28,40,0.7,0.598,0.102
2019-20,1629738,Vincent Poirier,1610612738,BOS,C-F,26,19,16,0.438,15,39,0.385,0.616,-0.232
2019-20,1629346,Alen Smailagic,1610612744,GSW,F,19,14,14,0.469,19,38,0.5,0.658,-0.158
2019-20,1628021,David Nwaba,1610612745,HOU,G-F,27,20,14,0.319,14,37,0.378,0.621,-0.243
2019-20,1629598,Chris Clemons,1610612745,HOU,G,22,29,19,0.281,25,36,0.694,0.58,0.114
2019-20,1628539,Mychal Mulder,1610612744,GSW,G,26,7,7,0.43,22,34,0.647,0.624,0.024
2019-20,1626159,Justise Winslow,1610612763,MEM,F-G,24,11,11,0.273,18,33,0.545,0.603,-0.058
2019-20,1629151,Ryan Broekhoff,1610612755,PHI,G-F,29,11,10,0.5,17,32,0.531,0.597,-0.066
2019-20,1629743,Donta Hall,1610612751,BKN,F,22,9,8,0.388,18,31,0.581,0.614,-0.034
2019-20,1629117,Wenyen Gabriel,1610612757,POR,F,23,22,16,0.353,16,30,0.533,0.614,-0.081
2019-20,1629723,John Konchar,1610612763,MEM,G,24,18,14,0.38,10,30,0.333,0.568,-0.235
2019-20,1626169,Stanley Johnson,1610612761,TOR,F-G,24,23,16,0.4,14,28,0.5,0.607,-0.107
2019-20,1629726,Garrison Mathews,1610612764,WAS,G,23,17,15,0.36,16,27,0.593,0.601,-0.009
2019-20,1628476,Derrick Walton Jr.,1610612765,DET,G,25,22,14,0.299,15,26,0.577,0.6,-0.023
2019-20,1629002,Chimezie Metu,1610612759,SAS,F-C,23,15,10,0.406,14,26,0.538,0.585,-0.047
2019-20,1626187,Michael Frazier II,1610612745,HOU,G,26,11,11,0.418,19,23,0.826,0.595,0.231
2019-20,1626166,Cameron Payne,1610612756,PHX,G,25,8,8,0.319,14,23,0.609,0.548,0.061
2019-20,1629669,Jaylen Nowell,1610612750,MIN,G,20,12,10,0.511,15,23,0.652,0.602,0.05
2019-20,101139,CJ Miles,1610612764,WAS,G,33,10,10,0.397,11,23,0.478,0.614,-0.136
2019-20,203460,Andre Roberson,1610612760,OKC,G-F,28,7,6,0.525,17,21,0.81,0.611,0.199
2019-20,202697,Iman Shumpert,1610612751,BKN,G,30,13,9,0.333,10,21,0.476,0.593,-0.117
2019-20,203079,Dion Waiters,1610612747,LAL,G,28,10,8,0.27,15,20,0.75,0.634,0.116
2019-20,1629752,Juwan Morgan,1610612762,UTA,F,23,17,11,0.333,12,20,0.6,0.619,-0.019
2019-20,1629140,Johnathan Williams,1610612764,WAS,F,25,13,9,0.392,12,20,0.6,0.628,-0.028
2019-20,1629610,DaQuan Jeffries,1610612758,SAC,G-F,22,10,7,0.364,11,20,0.55,0.588,-0.038
2019-20,201939,Stephen Curry,1610612744,GSW,G,32,5,5,0.476,13,20,0.65,0.642,0.008
2019-20,1629662,Mfiondu Kabengele,1610612746,LAC,F-C,22,10,9,0.442,10,19,0.526,0.586,-0.059
2019-20,1629713,Justin James,1610612758,SAC,G-F,23,20,11,0.211,9,19,0.474,0.559,-0.085
2019-20,1629714,Jarrell Brantley,1610612762,UTA,F,24,7,5,0.5,11,19,0.579,0.598,-0.019
2019-20,1628412,Frank Mason III,1610612749,MIL,G,26,7,6,0.353,8,18,0.444,0.577,-0.133
2019-20,1629683,Quinndary Weatherspoon,1610612759,SAS,G,23,9,8,0.563,14,18,0.778,0.601,0.177
2019-20,1629626,Bol Bol,1610612743,DEN,C-F,20,6,5,0.375,10,18,0.556,0.627,-0.071
2019-20,201149,Joakim Noah,1610612746,LAC,F-C,35,5,4,0.457,9,16,0.563,0.551,0.011
2019-20,1629671,Miye Oni,1610612762,UTA,G-F,22,8,4,0.333,9,16,0.563,0.586,-0.024
2019-20,1629659,Talen Horton-Tucker,1610612747,LAL,G,19,6,4,0.34,8,16,0.5,0.647,-0.147
2019-20,1626259,Malcolm Miller,1610612761,TOR,G-F,27,20,10,0.276,7,16,0.438,0.591,-0.153
2019-20,1626170,Jerian Grant,1610612764,WAS,G,27,6,5,0.516,12,16,0.75,0.535,0.215
2019-20,1629599,Amir Coffey,1610612746,LAC,G-F,23,13,9,0.333,10,16,0.625,0.587,0.038
2019-20,1629731,Dean Wade,1610612739,CLE,F-C,23,11,7,0.533,8,16,0.5,0.591,-0.091
2019-20,1629730,Rayjon Tucker,1610612762,UTA,G,22,16,8,0.278,10,15,0.667,0.573,0.094
2019-20,1629658,Jaylen Hoard,1610612757,POR,F,21,10,8,0.5,8,14,0.571,0.586,-0.014
2019-20,1629168,BJ Johnson,1610612753,ORL,F,24,7,6,0.406,10,13,0.769,0.651,0.118
2019-20,1629020,Jarred Vanderbilt,1610612750,MIN,F,21,9,8,0.684,7,13,0.538,0.629,-0.091
2019-20,1629725,Jeremiah Martin,1610612751,BKN,G,24,8,6,0.302,10,13,0.769,0.632,0.138
2019-20,203648,Thanasis Antetokounmpo,1610612749,MIL,F,27,15,8,0.277,8,13,0.615,0.557,0.058
2019-20,1626147,Justin Anderson,1610612751,BKN,F-G,26,9,6,0.342,8,13,0.615,0.625,-0.01
2019-20,1629052,Oshae Brissett,1610612761,TOR,F-G,22,13,7,0.302,6,13,0.462,0.589,-0.128
2019-20,1629677,Luka Samanic,1610612759,SAS,F,20,3,3,0.387,7,12,0.583,0.598,-0.014
2019-20,1629682,Tremont Waters,1610612738,BOS,G,22,10,8,0.282,8,11,0.727,0.589,0.138
2019-20,1627784,Jarrod Uthoff,1610612764,WAS,F,27,6,4,0.579,8,11,0.727,0.612,0.116
2019-20,1628982,Melvin Frazier Jr.,1610612753,ORL,G-F,23,12,5,0.297,8,11,0.727,0.603,0.124
2019-20,1628987,Kevin Hervey,1610612760,OKC,F,23,7,5,0.417,5,10,0.5,0.661,-0.161
2019-20,202498,Lance Thomas,1610612751,BKN,F,32,6,6,0.385,7,10,0.7,0.609,0.091
2019-20,1627820,Tyrone Wallace,1610612737,ATL,G,26,12,6,0.227,8,10,0.8,0.593,0.207
2019-20,1629650,Moses Brown,1610612757,POR,C,20,7,5,0.476,8,10,0.8,0.618,0.182
2019-20,1629690,Adam Mokoka,1610612741,CHI,G,21,10,6,0.237,6,9,0.667,0.619,0.048
2019-20,1629076,Tyler Cook,1610612743,DEN,F,22,8,5,0.409,6,9,0.667,0.622,0.045
2019-20,1628513,Naz Mitrou-Long,1610612754,IND,G,26,3,2,0.563,5,9,0.556,0.575,-0.019
2019-20,1628413,Jonah Bolden,1610612756,PHX,F,24,6,3,0.348,5,8,0.625,0.614,0.011
2019-20,1628993,Alize Johnson,1610612754,IND,F,24,13,5,0.235,4,8,0.5,0.545,-0.045
2019-20,1628518,Amile Jefferson,1610612753,ORL,F,27,12,6,0.276,3,8,0.375,0.659,-0.284
2019-20,1629625,Justin Wright-Foreman,1610612762,UTA,G,22,3,3,0.667,7,8,0.875,0.575,0.3
2019-20,2617,Udonis Haslem,1610612748,MIA,F,40,4,4,0.4,7,8,0.875,0.649,0.226
2019-20,1629663,Louis King,1610612765,DET,F,21,4,4,0.421,6,8,0.75,0.632,0.118
2019-20,203705,Josh Magette,1610612753,ORL,G,30,5,4,0.636,4,7,0.571,0.621,-0.049
2019-20,1629718,Charlie Brown Jr.,1610612737,ATL,G,23,7,5,0.412,5,7,0.714,0.586,0.129
2019-20,1629139,Yuta Watanabe,1610612763,MEM,G-F,25,14,7,0.206,5,7,0.714,0.568,0.146
2019-20,2747,JR Smith,1610612747,LAL,G,34,6,4,0.2,2,7,0.286,0.541,-0.256
2019-20,1628443,Kadeem Allen,1610612752,NYK,G,27,8,5,0.179,5,7,0.714,0.636,0.079
2019-20,1629017,Khyri Thomas,1610612765,DET,G,24,6,3,0.5,4,7,0.571,0.612,-0.041
2019-20,1629724,Vic Law,1610612753,ORL,F,24,6,5,0.412,5,7,0.714,0.666,0.048
2019-20,1628778,Paul Watson,1610612761,TOR,G,25,5,3,0.316,3,6,0.5,0.617,-0.117
2019-20,1626184,Chasson Randle,1610612744,GSW,G,27,3,2,0.545,4,6,0.667,0.637,0.03
2019-20,1629015,Zhaire Smith,1610612755,PHI,G,21,4,3,0.5,4,6,0.667,0.622,0.045
2019-20,1629608,Dewan Hernandez,1610612761,TOR,C-F,23,6,3,0.429,2,6,0.333,0.632,-0.299
2019-20,1628414,Sindarius Thornwell,1610612740,NOP,G,25,2,2,0.429,3,6,0.5,0.53,-0.03
2019-20,1629597,Zylan Cheatham,1610612740,NOP,F,24,4,3,0.286,3,6,0.5,0.646,-0.146
2019-20,1628985,Devon Hall,1610612760,OKC,G,24,7,4,0.3,5,6,0.833,0.628,0.206
2019-20,1628383,Justin Patton,1610612765,DET,C,23,5,4,0.375,3,6,0.5,0.596,-0.096
2019-20,1629620,Justin Robinson,1610612764,WAS,G,22,6,3,0.385,4,5,0.8,0.599,0.201
2019-20,1628430,Nigel Williams-Goss,1610612762,UTA,G,25,6,3,0.294,3,5,0.6,0.566,0.034
2019-20,1629668,Zach Norvell Jr.,1610612744,GSW,G-F,22,3,3,0.333,5,5,1,0.624,0.376
2019-20,1629216,Gabe Vincent,1610612748,MIA,G,24,5,3,0.179,4,5,0.8,0.599,0.201
2019-20,202718,Chandler Parsons,1610612737,ATL,F,31,5,3,0.417,3,5,0.6,0.595,0.005
2019-20,1629648,Jordan Bone,1610612765,DET,G,22,7,4,0.385,4,5,0.8,0.549,0.251
2019-20,1629719,Devontae Cacok,1610612747,LAL,F,23,1,1,0.625,4,5,0.8,0.679,0.121
2019-20,1628968,Brian Bowen II,1610612754,IND,F-G,21,5,5,0.5,1,5,0.2,0.625,-0.425
2019-20,1628499,Antonius Cleveland,1610612742,DAL,G,26,6,2,0.308,2,4,0.5,0.713,-0.213
2019-20,1629745,Tariq Owens,1610612756,PHX,F,25,3,3,0.4,3,4,0.75,0.706,0.045
2019-20,1629742,Stanton Kidd,1610612762,UTA,F,28,2,2,0.4,1,4,0.25,0.606,-0.356
2019-20,201601,Luc Mbah a Moute,1610612745,HOU,F,33,3,3,0.333,4,4,1,0.667,0.334
2019-20,1628427,Vlatko Cancar,1610612743,DEN,F,23,9,2,0.2,1,4,0.25,0.565,-0.315
2019-20,1629621,Marial Shayok,1610612755,PHI,G-F,24,3,2,0.375,1,3,0.333,0.685,-0.351
2019-20,1627740,Henry Ellenson,1610612751,BKN,F-C,23,5,3,0.429,1,3,0.333,0.65,-0.317
2019-20,1628405,Johnathan Motley,1610612746,LAC,F,25,7,2,0.143,1,3,0.333,0.52,-0.186
2019-20,1629147,Joe Chealey,1610612766,CHA,G,24,1,1,0.5,2,3,0.667,0.492,0.175
2019-20,1628961,Kostas Antetokounmpo,1610612747,LAL,F,22,4,3,0.333,3,3,1,0.626,0.374
2019-20,1629649,Ignas Brazdeikis,1610612752,NYK,F,21,7,3,0.2,1,3,0.333,0.588,-0.255
2019-20,1629605,Tacko Fall,1610612738,BOS,C,24,4,2,0.188,2,3,0.667,0.619,0.047
2019-20,1629729,Josh Reaves,1610612742,DAL,G-F,23,2,2,0.333,2,2,1,0.581,0.419
2019-20,1629676,Isaiah Roby,1610612760,OKC,F,22,3,1,0.333,1,2,0.5,0.699,-0.199
2019-20,1629665,Jalen Lecque,1610612756,PHX,G,20,3,2,0.167,1,2,0.5,0.366,0.135
2019-20,1627982,Josh Gray,1610612740,NOP,G,26,2,1,0.222,2,2,1,0.681,0.319
2019-20,201147,Corey Brewer,1610612758,SAC,G-F,34,4,2,0.2,2,2,1,0.565,0.435
2019-20,1628450,Eric Mika,1610612758,SAC,C-F,25,1,1,0.25,2,2,1,0.666,0.334
2019-20,1628605,Dusty Hannahs,1610612763,MEM,G,26,2,2,0.4,1,2,0.5,0.565,-0.065
2019-20,202951,Jeremy Pargo,1610612744,GSW,G,34,2,2,0.182,2,2,1,0.527,0.473
2019-20,1629734,Kyle Alexander,1610612748,MIA,F-C,23,2,1,0.25,2,2,1,0.575,0.425
2019-20,1629760,Matt Mooney,1610612739,CLE,G,25,3,2,0.286,2,2,1,0.494,0.506
2019-20,1629644,KZ Okpala,1610612748,MIA,F-G,21,4,1,0.111,0,1,0,0.455,-0.455
2019-20,1629716,Marques Bolden,1610612739,CLE,C,22,1,1,1,0,1,0,0.511,-0.511
2019-20,1629044,Shamorie Ponds,1610612761,TOR,G,22,1,1,0.333,1,1,1,0.6,0.4
2019-20,1629005,Malik Newman,1610612739,CLE,G,23,1,1,0.5,1,1,1,0.727,0.273
2019-20,201583,Ryan Anderson,1610612745,HOU,F,32,2,1,0.25,1,1,1,0.68,0.32
2019-20,1629133,Daryl Macon,1610612748,MIA,G,24,2,1,0.2,1,1,1,0.494,0.506
2019-20,1629657,Kyle Guy,1610612758,SAC,G,22,2,1,0.25,0,1,0,0.549,-0.549
2019-20,1629739,William Howard,1610612745,HOU,F-G,26,1,1,0.333,1,1,1,0.726,0.274
2020-21,203497,Rudy Gobert,1610612762,UTA,C,29,71,71,0.373,291,590,0.493,0.63,-0.136
2020-21,203999,Nikola Jokić,1610612743,DEN,C,26,71,71,0.428,335,547,0.612,0.629,-0.016
2020-21,1627751,Jakob Poeltl,1610612759,SAS,C,25,69,68,0.448,282,534,0.528,0.625,-0.097
2020-21,1627734,Domantas Sabonis,1610612754,IND,F-C,25,61,61,0.477,296,528,0.561,0.625,-0.064
2020-21,201572,Brook Lopez,1610612749,MIL,C,33,69,69,0.346,240,473,0.507,0.624,-0.117
2020-21,202696,Nikola Vučević,1610612741,CHI,C,30,69,69,0.4,289,472,0.612,0.634,-0.021
2020-21,1628386,Jarrett Allen,1610612739,CLE,C,23,63,63,0.494,249,466,0.534,0.627,-0.093
2020-21,202683,Enes Freedom,1610612757,POR,C,29,69,69,0.437,279,453,0.616,0.631,-0.015
2020-21,203496,Robert Covington,1610612757,POR,F,30,67,66,0.439,270,432,0.625,0.622,0.003
2020-21,1629023,P.J. Washington,1610612766,CHA,F,22,63,63,0.468,262,431,0.608,0.619,-0.011
2020-21,203991,Clint Capela,1610612737,ATL,C,27,63,63,0.444,226,427,0.529,0.625,-0.096
2020-21,1629028,Deandre Ayton,1610612756,PHX,C,22,67,66,0.363,233,416,0.56,0.627,-0.067
2020-21,1626158,Richaun Holmes,1610612758,SAC,F,27,60,59,0.462,229,414,0.553,0.628,-0.075
2020-21,203954,Joel Embiid,1610612755,PHI,C-F,27,51,51,0.465,236,414,0.57,0.623,-0.053
2020-21,203482,Kelly Olynyk,1610612745,HOU,F-C,30,70,70,0.394,259,413,0.627,0.624,0.004
2020-21,1626167,Myles Turner,1610612754,IND,C-F,25,46,46,0.502,206,412,0.5,0.624,-0.124
2020-21,1627741,Buddy Hield,1610612758,SAC,G,28,69,69,0.427,256,412,0.621,0.612,0.009
2020-21,202685,Jonas Valanciunas,1610612763,MEM,C,29,62,62,0.395,240,410,0.585,0.626,-0.04
2020-21,203486,Mason Plumlee,1610612765,DET,F-C,31,56,56,0.493,259,406,0.638,0.638,0
2020-21,203944,Julius Randle,1610612752,NYK,F-C,26,70,68,0.388,226,400,0.565,0.63,-0.065
2020-21,203457,Nerlens Noel,1610612752,NYK,C-F,27,63,63,0.548,222,393,0.565,0.626,-0.061
2020-21,203200,Justin Holiday,1610612754,IND,F-G,32,71,69,0.435,216,389,0.555,0.619,-0.064
2020-21,1630191,Isaiah Stewart,1610612765,DET,F-C,20,68,67,0.435,204,388,0.526,0.616,-0.09
2020-21,1628969,Mikal Bridges,1610612756,PHX,F,24,69,69,0.44,236,380,0.621,0.626,-0.004
2020-21,203952,Andrew Wiggins,1610612744,GSW,F,26,70,68,0.359,209,376,0.556,0.616,-0.06
2020-21,1628464,Daniel Theis,1610612741,CHI,F-C,29,65,63,0.425,211,374,0.564,0.626,-0.062
2020-21,1626220,Royce O'Neale,1610612762,UTA,F,28,71,71,0.374,237,370,0.641,0.621,0.019
2020-21,1627749,Dejounte Murray,1610612759,SAS,G,24,67,66,0.473,236,365,0.647,0.618,0.029
2020-21,1629675,Naz Reid,1610612750,MIN,C-F,21,69,68,0.454,197,357,0.552,0.627,-0.075
2020-21,1627826,Ivica Zubac,1610612746,LAC,C,24,71,70,0.34,188,350,0.537,0.639,-0.102
2020-21,1628449,Chris Boucher,1610612761,TOR,F-C,28,60,59,0.437,204,349,0.585,0.623,-0.039
2020-21,201577,Robin Lopez,1610612764,WAS,C,33,70,68,0.396,183,345,0.53,0.624,-0.093
2020-21,1628381,John Collins,1610612737,ATL,F-C,23,63,63,0.412,213,344,0.619,0.623,-0.004
2020-21,1629640,Keldon Johnson,1610612759,SAS,F-G,21,69,67,0.427,211,340,0.621,0.627,-0.007
2020-21,1626157,Karl-Anthony Towns,1610612750,MIN,C-F,25,50,50,0.404,206,333,0.619,0.639,-0.02
2020-21,201980,Danny Green,1610612755,PHI,G,34,69,69,0.366,190,332,0.572,0.616,-0.043
2020-21,1629029,Luka Dončić,1610612742,DAL,F-G,22,66,65,0.38,195,329,0.593,0.614,-0.021
2020-21,1629628,RJ Barrett,1610612752,NYK,F-G,21,71,70,0.333,188,328,0.573,0.619,-0.045
2020-21,1626179,Terry Rozier,1610612766,CHA,G,27,68,68,0.35,209,324,0.645,0.604,0.041
2020-21,204001,Kristaps Porziņģis,1610612742,DAL,F-C,25,43,43,0.452,183,322,0.568,0.625,-0.057
2020-21,203110,Draymond Green,1610612744,GSW,F,31,62,61,0.35,161,321,0.502,0.629,-0.128
2020-21,1628970,Miles Bridges,1610612766,CHA,F,23,65,64,0.391,189,321,0.589,0.62,-0.031
2020-21,1627783,Pascal Siakam,1610612761,TOR,F,27,56,55,0.363,203,318,0.638,0.629,0.009
2020-21,1628976,Wendell Carter Jr.,1610612753,ORL,C-F,22,54,53,0.408,161,314,0.513,0.631,-0.118
2020-21,1626164,Devin Booker,1610612756,PHX,G,24,65,65,0.383,198,313,0.633,0.623,0.01
2020-21,203920,Khem Birch,1610612761,TOR,C,28,66,62,0.419,180,311,0.579,0.611,-0.032
2020-21,1630171,Isaac Okoro,1610612739,CLE,F-G,20,67,65,0.354,204,309,0.66,0.615,0.045
2020-21,1629008,Michael Porter Jr.,1610612743,DEN,F,23,60,60,0.442,178,308,0.578,0.62,-0.042
2020-21,201152,Thaddeus Young,1610612741,CHI,F,33,68,67,0.412,193,307,0.629,0.617,0.012
2020-21,1629647,Darius Bazley,1610612760,OKC,F-G,21,54,54,0.378,186,306,0.608,0.626,-0.018
2020-21,202324,Derrick Favors,1610612762,UTA,F,29,68,68,0.431,188,305,0.616,0.635,-0.019
2020-21,1628368,De'Aaron Fox,1610612758,SAC,G,23,56,56,0.369,191,303,0.63,0.609,0.021
2020-21,1629676,Isaiah Roby,1610612760,OKC,F,23,60,59,0.461,197,299,0.659,0.638,0.021
2020-21,201587,Nicolas Batum,1610612746,LAC,G-F,32,67,67,0.428,180,299,0.602,0.62,-0.018
2020-21,1630172,Patrick Williams,1610612741,CHI,F,19,71,68,0.416,178,299,0.595,0.627,-0.032
2020-21,1629130,Duncan Robinson,1610612748,MIA,F,27,70,70,0.368,194,299,0.649,0.612,0.037
2020-21,1630162,Anthony Edwards,1610612750,MIN,G,19,71,70,0.371,180,298,0.604,0.609,-0.005
2020-21,202699,Tobias Harris,1610612755,PHI,F,28,62,61,0.393,183,295,0.62,0.614,0.006
2020-21,1628989,Kevin Huerter,1610612737,ATL,G-F,22,69,69,0.368,177,293,0.604,0.603,0.001
2020-21,203471,Dennis Schröder,1610612747,LAL,G,27,61,61,0.381,206,292,0.705,0.613,0.092
2020-21,1627763,Malcolm Brogdon,1610612754,IND,G,28,55,54,0.416,183,289,0.633,0.621,0.013
2020-21,1629632,Coby White,1610612741,CHI,G,21,69,67,0.361,185,288,0.642,0.604,0.039
2020-21,1628415,Dillon Brooks,1610612763,MEM,G-F,25,67,66,0.331,169,288,0.587,0.612,-0.025
2020-21,1628389,Bam Adebayo,1610612748,MIA,C-F,23,62,62,0.334,165,286,0.577,0.623,-0.046
2020-21,1626162,Kelly Oubre Jr.,1610612744,GSW,F-G,25,54,53,0.443,153,286,0.535,0.619,-0.084
2020-21,1629627,Zion Williamson,1610612740,NOP,F,20,59,57,0.345,166,282,0.589,0.624,-0.035
2020-21,1626149,Montrezl Harrell,1610612747,LAL,F-C,27,68,62,0.362,165,278,0.594,0.625,-0.031
2020-21,203500,Steven Adams,1610612740,NOP,C,27,56,56,0.345,176,277,0.635,0.643,-0.007
2020-21,1629020,Jarred Vanderbilt,1610612750,MIN,F,22,63,55,0.462,159,276,0.576,0.631,-0.055
2020-21,1630183,Jaden McDaniels,1610612750,MIN,F,20,61,60,0.429,149,276,0.54,0.615,-0.075
2020-21,203083,Andre Drummond,1610612747,LAL,C,27,46,46,0.441,168,275,0.611,0.635,-0.024
2020-21,1629630,Ja Morant,1610612763,MEM,G,21,63,63,0.393,174,274,0.635,0.617,0.018
2020-21,1628978,Donte DiVincenzo,1610612749,MIL,G,24,65,62,0.388,161,274,0.588,0.616,-0.028
2020-21,203493,Reggie Bullock Jr.,1610612752,NYK,G-F,30,64,62,0.391,177,274,0.646,0.615,0.031
2020-21,1628367,Josh Jackson,1610612765,DET,G-F,24,62,62,0.446,171,274,0.624,0.599,0.025
2020-21,201566,Russell Westbrook,1610612764,WAS,G,32,64,63,0.378,157,273,0.575,0.613,-0.038
2020-21,1626171,Bobby Portis Jr.,1610612749,MIL,F,26,65,64,0.376,149,272,0.548,0.626,-0.078
2020-21,1626174,Christian Wood,1610612745,HOU,F,25,41,41,0.378,144,271,0.531,0.623,-0.092
2020-21,1630256,Jae'Sean Tate,1610612745,HOU,F,25,70,67,0.356,178,270,0.659,0.613,0.046
2020-21,203937,Kyle Anderson,1610612763,MEM,F-G,27,69,69,0.36,153,270,0.567,0.62,-0.054
2020-21,203114,Khris Middleton,1610612749,MIL,F,29,67,65,0.321,169,267,0.633,0.624,0.009
2020-21,201145,Jeff Green,1610612751,BKN,F,34,68,65,0.329,174,265,0.657,0.628,0.029
2020-21,1626153,Delon Wright,1610612758,SAC,G,29,61,59,0.439,167,264,0.633,0.617,0.015
2020-21,202687,Bismack Biyombo,1610612766,CHA,C,28,64,63,0.385,142,264,0.538,0.621,-0.083
2020-21,202339,Eric Bledsoe,1610612740,NOP,G,31,69,66,0.308,168,263,0.639,0.609,0.03
2020-21,1630214,Xavier Tillman,1610612763,MEM,F,22,59,55,0.442,154,262,0.588,0.63,-0.042
2020-21,1627832,Fred VanVleet,1610612761,TOR,G,27,52,51,0.352,154,262,0.588,0.609,-0.022
2020-21,203897,Zach LaVine,1610612741,CHI,G-F,26,58,58,0.36,151,262,0.576,0.613,-0.037
2020-21,203458,Alex Len,1610612764,WAS,C,28,63,60,0.45,145,257,0.564,0.634,-0.07
2020-21,1629027,Trae Young,1610612737,ATL,G,22,63,61,0.379,165,256,0.645,0.594,0.051
2020-21,203925,Joe Harris,1610612751,BKN,G-F,29,69,65,0.357,149,256,0.582,0.617,-0.035
2020-21,201188,Marc Gasol,1610612747,LAL,C,36,52,49,0.433,165,253,0.652,0.622,0.03
2020-21,1627759,Jaylen Brown,1610612738,BOS,G-F,24,58,58,0.355,148,253,0.585,0.616,-0.031
2020-21,1628369,Jayson Tatum,1610612738,BOS,F-G,23,64,64,0.4,159,253,0.628,0.618,0.011
2020-21,203145,Kent Bazemore,1610612744,GSW,G-F,31,66,64,0.419,127,250,0.508,0.607,-0.099
2020-21,1626172,Kevon Looney,1610612744,GSW,F,25,60,59,0.374,150,249,0.602,0.617,-0.015
2020-21,101108,Chris Paul,1610612756,PHX,G,36,68,67,0.367,167,248,0.673,0.612,0.062
2020-21,1630169,Tyrese Haliburton,1610612758,SAC,G,21,56,56,0.415,173,248,0.698,0.613,0.085
2020-21,203469,Cody Zeller,1610612766,CHA,F-C,28,47,46,0.466,148,248,0.597,0.619,-0.022
2020-21,1627732,Ben Simmons,1610612755,PHI,G-F,24,58,56,0.363,145,248,0.585,0.616,-0.031
2020-21,1627747,Caris LeVert,1610612754,IND,G,26,47,47,0.408,157,248,0.633,0.612,0.021
2020-21,1628374,Lauri Markkanen,1610612741,CHI,F-C,24,50,50,0.427,149,247,0.603,0.616,-0.013
2020-21,203084,Harrison Barnes,1610612758,SAC,F,29,56,54,0.38,143,245,0.584,0.63,-0.046
2020-21,1629655,Daniel Gafford,1610612764,WAS,F-C,22,52,52,0.521,130,243,0.535,0.631,-0.096
2020-21,1628407,Dwayne Bacon,1610612753,ORL,G-F,25,70,67,0.344,153,242,0.632,0.613,0.02
2020-21,203524,Solomon Hill,1610612737,ATL,F,30,71,69,0.41,151,242,0.624,0.621,0.003
2020-21,202331,Paul George,1610612746,LAC,F,31,54,54,0.349,150,242,0.62,0.617,0.003
2020-21,203081,Damian Lillard,1610612757,POR,G,30,64,62,0.316,157,242,0.649,0.611,0.038
2020-21,2730,Dwight Howard,1610612755,PHI,C-F,35,69,66,0.414,141,242,0.583,0.626,-0.043
2020-21,202711,Bojan Bogdanovic,1610612762,UTA,F,32,72,69,0.346,135,241,0.56,0.618,-0.058
2020-21,1629012,Collin Sexton,1610612739,CLE,G,22,60,59,0.349,153,240,0.638,0.61,0.028
2020-21,201586,Serge Ibaka,1610612746,LAC,F,31,41,41,0.415,142,238,0.597,0.627,-0.03
2020-21,1629060,Rui Hachimura,1610612764,WAS,F,23,56,56,0.344,136,237,0.574,0.627,-0.053
2020-21,202681,Kyrie Irving,1610612751,BKN,G,29,54,53,0.387,150,237,0.633,0.619,0.014
2020-21,201950,Jrue Holiday,1610612749,MIL,G,31,58,57,0.307,120,236,0.508,0.625,-0.116
2020-21,1627742,Brandon Ingram,1610612740,NOP,F,23,59,57,0.408,144,236,0.61,0.617,-0.007
2020-21,1628467,Maxi Kleber,1610612742,DAL,F,29,50,50,0.353,140,236,0.593,0.621,-0.027
2020-21,204456,T.J. McConnell,1610612754,IND,G,29,68,64,0.371,152,234,0.65,0.599,0.051
2020-21,1628425,Sterling Brown,1610612745,HOU,G-F,26,51,48,0.416,160,233,0.687,0.605,0.081
2020-21,1629634,Brandon Clarke,1610612763,MEM,F,24,59,55,0.418,124,232,0.534,0.628,-0.093
2020-21,203926,Doug McDermott,1610612754,IND,F,29,65,64,0.426,137,232,0.591,0.621,-0.031
2020-21,1629650,Moses Brown,1610612738,BOS,C,21,41,40,0.423,136,230,0.591,0.622,-0.03
2020-21,203109,Jae Crowder,1610612756,PHX,F,30,58,55,0.391,132,229,0.576,0.616,-0.04
2020-21,1630166,Deni Avdija,1610612764,WAS,F,20,53,52,0.403,128,229,0.559,0.619,-0.06
2020-21,200768,Kyle Lowry,1610612761,TOR,G,35,46,46,0.376,143,228,0.627,0.607,0.02
2020-21,1629636,Darius Garland,1610612739,CLE,G,21,54,50,0.35,142,228,0.623,0.599,0.023
2020-21,1628984,Devonte' Graham,1610612766,CHA,G,26,54,51,0.381,149,228,0.654,0.611,0.043
2020-21,202066,Garrett Temple,1610612741,CHI,G-F,35,56,55,0.361,138,227,0.608,0.604,0.004
2020-21,203078,Bradley Beal,1610612764,WAS,G,28,59,57,0.303,142,227,0.626,0.618,0.007
2020-21,1630180,Saddiq Bey,1610612765,DET,F,22,70,65,0.385,137,227,0.604,0.613,-0.009
2020-21,202684,Tristan Thompson,1610612738,BOS,C-F,30,54,51,0.358,125,227,0.551,0.627,-0.077
2020-21,1629134,Kendrick Nunn,1610612748,MIA,G,25,54,53,0.353,137,226,0.606,0.605,0.001
2020-21,1627827,Dorian Finney-Smith,1610612742,DAL,F,28,60,59,0.325,118,226,0.522,0.617,-0.095
2020-21,201599,DeAndre Jordan,1610612751,BKN,C,32,57,55,0.292,141,224,0.629,0.635,-0.005
2020-21,203507,Giannis Antetokounmpo,1610612749,MIL,F,26,59,57,0.328,116,223,0.52,0.631,-0.111
2020-21,1630197,Aleksej Pokusevski,1610612760,OKC,C,19,44,42,0.443,132,222,0.595,0.611,-0.016
2020-21,1628398,Kyle Kuzma,1610612747,LAL,F,25,68,64,0.348,138,220,0.627,0.621,0.007
2020-21,202709,Cory Joseph,1610612765,DET,G,29,61,59,0.37,133,219,0.607,0.606,0.001
2020-21,1629731,Dean Wade,1610612739,CLE,F-C,24,60,54,0.462,133,219,0.607,0.614,-0.006
2020-21,203901,Elfrid Payton,1610612752,NYK,G,27,61,60,0.333,129,218,0.592,0.608,-0.016
2020-21,203484,Kentavious Caldwell-Pope,1610612747,LAL,G,28,67,63,0.359,136,217,0.627,0.609,0.018
2020-21,1630177,Theo Maledon,1610612760,OKC,G,20,64,60,0.387,136,217,0.627,0.606,0.021
2020-21,202695,Kawhi Leonard,1610612746,LAC,F,30,52,52,0.39,141,217,0.65,0.624,0.026
2020-21,1626181,Norman Powell,1610612757,POR,G,28,69,69,0.334,133,215,0.619,0.615,0.004
2020-21,1629639,Tyler Herro,1610612748,MIA,G,21,52,50,0.365,125,214,0.584,0.599,-0.015
2020-21,201937,Ricky Rubio,1610612750,MIN,G,30,67,64,0.352,136,214,0.636,0.615,0.021
2020-21,203924,Jerami Grant,1610612765,DET,F,27,54,53,0.387,135,213,0.634,0.629,0.005
2020-21,201568,Danilo Gallinari,1610612737,ATL,F,32,51,49,0.403,135,213,0.634,0.619,0.015
2020-21,1629308,Juan Toscano-Anderson,1610612744,GSW,F,28,51,43,0.4,131,210,0.624,0.617,0.006
2020-21,1628971,Bruce Brown,1610612751,BKN,G-F,24,65,58,0.328,126,208,0.606,0.618,-0.012
2020-21,202689,Kemba Walker,1610612760,OKC,G,31,43,43,0.358,137,208,0.659,0.62,0.039
2020-21,202704,Reggie Jackson,1610612746,LAC,G,31,66,61,0.341,119,208,0.572,0.602,-0.03
2020-21,1630164,James Wiseman,1610612744,GSW,C,20,38,38,0.454,132,207,0.638,0.625,0.013
2020-21,1629611,Terance Mann,1610612746,LAC,G-F,24,62,57,0.386,133,207,0.643,0.619,0.023
2020-21,203095,Evan Fournier,1610612738,BOS,G-F,28,41,41,0.405,126,207,0.609,0.612,-0.003
2020-21,1628366,Lonzo Ball,1610612740,NOP,G,23,53,50,0.307,131,207,0.633,0.599,0.034
2020-21,201942,DeMar DeRozan,1610612759,SAS,G-F,31,61,60,0.406,134,206,0.65,0.615,0.036
2020-21,1628963,Marvin Bagley III,1610612758,SAC,F,22,42,41,0.412,137,206,0.665,0.618,0.047
2020-21,1629234,Drew Eubanks,1610612759,SAS,F-C,24,53,50,0.482,106,206,0.515,0.623,-0.108
2020-21,1626192,Pat Connaughton,1610612749,MIL,G,28,68,63,0.292,125,205,0.61,0.615,-0.005
2020-21,203115,Will Barton,1610612743,DEN,G,30,54,51,0.366,128,204,0.627,0.622,0.006
2020-21,1629013,Landry Shamet,1610612751,BKN,G,24,61,57,0.38,129,204,0.632,0.608,0.024
2020-21,1626195,Willy Hernangomez,1610612740,NOP,C-F,27,44,40,0.422,136,204,0.667,0.629,0.038
2020-21,1629022,Lonnie Walker IV,1610612759,SAS,G-F,22,60,57,0.403,122,204,0.598,0.611,-0.013
2020-21,200752,Rudy Gay,1610612759,SAS,F-G,34,63,60,0.361,116,202,0.574,0.624,-0.05
2020-21,1629652,Luguentz Dort,1610612760,OKC,G,22,51,50,0.313,133,201,0.662,0.615,0.047
2020-21,203526,Raul Neto,1610612764,WAS,G,29,63,60,0.354,118,200,0.59,0.605,-0.015
2020-21,1629680,Matisse Thybulle,1610612755,PHI,G-F,24,64,57,0.377,120,199,0.603,0.604,-0.001
2020-21,203501,Tim Hardaway Jr.,1610612742,DAL,G-F,29,70,66,0.271,125,198,0.631,0.608,0.023
2020-21,1629006,Josh Okogie,1610612750,MIN,G,22,58,54,0.386,126,196,0.643,0.627,0.016
2020-21,203076,Anthony Davis,1610612747,LAL,F-C,28,36,35,0.385,119,196,0.607,0.621,-0.014
2020-21,200794,Paul Millsap,1610612743,DEN,F,36,55,52,0.376,121,196,0.617,0.627,-0.009
2020-21,203903,Jordan Clarkson,1610612762,UTA,G,29,68,61,0.346,121,194,0.624,0.608,0.016
2020-21,1630163,LaMelo Ball,1610612766,CHA,G,19,50,48,0.389,117,194,0.603,0.605,-0.002
2020-21,1628404,Josh Hart,1610612740,NOP,G,26,46,44,0.317,132,193,0.684,0.625,0.059
2020-21,1627750,Jamal Murray,1610612743,DEN,G,24,47,46,0.329,127,192,0.661,0.62,0.041
2020-21,202722,Davis Bertans,1610612764,WAS,F,28,56,56,0.349,100,192,0.521,0.597,-0.076
2020-21,203994,Jusuf Nurkić,1610612757,POR,C,26,36,35,0.403,118,191,0.618,0.637,-0.02
2020-21,203382,Aron Baynes,1610612761,TOR,C-F,34,52,51,0.367,112,191,0.586,0.635,-0.049
2020-21,1629659,Talen Horton-Tucker,1610612747,LAL,G,20,65,63,0.361,113,190,0.595,0.608,-0.014
2020-21,1628401,Derrick White,1610612759,SAS,G,26,36,35,0.374,98,189,0.519,0.608,-0.09
2020-21,202710,Jimmy Butler III,1610612748,MIA,F,31,50,47,0.317,119,189,0.63,0.61,0.02
2020-21,1627814,Damion Lee,1610612744,GSW,G-F,28,56,53,0.448,107,188,0.569,0.618,-0.048
2020-21,1627884,Derrick Jones Jr.,1610612757,POR,F,24,56,52,0.37,113,186,0.608,0.618,-0.01
2020-21,201939,Stephen Curry,1610612744,GSW,G,33,62,61,0.368,115,186,0.618,0.604,0.014
2020-21,203939,Dwight Powell,1610612742,DAL,F-C,29,57,52,0.376,112,186,0.602,0.623,-0.021
2020-21,1628988,Aaron Holiday,1610612754,IND,G,24,64,59,0.371,101,185,0.546,0.597,-0.051
2020-21,203992,Bogdan Bogdanović,1610612737,ATL,G,28,44,44,0.329,109,185,0.589,0.605,-0.016
2020-21,203468,CJ McCollum,1610612757,POR,G,29,46,45,0.302,115,184,0.625,0.606,0.019
2020-21,1629643,Chuma Okeke,1610612753,ORL,F,22,44,42,0.419,112,184,0.609,0.624,-0.016
2020-21,1626196,Josh Richardson,1610612742,DAL,G,27,59,54,0.338,115,184,0.625,0.604,0.021
2020-21,1626161,Willie Cauley-Stein,1610612742,DAL,C,27,53,48,0.364,105,183,0.574,0.617,-0.043
2020-21,201959,Taj Gibson,1610612752,NYK,F,36,44,44,0.432,108,183,0.59,0.632,-0.042
2020-21,201933,Blake Griffin,1610612751,BKN,F,32,46,45,0.324,116,183,0.634,0.639,-0.005
2020-21,1628378,Donovan Mitchell,1610612762,UTA,G,24,53,52,0.355,119,182,0.654,0.617,0.037
2020-21,1630267,Facundo Campazzo,1610612743,DEN,G,30,63,53,0.33,118,182,0.648,0.607,0.042
2020-21,203932,Aaron Gordon,1610612743,DEN,F,25,49,47,0.362,111,180,0.617,0.627,-0.011
2020-21,1628983,Shai Gilgeous-Alexander,1610612760,OKC,G-F,22,34,34,0.361,107,180,0.594,0.615,-0.021
2020-21,1630175,Cole Anthony,1610612753,ORL,G,21,45,44,0.367,110,180,0.611,0.597,0.014
2020-21,1626156,D'Angelo Russell,1610612750,MIN,G,25,41,40,0.394,118,179,0.659,0.607,0.052
2020-21,201935,James Harden,1610612751,BKN,G,31,44,40,0.325,113,179,0.631,0.626,0.005
2020-21,202322,John Wall,1610612745,HOU,G,30,40,40,0.393,109,179,0.609,0.608,0.001
2020-21,203967,Dario Saric,1610612756,PHX,F-C,27,47,46,0.401,111,179,0.62,0.621,0
2020-21,201565,Derrick Rose,1610612752,NYK,G,32,50,50,0.377,100,177,0.565,0.606,-0.041
2020-21,1629661,Cameron Johnson,1610612756,PHX,F,25,59,56,0.378,111,176,0.631,0.616,0.015
2020-21,200782,P.J. Tucker,1610612749,MIL,F,36,52,50,0.335,110,175,0.629,0.619,0.01
2020-21,201144,Mike Conley,1610612762,UTA,G,33,51,48,0.318,93,174,0.534,0.602,-0.067
2020-21,1630173,Precious Achiuwa,1610612748,MIA,F,21,55,48,0.403,97,174,0.557,0.625,-0.068
2020-21,1629048,Goga Bitadze,1610612754,IND,C-F,21,44,40,0.523,91,171,0.532,0.618,-0.086
2020-21,1629057,Robert Williams III,1610612738,BOS,C-F,23,52,49,0.328,102,169,0.604,0.621,-0.018
2020-21,1629026,Kenrich Williams,1610612760,OKC,G-F,26,63,57,0.316,113,169,0.669,0.614,0.054
2020-21,1628396,Tony Bradley,1610612760,OKC,C-F,23,40,39,0.456,89,167,0.533,0.629,-0.096
2020-21,1629004,Svi Mykhailiuk,1610612760,OKC,G-F,24,63,56,0.344,112,167,0.671,0.616,0.055
2020-21,202693,Markieff Morris,1610612747,LAL,F,31,60,51,0.369,111,167,0.665,0.621,0.043
2020-21,1629637,Jaxson Hayes,1610612740,NOP,C-F,21,56,52,0.39,97,167,0.581,0.622,-0.041
2020-21,1629684,Grant Williams,1610612738,BOS,F,22,63,53,0.349,96,167,0.575,0.614,-0.04
2020-21,203107,Tomas Satoransky,1610612741,CHI,G,29,58,54,0.386,100,166,0.602,0.608,-0.006
2020-21,1629003,Shake Milton,1610612755,PHI,G-F,24,63,57,0.339,99,166,0.596,0.605,-0.009
2020-21,202694,Marcus Morris Sr.,1610612746,LAC,F,31,57,54,0.351,101,165,0.612,0.622,-0.009
2020-21,202330,Gordon Hayward,1610612766,CHA,F,31,43,43,0.377,98,165,0.594,0.626,-0.032
2020-21,1630170,Devin Vassell,1610612759,SAS,G-F,20,61,55,0.456,97,165,0.588,0.608,-0.02
2020-21,1628964,Mo Bamba,1610612753,ORL,C,23,43,38,0.415,99,165,0.6,0.63,-0.03
2020-21,1629001,De'Anthony Melton,1610612763,MEM,G,23,51,50,0.392,103,165,0.624,0.621,0.003
2020-21,2546,Carmelo Anthony,1610612757,POR,F,37,66,64,0.312,112,164,0.683,0.63,0.053
2020-21,1628977,Hamidou Diallo,1610612765,DET,G,22,51,48,0.37,100,164,0.61,0.61,-0.001
2020-21,1628384,OG Anunoby,1610612761,TOR,F,23,43,42,0.324,83,163,0.509,0.634,-0.125
2020-21,1629667,Jalen McDaniels,1610612766,CHA,F-C,23,44,40,0.389,101,162,0.623,0.604,0.019
2020-21,1628379,Luke Kennard,1610612746,LAC,G,25,59,52,0.395,107,162,0.66,0.607,0.054
2020-21,1630202,Payton Pritchard,1610612738,BOS,G,23,66,60,0.374,112,162,0.691,0.602,0.09
2020-21,1629021,Moritz Wagner,1610612753,ORL,F-C,24,43,39,0.405,95,162,0.586,0.62,-0.034
2020-21,203552,Seth Curry,1610612755,PHI,G,30,57,50,0.306,109,161,0.677,0.6,0.077
2020-21,1628973,Jalen Brunson,1610612742,DAL,G,24,68,62,0.303,98,161,0.609,0.597,0.012
2020-21,1627936,Alex Caruso,1610612747,LAL,G,27,58,55,0.361,88,160,0.55,0.594,-0.044
2020-21,203082,Terrence Ross,1610612753,ORL,G-F,30,45,43,0.365,94,160,0.588,0.616,-0.029
2020-21,1629018,Gary Trent Jr.,1610612761,TOR,G-F,22,54,52,0.331,101,159,0.635,0.606,0.029
2020-21,202954,Brad Wanamaker,1610612766,CHA,G,31,61,52,0.39,102,158,0.646,0.601,0.045
2020-21,2544,LeBron James,1610612747,LAL,F,36,44,43,0.359,84,157,0.535,0.612,-0.077
2020-21,1626204,Larry Nance Jr.,1610612739,CLE,F-C,28,35,33,0.376,90,156,0.577,0.637,-0.06
2020-21,203488,Mike Muscala,1610612760,OKC,F-C,29,34,33,0.43,92,156,0.59,0.629,-0.039
2020-21,204060,Joe Ingles,1610612762,UTA,F-G,33,67,57,0.294,105,156,0.673,0.617,0.056
2020-21,203087,Jeremy Lamb,1610612754,IND,G-F,29,36,36,0.427,92,155,0.594,0.618,-0.024
2020-21,2738,Andre Iguodala,1610612748,MIA,G-F,37,61,55,0.315,99,155,0.639,0.629,0.01
2020-21,201988,Patty Mills,1610612759,SAS,G,32,67,61,0.286,102,154,0.662,0.615,0.047
2020-21,203506,Victor Oladipo,1610612748,MIA,G,29,31,31,0.37,93,153,0.608,0.603,0.004
2020-21,1629011,Mitchell Robinson,1610612752,NYK,C-F,23,30,30,0.417,88,151,0.583,0.63,-0.047
2020-21,1626163,Frank Kaminsky,1610612756,PHX,F-C,28,46,44,0.361,91,150,0.607,0.633,-0.027
2020-21,1629052,Oshae Brissett,1610612754,IND,F-G,23,20,20,0.543,90,150,0.6,0.609,-0.009
2020-21,202326,DeMarcus Cousins,1610612746,LAC,C,30,41,38,0.369,93,149,0.624,0.622,0.002
2020-21,1628960,Grayson Allen,1610612763,MEM,G,25,50,47,0.33,92,148,0.622,0.611,0.011
2020-21,1628420,Monte Morris,1610612743,DEN,G,26,47,43,0.355,87,146,0.596,0.618,-0.022
2020-21,201609,Goran Dragic,1610612748,MIA,G,35,49,44,0.362,90,145,0.621,0.598,0.023
2020-21,1629139,Yuta Watanabe,1610612761,TOR,G-F,26,50,45,0.469,82,144,0.569,0.604,-0.035
2020-21,201580,JaVale McGee,1610612743,DEN,C-F,33,46,43,0.42,66,144,0.458,0.61,-0.151
2020-21,201952,Jeff Teague,1610612749,MIL,G,33,55,47,0.367,82,144,0.569,0.612,-0.043
2020-21,200746,LaMarcus Aldridge,1610612751,BKN,C-F,35,26,26,0.377,79,144,0.549,0.618,-0.069
2020-21,1626145,Tyus Jones,1610612763,MEM,G,25,70,63,0.371,92,144,0.639,0.605,0.034
2020-21,201949,James Johnson,1610612740,NOP,F,34,51,43,0.348,88,143,0.615,0.616,0
2020-21,1626224,Cedi Osman,1610612739,CLE,F,26,59,48,0.324,88,142,0.62,0.602,0.018
2020-21,1629056,Terence Davis,1610612758,SAC,G,24,59,51,0.396,91,141,0.645,0.615,0.031
2020-21,201142,Kevin Durant,1610612751,BKN,F,32,35,35,0.337,75,140,0.536,0.623,-0.088
2020-21,203935,Marcus Smart,1610612738,BOS,G,27,48,42,0.282,83,140,0.593,0.613,-0.021
2020-21,1627736,Malik Beasley,1610612750,MIN,G,24,36,36,0.405,87,140,0.621,0.609,0.012
2020-21,1630231,KJ Martin,1610612745,HOU,F,20,45,43,0.417,71,140,0.507,0.626,-0.119
2020-21,1628998,Cody Martin,1610612766,CHA,F,25,49,43,0.381,87,140,0.621,0.607,0.014
2020-21,202692,Alec Burks,1610612752,NYK,G,29,49,45,0.32,70,139,0.504,0.603,-0.099
2020-21,1627854,Bryn Forbes,1610612749,MIL,G,27,68,54,0.332,91,137,0.664,0.613,0.051
2020-21,1629638,Nickeil Alexander-Walker,1610612740,NOP,G,22,44,37,0.373,88,136,0.647,0.617,0.03
2020-21,1630201,Malachi Flynn,1610612761,TOR,G,23,45,38,0.364,85,135,0.63,0.616,0.014
2020-21,1629014,Anfernee Simons,1610612757,POR,G,22,59,48,0.373,87,135,0.644,0.612,0.033
2020-21,1628997,Caleb Martin,1610612766,CHA,F,25,50,45,0.361,72,134,0.537,0.605,-0.067
2020-21,1629726,Garrison Mathews,1610612764,WAS,G,24,61,51,0.357,92,133,0.692,0.616,0.076
2020-21,1627752,Taurean Prince,1610612739,CLE,F,27,41,36,0.372,84,133,0.632,0.629,0.003
2020-21,203210,JaMychal Green,1610612743,DEN,F-C,31,57,52,0.358,85,133,0.639,0.62,0.019
2020-21,1629645,Kevin Porter Jr.,1610612745,HOU,G-F,21,26,26,0.411,82,132,0.621,0.63,-0.009
2020-21,1626169,Stanley Johnson,1610612761,TOR,F-G,25,57,45,0.332,80,132,0.606,0.62,-0.014
2020-21,201143,Al Horford,1610612738,BOS,C-F,35,27,26,0.322,85,131,0.649,0.634,0.015
2020-21,1629162,Jordan McLaughlin,1610612750,MIN,G,25,51,45,0.371,67,131,0.511,0.586,-0.075
2020-21,1630193,Immanuel Quickley,1610612752,NYK,G,22,63,50,0.316,74,131,0.565,0.612,-0.047
2020-21,203503,Tony Snell,1610612737,ATL,G,29,46,44,0.348,82,130,0.631,0.62,0.011
2020-21,1630168,Onyeka Okongwu,1610612737,ATL,F-C,20,48,42,0.421,81,130,0.623,0.627,-0.004
2020-21,1627823,Juancho Hernangomez,1610612750,MIN,F,25,49,42,0.418,83,130,0.638,0.627,0.012
2020-21,1629651,Nic Claxton,1610612751,BKN,F-C,22,32,30,0.366,75,126,0.595,0.612,-0.017
2020-21,101150,Lou Williams,1610612737,ATL,G,34,66,57,0.338,79,125,0.632,0.611,0.021
2020-21,1629635,Sekou Doumbouya,1610612765,DET,F,20,53,45,0.382,78,125,0.624,0.616,0.008
2020-21,1630181,R.J. Hampton,1610612753,ORL,G,20,45,40,0.396,78,125,0.624,0.608,0.016
2020-21,203476,Gorgui Dieng,1610612759,SAS,C,31,38,33,0.401,82,124,0.661,0.642,0.019
2020-21,1628408,PJ Dozier,1610612743,DEN,G-F,24,49,46,0.328,76,123,0.618,0.609,0.009
2020-21,1628392,Isaiah Hartenstein,1610612739,CLE,C-F,23,44,38,0.401,75,123,0.61,0.637,-0.027
2020-21,202355,Hassan Whiteside,1610612758,SAC,C,32,33,29,0.385,71,122,0.582,0.625,-0.043
2020-21,1627756,Denzel Valentine,1610612741,CHI,G,27,60,45,0.366,78,122,0.639,0.616,0.023
2020-21,1630217,Desmond Bane,1610612763,MEM,G,23,68,57,0.265,64,121,0.529,0.614,-0.085
2020-21,1627789,Timothe Luwawu-Cabarrot,1610612751,BKN,G-F,26,57,49,0.293,86,120,0.717,0.623,0.093
2020-21,1626166,Cameron Payne,1610612756,PHX,G,26,58,48,0.331,74,119,0.622,0.614,0.008
2020-21,202083,Wesley Matthews,1610612747,LAL,G,34,58,45,0.307,71,119,0.597,0.622,-0.025
2020-21,1628021,David Nwaba,1610612745,HOU,G-F,28,30,30,0.395,65,118,0.551,0.612,-0.061
2020-21,1629672,Eric Paschall,1610612744,GSW,F,24,40,37,0.362,65,117,0.556,0.617,-0.061
2020-21,1627777,Georges Niang,1610612762,UTA,F,28,70,45,0.297,64,116,0.552,0.608,-0.057
2020-21,203918,Rodney Hood,1610612761,TOR,G-F,28,48,42,0.412,72,115,0.626,0.615,0.011
2020-21,202357,Nemanja Bjelica,1610612748,MIA,F,33,35,34,0.445,71,114,0.623,0.625,-0.003
2020-21,1628436,Luke Kornet,1610612738,BOS,F-C,25,29,28,0.451,63,114,0.553,0.623,-0.07
2020-21,1627761,DeAndre' Bembry,1610612761,TOR,G-F,26,47,39,0.379,63,113,0.558,0.605,-0.048
2020-21,1628422,Damyean Dotson,1610612739,CLE,G,27,45,39,0.375,56,113,0.496,0.613,-0.117
2020-21,1627863,Danuel House Jr.,1610612745,HOU,F-G,28,36,32,0.371,61,112,0.545,0.609,-0.065
2020-21,201976,Patrick Beverley,1610612746,LAC,G,32,37,37,0.384,70,112,0.625,0.622,0.003
2020-21,203463,Ben McLemore,1610612747,LAL,G,28,47,42,0.407,73,112,0.652,0.614,0.037
2020-21,1629629,Cam Reddish,1610612737,ATL,F-G,21,26,26,0.363,84,111,0.757,0.614,0.143
2020-21,203118,Mike Scott,1610612755,PHI,F,32,49,41,0.374,74,111,0.667,0.61,0.057
2020-21,1628470,Torrey Craig,1610612756,PHX,F,30,47,40,0.342,65,109,0.596,0.617,-0.021
2020-21,1627788,Furkan Korkmaz,1610612755,PHI,G-F,23,54,48,0.333,74,109,0.679,0.626,0.053
2020-21,1628410,Edmond Sumner,1610612754,IND,G,25,48,41,0.404,72,109,0.661,0.618,0.043
2020-21,2772,Trevor Ariza,1610612748,MIA,F,36,28,26,0.321,71,108,0.657,0.614,0.044
2020-21,1629723,John Konchar,1610612763,MEM,G,25,43,36,0.456,64,108,0.593,0.617,-0.025
2020-21,201567,Kevin Love,1610612739,CLE,F-C,32,24,24,0.422,71,108,0.657,0.626,0.032
2020-21,1630240,Saben Lee,1610612765,DET,G,22,46,32,0.347,68,107,0.636,0.592,0.044
2020-21,203516,James Ennis III,1610612753,ORL,F,30,40,36,0.312,60,105,0.571,0.618,-0.047
2020-21,201961,Wayne Ellington,1610612765,DET,G,33,45,38,0.307,62,105,0.59,0.605,-0.015
2020-21,1627745,Damian Jones,1610612758,SAC,C,26,35,29,0.423,56,105,0.533,0.627,-0.093
2020-21,1629002,Chimezie Metu,1610612758,SAC,F-C,24,33,30,0.396,69,105,0.657,0.616,0.042
2020-21,201571,D.J. Augustin,1610612745,HOU,G,33,54,40,0.311,71,104,0.683,0.606,0.077
2020-21,1628539,Mychal Mulder,1610612744,GSW,G,27,54,44,0.347,63,104,0.606,0.604,0.002
2020-21,1629109,Gary Clark,1610612755,PHI,F,26,36,31,0.392,64,103,0.621,0.616,0.005
2020-21,203487,Michael Carter-Williams,1610612753,ORL,G,29,31,31,0.316,60,102,0.588,0.618,-0.03
2020-21,1629669,Jaylen Nowell,1610612750,MIN,G,21,41,37,0.37,55,102,0.539,0.616,-0.077
2020-21,1629642,Nassir Little,1610612757,POR,F-G,21,44,35,0.407,68,101,0.673,0.617,0.057
2020-21,1630273,Freddie Gillespie,1610612761,TOR,F,24,20,20,0.534,60,101,0.594,0.63,-0.036
2020-21,1630165,Killian Hayes,1610612765,DET,G,19,26,25,0.378,59,99,0.596,0.601,-0.005
2020-21,1629631,De'Andre Hunter,1610612737,ATL,F-G,23,23,22,0.345,48,98,0.49,0.62,-0.13
2020-21,203914,Gary Harris,1610612753,ORL,G,26,38,33,0.275,65,97,0.67,0.619,0.051
2020-21,1630178,Tyrese Maxey,1610612755,PHI,G,20,58,40,0.336,64,96,0.667,0.598,0.069
2020-21,1629673,Jordan Poole,1610612744,GSW,G,22,46,38,0.364,60,96,0.625,0.602,0.023
2020-21,1627774,Jake Layman,1610612750,MIN,F,27,43,38,0.475,61,96,0.635,0.618,0.017
2020-21,1626184,Chasson Randle,1610612753,ORL,G,28,38,33,0.296,59,95,0.621,0.591,0.03
2020-21,1628400,Semi Ojeleye,1610612738,BOS,F,26,55,43,0.288,61,95,0.642,0.626,0.017
2020-21,1628975,Jevon Carter,1610612756,PHX,G,25,57,45,0.426,69,95,0.726,0.618,0.108
2020-21,1628370,Malik Monk,1610612766,CHA,G,23,39,34,0.375,68,95,0.716,0.614,0.102
2020-21,202397,Ish Smith,1610612764,WAS,G,32,42,35,0.284,59,95,0.621,0.617,0.005
2020-21,203960,JaKarr Sampson,1610612754,IND,F,28,25,21,0.525,51,94,0.543,0.622,-0.08
2020-21,203090,Maurice Harkless,1610612758,SAC,F-G,28,35,32,0.29,56,93,0.602,0.604,-0.002
2020-21,1629685,Dylan Windler,1610612739,CLE,G-F,24,31,27,0.461,52,89,0.584,0.618,-0.034
2020-21,204020,Tyler Johnson,1610612751,BKN,G,29,37,31,0.382,55,89,0.618,0.609,0.009
2020-21,1630167,Obi Toppin,1610612752,NYK,F,23,60,48,0.321,45,87,0.517,0.632,-0.115
2020-21,1630184,Kira Lewis Jr.,1610612740,NOP,G,20,49,38,0.293,58,86,0.674,0.583,0.091
2020-21,1629740,Nicolo Melli,1610612742,DAL,F,30,41,31,0.418,49,84,0.583,0.612,-0.029
2020-21,1628382,Justin Jackson,1610612749,MIL,F,26,34,29,0.394,55,84,0.655,0.615,0.04
2020-21,1630237,Anthony Lamb,1610612745,HOU,F,23,22,19,0.441,59,83,0.711,0.611,0.1
2020-21,202335,Patrick Patterson,1610612746,LAC,F,32,37,29,0.306,52,83,0.627,0.624,0.003
2020-21,1629660,Ty Jerome,1610612760,OKC,G-F,23,33,29,0.307,59,83,0.711,0.603,0.108
2020-21,200765,Rajon Rondo,1610612746,LAC,G,35,44,35,0.303,56,83,0.675,0.605,0.07
2020-21,1630230,Naji Marshall,1610612740,NOP,F,23,27,25,0.32,47,83,0.566,0.601,-0.034
2020-21,1630174,Aaron Nesmith,1610612738,BOS,G-F,21,38,32,0.358,51,82,0.622,0.616,0.006
2020-21,202340,Avery Bradley,1610612745,HOU,G,30,27,25,0.373,57,82,0.695,0.635,0.061
2020-21,1628391,D.J. Wilson,1610612745,HOU,F,25,33,27,0.343,52,81,0.642,0.612,0.03
2020-21,1628402,Frank Jackson,1610612765,DET,G,23,35,33,0.376,43,80,0.538,0.593,-0.055
2020-21,1630205,Lamar Stevens,1610612739,CLE,F,23,37,33,0.421,49,80,0.613,0.608,0.005
2020-21,203504,Trey Burke,1610612742,DAL,G,28,56,38,0.307,44,79,0.557,0.546,0.011
2020-21,1626159,Justise Winslow,1610612763,MEM,F-G,25,26,24,0.365,44,77,0.571,0.619,-0.047
2020-21,1626143,Jahlil Okafor,1610612765,DET,C-F,25,26,21,0.395,48,77,0.623,0.623,0
2020-21,1630271,Brodric Thomas,1610612739,CLE,G,24,26,21,0.438,45,77,0.584,0.602,-0.017
2020-21,200755,JJ Redick,1610612742,DAL,G,37,43,35,0.379,55,75,0.733,0.615,0.119
2020-21,203085,Austin Rivers,1610612743,DEN,G,28,34,29,0.291,49,75,0.653,0.592,0.061
2020-21,202334,Ed Davis,1610612750,MIN,C-F,32,20,20,0.436,46,75,0.613,0.627,-0.013
2020-21,1629644,KZ Okpala,1610612748,MIA,F-G,22,33,19,0.346,48,74,0.649,0.628,0.02
2020-21,203648,Thanasis Antetokounmpo,1610612749,MIL,F,28,46,34,0.344,42,73,0.575,0.624,-0.049
2020-21,1628972,Troy Brown Jr.,1610612741,CHI,G-F,21,33,23,0.346,47,72,0.653,0.612,0.04
2020-21,1628372,Dennis Smith Jr.,1610612765,DET,G,23,23,20,0.372,42,71,0.592,0.601,-0.01
2020-21,1630192,Zeke Nnaji,1610612743,DEN,F-C,20,36,29,0.397,52,71,0.732,0.619,0.114
2020-21,201588,George Hill,1610612755,PHI,G,35,29,24,0.291,41,69,0.594,0.604,-0.009
2020-21,1626168,Trey Lyles,1610612759,SAS,F,25,22,20,0.46,36,69,0.522,0.601,-0.079
2020-21,1629677,Luka Samanic,1610612759,SAS,F,21,27,23,0.437,30,69,0.435,0.59,-0.156
2020-21,203490,Otto Porter Jr.,1610612753,ORL,F,28,27,25,0.379,50,69,0.725,0.637,0.088
2020-21,1628411,Wes Iwundu,1610612740,NOP,F,26,34,26,0.368,40,68,0.588,0.613,-0.024
2020-21,1628991,Jaren Jackson Jr.,1610612763,MEM,F-C,21,11,11,0.528,42,67,0.627,0.607,0.02
2020-21,1628990,Chandler Hutchison,1610612764,WAS,F-G,25,25,22,0.435,45,67,0.672,0.605,0.066
2020-21,1628383,Justin Patton,1610612745,HOU,C,24,13,12,0.479,38,67,0.567,0.614,-0.047
2020-21,1628385,Harry Giles III,1610612757,POR,F-C,23,35,27,0.328,40,66,0.606,0.624,-0.018
2020-21,1629164,Brandon Goodwin,1610612737,ATL,G,25,42,33,0.281,39,65,0.6,0.596,0.004
2020-21,1629076,Tyler Cook,1610612765,DET,F,23,29,19,0.417,38,63,0.603,0.623,-0.02
2020-21,1629067,Isaac Bonga,1610612764,WAS,G,21,38,27,0.341,32,62,0.516,0.602,-0.086
2020-21,1629633,Jarrett Culver,1610612750,MIN,G-F,22,33,26,0.321,38,62,0.613,0.597,0.016
2020-21,1629622,Max Strus,1610612748,MIA,G-F,25,32,28,0.291,45,60,0.75,0.628,0.122
2020-21,1629216,Gabe Vincent,1610612748,MIA,G,25,42,27,0.232,29,60,0.483,0.633,-0.15
2020-21,201569,Eric Gordon,1610612745,HOU,G,32,27,25,0.276,39,59,0.661,0.618,0.043
2020-21,1629662,Mfiondu Kabengele,1610612739,CLE,F-C,23,33,23,0.431,28,59,0.475,0.634,-0.159
2020-21,1629717,Armoni Brooks,1610612745,HOU,G,23,19,18,0.378,38,59,0.644,0.611,0.034
2020-21,1626246,Boban Marjanovic,1610612742,DAL,C,32,30,21,0.33,39,58,0.672,0.622,0.05
2020-21,1629103,Kelan Martin,1610612754,IND,F,25,26,20,0.43,30,58,0.517,0.605,-0.088
2020-21,1630198,Isaiah Joe,1610612755,PHI,G,21,34,27,0.381,39,56,0.696,0.582,0.114
2020-21,1629750,Javonte Green,1610612741,CHI,G-F,27,34,26,0.352,39,56,0.696,0.59,0.106
2020-21,1629658,Jaylen Hoard,1610612760,OKC,F,22,18,17,0.427,32,53,0.604,0.602,0.002
2020-21,1628418,Thomas Bryant,1610612764,WAS,C-F,23,10,10,0.333,34,53,0.642,0.63,0.011
2020-21,1628995,Kevin Knox II,1610612752,NYK,F,21,37,26,0.371,39,53,0.736,0.603,0.133
2020-21,202734,E'Twaun Moore,1610612756,PHX,G,32,26,22,0.347,35,52,0.673,0.606,0.067
2020-21,1630222,Mason Jones,1610612755,PHI,G,22,28,21,0.464,31,51,0.608,0.608,0
2020-21,202329,Al-Farouq Aminu,1610612741,CHI,F,30,23,22,0.338,27,50,0.54,0.624,-0.084
2020-21,1630221,Josh Hall,1610612760,OKC,F,20,19,16,0.402,31,49,0.633,0.588,0.045
2020-21,1627846,Abdel Nader,1610612756,PHX,F,27,20,20,0.405,28,49,0.571,0.587,-0.016
2020-21,1630185,Nico Mannion,1610612744,GSW,G,20,24,22,0.395,38,49,0.776,0.597,0.179
2020-21,1627853,Ryan Arcidiacono,1610612741,CHI,G,27,41,29,0.318,28,48,0.583,0.59,-0.007
2020-21,1629610,DaQuan Jeffries,1610612759,SAS,G-F,23,28,22,0.265,31,48,0.646,0.633,0.013
2020-21,1627885,Shaquille Harrison,1610612743,DEN,G,27,29,19,0.364,32,48,0.667,0.618,0.049
2020-21,1630235,Trent Forrest,1610612762,UTA,G,23,25,20,0.443,33,47,0.702,0.612,0.091
2020-21,203922,Glenn Robinson III,1610612758,SAC,F,27,21,17,0.362,30,47,0.638,0.602,0.036
2020-21,204038,Langston Galloway,1610612756,PHX,G,29,37,23,0.387,26,46,0.565,0.615,-0.05
2020-21,1629671,Miye Oni,1610612762,UTA,G-F,23,47,24,0.213,28,46,0.609,0.624,-0.016
2020-21,1629744,Matt Thomas,1610612762,UTA,G,26,36,25,0.4,37,46,0.804,0.626,0.178
2020-21,1630182,Josh Green,1610612742,DAL,G,20,32,23,0.349,34,45,0.756,0.612,0.144
2020-21,1628778,Paul Watson,1610612761,TOR,G,26,22,20,0.443,26,43,0.605,0.613,-0.008
2020-21,1629670,Jordan Nwora,1610612749,MIL,F,22,22,17,0.41,23,43,0.535,0.609,-0.074
2020-21,1629010,Jerome Robinson,1610612764,WAS,G,24,16,13,0.353,28,42,0.667,0.602,0.064
2020-21,1628966,Keita Bates-Diop,1610612759,SAS,F,25,23,17,0.438,23,42,0.548,0.64,-0.092
2020-21,1629743,Donta Hall,1610612753,ORL,C,23,11,10,0.42,19,42,0.452,0.641,-0.188
2020-21,1628035,Alfonzo McKinnie,1610612747,LAL,F,28,27,24,0.446,26,41,0.634,0.609,0.025
2020-21,1629617,Reggie Perry,1610612751,BKN,F-C,21,22,19,0.339,28,41,0.683,0.608,0.075
2020-21,1630233,Nathan Knight,1610612737,ATL,F-C,23,28,20,0.313,17,40,0.425,0.618,-0.193
2020-21,1628373,Frank Ntilikina,1610612752,NYK,G,22,24,18,0.381,26,40,0.65,0.619,0.031
2020-21,1629649,Ignas Brazdeikis,1610612753,ORL,F,22,10,10,0.422,25,38,0.658,0.599,0.059
2020-21,101141,Ersan Ilyasova,1610612762,UTA,F,34,16,12,0.447,23,38,0.605,0.581,0.025
2020-21,1630466,Gabriel Deck,1610612760,OKC,F,26,10,9,0.44,24,37,0.649,0.641,0.007
2020-21,1629117,Wenyen Gabriel,1610612740,NOP,F,24,18,15,0.366,19,37,0.514,0.59,-0.077
2020-21,203521,Matthew Dellavedova,1610612739,CLE,G,30,12,10,0.457,24,37,0.649,0.601,0.048
2020-21,203473,Dewayne Dedmon,1610612748,MIA,C,31,16,14,0.383,24,36,0.667,0.632,0.035
2020-21,1630194,Paul Reed,1610612755,PHI,F,22,21,15,0.4,19,34,0.559,0.623,-0.064
2020-21,1626188,Quinn Cook,1610612739,CLE,G,28,20,13,0.479,18,34,0.529,0.572,-0.043
2020-21,1629599,Amir Coffey,1610612746,LAC,G-F,24,28,18,0.318,19,34,0.559,0.605,-0.046
2020-21,1629713,Justin James,1610612758,SAC,G-F,24,26,18,0.296,17,34,0.5,0.601,-0.101
2020-21,1628455,Mike James,1610612751,BKN,G,30,12,11,0.407,22,33,0.667,0.607,0.06
2020-21,1628981,Bruno Fernando,1610612737,ATL,F-C,22,28,20,0.266,22,33,0.667,0.626,0.041
2020-21,1629751,Dakota Mathias,1610612755,PHI,G,25,7,6,0.471,17,33,0.515,0.606,-0.09
2020-21,1629605,Tacko Fall,1610612738,BOS,C,25,17,14,0.326,15,31,0.484,0.602,-0.118
2020-21,1630210,Markus Howard,1610612743,DEN,G,22,27,17,0.38,23,30,0.767,0.627,0.14
2020-21,1630219,Skylar Mays,1610612737,ATL,G,23,27,17,0.353,17,30,0.567,0.589,-0.022
2020-21,1629641,Romeo Langford,1610612738,BOS,G-F,21,17,12,0.294,13,30,0.433,0.615,-0.181
2020-21,1630200,Tre Jones,1610612759,SAS,G,21,29,20,0.333,20,29,0.69,0.594,0.096
2020-21,203953,Jabari Parker,1610612738,BOS,F,26,12,12,0.418,16,28,0.571,0.613,-0.042
2020-21,1630187,Daniel Oturu,1610612746,LAC,C,21,19,14,0.364,14,28,0.5,0.573,-0.073
2020-21,1628427,Vlatko Cancar,1610612743,DEN,F,24,31,17,0.245,22,26,0.846,0.632,0.214
2020-21,1629657,Kyle Guy,1610612758,SAC,G,23,25,18,0.338,19,26,0.731,0.61,0.121
2020-21,1628414,Sindarius Thornwell,1610612753,ORL,G,26,16,11,0.347,18,26,0.692,0.609,0.084
2020-21,1629718,Charlie Brown Jr.,1610612760,OKC,G,24,9,9,0.464,18,26,0.692,0.609,0.084
2020-21,1628419,Cameron Oliver,1610612745,HOU,F,24,4,4,0.543,19,25,0.76,0.591,0.169
2020-21,1630264,Anthony Gill,1610612764,WAS,F,28,19,14,0.305,12,25,0.48,0.589,-0.109
2020-21,1630253,Sean McDermott,1610612763,MEM,F,24,13,10,0.352,19,25,0.76,0.606,0.154
2020-21,1629626,Bol Bol,1610612743,DEN,C-F,21,24,15,0.385,17,25,0.68,0.629,0.051
2020-21,1629682,Tremont Waters,1610612738,BOS,G,23,21,10,0.324,13,24,0.542,0.593,-0.051
2020-21,1629346,Alen Smailagic,1610612744,GSW,F,20,9,7,0.48,14,24,0.583,0.598,-0.015
2020-21,1630188,Jalen Smith,1610612756,PHX,F-C,21,19,8,0.338,18,24,0.75,0.627,0.123
2020-21,203585,Rodney McGruder,1610612765,DET,G,29,14,10,0.381,14,24,0.583,0.626,-0.042
2020-21,1629714,Jarrell Brantley,1610612762,UTA,F,25,20,15,0.479,14,23,0.609,0.589,0.02
2020-21,1629185,Chris Chiozza,1610612751,BKN,G,25,20,13,0.25,18,23,0.783,0.575,0.208
2020-21,203121,Darius Miller,1610612760,OKC,F,31,15,11,0.338,11,22,0.5,0.626,-0.126
2020-21,1629066,Rodions Kurucs,1610612749,MIL,F,23,15,11,0.431,12,22,0.545,0.648,-0.102
2020-21,1629735,Chris Silva,1610612758,SAC,F,24,9,8,0.431,11,22,0.5,0.621,-0.121
2020-21,1628365,Markelle Fultz,1610612753,ORL,G,23,8,8,0.333,16,22,0.727,0.603,0.124
2020-21,1629035,Carsen Edwards,1610612738,BOS,G,23,25,14,0.262,15,22,0.682,0.629,0.053
2020-21,1630223,Jalen Harris,1610612761,TOR,G,22,13,7,0.339,14,21,0.667,0.637,0.029
2020-21,203957,Dante Exum,1610612745,HOU,G,25,5,5,0.447,10,21,0.476,0.602,-0.126
2020-21,1629017,Khyri Thomas,1610612745,HOU,G,25,5,5,0.339,12,21,0.571,0.605,-0.033
2020-21,1630241,Sam Merrill,1610612749,MIL,G,25,22,13,0.273,12,21,0.571,0.62,-0.048
2020-21,1630176,Vernon Carey Jr.,1610612766,CHA,F-C,20,17,9,0.429,10,21,0.476,0.611,-0.135
2020-21,1629604,CJ Elleby,1610612757,POR,F-G,21,22,15,0.333,7,20,0.35,0.585,-0.235
2020-21,1629603,Mamadi Diakite,1610612749,MIL,F,24,12,8,0.339,8,20,0.4,0.613,-0.213
2020-21,1629648,Jordan Bone,1610612753,ORL,G,23,11,8,0.444,11,20,0.55,0.594,-0.044
2020-21,1629752,Juwan Morgan,1610612762,UTA,F,24,18,10,0.339,10,20,0.5,0.636,-0.136
2020-21,1629686,Deividas Sirvydis,1610612765,DET,F-G,21,16,7,0.373,13,19,0.684,0.606,0.078
2020-21,1630189,Tyler Bey,1610612742,DAL,F,23,15,12,0.422,14,19,0.737,0.597,0.14
2020-21,1628395,Jordan Bell,1610612744,GSW,F,26,5,4,0.452,11,19,0.579,0.622,-0.043
2020-21,2760,Anderson Varejao,1610612739,CLE,F,38,5,5,0.621,11,18,0.611,0.61,0.002
2020-21,1628993,Alize Johnson,1610612751,BKN,F,25,14,11,0.269,12,18,0.667,0.59,0.076
2020-21,1627748,Thon Maker,1610612739,CLE,F-C,24,8,7,0.391,12,18,0.667,0.606,0.061
2020-21,203998,Bruno Caboclo,1610612745,HOU,F,25,5,5,0.654,9,17,0.529,0.617,-0.087
2020-21,203933,T.J. Warren,1610612754,IND,F,27,4,4,0.548,11,17,0.647,0.636,0.011
2020-21,1629719,Devontae Cacok,1610612747,LAL,F,24,18,10,0.356,9,16,0.563,0.564,-0.001
2020-21,1629683,Quinndary Weatherspoon,1610612759,SAS,G,24,14,10,0.32,12,16,0.75,0.545,0.205
2020-21,1629663,Louis King,1610612758,SAC,F,22,6,5,0.471,9,16,0.563,0.58,-0.018
2020-21,1630211,Karim Mane,1610612753,ORL,G,21,9,7,0.441,11,15,0.733,0.603,0.131
2020-21,1630186,Jahmi'us Ramsey,1610612758,SAC,G,20,11,8,0.441,7,15,0.467,0.619,-0.152
2020-21,1629007,Jontay Porter,1610612763,MEM,C-F,21,5,5,0.556,10,15,0.667,0.655,0.012
2020-21,1630207,Nate Hinton,1610612742,DAL,G-F,22,15,12,0.6,11,15,0.733,0.608,0.125
2020-21,1626178,Rondae Hollis-Jefferson,1610612757,POR,F,26,10,7,0.429,8,15,0.533,0.599,-0.065
2020-21,1629725,Jeremiah Martin,1610612739,CLE,G,25,8,8,0.5,9,15,0.6,0.533,0.067
2020-21,1629606,Robert Franks,1610612753,ORL,F,24,5,5,0.452,8,14,0.571,0.63,-0.058
2020-21,1630216,Cassius Winston,1610612764,WAS,G,23,11,7,0.394,7,13,0.538,0.563,-0.025
2020-21,1627812,Yogi Ferrell,1610612746,LAC,G,28,9,5,0.302,9,13,0.692,0.624,0.068
2020-21,1630208,Nick Richards,1610612766,CHA,C,23,11,8,0.406,8,13,0.615,0.595,0.021
2020-21,203658,Norvel Pelle,1610612752,NYK,C,28,8,6,0.333,6,12,0.5,0.646,-0.146
2020-21,1628578,Amida Brimah,1610612754,IND,C,27,5,5,0.706,7,12,0.583,0.643,-0.059
2020-21,1630234,Ty-Shon Alexander,1610612756,PHX,G,22,8,6,0.571,5,12,0.417,0.619,-0.202
2020-21,1630206,Jay Scrubb,1610612746,LAC,G,20,4,2,0.4,9,12,0.75,0.597,0.153
2020-21,1628961,Kostas Antetokounmpo,1610612747,LAL,F,23,11,4,0.444,6,12,0.5,0.587,-0.087
2020-21,201229,Anthony Tolliver,1610612755,PHI,F,36,8,4,0.343,7,12,0.583,0.615,-0.032
2020-21,1629681,Killian Tillie,1610612763,MEM,F-C,23,14,6,0.203,7,12,0.583,0.693,-0.11
2020-21,201162,Jared Dudley,1610612747,LAL,F,35,11,7,0.343,5,12,0.417,0.646,-0.229
2020-21,1630199,Cassius Stanley,1610612754,IND,G,21,16,7,0.344,6,11,0.545,0.617,-0.072
2020-21,204025,Tim Frazier,1610612763,MEM,G,30,4,4,0.55,5,11,0.455,0.585,-0.13
2020-21,1629620,Justin Robinson,1610612760,OKC,G,23,7,4,0.345,7,10,0.7,0.576,0.124
2020-21,1629738,Vincent Poirier,1610612755,PHI,C-F,27,8,7,0.417,6,10,0.6,0.544,0.056
2020-21,1629244,Cam Reynolds,1610612745,HOU,F,26,3,2,0.588,4,10,0.4,0.607,-0.207
2020-21,1626245,Cristiano Felicio,1610612741,CHI,F-C,28,13,8,0.256,5,10,0.5,0.606,-0.106
2020-21,203460,Andre Roberson,1610612751,BKN,G-F,29,5,4,0.36,5,9,0.556,0.619,-0.064
2020-21,1629712,Didi Louzada,1610612740,NOP,G,21,3,2,0.286,6,8,0.75,0.603,0.147
2020-21,203915,Spencer Dinwiddie,1610612751,BKN,G,28,3,3,0.267,5,8,0.625,0.622,0.003
2020-21,1629962,Devin Cannady,1610612753,ORL,G,25,4,3,0.533,4,8,0.5,0.634,-0.134
2020-21,1630190,Elijah Hughes,1610612762,UTA,G,23,12,7,0.4,4,8,0.5,0.598,-0.098
2020-21,1627737,Marquese Chriss,1610612744,GSW,F,23,2,2,0.444,5,8,0.625,0.599,0.026
2020-21,1628962,Udoka Azubuike,1610612762,UTA,C-F,21,12,6,0.25,6,8,0.75,0.595,0.155
2020-21,1630218,Robert Woodard II,1610612758,SAC,F,21,7,6,0.875,3,7,0.429,0.648,-0.219
2020-21,1627780,Gary Payton II,1610612744,GSW,G,28,7,2,0.389,4,7,0.571,0.59,-0.019
2020-21,1629091,Elijah Bryant,1610612749,MIL,G,26,1,1,0.778,6,7,0.857,0.704,0.153
2020-21,1629033,Theo Pinson,1610612752,NYK,G-F,25,12,6,0.375,4,6,0.667,0.57,0.097
2020-21,1629034,Ray Spalding,1610612745,HOU,F,24,2,2,0.462,3,6,0.5,0.626,-0.126
2020-21,1627740,Henry Ellenson,1610612761,TOR,F-C,24,2,2,0.316,5,6,0.833,0.593,0.24
2020-21,1628388,T.J. Leaf,1610612757,POR,F,24,7,5,0.353,2,6,0.333,0.613,-0.279
2020-21,1630179,Tyrell Terry,1610612742,DAL,G,20,8,5,0.429,3,6,0.5,0.63,-0.13
2020-21,1626253,Axel Toupane,1610612749,MIL,G-F,28,5,3,0.24,3,6,0.5,0.48,0.02
2020-21,1629730,Rayjon Tucker,1610612755,PHI,G,23,10,5,0.25,5,6,0.833,0.582,0.251
2020-21,1627739,Kris Dunn,1610612737,ATL,G,27,4,3,0.273,5,6,0.833,0.64,0.194
2020-21,1628390,Terrance Ferguson,1610612755,PHI,G,23,6,4,0.5,4,5,0.8,0.607,0.193
2020-21,1629833,Keljin Blevins,1610612757,POR,G,25,14,5,0.278,3,5,0.6,0.628,-0.028
2020-21,1629690,Adam Mokoka,1610612741,CHI,G,22,6,5,0.455,3,5,0.6,0.642,-0.042
2020-21,1628412,Frank Mason III,1610612753,ORL,G,27,4,2,0.129,4,4,1,0.688,0.312
2020-21,202738,Isaiah Thomas,1610612740,NOP,G,32,3,1,0.235,2,4,0.5,0.572,-0.072
2020-21,203086,Meyers Leonard,1610612748,MIA,F-C,29,3,2,0.333,3,4,0.75,0.637,0.113
2020-21,1630268,Nate Darling,1610612766,CHA,G,22,4,2,0.375,2,3,0.667,0.588,0.078
2020-21,1629653,Devon Dotson,1610612741,CHI,G,21,7,2,0.176,0,3,0,0.653,-0.653
2020-21,1628394,Anžejs Pasečņiks,1610612764,WAS,C-F,25,1,1,0.5,3,3,1,0.578,0.422
2020-21,1627775,Patrick McCaw,1610612761,TOR,G,25,5,3,0.273,2,3,0.667,0.628,0.039
2020-21,203263,James Nunnally,1610612740,NOP,F,30,4,3,0.429,3,3,1,0.573,0.427
2020-21,202697,Iman Shumpert,1610612751,BKN,G,31,2,2,0.75,1,3,0.333,0.629,-0.296
2020-21,1629665,Jalen Lecque,1610612754,IND,G,21,4,3,0.5,1,3,0.333,0.638,-0.304
2020-21,1630203,Grant Riller,1610612766,CHA,G,24,5,2,0.333,2,2,1,0.591,0.409
2020-21,203943,Noah Vonleh,1610612751,BKN,F,25,4,2,0.25,2,2,1,0.562,0.439
2020-21,1628968,Brian Bowen II,1610612754,IND,F-G,22,1,1,1,1,2,0.5,0.495,0.005
2020-21,1629607,Jared Harper,1610612752,NYK,G,23,4,2,0.333,2,2,1,0.665,0.335
2020-21,1629121,Jaylen Adams,1610612749,MIL,G,25,2,2,0.5,2,2,1,0.591,0.41
2020-21,1630238,Malik Fitts,1610612746,LAC,F,23,1,1,0.25,1,1,1,0.711,0.289
2021-22,203999,Nikola Jokić,1610612743,DEN,C,27,74,74,0.395,383,623,0.615,0.641,-0.026
2021-22,202696,Nikola Vučević,1610612741,CHI,C,31,73,73,0.422,391,616,0.635,0.64,-0.005
2021-22,1627751,Jakob Poeltl,1610612759,SAS,C,26,68,68,0.443,322,583,0.552,0.637,-0.085
2021-22,203954,Joel Embiid,1610612755,PHI,C-F,28,68,68,0.435,325,565,0.575,0.641,-0.066
2021-22,1630596,Evan Mobley,1610612739,CLE,C,21,69,68,0.468,298,562,0.53,0.636,-0.105
2021-22,1630567,Scottie Barnes,1610612761,TOR,F,20,74,74,0.417,297,499,0.595,0.629,-0.034
2021-22,203497,Rudy Gobert,1610612762,UTA,C,30,66,66,0.344,239,472,0.506,0.638,-0.131
2021-22,1627741,Buddy Hield,1610612754,IND,G,29,81,80,0.436,300,460,0.652,0.628,0.024
2021-22,203486,Mason Plumlee,1610612766,CHA,F-C,32,73,72,0.44,276,455,0.607,0.647,-0.04
2021-22,1627783,Pascal Siakam,1610612761,TOR,F,28,68,67,0.401,257,446,0.576,0.626,-0.05
2021-22,1628970,Miles Bridges,1610612766,CHA,F,24,80,80,0.351,270,442,0.611,0.637,-0.026
2021-22,203500,Steven Adams,1610612763,MEM,C,28,76,75,0.413,266,440,0.605,0.644,-0.04
2021-22,1627826,Ivica Zubac,1610612746,LAC,C,25,76,76,0.357,246,434,0.567,0.644,-0.077
2021-22,203991,Clint Capela,1610612737,ATL,C,28,74,74,0.402,255,420,0.607,0.648,-0.041
2021-22,202685,Jonas Valanciunas,1610612740,NOP,C,30,74,74,0.342,269,416,0.647,0.652,-0.005
2021-22,1626157,Karl-Anthony Towns,1610612750,MIN,C-F,26,74,73,0.373,252,411,0.613,0.644,-0.031
2021-22,1630578,Alperen Sengun,1610612745,HOU,C,19,72,71,0.466,251,409,0.614,0.633,-0.019
2021-22,1627749,Dejounte Murray,1610612759,SAS,G,25,68,68,0.467,247,409,0.604,0.631,-0.028
2021-22,1627734,Domantas Sabonis,1610612758,SAC,F-C,26,62,62,0.416,251,405,0.62,0.639,-0.019
2021-22,203939,Dwight Powell,1610612742,DAL,F-C,30,82,80,0.425,256,403,0.635,0.638,-0.003
2021-22,1628964,Mo Bamba,1610612753,ORL,C,24,71,69,0.395,232,402,0.577,0.638,-0.061
2021-22,1628991,Jaren Jackson Jr.,1610612763,MEM,F-C,22,78,78,0.417,199,399,0.499,0.641,-0.143
2021-22,1629655,Daniel Gafford,1610612764,WAS,F-C,23,72,70,0.461,221,399,0.554,0.638,-0.084
2021-22,1628386,Jarrett Allen,1610612739,CLE,C,24,56,56,0.448,192,396,0.485,0.638,-0.153
2021-22,1630595,Cade Cunningham,1610612765,DET,G,20,64,64,0.42,231,391,0.591,0.641,-0.051
2021-22,1630166,Deni Avdija,1610612764,WAS,F,21,81,80,0.391,222,391,0.568,0.628,-0.06
2021-22,1629647,Darius Bazley,1610612760,OKC,F,22,69,68,0.386,248,381,0.651,0.642,0.009
2021-22,1626174,Christian Wood,1610612745,HOU,F,26,68,68,0.338,229,376,0.609,0.636,-0.027
2021-22,1628401,Derrick White,1610612738,BOS,G,27,75,73,0.395,209,372,0.562,0.634,-0.073
2021-22,1628969,Mikal Bridges,1610612756,PHX,F,25,82,82,0.36,236,371,0.636,0.625,0.011
2021-22,203952,Andrew Wiggins,1610612744,GSW,F,27,73,72,0.357,218,368,0.592,0.636,-0.044
2021-22,1630169,Tyrese Haliburton,1610612754,IND,G,22,77,76,0.397,257,368,0.698,0.619,0.079
2021-22,1630191,Isaiah Stewart,1610612765,DET,F-C,21,71,69,0.359,195,367,0.531,0.644,-0.113
2021-22,1627832,Fred VanVleet,1610612761,TOR,G,28,65,65,0.396,210,366,0.574,0.62,-0.046
2021-22,1626171,Bobby Portis Jr.,1610612749,MIL,F,27,72,71,0.377,213,366,0.582,0.642,-0.06
2021-22,1628374,Lauri Markkanen,1610612739,CLE,F-C,25,61,61,0.439,225,363,0.62,0.63,-0.01
2021-22,1627827,Dorian Finney-Smith,1610612742,DAL,F,29,80,80,0.328,217,361,0.601,0.633,-0.032
2021-22,1628392,Isaiah Hartenstein,1610612746,LAC,C-F,24,68,68,0.423,189,359,0.526,0.629,-0.103
2021-22,1629029,Luka Dončić,1610612742,DAL,F-G,23,65,65,0.396,225,359,0.627,0.63,-0.004
2021-22,1630173,Precious Achiuwa,1610612761,TOR,F,22,73,70,0.429,196,359,0.546,0.636,-0.09
2021-22,1626172,Kevon Looney,1610612744,GSW,F,26,82,80,0.35,201,349,0.576,0.638,-0.062
2021-22,1630162,Anthony Edwards,1610612750,MIN,G,20,72,68,0.377,218,349,0.625,0.635,-0.011
2021-22,1629640,Keldon Johnson,1610612759,SAS,F-G,22,75,74,0.382,196,347,0.565,0.631,-0.066
2021-22,203507,Giannis Antetokounmpo,1610612749,MIL,F,27,67,67,0.371,182,344,0.529,0.642,-0.112
2021-22,1628398,Kyle Kuzma,1610612764,WAS,F,26,66,65,0.421,195,343,0.569,0.622,-0.053
2021-22,1628369,Jayson Tatum,1610612738,BOS,F-G,24,76,75,0.379,192,343,0.56,0.625,-0.066
2021-22,1626220,Royce O'Neale,1610612762,UTA,F,29,77,75,0.351,206,342,0.602,0.628,-0.026
2021-22,202704,Reggie Jackson,1610612746,LAC,G,32,75,75,0.343,196,342,0.573,0.626,-0.053
2021-22,201935,James Harden,1610612755,PHI,G,32,65,65,0.386,213,340,0.626,0.633,-0.006
2021-22,203084,Harrison Barnes,1610612758,SAC,F,30,77,76,0.376,218,338,0.645,0.639,0.006
2021-22,202699,Tobias Harris,1610612755,PHI,F,29,73,72,0.376,228,338,0.675,0.628,0.046
2021-22,201143,Al Horford,1610612738,BOS,C-F,36,69,66,0.32,182,332,0.548,0.631,-0.083
2021-22,1626156,D'Angelo Russell,1610612750,MIN,G,26,65,65,0.377,215,331,0.65,0.629,0.021
2021-22,203994,Jusuf Nurkić,1610612757,POR,C,27,56,56,0.428,211,331,0.637,0.645,-0.007
2021-22,1626179,Terry Rozier,1610612766,CHA,G,28,73,72,0.368,217,331,0.656,0.629,0.027
2021-22,1628370,Malik Monk,1610612747,LAL,G,24,76,74,0.401,219,330,0.664,0.63,0.033
2021-22,1629611,Terance Mann,1610612746,LAC,G-F,25,81,81,0.402,193,330,0.585,0.622,-0.037
2021-22,1629628,RJ Barrett,1610612752,NYK,F-G,22,70,70,0.33,213,329,0.647,0.633,0.014
2021-22,1628976,Wendell Carter Jr.,1610612753,ORL,C-F,23,62,61,0.36,174,328,0.53,0.643,-0.113
2021-22,1626164,Devin Booker,1610612756,PHX,G,25,68,67,0.349,188,327,0.575,0.628,-0.053
2021-22,203496,Robert Covington,1610612746,LAC,F,31,71,69,0.388,193,324,0.596,0.635,-0.039
2021-22,1629028,Deandre Ayton,1610612756,PHX,C,23,58,57,0.343,188,324,0.58,0.638,-0.058
2021-22,201942,DeMar DeRozan,1610612741,CHI,G-F,32,76,74,0.423,209,322,0.649,0.631,0.018
2021-22,203944,Julius Randle,1610612752,NYK,F-C,27,72,71,0.34,188,321,0.586,0.642,-0.057
2021-22,1629001,De'Anthony Melton,1610612763,MEM,G,24,73,71,0.466,206,319,0.646,0.628,0.018
2021-22,1629023,P.J. Washington,1610612766,CHA,F,23,65,64,0.399,198,317,0.625,0.636,-0.012
2021-22,1629645,Kevin Porter Jr.,1610612745,HOU,G-F,22,61,61,0.426,223,317,0.703,0.631,0.072
2021-22,203932,Aaron Gordon,1610612743,DEN,F,26,75,73,0.358,190,315,0.603,0.628,-0.024
2021-22,1630256,Jae'Sean Tate,1610612745,HOU,F,26,78,75,0.348,188,312,0.603,0.633,-0.03
2021-22,202357,Nemanja Bjelica,1610612744,GSW,F,34,71,69,0.421,194,312,0.622,0.626,-0.004
2021-22,1626168,Trey Lyles,1610612758,SAC,F,26,73,66,0.446,198,311,0.637,0.635,0.002
2021-22,1630163,LaMelo Ball,1610612766,CHA,G,20,75,73,0.387,193,311,0.621,0.632,-0.011
2021-22,1630245,Ayo Dosunmu,1610612741,CHI,G,22,77,74,0.422,192,310,0.619,0.613,0.006
2021-22,204001,Kristaps Porziņģis,1610612764,WAS,F-C,26,51,50,0.418,177,310,0.571,0.639,-0.068
2021-22,203083,Andre Drummond,1610612751,BKN,C,28,73,71,0.394,184,309,0.595,0.642,-0.047
2021-22,1630532,Franz Wagner,1610612753,ORL,F,20,77,74,0.337,168,308,0.545,0.63,-0.085
2021-22,201580,JaVale McGee,1610612756,PHX,C-F,34,74,73,0.403,159,307,0.518,0.627,-0.109
2021-22,1630224,Jalen Green,1610612745,HOU,G,20,67,65,0.441,211,306,0.69,0.641,0.049
2021-22,201566,Russell Westbrook,1610612747,LAL,G,33,78,74,0.36,204,300,0.68,0.631,0.049
2021-22,1629020,Jarred Vanderbilt,1610612750,MIN,F,23,74,73,0.404,178,297,0.599,0.648,-0.049
2021-22,1628449,Chris Boucher,1610612761,TOR,F-C,29,80,74,0.419,177,297,0.596,0.634,-0.038
2021-22,1629011,Mitchell Robinson,1610612752,NYK,C-F,24,72,70,0.354,160,297,0.539,0.639,-0.1
2021-22,1628368,De'Aaron Fox,1610612758,SAC,G,24,59,59,0.358,197,296,0.666,0.619,0.047
2021-22,1628983,Shai Gilgeous-Alexander,1610612760,OKC,G,23,56,55,0.376,178,296,0.601,0.633,-0.031
2021-22,1630529,Herbert Jones,1610612740,NOP,F,23,78,76,0.319,179,295,0.607,0.634,-0.027
2021-22,1628381,John Collins,1610612737,ATL,F-C,24,54,54,0.378,177,292,0.606,0.641,-0.035
2021-22,1630581,Josh Giddey,1610612760,OKC,G,19,54,53,0.444,173,292,0.592,0.631,-0.038
2021-22,202355,Hassan Whiteside,1610612762,UTA,C,33,65,64,0.389,170,291,0.584,0.639,-0.055
2021-22,1628989,Kevin Huerter,1610612737,ATL,G-F,23,74,70,0.348,188,291,0.646,0.617,0.029
2021-22,1630178,Tyrese Maxey,1610612755,PHI,G,21,75,70,0.32,174,290,0.6,0.614,-0.014
2021-22,1626162,Kelly Oubre Jr.,1610612766,CHA,F-G,26,76,74,0.39,184,290,0.634,0.632,0.003
2021-22,1630170,Devin Vassell,1610612759,SAS,G-F,21,71,70,0.447,172,290,0.593,0.625,-0.032
2021-22,1629675,Naz Reid,1610612750,MIN,C-F,22,77,71,0.459,155,289,0.536,0.64,-0.103
2021-22,1629234,Drew Eubanks,1610612757,POR,F-C,25,70,63,0.422,177,288,0.615,0.631,-0.016
2021-22,201567,Kevin Love,1610612739,CLE,F-C,33,74,72,0.386,161,287,0.561,0.63,-0.069
2021-22,1629684,Grant Williams,1610612738,BOS,F,23,77,72,0.332,177,287,0.617,0.629,-0.013
2021-22,1626167,Myles Turner,1610612754,IND,C-F,26,42,41,0.482,158,284,0.556,0.647,-0.09
2021-22,1628971,Bruce Brown,1610612751,BKN,G-F,25,72,71,0.364,161,284,0.567,0.634,-0.068
2021-22,1629630,Ja Morant,1610612763,MEM,G,22,57,57,0.403,155,284,0.546,0.629,-0.084
2021-22,203095,Evan Fournier,1610612752,NYK,G-F,29,80,76,0.356,188,283,0.664,0.624,0.04
2021-22,1630217,Desmond Bane,1610612763,MEM,G,24,76,75,0.31,165,283,0.583,0.63,-0.047
2021-22,1630183,Jaden McDaniels,1610612750,MIN,F,21,70,67,0.361,145,283,0.512,0.632,-0.119
2021-22,203076,Anthony Davis,1610612747,LAL,F-C,29,40,40,0.413,159,281,0.566,0.635,-0.069
2021-22,1629052,Oshae Brissett,1610612754,IND,F-G,24,67,63,0.452,183,280,0.654,0.634,0.019
2021-22,203115,Will Barton,1610612743,DEN,G,31,71,70,0.373,183,279,0.656,0.631,0.025
2021-22,1627759,Jaylen Brown,1610612738,BOS,G-F,25,66,62,0.343,172,279,0.616,0.629,-0.013
2021-22,1629639,Tyler Herro,1610612748,MIA,G,22,66,65,0.357,171,277,0.617,0.619,-0.002
2021-22,203484,Kentavious Caldwell-Pope,1610612764,WAS,G,29,77,76,0.376,180,274,0.657,0.628,0.029
2021-22,201950,Jrue Holiday,1610612749,MIL,G,32,66,64,0.289,165,274,0.602,0.622,-0.02
2021-22,203114,Khris Middleton,1610612749,MIL,F,30,66,64,0.329,173,274,0.631,0.634,-0.002
2021-22,1629643,Chuma Okeke,1610612753,ORL,F,23,70,69,0.403,172,272,0.632,0.629,0.003
2021-22,202692,Alec Burks,1610612752,NYK,G,30,81,76,0.312,180,271,0.664,0.636,0.028
2021-22,203200,Justin Holiday,1610612758,SAC,F-G,33,74,72,0.375,180,271,0.664,0.627,0.037
2021-22,1629027,Trae Young,1610612737,ATL,G,23,76,71,0.322,181,270,0.67,0.622,0.049
2021-22,201145,Jeff Green,1610612743,DEN,F,35,75,72,0.339,176,270,0.652,0.634,0.018
2021-22,203109,Jae Crowder,1610612756,PHX,F,31,67,64,0.344,175,268,0.653,0.631,0.022
2021-22,2544,LeBron James,1610612747,LAL,F,37,56,55,0.371,145,267,0.543,0.63,-0.087
2021-22,2546,Carmelo Anthony,1610612747,LAL,F,38,69,65,0.377,172,266,0.647,0.632,0.015
2021-22,1629726,Garrison Mathews,1610612745,HOU,G,25,65,62,0.4,159,265,0.6,0.625,-0.025
2021-22,1629636,Darius Garland,1610612739,CLE,G,22,68,66,0.345,176,265,0.664,0.614,0.05
2021-22,201142,Kevin Durant,1610612751,BKN,F,33,55,55,0.337,145,264,0.549,0.632,-0.083
2021-22,203468,CJ McCollum,1610612740,NOP,G,30,62,60,0.316,168,261,0.644,0.631,0.013
2021-22,200768,Kyle Lowry,1610612748,MIA,G,36,63,60,0.342,171,259,0.66,0.625,0.035
2021-22,1630559,Austin Reaves,1610612747,LAL,G,24,61,58,0.374,160,259,0.618,0.611,0.006
2021-22,1630180,Saddiq Bey,1610612765,DET,F,23,82,79,0.376,154,257,0.599,0.636,-0.037
2021-22,202709,Cory Joseph,1610612765,DET,G,30,65,63,0.414,158,256,0.617,0.627,-0.01
2021-22,1628379,Luke Kennard,1610612746,LAC,G,26,70,68,0.43,151,256,0.59,0.622,-0.032
2021-22,1628467,Maxi Kleber,1610612742,DAL,F,30,59,58,0.374,144,256,0.563,0.628,-0.065
2021-22,1629632,Coby White,1610612741,CHI,G,22,61,60,0.387,159,253,0.628,0.623,0.005
2021-22,1627777,Georges Niang,1610612755,PHI,F,29,76,71,0.353,152,252,0.603,0.635,-0.032
2021-22,203992,Bogdan Bogdanović,1610612737,ATL,G,29,63,61,0.334,164,252,0.651,0.627,0.023
2021-22,1628389,Bam Adebayo,1610612748,MIA,C-F,24,56,55,0.359,154,251,0.614,0.643,-0.029
2021-22,1626149,Montrezl Harrell,1610612766,CHA,F-C,28,71,67,0.31,164,251,0.653,0.646,0.008
2021-22,1628998,Cody Martin,1610612766,CHA,F,26,71,66,0.341,158,251,0.629,0.63,0
2021-22,1628470,Torrey Craig,1610612756,PHX,F,31,78,67,0.366,152,250,0.608,0.627,-0.019
2021-22,1630165,Killian Hayes,1610612765,DET,G,20,66,63,0.37,154,247,0.623,0.621,0.003
2021-22,203493,Reggie Bullock Jr.,1610612742,DAL,G-F,31,68,65,0.397,160,247,0.648,0.625,0.023
2021-22,1628404,Josh Hart,1610612757,POR,G,27,54,53,0.328,164,246,0.667,0.636,0.03
2021-22,1629057,Robert Williams III,1610612738,BOS,C-F,24,61,58,0.298,127,245,0.518,0.631,-0.112
2021-22,1630537,Chris Duarte,1610612754,IND,G,25,55,54,0.39,147,244,0.602,0.628,-0.025
2021-22,201587,Nicolas Batum,1610612746,LAC,G-F,33,59,54,0.477,147,244,0.602,0.641,-0.039
2021-22,201988,Patty Mills,1610612751,BKN,G,33,81,76,0.337,161,244,0.66,0.626,0.034
2021-22,1630197,Aleksej Pokusevski,1610612760,OKC,F,20,61,57,0.412,147,242,0.607,0.641,-0.033
2021-22,1628973,Jalen Brunson,1610612742,DAL,G,25,79,75,0.307,164,242,0.678,0.623,0.055
2021-22,1630526,Jeremiah Robinson-Earl,1610612760,OKC,F,21,49,47,0.428,143,242,0.591,0.644,-0.053
2021-22,1630175,Cole Anthony,1610612753,ORL,G,22,64,64,0.323,152,241,0.631,0.627,0.004
2021-22,203471,Dennis Schröder,1610612745,HOU,G,28,64,62,0.38,146,240,0.608,0.618,-0.01
2021-22,1628420,Monte Morris,1610612743,DEN,G,27,75,73,0.347,160,240,0.667,0.621,0.046
2021-22,1629018,Gary Trent Jr.,1610612761,TOR,G-F,23,70,65,0.357,160,239,0.669,0.622,0.048
2021-22,203937,Kyle Anderson,1610612763,MEM,F-G,28,69,66,0.425,140,239,0.586,0.637,-0.051
2021-22,1630558,Davion Mitchell,1610612758,SAC,G,23,75,70,0.31,145,238,0.609,0.622,-0.013
2021-22,200782,P.J. Tucker,1610612748,MIA,F,37,71,68,0.282,147,237,0.62,0.626,-0.006
2021-22,1629676,Isaiah Roby,1610612760,OKC,F,24,45,43,0.489,149,237,0.629,0.647,-0.018
2021-22,203897,Zach LaVine,1610612741,CHI,G-F,27,67,64,0.304,147,237,0.62,0.627,-0.006
2021-22,203903,Jordan Clarkson,1610612762,UTA,G,30,79,75,0.326,146,235,0.621,0.618,0.003
2021-22,201939,Stephen Curry,1610612744,GSW,G,34,64,62,0.344,144,235,0.613,0.631,-0.019
2021-22,1627745,Damian Jones,1610612758,SAC,C,27,53,51,0.401,138,233,0.592,0.635,-0.043
2021-22,1626192,Pat Connaughton,1610612749,MIL,G,29,65,64,0.309,152,232,0.655,0.631,0.024
2021-22,1629130,Duncan Robinson,1610612748,MIA,F,28,79,75,0.324,149,232,0.642,0.631,0.012
2021-22,1630171,Isaac Okoro,1610612739,CLE,F-G,21,67,63,0.344,142,230,0.617,0.614,0.003
2021-22,1629723,John Konchar,1610612763,MEM,G,26,72,62,0.433,138,230,0.6,0.627,-0.027
2021-22,1630193,Immanuel Quickley,1610612752,NYK,G,23,78,68,0.337,128,230,0.557,0.607,-0.051
2021-22,101108,Chris Paul,1610612756,PHX,G,37,65,60,0.361,150,229,0.655,0.63,0.025
2021-22,1629680,Matisse Thybulle,1610612755,PHI,G-F,25,66,64,0.356,135,229,0.59,0.613,-0.023
2021-22,203915,Spencer Dinwiddie,1610612742,DAL,G,29,67,66,0.317,151,228,0.662,0.624,0.038
2021-22,1630557,Corey Kispert,1610612764,WAS,F,23,75,69,0.377,141,228,0.618,0.618,0
2021-22,201568,Danilo Gallinari,1610612737,ATL,F,33,66,62,0.381,152,228,0.667,0.633,0.034
2021-22,1629661,Cameron Johnson,1610612756,PHX,F,26,66,59,0.355,136,227,0.599,0.618,-0.019
2021-22,202711,Bojan Bogdanovic,1610612762,UTA,F,33,69,64,0.336,138,226,0.611,0.637,-0.026
2021-22,201144,Mike Conley,1610612762,UTA,G,34,72,68,0.313,138,226,0.611,0.619,-0.008
2021-22,1629002,Chimezie Metu,1610612758,SAC,F-C,25,59,57,0.401,133,226,0.588,0.625,-0.037
2021-22,203490,Otto Porter Jr.,1610612744,GSW,F,29,63,61,0.454,141,226,0.624,0.638,-0.014
2021-22,1626158,Richaun Holmes,1610612758,SAC,F,28,45,45,0.459,120,225,0.533,0.626,-0.093
2021-22,1629673,Jordan Poole,1610612744,GSW,G,23,76,72,0.337,140,223,0.628,0.621,0.007
2021-22,1628464,Daniel Theis,1610612738,BOS,F-C,30,47,46,0.386,139,220,0.632,0.644,-0.012
2021-22,1626169,Stanley Johnson,1610612747,LAL,F-G,26,48,47,0.424,144,218,0.661,0.62,0.041
2021-22,1630231,KJ Martin,1610612745,HOU,F,21,78,70,0.392,130,217,0.599,0.623,-0.024
2021-22,1628984,Devonte' Graham,1610612740,NOP,G,27,76,71,0.303,150,217,0.691,0.621,0.07
2021-22,1628997,Caleb Martin,1610612748,MIA,F,26,59,55,0.341,128,216,0.593,0.622,-0.029
2021-22,201976,Patrick Beverley,1610612750,MIN,G,33,58,54,0.386,139,216,0.644,0.636,0.007
2021-22,1628378,Donovan Mitchell,1610612762,UTA,G,25,67,63,0.337,151,216,0.699,0.636,0.063
2021-22,1630528,Josh Christopher,1610612745,HOU,G,20,72,64,0.45,151,216,0.699,0.623,0.076
2021-22,203935,Marcus Smart,1610612738,BOS,G,28,71,66,0.285,138,215,0.642,0.624,0.018
2021-22,203526,Raul Neto,1610612764,WAS,G,30,68,61,0.356,143,215,0.665,0.616,0.049
2021-22,1630168,Onyeka Okongwu,1610612737,ATL,F-C,21,48,46,0.393,122,215,0.567,0.629,-0.062
2021-22,1629014,Anfernee Simons,1610612757,POR,G,23,57,56,0.346,159,214,0.743,0.632,0.111
2021-22,1626195,Willy Hernangomez,1610612740,NOP,C-F,28,49,49,0.417,141,213,0.662,0.655,0.007
2021-22,1629634,Brandon Clarke,1610612763,MEM,F,25,64,59,0.404,114,213,0.535,0.617,-0.082
2021-22,1629659,Talen Horton-Tucker,1610612747,LAL,G,21,60,58,0.323,133,212,0.627,0.626,0.001
2021-22,203552,Seth Curry,1610612751,BKN,G,31,64,62,0.305,136,211,0.645,0.621,0.024
2021-22,1629637,Jaxson Hayes,1610612740,NOP,C-F,22,70,66,0.342,121,209,0.579,0.626,-0.047
2021-22,1629631,De'Andre Hunter,1610612737,ATL,F-G,24,53,50,0.314,130,208,0.625,0.633,-0.008
2021-22,1628960,Grayson Allen,1610612749,MIL,G,26,66,64,0.297,123,207,0.594,0.628,-0.034
2021-22,1629750,Javonte Green,1610612741,CHI,G-F,28,65,60,0.372,122,207,0.589,0.63,-0.04
2021-22,1626196,Josh Richardson,1610612759,SAS,G,28,65,62,0.392,125,206,0.607,0.609,-0.002
2021-22,1628366,Lonzo Ball,1610612741,CHI,G,24,35,35,0.403,113,204,0.554,0.615,-0.061
2021-22,1627742,Brandon Ingram,1610612740,NOP,F,24,55,53,0.376,134,204,0.657,0.634,0.023
2021-22,1627747,Caris LeVert,1610612739,CLE,G,27,58,55,0.337,138,202,0.683,0.628,0.055
2021-22,1630228,Jonathan Kuminga,1610612744,GSW,F,19,65,56,0.381,124,201,0.617,0.621,-0.004
2021-22,1630556,Kessler Edwards,1610612751,BKN,F,21,44,43,0.435,133,200,0.665,0.632,0.033
2021-22,1627736,Malik Beasley,1610612750,MIN,G,25,79,72,0.331,125,198,0.631,0.627,0.005
2021-22,1629622,Max Strus,1610612748,MIA,G-F,26,68,59,0.313,126,197,0.64,0.631,0.009
2021-22,201980,Danny Green,1610612755,PHI,G,35,62,57,0.334,127,197,0.645,0.623,0.021
2021-22,201586,Serge Ibaka,1610612749,MIL,F,32,54,51,0.346,116,195,0.595,0.652,-0.057
2021-22,200746,LaMarcus Aldridge,1610612751,BKN,C-F,36,47,43,0.344,108,194,0.557,0.634,-0.077
2021-22,1630560,Cam Thomas,1610612751,BKN,G,20,63,60,0.435,125,193,0.648,0.62,0.027
2021-22,1629638,Nickeil Alexander-Walker,1610612762,UTA,G,23,64,59,0.357,135,193,0.699,0.631,0.069
2021-22,203920,Khem Birch,1610612761,TOR,C,29,55,53,0.396,119,190,0.626,0.633,-0.007
2021-22,1626153,Delon Wright,1610612737,ATL,G,30,76,68,0.344,128,188,0.681,0.617,0.064
2021-22,1629022,Lonnie Walker IV,1610612759,SAS,G-F,23,70,60,0.373,107,187,0.572,0.62,-0.048
2021-22,1629048,Goga Bitadze,1610612754,IND,C-F,22,44,41,0.487,121,187,0.647,0.646,0.001
2021-22,1630544,Tre Mann,1610612760,OKC,G,21,60,54,0.385,115,186,0.618,0.621,-0.003
2021-22,203482,Kelly Olynyk,1610612765,DET,F-C,31,40,38,0.436,109,185,0.589,0.631,-0.042
2021-22,1630598,Aaron Wiggins,1610612760,OKC,G,23,50,45,0.359,121,185,0.654,0.633,0.021
2021-22,1630538,Bones Hyland,1610612743,DEN,G,21,68,65,0.371,116,184,0.63,0.624,0.007
2021-22,1628384,OG Anunoby,1610612761,TOR,F,24,48,46,0.329,115,184,0.625,0.634,-0.009
2021-22,1630570,Trendon Watford,1610612757,POR,F,21,48,45,0.434,119,183,0.65,0.636,0.014
2021-22,1630533,Ziaire Williams,1610612763,MEM,F,20,62,58,0.345,115,183,0.628,0.621,0.007
2021-22,203473,Dewayne Dedmon,1610612748,MIA,C,32,67,59,0.37,108,183,0.59,0.643,-0.052
2021-22,2730,Dwight Howard,1610612747,LAL,C-F,36,58,56,0.357,126,182,0.692,0.647,0.045
2021-22,202710,Jimmy Butler III,1610612748,MIA,F,32,57,55,0.324,120,181,0.663,0.643,0.02
2021-22,1627752,Taurean Prince,1610612750,MIN,F,28,67,59,0.374,133,180,0.739,0.629,0.11
2021-22,1630200,Tre Jones,1610612759,SAS,G,22,64,60,0.381,110,179,0.615,0.61,0.004
2021-22,1630188,Jalen Smith,1610612754,IND,F-C,22,49,42,0.409,104,178,0.584,0.639,-0.055
2021-22,202340,Avery Bradley,1610612747,LAL,G,31,62,58,0.359,135,178,0.758,0.62,0.138
2021-22,201933,Blake Griffin,1610612751,BKN,F,33,55,53,0.332,111,178,0.624,0.646,-0.022
2021-22,202339,Eric Bledsoe,1610612757,POR,G,32,54,51,0.357,110,177,0.621,0.621,0.001
2021-22,203110,Draymond Green,1610612744,GSW,F,32,45,45,0.296,97,176,0.551,0.639,-0.088
2021-22,202694,Marcus Morris Sr.,1610612746,LAC,F,32,54,51,0.326,118,176,0.67,0.645,0.026
2021-22,1629642,Nassir Little,1610612757,POR,F-G,22,42,40,0.365,101,176,0.574,0.626,-0.052
2021-22,1629652,Luguentz Dort,1610612760,OKC,G,23,51,50,0.272,111,176,0.631,0.617,0.014
2021-22,1629651,Nic Claxton,1610612751,BKN,F-C,23,47,44,0.335,90,173,0.52,0.628,-0.108
2021-22,203914,Gary Harris,1610612753,ORL,G,27,61,56,0.31,110,171,0.643,0.622,0.022
2021-22,1628972,Troy Brown Jr.,1610612741,CHI,G-F,22,61,55,0.367,111,171,0.649,0.619,0.03
2021-22,1630181,R.J. Hampton,1610612753,ORL,G,21,64,59,0.338,124,171,0.725,0.607,0.118
2021-22,203924,Jerami Grant,1610612765,DET,F,28,47,45,0.382,104,171,0.608,0.648,-0.039
2021-22,1628963,Marvin Bagley III,1610612765,DET,F,23,48,45,0.314,106,170,0.624,0.651,-0.027
2021-22,1630591,Jalen Suggs,1610612753,ORL,G,21,48,46,0.352,100,170,0.588,0.637,-0.049
2021-22,1627780,Gary Payton II,1610612744,GSW,G,29,69,64,0.372,104,170,0.612,0.629,-0.017
2021-22,1627814,Damion Lee,1610612744,GSW,G-F,29,63,59,0.36,110,169,0.651,0.618,0.033
2021-22,1629667,Jalen McDaniels,1610612766,CHA,F-C,24,51,46,0.37,99,169,0.586,0.632,-0.046
2021-22,1628977,Hamidou Diallo,1610612765,DET,G,23,58,51,0.378,99,169,0.586,0.64,-0.054
2021-22,1630563,Joshua Primo,1610612759,SAS,G,19,48,44,0.389,98,169,0.58,0.625,-0.045
2021-22,203085,Austin Rivers,1610612743,DEN,G,29,67,56,0.355,113,169,0.669,0.616,0.052
2021-22,1629604,CJ Elleby,1610612757,POR,F-G,22,52,48,0.401,97,168,0.577,0.618,-0.041
2021-22,202330,Gordon Hayward,1610612766,CHA,F,32,49,48,0.358,102,167,0.611,0.642,-0.032
2021-22,203078,Bradley Beal,1610612764,WAS,G,29,40,37,0.342,111,166,0.669,0.633,0.036
2021-22,203210,JaMychal Green,1610612743,DEN,F-C,32,67,60,0.378,114,165,0.691,0.631,0.06
2021-22,202326,DeMarcus Cousins,1610612743,DEN,C,31,48,45,0.454,98,163,0.601,0.631,-0.03
2021-22,1629021,Moritz Wagner,1610612753,ORL,F-C,25,60,55,0.313,105,162,0.648,0.62,0.029
2021-22,202684,Tristan Thompson,1610612741,CHI,C-F,31,57,51,0.382,98,161,0.609,0.64,-0.031
2021-22,1627788,Furkan Korkmaz,1610612755,PHI,G-F,24,63,53,0.344,101,161,0.627,0.625,0.003
2021-22,202331,Paul George,1610612746,LAC,F,32,31,31,0.386,92,161,0.571,0.626,-0.054
2021-22,1629599,Amir Coffey,1610612746,LAC,G-F,25,63,52,0.343,92,160,0.575,0.633,-0.058
2021-22,1630177,Theo Maledon,1610612760,OKC,G,21,47,43,0.412,95,159,0.597,0.619,-0.021
2021-22,201949,James Johnson,1610612751,BKN,F,35,61,53,0.318,89,159,0.56,0.635,-0.075
2021-22,203458,Alex Len,1610612758,SAC,C,29,38,34,0.411,93,159,0.585,0.647,-0.062
2021-22,1626204,Larry Nance Jr.,1610612740,NOP,F-C,29,46,44,0.393,114,158,0.722,0.632,0.09
2021-22,1626145,Tyus Jones,1610612763,MEM,G,26,72,61,0.342,100,158,0.633,0.624,0.009
2021-22,1629670,Jordan Nwora,1610612749,MIL,F,23,60,54,0.349,102,158,0.646,0.622,0.024
2021-22,1629731,Dean Wade,1610612739,CLE,F-C,25,49,43,0.416,84,156,0.538,0.63,-0.092
2021-22,1628966,Keita Bates-Diop,1610612759,SAS,F,26,57,50,0.387,91,155,0.587,0.621,-0.034
2021-22,1627763,Malcolm Brogdon,1610612754,IND,G,29,36,34,0.37,93,155,0.6,0.622,-0.022
2021-22,1629013,Landry Shamet,1610612756,PHX,G,25,68,58,0.332,87,153,0.569,0.614,-0.046
2021-22,201152,Thaddeus Young,1610612761,TOR,F,34,51,48,0.369,102,153,0.667,0.641,0.026
2021-22,202066,Garrett Temple,1610612740,NOP,G-F,36,59,49,0.34,91,153,0.595,0.635,-0.041
2021-22,1629308,Juan Toscano-Anderson,1610612744,GSW,F,29,64,52,0.367,93,151,0.616,0.631,-0.015
2021-22,1630543,Isaiah Jackson,1610612754,IND,F,20,36,29,0.493,95,151,0.629,0.631,-0.002
2021-22,203087,Jeremy Lamb,1610612758,SAC,G-F,30,54,49,0.424,103,150,0.687,0.631,0.056
2021-22,1628978,Donte DiVincenzo,1610612758,SAC,G,25,42,41,0.379,95,150,0.633,0.628,0.005
2021-22,1626166,Cameron Payne,1610612756,PHX,G,27,58,52,0.356,102,149,0.685,0.629,0.055
2021-22,1627936,Alex Caruso,1610612741,CHI,G,28,41,39,0.314,100,149,0.671,0.615,0.057
2021-22,202689,Kemba Walker,1610612752,NYK,G,32,37,35,0.343,100,148,0.676,0.628,0.048
2021-22,1627761,DeAndre' Bembry,1610612749,MIL,G-F,27,55,45,0.377,87,148,0.588,0.624,-0.036
2021-22,203926,Doug McDermott,1610612759,SAS,F,30,51,46,0.358,101,148,0.682,0.629,0.053
2021-22,1630205,Lamar Stevens,1610612739,CLE,F,24,62,54,0.336,86,146,0.589,0.63,-0.041
2021-22,1626181,Norman Powell,1610612746,LAC,G,29,44,43,0.313,105,145,0.724,0.65,0.074
2021-22,203082,Terrence Ross,1610612753,ORL,G-F,31,63,57,0.343,97,145,0.669,0.632,0.037
2021-22,1630209,Omer Yurtseven,1610612748,MIA,C,24,48,36,0.401,83,144,0.576,0.641,-0.065
2021-22,1630214,Xavier Tillman,1610612763,MEM,F,23,52,47,0.442,83,144,0.576,0.629,-0.052
2021-22,1626224,Cedi Osman,1610612739,CLE,F,27,66,55,0.343,92,144,0.639,0.619,0.02
2021-22,202681,Kyrie Irving,1610612751,BKN,G,30,29,28,0.386,80,143,0.559,0.625,-0.065
2021-22,203501,Tim Hardaway Jr.,1610612742,DAL,G-F,30,42,41,0.357,92,143,0.643,0.624,0.02
2021-22,1629216,Gabe Vincent,1610612748,MIA,G,26,64,53,0.229,97,143,0.678,0.632,0.046
2021-22,1630167,Obi Toppin,1610612752,NYK,F,24,71,58,0.336,81,142,0.57,0.63,-0.059
2021-22,201569,Eric Gordon,1610612745,HOU,G,33,57,52,0.323,91,142,0.641,0.625,0.016
2021-22,1630613,Duane Washington Jr.,1610612754,IND,G,22,46,42,0.357,94,142,0.662,0.619,0.043
2021-22,203463,Ben McLemore,1610612757,POR,G,29,62,51,0.35,104,142,0.732,0.628,0.104
2021-22,1629111,Jock Landale,1610612759,SAS,C,26,48,42,0.42,73,141,0.518,0.632,-0.114
2021-22,201588,George Hill,1610612749,MIL,G,36,54,44,0.284,87,140,0.621,0.616,0.005
2021-22,1628396,Tony Bradley,1610612741,CHI,C-F,24,53,47,0.42,63,139,0.453,0.632,-0.178
2021-22,201577,Robin Lopez,1610612753,ORL,C,34,36,36,0.393,82,139,0.59,0.63,-0.04
2021-22,201959,Taj Gibson,1610612752,NYK,F,37,51,48,0.359,82,138,0.594,0.63,-0.036
2021-22,1628402,Frank Jackson,1610612765,DET,G,24,52,47,0.383,86,137,0.628,0.619,0.009
2021-22,1627884,Derrick Jones Jr.,1610612741,CHI,F,25,49,44,0.374,83,136,0.61,0.64,-0.03
2021-22,1629629,Cam Reddish,1610612752,NYK,F-G,22,48,44,0.322,93,136,0.684,0.627,0.057
2021-22,200752,Rudy Gay,1610612762,UTA,F-G,35,55,44,0.327,79,133,0.594,0.634,-0.04
2021-22,203457,Nerlens Noel,1610612752,NYK,C-F,28,25,25,0.484,73,132,0.553,0.656,-0.103
2021-22,1630267,Facundo Campazzo,1610612743,DEN,G,31,58,49,0.328,77,131,0.588,0.607,-0.02
2021-22,1627854,Bryn Forbes,1610612743,DEN,G,28,73,56,0.345,84,130,0.646,0.622,0.025
2021-22,1626159,Justise Winslow,1610612757,POR,F-G,26,42,38,0.426,74,130,0.569,0.628,-0.059
2021-22,202397,Ish Smith,1610612764,WAS,G,33,64,51,0.332,87,130,0.669,0.615,0.054
2021-22,1629003,Shake Milton,1610612755,PHI,G-F,25,55,47,0.336,75,128,0.586,0.621,-0.035
2021-22,1628367,Josh Jackson,1610612758,SAC,G-F,25,49,44,0.403,78,126,0.619,0.63,-0.011
2021-22,1628415,Dillon Brooks,1610612763,MEM,G-F,26,32,31,0.32,73,125,0.584,0.613,-0.029
2021-22,1629026,Kenrich Williams,1610612760,OKC,G-F,27,49,44,0.334,69,124,0.556,0.628,-0.072
2021-22,1628988,Aaron Holiday,1610612756,PHX,G,25,60,50,0.328,72,124,0.581,0.615,-0.034
2021-22,1628380,Zach Collins,1610612759,SAS,F-C,24,28,25,0.366,70,124,0.565,0.634,-0.07
2021-22,202722,Davis Bertans,1610612742,DAL,F,29,56,46,0.425,79,122,0.648,0.622,0.026
2021-22,1628975,Jevon Carter,1610612749,MIL,G,26,59,47,0.382,75,121,0.62,0.611,0.008
2021-22,1629669,Jaylen Nowell,1610612750,MIN,G,22,61,49,0.371,84,121,0.694,0.628,0.066
2021-22,1628021,David Nwaba,1610612745,HOU,G-F,29,44,35,0.405,78,120,0.65,0.634,0.016
2021-22,1630553,Keon Johnson,1610612757,POR,G,20,34,32,0.444,80,120,0.667,0.627,0.04
2021-22,201571,D.J. Augustin,1610612747,LAL,G,34,54,48,0.434,90,119,0.756,0.621,0.135
2021-22,203488,Mike Muscala,1610612760,OKC,F-C,30,42,38,0.413,57,119,0.479,0.632,-0.153
2021-22,1629060,Rui Hachimura,1610612764,WAS,F,24,42,40,0.341,78,119,0.655,0.642,0.013
2021-22,1629162,Jordan McLaughlin,1610612750,MIN,G,26,60,48,0.364,71,117,0.607,0.616,-0.009
2021-22,203107,Tomas Satoransky,1610612764,WAS,G,30,54,43,0.349,75,116,0.647,0.623,0.024
2021-22,201599,DeAndre Jordan,1610612755,PHI,C,33,48,39,0.364,70,115,0.609,0.624,-0.015
2021-22,202691,Klay Thompson,1610612744,GSW,G,32,32,31,0.378,66,115,0.574,0.636,-0.062
2021-22,1630192,Zeke Nnaji,1610612743,DEN,F-C,21,38,35,0.415,76,115,0.661,0.63,0.03
2021-22,203503,Tony Snell,1610612740,NOP,G,30,51,43,0.328,77,115,0.67,0.631,0.039
2021-22,203081,Damian Lillard,1610612757,POR,G,31,29,29,0.328,77,115,0.67,0.63,0.039
2021-22,1630678,Terry Taylor,1610612754,IND,F,22,31,26,0.36,73,114,0.64,0.639,0.001
2021-22,1630202,Payton Pritchard,1610612738,BOS,G,24,66,52,0.351,70,113,0.619,0.602,0.017
2021-22,201937,Ricky Rubio,1610612754,IND,G,31,34,33,0.353,62,112,0.554,0.625,-0.071
2021-22,203090,Maurice Harkless,1610612758,SAC,F-G,29,46,40,0.322,73,112,0.652,0.629,0.022
2021-22,1630249,Vít Krejčí,1610612760,OKC,G,22,29,29,0.394,76,109,0.697,0.631,0.067
2021-22,1630182,Josh Green,1610612742,DAL,G,21,61,51,0.34,68,109,0.624,0.611,0.013
2021-22,1630568,Luka Garza,1610612765,DET,C,23,31,26,0.507,74,108,0.685,0.649,0.036
2021-22,1630235,Trent Forrest,1610612762,UTA,G,24,54,43,0.341,69,107,0.645,0.633,0.012
2021-22,202687,Bismack Biyombo,1610612756,PHX,C,29,35,31,0.4,61,106,0.575,0.638,-0.062
2021-22,202083,Wesley Matthews,1610612749,MIL,G,35,49,39,0.275,65,106,0.613,0.637,-0.023
2021-22,203585,Rodney McGruder,1610612765,DET,G,30,48,37,0.416,61,106,0.575,0.626,-0.051
2021-22,1630530,Trey Murphy III,1610612740,NOP,F,22,56,45,0.36,67,104,0.644,0.631,0.013
2021-22,200794,Paul Millsap,1610612755,PHI,F,37,33,30,0.443,64,104,0.615,0.639,-0.024
2021-22,202324,Derrick Favors,1610612760,OKC,F,30,39,35,0.333,61,104,0.587,0.641,-0.055
2021-22,1630535,Greg Brown III,1610612757,POR,F,20,42,33,0.374,72,104,0.692,0.634,0.059
2021-22,1628432,Davon Reed,1610612743,DEN,G,27,37,36,0.395,71,102,0.696,0.619,0.077
2021-22,203145,Kent Bazemore,1610612747,LAL,G-F,32,37,30,0.378,57,101,0.564,0.623,-0.058
2021-22,1630240,Saben Lee,1610612765,DET,G,23,34,30,0.412,73,101,0.723,0.618,0.105
2021-22,1630572,Sandro Mamukelashvili,1610612749,MIL,F-C,23,34,27,0.478,71,97,0.732,0.648,0.084
2021-22,1630198,Isaiah Joe,1610612755,PHI,G,22,48,34,0.374,56,96,0.583,0.591,-0.007
2021-22,200765,Rajon Rondo,1610612739,CLE,G,36,38,35,0.374,64,96,0.667,0.623,0.043
2021-22,1628418,Thomas Bryant,1610612764,WAS,C-F,24,27,25,0.378,55,93,0.591,0.633,-0.041
2021-22,1630527,Brandon Boston,1610612746,LAC,G,20,49,40,0.392,59,93,0.634,0.628,0.006
2021-22,101150,Lou Williams,1610612737,ATL,G,35,55,45,0.361,60,92,0.652,0.614,0.038
2021-22,1628425,Sterling Brown,1610612742,DAL,G-F,27,46,39,0.365,59,91,0.648,0.629,0.019
2021-22,203918,Rodney Hood,1610612746,LAC,G-F,29,50,41,0.384,61,91,0.67,0.616,0.055
2021-22,1630314,Brandon Williams,1610612757,POR,G,22,24,21,0.341,56,91,0.615,0.61,0.006
2021-22,1628373,Frank Ntilikina,1610612742,DAL,G,23,51,39,0.365,53,91,0.582,0.627,-0.044
2021-22,203648,Thanasis Antetokounmpo,1610612749,MIL,F,29,39,33,0.435,53,91,0.582,0.634,-0.052
2021-22,1630208,Nick Richards,1610612766,CHA,C,24,46,33,0.45,51,90,0.567,0.642,-0.075
2021-22,1630625,Dalano Banton,1610612761,TOR,F,22,62,46,0.349,52,89,0.584,0.602,-0.017
2021-22,1629650,Moses Brown,1610612739,CLE,C,22,38,28,0.406,51,89,0.573,0.66,-0.087
2021-22,1630579,Jericho Sims,1610612752,NYK,C,23,36,30,0.384,62,89,0.697,0.647,0.049
2021-22,204060,Joe Ingles,1610612757,POR,F-G,34,45,39,0.281,65,88,0.739,0.636,0.103
2021-22,201961,Wayne Ellington,1610612747,LAL,G,34,43,33,0.326,56,87,0.644,0.625,0.018
2021-22,203469,Cody Zeller,1610612757,POR,F-C,29,27,27,0.489,59,87,0.678,0.644,0.035
2021-22,1630631,Jose Alvarado,1610612740,NOP,G,24,49,42,0.293,59,86,0.686,0.63,0.056
2021-22,1629717,Armoni Brooks,1610612761,TOR,G,24,49,36,0.34,53,85,0.624,0.627,-0.003
2021-22,1629056,Terence Davis,1610612758,SAC,G,25,30,29,0.416,51,84,0.607,0.618,-0.011
2021-22,1629672,Eric Paschall,1610612762,UTA,F,25,56,43,0.297,61,83,0.735,0.626,0.109
2021-22,1629656,Quentin Grimes,1610612752,NYK,G,22,42,30,0.292,53,82,0.646,0.627,0.019
2021-22,1630230,Naji Marshall,1610612740,NOP,F,24,49,36,0.346,52,82,0.634,0.64,-0.006
2021-22,1629004,Svi Mykhailiuk,1610612761,TOR,G-F,25,47,32,0.363,48,82,0.585,0.631,-0.045
2021-22,2738,Andre Iguodala,1610612744,GSW,G-F,38,31,30,0.364,47,82,0.573,0.626,-0.053
2021-22,1629660,Ty Jerome,1610612760,OKC,G-F,24,45,34,0.327,53,81,0.654,0.615,0.04
2021-22,203901,Elfrid Payton,1610612756,PHX,G,28,46,38,0.331,44,81,0.543,0.604,-0.061
2021-22,201565,Derrick Rose,1610612752,NYK,G,33,26,25,0.325,43,81,0.531,0.619,-0.088
2021-22,1627863,Danuel House Jr.,1610612762,UTA,F-G,29,40,33,0.297,50,80,0.625,0.634,-0.009
2021-22,1630549,Day'Ron Sharpe,1610612751,BKN,F,20,28,26,0.398,45,80,0.563,0.638,-0.075
2021-22,1627737,Marquese Chriss,1610612742,DAL,F,24,32,29,0.457,53,80,0.663,0.625,0.037
2021-22,1630174,Aaron Nesmith,1610612738,BOS,G-F,22,51,37,0.364,47,79,0.595,0.581,0.014
2021-22,1629139,Yuta Watanabe,1610612761,TOR,G-F,27,34,27,0.407,41,79,0.519,0.622,-0.103
2021-22,1630846,Olivier Sarr,1610612760,OKC,C,23,21,21,0.42,50,79,0.633,0.608,0.025
2021-22,204456,T.J. McConnell,1610612754,IND,G,30,27,25,0.348,51,77,0.662,0.606,0.056
2021-22,1629641,Romeo Langford,1610612759,SAS,G-F,22,46,34,0.326,38,76,0.5,0.625,-0.125
2021-22,1629117,Wenyen Gabriel,1610612747,LAL,F,25,24,23,0.371,49,75,0.653,0.618,0.035
2021-22,1629006,Josh Okogie,1610612750,MIN,G,23,43,30,0.343,39,74,0.527,0.61,-0.083
2021-22,1628372,Dennis Smith Jr.,1610612757,POR,G,24,35,31,0.327,44,74,0.595,0.609,-0.015
2021-22,1627789,Timothe Luwawu-Cabarrot,1610612737,ATL,G-F,27,42,30,0.274,44,73,0.603,0.618,-0.015
2021-22,203476,Gorgui Dieng,1610612737,ATL,C,32,41,30,0.35,44,71,0.62,0.648,-0.028
2021-22,1627823,Juancho Hernangomez,1610612762,UTA,F,26,35,25,0.419,42,70,0.6,0.605,-0.005
2021-22,1630541,Moses Moody,1610612744,GSW,G,20,45,28,0.348,38,69,0.551,0.612,-0.061
2021-22,1629744,Matt Thomas,1610612741,CHI,G,27,33,25,0.4,38,66,0.576,0.615,-0.04
2021-22,1630201,Malachi Flynn,1610612761,TOR,G,24,38,28,0.373,36,66,0.545,0.626,-0.08
2021-22,202683,Enes Freedom,1610612738,BOS,C,30,35,28,0.247,36,66,0.545,0.631,-0.085
2021-22,2772,Trevor Ariza,1610612747,LAL,F,37,24,20,0.393,45,64,0.703,0.645,0.058
2021-22,1629678,Admiral Schofield,1610612753,ORL,F,25,35,28,0.386,37,64,0.578,0.633,-0.055
2021-22,1627739,Kris Dunn,1610612757,POR,G,28,14,13,0.46,40,64,0.625,0.601,0.024
2021-22,1629681,Killian Tillie,1610612763,MEM,F-C,24,32,29,0.352,37,63,0.587,0.634,-0.047
2021-22,1629633,Jarrett Culver,1610612763,MEM,G-F,23,33,27,0.441,42,63,0.667,0.614,0.053
2021-22,1630583,Santi Aldama,1610612763,MEM,F-C,21,29,24,0.449,36,62,0.581,0.623,-0.042
2021-22,1630322,Lindy Waters III,1610612760,OKC,F,24,24,20,0.341,33,62,0.532,0.629,-0.096
2021-22,1629103,Kelan Martin,1610612738,BOS,F,26,29,24,0.365,48,62,0.774,0.63,0.144
2021-22,202362,Lance Stephenson,1610612754,IND,F,31,45,33,0.259,49,62,0.79,0.634,0.156
2021-22,201572,Brook Lopez,1610612749,MIL,C,34,13,13,0.323,28,60,0.467,0.652,-0.186
2021-22,1630194,Paul Reed,1610612755,PHI,F,23,33,27,0.401,39,59,0.661,0.639,0.022
2021-22,1630587,Isaiah Livers,1610612765,DET,F,23,18,15,0.381,35,59,0.593,0.615,-0.022
2021-22,1629164,Brandon Goodwin,1610612739,CLE,G,26,32,22,0.322,35,59,0.593,0.618,-0.025
2021-22,201609,Goran Dragic,1610612751,BKN,G,36,21,19,0.403,35,58,0.603,0.6,0.004
2021-22,1630172,Patrick Williams,1610612741,CHI,F,20,17,17,0.395,34,58,0.586,0.609,-0.023
2021-22,203925,Joe Harris,1610612751,BKN,G-F,30,14,14,0.406,35,58,0.603,0.634,-0.03
2021-22,1626163,Frank Kaminsky,1610612756,PHX,F-C,29,9,8,0.432,31,57,0.544,0.605,-0.062
2021-22,1629685,Dylan Windler,1610612739,CLE,G-F,25,36,28,0.331,30,55,0.545,0.614,-0.069
2021-22,1630215,Jared Butler,1610612762,UTA,G,21,35,26,0.397,30,54,0.556,0.626,-0.07
2021-22,1630190,Elijah Hughes,1610612757,POR,G,24,29,24,0.402,43,53,0.811,0.628,0.183
2021-22,202328,Greg Monroe,1610612750,MIN,F-C,32,14,13,0.477,35,53,0.66,0.642,0.018
2021-22,1630233,Nathan Knight,1610612750,MIN,F-C,24,32,25,0.344,32,52,0.615,0.621,-0.006
2021-22,1630540,Miles McBride,1610612752,NYK,G,21,29,19,0.327,37,52,0.712,0.608,0.104
2021-22,1629649,Ignas Brazdeikis,1610612753,ORL,F,23,37,25,0.308,27,52,0.519,0.624,-0.105
2021-22,1630550,JT Thor,1610612766,CHA,F,19,29,22,0.372,31,51,0.608,0.611,-0.003
2021-22,1628365,Markelle Fultz,1610612753,ORL,G,24,18,17,0.388,32,50,0.64,0.61,0.03
2021-22,1628962,Udoka Azubuike,1610612762,UTA,C-F,22,15,15,0.368,27,50,0.54,0.641,-0.101
2021-22,1629185,Chris Chiozza,1610612744,GSW,G,26,30,25,0.311,31,50,0.62,0.607,0.013
2021-22,1626147,Justin Anderson,1610612754,IND,F-G,28,16,15,0.402,31,49,0.633,0.647,-0.014
2021-22,1626208,Keifer Sykes,1610612754,IND,G,28,29,18,0.277,32,48,0.667,0.617,0.05
2021-22,1630264,Anthony Gill,1610612764,WAS,F,29,37,25,0.269,25,47,0.532,0.616,-0.084
2021-22,1629109,Gary Clark,1610612740,NOP,F,27,31,23,0.388,32,47,0.681,0.644,0.037
2021-22,1629603,Mamadi Diakite,1610612760,OKC,F,25,13,13,0.47,30,47,0.638,0.647,-0.009
2021-22,1629076,Tyler Cook,1610612741,CHI,F,24,20,17,0.505,29,47,0.617,0.63,-0.013
2021-22,1626161,Willie Cauley-Stein,1610612755,PHI,C,28,19,16,0.409,31,45,0.689,0.654,0.034
2021-22,203504,Trey Burke,1610612742,DAL,G,29,33,23,0.333,28,45,0.622,0.622,0
2021-22,1629833,Keljin Blevins,1610612757,POR,G,26,30,22,0.379,31,44,0.705,0.629,0.076
2021-22,1628981,Bruno Fernando,1610612745,HOU,F-C,23,27,19,0.407,23,44,0.523,0.609,-0.086
2021-22,202334,Ed Davis,1610612739,CLE,C-F,33,24,17,0.41,24,43,0.558,0.628,-0.07
2021-22,1630184,Kira Lewis Jr.,1610612740,NOP,G,21,24,19,0.377,26,43,0.605,0.626,-0.021
2021-22,1630547,James Bouknight,1610612766,CHA,G,21,25,20,0.375,33,42,0.786,0.594,0.192
2021-22,202954,Brad Wanamaker,1610612764,WAS,G,32,22,17,0.325,30,41,0.732,0.623,0.109
2021-22,1630688,Ish Wainright,1610612756,PHX,F,27,35,25,0.369,23,41,0.561,0.629,-0.068
2021-22,1630551,Justin Champagnie,1610612761,TOR,G-F,21,30,19,0.377,28,40,0.7,0.605,0.095
2021-22,1630586,Usman Garuba,1610612745,HOU,F,20,23,18,0.345,28,39,0.718,0.635,0.083
2021-22,1628408,PJ Dozier,1610612743,DEN,G-F,25,18,15,0.3,25,39,0.641,0.641,0
2021-22,1630561,David Duke Jr.,1610612751,BKN,G,22,19,17,0.336,26,39,0.667,0.64,0.027
2021-22,1630691,Jamorko Pickett,1610612765,DET,F,24,10,9,0.527,23,39,0.59,0.65,-0.06
2021-22,1630195,Leandro Bolmaro,1610612750,MIN,F,21,23,15,0.469,22,38,0.579,0.61,-0.031
2021-22,1629008,Michael Porter Jr.,1610612743,DEN,F,24,9,8,0.422,31,38,0.816,0.655,0.161
2021-22,1629620,Justin Robinson,1610612765,DET,G,24,20,15,0.342,26,38,0.684,0.61,0.074
2021-22,1628400,Semi Ojeleye,1610612746,LAC,F,27,27,21,0.29,28,38,0.737,0.647,0.09
2021-22,1630227,Daishen Nix,1610612745,HOU,G,20,22,18,0.507,29,38,0.763,0.642,0.121
2021-22,1629617,Reggie Perry,1610612757,POR,F-C,22,10,9,0.339,26,37,0.703,0.608,0.095
2021-22,1630296,Braxton Key,1610612765,DET,F,25,11,10,0.414,21,36,0.583,0.617,-0.033
2021-22,1630273,Freddie Gillespie,1610612753,ORL,C,25,9,9,0.45,20,36,0.556,0.622,-0.067
2021-22,1629644,KZ Okpala,1610612748,MIA,F-G,23,15,12,0.368,20,35,0.571,0.613,-0.042
2021-22,202693,Markieff Morris,1610612748,MIA,F,32,17,15,0.295,22,33,0.667,0.617,0.049
2021-22,1629658,Jaylen Hoard,1610612760,OKC,F,23,6,6,0.36,19,32,0.594,0.61,-0.016
2021-22,1630792,Malcolm Hill,1610612741,CHI,F,26,14,11,0.36,25,31,0.806,0.622,0.184
2021-22,1629012,Collin Sexton,1610612739,CLE,G,23,11,10,0.307,20,31,0.645,0.624,0.021
2021-22,1628427,Vlatko Cancar,1610612743,DEN,F,25,14,13,0.425,19,31,0.613,0.631,-0.018
2021-22,202738,Isaiah Thomas,1610612766,CHA,G,33,20,15,0.3,16,30,0.533,0.614,-0.08
2021-22,1626246,Boban Marjanovic,1610612742,DAL,C,33,20,14,0.353,19,30,0.633,0.599,0.034
2021-22,1628993,Alize Johnson,1610612740,NOP,F,26,21,17,0.363,20,29,0.69,0.6,0.09
2021-22,1627756,Denzel Valentine,1610612762,UTA,G,28,18,11,0.372,16,29,0.552,0.627,-0.076
2021-22,1629674,Neemias Queta,1610612758,SAC,C,22,12,10,0.492,14,29,0.483,0.627,-0.144
2021-22,1627774,Jake Layman,1610612750,MIN,F,28,28,16,0.337,18,29,0.621,0.586,0.034
2021-22,1630606,Javonte Smart,1610612748,MIA,G,23,12,11,0.346,16,28,0.571,0.605,-0.033
2021-22,203524,Solomon Hill,1610612737,ATL,F,31,12,12,0.412,19,28,0.679,0.644,0.034
2021-22,1629646,Charles Bassey,1610612755,PHI,C-F,21,20,14,0.368,16,28,0.571,0.636,-0.065
2021-22,204025,Tim Frazier,1610612739,CLE,G,31,11,8,0.45,16,27,0.593,0.592,0.001
2021-22,1629657,Kyle Guy,1610612748,MIA,G,24,14,11,0.37,18,27,0.667,0.647,0.02
2021-22,1629718,Charlie Brown Jr.,1610612755,PHI,G,25,10,9,0.458,14,27,0.519,0.632,-0.114
2021-22,1629875,Xavier Moon,1610612746,LAC,G,27,10,7,0.417,12,25,0.48,0.617,-0.137
2021-22,1629033,Theo Pinson,1610612742,DAL,G-F,26,14,9,0.403,16,25,0.64,0.651,-0.011
2021-22,1628035,Alfonzo McKinnie,1610612741,CHI,F,29,13,11,0.41,14,25,0.56,0.629,-0.069
2021-22,1630219,Skylar Mays,1610612737,ATL,G,24,20,11,0.296,15,24,0.625,0.606,0.019
2021-22,1629962,Devin Cannady,1610612753,ORL,G,26,5,5,0.375,16,24,0.667,0.605,0.062
2021-22,1629663,Louis King,1610612758,SAC,F,23,9,8,0.48,13,24,0.542,0.624,-0.082
2021-22,1629755,Hassani Gravett,1610612753,ORL,G,25,8,8,0.324,15,23,0.652,0.564,0.088
2021-22,1630686,Georgios Kalaitzakis,1610612760,OKC,F,23,9,8,0.365,15,23,0.652,0.613,0.039
2021-22,1628436,Luke Kornet,1610612738,BOS,C-F,26,12,8,0.343,11,23,0.478,0.633,-0.155
2021-22,1629623,Lindell Wigginton,1610612749,MIL,G,24,16,11,0.348,16,23,0.696,0.617,0.079
2021-22,1627846,Abdel Nader,1610612756,PHX,F,28,14,10,0.338,15,23,0.652,0.612,0.04
2021-22,1629719,Devontae Cacok,1610612759,SAS,F,25,12,10,0.489,14,23,0.609,0.594,0.015
2021-22,1630206,Jay Scrubb,1610612746,LAC,G,21,11,8,0.44,11,22,0.5,0.608,-0.108
2021-22,1628995,Kevin Knox II,1610612737,ATL,F,22,20,11,0.304,17,21,0.81,0.592,0.217
2021-22,203953,Jabari Parker,1610612738,BOS,F,27,12,9,0.339,13,21,0.619,0.637,-0.018
2021-22,1630698,Kevin Pangos,1610612739,CLE,G,29,17,11,0.357,11,20,0.55,0.612,-0.062
2021-22,1628539,Mychal Mulder,1610612748,MIA,G,28,13,11,0.286,13,20,0.65,0.622,0.028
2021-22,203506,Victor Oladipo,1610612748,MIA,G,30,8,8,0.299,10,20,0.5,0.654,-0.154
2021-22,1628778,Paul Watson,1610612760,OKC,G,27,8,6,0.377,16,20,0.8,0.648,0.152
2021-22,1629067,Isaac Bonga,1610612761,TOR,G,22,11,8,0.475,10,19,0.526,0.587,-0.06
2021-22,1630285,Zavier Simpson,1610612760,OKC,G,25,4,4,0.257,13,19,0.684,0.644,0.04
2021-22,1629312,Haywood Highsmith,1610612748,MIA,F,25,14,9,0.352,10,19,0.526,0.64,-0.114
2021-22,1629735,Chris Silva,1610612748,MIA,F,25,8,6,0.514,12,18,0.667,0.642,0.025
2021-22,1630186,Jahmi'us Ramsey,1610612758,SAC,G,21,16,13,0.34,13,17,0.765,0.61,0.155
2021-22,1630580,Joe Wieskamp,1610612759,SAS,G-F,22,19,11,0.298,14,17,0.824,0.649,0.174
2021-22,1630552,Jalen Johnson,1610612737,ATL,F,20,15,11,0.415,8,17,0.471,0.612,-0.141
2021-22,1628391,D.J. Wilson,1610612761,TOR,F,26,4,4,0.429,9,15,0.6,0.641,-0.041
2021-22,1629712,Didi Louzada,1610612757,POR,G,22,8,6,0.366,10,15,0.667,0.653,0.013
2021-22,1630199,Cassius Stanley,1610612765,DET,G,22,8,6,0.286,7,14,0.5,0.572,-0.072
2021-22,204020,Tyler Johnson,1610612759,SAS,G,30,6,6,0.361,11,13,0.846,0.613,0.233
2021-22,1629168,BJ Johnson,1610612753,ORL,F,26,3,3,0.481,6,13,0.462,0.586,-0.124
2021-22,1628411,Wes Iwundu,1610612737,ATL,F,27,3,3,0.481,10,13,0.769,0.671,0.098
2021-22,1630288,Jeff Dowtin Jr.,1610612753,ORL,G,25,6,4,0.325,7,13,0.538,0.576,-0.037
2021-22,1628476,Derrick Walton Jr.,1610612765,DET,G,27,3,3,0.317,5,13,0.385,0.603,-0.218
2021-22,1630241,Sam Merrill,1610612763,MEM,G,26,6,5,0.545,8,12,0.667,0.63,0.037
2021-22,1627820,Tyrone Wallace,1610612740,NOP,G,28,5,4,0.462,8,12,0.667,0.597,0.07
2021-22,1630582,Yves Pons,1610612763,MEM,F,23,9,7,0.48,5,12,0.417,0.618,-0.201
2021-22,1630585,Marcus Garrett,1610612748,MIA,G,23,9,6,0.364,8,12,0.667,0.541,0.126
2021-22,1630573,Sam Hauser,1610612738,BOS,F,24,16,8,0.279,3,12,0.25,0.631,-0.381
2021-22,1630176,Vernon Carey Jr.,1610612764,WAS,F-C,21,4,4,0.379,6,11,0.545,0.65,-0.104
2021-22,1628982,Melvin Frazier Jr.,1610612760,OKC,G-F,25,3,3,0.393,8,11,0.727,0.623,0.104
2021-22,1630602,Chaundee Brown Jr.,1610612737,ATL,F,23,5,4,0.344,7,11,0.636,0.653,-0.016
2021-22,1630758,Aleem Ford,1610612753,ORL,F,24,5,4,0.379,8,11,0.727,0.556,0.171
2021-22,204038,Langston Galloway,1610612749,MIL,G,30,7,5,0.314,6,11,0.545,0.605,-0.06
2021-22,1629683,Quinndary Weatherspoon,1610612744,GSW,G,25,8,6,0.458,9,11,0.818,0.631,0.188
2021-22,1627853,Ryan Arcidiacono,1610612752,NYK,G,28,8,6,0.323,5,10,0.5,0.559,-0.059
2021-22,1630210,Markus Howard,1610612743,DEN,G,23,18,8,0.2,6,10,0.6,0.623,-0.023
2021-22,1629730,Rayjon Tucker,1610612749,MIL,G,24,5,5,0.294,10,10,1,0.6,0.4
2021-22,1630225,Isaiah Todd,1610612764,WAS,F,20,8,5,0.417,8,10,0.8,0.601,0.199
2021-22,1630218,Robert Woodard II,1610612759,SAS,F,22,6,4,0.556,5,10,0.5,0.603,-0.103
2021-22,1629653,Devon Dotson,1610612741,CHI,G,22,8,6,0.391,6,9,0.667,0.58,0.086
2021-22,1630466,Gabriel Deck,1610612760,OKC,F,27,7,4,0.346,5,9,0.556,0.631,-0.075
2021-22,1628419,Cameron Oliver,1610612737,ATL,F,25,2,2,0.409,5,9,0.556,0.695,-0.139
2021-22,1629626,Bol Bol,1610612753,ORL,C-F,22,11,6,0.243,7,9,0.778,0.679,0.099
2021-22,1630250,Marko Simonovic,1610612741,CHI,C,22,8,5,0.346,3,9,0.333,0.611,-0.277
2021-22,203516,James Ennis III,1610612743,DEN,F,31,7,4,0.381,4,8,0.5,0.625,-0.125
2021-22,1629035,Carsen Edwards,1610612765,DET,G,24,4,4,0.286,7,8,0.875,0.675,0.2
2021-22,1630539,Kai Jones,1610612766,CHA,C-F,21,12,5,0.333,5,8,0.625,0.443,0.182
2021-22,1630243,Trevelin Queen,1610612745,HOU,G,25,9,6,0.333,5,8,0.625,0.551,0.075
2021-22,2617,Udonis Haslem,1610612748,MIA,F,42,11,5,0.222,8,8,1,0.582,0.418
2021-22,1629605,Tacko Fall,1610612739,CLE,C,26,8,5,0.226,3,7,0.429,0.683,-0.254
2021-22,1627822,Petr Cornelie,1610612743,DEN,F,26,10,6,0.389,4,7,0.571,0.6,-0.029
2021-22,1630644,Mac McClung,1610612747,LAL,G,23,1,1,0.6,5,6,0.833,0.638,0.196
2021-22,1629619,Myles Powell,1610612755,PHI,G,24,8,4,0.3,1,6,0.167,0.258,-0.092
2021-22,1630695,Micah Potter,1610612765,DET,C,24,3,3,0.3,4,6,0.667,0.671,-0.004
2021-22,1629671,Miye Oni,1610612762,UTA,G-F,24,7,3,0.357,3,5,0.6,0.59,0.01
2021-22,1630271,Brodric Thomas,1610612738,BOS,G,25,6,4,0.455,3,5,0.6,0.55,0.05
2021-22,1630536,Sharife Cooper,1610612737,ATL,G,21,9,5,0.278,5,5,1,0.61,0.39
2021-22,1630565,Aaron Henry,1610612755,PHI,F,22,5,4,0.625,1,5,0.2,0.447,-0.247
2021-22,202688,Brandon Knight,1610612742,DAL,G,30,4,3,0.294,4,5,0.8,0.632,0.168
2021-22,1629686,Deividas Sirvydis,1610612765,DET,F-G,22,3,3,0.5,3,5,0.6,0.656,-0.056
2021-22,1627767,Cheick Diallo,1610612765,DET,F-C,25,3,3,0.313,5,5,1,0.617,0.383
2021-22,1630643,Jay Huff,1610612747,LAL,F,24,4,3,0.455,1,5,0.2,0.554,-0.354
2021-22,1630994,Gabriel Lundberg,1610612756,PHX,G,27,3,2,0.357,4,5,0.8,0.654,0.146
2021-22,1628994,George King,1610612742,DAL,F-G,28,4,3,0.455,4,5,0.8,0.76,0.04
2021-22,1629752,Juwan Morgan,1610612738,BOS,F,25,2,2,0.25,3,4,0.75,0.625,0.125
2021-22,1627885,Shaquille Harrison,1610612751,BKN,G,28,2,2,0.571,3,4,0.75,0.619,0.132
2021-22,203658,Norvel Pelle,1610612762,UTA,C,29,2,2,0.333,4,4,1,0.61,0.391
2021-22,1630216,Cassius Winston,1610612764,WAS,G,24,7,4,0.308,4,4,1,0.649,0.351
2021-22,1628382,Justin Jackson,1610612756,PHX,F,27,4,3,0.444,2,4,0.5,0.602,-0.102
2021-22,1630787,Cameron McGriff,1610612757,POR,F,24,3,3,0.222,3,4,0.75,0.66,0.09
2021-22,203917,Nik Stauskas,1610612738,BOS,G,28,5,3,0.235,4,4,1,0.601,0.399
2021-22,1630187,Daniel Oturu,1610612761,TOR,C,22,2,2,0.286,1,4,0.25,0.676,-0.426
2021-22,1630306,Rob Edwards,1610612760,OKC,G,25,2,1,0.6,1,3,0.333,0.167,0.166
2021-22,1629150,Emanuel Terry,1610612756,PHX,F,25,2,2,0.375,2,3,0.667,0.665,0.002
2021-22,1630605,JaQuori McLaughlin,1610612742,DAL,G,24,2,2,0.75,2,3,0.667,0.623,0.043
2021-22,1629682,Tremont Waters,1610612764,WAS,G,24,3,1,0.231,2,3,0.667,0.727,-0.061
2021-22,1630238,Malik Fitts,1610612738,BOS,F,24,11,3,0.125,3,3,1,0.61,0.39
2021-22,1630270,Xavier Sneed,1610612762,UTA,F,24,7,2,0.3,2,3,0.667,0.694,-0.027
2021-22,1630531,Jaden Springer,1610612755,PHI,G,19,2,2,1,1,3,0.333,0.191,0.142
2021-22,1629751,Dakota Mathias,1610612763,MEM,G,26,3,2,0.5,3,3,1,0.526,0.474
2021-22,1629607,Jared Harper,1610612740,NOP,G,24,4,2,0.111,0,2,0,0.471,-0.471
2021-22,1626144,Emmanuel Mudiay,1610612758,SAC,G,26,1,1,0.5,1,2,0.5,0.557,-0.057
2021-22,1629203,Jemerrio Jones,1610612747,LAL,F,27,1,1,0.5,1,2,0.5,0.697,-0.197
2021-22,1627782,Wayne Selden,1610612752,NYK,G,27,3,2,0.25,2,2,1,0.635,0.365
2021-22,201954,Darren Collison,1610612747,LAL,G,34,3,1,0.125,1,2,0.5,0.644,-0.144
2021-22,1630222,Mason Jones,1610612747,LAL,G,23,4,1,0.2,1,2,0.5,0.582,-0.082
2021-22,1630237,Anthony Lamb,1610612745,HOU,F,24,2,2,0.667,1,2,0.5,0.687,-0.187
2021-22,1630589,Moses Wright,1610612742,DAL,F,23,3,2,0.333,2,2,1,0.646,0.355
2021-22,1629309,Trayvon Palmer,1610612765,DET,G,27,1,1,0.4,2,2,1,0.572,0.429
2021-22,1630593,McKinley Wright IV,1610612750,MIN,G,23,3,2,0.4,2,2,1,0.541,0.459
2021-22,1628395,Jordan Bell,1610612741,CHI,F,27,1,1,1,2,2,1,0.639,0.361
2021-22,1630286,Trevon Scott,1610612739,CLE,F,25,2,1,0.4,1,2,0.5,0.693,-0.193
2021-22,1628990,Chandler Hutchison,1610612756,PHX,F-G,26,3,2,0.5,2,2,1,0.603,0.397
2021-22,1629600,Jarron Cumberland,1610612757,POR,G,24,1,1,1,0,2,0,0.598,-0.598
2021-22,1629610,DaQuan Jeffries,1610612763,MEM,G-F,24,2,1,0.25,1,1,1,0.514,0.486
2021-22,1628422,Damyean Dotson,1610612752,NYK,G,28,1,1,0.5,0,1,0,0.532,-0.532
2021-22,1630647,Eugene Omoruyi,1610612742,DAL,F,25,2,1,0.2,1,1,1,0.589,0.411
2021-22,1630648,Jordan Schakel,1610612764,WAS,G,24,4,1,0.067,0,1,0,0.556,-0.556
2021-22,1629083,Arnoldas Kulboka,1610612766,CHA,F,24,1,1,1,1,1,1,0.75,0.25
2021-22,1630257,Jon Teske,1610612763,MEM,C,25,2,1,0.5,1,1,1,0.613,0.387
2021-22,1630637,Carlik Jones,1610612743,DEN,G,24,5,1,0.111,0,1,0,0.592,-0.592
2021-22,1627760,Cat Barber,1610612737,ATL,G,27,2,1,0.333,1,1,1,0.618,0.382
2021-22,1629635,Sekou Doumbouya,1610612747,LAL,F,21,2,1,0.167,0,1,0,0.597,-0.597
2021-22,1630575,Scottie Lewis,1610612766,CHA,G,22,1,1,1,1,1,1,0.697,0.303
2021-22,203816,Scotty Hopson,1610612760,OKC,G-F,32,1,1,0.143,0,1,0,0.502,-0.502
2021-22,1629602,Javin DeLaurier,1610612749,MIL,C,24,1,1,0.5,1,1,1,0.723,0.277
2021-22,1628537,Jaylen Morris,1610612759,SAS,G,26,3,1,0.167,1,1,1,0.543,0.457
2021-22,1626155,Sam Dekker,1610612761,TOR,F,28,1,1,0.5,0,1,0,0.528,-0.528
2022-23,1627734,Domantas Sabonis,1610612758,SAC,F-C,27,79,79,0.475,426,690,0.617,0.651,-0.034
2022-23,1630596,Evan Mobley,1610612739,CLE,C,22,79,79,0.45,367,638,0.575,0.637,-0.061
2022-23,201572,Brook Lopez,1610612749,MIL,C,35,78,78,0.357,325,629,0.517,0.649,-0.132
2022-23,202696,Nikola Vučević,1610612741,CHI,C,32,82,81,0.451,420,628,0.669,0.652,0.017
2022-23,203999,Nikola Jokić,1610612743,DEN,C,28,69,69,0.425,388,595,0.652,0.647,0.005
2022-23,1630578,Alperen Sengun,1610612745,HOU,C,20,75,75,0.474,338,549,0.616,0.648,-0.032
2022-23,1627751,Jakob Poeltl,1610612761,TOR,C,27,72,72,0.472,325,537,0.605,0.644,-0.039
2022-23,203954,Joel Embiid,1610612755,PHI,C-F,29,66,66,0.423,338,535,0.632,0.645,-0.014
2022-23,1629651,Nic Claxton,1610612751,BKN,C,24,76,76,0.44,299,533,0.561,0.64,-0.079
2022-23,203497,Rudy Gobert,1610612750,MIN,C,31,70,70,0.413,298,526,0.567,0.644,-0.078
2022-23,204001,Kristaps Porziņģis,1610612764,WAS,F-C,27,65,63,0.459,281,524,0.536,0.645,-0.109
2022-23,1630567,Scottie Barnes,1610612761,TOR,F,21,77,77,0.455,325,523,0.621,0.64,-0.018
2022-23,1626167,Myles Turner,1610612754,IND,C-F,27,62,62,0.483,299,512,0.584,0.65,-0.066
2022-23,1627826,Ivica Zubac,1610612746,LAC,C,26,76,75,0.376,274,506,0.542,0.652,-0.11
2022-23,1631117,Walker Kessler,1610612762,UTA,C,21,74,74,0.459,256,497,0.515,0.646,-0.131
2022-23,203486,Mason Plumlee,1610612746,LAC,F-C,33,79,76,0.433,300,481,0.624,0.647,-0.023
2022-23,1631095,Jabari Smith Jr.,1610612745,HOU,F,20,79,79,0.408,298,473,0.63,0.644,-0.014
2022-23,1629234,Drew Eubanks,1610612757,POR,F-C,26,78,77,0.492,278,471,0.59,0.641,-0.051
2022-23,203482,Kelly Olynyk,1610612762,UTA,F-C,32,68,67,0.45,285,470,0.606,0.641,-0.035
2022-23,202685,Jonas Valanciunas,1610612740,NOP,C,31,79,79,0.452,304,463,0.657,0.653,0.004
2022-23,1628386,Jarrett Allen,1610612739,CLE,C,25,68,68,0.425,256,462,0.554,0.641,-0.086
2022-23,1627741,Buddy Hield,1610612754,IND,G,30,80,80,0.4,276,460,0.6,0.634,-0.034
2022-23,1630168,Onyeka Okongwu,1610612737,ATL,F-C,22,80,78,0.453,274,458,0.598,0.639,-0.04
2022-23,1629655,Daniel Gafford,1610612764,WAS,F-C,24,78,78,0.491,251,456,0.55,0.651,-0.101
2022-23,1630581,Josh Giddey,1610612760,OKC,G,20,76,76,0.467,269,446,0.603,0.642,-0.039
2022-23,1628380,Zach Collins,1610612759,SAS,F-C,25,63,63,0.485,254,442,0.575,0.646,-0.072
2022-23,1626220,Royce O'Neale,1610612751,BKN,F,30,76,76,0.421,260,438,0.594,0.636,-0.043
2022-23,1628401,Derrick White,1610612738,BOS,G,28,80,80,0.418,238,425,0.56,0.625,-0.065
2022-23,1628381,John Collins,1610612737,ATL,F-C,25,71,71,0.426,267,422,0.633,0.648,-0.016
2022-23,1626172,Kevon Looney,1610612744,GSW,F,27,82,81,0.356,253,421,0.601,0.643,-0.042
2022-23,1627749,Dejounte Murray,1610612737,ATL,G,26,74,73,0.463,271,419,0.647,0.63,0.017
2022-23,1629023,P.J. Washington,1610612766,CHA,F,24,73,73,0.419,246,412,0.597,0.641,-0.044
2022-23,1628991,Jaren Jackson Jr.,1610612763,MEM,F-C,23,63,62,0.462,210,411,0.511,0.64,-0.129
2022-23,203084,Harrison Barnes,1610612758,SAC,F,31,82,80,0.366,249,405,0.615,0.643,-0.029
2022-23,1630183,Jaden McDaniels,1610612750,MIN,F,22,79,77,0.391,226,404,0.559,0.631,-0.072
2022-23,1627783,Pascal Siakam,1610612761,TOR,F,29,71,71,0.401,264,404,0.653,0.642,0.012
2022-23,1627832,Fred VanVleet,1610612761,TOR,G,29,69,69,0.387,254,403,0.63,0.63,0
2022-23,203991,Clint Capela,1610612737,ATL,C,29,65,65,0.417,234,398,0.588,0.649,-0.061
2022-23,1628404,Josh Hart,1610612752,NYK,G,28,76,75,0.398,256,398,0.643,0.638,0.005
2022-23,1631094,Paolo Banchero,1610612753,ORL,F,20,72,72,0.412,241,395,0.61,0.639,-0.029
2022-23,203076,Anthony Davis,1610612747,LAL,F-C,30,56,56,0.407,232,394,0.589,0.655,-0.066
2022-23,1628983,Shai Gilgeous-Alexander,1610612760,OKC,G,24,68,68,0.391,240,389,0.617,0.63,-0.013
2022-23,1629029,Luka Dončić,1610612742,DAL,F-G,24,65,65,0.411,262,388,0.675,0.636,0.04
2022-23,203110,Draymond Green,1610612744,GSW,F,33,73,72,0.349,204,387,0.527,0.642,-0.115
2022-23,1630583,Santi Aldama,1610612763,MEM,F-C,22,77,75,0.441,239,386,0.619,0.632,-0.012
2022-23,203944,Julius Randle,1610612752,NYK,F-C,28,77,76,0.352,252,386,0.653,0.633,0.02
2022-23,203994,Jusuf Nurkić,1610612757,POR,C,28,52,51,0.456,237,384,0.617,0.653,-0.036
2022-23,1628389,Bam Adebayo,1610612748,MIA,C-F,25,75,73,0.352,254,379,0.67,0.654,0.016
2022-23,1631105,Jalen Duren,1610612765,DET,C,19,67,67,0.443,223,379,0.588,0.649,-0.061
2022-23,1630166,Deni Avdija,1610612764,WAS,F,22,76,75,0.384,228,377,0.605,0.639,-0.034
2022-23,1628374,Lauri Markkanen,1610612762,UTA,F-C,26,66,65,0.429,195,377,0.517,0.641,-0.124
2022-23,1630162,Anthony Edwards,1610612750,MIN,G,21,79,79,0.383,237,375,0.632,0.625,0.007
2022-23,201143,Al Horford,1610612738,BOS,C-F,37,63,63,0.352,214,365,0.586,0.641,-0.054
2022-23,1629020,Jarred Vanderbilt,1610612747,LAL,F,24,78,74,0.43,228,362,0.63,0.642,-0.012
2022-23,1630165,Killian Hayes,1610612765,DET,G,21,76,75,0.413,235,361,0.651,0.636,0.015
2022-23,1631093,Jaden Ivey,1610612765,DET,G,21,74,73,0.417,246,360,0.683,0.629,0.055
2022-23,1626174,Christian Wood,1610612742,DAL,F,27,67,65,0.44,200,359,0.557,0.631,-0.074
2022-23,1630172,Patrick Williams,1610612741,CHI,F,21,82,81,0.392,218,357,0.611,0.637,-0.026
2022-23,1631097,Bennedict Mathurin,1610612754,IND,G-F,21,78,78,0.44,210,355,0.592,0.636,-0.045
2022-23,1630530,Trey Murphy III,1610612740,NOP,F,23,79,78,0.392,236,354,0.667,0.636,0.031
2022-23,1628989,Kevin Huerter,1610612758,SAC,G-F,24,75,74,0.397,234,352,0.665,0.634,0.031
2022-23,1630193,Immanuel Quickley,1610612752,NYK,G,24,81,81,0.366,202,352,0.574,0.623,-0.049
2022-23,1628976,Wendell Carter Jr.,1610612753,ORL,C-F,24,57,57,0.403,211,351,0.601,0.64,-0.039
2022-23,1628971,Bruce Brown,1610612743,DEN,G-F,26,80,75,0.366,222,351,0.632,0.626,0.006
2022-23,1627827,Dorian Finney-Smith,1610612751,BKN,F,30,66,63,0.4,201,350,0.574,0.645,-0.071
2022-23,1629014,Anfernee Simons,1610612757,POR,G,24,62,62,0.403,234,350,0.669,0.632,0.036
2022-23,1629028,Deandre Ayton,1610612756,PHX,C,24,67,67,0.348,214,348,0.615,0.644,-0.029
2022-23,1628997,Caleb Martin,1610612748,MIA,F,27,71,71,0.373,229,346,0.662,0.628,0.034
2022-23,1629675,Naz Reid,1610612750,MIN,C-F,23,68,66,0.494,215,345,0.623,0.639,-0.016
2022-23,203939,Dwight Powell,1610612742,DAL,F-C,31,76,74,0.41,214,344,0.622,0.642,-0.02
2022-23,1630200,Tre Jones,1610612759,SAS,G,23,68,65,0.431,222,343,0.647,0.626,0.021
2022-23,1628369,Jayson Tatum,1610612738,BOS,F-G,25,74,73,0.389,213,341,0.625,0.63,-0.006
2022-23,203468,CJ McCollum,1610612740,NOP,G,31,75,75,0.329,239,338,0.707,0.634,0.073
2022-23,201942,DeMar DeRozan,1610612741,CHI,G-F,33,74,72,0.383,223,338,0.66,0.642,0.018
2022-23,1629001,De'Anthony Melton,1610612755,PHI,G,25,77,75,0.358,213,335,0.636,0.623,0.013
2022-23,1628392,Isaiah Hartenstein,1610612752,NYK,C-F,25,82,79,0.407,192,332,0.578,0.641,-0.063
2022-23,1631114,Jalen Williams,1610612760,OKC,G-F,22,75,74,0.453,209,330,0.633,0.635,-0.001
2022-23,1629628,RJ Barrett,1610612752,NYK,F-G,23,72,71,0.341,185,328,0.564,0.619,-0.055
2022-23,203915,Spencer Dinwiddie,1610612751,BKN,G,30,79,77,0.377,199,328,0.607,0.632,-0.025
2022-23,1630224,Jalen Green,1610612745,HOU,G,21,76,71,0.375,204,327,0.624,0.636,-0.012
2022-23,1627759,Jaylen Brown,1610612738,BOS,G-F,26,67,67,0.378,193,326,0.592,0.634,-0.042
2022-23,1629640,Keldon Johnson,1610612759,SAS,F-G,23,63,62,0.453,206,325,0.634,0.64,-0.006
2022-23,1630208,Nick Richards,1610612766,CHA,C,25,65,62,0.462,188,324,0.58,0.657,-0.077
2022-23,1628368,De'Aaron Fox,1610612758,SAC,G,25,73,72,0.333,223,323,0.69,0.631,0.059
2022-23,1628978,Donte DiVincenzo,1610612744,GSW,G,26,72,68,0.398,194,321,0.604,0.626,-0.022
2022-23,1631099,Keegan Murray,1610612758,SAC,F,22,80,79,0.411,201,320,0.628,0.631,-0.003
2022-23,1630174,Aaron Nesmith,1610612754,IND,G-F,23,73,72,0.421,199,317,0.628,0.646,-0.019
2022-23,1630557,Corey Kispert,1610612764,WAS,F,24,74,73,0.41,192,315,0.61,0.63,-0.02
2022-23,201950,Jrue Holiday,1610612749,MIL,G,33,67,67,0.338,189,314,0.602,0.636,-0.035
2022-23,203903,Jordan Clarkson,1610612762,UTA,G,31,61,61,0.441,184,314,0.586,0.626,-0.04
2022-23,1626156,D'Angelo Russell,1610612747,LAL,G,27,71,69,0.39,190,310,0.613,0.619,-0.006
2022-23,201587,Nicolas Batum,1610612746,LAC,G-F,34,78,74,0.46,183,310,0.59,0.636,-0.046
2022-23,1627747,Caris LeVert,1610612739,CLE,G,28,74,73,0.386,182,309,0.589,0.627,-0.038
2022-23,203493,Reggie Bullock Jr.,1610612742,DAL,G-F,32,78,74,0.393,195,309,0.631,0.637,-0.006
2022-23,1628972,Troy Brown Jr.,1610612747,LAL,G-F,23,76,73,0.359,207,309,0.67,0.633,0.037
2022-23,203897,Zach LaVine,1610612741,CHI,G,28,77,77,0.309,184,306,0.601,0.631,-0.029
2022-23,1628398,Kyle Kuzma,1610612764,WAS,F,27,64,63,0.39,175,305,0.574,0.637,-0.064
2022-23,1626171,Bobby Portis Jr.,1610612749,MIL,F,28,70,68,0.401,192,305,0.63,0.641,-0.012
2022-23,1630559,Austin Reaves,1610612747,LAL,G,25,64,61,0.35,187,304,0.615,0.623,-0.008
2022-23,202681,Kyrie Irving,1610612742,DAL,G,31,60,60,0.377,183,303,0.604,0.631,-0.027
2022-23,1629027,Trae Young,1610612737,ATL,G,24,73,70,0.387,192,303,0.634,0.614,0.02
2022-23,1629614,Andrew Nembhard,1610612754,IND,G-F,23,75,69,0.352,174,301,0.578,0.631,-0.053
2022-23,1630532,Franz Wagner,1610612753,ORL,F,21,80,80,0.328,205,299,0.686,0.642,0.043
2022-23,1629631,De'Andre Hunter,1610612737,ATL,F-G,25,67,66,0.355,186,299,0.622,0.638,-0.016
2022-23,1629667,Jalen McDaniels,1610612755,PHI,F-C,25,80,74,0.355,187,299,0.625,0.629,-0.003
2022-23,1628415,Dillon Brooks,1610612763,MEM,G-F,27,73,71,0.322,174,299,0.582,0.627,-0.045
2022-23,1629639,Tyler Herro,1610612748,MIA,G,23,67,65,0.361,193,298,0.648,0.63,0.018
2022-23,202331,Paul George,1610612746,LAC,F,33,56,54,0.384,190,297,0.64,0.639,0.001
2022-23,1629645,Kevin Porter Jr.,1610612745,HOU,G-F,23,59,59,0.339,212,297,0.714,0.636,0.078
2022-23,203937,Kyle Anderson,1610612750,MIN,F-G,29,68,67,0.399,173,295,0.586,0.63,-0.044
2022-23,203507,Giannis Antetokounmpo,1610612749,MIL,F,28,62,60,0.373,141,294,0.48,0.646,-0.167
2022-23,1628470,Torrey Craig,1610612756,PHX,F,32,79,77,0.373,169,293,0.577,0.636,-0.059
2022-23,201144,Mike Conley,1610612750,MIN,G,35,67,67,0.378,184,293,0.628,0.63,-0.002
2022-23,1629630,Ja Morant,1610612763,MEM,G,23,61,58,0.411,167,292,0.572,0.628,-0.056
2022-23,1630543,Isaiah Jackson,1610612754,IND,F,21,63,61,0.486,168,289,0.581,0.641,-0.059
2022-23,1627736,Malik Beasley,1610612747,LAL,G,26,81,74,0.404,185,289,0.64,0.63,0.01
2022-23,1630188,Jalen Smith,1610612754,IND,F-C,23,67,63,0.461,174,287,0.606,0.641,-0.035
2022-23,203932,Aaron Gordon,1610612743,DEN,F,27,68,67,0.381,175,286,0.612,0.636,-0.024
2022-23,1627750,Jamal Murray,1610612743,DEN,G,26,65,65,0.354,197,286,0.689,0.624,0.065
2022-23,1629652,Luguentz Dort,1610612760,OKC,G,24,74,69,0.31,185,284,0.651,0.628,0.023
2022-23,1628384,OG Anunoby,1610612761,TOR,F,25,67,67,0.366,162,281,0.577,0.642,-0.066
2022-23,1630529,Herbert Jones,1610612740,NOP,F,24,66,62,0.361,188,280,0.671,0.636,0.036
2022-23,1629656,Quentin Grimes,1610612752,NYK,G,23,70,65,0.344,173,280,0.618,0.624,-0.006
2022-23,1630245,Ayo Dosunmu,1610612741,CHI,G,23,80,76,0.359,176,280,0.629,0.622,0.007
2022-23,1629723,John Konchar,1610612763,MEM,G,27,71,67,0.412,167,276,0.605,0.62,-0.015
2022-23,1628969,Mikal Bridges,1610612751,BKN,F,26,56,55,0.378,170,276,0.616,0.629,-0.013
2022-23,1631110,Jeremy Sochan,1610612759,SAS,F,20,56,56,0.429,161,275,0.585,0.637,-0.052
2022-23,203924,Jerami Grant,1610612757,POR,F,29,63,62,0.385,164,274,0.599,0.638,-0.039
2022-23,1629611,Terance Mann,1610612746,LAC,G-F,26,81,79,0.388,184,274,0.672,0.633,0.039
2022-23,201976,Patrick Beverley,1610612741,CHI,G,34,67,66,0.384,191,274,0.697,0.64,0.057
2022-23,1629622,Max Strus,1610612748,MIA,G-F,27,80,76,0.301,189,274,0.69,0.631,0.059
2022-23,1631101,Shaedon Sharpe,1610612757,POR,G,20,80,75,0.401,175,273,0.641,0.627,0.014
2022-23,203501,Tim Hardaway Jr.,1610612742,DAL,G-F,31,71,71,0.329,175,272,0.643,0.631,0.012
2022-23,1626179,Terry Rozier,1610612766,CHA,G,29,63,58,0.339,176,269,0.654,0.624,0.031
2022-23,203471,Dennis Schröder,1610612747,LAL,G,29,66,65,0.335,177,268,0.66,0.618,0.042
2022-23,1630570,Trendon Watford,1610612757,POR,F,22,60,54,0.46,174,267,0.652,0.636,0.016
2022-23,1630214,Xavier Tillman,1610612763,MEM,F,24,59,55,0.426,147,265,0.555,0.631,-0.076
2022-23,203081,Damian Lillard,1610612757,POR,G,32,58,56,0.41,180,264,0.682,0.629,0.053
2022-23,1628418,Thomas Bryant,1610612743,DEN,C-F,25,58,55,0.432,181,263,0.688,0.646,0.043
2022-23,202699,Tobias Harris,1610612755,PHI,F,30,74,71,0.339,172,263,0.654,0.637,0.017
2022-23,203992,Bogdan Bogdanović,1610612737,ATL,G,30,54,53,0.364,166,262,0.634,0.631,0.003
2022-23,1629011,Mitchell Robinson,1610612752,NYK,C-F,25,59,59,0.382,150,262,0.573,0.644,-0.072
2022-23,203500,Steven Adams,1610612763,MEM,C,29,42,41,0.438,137,261,0.525,0.643,-0.118
2022-23,1629673,Jordan Poole,1610612744,GSW,G,24,82,77,0.324,168,260,0.646,0.629,0.018
2022-23,1630191,Isaiah Stewart,1610612765,DET,F-C,22,50,49,0.354,158,260,0.608,0.654,-0.046
2022-23,1629636,Darius Garland,1610612739,CLE,G,23,69,68,0.346,165,259,0.637,0.625,0.012
2022-23,1629684,Grant Williams,1610612738,BOS,F,24,79,72,0.318,167,259,0.645,0.633,0.012
2022-23,201566,Russell Westbrook,1610612746,LAC,G,34,73,68,0.36,161,258,0.624,0.631,-0.007
2022-23,1631106,Tari Eason,1610612745,HOU,F,22,82,76,0.36,169,257,0.658,0.633,0.024
2022-23,201142,Kevin Durant,1610612756,PHX,F,34,47,46,0.366,140,255,0.549,0.636,-0.087
2022-23,1628973,Jalen Brunson,1610612752,NYK,G,26,68,68,0.297,169,254,0.665,0.617,0.049
2022-23,202694,Marcus Morris Sr.,1610612746,LAC,F,33,65,64,0.377,162,251,0.645,0.634,0.011
2022-23,1628960,Grayson Allen,1610612749,MIL,G,27,72,70,0.342,167,251,0.665,0.631,0.034
2022-23,1628378,Donovan Mitchell,1610612739,CLE,G,26,68,66,0.361,168,249,0.675,0.625,0.05
2022-23,203484,Kentavious Caldwell-Pope,1610612743,DEN,G,30,76,73,0.348,176,249,0.707,0.62,0.087
2022-23,201935,James Harden,1610612755,PHI,G,33,58,55,0.333,168,248,0.677,0.634,0.044
2022-23,1629111,Jock Landale,1610612756,PHX,C,27,68,64,0.451,141,248,0.569,0.645,-0.076
2022-23,101108,Chris Paul,1610612756,PHX,G,38,59,58,0.379,149,248,0.601,0.634,-0.033
2022-23,1630598,Aaron Wiggins,1610612760,OKC,G,24,68,64,0.398,150,247,0.607,0.622,-0.015
2022-23,202711,Bojan Bogdanovic,1610612765,DET,F,34,59,58,0.371,170,245,0.694,0.642,0.052
2022-23,1627936,Alex Caruso,1610612741,CHI,G,29,67,65,0.328,148,243,0.609,0.625,-0.016
2022-23,1630237,Anthony Lamb,1610612744,GSW,F,25,62,59,0.434,141,243,0.58,0.621,-0.04
2022-23,2544,LeBron James,1610612747,LAL,F,38,55,53,0.387,142,242,0.587,0.643,-0.057
2022-23,1630228,Jonathan Kuminga,1610612744,GSW,F,20,66,64,0.373,142,241,0.589,0.636,-0.047
2022-23,1630231,KJ Martin,1610612745,HOU,F,22,82,72,0.339,151,240,0.629,0.648,-0.019
2022-23,1629117,Wenyen Gabriel,1610612747,LAL,F,26,66,62,0.433,137,240,0.571,0.636,-0.066
2022-23,1628420,Monte Morris,1610612764,WAS,G,28,62,60,0.396,153,238,0.643,0.626,0.017
2022-23,1629626,Bol Bol,1610612753,ORL,C-F,23,70,63,0.357,156,238,0.655,0.644,0.011
2022-23,1631109,Mark Williams,1610612766,CHA,C,21,42,39,0.484,149,238,0.626,0.648,-0.021
2022-23,1631100,AJ Griffin,1610612737,ATL,F,19,70,69,0.427,152,237,0.641,0.635,0.007
2022-23,1630173,Precious Achiuwa,1610612761,TOR,F,23,55,53,0.437,146,237,0.616,0.645,-0.029
2022-23,1628966,Keita Bates-Diop,1610612759,SAS,F,27,66,62,0.385,147,234,0.628,0.642,-0.013
2022-23,1630169,Tyrese Haliburton,1610612754,IND,G,23,56,56,0.412,150,233,0.644,0.631,0.013
2022-23,202687,Bismack Biyombo,1610612756,PHX,C,30,60,57,0.472,116,230,0.504,0.647,-0.143
2022-23,1628449,Chris Boucher,1610612761,TOR,F-C,30,76,73,0.396,139,229,0.607,0.637,-0.03
2022-23,202695,Kawhi Leonard,1610612746,LAC,F,32,52,51,0.36,129,228,0.566,0.641,-0.075
2022-23,202691,Klay Thompson,1610612744,GSW,G,33,69,68,0.338,156,228,0.684,0.639,0.045
2022-23,1629632,Coby White,1610612741,CHI,G,23,74,69,0.309,148,226,0.655,0.635,0.02
2022-23,1626204,Larry Nance Jr.,1610612740,NOP,F-C,30,65,61,0.425,154,226,0.681,0.652,0.03
2022-23,1626164,Devin Booker,1610612756,PHX,G,26,53,50,0.331,147,226,0.65,0.633,0.018
2022-23,1630180,Saddiq Bey,1610612737,ATL,F,24,76,68,0.371,166,225,0.738,0.64,0.098
2022-23,1630230,Naji Marshall,1610612740,NOP,F,25,77,67,0.347,147,225,0.653,0.636,0.017
2022-23,1627814,Damion Lee,1610612756,PHX,G-F,30,72,69,0.404,144,223,0.646,0.63,0.015
2022-23,1627763,Malcolm Brogdon,1610612738,BOS,G,30,67,63,0.371,137,222,0.617,0.632,-0.015
2022-23,1630217,Desmond Bane,1610612763,MEM,G,25,58,57,0.331,128,221,0.579,0.627,-0.048
2022-23,202704,Reggie Jackson,1610612743,DEN,G,33,67,64,0.316,134,221,0.606,0.621,-0.015
2022-23,1629008,Michael Porter Jr.,1610612743,DEN,F,25,62,59,0.404,141,220,0.641,0.634,0.007
2022-23,1629021,Moritz Wagner,1610612753,ORL,F-C,26,57,55,0.37,160,220,0.727,0.653,0.074
2022-23,1628370,Malik Monk,1610612758,SAC,G,25,76,71,0.369,129,214,0.603,0.627,-0.024
2022-23,1630197,Aleksej Pokusevski,1610612760,OKC,F,21,34,32,0.542,127,213,0.596,0.649,-0.053
2022-23,1629018,Gary Trent Jr.,1610612761,TOR,G-F,24,66,65,0.387,131,212,0.618,0.63,-0.012
2022-23,201939,Stephen Curry,1610612744,GSW,G,35,56,56,0.33,134,212,0.632,0.623,0.009
2022-23,202710,Jimmy Butler III,1610612748,MIA,F,33,64,59,0.305,145,212,0.684,0.634,0.05
2022-23,1628365,Markelle Fultz,1610612753,ORL,G,25,60,58,0.345,148,212,0.698,0.63,0.068
2022-23,1629006,Josh Okogie,1610612756,PHX,G,24,65,60,0.398,125,210,0.595,0.629,-0.034
2022-23,203488,Mike Muscala,1610612738,BOS,F-C,31,63,61,0.436,128,210,0.61,0.643,-0.034
2022-23,1626162,Kelly Oubre Jr.,1610612766,CHA,F-G,27,48,47,0.395,132,210,0.629,0.63,-0.002
2022-23,201567,Kevin Love,1610612748,MIA,F-C,34,62,57,0.403,135,209,0.646,0.644,0.002
2022-23,1626168,Trey Lyles,1610612758,SAC,F,27,74,68,0.412,121,208,0.582,0.629,-0.047
2022-23,1626153,Delon Wright,1610612764,WAS,G,31,50,50,0.391,132,206,0.641,0.628,0.013
2022-23,1630586,Usman Garuba,1610612745,HOU,F,21,75,69,0.389,132,206,0.641,0.638,0.003
2022-23,1630587,Isaiah Livers,1610612765,DET,F,24,52,48,0.423,113,205,0.551,0.624,-0.073
2022-23,1629634,Brandon Clarke,1610612763,MEM,F,26,56,54,0.449,109,204,0.534,0.633,-0.099
2022-23,1626196,Josh Richardson,1610612740,NOP,G,29,65,63,0.38,137,203,0.675,0.626,0.049
2022-23,200768,Kyle Lowry,1610612748,MIA,G,37,55,53,0.34,134,201,0.667,0.635,0.032
2022-23,1627777,Georges Niang,1610612755,PHI,F,30,78,71,0.345,133,200,0.665,0.631,0.034
2022-23,1630550,JT Thor,1610612766,CHA,F,20,65,60,0.447,128,200,0.64,0.634,0.006
2022-23,200782,P.J. Tucker,1610612755,PHI,F,38,74,69,0.275,131,200,0.655,0.645,0.01
2022-23,1631103,Malaki Branham,1610612759,SAS,F,20,66,62,0.386,129,200,0.645,0.635,0.01
2022-23,1630573,Sam Hauser,1610612738,BOS,F,25,77,69,0.394,118,200,0.59,0.618,-0.028
2022-23,1630552,Jalen Johnson,1610612737,ATL,F,21,68,59,0.448,118,199,0.593,0.639,-0.046
2022-23,1628436,Luke Kornet,1610612738,BOS,C-F,27,65,52,0.377,114,199,0.573,0.638,-0.065
2022-23,1630164,James Wiseman,1610612765,DET,C,22,44,43,0.452,134,199,0.673,0.649,0.025
2022-23,1626192,Pat Connaughton,1610612749,MIL,G,30,61,54,0.361,109,199,0.548,0.645,-0.097
2022-23,1626145,Tyus Jones,1610612763,MEM,G,27,79,73,0.366,120,199,0.603,0.619,-0.016
2022-23,1630198,Isaiah Joe,1610612760,OKC,G,23,70,65,0.379,125,198,0.631,0.63,0.002
2022-23,1628372,Dennis Smith Jr.,1610612766,CHA,G,25,54,51,0.355,106,198,0.535,0.612,-0.077
2022-23,1630175,Cole Anthony,1610612753,ORL,G,23,60,54,0.309,134,198,0.677,0.633,0.044
2022-23,1630558,Davion Mitchell,1610612758,SAC,G,24,80,74,0.338,134,197,0.68,0.616,0.064
2022-23,1630700,Dyson Daniels,1610612740,NOP,G,20,57,49,0.377,122,196,0.622,0.639,-0.016
2022-23,1629139,Yuta Watanabe,1610612751,BKN,G-F,28,55,49,0.441,123,196,0.628,0.624,0.004
2022-23,203083,Andre Drummond,1610612741,CHI,C,29,67,59,0.432,123,195,0.631,0.654,-0.024
2022-23,1630194,Paul Reed,1610612755,PHI,F,24,63,55,0.455,116,193,0.601,0.632,-0.031
2022-23,1630692,Jordan Goodwin,1610612764,WAS,G,24,60,55,0.373,112,193,0.58,0.625,-0.045
2022-23,203935,Marcus Smart,1610612738,BOS,G,29,61,57,0.294,129,192,0.672,0.634,0.038
2022-23,1628975,Jevon Carter,1610612749,MIL,G,27,81,75,0.328,122,192,0.635,0.619,0.017
2022-23,1631119,Jaylin Williams,1610612760,OKC,F,21,49,47,0.39,134,189,0.709,0.648,0.061
2022-23,203925,Joe Harris,1610612751,BKN,G-F,31,74,65,0.349,120,188,0.638,0.641,-0.003
2022-23,1630163,LaMelo Ball,1610612766,CHA,G,21,36,35,0.395,119,187,0.636,0.625,0.012
2022-23,1627732,Ben Simmons,1610612751,BKN,G-F,26,42,42,0.425,115,187,0.615,0.644,-0.029
2022-23,1631223,David Roddy,1610612763,MEM,F,22,69,66,0.348,106,187,0.567,0.622,-0.055
2022-23,1631132,Christian Koloko,1610612761,TOR,C,23,55,53,0.482,101,186,0.543,0.64,-0.097
2022-23,1629060,Rui Hachimura,1610612747,LAL,F,25,63,57,0.359,103,185,0.557,0.634,-0.077
2022-23,1630544,Tre Mann,1610612760,OKC,G,22,65,60,0.405,115,184,0.625,0.63,-0.005
2022-23,1628963,Marvin Bagley III,1610612765,DET,F,24,42,40,0.387,109,184,0.592,0.656,-0.063
2022-23,1628467,Maxi Kleber,1610612742,DAL,F,31,37,35,0.364,122,184,0.663,0.627,0.036
2022-23,1629659,Talen Horton-Tucker,1610612762,UTA,G,22,63,57,0.349,112,182,0.615,0.627,-0.012
2022-23,1630171,Isaac Okoro,1610612739,CLE,F-G,22,76,67,0.327,99,180,0.55,0.628,-0.078
2022-23,204456,T.J. McConnell,1610612754,IND,G,31,75,66,0.359,109,178,0.612,0.623,-0.01
2022-23,1630526,Jeremiah Robinson-Earl,1610612760,OKC,F,22,42,41,0.432,110,178,0.618,0.646,-0.028
2022-23,202709,Cory Joseph,1610612765,DET,G,31,61,54,0.367,119,176,0.676,0.621,0.055
2022-23,1630178,Tyrese Maxey,1610612755,PHI,G,22,60,53,0.309,114,175,0.651,0.631,0.021
2022-23,1630170,Devin Vassell,1610612759,SAS,G-F,22,38,38,0.481,111,175,0.634,0.63,0.005
2022-23,1627742,Brandon Ingram,1610612740,NOP,F,25,45,44,0.346,108,175,0.617,0.639,-0.022
2022-23,203078,Bradley Beal,1610612764,WAS,G,30,50,47,0.305,105,174,0.603,0.636,-0.032
2022-23,203082,Terrence Ross,1610612756,PHX,G-F,32,62,56,0.368,119,174,0.684,0.631,0.053
2022-23,1629216,Gabe Vincent,1610612748,MIA,G,27,68,57,0.255,116,172,0.674,0.622,0.053
2022-23,1629002,Chimezie Metu,1610612758,SAC,F-C,26,62,57,0.432,99,169,0.586,0.638,-0.053
2022-23,1630537,Chris Duarte,1610612754,IND,G,26,46,42,0.4,107,169,0.633,0.62,0.013
2022-23,1629669,Jaylen Nowell,1610612750,MIN,G,23,65,56,0.433,121,169,0.716,0.626,0.09
2022-23,1628984,Devonte' Graham,1610612759,SAS,G,28,73,59,0.341,122,169,0.722,0.628,0.094
2022-23,1631128,Christian Braun,1610612743,DEN,G,22,66,57,0.363,109,168,0.649,0.641,0.008
2022-23,203952,Andrew Wiggins,1610612744,GSW,F,28,37,36,0.339,103,168,0.613,0.638,-0.025
2022-23,1630182,Josh Green,1610612742,DAL,G,22,60,54,0.348,118,168,0.702,0.625,0.077
2022-23,1630538,Bones Hyland,1610612746,LAC,G,22,56,50,0.372,109,166,0.657,0.614,0.043
2022-23,1629052,Oshae Brissett,1610612754,IND,F-G,25,64,58,0.457,100,165,0.606,0.637,-0.031
2022-23,202692,Alec Burks,1610612765,DET,G,31,51,50,0.437,100,165,0.606,0.63,-0.024
2022-23,1629026,Kenrich Williams,1610612760,OKC,G-F,28,53,50,0.403,101,165,0.612,0.626,-0.014
2022-23,1628969,Mikal Bridges,1610612751,BKN,G-F,26,26,26,0.429,93,164,0.567,0.633,-0.066
2022-23,1630591,Jalen Suggs,1610612753,ORL,G,22,53,50,0.318,101,164,0.616,0.633,-0.017
2022-23,1629022,Lonnie Walker IV,1610612747,LAL,G-F,24,54,47,0.336,106,164,0.646,0.633,0.014
2022-23,1628379,Luke Kennard,1610612763,MEM,G,27,59,54,0.355,103,163,0.632,0.624,0.008
2022-23,201569,Eric Gordon,1610612746,LAC,G,34,68,61,0.323,116,163,0.712,0.628,0.084
2022-23,1629661,Cameron Johnson,1610612751,BKN,F,27,42,38,0.351,98,162,0.605,0.636,-0.031
2022-23,1629647,Darius Bazley,1610612756,PHX,F,23,42,40,0.451,91,162,0.562,0.643,-0.081
2022-23,203926,Doug McDermott,1610612759,SAS,F,31,64,59,0.355,96,161,0.596,0.632,-0.035
2022-23,1629670,Jordan Nwora,1610612754,IND,F,24,59,53,0.369,104,160,0.65,0.626,0.024
2022-23,1630205,Lamar Stevens,1610612739,CLE,F,25,60,51,0.327,91,159,0.572,0.631,-0.059
2022-23,1628964,Mo Bamba,1610612747,LAL,C,25,47,42,0.384,95,156,0.609,0.636,-0.027
2022-23,203496,Robert Covington,1610612746,LAC,F,32,47,44,0.437,97,156,0.622,0.629,-0.007
2022-23,1626181,Norman Powell,1610612746,LAC,G,30,60,55,0.333,104,156,0.667,0.622,0.045
2022-23,1629680,Matisse Thybulle,1610612757,POR,G-F,26,67,51,0.371,100,155,0.645,0.626,0.019
2022-23,201145,Jeff Green,1610612743,DEN,F,36,56,54,0.347,99,155,0.639,0.63,0.008
2022-23,1629642,Nassir Little,1610612757,POR,F-G,23,54,52,0.404,96,152,0.632,0.626,0.005
2022-23,1627752,Taurean Prince,1610612750,MIN,F,29,53,47,0.384,92,152,0.605,0.622,-0.017
2022-23,202330,Gordon Hayward,1610612766,CHA,F,33,50,47,0.302,91,149,0.611,0.642,-0.031
2022-23,1628977,Hamidou Diallo,1610612765,DET,G,24,56,50,0.409,87,149,0.584,0.644,-0.06
2022-23,1630560,Cam Thomas,1610612751,BKN,G,21,53,46,0.416,90,149,0.604,0.632,-0.028
2022-23,1630579,Jericho Sims,1610612752,NYK,C,24,50,44,0.404,97,148,0.655,0.653,0.003
2022-23,1629003,Shake Milton,1610612755,PHI,G-F,26,75,62,0.312,97,147,0.66,0.62,0.04
2022-23,1630534,Ochai Agbaji,1610612762,UTA,G,23,56,46,0.308,88,147,0.599,0.624,-0.025
2022-23,1630631,Jose Alvarado,1610612740,NOP,G,25,61,52,0.285,100,146,0.685,0.631,0.054
2022-23,1629134,Kendrick Nunn,1610612764,WAS,G,27,63,55,0.378,92,145,0.634,0.626,0.008
2022-23,1629638,Nickeil Alexander-Walker,1610612750,MIN,G,24,54,49,0.379,80,144,0.556,0.624,-0.069
2022-23,1629629,Cam Reddish,1610612757,POR,F-G,23,40,39,0.361,93,144,0.646,0.633,0.012
2022-23,1626224,Cedi Osman,1610612739,CLE,F,28,76,62,0.334,91,142,0.641,0.618,0.022
2022-23,1629731,Dean Wade,1610612739,CLE,F-C,26,42,39,0.437,84,141,0.596,0.632,-0.036
2022-23,203967,Dario Saric,1610612760,OKC,F-C,29,56,45,0.41,91,141,0.645,0.641,0.005
2022-23,201152,Thaddeus Young,1610612761,TOR,F,35,53,48,0.405,105,140,0.75,0.645,0.105
2022-23,1630177,Theo Maledon,1610612766,CHA,G,22,44,41,0.419,88,140,0.629,0.62,0.009
2022-23,1631133,Jabari Walker,1610612757,POR,F,20,51,40,0.523,77,139,0.554,0.625,-0.071
2022-23,200752,Rudy Gay,1610612762,UTA,F-G,36,56,49,0.436,79,139,0.568,0.627,-0.059
2022-23,1627884,Derrick Jones Jr.,1610612741,CHI,F,26,61,51,0.39,86,138,0.623,0.631,-0.008
2022-23,1626157,Karl-Anthony Towns,1610612750,MIN,C-F,27,29,29,0.343,80,138,0.58,0.627,-0.048
2022-23,203552,Seth Curry,1610612751,BKN,G,32,60,50,0.325,94,136,0.691,0.624,0.067
2022-23,1630192,Zeke Nnaji,1610612743,DEN,F-C,22,50,43,0.416,80,136,0.588,0.637,-0.049
2022-23,1626149,Montrezl Harrell,1610612755,PHI,F-C,29,54,46,0.375,87,136,0.64,0.638,0.002
2022-23,1630572,Sandro Mamukelashvili,1610612759,SAS,F-C,24,38,36,0.435,88,134,0.657,0.635,0.021
2022-23,1629056,Terence Davis,1610612758,SAC,G,26,60,51,0.39,87,134,0.649,0.62,0.029
2022-23,203210,JaMychal Green,1610612744,GSW,F-C,33,57,48,0.402,91,134,0.679,0.641,0.039
2022-23,203506,Victor Oladipo,1610612748,MIA,G,31,42,40,0.287,93,133,0.699,0.62,0.079
2022-23,1630227,Daishen Nix,1610612745,HOU,G,21,55,50,0.405,87,133,0.654,0.629,0.026
2022-23,1629312,Haywood Highsmith,1610612748,MIA,F,26,50,44,0.326,75,131,0.573,0.622,-0.049
2022-23,1630541,Moses Moody,1610612744,GSW,G,21,60,49,0.419,82,131,0.626,0.623,0.003
2022-23,1629012,Collin Sexton,1610612762,UTA,G,24,48,44,0.347,80,127,0.63,0.621,0.009
2022-23,1626195,Willy Hernangomez,1610612740,NOP,C-F,29,35,34,0.5,85,124,0.685,0.649,0.037
2022-23,1630181,R.J. Hampton,1610612765,DET,G,22,43,39,0.445,75,122,0.615,0.622,-0.008
2022-23,203115,Will Barton,1610612761,TOR,G,32,53,44,0.411,85,120,0.708,0.64,0.068
2022-23,1630549,Day'Ron Sharpe,1610612751,BKN,C,21,46,34,0.378,71,119,0.597,0.647,-0.05
2022-23,203200,Justin Holiday,1610612742,DAL,F-G,34,44,39,0.428,77,118,0.653,0.643,0.01
2022-23,1629646,Charles Bassey,1610612759,SAS,C-F,22,33,29,0.459,67,118,0.568,0.645,-0.077
2022-23,1630528,Josh Christopher,1610612745,HOU,G,21,58,47,0.386,75,114,0.658,0.63,0.028
2022-23,1629627,Zion Williamson,1610612740,NOP,F,22,29,29,0.32,69,114,0.605,0.631,-0.026
2022-23,1630540,Miles McBride,1610612752,NYK,G,22,58,43,0.329,62,114,0.544,0.618,-0.074
2022-23,1629660,Ty Jerome,1610612744,GSW,G-F,25,43,39,0.342,73,113,0.646,0.623,0.023
2022-23,1627863,Danuel House Jr.,1610612755,PHI,F-G,30,51,38,0.383,73,113,0.646,0.624,0.022
2022-23,201599,DeAndre Jordan,1610612743,DEN,C,34,39,34,0.457,73,113,0.646,0.648,-0.002
2022-23,1628995,Kevin Knox II,1610612757,POR,F,23,59,42,0.34,70,112,0.625,0.629,-0.004
2022-23,1626166,Cameron Payne,1610612756,PHX,G,28,47,42,0.39,73,112,0.652,0.63,0.022
2022-23,1628988,Aaron Holiday,1610612737,ATL,G,26,60,47,0.333,79,111,0.712,0.622,0.09
2022-23,203914,Gary Harris,1610612753,ORL,G,28,48,42,0.291,73,111,0.658,0.644,0.014
2022-23,203085,Austin Rivers,1610612750,MIN,G,30,48,44,0.33,75,111,0.676,0.62,0.056
2022-23,1631230,Dominick Barlow,1610612759,SAS,F,20,28,26,0.507,61,110,0.555,0.644,-0.09
2022-23,1628427,Vlatko Cancar,1610612743,DEN,F,26,51,43,0.364,79,110,0.718,0.635,0.083
2022-23,1629308,Juan Toscano-Anderson,1610612762,UTA,F,30,48,40,0.341,71,110,0.645,0.643,0.003
2022-23,1629057,Robert Williams III,1610612738,BOS,C-F,25,35,35,0.286,60,109,0.55,0.629,-0.078
2022-23,1629013,Landry Shamet,1610612756,PHX,G,26,39,32,0.356,68,109,0.624,0.623,0.001
2022-23,1630167,Obi Toppin,1610612752,NYK,F,25,66,46,0.322,67,109,0.615,0.634,-0.02
2022-23,203933,T.J. Warren,1610612756,PHX,F,29,40,34,0.452,72,108,0.667,0.651,0.015
2022-23,1627823,Juancho Hernangomez,1610612761,TOR,F,27,40,35,0.41,67,107,0.626,0.635,-0.009
2022-23,201580,JaVale McGee,1610612742,DAL,C-F,35,41,37,0.498,69,107,0.645,0.643,0.001
2022-23,204060,Joe Ingles,1610612749,MIL,F-G,35,46,36,0.344,65,105,0.619,0.623,-0.004
2022-23,202322,John Wall,1610612746,LAC,G,32,34,32,0.387,67,103,0.65,0.62,0.031
2022-23,1630699,MarJon Beauchamp,1610612749,MIL,F,22,48,39,0.383,65,102,0.637,0.616,0.021
2022-23,201588,George Hill,1610612754,IND,G,37,46,37,0.317,58,101,0.574,0.609,-0.034
2022-23,1630264,Anthony Gill,1610612764,WAS,F,30,48,36,0.385,59,101,0.584,0.641,-0.057
2022-23,1631172,Ousmane Dieng,1610612760,OKC,F,20,38,32,0.446,53,100,0.53,0.61,-0.08
2022-23,1628373,Frank Ntilikina,1610612742,DAL,G,24,41,34,0.404,63,99,0.636,0.628,0.008
2022-23,1630533,Ziaire Williams,1610612763,MEM,F,21,35,29,0.365,51,99,0.515,0.623,-0.108
2022-23,201933,Blake Griffin,1610612738,BOS,F,34,40,34,0.31,66,98,0.673,0.635,0.038
2022-23,1631216,Caleb Houstan,1610612753,ORL,G,20,48,40,0.373,53,98,0.541,0.637,-0.097
2022-23,201609,Goran Dragic,1610612749,MIL,G,37,58,46,0.372,63,97,0.649,0.616,0.034
2022-23,1631121,Bryce McGowens,1610612766,CHA,G,20,41,38,0.392,57,96,0.594,0.606,-0.012
2022-23,1630539,Kai Jones,1610612766,CHA,C-F,22,41,32,0.44,43,95,0.453,0.631,-0.178
2022-23,1626159,Justise Winslow,1610612757,POR,F-G,27,29,27,0.369,54,93,0.581,0.642,-0.062
2022-23,1630702,Jaden Hardy,1610612742,DAL,G,20,45,33,0.354,65,92,0.707,0.628,0.078
2022-23,202083,Wesley Matthews,1610612749,MIL,G,36,50,40,0.311,64,91,0.703,0.643,0.06
2022-23,1631115,Orlando Robinson,1610612748,MIA,C,22,30,29,0.479,56,91,0.615,0.64,-0.025
2022-23,1629676,Isaiah Roby,1610612752,NYK,F,25,41,33,0.423,56,90,0.622,0.638,-0.016
2022-23,1628981,Bruno Fernando,1610612737,ATL,F-C,24,37,32,0.448,54,90,0.6,0.641,-0.041
2022-23,202722,Davis Bertans,1610612742,DAL,F,30,45,35,0.411,51,90,0.567,0.633,-0.066
2022-23,203476,Gorgui Dieng,1610612759,SAS,C,33,29,26,0.404,59,90,0.656,0.636,0.02
2022-23,1629641,Romeo Langford,1610612759,SAS,G-F,23,41,37,0.324,59,89,0.663,0.631,0.032
2022-23,1629048,Goga Bitadze,1610612753,ORL,C-F,23,36,31,0.438,50,89,0.562,0.655,-0.094
2022-23,203114,Khris Middleton,1610612749,MIL,F,31,33,29,0.286,60,89,0.674,0.62,0.054
2022-23,1631104,Blake Wesley,1610612759,SAS,G,20,37,31,0.383,53,88,0.602,0.608,-0.005
2022-23,201577,Robin Lopez,1610612739,CLE,C,35,34,28,0.478,55,87,0.632,0.652,-0.02
2022-23,1629643,Chuma Okeke,1610612753,ORL,F,24,25,24,0.416,56,87,0.644,0.641,0.003
2022-23,201959,Taj Gibson,1610612764,WAS,F,38,45,37,0.429,62,87,0.713,0.649,0.064
2022-23,203473,Dewayne Dedmon,1610612755,PHI,C,33,38,33,0.404,49,86,0.57,0.654,-0.084
2022-23,1630688,Ish Wainright,1610612756,PHX,F,28,54,41,0.344,53,86,0.616,0.627,-0.011
2022-23,1631323,Simone Fontecchio,1610612762,UTA,F,27,45,36,0.384,60,86,0.698,0.629,0.068
2022-23,1627745,Damian Jones,1610612762,UTA,C,28,34,33,0.371,45,85,0.529,0.646,-0.117
2022-23,1630322,Lindy Waters III,1610612760,OKC,F,25,40,35,0.36,52,85,0.612,0.641,-0.029
2022-23,1630647,Eugene Omoruyi,1610612765,DET,F,26,39,33,0.361,43,84,0.512,0.637,-0.125
2022-23,1629162,Jordan McLaughlin,1610612750,MIN,G,27,43,38,0.364,58,84,0.69,0.62,0.07
2022-23,1630256,Jae'Sean Tate,1610612745,HOU,F,27,31,29,0.319,40,83,0.482,0.621,-0.139
2022-23,1630201,Malachi Flynn,1610612761,TOR,G,25,48,36,0.323,55,82,0.671,0.63,0.041
2022-23,1628410,Edmond Sumner,1610612751,BKN,G,27,50,41,0.368,55,81,0.679,0.637,0.042
2022-23,1629637,Jaxson Hayes,1610612740,NOP,C-F,23,42,30,0.31,49,78,0.628,0.636,-0.008
2022-23,1630547,James Bouknight,1610612766,CHA,G,22,31,27,0.379,49,78,0.628,0.627,0.001
2022-23,1629726,Garrison Mathews,1610612737,ATL,G,26,52,38,0.291,56,77,0.727,0.634,0.093
2022-23,1631108,Max Christie,1610612747,LAL,G,20,34,26,0.318,40,76,0.526,0.627,-0.101
2022-23,1629750,Javonte Green,1610612741,CHI,G,29,32,28,0.349,42,76,0.553,0.642,-0.089
2022-23,1627739,Kris Dunn,1610612762,UTA,G,29,22,21,0.322,50,75,0.667,0.633,0.033
2022-23,1629130,Duncan Robinson,1610612748,MIA,F,29,41,32,0.342,51,75,0.68,0.631,0.049
2022-23,1630202,Payton Pritchard,1610612738,BOS,G,25,42,30,0.319,47,74,0.635,0.61,0.025
2022-23,1631222,Jake LaRavia,1610612763,MEM,F,21,33,26,0.374,42,73,0.575,0.616,-0.041
2022-23,1629650,Moses Brown,1610612746,LAC,C,23,35,29,0.384,39,73,0.534,0.64,-0.106
2022-23,1630595,Cade Cunningham,1610612765,DET,G,21,12,12,0.382,45,71,0.634,0.655,-0.021
2022-23,201937,Ricky Rubio,1610612739,CLE,G,32,33,26,0.368,43,71,0.606,0.613,-0.007
2022-23,1629599,Amir Coffey,1610612746,LAC,G-F,26,39,31,0.363,47,70,0.671,0.624,0.047
2022-23,1630556,Kessler Edwards,1610612758,SAC,F,22,32,25,0.368,38,70,0.543,0.647,-0.104
2022-23,1626169,Stanley Johnson,1610612762,UTA,F-G,27,29,27,0.399,36,69,0.522,0.619,-0.098
2022-23,202693,Markieff Morris,1610612742,DAL,F,33,35,29,0.435,42,67,0.627,0.625,0.002
2022-23,1629004,Svi Mykhailiuk,1610612766,CHA,G-F,26,25,20,0.387,43,65,0.662,0.622,0.039
2022-23,1626158,Richaun Holmes,1610612758,SAC,F,29,38,26,0.424,39,64,0.609,0.643,-0.033
2022-23,203109,Jae Crowder,1610612749,MIL,F,32,18,18,0.432,35,64,0.547,0.618,-0.072
2022-23,1630553,Keon Johnson,1610612757,POR,G,21,32,24,0.418,40,64,0.625,0.607,0.018
2022-23,1628962,Udoka Azubuike,1610612762,UTA,C-F,23,34,20,0.323,37,64,0.578,0.651,-0.073
2022-23,1630568,Luka Garza,1610612750,MIN,C,24,24,17,0.47,43,63,0.683,0.651,0.032
2022-23,1630613,Duane Washington Jr.,1610612752,NYK,G,23,28,22,0.401,41,63,0.651,0.645,0.006
2022-23,203526,Raul Neto,1610612739,CLE,G,31,43,30,0.299,37,61,0.607,0.608,-0.001
2022-23,1630577,Julian Champagnie,1610612759,SAS,F,22,16,15,0.472,37,60,0.617,0.627,-0.01
2022-23,201988,Patty Mills,1610612751,BKN,G,34,39,28,0.351,43,59,0.729,0.633,0.096
2022-23,1629033,Theo Pinson,1610612742,DAL,G-F,27,28,22,0.457,44,59,0.746,0.621,0.124
2022-23,1630593,McKinley Wright IV,1610612742,DAL,G,24,23,18,0.407,37,59,0.627,0.62,0.007
2022-23,1631102,TyTy Washington Jr.,1610612745,HOU,G,21,30,22,0.361,40,57,0.702,0.611,0.091
2022-23,1629678,Admiral Schofield,1610612753,ORL,F,26,35,26,0.324,37,56,0.661,0.635,0.026
2022-23,1627780,Gary Payton II,1610612744,GSW,G,30,22,19,0.415,34,56,0.607,0.643,-0.036
2022-23,203585,Rodney McGruder,1610612765,DET,G,31,30,21,0.311,42,56,0.75,0.641,0.109
2022-23,1626163,Frank Kaminsky,1610612745,HOU,F-C,30,32,27,0.459,39,56,0.696,0.651,0.045
2022-23,1631098,Johnny Davis,1610612764,WAS,G,21,24,17,0.407,38,55,0.691,0.631,0.06
2022-23,1630284,Kevon Harris,1610612753,ORL,G,26,32,27,0.317,33,53,0.623,0.636,-0.013
2022-23,203457,Nerlens Noel,1610612751,BKN,C-F,29,14,14,0.5,37,53,0.698,0.651,0.047
2022-23,1630346,Matt Ryan,1610612750,MIN,F,26,29,24,0.362,30,51,0.588,0.614,-0.026
2022-23,203095,Evan Fournier,1610612752,NYK,G-F,30,24,20,0.327,38,49,0.776,0.615,0.161
2022-23,1627788,Furkan Korkmaz,1610612755,PHI,G-F,25,26,20,0.44,32,48,0.667,0.605,0.061
2022-23,203469,Cody Zeller,1610612748,MIA,F-C,30,15,15,0.425,33,48,0.688,0.662,0.025
2022-23,202397,Ish Smith,1610612743,DEN,G,34,33,26,0.331,37,48,0.771,0.614,0.157
2022-23,1631260,AJ Green,1610612749,MIL,G,23,27,21,0.333,30,47,0.638,0.635,0.003
2022-23,1631219,John Butler Jr.,1610612757,POR,F,20,18,15,0.448,27,47,0.574,0.629,-0.054
2022-23,1631217,Moussa Diabaté,1610612746,LAC,F,21,21,19,0.48,29,47,0.617,0.637,-0.02
2022-23,1630240,Saben Lee,1610612756,PHX,G,24,22,18,0.318,32,47,0.681,0.614,0.067
2022-23,201565,Derrick Rose,1610612752,NYK,G,34,27,21,0.343,26,47,0.553,0.61,-0.056
2022-23,1629644,KZ Okpala,1610612758,SAC,F-G,24,30,16,0.349,23,44,0.523,0.631,-0.108
2022-23,1630625,Dalano Banton,1610612761,TOR,F,23,28,22,0.379,28,44,0.636,0.644,-0.008
2022-23,1630233,Nathan Knight,1610612750,MIN,F-C,25,32,20,0.321,25,44,0.568,0.639,-0.071
2022-23,1630235,Trent Forrest,1610612737,ATL,G,25,22,17,0.338,27,44,0.614,0.629,-0.015
2022-23,1629603,Mamadi Diakite,1610612739,CLE,F,26,19,13,0.453,30,43,0.698,0.63,0.068
2022-23,1628432,Davon Reed,1610612743,DEN,G,28,35,28,0.331,28,42,0.667,0.599,0.068
2022-23,1631116,Patrick Baldwin Jr.,1610612744,GSW,F,20,25,23,0.488,30,41,0.732,0.628,0.103
2022-23,1630527,Brandon Boston,1610612746,LAC,G,21,19,16,0.435,24,40,0.6,0.61,-0.01
2022-23,1631107,Nikola Jović,1610612748,MIA,F,20,12,11,0.421,28,40,0.7,0.656,0.044
2022-23,1631212,Peyton Watson,1610612743,DEN,G,20,13,10,0.513,25,39,0.641,0.634,0.007
2022-23,203648,Thanasis Antetokounmpo,1610612749,MIL,F,30,22,16,0.424,26,39,0.667,0.628,0.039
2022-23,203458,Alex Len,1610612758,SAC,C,30,21,15,0.378,19,37,0.514,0.664,-0.15
2022-23,1630561,David Duke Jr.,1610612751,BKN,G,23,17,12,0.414,23,36,0.639,0.628,0.011
2022-23,201586,Serge Ibaka,1610612749,MIL,F,33,16,14,0.312,18,34,0.529,0.624,-0.095
2022-23,1631113,Kennedy Chandler,1610612763,MEM,G,20,26,21,0.355,24,33,0.727,0.599,0.128
2022-23,1630184,Kira Lewis Jr.,1610612740,NOP,G,22,22,17,0.397,21,31,0.677,0.658,0.019
2022-23,202066,Garrett Temple,1610612740,NOP,G-F,37,21,16,0.517,18,31,0.581,0.621,-0.04
2022-23,1630219,Skylar Mays,1610612757,POR,G,25,6,6,0.449,23,31,0.742,0.624,0.118
2022-23,203490,Otto Porter Jr.,1610612761,TOR,F,30,8,7,0.534,21,31,0.677,0.618,0.059
2022-23,203943,Noah Vonleh,1610612738,BOS,F,27,19,13,0.36,17,31,0.548,0.645,-0.096
2022-23,1631111,Wendell Moore Jr.,1610612750,MIN,G,21,22,16,0.544,22,31,0.71,0.612,0.098
2022-23,1630288,Jeff Dowtin Jr.,1610612761,TOR,G,26,21,14,0.357,18,30,0.6,0.642,-0.042
2022-23,1630696,Dru Smith,1610612751,BKN,G,25,13,11,0.411,18,30,0.6,0.625,-0.025
2022-23,1630548,Johnny Juzang,1610612762,UTA,G,22,18,16,0.349,19,29,0.655,0.637,0.018
2022-23,1641645,Xavier Cooks,1610612764,WAS,F,27,9,7,0.468,18,29,0.621,0.663,-0.042
2022-23,1629633,Jarrett Culver,1610612737,ATL,G-F,24,8,6,0.446,19,29,0.655,0.636,0.019
2022-23,1630678,Terry Taylor,1610612741,CHI,F,23,21,13,0.315,18,28,0.643,0.638,0.005
2022-23,203920,Khem Birch,1610612759,SAS,C,30,19,15,0.322,19,28,0.679,0.632,0.046
2022-23,1631288,Jamal Cain,1610612748,MIA,F,24,17,11,0.267,21,27,0.778,0.613,0.164
2022-23,1631254,Kenneth Lofton Jr.,1610612763,MEM,F,20,18,12,0.435,19,27,0.704,0.612,0.092
2022-23,1626246,Boban Marjanovic,1610612745,HOU,C,34,27,15,0.333,18,27,0.667,0.651,0.016
2022-23,1627854,Bryn Forbes,1610612750,MIN,G,29,24,17,0.299,16,26,0.615,0.619,-0.003
2022-23,1631245,Quenton Jackson,1610612764,WAS,G,24,8,6,0.448,18,26,0.692,0.624,0.068
2022-23,203086,Meyers Leonard,1610612749,MIL,F-C,31,8,5,0.295,19,26,0.731,0.628,0.103
2022-23,1629677,Luka Samanic,1610612762,UTA,F,23,7,7,0.4,17,26,0.654,0.654,0
2022-23,1631207,Dalen Terry,1610612741,CHI,F,20,26,14,0.329,17,26,0.654,0.65,0.004
2022-23,1630643,Jay Huff,1610612764,WAS,C,25,6,4,0.5,14,24,0.583,0.659,-0.075
2022-23,1628464,Daniel Theis,1610612754,IND,F-C,31,7,7,0.46,15,23,0.652,0.685,-0.033
2022-23,1631466,Nate Williams,1610612757,POR,G,24,5,5,0.467,14,21,0.667,0.621,0.045
2022-23,202689,Kemba Walker,1610612742,DAL,G,33,9,6,0.396,15,21,0.714,0.632,0.082
2022-23,203521,Matthew Dellavedova,1610612758,SAC,G,32,22,11,0.241,13,20,0.65,0.617,0.033
2022-23,1631197,Jared Rhoden,1610612765,DET,G,23,11,9,0.357,8,20,0.4,0.584,-0.184
2022-23,1631169,Josh Minott,1610612750,MIN,F,20,12,7,0.455,9,20,0.45,0.571,-0.121
2022-23,1627853,Ryan Arcidiacono,1610612752,NYK,G,29,14,6,0.328,11,20,0.55,0.611,-0.061
2022-23,2738,Andre Iguodala,1610612744,GSW,G-F,39,8,8,0.392,13,20,0.65,0.612,0.038
2022-23,1631303,Justin Minaya,1610612757,POR,F,24,4,4,0.455,13,20,0.65,0.622,0.028
2022-23,1630249,Vít Krejčí,1610612737,ATL,G,23,20,11,0.333,11,20,0.55,0.59,-0.04
2022-23,1630563,Joshua Primo,1610612759,SAS,G,20,4,4,0.463,11,19,0.579,0.602,-0.023
2022-23,1630846,Olivier Sarr,1610612760,OKC,C,24,6,6,0.439,11,18,0.611,0.66,-0.049
2022-23,1627885,Shaquille Harrison,1610612747,LAL,G,29,5,5,0.474,12,18,0.667,0.616,0.051
2022-23,201980,Danny Green,1610612739,CLE,G,36,10,6,0.308,13,16,0.813,0.636,0.176
2022-23,1631246,Vince Williams Jr.,1610612763,MEM,G,22,11,6,0.432,9,16,0.563,0.634,-0.071
2022-23,1630695,Micah Potter,1610612762,UTA,C,25,6,6,0.469,12,15,0.8,0.625,0.175
2022-23,1630639,A.J. Lawson,1610612742,DAL,G,22,8,5,0.359,11,14,0.786,0.631,0.155
2022-23,2617,Udonis Haslem,1610612748,MIA,F,43,7,6,0.424,8,14,0.571,0.651,-0.08
2022-23,1628371,Jonathan Isaac,1610612753,ORL,F,25,11,7,0.378,9,14,0.643,0.617,0.026
2022-23,1628408,PJ Dozier,1610612758,SAC,G-F,26,9,5,0.5,4,14,0.286,0.66,-0.374
2022-23,1631205,Buddy Boeheim,1610612765,DET,F,23,9,8,0.35,12,14,0.857,0.658,0.199
2022-23,201949,James Johnson,1610612754,IND,F,36,16,9,0.224,10,13,0.769,0.651,0.119
2022-23,1628382,Justin Jackson,1610612738,BOS,F,28,13,9,0.325,5,13,0.385,0.598,-0.213
2022-23,1628998,Cody Martin,1610612766,CHA,F,27,6,5,0.255,9,13,0.692,0.618,0.074
2022-23,1630600,Isaiah Mobley,1610612739,CLE,F,23,9,5,0.343,7,12,0.583,0.671,-0.087
2022-23,1630531,Jaden Springer,1610612755,PHI,G,20,11,6,0.4,7,12,0.583,0.635,-0.051
2022-23,1629623,Lindell Wigginton,1610612749,MIL,G,25,4,4,0.429,7,12,0.583,0.628,-0.044
2022-23,1630209,Omer Yurtseven,1610612748,MIA,C,25,7,5,0.333,7,12,0.583,0.651,-0.068
2022-23,1630270,Xavier Sneed,1610612766,CHA,F,25,4,4,0.6,6,12,0.5,0.59,-0.09
2022-23,1630554,Jason Preston,1610612746,LAC,G,23,11,7,0.364,8,12,0.667,0.643,0.024
2022-23,1628221,Gabe York,1610612754,IND,G,29,3,3,0.55,8,11,0.727,0.657,0.07
2022-23,1631165,Keon Ellis,1610612758,SAC,G,23,8,7,0.579,6,11,0.545,0.638,-0.093
2022-23,1629674,Neemias Queta,1610612758,SAC,C,23,5,3,0.526,7,10,0.7,0.636,0.064
2022-23,1631298,Jack White,1610612743,DEN,F,25,11,7,0.417,5,10,0.5,0.693,-0.193
2022-23,1628396,Tony Bradley,1610612741,CHI,C-F,25,11,9,0.5,7,10,0.7,0.659,0.041
2022-23,1631160,Jordan Hall,1610612759,SAS,G,21,8,6,0.3,9,9,1,0.594,0.406
2022-23,1631123,Jamaree Bouyea,1610612748,MIA,G,24,5,4,0.391,8,9,0.889,0.615,0.274
2022-23,1631213,Tyrese Martin,1610612737,ATL,G,24,10,5,0.4,6,8,0.75,0.663,0.087
2022-23,1630243,Trevelin Queen,1610612755,PHI,G,26,6,4,0.444,5,8,0.625,0.616,0.009
2022-23,1630225,Isaiah Todd,1610612764,WAS,F,21,3,2,0.444,3,8,0.375,0.617,-0.242
2022-23,1630195,Leandro Bolmaro,1610612762,UTA,F,22,10,6,0.259,3,7,0.429,0.62,-0.191
2022-23,1630535,Greg Brown III,1610612757,POR,F,21,10,5,0.318,2,7,0.286,0.611,-0.326
2022-23,1631367,Jacob Gilyard,1610612763,MEM,G,24,1,1,0.636,6,7,0.857,0.578,0.28
2022-23,1629714,Jarrell Brantley,1610612762,UTA,F,27,4,2,0.375,1,6,0.167,0.648,-0.481
2022-23,1629663,Louis King,1610612755,PHI,F,24,1,1,0.462,3,6,0.5,0.607,-0.107
2022-23,1631120,JD Davison,1610612738,BOS,G,20,7,2,0.261,4,6,0.667,0.649,0.017
2022-23,1631199,Ron Harper Jr.,1610612761,TOR,F,23,6,4,0.545,3,6,0.5,0.574,-0.074
2022-23,1631112,Kendall Brown,1610612754,IND,G,20,4,3,0.3,5,6,0.833,0.621,0.213
2022-23,1630637,Carlik Jones,1610612741,CHI,G,25,3,2,0.375,6,6,1,0.648,0.353
2022-23,1628424,Kobi Simmons,1610612766,CHA,G,25,5,4,0.417,3,5,0.6,0.552,0.048
2022-23,1629875,Xavier Moon,1610612746,LAC,G,28,4,3,0.5,4,5,0.8,0.614,0.186
2022-23,1630215,Jared Butler,1610612760,OKC,G,22,3,2,0.25,3,5,0.6,0.625,-0.025
2022-23,1631306,Cole Swider,1610612747,LAL,F,24,5,3,0.238,5,5,1,0.618,0.382
2022-23,1630241,Sam Merrill,1610612739,CLE,G,27,4,4,0.385,3,5,0.6,0.599,0.001
2022-23,1631157,Ryan Rollins,1610612744,GSW,G,20,7,4,0.238,4,5,0.8,0.559,0.241
2022-23,1628993,Alize Johnson,1610612759,SAS,F,27,4,3,0.455,0,5,0,0.545,-0.545
2022-23,1630590,Scotty Pippen Jr.,1610612747,LAL,G,22,5,3,0.417,2,5,0.4,0.482,-0.082
2022-23,203487,Michael Carter-Williams,1610612753,ORL,G,31,3,3,0.364,4,4,1,0.533,0.467
2022-23,1629662,Mfiondu Kabengele,1610612738,BOS,C,25,4,3,0.364,3,4,0.75,0.655,0.095
2022-23,1629653,Devon Dotson,1610612764,WAS,G,23,4,2,0.2,3,3,1,0.631,0.369
2022-23,1630250,Marko Simonovic,1610612741,CHI,C,23,3,3,0.6,2,3,0.667,0.607,0.06
2022-23,1631309,Trevor Hudgins,1610612745,HOU,G,24,3,2,0.429,2,3,0.667,0.581,0.086
2022-23,1630644,Mac McClung,1610612755,PHI,G,24,2,2,0.333,2,3,0.667,0.629,0.037
2022-23,1630580,Joe Wieskamp,1610612761,TOR,G-F,23,8,2,0.158,0,3,0,0.701,-0.701
2022-23,1630564,RaiQuan Gray,1610612751,BKN,F,23,1,1,0.176,1,3,0.333,0.673,-0.339
2022-23,1630176,Vernon Carey Jr.,1610612762,UTA,C,22,6,3,0.375,0,3,0,0.53,-0.53
2022-23,1630267,Facundo Campazzo,1610612742,DAL,G,32,5,2,0.143,2,2,1,0.586,0.414
2022-23,1631220,Dereon Seabron,1610612740,NOP,G,23,5,2,0.286,1,2,0.5,0.68,-0.18
2022-23,1630206,Jay Scrubb,1610612753,ORL,G,22,1,1,0.286,1,2,0.5,0.529,-0.029
2022-23,1628416,Tyler Dorsey,1610612742,DAL,G,27,2,1,0.667,2,2,1,0.596,0.404
2022-23,1630620,Darius Days,1610612745,HOU,F,23,3,1,0.333,1,2,0.5,0.576,-0.076
2022-23,1630551,Justin Champagnie,1610612738,BOS,G-F,22,3,2,0.286,2,2,1,0.703,0.297
2022-23,1631311,Lester Quinones,1610612744,GSW,G,22,3,2,0.286,1,2,0.5,0.523,-0.023
2022-23,1631320,Chima Moneke,1610612758,SAC,F,27,1,1,0.25,1,1,1,0.754,0.246
2022-23,1629126,Deonte Burton,1610612758,SAC,G-F,29,1,1,1,1,1,1,0.592,0.408
2022-23,1628425,Sterling Brown,1610612747,LAL,G-F,28,4,1,0.125,0,1,0,0.619,-0.619
2022-23,1629685,Dylan Windler,1610612739,CLE,G-F,26,2,1,0.2,1,1,1,0.561,0.439
2022-23,1628435,Chance Comanche,1610612757,POR,C,27,1,1,0.2,1,1,1,0.692,0.308
2023-24,201572,Brook Lopez,1610612749,MIL,C,36,79,79,0.384,375,673,0.557,0.639,-0.082
2023-24,1631096,Chet Holmgren,1610612760,OKC,C-F,22,82,82,0.501,352,666,0.529,0.642,-0.114
2023-24,203999,Nikola Jokić,1610612743,DEN,C,29,78,78,0.421,425,657,0.647,0.643,0.004
2023-24,1628386,Jarrett Allen,1610612739,CLE,C,26,76,76,0.493,358,630,0.568,0.643,-0.075
2023-24,1627734,Domantas Sabonis,1610612758,SAC,F-C,28,82,82,0.441,364,621,0.586,0.639,-0.053
2023-24,203497,Rudy Gobert,1610612750,MIN,C,32,76,76,0.41,292,591,0.494,0.628,-0.134
2023-24,1641705,Victor Wembanyama,1610612759,SAS,F-C,20,71,70,0.495,315,587,0.537,0.643,-0.107
2023-24,1626167,Myles Turner,1610612754,IND,C-F,28,77,76,0.499,343,576,0.595,0.642,-0.047
2023-24,203076,Anthony Davis,1610612747,LAL,F-C,31,76,76,0.401,325,576,0.564,0.638,-0.074
2023-24,1630166,Deni Avdija,1610612764,WAS,F,23,75,74,0.433,331,544,0.608,0.628,-0.02
2023-24,1629655,Daniel Gafford,1610612742,DAL,F-C,25,73,73,0.48,316,540,0.585,0.644,-0.059
2023-24,202696,Nikola Vučević,1610612741,CHI,C,33,75,75,0.437,342,537,0.637,0.639,-0.002
2023-24,1630578,Alperen Sengun,1610612745,HOU,C,21,63,63,0.443,314,527,0.596,0.643,-0.047
2023-24,203994,Jusuf Nurkić,1610612756,PHX,C,29,76,76,0.43,281,512,0.549,0.635,-0.086
2023-24,1629651,Nic Claxton,1610612751,BKN,C,25,70,70,0.426,285,510,0.559,0.63,-0.072
2023-24,1631094,Paolo Banchero,1610612753,ORL,F,21,80,79,0.436,297,493,0.602,0.636,-0.034
2023-24,1641706,Brandon Miller,1610612766,CHA,F,21,74,73,0.457,310,492,0.63,0.627,0.003
2023-24,1628392,Isaiah Hartenstein,1610612752,NYK,C-F,26,75,74,0.479,248,467,0.531,0.643,-0.112
2023-24,1630208,Nick Richards,1610612766,CHA,C,26,67,66,0.522,279,459,0.608,0.641,-0.033
2023-24,1627826,Ivica Zubac,1610612746,LAC,C,27,68,68,0.393,232,448,0.518,0.633,-0.115
2023-24,1630567,Scottie Barnes,1610612761,TOR,F-G,22,60,59,0.44,279,446,0.626,0.632,-0.006
2023-24,204001,Kristaps Porziņģis,1610612738,BOS,F-C,28,57,57,0.413,221,445,0.497,0.633,-0.137
2023-24,1627749,Dejounte Murray,1610612737,ATL,G,27,78,77,0.448,289,443,0.652,0.631,0.022
2023-24,1627783,Pascal Siakam,1610612754,IND,F,30,80,79,0.395,275,437,0.629,0.629,0
2023-24,203991,Clint Capela,1610612737,ATL,C,30,73,73,0.452,256,436,0.587,0.641,-0.053
2023-24,1628380,Zach Collins,1610612759,SAS,F-C,26,69,67,0.439,254,425,0.598,0.635,-0.037
2023-24,1629029,Luka Dončić,1610612742,DAL,F-G,25,70,69,0.39,268,424,0.632,0.631,0.001
2023-24,1630559,Austin Reaves,1610612747,LAL,G,26,82,81,0.353,264,421,0.627,0.628,-0.001
2023-24,202685,Jonas Valanciunas,1610612740,NOP,C,32,82,81,0.43,269,418,0.644,0.643,0.001
2023-24,202331,Paul George,1610612746,LAC,F,34,74,72,0.397,235,417,0.564,0.622,-0.058
2023-24,1630596,Evan Mobley,1610612739,CLE,C,23,50,50,0.467,224,416,0.538,0.635,-0.096
2023-24,1628983,Shai Gilgeous-Alexander,1610612760,OKC,G,25,75,75,0.398,256,415,0.617,0.624,-0.007
2023-24,1631110,Jeremy Sochan,1610612759,SAS,F,21,74,74,0.37,257,409,0.628,0.634,-0.006
2023-24,1629023,P.J. Washington,1610612742,DAL,F,25,72,72,0.429,249,408,0.61,0.632,-0.021
2023-24,1629632,Coby White,1610612741,CHI,G,24,78,77,0.34,287,407,0.705,0.629,0.077
2023-24,1631095,Jabari Smith Jr.,1610612745,HOU,F,21,76,75,0.377,241,406,0.594,0.636,-0.043
2023-24,1627741,Buddy Hield,1610612755,PHI,G,31,84,83,0.418,248,403,0.615,0.621,-0.006
2023-24,1631099,Keegan Murray,1610612758,SAC,F,23,77,77,0.413,236,403,0.586,0.628,-0.042
2023-24,1631117,Walker Kessler,1610612762,UTA,C,22,64,64,0.448,205,402,0.51,0.63,-0.12
2023-24,1630194,Paul Reed,1610612755,PHI,F,25,82,81,0.478,244,402,0.607,0.633,-0.026
2023-24,1628404,Josh Hart,1610612752,NYK,G,29,81,81,0.364,237,397,0.597,0.636,-0.039
2023-24,1628991,Jaren Jackson Jr.,1610612763,MEM,F-C,24,66,66,0.433,219,395,0.554,0.635,-0.081
2023-24,1628960,Grayson Allen,1610612756,PHX,G,28,75,75,0.342,248,394,0.629,0.628,0.001
2023-24,1630173,Precious Achiuwa,1610612752,NYK,F,24,74,72,0.451,232,394,0.589,0.631,-0.042
2023-24,1630552,Jalen Johnson,1610612737,ATL,F,22,56,56,0.454,241,391,0.616,0.637,-0.02
2023-24,1628398,Kyle Kuzma,1610612764,WAS,F,28,70,69,0.449,247,388,0.637,0.639,-0.003
2023-24,203482,Kelly Olynyk,1610612761,TOR,F-C,33,78,77,0.426,251,383,0.655,0.636,0.019
2023-24,201942,DeMar DeRozan,1610612741,CHI,G-F,34,78,78,0.403,235,383,0.614,0.63,-0.016
2023-24,1628401,Derrick White,1610612738,BOS,G,29,73,73,0.378,219,382,0.573,0.625,-0.051
2023-24,1627751,Jakob Poeltl,1610612761,TOR,C,28,50,50,0.487,217,374,0.58,0.64,-0.06
2023-24,203992,Bogdan Bogdanović,1610612737,ATL,G,31,79,77,0.341,226,369,0.612,0.624,-0.012
2023-24,201950,Jrue Holiday,1610612738,BOS,G,34,69,68,0.366,211,368,0.573,0.632,-0.059
2023-24,201935,James Harden,1610612746,LAC,G,34,72,71,0.377,233,365,0.638,0.633,0.005
2023-24,1628969,Mikal Bridges,1610612751,BKN,G-F,27,81,78,0.386,217,359,0.604,0.625,-0.02
2023-24,203507,Giannis Antetokounmpo,1610612749,MIL,F,29,73,72,0.393,192,358,0.536,0.63,-0.094
2023-24,1626171,Bobby Portis Jr.,1610612749,MIL,F,29,82,80,0.435,231,357,0.647,0.629,0.018
2023-24,1628381,John Collins,1610612762,UTA,F-C,26,68,66,0.427,221,355,0.623,0.639,-0.016
2023-24,1630174,Aaron Nesmith,1610612754,IND,G-F,24,72,72,0.392,186,354,0.525,0.637,-0.111
2023-24,1629028,Deandre Ayton,1610612757,POR,C,25,55,55,0.346,220,353,0.623,0.637,-0.014
2023-24,1630581,Josh Giddey,1610612760,OKC,G,21,80,80,0.43,203,353,0.575,0.619,-0.044
2023-24,203954,Joel Embiid,1610612755,PHI,C-F,30,39,39,0.421,188,351,0.536,0.641,-0.105
2023-24,1631105,Jalen Duren,1610612765,DET,C,20,61,60,0.387,222,351,0.632,0.646,-0.013
2023-24,1628971,Bruce Brown,1610612761,TOR,G-F,27,67,65,0.422,231,349,0.662,0.63,0.032
2023-24,1630595,Cade Cunningham,1610612765,DET,G,22,62,61,0.408,227,349,0.65,0.62,0.031
2023-24,1629675,Naz Reid,1610612750,MIN,C-F,24,81,79,0.443,200,349,0.573,0.63,-0.057
2023-24,1628970,Miles Bridges,1610612766,CHA,F,26,69,69,0.356,226,345,0.655,0.635,0.02
2023-24,1631093,Jaden Ivey,1610612765,DET,G,22,77,76,0.411,201,344,0.584,0.62,-0.036
2023-24,1626156,D'Angelo Russell,1610612747,LAL,G,28,76,75,0.341,228,343,0.665,0.627,0.037
2023-24,1627832,Fred VanVleet,1610612745,HOU,G,30,73,72,0.356,207,343,0.603,0.622,-0.018
2023-24,1629622,Max Strus,1610612739,CLE,G-F,28,69,68,0.348,190,342,0.556,0.624,-0.068
2023-24,1628374,Lauri Markkanen,1610612762,UTA,F-C,27,55,55,0.408,206,341,0.604,0.632,-0.028
2023-24,1641726,Dereck Lively II,1610612742,DAL,C,20,55,55,0.401,200,341,0.587,0.638,-0.052
2023-24,202699,Tobias Harris,1610612755,PHI,F,31,70,70,0.389,210,340,0.618,0.638,-0.021
2023-24,201142,Kevin Durant,1610612756,PHX,F,35,75,74,0.361,199,340,0.585,0.634,-0.049
2023-24,1628978,Donte DiVincenzo,1610612752,NYK,G,27,81,80,0.396,224,337,0.665,0.631,0.033
2023-24,1628389,Bam Adebayo,1610612748,MIA,C-F,26,71,70,0.339,195,336,0.58,0.637,-0.056
2023-24,203471,Dennis Schröder,1610612751,BKN,G,30,80,79,0.354,226,336,0.673,0.621,0.051
2023-24,1628415,Dillon Brooks,1610612745,HOU,G-F,28,72,70,0.331,214,335,0.639,0.632,0.007
2023-24,1627827,Dorian Finney-Smith,1610612751,BKN,F,31,67,65,0.415,194,334,0.581,0.627,-0.047
2023-24,1628368,De'Aaron Fox,1610612758,SAC,G,26,74,73,0.338,214,332,0.645,0.628,0.017
2023-24,1629008,Michael Porter Jr.,1610612743,DEN,F,26,80,80,0.425,199,332,0.599,0.626,-0.027
2023-24,1630224,Jalen Green,1610612745,HOU,G,22,82,78,0.395,195,327,0.596,0.625,-0.029
2023-24,1626162,Kelly Oubre Jr.,1610612755,PHI,F-G,28,68,68,0.441,193,326,0.592,0.622,-0.03
2023-24,1626164,Devin Booker,1610612756,PHX,G,27,68,65,0.368,204,322,0.634,0.623,0.01
2023-24,1628973,Jalen Brunson,1610612752,NYK,G,27,77,75,0.361,218,321,0.679,0.631,0.048
2023-24,1630583,Santi Aldama,1610612763,MEM,F-C,23,61,61,0.427,174,321,0.542,0.626,-0.084
2023-24,1630183,Jaden McDaniels,1610612750,MIN,F,23,72,71,0.364,176,320,0.55,0.618,-0.068
2023-24,1630560,Cam Thomas,1610612751,BKN,G,22,65,63,0.393,209,320,0.653,0.63,0.024
2023-24,1630557,Corey Kispert,1610612764,WAS,F,25,80,77,0.394,205,320,0.641,0.62,0.021
2023-24,1630169,Tyrese Haliburton,1610612754,IND,G,24,69,67,0.437,225,319,0.705,0.623,0.082
2023-24,1629673,Jordan Poole,1610612764,WAS,G,25,78,77,0.382,216,319,0.677,0.621,0.056
2023-24,1627777,Georges Niang,1610612739,CLE,F,31,81,79,0.386,193,317,0.609,0.632,-0.023
2023-24,203084,Harrison Barnes,1610612758,SAC,F,32,82,78,0.33,201,315,0.638,0.641,-0.003
2023-24,1629684,Grant Williams,1610612766,CHA,F,25,76,76,0.349,209,314,0.666,0.63,0.036
2023-24,1626220,Royce O'Neale,1610612756,PHX,F,31,78,75,0.4,191,313,0.61,0.627,-0.016
2023-24,201143,Al Horford,1610612738,BOS,C-F,38,65,63,0.356,197,311,0.633,0.625,0.009
2023-24,1631218,Trayce Jackson-Davis,1610612744,GSW,F,24,67,65,0.5,169,310,0.545,0.629,-0.083
2023-24,1631114,Jalen Williams,1610612760,OKC,G-F,23,71,70,0.437,166,309,0.537,0.632,-0.094
2023-24,1641871,Duop Reath,1610612757,POR,C,28,68,67,0.461,190,309,0.615,0.629,-0.014
2023-24,202695,Kawhi Leonard,1610612746,LAC,F,33,68,67,0.371,193,307,0.629,0.631,-0.002
2023-24,1630532,Franz Wagner,1610612753,ORL,F,22,72,70,0.361,182,306,0.595,0.629,-0.034
2023-24,1630703,Scoot Henderson,1610612757,POR,G,20,62,62,0.392,220,299,0.736,0.624,0.112
2023-24,1627936,Alex Caruso,1610612741,CHI,G,30,70,68,0.322,174,299,0.582,0.637,-0.055
2023-24,1631212,Peyton Watson,1610612743,DEN,G,21,79,74,0.422,144,298,0.483,0.619,-0.136
2023-24,1629640,Keldon Johnson,1610612759,SAS,F-G,24,69,68,0.405,193,298,0.648,0.625,0.023
2023-24,1630193,Immanuel Quickley,1610612761,TOR,G,25,68,67,0.381,194,296,0.655,0.631,0.024
2023-24,203932,Aaron Gordon,1610612743,DEN,F,28,72,70,0.342,175,296,0.591,0.637,-0.046
2023-24,1630168,Onyeka Okongwu,1610612737,ATL,F-C,23,55,55,0.413,176,294,0.599,0.631,-0.032
2023-24,1627752,Taurean Prince,1610612747,LAL,F,30,77,74,0.363,176,294,0.599,0.635,-0.037
2023-24,202691,Klay Thompson,1610612744,GSW,G,34,76,74,0.369,182,293,0.621,0.632,-0.011
2023-24,1630245,Ayo Dosunmu,1610612741,CHI,G,24,75,72,0.372,176,291,0.605,0.633,-0.029
2023-24,1629628,RJ Barrett,1610612761,TOR,F-G,24,58,58,0.378,176,290,0.607,0.629,-0.023
2023-24,203967,Dario Saric,1610612744,GSW,F-C,30,63,62,0.456,164,289,0.567,0.633,-0.066
2023-24,1630529,Herbert Jones,1610612740,NOP,F,25,76,73,0.321,181,289,0.626,0.631,-0.004
2023-24,1627750,Jamal Murray,1610612743,DEN,G,27,58,57,0.351,185,289,0.64,0.63,0.01
2023-24,1630162,Anthony Edwards,1610612750,MIN,G,22,79,79,0.333,170,288,0.59,0.627,-0.037
2023-24,1630591,Jalen Suggs,1610612753,ORL,G,23,75,74,0.377,164,288,0.569,0.618,-0.048
2023-24,1631170,Jaime Jaquez Jr.,1610612748,MIA,G,23,75,72,0.324,181,287,0.631,0.624,0.006
2023-24,1629060,Rui Hachimura,1610612747,LAL,F,26,68,65,0.405,177,286,0.619,0.646,-0.027
2023-24,1629234,Drew Eubanks,1610612756,PHX,F-C,27,74,70,0.432,161,284,0.567,0.636,-0.069
2023-24,1628369,Jayson Tatum,1610612738,BOS,F-G,26,74,72,0.361,177,283,0.625,0.632,-0.007
2023-24,1641731,Bilal Coulibaly,1610612764,WAS,G,19,62,61,0.439,172,283,0.608,0.62,-0.012
2023-24,1630178,Tyrese Maxey,1610612755,PHI,G,23,70,68,0.352,174,283,0.615,0.63,-0.015
2023-24,203081,Damian Lillard,1610612749,MIL,G,33,73,73,0.316,174,282,0.617,0.623,-0.006
2023-24,203468,CJ McCollum,1610612740,NOP,G,32,66,66,0.334,195,281,0.694,0.626,0.068
2023-24,1641739,Toumani Camara,1610612757,POR,F,24,70,69,0.401,180,280,0.643,0.63,0.013
2023-24,1629027,Trae Young,1610612737,ATL,G,25,54,54,0.394,188,279,0.674,0.626,0.047
2023-24,1630228,Jonathan Kuminga,1610612744,GSW,F,21,74,72,0.361,169,279,0.606,0.632,-0.026
2023-24,203952,Andrew Wiggins,1610612744,GSW,F,29,71,69,0.356,182,278,0.655,0.633,0.022
2023-24,1629627,Zion Williamson,1610612740,NOP,F,23,70,69,0.367,172,277,0.621,0.631,-0.01
2023-24,1641764,Brandin Podziemski,1610612744,GSW,G,21,72,67,0.349,178,274,0.65,0.628,0.022
2023-24,203937,Kyle Anderson,1610612750,MIN,F-G,30,79,77,0.391,166,273,0.608,0.632,-0.024
2023-24,1629652,Luguentz Dort,1610612760,OKC,G,25,79,76,0.298,163,271,0.601,0.631,-0.03
2023-24,1627759,Jaylen Brown,1610612738,BOS,G-F,27,70,67,0.359,154,271,0.568,0.627,-0.059
2023-24,203501,Tim Hardaway Jr.,1610612742,DAL,G-F,32,79,76,0.344,175,269,0.651,0.624,0.026
2023-24,1626179,Terry Rozier,1610612748,MIA,G,30,61,59,0.341,187,265,0.706,0.619,0.086
2023-24,1627736,Malik Beasley,1610612749,MIL,G,27,79,76,0.306,181,265,0.683,0.627,0.056
2023-24,1631133,Jabari Walker,1610612757,POR,F,21,72,68,0.428,163,263,0.62,0.633,-0.013
2023-24,1626157,Karl-Anthony Towns,1610612750,MIN,C-F,28,62,60,0.313,166,263,0.631,0.627,0.004
2023-24,1641709,Ausar Thompson,1610612765,DET,G-F,21,63,60,0.394,153,262,0.584,0.624,-0.04
2023-24,1628997,Caleb Martin,1610612748,MIA,F,28,64,61,0.327,151,262,0.576,0.617,-0.041
2023-24,1630573,Sam Hauser,1610612738,BOS,F,26,79,73,0.386,145,261,0.556,0.619,-0.064
2023-24,1626145,Tyus Jones,1610612764,WAS,G,28,66,65,0.393,180,261,0.69,0.616,0.073
2023-24,1627884,Derrick Jones Jr.,1610612742,DAL,F,27,76,71,0.392,147,261,0.563,0.622,-0.059
2023-24,201939,Stephen Curry,1610612744,GSW,G,36,74,71,0.318,174,261,0.667,0.635,0.032
2023-24,1629614,Andrew Nembhard,1610612754,IND,G-F,24,67,65,0.371,159,260,0.612,0.619,-0.007
2023-24,1631246,Vince Williams Jr.,1610612763,MEM,G,23,50,49,0.431,149,259,0.575,0.62,-0.045
2023-24,1630170,Devin Vassell,1610612759,SAS,G-F,23,68,64,0.427,173,257,0.673,0.623,0.05
2023-24,1641718,Keyonte George,1610612762,UTA,G,20,75,68,0.329,172,256,0.672,0.624,0.048
2023-24,1628989,Kevin Huerter,1610612758,SAC,G-F,25,63,61,0.388,175,256,0.684,0.622,0.062
2023-24,1629638,Nickeil Alexander-Walker,1610612750,MIN,G,25,82,74,0.342,144,255,0.565,0.613,-0.048
2023-24,1628464,Daniel Theis,1610612746,LAC,F-C,32,60,58,0.447,154,255,0.604,0.629,-0.025
2023-24,1628976,Wendell Carter Jr.,1610612753,ORL,C-F,25,55,53,0.383,152,255,0.596,0.642,-0.046
2023-24,1630175,Cole Anthony,1610612753,ORL,G,24,81,75,0.345,155,254,0.61,0.613,-0.002
2023-24,1627747,Caris LeVert,1610612739,CLE,G,29,68,65,0.358,138,254,0.543,0.627,-0.084
2023-24,1626172,Kevon Looney,1610612744,GSW,F,28,74,69,0.335,154,253,0.609,0.638,-0.029
2023-24,1630534,Ochai Agbaji,1610612761,TOR,G,24,78,73,0.348,138,252,0.548,0.619,-0.072
2023-24,1630577,Julian Champagnie,1610612759,SAS,F,23,74,64,0.394,145,252,0.575,0.626,-0.051
2023-24,1630200,Tre Jones,1610612759,SAS,G,24,77,76,0.323,167,251,0.665,0.616,0.05
2023-24,1641717,Cason Wallace,1610612760,OKC,G,20,82,76,0.34,159,250,0.636,0.623,0.013
2023-24,203083,Andre Drummond,1610612741,CHI,C,30,78,71,0.377,153,250,0.612,0.644,-0.032
2023-24,1629631,De'Andre Hunter,1610612737,ATL,F-G,26,57,56,0.364,163,248,0.657,0.628,0.029
2023-24,1630188,Jalen Smith,1610612754,IND,F-C,24,61,60,0.49,141,247,0.571,0.633,-0.062
2023-24,1627742,Brandon Ingram,1610612740,NOP,F,26,64,62,0.358,159,247,0.644,0.633,0.011
2023-24,1629014,Anfernee Simons,1610612757,POR,G,25,46,46,0.4,179,247,0.725,0.63,0.095
2023-24,1626192,Pat Connaughton,1610612749,MIL,G,31,76,74,0.336,154,247,0.623,0.605,0.019
2023-24,1629021,Moritz Wagner,1610612753,ORL,F-C,27,80,71,0.37,157,246,0.638,0.631,0.007
2023-24,1631128,Christian Braun,1610612743,DEN,G,23,81,79,0.409,132,246,0.537,0.615,-0.079
2023-24,203110,Draymond Green,1610612744,GSW,F,34,55,54,0.312,150,246,0.61,0.638,-0.029
2023-24,2544,LeBron James,1610612747,LAL,F,39,70,66,0.344,150,244,0.615,0.621,-0.006
2023-24,1630700,Dyson Daniels,1610612740,NOP,G,21,61,60,0.353,150,241,0.622,0.626,-0.004
2023-24,1628963,Marvin Bagley III,1610612764,WAS,F,25,50,49,0.383,143,240,0.596,0.636,-0.04
2023-24,1628384,OG Anunoby,1610612752,NYK,F-G,26,50,50,0.366,138,238,0.58,0.634,-0.054
2023-24,202704,Reggie Jackson,1610612743,DEN,G,34,81,77,0.324,157,237,0.662,0.62,0.042
2023-24,1631097,Bennedict Mathurin,1610612754,IND,G-F,22,59,55,0.465,162,236,0.686,0.628,0.058
2023-24,1630164,James Wiseman,1610612765,DET,C,23,63,60,0.419,132,234,0.564,0.635,-0.071
2023-24,200768,Kyle Lowry,1610612755,PHI,G,38,60,57,0.342,160,234,0.684,0.631,0.052
2023-24,203924,Jerami Grant,1610612757,POR,F,30,54,54,0.401,161,234,0.688,0.645,0.043
2023-24,203915,Spencer Dinwiddie,1610612747,LAL,G,31,75,69,0.307,157,234,0.671,0.624,0.047
2023-24,1628370,Malik Monk,1610612758,SAC,G,26,71,65,0.374,133,233,0.571,0.617,-0.046
2023-24,201976,Patrick Beverley,1610612749,MIL,G,35,72,69,0.397,139,233,0.597,0.624,-0.027
2023-24,201144,Mike Conley,1610612750,MIN,G,36,76,70,0.31,142,233,0.609,0.619,-0.009
2023-24,1630598,Aaron Wiggins,1610612760,OKC,G,25,78,72,0.403,123,233,0.528,0.625,-0.097
2023-24,1626204,Larry Nance Jr.,1610612740,NOP,F-C,31,61,60,0.44,149,232,0.642,0.643,-0.001
2023-24,1629048,Goga Bitadze,1610612753,ORL,C-F,24,58,51,0.462,144,231,0.623,0.64,-0.017
2023-24,1629012,Collin Sexton,1610612762,UTA,G,25,78,72,0.328,152,230,0.661,0.629,0.032
2023-24,1628436,Luke Kornet,1610612738,BOS,C-F,28,63,57,0.359,120,229,0.524,0.608,-0.084
2023-24,1631323,Simone Fontecchio,1610612765,DET,F,28,66,62,0.392,143,228,0.627,0.627,0
2023-24,1630214,Xavier Tillman,1610612738,BOS,F,25,54,51,0.448,124,227,0.546,0.633,-0.087
2023-24,1630180,Saddiq Bey,1610612737,ATL,G-F,25,63,58,0.358,151,225,0.671,0.629,0.042
2023-24,1626181,Norman Powell,1610612746,LAC,G,31,76,71,0.358,141,225,0.627,0.627,0
2023-24,1629680,Matisse Thybulle,1610612757,POR,G-F,27,65,60,0.411,158,223,0.709,0.633,0.076
2023-24,1630549,Day'Ron Sharpe,1610612751,BKN,C,22,60,56,0.439,141,222,0.635,0.633,0.002
2023-24,1629611,Terance Mann,1610612746,LAC,G-F,27,75,73,0.348,141,220,0.641,0.62,0.021
2023-24,202681,Kyrie Irving,1610612742,DAL,G,32,58,58,0.339,157,219,0.717,0.623,0.094
2023-24,201587,Nicolas Batum,1610612755,PHI,G-F,35,59,55,0.397,129,218,0.592,0.627,-0.035
2023-24,1630167,Obi Toppin,1610612754,IND,F,26,82,74,0.378,122,216,0.565,0.631,-0.067
2023-24,203484,Kentavious Caldwell-Pope,1610612743,DEN,G,31,74,71,0.309,142,215,0.66,0.629,0.031
2023-24,203078,Bradley Beal,1610612756,PHX,G,31,53,49,0.294,128,215,0.595,0.628,-0.032
2023-24,1630191,Isaiah Stewart,1610612765,DET,F-C,23,46,46,0.346,112,214,0.523,0.644,-0.121
2023-24,1629723,John Konchar,1610612763,MEM,G,28,53,50,0.436,128,214,0.598,0.622,-0.024
2023-24,1629130,Duncan Robinson,1610612748,MIA,F,30,68,63,0.37,135,213,0.634,0.618,0.015
2023-24,1629661,Cameron Johnson,1610612751,BKN,F,28,57,55,0.386,116,212,0.547,0.62,-0.073
2023-24,203486,Mason Plumlee,1610612746,LAC,F-C,34,44,42,0.482,123,211,0.583,0.645,-0.062
2023-24,1629639,Tyler Herro,1610612748,MIA,G,24,42,42,0.349,126,209,0.603,0.628,-0.025
2023-24,1626168,Trey Lyles,1610612758,SAC,F,28,58,57,0.428,126,209,0.603,0.63,-0.027
2023-24,203114,Khris Middleton,1610612749,MIL,F,32,55,50,0.363,128,208,0.615,0.624,-0.009
2023-24,203903,Jordan Clarkson,1610612762,UTA,G,32,55,55,0.399,126,208,0.606,0.628,-0.023
2023-24,1630530,Trey Murphy III,1610612740,NOP,F,24,57,56,0.349,127,206,0.617,0.629,-0.012
2023-24,101108,Chris Paul,1610612744,GSW,G,39,58,54,0.379,130,206,0.631,0.626,0.006
2023-24,1629312,Haywood Highsmith,1610612748,MIA,F,27,64,62,0.325,118,206,0.573,0.623,-0.05
2023-24,203944,Julius Randle,1610612752,NYK,F-C,29,46,46,0.317,126,204,0.618,0.643,-0.025
2023-24,1631223,David Roddy,1610612756,PHX,F,23,61,54,0.432,115,200,0.575,0.629,-0.054
2023-24,203939,Dwight Powell,1610612742,DAL,F-C,32,58,53,0.381,113,196,0.577,0.63,-0.053
2023-24,202710,Jimmy Butler III,1610612748,MIA,F,34,60,59,0.304,136,194,0.701,0.626,0.075
2023-24,1630198,Isaiah Joe,1610612760,OKC,G,24,77,69,0.353,117,192,0.609,0.633,-0.024
2023-24,1629018,Gary Trent Jr.,1610612761,TOR,G,25,71,62,0.386,121,190,0.637,0.628,0.009
2023-24,1630543,Isaiah Jackson,1610612754,IND,F,22,55,51,0.467,102,190,0.537,0.632,-0.096
2023-24,1630540,Miles McBride,1610612752,NYK,G,23,64,55,0.341,106,189,0.561,0.615,-0.054
2023-24,1630202,Payton Pritchard,1610612738,BOS,G,26,82,71,0.344,124,188,0.66,0.613,0.046
2023-24,202711,Bojan Bogdanovic,1610612752,NYK,F,35,57,53,0.397,141,186,0.758,0.635,0.123
2023-24,1628964,Mo Bamba,1610612755,PHI,C,26,55,47,0.481,116,186,0.624,0.642,-0.019
2023-24,1630165,Killian Hayes,1610612765,DET,G,22,42,41,0.459,126,185,0.681,0.619,0.062
2023-24,202687,Bismack Biyombo,1610612760,OKC,C,31,38,35,0.447,106,184,0.576,0.629,-0.053
2023-24,1631119,Jaylin Williams,1610612760,OKC,F,22,69,60,0.364,121,183,0.661,0.635,0.027
2023-24,1641707,Taylor Hendricks,1610612762,UTA,F,20,40,36,0.461,110,183,0.601,0.63,-0.029
2023-24,1629637,Jaxson Hayes,1610612747,LAL,C-F,24,67,55,0.361,119,182,0.654,0.629,0.025
2023-24,1641708,Amen Thompson,1610612745,HOU,G-F,21,61,56,0.388,104,181,0.575,0.623,-0.048
2023-24,201569,Eric Gordon,1610612756,PHX,G,35,68,60,0.349,120,181,0.663,0.628,0.035
2023-24,1628467,Maxi Kleber,1610612742,DAL,F,32,43,43,0.366,105,181,0.58,0.633,-0.052
2023-24,201145,Jeff Green,1610612745,HOU,F,37,77,66,0.323,107,181,0.591,0.625,-0.034
2023-24,1629731,Dean Wade,1610612739,CLE,F-C,27,52,49,0.414,106,180,0.589,0.64,-0.051
2023-24,1631103,Malaki Branham,1610612759,SAS,F,21,74,65,0.396,111,179,0.62,0.616,0.004
2023-24,1630182,Josh Green,1610612742,DAL,G,23,57,55,0.324,115,179,0.642,0.626,0.016
2023-24,1629111,Jock Landale,1610612745,HOU,C,28,55,50,0.433,94,178,0.528,0.612,-0.084
2023-24,1629636,Darius Garland,1610612739,CLE,G,24,57,52,0.294,122,178,0.685,0.622,0.063
2023-24,1641711,Gradey Dick,1610612761,TOR,G-F,20,58,54,0.369,127,178,0.713,0.633,0.08
2023-24,201567,Kevin Love,1610612748,MIA,F-C,35,55,49,0.464,110,178,0.618,0.642,-0.024
2023-24,1631200,Kris Murray,1610612757,POR,F,23,54,49,0.464,98,175,0.56,0.621,-0.061
2023-24,1641713,GG Jackson,1610612763,MEM,F,19,46,44,0.436,103,175,0.589,0.628,-0.039
2023-24,204456,T.J. McConnell,1610612754,IND,G,32,71,59,0.398,119,173,0.688,0.613,0.075
2023-24,1628378,Donovan Mitchell,1610612739,CLE,G,27,55,51,0.346,114,173,0.659,0.631,0.028
2023-24,1630692,Jordan Goodwin,1610612763,MEM,G,25,55,47,0.407,102,172,0.593,0.627,-0.034
2023-24,1630230,Naji Marshall,1610612740,NOP,F,26,66,61,0.343,108,171,0.632,0.624,0.007
2023-24,1630171,Isaac Okoro,1610612739,CLE,F-G,23,68,65,0.28,112,171,0.655,0.632,0.023
2023-24,1629001,De'Anthony Melton,1610612755,PHI,G,26,38,37,0.409,107,171,0.626,0.626,0
2023-24,1627739,Kris Dunn,1610612762,UTA,G,30,63,58,0.329,100,169,0.592,0.632,-0.04
2023-24,1631165,Keon Ellis,1610612758,SAC,G,24,55,48,0.424,102,168,0.607,0.615,-0.008
2023-24,202692,Alec Burks,1610612752,NYK,G,32,64,57,0.426,90,166,0.542,0.614,-0.071
2023-24,1629599,Amir Coffey,1610612746,LAC,G-F,27,66,53,0.315,102,164,0.622,0.614,0.008
2023-24,1631107,Nikola Jović,1610612748,MIA,F,21,44,41,0.408,105,164,0.64,0.631,0.01
2023-24,201566,Russell Westbrook,1610612746,LAC,G,35,68,62,0.332,93,163,0.571,0.614,-0.043
2023-24,1641710,Anthony Black,1610612753,ORL,G,20,60,51,0.351,89,163,0.546,0.619,-0.073
2023-24,1626224,Cedi Osman,1610612759,SAS,F,29,72,65,0.355,97,160,0.606,0.621,-0.015
2023-24,1631101,Shaedon Sharpe,1610612757,POR,G,21,32,32,0.434,108,160,0.675,0.624,0.051
2023-24,1628988,Aaron Holiday,1610612745,HOU,G,27,77,61,0.361,104,159,0.654,0.612,0.042
2023-24,1630172,Patrick Williams,1610612741,CHI,F,22,42,40,0.369,106,158,0.671,0.644,0.027
2023-24,1630541,Moses Moody,1610612744,GSW,G,22,64,55,0.358,85,157,0.541,0.628,-0.087
2023-24,1630217,Desmond Bane,1610612763,MEM,G,26,42,41,0.308,99,157,0.631,0.635,-0.004
2023-24,1628470,Torrey Craig,1610612741,CHI,F,33,53,48,0.361,102,156,0.654,0.645,0.009
2023-24,1628972,Troy Brown Jr.,1610612765,DET,G-F,24,56,52,0.419,106,156,0.679,0.622,0.058
2023-24,1628981,Bruno Fernando,1610612737,ATL,F-C,25,42,38,0.497,97,155,0.626,0.631,-0.005
2023-24,1631204,Marcus Sasser,1610612765,DET,G,23,69,58,0.322,109,155,0.703,0.614,0.09
2023-24,1629002,Chimezie Metu,1610612765,DET,F-C,27,47,39,0.451,99,155,0.639,0.615,0.024
2023-24,1628371,Jonathan Isaac,1610612753,ORL,F,26,58,54,0.435,73,154,0.474,0.626,-0.152
2023-24,1628379,Luke Kennard,1610612763,MEM,G,28,39,38,0.445,105,153,0.686,0.628,0.058
2023-24,1626166,Cameron Payne,1610612755,PHI,G,29,77,63,0.364,96,153,0.627,0.618,0.009
2023-24,1631222,Jake LaRavia,1610612763,MEM,F,22,34,33,0.448,95,150,0.633,0.617,0.016
2023-24,1630533,Ziaire Williams,1610612763,MEM,F,22,48,44,0.394,92,150,0.613,0.622,-0.008
2023-24,1630192,Zeke Nnaji,1610612743,DEN,F-C,23,52,46,0.487,68,148,0.459,0.612,-0.153
2023-24,1629011,Mitchell Robinson,1610612752,NYK,C-F,26,31,30,0.412,104,148,0.703,0.648,0.054
2023-24,1641722,Jordan Hawkins,1610612740,NOP,G,22,62,48,0.327,89,147,0.605,0.611,-0.005
2023-24,1631108,Max Christie,1610612747,LAL,G,21,61,49,0.34,87,146,0.596,0.615,-0.019
2023-24,203914,Gary Harris,1610612753,ORL,G,29,54,50,0.377,92,146,0.63,0.615,0.015
2023-24,1630544,Tre Mann,1610612766,CHA,G,23,36,34,0.376,93,146,0.637,0.611,0.026
2023-24,203488,Mike Muscala,1610612760,OKC,F-C,33,47,41,0.471,89,144,0.618,0.631,-0.013
2023-24,1627763,Malcolm Brogdon,1610612757,POR,G,31,39,36,0.384,96,142,0.676,0.64,0.036
2023-24,203957,Dante Exum,1610612742,DAL,G,28,54,46,0.375,96,142,0.676,0.623,0.053
2023-24,1630550,JT Thor,1610612766,CHA,F,21,57,47,0.45,96,141,0.681,0.633,0.048
2023-24,1629026,Kenrich Williams,1610612760,OKC,G-F,29,69,58,0.368,94,140,0.671,0.625,0.047
2023-24,1630201,Malachi Flynn,1610612765,DET,G,26,63,52,0.373,90,140,0.643,0.614,0.029
2023-24,203995,Vasilije Micic,1610612766,CHA,G,30,60,52,0.342,94,137,0.686,0.622,0.064
2023-24,1626174,Christian Wood,1610612747,LAL,F,28,49,42,0.331,76,137,0.555,0.622,-0.067
2023-24,1630256,Jae'Sean Tate,1610612745,HOU,F,28,65,53,0.335,82,136,0.603,0.634,-0.031
2023-24,1630537,Chris Duarte,1610612758,SAC,G,27,55,45,0.386,80,136,0.588,0.613,-0.025
2023-24,1629659,Talen Horton-Tucker,1610612762,UTA,G,23,51,46,0.335,86,136,0.632,0.616,0.017
2023-24,1629670,Jordan Nwora,1610612761,TOR,F,25,46,39,0.481,85,136,0.625,0.626,-0.001
2023-24,1629006,Josh Okogie,1610612756,PHX,G,25,58,45,0.356,83,134,0.619,0.634,-0.015
2023-24,1626196,Josh Richardson,1610612748,MIA,G,30,42,39,0.304,85,132,0.644,0.622,0.022
2023-24,1628372,Dennis Smith Jr.,1610612751,BKN,G,26,55,48,0.31,79,130,0.608,0.628,-0.02
2023-24,1631230,Dominick Barlow,1610612759,SAS,F,21,30,26,0.494,82,130,0.631,0.632,-0.001
2023-24,203926,Doug McDermott,1610612754,IND,F,32,63,53,0.336,78,128,0.609,0.62,-0.011
2023-24,203109,Jae Crowder,1610612749,MIL,F,33,50,47,0.307,72,127,0.567,0.624,-0.057
2023-24,1629022,Lonnie Walker IV,1610612751,BKN,G-F,25,56,46,0.389,73,126,0.579,0.609,-0.03
2023-24,202330,Gordon Hayward,1610612760,OKC,F,34,51,46,0.323,85,126,0.675,0.63,0.045
2023-24,1631109,Mark Williams,1610612766,CHA,C,22,19,19,0.468,82,126,0.651,0.645,0.006
2023-24,1630625,Dalano Banton,1610612757,POR,F,24,49,41,0.364,70,124,0.565,0.614,-0.049
2023-24,1628975,Jevon Carter,1610612741,CHI,G,28,70,57,0.343,75,124,0.605,0.622,-0.017
2023-24,1629656,Quentin Grimes,1610612765,DET,G,24,51,47,0.357,84,123,0.683,0.617,0.065
2023-24,1630558,Davion Mitchell,1610612758,SAC,G,25,68,53,0.305,90,122,0.738,0.619,0.119
2023-24,1631121,Bryce McGowens,1610612766,CHA,G,21,54,42,0.382,74,122,0.607,0.63,-0.024
2023-24,201568,Danilo Gallinari,1610612749,MIL,F,35,47,39,0.455,80,122,0.656,0.638,0.018
2023-24,1628449,Chris Boucher,1610612761,TOR,F,31,49,45,0.411,78,122,0.639,0.628,0.011
2023-24,1630631,Jose Alvarado,1610612740,NOP,G,26,55,48,0.33,72,120,0.6,0.627,-0.027
2023-24,1629629,Cam Reddish,1610612747,LAL,F-G,24,47,37,0.331,83,120,0.692,0.624,0.068
2023-24,1630209,Omer Yurtseven,1610612762,UTA,C,26,42,35,0.425,78,116,0.672,0.627,0.046
2023-24,1630579,Jericho Sims,1610612752,NYK,C,25,39,32,0.453,65,116,0.56,0.644,-0.084
2023-24,1630241,Sam Merrill,1610612739,CLE,G,28,57,50,0.35,64,116,0.552,0.616,-0.064
2023-24,1641767,Ben Sheppard,1610612754,IND,G,22,52,41,0.394,77,115,0.67,0.633,0.037
2023-24,1629726,Garrison Mathews,1610612737,ATL,G,27,66,50,0.317,73,114,0.64,0.615,0.026
2023-24,1630570,Trendon Watford,1610612751,BKN,F,23,55,45,0.314,74,114,0.649,0.638,0.011
2023-24,1631104,Blake Wesley,1610612759,SAS,G,21,59,45,0.336,75,113,0.664,0.608,0.056
2023-24,202694,Marcus Morris Sr.,1610612739,CLE,F,34,47,39,0.42,73,113,0.646,0.626,0.02
2023-24,1628418,Thomas Bryant,1610612748,MIA,C-F,26,37,33,0.538,73,112,0.652,0.637,0.015
2023-24,1630702,Jaden Hardy,1610612742,DAL,G,21,66,51,0.337,80,111,0.721,0.617,0.104
2023-24,1628966,Keita Bates-Diop,1610612751,BKN,F,28,48,41,0.395,64,111,0.577,0.626,-0.049
2023-24,1629013,Landry Shamet,1610612764,WAS,G,27,46,42,0.362,70,111,0.631,0.636,-0.005
2023-24,1626153,Delon Wright,1610612748,MIA,G,32,45,39,0.38,70,109,0.642,0.614,0.028
2023-24,203200,Justin Holiday,1610612743,DEN,F-G,35,52,38,0.375,65,105,0.619,0.605,0.015
2023-24,1641998,Trey Jemison III,1610612763,MEM,C,24,23,23,0.343,68,105,0.648,0.659,-0.011
2023-24,1641854,Craig Porter Jr.,1610612739,CLE,G,24,47,38,0.413,65,105,0.619,0.605,0.014
2023-24,1629007,Jontay Porter,1610612765,DET,C-F,24,24,23,0.49,57,101,0.564,0.633,-0.069
2023-24,1628998,Cody Martin,1610612766,CHA,F,28,28,27,0.325,66,101,0.653,0.626,0.028
2023-24,1626158,Richaun Holmes,1610612764,WAS,F,30,38,32,0.396,70,101,0.693,0.635,0.058
2023-24,1630205,Lamar Stevens,1610612763,MEM,F,26,36,31,0.415,52,100,0.52,0.616,-0.096
2023-24,203458,Alex Len,1610612758,SAC,C,31,43,35,0.426,50,98,0.51,0.596,-0.086
2023-24,1629667,Jalen McDaniels,1610612761,TOR,F,26,46,36,0.382,62,97,0.639,0.633,0.006
2023-24,204060,Joe Ingles,1610612753,ORL,F-G,36,68,53,0.349,68,97,0.701,0.615,0.086
2023-24,202397,Ish Smith,1610612766,CHA,G,35,43,35,0.316,69,97,0.711,0.623,0.089
2023-24,202722,Davis Bertans,1610612766,CHA,F,31,38,29,0.351,59,95,0.621,0.617,0.004
2023-24,203897,Zach LaVine,1610612741,CHI,G,29,25,25,0.321,59,94,0.628,0.617,0.01
2023-24,1628365,Markelle Fultz,1610612753,ORL,G,26,43,37,0.291,70,93,0.753,0.612,0.141
2023-24,1631367,Jacob Gilyard,1610612751,BKN,G,25,39,32,0.395,69,92,0.75,0.623,0.127
2023-24,1630572,Sandro Mamukelashvili,1610612759,SAS,F-C,25,44,35,0.413,60,92,0.652,0.626,0.027
2023-24,1628426,Sasha Vezenkov,1610612758,SAC,F,28,41,39,0.421,49,90,0.544,0.625,-0.081
2023-24,1627780,Gary Payton II,1610612744,GSW,G,31,44,37,0.344,60,89,0.674,0.631,0.043
2023-24,1631098,Johnny Davis,1610612764,WAS,G,22,44,37,0.424,60,89,0.674,0.63,0.045
2023-24,1630699,MarJon Beauchamp,1610612749,MIL,F,23,45,36,0.348,52,89,0.584,0.604,-0.019
2023-24,1630231,KJ Martin,1610612755,PHI,F,23,50,37,0.376,58,88,0.659,0.628,0.031
2023-24,1641730,Noah Clowney,1610612751,BKN,F,19,21,20,0.454,45,88,0.511,0.601,-0.09
2023-24,1630163,LaMelo Ball,1610612766,CHA,G,22,22,22,0.406,60,86,0.698,0.64,0.058
2023-24,1641715,Cam Whitmore,1610612745,HOU,F,19,44,38,0.326,56,86,0.651,0.628,0.023
2023-24,202684,Tristan Thompson,1610612739,CLE,C-F,33,42,33,0.331,42,86,0.488,0.631,-0.143
2023-24,1629139,Yuta Watanabe,1610612763,MEM,G-F,29,32,29,0.436,52,85,0.612,0.637,-0.025
2023-24,1629052,Oshae Brissett,1610612738,BOS,F-G,26,53,34,0.377,46,84,0.548,0.606,-0.058
2023-24,1641733,Nick Smith Jr.,1610612766,CHA,G,20,48,34,0.331,48,82,0.585,0.612,-0.027
2023-24,1631116,Patrick Baldwin Jr.,1610612764,WAS,F,21,36,32,0.404,49,82,0.598,0.618,-0.021
2023-24,1641748,Andre Jackson Jr.,1610612749,MIL,G,22,48,36,0.389,53,81,0.654,0.634,0.02
2023-24,1641712,Rayan Rupert,1610612757,POR,G-F,20,36,30,0.429,52,81,0.642,0.615,0.027
2023-24,1631207,Dalen Terry,1610612741,CHI,F,21,52,41,0.36,43,81,0.531,0.622,-0.091
2023-24,1630197,Aleksej Pokusevski,1610612766,CHA,F,22,28,25,0.405,54,81,0.667,0.613,0.053
2023-24,201152,Thaddeus Young,1610612756,PHX,F,36,32,25,0.397,55,81,0.679,0.631,0.048
2023-24,203095,Evan Fournier,1610612765,DET,G-F,31,32,29,0.376,52,79,0.658,0.613,0.045
2023-24,1630590,Scotty Pippen Jr.,1610612763,MEM,G,23,21,21,0.348,52,79,0.658,0.628,0.03
2023-24,1630526,Jeremiah Robinson-Earl,1610612740,NOP,F,23,30,27,0.446,53,78,0.679,0.614,0.065
2023-24,1629626,Bol Bol,1610612756,PHX,C-F,24,39,31,0.365,34,76,0.447,0.622,-0.175
2023-24,1631216,Caleb Houstan,1610612753,ORL,G,21,52,32,0.323,46,76,0.605,0.625,-0.02
2023-24,1630538,Bones Hyland,1610612746,LAC,G,23,34,26,0.354,55,75,0.733,0.601,0.132
2023-24,203496,Robert Covington,1610612755,PHI,F,33,27,24,0.379,44,75,0.587,0.618,-0.031
2023-24,1629020,Jarred Vanderbilt,1610612747,LAL,F,25,29,25,0.352,50,74,0.676,0.637,0.039
2023-24,1629674,Neemias Queta,1610612738,BOS,C,24,27,25,0.366,39,74,0.527,0.625,-0.098
2023-24,203469,Cody Zeller,1610612740,NOP,F-C,31,38,34,0.474,48,74,0.649,0.634,0.015
2023-24,1641729,Brice Sensabaugh,1610612762,UTA,F,20,29,27,0.352,49,74,0.662,0.621,0.041
2023-24,1629642,Nassir Little,1610612756,PHX,F-G,24,38,28,0.394,49,74,0.662,0.635,0.027
2023-24,1641787,Tosan Evbuomwan,1610612765,DET,F,23,17,16,0.425,46,74,0.622,0.637,-0.016
2023-24,1630264,Anthony Gill,1610612764,WAS,F,31,40,27,0.344,50,74,0.676,0.646,0.03
2023-24,1630531,Jaden Springer,1610612738,BOS,G,21,39,30,0.374,43,73,0.589,0.598,-0.009
2023-24,203552,Seth Curry,1610612766,CHA,G,33,39,31,0.364,57,72,0.792,0.615,0.177
2023-24,201580,JaVale McGee,1610612758,SAC,C-F,36,44,36,0.434,38,72,0.528,0.635,-0.107
2023-24,1641877,Nathan Mensah,1610612766,CHA,C,26,25,23,0.387,48,72,0.667,0.629,0.037
2023-24,1630215,Jared Butler,1610612764,WAS,G,23,36,28,0.31,41,71,0.577,0.601,-0.023
2023-24,1631260,AJ Green,1610612749,MIL,G,24,48,35,0.304,43,70,0.614,0.625,-0.011
2023-24,1629003,Shake Milton,1610612752,NYK,G-F,27,45,35,0.361,45,70,0.643,0.622,0.021
2023-24,1628995,Kevin Knox II,1610612757,POR,F,24,31,29,0.361,44,69,0.638,0.621,0.017
2023-24,1631115,Orlando Robinson,1610612748,MIA,C,23,29,20,0.482,41,68,0.603,0.657,-0.054
2023-24,1630249,Vít Krejčí,1610612737,ATL,G,24,22,18,0.335,43,67,0.642,0.633,0.009
2023-24,201599,DeAndre Jordan,1610612743,DEN,C,35,33,25,0.368,43,67,0.642,0.627,0.015
2023-24,1628420,Monte Morris,1610612750,MIN,G,29,32,28,0.394,39,67,0.582,0.615,-0.033
2023-24,1630592,Jalen Wilson,1610612751,BKN,F,23,38,27,0.305,43,67,0.642,0.612,0.03
2023-24,1629162,Jordan McLaughlin,1610612750,MIN,G,28,52,36,0.328,40,66,0.606,0.614,-0.008
2023-24,1630346,Matt Ryan,1610612740,NOP,F,27,25,20,0.402,41,66,0.621,0.616,0.005
2023-24,1627863,Danuel House Jr.,1610612755,PHI,F-G,31,34,29,0.313,42,65,0.646,0.615,0.031
2023-24,1630527,Brandon Boston,1610612746,LAC,G,22,28,24,0.398,48,64,0.75,0.614,0.136
2023-24,1631124,Julian Strawther,1610612743,DEN,G,22,44,32,0.368,36,64,0.563,0.599,-0.037
2023-24,202083,Wesley Matthews,1610612737,ATL,G,37,36,31,0.358,33,64,0.516,0.619,-0.103
2023-24,203493,Reggie Bullock Jr.,1610612745,HOU,G-F,33,39,32,0.426,46,63,0.73,0.616,0.115
2023-24,1629630,Ja Morant,1610612763,MEM,G,24,9,9,0.481,41,63,0.651,0.621,0.03
2023-24,1630587,Isaiah Livers,1610612765,DET,F,25,23,20,0.365,39,62,0.629,0.642,-0.013
2023-24,1630235,Trent Forrest,1610612737,ATL,G,26,37,29,0.358,37,62,0.597,0.604,-0.007
2023-24,1631241,Javon Freeman-Liberty,1610612761,TOR,G,24,19,18,0.425,42,62,0.677,0.616,0.061
2023-24,1631311,Lester Quinones,1610612744,GSW,G,23,31,23,0.418,38,61,0.623,0.605,0.018
2023-24,200782,P.J. Tucker,1610612746,LAC,F,39,31,23,0.296,38,61,0.623,0.626,-0.003
2023-24,1629677,Luka Samanic,1610612762,UTA,F,24,35,26,0.397,42,60,0.7,0.62,0.08
2023-24,1630647,Eugene Omoruyi,1610612764,WAS,F,27,37,25,0.306,36,59,0.61,0.642,-0.031
2023-24,1631106,Tari Eason,1610612745,HOU,F,23,22,22,0.322,32,59,0.542,0.613,-0.07
2023-24,1630548,Johnny Juzang,1610612762,UTA,G,23,18,17,0.415,38,59,0.644,0.607,0.037
2023-24,1631303,Justin Minaya,1610612757,POR,F,25,27,19,0.337,32,59,0.542,0.617,-0.075
2023-24,1641716,Jarace Walker,1610612754,IND,F,20,28,22,0.513,37,59,0.627,0.6,0.028
2023-24,1630219,Skylar Mays,1610612747,LAL,G,26,31,19,0.392,37,58,0.638,0.637,0.001
2023-24,1641778,Leaky Black,1610612766,CHA,F,25,25,21,0.518,35,57,0.614,0.637,-0.023
2023-24,1630641,Ibou Badji,1610612757,POR,C,21,19,16,0.441,35,56,0.625,0.65,-0.025
2023-24,1641738,Kobe Brown,1610612746,LAC,F,24,34,23,0.412,31,54,0.574,0.614,-0.04
2023-24,1631172,Ousmane Dieng,1610612760,OKC,F,21,31,24,0.37,32,54,0.593,0.599,-0.007
2023-24,1631338,Mouhamadou Gueye,1610612761,TOR,F,25,11,11,0.568,31,54,0.574,0.613,-0.039
2023-24,1641765,Olivier-Maxence Prosper,1610612742,DAL,F,21,29,20,0.424,34,53,0.642,0.593,0.049
2023-24,202066,Garrett Temple,1610612761,TOR,G-F,38,25,20,0.381,28,51,0.549,0.634,-0.085
2023-24,1630556,Kessler Edwards,1610612758,SAC,F,23,41,26,0.395,35,51,0.686,0.592,0.095
2023-24,1627745,Damian Jones,1610612739,CLE,C,29,33,23,0.36,26,50,0.52,0.628,-0.108
2023-24,1627732,Ben Simmons,1610612751,BKN,G-F,27,15,11,0.333,38,49,0.776,0.643,0.132
2023-24,1629650,Moses Brown,1610612757,POR,C,24,22,19,0.324,26,47,0.553,0.627,-0.074
2023-24,1630551,Justin Champagnie,1610612764,WAS,G-F,23,15,11,0.439,29,47,0.617,0.611,0.006
2023-24,1630639,A.J. Lawson,1610612742,DAL,G,23,29,21,0.439,30,47,0.638,0.601,0.038
2023-24,203935,Marcus Smart,1610612763,MEM,G,30,20,17,0.256,28,46,0.609,0.631,-0.022
2023-24,1641763,Julian Phillips,1610612741,CHI,F,20,30,25,0.38,30,46,0.652,0.631,0.022
2023-24,1630695,Micah Potter,1610612762,UTA,C,26,14,14,0.474,23,46,0.5,0.637,-0.137
2023-24,1629643,Chuma Okeke,1610612753,ORL,F,25,40,22,0.257,29,45,0.644,0.612,0.033
2023-24,1641741,Ricky Council IV,1610612755,PHI,G,22,28,24,0.446,28,45,0.622,0.628,-0.006
2023-24,201565,Derrick Rose,1610612763,MEM,G,35,24,19,0.347,31,43,0.721,0.614,0.107
2023-24,1630611,Gui Santos,1610612744,GSW,F,22,21,17,0.393,23,42,0.548,0.595,-0.048
2023-24,1630649,Stanley Umude,1610612765,DET,G,25,19,14,0.339,26,41,0.634,0.611,0.023
2023-24,1629646,Charles Bassey,1610612759,SAS,C-F,23,18,16,0.427,24,41,0.585,0.646,-0.061
2023-24,202693,Markieff Morris,1610612742,DAL,F,34,24,18,0.408,29,40,0.725,0.597,0.128
2023-24,1641723,Kobe Bufkin,1610612737,ATL,G,20,16,13,0.449,23,40,0.575,0.611,-0.036
2023-24,1641774,Tristan Vukcevic,1610612764,WAS,F,21,8,6,0.465,21,40,0.525,0.631,-0.106
2023-24,202709,Cory Joseph,1610612744,GSW,G,32,24,21,0.345,27,40,0.675,0.622,0.053
2023-24,201988,Patty Mills,1610612748,MIA,G,35,30,21,0.289,28,39,0.718,0.605,0.113
2023-24,1631288,Jamal Cain,1610612748,MIA,F,25,19,16,0.345,25,39,0.641,0.591,0.05
2023-24,1629647,Darius Bazley,1610612762,UTA,F,24,8,8,0.494,19,38,0.5,0.57,-0.07
2023-24,1630322,Lindy Waters III,1610612760,OKC,F,26,29,23,0.287,20,37,0.541,0.602,-0.062
2023-24,1629669,Jaylen Nowell,1610612758,SAC,G,24,11,11,0.451,19,37,0.514,0.625,-0.111
2023-24,1631254,Kenneth Lofton Jr.,1610612762,UTA,F,21,18,13,0.402,19,35,0.543,0.585,-0.042
2023-24,1628984,Devonte' Graham,1610612759,SAS,G,29,21,15,0.365,21,35,0.6,0.625,-0.025
2023-24,1631221,Collin Gillespie,1610612743,DEN,G,25,18,12,0.343,21,35,0.6,0.574,0.026
2023-24,1627788,Furkan Korkmaz,1610612755,PHI,G-F,26,26,18,0.479,26,35,0.743,0.638,0.104
2023-24,1630243,Trevelin Queen,1610612753,ORL,G,27,13,7,0.442,11,34,0.324,0.621,-0.298
2023-24,1630204,Ashton Hagans,1610612757,POR,G-F,24,18,15,0.366,17,34,0.5,0.609,-0.109
2023-24,1631100,AJ Griffin,1610612737,ATL,F,20,19,17,0.493,26,33,0.788,0.598,0.19
2023-24,1630177,Theo Maledon,1610612756,PHX,G,23,16,10,0.384,17,33,0.515,0.621,-0.106
2023-24,1629716,Marques Bolden,1610612766,CHA,C,26,10,8,0.485,19,32,0.594,0.637,-0.043
2023-24,201959,Taj Gibson,1610612765,DET,F,39,17,14,0.352,17,31,0.548,0.646,-0.098
2023-24,1631197,Jared Rhoden,1610612765,DET,G,24,16,11,0.349,15,30,0.5,0.598,-0.098
2023-24,1629004,Svi Mykhailiuk,1610612738,BOS,G-F,27,36,21,0.254,17,30,0.567,0.619,-0.052
2023-24,1630562,Matt Hurt,1610612763,MEM,F,24,7,6,0.444,16,28,0.571,0.597,-0.025
2023-24,1629057,Robert Williams III,1610612757,POR,C-F,26,6,6,0.378,19,28,0.679,0.627,0.051
2023-24,1630240,Saben Lee,1610612756,PHX,G,25,18,14,0.412,19,28,0.679,0.619,0.059
2023-24,1630568,Luka Garza,1610612750,MIN,C,25,19,14,0.443,18,27,0.667,0.636,0.031
2023-24,1631262,Jules Bernard,1610612764,WAS,G,24,15,11,0.458,20,27,0.741,0.637,0.104
2023-24,1629875,Xavier Moon,1610612746,LAC,G,29,11,10,0.448,20,26,0.769,0.594,0.175
2023-24,1630184,Kira Lewis Jr.,1610612762,UTA,G,23,22,14,0.302,16,26,0.615,0.628,-0.013
2023-24,1630678,Terry Taylor,1610612741,CHI,F,24,21,15,0.295,14,26,0.538,0.613,-0.074
2023-24,1628385,Harry Giles III,1610612747,LAL,F-C,26,18,14,0.51,18,25,0.72,0.601,0.119
2023-24,1628962,Udoka Azubuike,1610612756,PHX,C-F,24,15,11,0.352,13,25,0.52,0.626,-0.106
2023-24,203925,Joe Harris,1610612765,DET,G-F,32,14,11,0.436,17,24,0.708,0.607,0.101
2023-24,1630285,Zavier Simpson,1610612765,DET,G,27,7,7,0.393,14,24,0.583,0.622,-0.039
2023-24,1641931,Onuralp Bitim,1610612741,CHI,F,25,20,14,0.216,20,24,0.833,0.611,0.223
2023-24,1629750,Javonte Green,1610612741,CHI,G,30,9,9,0.338,15,23,0.652,0.649,0.003
2023-24,203490,Otto Porter Jr.,1610612761,TOR,F,31,14,11,0.361,11,22,0.5,0.635,-0.135
2023-24,1630696,Dru Smith,1610612748,MIA,G,26,8,7,0.364,15,20,0.75,0.639,0.111
2023-24,1630186,Jahmi'us Ramsey,1610612761,TOR,G,23,7,7,0.4,11,20,0.55,0.648,-0.098
2023-24,1641970,Maozinha Pereira,1610612763,MEM,F,23,6,5,0.358,9,19,0.474,0.655,-0.181
2023-24,1629634,Brandon Clarke,1610612763,MEM,F,27,6,6,0.396,11,19,0.579,0.67,-0.091
2023-24,1642013,Malik Williams,1610612761,TOR,C,25,7,5,0.373,13,19,0.684,0.685,-0.001
2023-24,1630314,Brandon Williams,1610612742,DAL,G,24,15,7,0.302,12,19,0.632,0.591,0.041
2023-24,1631123,Jamaree Bouyea,1610612759,SAS,G,25,7,7,0.514,9,18,0.5,0.579,-0.079
2023-24,1629685,Dylan Windler,1610612737,ATL,G-F,27,12,9,0.367,12,18,0.667,0.582,0.085
2023-24,1631466,Nate Williams,1610612745,HOU,G,25,19,12,0.327,10,18,0.556,0.602,-0.046
2023-24,1631321,Sidy Cissoko,1610612759,SAS,G,20,8,7,0.34,14,18,0.778,0.652,0.126
2023-24,1641721,Maxwell Lewis,1610612747,LAL,F,21,19,14,0.514,13,18,0.722,0.636,0.086
2023-24,1630610,DeJon Jarreau,1610612763,MEM,G,26,9,7,0.34,9,17,0.529,0.648,-0.119
2023-24,1629216,Gabe Vincent,1610612747,LAL,G,28,11,9,0.195,9,16,0.563,0.593,-0.03
2023-24,203648,Thanasis Antetokounmpo,1610612749,MIL,F,31,24,12,0.25,7,16,0.438,0.568,-0.13
2023-24,1641732,Colby Jones,1610612758,SAC,G,22,20,11,0.276,12,16,0.75,0.582,0.168
2023-24,1629618,Jalen Pickett,1610612743,DEN,G,24,18,11,0.333,11,15,0.733,0.576,0.158
2023-24,1641720,Jalen Hood-Schifino,1610612747,LAL,G,21,15,10,0.405,10,15,0.667,0.629,0.037
2023-24,1630658,Colin Castleton,1610612747,LAL,C,24,11,6,0.429,10,15,0.667,0.6,0.067
2023-24,1631173,Terquavion Smith,1610612755,PHI,G,21,9,9,0.455,13,15,0.867,0.624,0.243
2023-24,1631205,Buddy Boeheim,1610612765,DET,F,24,7,7,0.517,9,15,0.6,0.644,-0.044
2023-24,1630181,R.J. Hampton,1610612748,MIA,G,23,6,3,0.429,11,15,0.733,0.638,0.095
2023-24,1630288,Jeff Dowtin Jr.,1610612755,PHI,G,27,10,6,0.286,11,14,0.786,0.584,0.201
2023-24,1631306,Cole Swider,1610612748,MIA,F,25,12,10,0.368,7,14,0.5,0.587,-0.087
2023-24,1631169,Josh Minott,1610612750,MIN,F,21,22,10,0.325,12,13,0.923,0.597,0.326
2023-24,201577,Robin Lopez,1610612749,MIL,C,36,8,2,0.277,8,13,0.615,0.648,-0.032
2023-24,1631298,Jack White,1610612760,OKC,F,26,4,4,0.448,7,13,0.538,0.614,-0.076
2023-24,1641754,Seth Lundy,1610612737,ATL,G-F,24,8,5,0.464,9,13,0.692,0.553,0.139
2023-24,1631157,Ryan Rollins,1610612749,MIL,G,21,9,7,0.464,5,13,0.385,0.568,-0.184
2023-24,1641734,Emoni Bates,1610612739,CLE,F,20,12,9,0.361,10,13,0.769,0.623,0.147
2023-24,1629717,Armoni Brooks,1610612751,BKN,G,26,8,4,0.279,9,12,0.75,0.624,0.126
2023-24,1629117,Wenyen Gabriel,1610612738,BOS,F,27,5,5,0.444,7,12,0.583,0.634,-0.051
2023-24,1630618,D.J. Carton,1610612761,TOR,G,23,4,3,0.444,6,12,0.5,0.615,-0.115
2023-24,1630846,Olivier Sarr,1610612760,OKC,C,25,11,5,0.353,7,12,0.583,0.58,0.004
2023-24,1641775,Jordan Walsh,1610612738,BOS,G,20,7,4,0.444,9,12,0.75,0.612,0.139
2023-24,1631217,Moussa Diabaté,1610612746,LAC,F,22,10,6,0.308,6,12,0.5,0.614,-0.114
2023-24,1631159,Leonard Miller,1610612750,MIN,F,20,11,7,0.667,7,12,0.583,0.569,0.014
2023-24,1641851,Timmy Allen,1610612763,MEM,F,24,5,5,0.355,10,11,0.909,0.625,0.284
2023-24,1630296,Braxton Key,1610612743,DEN,F,27,13,8,0.611,8,11,0.727,0.586,0.141
2023-24,1630207,Nate Hinton,1610612745,HOU,G-F,25,9,5,0.478,7,11,0.636,0.714,-0.077
2023-24,1641753,Chris Livingston,1610612749,MIL,F,20,12,8,0.323,5,10,0.5,0.614,-0.114
2023-24,1630554,Jason Preston,1610612762,UTA,G,24,7,6,0.278,6,10,0.6,0.544,0.056
2023-24,1631120,JD Davison,1610612738,BOS,G,21,6,5,0.588,6,10,0.6,0.594,0.006
2023-24,1631257,Jermaine Samuels Jr.,1610612745,HOU,F,25,10,4,0.36,4,9,0.444,0.581,-0.137
2023-24,1629010,Jerome Robinson,1610612744,GSW,G,27,12,6,0.429,3,9,0.333,0.522,-0.189
2023-24,1628424,Kobi Simmons,1610612761,TOR,G,26,4,3,0.36,4,9,0.444,0.613,-0.169
2023-24,1630547,James Bouknight,1610612766,CHA,G,23,12,7,0.346,4,9,0.444,0.693,-0.249
2023-24,203933,T.J. Warren,1610612750,MIN,F,30,9,5,0.375,8,9,0.889,0.637,0.252
2023-24,1631243,Mouhamed Gueye,1610612737,ATL,F,21,4,3,0.273,7,9,0.778,0.653,0.125
2023-24,1631131,Oscar Tshiebwe,1610612754,IND,F-C,24,8,7,0.45,7,9,0.778,0.61,0.168
2023-24,1641771,Jalen Slawson,1610612758,SAC,F,24,8,6,0.615,4,8,0.5,0.618,-0.118
2023-24,1641735,Amari Bailey,1610612766,CHA,G,20,7,3,0.4,3,8,0.375,0.553,-0.178
2023-24,1630643,Jay Huff,1610612743,DEN,C,26,11,7,0.333,5,8,0.625,0.607,0.018
2023-24,1626246,Boban Marjanovic,1610612745,HOU,C,35,13,6,0.167,2,8,0.25,0.583,-0.333
2023-24,1641757,Jordan Miller,1610612746,LAC,G,24,6,5,0.583,5,7,0.714,0.648,0.066
2023-24,1630311,Pat Spencer,1610612744,GSW,G,27,4,3,0.583,3,7,0.429,0.604,-0.176
2023-24,1630561,David Duke Jr.,1610612759,SAS,G,24,3,3,0.538,3,7,0.429,0.566,-0.137
2023-24,1641724,Jett Howard,1610612753,ORL,G,20,10,7,0.333,6,7,0.857,0.61,0.247
2023-24,1641926,Dexter Dennis,1610612742,DAL,G,25,3,3,0.538,6,7,0.857,0.638,0.219
2023-24,201949,James Johnson,1610612754,IND,F,37,8,4,0.286,4,6,0.667,0.463,0.204
2023-24,1641727,Dariq Whitehead,1610612751,BKN,F,19,2,2,0.545,5,6,0.833,0.704,0.13
2023-24,1630600,Isaiah Mobley,1610612739,CLE,F,24,8,3,0.176,5,6,0.833,0.573,0.26
2023-24,1630553,Keon Johnson,1610612751,BKN,G,22,4,3,0.353,5,6,0.833,0.648,0.185
2023-24,1629308,Juan Toscano-Anderson,1610612758,SAC,F,31,8,5,0.273,4,6,0.667,0.528,0.138
2023-24,1631111,Wendell Moore Jr.,1610612750,MIN,G,22,15,5,0.273,4,6,0.667,0.571,0.096
2023-24,1641766,Adama Sanogo,1610612741,CHI,F,22,5,4,0.3,4,6,0.667,0.611,0.056
2023-24,1631102,TyTy Washington Jr.,1610612749,MIL,G,22,5,3,0.333,2,5,0.4,0.628,-0.228
2023-24,1631112,Kendall Brown,1610612754,IND,G,21,6,5,0.455,2,5,0.4,0.512,-0.112
2023-24,1630222,Mason Jones,1610612758,SAC,G,25,3,3,0.455,2,5,0.4,0.616,-0.216
2023-24,1630535,Greg Brown III,1610612742,DAL,F,22,4,3,0.278,3,5,0.6,0.523,0.077
2023-24,1631220,Dereon Seabron,1610612740,NOP,G,24,6,3,0.2,2,5,0.4,0.656,-0.256
2023-24,1641749,Keyontae Johnson,1610612760,OKC,F,24,7,3,0.294,4,5,0.8,0.553,0.247
2023-24,1627853,Ryan Arcidiacono,1610612752,NYK,G,30,11,5,0.25,3,5,0.6,0.62,-0.02
2023-24,1641816,Hunter Tyson,1610612743,DEN,F,24,11,5,0.217,4,5,0.8,0.603,0.197
2023-24,1629678,Admiral Schofield,1610612753,ORL,F,27,15,4,0.19,3,4,0.75,0.613,0.137
2023-24,1628391,D.J. Wilson,1610612753,ORL,F,28,2,1,0.364,2,4,0.5,0.642,-0.142
2023-24,1631210,Jacob Toppin,1610612752,NYK,F,24,2,1,0.444,3,4,0.75,0.646,0.104
2023-24,1628373,Frank Ntilikina,1610612766,CHA,G,25,5,3,0.364,1,4,0.25,0.613,-0.363
2023-24,1629660,Ty Jerome,1610612739,CLE,G-F,26,2,1,0.571,3,4,0.75,0.638,0.112
2023-24,1631245,Quenton Jackson,1610612754,IND,G,25,3,3,0.667,2,4,0.5,0.475,0.025
2023-24,1631386,Taze Moore,1610612757,POR,G,26,4,2,0.4,3,4,0.75,0.645,0.105
2023-24,1630227,Daishen Nix,1610612750,MIN,G,22,3,2,0.5,3,4,0.75,0.592,0.158
2023-24,1630586,Usman Garuba,1610612744,GSW,F,22,6,4,0.4,2,4,0.5,0.536,-0.036
2023-24,1630564,RaiQuan Gray,1610612759,SAS,F,24,3,3,0.19,1,4,0.25,0.572,-0.322
2023-24,1629610,DaQuan Jeffries,1610612752,NYK,G-F,26,9,4,0.286,2,4,0.5,0.572,-0.072
2023-24,1641788,Alex Fudge,1610612742,DAL,F,21,4,3,0.2,2,3,0.667,0.7,-0.033
2023-24,1630563,Joshua Primo,1610612746,LAC,G,21,2,1,0.6,2,3,0.667,0.566,0.101
2023-24,1641793,D'Moi Hodge,1610612747,LAL,G,25,3,1,0.167,2,3,0.667,0.59,0.076
2023-24,1629603,Mamadi Diakite,1610612752,NYK,F,27,5,3,0.3,2,3,0.667,0.546,0.121
2023-24,1629232,Kaiser Gates,1610612740,NOP,F,27,1,1,0.4,1,2,0.5,0.622,-0.122
2023-24,1630284,Kevon Harris,1610612753,ORL,G,27,2,1,0.667,1,2,0.5,0.596,-0.096
2023-24,1630929,Henri Drell,1610612741,CHI,F,24,1,1,0.333,1,2,0.5,0.61,-0.11
2023-24,202738,Isaiah Thomas,1610612756,PHX,G,35,4,1,0.333,1,2,0.5,0.584,-0.084
2023-24,1630604,E.J. Liddell,1610612740,NOP,F,23,5,1,0.25,1,2,0.5,0.584,-0.084
2023-24,201980,Danny Green,1610612755,PHI,G,37,2,2,0.182,2,2,1,0.649,0.351
2023-24,1630196,Filip Petrusev,1610612755,PHI,C,24,2,2,0.333,0,2,0,0.517,-0.517
2023-24,1629718,Charlie Brown Jr.,1610612752,NYK,G,27,3,1,0.222,2,2,1,0.688,0.313
2023-24,1641847,Andrew Funk,1610612741,CHI,G,24,2,2,0.5,1,2,0.5,0.61,-0.11
2023-24,1630688,Ish Wainright,1610612756,PHX,F,29,6,1,0.182,0,2,0,0.586,-0.586
2023-24,1627885,Shaquille Harrison,1610612763,MEM,G,30,2,1,0.5,2,2,1,0.584,0.417
2023-24,1631167,Izaiah Brockington,1610612740,NOP,G,24,1,1,0.667,1,2,0.5,0.642,-0.142
2023-24,1631250,Pete Nance,1610612739,CLE,F,24,3,2,0.5,1,2,0.5,0.572,-0.072
2023-24,1630259,Jordan Ford,1610612758,SAC,G,26,4,1,0.2,1,1,1,0.701,0.299
2023-24,1628977,Hamidou Diallo,1610612764,WAS,G,25,1,1,1,1,1,1,0.61,0.39
2023-24,1641745,Adam Flagler,1610612760,OKC,G,24,2,1,0.25,1,1,1,0.833,0.167
2023-24,1641809,Drew Peterson,1610612738,BOS,F,24,2,1,0.2,1,1,1,0.833,0.167
2024-25,201572,Brook Lopez,1610612749,MIL,C,37,80,80,0.394,316,579,0.546,0.634,-0.088
2024-25,1626167,Myles Turner,1610612754,IND,C-F,29,72,72,0.534,316,574,0.551,0.63,-0.079
2024-25,1627826,Ivica Zubac,1610612746,LAC,C,28,80,80,0.413,310,572,0.542,0.636,-0.094
2024-25,1642259,Alex Sarr,1610612764,WAS,C,20,67,67,0.502,337,566,0.595,0.644,-0.049
2024-25,1630578,Alperen Sengun,1610612745,HOU,C,22,76,75,0.458,329,563,0.584,0.632,-0.048
2024-25,203999,Nikola Jokić,1610612743,DEN,C,30,70,69,0.398,341,494,0.69,0.643,0.047
2024-25,1642274,Yves Missi,1610612740,NOP,C,21,73,73,0.46,288,490,0.588,0.636,-0.049
2024-25,202696,Nikola Vučević,1610612741,CHI,C,34,73,72,0.408,311,487,0.639,0.643,-0.005
2024-25,1628386,Jarrett Allen,1610612739,CLE,C,27,81,81,0.426,257,475,0.541,0.636,-0.095
2024-25,1627734,Domantas Sabonis,1610612758,SAC,F-C,29,70,68,0.431,281,467,0.602,0.641,-0.039
2024-25,1630596,Evan Mobley,1610612739,CLE,C,24,71,71,0.389,258,464,0.556,0.63,-0.074
2024-25,203497,Rudy Gobert,1610612750,MIN,C,33,72,72,0.382,241,463,0.521,0.632,-0.111
2024-25,1626157,Karl-Anthony Towns,1610612752,NYK,C-F,29,72,71,0.405,289,444,0.651,0.635,0.016
2024-25,1631117,Walker Kessler,1610612762,UTA,C,23,58,58,0.405,215,439,0.49,0.639,-0.149
2024-25,1631105,Jalen Duren,1610612765,DET,C,21,78,78,0.406,246,408,0.603,0.635,-0.032
2024-25,1627751,Jakob Poeltl,1610612761,TOR,C,29,57,57,0.437,223,376,0.593,0.647,-0.054
2024-25,1641705,Victor Wembanyama,1610612759,SAS,F-C,21,46,46,0.448,164,376,0.436,0.639,-0.203
2024-25,1630168,Onyeka Okongwu,1610612737,ATL,F-C,24,74,74,0.393,229,375,0.611,0.643,-0.032
2024-25,1628404,Josh Hart,1610612752,NYK,G,30,77,75,0.336,252,364,0.692,0.63,0.062
2024-25,1628991,Jaren Jackson Jr.,1610612763,MEM,F-C,25,74,74,0.366,178,360,0.494,0.633,-0.138
2024-25,1629651,Nic Claxton,1610612751,BKN,C,26,70,69,0.451,194,360,0.539,0.639,-0.1
2024-25,1629655,Daniel Gafford,1610612742,DAL,F-C,26,57,57,0.448,170,359,0.474,0.626,-0.153
2024-25,1630208,Nick Richards,1610612756,PHX,C,27,56,55,0.476,195,356,0.548,0.634,-0.086
2024-25,1627783,Pascal Siakam,1610612754,IND,F,31,78,78,0.331,216,353,0.612,0.627,-0.015
2024-25,1628389,Bam Adebayo,1610612748,MIA,C-F,27,78,76,0.362,219,348,0.629,0.639,-0.01
2024-25,1631099,Keegan Murray,1610612758,SAC,F,24,76,76,0.33,196,346,0.566,0.63,-0.064
2024-25,1628401,Derrick White,1610612738,BOS,G,30,76,74,0.334,203,344,0.59,0.618,-0.028
2024-25,1627824,Guerschon Yabusele,1610612755,PHI,F,29,70,68,0.468,237,340,0.697,0.639,0.058
2024-25,1630191,Isaiah Stewart,1610612765,DET,F-C,24,72,68,0.4,142,338,0.42,0.628,-0.208
2024-25,1629675,Naz Reid,1610612750,MIN,C-F,25,80,78,0.387,196,337,0.582,0.631,-0.049
2024-25,1641744,Zach Edey,1610612763,MEM,C,23,66,63,0.404,187,336,0.557,0.632,-0.075
2024-25,1642271,Kyle Filipowski,1610612762,UTA,C,21,72,70,0.434,231,333,0.694,0.631,0.062
2024-25,1641739,Toumani Camara,1610612757,POR,F,25,78,77,0.35,219,331,0.662,0.636,0.026
2024-25,1630700,Dyson Daniels,1610612737,ATL,G,22,76,75,0.326,222,330,0.673,0.628,0.045
2024-25,202685,Jonas Valanciunas,1610612758,SAC,C,33,81,80,0.416,212,326,0.65,0.651,0
2024-25,1642276,Kel'el Ware,1610612748,MIA,C,21,63,61,0.483,189,324,0.583,0.636,-0.053
2024-25,1630183,Jaden McDaniels,1610612750,MIN,F,24,82,79,0.303,187,317,0.59,0.63,-0.04
2024-25,1628976,Wendell Carter Jr.,1610612753,ORL,C-F,26,68,67,0.421,179,316,0.566,0.632,-0.066
2024-25,1630567,Scottie Barnes,1610612761,TOR,F-G,23,65,64,0.398,186,314,0.592,0.629,-0.037
2024-25,203076,Anthony Davis,1610612742,DAL,F-C,32,51,50,0.376,157,314,0.5,0.638,-0.138
2024-25,1628436,Luke Kornet,1610612738,BOS,C-F,29,71,70,0.396,152,308,0.494,0.623,-0.129
2024-25,1628392,Isaiah Hartenstein,1610612760,OKC,C-F,27,57,57,0.4,176,307,0.573,0.629,-0.056
2024-25,1642270,Donovan Clingan,1610612757,POR,C,21,67,65,0.367,135,306,0.441,0.636,-0.195
2024-25,203110,Draymond Green,1610612744,GSW,F,35,68,66,0.337,169,304,0.556,0.632,-0.076
2024-25,203486,Mason Plumlee,1610612756,PHX,F-C,35,74,70,0.437,179,304,0.589,0.64,-0.052
2024-25,1630166,Deni Avdija,1610612757,POR,F,24,72,71,0.339,186,294,0.633,0.635,-0.002
2024-25,1627750,Jamal Murray,1610612743,DEN,G,28,67,65,0.29,199,293,0.679,0.631,0.049
2024-25,1630581,Josh Giddey,1610612741,CHI,G,22,69,69,0.338,188,289,0.651,0.624,0.026
2024-25,1630559,Austin Reaves,1610612747,LAL,G,27,73,70,0.295,207,285,0.726,0.626,0.1
2024-25,1641824,Matas Buzelis,1610612741,CHI,F,20,77,68,0.427,152,283,0.537,0.629,-0.092
2024-25,1629048,Goga Bitadze,1610612753,ORL,C-F,25,70,67,0.374,154,279,0.552,0.636,-0.084
2024-25,1629008,Michael Porter Jr.,1610612743,DEN,F,27,77,74,0.35,184,278,0.662,0.636,0.026
2024-25,204001,Kristaps Porziņģis,1610612738,BOS,F-C,29,42,40,0.405,133,278,0.478,0.637,-0.159
2024-25,1628969,Mikal Bridges,1610612752,NYK,G-F,28,81,78,0.297,174,277,0.628,0.62,0.009
2024-25,1628983,Shai Gilgeous-Alexander,1610612760,OKC,G,26,76,74,0.313,175,276,0.634,0.63,0.004
2024-25,1630595,Cade Cunningham,1610612765,DET,G,23,70,70,0.291,166,272,0.61,0.638,-0.027
2024-25,1631108,Max Christie,1610612742,DAL,G,22,77,74,0.348,166,272,0.61,0.628,-0.017
2024-25,1642273,Kyshawn George,1610612764,WAS,F,21,67,66,0.309,160,270,0.593,0.627,-0.034
2024-25,201935,James Harden,1610612746,LAC,G,35,79,77,0.3,200,268,0.746,0.629,0.117
2024-25,1630224,Jalen Green,1610612745,HOU,G,23,82,76,0.335,176,264,0.667,0.626,0.041
2024-25,1631212,Peyton Watson,1610612743,DEN,G,22,68,64,0.367,144,264,0.545,0.626,-0.081
2024-25,203507,Giannis Antetokounmpo,1610612749,MIL,F,30,67,64,0.339,135,261,0.517,0.639,-0.122
2024-25,1631097,Bennedict Mathurin,1610612754,IND,G-F,23,72,67,0.359,180,261,0.69,0.617,0.073
2024-25,1630577,Julian Champagnie,1610612759,SAS,F,24,82,78,0.332,178,259,0.687,0.623,0.065
2024-25,203944,Julius Randle,1610612750,MIN,F-C,30,69,65,0.313,172,256,0.672,0.632,0.04
2024-25,1629639,Tyler Herro,1610612748,MIA,G,25,77,74,0.325,170,254,0.669,0.619,0.05
2024-25,1629023,P.J. Washington,1610612742,DAL,F,26,57,56,0.36,151,252,0.599,0.63,-0.03
2024-25,1626162,Kelly Oubre Jr.,1610612755,PHI,F-G,29,60,59,0.342,171,251,0.681,0.632,0.049
2024-25,1628418,Thomas Bryant,1610612754,IND,C-F,27,64,63,0.562,144,250,0.576,0.628,-0.052
2024-25,1631217,Moussa Diabaté,1610612766,CHA,F,23,69,66,0.412,143,249,0.574,0.63,-0.055
2024-25,1642258,Zaccharie Risacher,1610612737,ATL,F,20,75,68,0.319,169,248,0.681,0.632,0.049
2024-25,1628384,OG Anunoby,1610612752,NYK,F-G,27,74,72,0.254,150,246,0.61,0.631,-0.021
2024-25,1631109,Mark Williams,1610612766,CHA,C,23,43,43,0.355,152,244,0.623,0.653,-0.03
2024-25,1628415,Dillon Brooks,1610612745,HOU,G-F,29,75,71,0.266,161,242,0.665,0.633,0.032
2024-25,1630173,Precious Achiuwa,1610612752,NYK,F,25,57,53,0.443,151,236,0.64,0.628,0.012
2024-25,1630583,Santi Aldama,1610612763,MEM,F-C,24,65,64,0.375,150,235,0.638,0.633,0.006
2024-25,1641737,Adem Bona,1610612755,PHI,F,22,50,49,0.471,124,234,0.53,0.626,-0.096
2024-25,1631095,Jabari Smith Jr.,1610612745,HOU,F,22,57,55,0.4,130,234,0.556,0.621,-0.066
2024-25,1629638,Nickeil Alexander-Walker,1610612750,MIN,G,26,82,76,0.32,159,234,0.679,0.619,0.06
2024-25,1630530,Trey Murphy III,1610612740,NOP,F,25,52,52,0.349,162,233,0.695,0.631,0.064
2024-25,1628970,Miles Bridges,1610612766,CHA,F,27,63,61,0.301,137,233,0.588,0.638,-0.05
2024-25,1627827,Dorian Finney-Smith,1610612747,LAL,F,32,63,63,0.35,144,232,0.621,0.631,-0.011
2024-25,1631110,Jeremy Sochan,1610612759,SAS,F,22,54,52,0.38,145,231,0.628,0.619,0.009
2024-25,1629640,Keldon Johnson,1610612759,SAS,F-G,25,77,70,0.364,150,231,0.649,0.634,0.016
2024-25,2544,LeBron James,1610612747,LAL,F,40,70,66,0.31,150,230,0.652,0.626,0.026
2024-25,1641726,Dereck Lively II,1610612742,DAL,C,21,36,36,0.416,124,229,0.541,0.633,-0.091
2024-25,1628380,Zach Collins,1610612741,CHI,F-C,27,63,56,0.429,120,227,0.529,0.634,-0.106
2024-25,203084,Harrison Barnes,1610612759,SAS,F,33,82,75,0.283,155,227,0.683,0.637,0.045
2024-25,1630643,Jay Huff,1610612763,MEM,C,27,60,57,0.503,121,226,0.535,0.627,-0.091
2024-25,1630162,Anthony Edwards,1610612750,MIN,G,23,79,73,0.286,148,226,0.655,0.618,0.036
2024-25,202699,Tobias Harris,1610612765,DET,F,32,73,70,0.286,151,225,0.671,0.632,0.039
2024-25,203991,Clint Capela,1610612737,ATL,C,31,55,52,0.425,116,225,0.516,0.64,-0.125
2024-25,1626164,Devin Booker,1610612756,PHX,G,28,75,72,0.284,151,224,0.674,0.629,0.045
2024-25,1630553,Keon Johnson,1610612751,BKN,G,23,78,71,0.326,153,223,0.686,0.63,0.056
2024-25,1630169,Tyrese Haliburton,1610612754,IND,G,25,73,69,0.324,140,222,0.631,0.61,0.021
2024-25,1631165,Keon Ellis,1610612758,SAC,G,25,79,70,0.305,153,222,0.689,0.631,0.058
2024-25,1631094,Paolo Banchero,1610612753,ORL,F,22,46,45,0.375,146,222,0.658,0.639,0.019
2024-25,1629014,Anfernee Simons,1610612757,POR,G,26,70,66,0.3,161,219,0.735,0.636,0.099
2024-25,1628369,Jayson Tatum,1610612738,BOS,F-G,27,71,67,0.353,144,219,0.658,0.636,0.022
2024-25,1629060,Rui Hachimura,1610612747,LAL,F,27,59,59,0.343,139,219,0.635,0.634,0.001
2024-25,1641708,Amen Thompson,1610612745,HOU,G-F,22,69,63,0.313,108,217,0.498,0.628,-0.13
2024-25,1626171,Bobby Portis Jr.,1610612749,MIL,F,30,49,49,0.376,134,216,0.62,0.629,-0.009
2024-25,1642264,Stephon Castle,1610612759,SAS,G,20,80,69,0.264,145,215,0.674,0.629,0.046
2024-25,1626172,Kevon Looney,1610612744,GSW,F,29,76,71,0.351,117,215,0.544,0.621,-0.077
2024-25,201143,Al Horford,1610612738,BOS,C-F,39,60,57,0.3,132,215,0.614,0.631,-0.017
2024-25,1631114,Jalen Williams,1610612760,OKC,G-F,24,69,65,0.367,121,215,0.563,0.619,-0.056
2024-25,1627752,Taurean Prince,1610612749,MIL,F,31,80,74,0.311,145,214,0.678,0.63,0.048
2024-25,201942,DeMar DeRozan,1610612758,SAC,G-F,35,77,71,0.291,142,213,0.667,0.631,0.036
2024-25,203994,Jusuf Nurkić,1610612766,CHA,C,30,51,50,0.392,120,213,0.563,0.644,-0.08
2024-25,203897,Zach LaVine,1610612758,SAC,G,30,73,68,0.253,160,212,0.755,0.637,0.117
2024-25,1627741,Buddy Hield,1610612744,GSW,G,32,82,70,0.295,145,208,0.697,0.631,0.066
2024-25,1642367,Jonathan Mogbo,1610612761,TOR,F,23,62,57,0.384,134,207,0.647,0.622,0.025
2024-25,1629656,Quentin Grimes,1610612755,PHI,G,25,75,65,0.32,136,205,0.663,0.62,0.043
2024-25,1631096,Chet Holmgren,1610612760,OKC,C-F,23,32,30,0.466,90,204,0.441,0.629,-0.188
2024-25,1626220,Royce O'Neale,1610612756,PHX,F,32,74,71,0.308,146,202,0.723,0.637,0.086
2024-25,1629674,Neemias Queta,1610612738,BOS,C,25,57,49,0.42,115,202,0.569,0.618,-0.049
2024-25,1627777,Georges Niang,1610612737,ATL,F,32,79,68,0.315,137,201,0.682,0.623,0.058
2024-25,1629632,Coby White,1610612741,CHI,G,25,73,64,0.267,143,201,0.711,0.625,0.086
2024-25,1629637,Jaxson Hayes,1610612747,LAL,C-F,25,56,55,0.393,107,201,0.532,0.626,-0.093
2024-25,1629312,Haywood Highsmith,1610612748,MIA,F,28,74,63,0.257,122,200,0.61,0.617,-0.007
2024-25,1642345,Oso Ighodaro,1610612756,PHX,F,22,57,51,0.421,113,199,0.568,0.628,-0.06
2024-25,1629731,Dean Wade,1610612739,CLE,F-C,28,59,55,0.409,120,199,0.603,0.628,-0.025
2024-25,201142,Kevin Durant,1610612756,PHX,F,36,62,61,0.275,104,198,0.525,0.632,-0.107
2024-25,1641710,Anthony Black,1610612753,ORL,G,21,78,74,0.303,133,198,0.672,0.611,0.061
2024-25,1631218,Trayce Jackson-Davis,1610612744,GSW,F,25,59,53,0.418,108,198,0.545,0.627,-0.082
2024-25,1630598,Aaron Wiggins,1610612760,OKC,G,26,76,70,0.282,139,196,0.709,0.625,0.084
2024-25,1629634,Brandon Clarke,1610612763,MEM,F,28,64,63,0.38,109,196,0.556,0.62,-0.064
2024-25,1630188,Jalen Smith,1610612741,CHI,F-C,25,62,60,0.425,108,195,0.554,0.631,-0.077
2024-25,1642346,Ryan Dunn,1610612756,PHX,F,22,71,64,0.31,121,195,0.621,0.631,-0.01
2024-25,1631128,Christian Braun,1610612743,DEN,G,24,79,72,0.211,119,194,0.613,0.618,-0.004
2024-25,1631115,Orlando Robinson,1610612761,TOR,C,24,43,39,0.477,113,193,0.585,0.621,-0.035
2024-25,1626168,Trey Lyles,1610612758,SAC,F,29,69,60,0.334,127,192,0.661,0.629,0.032
2024-25,1641731,Bilal Coulibaly,1610612764,WAS,G,20,59,55,0.315,127,192,0.661,0.633,0.029
2024-25,1630217,Desmond Bane,1610612753,ORL,G,27,69,65,0.296,121,192,0.63,0.626,0.005
2024-25,1630172,Patrick Williams,1610612741,CHI,F,23,62,56,0.348,133,191,0.696,0.637,0.059
2024-25,101108,Chris Paul,1610612759,SAS,G,40,82,72,0.268,140,190,0.737,0.636,0.101
2024-25,1630534,Ochai Agbaji,1610612761,TOR,G,25,64,59,0.299,109,190,0.574,0.627,-0.053
2024-25,1630548,Johnny Juzang,1610612762,UTA,G,24,64,58,0.361,129,190,0.679,0.632,0.047
2024-25,203952,Andrew Wiggins,1610612748,MIA,F,30,60,58,0.272,118,189,0.624,0.636,-0.011
2024-25,1630703,Scoot Henderson,1610612757,POR,G,21,66,59,0.315,138,187,0.738,0.627,0.111
2024-25,1628371,Jonathan Isaac,1610612753,ORL,F,27,71,66,0.439,84,185,0.454,0.635,-0.181
2024-25,1630167,Obi Toppin,1610612754,IND,F,27,79,67,0.36,133,184,0.723,0.629,0.094
2024-25,1630552,Jalen Johnson,1610612737,ATL,F,23,36,35,0.386,121,184,0.658,0.636,0.021
2024-25,1630170,Devin Vassell,1610612759,SAS,G-F,24,64,62,0.347,123,184,0.668,0.631,0.037
2024-25,1642267,Bub Carrington,1610612764,WAS,G,19,82,74,0.246,135,184,0.734,0.629,0.104
2024-25,1641730,Noah Clowney,1610612751,BKN,F-C,20,46,43,0.398,108,184,0.587,0.636,-0.049
2024-25,1630592,Jalen Wilson,1610612751,BKN,F,24,79,68,0.316,136,183,0.743,0.636,0.107
2024-25,1630230,Naji Marshall,1610612742,DAL,F,27,69,62,0.304,130,183,0.71,0.626,0.085
2024-25,1631101,Shaedon Sharpe,1610612757,POR,G,22,72,65,0.308,127,182,0.698,0.625,0.072
2024-25,1631106,Tari Eason,1610612745,HOU,F,24,57,56,0.334,114,182,0.626,0.641,-0.015
2024-25,203915,Spencer Dinwiddie,1610612742,DAL,G,32,78,69,0.278,130,181,0.718,0.623,0.095
2024-25,1631255,Karlo Matković,1610612740,NOP,F-C,24,42,42,0.426,103,180,0.572,0.634,-0.061
2024-25,1628973,Jalen Brunson,1610612752,NYK,G,28,65,59,0.275,131,179,0.732,0.631,0.101
2024-25,1631107,Nikola Jović,1610612748,MIA,F,22,46,43,0.356,109,179,0.609,0.624,-0.016
2024-25,1641718,Keyonte George,1610612762,UTA,G,21,67,62,0.26,148,177,0.836,0.635,0.201
2024-25,1628368,De'Aaron Fox,1610612759,SAS,G,27,62,56,0.219,122,175,0.697,0.621,0.076
2024-25,1629029,Luka Dončić,1610612747,LAL,F-G,26,50,48,0.281,108,175,0.617,0.637,-0.02
2024-25,201587,Nicolas Batum,1610612746,LAC,G-F,36,77,69,0.368,99,175,0.566,0.632,-0.066
2024-25,1629614,Andrew Nembhard,1610612754,IND,G-F,25,65,60,0.256,114,173,0.659,0.62,0.039
2024-25,1630551,Justin Champagnie,1610612764,WAS,G-F,24,58,48,0.313,97,170,0.571,0.633,-0.062
2024-25,1629661,Cameron Johnson,1610612751,BKN,F,29,57,54,0.303,112,170,0.659,0.641,0.017
2024-25,1629028,Deandre Ayton,1610612757,POR,C,26,40,39,0.313,90,170,0.529,0.644,-0.114
2024-25,1628381,John Collins,1610612762,UTA,F-C,27,40,39,0.371,103,169,0.609,0.63,-0.02
2024-25,1641722,Jordan Hawkins,1610612740,NOP,G,23,55,52,0.328,121,168,0.72,0.634,0.086
2024-25,1642377,Jaylen Wells,1610612763,MEM,F,21,79,73,0.253,120,168,0.714,0.629,0.085
2024-25,1629628,RJ Barrett,1610612761,TOR,F-G,25,58,54,0.266,100,167,0.599,0.633,-0.034
2024-25,1627884,Derrick Jones Jr.,1610612746,LAC,F,28,77,69,0.268,119,167,0.713,0.632,0.08
2024-25,203932,Aaron Gordon,1610612743,DEN,F,29,51,43,0.314,111,166,0.669,0.629,0.04
2024-25,1627759,Jaylen Brown,1610612738,BOS,G-F,28,63,55,0.245,113,166,0.681,0.632,0.049
2024-25,1629234,Drew Eubanks,1610612746,LAC,F-C,28,58,50,0.415,86,165,0.521,0.635,-0.114
2024-25,1630549,Day'Ron Sharpe,1610612751,BKN,C,23,50,47,0.435,87,164,0.53,0.624,-0.094
2024-25,203078,Bradley Beal,1610612756,PHX,G,32,53,50,0.251,122,163,0.748,0.622,0.126
2024-25,1630533,Ziaire Williams,1610612751,BKN,F,23,63,54,0.295,111,163,0.681,0.629,0.052
2024-25,201566,Russell Westbrook,1610612743,DEN,G,36,75,65,0.289,100,163,0.613,0.624,-0.011
2024-25,1626156,D'Angelo Russell,1610612751,BKN,G,29,58,52,0.304,114,163,0.699,0.624,0.075
2024-25,1627832,Fred VanVleet,1610612745,HOU,G,31,60,55,0.261,109,162,0.673,0.627,0.046
2024-25,1629631,De'Andre Hunter,1610612739,CLE,F-G,27,64,58,0.293,109,162,0.673,0.634,0.039
2024-25,1628370,Malik Monk,1610612758,SAC,G,27,65,58,0.27,109,161,0.677,0.626,0.051
2024-25,1629645,Kevin Porter Jr.,1610612749,MIL,G-F,25,75,68,0.275,115,161,0.714,0.629,0.085
2024-25,1631260,AJ Green,1610612749,MIL,G,25,72,59,0.232,117,161,0.727,0.618,0.109
2024-25,1628398,Kyle Kuzma,1610612749,MIL,F,29,65,58,0.25,111,161,0.689,0.631,0.058
2024-25,203482,Kelly Olynyk,1610612740,NOP,F-C,34,44,42,0.394,101,160,0.631,0.632,0
2024-25,1630558,Davion Mitchell,1610612748,MIA,G,26,73,65,0.25,111,160,0.694,0.629,0.065
2024-25,1631170,Jaime Jaquez Jr.,1610612748,MIA,G,24,65,57,0.272,103,160,0.644,0.631,0.013
2024-25,1629636,Darius Garland,1610612739,CLE,G,25,75,65,0.234,106,159,0.667,0.627,0.039
2024-25,202710,Jimmy Butler III,1610612744,GSW,F,35,55,47,0.285,106,155,0.684,0.622,0.062
2024-25,1628989,Kevin Huerter,1610612741,CHI,G-F,26,69,57,0.256,96,154,0.623,0.62,0.003
2024-25,1630526,Jeremiah Robinson-Earl,1610612740,NOP,F,24,66,57,0.298,104,154,0.675,0.63,0.046
2024-25,1627747,Caris LeVert,1610612737,ATL,G,30,64,55,0.27,104,154,0.675,0.614,0.062
2024-25,203501,Tim Hardaway Jr.,1610612765,DET,G-F,33,77,63,0.232,103,152,0.678,0.631,0.047
2024-25,1630532,Franz Wagner,1610612753,ORL,F,23,60,56,0.264,101,152,0.664,0.63,0.035
2024-25,1629652,Luguentz Dort,1610612760,OKC,G,26,71,64,0.232,93,152,0.612,0.633,-0.022
2024-25,1629750,Javonte Green,1610612739,CLE,G,31,67,55,0.32,89,152,0.586,0.62,-0.035
2024-25,202331,Paul George,1610612755,PHI,F,35,41,40,0.335,97,151,0.642,0.639,0.003
2024-25,1629611,Terance Mann,1610612737,ATL,G-F,28,67,61,0.321,104,151,0.689,0.629,0.06
2024-25,1628997,Caleb Martin,1610612742,DAL,F,29,45,45,0.306,106,151,0.702,0.621,0.081
2024-25,1641783,Tristan da Silva,1610612753,ORL,F,24,74,61,0.314,100,150,0.667,0.636,0.031
2024-25,1629130,Duncan Robinson,1610612748,MIA,F,31,74,66,0.288,115,149,0.772,0.628,0.143
2024-25,202681,Kyrie Irving,1610612742,DAL,G,33,50,48,0.307,104,149,0.698,0.627,0.071
2024-25,202691,Klay Thompson,1610612742,DAL,G,35,72,63,0.271,97,148,0.655,0.627,0.028
2024-25,203471,Dennis Schröder,1610612765,DET,G,31,75,69,0.246,111,148,0.75,0.628,0.122
2024-25,1631222,Jake LaRavia,1610612758,SAC,F,23,66,59,0.306,108,147,0.735,0.623,0.112
2024-25,1642275,Tidjane Salaün,1610612766,CHA,F,19,58,49,0.34,100,146,0.685,0.622,0.063
2024-25,1630540,Miles McBride,1610612752,NYK,G,24,63,54,0.249,101,146,0.692,0.62,0.072
2024-25,1630572,Sandro Mamukelashvili,1610612759,SAS,F-C,26,58,48,0.41,96,146,0.658,0.62,0.037
2024-25,1641717,Cason Wallace,1610612760,OKC,G,21,68,64,0.211,94,145,0.648,0.621,0.027
2024-25,203468,CJ McCollum,1610612740,NOP,G,33,56,48,0.237,111,144,0.771,0.63,0.141
2024-25,203081,Damian Lillard,1610612749,MIL,G,34,58,50,0.227,109,144,0.757,0.631,0.126
2024-25,1629673,Jordan Poole,1610612764,WAS,G,26,67,56,0.258,99,143,0.692,0.632,0.06
2024-25,1630556,Kessler Edwards,1610612742,DAL,F,24,33,28,0.5,84,143,0.587,0.63,-0.042
2024-25,1628960,Grayson Allen,1610612756,PHX,G,29,64,56,0.268,100,143,0.699,0.622,0.077
2024-25,1630695,Micah Potter,1610612762,UTA,C,27,38,34,0.4,84,142,0.592,0.634,-0.043
2024-25,1642366,Quinten Post,1610612744,GSW,C,25,40,37,0.405,79,142,0.556,0.625,-0.068
2024-25,1631200,Kris Murray,1610612757,POR,F,24,57,49,0.451,87,142,0.613,0.621,-0.008
2024-25,201950,Jrue Holiday,1610612738,BOS,G,35,62,56,0.223,100,140,0.714,0.636,0.078
2024-25,1641711,Gradey Dick,1610612761,TOR,G-F,21,54,49,0.285,105,140,0.75,0.644,0.106
2024-25,1642261,Dalton Knecht,1610612747,LAL,F,24,74,58,0.287,97,139,0.698,0.638,0.06
2024-25,1628374,Lauri Markkanen,1610612762,UTA,F-C,28,47,44,0.303,91,139,0.655,0.636,0.019
2024-25,1641774,Tristan Vukcevic,1610612764,WAS,F,22,30,29,0.493,86,139,0.619,0.609,0.01
2024-25,1630557,Corey Kispert,1610612764,WAS,F,26,61,50,0.286,95,138,0.688,0.624,0.065
2024-25,1641729,Brice Sensabaugh,1610612762,UTA,F,21,70,57,0.315,102,138,0.739,0.625,0.114
2024-25,1630573,Sam Hauser,1610612738,BOS,F,27,70,56,0.291,90,138,0.652,0.617,0.035
2024-25,203500,Steven Adams,1610612745,HOU,C,31,54,50,0.34,71,138,0.514,0.646,-0.131
2024-25,203992,Bogdan Bogdanović,1610612746,LAC,G,32,54,48,0.276,94,137,0.686,0.635,0.051
2024-25,1630541,Moses Moody,1610612744,GSW,G,23,73,54,0.261,85,137,0.62,0.629,-0.008
2024-25,1629027,Trae Young,1610612737,ATL,G,26,76,63,0.204,104,137,0.759,0.614,0.145
2024-25,1631213,Tyrese Martin,1610612751,BKN,F,26,56,49,0.317,96,136,0.706,0.631,0.075
2024-25,1628998,Cody Martin,1610612756,PHX,F,29,52,46,0.315,89,135,0.659,0.633,0.026
2024-25,1641763,Julian Phillips,1610612741,CHI,F,21,77,56,0.353,94,135,0.696,0.64,0.057
2024-25,1630249,Vít Krejčí,1610612737,ATL,G,25,55,45,0.333,77,135,0.57,0.619,-0.049
2024-25,203924,Jerami Grant,1610612757,POR,F,31,47,44,0.308,78,134,0.582,0.632,-0.05
2024-25,1628978,Donte DiVincenzo,1610612750,MIN,G,28,62,59,0.294,87,133,0.654,0.622,0.032
2024-25,1642266,Ja'Kobe Walter,1610612761,TOR,G,20,52,48,0.351,103,133,0.774,0.625,0.15
2024-25,1641764,Brandin Podziemski,1610612744,GSW,G,22,63,57,0.258,89,132,0.674,0.624,0.05
2024-25,203484,Kentavious Caldwell-Pope,1610612763,MEM,G,32,76,61,0.245,95,131,0.725,0.631,0.095
2024-25,1631119,Jaylin Williams,1610612760,OKC,F,23,47,42,0.341,74,131,0.565,0.615,-0.05
2024-25,203083,Andre Drummond,1610612755,PHI,C,31,39,37,0.388,84,131,0.641,0.629,0.012
2024-25,1630192,Zeke Nnaji,1610612743,DEN,F-C,24,50,43,0.402,65,131,0.496,0.616,-0.12
2024-25,1630174,Aaron Nesmith,1610612754,IND,G-F,25,45,41,0.299,76,130,0.585,0.625,-0.04
2024-25,203937,Kyle Anderson,1610612748,MIA,F-G,31,57,50,0.352,80,129,0.62,0.631,-0.011
2024-25,1629599,Amir Coffey,1610612746,LAC,G-F,28,72,60,0.259,93,129,0.721,0.632,0.089
2024-25,1630245,Ayo Dosunmu,1610612741,CHI,G,25,45,41,0.291,86,129,0.667,0.618,0.049
2024-25,1642268,Isaiah Collier,1610612762,UTA,G,20,71,57,0.211,94,129,0.729,0.632,0.097
2024-25,201939,Stephen Curry,1610612744,GSW,G,37,70,56,0.233,83,128,0.648,0.637,0.011
2024-25,1627736,Malik Beasley,1610612765,DET,G,28,82,62,0.22,93,127,0.732,0.626,0.106
2024-25,1626145,Tyus Jones,1610612756,PHX,G,29,81,62,0.212,101,127,0.795,0.619,0.176
2024-25,202687,Bismack Biyombo,1610612759,SAS,C,32,27,27,0.512,71,126,0.563,0.642,-0.078
2024-25,1627739,Kris Dunn,1610612746,LAC,G,31,74,66,0.204,81,126,0.643,0.634,0.009
2024-25,1629622,Max Strus,1610612739,CLE,G-F,29,50,43,0.26,87,126,0.69,0.633,0.058
2024-25,1630202,Payton Pritchard,1610612738,BOS,G,27,80,57,0.204,89,126,0.706,0.619,0.087
2024-25,1630241,Sam Merrill,1610612739,CLE,G,29,71,57,0.256,82,125,0.656,0.617,0.039
2024-25,1642262,Cody Williams,1610612762,UTA,F,20,50,44,0.293,90,124,0.726,0.623,0.103
2024-25,1641716,Jarace Walker,1610612754,IND,F,21,67,50,0.319,93,120,0.775,0.619,0.156
2024-25,1629630,Ja Morant,1610612763,MEM,G,25,50,46,0.262,84,119,0.706,0.631,0.074
2024-25,201144,Mike Conley,1610612750,MIN,G,37,70,58,0.226,82,119,0.689,0.625,0.064
2024-25,1630591,Jalen Suggs,1610612753,ORL,G,24,35,34,0.354,71,118,0.602,0.628,-0.026
2024-25,1631124,Julian Strawther,1610612743,DEN,G,23,64,55,0.233,75,118,0.636,0.628,0.008
2024-25,1630625,Dalano Banton,1610612757,POR,F,25,64,53,0.322,75,118,0.636,0.631,0.004
2024-25,1627749,Dejounte Murray,1610612740,NOP,G,28,31,31,0.373,86,118,0.729,0.633,0.096
2024-25,1630175,Cole Anthony,1610612763,MEM,G,25,63,46,0.294,76,117,0.65,0.633,0.016
2024-25,1630570,Trendon Watford,1610612751,BKN,G-F,24,43,38,0.358,72,117,0.615,0.632,-0.017
2024-25,1630611,Gui Santos,1610612744,GSW,F,23,55,48,0.363,72,116,0.621,0.625,-0.005
2024-25,1630590,Scotty Pippen Jr.,1610612763,MEM,G,24,78,58,0.183,85,115,0.739,0.621,0.118
2024-25,1630539,Kai Jones,1610612742,DAL,C-F,24,36,31,0.487,62,115,0.539,0.633,-0.094
2024-25,1641709,Ausar Thompson,1610612765,DET,G-F,22,59,47,0.241,58,115,0.504,0.632,-0.128
2024-25,1629111,Jock Landale,1610612745,HOU,C,29,38,35,0.454,79,114,0.693,0.627,0.066
2024-25,1642348,Justin Edwards,1610612755,PHI,F,21,44,37,0.267,82,113,0.726,0.637,0.089
2024-25,1629216,Gabe Vincent,1610612747,LAL,G,29,72,56,0.216,82,113,0.726,0.627,0.099
2024-25,1630178,Tyrese Maxey,1610612755,PHI,G,24,52,46,0.227,83,112,0.741,0.625,0.116
2024-25,1631133,Jabari Walker,1610612757,POR,F,22,53,45,0.432,75,111,0.676,0.617,0.059
2024-25,1628464,Daniel Theis,1610612740,NOP,F-C,33,38,34,0.42,63,111,0.568,0.618,-0.051
2024-25,1628378,Donovan Mitchell,1610612739,CLE,G,28,71,57,0.214,68,110,0.618,0.63,-0.011
2024-25,203939,Dwight Powell,1610612742,DAL,F-C,33,47,40,0.35,60,110,0.545,0.629,-0.084
2024-25,1626181,Norman Powell,1610612746,LAC,G,32,60,51,0.229,82,109,0.752,0.629,0.123
2024-25,1642419,Jamison Battle,1610612761,TOR,F,24,54,45,0.331,74,109,0.679,0.627,0.052
2024-25,1627936,Alex Caruso,1610612760,OKC,G,31,54,45,0.27,62,109,0.569,0.628,-0.06
2024-25,1629012,Collin Sexton,1610612762,UTA,G,26,63,48,0.249,77,108,0.713,0.635,0.078
2024-25,1631323,Simone Fontecchio,1610612765,DET,F,29,74,52,0.27,76,108,0.704,0.616,0.088
2024-25,203903,Jordan Clarkson,1610612762,UTA,G,33,37,34,0.372,78,108,0.722,0.647,0.075
2024-25,1641733,Nick Smith Jr.,1610612766,CHA,G,21,57,47,0.271,78,108,0.722,0.629,0.094
2024-25,1630228,Jonathan Kuminga,1610612744,GSW,F,22,47,41,0.295,63,107,0.589,0.628,-0.039
2024-25,1630194,Paul Reed,1610612765,DET,F,26,44,34,0.476,56,107,0.523,0.636,-0.113
2024-25,1630198,Isaiah Joe,1610612760,OKC,G,25,74,56,0.218,78,107,0.729,0.623,0.106
2024-25,204456,T.J. McConnell,1610612754,IND,G,33,78,57,0.24,69,106,0.651,0.602,0.049
2024-25,1628467,Maxi Kleber,1610612747,LAL,F,33,34,30,0.332,72,106,0.679,0.63,0.05
2024-25,1626179,Terry Rozier,1610612748,MIA,G,31,63,46,0.199,71,105,0.676,0.619,0.057
2024-25,1627732,Ben Simmons,1610612746,LAC,G-F,28,51,47,0.294,70,105,0.667,0.643,0.024
2024-25,1628964,Mo Bamba,1610612740,NOP,C,27,32,29,0.471,56,105,0.533,0.618,-0.084
2024-25,1629018,Gary Trent Jr.,1610612749,MIL,G,26,73,54,0.196,82,104,0.788,0.624,0.165
2024-25,203954,Joel Embiid,1610612755,PHI,C-F,31,19,19,0.37,66,104,0.635,0.63,0.005
2024-25,1630182,Josh Green,1610612766,CHA,G,24,67,54,0.177,81,104,0.779,0.627,0.152
2024-25,1629646,Charles Bassey,1610612759,SAS,C-F,24,31,29,0.419,56,103,0.544,0.636,-0.092
2024-25,1641741,Ricky Council IV,1610612755,PHI,G,23,66,46,0.274,67,103,0.65,0.629,0.022
2024-25,1628379,Luke Kennard,1610612763,MEM,G,29,65,50,0.247,78,103,0.757,0.63,0.127
2024-25,1629684,Grant Williams,1610612766,CHA,F,26,16,16,0.432,60,102,0.588,0.625,-0.036
2024-25,1627780,Gary Payton II,1610612744,GSW,G,32,61,48,0.317,64,99,0.646,0.62,0.026
2024-25,1641842,Ronald Holland II,1610612765,DET,F,19,79,54,0.274,71,98,0.724,0.622,0.102
2024-25,1626158,Richaun Holmes,1610612764,WAS,F,31,31,27,0.416,49,96,0.51,0.632,-0.121
2024-25,1630579,Jericho Sims,1610612749,MIL,C,26,47,35,0.374,51,96,0.531,0.622,-0.091
2024-25,1631207,Dalen Terry,1610612741,CHI,F,22,71,52,0.276,57,95,0.6,0.625,-0.025
2024-25,202695,Kawhi Leonard,1610612746,LAC,F,34,37,33,0.284,66,95,0.695,0.638,0.057
2024-25,1641871,Duop Reath,1610612757,POR,C,29,42,28,0.388,56,94,0.596,0.63,-0.034
2024-25,1641796,Pelle Larsson,1610612748,MIA,G,24,50,36,0.276,72,94,0.766,0.617,0.149
2024-25,1629660,Ty Jerome,1610612739,CLE,G-F,27,69,54,0.21,74,93,0.796,0.637,0.159
2024-25,1642263,Reed Sheppard,1610612745,HOU,G,21,51,40,0.369,64,93,0.688,0.617,0.071
2024-25,1628971,Bruce Brown,1610612740,NOP,G-F,28,41,36,0.308,61,92,0.663,0.631,0.032
2024-25,1642347,Jamal Shead,1610612761,TOR,G,22,75,52,0.214,71,92,0.772,0.619,0.153
2024-25,1628449,Chris Boucher,1610612761,TOR,F,32,49,38,0.313,58,91,0.637,0.626,0.011
2024-25,1630215,Jared Butler,1610612755,PHI,G,24,57,37,0.261,52,90,0.578,0.643,-0.066
2024-25,1629026,Kenrich Williams,1610612760,OKC,G-F,30,69,51,0.28,61,90,0.678,0.63,0.048
2024-25,1629610,DaQuan Jeffries,1610612766,CHA,G-F,27,45,41,0.242,57,89,0.64,0.641,-0.001
2024-25,1630527,Brandon Boston,1610612740,NOP,G,23,42,34,0.289,70,88,0.795,0.612,0.183
2024-25,1630631,Jose Alvarado,1610612740,NOP,G,27,56,37,0.215,61,87,0.701,0.635,0.067
2024-25,1641767,Ben Sheppard,1610612754,IND,G,23,61,45,0.221,52,87,0.598,0.616,-0.018
2024-25,1630231,KJ Martin,1610612762,UTA,F,24,42,37,0.29,45,86,0.523,0.62,-0.097
2024-25,1642354,KJ Simpson,1610612766,CHA,G,22,34,30,0.322,62,86,0.721,0.627,0.094
2024-25,1630163,LaMelo Ball,1610612766,CHA,G,23,47,40,0.22,62,86,0.721,0.621,0.1
2024-25,1641706,Brandon Miller,1610612766,CHA,F,22,26,24,0.295,50,85,0.588,0.633,-0.045
2024-25,1630171,Isaac Okoro,1610612739,CLE,F-G,24,53,41,0.229,56,85,0.659,0.642,0.017
2024-25,1631132,Christian Koloko,1610612747,LAL,C,25,35,26,0.489,43,85,0.506,0.638,-0.132
2024-25,1628988,Aaron Holiday,1610612745,HOU,G,28,58,40,0.296,54,84,0.643,0.601,0.042
2024-25,1631243,Mouhamed Gueye,1610612737,ATL,F,22,32,30,0.401,39,83,0.47,0.619,-0.149
2024-25,1629004,Svi Mykhailiuk,1610612762,UTA,G-F,28,37,28,0.35,57,83,0.687,0.631,0.056
2024-25,1630560,Cam Thomas,1610612751,BKN,G,23,25,23,0.35,65,82,0.793,0.638,0.155
2024-25,1641787,Tosan Evbuomwan,1610612751,BKN,F,24,28,26,0.363,44,81,0.543,0.622,-0.078
2024-25,1629020,Jarred Vanderbilt,1610612747,LAL,F,26,36,28,0.397,50,81,0.617,0.628,-0.011
2024-25,1631230,Dominick Barlow,1610612737,ATL,F,22,32,28,0.412,48,80,0.6,0.616,-0.016
2024-25,1626166,Cameron Payne,1610612752,NYK,G,30,72,52,0.269,58,80,0.725,0.629,0.096
2024-25,1641748,Andre Jackson Jr.,1610612749,MIL,G,23,58,39,0.235,54,80,0.675,0.625,0.05
2024-25,1642358,AJ Johnson,1610612764,WAS,G,20,26,23,0.348,57,80,0.713,0.602,0.111
2024-25,201599,DeAndre Jordan,1610612743,DEN,C,36,53,34,0.294,45,77,0.584,0.62,-0.036
2024-25,203458,Alex Len,1610612747,LAL,C,32,38,27,0.401,54,77,0.701,0.613,0.088
2024-25,1628366,Lonzo Ball,1610612741,CHI,G,27,34,30,0.266,47,76,0.618,0.621,-0.003
2024-25,1641765,Olivier-Maxence Prosper,1610612742,DAL,F,22,47,32,0.321,46,75,0.613,0.623,-0.01
2024-25,1630322,Lindy Waters III,1610612765,DET,F,27,46,29,0.298,54,75,0.72,0.636,0.084
2024-25,1629627,Zion Williamson,1610612740,NOP,F,24,30,27,0.268,47,75,0.627,0.617,0.01
2024-25,1630529,Herbert Jones,1610612740,NOP,F,26,20,19,0.338,52,75,0.693,0.605,0.088
2024-25,1631157,Ryan Rollins,1610612749,MIL,G,22,52,33,0.265,44,74,0.595,0.619,-0.025
2024-25,1629723,John Konchar,1610612763,MEM,G,29,41,26,0.318,46,74,0.622,0.624,-0.003
2024-25,1630692,Jordan Goodwin,1610612747,LAL,G,26,27,23,0.411,60,74,0.811,0.645,0.166
2024-25,203114,Khris Middleton,1610612764,WAS,F,33,37,30,0.269,51,74,0.689,0.612,0.077
2024-25,1642272,Jared McCain,1610612755,PHI,G,21,23,19,0.327,56,72,0.778,0.627,0.15
2024-25,201959,Taj Gibson,1610612766,CHA,F,40,36,27,0.367,41,72,0.569,0.617,-0.047
2024-25,202692,Alec Burks,1610612748,MIA,G,33,49,35,0.263,51,72,0.708,0.624,0.084
2024-25,1630702,Jaden Hardy,1610612742,DAL,G,22,49,32,0.304,45,72,0.625,0.616,0.009
2024-25,1629013,Landry Shamet,1610612752,NYK,G,28,48,34,0.249,54,70,0.771,0.637,0.134
2024-25,1627742,Brandon Ingram,1610612761,TOR,F,27,18,17,0.427,47,70,0.671,0.641,0.03
2024-25,1629006,Josh Okogie,1610612766,CHA,G,26,38,31,0.332,48,70,0.686,0.635,0.051
2024-25,1630658,Colin Castleton,1610612761,TOR,C,25,24,21,0.341,38,70,0.543,0.631,-0.088
2024-25,1626153,Delon Wright,1610612752,NYK,G,33,36,28,0.318,48,67,0.716,0.602,0.114
2024-25,1626192,Pat Connaughton,1610612749,MIL,G,32,40,30,0.275,41,66,0.621,0.636,-0.015
2024-25,1641715,Cam Whitmore,1610612745,HOU,F,20,47,32,0.317,42,66,0.636,0.627,0.009
2024-25,1641998,Trey Jemison III,1610612747,LAL,C,25,33,26,0.332,38,66,0.576,0.638,-0.062
2024-25,202709,Cory Joseph,1610612753,ORL,G,33,46,35,0.307,48,66,0.727,0.633,0.094
2024-25,1629726,Garrison Mathews,1610612737,ATL,G,28,44,32,0.26,47,66,0.712,0.628,0.084
2024-25,1641810,Antonio Reeves,1610612740,NOP,G,24,39,31,0.379,50,66,0.758,0.627,0.131
2024-25,1642382,Branden Carlson,1610612760,OKC,C,26,23,17,0.478,33,66,0.5,0.616,-0.116
2024-25,1626204,Larry Nance Jr.,1610612737,ATL,F-C,32,23,21,0.337,39,65,0.6,0.636,-0.036
2024-25,1631093,Jaden Ivey,1610612765,DET,G,23,30,27,0.223,42,64,0.656,0.63,0.026
2024-25,1642024,Alex Reese,1610612755,PHI,F-C,26,15,14,0.441,42,64,0.656,0.633,0.023
2024-25,1630314,Brandon Williams,1610612742,DAL,G,25,27,20,0.38,50,63,0.794,0.631,0.162
2024-25,201567,Kevin Love,1610612748,MIA,F-C,36,22,19,0.594,41,63,0.651,0.639,0.012
2024-25,200768,Kyle Lowry,1610612755,PHI,G,39,35,29,0.296,45,63,0.714,0.634,0.08
2024-25,1630574,Ariel Hukporti,1610612752,NYK,C,23,22,18,0.504,28,63,0.444,0.631,-0.186
2024-25,1630193,Immanuel Quickley,1610612761,TOR,G,26,33,24,0.237,43,63,0.683,0.614,0.068
2024-25,1642403,Isaac Jones,1610612758,SAC,F,24,33,28,0.437,35,62,0.565,0.625,-0.06
2024-25,1631288,Jamal Cain,1610612740,NOP,F,26,34,26,0.33,42,62,0.677,0.63,0.048
2024-25,1641854,Craig Porter Jr.,1610612739,CLE,G,25,45,31,0.299,35,61,0.574,0.604,-0.03
2024-25,1629021,Moritz Wagner,1610612753,ORL,F-C,28,29,26,0.314,40,61,0.656,0.642,0.013
2024-25,1631223,David Roddy,1610612745,HOU,F,24,31,25,0.363,39,61,0.639,0.627,0.012
2024-25,1641732,Colby Jones,1610612764,WAS,G,23,29,21,0.351,39,60,0.65,0.612,0.038
2024-25,1629003,Shake Milton,1610612747,LAL,G,28,48,31,0.256,42,60,0.7,0.623,0.077
2024-25,203914,Gary Harris,1610612753,ORL,G,30,45,32,0.276,39,58,0.672,0.614,0.059
2024-25,1630200,Tre Jones,1610612741,CHI,G,25,46,32,0.216,46,58,0.793,0.616,0.177
2024-25,1629057,Robert Williams III,1610612757,POR,C-F,27,20,17,0.324,21,56,0.375,0.621,-0.246
2024-25,201145,Jeff Green,1610612745,HOU,F,38,32,25,0.364,45,56,0.804,0.639,0.165
2024-25,202684,Tristan Thompson,1610612739,CLE,C-F,34,37,27,0.301,31,56,0.554,0.613,-0.06
2024-25,1627763,Malcolm Brogdon,1610612764,WAS,G,32,24,21,0.295,44,56,0.786,0.628,0.157
2024-25,1629659,Talen Horton-Tucker,1610612741,CHI,G,24,53,34,0.215,42,56,0.75,0.612,0.138
2024-25,1631204,Marcus Sasser,1610612765,DET,G,24,51,29,0.222,40,56,0.714,0.612,0.103
2024-25,1631221,Collin Gillespie,1610612756,PHX,G,26,30,22,0.316,41,56,0.732,0.629,0.103
2024-25,1631246,Vince Williams Jr.,1610612763,MEM,G,24,26,22,0.335,43,56,0.768,0.64,0.128
2024-25,1630288,Jeff Dowtin Jr.,1610612755,PHI,G,28,35,25,0.322,38,56,0.679,0.628,0.051
2024-25,1629629,Cam Reddish,1610612747,LAL,F-G,25,32,28,0.302,34,55,0.618,0.642,-0.024
2024-25,203552,Seth Curry,1610612766,CHA,G,34,64,38,0.212,47,55,0.855,0.635,0.219
2024-25,1631172,Ousmane Dieng,1610612760,OKC,F,22,35,24,0.346,30,54,0.556,0.62,-0.065
2024-25,1641724,Jett Howard,1610612753,ORL,G,21,52,33,0.274,35,54,0.648,0.613,0.035
2024-25,1629011,Mitchell Robinson,1610612752,NYK,C-F,27,17,17,0.449,32,53,0.604,0.641,-0.037
2024-25,1629626,Bol Bol,1610612756,PHX,C-F,25,32,21,0.286,31,53,0.585,0.623,-0.038
2024-25,201569,Eric Gordon,1610612755,PHI,G,36,38,26,0.259,34,52,0.654,0.65,0.004
2024-25,1630256,Jae'Sean Tate,1610612745,HOU,F,29,46,35,0.28,35,52,0.673,0.615,0.058
2024-25,1642281,Jaylon Tyson,1610612739,CLE,G-F,22,38,23,0.279,36,51,0.706,0.614,0.092
2024-25,203995,Vasilije Micic,1610612756,PHX,G,31,40,27,0.259,39,51,0.765,0.625,0.14
2024-25,1631111,Wendell Moore Jr.,1610612766,CHA,G,23,29,22,0.364,41,51,0.804,0.641,0.163
2024-25,1641740,Jaylen Clark,1610612750,MIN,G,23,37,26,0.299,35,50,0.7,0.626,0.074
2024-25,1641816,Hunter Tyson,1610612743,DEN,F,25,45,27,0.289,34,50,0.68,0.624,0.056
2024-25,1630568,Luka Garza,1610612750,MIN,C,26,34,26,0.426,31,49,0.633,0.641,-0.009
2024-25,1642277,Johnny Furphy,1610612754,IND,G,20,37,25,0.327,36,48,0.75,0.611,0.139
2024-25,1641757,Jordan Miller,1610612746,LAC,G,25,29,20,0.361,39,48,0.813,0.626,0.186
2024-25,1631216,Caleb Houstan,1610612753,ORL,G,22,54,30,0.235,34,47,0.723,0.623,0.1
2024-25,1629022,Lonnie Walker IV,1610612755,PHI,G-F,26,17,15,0.346,40,47,0.851,0.625,0.226
2024-25,1628963,Marvin Bagley III,1610612763,MEM,F,26,27,14,0.307,25,46,0.543,0.659,-0.116
2024-25,203901,Elfrid Payton,1610612740,NOP,G,31,24,19,0.3,29,45,0.644,0.634,0.01
2024-25,1641775,Jordan Walsh,1610612738,BOS,G,21,40,24,0.331,24,45,0.533,0.603,-0.069
2024-25,203967,Dario Saric,1610612743,DEN,F-C,31,15,15,0.446,32,45,0.711,0.638,0.074
2024-25,1629618,Jalen Pickett,1610612743,DEN,G,25,42,22,0.197,28,45,0.622,0.634,-0.011
2024-25,1631232,Keion Brooks Jr.,1610612740,NOP,F,24,13,10,0.355,27,44,0.614,0.643,-0.029
2024-25,1631104,Blake Wesley,1610612759,SAS,G,22,51,32,0.229,32,43,0.744,0.611,0.133
2024-25,1631131,Oscar Tshiebwe,1610612762,UTA,F-C,25,14,14,0.333,33,43,0.767,0.644,0.123
2024-25,1642349,Ajay Mitchell,1610612760,OKC,G,23,36,23,0.226,28,42,0.667,0.612,0.054
2024-25,1641721,Maxwell Lewis,1610612751,BKN,F,22,20,17,0.383,27,41,0.659,0.645,0.013
2024-25,1641794,Dillon Jones,1610612760,OKC,F,23,45,22,0.223,24,40,0.6,0.623,-0.023
2024-25,1628470,Torrey Craig,1610612738,BOS,F,34,25,20,0.292,23,40,0.575,0.637,-0.062
2024-25,1641713,GG Jackson,1610612763,MEM,F,20,27,21,0.248,23,39,0.59,0.625,-0.036
2024-25,1628420,Monte Morris,1610612756,PHX,G,30,42,27,0.231,25,39,0.641,0.605,0.036
2024-25,1641720,Jalen Hood-Schifino,1610612755,PHI,G,22,15,13,0.351,21,39,0.538,0.589,-0.05
2024-25,1630243,Trevelin Queen,1610612753,ORL,G,28,28,19,0.253,28,38,0.737,0.649,0.088
2024-25,1629650,Moses Brown,1610612742,DAL,C,25,10,8,0.494,21,38,0.553,0.637,-0.085
2024-25,1630639,A.J. Lawson,1610612761,TOR,G,24,24,16,0.304,26,38,0.684,0.6,0.084
2024-25,1641712,Rayan Rupert,1610612757,POR,G-F,21,35,21,0.277,26,38,0.684,0.629,0.056
2024-25,1630811,Keaton Wallace,1610612737,ATL,G,26,28,19,0.209,25,38,0.658,0.636,0.022
2024-25,1642265,Rob Dillingham,1610612750,MIN,G,20,41,25,0.236,30,38,0.789,0.612,0.178
2024-25,1641738,Kobe Brown,1610612746,LAC,F,25,26,20,0.434,23,36,0.639,0.623,0.016
2024-25,203957,Dante Exum,1610612742,DAL,G,29,20,16,0.31,26,36,0.722,0.627,0.095
2024-25,1641878,Damion Baugh,1610612766,CHA,G,24,15,13,0.254,25,35,0.714,0.649,0.066
2024-25,1630214,Xavier Tillman,1610612738,BOS,F,26,28,14,0.34,21,35,0.6,0.621,-0.021
2024-25,1631245,Quenton Jackson,1610612754,IND,G,26,25,18,0.243,20,35,0.571,0.596,-0.024
2024-25,203935,Marcus Smart,1610612764,WAS,G,31,33,20,0.184,21,35,0.6,0.627,-0.027
2024-25,203926,Doug McDermott,1610612758,SAC,F,33,36,24,0.271,19,35,0.543,0.606,-0.063
2024-25,1630283,Kylor Kelley,1610612747,LAL,C,27,11,11,0.33,21,34,0.618,0.66,-0.042
2024-25,1631166,Drew Timme,1610612751,BKN,F,24,9,9,0.337,21,34,0.618,0.645,-0.028
2024-25,1631248,Baylor Scheierman,1610612738,BOS,G,24,26,15,0.293,20,34,0.588,0.615,-0.027
2024-25,1642269,Devin Carter,1610612758,SAC,G,23,33,23,0.254,26,33,0.788,0.618,0.17
2024-25,1641736,Reece Beekman,1610612751,BKN,G,23,32,17,0.286,28,32,0.875,0.631,0.244
2024-25,1630542,Marcus Bagley,1610612755,PHI,F,23,10,8,0.33,17,31,0.548,0.618,-0.07
2024-25,1631169,Josh Minott,1610612750,MIN,F,22,37,22,0.279,18,31,0.581,0.622,-0.041
2024-25,1628981,Bruno Fernando,1610612761,TOR,F-C,26,15,10,0.437,19,31,0.613,0.638,-0.025
2024-25,1628975,Jevon Carter,1610612741,CHI,G,29,29,17,0.256,20,30,0.667,0.592,0.075
2024-25,1629643,Chuma Okeke,1610612739,CLE,F,26,8,8,0.411,23,30,0.767,0.618,0.148
2024-25,1630264,Anthony Gill,1610612764,WAS,F,32,39,18,0.22,18,29,0.621,0.622,-0.001
2024-25,1631250,Pete Nance,1610612749,MIL,F,25,10,8,0.439,21,29,0.724,0.664,0.06
2024-25,1630311,Pat Spencer,1610612744,GSW,G,28,27,15,0.397,22,29,0.759,0.658,0.1
2024-25,202704,Reggie Jackson,1610612755,PHI,G,35,30,17,0.216,21,29,0.724,0.619,0.105
2024-25,1630544,Tre Mann,1610612766,CHA,G,24,13,13,0.277,20,28,0.714,0.609,0.105
2024-25,1641798,Jaylen Martin,1610612764,WAS,G,21,13,8,0.311,20,28,0.714,0.592,0.122
2024-25,1628396,Tony Bradley,1610612754,IND,C-F,27,9,7,0.422,12,27,0.444,0.609,-0.165
2024-25,1631103,Malaki Branham,1610612759,SAS,F,22,36,22,0.245,17,27,0.63,0.617,0.013
2024-25,1630205,Lamar Stevens,1610612763,MEM,F,27,13,11,0.382,16,26,0.615,0.618,-0.003
2024-25,1630543,Isaiah Jackson,1610612754,IND,F,23,5,5,0.542,9,26,0.346,0.627,-0.281
2024-25,1642402,Enrique Freeman,1610612754,IND,F,24,18,13,0.377,17,26,0.654,0.654,-0.001
2024-25,1631306,Cole Swider,1610612754,IND,F,26,10,9,0.433,18,26,0.692,0.573,0.12
2024-25,1629162,Jordan McLaughlin,1610612759,SAS,G,29,37,18,0.257,19,26,0.731,0.599,0.132
2024-25,202066,Garrett Temple,1610612761,TOR,G-F,39,21,13,0.316,18,25,0.72,0.614,0.106
2024-25,1641727,Dariq Whitehead,1610612751,BKN,G-F,20,14,10,0.305,23,25,0.92,0.593,0.327
2024-25,1630531,Jaden Springer,1610612762,UTA,G,22,28,16,0.263,20,25,0.8,0.631,0.169
2024-25,1631197,Jared Rhoden,1610612761,TOR,G,25,10,8,0.305,20,25,0.8,0.63,0.17
2024-25,1630165,Killian Hayes,1610612751,BKN,G,23,6,6,0.444,17,24,0.708,0.637,0.072
2024-25,1631303,Justin Minaya,1610612757,POR,F,26,13,12,0.511,17,24,0.708,0.63,0.078
2024-25,1630538,Bones Hyland,1610612750,MIN,G,24,22,13,0.32,17,24,0.708,0.63,0.079
2024-25,1630545,Terrence Shannon Jr,1610612750,MIN,G-F,24,28,15,0.245,12,23,0.522,0.604,-0.082
2024-25,1631311,Lester Quinones,1610612740,NOP,G,24,11,8,0.411,16,23,0.696,0.609,0.087
2024-25,202693,Markieff Morris,1610612747,LAL,F,35,14,11,0.4,11,22,0.5,0.629,-0.129
2024-25,1630550,JT Thor,1610612764,WAS,F,22,18,10,0.25,13,21,0.619,0.648,-0.029
2024-25,1642285,Cam Spencer,1610612763,MEM,G,25,20,11,0.333,18,21,0.857,0.628,0.229
2024-25,1631209,Isaiah Wong,1610612766,CHA,G,24,16,13,0.333,17,21,0.81,0.63,0.179
2024-25,1630696,Dru Smith,1610612748,MIA,G,27,14,10,0.21,11,21,0.524,0.607,-0.083
2024-25,201988,Patty Mills,1610612746,LAC,G,36,26,13,0.215,16,20,0.8,0.626,0.174
2024-25,1631098,Johnny Davis,1610612764,WAS,G,23,26,11,0.244,7,20,0.35,0.637,-0.287
2024-25,1642278,Tyler Kolek,1610612752,NYK,G,24,25,12,0.22,15,20,0.75,0.636,0.114
2024-25,1629669,Jaylen Nowell,1610612764,WAS,G,25,7,6,0.392,15,20,0.75,0.63,0.12
2024-25,1629680,Matisse Thybulle,1610612757,POR,G-F,28,15,10,0.244,15,19,0.789,0.625,0.164
2024-25,1642355,Bronny James,1610612747,LAL,G,20,18,11,0.317,13,19,0.684,0.583,0.101
2024-25,1629052,Oshae Brissett,1610612755,PHI,F-G,27,6,5,0.333,12,19,0.632,0.616,0.016
2024-25,1641890,Tyler Smith,1610612749,MIL,F,20,15,9,0.383,11,18,0.611,0.678,-0.067
2024-25,1641753,Chris Livingston,1610612749,MIL,F,21,14,9,0.405,11,17,0.647,0.593,0.054
2024-25,1642352,Keshad Johnson,1610612748,MIA,F,24,11,8,0.378,9,17,0.529,0.609,-0.079
2024-25,1630699,MarJon Beauchamp,1610612752,NYK,F,24,27,13,0.286,10,16,0.625,0.578,0.047
2024-25,1628427,Vlatko Cancar,1610612743,DEN,F,28,10,8,0.333,10,16,0.625,0.606,0.019
2024-25,1627814,Damion Lee,1610612756,PHX,G-F,32,17,10,0.319,9,15,0.6,0.637,-0.037
2024-25,1628365,Markelle Fultz,1610612758,SAC,G,27,17,9,0.25,8,15,0.533,0.619,-0.086
2024-25,1641809,Drew Peterson,1610612738,BOS,F,25,16,7,0.275,7,14,0.5,0.61,-0.11
2024-25,1642368,N'Faly Dante,1610612745,HOU,C,23,4,4,0.419,8,13,0.615,0.638,-0.023
2024-25,1641707,Taylor Hendricks,1610612762,UTA,F,21,3,3,0.406,7,13,0.538,0.67,-0.132
2024-25,1631342,Daeqwon Plowden,1610612737,ATL,G-F,26,5,4,0.448,9,13,0.692,0.63,0.063
2024-25,1641772,Nae'Qwan Tomlin,1610612739,CLE,F,24,5,5,0.5,7,13,0.538,0.592,-0.053
2024-25,1642359,Pacôme Dadiet,1610612752,NYK,F,19,16,9,0.31,10,13,0.769,0.621,0.148
2024-25,1630537,Chris Duarte,1610612741,CHI,G,28,13,7,0.371,9,13,0.692,0.649,0.043
2024-25,1626196,Josh Richardson,1610612748,MIA,G,31,8,6,0.25,12,12,1,0.597,0.403
2024-25,1630604,E.J. Liddell,1610612741,CHI,F,24,9,8,0.5,7,12,0.583,0.625,-0.041
2024-25,1641745,Adam Flagler,1610612760,OKC,G,25,20,9,0.207,8,12,0.667,0.584,0.083
2024-25,1631116,Patrick Baldwin Jr.,1610612746,LAC,F,22,15,11,0.429,6,12,0.5,0.634,-0.134
2024-25,1631466,Nate Williams,1610612745,HOU,G,26,12,8,0.25,5,12,0.417,0.633,-0.216
2024-25,1641989,Elijah Harkless,1610612762,UTA,G,25,10,5,0.214,9,12,0.75,0.65,0.1
2024-25,1631247,Luke Travers,1610612739,CLE,F,23,9,6,0.393,6,11,0.545,0.586,-0.041
2024-25,1641723,Kobe Bufkin,1610612737,ATL,G,21,10,7,0.234,7,11,0.636,0.635,0.001
2024-25,1631210,Jacob Toppin,1610612737,ATL,F,25,9,5,0.344,7,11,0.636,0.623,0.013
2024-25,1631321,Sidy Cissoko,1610612757,POR,G,21,11,5,0.417,7,10,0.7,0.575,0.125
2024-25,1642279,Ulrich Chomche,1610612761,TOR,C,19,6,4,0.526,8,10,0.8,0.579,0.221
2024-25,1631301,Jaylen Sims,1610612766,CHA,G,26,6,6,0.233,9,10,0.9,0.604,0.296
2024-25,1630600,Isaiah Mobley,1610612755,PHI,F,25,1,1,0.625,6,10,0.6,0.624,-0.024
2024-25,1641734,Emoni Bates,1610612739,CLE,F,21,4,1,0.474,6,9,0.667,0.63,0.037
2024-25,1642530,Yuki Kawamura,1610612763,MEM,G,24,11,5,0.391,7,9,0.778,0.658,0.12
2024-25,1641725,Trey Alexander,1610612743,DEN,G,22,13,8,0.257,8,9,0.889,0.649,0.24
2024-25,1641789,Jazian Gortman,1610612742,DAL,G,22,8,4,0.391,7,9,0.778,0.626,0.151
2024-25,1631102,TyTy Washington Jr.,1610612756,PHX,G,23,10,5,0.273,8,9,0.889,0.628,0.261
2024-25,1628995,Kevin Knox II,1610612744,GSW,F,25,8,6,0.242,5,8,0.625,0.612,0.013
2024-25,1631120,JD Davison,1610612738,BOS,G,22,10,8,0.364,4,8,0.5,0.577,-0.077
2024-25,1642422,Armel Traore,1610612747,LAL,F,22,7,6,0.533,3,8,0.375,0.642,-0.267
2024-25,1630623,Tyson Etienne,1610612751,BKN,G,25,7,5,0.216,7,8,0.875,0.675,0.2
2024-25,1629001,De'Anthony Melton,1610612751,BKN,G,27,6,5,0.229,5,8,0.625,0.658,-0.033
2024-25,1642353,Cam Christie,1610612746,LAC,G,19,6,5,0.471,6,8,0.75,0.675,0.076
2024-25,1642505,Alex Ducas,1610612760,OKC,G,24,12,6,0.242,6,8,0.75,0.563,0.187
2024-25,1642461,Spencer Jones,1610612743,DEN,F,24,13,4,0.211,2,8,0.25,0.565,-0.315
2024-25,1630649,Stanley Umude,1610612749,MIL,G,26,16,6,0.206,4,7,0.571,0.642,-0.07
2024-25,203109,Jae Crowder,1610612758,SAC,F,34,8,5,0.241,6,7,0.857,0.611,0.246
2024-25,1641857,Liam Robbins,1610612749,MIL,C,25,9,4,0.375,3,6,0.5,0.608,-0.108
2024-25,1642384,Isaiah Crawford,1610612758,SAC,F,23,10,6,0.375,2,6,0.333,0.588,-0.255
2024-25,1641817,Anton Watson,1610612752,NYK,F,24,6,5,0.667,5,6,0.833,0.61,0.224
2024-25,1641790,PJ Hall,1610612743,DEN,C,23,14,6,0.222,2,6,0.333,0.583,-0.249
2024-25,200782,P.J. Tucker,1610612752,NYK,F,40,3,1,0.25,3,5,0.6,0.588,0.012
2024-25,1630346,Matt Ryan,1610612740,NOP,F,28,13,5,0.2,4,5,0.8,0.678,0.122
2024-25,1642449,Tolu Smith,1610612765,DET,F,24,1,1,0.385,4,5,0.8,0.698,0.102
2024-25,1641936,Miles Norris,1610612738,BOS,F,25,3,2,0.625,1,5,0.2,0.522,-0.322
2024-25,1628408,PJ Dozier,1610612750,MIN,G-F,28,6,4,0.556,3,5,0.6,0.58,0.02
2024-25,1642484,RayJ Dennis,1610612754,IND,G,24,6,3,0.217,3,5,0.6,0.592,0.008
2024-25,1629098,Jack McVeigh,1610612745,HOU,G-F,29,7,4,0.227,3,5,0.6,0.617,-0.017
2024-25,1630762,Phillip Wheeler,1610612755,PHI,F,23,4,1,0.385,3,5,0.6,0.592,0.008
2024-25,201949,James Johnson,1610612754,IND,F,38,8,3,0.385,2,5,0.4,0.597,-0.197
2024-25,1630585,Marcus Garrett,1610612766,CHA,G,26,4,3,0.182,3,4,0.75,0.565,0.185
2024-25,1631159,Leonard Miller,1610612750,MIN,F,21,6,3,0.5,4,4,1,0.615,0.385
2024-25,1630561,David Duke Jr.,1610612759,SAS,G,25,4,2,0.333,3,4,0.75,0.581,0.17
2024-25,1630528,Josh Christopher,1610612748,MIA,G,23,5,1,0.174,3,4,0.75,0.669,0.082
2024-25,1630222,Mason Jones,1610612758,SAC,G,26,5,2,0.333,0,4,0,0.541,-0.541
2024-25,204060,Joe Ingles,1610612750,MIN,F-G,37,12,4,0.148,4,4,1,0.532,0.468
2024-25,1641755,Kevin McCullar Jr.,1610612752,NYK,G,24,3,1,0.444,2,4,0.5,0.595,-0.095
2024-25,1631123,Jamaree Bouyea,1610612749,MIL,G,26,4,1,0.19,3,4,0.75,0.646,0.104
2024-25,1642385,Cui Cui,1610612751,BKN,F,22,1,1,1,2,3,0.667,0.579,0.088
2024-25,1641752,Bobi Klintman,1610612765,DET,F,22,5,1,0.273,1,3,0.333,0.47,-0.136
2024-25,1630618,D.J. Carton,1610612761,TOR,G,24,2,2,0.75,2,3,0.667,0.659,0.008
2024-25,1631121,Bryce McGowens,1610612757,POR,G,22,10,3,0.214,3,3,1,0.603,0.397
2024-25,1641766,Adama Sanogo,1610612741,CHI,F,23,2,2,0.222,1,2,0.5,0.625,-0.125
2024-25,1642443,Jahmir Young,1610612741,CHI,G,24,5,2,0.222,2,2,1,0.637,0.363
2024-25,1642050,Jackson Rowe,1610612744,GSW,F,28,4,2,0.182,2,2,1,0.606,0.394
2024-25,1642389,Zyon Pullin,1610612763,MEM,G,24,2,2,1,1,2,0.5,0.598,-0.098
2024-25,1642280,Trentyn Flowers,1610612746,LAC,F,20,4,2,0.286,1,2,0.5,0.64,-0.14
2024-25,1641879,Yuri Collins,1610612744,GSW,G,24,2,2,0.667,2,2,1,0.752,0.249
2024-25,1630201,Malachi Flynn,1610612759,SAS,G,27,3,2,0.143,0,2,0,0.597,-0.597
2024-25,1630164,James Wiseman,1610612754,IND,C,24,1,1,0.5,2,2,1,0.648,0.352
2024-25,1631127,Harrison Ingram,1610612759,SAS,F,22,4,1,0.125,0,1,0,0.655,-0.655
2024-25,1629667,Jalen McDaniels,1610612758,SAC,F,27,2,1,0.333,1,1,1,0.692,0.308
2024-25,1631199,Ron Harper Jr.,1610612765,DET,G-F,25,1,1,1,0,1,0,0.618,-0.618
2024-25,1626143,Jahlil Okafor,1610612754,IND,C-F,29,1,1,0.333,0,1,0,0.769,-0.769
2024-25,1642502,Malevy Leons,1610612760,OKC,F,25,5,1,0.143,1,1,1,0.538,0.462
2024-25,1630227,Daishen Nix,1610612750,MIN,G,23,3,1,0.25,1,1,1,0.608,0.392
2024-25,1642439,Quincy Olivari,1610612747,LAL,G,24,2,1,0.167,1,1,1,0.695,0.305
2024-25,1630644,Mac McClung,1610612753,ORL,G,26,1,1,0.5,1,1,1,0.644,0.356
2024-25,1642434,Riley Minix,1610612759,SAS,F,24,1,1,0.333,0,1,0,0,0
2024-25,1641803,Tristen Newton,1610612750,MIN,G,24,3,1,0.125,0,1,0,0.636,-0.636
2024-25,1630296,Braxton Key,1610612744,GSW,F,28,1,1,0.25,1,1,1,0.5,0.5
