SEASON,CLOSE_DEF_PERSON_ID,PLAYER_NAME,PLAYER_LAST_TEAM_ID,PLAYER_LAST_TEAM_ABBREVIATION,PLAYER_POSITION,AGE,GP,G,FREQ,D_FGM,D_FGA,D_FG_PCT,NORMAL_FG_PCT,PCT_PLUSMINUS
2015-16,203110,Draymond Green,1610612744,GSW,F,26,81,81,1,528,1331,0.397,0.455,-0.058
2015-16,201586,Serge Ibaka,1610612760,OKC,F,26,78,78,1,542,1203,0.451,0.46,-0.009
2015-16,201599,DeAndre Jordan,1610612746,LAC,C,27,77,77,1,486,1140,0.426,0.47,-0.044
2015-16,201143,Al Horford,1610612737,ATL,C-F,30,82,82,1,509,1135,0.448,0.469,-0.021
2015-16,101162,Marcin Gortat,1610612764,WAS,C,32,75,75,1,526,1132,0.465,0.474,-0.009
2015-16,203083,Andre Drummond,1610612765,DET,C,22,81,81,1,558,1111,0.502,0.486,0.016
2015-16,201572,Brook Lopez,1610612751,BKN,C,28,73,73,1,504,1104,0.457,0.479,-0.023
2015-16,200794,Paul Millsap,1610612737,ATL,F,31,81,81,1,507,1102,0.46,0.463,-0.003
2015-16,1626157,Karl-Anthony Towns,1610612750,MIN,C-F,20,82,82,1,523,1099,0.476,0.474,0.002
2015-16,201935,James Harden,1610612745,HOU,G,26,82,82,1,512,1090,0.47,0.446,0.024
2015-16,202326,DeMarcus Cousins,1610612758,SAC,C-F,25,64,64,1,492,1078,0.456,0.464,-0.008
2015-16,201577,Robin Lopez,1610612752,NYK,C,28,82,82,1,506,1071,0.472,0.478,-0.006
2015-16,202355,Hassan Whiteside,1610612748,MIA,C,27,73,73,1,488,1056,0.462,0.478,-0.016
2015-16,203500,Steven Adams,1610612760,OKC,C,22,80,80,1,442,1056,0.419,0.472,-0.053
2015-16,203952,Andrew Wiggins,1610612750,MIN,G-F,21,81,81,1,468,1039,0.45,0.444,0.006
2015-16,201567,Kevin Love,1610612739,CLE,F,27,77,77,1,514,1028,0.5,0.465,0.035
2015-16,2200,Pau Gasol,1610612741,CHI,C-F,35,72,72,1,456,1025,0.445,0.484,-0.039
2015-16,202684,Tristan Thompson,1610612739,CLE,C-F,25,81,81,1,462,1015,0.455,0.462,-0.007
2015-16,1717,Dirk Nowitzki,1610612742,DAL,F,38,75,75,1,465,1004,0.463,0.46,0.003
2015-16,203507,Giannis Antetokounmpo,1610612749,MIL,F,21,80,80,1,444,993,0.447,0.455,-0.008
2015-16,202689,Kemba Walker,1610612766,CHA,G,26,81,81,1,441,992,0.445,0.439,0.006
2015-16,204001,Kristaps Porziņģis,1610612752,NYK,F-C,20,72,72,1,409,977,0.419,0.465,-0.046
2015-16,200746,LaMarcus Aldridge,1610612759,SAS,F,30,74,74,1,418,941,0.444,0.462,-0.018
2015-16,202331,Paul George,1610612754,IND,F,26,81,81,1,377,915,0.412,0.445,-0.033
2015-16,203944,Julius Randle,1610612747,LAL,F,21,81,81,1,453,913,0.496,0.461,0.035
2015-16,203468,CJ McCollum,1610612757,POR,G,24,80,80,1,412,912,0.452,0.437,0.015
2015-16,201579,Roy Hibbert,1610612747,LAL,C,29,81,81,1,447,904,0.494,0.477,0.017
2015-16,203076,Anthony Davis,1610612740,NOP,F-C,23,61,61,1,391,904,0.433,0.466,-0.034
2015-16,201152,Thaddeus Young,1610612751,BKN,F,28,73,73,1,428,901,0.475,0.459,0.016
2015-16,203953,Jabari Parker,1610612749,MIL,F,21,76,76,1,452,900,0.502,0.45,0.052
2015-16,202328,Greg Monroe,1610612749,MIL,C-F,26,79,79,1,444,896,0.496,0.474,0.021
2015-16,203486,Mason Plumlee,1610612757,POR,C-F,26,82,82,1,449,889,0.505,0.485,0.02
2015-16,2585,Zaza Pachulia,1610612742,DAL,C,32,76,76,1,434,883,0.492,0.477,0.015
2015-16,202704,Reggie Jackson,1610612765,DET,G,26,79,79,1,422,880,0.48,0.444,0.036
2015-16,203081,Damian Lillard,1610612757,POR,G,25,75,75,1,396,879,0.451,0.438,0.012
2015-16,203476,Gorgui Dieng,1610612750,MIN,C-F,26,82,82,1,435,873,0.498,0.471,0.027
2015-16,203903,Jordan Clarkson,1610612747,LAL,G,24,79,79,1,421,865,0.487,0.445,0.042
2015-16,101107,Marvin Williams,1610612766,CHA,F,30,81,81,1,386,856,0.451,0.452,-0.002
2015-16,202324,Derrick Favors,1610612762,UTA,F-C,24,62,62,1,385,855,0.45,0.472,-0.022
2015-16,201939,Stephen Curry,1610612744,GSW,G,28,79,79,1,338,854,0.396,0.432,-0.036
2015-16,2730,Dwight Howard,1610612745,HOU,C,30,70,70,1,402,846,0.475,0.467,0.008
2015-16,2594,Kyle Korver,1610612737,ATL,G,35,80,80,1,364,845,0.431,0.44,-0.009
2015-16,202710,Jimmy Butler III,1610612741,CHI,G-F,26,67,67,1,392,839,0.467,0.448,0.02
2015-16,200752,Rudy Gay,1610612758,SAC,F,29,69,69,1,375,838,0.447,0.452,-0.004
2015-16,202699,Tobias Harris,1610612765,DET,F,23,75,75,1,393,834,0.471,0.45,0.021
2015-16,203457,Nerlens Noel,1610612755,PHI,F-C,22,67,67,1,395,834,0.474,0.475,-0.001
2015-16,203924,Jerami Grant,1610612755,PHI,F,22,77,77,1,349,832,0.419,0.453,-0.034
2015-16,203506,Victor Oladipo,1610612753,ORL,G,24,71,71,1,366,831,0.44,0.438,0.002
2015-16,201142,Kevin Durant,1610612760,OKC,F,27,72,72,1,322,831,0.387,0.448,-0.061
2015-16,202694,Marcus Morris Sr.,1610612765,DET,F,26,80,80,1,353,828,0.426,0.446,-0.019
2015-16,101161,Amir Johnson,1610612738,BOS,F,29,78,78,1,380,827,0.459,0.465,-0.006
2015-16,2736,Luol Deng,1610612748,MIA,F,31,74,74,1,388,824,0.471,0.452,0.018
2015-16,202397,Ish Smith,1610612755,PHI,G,27,73,73,1,393,817,0.481,0.44,0.041
2015-16,202691,Klay Thompson,1610612744,GSW,G,26,80,80,1,349,816,0.428,0.443,-0.015
2015-16,203458,Alex Len,1610612756,PHX,C,23,77,77,1,379,815,0.465,0.472,-0.007
2015-16,201588,George Hill,1610612754,IND,G,30,74,74,1,350,812,0.431,0.438,-0.006
2015-16,203096,Jared Sullinger,1610612738,BOS,C-F,24,80,80,1,382,811,0.471,0.476,-0.005
2015-16,201145,Jeff Green,1610612746,LAC,F,29,80,80,1,374,808,0.463,0.447,0.016
2015-16,1626156,D'Angelo Russell,1610612747,LAL,G,20,79,79,1,382,799,0.478,0.438,0.04
2015-16,202696,Nikola Vučević,1610612753,ORL,C,25,64,64,1,371,799,0.464,0.479,-0.015
2015-16,101145,Monta Ellis,1610612754,IND,G,30,81,81,1,324,798,0.406,0.433,-0.027
2015-16,202687,Bismack Biyombo,1610612761,TOR,C-F,23,81,81,1,344,797,0.432,0.464,-0.032
2015-16,200768,Kyle Lowry,1610612761,TOR,G,30,76,76,1,357,797,0.448,0.44,0.008
2015-16,202322,John Wall,1610612764,WAS,G,25,77,77,1,334,796,0.42,0.441,-0.021
2015-16,202323,Evan Turner,1610612738,BOS,G-F,27,80,80,1,326,795,0.41,0.443,-0.032
2015-16,203114,Khris Middleton,1610612749,MIL,G-F,24,79,79,1,333,792,0.42,0.445,-0.024
2015-16,201959,Taj Gibson,1610612741,CHI,F,31,73,73,1,343,785,0.437,0.46,-0.024
2015-16,200782,P.J. Tucker,1610612756,PHX,F,31,82,82,1,333,782,0.426,0.445,-0.019
2015-16,202083,Wesley Matthews,1610612742,DAL,G-F,29,78,78,1,339,779,0.435,0.445,-0.01
2015-16,203109,Jae Crowder,1610612738,BOS,F,25,72,72,1,344,778,0.442,0.447,-0.005
2015-16,1626159,Justise Winslow,1610612748,MIA,F,20,78,78,1,324,776,0.418,0.441,-0.024
2015-16,203991,Clint Capela,1610612745,HOU,F-C,22,77,77,1,343,776,0.442,0.466,-0.024
2015-16,201162,Jared Dudley,1610612764,WAS,F,30,81,81,1,351,776,0.452,0.45,0.002
2015-16,203484,Kentavious Caldwell-Pope,1610612765,DET,G,23,76,76,1,316,775,0.408,0.437,-0.029
2015-16,202683,Enes Freedom,1610612760,OKC,C,24,82,82,1,361,775,0.466,0.467,-0.001
2015-16,2207,Joe Johnson,1610612748,MIA,F-G,35,81,81,1,351,767,0.458,0.446,0.012
2015-16,203999,Nikola Jokić,1610612743,DEN,C,21,79,79,1,358,765,0.468,0.476,-0.008
2015-16,101133,Ian Mahinmi,1610612754,IND,C,29,71,71,1,367,760,0.483,0.467,0.016
2015-16,2440,Matt Barnes,1610612763,MEM,F,36,76,76,1,361,755,0.478,0.444,0.034
2015-16,202329,Al-Farouq Aminu,1610612757,POR,F,25,82,82,1,339,752,0.451,0.455,-0.005
2015-16,1626144,Emmanuel Mudiay,1610612743,DEN,G,20,68,68,1,337,752,0.448,0.439,0.01
2015-16,204038,Langston Galloway,1610612752,NYK,G,24,82,82,1,320,750,0.427,0.435,-0.009
2015-16,201583,Ryan Anderson,1610612740,NOP,F,28,66,66,1,338,747,0.452,0.452,0.001
2015-16,201980,Danny Green,1610612759,SAS,G-F,29,79,79,1,334,747,0.447,0.443,0.004
2015-16,201941,Jordan Hill,1610612754,IND,C,28,73,73,1,367,745,0.493,0.47,0.023
2015-16,203497,Rudy Gobert,1610612762,UTA,C,24,61,61,1,326,742,0.439,0.474,-0.035
2015-16,201937,Ricky Rubio,1610612750,MIN,G,25,76,76,1,344,742,0.464,0.438,0.025
2015-16,1626163,Frank Kaminsky,1610612766,CHA,C,23,80,80,1,340,739,0.46,0.454,0.006
2015-16,1626143,Jahlil Okafor,1610612755,PHI,C,20,53,53,1,356,735,0.484,0.479,0.006
2015-16,203115,Will Barton,1610612743,DEN,F-G,25,82,82,1,328,735,0.446,0.436,0.01
2015-16,203901,Elfrid Payton,1610612753,ORL,G,22,72,72,1,341,733,0.465,0.438,0.027
2015-16,203095,Evan Fournier,1610612753,ORL,G-F,23,78,78,1,346,733,0.472,0.441,0.031
2015-16,2772,Trevor Ariza,1610612745,HOU,F,31,80,80,1,327,729,0.449,0.449,-0.001
2015-16,201585,Kosta Koufos,1610612758,SAC,C,27,77,77,1,342,725,0.472,0.466,0.006
2015-16,201609,Goran Dragic,1610612748,MIA,G,30,72,72,1,294,719,0.409,0.44,-0.031
2015-16,101108,Chris Paul,1610612746,LAC,G,31,74,74,1,333,714,0.466,0.444,0.023
2015-16,202391,Jeremy Lin,1610612766,CHA,G,27,78,78,1,293,710,0.413,0.434,-0.021
2015-16,202711,Bojan Bogdanovic,1610612751,BKN,G-F,27,79,79,1,360,710,0.507,0.44,0.067
2015-16,200765,Rajon Rondo,1610612758,SAC,G,30,71,71,1,327,709,0.461,0.439,0.023
2015-16,202389,Timofey Mozgov,1610612739,CLE,C,29,76,76,1,313,705,0.444,0.476,-0.032
2015-16,202709,Cory Joseph,1610612761,TOR,G,24,79,79,1,295,705,0.418,0.435,-0.016
2015-16,101181,Jose Calderon,1610612752,NYK,G,34,72,72,1,326,704,0.463,0.44,0.023
2015-16,203897,Zach LaVine,1610612750,MIN,G,21,82,82,1,326,700,0.466,0.436,0.03
2015-16,101106,Andrew Bogut,1610612744,GSW,C,31,70,70,1,307,699,0.439,0.472,-0.033
2015-16,202334,Ed Davis,1610612757,POR,F-C,27,81,81,1,303,698,0.434,0.471,-0.037
2015-16,201584,Courtney Lee,1610612766,CHA,G,30,79,79,1,288,698,0.413,0.435,-0.023
2015-16,202703,Nikola Mirotic,1610612741,CHI,F,25,66,66,1,318,697,0.456,0.451,0.005
2015-16,202685,Jonas Valanciunas,1610612761,TOR,C,24,59,59,1,331,696,0.476,0.474,0.002
2015-16,203918,Rodney Hood,1610612762,UTA,G,23,79,79,1,309,695,0.445,0.444,0.001
2015-16,203914,Gary Harris,1610612743,DEN,G,21,76,76,1,328,695,0.472,0.442,0.03
2015-16,201587,Nicolas Batum,1610612766,CHA,G-F,27,70,70,1,301,694,0.434,0.441,-0.007
2015-16,203141,Mirza Teletovic,1610612756,PHX,F,30,78,78,1,337,692,0.487,0.449,0.038
2015-16,1626167,Myles Turner,1610612754,IND,F-C,20,60,60,1,310,690,0.449,0.464,-0.014
2015-16,201950,Jrue Holiday,1610612740,NOP,G,26,65,65,1,319,688,0.464,0.439,0.025
2015-16,2216,Zach Randolph,1610612763,MEM,F,34,68,68,1,338,688,0.491,0.473,0.018
2015-16,1626164,Devin Booker,1610612756,PHX,G,19,73,73,1,329,687,0.479,0.437,0.041
2015-16,1495,Tim Duncan,1610612759,SAS,C-F,40,61,61,1,297,687,0.432,0.474,-0.041
2015-16,101109,Raymond Felton,1610612742,DAL,G,32,80,80,1,288,685,0.42,0.438,-0.018
2015-16,203490,Otto Porter Jr.,1610612764,WAS,F,23,75,75,1,330,684,0.482,0.44,0.043
2015-16,101141,Ersan Ilyasova,1610612753,ORL,F,29,74,74,1,347,683,0.508,0.457,0.051
2015-16,203482,Kelly Olynyk,1610612738,BOS,C-F,25,68,68,1,298,682,0.437,0.454,-0.017
2015-16,202695,Kawhi Leonard,1610612759,SAS,F,25,72,72,1,262,681,0.385,0.449,-0.064
2015-16,202335,Patrick Patterson,1610612761,TOR,F,27,78,78,1,286,680,0.421,0.448,-0.027
2015-16,203469,Cody Zeller,1610612766,CHA,C-F,23,73,73,1,314,676,0.464,0.477,-0.012
2015-16,202702,Kenneth Faried,1610612743,DEN,F,26,67,67,1,345,667,0.517,0.465,0.052
2015-16,203521,Matthew Dellavedova,1610612739,CLE,G,25,76,76,1,277,664,0.417,0.434,-0.017
2015-16,201952,Jeff Teague,1610612737,ATL,G,28,79,79,1,261,663,0.394,0.437,-0.043
2015-16,202066,Garrett Temple,1610612764,WAS,G,30,79,79,1,295,662,0.446,0.438,0.008
2015-16,202738,Isaiah Thomas,1610612738,BOS,G,27,81,81,1,284,661,0.43,0.438,-0.008
2015-16,101114,Deron Williams,1610612742,DAL,G,32,65,65,1,284,660,0.43,0.436,-0.006
2015-16,203086,Meyers Leonard,1610612757,POR,F-C,24,60,60,1,299,659,0.454,0.461,-0.007
2015-16,203138,Hollis Thompson,1610612755,PHI,G-F,25,77,77,1,299,658,0.454,0.441,0.013
2015-16,201976,Patrick Beverley,1610612745,HOU,G,27,71,71,1,277,654,0.424,0.44,-0.017
2015-16,203079,Dion Waiters,1610612760,OKC,G,24,78,78,1,280,654,0.428,0.436,-0.008
2015-16,203084,Harrison Barnes,1610612744,GSW,F,24,66,66,1,301,652,0.462,0.45,0.011
2015-16,2547,Chris Bosh,1610612748,MIA,F,32,53,53,1,294,646,0.455,0.455,0.001
2015-16,201565,Derrick Rose,1610612741,CHI,G,27,66,66,1,294,644,0.457,0.444,0.013
2015-16,200755,JJ Redick,1610612746,LAC,G,32,74,74,1,248,643,0.386,0.439,-0.054
2015-16,201942,DeMar DeRozan,1610612761,TOR,G,26,77,77,1,298,642,0.464,0.442,0.022
2015-16,202340,Avery Bradley,1610612738,BOS,G,25,75,75,1,275,642,0.428,0.439,-0.011
2015-16,203145,Kent Bazemore,1610612737,ATL,F-G,26,75,75,1,258,640,0.403,0.444,-0.041
2015-16,2544,LeBron James,1610612739,CLE,F,31,76,76,1,244,635,0.384,0.447,-0.063
2015-16,201167,Arron Afflalo,1610612752,NYK,G,30,71,71,1,279,634,0.44,0.439,0.002
2015-16,201589,Darrell Arthur,1610612743,DEN,F,28,70,70,1,277,632,0.438,0.459,-0.021
2015-16,2561,David West,1610612759,SAS,F,35,78,78,1,290,631,0.46,0.463,-0.003
2015-16,203496,Robert Covington,1610612755,PHI,F,25,67,67,1,274,628,0.436,0.445,-0.009
2015-16,201188,Marc Gasol,1610612763,MEM,C,31,52,52,1,276,627,0.44,0.478,-0.037
2015-16,202693,Markieff Morris,1610612764,WAS,F,26,64,64,1,276,625,0.442,0.457,-0.015
2015-16,201954,Darren Collison,1610612758,SAC,G,28,73,73,1,295,623,0.474,0.435,0.038
2015-16,201967,Dante Cunningham,1610612740,NOP,F,29,78,78,1,291,623,0.467,0.445,0.022
2015-16,2199,Tyson Chandler,1610612756,PHX,C,33,66,66,1,319,622,0.513,0.475,0.038
2015-16,202330,Gordon Hayward,1610612762,UTA,F,26,80,80,1,278,618,0.45,0.447,0.003
2015-16,1626161,Willie Cauley-Stein,1610612758,SAC,C,22,65,65,1,283,617,0.459,0.456,0.003
2015-16,202730,Lavoy Allen,1610612754,IND,F-C,27,79,79,1,279,616,0.453,0.46,-0.007
2015-16,202325,Wesley Johnson,1610612746,LAC,F-G,28,80,80,1,275,615,0.447,0.452,-0.004
2015-16,203932,Aaron Gordon,1610612753,ORL,F,20,77,77,1,271,613,0.442,0.453,-0.011
2015-16,201956,Omri Casspi,1610612758,SAC,F,28,68,68,1,287,606,0.474,0.446,0.028
2015-16,2546,Carmelo Anthony,1610612752,NYK,F,32,71,71,1,264,603,0.438,0.449,-0.011
2015-16,201147,Corey Brewer,1610612745,HOU,G-F,30,82,82,1,281,602,0.467,0.44,0.027
2015-16,203382,Aron Baynes,1610612765,DET,C-F,29,80,80,1,297,597,0.497,0.473,0.024
2015-16,201566,Russell Westbrook,1610612760,OKC,G,27,80,80,1,275,595,0.462,0.447,0.015
2015-16,201144,Mike Conley,1610612763,MEM,G,28,56,56,1,267,591,0.452,0.436,0.016
2015-16,203459,Allen Crabbe,1610612757,POR,G,24,81,81,1,251,588,0.427,0.436,-0.009
2015-16,202688,Brandon Knight,1610612756,PHX,G,24,52,52,1,266,584,0.455,0.435,0.02
2015-16,200757,Thabo Sefolosha,1610612737,ATL,F,32,75,75,1,235,580,0.405,0.444,-0.039
2015-16,2747,JR Smith,1610612739,CLE,G-F,30,77,77,1,252,575,0.438,0.441,-0.003
2015-16,2225,Tony Parker,1610612759,SAS,G,34,72,72,1,258,575,0.449,0.439,0.009
2015-16,203499,Shane Larkin,1610612751,BKN,G,23,77,77,1,251,570,0.44,0.431,0.009
2015-16,101150,Lou Williams,1610612747,LAL,G,29,67,67,1,234,569,0.411,0.435,-0.024
2015-16,2449,Luis Scola,1610612761,TOR,F,36,75,75,1,279,569,0.49,0.46,0.03
2015-16,203917,Nik Stauskas,1610612755,PHI,G,22,72,72,1,252,568,0.444,0.434,0.01
2015-16,203082,Terrence Ross,1610612761,TOR,F-G,25,72,72,1,224,559,0.401,0.433,-0.032
2015-16,203526,Raul Neto,1610612762,UTA,G,24,81,81,1,258,552,0.467,0.436,0.032
2015-16,202344,Trevor Booker,1610612762,UTA,F,28,77,77,1,237,552,0.429,0.455,-0.025
2015-16,2548,Dwyane Wade,1610612748,MIA,G,34,74,74,1,236,547,0.431,0.442,-0.011
2015-16,203460,Andre Roberson,1610612760,OKC,G,24,70,70,1,221,540,0.409,0.445,-0.035
2015-16,203487,Michael Carter-Williams,1610612749,MIL,G,24,54,54,1,235,538,0.437,0.443,-0.006
2015-16,202720,Jon Leuer,1610612756,PHX,F,27,66,66,1,260,535,0.486,0.453,0.033
2015-16,201600,Omer Asik,1610612740,NOP,C,29,67,67,1,263,530,0.496,0.486,0.01
2015-16,2733,Shaun Livingston,1610612744,GSW,G,30,77,77,1,234,527,0.444,0.435,0.009
2015-16,1626168,Trey Lyles,1610612762,UTA,F,20,76,76,1,245,525,0.467,0.453,0.014
2015-16,203078,Bradley Beal,1610612764,WAS,G,23,54,54,1,233,524,0.445,0.436,0.009
2015-16,203463,Ben McLemore,1610612758,SAC,G,23,67,67,1,240,521,0.461,0.442,0.019
2015-16,2564,Boris Diaw,1610612759,SAS,C-F,34,76,76,1,225,518,0.434,0.45,-0.016
2015-16,203926,Doug McDermott,1610612741,CHI,F,24,81,81,1,239,514,0.465,0.436,0.029
2015-16,201601,Luc Mbah a Moute,1610612746,LAC,F,29,66,66,1,182,513,0.355,0.451,-0.097
2015-16,201568,Danilo Gallinari,1610612743,DEN,F,27,53,53,1,243,512,0.475,0.447,0.027
2015-16,203477,Isaiah Canaan,1610612755,PHI,G,25,76,76,1,235,510,0.461,0.431,0.03
2015-16,101123,Gerald Green,1610612748,MIA,F,30,69,69,1,210,507,0.414,0.436,-0.022
2015-16,202718,Chandler Parsons,1610612742,DAL,F,27,61,61,1,218,502,0.434,0.446,-0.011
2015-16,204456,T.J. McConnell,1610612755,PHI,G,24,79,79,1,241,499,0.483,0.433,0.05
2015-16,202087,Alonzo Gee,1610612740,NOP,F,29,72,72,1,227,498,0.456,0.446,0.01
2015-16,977,Kobe Bryant,1610612747,LAL,F-G,37,66,66,1,226,497,0.455,0.446,0.008
2015-16,101138,Brandon Bass,1610612747,LAL,F,31,64,64,1,238,494,0.482,0.461,0.02
2015-16,200826,J.J. Barea,1610612742,DAL,G,32,74,74,1,219,488,0.449,0.433,0.016
2015-16,202357,Nemanja Bjelica,1610612750,MIN,F,28,60,60,1,228,488,0.467,0.45,0.017
2015-16,201160,Jason Smith,1610612753,ORL,F-C,30,75,75,1,236,486,0.486,0.465,0.021
2015-16,2738,Andre Iguodala,1610612744,GSW,G-F,32,65,65,1,219,484,0.452,0.446,0.007
2015-16,101112,Channing Frye,1610612739,CLE,F,33,68,68,1,230,483,0.476,0.461,0.016
2015-16,200751,Randy Foye,1610612760,OKC,G,32,80,80,1,201,478,0.421,0.435,-0.014
2015-16,2037,Jamal Crawford,1610612746,LAC,G,36,79,79,1,207,478,0.433,0.441,-0.008
2015-16,1626169,Stanley Johnson,1610612765,DET,F,20,72,72,1,208,477,0.436,0.44,-0.004
2015-16,201961,Wayne Ellington,1610612751,BKN,G,28,76,76,1,223,476,0.468,0.434,0.035
2015-16,201229,Anthony Tolliver,1610612765,DET,F,31,69,69,1,200,474,0.422,0.456,-0.034
2015-16,203498,Shabazz Muhammad,1610612750,MIN,F,23,82,82,1,228,474,0.481,0.436,0.045
2015-16,201158,Marco Belinelli,1610612758,SAC,G-F,30,67,67,1,218,470,0.464,0.437,0.027
2015-16,203089,John Henson,1610612749,MIL,F,25,57,57,1,197,469,0.42,0.459,-0.038
2015-16,203090,Maurice Harkless,1610612757,POR,F,23,74,74,1,204,468,0.436,0.438,-0.002
2015-16,1626171,Bobby Portis Jr.,1610612741,CHI,F,21,61,61,1,192,467,0.411,0.453,-0.042
2015-16,203210,JaMychal Green,1610612763,MEM,F,26,78,78,1,205,462,0.444,0.455,-0.011
2015-16,201988,Patty Mills,1610612759,SAS,G,27,81,81,1,213,459,0.464,0.429,0.036
2015-16,1626209,Mario Hezonja,1610612753,ORL,G-F,21,74,74,1,211,457,0.462,0.433,0.029
2015-16,1718,Paul Pierce,1610612746,LAC,F,38,68,68,1,206,457,0.451,0.451,0
2015-16,203935,Marcus Smart,1610612738,BOS,G,22,61,61,1,197,456,0.432,0.434,-0.002
2015-16,202681,Kyrie Irving,1610612739,CLE,G,24,53,53,1,204,455,0.448,0.438,0.01
2015-16,202682,Derrick Williams,1610612752,NYK,F,25,77,77,1,193,454,0.425,0.437,-0.012
2015-16,201933,Blake Griffin,1610612746,LAC,F,27,35,35,1,218,453,0.481,0.462,0.019
2015-16,101139,CJ Miles,1610612754,IND,F-G,29,64,64,1,196,452,0.434,0.443,-0.01
2015-16,203087,Jeremy Lamb,1610612766,CHA,G,24,66,66,1,182,451,0.404,0.437,-0.033
2015-16,202388,Donald Sloan,1610612751,BKN,G,28,59,59,1,220,451,0.488,0.433,0.054
2015-16,201578,Marreese Speights,1610612744,GSW,F-C,28,71,71,1,206,450,0.458,0.458,-0.001
2015-16,201196,Ramon Sessions,1610612764,WAS,G,30,82,82,1,209,450,0.464,0.429,0.036
2015-16,203085,Austin Rivers,1610612746,LAC,G,23,66,66,1,173,443,0.391,0.441,-0.051
2015-16,203471,Dennis Schröder,1610612737,ATL,G,22,79,79,1,185,441,0.42,0.433,-0.014
2015-16,203503,Tony Snell,1610612741,CHI,F,24,64,64,1,176,441,0.399,0.438,-0.039
2015-16,2754,Tony Allen,1610612763,MEM,G-F,34,64,64,1,190,440,0.432,0.445,-0.013
2015-16,2403,Nene,1610612764,WAS,F-C,33,56,56,1,217,435,0.499,0.467,0.032
2015-16,201573,Jerryd Bayless,1610612749,MIL,G,27,52,52,1,183,433,0.423,0.436,-0.014
2015-16,202734,E'Twaun Moore,1610612741,CHI,G,27,58,58,1,191,433,0.441,0.444,-0.002
2015-16,203093,Terrence Jones,1610612745,HOU,F,24,49,49,1,221,432,0.512,0.454,0.058
2015-16,203939,Dwight Powell,1610612742,DAL,F-C,24,65,65,1,182,431,0.422,0.453,-0.03
2015-16,202332,Cole Aldrich,1610612746,LAC,C,27,58,58,1,208,427,0.487,0.46,0.027
2015-16,201150,Spencer Hawes,1610612766,CHA,F-C,28,57,57,1,200,425,0.471,0.467,0.004
2015-16,1626170,Jerian Grant,1610612752,NYK,G,23,72,72,1,191,424,0.45,0.436,0.014
2015-16,1626204,Larry Nance Jr.,1610612747,LAL,F,23,63,63,1,201,423,0.475,0.462,0.013
2015-16,203105,Festus Ezeli,1610612744,GSW,C,26,46,46,1,182,420,0.433,0.471,-0.037
2015-16,203943,Noah Vonleh,1610612757,POR,F,20,77,77,1,192,419,0.458,0.465,-0.007
2015-16,203530,Joffrey Lauvergne,1610612743,DEN,C-F,24,58,58,1,200,417,0.48,0.46,0.019
2015-16,201973,Jonas Jerebko,1610612738,BOS,F,29,74,74,1,178,415,0.429,0.449,-0.02
2015-16,2210,Richard Jefferson,1610612739,CLE,F,36,73,73,1,177,415,0.427,0.434,-0.007
2015-16,2746,Josh Smith,1610612745,HOU,F,30,55,55,1,178,413,0.431,0.466,-0.035
2015-16,202714,Shelvin Mack,1610612762,UTA,G,26,48,48,1,179,412,0.434,0.433,0.002
2015-16,2744,Al Jefferson,1610612766,CHA,C,31,47,47,1,202,411,0.491,0.477,0.015
2015-16,2419,Tayshaun Prince,1610612750,MIN,F,36,74,74,1,179,409,0.438,0.446,-0.009
2015-16,203960,JaKarr Sampson,1610612743,DEN,G-F,23,72,72,1,177,407,0.435,0.44,-0.005
2015-16,203798,PJ Hairston,1610612763,MEM,F-G,23,64,64,1,187,406,0.461,0.448,0.013
2015-16,202339,Eric Bledsoe,1610612756,PHX,G,26,31,31,1,165,405,0.407,0.431,-0.024
2015-16,1891,Jason Terry,1610612745,HOU,G,38,71,71,1,204,404,0.505,0.437,0.068
2015-16,201951,Ty Lawson,1610612754,IND,G,28,63,63,1,175,401,0.436,0.437,-0.001
2015-16,101135,David Lee,1610612742,DAL,F-C,33,52,52,1,187,400,0.468,0.466,0.002
2015-16,201945,Gerald Henderson,1610612757,POR,G,28,70,70,1,178,396,0.449,0.433,0.017
2015-16,203101,Miles Plumlee,1610612749,MIL,C,27,56,56,1,183,394,0.464,0.478,-0.013
2015-16,1626196,Josh Richardson,1610612748,MIA,G,22,47,47,1,172,392,0.439,0.436,0.002
2015-16,203124,Kyle O'Quinn,1610612752,NYK,F-C,26,61,61,1,178,391,0.455,0.465,-0.01
2015-16,202697,Iman Shumpert,1610612739,CLE,G,26,54,54,1,178,387,0.46,0.445,0.015
2015-16,203504,Trey Burke,1610612762,UTA,G,23,63,63,1,177,385,0.46,0.436,0.024
2015-16,201596,Mario Chalmers,1610612748,MIA,G,30,61,61,1,155,385,0.403,0.432,-0.029
2015-16,201582,Alexis Ajinca,1610612740,NOP,C,28,56,56,1,185,381,0.486,0.472,0.013
2015-16,2581,Steve Blake,1610612765,DET,G,36,58,58,1,167,380,0.439,0.436,0.004
2015-16,201166,Aaron Brooks,1610612741,CHI,G,31,69,69,1,147,378,0.389,0.432,-0.043
2015-16,2734,Devin Harris,1610612742,DAL,G,33,64,64,1,174,376,0.463,0.434,0.029
2015-16,203118,Mike Scott,1610612737,ATL,F,27,73,73,1,153,360,0.425,0.447,-0.022
2015-16,203080,Thomas Robinson,1610612751,BKN,F,25,67,67,1,172,360,0.478,0.466,0.012
2015-16,203092,Tyler Zeller,1610612738,BOS,C-F,26,58,58,1,168,359,0.468,0.471,-0.003
2015-16,203462,Archie Goodwin,1610612756,PHX,G,21,55,55,1,180,359,0.501,0.433,0.069
2015-16,201575,Brandon Rush,1610612744,GSW,F-G,30,68,68,1,167,359,0.465,0.441,0.024
2015-16,203937,Kyle Anderson,1610612759,SAS,F,22,72,72,1,155,358,0.433,0.431,0.002
2015-16,2743,Kris Humphries,1610612737,ATL,F,31,53,53,1,174,356,0.489,0.467,0.022
2015-16,201962,Toney Douglas,1610612740,NOP,G,30,60,60,1,165,355,0.465,0.435,0.029
2015-16,202362,Lance Stephenson,1610612763,MEM,F-G,25,67,67,1,156,351,0.444,0.435,0.01
2015-16,201569,Eric Gordon,1610612740,NOP,G,27,45,45,1,158,350,0.451,0.439,0.012
2015-16,203112,Quincy Acy,1610612758,SAC,F,25,56,56,1,168,350,0.48,0.464,0.016
2015-16,202337,Luke Babbitt,1610612740,NOP,F,27,42,42,1,172,349,0.493,0.443,0.05
2015-16,202498,Lance Thomas,1610612752,NYK,F,28,56,56,1,143,348,0.411,0.444,-0.033
2015-16,202713,Kyle Singler,1610612760,OKC,F,28,64,64,1,172,348,0.494,0.449,0.046
2015-16,101127,Jarrett Jack,1610612751,BKN,G,32,32,32,1,164,346,0.474,0.443,0.031
2015-16,101179,Ronnie Price,1610612756,PHX,G,33,61,61,1,146,337,0.433,0.43,0.003
2015-16,1713,Vince Carter,1610612763,MEM,G-F,39,59,59,1,152,336,0.452,0.432,0.021
2015-16,201571,D.J. Augustin,1610612743,DEN,G,28,62,62,1,160,334,0.479,0.429,0.05
2015-16,203481,Jeff Withey,1610612762,UTA,C,26,48,48,1,142,333,0.426,0.47,-0.044
2015-16,201949,James Johnson,1610612761,TOR,F,29,56,56,1,140,327,0.428,0.449,-0.021
2015-16,2405,Amar'e Stoudemire,1610612748,MIA,F-C,33,50,50,1,146,324,0.451,0.477,-0.026
2015-16,204060,Joe Ingles,1610612762,UTA,F,28,76,76,1,140,321,0.436,0.442,-0.006
2015-16,201155,Rodney Stuckey,1610612754,IND,G,30,57,57,1,140,318,0.44,0.43,0.01
2015-16,1626173,Rashad Vaughn,1610612749,MIL,G,19,67,67,1,155,316,0.491,0.436,0.054
2015-16,2749,Jameer Nelson,1610612743,DEN,G,34,39,39,1,143,313,0.457,0.437,0.02
2015-16,203094,Andrew Nicholson,1610612753,ORL,F,26,52,52,1,141,310,0.455,0.453,0.001
2015-16,203900,Markel Brown,1610612751,BKN,G,24,55,55,1,156,304,0.513,0.436,0.077
2015-16,204020,Tyler Johnson,1610612748,MIA,G,24,36,36,1,133,302,0.44,0.434,0.006
2015-16,201149,Joakim Noah,1610612741,CHI,C,31,29,29,1,133,302,0.44,0.458,-0.018
2015-16,203948,Johnny O'Bryant III,1610612749,MIL,F-C,23,62,62,1,132,297,0.444,0.451,-0.007
2015-16,203187,Chris Johnson,1610612762,UTA,F,26,61,61,1,121,297,0.407,0.441,-0.034
2015-16,1626158,Richaun Holmes,1610612755,PHI,F,22,50,50,1,147,296,0.497,0.459,0.037
2015-16,203473,Dewayne Dedmon,1610612753,ORL,C,26,50,50,1,134,295,0.454,0.471,-0.017
2015-16,201977,Marcus Thornton,1610612764,WAS,F-G,29,60,60,1,134,295,0.454,0.437,0.017
2015-16,1626273,Marcelo Huertas,1610612747,LAL,G,33,51,51,1,133,294,0.452,0.431,0.022
2015-16,203524,Solomon Hill,1610612754,IND,F,25,50,50,1,122,294,0.415,0.442,-0.027
2015-16,203933,T.J. Warren,1610612756,PHX,F,22,46,46,1,132,292,0.452,0.443,0.009
2015-16,201564,O.J. Mayo,1610612749,MIL,G,28,41,41,1,118,291,0.405,0.44,-0.034
2015-16,2756,Sasha Vujacic,1610612752,NYK,G,32,53,53,1,138,289,0.478,0.443,0.035
2015-16,201156,Nick Young,1610612747,LAL,F-G,31,54,54,1,148,289,0.512,0.443,0.069
2015-16,202708,Norris Cole,1610612740,NOP,G,27,45,45,1,141,286,0.493,0.441,0.052
2015-16,2755,Kevin Martin,1610612759,SAS,G,33,54,54,1,144,285,0.505,0.433,0.072
2015-16,203200,Justin Holiday,1610612741,CHI,G,27,47,47,1,122,285,0.428,0.443,-0.015
2015-16,2555,Nick Collison,1610612760,OKC,F,35,59,59,1,124,284,0.437,0.455,-0.019
2015-16,201978,Chase Budinger,1610612756,PHX,F,28,61,61,1,115,280,0.411,0.435,-0.024
2015-16,203501,Tim Hardaway Jr.,1610612737,ATL,G,24,51,51,1,102,275,0.371,0.433,-0.062
2015-16,203488,Mike Muscala,1610612737,ATL,F-C,24,52,52,1,140,273,0.513,0.463,0.05
2015-16,201960,DeMarre Carroll,1610612761,TOR,F,29,26,26,1,123,272,0.452,0.451,0.002
2015-16,202341,James Anderson,1610612758,SAC,G-F,27,44,44,1,114,269,0.424,0.449,-0.025
2015-16,201168,Tiago Splitter,1610612737,ATL,C-F,31,36,36,1,125,266,0.47,0.471,-0.001
2015-16,201943,Brandon Jennings,1610612753,ORL,G,26,48,48,1,107,266,0.402,0.43,-0.027
2015-16,201627,Anthony Morrow,1610612760,OKC,G,30,60,60,1,121,264,0.458,0.432,0.027
2015-16,203143,Pablo Prigioni,1610612746,LAC,G,39,57,57,1,129,261,0.494,0.427,0.067
2015-16,2757,Beno Udrih,1610612763,MEM,G,33,44,44,1,113,258,0.438,0.428,0.01
2015-16,1626178,Rondae Hollis-Jefferson,1610612751,BKN,G-F,21,29,29,1,117,258,0.453,0.448,0.006
2015-16,2760,Anderson Varejao,1610612744,GSW,F,33,49,49,1,128,256,0.5,0.453,0.047
2015-16,101111,Charlie Villanueva,1610612742,DAL,F,31,52,52,1,114,254,0.449,0.46,-0.011
2015-16,201936,Tyreke Evans,1610612740,NOP,G-F,26,25,25,1,127,247,0.514,0.438,0.076
2015-16,2571,Leandro Barbosa,1610612744,GSW,G,33,68,68,1,111,247,0.449,0.431,0.018
2015-16,203994,Jusuf Nurkić,1610612743,DEN,C,21,31,31,1,121,246,0.492,0.466,0.025
2015-16,202338,Kevin Seraphin,1610612752,NYK,F-C,26,46,46,1,106,246,0.431,0.468,-0.037
2015-16,202390,Gary Neal,1610612764,WAS,G,31,40,40,1,121,246,0.492,0.427,0.065
2015-16,2570,Kendrick Perkins,1610612740,NOP,C,31,37,37,1,128,244,0.525,0.478,0.047
2015-16,202700,Donatas Motiejunas,1610612745,HOU,F-C,25,36,36,1,103,242,0.426,0.462,-0.036
2015-16,1626162,Kelly Oubre Jr.,1610612764,WAS,F,20,49,49,1,119,242,0.492,0.444,0.048
2015-16,201177,Josh McRoberts,1610612748,MIA,F,29,41,41,1,101,239,0.423,0.451,-0.028
2015-16,201171,Carl Landry,1610612755,PHI,F,32,34,34,1,125,239,0.523,0.464,0.059
2015-16,1938,Manu Ginobili,1610612759,SAS,G,38,56,56,1,90,238,0.378,0.438,-0.06
2015-16,1626181,Norman Powell,1610612761,TOR,G,23,38,38,1,100,238,0.42,0.433,-0.013
2015-16,1626246,Boban Marjanovic,1610612759,SAS,C,27,49,49,1,102,237,0.43,0.47,-0.04
2015-16,1626166,Cameron Payne,1610612760,OKC,G,21,48,48,1,106,235,0.451,0.433,0.019
2015-16,204025,Tim Frazier,1610612740,NOP,G,25,39,39,1,101,234,0.432,0.429,0.003
2015-16,2399,Mike Dunleavy,1610612741,CHI,G-F,35,31,31,1,103,234,0.44,0.449,-0.009
2015-16,1626148,Anthony Brown,1610612747,LAL,F,23,27,27,1,102,232,0.44,0.45,-0.01
2015-16,204028,Tarik Black,1610612747,LAL,C-F,24,38,38,1,101,229,0.441,0.469,-0.028
2015-16,2550,Kirk Hinrich,1610612737,ATL,G,35,42,42,1,101,227,0.445,0.433,0.012
2015-16,203552,Seth Curry,1610612758,SAC,G,25,40,40,1,110,223,0.493,0.439,0.054
2015-16,2590,Mo Williams,1610612739,CLE,G,33,36,36,1,91,212,0.429,0.436,-0.007
2015-16,202692,Alec Burks,1610612762,UTA,G,24,31,31,1,104,212,0.491,0.448,0.042
2015-16,203898,Tyler Ennis,1610612749,MIL,G,21,39,39,1,89,209,0.426,0.426,0
2015-16,203613,Jonathon Simmons,1610612759,SAS,G-F,26,50,50,1,102,209,0.488,0.433,0.055
2015-16,200745,Andrea Bargnani,1610612751,BKN,C-F,30,45,45,1,116,209,0.555,0.458,0.097
2015-16,201228,C.J. Watson,1610612753,ORL,G,32,32,32,1,97,199,0.487,0.438,0.049
2015-16,708,Kevin Garnett,1610612750,MIN,F,40,38,38,1,85,197,0.431,0.471,-0.039
2015-16,203186,Willie Reed,1610612751,BKN,F-C,26,37,37,1,105,197,0.533,0.464,0.069
2015-16,201574,Jason Thompson,1610612761,TOR,F-C,29,44,44,1,97,195,0.497,0.453,0.044
2015-16,200797,Ryan Hollins,1610612763,MEM,C,31,34,34,1,98,195,0.503,0.473,0.03
2015-16,1626257,Salah Mejri,1610612742,DAL,C,30,31,31,1,81,193,0.42,0.466,-0.046
2015-16,1626147,Justin Anderson,1610612742,DAL,G-F,22,46,46,1,88,192,0.458,0.44,0.019
2015-16,1626145,Tyus Jones,1610612750,MIN,G,20,36,36,1,99,189,0.524,0.439,0.084
2015-16,1897,Metta World Peace,1610612747,LAL,F,36,34,34,1,84,189,0.444,0.447,-0.003
2015-16,203894,Shabazz Napier,1610612753,ORL,G,24,46,46,1,83,187,0.444,0.425,0.019
2015-16,203527,Ryan Kelly,1610612747,LAL,F,25,36,36,1,81,185,0.438,0.452,-0.015
2015-16,201581,JJ Hickson,1610612764,WAS,C-F,27,32,32,1,71,180,0.394,0.464,-0.07
2015-16,1626149,Montrezl Harrell,1610612745,HOU,F,22,32,32,1,75,180,0.417,0.443,-0.027
2015-16,203940,Adreian Payne,1610612750,MIN,F,25,46,46,1,88,177,0.497,0.467,0.03
2015-16,203546,Ian Clark,1610612744,GSW,G,25,51,51,1,90,173,0.52,0.427,0.094
2015-16,203148,Brian Roberts,1610612757,POR,G,30,44,44,1,73,172,0.424,0.43,-0.006
2015-16,1889,Andre Miller,1610612759,SAS,G,40,35,35,1,70,164,0.427,0.43,-0.003
2015-16,203922,Glenn Robinson III,1610612754,IND,G-F,22,39,39,1,65,154,0.422,0.434,-0.012
2015-16,1626191,Chris McCullough,1610612751,BKN,F,21,23,23,1,70,154,0.455,0.443,0.011
2015-16,2365,Chris Andersen,1610612763,MEM,F-C,37,26,26,1,79,153,0.516,0.469,0.048
2015-16,201580,JaVale McGee,1610612742,DAL,C,28,33,33,1,81,151,0.536,0.474,0.062
2015-16,203508,Sergey Karasev,1610612751,BKN,G-F,22,35,35,1,69,149,0.463,0.442,0.021
2015-16,203930,Sean Kilpatrick,1610612751,BKN,G,26,30,30,1,75,148,0.507,0.43,0.077
2015-16,201563,Michael Beasley,1610612745,HOU,F,27,19,19,1,67,146,0.459,0.449,0.01
2015-16,203512,Lucas Nogueira,1610612761,TOR,C,23,25,25,1,64,143,0.448,0.454,-0.006
2015-16,2034,Mike Miller,1610612743,DEN,G-F,36,36,36,1,63,143,0.441,0.433,0.007
2015-16,203098,John Jenkins,1610612756,PHX,G,25,36,36,1,61,141,0.433,0.435,-0.002
2015-16,1626185,Jarell Martin,1610612763,MEM,F,22,26,26,1,66,140,0.471,0.462,0.009
2015-16,2446,Rasual Butler,1610612759,SAS,F,37,36,36,1,53,139,0.381,0.422,-0.04
2015-16,203135,Robert Sacre,1610612747,LAL,C,27,22,22,1,71,138,0.514,0.483,0.031
2015-16,203492,Ray McCallum,1610612759,SAS,G,25,28,28,1,62,137,0.453,0.437,0.015
2015-16,203584,Troy Daniels,1610612766,CHA,G,24,36,36,1,53,136,0.39,0.431,-0.041
2015-16,203493,Reggie Bullock Jr.,1610612765,DET,F,25,28,28,1,56,132,0.424,0.434,-0.01
2015-16,203934,Lamar Patterson,1610612737,ATL,G-F,24,32,32,1,62,129,0.481,0.44,0.04
2015-16,202349,Greivis Vasquez,1610612749,MIL,G,29,23,23,1,62,129,0.481,0.427,0.054
2015-16,203156,Henry Sims,1610612751,BKN,C-F,26,14,14,1,83,125,0.664,0.48,0.184
2015-16,1626245,Cristiano Felicio,1610612741,CHI,F-C,23,27,27,1,46,125,0.368,0.464,-0.096
2015-16,203123,Kostas Papanikolaou,1610612743,DEN,F,25,23,23,1,58,124,0.468,0.455,0.013
2015-16,2592,James Jones,1610612739,CLE,G-F,35,39,39,1,58,120,0.483,0.451,0.033
2015-16,1626253,Axel Toupane,1610612743,DEN,G-F,23,21,21,1,50,118,0.424,0.438,-0.014
2015-16,203099,Jared Cunningham,1610612739,CLE,G,25,30,30,1,52,118,0.441,0.433,0.007
2015-16,1626202,Joe Young,1610612754,IND,G,24,33,33,1,52,117,0.444,0.427,0.017
2015-16,202706,Jordan Hamilton,1610612740,NOP,G-F,25,11,11,1,53,113,0.469,0.427,0.042
2015-16,201603,Sonny Weems,1610612756,PHX,G-F,29,35,35,1,57,110,0.518,0.438,0.08
2015-16,2400,Drew Gooden,1610612764,WAS,F,34,25,25,1,58,109,0.532,0.44,0.092
2015-16,202379,Jeremy Evans,1610612742,DAL,F,28,23,23,1,47,109,0.431,0.451,-0.019
2015-16,203949,James Michael McAdoo,1610612744,GSW,F,23,34,34,1,53,107,0.495,0.44,0.055
2015-16,203088,Kendall Marshall,1610612755,PHI,G,24,24,24,1,55,104,0.529,0.435,0.094
2015-16,204014,Damjan Rudez,1610612750,MIN,F,30,27,27,1,43,99,0.434,0.444,-0.009
2015-16,203516,James Ennis III,1610612740,NOP,F,25,15,15,1,45,99,0.455,0.43,0.024
2015-16,201946,Tyler Hansbrough,1610612766,CHA,F,30,35,35,1,51,97,0.526,0.464,0.062
2015-16,1882,Elton Brand,1610612755,PHI,F,37,16,16,1,44,95,0.463,0.464,-0.001
2015-16,200770,Jordan Farmar,1610612763,MEM,G,29,12,12,1,40,95,0.421,0.448,-0.027
2015-16,200811,Lou Amundson,1610612752,NYK,F,33,28,28,1,35,87,0.402,0.452,-0.05
2015-16,2588,Matt Bonner,1610612759,SAS,C-F,36,23,23,1,37,87,0.425,0.437,-0.012
2015-16,1626199,Darrun Hilliard,1610612765,DET,F,23,27,27,1,38,86,0.442,0.426,0.016
2015-16,202962,Greg Smith,1610612750,MIN,C,25,18,18,1,44,86,0.512,0.481,0.031
2015-16,203515,Phil Pressey,1610612757,POR,G,25,20,20,1,35,82,0.427,0.43,-0.003
2015-16,201148,Brandan Wright,1610612763,MEM,F,28,12,12,1,38,82,0.463,0.461,0.003
2015-16,1626179,Terry Rozier,1610612738,BOS,G,22,29,29,1,42,81,0.519,0.431,0.088
2015-16,201971,DeJuan Blair,1610612764,WAS,C-F,27,23,23,1,38,81,0.469,0.468,0.001
2015-16,203909,KJ McDaniels,1610612745,HOU,G-F,23,25,25,1,36,80,0.45,0.429,0.021
2015-16,2617,Udonis Haslem,1610612748,MIA,F,36,29,29,1,43,80,0.538,0.448,0.089
2015-16,203906,Devyn Marble,1610612753,ORL,F,23,22,22,1,38,79,0.481,0.427,0.054
2015-16,203077,Michael Kidd-Gilchrist,1610612766,CHA,F,22,7,7,1,30,78,0.385,0.455,-0.071
2015-16,1626214,Bryce Dejean-Jones,1610612740,NOP,G,23,12,12,1,38,76,0.5,0.431,0.069
2015-16,1626154,RJ Hunter,1610612738,BOS,G,22,26,26,1,35,75,0.467,0.419,0.048
2015-16,203923,James Young,1610612738,BOS,G-F,20,21,21,1,39,74,0.527,0.433,0.094
2015-16,1626174,Christian Wood,1610612755,PHI,F,20,15,15,1,32,72,0.444,0.441,0.003
2015-16,204098,Xavier Munford,1610612763,MEM,G,24,14,14,1,34,72,0.472,0.446,0.026
2015-16,203142,Chris Copeland,1610612749,MIL,F,32,20,20,1,35,67,0.522,0.44,0.082
2015-16,202407,Elijah Millsap,1610612762,UTA,G-F,28,16,16,1,26,65,0.4,0.445,-0.045
2015-16,101187,Alan Anderson,1610612764,WAS,F-G,33,12,12,1,32,64,0.5,0.439,0.061
2015-16,1626153,Delon Wright,1610612761,TOR,G,24,18,18,1,26,63,0.413,0.423,-0.01
2015-16,201593,Nikola Pekovic,1610612750,MIN,C,30,12,12,1,29,61,0.475,0.491,-0.016
2015-16,1627362,Briante Weber,1610612748,MIA,G,23,6,6,1,32,61,0.525,0.428,0.096
2015-16,203996,Damien Inglis,1610612749,MIL,F,21,14,14,1,25,57,0.439,0.437,0.002
2015-16,203895,Jordan McRae,1610612739,CLE,G,25,16,16,1,24,56,0.429,0.412,0.017
2015-16,203912,C.J. Wilcox,1610612746,LAC,G,25,18,18,1,18,56,0.321,0.424,-0.102
2015-16,201202,Joel Anthony,1610612765,DET,C,33,17,17,1,30,52,0.577,0.465,0.112
2015-16,203921,Cleanthony Early,1610612752,NYK,F,25,11,11,1,23,52,0.442,0.425,0.017
2015-16,2406,Caron Butler,1610612758,SAC,F,36,13,13,1,25,52,0.481,0.461,0.02
2015-16,2549,Chris Kaman,1610612757,POR,C,34,15,15,1,22,47,0.468,0.483,-0.015
2015-16,204067,Jarell Eddie,1610612764,WAS,G-F,24,15,15,1,17,45,0.378,0.421,-0.044
2015-16,203946,Cameron Bairstow,1610612765,DET,F-C,25,15,15,1,16,44,0.364,0.45,-0.086
2015-16,1627293,Alex Stepheson,1610612763,MEM,F,28,7,7,1,16,44,0.364,0.491,-0.127
2015-16,1626192,Pat Connaughton,1610612757,POR,G,23,19,19,1,13,43,0.302,0.416,-0.114
2015-16,203915,Spencer Dinwiddie,1610612741,CHI,G,23,11,11,1,19,43,0.442,0.437,0.005
2015-16,201965,Jeff Ayres,1610612746,LAC,F-C,29,15,15,1,23,43,0.535,0.432,0.103
2015-16,203111,Orlando Johnson,1610612740,NOP,G,27,6,6,1,22,39,0.564,0.46,0.104
2015-16,204002,Edy Tavares,1610612737,ATL,C,24,8,8,1,19,38,0.5,0.484,0.016
2015-16,1626210,Alan Williams,1610612756,PHX,C-F,23,7,7,1,16,37,0.432,0.463,-0.031
2015-16,202353,Tibor Pleiss,1610612762,UTA,C,26,6,6,1,16,32,0.5,0.483,0.017
2015-16,201619,Sasha Kaun,1610612739,CLE,C,31,15,15,1,11,31,0.355,0.433,-0.078
2015-16,203461,Anthony Bennett,1610612761,TOR,F,23,12,12,1,20,30,0.667,0.436,0.231
2015-16,203100,Tony Wroten,1610612752,NYK,G,23,8,8,1,17,30,0.567,0.424,0.143
2015-16,203956,Mitch McGary,1610612760,OKC,F,24,13,13,1,13,30,0.433,0.467,-0.034
2015-16,1626175,Jordan Mickey,1610612738,BOS,F,21,12,12,1,8,25,0.32,0.457,-0.137
2015-16,1626151,Aaron Harrison,1610612766,CHA,G,21,16,16,1,9,25,0.36,0.443,-0.083
2015-16,203893,Russ Smith,1610612763,MEM,G,25,8,8,1,14,24,0.583,0.438,0.145
2015-16,203928,Cory Jefferson,1610612756,PHX,F,25,5,5,1,12,23,0.522,0.489,0.033
2015-16,203268,Jorge Gutierrez,1610612766,CHA,G,27,10,10,1,8,22,0.364,0.404,-0.04
2015-16,203962,Josh Huestis,1610612760,OKC,F,24,5,5,1,10,22,0.455,0.443,0.011
2015-16,200779,Steve Novak,1610612749,MIL,F,33,8,8,1,8,20,0.4,0.428,-0.028
2015-16,203961,Eric Moreland,1610612758,SAC,F-C,24,5,5,1,8,20,0.4,0.459,-0.059
2015-16,101236,Chuck Hayes,1610612746,LAC,F-C,33,2,2,1,8,19,0.421,0.476,-0.054
2015-16,201975,Jodie Meeks,1610612765,DET,G,28,3,3,1,6,19,0.316,0.46,-0.144
2015-16,203485,Lorenzo Brown,1610612765,DET,G,25,8,8,1,11,18,0.611,0.437,0.174
2015-16,2563,Dahntay Jones,1610612739,CLE,G-F,35,1,1,1,8,18,0.444,0.397,0.047
2015-16,1626146,Cliff Alexander,1610612757,POR,F,20,6,6,1,6,16,0.375,0.511,-0.136
2015-16,203955,Bryce Cotton,1610612763,MEM,G,23,3,3,1,10,16,0.625,0.432,0.193
2015-16,101126,Nate Robinson,1610612740,NOP,G,32,2,2,1,6,15,0.4,0.485,-0.085
2015-16,203963,Shayne Whittington,1610612754,IND,F-C,25,6,6,1,6,14,0.429,0.433,-0.005
2015-16,203475,Erick Green,1610612743,DEN,G,25,6,6,1,7,14,0.5,0.417,0.083
2015-16,1626172,Kevon Looney,1610612744,GSW,F,20,5,5,1,7,14,0.5,0.425,0.075
2015-16,202343,Elliot Williams,1610612766,CHA,G,27,5,5,1,4,12,0.333,0.414,-0.08
2015-16,202726,Andrew Goudelock,1610612745,HOU,G,27,4,4,1,4,11,0.364,0.429,-0.066
2015-16,1626183,Branden Dawson,1610612746,LAC,F,23,5,5,1,7,10,0.7,0.463,0.237
2015-16,203998,Bruno Caboclo,1610612761,TOR,F,20,1,1,1,5,10,0.5,0.433,0.067
2015-16,1626242,Luis Montero,1610612757,POR,G,23,6,6,1,6,9,0.667,0.442,0.224
2015-16,202712,Justin Harper,1610612751,BKN,F-C,26,2,2,1,4,9,0.444,0.438,0.006
2015-16,1626251,Duje Dukan,1610612758,SAC,F,24,1,1,1,3,9,0.333,0.437,-0.104
2015-16,203950,Jarnell Stokes,1610612763,MEM,F-C,22,5,5,1,3,8,0.375,0.448,-0.073
2015-16,202690,Jimmer Fredette,1610612759,SAS,G,27,5,5,1,5,7,0.714,0.441,0.274
2015-16,1737,Nazr Mohammed,1610612760,OKC,C,38,4,4,1,3,7,0.429,0.41,0.019
2015-16,203925,Joe Harris,1610612739,CLE,G,24,3,3,1,5,6,0.833,0.427,0.406
2015-16,203919,Jordan Adams,1610612763,MEM,G,21,2,2,1,3,5,0.6,0.46,0.14
2015-16,203951,Keith Appling,1610612753,ORL,G,24,3,3,1,0,4,0,0.421,-0.421
2015-16,1626155,Sam Dekker,1610612745,HOU,F,22,1,1,1,1,3,0.333,0.455,-0.122
2015-16,1626266,JJ O'Brien,1610612762,UTA,F,24,1,1,1,1,2,0.5,0.339,0.161
2016-17,203497,Rudy Gobert,1610612762,UTA,C,25,81,81,1,536,1281,0.418,0.482,-0.063
2016-17,201577,Robin Lopez,1610612741,CHI,C,29,81,81,1,609,1240,0.491,0.485,0.006
2016-17,1626157,Karl-Anthony Towns,1610612750,MIN,C,21,82,82,1,586,1226,0.478,0.471,0.007
2016-17,203110,Draymond Green,1610612744,GSW,F,27,76,76,1,486,1208,0.402,0.461,-0.058
2016-17,101162,Marcin Gortat,1610612764,WAS,C,33,82,82,1,599,1173,0.511,0.481,0.03
2016-17,203476,Gorgui Dieng,1610612750,MIN,F-C,27,82,82,1,577,1156,0.499,0.473,0.026
2016-17,202684,Tristan Thompson,1610612739,CLE,C,26,78,78,1,532,1153,0.461,0.468,-0.007
2016-17,1626167,Myles Turner,1610612754,IND,C,21,80,80,1,520,1150,0.452,0.477,-0.025
2016-17,201599,DeAndre Jordan,1610612746,LAC,C,28,81,81,1,515,1133,0.455,0.478,-0.024
2016-17,204001,Kristaps Porziņģis,1610612752,NYK,F,21,66,66,1,475,1107,0.429,0.464,-0.035
2016-17,200794,Paul Millsap,1610612737,ATL,F,32,69,69,1,520,1100,0.473,0.46,0.013
2016-17,203500,Steven Adams,1610612760,OKC,C,23,80,80,1,520,1098,0.474,0.475,-0.001
2016-17,203952,Andrew Wiggins,1610612750,MIN,F,22,82,82,1,542,1097,0.494,0.457,0.037
2016-17,203076,Anthony Davis,1610612740,NOP,F-C,24,75,75,1,443,1073,0.413,0.477,-0.064
2016-17,201935,James Harden,1610612745,HOU,G,27,81,81,1,485,1066,0.455,0.45,0.005
2016-17,203077,Michael Kidd-Gilchrist,1610612766,CHA,F,23,81,81,1,476,1049,0.454,0.456,-0.003
2016-17,203999,Nikola Jokić,1610612743,DEN,F-C,22,72,72,1,555,1037,0.535,0.487,0.048
2016-17,201586,Serge Ibaka,1610612761,TOR,F,27,79,79,1,478,1017,0.47,0.467,0.003
2016-17,201572,Brook Lopez,1610612751,BKN,C,29,75,75,1,464,1011,0.459,0.478,-0.019
2016-17,202326,DeMarcus Cousins,1610612740,NOP,F-C,26,72,72,1,459,1007,0.456,0.479,-0.023
2016-17,202355,Hassan Whiteside,1610612748,MIA,C,28,77,77,1,459,999,0.459,0.484,-0.025
2016-17,201143,Al Horford,1610612738,BOS,C,31,68,68,1,464,994,0.467,0.466,0
2016-17,202699,Tobias Harris,1610612765,DET,F,24,82,82,1,454,975,0.466,0.457,0.009
2016-17,203460,Andre Roberson,1610612760,OKC,F,25,79,79,1,405,968,0.418,0.457,-0.039
2016-17,203486,Mason Plumlee,1610612743,DEN,C,27,81,81,1,469,962,0.488,0.481,0.007
2016-17,203468,CJ McCollum,1610612757,POR,G,25,80,80,1,435,949,0.458,0.439,0.019
2016-17,202696,Nikola Vučević,1610612753,ORL,C,26,75,75,1,442,949,0.466,0.48,-0.014
2016-17,203507,Giannis Antetokounmpo,1610612749,MIL,F-G,22,80,80,1,390,937,0.416,0.464,-0.047
2016-17,202689,Kemba Walker,1610612766,CHA,G,27,79,79,1,410,928,0.442,0.447,-0.006
2016-17,202693,Markieff Morris,1610612764,WAS,F,27,76,76,1,423,910,0.465,0.463,0.002
2016-17,203083,Andre Drummond,1610612765,DET,C,23,81,81,1,466,903,0.516,0.484,0.032
2016-17,203944,Julius Randle,1610612747,LAL,F,22,74,74,1,454,899,0.505,0.47,0.035
2016-17,200746,LaMarcus Aldridge,1610612759,SAS,F,31,71,71,1,365,893,0.409,0.467,-0.059
2016-17,203901,Elfrid Payton,1610612753,ORL,G,23,82,82,1,399,891,0.448,0.445,0.002
2016-17,202331,Paul George,1610612754,IND,F,27,74,74,1,392,872,0.45,0.457,-0.008
2016-17,203078,Bradley Beal,1610612764,WAS,G,24,77,77,1,391,867,0.451,0.445,0.006
2016-17,203081,Damian Lillard,1610612757,POR,G,26,75,75,1,389,858,0.453,0.441,0.012
2016-17,101107,Marvin Williams,1610612766,CHA,F,31,76,76,1,380,852,0.446,0.463,-0.017
2016-17,2544,LeBron James,1610612739,CLE,F,32,74,74,1,359,851,0.422,0.456,-0.034
2016-17,201188,Marc Gasol,1610612763,MEM,C,32,74,74,1,391,848,0.461,0.481,-0.02
2016-17,203490,Otto Porter Jr.,1610612764,WAS,F,24,80,80,1,403,844,0.477,0.453,0.024
2016-17,203458,Alex Len,1610612756,PHX,C,24,75,75,1,392,843,0.465,0.476,-0.011
2016-17,203967,Dario Saric,1610612755,PHI,F,23,81,81,1,392,839,0.467,0.457,0.01
2016-17,201152,Thaddeus Young,1610612754,IND,F,29,73,73,1,366,838,0.437,0.461,-0.025
2016-17,1626163,Frank Kaminsky,1610612766,CHA,C,24,75,75,1,389,836,0.465,0.461,0.004
2016-17,202685,Jonas Valanciunas,1610612761,TOR,C,25,79,79,1,406,836,0.486,0.485,0
2016-17,201952,Jeff Teague,1610612754,IND,G,29,81,81,1,381,829,0.46,0.446,0.013
2016-17,201163,Wilson Chandler,1610612743,DEN,F,30,70,70,1,358,827,0.433,0.46,-0.027
2016-17,202691,Klay Thompson,1610612744,GSW,G,27,78,78,1,349,823,0.424,0.449,-0.025
2016-17,1626164,Devin Booker,1610612756,PHX,G,20,76,76,1,370,822,0.45,0.445,0.005
2016-17,202687,Bismack Biyombo,1610612753,ORL,C-F,24,81,81,1,407,822,0.495,0.472,0.023
2016-17,201949,James Johnson,1610612748,MIA,F,30,76,76,1,331,818,0.405,0.453,-0.048
2016-17,201567,Kevin Love,1610612739,CLE,F,28,60,60,1,383,812,0.472,0.463,0.009
2016-17,203991,Clint Capela,1610612745,HOU,C,23,65,65,1,397,811,0.49,0.478,0.012
2016-17,201950,Jrue Holiday,1610612740,NOP,G,27,67,67,1,321,805,0.399,0.446,-0.047
2016-17,201144,Mike Conley,1610612763,MEM,G,29,69,69,1,354,803,0.441,0.45,-0.009
2016-17,202720,Jon Leuer,1610612765,DET,F,28,75,75,1,387,799,0.484,0.455,0.029
2016-17,201142,Kevin Durant,1610612744,GSW,F,28,61,61,1,313,789,0.397,0.456,-0.06
2016-17,202710,Jimmy Butler III,1610612741,CHI,F,27,76,76,1,334,787,0.424,0.457,-0.032
2016-17,203084,Harrison Barnes,1610612742,DAL,F,25,78,78,1,368,787,0.468,0.461,0.006
2016-17,203524,Solomon Hill,1610612740,NOP,F,26,80,80,1,337,781,0.431,0.454,-0.022
2016-17,201933,Blake Griffin,1610612746,LAC,F,28,61,61,1,343,780,0.44,0.465,-0.026
2016-17,203482,Kelly Olynyk,1610612738,BOS,C-F,26,75,75,1,368,777,0.474,0.459,0.015
2016-17,203471,Dennis Schröder,1610612737,ATL,G,23,79,79,1,332,771,0.431,0.445,-0.014
2016-17,101161,Amir Johnson,1610612738,BOS,F,30,80,80,1,352,770,0.457,0.48,-0.022
2016-17,201959,Taj Gibson,1610612760,OKC,F,32,78,78,1,347,765,0.454,0.466,-0.013
2016-17,101141,Ersan Ilyasova,1610612737,ATL,F,30,82,82,1,337,762,0.442,0.459,-0.017
2016-17,201937,Ricky Rubio,1610612750,MIN,G,26,75,75,1,348,759,0.458,0.453,0.006
2016-17,202397,Ish Smith,1610612765,DET,G,28,81,81,1,344,758,0.454,0.442,0.011
2016-17,203090,Maurice Harkless,1610612757,POR,F,24,77,77,1,299,753,0.397,0.458,-0.061
2016-17,202694,Marcus Morris Sr.,1610612765,DET,F,27,79,79,1,319,753,0.424,0.461,-0.038
2016-17,201976,Patrick Beverley,1610612745,HOU,G,28,67,67,1,347,752,0.461,0.447,0.015
2016-17,203496,Robert Covington,1610612755,PHI,F,26,67,67,1,321,751,0.427,0.454,-0.026
2016-17,201583,Ryan Anderson,1610612745,HOU,F,29,72,72,1,370,749,0.494,0.462,0.032
2016-17,201960,DeMarre Carroll,1610612761,TOR,F,30,71,71,1,313,745,0.42,0.458,-0.037
2016-17,2546,Carmelo Anthony,1610612752,NYK,F,33,74,74,1,324,741,0.437,0.455,-0.018
2016-17,101112,Channing Frye,1610612739,CLE,F,34,74,74,1,359,740,0.485,0.468,0.017
2016-17,202083,Wesley Matthews,1610612742,DAL,G-F,30,72,72,1,328,740,0.443,0.452,-0.009
2016-17,202322,John Wall,1610612764,WAS,G,26,78,78,1,311,738,0.421,0.445,-0.024
2016-17,203506,Victor Oladipo,1610612760,OKC,G,25,67,67,1,346,737,0.469,0.448,0.022
2016-17,2772,Trevor Ariza,1610612745,HOU,F,32,80,80,1,339,734,0.462,0.456,0.006
2016-17,2730,Dwight Howard,1610612737,ATL,C,31,74,74,1,319,732,0.436,0.482,-0.046
2016-17,204020,Tyler Johnson,1610612748,MIA,G,25,73,73,1,319,730,0.437,0.438,-0.001
2016-17,203109,Jae Crowder,1610612738,BOS,F,26,72,72,1,294,729,0.403,0.453,-0.05
2016-17,201584,Courtney Lee,1610612752,NYK,G,31,77,77,1,337,729,0.462,0.45,0.012
2016-17,203210,JaMychal Green,1610612763,MEM,F,27,77,77,1,307,727,0.422,0.46,-0.038
2016-17,202339,Eric Bledsoe,1610612756,PHX,G,27,64,64,1,362,724,0.5,0.448,0.052
2016-17,2200,Pau Gasol,1610612759,SAS,C,36,63,63,1,347,722,0.481,0.481,0
2016-17,201939,Stephen Curry,1610612744,GSW,G,29,79,79,1,318,721,0.441,0.443,-0.002
2016-17,203935,Marcus Smart,1610612738,BOS,G,23,79,79,1,310,720,0.431,0.445,-0.015
2016-17,203932,Aaron Gordon,1610612753,ORL,F,21,80,80,1,314,719,0.437,0.455,-0.019
2016-17,202681,Kyrie Irving,1610612739,CLE,G,25,72,72,1,356,716,0.497,0.447,0.05
2016-17,1626178,Rondae Hollis-Jefferson,1610612751,BKN,F,22,77,77,1,325,714,0.455,0.456,-0.001
2016-17,202328,Greg Monroe,1610612749,MIL,C,27,80,80,1,363,709,0.512,0.472,0.04
2016-17,203503,Tony Snell,1610612749,MIL,G-F,25,80,80,1,323,708,0.456,0.447,0.009
2016-17,201609,Goran Dragic,1610612748,MIA,G,31,73,73,1,313,705,0.444,0.445,-0.001
2016-17,201601,Luc Mbah a Moute,1610612746,LAC,F,30,80,80,1,295,704,0.419,0.46,-0.041
2016-17,203903,Jordan Clarkson,1610612747,LAL,G,25,82,82,1,331,703,0.471,0.444,0.027
2016-17,201587,Nicolas Batum,1610612766,CHA,G,28,77,77,1,313,699,0.448,0.45,-0.002
2016-17,202683,Enes Freedom,1610612760,OKC,C,25,72,72,1,326,698,0.467,0.472,-0.005
2016-17,202709,Cory Joseph,1610612761,TOR,G,25,79,79,1,319,698,0.457,0.44,0.017
2016-17,202329,Al-Farouq Aminu,1610612757,POR,F,26,61,61,1,311,696,0.447,0.463,-0.016
2016-17,1627742,Brandon Ingram,1610612747,LAL,F,19,78,78,1,326,693,0.47,0.45,0.02
2016-17,201568,Danilo Gallinari,1610612743,DEN,F,28,62,62,1,299,691,0.433,0.448,-0.015
2016-17,203917,Nik Stauskas,1610612755,PHI,G,23,80,80,1,327,688,0.475,0.444,0.031
2016-17,203145,Kent Bazemore,1610612737,ATL,F-G,27,73,73,1,290,687,0.422,0.447,-0.025
2016-17,202344,Trevor Booker,1610612751,BKN,F,29,70,70,1,302,685,0.441,0.462,-0.021
2016-17,203501,Tim Hardaway Jr.,1610612737,ATL,G,25,78,78,1,275,684,0.402,0.442,-0.04
2016-17,202711,Bojan Bogdanovic,1610612764,WAS,G,28,80,80,1,320,683,0.469,0.451,0.018
2016-17,201980,Danny Green,1610612759,SAS,G-F,30,67,67,1,289,680,0.425,0.455,-0.03
2016-17,201565,Derrick Rose,1610612752,NYK,G,28,64,64,1,287,674,0.426,0.447,-0.021
2016-17,201569,Eric Gordon,1610612745,HOU,G,28,75,75,1,276,670,0.412,0.447,-0.035
2016-17,202738,Isaiah Thomas,1610612738,BOS,G,28,76,76,1,308,669,0.46,0.444,0.016
2016-17,200782,P.J. Tucker,1610612761,TOR,F,32,79,79,1,301,668,0.451,0.455,-0.005
2016-17,1627734,Domantas Sabonis,1610612760,OKC,F,21,81,81,1,307,667,0.46,0.466,-0.006
2016-17,203994,Jusuf Nurkić,1610612757,POR,C,22,63,63,1,318,658,0.483,0.485,-0.001
2016-17,202695,Kawhi Leonard,1610612759,SAS,F,26,73,73,1,290,657,0.441,0.457,-0.015
2016-17,1627737,Marquese Chriss,1610612756,PHX,F,19,80,80,1,333,657,0.507,0.466,0.041
2016-17,203484,Kentavious Caldwell-Pope,1610612765,DET,G,24,76,76,1,297,652,0.456,0.448,0.008
2016-17,101135,David Lee,1610612759,SAS,F-C,34,78,78,1,286,650,0.44,0.46,-0.02
2016-17,2749,Jameer Nelson,1610612743,DEN,G,35,74,74,1,305,648,0.471,0.445,0.026
2016-17,202703,Nikola Mirotic,1610612741,CHI,F,26,70,70,1,271,648,0.418,0.452,-0.034
2016-17,204456,T.J. McConnell,1610612755,PHI,G,25,81,81,1,300,648,0.463,0.443,0.02
2016-17,1626195,Willy Hernangomez,1610612752,NYK,C,23,72,72,1,328,646,0.508,0.475,0.033
2016-17,2440,Matt Barnes,1610612744,GSW,F,37,74,74,1,303,645,0.47,0.452,0.018
2016-17,202066,Garrett Temple,1610612758,SAC,G,31,65,65,1,286,642,0.445,0.443,0.003
2016-17,2216,Zach Randolph,1610612763,MEM,F,35,73,73,1,313,642,0.488,0.47,0.018
2016-17,1627741,Buddy Hield,1610612758,SAC,G,24,81,81,1,312,637,0.49,0.446,0.044
2016-17,200755,JJ Redick,1610612746,LAC,G,33,78,78,1,308,637,0.484,0.453,0.031
2016-17,201578,Marreese Speights,1610612746,LAC,F-C,29,82,82,1,303,636,0.476,0.471,0.005
2016-17,201967,Dante Cunningham,1610612740,NOP,F,30,66,66,1,297,634,0.468,0.456,0.013
2016-17,203585,Rodney McGruder,1610612748,MIA,G,25,77,77,1,309,633,0.488,0.453,0.035
2016-17,203095,Evan Fournier,1610612753,ORL,G,24,68,68,1,276,630,0.438,0.447,-0.009
2016-17,203521,Matthew Dellavedova,1610612749,MIL,G,26,76,76,1,284,629,0.452,0.447,0.005
2016-17,202697,Iman Shumpert,1610612739,CLE,G,27,76,76,1,267,628,0.425,0.448,-0.023
2016-17,203469,Cody Zeller,1610612766,CHA,C,24,62,62,1,306,627,0.488,0.482,0.006
2016-17,2210,Richard Jefferson,1610612739,CLE,F,37,79,79,1,270,623,0.433,0.444,-0.01
2016-17,203082,Terrence Ross,1610612753,ORL,F,26,77,77,1,295,621,0.475,0.441,0.034
2016-17,101108,Chris Paul,1610612746,LAC,G,32,61,61,1,293,620,0.473,0.45,0.022
2016-17,202323,Evan Turner,1610612757,POR,G-F,28,65,65,1,272,619,0.439,0.452,-0.013
2016-17,203085,Austin Rivers,1610612746,LAC,G,24,74,74,1,277,619,0.447,0.443,0.005
2016-17,202734,E'Twaun Moore,1610612740,NOP,G,28,73,73,1,297,618,0.481,0.448,0.033
2016-17,200768,Kyle Lowry,1610612761,TOR,G,31,59,59,1,290,618,0.469,0.445,0.025
2016-17,1627763,Malcolm Brogdon,1610612749,MIL,G,24,75,75,1,283,615,0.46,0.449,0.011
2016-17,1627750,Jamal Murray,1610612743,DEN,G,20,81,81,1,263,611,0.43,0.439,-0.009
2016-17,1627785,Isaiah Whitehead,1610612751,BKN,G,22,73,73,1,265,609,0.435,0.441,-0.006
2016-17,203120,Justin Hamilton,1610612751,BKN,C,27,62,62,1,292,609,0.479,0.469,0.01
2016-17,203124,Kyle O'Quinn,1610612752,NYK,C-F,27,79,79,1,274,607,0.451,0.476,-0.025
2016-17,200757,Thabo Sefolosha,1610612737,ATL,F,33,62,62,1,278,607,0.458,0.459,-0.001
2016-17,203473,Dewayne Dedmon,1610612759,SAS,C,27,75,75,1,245,607,0.404,0.467,-0.063
2016-17,203552,Seth Curry,1610612742,DAL,G,26,69,69,1,255,603,0.423,0.448,-0.025
2016-17,1626161,Willie Cauley-Stein,1610612758,SAC,C,23,75,75,1,277,591,0.469,0.469,0
2016-17,2403,Nene,1610612745,HOU,C-F,34,67,67,1,291,590,0.493,0.467,0.026
2016-17,201566,Russell Westbrook,1610612760,OKC,G,28,80,80,1,286,589,0.486,0.452,0.033
2016-17,201145,Jeff Green,1610612753,ORL,F,30,69,69,1,265,586,0.452,0.453,-0.001
2016-17,1627827,Dorian Finney-Smith,1610612742,DAL,F,24,78,78,1,268,586,0.457,0.45,0.007
2016-17,203953,Jabari Parker,1610612749,MIL,F,22,51,51,1,270,584,0.462,0.459,0.004
2016-17,2594,Kyle Korver,1610612739,CLE,G,36,67,67,1,284,580,0.49,0.446,0.043
2016-17,101109,Raymond Felton,1610612746,LAC,G,33,80,80,1,238,580,0.41,0.438,-0.027
2016-17,202330,Gordon Hayward,1610612762,UTA,F,27,73,73,1,244,579,0.421,0.451,-0.03
2016-17,201942,DeMar DeRozan,1610612761,TOR,G,27,73,73,1,257,579,0.444,0.448,-0.004
2016-17,2738,Andre Iguodala,1610612744,GSW,G-F,33,76,76,1,241,576,0.418,0.446,-0.027
2016-17,202335,Patrick Patterson,1610612761,TOR,F,28,65,65,1,217,574,0.378,0.454,-0.076
2016-17,1626149,Montrezl Harrell,1610612745,HOU,F,23,57,57,1,262,573,0.457,0.466,-0.008
2016-17,201585,Kosta Koufos,1610612758,SAC,C,28,71,71,1,266,571,0.466,0.485,-0.019
2016-17,1626155,Sam Dekker,1610612745,HOU,F,23,77,77,1,256,570,0.449,0.45,-0.001
2016-17,204028,Tarik Black,1610612747,LAL,C-F,25,67,67,1,262,568,0.461,0.481,-0.02
2016-17,1717,Dirk Nowitzki,1610612742,DAL,F,39,53,53,1,277,567,0.489,0.476,0.012
2016-17,2585,Zaza Pachulia,1610612744,GSW,C,33,70,70,1,308,565,0.545,0.482,0.063
2016-17,201588,George Hill,1610612762,UTA,G,31,49,49,1,266,565,0.471,0.451,0.019
2016-17,2736,Luol Deng,1610612747,LAL,F,32,56,56,1,265,563,0.471,0.457,0.014
2016-17,203086,Meyers Leonard,1610612757,POR,F-C,25,73,73,1,272,561,0.485,0.475,0.01
2016-17,201954,Darren Collison,1610612758,SAC,G,29,68,68,1,241,557,0.433,0.443,-0.01
2016-17,201162,Jared Dudley,1610612756,PHX,F,31,64,64,1,243,552,0.44,0.461,-0.021
2016-17,203200,Justin Holiday,1610612752,NYK,G,28,82,82,1,253,552,0.458,0.445,0.013
2016-17,101145,Monta Ellis,1610612754,IND,G,31,73,73,1,246,551,0.446,0.441,0.005
2016-17,202340,Avery Bradley,1610612738,BOS,G,26,55,55,1,250,548,0.456,0.444,0.012
2016-17,1626143,Jahlil Okafor,1610612755,PHI,C,21,50,50,1,271,548,0.495,0.477,0.017
2016-17,203488,Mike Muscala,1610612737,ATL,F-C,25,68,68,1,245,543,0.451,0.463,-0.011
2016-17,200765,Rajon Rondo,1610612741,CHI,G,31,69,69,1,260,542,0.48,0.45,0.03
2016-17,204025,Tim Frazier,1610612740,NOP,G,26,65,65,1,227,541,0.42,0.443,-0.024
2016-17,203459,Allen Crabbe,1610612757,POR,G,25,79,79,1,242,541,0.447,0.44,0.007
2016-17,1626156,D'Angelo Russell,1610612747,LAL,G,21,62,62,1,264,541,0.488,0.453,0.035
2016-17,203924,Jerami Grant,1610612760,OKC,F,23,78,78,1,221,538,0.411,0.456,-0.046
2016-17,1626204,Larry Nance Jr.,1610612747,LAL,F,24,62,62,1,269,538,0.5,0.465,0.035
2016-17,2754,Tony Allen,1610612763,MEM,G-F,35,70,70,1,237,534,0.444,0.452,-0.008
2016-17,203943,Noah Vonleh,1610612757,POR,F,21,72,72,1,232,533,0.435,0.465,-0.03
2016-17,101150,Lou Williams,1610612745,HOU,G,30,81,81,1,244,532,0.459,0.441,0.017
2016-17,202389,Timofey Mozgov,1610612747,LAL,C,30,54,54,1,243,529,0.459,0.479,-0.02
2016-17,1626196,Josh Richardson,1610612748,MIA,G,23,53,53,1,214,528,0.405,0.44,-0.035
2016-17,201945,Gerald Henderson,1610612755,PHI,G,29,71,71,1,241,526,0.458,0.446,0.012
2016-17,203939,Dwight Powell,1610612742,DAL,F-C,25,74,74,1,260,526,0.494,0.464,0.031
2016-17,1626158,Richaun Holmes,1610612755,PHI,F,23,57,57,1,262,524,0.5,0.471,0.029
2016-17,201160,Jason Smith,1610612764,WAS,F-C,31,73,73,1,239,523,0.457,0.458,-0.001
2016-17,1626162,Kelly Oubre Jr.,1610612764,WAS,F,21,76,76,1,237,521,0.455,0.443,0.012
2016-17,2199,Tyson Chandler,1610612756,PHX,C,34,45,45,1,258,517,0.499,0.487,0.012
2016-17,203930,Sean Kilpatrick,1610612751,BKN,G,27,69,69,1,259,517,0.501,0.448,0.053
2016-17,201229,Anthony Tolliver,1610612758,SAC,F,32,64,64,1,252,514,0.49,0.457,0.033
2016-17,204060,Joe Ingles,1610612762,UTA,F,29,80,80,1,220,513,0.429,0.449,-0.02
2016-17,203933,T.J. Warren,1610612756,PHX,F,23,63,63,1,223,513,0.435,0.453,-0.019
2016-17,1713,Vince Carter,1610612763,MEM,G-F,40,73,73,1,212,512,0.414,0.451,-0.036
2016-17,202702,Kenneth Faried,1610612743,DEN,F,27,60,60,1,251,511,0.491,0.463,0.028
2016-17,2207,Joe Johnson,1610612762,UTA,F-G,36,78,78,1,215,510,0.422,0.45,-0.029
2016-17,101114,Deron Williams,1610612739,CLE,G,33,62,62,1,226,508,0.445,0.441,0.004
2016-17,203512,Lucas Nogueira,1610612761,TOR,C,24,54,54,1,232,507,0.458,0.466,-0.009
2016-17,202704,Reggie Jackson,1610612765,DET,G,27,52,52,1,239,503,0.475,0.446,0.029
2016-17,201158,Marco Belinelli,1610612766,CHA,G-F,31,74,74,1,226,502,0.45,0.439,0.011
2016-17,203093,Terrence Jones,1610612749,MIL,F,25,51,51,1,240,501,0.479,0.468,0.011
2016-17,1626245,Cristiano Felicio,1610612741,CHI,F-C,24,66,66,1,243,500,0.486,0.464,0.022
2016-17,2037,Jamal Crawford,1610612746,LAC,G,37,82,82,1,225,498,0.452,0.444,0.008
2016-17,203922,Glenn Robinson III,1610612754,IND,G-F,23,66,66,1,215,496,0.433,0.445,-0.011
2016-17,203089,John Henson,1610612749,MIL,C-F,26,58,58,1,241,495,0.487,0.48,0.007
2016-17,203382,Aron Baynes,1610612765,DET,C-F,30,74,74,1,208,495,0.42,0.475,-0.055
2016-17,202324,Derrick Favors,1610612762,UTA,F-C,25,50,50,1,230,494,0.466,0.471,-0.005
2016-17,201988,Patty Mills,1610612759,SAS,G,28,80,80,1,229,484,0.473,0.444,0.029
2016-17,203926,Doug McDermott,1610612760,OKC,F,25,65,65,1,235,484,0.486,0.446,0.04
2016-17,203079,Dion Waiters,1610612748,MIA,G,25,46,46,1,199,483,0.412,0.448,-0.036
2016-17,202357,Nemanja Bjelica,1610612750,MIN,F,29,63,63,1,214,481,0.445,0.456,-0.011
2016-17,203457,Nerlens Noel,1610612742,DAL,F-C,23,51,51,1,235,477,0.493,0.486,0.007
2016-17,1626150,Andrew Harrison,1610612763,MEM,G,22,68,68,1,200,476,0.42,0.435,-0.015
2016-17,203115,Will Barton,1610612743,DEN,G-F,26,59,59,1,237,476,0.498,0.445,0.053
2016-17,201943,Brandon Jennings,1610612764,WAS,G,27,81,81,1,221,475,0.465,0.442,0.023
2016-17,201973,Jonas Jerebko,1610612738,BOS,F,30,78,78,1,218,470,0.464,0.454,0.01
2016-17,201149,Joakim Noah,1610612752,NYK,C,32,46,46,1,235,468,0.502,0.483,0.019
2016-17,201951,Ty Lawson,1610612758,SAC,G,29,69,69,1,222,464,0.478,0.439,0.04
2016-17,2561,David West,1610612744,GSW,F,36,68,68,1,197,458,0.43,0.466,-0.036
2016-17,101139,CJ Miles,1610612754,IND,F-G,30,75,75,1,195,457,0.427,0.44,-0.014
2016-17,2564,Boris Diaw,1610612762,UTA,C-F,35,72,72,1,220,455,0.484,0.462,0.022
2016-17,203516,James Ennis III,1610612763,MEM,F,26,63,63,1,199,454,0.438,0.455,-0.017
2016-17,2548,Dwyane Wade,1610612741,CHI,G,35,60,60,1,205,453,0.453,0.452,0.001
2016-17,201571,D.J. Augustin,1610612753,ORL,G,29,78,78,1,211,453,0.466,0.436,0.03
2016-17,203957,Dante Exum,1610612762,UTA,G,21,65,65,1,187,449,0.416,0.445,-0.029
2016-17,204038,Langston Galloway,1610612758,SAC,G,25,72,72,1,187,448,0.417,0.438,-0.02
2016-17,201156,Nick Young,1610612747,LAL,G-F,32,60,60,1,229,448,0.511,0.448,0.064
2016-17,201167,Arron Afflalo,1610612758,SAC,G,31,61,61,1,223,442,0.505,0.453,0.051
2016-17,203915,Spencer Dinwiddie,1610612751,BKN,G,24,57,57,1,203,440,0.461,0.44,0.021
2016-17,203914,Gary Harris,1610612743,DEN,G,22,55,55,1,226,439,0.515,0.446,0.069
2016-17,202337,Luke Babbitt,1610612748,MIA,F,28,65,65,1,202,436,0.463,0.46,0.003
2016-17,1626144,Emmanuel Mudiay,1610612743,DEN,G,21,53,53,1,223,435,0.513,0.443,0.07
2016-17,1627739,Kris Dunn,1610612750,MIN,G,23,78,78,1,203,431,0.471,0.444,0.027
2016-17,1626168,Trey Lyles,1610612762,UTA,F,21,70,70,1,196,430,0.456,0.457,-0.001
2016-17,1626171,Bobby Portis Jr.,1610612741,CHI,F,22,63,63,1,193,428,0.451,0.457,-0.006
2016-17,2225,Tony Parker,1610612759,SAS,G,35,62,62,1,212,427,0.496,0.444,0.052
2016-17,201961,Wayne Ellington,1610612748,MIA,G,29,62,62,1,195,425,0.459,0.441,0.017
2016-17,203087,Jeremy Lamb,1610612766,CHA,G,25,61,61,1,202,418,0.483,0.442,0.041
2016-17,203918,Rodney Hood,1610612762,UTA,G,24,59,59,1,196,415,0.472,0.447,0.025
2016-17,1627759,Jaylen Brown,1610612738,BOS,F,20,77,77,1,167,413,0.404,0.447,-0.043
2016-17,203186,Willie Reed,1610612748,MIA,F-C,27,70,70,1,200,413,0.484,0.473,0.012
2016-17,203925,Joe Harris,1610612751,BKN,F-G,25,51,51,1,193,412,0.468,0.45,0.018
2016-17,203954,Joel Embiid,1610612755,PHI,C,23,31,31,1,169,411,0.411,0.478,-0.067
2016-17,202714,Shelvin Mack,1610612762,UTA,G,27,54,54,1,184,410,0.449,0.448,0.001
2016-17,1891,Jason Terry,1610612749,MIL,G,39,74,74,1,157,408,0.385,0.436,-0.052
2016-17,203141,Mirza Teletovic,1610612749,MIL,F,31,70,70,1,190,403,0.471,0.453,0.019
2016-17,201580,JaVale McGee,1610612744,GSW,C,29,76,76,1,180,403,0.447,0.466,-0.02
2016-17,203897,Zach LaVine,1610612750,MIN,G,22,47,47,1,184,403,0.457,0.446,0.011
2016-17,1627783,Pascal Siakam,1610612761,TOR,F,23,53,53,1,196,402,0.488,0.459,0.029
2016-17,1626257,Salah Mejri,1610612742,DAL,C,31,69,69,1,202,395,0.511,0.481,0.03
2016-17,1626181,Norman Powell,1610612761,TOR,G,24,69,69,1,187,393,0.476,0.443,0.032
2016-17,203463,Ben McLemore,1610612758,SAC,G,24,59,59,1,181,389,0.465,0.442,0.023
2016-17,1627789,Timothe Luwawu-Cabarrot,1610612755,PHI,G-F,22,68,68,1,165,386,0.427,0.444,-0.016
2016-17,203584,Troy Daniels,1610612763,MEM,G,25,65,65,1,168,383,0.439,0.438,0.001
2016-17,1626147,Justin Anderson,1610612755,PHI,G-F,23,66,66,1,171,382,0.448,0.448,-0.001
2016-17,2733,Shaun Livingston,1610612744,GSW,G,31,76,76,1,163,378,0.431,0.437,-0.006
2016-17,201147,Corey Brewer,1610612747,LAL,F,31,82,82,1,171,378,0.452,0.445,0.007
2016-17,1627747,Caris LeVert,1610612751,BKN,G-F,22,56,56,1,174,376,0.463,0.448,0.015
2016-17,203613,Jonathon Simmons,1610612759,SAS,G-F,27,74,74,1,167,375,0.445,0.446,-0.001
2016-17,1627752,Taurean Prince,1610612737,ATL,F,23,57,57,1,175,375,0.467,0.448,0.018
2016-17,202688,Brandon Knight,1610612756,PHX,G,25,53,53,1,169,374,0.452,0.442,0.01
2016-17,1626210,Alan Williams,1610612756,PHX,F-C,24,40,40,1,165,373,0.442,0.472,-0.03
2016-17,200751,Randy Foye,1610612751,BKN,G,33,67,67,1,165,372,0.444,0.446,-0.002
2016-17,1626179,Terry Rozier,1610612738,BOS,G,23,72,72,1,171,370,0.462,0.435,0.027
2016-17,1627826,Ivica Zubac,1610612747,LAL,C,20,36,36,1,184,365,0.504,0.489,0.016
2016-17,202391,Jeremy Lin,1610612751,BKN,G,28,35,35,1,153,364,0.42,0.449,-0.028
2016-17,201150,Spencer Hawes,1610612749,MIL,F-C,29,50,50,1,174,363,0.479,0.463,0.016
2016-17,1626169,Stanley Johnson,1610612765,DET,F,21,71,71,1,153,362,0.423,0.438,-0.015
2016-17,1627098,Malcolm Delaney,1610612737,ATL,G,28,70,70,1,174,359,0.485,0.442,0.043
2016-17,201563,Michael Beasley,1610612749,MIL,F,28,55,55,1,166,352,0.472,0.452,0.02
2016-17,203530,Joffrey Lauvergne,1610612741,CHI,C-F,25,66,66,1,167,352,0.474,0.462,0.013
2016-17,202730,Lavoy Allen,1610612754,IND,F-C,28,57,57,1,156,351,0.444,0.46,-0.015
2016-17,1626170,Jerian Grant,1610612741,CHI,G,24,60,60,1,155,351,0.442,0.447,-0.005
2016-17,2744,Al Jefferson,1610612754,IND,C,32,63,63,1,173,344,0.503,0.473,0.03
2016-17,1627812,Yogi Ferrell,1610612742,DAL,G,24,46,46,1,169,342,0.494,0.441,0.053
2016-17,1627775,Patrick McCaw,1610612744,GSW,G,21,65,65,1,170,341,0.499,0.449,0.05
2016-17,2747,JR Smith,1610612739,CLE,G,31,41,41,1,151,341,0.443,0.444,-0.002
2016-17,200771,Sergio Rodriguez,1610612755,PHI,G,31,68,68,1,171,341,0.501,0.434,0.068
2016-17,1627823,Juancho Hernangomez,1610612743,DEN,F,21,54,54,1,160,338,0.473,0.454,0.019
2016-17,202722,Davis Bertans,1610612759,SAS,F,24,57,57,1,154,334,0.461,0.449,0.012
2016-17,203498,Shabazz Muhammad,1610612750,MIN,F,24,77,77,1,159,332,0.479,0.445,0.034
2016-17,202325,Wesley Johnson,1610612746,LAC,F,29,65,65,1,150,332,0.452,0.443,0.009
2016-17,200752,Rudy Gay,1610612758,SAC,F,30,30,30,1,145,327,0.443,0.459,-0.016
2016-17,1626209,Mario Hezonja,1610612753,ORL,G-F,22,59,59,1,146,321,0.455,0.442,0.013
2016-17,1627835,Paul Zipser,1610612741,CHI,F,23,41,41,1,149,320,0.466,0.447,0.019
2016-17,203518,Alex Abrines,1610612760,OKC,G-F,23,65,65,1,160,317,0.505,0.441,0.064
2016-17,203937,Kyle Anderson,1610612759,SAS,G-F,23,61,61,1,126,314,0.401,0.447,-0.045
2016-17,203546,Ian Clark,1610612744,GSW,G,26,72,72,1,139,312,0.446,0.438,0.007
2016-17,1938,Manu Ginobili,1610612759,SAS,G,39,67,67,1,137,306,0.448,0.448,0
2016-17,1627756,Denzel Valentine,1610612741,CHI,G,23,55,55,1,127,304,0.418,0.437,-0.019
2016-17,2734,Devin Harris,1610612742,DAL,G,34,63,63,1,134,304,0.441,0.447,-0.006
2016-17,201575,Brandon Rush,1610612750,MIN,G-F,31,43,43,1,122,300,0.407,0.447,-0.04
2016-17,1627755,Tyler Ulis,1610612756,PHX,G,21,54,54,1,143,298,0.48,0.441,0.039
2016-17,202334,Ed Davis,1610612757,POR,F,28,44,44,1,150,296,0.507,0.469,0.038
2016-17,1627758,Ron Baker,1610612752,NYK,G,24,48,48,1,125,294,0.425,0.447,-0.021
2016-17,203902,Semaj Christon,1610612760,OKC,G,24,61,61,1,142,294,0.483,0.433,0.05
2016-17,201166,Aaron Brooks,1610612754,IND,G,32,61,61,1,135,293,0.461,0.434,0.027
2016-17,201579,Roy Hibbert,1610612743,DEN,C,30,46,46,1,130,293,0.444,0.464,-0.02
2016-17,1627748,Thon Maker,1610612749,MIL,F-C,20,51,51,1,141,287,0.491,0.486,0.005
2016-17,1627746,Skal Labissiere,1610612758,SAC,F-C,21,30,30,1,130,285,0.456,0.468,-0.011
2016-17,201582,Alexis Ajinca,1610612740,NOP,C,29,39,39,1,133,280,0.475,0.476,-0.001
2016-17,1627851,Mindaugas Kuzminskas,1610612752,NYK,F,27,64,64,1,147,280,0.525,0.443,0.082
2016-17,101133,Ian Mahinmi,1610612764,WAS,C,30,31,31,1,133,279,0.477,0.465,0.012
2016-17,201589,Darrell Arthur,1610612743,DEN,F,29,40,40,1,122,275,0.444,0.453,-0.009
2016-17,203487,Michael Carter-Williams,1610612741,CHI,G,25,44,44,1,112,274,0.409,0.445,-0.036
2016-17,2399,Mike Dunleavy,1610612737,ATL,G-F,36,53,53,1,110,274,0.401,0.434,-0.032
2016-17,201228,C.J. Watson,1610612753,ORL,G,33,56,56,1,125,270,0.463,0.437,0.026
2016-17,202498,Lance Thomas,1610612752,NYK,F,29,45,45,1,108,269,0.401,0.452,-0.051
2016-17,2743,Kris Humphries,1610612737,ATL,F,32,51,51,1,121,268,0.451,0.466,-0.015
2016-17,202332,Cole Aldrich,1610612750,MIN,C,28,58,58,1,134,266,0.504,0.474,0.03
2016-17,202682,Derrick Williams,1610612739,CLE,F,26,46,46,1,127,264,0.481,0.453,0.028
2016-17,203481,Jeff Withey,1610612762,UTA,C,27,46,46,1,136,263,0.517,0.482,0.035
2016-17,203114,Khris Middleton,1610612749,MIL,G-F,25,29,29,1,113,262,0.431,0.45,-0.018
2016-17,1627733,Dragan Bender,1610612756,PHX,F,19,39,39,1,117,253,0.462,0.458,0.005
2016-17,203092,Tyler Zeller,1610612738,BOS,C,27,47,47,1,111,250,0.444,0.471,-0.027
2016-17,201936,Tyreke Evans,1610612758,SAC,G-F,27,40,40,1,115,247,0.466,0.441,0.025
2016-17,203107,Tomas Satoransky,1610612764,WAS,G-F,25,54,54,1,103,246,0.419,0.433,-0.014
2016-17,202732,DeAndre Liggins,1610612742,DAL,G,29,49,49,1,116,245,0.473,0.438,0.036
2016-17,201975,Jodie Meeks,1610612753,ORL,G,29,36,36,1,110,239,0.46,0.443,0.017
2016-17,203949,James Michael McAdoo,1610612744,GSW,F,24,47,47,1,103,238,0.433,0.443,-0.011
2016-17,202338,Kevin Seraphin,1610612754,IND,F-C,27,43,43,1,106,237,0.447,0.476,-0.029
2016-17,1626159,Justise Winslow,1610612748,MIA,F,21,18,18,1,114,236,0.483,0.456,0.027
2016-17,202700,Donatas Motiejunas,1610612740,NOP,F-C,26,34,34,1,109,233,0.468,0.468,0
2016-17,1627751,Jakob Poeltl,1610612761,TOR,C,21,48,48,1,114,233,0.489,0.473,0.017
2016-17,201196,Ramon Sessions,1610612766,CHA,G,31,50,50,1,98,233,0.421,0.431,-0.011
2016-17,1626172,Kevon Looney,1610612744,GSW,F,21,50,50,1,89,228,0.39,0.446,-0.056
2016-17,203138,Hollis Thompson,1610612740,NOP,F,26,40,40,1,99,225,0.44,0.45,-0.01
2016-17,203112,Quincy Acy,1610612751,BKN,F,26,36,36,1,98,224,0.438,0.457,-0.02
2016-17,203080,Thomas Robinson,1610612747,LAL,F,26,45,45,1,120,221,0.543,0.468,0.075
2016-17,203101,Miles Plumlee,1610612766,CHA,C,28,41,41,1,95,218,0.436,0.475,-0.04
2016-17,201956,Omri Casspi,1610612750,MIN,F,29,35,35,1,111,217,0.512,0.449,0.063
2016-17,201600,Omer Asik,1610612740,NOP,C,30,31,31,1,114,216,0.528,0.487,0.041
2016-17,101106,Andrew Bogut,1610612739,CLE,C,32,27,27,1,101,214,0.472,0.483,-0.011
2016-17,101138,Brandon Bass,1610612746,LAC,F,32,48,48,1,101,210,0.481,0.456,0.025
2016-17,2571,Leandro Barbosa,1610612756,PHX,G,34,58,58,1,99,205,0.483,0.44,0.043
2016-17,200826,J.J. Barea,1610612742,DAL,G,33,34,34,1,86,204,0.422,0.445,-0.024
2016-17,1626185,Jarell Martin,1610612763,MEM,F,23,41,41,1,90,203,0.443,0.448,-0.004
2016-17,203504,Trey Burke,1610612764,WAS,G,24,53,53,1,92,195,0.472,0.43,0.041
2016-17,1626145,Tyus Jones,1610612750,MIN,G,21,49,49,1,86,194,0.443,0.432,0.012
2016-17,201155,Rodney Stuckey,1610612754,IND,G,31,38,38,1,75,187,0.401,0.441,-0.04
2016-17,1627786,Troy Williams,1610612745,HOU,F,22,25,25,1,76,187,0.406,0.438,-0.032
2016-17,1627884,Derrick Jones Jr.,1610612756,PHX,F,20,29,29,1,80,187,0.428,0.447,-0.019
2016-17,203898,Tyler Ennis,1610612747,LAL,G,22,44,44,1,81,185,0.438,0.452,-0.014
2016-17,1627855,Okaro White,1610612748,MIA,F,24,32,32,1,84,183,0.459,0.448,0.011
2016-17,101181,Jose Calderon,1610612737,ATL,G,35,37,37,1,92,182,0.505,0.451,0.054
2016-17,101123,Gerald Green,1610612738,BOS,F,31,43,43,1,84,181,0.464,0.442,0.022
2016-17,202692,Alec Burks,1610612762,UTA,G,25,40,40,1,74,180,0.411,0.443,-0.032
2016-17,203477,Isaiah Canaan,1610612741,CHI,G,26,33,33,1,80,178,0.449,0.439,0.01
2016-17,2449,Luis Scola,1610612751,BKN,F,37,34,34,1,88,176,0.5,0.477,0.023
2016-17,202718,Chandler Parsons,1610612763,MEM,F,28,34,34,1,82,174,0.471,0.454,0.018
2016-17,2757,Beno Udrih,1610612765,DET,G,34,35,35,1,82,174,0.471,0.427,0.044
2016-17,201148,Brandan Wright,1610612763,MEM,F,29,26,26,1,73,174,0.42,0.463,-0.044
2016-17,1628021,David Nwaba,1610612747,LAL,G,24,19,19,1,70,161,0.435,0.449,-0.014
2016-17,203909,KJ McDaniels,1610612751,BKN,G-F,24,40,40,1,56,159,0.352,0.436,-0.084
2016-17,201627,Anthony Morrow,1610612741,CHI,G,31,40,40,1,72,158,0.456,0.444,0.012
2016-17,203526,Raul Neto,1610612762,UTA,G,25,32,32,1,62,154,0.403,0.443,-0.04
2016-17,1627834,Georgios Papagiannis,1610612758,SAC,C,19,21,21,1,75,153,0.49,0.488,0.002
2016-17,203094,Andrew Nicholson,1610612751,BKN,F,27,37,37,1,73,153,0.477,0.461,0.017
2016-17,1627852,Nicolas Brussino,1610612742,DAL,F,24,40,40,1,80,152,0.526,0.446,0.08
2016-17,201977,Marcus Thornton,1610612764,WAS,G-F,30,33,33,1,64,148,0.432,0.434,-0.001
2016-17,1626166,Cameron Payne,1610612741,CHI,G,22,30,30,1,67,146,0.459,0.447,0.012
2016-17,201177,Josh McRoberts,1610612748,MIA,F,30,22,22,1,79,145,0.545,0.472,0.073
2016-17,1627735,Wade Baldwin IV,1610612763,MEM,G,21,29,29,1,70,144,0.486,0.429,0.057
2016-17,1626173,Rashad Vaughn,1610612749,MIL,G,20,34,34,1,69,143,0.483,0.446,0.037
2016-17,1626153,Delon Wright,1610612761,TOR,G,25,26,26,1,56,139,0.403,0.434,-0.031
2016-17,203493,Reggie Bullock Jr.,1610612765,DET,F,26,27,27,1,56,139,0.403,0.423,-0.02
2016-17,203895,Jordan McRae,1610612739,CLE,G,26,31,31,1,65,136,0.478,0.431,0.047
2016-17,203894,Shabazz Napier,1610612757,POR,G,25,40,40,1,65,132,0.492,0.432,0.061
2016-17,1627848,Shawn Long,1610612755,PHI,F,24,17,17,1,62,129,0.481,0.458,0.023
2016-17,2756,Sasha Vujacic,1610612752,NYK,G,33,32,32,1,63,128,0.492,0.437,0.055
2016-17,202713,Kyle Singler,1610612760,OKC,F,29,28,28,1,57,127,0.449,0.448,0.001
2016-17,203148,Brian Roberts,1610612766,CHA,G,31,39,39,1,58,127,0.457,0.429,0.028
2016-17,202348,Jordan Crawford,1610612740,NOP,G,28,19,19,1,63,126,0.5,0.451,0.049
2016-17,1626246,Boban Marjanovic,1610612765,DET,C,28,29,29,1,54,126,0.429,0.479,-0.05
2016-17,1718,Paul Pierce,1610612746,LAC,F,39,25,25,1,52,124,0.419,0.45,-0.031
2016-17,1626184,Chasson Randle,1610612752,NYK,G,24,24,24,1,59,123,0.48,0.446,0.034
2016-17,1627770,Kay Felder,1610612739,CLE,G,22,35,35,1,55,123,0.447,0.407,0.041
2016-17,2592,James Jones,1610612739,CLE,G-F,36,36,36,1,60,122,0.492,0.448,0.043
2016-17,1627761,DeAndre' Bembry,1610612737,ATL,F-G,22,30,30,1,48,120,0.4,0.442,-0.042
2016-17,1626192,Pat Connaughton,1610612757,POR,G-F,24,32,32,1,53,117,0.453,0.45,0.003
2016-17,1626199,Darrun Hilliard,1610612765,DET,G-F,24,28,28,1,50,115,0.435,0.425,0.01
2016-17,1626254,Maurice Ndour,1610612752,NYK,F,25,25,25,1,40,112,0.357,0.461,-0.104
2016-17,1626176,Rakeem Christmas,1610612754,IND,F,25,20,20,1,53,108,0.491,0.475,0.015
2016-17,1627749,Dejounte Murray,1610612759,SAS,G,20,30,30,1,48,107,0.449,0.441,0.007
2016-17,101187,Alan Anderson,1610612746,LAC,F-G,34,29,29,1,51,104,0.49,0.434,0.056
2016-17,201962,Toney Douglas,1610612763,MEM,G,31,22,22,1,49,102,0.48,0.444,0.037
2016-17,1627815,Sheldon Mac,1610612764,WAS,G-F,24,22,22,1,51,101,0.505,0.432,0.073
2016-17,204014,Damjan Rudez,1610612753,ORL,F,31,34,34,1,55,101,0.545,0.447,0.097
2016-17,1627767,Cheick Diallo,1610612740,NOP,F,20,15,15,1,49,97,0.505,0.455,0.051
2016-17,203461,Anthony Bennett,1610612751,BKN,F,24,19,19,1,48,95,0.505,0.444,0.061
2016-17,1627738,Deyonta Davis,1610612763,MEM,F,20,27,27,1,36,95,0.379,0.468,-0.089
2016-17,1627850,Marshall Plumlee,1610612752,NYK,C,24,15,15,1,47,93,0.505,0.47,0.035
2016-17,1626273,Marcelo Huertas,1610612747,LAL,G,34,22,22,1,48,88,0.545,0.441,0.104
2016-17,202362,Lance Stephenson,1610612754,IND,G,26,17,17,1,32,86,0.372,0.45,-0.078
2016-17,203462,Archie Goodwin,1610612751,BKN,G,22,15,15,1,39,84,0.464,0.416,0.049
2016-17,1627832,Fred VanVleet,1610612761,TOR,G,23,20,20,1,33,75,0.44,0.431,0.009
2016-17,1626780,Jonathan Gibson,1610612742,DAL,G,29,15,15,1,39,75,0.52,0.43,0.09
2016-17,1627854,Bryn Forbes,1610612759,SAS,G,23,22,22,1,36,73,0.493,0.446,0.048
2016-17,203923,James Young,1610612738,BOS,G-F,21,23,23,1,30,71,0.423,0.441,-0.018
2016-17,1627782,Wayne Selden,1610612763,MEM,G,22,12,12,1,30,71,0.423,0.436,-0.014
2016-17,1627781,Malachi Richardson,1610612758,SAC,G,21,20,20,1,32,71,0.451,0.442,0.009
2016-17,1627879,Nicolas Laprovittola,1610612759,SAS,G,27,16,16,1,33,70,0.471,0.444,0.027
2016-17,203118,Mike Scott,1610612737,ATL,F,28,17,17,1,29,70,0.414,0.438,-0.024
2016-17,1627774,Jake Layman,1610612757,POR,F,23,28,28,1,30,67,0.448,0.451,-0.003
2016-17,1626175,Jordan Mickey,1610612738,BOS,F,22,17,17,1,37,66,0.561,0.453,0.107
2016-17,1626203,Treveon Graham,1610612766,CHA,G-F,23,23,23,1,28,65,0.431,0.437,-0.007
2016-17,1627773,AJ Hammons,1610612742,DAL,C,24,17,17,1,30,63,0.476,0.481,-0.004
2016-17,1897,Metta World Peace,1610612747,LAL,F,37,18,18,1,35,62,0.565,0.467,0.098
2016-17,1627740,Henry Ellenson,1610612765,DET,F,20,17,17,1,28,62,0.452,0.428,0.024
2016-17,1627362,Briante Weber,1610612766,CHA,G,24,17,17,1,35,62,0.565,0.427,0.138
2016-17,1626148,Anthony Brown,1610612753,ORL,F,24,11,11,1,24,61,0.393,0.429,-0.035
2016-17,203940,Adreian Payne,1610612750,MIN,F,26,17,17,1,25,57,0.439,0.449,-0.01
2016-17,1627757,Stephen Zimmerman,1610612753,ORL,C,20,17,17,1,30,57,0.526,0.486,0.04
2016-17,2365,Chris Andersen,1610612739,CLE,F-C,38,12,12,1,27,57,0.474,0.476,-0.003
2016-17,203527,Ryan Kelly,1610612737,ATL,F,26,14,14,1,26,52,0.5,0.451,0.049
2016-17,2760,Anderson Varejao,1610612744,GSW,C,34,13,13,1,26,52,0.5,0.43,0.07
2016-17,2555,Nick Collison,1610612760,OKC,F,36,19,19,1,22,52,0.423,0.461,-0.038
2016-17,1627736,Malik Beasley,1610612743,DEN,G,20,14,14,1,23,52,0.442,0.439,0.004
2016-17,201202,Joel Anthony,1610612759,SAS,C,34,13,13,1,28,52,0.538,0.443,0.096
2016-17,203096,Jared Sullinger,1610612761,TOR,C-F,25,11,11,1,22,52,0.423,0.466,-0.043
2016-17,2617,Udonis Haslem,1610612748,MIA,F,37,14,14,1,24,44,0.545,0.475,0.071
2016-17,1626202,Joe Young,1610612754,IND,G,25,21,21,1,22,44,0.5,0.44,0.06
2016-17,1626188,Quinn Cook,1610612740,NOP,G,24,10,10,1,24,44,0.545,0.444,0.102
2016-17,2034,Mike Miller,1610612743,DEN,G-F,37,13,13,1,18,40,0.45,0.442,0.008
2016-17,203912,C.J. Wilcox,1610612753,ORL,G,26,19,19,1,21,40,0.525,0.431,0.094
2016-17,201168,Tiago Splitter,1610612755,PHI,C-F,32,8,8,1,20,39,0.513,0.466,0.047
2016-17,1627745,Damian Jones,1610612744,GSW,C,22,9,9,1,14,36,0.389,0.474,-0.085
2016-17,1627816,Alex Poythress,1610612755,PHI,F,23,6,6,1,16,36,0.444,0.456,-0.011
2016-17,1627784,Jarrod Uthoff,1610612742,DAL,F,24,7,7,1,20,35,0.571,0.424,0.148
2016-17,1626191,Chris McCullough,1610612764,WAS,F,22,12,12,1,13,34,0.382,0.408,-0.026
2016-17,1626174,Christian Wood,1610612766,CHA,F,21,12,12,1,13,34,0.382,0.454,-0.071
2016-17,202708,Norris Cole,1610612760,OKC,G,28,9,9,1,14,33,0.424,0.453,-0.029
2016-17,201628,Bobby Brown,1610612745,HOU,G,32,13,13,1,12,33,0.364,0.437,-0.074
2016-17,1627780,Gary Payton II,1610612749,MIL,G,24,5,5,1,17,33,0.515,0.45,0.065
2016-17,1627849,Daniel Ochefu,1610612764,WAS,F,23,10,10,1,17,32,0.531,0.481,0.05
2016-17,101179,Ronnie Price,1610612756,PHX,G,34,10,10,1,14,30,0.467,0.429,0.038
2016-17,202087,Alonzo Gee,1610612743,DEN,F,30,10,10,1,11,30,0.367,0.431,-0.065
2016-17,1627777,Georges Niang,1610612754,IND,F,24,12,12,1,12,28,0.429,0.435,-0.006
2016-17,202130,Reggie Williams,1610612740,NOP,F,30,6,6,1,15,28,0.536,0.444,0.092
2016-17,1627817,Tim Quarterman,1610612757,POR,G,22,12,12,1,8,26,0.308,0.418,-0.111
2016-17,1627778,Chinanu Onuaku,1610612745,HOU,F-C,20,5,5,1,15,26,0.577,0.484,0.093
2016-17,204067,Jarell Eddie,1610612756,PHX,G-F,25,5,5,1,12,25,0.48,0.437,0.043
2016-17,203948,Johnny O'Bryant III,1610612766,CHA,F-C,24,8,8,1,18,25,0.72,0.477,0.243
2016-17,203510,Pierre Jackson,1610612742,DAL,G,25,6,6,1,8,24,0.333,0.419,-0.085
2016-17,201941,Jordan Hill,1610612750,MIN,F-C,29,6,6,1,12,22,0.545,0.443,0.102
2016-17,1627762,Joel Bolomboy,1610612762,UTA,F,23,7,7,1,11,21,0.524,0.464,0.06
2016-17,1627787,Kyle Wiltjer,1610612745,HOU,F,24,11,11,1,11,20,0.55,0.433,0.117
2016-17,203934,Lamar Patterson,1610612737,ATL,G-F,25,5,5,1,7,20,0.35,0.462,-0.112
2016-17,204002,Edy Tavares,1610612739,CLE,C,25,2,2,1,8,19,0.421,0.455,-0.034
2016-17,202712,Justin Harper,1610612755,PHI,F,27,3,3,1,6,18,0.333,0.475,-0.142
2016-17,201573,Jerryd Bayless,1610612755,PHI,G,28,3,3,1,8,17,0.471,0.443,0.027
2016-17,1627875,Marcus Georges-Hunt,1610612753,ORL,G,23,4,4,1,11,16,0.688,0.424,0.264
2016-17,203962,Josh Huestis,1610612760,OKC,F,25,2,2,1,4,16,0.25,0.444,-0.194
2016-17,1627819,Isaiah Taylor,1610612745,HOU,G,22,4,4,1,6,15,0.4,0.418,-0.018
2016-17,1627754,Diamond Stone,1610612746,LAC,C,20,5,5,1,8,14,0.571,0.446,0.125
2016-17,203998,Bruno Caboclo,1610612761,TOR,F,21,5,5,1,2,14,0.143,0.449,-0.306
2016-17,101127,Jarrett Jack,1610612740,NOP,G,33,2,2,1,8,13,0.615,0.44,0.176
2016-17,1627771,Michael Gbinije,1610612765,DET,G-F,25,4,4,1,7,12,0.583,0.396,0.188
2016-17,1626253,Axel Toupane,1610612740,NOP,G-F,24,4,4,1,4,11,0.364,0.445,-0.082
2016-17,202349,Greivis Vasquez,1610612751,BKN,G,30,3,3,1,3,10,0.3,0.422,-0.122
2016-17,200770,Jordan Farmar,1610612758,SAC,G,30,2,2,1,6,10,0.6,0.44,0.16
2016-17,202336,Larry Sanders,1610612739,CLE,F-C,28,5,5,1,3,9,0.333,0.429,-0.095
2016-17,1627861,Mike Tobey,1610612766,CHA,C,22,2,2,1,2,9,0.222,0.444,-0.222
2016-17,202407,Elijah Millsap,1610612756,PHX,G-F,29,2,2,1,4,9,0.444,0.441,0.003
2016-17,1627744,Brice Johnson,1610612746,LAC,F,23,3,3,1,4,8,0.5,0.507,-0.007
2016-17,202620,Arinze Onuaku,1610612753,ORL,F-C,29,4,4,1,5,8,0.625,0.422,0.203
2016-17,1627868,Patricio Garino,1610612753,ORL,G-F,24,4,4,1,5,8,0.625,0.436,0.189
2016-17,202412,Manny Harris,1610612742,DAL,G,27,3,3,1,4,5,0.8,0.446,0.354
2016-17,1627743,Demetrius Jackson,1610612738,BOS,G,22,3,3,1,3,5,0.6,0.441,0.159
2016-17,1626151,Aaron Harrison,1610612766,CHA,G,22,4,4,1,3,5,0.6,0.304,0.296
2016-17,203950,Jarnell Stokes,1610612743,DEN,F-C,23,2,2,1,2,4,0.5,0.512,-0.012
2016-17,200779,Steve Novak,1610612749,MIL,F,34,4,4,1,2,4,0.5,0.487,0.013
2016-17,203098,John Jenkins,1610612756,PHX,G,26,3,3,1,3,4,0.75,0.412,0.338
2016-17,1627791,Ben Bentil,1610612742,DAL,F,22,2,2,1,3,4,0.75,0.47,0.28
2016-17,202390,Gary Neal,1610612737,ATL,G,32,2,2,1,2,3,0.667,0.459,0.208
2016-17,2563,Dahntay Jones,1610612739,CLE,G-F,36,1,1,1,1,3,0.333,0.402,-0.068
2016-17,1626154,RJ Hunter,1610612741,CHI,G,23,2,2,1,1,2,0.5,0.353,0.147
2017-18,1626157,Karl-Anthony Towns,1610612750,MIN,C,22,82,82,1,704,1473,0.478,0.48,-0.003
2017-18,203999,Nikola Jokić,1610612743,DEN,C,23,75,75,1,727,1416,0.513,0.481,0.032
2017-18,203076,Anthony Davis,1610612740,NOP,F-C,25,75,75,1,559,1374,0.407,0.468,-0.061
2017-18,203500,Steven Adams,1610612760,OKC,C,24,75,75,1,604,1301,0.464,0.482,-0.018
2017-18,203994,Jusuf Nurkić,1610612757,POR,C,23,79,79,1,607,1296,0.468,0.482,-0.013
2017-18,201950,Jrue Holiday,1610612740,NOP,G,28,81,81,1,563,1265,0.445,0.452,-0.007
2017-18,2730,Dwight Howard,1610612766,CHA,C,32,80,80,1,588,1248,0.471,0.481,-0.01
2017-18,203083,Andre Drummond,1610612765,DET,C,24,78,78,1,614,1229,0.5,0.489,0.011
2017-18,200746,LaMarcus Aldridge,1610612759,SAS,F,32,75,75,1,537,1222,0.439,0.471,-0.032
2017-18,201599,DeAndre Jordan,1610612746,LAC,C,29,77,77,1,548,1218,0.45,0.479,-0.029
2017-18,201143,Al Horford,1610612738,BOS,F-C,32,69,69,1,483,1193,0.405,0.468,-0.063
2017-18,203991,Clint Capela,1610612745,HOU,C,24,73,73,1,554,1190,0.466,0.474,-0.008
2017-18,202689,Kemba Walker,1610612766,CHA,G,28,79,79,1,525,1166,0.45,0.45,0
2017-18,201959,Taj Gibson,1610612750,MIN,F,33,82,82,1,525,1132,0.464,0.468,-0.004
2017-18,202685,Jonas Valanciunas,1610612761,TOR,C,26,77,77,1,518,1131,0.458,0.481,-0.023
2017-18,203954,Joel Embiid,1610612755,PHI,C,24,62,62,1,473,1127,0.42,0.481,-0.061
2017-18,201152,Thaddeus Young,1610612754,IND,F,30,81,81,1,518,1113,0.465,0.467,-0.002
2017-18,101162,Marcin Gortat,1610612764,WAS,C,34,82,82,1,532,1112,0.478,0.481,-0.003
2017-18,201188,Marc Gasol,1610612763,MEM,C,33,73,73,1,487,1108,0.44,0.48,-0.041
2017-18,202699,Tobias Harris,1610612746,LAC,F,25,80,80,1,515,1103,0.467,0.463,0.003
2017-18,203952,Andrew Wiggins,1610612750,MIN,F,23,82,82,1,508,1098,0.463,0.456,0.006
2017-18,203497,Rudy Gobert,1610612762,UTA,C,26,55,55,1,481,1091,0.441,0.476,-0.035
2017-18,203110,Draymond Green,1610612744,GSW,F,28,70,70,1,451,1036,0.435,0.466,-0.031
2017-18,1627733,Dragan Bender,1610612756,PHX,F,20,82,82,1,462,1036,0.446,0.465,-0.019
2017-18,1626167,Myles Turner,1610612754,IND,C,22,65,65,1,474,1029,0.461,0.484,-0.023
2017-18,201572,Brook Lopez,1610612747,LAL,C,30,74,74,1,465,1028,0.452,0.475,-0.022
2017-18,203089,John Henson,1610612749,MIL,C,27,75,75,1,500,1026,0.487,0.478,0.009
2017-18,202331,Paul George,1610612760,OKC,F,28,78,78,1,501,1014,0.494,0.464,0.03
2017-18,202324,Derrick Favors,1610612762,UTA,F-C,26,76,76,1,449,1007,0.446,0.473,-0.027
2017-18,203078,Bradley Beal,1610612764,WAS,G,25,82,82,1,468,1004,0.466,0.449,0.017
2017-18,203944,Julius Randle,1610612747,LAL,F-C,23,82,82,1,443,999,0.443,0.47,-0.027
2017-18,202683,Enes Freedom,1610612752,NYK,C,26,70,70,1,480,984,0.488,0.48,0.008
2017-18,203114,Khris Middleton,1610612749,MIL,F,26,81,81,1,466,982,0.475,0.455,0.019
2017-18,2200,Pau Gasol,1610612759,SAS,C,37,77,77,1,447,979,0.457,0.474,-0.018
2017-18,201935,James Harden,1610612745,HOU,G,28,71,71,1,459,979,0.469,0.458,0.011
2017-18,2544,LeBron James,1610612739,CLE,F-G,33,82,82,1,440,974,0.452,0.459,-0.008
2017-18,201577,Robin Lopez,1610612741,CHI,C,30,64,64,1,465,967,0.481,0.483,-0.002
2017-18,202696,Nikola Vučević,1610612753,ORL,C,27,56,56,1,453,958,0.473,0.48,-0.007
2017-18,1627732,Ben Simmons,1610612755,PHI,G-F,21,80,80,1,395,958,0.412,0.463,-0.051
2017-18,1717,Dirk Nowitzki,1610612742,DAL,C-F,40,77,77,1,449,957,0.469,0.477,-0.007
2017-18,203967,Dario Saric,1610612755,PHI,F,24,76,76,1,434,940,0.462,0.461,0.001
2017-18,202326,DeMarcus Cousins,1610612740,NOP,C,27,48,48,1,438,936,0.468,0.479,-0.011
2017-18,1628415,Dillon Brooks,1610612763,MEM,F-G,22,82,82,1,446,932,0.479,0.454,0.024
2017-18,203468,CJ McCollum,1610612757,POR,G,26,80,80,1,408,931,0.438,0.449,-0.011
2017-18,1627751,Jakob Poeltl,1610612761,TOR,C,22,82,82,1,422,926,0.456,0.474,-0.018
2017-18,200768,Kyle Lowry,1610612761,TOR,G,32,78,78,1,411,924,0.445,0.449,-0.004
2017-18,1628381,John Collins,1610612737,ATL,F-C,20,73,73,1,417,924,0.451,0.478,-0.027
2017-18,1626196,Josh Richardson,1610612748,MIA,F,24,80,80,1,403,923,0.437,0.45,-0.013
2017-18,203506,Victor Oladipo,1610612754,IND,G,26,75,75,1,413,920,0.449,0.447,0.002
2017-18,203496,Robert Covington,1610612755,PHI,F,27,79,79,1,422,917,0.46,0.457,0.003
2017-18,1627750,Jamal Murray,1610612743,DEN,G,21,81,81,1,469,917,0.511,0.449,0.063
2017-18,2546,Carmelo Anthony,1610612760,OKC,F,34,76,76,1,413,915,0.451,0.468,-0.016
2017-18,203507,Giannis Antetokounmpo,1610612749,MIL,F,23,74,74,1,377,907,0.416,0.468,-0.053
2017-18,1628386,Jarrett Allen,1610612751,BKN,C,20,70,70,1,406,890,0.456,0.479,-0.022
2017-18,1626161,Willie Cauley-Stein,1610612758,SAC,C,24,73,73,1,401,885,0.453,0.478,-0.025
2017-18,1627734,Domantas Sabonis,1610612754,IND,C-F,22,74,74,1,411,878,0.468,0.474,-0.006
2017-18,201933,Blake Griffin,1610612765,DET,F,29,58,58,1,374,876,0.427,0.466,-0.039
2017-18,1627752,Taurean Prince,1610612737,ATL,F,24,81,81,1,406,872,0.466,0.465,0.001
2017-18,203482,Kelly Olynyk,1610612748,MIA,F-C,27,75,75,1,422,869,0.486,0.467,0.019
2017-18,202329,Al-Farouq Aminu,1610612757,POR,F,27,69,69,1,379,864,0.439,0.472,-0.033
2017-18,201586,Serge Ibaka,1610612761,TOR,F-C,28,76,76,1,401,862,0.465,0.461,0.004
2017-18,201142,Kevin Durant,1610612744,GSW,F,29,68,68,1,375,861,0.436,0.46,-0.024
2017-18,1628398,Kyle Kuzma,1610612747,LAL,F,22,77,77,1,369,852,0.433,0.457,-0.024
2017-18,202711,Bojan Bogdanovic,1610612754,IND,F-G,29,80,80,1,416,849,0.49,0.456,0.034
2017-18,203484,Kentavious Caldwell-Pope,1610612747,LAL,G,25,73,73,1,428,838,0.511,0.458,0.053
2017-18,202339,Eric Bledsoe,1610612749,MIL,G,28,74,74,1,384,838,0.458,0.449,0.01
2017-18,203382,Aron Baynes,1610612738,BOS,C,31,78,78,1,365,836,0.437,0.477,-0.041
2017-18,204060,Joe Ingles,1610612762,UTA,F,30,81,81,1,389,835,0.466,0.459,0.007
2017-18,202709,Cory Joseph,1610612754,IND,G,26,82,82,1,390,835,0.467,0.445,0.022
2017-18,203084,Harrison Barnes,1610612742,DAL,F,26,77,77,1,364,832,0.438,0.461,-0.024
2017-18,200782,P.J. Tucker,1610612745,HOU,F,33,81,81,1,404,829,0.487,0.461,0.027
2017-18,202691,Klay Thompson,1610612744,GSW,G,28,73,73,1,365,828,0.441,0.452,-0.011
2017-18,203200,Justin Holiday,1610612741,CHI,G-F,29,72,72,1,372,828,0.449,0.455,-0.006
2017-18,203458,Alex Len,1610612756,PHX,C,25,69,69,1,367,820,0.448,0.481,-0.034
2017-18,203486,Mason Plumlee,1610612743,DEN,C-F,28,74,74,1,375,814,0.461,0.477,-0.016
2017-18,1626163,Frank Kaminsky,1610612766,CHA,F-C,25,79,79,1,403,814,0.495,0.456,0.039
2017-18,202693,Markieff Morris,1610612764,WAS,F,28,73,73,1,369,802,0.46,0.468,-0.008
2017-18,201566,Russell Westbrook,1610612760,OKC,G,29,78,78,1,384,794,0.484,0.459,0.025
2017-18,201960,DeMarre Carroll,1610612751,BKN,F,31,71,71,1,359,794,0.452,0.466,-0.014
2017-18,202397,Ish Smith,1610612765,DET,G,29,82,82,1,351,793,0.443,0.448,-0.006
2017-18,201937,Ricky Rubio,1610612762,UTA,G,27,76,76,1,374,791,0.473,0.45,0.023
2017-18,203115,Will Barton,1610612743,DEN,F-G,27,81,81,1,389,790,0.492,0.454,0.039
2017-18,202734,E'Twaun Moore,1610612740,NOP,F-G,29,82,82,1,368,789,0.466,0.453,0.013
2017-18,2747,JR Smith,1610612739,CLE,G-F,32,80,80,1,402,785,0.512,0.457,0.055
2017-18,203081,Damian Lillard,1610612757,POR,G,27,73,73,1,341,785,0.434,0.441,-0.007
2017-18,201145,Jeff Green,1610612739,CLE,F,31,78,78,1,356,784,0.454,0.459,-0.005
2017-18,1628378,Donovan Mitchell,1610612762,UTA,G,21,78,78,1,334,784,0.426,0.453,-0.027
2017-18,201952,Jeff Teague,1610612750,MIN,G,30,70,70,1,387,784,0.494,0.45,0.044
2017-18,1626178,Rondae Hollis-Jefferson,1610612751,BKN,F,23,66,66,1,385,779,0.494,0.467,0.027
2017-18,201567,Kevin Love,1610612739,CLE,C-F,29,59,59,1,398,775,0.514,0.478,0.036
2017-18,203915,Spencer Dinwiddie,1610612751,BKN,G,25,78,78,1,369,774,0.477,0.453,0.024
2017-18,201980,Danny Green,1610612759,SAS,G-F,31,70,70,1,353,772,0.457,0.458,-0.001
2017-18,203109,Jae Crowder,1610612762,UTA,F,27,80,80,1,353,771,0.458,0.455,0.003
2017-18,1628374,Lauri Markkanen,1610612741,CHI,F,21,68,68,1,387,769,0.503,0.463,0.04
2017-18,1627741,Buddy Hield,1610612758,SAC,G,25,80,80,1,358,762,0.47,0.444,0.026
2017-18,203490,Otto Porter Jr.,1610612764,WAS,F,25,76,76,1,358,761,0.47,0.458,0.013
2017-18,202687,Bismack Biyombo,1610612753,ORL,C,25,81,81,1,359,761,0.472,0.475,-0.003
2017-18,201163,Wilson Chandler,1610612743,DEN,F,31,74,74,1,345,760,0.454,0.46,-0.006
2017-18,204001,Kristaps Porziņģis,1610612752,NYK,F-C,22,47,47,1,325,759,0.428,0.467,-0.038
2017-18,203471,Dennis Schröder,1610612737,ATL,G,24,66,66,1,369,754,0.489,0.451,0.039
2017-18,101150,Lou Williams,1610612746,LAC,G,31,79,79,1,334,753,0.444,0.447,-0.003
2017-18,1628368,De'Aaron Fox,1610612758,SAC,G,20,72,72,1,351,753,0.466,0.441,0.025
2017-18,203124,Kyle O'Quinn,1610612752,NYK,C-F,28,76,76,1,353,751,0.47,0.479,-0.009
2017-18,202323,Evan Turner,1610612757,POR,F-G,29,79,79,1,334,750,0.445,0.454,-0.009
2017-18,1627812,Yogi Ferrell,1610612742,DAL,G,25,82,82,1,370,749,0.494,0.447,0.047
2017-18,203077,Michael Kidd-Gilchrist,1610612766,CHA,F,24,73,73,1,353,744,0.474,0.461,0.014
2017-18,202355,Hassan Whiteside,1610612748,MIA,C,29,54,54,1,348,744,0.468,0.49,-0.022
2017-18,203939,Dwight Powell,1610612742,DAL,C-F,26,78,78,1,331,741,0.447,0.461,-0.014
2017-18,201229,Anthony Tolliver,1610612765,DET,F,33,79,79,1,307,737,0.417,0.461,-0.044
2017-18,203473,Dewayne Dedmon,1610612737,ATL,C,28,61,61,1,335,736,0.455,0.477,-0.022
2017-18,101107,Marvin Williams,1610612766,CHA,F,32,77,77,1,333,734,0.454,0.467,-0.013
2017-18,1628372,Dennis Smith Jr.,1610612742,DAL,G,20,69,69,1,349,732,0.477,0.452,0.025
2017-18,1626162,Kelly Oubre Jr.,1610612764,WAS,F,22,81,81,1,356,729,0.488,0.451,0.038
2017-18,202334,Ed Davis,1610612757,POR,F-C,29,78,78,1,339,728,0.466,0.479,-0.013
2017-18,1628367,Josh Jackson,1610612756,PHX,G-F,21,77,77,1,360,723,0.498,0.455,0.043
2017-18,201949,James Johnson,1610612748,MIA,F,31,71,71,1,308,721,0.427,0.467,-0.039
2017-18,101141,Ersan Ilyasova,1610612755,PHI,F,31,69,69,1,331,717,0.462,0.463,-0.002
2017-18,204020,Tyler Johnson,1610612748,MIA,G,26,71,71,1,341,716,0.476,0.45,0.027
2017-18,203901,Elfrid Payton,1610612756,PHX,G,24,63,63,1,347,709,0.489,0.455,0.034
2017-18,203087,Jeremy Lamb,1610612766,CHA,G,26,79,79,1,320,707,0.453,0.434,0.018
2017-18,1627756,Denzel Valentine,1610612741,CHI,F,24,77,77,1,325,699,0.465,0.453,0.012
2017-18,201584,Courtney Lee,1610612752,NYK,G,32,75,75,1,332,699,0.475,0.455,0.02
2017-18,1627737,Marquese Chriss,1610612756,PHX,F,20,72,72,1,309,697,0.443,0.467,-0.024
2017-18,203476,Gorgui Dieng,1610612750,MIN,C,28,79,79,1,345,697,0.495,0.47,0.025
2017-18,203092,Tyler Zeller,1610612749,MIL,C,28,64,64,1,336,694,0.484,0.476,0.008
2017-18,1627747,Caris LeVert,1610612751,BKN,G-F,23,69,69,1,331,693,0.478,0.454,0.024
2017-18,2216,Zach Randolph,1610612758,SAC,F,36,59,59,1,360,690,0.522,0.48,0.042
2017-18,1627759,Jaylen Brown,1610612738,BOS,G-F,21,67,67,1,291,687,0.424,0.454,-0.03
2017-18,203932,Aaron Gordon,1610612753,ORL,F,22,57,57,1,298,685,0.435,0.465,-0.03
2017-18,1627748,Thon Maker,1610612749,MIL,C-F,21,71,71,1,343,685,0.501,0.484,0.017
2017-18,1627749,Dejounte Murray,1610612759,SAS,G,21,79,79,1,323,682,0.474,0.455,0.019
2017-18,203503,Tony Snell,1610612749,MIL,G,26,74,74,1,318,679,0.468,0.45,0.019
2017-18,201609,Goran Dragic,1610612748,MIA,G,32,74,74,1,284,678,0.419,0.45,-0.032
2017-18,202710,Jimmy Butler III,1610612750,MIN,G,28,59,59,1,312,677,0.461,0.461,0
2017-18,1626204,Larry Nance Jr.,1610612739,CLE,F,25,66,66,1,325,676,0.481,0.473,0.007
2017-18,202703,Nikola Mirotic,1610612740,NOP,F,27,55,55,1,295,672,0.439,0.462,-0.023
2017-18,1627742,Brandon Ingram,1610612747,LAL,F-G,20,59,59,1,287,672,0.427,0.457,-0.03
2017-18,1626179,Terry Rozier,1610612738,BOS,G,24,77,77,1,303,671,0.452,0.448,0.003
2017-18,1628366,Lonzo Ball,1610612747,LAL,G,20,52,52,1,295,669,0.441,0.456,-0.015
2017-18,201967,Dante Cunningham,1610612751,BKN,F,31,73,73,1,329,667,0.493,0.463,0.03
2017-18,203992,Bogdan Bogdanović,1610612758,SAC,G,25,78,78,1,316,665,0.475,0.452,0.023
2017-18,1626159,Justise Winslow,1610612748,MIA,F-G,22,67,67,1,285,663,0.43,0.455,-0.025
2017-18,1627783,Pascal Siakam,1610612761,TOR,F,24,81,81,1,296,662,0.447,0.459,-0.012
2017-18,1626209,Mario Hezonja,1610612753,ORL,F-G,23,73,73,1,303,660,0.459,0.454,0.005
2017-18,1628021,David Nwaba,1610612741,CHI,F,25,70,70,1,321,659,0.487,0.452,0.035
2017-18,203085,Austin Rivers,1610612746,LAC,G,25,61,61,1,307,656,0.468,0.456,0.012
2017-18,1626149,Montrezl Harrell,1610612746,LAC,F-C,24,74,74,1,287,656,0.438,0.468,-0.031
2017-18,101108,Chris Paul,1610612745,HOU,G,33,57,57,1,297,651,0.456,0.457,-0.001
2017-18,203459,Allen Crabbe,1610612751,BKN,G-F,26,73,73,1,273,650,0.42,0.452,-0.032
2017-18,203501,Tim Hardaway Jr.,1610612752,NYK,F-G,26,57,57,1,294,650,0.452,0.458,-0.006
2017-18,1626185,Jarell Martin,1610612763,MEM,F,24,72,72,1,288,647,0.445,0.459,-0.014
2017-18,201942,DeMar DeRozan,1610612761,TOR,G,28,80,80,1,289,646,0.447,0.455,-0.007
2017-18,201585,Kosta Koufos,1610612758,SAC,C,29,71,71,1,284,646,0.44,0.483,-0.044
2017-18,201988,Patty Mills,1610612759,SAS,G,29,82,82,1,305,645,0.473,0.452,0.021
2017-18,203903,Jordan Clarkson,1610612739,CLE,G,26,81,81,1,300,642,0.467,0.448,0.02
2017-18,203924,Jerami Grant,1610612760,OKC,F,24,80,80,1,285,639,0.446,0.467,-0.021
2017-18,1628369,Jayson Tatum,1610612738,BOS,F,20,77,77,1,275,636,0.432,0.455,-0.022
2017-18,203613,Jonathon Simmons,1610612753,ORL,F,28,68,68,1,307,634,0.484,0.453,0.032
2017-18,201954,Darren Collison,1610612754,IND,G,30,69,69,1,301,633,0.476,0.449,0.026
2017-18,1626164,Devin Booker,1610612756,PHX,G,21,54,54,1,304,629,0.483,0.449,0.034
2017-18,1628404,Josh Hart,1610612747,LAL,G,23,63,63,1,286,626,0.457,0.453,0.004
2017-18,2772,Trevor Ariza,1610612745,HOU,F-G,33,65,65,1,312,625,0.499,0.461,0.039
2017-18,203121,Darius Miller,1610612740,NOP,F,28,80,80,1,276,625,0.442,0.448,-0.006
2017-18,201583,Ryan Anderson,1610612745,HOU,F,30,64,64,1,270,620,0.435,0.451,-0.016
2017-18,204456,T.J. McConnell,1610612755,PHI,G,26,75,75,1,245,618,0.396,0.444,-0.047
2017-18,203925,Joe Harris,1610612751,BKN,F-G,26,77,77,1,274,613,0.447,0.449,-0.002
2017-18,1626169,Stanley Johnson,1610612765,DET,F,22,69,69,1,273,611,0.447,0.463,-0.016
2017-18,2594,Kyle Korver,1610612739,CLE,G,37,73,73,1,289,610,0.474,0.446,0.028
2017-18,101161,Amir Johnson,1610612755,PHI,C-F,31,74,74,1,260,610,0.426,0.476,-0.049
2017-18,2585,Zaza Pachulia,1610612744,GSW,C,34,69,69,1,296,610,0.485,0.478,0.007
2017-18,201563,Michael Beasley,1610612752,NYK,F,29,71,71,1,290,610,0.475,0.463,0.012
2017-18,202083,Wesley Matthews,1610612742,DAL,G-F,31,63,63,1,292,608,0.48,0.46,0.021
2017-18,201569,Eric Gordon,1610612745,HOU,G,29,68,68,1,262,604,0.434,0.451,-0.017
2017-18,203145,Kent Bazemore,1610612737,ATL,G,28,64,64,1,295,604,0.488,0.453,0.035
2017-18,203914,Gary Harris,1610612743,DEN,G,23,67,67,1,277,597,0.464,0.454,0.01
2017-18,203112,Quincy Acy,1610612751,BKN,F,27,67,67,1,279,596,0.468,0.47,-0.002
2017-18,203933,T.J. Warren,1610612756,PHX,F,24,65,65,1,251,594,0.423,0.453,-0.03
2017-18,203894,Shabazz Napier,1610612757,POR,G,26,73,73,1,266,592,0.449,0.442,0.008
2017-18,203095,Evan Fournier,1610612753,ORL,G-F,25,56,56,1,292,591,0.494,0.458,0.036
2017-18,1626170,Jerian Grant,1610612741,CHI,G,25,73,73,1,270,591,0.457,0.45,0.007
2017-18,1626171,Bobby Portis Jr.,1610612741,CHI,F,23,73,73,1,290,589,0.492,0.471,0.021
2017-18,203937,Kyle Anderson,1610612759,SAS,F,24,74,74,1,273,587,0.465,0.464,0.001
2017-18,1627739,Kris Dunn,1610612741,CHI,G,24,52,52,1,276,584,0.473,0.45,0.022
2017-18,202681,Kyrie Irving,1610612738,BOS,G,26,56,56,1,283,579,0.489,0.456,0.033
2017-18,201588,George Hill,1610612739,CLE,G,32,67,67,1,260,578,0.45,0.453,-0.003
2017-18,201961,Wayne Ellington,1610612748,MIA,G,30,76,76,1,273,578,0.472,0.445,0.027
2017-18,200755,JJ Redick,1610612755,PHI,G-F,34,69,69,1,254,576,0.441,0.452,-0.011
2017-18,203107,Tomas Satoransky,1610612764,WAS,G-F,26,70,70,1,245,576,0.425,0.445,-0.019
2017-18,101133,Ian Mahinmi,1610612764,WAS,C,31,77,77,1,274,573,0.478,0.474,0.004
2017-18,2561,David West,1610612744,GSW,F,37,73,73,1,240,572,0.42,0.467,-0.047
2017-18,1628389,Bam Adebayo,1610612748,MIA,C-F,20,67,67,1,252,572,0.441,0.474,-0.033
2017-18,202684,Tristan Thompson,1610612739,CLE,C-F,27,53,53,1,284,571,0.497,0.466,0.031
2017-18,1628467,Maxi Kleber,1610612742,DAL,F,26,67,67,1,269,570,0.472,0.463,0.009
2017-18,201571,D.J. Augustin,1610612753,ORL,G,30,74,74,1,276,569,0.485,0.445,0.04
2017-18,202357,Nemanja Bjelica,1610612750,MIN,F,30,66,66,1,249,569,0.438,0.457,-0.019
2017-18,201158,Marco Belinelli,1610612755,PHI,G-F,32,79,79,1,269,568,0.474,0.447,0.026
2017-18,201601,Luc Mbah a Moute,1610612745,HOU,F,31,60,60,1,245,568,0.431,0.46,-0.029
2017-18,2738,Andre Iguodala,1610612744,GSW,F-G,34,64,64,1,240,567,0.423,0.453,-0.03
2017-18,101127,Jarrett Jack,1610612752,NYK,G,34,61,61,1,263,565,0.465,0.452,0.013
2017-18,200794,Paul Millsap,1610612743,DEN,F,33,38,38,1,256,564,0.454,0.472,-0.018
2017-18,1628373,Frank Ntilikina,1610612752,NYK,G,19,77,77,1,250,561,0.446,0.446,0
2017-18,1627832,Fred VanVleet,1610612761,TOR,G,24,76,76,1,240,560,0.429,0.444,-0.015
2017-18,1627746,Skal Labissiere,1610612758,SAC,F-C,22,59,59,1,262,559,0.469,0.467,0.002
2017-18,1627755,Tyler Ulis,1610612756,PHX,G,22,70,70,1,287,559,0.513,0.446,0.067
2017-18,1626168,Trey Lyles,1610612743,DEN,F,22,66,66,1,249,557,0.447,0.456,-0.009
2017-18,202325,Wesley Johnson,1610612746,LAC,F-G,30,71,71,1,255,557,0.458,0.461,-0.003
2017-18,2199,Tyson Chandler,1610612756,PHX,C,35,46,46,1,253,556,0.455,0.482,-0.027
2017-18,203493,Reggie Bullock Jr.,1610612765,DET,G-F,27,61,61,1,249,555,0.449,0.45,-0.001
2017-18,1626145,Tyus Jones,1610612750,MIN,G,22,82,82,1,268,548,0.489,0.44,0.049
2017-18,200826,J.J. Barea,1610612742,DAL,G,34,69,69,1,278,547,0.508,0.444,0.064
2017-18,202066,Garrett Temple,1610612758,SAC,F-G,32,65,65,1,248,547,0.453,0.451,0.002
2017-18,203584,Troy Daniels,1610612756,PHX,G,26,77,77,1,273,545,0.501,0.448,0.053
2017-18,200765,Rajon Rondo,1610612740,NOP,G,32,64,64,1,260,543,0.479,0.449,0.03
2017-18,203488,Mike Muscala,1610612737,ATL,F-C,26,53,53,1,244,542,0.45,0.465,-0.015
2017-18,203210,JaMychal Green,1610612763,MEM,F,28,55,55,1,246,541,0.455,0.468,-0.013
2017-18,201587,Nicolas Batum,1610612766,CHA,G-F,29,64,64,1,269,538,0.5,0.454,0.046
2017-18,203101,Miles Plumlee,1610612737,ATL,C-F,29,55,55,1,240,528,0.455,0.481,-0.027
2017-18,201939,Stephen Curry,1610612744,GSW,G,30,51,51,1,252,526,0.479,0.445,0.034
2017-18,203926,Doug McDermott,1610612742,DAL,F,26,78,78,1,217,522,0.416,0.447,-0.031
2017-18,1628384,OG Anunoby,1610612761,TOR,F,20,74,74,1,231,522,0.443,0.461,-0.019
2017-18,2548,Dwyane Wade,1610612748,MIA,G,36,67,67,1,220,518,0.425,0.449,-0.024
2017-18,1626192,Pat Connaughton,1610612757,POR,G-F,25,82,82,1,209,518,0.403,0.443,-0.04
2017-18,202328,Greg Monroe,1610612738,BOS,C-F,28,50,50,1,240,514,0.467,0.477,-0.01
2017-18,203516,James Ennis III,1610612765,DET,F,27,72,72,1,229,512,0.447,0.458,-0.01
2017-18,202714,Shelvin Mack,1610612753,ORL,G,28,64,64,1,241,506,0.476,0.438,0.038
2017-18,202322,John Wall,1610612764,WAS,G,27,41,41,1,219,506,0.433,0.452,-0.019
2017-18,202344,Trevor Booker,1610612754,IND,F,30,67,67,1,227,500,0.454,0.459,-0.005
2017-18,202335,Patrick Patterson,1610612760,OKC,F,29,79,79,1,228,495,0.461,0.471,-0.011
2017-18,1628379,Luke Kennard,1610612765,DET,G,22,72,72,1,230,490,0.469,0.44,0.029
2017-18,203118,Mike Scott,1610612764,WAS,F,29,76,76,1,213,489,0.436,0.458,-0.022
2017-18,1628395,Jordan Bell,1610612744,GSW,C-F,23,56,56,1,222,487,0.456,0.463,-0.007
2017-18,1626153,Delon Wright,1610612761,TOR,G,26,69,69,1,197,486,0.405,0.444,-0.038
2017-18,1626172,Kevon Looney,1610612744,GSW,F,22,62,62,1,200,485,0.412,0.463,-0.051
2017-18,1626150,Andrew Harrison,1610612763,MEM,G,23,56,56,1,205,480,0.427,0.446,-0.019
2017-18,202694,Marcus Morris Sr.,1610612738,BOS,F,28,52,52,1,218,479,0.455,0.46,-0.005
2017-18,1627854,Bryn Forbes,1610612759,SAS,G,24,78,78,1,219,478,0.458,0.446,0.012
2017-18,202722,Davis Bertans,1610612759,SAS,C-F,25,68,68,1,195,478,0.408,0.457,-0.049
2017-18,1628414,Sindarius Thornwell,1610612746,LAC,G,23,65,65,1,215,477,0.451,0.455,-0.005
2017-18,203935,Marcus Smart,1610612738,BOS,G,24,51,51,1,209,473,0.442,0.452,-0.01
2017-18,1628380,Zach Collins,1610612757,POR,C-F,20,64,64,1,204,471,0.433,0.455,-0.022
2017-18,1628464,Daniel Theis,1610612738,BOS,F-C,26,59,59,1,198,465,0.426,0.472,-0.046
2017-18,200752,Rudy Gay,1610612759,SAS,F,31,57,57,1,208,461,0.451,0.454,-0.003
2017-18,1626245,Cristiano Felicio,1610612741,CHI,C-F,25,54,54,1,224,460,0.487,0.476,0.011
2017-18,202362,Lance Stephenson,1610612754,IND,G,27,81,81,1,210,456,0.461,0.444,0.016
2017-18,1627763,Malcolm Brogdon,1610612749,MIL,G,25,47,47,1,211,455,0.464,0.45,0.014
2017-18,201156,Nick Young,1610612744,GSW,G-F,33,80,80,1,207,450,0.46,0.442,0.018
2017-18,101109,Raymond Felton,1610612760,OKC,G,34,80,80,1,199,449,0.443,0.445,-0.002
2017-18,201936,Tyreke Evans,1610612763,MEM,G-F,28,52,52,1,190,449,0.423,0.45,-0.027
2017-18,203918,Rodney Hood,1610612739,CLE,G,25,60,60,1,220,447,0.492,0.456,0.036
2017-18,1628462,Milos Teodosic,1610612746,LAC,G,31,45,45,1,224,447,0.501,0.451,0.05
2017-18,1628382,Justin Jackson,1610612758,SAC,F,23,67,67,1,216,446,0.484,0.45,0.034
2017-18,1626156,D'Angelo Russell,1610612751,BKN,G,22,48,48,1,221,445,0.497,0.455,0.041
2017-18,2207,Joe Johnson,1610612745,HOU,G-F,37,55,55,1,190,443,0.429,0.458,-0.029
2017-18,201596,Mario Chalmers,1610612763,MEM,G,32,66,66,1,198,437,0.453,0.446,0.007
2017-18,203546,Ian Clark,1610612740,NOP,G,27,72,72,1,187,433,0.432,0.439,-0.007
2017-18,2734,Devin Harris,1610612743,DEN,G,35,71,71,1,200,426,0.469,0.448,0.022
2017-18,1627738,Deyonta Davis,1610612763,MEM,C-F,21,62,62,1,204,424,0.481,0.474,0.007
2017-18,202340,Avery Bradley,1610612746,LAC,G,27,46,46,1,205,423,0.485,0.457,0.028
2017-18,1628400,Semi Ojeleye,1610612738,BOS,F,23,67,67,1,185,422,0.438,0.453,-0.014
2017-18,1626257,Salah Mejri,1610612742,DAL,C,32,59,59,1,192,419,0.458,0.483,-0.024
2017-18,203090,Maurice Harkless,1610612757,POR,F,25,58,58,1,182,419,0.434,0.457,-0.023
2017-18,201973,Jonas Jerebko,1610612762,UTA,F,31,71,71,1,199,417,0.477,0.463,0.015
2017-18,201578,Marreese Speights,1610612753,ORL,F-C,30,50,50,1,184,414,0.444,0.467,-0.022
2017-18,1626144,Emmanuel Mudiay,1610612752,NYK,G,22,61,61,1,202,413,0.489,0.449,0.04
2017-18,202704,Reggie Jackson,1610612765,DET,G,28,45,45,1,196,413,0.475,0.455,0.019
2017-18,202327,Ekpe Udoh,1610612762,UTA,C-F,31,59,59,1,170,407,0.418,0.473,-0.055
2017-18,2733,Shaun Livingston,1610612744,GSW,G,32,70,70,1,173,402,0.43,0.445,-0.015
2017-18,203961,Eric Moreland,1610612765,DET,F-C,26,65,65,1,195,397,0.491,0.482,0.009
2017-18,202498,Lance Thomas,1610612752,NYK,F,30,68,68,1,152,395,0.385,0.465,-0.08
2017-18,1626220,Royce O'Neale,1610612762,UTA,F,25,62,62,1,161,393,0.41,0.45,-0.04
2017-18,2403,Nene,1610612745,HOU,C-F,35,52,52,1,166,388,0.428,0.461,-0.033
2017-18,203943,Noah Vonleh,1610612741,CHI,F,22,53,53,1,175,382,0.458,0.464,-0.006
2017-18,201580,JaVale McGee,1610612744,GSW,C,30,64,64,1,169,380,0.445,0.471,-0.026
2017-18,203518,Alex Abrines,1610612760,OKC,G,24,65,65,1,184,379,0.485,0.448,0.038
2017-18,203460,Andre Roberson,1610612760,OKC,G,26,37,37,1,164,375,0.437,0.457,-0.019
2017-18,1627819,Isaiah Taylor,1610612737,ATL,G,23,64,64,1,163,373,0.437,0.436,0.001
2017-18,203962,Josh Huestis,1610612760,OKC,G,26,59,59,1,153,373,0.41,0.456,-0.045
2017-18,203463,Ben McLemore,1610612763,MEM,G,25,56,56,1,177,369,0.48,0.453,0.027
2017-18,101112,Channing Frye,1610612747,LAL,F,35,51,51,1,175,365,0.479,0.461,0.019
2017-18,1626158,Richaun Holmes,1610612755,PHI,F-C,24,45,45,1,158,365,0.433,0.469,-0.037
2017-18,1627835,Paul Zipser,1610612741,CHI,F,24,51,51,1,182,361,0.504,0.461,0.043
2017-18,101181,Jose Calderon,1610612739,CLE,G,36,52,52,1,172,358,0.48,0.438,0.042
2017-18,2749,Jameer Nelson,1610612765,DET,G,36,50,50,1,148,352,0.42,0.44,-0.02
2017-18,201975,Jodie Meeks,1610612764,WAS,G,30,74,74,1,166,350,0.474,0.442,0.032
2017-18,101139,CJ Miles,1610612761,TOR,F-G,31,70,70,1,154,349,0.441,0.445,-0.004
2017-18,1628411,Wes Iwundu,1610612753,ORL,F,23,59,59,1,156,345,0.452,0.44,0.013
2017-18,2037,Jamal Crawford,1610612750,MIN,G,38,75,75,1,175,334,0.524,0.442,0.082
2017-18,1626155,Sam Dekker,1610612746,LAC,F,24,71,71,1,153,333,0.459,0.46,0
2017-18,1713,Vince Carter,1610612758,SAC,G-F,41,57,57,1,158,331,0.477,0.455,0.023
2017-18,202738,Isaiah Thomas,1610612747,LAL,G,29,32,32,1,151,326,0.463,0.456,0.007
2017-18,202337,Luke Babbitt,1610612748,MIA,F,29,46,46,1,152,325,0.468,0.449,0.019
2017-18,1938,Manu Ginobili,1610612759,SAS,G,40,63,63,1,133,323,0.412,0.452,-0.041
2017-18,1628416,Tyler Dorsey,1610612737,ATL,G,22,52,52,1,145,322,0.45,0.446,0.004
2017-18,1627820,Tyrone Wallace,1610612746,LAC,G,24,29,29,1,145,321,0.452,0.458,-0.007
2017-18,204025,Tim Frazier,1610612764,WAS,G,27,56,56,1,155,317,0.489,0.443,0.046
2017-18,201573,Jerryd Bayless,1610612755,PHI,G,29,38,38,1,137,315,0.435,0.451,-0.016
2017-18,1626203,Treveon Graham,1610612766,CHA,G-F,24,60,60,1,150,315,0.476,0.444,0.032
2017-18,1626181,Norman Powell,1610612761,TOR,F-G,25,66,66,1,141,315,0.448,0.446,0.002
2017-18,1627098,Malcolm Delaney,1610612737,ATL,G,29,51,51,1,144,309,0.466,0.445,0.021
2017-18,1627767,Cheick Diallo,1610612740,NOP,F,21,50,50,1,156,309,0.505,0.471,0.033
2017-18,203079,Dion Waiters,1610612748,MIA,G,26,29,29,1,142,309,0.46,0.455,0.005
2017-18,203487,Michael Carter-Williams,1610612766,CHA,G,26,52,52,1,143,308,0.464,0.451,0.014
2017-18,200757,Thabo Sefolosha,1610612762,UTA,F,34,37,37,1,139,304,0.457,0.463,-0.006
2017-18,1628425,Sterling Brown,1610612749,MIL,G,23,51,51,1,144,304,0.474,0.452,0.022
2017-18,101123,Gerald Green,1610612745,HOU,G-F,32,40,40,1,142,295,0.481,0.445,0.036
2017-18,203953,Jabari Parker,1610612749,MIL,F,23,31,31,1,139,291,0.478,0.464,0.014
2017-18,203920,Khem Birch,1610612753,ORL,C,25,37,37,1,132,290,0.455,0.466,-0.011
2017-18,203469,Cody Zeller,1610612766,CHA,C-F,25,32,32,1,124,286,0.434,0.471,-0.037
2017-18,1627775,Patrick McCaw,1610612744,GSW,G,22,52,52,1,144,284,0.507,0.446,0.061
2017-18,2225,Tony Parker,1610612759,SAS,G,36,55,55,1,132,281,0.47,0.451,0.018
2017-18,1628412,Frank Mason III,1610612758,SAC,G,24,50,50,1,139,281,0.495,0.445,0.05
2017-18,2744,Al Jefferson,1610612754,IND,C,33,36,36,1,148,279,0.53,0.476,0.055
2017-18,1626195,Willy Hernangomez,1610612766,CHA,C,24,46,46,1,136,277,0.491,0.473,0.018
2017-18,204028,Tarik Black,1610612745,HOU,F-C,26,49,49,1,118,273,0.432,0.466,-0.034
2017-18,204038,Langston Galloway,1610612765,DET,G,26,53,53,1,117,272,0.43,0.444,-0.014
2017-18,203499,Shane Larkin,1610612738,BOS,G,25,50,50,1,131,269,0.487,0.442,0.045
2017-18,201956,Omri Casspi,1610612744,GSW,F,30,52,52,1,107,267,0.401,0.447,-0.046
2017-18,1628390,Terrance Ferguson,1610612760,OKC,G,20,53,53,1,120,266,0.451,0.446,0.005
2017-18,202692,Alec Burks,1610612762,UTA,G,26,60,60,1,135,264,0.511,0.44,0.072
2017-18,201162,Jared Dudley,1610612756,PHX,F,32,45,45,1,133,263,0.506,0.46,0.045
2017-18,201147,Corey Brewer,1610612760,OKC,F,32,52,52,1,127,262,0.485,0.448,0.037
2017-18,1627789,Timothe Luwawu-Cabarrot,1610612755,PHI,G-F,23,49,49,1,108,262,0.412,0.445,-0.033
2017-18,201568,Danilo Gallinari,1610612746,LAC,F,29,21,21,1,116,261,0.444,0.458,-0.014
2017-18,203512,Lucas Nogueira,1610612761,TOR,C,25,45,45,1,126,261,0.483,0.47,0.012
2017-18,1627826,Ivica Zubac,1610612747,LAL,C,21,38,38,1,111,260,0.427,0.481,-0.054
2017-18,1628370,Malik Monk,1610612766,CHA,G,20,56,56,1,138,258,0.535,0.44,0.094
2017-18,1628455,Mike James,1610612740,NOP,G,27,36,36,1,122,257,0.475,0.447,0.027
2017-18,203530,Joffrey Lauvergne,1610612759,SAS,C,26,49,49,1,141,253,0.557,0.479,0.078
2017-18,1626224,Cedi Osman,1610612739,CLE,F-G,23,49,49,1,112,251,0.446,0.45,-0.003
2017-18,1628397,Ivan Rabb,1610612763,MEM,F,21,31,31,1,128,251,0.51,0.466,0.044
2017-18,203898,Tyler Ennis,1610612747,LAL,G,23,47,47,1,111,250,0.444,0.447,-0.003
2017-18,1628470,Torrey Craig,1610612743,DEN,G-F,27,39,39,1,111,250,0.444,0.45,-0.006
2017-18,1628393,Jawun Evans,1610612746,LAC,G,21,45,45,1,113,250,0.452,0.439,0.013
2017-18,203710,C.J. Williams,1610612746,LAC,F-G,28,34,34,1,114,247,0.462,0.452,0.01
2017-18,203504,Trey Burke,1610612752,NYK,G,25,34,34,1,121,246,0.492,0.438,0.053
2017-18,203521,Matthew Dellavedova,1610612749,MIL,G,27,37,37,1,119,246,0.484,0.444,0.04
2017-18,1628407,Dwayne Bacon,1610612766,CHA,F,22,42,42,1,105,241,0.436,0.445,-0.01
2017-18,1628371,Jonathan Isaac,1610612753,ORL,F,20,27,27,1,115,240,0.479,0.46,0.019
2017-18,1891,Jason Terry,1610612749,MIL,G,40,47,47,1,117,239,0.49,0.445,0.045
2017-18,202732,DeAndre Liggins,1610612740,NOP,G,30,51,51,1,117,229,0.511,0.443,0.068
2017-18,1626143,Jahlil Okafor,1610612751,BKN,C,22,28,28,1,110,225,0.489,0.482,0.007
2017-18,203457,Nerlens Noel,1610612742,DAL,C,24,27,27,1,114,224,0.509,0.476,0.032
2017-18,1628463,Tyler Cavanaugh,1610612737,ATL,F,24,34,34,1,120,219,0.548,0.466,0.082
2017-18,1627936,Alex Caruso,1610612747,LAL,G,24,37,37,1,95,217,0.438,0.451,-0.013
2017-18,1626246,Boban Marjanovic,1610612746,LAC,C,29,36,36,1,94,213,0.441,0.491,-0.049
2017-18,1626188,Quinn Cook,1610612744,GSW,G,25,29,29,1,97,212,0.458,0.439,0.018
2017-18,203526,Raul Neto,1610612762,UTA,G,26,37,37,1,87,209,0.416,0.437,-0.02
2017-18,202702,Kenneth Faried,1610612743,DEN,F,28,32,32,1,109,205,0.532,0.465,0.066
2017-18,1626166,Cameron Payne,1610612741,CHI,G,23,25,25,1,86,205,0.42,0.438,-0.018
2017-18,203186,Willie Reed,1610612765,DET,C,28,39,39,1,97,205,0.473,0.48,-0.007
2017-18,203917,Nik Stauskas,1610612751,BKN,G,24,37,37,1,99,204,0.485,0.452,0.033
2017-18,201167,Arron Afflalo,1610612753,ORL,G,32,49,49,1,89,203,0.438,0.447,-0.009
2017-18,202389,Timofey Mozgov,1610612751,BKN,C,31,29,29,1,91,203,0.448,0.477,-0.029
2017-18,203082,Terrence Ross,1610612753,ORL,G-F,27,23,23,1,86,202,0.426,0.445,-0.019
2017-18,2731,Emeka Okafor,1610612740,NOP,C,35,25,25,1,103,198,0.52,0.488,0.032
2017-18,1627782,Wayne Selden,1610612763,MEM,G-F,23,34,34,1,98,196,0.5,0.444,0.056
2017-18,201147,Corey Brewer,1610612760,OKC,G-F,32,18,18,1,87,194,0.448,0.449,-0.001
2017-18,203464,Brandon Paul,1610612759,SAS,G,27,45,45,1,89,193,0.461,0.444,0.017
2017-18,1628424,Kobi Simmons,1610612763,MEM,G,20,31,31,1,110,192,0.573,0.443,0.13
2017-18,202718,Chandler Parsons,1610612763,MEM,F,29,35,35,1,94,187,0.503,0.456,0.046
2017-18,1628436,Luke Kornet,1610612752,NYK,F-C,22,20,20,1,84,184,0.457,0.482,-0.026
2017-18,1628388,T.J. Leaf,1610612754,IND,F,21,48,48,1,83,176,0.472,0.442,0.03
2017-18,203930,Sean Kilpatrick,1610612741,CHI,G,28,43,43,1,89,172,0.517,0.437,0.08
2017-18,203948,Johnny O'Bryant III,1610612766,CHA,F,25,33,33,1,96,171,0.561,0.483,0.078
2017-18,1627858,Kyle Collinsworth,1610612742,DAL,G,26,29,29,1,83,169,0.491,0.443,0.048
2017-18,201148,Brandan Wright,1610612745,HOU,F-C,30,27,27,1,76,166,0.458,0.47,-0.013
2017-18,1627740,Henry Ellenson,1610612765,DET,F,21,34,34,1,84,164,0.512,0.467,0.046
2017-18,201565,Derrick Rose,1610612750,MIN,G,29,25,25,1,84,163,0.515,0.457,0.059
2017-18,1626202,Joe Young,1610612754,IND,G,26,45,45,1,63,163,0.387,0.432,-0.045
2017-18,1627846,Abdel Nader,1610612738,BOS,F,24,39,39,1,76,160,0.475,0.429,0.046
2017-18,203897,Zach LaVine,1610612741,CHI,G,23,24,24,1,76,160,0.475,0.459,0.016
2017-18,1628422,Damyean Dotson,1610612752,NYK,G,24,36,36,1,55,156,0.353,0.448,-0.096
2017-18,1627827,Dorian Finney-Smith,1610612742,DAL,F,25,20,20,1,71,155,0.458,0.456,0.002
2017-18,1626147,Justin Anderson,1610612755,PHI,G-F,24,33,33,1,58,153,0.379,0.446,-0.067
2017-18,1627885,Shaquille Harrison,1610612756,PHX,G,24,22,22,1,66,152,0.434,0.444,-0.01
2017-18,1627761,DeAndre' Bembry,1610612737,ATL,F-G,23,25,25,1,73,149,0.49,0.439,0.051
2017-18,203960,JaKarr Sampson,1610612758,SAC,F,25,22,22,1,53,144,0.368,0.472,-0.104
2017-18,1627736,Malik Beasley,1610612743,DEN,G,21,43,43,1,64,143,0.448,0.449,-0.001
2017-18,203477,Isaiah Canaan,1610612756,PHX,G,27,19,19,1,67,142,0.472,0.454,0.018
2017-18,201160,Jason Smith,1610612764,WAS,F-C,32,33,33,1,60,138,0.435,0.453,-0.019
2017-18,1627863,Danuel House Jr.,1610612756,PHX,F-G,25,22,22,1,61,137,0.445,0.454,-0.008
2017-18,202779,Dwight Buycks,1610612765,DET,G,29,26,26,1,57,136,0.419,0.439,-0.02
2017-18,1627823,Juancho Hernangomez,1610612743,DEN,F,22,22,22,1,57,131,0.435,0.452,-0.017
2017-18,1626175,Jordan Mickey,1610612748,MIA,C-F,23,22,22,1,63,129,0.488,0.484,0.004
2017-18,1627814,Damion Lee,1610612737,ATL,G,25,15,15,1,51,127,0.402,0.456,-0.055
2017-18,203922,Glenn Robinson III,1610612754,IND,G-F,24,23,23,1,56,125,0.448,0.457,-0.009
2017-18,201976,Patrick Beverley,1610612746,LAC,G,29,11,11,1,56,123,0.455,0.451,0.005
2017-18,1627790,Ante Zizic,1610612739,CLE,F-C,21,23,23,1,62,122,0.508,0.465,0.044
2017-18,201144,Mike Conley,1610612763,MEM,G,30,12,12,1,50,122,0.41,0.449,-0.039
2017-18,1627758,Ron Baker,1610612752,NYK,G,25,26,26,1,55,122,0.451,0.448,0.003
2017-18,203086,Meyers Leonard,1610612757,POR,C,26,26,26,1,67,121,0.554,0.473,0.081
2017-18,1627988,Myke Henry,1610612763,MEM,F,25,20,20,1,54,119,0.454,0.454,0
2017-18,201600,Omer Asik,1610612741,CHI,C,31,17,17,1,54,119,0.454,0.468,-0.014
2017-18,101106,Andrew Bogut,1610612747,LAL,C,33,23,23,1,52,114,0.456,0.482,-0.026
2017-18,203966,Jamil Wilson,1610612746,LAC,F,27,14,14,1,48,113,0.425,0.455,-0.03
2017-18,201196,Ramon Sessions,1610612764,WAS,G,32,23,23,1,48,111,0.432,0.447,-0.014
2017-18,1627362,Briante Weber,1610612763,MEM,G,25,16,16,1,66,111,0.595,0.443,0.152
2017-18,1628469,Antonio Blakeney,1610612741,CHI,G,21,16,16,1,49,110,0.445,0.44,0.005
2017-18,1628439,Isaiah Hicks,1610612752,NYK,F,23,17,17,1,48,107,0.449,0.455,-0.007
2017-18,203498,Shabazz Muhammad,1610612749,MIL,G-F,25,34,34,1,48,105,0.457,0.444,0.013
2017-18,1628365,Markelle Fultz,1610612755,PHI,G,20,14,14,1,44,104,0.423,0.44,-0.017
2017-18,204037,Travis Wear,1610612747,LAL,F,27,16,16,1,42,104,0.404,0.459,-0.055
2017-18,1627786,Troy Williams,1610612752,NYK,F,23,20,20,1,42,101,0.416,0.446,-0.03
2017-18,1627824,Guerschon Yabusele,1610612738,BOS,F,22,28,28,1,46,97,0.474,0.44,0.034
2017-18,202697,Iman Shumpert,1610612758,SAC,G,28,14,14,1,50,96,0.521,0.45,0.071
2017-18,1627781,Malachi Richardson,1610612761,TOR,G,22,25,25,1,43,92,0.467,0.437,0.03
2017-18,1627884,Derrick Jones Jr.,1610612748,MIA,F-G,21,18,18,1,42,92,0.457,0.457,0
2017-18,1627780,Gary Payton II,1610612747,LAL,G,25,19,19,1,49,90,0.544,0.451,0.094
2017-18,2754,Tony Allen,1610612740,NOP,G-F,36,20,20,1,41,86,0.477,0.447,0.029
2017-18,1627853,Ryan Arcidiacono,1610612741,CHI,G,24,23,23,1,42,86,0.488,0.425,0.063
2017-18,203957,Dante Exum,1610612762,UTA,G,22,14,14,1,32,84,0.381,0.435,-0.054
2017-18,203585,Rodney McGruder,1610612748,MIA,G-F,26,16,16,1,39,83,0.47,0.429,0.041
2017-18,1628409,Alec Peters,1610612756,PHX,F,23,16,16,1,37,82,0.451,0.439,0.013
2017-18,203705,Josh Magette,1610612737,ATL,G,28,16,16,1,33,82,0.402,0.424,-0.022
2017-18,1626177,Dakari Johnson,1610612760,OKC,C,22,23,23,1,31,81,0.383,0.475,-0.092
2017-18,203524,Solomon Hill,1610612740,NOP,F,27,11,11,1,40,80,0.5,0.465,0.035
2017-18,1628503,Jamel Artis,1610612753,ORL,G,25,12,12,1,36,78,0.462,0.435,0.027
2017-18,1628681,Rodney Purvis,1610612753,ORL,G,24,16,16,1,27,75,0.36,0.435,-0.075
2017-18,1628432,Davon Reed,1610612756,PHX,G,23,21,21,1,38,75,0.507,0.45,0.056
2017-18,1628403,Caleb Swanigan,1610612757,POR,F-C,21,22,22,1,35,75,0.467,0.46,0.007
2017-18,1626173,Rashad Vaughn,1610612753,ORL,G,21,20,20,1,30,74,0.405,0.444,-0.039
2017-18,1628405,Johnathan Motley,1610612742,DAL,F,23,10,10,1,39,72,0.542,0.465,0.077
2017-18,1626151,Aaron Harrison,1610612742,DAL,G,23,9,9,1,32,71,0.451,0.437,0.014
2017-18,202695,Kawhi Leonard,1610612759,SAS,F,27,9,9,1,28,69,0.406,0.455,-0.049
2017-18,1627834,Georgios Papagiannis,1610612757,POR,C,20,15,15,1,42,68,0.618,0.479,0.138
2017-18,1627875,Marcus Georges-Hunt,1610612750,MIN,G,24,21,21,1,33,68,0.485,0.461,0.024
2017-18,201943,Brandon Jennings,1610612749,MIL,G,28,12,12,1,38,68,0.559,0.449,0.109
2017-18,204066,John Holland,1610612739,CLE,G-F,29,19,19,1,38,65,0.585,0.45,0.135
2017-18,1627785,Isaiah Whitehead,1610612751,BKN,G,23,13,13,1,30,65,0.462,0.45,0.011
2017-18,2210,Richard Jefferson,1610612743,DEN,F,38,16,16,1,29,63,0.46,0.452,0.008
2017-18,1627883,Jalen Jones,1610612742,DAL,F,25,13,13,1,40,62,0.645,0.431,0.214
2017-18,201166,Aaron Brooks,1610612750,MIN,G,33,18,18,1,33,61,0.541,0.446,0.095
2017-18,1627753,Zhou Qi,1610612745,HOU,F-C,22,15,15,1,23,59,0.39,0.447,-0.058
2017-18,201589,Darrell Arthur,1610612743,DEN,F,30,15,15,1,30,59,0.508,0.483,0.025
2017-18,202720,Jon Leuer,1610612765,DET,F-C,29,8,8,1,32,58,0.552,0.475,0.076
2017-18,202705,MarShon Brooks,1610612763,MEM,G-F,29,7,7,1,30,57,0.526,0.443,0.084
2017-18,202347,Quincy Pondexter,1610612741,CHI,G,30,21,21,1,23,56,0.411,0.433,-0.022
2017-18,1628401,Derrick White,1610612759,SAS,G,23,12,12,1,20,56,0.357,0.422,-0.065
2017-18,203141,Mirza Teletovic,1610612749,MIL,F,32,9,9,1,27,53,0.509,0.442,0.067
2017-18,1628510,Andrew White III,1610612737,ATL,F,25,12,12,1,29,53,0.547,0.444,0.104
2017-18,202933,Julyan Stone,1610612766,CHA,G,29,15,15,1,24,52,0.462,0.438,0.023
2017-18,2863,Damien Wilkins,1610612754,IND,G-F,38,15,15,1,19,51,0.373,0.442,-0.069
2017-18,1626259,Malcolm Miller,1610612761,TOR,F,25,13,13,1,23,50,0.46,0.441,0.019
2017-18,203485,Lorenzo Brown,1610612761,TOR,G,27,12,12,1,20,49,0.408,0.441,-0.033
2017-18,1627745,Damian Jones,1610612744,GSW,C,23,14,14,1,19,48,0.396,0.465,-0.069
2017-18,1627744,Brice Johnson,1610612763,MEM,F,24,12,12,1,19,48,0.396,0.445,-0.049
2017-18,1627770,Kay Felder,1610612765,DET,G,23,13,13,1,20,46,0.435,0.459,-0.024
2017-18,1627821,James Webb III,1610612751,BKN,F,24,8,8,1,20,46,0.435,0.449,-0.014
2017-18,1628476,Derrick Walton Jr.,1610612748,MIA,G,23,15,15,1,21,45,0.467,0.445,0.022
2017-18,1628504,Xavier Rathan-Mayes,1610612763,MEM,G,24,5,5,1,26,45,0.578,0.446,0.132
2017-18,1628499,Antonius Cleveland,1610612737,ATL,G,24,12,12,1,20,42,0.476,0.461,0.016
2017-18,1626199,Darrun Hilliard,1610612759,SAS,G,25,11,11,1,22,40,0.55,0.436,0.114
2017-18,1627982,Josh Gray,1610612756,PHX,G,24,5,5,1,23,39,0.59,0.462,0.128
2017-18,204022,Jack Cooley,1610612758,SAC,C-F,27,6,6,1,17,39,0.436,0.467,-0.031
2017-18,1627816,Alex Poythress,1610612754,IND,F,24,19,19,1,12,37,0.324,0.434,-0.11
2017-18,203998,Bruno Caboclo,1610612758,SAC,F,22,8,8,1,15,37,0.405,0.463,-0.058
2017-18,1628537,Jaylen Morris,1610612737,ATL,G,22,6,6,1,20,36,0.556,0.46,0.096
2017-18,1626191,Chris McCullough,1610612764,WAS,F,23,17,17,1,17,35,0.486,0.435,0.05
2017-18,201628,Bobby Brown,1610612745,HOU,G,33,14,14,1,17,35,0.486,0.405,0.081
2017-18,1628418,Thomas Bryant,1610612747,LAL,C,20,13,13,1,21,35,0.6,0.487,0.113
2017-18,1628502,Nigel Hayes-Davis,1610612758,SAC,F,23,6,6,1,14,35,0.4,0.451,-0.051
2017-18,1627774,Jake Layman,1610612757,POR,F,24,17,17,1,16,33,0.485,0.451,0.034
2017-18,1627855,Okaro White,1610612739,CLE,F,25,5,5,1,16,33,0.485,0.458,0.027
2017-18,1627743,Demetrius Jackson,1610612755,PHI,G,23,11,11,1,16,32,0.5,0.453,0.047
2017-18,1628391,D.J. Wilson,1610612749,MIL,F,22,11,11,1,19,32,0.594,0.453,0.141
2017-18,1628495,Milton Doyle,1610612751,BKN,G,24,8,8,1,14,32,0.438,0.427,0.011
2017-18,2555,Nick Collison,1610612760,OKC,F-C,37,11,11,1,16,31,0.516,0.465,0.051
2017-18,1627850,Marshall Plumlee,1610612749,MIL,C,25,6,6,1,13,30,0.433,0.502,-0.068
2017-18,203104,Marquis Teague,1610612763,MEM,G,25,3,3,1,16,30,0.533,0.448,0.085
2017-18,2617,Udonis Haslem,1610612748,MIA,F,38,11,11,1,9,29,0.31,0.462,-0.152
2017-18,1627735,Wade Baldwin IV,1610612757,POR,G,22,6,6,1,12,26,0.462,0.447,0.014
2017-18,1628444,Jabari Bird,1610612738,BOS,G,23,8,8,1,11,25,0.44,0.431,0.009
2017-18,1627788,Furkan Korkmaz,1610612755,PHI,G-F,20,9,9,1,15,25,0.6,0.421,0.179
2017-18,1626210,Alan Williams,1610612756,PHX,F-C,25,5,5,1,10,25,0.4,0.507,-0.107
2017-18,203580,Larry Drew II,1610612740,NOP,G,28,6,6,1,7,25,0.28,0.431,-0.151
2017-18,201149,Joakim Noah,1610612752,NYK,C,33,7,7,1,9,23,0.391,0.464,-0.073
2017-18,1627762,Joel Bolomboy,1610612749,MIL,F-C,24,5,5,1,11,23,0.478,0.444,0.034
2017-18,1628492,Gian Clavell,1610612742,DAL,G,24,6,6,1,9,23,0.391,0.436,-0.044
2017-18,1628387,Ike Anigbogu,1610612754,IND,C-F,19,9,9,1,14,22,0.636,0.431,0.205
2017-18,1628443,Kadeem Allen,1610612738,BOS,G,25,7,7,1,9,22,0.409,0.436,-0.027
2017-18,203900,Markel Brown,1610612745,HOU,G,26,4,4,1,10,21,0.476,0.474,0.002
2017-18,1628035,Alfonzo McKinnie,1610612761,TOR,F,25,9,9,1,7,21,0.333,0.422,-0.089
2017-18,202332,Cole Aldrich,1610612750,MIN,C,29,13,13,1,14,21,0.667,0.456,0.211
2017-18,203481,Jeff Withey,1610612742,DAL,C,28,9,9,1,7,21,0.333,0.519,-0.186
2017-18,1628396,Tony Bradley,1610612762,UTA,C,20,9,9,1,9,20,0.45,0.444,0.006
2017-18,204179,Omari Johnson,1610612763,MEM,F,29,4,4,1,10,20,0.5,0.447,0.054
2017-18,202348,Jordan Crawford,1610612740,NOP,G,29,5,5,1,13,19,0.684,0.442,0.242
2017-18,203923,James Young,1610612755,PHI,G-F,22,5,5,1,4,19,0.211,0.459,-0.248
2017-18,1628506,London Perrantes,1610612739,CLE,G,23,5,5,1,9,18,0.5,0.417,0.083
2017-18,1626154,RJ Hunter,1610612745,HOU,G,24,4,4,1,4,16,0.25,0.429,-0.179
2017-18,201281,Andre Ingram,1610612747,LAL,G,32,2,2,1,8,16,0.5,0.466,0.034
2017-18,202391,Jeremy Lin,1610612751,BKN,G,29,1,1,1,10,13,0.769,0.467,0.303
2017-18,1627215,Walt Lemon Jr.,1610612740,NOP,PG,25,4,4,1,5,12,0.417,0.426,-0.009
2017-18,1628451,Jacob Wiley,1610612751,BKN,F,23,3,3,1,3,12,0.25,0.446,-0.196
2017-18,1626780,Jonathan Gibson,1610612738,BOS,G,30,3,3,1,4,12,0.333,0.369,-0.036
2017-18,1628429,Charles Cooke,1610612740,NOP,G,23,7,7,1,6,12,0.5,0.429,0.071
2017-18,203940,Adreian Payne,1610612753,ORL,F,27,4,4,1,8,12,0.667,0.477,0.19
2017-18,202713,Kyle Singler,1610612760,OKC,F,30,7,7,1,5,11,0.455,0.45,0.005
2017-18,203505,Vander Blue,1610612747,LAL,G,25,3,3,1,4,11,0.364,0.42,-0.057
2017-18,1628493,Mangok Mathiang,1610612766,CHA,F-C,25,3,3,1,5,10,0.5,0.461,0.039
2017-18,1627777,Georges Niang,1610612762,UTA,F,25,4,4,1,6,10,0.6,0.447,0.153
2017-18,1627856,Matt Costello,1610612759,SAS,F-C,24,3,3,1,5,10,0.5,0.486,0.014
2017-18,1627772,Daniel Hamilton,1610612760,OKC,G-F,22,6,6,1,4,9,0.444,0.416,0.028
2017-18,1628420,Monte Morris,1610612743,DEN,G,23,2,2,1,3,9,0.333,0.429,-0.096
2017-18,1627866,Jameel Warney,1610612742,DAL,F,24,3,3,1,4,9,0.444,0.437,0.007
2017-18,2736,Luol Deng,1610612747,LAL,F,33,1,1,1,3,9,0.333,0.442,-0.109
2017-18,203949,James Michael McAdoo,1610612755,PHI,F,25,2,2,1,4,8,0.5,0.429,0.071
2017-18,1627779,Marcus Paige,1610612766,CHA,G,24,3,3,1,3,7,0.429,0.504,-0.075
2017-18,204098,Xavier Munford,1610612749,MIL,G,26,5,5,1,6,7,0.857,0.425,0.433
2017-18,1627817,Tim Quarterman,1610612745,HOU,G,23,3,3,1,3,6,0.5,0.432,0.069
2017-18,2746,Josh Smith,1610612740,NOP,F,32,2,2,1,3,6,0.5,0.491,0.009
2017-18,1628935,Aaron Jackson,1610612745,HOU,G,32,1,1,1,4,6,0.667,0.486,0.181
2017-18,1627778,Chinanu Onuaku,1610612745,HOU,C,21,1,1,1,3,6,0.5,0.448,0.052
2017-18,1626205,Vincent Hunter,1610612763,MEM,F,23,3,3,1,2,5,0.4,0.441,-0.041
2017-18,1628421,Devin Robinson,1610612764,WAS,F,23,1,1,1,1,4,0.25,0.408,-0.158
2017-18,202918,Xavier Silas,1610612738,BOS,G,30,1,1,1,2,4,0.5,0.426,0.074
2017-18,204065,David Stockton,1610612762,UTA,G,27,2,2,1,2,4,0.5,0.436,0.064
2017-18,1628408,PJ Dozier,1610612760,OKC,G,21,2,2,1,1,3,0.333,0.504,-0.171
2017-18,202379,Jeremy Evans,1610612737,ATL,F,30,1,1,1,1,3,0.333,0.341,-0.007
2017-18,201177,Josh McRoberts,1610612742,DAL,F-C,31,2,2,1,2,3,0.667,0.394,0.272
2017-18,1628500,Ben Moore,1610612754,IND,F,23,2,2,1,2,3,0.667,0.397,0.27
2017-18,204067,Jarell Eddie,1610612741,CHI,G-F,26,1,1,1,2,3,0.667,0.445,0.222
2017-18,1627852,Nicolas Brussino,1610612737,ATL,F,25,2,2,1,1,3,0.333,0.504,-0.17
2017-18,203489,Nate Wolters,1610612762,UTA,G,27,2,2,1,1,2,0.5,0.427,0.073
2017-18,203687,Reggie Hearn,1610612765,DET,G,26,2,2,1,0,2,0,0.401,-0.401
2017-18,1628475,Matt Williams Jr.,1610612748,MIA,G,24,2,2,1,0,2,0,0.447,-0.447
2017-18,1626242,Luis Montero,1610612765,DET,G,25,1,1,1,0,2,0,0.357,-0.357
2017-18,2570,Kendrick Perkins,1610612739,CLE,C,33,1,1,1,1,2,0.5,0.458,0.042
2017-18,1628399,Tyler Lydon,1610612743,DEN,F,22,1,1,1,1,2,0.5,0.43,0.07
2017-18,203816,Scotty Hopson,1610612742,DAL,G,28,1,1,1,1,2,0.5,0.55,-0.05
2017-18,1626643,Jacob Pullen,1610612755,PHI,G,28,1,1,1,1,2,0.5,0.395,0.105
2017-18,1628571,Erik McCree,1610612762,UTA,F,24,1,1,1,0,1,0,0.504,-0.504
2017-18,1626148,Anthony Brown,1610612750,MIN,F-G,25,1,1,1,1,1,1,0.419,0.581
2017-18,1628410,Edmond Sumner,1610612754,IND,G,22,1,1,1,1,1,1,0.365,0.635
2017-18,202330,Gordon Hayward,1610612738,BOS,F,28,1,1,1,1,1,1,0.453,0.547
2017-18,202682,Derrick Williams,1610612747,LAL,F,27,1,1,1,0,1,0,0.508,-0.508
2018-19,201572,Brook Lopez,1610612749,MIL,C,31,81,81,1,736,1676,0.439,0.481,-0.042
2018-19,203497,Rudy Gobert,1610612762,UTA,C,27,79,79,1,747,1665,0.449,0.486,-0.037
2018-19,203500,Steven Adams,1610612760,OKC,C,25,79,79,1,681,1447,0.471,0.486,-0.016
2018-19,203083,Andre Drummond,1610612765,DET,C,25,79,79,1,681,1424,0.478,0.485,-0.007
2018-19,203999,Nikola Jokić,1610612743,DEN,C,24,80,80,1,667,1422,0.469,0.493,-0.024
2018-19,200746,LaMarcus Aldridge,1610612759,SAS,C-F,33,81,81,1,643,1413,0.455,0.478,-0.023
2018-19,202696,Nikola Vučević,1610612753,ORL,C,28,78,78,1,676,1408,0.48,0.485,-0.005
2018-19,1628386,Jarrett Allen,1610612751,BKN,C,21,80,80,1,688,1406,0.489,0.485,0.004
2018-19,203954,Joel Embiid,1610612755,PHI,F-C,25,61,61,1,580,1363,0.426,0.477,-0.051
2018-19,1626157,Karl-Anthony Towns,1610612750,MIN,C,23,77,77,1,644,1350,0.477,0.479,-0.002
2018-19,1629028,Deandre Ayton,1610612756,PHX,C,20,71,71,1,624,1283,0.486,0.486,0
2018-19,1626149,Montrezl Harrell,1610612746,LAC,F-C,25,82,82,1,568,1267,0.448,0.473,-0.024
2018-19,1626167,Myles Turner,1610612754,IND,C-F,23,74,74,1,575,1237,0.465,0.486,-0.021
2018-19,203994,Jusuf Nurkić,1610612757,POR,C,24,72,72,1,520,1194,0.436,0.49,-0.055
2018-19,203991,Clint Capela,1610612745,HOU,C,25,66,66,1,537,1172,0.458,0.474,-0.016
2018-19,201188,Marc Gasol,1610612761,TOR,C,34,79,79,1,503,1142,0.44,0.481,-0.04
2018-19,1626161,Willie Cauley-Stein,1610612758,SAC,C,25,81,81,1,547,1138,0.481,0.482,-0.001
2018-19,202689,Kemba Walker,1610612766,CHA,G,29,81,81,1,530,1134,0.467,0.452,0.016
2018-19,201935,James Harden,1610612745,HOU,G,29,77,77,1,510,1128,0.452,0.468,-0.015
2018-19,201586,Serge Ibaka,1610612761,TOR,C-F,29,74,74,1,512,1125,0.455,0.475,-0.02
2018-19,201143,Al Horford,1610612738,BOS,C-F,33,68,68,1,517,1121,0.461,0.479,-0.018
2018-19,201950,Jrue Holiday,1610612740,NOP,G,29,67,67,1,503,1103,0.456,0.453,0.003
2018-19,1627783,Pascal Siakam,1610612761,TOR,F,25,80,80,1,454,1100,0.413,0.462,-0.049
2018-19,201580,JaVale McGee,1610612747,LAL,C,31,75,75,1,500,1097,0.456,0.485,-0.029
2018-19,203078,Bradley Beal,1610612764,WAS,G,26,81,81,1,513,1090,0.471,0.451,0.02
2018-19,202331,Paul George,1610612760,OKC,F,29,76,76,1,473,1087,0.435,0.458,-0.023
2018-19,202699,Tobias Harris,1610612755,PHI,F,26,82,82,1,493,1054,0.468,0.463,0.005
2018-19,1627741,Buddy Hield,1610612758,SAC,G,26,82,82,1,497,1029,0.483,0.45,0.033
2018-19,201577,Robin Lopez,1610612741,CHI,C,31,72,72,1,458,1021,0.449,0.478,-0.03
2018-19,200782,P.J. Tucker,1610612745,HOU,F,34,81,81,1,445,1011,0.44,0.465,-0.025
2018-19,201152,Thaddeus Young,1610612754,IND,F,31,81,81,1,456,1006,0.453,0.468,-0.014
2018-19,202324,Derrick Favors,1610612762,UTA,F-C,27,74,74,1,421,997,0.422,0.474,-0.052
2018-19,203952,Andrew Wiggins,1610612750,MIN,F-G,24,73,73,1,453,988,0.459,0.457,0.002
2018-19,201980,Danny Green,1610612761,TOR,G-F,32,79,79,1,466,980,0.476,0.454,0.021
2018-19,203924,Jerami Grant,1610612760,OKC,F,25,79,79,1,458,979,0.468,0.467,0.001
2018-19,203110,Draymond Green,1610612744,GSW,F,29,66,66,1,415,977,0.425,0.466,-0.041
2018-19,202355,Hassan Whiteside,1610612748,MIA,C,30,72,72,1,408,975,0.418,0.477,-0.059
2018-19,201599,DeAndre Jordan,1610612752,NYK,C,30,69,69,1,434,961,0.452,0.489,-0.037
2018-19,203944,Julius Randle,1610612740,NOP,C-F,24,73,73,1,436,960,0.454,0.47,-0.016
2018-19,201145,Jeff Green,1610612764,WAS,F,32,76,76,1,448,959,0.467,0.465,0.002
2018-19,1629012,Collin Sexton,1610612739,CLE,G,20,82,82,1,509,954,0.534,0.449,0.085
2018-19,201142,Kevin Durant,1610612744,GSW,F,30,78,78,1,401,949,0.423,0.457,-0.034
2018-19,1629027,Trae Young,1610612737,ATL,G,20,81,81,1,464,946,0.49,0.447,0.044
2018-19,1628368,De'Aaron Fox,1610612758,SAC,G,21,81,81,1,442,946,0.467,0.45,0.017
2018-19,1627732,Ben Simmons,1610612755,PHI,G-F,22,76,76,1,430,941,0.457,0.458,-0.001
2018-19,203076,Anthony Davis,1610612740,NOP,F-C,26,56,56,1,420,940,0.447,0.481,-0.034
2018-19,1626172,Kevon Looney,1610612744,GSW,C-F,23,80,80,1,402,937,0.429,0.467,-0.038
2018-19,202683,Enes Freedom,1610612757,POR,C,27,67,67,1,457,936,0.488,0.48,0.008
2018-19,1626196,Josh Richardson,1610612748,MIA,G-F,25,73,73,1,414,930,0.445,0.449,-0.004
2018-19,201933,Blake Griffin,1610612765,DET,F,30,75,75,1,415,928,0.447,0.465,-0.018
2018-19,203486,Mason Plumlee,1610612743,DEN,F-C,29,82,82,1,437,927,0.471,0.481,-0.009
2018-19,203458,Alex Len,1610612737,ATL,C,26,77,77,1,455,925,0.492,0.472,0.02
2018-19,1626224,Cedi Osman,1610612739,CLE,F,24,76,76,1,459,921,0.498,0.452,0.046
2018-19,203081,Damian Lillard,1610612757,POR,G,28,80,80,1,421,909,0.463,0.445,0.018
2018-19,203471,Dennis Schröder,1610612760,OKC,G,25,78,78,1,421,908,0.464,0.449,0.015
2018-19,203200,Justin Holiday,1610612763,MEM,F-G,30,80,80,1,411,905,0.454,0.454,0
2018-19,203095,Evan Fournier,1610612753,ORL,G-F,26,79,79,1,427,903,0.473,0.45,0.022
2018-19,203932,Aaron Gordon,1610612753,ORL,F,23,76,76,1,410,902,0.455,0.46,-0.005
2018-19,202357,Nemanja Bjelica,1610612758,SAC,F,31,77,77,1,394,894,0.441,0.464,-0.023
2018-19,202329,Al-Farouq Aminu,1610612757,POR,F,28,81,81,1,413,894,0.462,0.466,-0.004
2018-19,203087,Jeremy Lamb,1610612766,CHA,G,27,77,77,1,425,889,0.478,0.448,0.03
2018-19,1626156,D'Angelo Russell,1610612751,BKN,G,23,81,81,1,413,889,0.465,0.449,0.016
2018-19,1628401,Derrick White,1610612759,SAS,G,24,67,67,1,391,883,0.443,0.448,-0.005
2018-19,1628969,Mikal Bridges,1610612756,PHX,F,22,81,81,1,440,882,0.499,0.455,0.044
2018-19,200794,Paul Millsap,1610612743,DEN,F,34,70,70,1,408,877,0.465,0.469,-0.003
2018-19,1628418,Thomas Bryant,1610612764,WAS,C,21,70,70,1,427,876,0.487,0.48,0.007
2018-19,203473,Dewayne Dedmon,1610612737,ATL,C,29,64,64,1,402,873,0.46,0.473,-0.013
2018-19,202691,Klay Thompson,1610612744,GSW,G,29,78,78,1,367,864,0.425,0.451,-0.026
2018-19,1629029,Luka Dončić,1610612742,DAL,F-G,20,72,72,1,408,862,0.473,0.456,0.017
2018-19,201976,Patrick Beverley,1610612746,LAC,G,30,78,78,1,385,859,0.448,0.45,-0.002
2018-19,203468,CJ McCollum,1610612757,POR,G,27,70,70,1,396,857,0.462,0.449,0.013
2018-19,1627734,Domantas Sabonis,1610612754,IND,F,23,74,74,1,388,855,0.454,0.473,-0.019
2018-19,1628369,Jayson Tatum,1610612738,BOS,F,21,79,79,1,361,854,0.423,0.451,-0.028
2018-19,203507,Giannis Antetokounmpo,1610612749,MIL,F,24,72,72,1,343,845,0.406,0.465,-0.059
2018-19,1628389,Bam Adebayo,1610612748,MIA,C-F,21,82,82,1,382,844,0.453,0.469,-0.016
2018-19,1628983,Shai Gilgeous-Alexander,1610612746,LAC,G,20,82,82,1,370,843,0.439,0.447,-0.008
2018-19,101107,Marvin Williams,1610612766,CHA,F,33,74,74,1,395,842,0.469,0.464,0.005
2018-19,1626204,Larry Nance Jr.,1610612739,CLE,F,26,67,67,1,389,842,0.462,0.47,-0.008
2018-19,202711,Bojan Bogdanovic,1610612754,IND,F,30,81,81,1,374,827,0.452,0.452,0
2018-19,201568,Danilo Gallinari,1610612746,LAC,F,30,68,68,1,395,823,0.48,0.464,0.016
2018-19,202339,Eric Bledsoe,1610612749,MIL,G,29,78,78,1,358,823,0.435,0.447,-0.012
2018-19,203939,Dwight Powell,1610612742,DAL,F-C,27,76,76,1,387,823,0.47,0.468,0.002
2018-19,203967,Dario Saric,1610612750,MIN,F,25,80,80,1,370,822,0.45,0.459,-0.009
2018-19,202704,Reggie Jackson,1610612765,DET,G,29,82,82,1,416,818,0.509,0.455,0.054
2018-19,202334,Ed Davis,1610612751,BKN,C,30,81,81,1,376,817,0.46,0.476,-0.016
2018-19,200768,Kyle Lowry,1610612761,TOR,G,33,65,65,1,338,805,0.42,0.452,-0.032
2018-19,203084,Harrison Barnes,1610612758,SAC,F,27,77,77,1,379,803,0.472,0.469,0.003
2018-19,1627827,Dorian Finney-Smith,1610612742,DAL,F,26,80,80,1,347,803,0.432,0.459,-0.027
2018-19,202709,Cory Joseph,1610612754,IND,G,27,82,82,1,361,802,0.45,0.445,0.005
2018-19,203482,Kelly Olynyk,1610612748,MIA,F,28,79,79,1,366,802,0.456,0.456,0.001
2018-19,1628398,Kyle Kuzma,1610612747,LAL,F,23,70,70,1,357,800,0.446,0.463,-0.016
2018-19,203935,Marcus Smart,1610612738,BOS,G,25,80,80,1,344,799,0.431,0.449,-0.019
2018-19,204060,Joe Ingles,1610612762,UTA,F,31,80,80,1,380,798,0.476,0.452,0.024
2018-19,201144,Mike Conley,1610612763,MEM,G,31,70,70,1,368,797,0.462,0.448,0.013
2018-19,1628381,John Collins,1610612737,ATL,F-C,21,61,61,1,360,795,0.453,0.465,-0.013
2018-19,1628367,Josh Jackson,1610612756,PHX,F,22,79,79,1,370,791,0.468,0.452,0.015
2018-19,203925,Joe Harris,1610612751,BKN,F-G,27,76,76,1,364,791,0.46,0.455,0.005
2018-19,1627854,Bryn Forbes,1610612759,SAS,G,25,82,82,1,388,788,0.492,0.445,0.048
2018-19,203107,Tomas Satoransky,1610612764,WAS,G-F,27,78,78,1,385,786,0.49,0.448,0.042
2018-19,1627751,Jakob Poeltl,1610612759,SAS,C,23,77,77,1,368,776,0.474,0.473,0.001
2018-19,201942,DeMar DeRozan,1610612759,SAS,G,29,77,77,1,359,775,0.463,0.449,0.014
2018-19,201566,Russell Westbrook,1610612760,OKC,G,30,72,72,1,353,772,0.457,0.452,0.006
2018-19,202710,Jimmy Butler III,1610612755,PHI,G-F,29,63,63,1,373,771,0.484,0.458,0.025
2018-19,1626159,Justise Winslow,1610612748,MIA,F-G,23,66,66,1,339,765,0.443,0.457,-0.014
2018-19,201587,Nicolas Batum,1610612766,CHA,F-G,30,74,74,1,341,762,0.448,0.459,-0.011
2018-19,1629011,Mitchell Robinson,1610612752,NYK,C,21,65,65,1,321,760,0.422,0.472,-0.049
2018-19,203943,Noah Vonleh,1610612752,NYK,F,23,66,66,1,343,758,0.453,0.472,-0.02
2018-19,1628404,Josh Hart,1610612747,LAL,G,24,67,67,1,323,750,0.431,0.45,-0.019
2018-19,1627750,Jamal Murray,1610612743,DEN,G,22,75,75,1,341,748,0.456,0.453,0.003
2018-19,202066,Garrett Temple,1610612746,LAC,G-F,33,75,75,1,346,744,0.465,0.451,0.014
2018-19,203082,Terrence Ross,1610612753,ORL,G-F,28,79,79,1,335,742,0.451,0.44,0.011
2018-19,202694,Marcus Morris Sr.,1610612738,BOS,F,29,75,75,1,357,739,0.483,0.465,0.018
2018-19,203114,Khris Middleton,1610612749,MIL,F,27,77,77,1,330,735,0.449,0.452,-0.003
2018-19,1627759,Jaylen Brown,1610612738,BOS,G,22,74,74,1,322,735,0.438,0.452,-0.014
2018-19,203469,Cody Zeller,1610612766,CHA,C,26,48,48,1,333,732,0.455,0.472,-0.017
2018-19,1628989,Kevin Huerter,1610612737,ATL,G,20,74,74,1,362,732,0.495,0.448,0.047
2018-19,1628380,Zach Collins,1610612757,POR,F-C,21,77,77,1,333,727,0.458,0.459,-0.001
2018-19,203484,Kentavious Caldwell-Pope,1610612747,LAL,G,26,82,82,1,369,725,0.509,0.451,0.058
2018-19,201939,Stephen Curry,1610612744,GSW,G,31,69,69,1,327,724,0.452,0.445,0.007
2018-19,1628467,Maxi Kleber,1610612742,DAL,F,27,71,71,1,309,722,0.428,0.463,-0.035
2018-19,1627761,DeAndre' Bembry,1610612737,ATL,F,24,82,82,1,346,719,0.481,0.449,0.032
2018-19,201988,Patty Mills,1610612759,SAS,G,30,82,82,1,338,719,0.47,0.442,0.028
2018-19,1628970,Miles Bridges,1610612766,CHA,F,21,79,79,1,340,717,0.474,0.456,0.018
2018-19,203992,Bogdan Bogdanović,1610612758,SAC,G,26,70,70,1,336,716,0.469,0.447,0.022
2018-19,203903,Jordan Clarkson,1610612739,CLE,G,27,81,81,1,323,715,0.452,0.441,0.011
2018-19,203501,Tim Hardaway Jr.,1610612742,DAL,G,27,64,64,1,336,713,0.471,0.45,0.021
2018-19,203085,Austin Rivers,1610612745,HOU,G,26,75,75,1,335,713,0.47,0.447,0.023
2018-19,1629006,Josh Okogie,1610612750,MIN,G,20,71,71,1,345,713,0.484,0.451,0.033
2018-19,1628378,Donovan Mitchell,1610612762,UTA,G,22,75,75,1,313,712,0.44,0.444,-0.005
2018-19,202722,Davis Bertans,1610612759,SAS,F,26,76,76,1,324,712,0.455,0.453,0.002
2018-19,202681,Kyrie Irving,1610612738,BOS,G,27,67,67,1,339,712,0.476,0.456,0.02
2018-19,201959,Taj Gibson,1610612750,MIN,F,34,70,70,1,346,710,0.487,0.477,0.011
2018-19,201937,Ricky Rubio,1610612762,UTA,G,28,66,66,1,347,709,0.489,0.448,0.042
2018-19,203953,Jabari Parker,1610612764,WAS,F,24,62,62,1,336,706,0.476,0.46,0.016
2018-19,1626164,Devin Booker,1610612756,PHX,G,22,64,64,1,340,704,0.483,0.452,0.031
2018-19,1627826,Ivica Zubac,1610612746,LAC,C,22,57,57,1,334,703,0.475,0.485,-0.01
2018-19,1626162,Kelly Oubre Jr.,1610612756,PHX,F,23,69,69,1,327,702,0.466,0.457,0.009
2018-19,201571,D.J. Augustin,1610612753,ORL,G,31,79,79,1,340,695,0.489,0.446,0.043
2018-19,203109,Jae Crowder,1610612762,UTA,F,28,78,78,1,298,693,0.43,0.457,-0.027
2018-19,1626158,Richaun Holmes,1610612756,PHX,F-C,25,69,69,1,306,688,0.445,0.478,-0.033
2018-19,202083,Wesley Matthews,1610612754,IND,G-F,32,69,69,1,319,687,0.464,0.457,0.008
2018-19,2772,Trevor Ariza,1610612764,WAS,F,33,68,68,1,362,683,0.53,0.461,0.069
2018-19,1628390,Terrance Ferguson,1610612760,OKC,G,21,73,73,1,312,682,0.457,0.448,0.01
2018-19,1628372,Dennis Smith Jr.,1610612752,NYK,G,21,53,53,1,298,682,0.437,0.448,-0.012
2018-19,202685,Jonas Valanciunas,1610612763,MEM,C,27,49,49,1,307,680,0.451,0.483,-0.031
2018-19,1627763,Malcolm Brogdon,1610612749,MIL,G,26,64,64,1,298,678,0.44,0.448,-0.008
2018-19,202323,Evan Turner,1610612757,POR,G-F,30,73,73,1,283,677,0.418,0.447,-0.029
2018-19,1628371,Jonathan Isaac,1610612753,ORL,F,21,73,73,1,294,675,0.436,0.463,-0.027
2018-19,202340,Avery Bradley,1610612763,MEM,G,28,63,63,1,319,672,0.475,0.457,0.018
2018-19,203145,Kent Bazemore,1610612737,ATL,G,29,67,67,1,331,669,0.495,0.447,0.048
2018-19,1628995,Kevin Knox II,1610612752,NYK,F,19,74,74,1,316,669,0.472,0.455,0.017
2018-19,201954,Darren Collison,1610612754,IND,G,31,76,76,1,314,667,0.471,0.451,0.02
2018-19,203897,Zach LaVine,1610612741,CHI,G,24,61,61,1,306,664,0.461,0.447,0.014
2018-19,1627853,Ryan Arcidiacono,1610612741,CHI,G,25,79,79,1,311,662,0.47,0.447,0.023
2018-19,1627832,Fred VanVleet,1610612761,TOR,G,25,64,64,1,318,661,0.481,0.447,0.034
2018-19,1628963,Marvin Bagley III,1610612758,SAC,F,20,62,62,1,311,660,0.471,0.466,0.005
2018-19,203488,Mike Muscala,1610612747,LAL,F-C,27,61,61,1,298,642,0.464,0.469,-0.005
2018-19,203915,Spencer Dinwiddie,1610612751,BKN,G,26,68,68,1,287,640,0.448,0.448,0.001
2018-19,1626179,Terry Rozier,1610612738,BOS,G,25,79,79,1,288,638,0.451,0.444,0.008
2018-19,1626153,Delon Wright,1610612763,MEM,G,27,75,75,1,304,637,0.477,0.448,0.029
2018-19,202695,Kawhi Leonard,1610612761,TOR,F,28,60,60,1,278,634,0.438,0.457,-0.018
2018-19,1629013,Landry Shamet,1610612746,LAC,G,22,76,76,1,296,633,0.468,0.446,0.021
2018-19,1628382,Justin Jackson,1610612742,DAL,F,24,80,80,1,289,630,0.459,0.453,0.006
2018-19,1628991,Jaren Jackson Jr.,1610612763,MEM,F-C,19,58,58,1,285,630,0.452,0.476,-0.023
2018-19,201158,Marco Belinelli,1610612759,SAS,G-F,33,79,79,1,284,626,0.454,0.442,0.011
2018-19,1627790,Ante Zizic,1610612739,CLE,C,22,57,57,1,304,626,0.486,0.473,0.012
2018-19,101108,Chris Paul,1610612745,HOU,G,34,57,57,1,299,625,0.478,0.454,0.025
2018-19,1628374,Lauri Markkanen,1610612741,CHI,F,22,51,51,1,302,625,0.483,0.464,0.019
2018-19,1628971,Bruce Brown,1610612765,DET,G,22,73,73,1,264,621,0.425,0.453,-0.028
2018-19,1628422,Damyean Dotson,1610612752,NYK,G,25,72,72,1,301,621,0.485,0.453,0.032
2018-19,1628420,Monte Morris,1610612743,DEN,G,24,82,82,1,277,619,0.447,0.444,0.003
2018-19,203121,Darius Miller,1610612740,NOP,F,29,69,69,1,278,619,0.449,0.448,0.001
2018-19,1626220,Royce O'Neale,1610612762,UTA,F,26,80,80,1,290,618,0.469,0.449,0.02
2018-19,2548,Dwyane Wade,1610612748,MIA,G,37,72,72,1,272,616,0.442,0.445,-0.003
2018-19,201569,Eric Gordon,1610612745,HOU,G,30,67,67,1,284,616,0.461,0.454,0.007
2018-19,200755,JJ Redick,1610612755,PHI,G,35,73,73,1,292,613,0.476,0.445,0.031
2018-19,1627742,Brandon Ingram,1610612747,LAL,F,21,52,52,1,248,613,0.405,0.45,-0.045
2018-19,200752,Rudy Gay,1610612759,SAS,F,32,69,69,1,265,611,0.434,0.46,-0.027
2018-19,1627885,Shaquille Harrison,1610612741,CHI,G,25,71,71,1,271,607,0.446,0.444,0.002
2018-19,202391,Jeremy Lin,1610612761,TOR,G,30,74,74,1,292,606,0.482,0.446,0.036
2018-19,1628976,Wendell Carter Jr.,1610612741,CHI,C,20,42,42,1,278,604,0.46,0.487,-0.027
2018-19,101141,Ersan Ilyasova,1610612749,MIL,F,32,67,67,1,282,601,0.469,0.472,-0.003
2018-19,202703,Nikola Mirotic,1610612749,MIL,F,28,46,46,1,273,599,0.456,0.462,-0.007
2018-19,1627736,Malik Beasley,1610612743,DEN,G,22,81,81,1,297,593,0.501,0.45,0.051
2018-19,2544,LeBron James,1610612747,LAL,F,34,55,55,1,252,590,0.427,0.461,-0.034
2018-19,1628366,Lonzo Ball,1610612747,LAL,G,21,47,47,1,262,587,0.446,0.451,-0.005
2018-19,203493,Reggie Bullock Jr.,1610612747,LAL,G-F,28,62,62,1,293,587,0.499,0.454,0.045
2018-19,1628973,Jalen Brunson,1610612742,DAL,G,22,68,68,1,280,586,0.478,0.448,0.03
2018-19,204456,T.J. McConnell,1610612755,PHI,G,27,73,73,1,266,586,0.454,0.442,0.012
2018-19,203382,Aron Baynes,1610612738,BOS,C-F,32,50,50,1,253,585,0.432,0.477,-0.044
2018-19,101150,Lou Williams,1610612746,LAC,G,32,75,75,1,274,578,0.474,0.441,0.033
2018-19,202684,Tristan Thompson,1610612739,CLE,C-F,28,43,43,1,287,577,0.497,0.477,0.021
2018-19,2199,Tyson Chandler,1610612747,LAL,C,36,55,55,1,270,576,0.469,0.489,-0.021
2018-19,203490,Otto Porter Jr.,1610612741,CHI,F,26,55,55,1,282,576,0.49,0.453,0.037
2018-19,1628470,Torrey Craig,1610612743,DEN,F,28,72,72,1,253,575,0.44,0.457,-0.017
2018-19,203918,Rodney Hood,1610612757,POR,G,26,72,72,1,261,573,0.455,0.448,0.008
2018-19,1626144,Emmanuel Mudiay,1610612752,NYK,G,23,58,58,1,265,573,0.462,0.455,0.007
2018-19,201960,DeMarre Carroll,1610612751,BKN,F,32,67,67,1,254,572,0.444,0.463,-0.019
2018-19,204038,Langston Galloway,1610612765,DET,G,27,79,79,1,248,570,0.435,0.446,-0.01
2018-19,203476,Gorgui Dieng,1610612750,MIN,C,29,75,75,1,273,562,0.486,0.481,0.004
2018-19,202693,Markieff Morris,1610612760,OKC,F,29,57,57,1,262,561,0.467,0.468,-0.001
2018-19,203457,Nerlens Noel,1610612760,OKC,F-C,25,76,76,1,248,561,0.442,0.479,-0.037
2018-19,201565,Derrick Rose,1610612750,MIN,G,30,51,51,1,245,559,0.438,0.445,-0.007
2018-19,203077,Michael Kidd-Gilchrist,1610612766,CHA,F,25,62,62,1,234,556,0.421,0.467,-0.046
2018-19,1628464,Daniel Theis,1610612738,BOS,F,27,66,66,1,255,548,0.465,0.473,-0.007
2018-19,1626178,Rondae Hollis-Jefferson,1610612751,BKN,F,24,59,59,1,268,547,0.49,0.471,0.019
2018-19,1626192,Pat Connaughton,1610612749,MIL,G,26,60,60,1,235,546,0.43,0.439,-0.009
2018-19,203090,Maurice Harkless,1610612757,POR,F,26,60,60,1,252,543,0.464,0.456,0.008
2018-19,204020,Tyler Johnson,1610612756,PHX,G,27,56,56,1,248,536,0.463,0.447,0.016
2018-19,1627823,Juancho Hernangomez,1610612743,DEN,F,23,68,68,1,230,535,0.43,0.456,-0.026
2018-19,1626171,Bobby Portis Jr.,1610612764,WAS,F,24,48,48,1,275,533,0.516,0.471,0.045
2018-19,2738,Andre Iguodala,1610612744,GSW,F-G,35,67,67,1,233,532,0.438,0.458,-0.02
2018-19,1627739,Kris Dunn,1610612741,CHI,G,25,45,45,1,253,532,0.476,0.452,0.023
2018-19,203585,Rodney McGruder,1610612746,LAC,F-G,27,64,64,1,240,531,0.452,0.449,0.003
2018-19,202330,Gordon Hayward,1610612738,BOS,F,29,71,71,1,224,527,0.425,0.456,-0.031
2018-19,1629066,Rodions Kurucs,1610612751,BKN,F,21,62,62,1,222,526,0.422,0.458,-0.036
2018-19,1626143,Jahlil Okafor,1610612740,NOP,C,23,54,54,1,244,525,0.465,0.482,-0.018
2018-19,1628436,Luke Kornet,1610612752,NYK,F-C,23,44,44,1,225,517,0.435,0.474,-0.039
2018-19,202326,DeMarcus Cousins,1610612744,GSW,C,28,30,30,1,231,513,0.45,0.484,-0.034
2018-19,1627748,Thon Maker,1610612765,DET,F,22,64,64,1,235,511,0.46,0.472,-0.012
2018-19,203901,Elfrid Payton,1610612740,NOP,G,25,42,42,1,238,509,0.468,0.446,0.022
2018-19,1626145,Tyus Jones,1610612750,MIN,G,23,67,67,1,246,508,0.484,0.446,0.039
2018-19,200765,Rajon Rondo,1610612747,LAL,G,33,46,46,1,251,505,0.497,0.454,0.043
2018-19,1627733,Dragan Bender,1610612756,PHX,F,21,44,44,1,223,500,0.446,0.48,-0.034
2018-19,1626246,Boban Marjanovic,1610612755,PHI,C,30,56,56,1,206,499,0.413,0.476,-0.064
2018-19,101123,Gerald Green,1610612745,HOU,G-F,33,72,72,1,234,495,0.473,0.444,0.029
2018-19,201162,Jared Dudley,1610612751,BKN,F,33,59,59,1,217,491,0.442,0.462,-0.02
2018-19,201588,George Hill,1610612749,MIL,G,33,57,57,1,222,491,0.452,0.443,0.009
2018-19,1628391,D.J. Wilson,1610612749,MIL,F,23,47,47,1,202,491,0.411,0.452,-0.041
2018-19,1629019,Allonzo Trier,1610612752,NYK,G,23,63,63,1,253,490,0.516,0.453,0.064
2018-19,203086,Meyers Leonard,1610612757,POR,F-C,27,60,60,1,250,490,0.51,0.475,0.035
2018-19,1626209,Mario Hezonja,1610612752,NYK,F,24,56,56,1,240,487,0.493,0.463,0.03
2018-19,2585,Zaza Pachulia,1610612765,DET,C,35,67,67,1,241,486,0.496,0.48,0.016
2018-19,203552,Seth Curry,1610612757,POR,G,28,73,73,1,205,485,0.423,0.437,-0.014
2018-19,202692,Alec Burks,1610612758,SAC,G,27,63,63,1,237,483,0.491,0.456,0.035
2018-19,1627884,Derrick Jones Jr.,1610612748,MIA,F-G,22,56,56,1,188,477,0.394,0.453,-0.059
2018-19,201936,Tyreke Evans,1610612754,IND,G,29,69,69,1,198,477,0.415,0.448,-0.033
2018-19,202697,Iman Shumpert,1610612745,HOU,G,29,61,61,1,246,477,0.516,0.457,0.058
2018-19,1627752,Taurean Prince,1610612737,ATL,F,25,55,55,1,229,476,0.481,0.451,0.03
2018-19,1628384,OG Anunoby,1610612761,TOR,F,21,67,67,1,217,476,0.456,0.454,0.002
2018-19,1713,Vince Carter,1610612737,ATL,F-G,42,76,76,1,211,469,0.45,0.454,-0.004
2018-19,1626168,Trey Lyles,1610612743,DEN,F,23,63,63,1,207,468,0.442,0.46,-0.017
2018-19,1627767,Cheick Diallo,1610612740,NOP,F,22,64,64,1,224,467,0.48,0.477,0.002
2018-19,1626195,Willy Hernangomez,1610612766,CHA,C,25,58,58,1,246,467,0.527,0.472,0.055
2018-19,202714,Shelvin Mack,1610612766,CHA,G,29,57,57,1,223,466,0.479,0.445,0.034
2018-19,1628411,Wes Iwundu,1610612753,ORL,F,24,68,68,1,182,464,0.392,0.441,-0.049
2018-19,1627782,Wayne Selden,1610612741,CHI,G-F,24,72,72,1,209,463,0.451,0.452,0
2018-19,2594,Kyle Korver,1610612762,UTA,G-F,38,69,69,1,211,461,0.458,0.442,0.016
2018-19,203210,JaMychal Green,1610612746,LAC,F,29,65,65,1,201,461,0.436,0.458,-0.022
2018-19,203503,Tony Snell,1610612749,MIL,G,27,73,73,1,207,458,0.452,0.442,0.01
2018-19,201973,Jonas Jerebko,1610612744,GSW,F,32,70,70,1,204,458,0.445,0.448,-0.003
2018-19,201949,James Johnson,1610612748,MIA,F,32,54,54,1,189,454,0.416,0.462,-0.046
2018-19,101162,Marcin Gortat,1610612746,LAC,C,35,47,47,1,210,450,0.467,0.49,-0.023
2018-19,203496,Robert Covington,1610612750,MIN,F,28,34,34,1,198,447,0.443,0.453,-0.01
2018-19,1628964,Mo Bamba,1610612753,ORL,C,21,45,45,1,211,446,0.473,0.475,-0.001
2018-19,202397,Ish Smith,1610612765,DET,G,30,56,56,1,207,443,0.467,0.448,0.019
2018-19,203118,Mike Scott,1610612755,PHI,F,30,78,78,1,193,442,0.437,0.452,-0.015
2018-19,203506,Victor Oladipo,1610612754,IND,G,27,36,36,1,207,442,0.468,0.446,0.023
2018-19,1628395,Jordan Bell,1610612744,GSW,F,24,65,65,1,211,440,0.48,0.462,0.017
2018-19,204025,Tim Frazier,1610612749,MIL,G,28,55,55,1,212,439,0.483,0.437,0.046
2018-19,203926,Doug McDermott,1610612754,IND,F,27,77,77,1,192,438,0.438,0.438,0
2018-19,203894,Shabazz Napier,1610612751,BKN,G,27,54,54,1,194,432,0.449,0.446,0.004
2018-19,201961,Wayne Ellington,1610612765,DET,G,31,52,52,1,193,432,0.447,0.447,-0.001
2018-19,1626245,Cristiano Felicio,1610612741,CHI,F-C,26,57,57,1,219,428,0.512,0.475,0.037
2018-19,203914,Gary Harris,1610612743,DEN,G,24,57,57,1,185,426,0.434,0.455,-0.021
2018-19,1627774,Jake Layman,1610612757,POR,F,25,69,69,1,199,426,0.467,0.441,0.026
2018-19,1628021,David Nwaba,1610612739,CLE,G,26,50,50,1,197,424,0.465,0.457,0.008
2018-19,201952,Jeff Teague,1610612750,MIN,G,31,42,42,1,207,424,0.488,0.452,0.036
2018-19,1717,Dirk Nowitzki,1610612742,DAL,F,41,51,51,1,207,421,0.492,0.472,0.02
2018-19,202734,E'Twaun Moore,1610612740,NOP,G,30,53,53,1,205,420,0.488,0.452,0.036
2018-19,203516,James Ennis III,1610612755,PHI,F,28,58,58,1,219,419,0.523,0.46,0.063
2018-19,1629026,Kenrich Williams,1610612740,NOP,G-F,24,43,43,1,216,416,0.519,0.455,0.064
2018-19,202687,Bismack Biyombo,1610612766,CHA,C,26,53,53,1,200,415,0.482,0.47,0.012
2018-19,203504,Trey Burke,1610612742,DAL,G,26,56,56,1,180,415,0.434,0.44,-0.007
2018-19,1627747,Caris LeVert,1610612751,BKN,G,24,40,40,1,195,413,0.472,0.451,0.022
2018-19,1629001,De'Anthony Melton,1610612756,PHX,G,21,48,48,1,192,407,0.472,0.452,0.019
2018-19,201163,Wilson Chandler,1610612746,LAC,F,32,49,49,1,174,405,0.43,0.454,-0.024
2018-19,1626163,Frank Kaminsky,1610612766,CHA,F-C,26,45,45,1,205,405,0.506,0.464,0.042
2018-19,1626188,Quinn Cook,1610612744,GSW,G,26,68,68,1,208,399,0.521,0.44,0.081
2018-19,1629016,Omari Spellman,1610612737,ATL,F,21,44,44,1,156,398,0.392,0.459,-0.067
2018-19,203079,Dion Waiters,1610612748,MIA,G,27,44,44,1,175,396,0.442,0.449,-0.007
2018-19,1628379,Luke Kennard,1610612765,DET,G,23,62,62,1,185,393,0.471,0.443,0.028
2018-19,1628385,Harry Giles III,1610612758,SAC,F-C,21,58,58,1,183,392,0.467,0.48,-0.013
2018-19,1626169,Stanley Johnson,1610612740,NOP,F,23,63,63,1,175,391,0.448,0.456,-0.009
2018-19,1627863,Danuel House Jr.,1610612745,HOU,F-G,26,39,39,1,191,387,0.494,0.454,0.039
2018-19,203937,Kyle Anderson,1610612763,MEM,F,25,43,43,1,166,387,0.429,0.462,-0.033
2018-19,201149,Joakim Noah,1610612763,MEM,C,34,42,42,1,156,384,0.406,0.467,-0.061
2018-19,201229,Anthony Tolliver,1610612750,MIN,F,34,59,59,1,172,383,0.449,0.454,-0.005
2018-19,203933,T.J. Warren,1610612756,PHX,F,25,43,43,1,200,380,0.526,0.465,0.061
2018-19,202322,John Wall,1610612764,WAS,G,28,32,32,1,178,377,0.472,0.45,0.022
2018-19,202335,Patrick Patterson,1610612760,OKC,F,30,60,60,1,170,366,0.464,0.467,-0.002
2018-19,203115,Will Barton,1610612743,DEN,G,28,43,43,1,188,363,0.518,0.456,0.061
2018-19,1627812,Yogi Ferrell,1610612758,SAC,G,26,66,66,1,165,362,0.456,0.432,0.023
2018-19,1626181,Norman Powell,1610612761,TOR,F-G,26,59,59,1,153,362,0.423,0.445,-0.022
2018-19,1628402,Frank Jackson,1610612740,NOP,G,21,57,57,1,176,362,0.486,0.449,0.037
2018-19,1629059,Elie Okobo,1610612756,PHX,G,21,52,52,1,174,361,0.482,0.448,0.034
2018-19,202702,Kenneth Faried,1610612745,HOU,F-C,29,36,36,1,179,361,0.496,0.467,0.029
2018-19,1628425,Sterling Brown,1610612749,MIL,G,24,57,57,1,170,358,0.475,0.445,0.03
2018-19,203917,Nik Stauskas,1610612739,CLE,G,25,68,68,1,166,354,0.469,0.433,0.036
2018-19,201967,Dante Cunningham,1610612759,SAS,F,32,59,59,1,180,353,0.51,0.467,0.043
2018-19,1628035,Alfonzo McKinnie,1610612744,GSW,F,26,69,69,1,163,352,0.463,0.452,0.011
2018-19,1628397,Ivan Rabb,1610612763,MEM,F,22,48,48,1,182,349,0.521,0.459,0.062
2018-19,1628370,Malik Monk,1610612766,CHA,G,21,68,68,1,173,348,0.497,0.44,0.057
2018-19,203521,Matthew Dellavedova,1610612739,CLE,G,28,48,48,1,163,346,0.471,0.445,0.026
2018-19,203920,Khem Birch,1610612753,ORL,C,26,50,50,1,154,346,0.445,0.458,-0.013
2018-19,203524,Solomon Hill,1610612740,NOP,F,28,44,44,1,138,341,0.405,0.45,-0.045
2018-19,1626170,Jerian Grant,1610612753,ORL,G,26,53,53,1,167,336,0.497,0.445,0.052
2018-19,203613,Jonathon Simmons,1610612755,PHI,F,29,51,51,1,152,334,0.455,0.447,0.008
2018-19,202362,Lance Stephenson,1610612747,LAL,G,28,65,65,1,156,333,0.468,0.448,0.021
2018-19,2733,Shaun Livingston,1610612744,GSW,G,33,64,64,1,138,332,0.416,0.443,-0.028
2018-19,203546,Ian Clark,1610612740,NOP,G,28,54,54,1,172,326,0.528,0.438,0.09
2018-19,1628373,Frank Ntilikina,1610612752,NYK,G,20,42,42,1,150,326,0.46,0.454,0.006
2018-19,1628990,Chandler Hutchison,1610612741,CHI,F,23,43,43,1,143,325,0.44,0.454,-0.014
2018-19,201609,Goran Dragic,1610612748,MIA,G,33,36,36,1,141,324,0.435,0.442,-0.007
2018-19,203998,Bruno Caboclo,1610612763,MEM,F,23,33,33,1,144,323,0.446,0.454,-0.008
2018-19,101161,Amir Johnson,1610612755,PHI,C-F,32,49,49,1,153,320,0.478,0.466,0.012
2018-19,202328,Greg Monroe,1610612755,PHI,C,29,39,39,1,148,307,0.482,0.475,0.007
2018-19,1628972,Troy Brown Jr.,1610612764,WAS,F,19,45,45,1,134,304,0.441,0.44,0
2018-19,1626184,Chasson Randle,1610612764,WAS,G,26,48,48,1,153,298,0.513,0.446,0.067
2018-19,1628413,Jonah Bolden,1610612755,PHI,F,23,40,40,1,126,296,0.426,0.471,-0.045
2018-19,202498,Lance Thomas,1610612752,NYK,F,31,46,46,1,140,294,0.476,0.473,0.003
2018-19,1626155,Sam Dekker,1610612764,WAS,F,25,44,44,1,143,290,0.493,0.457,0.036
2018-19,203459,Allen Crabbe,1610612751,BKN,G-F,27,43,43,1,124,289,0.429,0.442,-0.013
2018-19,2734,Devin Harris,1610612742,DAL,G,36,62,62,1,136,287,0.474,0.448,0.026
2018-19,1626203,Treveon Graham,1610612751,BKN,F,25,34,34,1,122,285,0.428,0.456,-0.028
2018-19,201585,Kosta Koufos,1610612758,SAC,C,30,41,41,1,123,284,0.433,0.482,-0.049
2018-19,1627846,Abdel Nader,1610612760,OKC,F,25,51,51,1,125,277,0.451,0.444,0.007
2018-19,2037,Jamal Crawford,1610612756,PHX,G,39,59,59,1,143,274,0.522,0.447,0.075
2018-19,2403,Nene,1610612745,HOU,C-F,36,42,42,1,123,272,0.452,0.47,-0.018
2018-19,1627745,Damian Jones,1610612744,GSW,C,24,24,24,1,127,269,0.472,0.469,0.003
2018-19,1628407,Dwayne Bacon,1610612766,CHA,G-F,23,40,40,1,125,267,0.468,0.456,0.012
2018-19,1626257,Salah Mejri,1610612742,DAL,C,33,34,34,1,131,266,0.492,0.481,0.012
2018-19,101133,Ian Mahinmi,1610612764,WAS,C,32,32,32,1,134,264,0.508,0.466,0.042
2018-19,1628984,Devonte' Graham,1610612766,CHA,G,24,44,44,1,126,252,0.5,0.443,0.057
2018-19,202688,Brandon Knight,1610612739,CLE,G,27,39,39,1,130,249,0.522,0.452,0.07
2018-19,201567,Kevin Love,1610612739,CLE,F-C,30,22,22,1,109,249,0.438,0.464,-0.026
2018-19,2225,Tony Parker,1610612766,CHA,G,37,54,54,1,102,248,0.411,0.428,-0.017
2018-19,1627737,Marquese Chriss,1610612739,CLE,F,21,41,41,1,128,247,0.518,0.462,0.056
2018-19,1629109,Gary Clark,1610612745,HOU,F,24,45,45,1,127,245,0.518,0.456,0.062
2018-19,203957,Dante Exum,1610612762,UTA,G,23,40,40,1,102,241,0.423,0.443,-0.02
2018-19,203584,Troy Daniels,1610612756,PHX,G,27,49,49,1,116,241,0.481,0.452,0.029
2018-19,200826,J.J. Barea,1610612742,DAL,G,35,38,38,1,118,241,0.49,0.441,0.049
2018-19,1628388,T.J. Leaf,1610612754,IND,F,22,56,56,1,88,237,0.371,0.451,-0.079
2018-19,1629021,Moritz Wagner,1610612747,LAL,C,22,38,38,1,105,233,0.451,0.468,-0.017
2018-19,1628416,Tyler Dorsey,1610612763,MEM,G,23,42,42,1,117,232,0.504,0.449,0.055
2018-19,1627936,Alex Caruso,1610612747,LAL,G,25,24,24,1,95,230,0.413,0.446,-0.033
2018-19,1626166,Cameron Payne,1610612739,CLE,G,24,35,35,1,130,230,0.565,0.447,0.118
2018-19,1628469,Antonio Blakeney,1610612741,CHI,G,22,51,51,1,124,225,0.551,0.44,0.111
2018-19,101139,CJ Miles,1610612763,MEM,F-G,32,51,51,1,87,223,0.39,0.448,-0.058
2018-19,1627788,Furkan Korkmaz,1610612755,PHI,G-F,21,44,44,1,100,222,0.45,0.45,0
2018-19,1627820,Tyrone Wallace,1610612746,LAC,G,25,54,54,1,97,217,0.447,0.442,0.005
2018-19,201573,Jerryd Bayless,1610612750,MIN,G,30,33,33,1,109,217,0.502,0.445,0.057
2018-19,203477,Isaiah Canaan,1610612749,MIL,G,28,29,29,1,107,215,0.498,0.453,0.045
2018-19,101181,Jose Calderon,1610612765,DET,G,37,43,43,1,101,214,0.472,0.442,0.03
2018-19,203124,Kyle O'Quinn,1610612754,IND,C,29,36,36,1,100,214,0.467,0.474,-0.007
2018-19,203518,Alex Abrines,1610612760,OKC,G,25,31,31,1,101,212,0.476,0.446,0.03
2018-19,1628988,Aaron Holiday,1610612754,IND,G,22,43,43,1,86,211,0.408,0.44,-0.032
2018-19,1628966,Keita Bates-Diop,1610612750,MIN,F,23,28,28,1,91,210,0.433,0.453,-0.019
2018-19,101112,Channing Frye,1610612739,CLE,F-C,36,34,34,1,117,207,0.565,0.481,0.085
2018-19,1628400,Semi Ojeleye,1610612738,BOS,F,24,48,48,1,93,205,0.454,0.455,-0.002
2018-19,202720,Jon Leuer,1610612765,DET,F,30,39,39,1,114,204,0.559,0.48,0.079
2018-19,203922,Glenn Robinson III,1610612765,DET,G-F,25,42,42,1,99,203,0.488,0.453,0.035
2018-19,1627789,Timothe Luwawu-Cabarrot,1610612741,CHI,G-F,24,40,40,1,95,202,0.47,0.44,0.031
2018-19,200757,Thabo Sefolosha,1610612762,UTA,F,35,47,47,1,84,200,0.42,0.453,-0.033
2018-19,2200,Pau Gasol,1610612749,MIL,C-F,38,29,29,1,100,199,0.503,0.487,0.015
2018-19,1628515,Isaiah Briscoe,1610612753,ORL,G,23,34,34,1,84,197,0.426,0.443,-0.016
2018-19,203526,Raul Neto,1610612762,UTA,G,27,35,35,1,86,195,0.441,0.435,0.006
2018-19,1628975,Jevon Carter,1610612763,MEM,G,23,36,36,1,87,189,0.46,0.44,0.021
2018-19,202325,Wesley Johnson,1610612764,WAS,F-G,31,37,37,1,85,182,0.467,0.456,0.011
2018-19,1629140,Johnathan Williams,1610612747,LAL,F,24,23,23,1,81,180,0.45,0.469,-0.019
2018-19,202327,Ekpe Udoh,1610612762,UTA,C-F,32,43,43,1,86,179,0.48,0.459,0.022
2018-19,201147,Corey Brewer,1610612758,SAC,G-F,33,31,31,1,80,177,0.452,0.449,0.003
2018-19,201956,Omri Casspi,1610612763,MEM,F,31,35,35,1,69,174,0.397,0.455,-0.058
2018-19,1629057,Robert Williams III,1610612738,BOS,C-F,21,28,28,1,76,173,0.439,0.475,-0.035
2018-19,1627777,Georges Niang,1610612762,UTA,F,26,50,50,1,82,173,0.474,0.452,0.022
2018-19,1628417,Jaron Blossomgame,1610612739,CLE,F,25,26,26,1,74,165,0.448,0.453,-0.004
2018-19,1629004,Svi Mykhailiuk,1610612765,DET,G,22,40,40,1,68,164,0.415,0.444,-0.029
2018-19,1628960,Grayson Allen,1610612762,UTA,G,23,32,32,1,77,164,0.47,0.439,0.03
2018-19,1628977,Hamidou Diallo,1610612760,OKC,G,20,41,41,1,78,161,0.484,0.447,0.037
2018-19,1627814,Damion Lee,1610612744,GSW,G,26,29,29,1,78,160,0.488,0.438,0.049
2018-19,2736,Luol Deng,1610612750,MIN,F,34,22,22,1,56,159,0.352,0.453,-0.101
2018-19,1626147,Justin Anderson,1610612737,ATL,G-F,25,42,42,1,82,156,0.526,0.447,0.079
2018-19,1628412,Frank Mason III,1610612758,SAC,G,25,34,34,1,67,155,0.432,0.436,-0.004
2018-19,1626185,Jarell Martin,1610612753,ORL,F,25,36,36,1,69,151,0.457,0.468,-0.011
2018-19,1628978,Donte DiVincenzo,1610612749,MIL,G,22,27,27,1,59,150,0.393,0.438,-0.045
2018-19,203487,Michael Carter-Williams,1610612753,ORL,G,27,22,22,1,74,149,0.497,0.439,0.058
2018-19,1628392,Isaiah Hartenstein,1610612745,HOU,F-C,21,28,28,1,57,140,0.407,0.456,-0.049
2018-19,202954,Brad Wanamaker,1610612738,BOS,G,29,33,33,1,56,139,0.403,0.444,-0.041
2018-19,1629121,Jaylen Adams,1610612737,ATL,G,23,31,31,1,63,139,0.453,0.444,0.009
2018-19,1628443,Kadeem Allen,1610612752,NYK,G,26,19,19,1,65,139,0.468,0.442,0.025
2018-19,202718,Chandler Parsons,1610612763,MEM,F,30,25,25,1,61,139,0.439,0.448,-0.009
2018-19,1629151,Ryan Broekhoff,1610612742,DAL,G-F,28,34,34,1,54,138,0.391,0.437,-0.046
2018-19,101109,Raymond Felton,1610612760,OKC,G,35,29,29,1,67,138,0.486,0.448,0.037
2018-19,1627824,Guerschon Yabusele,1610612738,BOS,F,23,37,37,1,58,133,0.436,0.453,-0.017
2018-19,1626174,Christian Wood,1610612740,NOP,F,23,20,20,1,59,132,0.447,0.441,0.006
2018-19,203895,Jordan McRae,1610612764,WAS,G,28,21,21,1,64,131,0.489,0.45,0.039
2018-19,201584,Courtney Lee,1610612742,DAL,G,33,32,32,1,58,130,0.446,0.448,-0.002
2018-19,202705,MarShon Brooks,1610612763,MEM,G,30,29,29,1,57,130,0.438,0.444,-0.005
2018-19,1628365,Markelle Fultz,1610612753,ORL,G,21,17,17,1,54,124,0.435,0.442,-0.006
2018-19,1628414,Sindarius Thornwell,1610612746,LAC,G,24,43,43,1,55,123,0.447,0.441,0.006
2018-19,201563,Michael Beasley,1610612747,LAL,F,30,25,25,1,56,120,0.467,0.445,0.022
2018-19,2546,Carmelo Anthony,1610612745,HOU,F,35,10,10,1,58,119,0.487,0.459,0.028
2018-19,203089,John Henson,1610612739,CLE,F,28,14,14,1,37,118,0.314,0.457,-0.143
2018-19,1627816,Alex Poythress,1610612737,ATL,F,25,21,21,1,49,118,0.415,0.458,-0.043
2018-19,201160,Jason Smith,1610612740,NOP,F-C,33,18,18,1,49,117,0.419,0.458,-0.039
2018-19,1628415,Dillon Brooks,1610612763,MEM,G-F,23,18,18,1,49,112,0.438,0.448,-0.01
2018-19,202347,Quincy Pondexter,1610612759,SAS,F,31,37,37,1,49,109,0.45,0.448,0.001
2018-19,1628449,Chris Boucher,1610612761,TOR,F,26,28,28,1,48,109,0.44,0.463,-0.022
2018-19,1627740,Henry Ellenson,1610612752,NYK,F,22,19,19,1,58,109,0.532,0.459,0.073
2018-19,1627786,Troy Williams,1610612758,SAC,F,24,21,21,1,55,109,0.505,0.439,0.066
2018-19,1629010,Jerome Robinson,1610612746,LAC,G,22,27,27,1,52,108,0.481,0.444,0.037
2018-19,1627775,Patrick McCaw,1610612761,TOR,G,23,26,26,1,51,107,0.477,0.435,0.042
2018-19,201583,Ryan Anderson,1610612748,MIA,F,31,21,21,1,46,101,0.455,0.46,-0.004
2018-19,1627746,Skal Labissiere,1610612757,POR,F,23,20,20,1,52,101,0.515,0.456,0.058
2018-19,203101,Miles Plumlee,1610612737,ATL,C,30,17,17,1,54,98,0.551,0.471,0.08
2018-19,2730,Dwight Howard,1610612764,WAS,C,33,9,9,1,45,98,0.459,0.493,-0.034
2018-19,1627395,Julian Washburn,1610612763,MEM,F-G,27,16,16,1,43,97,0.443,0.448,-0.004
2018-19,1627772,Daniel Hamilton,1610612737,ATL,G-F,23,17,17,1,39,94,0.415,0.446,-0.031
2018-19,1629244,Cam Reynolds,1610612750,MIN,G,24,17,17,1,49,93,0.527,0.454,0.073
2018-19,1629126,Deonte Burton,1610612760,OKC,G,25,21,21,1,36,92,0.391,0.448,-0.056
2018-19,101106,Andrew Bogut,1610612744,GSW,C,34,11,11,1,41,92,0.446,0.47,-0.024
2018-19,1629034,Ray Spalding,1610612756,PHX,F,22,14,14,1,47,91,0.516,0.494,0.022
2018-19,203098,John Jenkins,1610612752,NYK,G,28,26,26,1,42,90,0.467,0.445,0.022
2018-19,1628403,Caleb Swanigan,1610612758,SAC,F,22,18,18,1,41,87,0.471,0.481,-0.01
2018-19,1628410,Edmond Sumner,1610612754,IND,G,23,19,19,1,43,85,0.506,0.451,0.055
2018-19,1628980,Jacob Evans,1610612744,GSW,G,22,21,21,1,41,83,0.494,0.434,0.06
2018-19,1629033,Theo Pinson,1610612751,BKN,G-F,23,15,15,1,30,81,0.37,0.441,-0.071
2018-19,1627883,Jalen Jones,1610612739,CLE,F,26,16,16,1,44,81,0.543,0.451,0.092
2018-19,203485,Lorenzo Brown,1610612761,TOR,G,28,21,21,1,34,77,0.442,0.444,-0.002
2018-19,1629003,Shake Milton,1610612755,PHI,G,22,17,17,1,36,74,0.486,0.446,0.04
2018-19,1626150,Andrew Harrison,1610612740,NOP,G,24,15,15,1,31,71,0.437,0.443,-0.006
2018-19,1629061,Deng Adel,1610612739,CLE,F,22,14,14,1,35,71,0.493,0.453,0.04
2018-19,1629234,Drew Eubanks,1610612759,SAS,F,22,19,19,1,33,69,0.478,0.454,0.024
2018-19,1627738,Deyonta Davis,1610612737,ATL,C-F,22,8,8,1,22,66,0.333,0.472,-0.139
2018-19,1629541,Dairis Bertans,1610612740,NOP,G,29,12,12,1,36,65,0.554,0.423,0.131
2018-19,203112,Quincy Acy,1610612756,PHX,F,28,10,10,1,25,65,0.385,0.456,-0.071
2018-19,2747,JR Smith,1610612739,CLE,G-F,33,9,9,1,35,63,0.556,0.451,0.104
2018-19,1627215,Walt Lemon Jr.,1610612741,CHI,G,26,6,6,1,34,63,0.54,0.45,0.09
2018-19,1628405,Johnathan Motley,1610612746,LAC,F,24,18,18,1,34,63,0.54,0.459,0.081
2018-19,203092,Tyler Zeller,1610612763,MEM,C,29,6,6,1,23,63,0.365,0.468,-0.103
2018-19,1629102,Brandon Sampson,1610612741,CHI,G,22,13,13,1,29,62,0.468,0.437,0.031
2018-19,1629203,Jemerrio Jones,1610612747,LAL,F,24,5,5,1,25,61,0.41,0.462,-0.052
2018-19,202738,Isaiah Thomas,1610612743,DEN,G,30,12,12,1,21,60,0.35,0.456,-0.106
2018-19,1629002,Chimezie Metu,1610612759,SAS,F,22,22,22,1,28,60,0.467,0.44,0.027
2018-19,1628462,Milos Teodosic,1610612746,LAC,G,32,13,13,1,33,60,0.55,0.433,0.117
2018-19,1629130,Duncan Robinson,1610612748,MIA,F,25,11,11,1,28,59,0.475,0.43,0.045
2018-19,1629014,Anfernee Simons,1610612757,POR,G,20,15,15,1,28,56,0.5,0.436,0.064
2018-19,1629139,Yuta Watanabe,1610612763,MEM,G,24,11,11,1,23,56,0.411,0.434,-0.024
2018-19,1627758,Ron Baker,1610612764,WAS,G,26,11,11,1,25,55,0.455,0.431,0.024
2018-19,203710,C.J. Williams,1610612750,MIN,G,29,12,12,1,25,54,0.463,0.452,0.011
2018-19,203960,JaKarr Sampson,1610612741,CHI,F,26,4,4,1,21,54,0.389,0.436,-0.047
2018-19,203463,Ben McLemore,1610612758,SAC,G,26,15,15,1,28,53,0.528,0.454,0.074
2018-19,1629018,Gary Trent Jr.,1610612757,POR,G,20,12,12,1,26,51,0.51,0.434,0.076
2018-19,1629017,Khyri Thomas,1610612765,DET,G,23,18,18,1,20,48,0.417,0.448,-0.032
2018-19,1628959,Rawle Alkins,1610612741,CHI,G,21,7,7,1,19,46,0.413,0.451,-0.038
2018-19,1629067,Isaac Bonga,1610612747,LAL,G,19,15,15,1,25,46,0.543,0.461,0.083
2018-19,1627735,Wade Baldwin IV,1610612757,POR,G,23,13,13,1,22,44,0.5,0.429,0.071
2018-19,1629094,Marcus Derrickson,1610612744,GSW,F,23,11,11,1,19,41,0.463,0.431,0.032
2018-19,1629015,Zhaire Smith,1610612755,PHI,G,20,5,5,1,16,39,0.41,0.444,-0.033
2018-19,1629022,Lonnie Walker IV,1610612759,SAS,G,20,13,13,1,15,39,0.385,0.455,-0.071
2018-19,1628993,Alize Johnson,1610612754,IND,F,23,11,11,1,16,38,0.421,0.46,-0.039
2018-19,1629123,Jared Terrell,1610612750,MIN,G,24,11,11,1,10,38,0.263,0.425,-0.162
2018-19,1629045,Bonzie Colson,1610612749,MIL,F,23,5,5,1,20,38,0.526,0.443,0.084
2018-19,1628513,Naz Mitrou-Long,1610612762,UTA,G,25,12,12,1,16,36,0.444,0.438,0.007
2018-19,1628518,Amile Jefferson,1610612753,ORL,F,26,11,11,1,18,36,0.5,0.45,0.05
2018-19,1629020,Jarred Vanderbilt,1610612743,DEN,F,20,10,10,1,15,35,0.429,0.457,-0.028
2018-19,1628421,Devin Robinson,1610612764,WAS,F,24,7,7,1,15,34,0.441,0.444,-0.003
2018-19,1628399,Tyler Lydon,1610612743,DEN,F,23,16,16,1,17,32,0.531,0.455,0.076
2018-19,2617,Udonis Haslem,1610612748,MIA,F,39,7,7,1,12,32,0.375,0.45,-0.075
2018-19,1626259,Malcolm Miller,1610612761,TOR,F,26,10,10,1,9,32,0.281,0.409,-0.128
2018-19,1629353,Isaac Humphries,1610612737,ATL,C,21,5,5,1,15,30,0.5,0.46,0.04
2018-19,203263,James Nunnally,1610612745,HOU,F,28,13,13,1,16,26,0.615,0.456,0.159
2018-19,203961,Eric Moreland,1610612761,TOR,F-C,27,5,5,1,11,25,0.44,0.441,-0.001
2018-19,201975,Jodie Meeks,1610612761,TOR,G,31,7,7,1,15,25,0.6,0.422,0.178
2018-19,1628439,Isaiah Hicks,1610612752,NYK,F,24,3,3,1,11,23,0.478,0.442,0.036
2018-19,201601,Luc Mbah a Moute,1610612746,LAC,F,32,4,4,1,8,23,0.348,0.445,-0.098
2018-19,1629133,Daryl Macon,1610612742,DAL,G,23,7,7,1,9,22,0.409,0.427,-0.018
2018-19,202690,Jimmer Fredette,1610612756,PHX,G,30,6,6,1,12,22,0.545,0.435,0.11
2018-19,1627781,Malachi Richardson,1610612761,TOR,G,23,12,12,1,14,22,0.636,0.43,0.206
2018-19,1628656,Billy Garrett,1610612752,NYK,G-F,24,4,4,1,14,22,0.636,0.442,0.194
2018-19,1628432,Davon Reed,1610612754,IND,G,24,8,8,1,7,20,0.35,0.43,-0.08
2018-19,1629118,Thomas Welsh,1610612743,DEN,C,23,7,7,1,8,20,0.4,0.467,-0.067
2018-19,1629168,BJ Johnson,1610612758,SAC,F,23,7,7,1,11,20,0.55,0.436,0.114
2018-19,1628396,Tony Bradley,1610612762,UTA,C,21,2,2,1,12,20,0.6,0.472,0.128
2018-19,1629150,Emanuel Terry,1610612748,MIA,F,22,3,3,1,12,18,0.667,0.464,0.202
2018-19,1628070,Jordan Loyd,1610612761,TOR,G,25,9,9,1,10,18,0.556,0.441,0.115
2018-19,1629164,Brandon Goodwin,1610612743,DEN,G,23,11,11,1,10,18,0.556,0.447,0.108
2018-19,1628393,Jawun Evans,1610612760,OKC,G,22,7,7,1,8,16,0.5,0.465,0.036
2018-19,1628982,Melvin Frazier Jr.,1610612753,ORL,G-F,22,9,9,1,9,14,0.643,0.434,0.209
2018-19,1629185,Chris Chiozza,1610612745,HOU,G,23,6,6,1,4,14,0.286,0.414,-0.129
2018-19,1628408,PJ Dozier,1610612738,BOS,G-F,22,3,3,1,11,14,0.786,0.492,0.294
2018-19,1628249,Mitchell Creek,1610612750,MIN,F-G,27,3,3,1,5,13,0.385,0.469,-0.084
2018-19,1626210,Alan Williams,1610612751,BKN,F-C,26,5,5,1,3,13,0.231,0.442,-0.211
2018-19,1626154,RJ Hunter,1610612738,BOS,G,25,1,1,1,3,12,0.25,0.483,-0.233
2018-19,1628383,Justin Patton,1610612755,PHI,C,22,2,2,1,8,12,0.667,0.427,0.239
2018-19,1629312,Haywood Highsmith,1610612755,PHI,F,22,4,4,1,5,11,0.455,0.408,0.047
2018-19,1628999,Yante Maten,1610612748,MIA,F,22,1,1,1,3,11,0.273,0.399,-0.126
2018-19,1628463,Tyler Cavanaugh,1610612762,UTA,F,25,6,6,1,5,11,0.455,0.456,-0.001
2018-19,1627743,Demetrius Jackson,1610612755,PHI,G,24,4,4,1,3,11,0.273,0.416,-0.143
2018-19,201156,Nick Young,1610612743,DEN,G-F,34,3,3,1,5,10,0.5,0.425,0.076
2018-19,1628605,Dusty Hannahs,1610612763,MEM,G,25,2,2,1,3,10,0.3,0.468,-0.168
2018-19,1629152,DeVaughn Akoon-Purcell,1610612743,DEN,G-F,26,5,5,1,6,9,0.667,0.448,0.219
2018-19,1629058,Dzanan Musa,1610612751,BKN,G-F,20,4,4,1,4,8,0.5,0.402,0.098
2018-19,1627780,Gary Payton II,1610612764,WAS,G,26,2,2,1,3,8,0.375,0.421,-0.046
2018-19,1628537,Jaylen Morris,1610612749,MIL,G,23,3,3,1,0,8,0,0.422,-0.422
2018-19,1629122,J.P. Macura,1610612766,CHA,G,24,2,2,1,4,8,0.5,0.484,0.016
2018-19,1629116,Angel Delgado,1610612746,LAC,C,24,1,1,1,2,7,0.286,0.482,-0.197
2018-19,1628961,Kostas Antetokounmpo,1610612742,DAL,F,21,2,2,1,1,6,0.167,0.454,-0.287
2018-19,202700,Donatas Motiejunas,1610612759,SAS,F-C,28,3,3,1,1,6,0.167,0.402,-0.236
2018-19,203159,Scott Machado,1610612747,LAL,G,29,2,2,1,1,4,0.25,0.411,-0.161
2018-19,1628505,Troy Caupain,1610612753,ORL,G,23,3,3,1,0,4,0,0.365,-0.365
2018-19,1628979,Trevon Duval,1610612745,HOU,G,20,2,2,1,2,4,0.5,0.406,0.094
2018-19,201281,Andre Ingram,1610612747,LAL,G,33,3,3,1,1,4,0.25,0.458,-0.208
2018-19,1628387,Ike Anigbogu,1610612754,IND,C,20,2,2,1,4,4,1,0.607,0.394
2018-19,1627855,Okaro White,1610612764,WAS,F,26,3,3,1,1,4,0.25,0.426,-0.176
2018-19,1629053,Vincent Edwards,1610612745,HOU,F,23,1,1,1,0,3,0,0.418,-0.418
2018-19,203474,DJ Stephens,1610612763,MEM,G-F,28,1,1,1,2,3,0.667,0.427,0.239
2018-19,1628994,George King,1610612756,PHX,F,25,1,1,1,3,3,1,0.45,0.55
2018-19,203093,Terrence Jones,1610612745,HOU,F,27,1,1,1,1,2,0.5,0.286,0.214
2018-19,1629055,Donte Grantham,1610612760,OKC,F,24,2,2,1,1,2,0.5,0.485,0.016
2018-19,1628769,Tahjere McCall,1610612751,BKN,G,24,1,1,1,0,1,0,0.477,-0.477
2018-19,1629093,Tyler Davis,1610612760,OKC,C,22,1,1,1,0,1,0,0.553,-0.553
2018-19,1628424,Kobi Simmons,1610612739,CLE,G,21,1,1,1,0,1,0,0.42,-0.42
2019-20,203497,Rudy Gobert,1610612762,UTA,C,28,68,68,1,643,1555,0.414,0.477,-0.063
2019-20,201572,Brook Lopez,1610612749,MIL,C,32,67,67,1,559,1310,0.427,0.48,-0.053
2019-20,203999,Nikola Jokić,1610612743,DEN,C,25,73,73,1,617,1261,0.489,0.498,-0.009
2019-20,202355,Hassan Whiteside,1610612757,POR,C,31,66,66,1,556,1197,0.464,0.49,-0.025
2019-20,1628386,Jarrett Allen,1610612751,BKN,C,22,70,70,1,524,1148,0.456,0.481,-0.025
2019-20,201935,James Harden,1610612745,HOU,G,30,68,68,1,517,1134,0.456,0.46,-0.004
2019-20,202696,Nikola Vučević,1610612753,ORL,C,29,62,62,1,558,1122,0.497,0.483,0.014
2019-20,202685,Jonas Valanciunas,1610612763,MEM,C,28,70,70,1,504,1104,0.457,0.485,-0.029
2019-20,1627734,Domantas Sabonis,1610612754,IND,F-C,24,62,62,1,494,1088,0.454,0.474,-0.02
2019-20,200782,P.J. Tucker,1610612745,HOU,F,35,71,71,1,478,1052,0.454,0.464,-0.01
2019-20,1628389,Bam Adebayo,1610612748,MIA,C-F,22,71,71,1,454,1047,0.434,0.473,-0.04
2019-20,201143,Al Horford,1610612755,PHI,C-F,34,67,67,1,492,1040,0.473,0.475,-0.002
2019-20,1626149,Montrezl Harrell,1610612746,LAC,F-C,26,63,63,1,440,1021,0.431,0.477,-0.046
2019-20,203083,Andre Drummond,1610612739,CLE,C,26,56,56,1,523,1016,0.515,0.492,0.022
2019-20,203468,CJ McCollum,1610612757,POR,G,28,69,69,1,441,995,0.443,0.45,-0.007
2019-20,202357,Nemanja Bjelica,1610612758,SAC,F,32,72,72,1,488,995,0.49,0.469,0.021
2019-20,1627783,Pascal Siakam,1610612761,TOR,F,26,60,60,1,430,994,0.433,0.464,-0.031
2019-20,203500,Steven Adams,1610612760,OKC,C,26,62,62,1,467,986,0.474,0.488,-0.015
2019-20,1628467,Maxi Kleber,1610612742,DAL,F,28,73,73,1,427,954,0.448,0.467,-0.019
2019-20,204001,Kristaps Porziņģis,1610612742,DAL,F-C,24,56,56,1,416,953,0.437,0.476,-0.039
2019-20,1628464,Daniel Theis,1610612738,BOS,F-C,28,65,65,1,429,950,0.452,0.481,-0.029
2019-20,1626167,Myles Turner,1610612754,IND,C-F,24,62,62,1,444,939,0.473,0.491,-0.018
2019-20,1627826,Ivica Zubac,1610612746,LAC,C,23,72,72,1,393,918,0.428,0.492,-0.063
2019-20,201950,Jrue Holiday,1610612740,NOP,G,30,61,61,1,410,914,0.449,0.461,-0.012
2019-20,203954,Joel Embiid,1610612755,PHI,C-F,26,51,51,1,412,911,0.452,0.491,-0.039
2019-20,200746,LaMarcus Aldridge,1610612759,SAS,C-F,34,52,52,1,403,906,0.445,0.483,-0.038
2019-20,1627741,Buddy Hield,1610612758,SAC,G,27,72,72,1,425,884,0.481,0.454,0.027
2019-20,203076,Anthony Davis,1610612747,LAL,F-C,27,62,62,1,357,883,0.404,0.471,-0.067
2019-20,1628983,Shai Gilgeous-Alexander,1610612760,OKC,G-F,21,70,70,1,421,878,0.479,0.456,0.023
2019-20,1627827,Dorian Finney-Smith,1610612742,DAL,F,27,70,70,1,382,875,0.437,0.466,-0.03
2019-20,203496,Robert Covington,1610612745,HOU,F,29,70,70,1,415,862,0.481,0.464,0.018
2019-20,1628415,Dillon Brooks,1610612763,MEM,G-F,24,73,73,1,378,856,0.442,0.455,-0.014
2019-20,1626220,Royce O'Neale,1610612762,UTA,F,27,71,71,1,411,856,0.48,0.46,0.02
2019-20,1628366,Lonzo Ball,1610612740,NOP,G,22,63,63,1,401,844,0.475,0.457,0.018
2019-20,202684,Tristan Thompson,1610612739,CLE,C-F,29,57,57,1,368,842,0.437,0.477,-0.04
2019-20,1628970,Miles Bridges,1610612766,CHA,F,22,64,64,1,390,836,0.467,0.466,0.001
2019-20,201586,Serge Ibaka,1610612761,TOR,F,30,55,55,1,352,829,0.425,0.476,-0.051
2019-20,1626164,Devin Booker,1610612756,PHX,G,23,70,70,1,395,828,0.477,0.454,0.023
2019-20,203084,Harrison Barnes,1610612758,SAC,F,28,72,72,1,395,824,0.479,0.461,0.018
2019-20,1628401,Derrick White,1610612759,SAS,G,25,67,67,1,384,812,0.473,0.46,0.013
2019-20,1628991,Jaren Jackson Jr.,1610612763,MEM,F-C,20,57,57,1,362,806,0.449,0.474,-0.025
2019-20,1629631,De'Andre Hunter,1610612737,ATL,F-G,22,63,63,1,374,805,0.465,0.459,0.006
2019-20,203944,Julius Randle,1610612752,NYK,F-C,25,64,64,1,349,788,0.443,0.469,-0.027
2019-20,1629012,Collin Sexton,1610612739,CLE,G,21,65,65,1,414,787,0.526,0.452,0.074
2019-20,203081,Damian Lillard,1610612757,POR,G,29,65,65,1,363,787,0.461,0.457,0.005
2019-20,202699,Tobias Harris,1610612755,PHI,F,27,72,72,1,382,785,0.487,0.464,0.023
2019-20,201567,Kevin Love,1610612739,CLE,F-C,31,56,56,1,403,783,0.515,0.473,0.042
2019-20,1629630,Ja Morant,1610612763,MEM,G,20,67,67,1,355,783,0.453,0.453,0
2019-20,201980,Danny Green,1610612747,LAL,G,33,68,68,1,376,782,0.481,0.46,0.02
2019-20,1629011,Mitchell Robinson,1610612752,NYK,C-F,22,61,61,1,349,782,0.446,0.474,-0.028
2019-20,1629028,Deandre Ayton,1610612756,PHX,C,21,38,38,1,323,781,0.414,0.476,-0.063
2019-20,1627863,Danuel House Jr.,1610612745,HOU,F-G,27,63,63,1,374,774,0.483,0.455,0.028
2019-20,1627832,Fred VanVleet,1610612761,TOR,G,26,54,54,1,328,770,0.426,0.453,-0.027
2019-20,1629023,P.J. Washington,1610612766,CHA,F,21,57,57,1,356,765,0.465,0.462,0.003
2019-20,200768,Kyle Lowry,1610612761,TOR,G,34,58,58,1,331,763,0.434,0.453,-0.02
2019-20,1629027,Trae Young,1610612737,ATL,G,21,60,60,1,388,761,0.51,0.446,0.064
2019-20,1628404,Josh Hart,1610612740,NOP,G,25,65,65,1,350,760,0.461,0.462,-0.001
2019-20,1626179,Terry Rozier,1610612766,CHA,G,26,62,62,1,376,760,0.495,0.454,0.041
2019-20,203501,Tim Hardaway Jr.,1610612742,DAL,G-F,28,70,70,1,352,759,0.464,0.454,0.009
2019-20,1628969,Mikal Bridges,1610612756,PHX,F,23,72,72,1,366,754,0.485,0.46,0.026
2019-20,203095,Evan Fournier,1610612753,ORL,G-F,27,66,66,1,378,752,0.503,0.455,0.048
2019-20,201599,DeAndre Jordan,1610612751,BKN,C,31,56,56,1,314,750,0.419,0.473,-0.054
2019-20,1627759,Jaylen Brown,1610612738,BOS,G-F,23,57,57,1,334,747,0.447,0.457,-0.01
2019-20,1628365,Markelle Fultz,1610612753,ORL,G,22,72,72,1,364,743,0.49,0.45,0.04
2019-20,203932,Aaron Gordon,1610612753,ORL,F,24,62,62,1,329,743,0.443,0.468,-0.025
2019-20,203200,Justin Holiday,1610612754,IND,F-G,31,73,73,1,325,741,0.439,0.453,-0.015
2019-20,1627732,Ben Simmons,1610612755,PHI,G-F,23,57,57,1,326,739,0.441,0.464,-0.023
2019-20,1629130,Duncan Robinson,1610612748,MIA,F,26,71,71,1,332,736,0.451,0.449,0.003
2019-20,1627742,Brandon Ingram,1610612740,NOP,F,22,62,62,1,335,735,0.456,0.455,0.001
2019-20,1629134,Kendrick Nunn,1610612748,MIA,G,24,66,66,1,350,734,0.477,0.45,0.027
2019-20,203915,Spencer Dinwiddie,1610612751,BKN,G,27,64,64,1,332,727,0.457,0.453,0.004
2019-20,202689,Kemba Walker,1610612738,BOS,G,30,56,56,1,334,725,0.461,0.45,0.01
2019-20,203967,Dario Saric,1610612756,PHX,F,26,65,65,1,327,724,0.452,0.465,-0.013
2019-20,201152,Thaddeus Young,1610612741,CHI,F,32,64,64,1,333,722,0.461,0.464,-0.003
2019-20,203145,Kent Bazemore,1610612758,SAC,G-F,30,68,68,1,320,721,0.444,0.455,-0.012
2019-20,1628984,Devonte' Graham,1610612766,CHA,G,25,62,62,1,352,721,0.488,0.449,0.039
2019-20,1628972,Troy Brown Jr.,1610612764,WAS,G-F,20,69,69,1,367,718,0.511,0.455,0.056
2019-20,203507,Giannis Antetokounmpo,1610612749,MIL,F,25,62,62,1,264,715,0.369,0.461,-0.092
2019-20,1627752,Taurean Prince,1610612751,BKN,F,26,64,64,1,334,714,0.468,0.462,0.005
2019-20,1627751,Jakob Poeltl,1610612759,SAS,C,24,65,65,1,339,713,0.475,0.484,-0.009
2019-20,203471,Dennis Schröder,1610612760,OKC,G,26,65,65,1,313,713,0.439,0.452,-0.013
2019-20,1626174,Christian Wood,1610612765,DET,F,24,60,60,1,325,713,0.456,0.471,-0.015
2019-20,203925,Joe Harris,1610612751,BKN,G-F,28,69,69,1,339,711,0.477,0.453,0.024
2019-20,203078,Bradley Beal,1610612764,WAS,G,27,57,57,1,334,709,0.471,0.454,0.017
2019-20,1628988,Aaron Holiday,1610612754,IND,G,23,65,65,1,313,708,0.442,0.448,-0.006
2019-20,203115,Will Barton,1610612743,DEN,G,29,58,58,1,341,704,0.484,0.459,0.025
2019-20,1629029,Luka Dončić,1610612742,DAL,F-G,21,59,59,1,334,704,0.474,0.457,0.018
2019-20,202324,Derrick Favors,1610612740,NOP,F,28,51,51,1,311,702,0.443,0.485,-0.042
2019-20,203897,Zach LaVine,1610612741,CHI,G-F,25,60,60,1,301,701,0.429,0.454,-0.024
2019-20,1629636,Darius Garland,1610612739,CLE,G,20,59,59,1,368,700,0.526,0.449,0.077
2019-20,203469,Cody Zeller,1610612766,CHA,F-C,27,57,57,1,359,700,0.513,0.488,0.025
2019-20,202709,Cory Joseph,1610612758,SAC,G,28,72,72,1,331,697,0.475,0.458,0.017
2019-20,1628381,John Collins,1610612737,ATL,F,22,41,41,1,319,696,0.458,0.465,-0.006
2019-20,202722,Davis Bertans,1610612764,WAS,F,27,54,54,1,337,695,0.485,0.463,0.022
2019-20,101108,Chris Paul,1610612760,OKC,G,35,70,70,1,340,692,0.491,0.458,0.033
2019-20,201577,Robin Lopez,1610612749,MIL,C,32,65,65,1,307,692,0.444,0.473,-0.029
2019-20,1626157,Karl-Anthony Towns,1610612750,MIN,C-F,24,35,35,1,340,689,0.493,0.484,0.009
2019-20,203952,Andrew Wiggins,1610612744,GSW,F,25,54,54,1,322,684,0.471,0.458,0.012
2019-20,203935,Marcus Smart,1610612738,BOS,G,26,60,60,1,291,681,0.427,0.455,-0.027
2019-20,202397,Ish Smith,1610612764,WAS,G,31,68,68,1,327,678,0.482,0.445,0.038
2019-20,201937,Ricky Rubio,1610612756,PHX,G,29,64,64,1,346,677,0.511,0.45,0.061
2019-20,203922,Glenn Robinson III,1610612755,PHI,F,26,62,62,1,347,677,0.513,0.466,0.046
2019-20,202710,Jimmy Butler III,1610612748,MIA,F,30,58,58,1,275,676,0.407,0.459,-0.053
2019-20,203109,Jae Crowder,1610612748,MIA,F,29,64,64,1,321,675,0.476,0.46,0.015
2019-20,203476,Gorgui Dieng,1610612763,MEM,C,30,62,62,1,307,675,0.455,0.476,-0.022
2019-20,1628384,OG Anunoby,1610612761,TOR,F,22,68,68,1,296,674,0.439,0.461,-0.022
2019-20,1628369,Jayson Tatum,1610612738,BOS,F-G,22,66,66,1,305,673,0.453,0.453,0
2019-20,1627750,Jamal Murray,1610612743,DEN,G,23,59,59,1,325,673,0.483,0.457,0.026
2019-20,1627749,Dejounte Murray,1610612759,SAS,G,23,65,65,1,327,670,0.488,0.465,0.023
2019-20,202066,Garrett Temple,1610612751,BKN,G-F,34,62,62,1,294,665,0.442,0.449,-0.007
2019-20,1628378,Donovan Mitchell,1610612762,UTA,G,23,69,69,1,323,664,0.486,0.451,0.035
2019-20,2730,Dwight Howard,1610612747,LAL,C-F,34,69,69,1,315,662,0.476,0.474,0.001
2019-20,203991,Clint Capela,1610612737,ATL,C,26,39,39,1,309,659,0.469,0.49,-0.021
2019-20,203992,Bogdan Bogdanović,1610612758,SAC,G,27,61,61,1,294,659,0.446,0.449,-0.003
2019-20,202339,Eric Bledsoe,1610612749,MIL,G,30,60,60,1,275,658,0.418,0.451,-0.033
2019-20,204060,Joe Ingles,1610612762,UTA,F-G,32,71,71,1,310,656,0.473,0.453,0.019
2019-20,202694,Marcus Morris Sr.,1610612746,LAC,F,30,62,62,1,291,652,0.446,0.464,-0.018
2019-20,202695,Kawhi Leonard,1610612746,LAC,F,29,57,57,1,278,651,0.427,0.463,-0.036
2019-20,203457,Nerlens Noel,1610612760,OKC,C-F,26,61,61,1,308,646,0.477,0.493,-0.016
2019-20,1628971,Bruce Brown,1610612765,DET,G-F,23,57,57,1,310,646,0.48,0.459,0.021
2019-20,1627763,Malcolm Brogdon,1610612754,IND,G,27,54,54,1,278,644,0.432,0.464,-0.032
2019-20,1626224,Cedi Osman,1610612739,CLE,F,25,65,65,1,317,643,0.493,0.456,0.037
2019-20,1628374,Lauri Markkanen,1610612741,CHI,F-C,23,50,50,1,304,643,0.473,0.47,0.002
2019-20,1629628,RJ Barrett,1610612752,NYK,F-G,20,56,56,1,313,639,0.49,0.451,0.039
2019-20,201942,DeMar DeRozan,1610612759,SAS,G-F,30,67,67,1,316,631,0.501,0.466,0.035
2019-20,1628989,Kevin Huerter,1610612737,ATL,G-F,21,56,56,1,326,629,0.518,0.452,0.066
2019-20,200752,Rudy Gay,1610612759,SAS,F-G,33,66,66,1,287,627,0.458,0.457,0.001
2019-20,201568,Danilo Gallinari,1610612760,OKC,F,31,62,62,1,303,627,0.483,0.472,0.012
2019-20,203486,Mason Plumlee,1610612743,DEN,F-C,30,61,61,1,299,625,0.478,0.476,0.003
2019-20,2544,LeBron James,1610612747,LAL,F,35,67,67,1,262,624,0.42,0.463,-0.043
2019-20,203924,Jerami Grant,1610612743,DEN,F,26,71,71,1,262,624,0.42,0.47,-0.051
2019-20,1628368,De'Aaron Fox,1610612758,SAC,G,22,51,51,1,309,620,0.498,0.449,0.05
2019-20,202711,Bojan Bogdanovic,1610612762,UTA,F,31,63,63,1,291,618,0.471,0.452,0.019
2019-20,1626158,Richaun Holmes,1610612758,SAC,F,26,44,44,1,293,617,0.475,0.489,-0.014
2019-20,101150,Lou Williams,1610612746,LAC,G,33,65,65,1,277,613,0.452,0.44,0.012
2019-20,201566,Russell Westbrook,1610612745,HOU,G,31,57,57,1,280,611,0.458,0.454,0.005
2019-20,203933,T.J. Warren,1610612754,IND,F,26,67,67,1,279,608,0.459,0.457,0.002
2019-20,203107,Tomas Satoransky,1610612741,CHI,G,28,65,65,1,306,608,0.503,0.46,0.043
2019-20,201580,JaVale McGee,1610612747,LAL,C-F,32,68,68,1,290,606,0.479,0.491,-0.012
2019-20,201188,Marc Gasol,1610612761,TOR,C,35,44,44,1,278,605,0.46,0.478,-0.018
2019-20,1626192,Pat Connaughton,1610612749,MIL,G,27,65,65,1,251,604,0.416,0.444,-0.029
2019-20,1626171,Bobby Portis Jr.,1610612752,NYK,F,25,66,66,1,283,603,0.469,0.466,0.004
2019-20,1627737,Marquese Chriss,1610612744,GSW,F,22,59,59,1,298,601,0.496,0.477,0.019
2019-20,203082,Terrence Ross,1610612753,ORL,G-F,29,69,69,1,275,596,0.461,0.45,0.012
2019-20,1628418,Thomas Bryant,1610612764,WAS,C-F,22,46,46,1,307,596,0.515,0.477,0.038
2019-20,1629634,Brandon Clarke,1610612763,MEM,F-G,23,58,58,1,273,595,0.459,0.47,-0.011
2019-20,1626161,Willie Cauley-Stein,1610612742,DAL,C,26,54,54,1,274,593,0.462,0.49,-0.028
2019-20,1629014,Anfernee Simons,1610612757,POR,G,21,69,69,1,271,592,0.458,0.446,0.012
2019-20,203484,Kentavious Caldwell-Pope,1610612747,LAL,G,27,69,69,1,278,591,0.47,0.453,0.018
2019-20,1626196,Josh Richardson,1610612755,PHI,G,26,54,54,1,264,589,0.448,0.45,-0.002
2019-20,203458,Alex Len,1610612758,SAC,C,27,55,55,1,256,588,0.435,0.484,-0.049
2019-20,202692,Alec Burks,1610612755,PHI,G,28,66,66,1,275,586,0.469,0.456,0.013
2019-20,1626162,Kelly Oubre Jr.,1610612756,PHX,F-G,24,55,55,1,272,584,0.466,0.457,0.009
2019-20,1629006,Josh Okogie,1610612750,MIN,G,21,62,62,1,281,583,0.482,0.454,0.028
2019-20,1629629,Cam Reddish,1610612737,ATL,F-G,20,58,58,1,267,581,0.46,0.457,0.003
2019-20,203503,Tony Snell,1610612765,DET,G,28,58,58,1,286,580,0.493,0.463,0.03
2019-20,2546,Carmelo Anthony,1610612757,POR,F,36,57,57,1,266,579,0.459,0.465,-0.005
2019-20,1629060,Rui Hachimura,1610612764,WAS,F,22,48,48,1,302,573,0.527,0.468,0.059
2019-20,200794,Paul Millsap,1610612743,DEN,F,35,51,51,1,257,572,0.449,0.471,-0.021
2019-20,202683,Enes Freedom,1610612738,BOS,C,28,57,57,1,251,571,0.44,0.482,-0.042
2019-20,203463,Ben McLemore,1610612745,HOU,G,27,71,71,1,285,571,0.499,0.451,0.048
2019-20,1628398,Kyle Kuzma,1610612747,LAL,F,24,61,61,1,263,571,0.461,0.457,0.003
2019-20,203939,Dwight Powell,1610612742,DAL,F-C,28,39,39,1,264,567,0.466,0.481,-0.015
2019-20,203482,Kelly Olynyk,1610612748,MIA,F-C,29,65,65,1,275,562,0.489,0.467,0.023
2019-20,1629637,Jaxson Hayes,1610612740,NOP,C-F,20,63,63,1,275,561,0.49,0.483,0.007
2019-20,203110,Draymond Green,1610612744,GSW,F,30,43,43,1,249,560,0.445,0.468,-0.023
2019-20,1626153,Delon Wright,1610612742,DAL,G,28,72,72,1,268,558,0.48,0.451,0.029
2019-20,1629672,Eric Paschall,1610612744,GSW,F,23,60,60,1,253,558,0.453,0.458,-0.005
2019-20,1629647,Darius Bazley,1610612760,OKC,F-G,20,60,60,1,249,556,0.448,0.449,-0.001
2019-20,1629639,Tyler Herro,1610612748,MIA,G,20,55,55,1,264,556,0.475,0.444,0.031
2019-20,204038,Langston Galloway,1610612765,DET,G,28,65,65,1,261,551,0.474,0.446,0.028
2019-20,203085,Austin Rivers,1610612745,HOU,G,27,66,66,1,256,550,0.465,0.453,0.013
2019-20,203114,Khris Middleton,1610612749,MIL,F,28,61,61,1,224,550,0.407,0.452,-0.045
2019-20,1627854,Bryn Forbes,1610612759,SAS,G,26,62,62,1,285,549,0.519,0.451,0.068
2019-20,203090,Maurice Harkless,1610612752,NYK,F-G,27,62,62,1,249,547,0.455,0.458,-0.003
2019-20,202083,Wesley Matthews,1610612749,MIL,G,33,65,65,1,217,546,0.397,0.453,-0.056
2019-20,203086,Meyers Leonard,1610612748,MIA,F-C,28,51,51,1,265,545,0.486,0.487,-0.001
2019-20,203903,Jordan Clarkson,1610612762,UTA,G,28,71,71,1,241,544,0.443,0.449,-0.006
2019-20,1629013,Landry Shamet,1610612746,LAC,G,23,53,53,1,256,543,0.471,0.447,0.024
2019-20,1627884,Derrick Jones Jr.,1610612748,MIA,F,23,56,56,1,225,543,0.414,0.456,-0.042
2019-20,1626156,D'Angelo Russell,1610612750,MIN,G,24,45,45,1,276,543,0.508,0.454,0.054
2019-20,1627936,Alex Caruso,1610612747,LAL,G,26,64,64,1,240,539,0.445,0.451,-0.005
2019-20,203087,Jeremy Lamb,1610612754,IND,G-F,28,46,46,1,244,536,0.455,0.456,0
2019-20,1629684,Grant Williams,1610612738,BOS,F,21,68,68,1,232,535,0.434,0.458,-0.025
2019-20,201609,Goran Dragic,1610612748,MIA,G,34,58,58,1,241,533,0.452,0.444,0.008
2019-20,203901,Elfrid Payton,1610612752,NYK,G,26,45,45,1,240,531,0.452,0.456,-0.004
2019-20,201144,Mike Conley,1610612762,UTA,G,32,47,47,1,256,528,0.485,0.452,0.033
2019-20,203914,Gary Harris,1610612743,DEN,G,25,56,56,1,238,528,0.451,0.459,-0.008
2019-20,1629632,Coby White,1610612741,CHI,G,20,65,65,1,283,526,0.538,0.451,0.087
2019-20,203382,Aron Baynes,1610612756,PHX,C-F,33,41,41,1,263,523,0.503,0.486,0.017
2019-20,203937,Kyle Anderson,1610612763,MEM,F-G,26,67,67,1,194,521,0.372,0.455,-0.083
2019-20,1628978,Donte DiVincenzo,1610612749,MIL,G,23,65,65,1,226,516,0.438,0.446,-0.008
2019-20,1629067,Isaac Bonga,1610612764,WAS,G,20,64,64,1,244,514,0.475,0.456,0.018
2019-20,203926,Doug McDermott,1610612754,IND,F,28,69,69,1,238,512,0.465,0.451,0.014
2019-20,1627788,Furkan Korkmaz,1610612755,PHI,G-F,22,71,71,1,239,511,0.468,0.449,0.019
2019-20,203894,Shabazz Napier,1610612764,WAS,G,28,56,56,1,255,510,0.5,0.453,0.047
2019-20,202331,Paul George,1610612746,LAC,F,30,48,48,1,225,505,0.446,0.467,-0.022
2019-20,1628390,Terrance Ferguson,1610612760,OKC,G,22,55,55,1,219,505,0.434,0.457,-0.023
2019-20,1626178,Rondae Hollis-Jefferson,1610612761,TOR,F,25,60,60,1,218,503,0.433,0.458,-0.025
2019-20,203210,JaMychal Green,1610612746,LAC,F-C,30,63,63,1,223,502,0.444,0.463,-0.019
2019-20,1628964,Mo Bamba,1610612753,ORL,C,22,62,62,1,239,501,0.477,0.479,-0.002
2019-20,1628976,Wendell Carter Jr.,1610612741,CHI,C-F,21,43,43,1,244,500,0.488,0.511,-0.023
2019-20,202687,Bismack Biyombo,1610612766,CHA,C,27,51,51,1,240,500,0.48,0.483,-0.003
2019-20,1626168,Trey Lyles,1610612759,SAS,F,24,61,61,1,243,494,0.492,0.467,0.025
2019-20,203552,Seth Curry,1610612742,DAL,G,29,63,63,1,236,493,0.479,0.443,0.036
2019-20,1627739,Kris Dunn,1610612741,CHI,G,26,50,50,1,230,493,0.467,0.46,0.006
2019-20,1626204,Larry Nance Jr.,1610612739,CLE,F-C,27,56,56,1,238,492,0.484,0.47,0.014
2019-20,1627814,Damion Lee,1610612744,GSW,G-F,27,48,48,1,262,492,0.533,0.459,0.073
2019-20,201588,George Hill,1610612749,MIL,G,34,58,58,1,204,492,0.415,0.444,-0.029
2019-20,1629633,Jarrett Culver,1610612750,MIN,G-F,21,63,63,1,221,490,0.451,0.456,-0.005
2019-20,1629645,Kevin Porter Jr.,1610612739,CLE,G-F,20,50,50,1,244,489,0.499,0.445,0.054
2019-20,1627745,Damian Jones,1610612737,ATL,C,25,54,54,1,261,485,0.538,0.474,0.064
2019-20,201952,Jeff Teague,1610612737,ATL,G,32,59,59,1,239,484,0.494,0.452,0.042
2019-20,201976,Patrick Beverley,1610612746,LAC,G,31,51,51,1,205,479,0.428,0.46,-0.032
2019-20,1626181,Norman Powell,1610612761,TOR,G,27,52,52,1,208,478,0.435,0.453,-0.018
2019-20,1629680,Matisse Thybulle,1610612755,PHI,G-F,23,64,64,1,199,477,0.417,0.448,-0.031
2019-20,1629740,Nicolo Melli,1610612740,NOP,F,29,57,57,1,230,476,0.483,0.468,0.015
2019-20,202954,Brad Wanamaker,1610612738,BOS,G,30,69,69,1,222,473,0.469,0.451,0.018
2019-20,2772,Trevor Ariza,1610612757,POR,F,35,52,52,1,216,472,0.458,0.468,-0.01
2019-20,1629001,De'Anthony Melton,1610612763,MEM,G,22,60,60,1,239,469,0.51,0.46,0.05
2019-20,201988,Patty Mills,1610612759,SAS,G,31,65,65,1,193,466,0.414,0.447,-0.033
2019-20,1628396,Tony Bradley,1610612762,UTA,C-F,22,57,57,1,210,460,0.457,0.471,-0.014
2019-20,1627747,Caris LeVert,1610612751,BKN,G,25,45,45,1,219,460,0.476,0.451,0.025
2019-20,204456,T.J. McConnell,1610612754,IND,G,28,71,71,1,219,458,0.478,0.447,0.031
2019-20,201565,Derrick Rose,1610612765,DET,G,31,49,49,1,203,458,0.443,0.449,-0.006
2019-20,1628449,Chris Boucher,1610612761,TOR,F-C,27,58,58,1,198,457,0.433,0.462,-0.029
2019-20,201959,Taj Gibson,1610612752,NYK,F,35,61,61,1,206,456,0.452,0.478,-0.026
2019-20,1629056,Terence Davis,1610612761,TOR,G,23,69,69,1,185,452,0.409,0.448,-0.039
2019-20,202330,Gordon Hayward,1610612738,BOS,F,30,52,52,1,205,449,0.457,0.461,-0.004
2019-20,1627748,Thon Maker,1610612765,DET,F-C,23,59,59,1,221,449,0.492,0.486,0.007
2019-20,201571,D.J. Augustin,1610612753,ORL,G,32,57,57,1,192,446,0.43,0.444,-0.014
2019-20,202693,Markieff Morris,1610612747,LAL,F,30,57,57,1,204,441,0.463,0.459,0.004
2019-20,1628420,Monte Morris,1610612743,DEN,G,25,73,73,1,200,436,0.459,0.45,0.008
2019-20,1629021,Moritz Wagner,1610612764,WAS,F-C,23,45,45,1,228,436,0.523,0.475,0.048
2019-20,1629065,Ky Bowman,1610612744,GSW,G,23,45,45,1,199,430,0.463,0.455,0.008
2019-20,101107,Marvin Williams,1610612749,MIL,F,34,57,57,1,190,429,0.443,0.459,-0.016
2019-20,201145,Jeff Green,1610612745,HOU,F,33,48,48,1,199,426,0.467,0.465,0.002
2019-20,200755,JJ Redick,1610612740,NOP,G,36,60,60,1,219,423,0.518,0.453,0.064
2019-20,1628470,Torrey Craig,1610612743,DEN,F,29,56,56,1,197,415,0.475,0.469,0.006
2019-20,101133,Ian Mahinmi,1610612764,WAS,C,33,38,38,1,206,409,0.504,0.48,0.024
2019-20,1629661,Cameron Johnson,1610612756,PHX,F,24,56,56,1,204,408,0.5,0.452,0.048
2019-20,1629016,Omari Spellman,1610612750,MIN,F,22,48,48,1,190,408,0.466,0.47,-0.004
2019-20,1629018,Gary Trent Jr.,1610612757,POR,G-F,21,59,59,1,187,407,0.459,0.449,0.011
2019-20,203920,Khem Birch,1610612753,ORL,C,27,47,47,1,193,406,0.475,0.475,0.001
2019-20,1626145,Tyus Jones,1610612763,MEM,G,24,65,65,1,180,405,0.444,0.444,0.001
2019-20,1627823,Juancho Hernangomez,1610612750,MIN,F,24,45,45,1,210,404,0.52,0.456,0.063
2019-20,1628373,Frank Ntilikina,1610612752,NYK,G,21,56,56,1,206,404,0.51,0.453,0.057
2019-20,1628981,Bruno Fernando,1610612737,ATL,F-C,21,55,55,1,186,403,0.462,0.475,-0.013
2019-20,101141,Ersan Ilyasova,1610612749,MIL,F,33,62,62,1,160,401,0.399,0.453,-0.054
2019-20,203516,James Ennis III,1610612753,ORL,F,29,68,68,1,193,399,0.484,0.449,0.034
2019-20,1628995,Kevin Knox II,1610612752,NYK,F,20,65,65,1,183,398,0.46,0.449,0.01
2019-20,203953,Jabari Parker,1610612758,SAC,F,25,37,37,1,204,397,0.514,0.47,0.044
2019-20,202340,Avery Bradley,1610612747,LAL,G,29,49,49,1,166,395,0.42,0.457,-0.036
2019-20,203473,Dewayne Dedmon,1610612737,ATL,C,30,43,43,1,175,392,0.446,0.484,-0.038
2019-20,203524,Solomon Hill,1610612748,MIA,F,29,58,58,1,192,389,0.494,0.458,0.035
2019-20,1629010,Jerome Robinson,1610612764,WAS,G,23,56,56,1,175,383,0.457,0.449,0.008
2019-20,1626163,Frank Kaminsky,1610612756,PHX,F-C,27,38,38,1,194,380,0.511,0.477,0.034
2019-20,1628370,Malik Monk,1610612766,CHA,G,22,54,54,1,183,380,0.482,0.45,0.031
2019-20,1628998,Cody Martin,1610612766,CHA,F,24,45,45,1,176,379,0.464,0.458,0.007
2019-20,1628973,Jalen Brunson,1610612742,DAL,G,23,55,55,1,184,378,0.487,0.445,0.042
2019-20,1629673,Jordan Poole,1610612744,GSW,G,21,56,56,1,179,372,0.481,0.453,0.028
2019-20,1628371,Jonathan Isaac,1610612753,ORL,F,22,33,33,1,156,367,0.425,0.464,-0.039
2019-20,1626209,Mario Hezonja,1610612757,POR,F-G,25,52,52,1,163,367,0.444,0.461,-0.017
2019-20,1627736,Malik Beasley,1610612750,MIN,G,23,54,54,1,189,365,0.518,0.445,0.073
2019-20,1628411,Wes Iwundu,1610612753,ORL,F,25,51,51,1,160,363,0.441,0.455,-0.014
2019-20,1627746,Skal Labissiere,1610612737,ATL,F-C,24,33,33,1,164,361,0.454,0.479,-0.025
2019-20,201229,Anthony Tolliver,1610612763,MEM,F,35,51,51,1,159,359,0.443,0.472,-0.029
2019-20,1628400,Semi Ojeleye,1610612738,BOS,F,25,67,67,1,154,358,0.43,0.457,-0.027
2019-20,1629026,Kenrich Williams,1610612740,NOP,G-F,25,38,38,1,152,355,0.428,0.457,-0.029
2019-20,1629008,Michael Porter Jr.,1610612743,DEN,F,22,54,54,1,176,355,0.496,0.466,0.03
2019-20,1628382,Justin Jackson,1610612742,DAL,F,25,64,64,1,148,349,0.424,0.445,-0.021
2019-20,203089,John Henson,1610612765,DET,F-C,29,40,40,1,163,346,0.471,0.474,-0.003
2019-20,202738,Isaiah Thomas,1610612764,WAS,G,31,40,40,1,171,345,0.496,0.447,0.049
2019-20,1629022,Lonnie Walker IV,1610612759,SAS,G-F,21,56,56,1,152,339,0.448,0.456,-0.007
2019-20,1627789,Timothe Luwawu-Cabarrot,1610612751,BKN,G-F,25,45,45,1,150,335,0.448,0.451,-0.003
2019-20,1629004,Svi Mykhailiuk,1610612765,DET,G-F,23,54,54,1,170,334,0.509,0.444,0.065
2019-20,1626203,Treveon Graham,1610612737,ATL,G-F,26,51,51,1,153,331,0.462,0.454,0.008
2019-20,1629652,Luguentz Dort,1610612760,OKC,G,21,36,36,1,130,330,0.394,0.453,-0.059
2019-20,203487,Michael Carter-Williams,1610612753,ORL,G,28,45,45,1,155,326,0.475,0.454,0.022
2019-20,1629675,Naz Reid,1610612750,MIN,C-F,20,28,28,1,154,326,0.472,0.474,-0.002
2019-20,2594,Kyle Korver,1610612749,MIL,G-F,39,56,56,1,135,324,0.417,0.445,-0.028
2019-20,1628975,Jevon Carter,1610612756,PHX,G,24,56,56,1,143,319,0.448,0.444,0.005
2019-20,1628385,Harry Giles III,1610612758,SAC,F-C,22,44,44,1,181,319,0.567,0.485,0.082
2019-20,1628977,Hamidou Diallo,1610612760,OKC,G,21,46,46,1,127,314,0.404,0.453,-0.049
2019-20,203488,Mike Muscala,1610612760,OKC,F-C,28,43,43,1,147,314,0.468,0.48,-0.011
2019-20,1627777,Georges Niang,1610612762,UTA,F,27,65,65,1,158,309,0.511,0.445,0.067
2019-20,1627775,Patrick McCaw,1610612761,TOR,G,24,36,36,1,141,308,0.458,0.449,0.009
2019-20,203521,Matthew Dellavedova,1610612739,CLE,G,29,54,54,1,145,307,0.472,0.456,0.016
2019-20,1628436,Luke Kornet,1610612741,CHI,F-C,24,35,35,1,174,304,0.572,0.485,0.088
2019-20,202704,Reggie Jackson,1610612746,LAC,G,30,31,31,1,141,303,0.465,0.451,0.015
2019-20,202335,Patrick Patterson,1610612746,LAC,F,31,54,54,1,129,301,0.429,0.454,-0.026
2019-20,201949,James Johnson,1610612750,MIN,F,33,32,32,1,139,301,0.462,0.449,0.012
2019-20,201569,Eric Gordon,1610612745,HOU,G,31,36,36,1,116,300,0.387,0.462,-0.075
2019-20,1627761,DeAndre' Bembry,1610612737,ATL,G-F,25,42,42,1,148,300,0.493,0.453,0.04
2019-20,201163,Wilson Chandler,1610612751,BKN,F,33,35,35,1,127,298,0.426,0.456,-0.03
2019-20,1627846,Abdel Nader,1610612760,OKC,F,26,52,52,1,122,298,0.409,0.443,-0.034
2019-20,200765,Rajon Rondo,1610612747,LAL,G,34,48,48,1,140,297,0.471,0.461,0.01
2019-20,202734,E'Twaun Moore,1610612740,NOP,G,31,54,54,1,142,295,0.481,0.451,0.03
2019-20,203118,Mike Scott,1610612755,PHI,F,31,64,64,1,129,294,0.439,0.46,-0.022
2019-20,203585,Rodney McGruder,1610612746,LAC,G,28,51,51,1,127,292,0.435,0.445,-0.01
2019-20,1628425,Sterling Brown,1610612749,MIL,G-F,25,50,50,1,125,292,0.428,0.454,-0.026
2019-20,1627853,Ryan Arcidiacono,1610612741,CHI,G,26,56,56,1,137,287,0.477,0.446,0.031
2019-20,203526,Raul Neto,1610612755,PHI,G,28,49,49,1,131,287,0.456,0.44,0.017
2019-20,1629627,Zion Williamson,1610612740,NOP,F,19,24,24,1,132,287,0.46,0.459,0.001
2019-20,1629655,Daniel Gafford,1610612741,CHI,F-C,21,40,40,1,142,286,0.497,0.503,-0.006
2019-20,1629048,Goga Bitadze,1610612754,IND,C-F,20,53,53,1,117,285,0.411,0.465,-0.055
2019-20,1629066,Rodions Kurucs,1610612751,BKN,F,22,45,45,1,120,284,0.423,0.458,-0.035
2019-20,1626143,Jahlil Okafor,1610612740,NOP,C-F,24,30,30,1,134,281,0.477,0.486,-0.009
2019-20,1713,Vince Carter,1610612737,ATL,G-F,43,58,58,1,108,277,0.39,0.461,-0.071
2019-20,1628966,Keita Bates-Diop,1610612743,DEN,F,24,43,43,1,134,274,0.489,0.458,0.031
2019-20,1626144,Emmanuel Mudiay,1610612762,UTA,G,24,51,51,1,125,273,0.458,0.446,0.012
2019-20,203895,Jordan McRae,1610612765,DET,G,29,37,37,1,117,271,0.432,0.45,-0.019
2019-20,1628422,Damyean Dotson,1610612752,NYK,G,26,46,46,1,124,269,0.461,0.446,0.015
2019-20,1628402,Frank Jackson,1610612740,NOP,G,22,54,54,1,125,268,0.466,0.448,0.019
2019-20,1628379,Luke Kennard,1610612765,DET,G,24,27,27,1,121,267,0.453,0.453,0.001
2019-20,1628960,Grayson Allen,1610612763,MEM,G,24,37,37,1,121,262,0.462,0.45,0.012
2019-20,1629059,Elie Okobo,1610612756,PHX,F-G,22,48,48,1,135,257,0.525,0.448,0.077
2019-20,1628394,Anžejs Pasečņiks,1610612764,WAS,C-F,24,25,25,1,127,257,0.494,0.466,0.028
2019-20,1629635,Sekou Doumbouya,1610612765,DET,F,19,35,35,1,134,255,0.525,0.475,0.05
2019-20,201158,Marco Belinelli,1610612759,SAS,G,34,52,52,1,123,253,0.486,0.449,0.038
2019-20,1629642,Nassir Little,1610612757,POR,F-G,20,44,44,1,114,246,0.463,0.459,0.005
2019-20,204020,Tyler Johnson,1610612751,BKN,G,28,37,37,1,108,245,0.441,0.448,-0.007
2019-20,1627767,Cheick Diallo,1610612756,PHX,F-C,23,44,44,1,112,244,0.459,0.468,-0.009
2019-20,1629109,Gary Clark,1610612753,ORL,F,25,38,38,1,106,242,0.438,0.457,-0.019
2019-20,1629638,Nickeil Alexander-Walker,1610612740,NOP,G,21,44,44,1,123,242,0.508,0.448,0.06
2019-20,1626246,Boban Marjanovic,1610612742,DAL,C,31,40,40,1,116,237,0.489,0.486,0.003
2019-20,1629003,Shake Milton,1610612755,PHI,G-F,23,36,36,1,105,225,0.467,0.449,0.017
2019-20,1628372,Dennis Smith Jr.,1610612752,NYK,G,22,34,34,1,110,223,0.493,0.453,0.041
2019-20,1629162,Jordan McLaughlin,1610612750,MIN,G,24,30,30,1,106,221,0.48,0.448,0.031
2019-20,1628407,Dwayne Bacon,1610612766,CHA,G-F,24,36,36,1,95,218,0.436,0.455,-0.019
2019-20,203943,Noah Vonleh,1610612743,DEN,F,24,32,32,1,95,213,0.446,0.474,-0.028
2019-20,1628990,Chandler Hutchison,1610612741,CHI,F-G,24,27,27,1,113,213,0.531,0.462,0.068
2019-20,202681,Kyrie Irving,1610612751,BKN,G,28,20,20,1,100,210,0.476,0.452,0.024
2019-20,203960,JaKarr Sampson,1610612754,IND,F,27,33,33,1,92,208,0.442,0.455,-0.012
2019-20,203506,Victor Oladipo,1610612754,IND,G,28,19,19,1,95,206,0.461,0.457,0.004
2019-20,1626195,Willy Hernangomez,1610612766,CHA,C-F,26,29,29,1,99,201,0.493,0.47,0.022
2019-20,1626188,Quinn Cook,1610612747,LAL,G,27,38,38,1,97,199,0.487,0.451,0.036
2019-20,1627885,Shaquille Harrison,1610612741,CHI,G,26,32,32,1,85,198,0.429,0.446,-0.017
2019-20,200757,Thabo Sefolosha,1610612745,HOU,F-G,36,40,40,1,95,197,0.482,0.456,0.026
2019-20,203493,Reggie Bullock Jr.,1610612752,NYK,G-F,29,29,29,1,102,197,0.518,0.455,0.062
2019-20,1627756,Denzel Valentine,1610612741,CHI,G,26,32,32,1,93,196,0.474,0.452,0.022
2019-20,1629057,Robert Williams III,1610612738,BOS,C-F,22,28,28,1,80,194,0.412,0.475,-0.063
2019-20,1627733,Dragan Bender,1610612744,GSW,F,22,15,15,1,91,192,0.474,0.476,-0.002
2019-20,203918,Rodney Hood,1610612757,POR,G-F,27,21,21,1,89,187,0.476,0.468,0.007
2019-20,203124,Kyle O'Quinn,1610612755,PHI,C-F,30,26,26,1,89,187,0.476,0.468,0.008
2019-20,1628392,Isaiah Hartenstein,1610612745,HOU,C-F,22,21,21,1,86,185,0.465,0.464,0.001
2019-20,201587,Nicolas Batum,1610612766,CHA,G-F,31,21,21,1,83,185,0.449,0.459,-0.01
2019-20,1628980,Jacob Evans,1610612750,MIN,G-F,23,29,29,1,90,184,0.489,0.454,0.035
2019-20,1628391,D.J. Wilson,1610612749,MIL,F,24,35,35,1,68,182,0.374,0.447,-0.074
2019-20,202334,Ed Davis,1610612762,UTA,C-F,31,28,28,1,87,181,0.481,0.469,0.012
2019-20,1627780,Gary Payton II,1610612764,WAS,G,27,25,25,1,89,179,0.497,0.452,0.045
2019-20,201933,Blake Griffin,1610612765,DET,F,31,17,17,1,87,178,0.489,0.46,0.029
2019-20,1627774,Jake Layman,1610612750,MIN,F,26,23,23,1,84,177,0.475,0.443,0.031
2019-20,1629103,Kelan Martin,1610612750,MIN,F,24,30,30,1,78,176,0.443,0.46,-0.017
2019-20,1629735,Chris Silva,1610612748,MIA,F,23,32,32,1,97,174,0.557,0.481,0.077
2019-20,203584,Troy Daniels,1610612743,DEN,G,28,41,41,1,71,173,0.41,0.436,-0.025
2019-20,201961,Wayne Ellington,1610612752,NYK,G,32,34,34,1,75,172,0.436,0.444,-0.007
2019-20,203957,Dante Exum,1610612739,CLE,G,24,33,33,1,75,170,0.441,0.442,-0.001
2019-20,1628035,Alfonzo McKinnie,1610612739,CLE,F,27,38,38,1,87,167,0.521,0.461,0.06
2019-20,1629164,Brandon Goodwin,1610612737,ATL,G,24,32,32,1,78,167,0.467,0.452,0.015
2019-20,1628380,Zach Collins,1610612757,POR,F-C,22,11,11,1,68,166,0.41,0.46,-0.05
2019-20,201162,Jared Dudley,1610612747,LAL,F,34,37,37,1,73,165,0.442,0.455,-0.012
2019-20,1629185,Chris Chiozza,1610612751,BKN,G,24,27,27,1,69,165,0.418,0.434,-0.016
2019-20,1629058,Dzanan Musa,1610612751,BKN,G-F,21,37,37,1,67,165,0.406,0.444,-0.038
2019-20,1626245,Cristiano Felicio,1610612741,CHI,F-C,27,22,22,1,96,164,0.585,0.491,0.094
2019-20,1629750,Javonte Green,1610612738,BOS,G-F,26,41,41,1,64,160,0.4,0.449,-0.049
2019-20,203459,Allen Crabbe,1610612750,MIN,G-F,28,33,33,1,81,159,0.509,0.451,0.058
2019-20,2738,Andre Iguodala,1610612748,MIA,G-F,36,20,20,1,59,158,0.373,0.46,-0.087
2019-20,1629741,Marko Guduric,1610612763,MEM,G,25,39,39,1,80,158,0.506,0.451,0.056
2019-20,1628963,Marvin Bagley III,1610612758,SAC,F,21,13,13,1,70,156,0.449,0.482,-0.033
2019-20,202329,Al-Farouq Aminu,1610612753,ORL,F,29,17,17,1,71,155,0.458,0.467,-0.009
2019-20,203504,Trey Burke,1610612742,DAL,G,27,31,31,1,74,149,0.497,0.447,0.05
2019-20,1629234,Drew Eubanks,1610612759,SAS,F-C,23,20,20,1,75,149,0.503,0.47,0.033
2019-20,1629744,Matt Thomas,1610612761,TOR,G,25,36,36,1,60,148,0.405,0.44,-0.034
2019-20,1629660,Ty Jerome,1610612756,PHX,G-F,22,27,27,1,79,147,0.537,0.442,0.095
2019-20,1627812,Yogi Ferrell,1610612758,SAC,G,27,42,42,1,74,147,0.503,0.429,0.074
2019-20,1628403,Caleb Swanigan,1610612757,POR,F,23,24,24,1,72,144,0.5,0.484,0.016
2019-20,1629033,Theo Pinson,1610612752,NYK,G-F,24,30,30,1,65,144,0.451,0.447,0.004
2019-20,1628367,Josh Jackson,1610612763,MEM,G-F,23,20,20,1,68,141,0.482,0.449,0.033
2019-20,203658,Norvel Pelle,1610612755,PHI,F,27,20,20,1,76,140,0.543,0.49,0.052
2019-20,202688,Brandon Knight,1610612765,DET,G,28,24,24,1,79,137,0.577,0.463,0.114
2019-20,1628408,PJ Dozier,1610612743,DEN,G-F,23,26,26,1,65,137,0.474,0.454,0.02
2019-20,200826,J.J. Barea,1610612742,DAL,G,36,28,28,1,70,136,0.515,0.444,0.071
2019-20,1629611,Terance Mann,1610612746,LAC,G-F,23,27,27,1,62,135,0.459,0.444,0.016
2019-20,204025,Tim Frazier,1610612765,DET,G,29,24,24,1,67,133,0.504,0.447,0.056
2019-20,203994,Jusuf Nurkić,1610612757,POR,C,25,8,8,1,67,132,0.508,0.464,0.043
2019-20,1629678,Admiral Schofield,1610612764,WAS,G-F,23,24,24,1,62,131,0.473,0.453,0.02
2019-20,1628410,Edmond Sumner,1610612754,IND,G,24,29,29,1,53,129,0.411,0.447,-0.037
2019-20,1629598,Chris Clemons,1610612745,HOU,G,22,29,29,1,52,128,0.406,0.444,-0.037
2019-20,1629126,Deonte Burton,1610612760,OKC,G-F,26,32,32,1,64,128,0.5,0.448,0.052
2019-20,203490,Otto Porter Jr.,1610612741,CHI,F,27,14,14,1,53,125,0.424,0.458,-0.034
2019-20,203998,Bruno Caboclo,1610612745,HOU,F,24,27,27,1,55,125,0.44,0.465,-0.025
2019-20,201960,DeMarre Carroll,1610612745,HOU,F,33,23,23,1,50,123,0.407,0.439,-0.032
2019-20,1626172,Kevon Looney,1610612744,GSW,F,24,20,20,1,52,123,0.423,0.458,-0.036
2019-20,1627790,Ante Zizic,1610612739,CLE,C,23,21,21,1,60,121,0.496,0.475,0.021
2019-20,1626159,Justise Winslow,1610612763,MEM,F-G,24,11,11,1,50,121,0.413,0.449,-0.036
2019-20,1628997,Caleb Martin,1610612766,CHA,F,24,16,16,1,54,120,0.45,0.453,-0.003
2019-20,1629640,Keldon Johnson,1610612759,SAS,F-G,20,15,15,1,60,119,0.504,0.436,0.068
2019-20,1628395,Jordan Bell,1610612739,CLE,F,25,26,26,1,56,119,0.471,0.473,-0.002
2019-20,203077,Michael Kidd-Gilchrist,1610612742,DAL,F,26,23,23,1,52,119,0.437,0.452,-0.016
2019-20,1629667,Jalen McDaniels,1610612766,CHA,F-C,22,16,16,1,59,117,0.504,0.455,0.05
2019-20,1628021,David Nwaba,1610612745,HOU,G-F,27,20,20,1,49,116,0.422,0.453,-0.031
2019-20,2199,Tyson Chandler,1610612745,HOU,C,37,24,24,1,54,115,0.47,0.478,-0.008
2019-20,1628388,T.J. Leaf,1610612754,IND,F,23,24,24,1,59,115,0.513,0.452,0.061
2019-20,1629641,Romeo Langford,1610612738,BOS,G-F,20,25,25,1,42,113,0.372,0.439,-0.067
2019-20,202323,Evan Turner,1610612750,MIN,G-F,31,19,19,1,42,113,0.372,0.451,-0.079
2019-20,1629651,Nic Claxton,1610612751,BKN,F-C,21,14,14,1,50,112,0.446,0.472,-0.025
2019-20,1629035,Carsen Edwards,1610612738,BOS,G,22,34,34,1,46,111,0.414,0.43,-0.016
2019-20,201584,Courtney Lee,1610612742,DAL,G,34,21,21,1,54,110,0.491,0.451,0.04
2019-20,1629308,Juan Toscano-Anderson,1610612744,GSW,F,27,12,12,1,39,100,0.39,0.471,-0.081
2019-20,1629019,Allonzo Trier,1610612752,NYK,G,24,19,19,1,50,96,0.521,0.441,0.08
2019-20,1629713,Justin James,1610612758,SAC,G-F,23,20,20,1,33,90,0.367,0.426,-0.059
2019-20,1629738,Vincent Poirier,1610612738,BOS,C-F,26,19,19,1,34,89,0.382,0.475,-0.093
2019-20,1628476,Derrick Walton Jr.,1610612765,DET,G,25,22,22,1,41,87,0.471,0.439,0.033
2019-20,1629117,Wenyen Gabriel,1610612757,POR,F,23,22,22,1,40,85,0.471,0.461,0.01
2019-20,1629346,Alen Smailagic,1610612744,GSW,F,19,14,14,1,42,81,0.519,0.472,0.047
2019-20,1629743,Donta Hall,1610612751,BKN,F,22,9,9,1,36,80,0.45,0.464,-0.014
2019-20,1629723,John Konchar,1610612763,MEM,G,24,18,18,1,29,79,0.367,0.422,-0.055
2019-20,1628539,Mychal Mulder,1610612744,GSW,G,26,7,7,1,35,79,0.443,0.457,-0.014
2019-20,1629726,Garrison Mathews,1610612764,WAS,G,23,17,17,1,32,75,0.427,0.449,-0.022
2019-20,203079,Dion Waiters,1610612747,LAL,G,28,10,10,1,34,74,0.459,0.44,0.019
2019-20,1626166,Cameron Payne,1610612756,PHX,G,25,8,8,1,29,72,0.403,0.424,-0.021
2019-20,1626169,Stanley Johnson,1610612761,TOR,F-G,24,23,23,1,26,70,0.371,0.459,-0.088
2019-20,1629002,Chimezie Metu,1610612759,SAS,F-C,23,15,15,1,30,64,0.469,0.448,0.021
2019-20,1629151,Ryan Broekhoff,1610612755,PHI,G-F,29,11,11,1,26,64,0.406,0.46,-0.053
2019-20,202697,Iman Shumpert,1610612751,BKN,G,30,13,13,1,24,63,0.381,0.43,-0.049
2019-20,1629752,Juwan Morgan,1610612762,UTA,F,23,17,17,1,23,60,0.383,0.463,-0.079
2019-20,1626259,Malcolm Miller,1610612761,TOR,G-F,27,20,20,1,22,58,0.379,0.42,-0.04
2019-20,101139,CJ Miles,1610612764,WAS,G,33,10,10,1,28,58,0.483,0.462,0.021
2019-20,1629610,DaQuan Jeffries,1610612758,SAC,G-F,22,10,10,1,23,55,0.418,0.44,-0.022
2019-20,1626187,Michael Frazier II,1610612745,HOU,G,26,11,11,1,34,55,0.618,0.443,0.175
2019-20,1629730,Rayjon Tucker,1610612762,UTA,G,22,16,16,1,30,54,0.556,0.437,0.119
2019-20,1628412,Frank Mason III,1610612749,MIL,G,26,7,7,1,18,51,0.353,0.438,-0.085
2019-20,1629140,Johnathan Williams,1610612764,WAS,F,25,13,13,1,24,51,0.471,0.467,0.004
2019-20,1629671,Miye Oni,1610612762,UTA,G-F,22,8,8,1,25,48,0.521,0.462,0.059
2019-20,1629599,Amir Coffey,1610612746,LAC,G-F,23,13,13,1,19,48,0.396,0.417,-0.022
2019-20,1629626,Bol Bol,1610612743,DEN,C-F,20,6,6,1,25,48,0.521,0.458,0.063
2019-20,203648,Thanasis Antetokounmpo,1610612749,MIL,F,27,15,15,1,22,47,0.468,0.441,0.027
2019-20,1629659,Talen Horton-Tucker,1610612747,LAL,G,19,6,6,1,22,47,0.468,0.445,0.023
2019-20,1629669,Jaylen Nowell,1610612750,MIN,G,20,12,12,1,20,45,0.444,0.448,-0.004
2019-20,1627820,Tyrone Wallace,1610612737,ATL,G,26,12,12,1,21,44,0.477,0.44,0.038
2019-20,1629662,Mfiondu Kabengele,1610612746,LAC,F-C,22,10,10,1,21,43,0.488,0.434,0.054
2019-20,1629725,Jeremiah Martin,1610612751,BKN,G,24,8,8,1,20,43,0.465,0.443,0.022
2019-20,1629052,Oshae Brissett,1610612761,TOR,F-G,22,13,13,1,12,43,0.279,0.427,-0.148
2019-20,201939,Stephen Curry,1610612744,GSW,G,32,5,5,1,22,42,0.524,0.483,0.041
2019-20,203460,Andre Roberson,1610612760,OKC,G-F,28,7,7,1,20,40,0.5,0.446,0.054
2019-20,1629682,Tremont Waters,1610612738,BOS,G,22,10,10,1,15,39,0.385,0.434,-0.05
2019-20,1628443,Kadeem Allen,1610612752,NYK,G,27,8,8,1,18,39,0.462,0.459,0.003
2019-20,1629714,Jarrell Brantley,1610612762,UTA,F,24,7,7,1,20,38,0.526,0.475,0.051
2019-20,1626147,Justin Anderson,1610612751,BKN,F-G,26,9,9,1,15,38,0.395,0.458,-0.063
2019-20,1629690,Adam Mokoka,1610612741,CHI,G,21,10,10,1,15,38,0.395,0.44,-0.045
2019-20,1628982,Melvin Frazier Jr.,1610612753,ORL,G-F,23,12,12,1,16,37,0.432,0.444,-0.011
2019-20,2747,JR Smith,1610612747,LAL,G,34,6,6,1,13,35,0.371,0.431,-0.059
2019-20,201149,Joakim Noah,1610612746,LAC,F-C,35,5,5,1,13,35,0.371,0.416,-0.044
2019-20,1629139,Yuta Watanabe,1610612763,MEM,G-F,25,14,14,1,17,34,0.5,0.427,0.073
2019-20,1628993,Alize Johnson,1610612754,IND,F,24,13,13,1,11,34,0.324,0.425,-0.102
2019-20,1629683,Quinndary Weatherspoon,1610612759,SAS,G,23,9,9,1,19,32,0.594,0.461,0.133
2019-20,1629168,BJ Johnson,1610612753,ORL,F,24,7,7,1,16,32,0.5,0.475,0.025
2019-20,1629677,Luka Samanic,1610612759,SAS,F,20,3,3,1,12,31,0.387,0.427,-0.04
2019-20,1626170,Jerian Grant,1610612764,WAS,G,27,6,6,1,18,31,0.581,0.42,0.16
2019-20,1629731,Dean Wade,1610612739,CLE,F-C,23,11,11,1,12,30,0.4,0.479,-0.079
2019-20,1628518,Amile Jefferson,1610612753,ORL,F,27,12,12,1,8,29,0.276,0.471,-0.195
2019-20,1629658,Jaylen Hoard,1610612757,POR,F,21,10,10,1,15,28,0.536,0.448,0.088
2019-20,1629216,Gabe Vincent,1610612748,MIA,G,24,5,5,1,12,28,0.429,0.413,0.016
2019-20,202498,Lance Thomas,1610612751,BKN,F,32,6,6,1,15,26,0.577,0.475,0.102
2019-20,1628987,Kevin Hervey,1610612760,OKC,F,23,7,7,1,9,24,0.375,0.471,-0.096
2019-20,1628413,Jonah Bolden,1610612756,PHX,F,24,6,6,1,12,23,0.522,0.43,0.092
2019-20,1629076,Tyler Cook,1610612743,DEN,F,22,8,8,1,11,22,0.5,0.462,0.038
2019-20,1629650,Moses Brown,1610612757,POR,C,20,7,7,1,12,21,0.571,0.45,0.122
2019-20,1628405,Johnathan Motley,1610612746,LAC,F,25,7,7,1,9,21,0.429,0.44,-0.011
2019-20,1629597,Zylan Cheatham,1610612740,NOP,F,24,4,4,1,10,21,0.476,0.451,0.025
2019-20,1628427,Vlatko Cancar,1610612743,DEN,F,23,9,9,1,8,20,0.4,0.442,-0.042
2019-20,2617,Udonis Haslem,1610612748,MIA,F,40,4,4,1,13,20,0.65,0.499,0.151
2019-20,1628985,Devon Hall,1610612760,OKC,G,24,7,7,1,13,20,0.65,0.418,0.232
2019-20,1629020,Jarred Vanderbilt,1610612750,MIN,F,21,9,9,1,8,19,0.421,0.488,-0.067
2019-20,1627784,Jarrod Uthoff,1610612764,WAS,F,27,6,6,1,11,19,0.579,0.48,0.099
2019-20,1629663,Louis King,1610612765,DET,F,21,4,4,1,10,19,0.526,0.478,0.048
2019-20,1628778,Paul Watson,1610612761,TOR,G,25,5,5,1,9,19,0.474,0.428,0.046
2019-20,1628430,Nigel Williams-Goss,1610612762,UTA,G,25,6,6,1,7,17,0.412,0.46,-0.048
2019-20,1629718,Charlie Brown Jr.,1610612737,ATL,G,23,7,7,1,8,17,0.471,0.437,0.033
2019-20,1629724,Vic Law,1610612753,ORL,F,24,6,6,1,9,17,0.529,0.44,0.09
2019-20,1628513,Naz Mitrou-Long,1610612754,IND,G,26,3,3,1,6,16,0.375,0.411,-0.036
2019-20,1628383,Justin Patton,1610612765,DET,C,23,5,5,1,9,16,0.563,0.439,0.124
2019-20,1629605,Tacko Fall,1610612738,BOS,C,24,4,4,1,8,16,0.5,0.474,0.026
2019-20,1629668,Zach Norvell Jr.,1610612744,GSW,G-F,22,3,3,1,11,15,0.733,0.446,0.287
2019-20,1629649,Ignas Brazdeikis,1610612752,NYK,F,21,7,7,1,6,15,0.4,0.419,-0.019
2019-20,1628414,Sindarius Thornwell,1610612740,NOP,G,25,2,2,1,6,14,0.429,0.443,-0.015
2019-20,1629017,Khyri Thomas,1610612765,DET,G,24,6,6,1,8,14,0.571,0.47,0.102
2019-20,1629608,Dewan Hernandez,1610612761,TOR,C-F,23,6,6,1,5,14,0.357,0.464,-0.107
2019-20,1629620,Justin Robinson,1610612764,WAS,G,22,6,6,1,6,13,0.462,0.415,0.047
2019-20,1628499,Antonius Cleveland,1610612742,DAL,G,26,6,6,1,6,13,0.462,0.484,-0.022
2019-20,1629648,Jordan Bone,1610612765,DET,G,22,7,7,1,6,13,0.462,0.396,0.066
2019-20,1629625,Justin Wright-Foreman,1610612762,UTA,G,22,3,3,1,8,12,0.667,0.433,0.233
2019-20,202718,Chandler Parsons,1610612737,ATL,F,31,5,5,1,7,12,0.583,0.436,0.147
2019-20,201601,Luc Mbah a Moute,1610612745,HOU,F,33,3,3,1,7,12,0.583,0.457,0.126
2019-20,1629665,Jalen Lecque,1610612756,PHX,G,20,3,3,1,4,12,0.333,0.418,-0.085
2019-20,1629015,Zhaire Smith,1610612755,PHI,G,21,4,4,1,8,12,0.667,0.462,0.205
2019-20,203705,Josh Magette,1610612753,ORL,G,30,5,5,1,4,11,0.364,0.454,-0.09
2019-20,202951,Jeremy Pargo,1610612744,GSW,G,34,2,2,1,7,11,0.636,0.428,0.208
2019-20,1626184,Chasson Randle,1610612744,GSW,G,27,3,3,1,8,11,0.727,0.478,0.249
2019-20,201147,Corey Brewer,1610612758,SAC,G-F,34,4,4,1,5,10,0.5,0.431,0.069
2019-20,1629745,Tariq Owens,1610612756,PHX,F,25,3,3,1,6,10,0.6,0.501,0.099
2019-20,1628968,Brian Bowen II,1610612754,IND,F-G,21,5,5,1,4,10,0.4,0.464,-0.064
2019-20,1629742,Stanton Kidd,1610612762,UTA,F,28,2,2,1,2,10,0.2,0.402,-0.202
2019-20,1628961,Kostas Antetokounmpo,1610612747,LAL,F,22,4,4,1,4,9,0.444,0.472,-0.028
2019-20,1629644,KZ Okpala,1610612748,MIA,F-G,21,4,4,1,3,9,0.333,0.434,-0.101
2019-20,1627982,Josh Gray,1610612740,NOP,G,26,2,2,1,4,9,0.444,0.433,0.011
2019-20,1629719,Devontae Cacok,1610612747,LAL,F,23,1,1,1,5,8,0.625,0.451,0.174
2019-20,1628450,Eric Mika,1610612758,SAC,C-F,25,1,1,1,5,8,0.625,0.448,0.177
2019-20,1629734,Kyle Alexander,1610612748,MIA,F-C,23,2,2,1,4,8,0.5,0.429,0.071
2019-20,1629621,Marial Shayok,1610612755,PHI,G-F,24,3,3,1,2,8,0.25,0.476,-0.226
2019-20,1629760,Matt Mooney,1610612739,CLE,G,25,3,3,1,2,7,0.286,0.44,-0.154
2019-20,1627740,Henry Ellenson,1610612751,BKN,F-C,23,5,5,1,1,7,0.143,0.478,-0.335
2019-20,1629729,Josh Reaves,1610612742,DAL,G-F,23,2,2,1,4,6,0.667,0.43,0.237
2019-20,1629147,Joe Chealey,1610612766,CHA,G,24,1,1,1,3,6,0.5,0.402,0.098
2019-20,1629676,Isaiah Roby,1610612760,OKC,F,22,3,3,1,2,6,0.333,0.451,-0.117
2019-20,1628605,Dusty Hannahs,1610612763,MEM,G,26,2,2,1,2,5,0.4,0.421,-0.021
2019-20,1629133,Daryl Macon,1610612748,MIA,G,24,2,2,1,1,5,0.2,0.407,-0.207
2019-20,1629657,Kyle Guy,1610612758,SAC,G,22,2,2,1,2,4,0.5,0.456,0.044
2019-20,201583,Ryan Anderson,1610612745,HOU,F,32,2,2,1,2,4,0.5,0.456,0.044
2019-20,1629622,Max Strus,1610612741,CHI,G-F,24,2,2,1,0,3,0,0.428,-0.428
2019-20,1629739,William Howard,1610612745,HOU,F-G,26,1,1,1,2,3,0.667,0.512,0.154
2019-20,203092,Tyler Zeller,1610612759,SAS,F-C,30,1,1,1,1,3,0.333,0.472,-0.139
2019-20,1629044,Shamorie Ponds,1610612761,TOR,G,22,1,1,1,3,3,1,0.481,0.519
2019-20,1629005,Malik Newman,1610612739,CLE,G,23,1,1,1,1,2,0.5,0.599,-0.099
2019-20,2037,Jamal Crawford,1610612751,BKN,G,40,1,1,1,1,1,1,0.431,0.569
2019-20,1629716,Marques Bolden,1610612739,CLE,C,22,1,1,1,0,1,0,0.367,-0.367
2020-21,203497,Rudy Gobert,1610612762,UTA,C,29,71,71,1,654,1583,0.413,0.493,-0.079
2020-21,201572,Brook Lopez,1610612749,MIL,C,33,69,69,1,618,1366,0.452,0.489,-0.036
2020-21,203999,Nikola Jokić,1610612743,DEN,C,26,71,71,1,626,1278,0.49,0.492,-0.002
2020-21,1627751,Jakob Poeltl,1610612759,SAS,C,25,69,69,1,536,1193,0.449,0.486,-0.037
2020-21,202696,Nikola Vučević,1610612741,CHI,C,30,69,69,1,595,1180,0.504,0.492,0.012
2020-21,1629028,Deandre Ayton,1610612756,PHX,C,22,67,67,1,534,1146,0.466,0.483,-0.018
2020-21,1627734,Domantas Sabonis,1610612754,IND,F-C,25,61,61,1,521,1106,0.471,0.488,-0.017
2020-21,203482,Kelly Olynyk,1610612745,HOU,F-C,30,70,70,1,527,1049,0.502,0.478,0.025
2020-21,203952,Andrew Wiggins,1610612744,GSW,F,26,70,70,1,463,1046,0.443,0.466,-0.024
2020-21,202685,Jonas Valanciunas,1610612763,MEM,C,29,62,62,1,514,1039,0.495,0.489,0.006
2020-21,202683,Enes Freedom,1610612757,POR,C,29,69,69,1,526,1036,0.508,0.494,0.014
2020-21,203944,Julius Randle,1610612752,NYK,F-C,26,70,70,1,455,1030,0.442,0.478,-0.036
2020-21,1627826,Ivica Zubac,1610612746,LAC,C,24,71,71,1,459,1029,0.446,0.496,-0.05
2020-21,1626220,Royce O'Neale,1610612762,UTA,F,28,71,71,1,489,989,0.494,0.471,0.024
2020-21,1629628,RJ Barrett,1610612752,NYK,F-G,21,71,71,1,423,984,0.43,0.457,-0.027
2020-21,203496,Robert Covington,1610612757,POR,F,30,67,67,1,484,984,0.492,0.476,0.016
2020-21,1627741,Buddy Hield,1610612758,SAC,G,28,69,69,1,470,964,0.488,0.461,0.027
2020-21,203991,Clint Capela,1610612737,ATL,C,27,63,63,1,452,961,0.47,0.498,-0.027
2020-21,1628386,Jarrett Allen,1610612739,CLE,C,23,63,63,1,438,943,0.464,0.493,-0.029
2020-21,1626179,Terry Rozier,1610612766,CHA,G,27,68,68,1,443,926,0.478,0.458,0.02
2020-21,1629023,P.J. Washington,1610612766,CHA,F,22,63,63,1,465,921,0.505,0.479,0.026
2020-21,203110,Draymond Green,1610612744,GSW,F,31,62,62,1,410,918,0.447,0.481,-0.034
2020-21,201980,Danny Green,1610612755,PHI,G,34,69,69,1,405,906,0.447,0.46,-0.013
2020-21,1626158,Richaun Holmes,1610612758,SAC,F,27,60,60,1,413,896,0.461,0.491,-0.03
2020-21,203200,Justin Holiday,1610612754,IND,F-G,32,71,71,1,390,895,0.436,0.465,-0.03
2020-21,1630191,Isaiah Stewart,1610612765,DET,F-C,20,68,68,1,398,891,0.447,0.484,-0.037
2020-21,203954,Joel Embiid,1610612755,PHI,C-F,27,51,51,1,420,890,0.472,0.495,-0.023
2020-21,1628464,Daniel Theis,1610612741,CHI,F-C,29,65,65,1,419,881,0.476,0.483,-0.007
2020-21,1627783,Pascal Siakam,1610612761,TOR,F,27,56,56,1,434,875,0.496,0.47,0.026
2020-21,1630171,Isaac Okoro,1610612739,CLE,F-G,20,67,67,1,462,873,0.529,0.459,0.07
2020-21,201577,Robin Lopez,1610612764,WAS,C,33,70,70,1,418,871,0.48,0.491,-0.011
2020-21,1628415,Dillon Brooks,1610612763,MEM,G-F,25,67,67,1,413,871,0.474,0.46,0.014
2020-21,1629029,Luka Dončić,1610612742,DAL,F-G,22,66,66,1,392,865,0.453,0.458,-0.005
2020-21,1628969,Mikal Bridges,1610612756,PHX,F,24,69,69,1,428,863,0.496,0.468,0.028
2020-21,1628389,Bam Adebayo,1610612748,MIA,C-F,23,62,62,1,384,856,0.449,0.481,-0.033
2020-21,202339,Eric Bledsoe,1610612740,NOP,G,31,69,69,1,420,854,0.492,0.458,0.034
2020-21,1628381,John Collins,1610612737,ATL,F-C,23,63,63,1,408,835,0.489,0.479,0.01
2020-21,203114,Khris Middleton,1610612749,MIL,F,29,67,67,1,395,831,0.475,0.461,0.014
2020-21,1626157,Karl-Anthony Towns,1610612750,MIN,C-F,25,50,50,1,404,824,0.49,0.495,-0.005
2020-21,203486,Mason Plumlee,1610612765,DET,F-C,31,56,56,1,448,823,0.544,0.506,0.039
2020-21,1628368,De'Aaron Fox,1610612758,SAC,G,23,56,56,1,396,822,0.482,0.459,0.022
2020-21,1626167,Myles Turner,1610612754,IND,C-F,25,46,46,1,371,821,0.452,0.493,-0.041
2020-21,1628970,Miles Bridges,1610612766,CHA,F,23,65,65,1,371,820,0.452,0.47,-0.018
2020-21,1629627,Zion Williamson,1610612740,NOP,F,20,59,59,1,369,817,0.452,0.467,-0.015
2020-21,1626164,Devin Booker,1610612756,PHX,G,24,65,65,1,380,817,0.465,0.462,0.003
2020-21,1629130,Duncan Robinson,1610612748,MIA,F,27,70,70,1,393,812,0.484,0.459,0.025
2020-21,1629647,Darius Bazley,1610612760,OKC,F-G,21,54,54,1,369,810,0.456,0.471,-0.016
2020-21,201145,Jeff Green,1610612751,BKN,F,34,68,68,1,389,806,0.483,0.471,0.012
2020-21,1630162,Anthony Edwards,1610612750,MIN,G,19,71,71,1,390,804,0.485,0.456,0.029
2020-21,203500,Steven Adams,1610612740,NOP,C,27,56,56,1,379,802,0.473,0.494,-0.021
2020-21,1628449,Chris Boucher,1610612761,TOR,F-C,28,60,60,1,357,799,0.447,0.474,-0.027
2020-21,1629632,Coby White,1610612741,CHI,G,21,69,69,1,399,797,0.501,0.458,0.043
2020-21,1628989,Kevin Huerter,1610612737,ATL,G-F,22,69,69,1,353,797,0.443,0.456,-0.013
2020-21,1629640,Keldon Johnson,1610612759,SAS,F-G,21,69,69,1,392,797,0.492,0.47,0.021
2020-21,1629675,Naz Reid,1610612750,MIN,C-F,21,69,69,1,387,787,0.492,0.485,0.006
2020-21,1627749,Dejounte Murray,1610612759,SAS,G,24,67,67,1,396,772,0.513,0.465,0.048
2020-21,1628976,Wendell Carter Jr.,1610612753,ORL,C-F,22,54,54,1,361,769,0.469,0.497,-0.028
2020-21,201950,Jrue Holiday,1610612749,MIL,G,31,58,58,1,353,768,0.46,0.467,-0.007
2020-21,1626149,Montrezl Harrell,1610612747,LAL,F-C,27,68,68,1,363,768,0.473,0.483,-0.01
2020-21,201599,DeAndre Jordan,1610612751,BKN,C,32,57,57,1,346,766,0.452,0.494,-0.042
2020-21,203471,Dennis Schröder,1610612747,LAL,G,27,61,61,1,380,766,0.496,0.465,0.031
2020-21,203081,Damian Lillard,1610612757,POR,G,30,64,64,1,360,765,0.471,0.454,0.016
2020-21,1630256,Jae'Sean Tate,1610612745,HOU,F,25,70,70,1,353,759,0.465,0.469,-0.003
2020-21,202699,Tobias Harris,1610612755,PHI,F,28,62,62,1,363,751,0.483,0.464,0.02
2020-21,203937,Kyle Anderson,1610612763,MEM,F-G,27,69,69,1,338,751,0.45,0.462,-0.012
2020-21,203078,Bradley Beal,1610612764,WAS,G,28,59,59,1,358,748,0.479,0.465,0.014
2020-21,201152,Thaddeus Young,1610612741,CHI,F,33,68,68,1,364,745,0.489,0.476,0.013
2020-21,1627832,Fred VanVleet,1610612761,TOR,G,27,52,52,1,341,745,0.458,0.462,-0.004
2020-21,203920,Khem Birch,1610612761,TOR,C,28,66,66,1,344,743,0.463,0.476,-0.013
2020-21,203501,Tim Hardaway Jr.,1610612742,DAL,G-F,29,70,70,1,332,731,0.454,0.454,0
2020-21,203897,Zach LaVine,1610612741,CHI,G-F,26,58,58,1,325,727,0.447,0.457,-0.01
2020-21,1626171,Bobby Portis Jr.,1610612749,MIL,F,26,65,65,1,340,724,0.47,0.478,-0.009
2020-21,201566,Russell Westbrook,1610612764,WAS,G,32,64,64,1,334,722,0.463,0.465,-0.003
2020-21,1630172,Patrick Williams,1610612741,CHI,F,19,71,71,1,357,718,0.497,0.474,0.024
2020-21,203925,Joe Harris,1610612751,BKN,G-F,29,69,69,1,333,717,0.464,0.456,0.008
2020-21,203457,Nerlens Noel,1610612752,NYK,C-F,27,63,63,1,336,717,0.469,0.493,-0.025
2020-21,1626174,Christian Wood,1610612745,HOU,F,25,41,41,1,328,716,0.458,0.476,-0.018
2020-21,1627759,Jaylen Brown,1610612738,BOS,G-F,24,58,58,1,320,712,0.449,0.464,-0.014
2020-21,204001,Kristaps Porziņģis,1610612742,DAL,F-C,25,43,43,1,343,712,0.482,0.484,-0.002
2020-21,202324,Derrick Favors,1610612762,UTA,F,29,68,68,1,352,708,0.497,0.492,0.005
2020-21,1628978,Donte DiVincenzo,1610612749,MIL,G,24,65,65,1,334,707,0.472,0.461,0.011
2020-21,1626192,Pat Connaughton,1610612749,MIL,G,28,68,68,1,325,703,0.462,0.455,0.007
2020-21,1628407,Dwayne Bacon,1610612753,ORL,G-F,25,70,70,1,325,703,0.462,0.46,0.003
2020-21,203493,Reggie Bullock Jr.,1610612752,NYK,G-F,30,64,64,1,328,701,0.468,0.462,0.006
2020-21,201587,Nicolas Batum,1610612746,LAC,G-F,32,67,67,1,330,699,0.472,0.471,0.001
2020-21,1629630,Ja Morant,1610612763,MEM,G,21,63,63,1,343,698,0.491,0.462,0.029
2020-21,1629008,Michael Porter Jr.,1610612743,DEN,F,23,60,60,1,327,697,0.469,0.47,-0.001
2020-21,202711,Bojan Bogdanovic,1610612762,UTA,F,32,72,72,1,312,697,0.448,0.468,-0.02
2020-21,1627827,Dorian Finney-Smith,1610612742,DAL,F,28,60,60,1,302,695,0.435,0.461,-0.027
2020-21,1627763,Malcolm Brogdon,1610612754,IND,G,28,55,55,1,335,695,0.482,0.468,0.014
2020-21,202331,Paul George,1610612746,LAC,F,31,54,54,1,320,693,0.462,0.467,-0.006
2020-21,1629060,Rui Hachimura,1610612764,WAS,F,23,56,56,1,315,689,0.457,0.474,-0.017
2020-21,1629012,Collin Sexton,1610612739,CLE,G,22,60,60,1,334,687,0.486,0.455,0.032
2020-21,202687,Bismack Biyombo,1610612766,CHA,C,28,64,64,1,310,685,0.453,0.477,-0.025
2020-21,1627732,Ben Simmons,1610612755,PHI,G-F,24,58,58,1,285,684,0.417,0.462,-0.045
2020-21,203507,Giannis Antetokounmpo,1610612749,MIL,F,26,59,59,1,302,679,0.445,0.473,-0.028
2020-21,1629027,Trae Young,1610612737,ATL,G,22,63,63,1,329,676,0.487,0.453,0.033
2020-21,101108,Chris Paul,1610612756,PHX,G,36,68,68,1,340,675,0.504,0.455,0.049
2020-21,1628366,Lonzo Ball,1610612740,NOP,G,23,53,53,1,319,674,0.473,0.458,0.016
2020-21,1628467,Maxi Kleber,1610612742,DAL,F,29,50,50,1,300,669,0.448,0.477,-0.029
2020-21,1626172,Kevon Looney,1610612744,GSW,F,25,60,60,1,323,665,0.486,0.485,0.001
2020-21,203901,Elfrid Payton,1610612752,NYK,G,27,61,61,1,298,654,0.456,0.456,-0.001
2020-21,1629636,Darius Garland,1610612739,CLE,G,21,54,54,1,319,652,0.489,0.448,0.041
2020-21,1629676,Isaiah Roby,1610612760,OKC,F,23,60,60,1,335,648,0.517,0.483,0.034
2020-21,1626162,Kelly Oubre Jr.,1610612744,GSW,F-G,25,54,54,1,287,645,0.445,0.471,-0.026
2020-21,203084,Harrison Barnes,1610612758,SAC,F,29,56,56,1,314,645,0.487,0.481,0.006
2020-21,1626181,Norman Powell,1610612757,POR,G,28,69,69,1,294,644,0.457,0.461,-0.004
2020-21,1630183,Jaden McDaniels,1610612750,MIN,F,20,61,61,1,296,644,0.46,0.468,-0.009
2020-21,1629652,Luguentz Dort,1610612760,OKC,G,22,51,51,1,294,643,0.457,0.464,-0.007
2020-21,1629134,Kendrick Nunn,1610612748,MIA,G,25,54,54,1,302,640,0.472,0.455,0.017
2020-21,1628971,Bruce Brown,1610612751,BKN,G-F,24,65,65,1,297,635,0.468,0.464,0.004
2020-21,202684,Tristan Thompson,1610612738,BOS,C-F,30,54,54,1,310,634,0.489,0.485,0.004
2020-21,1628398,Kyle Kuzma,1610612747,LAL,F,25,68,68,1,291,633,0.46,0.464,-0.004
2020-21,1628369,Jayson Tatum,1610612738,BOS,F-G,23,64,64,1,301,632,0.476,0.463,0.013
2020-21,204456,T.J. McConnell,1610612754,IND,G,29,68,68,1,300,630,0.476,0.45,0.026
2020-21,202066,Garrett Temple,1610612741,CHI,G-F,35,56,56,1,280,629,0.445,0.457,-0.011
2020-21,203083,Andre Drummond,1610612747,LAL,C,27,46,46,1,323,623,0.518,0.496,0.022
2020-21,1628367,Josh Jackson,1610612765,DET,G-F,24,62,62,1,302,614,0.492,0.458,0.034
2020-21,202681,Kyrie Irving,1610612751,BKN,G,29,54,54,1,285,613,0.465,0.46,0.005
2020-21,202704,Reggie Jackson,1610612746,LAC,G,31,66,66,1,285,610,0.467,0.454,0.013
2020-21,203468,CJ McCollum,1610612757,POR,G,29,46,46,1,286,609,0.47,0.451,0.019
2020-21,1628404,Josh Hart,1610612740,NOP,G,26,46,46,1,295,608,0.485,0.463,0.022
2020-21,1627747,Caris LeVert,1610612754,IND,G,26,47,47,1,287,608,0.472,0.463,0.009
2020-21,201937,Ricky Rubio,1610612750,MIN,G,30,67,67,1,291,608,0.479,0.456,0.022
2020-21,200768,Kyle Lowry,1610612761,TOR,G,35,46,46,1,279,606,0.46,0.458,0.002
2020-21,203484,Kentavious Caldwell-Pope,1610612747,LAL,G,28,67,67,1,289,605,0.478,0.464,0.013
2020-21,1626153,Delon Wright,1610612758,SAC,G,29,61,61,1,294,602,0.488,0.467,0.022
2020-21,1628984,Devonte' Graham,1610612766,CHA,G,26,54,54,1,277,599,0.462,0.457,0.006
2020-21,1630169,Tyrese Haliburton,1610612758,SAC,G,21,56,56,1,305,598,0.51,0.453,0.057
2020-21,1629020,Jarred Vanderbilt,1610612750,MIN,F,22,63,63,1,273,598,0.457,0.481,-0.025
2020-21,203145,Kent Bazemore,1610612744,GSW,G-F,31,66,66,1,254,597,0.425,0.459,-0.034
2020-21,202710,Jimmy Butler III,1610612748,MIA,F,31,50,50,1,263,597,0.441,0.463,-0.022
2020-21,1630214,Xavier Tillman,1610612763,MEM,F,22,59,59,1,272,593,0.459,0.484,-0.026
2020-21,202709,Cory Joseph,1610612765,DET,G,29,61,61,1,281,592,0.475,0.459,0.016
2020-21,203524,Solomon Hill,1610612737,ATL,F,30,71,71,1,271,590,0.459,0.466,-0.007
2020-21,1630180,Saddiq Bey,1610612765,DET,F,22,70,70,1,289,589,0.491,0.469,0.022
2020-21,1629639,Tyler Herro,1610612748,MIA,G,21,52,52,1,268,587,0.457,0.451,0.005
2020-21,2730,Dwight Howard,1610612755,PHI,C-F,35,69,69,1,270,585,0.462,0.494,-0.033
2020-21,203109,Jae Crowder,1610612756,PHX,F,30,58,58,1,248,585,0.424,0.466,-0.042
2020-21,201188,Marc Gasol,1610612747,LAL,C,36,52,52,1,280,584,0.479,0.488,-0.008
2020-21,1627750,Jamal Murray,1610612743,DEN,G,24,47,47,1,263,583,0.451,0.467,-0.015
2020-21,202689,Kemba Walker,1610612760,OKC,G,31,43,43,1,296,581,0.509,0.463,0.046
2020-21,1627742,Brandon Ingram,1610612740,NOP,F,23,59,59,1,276,579,0.477,0.46,0.016
2020-21,1628374,Lauri Markkanen,1610612741,CHI,F-C,24,50,50,1,278,578,0.481,0.467,0.014
2020-21,201586,Serge Ibaka,1610612746,LAC,F,31,41,41,1,274,574,0.477,0.492,-0.015
2020-21,203458,Alex Len,1610612764,WAS,C,28,63,63,1,271,571,0.475,0.499,-0.024
2020-21,1630166,Deni Avdija,1610612764,WAS,F,20,53,53,1,274,568,0.482,0.47,0.013
2020-21,201933,Blake Griffin,1610612751,BKN,F,32,46,46,1,268,565,0.474,0.486,-0.012
2020-21,203526,Raul Neto,1610612764,WAS,G,29,63,63,1,275,565,0.487,0.456,0.031
2020-21,203992,Bogdan Bogdanović,1610612737,ATL,G,28,44,44,1,257,563,0.456,0.455,0.001
2020-21,1630177,Theo Maledon,1610612760,OKC,G,20,64,64,1,273,561,0.487,0.453,0.033
2020-21,1628425,Sterling Brown,1610612745,HOU,G-F,26,51,51,1,285,560,0.509,0.461,0.048
2020-21,203903,Jordan Clarkson,1610612762,UTA,G,29,68,68,1,255,560,0.455,0.452,0.003
2020-21,200752,Rudy Gay,1610612759,SAS,F-G,34,63,63,1,242,559,0.433,0.463,-0.03
2020-21,203115,Will Barton,1610612743,DEN,G,30,54,54,1,280,558,0.502,0.463,0.039
2020-21,202695,Kawhi Leonard,1610612746,LAC,F,30,52,52,1,273,557,0.49,0.47,0.02
2020-21,1629634,Brandon Clarke,1610612763,MEM,F,24,59,59,1,266,555,0.479,0.477,0.003
2020-21,1630267,Facundo Campazzo,1610612743,DEN,G,30,63,63,1,248,552,0.449,0.452,-0.003
2020-21,201935,James Harden,1610612751,BKN,G,31,44,44,1,255,551,0.463,0.468,-0.005
2020-21,203924,Jerami Grant,1610612765,DET,F,27,54,54,1,259,550,0.471,0.476,-0.006
2020-21,202722,Davis Bertans,1610612764,WAS,F,28,56,56,1,245,550,0.445,0.457,-0.011
2020-21,201144,Mike Conley,1610612762,UTA,G,33,51,51,1,239,548,0.436,0.449,-0.013
2020-21,1626196,Josh Richardson,1610612742,DAL,G,27,59,59,1,252,544,0.463,0.459,0.004
2020-21,203926,Doug McDermott,1610612754,IND,F,29,65,65,1,258,544,0.474,0.467,0.008
2020-21,1629650,Moses Brown,1610612738,BOS,C,21,41,41,1,272,544,0.5,0.483,0.017
2020-21,201988,Patty Mills,1610612759,SAS,G,32,67,67,1,256,538,0.476,0.452,0.024
2020-21,1629013,Landry Shamet,1610612751,BKN,G,24,61,61,1,281,537,0.523,0.458,0.065
2020-21,1629611,Terance Mann,1610612746,LAC,G-F,24,62,62,1,258,536,0.481,0.458,0.023
2020-21,1629026,Kenrich Williams,1610612760,OKC,G-F,26,63,63,1,247,535,0.462,0.46,0.002
2020-21,203469,Cody Zeller,1610612766,CHA,F-C,28,47,47,1,255,532,0.479,0.488,-0.008
2020-21,1628973,Jalen Brunson,1610612742,DAL,G,24,68,68,1,246,531,0.463,0.45,0.013
2020-21,204060,Joe Ingles,1610612762,UTA,F-G,33,67,67,1,229,531,0.431,0.457,-0.026
2020-21,201568,Danilo Gallinari,1610612737,ATL,F,32,51,51,1,256,528,0.485,0.468,0.017
2020-21,1629680,Matisse Thybulle,1610612755,PHI,G-F,24,64,64,1,220,528,0.417,0.449,-0.033
2020-21,1629659,Talen Horton-Tucker,1610612747,LAL,G,20,65,65,1,233,527,0.442,0.458,-0.016
2020-21,203552,Seth Curry,1610612755,PHI,G,30,57,57,1,251,527,0.476,0.449,0.028
2020-21,1629308,Juan Toscano-Anderson,1610612744,GSW,F,28,51,51,1,252,525,0.48,0.468,0.012
2020-21,2546,Carmelo Anthony,1610612757,POR,F,37,66,66,1,242,525,0.461,0.462,-0.001
2020-21,200782,P.J. Tucker,1610612749,MIL,F,36,52,52,1,258,523,0.493,0.475,0.019
2020-21,200794,Paul Millsap,1610612743,DEN,F,36,55,55,1,256,521,0.491,0.474,0.018
2020-21,203382,Aron Baynes,1610612761,TOR,C-F,34,52,52,1,239,521,0.459,0.491,-0.032
2020-21,1629057,Robert Williams III,1610612738,BOS,C-F,23,52,52,1,239,516,0.463,0.483,-0.02
2020-21,1628378,Donovan Mitchell,1610612762,UTA,G,24,53,53,1,250,512,0.488,0.455,0.033
2020-21,203095,Evan Fournier,1610612738,BOS,G-F,28,41,41,1,243,511,0.476,0.464,0.011
2020-21,203076,Anthony Davis,1610612747,LAL,F-C,28,36,36,1,231,509,0.454,0.479,-0.025
2020-21,201942,DeMar DeRozan,1610612759,SAS,G-F,31,61,61,1,253,508,0.498,0.463,0.035
2020-21,1629006,Josh Okogie,1610612750,MIN,G,22,58,58,1,250,508,0.492,0.472,0.02
2020-21,1629022,Lonnie Walker IV,1610612759,SAS,G-F,22,60,60,1,252,506,0.498,0.457,0.041
2020-21,201939,Stephen Curry,1610612744,GSW,G,33,62,62,1,230,505,0.455,0.453,0.003
2020-21,1628401,Derrick White,1610612759,SAS,G,26,36,36,1,236,505,0.467,0.464,0.003
2020-21,1626161,Willie Cauley-Stein,1610612742,DAL,C,27,53,53,1,233,503,0.463,0.484,-0.021
2020-21,1628384,OG Anunoby,1610612761,TOR,F,23,43,43,1,218,503,0.433,0.473,-0.039
2020-21,1627884,Derrick Jones Jr.,1610612757,POR,F,24,56,56,1,236,503,0.469,0.469,0
2020-21,1630197,Aleksej Pokusevski,1610612760,OKC,C,19,44,44,1,249,501,0.497,0.457,0.04
2020-21,1628963,Marvin Bagley III,1610612758,SAC,F,22,42,42,1,259,500,0.518,0.476,0.042
2020-21,1628983,Shai Gilgeous-Alexander,1610612760,OKC,G-F,22,34,34,1,239,499,0.479,0.459,0.02
2020-21,1630163,LaMelo Ball,1610612766,CHA,G,19,50,50,1,235,499,0.471,0.455,0.016
2020-21,1628988,Aaron Holiday,1610612754,IND,G,24,64,64,1,233,499,0.467,0.452,0.015
2020-21,203932,Aaron Gordon,1610612743,DEN,F,25,49,49,1,228,497,0.459,0.471,-0.012
2020-21,203935,Marcus Smart,1610612738,BOS,G,27,48,48,1,212,496,0.427,0.462,-0.034
2020-21,203939,Dwight Powell,1610612742,DAL,F-C,29,57,57,1,225,495,0.455,0.481,-0.027
2020-21,2738,Andre Iguodala,1610612748,MIA,G-F,37,61,61,1,216,492,0.439,0.461,-0.022
2020-21,1630175,Cole Anthony,1610612753,ORL,G,21,45,45,1,254,491,0.517,0.453,0.065
2020-21,1629003,Shake Milton,1610612755,PHI,G-F,24,63,63,1,221,489,0.452,0.449,0.003
2020-21,1629004,Svi Mykhailiuk,1610612760,OKC,G-F,24,63,63,1,236,486,0.486,0.454,0.032
2020-21,1626195,Willy Hernangomez,1610612740,NOP,C-F,27,44,44,1,255,483,0.528,0.495,0.033
2020-21,1629018,Gary Trent Jr.,1610612761,TOR,G-F,22,54,54,1,229,480,0.477,0.458,0.019
2020-21,1629684,Grant Williams,1610612738,BOS,F,22,63,63,1,212,479,0.443,0.466,-0.023
2020-21,1629731,Dean Wade,1610612739,CLE,F-C,24,60,60,1,228,474,0.481,0.473,0.008
2020-21,203994,Jusuf Nurkić,1610612757,POR,C,26,36,36,1,227,474,0.479,0.495,-0.016
2020-21,202694,Marcus Morris Sr.,1610612746,LAC,F,31,57,57,1,230,470,0.489,0.467,0.022
2020-21,201565,Derrick Rose,1610612752,NYK,G,32,50,50,1,202,470,0.43,0.453,-0.023
2020-21,1629661,Cameron Johnson,1610612756,PHX,F,25,59,59,1,223,466,0.479,0.456,0.022
2020-21,1629655,Daniel Gafford,1610612764,WAS,F-C,22,52,52,1,229,466,0.491,0.488,0.003
2020-21,1630217,Desmond Bane,1610612763,MEM,G,23,68,68,1,193,457,0.422,0.457,-0.035
2020-21,1630164,James Wiseman,1610612744,GSW,C,20,38,38,1,214,456,0.469,0.493,-0.024
2020-21,202322,John Wall,1610612745,HOU,G,30,40,40,1,215,455,0.473,0.463,0.009
2020-21,1626156,D'Angelo Russell,1610612750,MIN,G,25,41,41,1,217,454,0.478,0.458,0.02
2020-21,202693,Markieff Morris,1610612747,LAL,F,31,60,60,1,210,453,0.464,0.474,-0.011
2020-21,1628960,Grayson Allen,1610612763,MEM,G,25,50,50,1,206,449,0.459,0.457,0.002
2020-21,203967,Dario Saric,1610612756,PHX,F-C,27,47,47,1,203,446,0.455,0.47,-0.015
2020-21,1627936,Alex Caruso,1610612747,LAL,G,27,58,58,1,195,443,0.44,0.456,-0.016
2020-21,1628977,Hamidou Diallo,1610612765,DET,G,22,51,51,1,201,443,0.454,0.452,0.001
2020-21,1629643,Chuma Okeke,1610612753,ORL,F,22,44,44,1,208,439,0.474,0.458,0.016
2020-21,1626224,Cedi Osman,1610612739,CLE,F,26,59,59,1,212,438,0.484,0.454,0.03
2020-21,203082,Terrence Ross,1610612753,ORL,G-F,30,45,45,1,201,438,0.459,0.456,0.003
2020-21,202330,Gordon Hayward,1610612766,CHA,F,31,43,43,1,199,438,0.454,0.47,-0.015
2020-21,2544,LeBron James,1610612747,LAL,F,36,44,44,1,174,437,0.398,0.461,-0.063
2020-21,202692,Alec Burks,1610612752,NYK,G,29,49,49,1,166,435,0.382,0.455,-0.074
2020-21,1630202,Payton Pritchard,1610612738,BOS,G,23,66,66,1,229,433,0.529,0.454,0.074
2020-21,1630173,Precious Achiuwa,1610612748,MIA,F,21,55,55,1,205,432,0.475,0.485,-0.011
2020-21,203107,Tomas Satoransky,1610612741,CHI,G,29,58,58,1,200,430,0.465,0.453,0.012
2020-21,1629637,Jaxson Hayes,1610612740,NOP,C-F,21,56,56,1,195,428,0.456,0.479,-0.023
2020-21,1629234,Drew Eubanks,1610612759,SAS,F-C,24,53,53,1,193,427,0.452,0.483,-0.031
2020-21,201959,Taj Gibson,1610612752,NYK,F,36,44,44,1,189,424,0.446,0.487,-0.041
2020-21,1629001,De'Anthony Melton,1610612763,MEM,G,23,51,51,1,187,421,0.444,0.454,-0.01
2020-21,1627814,Damion Lee,1610612744,GSW,G-F,28,56,56,1,199,420,0.474,0.461,0.013
2020-21,201142,Kevin Durant,1610612751,BKN,F,32,35,35,1,179,416,0.43,0.47,-0.039
2020-21,1626163,Frank Kaminsky,1610612756,PHX,F-C,28,46,46,1,205,416,0.493,0.481,0.012
2020-21,1629667,Jalen McDaniels,1610612766,CHA,F-C,23,44,44,1,199,416,0.478,0.456,0.022
2020-21,1630193,Immanuel Quickley,1610612752,NYK,G,22,63,63,1,191,415,0.46,0.453,0.007
2020-21,1626204,Larry Nance Jr.,1610612739,CLE,F-C,28,35,35,1,199,415,0.48,0.477,0.002
2020-21,203506,Victor Oladipo,1610612748,MIA,G,29,31,31,1,188,413,0.455,0.461,-0.006
2020-21,1627854,Bryn Forbes,1610612749,MIL,G,27,68,68,1,212,413,0.513,0.45,0.063
2020-21,1628420,Monte Morris,1610612743,DEN,G,26,47,47,1,175,411,0.426,0.457,-0.031
2020-21,201949,James Johnson,1610612740,NOP,F,34,51,51,1,183,411,0.445,0.463,-0.018
2020-21,1628379,Luke Kennard,1610612746,LAC,G,25,59,59,1,208,410,0.507,0.449,0.059
2020-21,1627789,Timothe Luwawu-Cabarrot,1610612751,BKN,G-F,26,57,57,1,198,409,0.484,0.453,0.031
2020-21,201143,Al Horford,1610612738,BOS,C-F,35,27,27,1,207,407,0.509,0.489,0.02
2020-21,202954,Brad Wanamaker,1610612766,CHA,G,31,61,61,1,197,405,0.486,0.457,0.029
2020-21,202326,DeMarcus Cousins,1610612746,LAC,C,30,41,41,1,194,404,0.48,0.485,-0.005
2020-21,201609,Goran Dragic,1610612748,MIA,G,35,49,49,1,195,401,0.486,0.452,0.034
2020-21,1629021,Moritz Wagner,1610612753,ORL,F-C,24,43,43,1,179,400,0.448,0.475,-0.027
2020-21,1628964,Mo Bamba,1610612753,ORL,C,23,43,43,1,187,398,0.47,0.486,-0.017
2020-21,1626169,Stanley Johnson,1610612761,TOR,F-G,25,57,57,1,178,397,0.448,0.467,-0.018
2020-21,201952,Jeff Teague,1610612749,MIL,G,33,55,55,1,182,392,0.464,0.461,0.003
2020-21,1627777,Georges Niang,1610612762,UTA,F,28,70,70,1,160,390,0.41,0.451,-0.041
2020-21,1626145,Tyus Jones,1610612763,MEM,G,25,70,70,1,178,388,0.459,0.442,0.016
2020-21,202083,Wesley Matthews,1610612747,LAL,G,34,58,58,1,168,387,0.434,0.461,-0.027
2020-21,200746,LaMarcus Aldridge,1610612751,BKN,C-F,35,26,26,1,179,382,0.469,0.477,-0.008
2020-21,1628408,PJ Dozier,1610612743,DEN,G-F,24,49,49,1,169,375,0.451,0.459,-0.008
2020-21,203503,Tony Snell,1610612737,ATL,G,29,46,46,1,178,374,0.476,0.463,0.013
2020-21,1629726,Garrison Mathews,1610612764,WAS,G,24,61,61,1,195,373,0.523,0.455,0.067
2020-21,203210,JaMychal Green,1610612743,DEN,F-C,31,57,57,1,164,372,0.441,0.464,-0.023
2020-21,1630201,Malachi Flynn,1610612761,TOR,G,23,45,45,1,163,371,0.439,0.458,-0.019
2020-21,1628997,Caleb Martin,1610612766,CHA,F,25,50,50,1,173,371,0.466,0.451,0.016
2020-21,101150,Lou Williams,1610612737,ATL,G,34,66,66,1,170,370,0.459,0.442,0.018
2020-21,1628998,Cody Martin,1610612766,CHA,F,25,49,49,1,168,367,0.458,0.457,0
2020-21,1628396,Tony Bradley,1610612760,OKC,C-F,23,40,40,1,163,366,0.445,0.491,-0.046
2020-21,1629638,Nickeil Alexander-Walker,1610612740,NOP,G,22,44,44,1,176,365,0.482,0.458,0.024
2020-21,203488,Mike Muscala,1610612760,OKC,F-C,29,34,34,1,157,363,0.433,0.479,-0.046
2020-21,203087,Jeremy Lamb,1610612754,IND,G-F,29,36,36,1,178,363,0.49,0.464,0.027
2020-21,1630170,Devin Vassell,1610612759,SAS,G-F,20,61,61,1,185,362,0.511,0.459,0.052
2020-21,1629011,Mitchell Robinson,1610612752,NYK,C-F,23,30,30,1,168,362,0.464,0.497,-0.033
2020-21,1629014,Anfernee Simons,1610612757,POR,G,22,59,59,1,185,362,0.511,0.45,0.061
2020-21,1626166,Cameron Payne,1610612756,PHX,G,26,58,58,1,172,360,0.478,0.455,0.023
2020-21,1627752,Taurean Prince,1610612739,CLE,F,27,41,41,1,174,358,0.486,0.468,0.018
2020-21,1629056,Terence Davis,1610612758,SAC,G,24,59,59,1,187,356,0.525,0.458,0.068
2020-21,203914,Gary Harris,1610612753,ORL,G,26,38,38,1,164,353,0.465,0.461,0.004
2020-21,1629162,Jordan McLaughlin,1610612750,MIN,G,25,51,51,1,158,353,0.448,0.447,0.001
2020-21,1627736,Malik Beasley,1610612750,MIN,G,24,36,36,1,179,346,0.517,0.458,0.059
2020-21,1629651,Nic Claxton,1610612751,BKN,F-C,22,32,32,1,139,344,0.404,0.462,-0.058
2020-21,201580,JaVale McGee,1610612743,DEN,C-F,33,46,46,1,156,343,0.455,0.475,-0.02
2020-21,201961,Wayne Ellington,1610612765,DET,G,33,45,45,1,162,342,0.474,0.454,0.019
2020-21,203516,James Ennis III,1610612753,ORL,F,30,40,40,1,150,337,0.445,0.461,-0.016
2020-21,1630231,KJ Martin,1610612745,HOU,F,20,45,45,1,150,336,0.446,0.467,-0.02
2020-21,2772,Trevor Ariza,1610612748,MIA,F,36,28,28,1,148,336,0.44,0.464,-0.023
2020-21,202397,Ish Smith,1610612764,WAS,G,32,42,42,1,157,335,0.469,0.458,0.011
2020-21,201571,D.J. Augustin,1610612745,HOU,G,33,54,54,1,163,334,0.488,0.448,0.04
2020-21,1627756,Denzel Valentine,1610612741,CHI,G,27,60,60,1,157,333,0.471,0.45,0.022
2020-21,1628400,Semi Ojeleye,1610612738,BOS,F,26,55,55,1,151,330,0.458,0.468,-0.01
2020-21,1629635,Sekou Doumbouya,1610612765,DET,F,20,53,53,1,159,327,0.486,0.46,0.026
2020-21,1627788,Furkan Korkmaz,1610612755,PHI,G-F,23,54,54,1,154,327,0.471,0.453,0.018
2020-21,1629048,Goga Bitadze,1610612754,IND,C-F,21,44,44,1,152,327,0.465,0.483,-0.018
2020-21,1629672,Eric Paschall,1610612744,GSW,F,24,40,40,1,148,323,0.458,0.47,-0.012
2020-21,203487,Michael Carter-Williams,1610612753,ORL,G,29,31,31,1,138,323,0.427,0.468,-0.04
2020-21,1626184,Chasson Randle,1610612753,ORL,G,28,38,38,1,152,321,0.474,0.449,0.025
2020-21,203090,Maurice Harkless,1610612758,SAC,F-G,28,35,35,1,148,321,0.461,0.459,0.002
2020-21,1629645,Kevin Porter Jr.,1610612745,HOU,G-F,21,26,26,1,167,321,0.52,0.475,0.046
2020-21,1628470,Torrey Craig,1610612756,PHX,F,30,47,47,1,147,319,0.461,0.459,0.002
2020-21,202355,Hassan Whiteside,1610612758,SAC,C,32,33,33,1,147,317,0.464,0.492,-0.028
2020-21,1630181,R.J. Hampton,1610612753,ORL,G,20,45,45,1,158,316,0.5,0.453,0.047
2020-21,1627823,Juancho Hernangomez,1610612750,MIN,F,25,49,49,1,154,311,0.495,0.468,0.027
2020-21,1630168,Onyeka Okongwu,1610612737,ATL,F-C,20,48,48,1,153,309,0.495,0.485,0.01
2020-21,203476,Gorgui Dieng,1610612759,SAS,C,31,38,38,1,166,309,0.537,0.482,0.055
2020-21,1630240,Saben Lee,1610612765,DET,G,22,46,46,1,147,308,0.477,0.444,0.034
2020-21,1629139,Yuta Watanabe,1610612761,TOR,G-F,26,50,50,1,141,307,0.459,0.453,0.006
2020-21,1628392,Isaiah Hartenstein,1610612739,CLE,C-F,23,44,44,1,137,307,0.446,0.495,-0.048
2020-21,1629629,Cam Reddish,1610612737,ATL,F-G,21,26,26,1,156,306,0.51,0.464,0.046
2020-21,1627863,Danuel House Jr.,1610612745,HOU,F-G,28,36,36,1,130,302,0.43,0.464,-0.033
2020-21,1628422,Damyean Dotson,1610612739,CLE,G,27,45,45,1,135,301,0.449,0.456,-0.007
2020-21,1628539,Mychal Mulder,1610612744,GSW,G,27,54,54,1,140,300,0.467,0.442,0.024
2020-21,1628021,David Nwaba,1610612745,HOU,G-F,28,30,30,1,143,299,0.478,0.459,0.019
2020-21,1627761,DeAndre' Bembry,1610612761,TOR,G-F,26,47,47,1,130,298,0.436,0.459,-0.023
2020-21,203118,Mike Scott,1610612755,PHI,F,32,49,49,1,142,297,0.478,0.468,0.01
2020-21,1630184,Kira Lewis Jr.,1610612740,NOP,G,20,49,49,1,130,294,0.442,0.438,0.004
2020-21,201976,Patrick Beverley,1610612746,LAC,G,32,37,37,1,124,292,0.425,0.468,-0.044
2020-21,1630178,Tyrese Maxey,1610612755,PHI,G,20,58,58,1,141,286,0.493,0.44,0.053
2020-21,1629631,De'Andre Hunter,1610612737,ATL,F-G,23,23,23,1,112,284,0.394,0.465,-0.071
2020-21,203918,Rodney Hood,1610612761,TOR,G-F,28,48,48,1,132,279,0.473,0.46,0.013
2020-21,1629669,Jaylen Nowell,1610612750,MIN,G,21,41,41,1,132,276,0.478,0.449,0.029
2020-21,1629052,Oshae Brissett,1610612754,IND,F-G,23,20,20,1,137,276,0.496,0.472,0.024
2020-21,203463,Ben McLemore,1610612747,LAL,G,28,47,47,1,127,275,0.462,0.455,0.007
2020-21,200765,Rajon Rondo,1610612746,LAC,G,35,44,44,1,129,274,0.471,0.453,0.018
2020-21,1630167,Obi Toppin,1610612752,NYK,F,23,60,60,1,116,271,0.428,0.468,-0.04
2020-21,202335,Patrick Patterson,1610612746,LAC,F,32,37,37,1,123,271,0.454,0.463,-0.009
2020-21,1628410,Edmond Sumner,1610612754,IND,G,25,48,48,1,134,270,0.496,0.461,0.036
2020-21,1629660,Ty Jerome,1610612760,OKC,G-F,23,33,33,1,136,270,0.504,0.448,0.056
2020-21,1629002,Chimezie Metu,1610612758,SAC,F-C,24,33,33,1,139,265,0.525,0.465,0.059
2020-21,1629673,Jordan Poole,1610612744,GSW,G,22,46,46,1,111,264,0.42,0.444,-0.024
2020-21,1629109,Gary Clark,1610612755,PHI,F,26,36,36,1,124,263,0.471,0.457,0.015
2020-21,1630165,Killian Hayes,1610612765,DET,G,19,26,26,1,122,262,0.466,0.447,0.019
2020-21,1630230,Naji Marshall,1610612740,NOP,F,23,27,27,1,123,259,0.475,0.461,0.014
2020-21,1629216,Gabe Vincent,1610612748,MIA,G,25,42,42,1,112,259,0.432,0.456,-0.023
2020-21,203085,Austin Rivers,1610612743,DEN,G,28,34,34,1,110,258,0.426,0.447,-0.02
2020-21,203504,Trey Burke,1610612742,DAL,G,28,56,56,1,116,257,0.451,0.437,0.015
2020-21,201567,Kevin Love,1610612739,CLE,F-C,32,24,24,1,134,256,0.523,0.478,0.046
2020-21,202357,Nemanja Bjelica,1610612748,MIA,F,33,35,35,1,121,256,0.473,0.472,0.001
2020-21,1628370,Malik Monk,1610612766,CHA,G,23,39,39,1,128,253,0.506,0.455,0.051
2020-21,1628436,Luke Kornet,1610612738,BOS,F-C,25,29,29,1,116,253,0.458,0.478,-0.02
2020-21,1627745,Damian Jones,1610612758,SAC,C,26,35,35,1,120,248,0.484,0.478,0.006
2020-21,1629642,Nassir Little,1610612757,POR,F-G,21,44,44,1,118,248,0.476,0.453,0.022
2020-21,201588,George Hill,1610612755,PHI,G,35,29,29,1,102,237,0.43,0.451,-0.021
2020-21,1629723,John Konchar,1610612763,MEM,G,25,43,43,1,108,237,0.456,0.456,-0.001
2020-21,1628391,D.J. Wilson,1610612745,HOU,F,25,33,33,1,113,236,0.479,0.464,0.015
2020-21,204020,Tyler Johnson,1610612751,BKN,G,29,37,37,1,108,233,0.464,0.458,0.006
2020-21,1629164,Brandon Goodwin,1610612737,ATL,G,25,42,42,1,103,231,0.446,0.444,0.002
2020-21,1630174,Aaron Nesmith,1610612738,BOS,G-F,21,38,38,1,104,229,0.454,0.458,-0.004
2020-21,1628975,Jevon Carter,1610612756,PHX,G,25,57,57,1,107,223,0.48,0.457,0.022
2020-21,202340,Avery Bradley,1610612745,HOU,G,30,27,27,1,111,220,0.505,0.468,0.037
2020-21,1629671,Miye Oni,1610612762,UTA,G-F,23,47,47,1,86,216,0.398,0.445,-0.047
2020-21,201569,Eric Gordon,1610612745,HOU,G,32,27,27,1,91,214,0.425,0.453,-0.028
2020-21,1629644,KZ Okpala,1610612748,MIA,F-G,22,33,33,1,92,214,0.43,0.467,-0.037
2020-21,1628402,Frank Jackson,1610612765,DET,G,23,35,35,1,88,213,0.413,0.443,-0.03
2020-21,1628382,Justin Jackson,1610612749,MIL,F,26,34,34,1,99,213,0.465,0.444,0.021
2020-21,203648,Thanasis Antetokounmpo,1610612749,MIL,F,28,46,46,1,90,212,0.425,0.458,-0.033
2020-21,1626159,Justise Winslow,1610612763,MEM,F-G,25,26,26,1,99,211,0.469,0.461,0.008
2020-21,1628972,Troy Brown Jr.,1610612741,CHI,G-F,21,33,33,1,105,208,0.505,0.447,0.058
2020-21,1629622,Max Strus,1610612748,MIA,G-F,25,32,32,1,98,206,0.476,0.451,0.024
2020-21,1627774,Jake Layman,1610612750,MIN,F,27,43,43,1,106,202,0.525,0.461,0.064
2020-21,1629740,Nicolo Melli,1610612742,DAL,F,30,41,41,1,99,201,0.493,0.457,0.035
2020-21,1628385,Harry Giles III,1610612757,POR,F-C,23,35,35,1,88,201,0.438,0.466,-0.028
2020-21,200755,JJ Redick,1610612742,DAL,G,37,43,43,1,98,198,0.495,0.452,0.043
2020-21,1626143,Jahlil Okafor,1610612765,DET,C-F,25,26,26,1,96,195,0.492,0.484,0.008
2020-21,1629685,Dylan Windler,1610612739,CLE,G-F,24,31,31,1,90,193,0.466,0.457,0.009
2020-21,1629633,Jarrett Culver,1610612750,MIN,G-F,22,33,33,1,81,193,0.42,0.449,-0.03
2020-21,1628372,Dennis Smith Jr.,1610612765,DET,G,23,23,23,1,82,191,0.429,0.463,-0.034
2020-21,1630205,Lamar Stevens,1610612739,CLE,F,23,37,37,1,85,190,0.447,0.458,-0.01
2020-21,1630273,Freddie Gillespie,1610612761,TOR,F,24,20,20,1,95,189,0.503,0.483,0.019
2020-21,1630237,Anthony Lamb,1610612745,HOU,F,23,22,22,1,105,188,0.559,0.465,0.093
2020-21,1628411,Wes Iwundu,1610612740,NOP,F,26,34,34,1,91,185,0.492,0.456,0.036
2020-21,1629067,Isaac Bonga,1610612764,WAS,G,21,38,38,1,79,182,0.434,0.46,-0.026
2020-21,203490,Otto Porter Jr.,1610612753,ORL,F,28,27,27,1,92,182,0.505,0.461,0.045
2020-21,1629610,DaQuan Jeffries,1610612759,SAS,G-F,23,28,28,1,80,181,0.442,0.457,-0.015
2020-21,1630192,Zeke Nnaji,1610612743,DEN,F-C,20,36,36,1,89,179,0.497,0.46,0.037
2020-21,203960,JaKarr Sampson,1610612754,IND,F,28,25,25,1,86,179,0.48,0.478,0.003
2020-21,1626246,Boban Marjanovic,1610612742,DAL,C,32,30,30,1,84,176,0.477,0.499,-0.021
2020-21,1630271,Brodric Thomas,1610612739,CLE,G,24,26,26,1,77,176,0.438,0.465,-0.027
2020-21,202334,Ed Davis,1610612750,MIN,C-F,32,20,20,1,88,172,0.512,0.492,0.019
2020-21,1629750,Javonte Green,1610612741,CHI,G-F,27,34,34,1,79,159,0.497,0.452,0.045
2020-21,1628418,Thomas Bryant,1610612764,WAS,C-F,23,10,10,1,71,159,0.447,0.489,-0.043
2020-21,1629677,Luka Samanic,1610612759,SAS,F,21,27,27,1,60,158,0.38,0.458,-0.078
2020-21,1629717,Armoni Brooks,1610612745,HOU,G,23,19,19,1,81,156,0.519,0.458,0.061
2020-21,1628990,Chandler Hutchison,1610612764,WAS,F-G,25,25,25,1,72,154,0.468,0.455,0.012
2020-21,1627853,Ryan Arcidiacono,1610612741,CHI,G,27,41,41,1,67,151,0.444,0.438,0.005
2020-21,1629076,Tyler Cook,1610612765,DET,F,23,29,29,1,72,151,0.477,0.469,0.007
2020-21,1626168,Trey Lyles,1610612759,SAS,F,25,22,22,1,67,150,0.447,0.464,-0.017
2020-21,202734,E'Twaun Moore,1610612756,PHX,G,32,26,26,1,68,150,0.453,0.451,0.003
2020-21,202329,Al-Farouq Aminu,1610612741,CHI,F,30,23,23,1,61,148,0.412,0.462,-0.05
2020-21,1630198,Isaiah Joe,1610612755,PHI,G,21,34,34,1,74,147,0.503,0.435,0.068
2020-21,1628995,Kevin Knox II,1610612752,NYK,F,21,37,37,1,63,143,0.441,0.446,-0.005
2020-21,1628383,Justin Patton,1610612745,HOU,C,24,13,13,1,76,140,0.543,0.486,0.057
2020-21,1629662,Mfiondu Kabengele,1610612739,CLE,F-C,23,33,33,1,56,137,0.409,0.476,-0.068
2020-21,1629103,Kelan Martin,1610612754,IND,F,25,26,26,1,58,135,0.43,0.456,-0.027
2020-21,1627885,Shaquille Harrison,1610612743,DEN,G,27,29,29,1,65,132,0.492,0.454,0.038
2020-21,203922,Glenn Robinson III,1610612758,SAC,F,27,21,21,1,64,130,0.492,0.46,0.032
2020-21,1630182,Josh Green,1610612742,DAL,G,20,32,32,1,69,129,0.535,0.442,0.093
2020-21,1630233,Nathan Knight,1610612737,ATL,F-C,23,28,28,1,52,128,0.406,0.463,-0.057
2020-21,1628991,Jaren Jackson Jr.,1610612763,MEM,F-C,21,11,11,1,71,127,0.559,0.485,0.074
2020-21,1628981,Bruno Fernando,1610612737,ATL,F-C,22,28,28,1,57,124,0.46,0.485,-0.025
2020-21,1629658,Jaylen Hoard,1610612760,OKC,F,22,18,18,1,62,124,0.5,0.46,0.04
2020-21,1630185,Nico Mannion,1610612744,GSW,G,20,24,24,1,68,124,0.548,0.451,0.097
2020-21,1630221,Josh Hall,1610612760,OKC,F,20,19,19,1,56,122,0.459,0.446,0.013
2020-21,1627846,Abdel Nader,1610612756,PHX,F,27,20,20,1,58,121,0.479,0.456,0.023
2020-21,1629617,Reggie Perry,1610612751,BKN,F-C,21,22,22,1,57,121,0.471,0.459,0.012
2020-21,1629010,Jerome Robinson,1610612764,WAS,G,24,16,16,1,59,119,0.496,0.457,0.039
2020-21,204038,Langston Galloway,1610612756,PHX,G,29,37,37,1,54,119,0.454,0.449,0.005
2020-21,1629744,Matt Thomas,1610612762,UTA,G,26,36,36,1,68,115,0.591,0.455,0.137
2020-21,1629713,Justin James,1610612758,SAC,G-F,24,26,26,1,63,115,0.548,0.439,0.109
2020-21,1630222,Mason Jones,1610612755,PHI,G,22,28,28,1,54,110,0.491,0.445,0.046
2020-21,1629599,Amir Coffey,1610612746,LAC,G-F,24,28,28,1,45,107,0.421,0.442,-0.021
2020-21,1628427,Vlatko Cancar,1610612743,DEN,F,24,31,31,1,57,106,0.538,0.464,0.074
2020-21,1630235,Trent Forrest,1610612762,UTA,G,23,25,25,1,54,106,0.509,0.445,0.064
2020-21,1628373,Frank Ntilikina,1610612752,NYK,G,22,24,24,1,52,105,0.495,0.464,0.031
2020-21,1629670,Jordan Nwora,1610612749,MIL,F,22,22,22,1,46,105,0.438,0.45,-0.012
2020-21,1629641,Romeo Langford,1610612738,BOS,G-F,21,17,17,1,37,102,0.363,0.456,-0.093
2020-21,1629117,Wenyen Gabriel,1610612740,NOP,F,24,18,18,1,44,101,0.436,0.447,-0.012
2020-21,1629743,Donta Hall,1610612753,ORL,C,23,11,11,1,43,100,0.43,0.475,-0.045
2020-21,1628778,Paul Watson,1610612761,TOR,G,26,22,22,1,42,97,0.433,0.457,-0.024
2020-21,1628966,Keita Bates-Diop,1610612759,SAS,F,25,23,23,1,47,96,0.49,0.467,0.022
2020-21,1629605,Tacko Fall,1610612738,BOS,C,25,17,17,1,37,95,0.389,0.476,-0.086
2020-21,203473,Dewayne Dedmon,1610612748,MIA,C,31,16,16,1,47,94,0.5,0.468,0.032
2020-21,1628035,Alfonzo McKinnie,1610612747,LAL,F,28,27,27,1,47,92,0.511,0.448,0.063
2020-21,1629185,Chris Chiozza,1610612751,BKN,G,25,20,20,1,40,92,0.435,0.442,-0.007
2020-21,1629649,Ignas Brazdeikis,1610612753,ORL,F,22,10,10,1,42,90,0.467,0.454,0.013
2020-21,1630200,Tre Jones,1610612759,SAS,G,21,29,29,1,43,87,0.494,0.449,0.046
2020-21,1630219,Skylar Mays,1610612737,ATL,G,23,27,27,1,37,85,0.435,0.436,-0.001
2020-21,1630194,Paul Reed,1610612755,PHI,F,22,21,21,1,32,85,0.376,0.476,-0.099
2020-21,101141,Ersan Ilyasova,1610612762,UTA,F,34,16,16,1,37,85,0.435,0.46,-0.025
2020-21,1629035,Carsen Edwards,1610612738,BOS,G,23,25,25,1,43,84,0.512,0.46,0.052
2020-21,1630466,Gabriel Deck,1610612760,OKC,F,26,10,10,1,45,84,0.536,0.499,0.036
2020-21,1630264,Anthony Gill,1610612764,WAS,F,28,19,19,1,31,82,0.378,0.435,-0.057
2020-21,1628455,Mike James,1610612751,BKN,G,30,12,12,1,34,81,0.42,0.454,-0.035
2020-21,203521,Matthew Dellavedova,1610612739,CLE,G,30,12,12,1,44,81,0.543,0.468,0.076
2020-21,1630210,Markus Howard,1610612743,DEN,G,22,27,27,1,37,79,0.468,0.459,0.009
2020-21,1630241,Sam Merrill,1610612749,MIL,G,25,22,22,1,34,77,0.442,0.444,-0.002
2020-21,1630187,Daniel Oturu,1610612746,LAC,C,21,19,19,1,29,77,0.377,0.454,-0.077
2020-21,1629657,Kyle Guy,1610612758,SAC,G,23,25,25,1,41,77,0.532,0.452,0.081
2020-21,1628414,Sindarius Thornwell,1610612753,ORL,G,26,16,16,1,34,75,0.453,0.454,-0.001
2020-21,1629682,Tremont Waters,1610612738,BOS,G,23,21,21,1,34,74,0.459,0.43,0.029
2020-21,1626188,Quinn Cook,1610612739,CLE,G,28,20,20,1,33,71,0.465,0.428,0.036
2020-21,1630188,Jalen Smith,1610612756,PHX,F-C,21,19,19,1,38,71,0.535,0.465,0.07
2020-21,1630253,Sean McDermott,1610612763,MEM,F,24,13,13,1,30,71,0.423,0.444,-0.022
2020-21,1629751,Dakota Mathias,1610612755,PHI,G,25,7,7,1,33,70,0.471,0.451,0.021
2020-21,203953,Jabari Parker,1610612738,BOS,F,26,12,12,1,25,67,0.373,0.471,-0.098
2020-21,1628993,Alize Johnson,1610612751,BKN,F,25,14,14,1,34,67,0.507,0.456,0.051
2020-21,1628365,Markelle Fultz,1610612753,ORL,G,23,8,8,1,35,66,0.53,0.457,0.073
2020-21,1629626,Bol Bol,1610612743,DEN,C-F,21,24,24,1,35,65,0.538,0.451,0.087
2020-21,203121,Darius Miller,1610612760,OKC,F,31,15,15,1,24,65,0.369,0.468,-0.099
2020-21,203585,Rodney McGruder,1610612765,DET,G,29,14,14,1,34,63,0.54,0.461,0.079
2020-21,1630223,Jalen Harris,1610612761,TOR,G,22,13,13,1,27,62,0.435,0.463,-0.027
2020-21,1629017,Khyri Thomas,1610612745,HOU,G,25,5,5,1,29,62,0.468,0.445,0.023
2020-21,1629604,CJ Elleby,1610612757,POR,F-G,21,22,22,1,23,60,0.383,0.442,-0.058
2020-21,1629603,Mamadi Diakite,1610612749,MIL,F,24,12,12,1,19,59,0.322,0.461,-0.139
2020-21,1629681,Killian Tillie,1610612763,MEM,F-C,23,14,14,1,19,59,0.322,0.457,-0.135
2020-21,1629752,Juwan Morgan,1610612762,UTA,F,24,18,18,1,25,59,0.424,0.458,-0.034
2020-21,1629718,Charlie Brown Jr.,1610612760,OKC,G,24,9,9,1,30,56,0.536,0.449,0.087
2020-21,1629735,Chris Silva,1610612758,SAC,F,24,9,9,1,22,51,0.431,0.475,-0.043
2020-21,1629686,Deividas Sirvydis,1610612765,DET,F-G,21,16,16,1,26,51,0.51,0.454,0.056
2020-21,1629066,Rodions Kurucs,1610612749,MIL,F,23,15,15,1,25,51,0.49,0.452,0.039
2020-21,1629683,Quinndary Weatherspoon,1610612759,SAS,G,24,14,14,1,31,50,0.62,0.436,0.184
2020-21,1629346,Alen Smailagic,1610612744,GSW,F,20,9,9,1,27,50,0.54,0.459,0.081
2020-21,1630176,Vernon Carey Jr.,1610612766,CHA,F-C,20,17,17,1,18,49,0.367,0.462,-0.095
2020-21,1629714,Jarrell Brantley,1610612762,UTA,F,25,20,20,1,21,48,0.438,0.464,-0.027
2020-21,203957,Dante Exum,1610612745,HOU,G,25,5,5,1,22,47,0.468,0.47,-0.002
2020-21,1627748,Thon Maker,1610612739,CLE,F-C,24,8,8,1,21,46,0.457,0.431,0.026
2020-21,1628419,Cameron Oliver,1610612745,HOU,F,24,4,4,1,26,46,0.565,0.467,0.098
2020-21,1630189,Tyler Bey,1610612742,DAL,F,23,15,15,1,26,45,0.578,0.424,0.154
2020-21,1629719,Devontae Cacok,1610612747,LAL,F,24,18,18,1,15,45,0.333,0.449,-0.115
2020-21,1629648,Jordan Bone,1610612753,ORL,G,23,11,11,1,22,45,0.489,0.45,0.039
2020-21,1627812,Yogi Ferrell,1610612746,LAC,G,28,9,9,1,16,43,0.372,0.43,-0.058
2020-21,1628395,Jordan Bell,1610612744,GSW,F,26,5,5,1,19,42,0.452,0.482,-0.03
2020-21,1626245,Cristiano Felicio,1610612741,CHI,F-C,28,13,13,1,21,39,0.538,0.457,0.082
2020-21,203658,Norvel Pelle,1610612752,NYK,C,28,8,8,1,15,36,0.417,0.498,-0.082
2020-21,201162,Jared Dudley,1610612747,LAL,F,35,11,11,1,16,35,0.457,0.442,0.015
2020-21,1626178,Rondae Hollis-Jefferson,1610612757,POR,F,26,10,10,1,14,35,0.4,0.45,-0.05
2020-21,201229,Anthony Tolliver,1610612755,PHI,F,36,8,8,1,13,35,0.371,0.463,-0.092
2020-21,1629663,Louis King,1610612758,SAC,F,22,6,6,1,17,34,0.5,0.435,0.065
2020-21,1630186,Jahmi'us Ramsey,1610612758,SAC,G,20,11,11,1,14,34,0.412,0.41,0.002
2020-21,1630211,Karim Mane,1610612753,ORL,G,21,9,9,1,16,34,0.471,0.433,0.038
2020-21,1630216,Cassius Winston,1610612764,WAS,G,23,11,11,1,16,33,0.485,0.434,0.05
2020-21,1630208,Nick Richards,1610612766,CHA,C,23,11,11,1,13,32,0.406,0.45,-0.044
2020-21,1628962,Udoka Azubuike,1610612762,UTA,C-F,21,12,12,1,12,32,0.375,0.474,-0.099
2020-21,1630199,Cassius Stanley,1610612754,IND,G,21,16,16,1,12,32,0.375,0.449,-0.074
2020-21,1629606,Robert Franks,1610612753,ORL,F,24,5,5,1,14,31,0.452,0.471,-0.02
2020-21,203933,T.J. Warren,1610612754,IND,F,27,4,4,1,19,31,0.613,0.479,0.134
2020-21,1628412,Frank Mason III,1610612753,ORL,G,27,4,4,1,13,31,0.419,0.447,-0.027
2020-21,203915,Spencer Dinwiddie,1610612751,BKN,G,28,3,3,1,10,30,0.333,0.466,-0.133
2020-21,1629725,Jeremiah Martin,1610612739,CLE,G,25,8,8,1,14,30,0.467,0.448,0.018
2020-21,1630206,Jay Scrubb,1610612746,LAC,G,20,4,4,1,16,30,0.533,0.43,0.103
2020-21,1629620,Justin Robinson,1610612760,OKC,G,23,7,7,1,16,29,0.552,0.438,0.114
2020-21,2760,Anderson Varejao,1610612739,CLE,F,38,5,5,1,14,29,0.483,0.51,-0.027
2020-21,1629712,Didi Louzada,1610612740,NOP,G,21,3,3,1,12,28,0.429,0.413,0.015
2020-21,1628961,Kostas Antetokounmpo,1610612747,LAL,F,23,11,11,1,12,27,0.444,0.462,-0.018
2020-21,1629007,Jontay Porter,1610612763,MEM,C-F,21,5,5,1,13,27,0.481,0.475,0.007
2020-21,203998,Bruno Caboclo,1610612745,HOU,F,25,5,5,1,11,26,0.423,0.454,-0.031
2020-21,1630207,Nate Hinton,1610612742,DAL,G-F,22,15,15,1,13,25,0.52,0.418,0.102
2020-21,1626253,Axel Toupane,1610612749,MIL,G-F,28,5,5,1,8,25,0.32,0.41,-0.09
2020-21,203460,Andre Roberson,1610612751,BKN,G-F,29,5,5,1,10,25,0.4,0.448,-0.048
2020-21,1629730,Rayjon Tucker,1610612755,PHI,G,23,10,10,1,11,24,0.458,0.442,0.017
2020-21,1629738,Vincent Poirier,1610612755,PHI,C-F,27,8,8,1,8,24,0.333,0.425,-0.091
2020-21,1627739,Kris Dunn,1610612737,ATL,G,27,4,4,1,11,22,0.5,0.456,0.044
2020-21,1630234,Ty-Shon Alexander,1610612756,PHX,G,22,8,8,1,7,21,0.333,0.442,-0.109
2020-21,1630190,Elijah Hughes,1610612762,UTA,G,23,12,12,1,6,20,0.3,0.427,-0.127
2020-21,204025,Tim Frazier,1610612763,MEM,G,30,4,4,1,6,20,0.3,0.424,-0.124
2020-21,1627740,Henry Ellenson,1610612761,TOR,F-C,24,2,2,1,8,19,0.421,0.469,-0.048
2020-21,1627780,Gary Payton II,1610612744,GSW,G,28,7,7,1,6,18,0.333,0.441,-0.108
2020-21,1629833,Keljin Blevins,1610612757,POR,G,25,14,14,1,6,18,0.333,0.417,-0.084
2020-21,1627737,Marquese Chriss,1610612744,GSW,F,23,2,2,1,8,18,0.444,0.5,-0.055
2020-21,1629653,Devon Dotson,1610612741,CHI,G,21,7,7,1,5,17,0.294,0.426,-0.132
2020-21,1628388,T.J. Leaf,1610612757,POR,F,24,7,7,1,4,17,0.235,0.442,-0.207
2020-21,1629244,Cam Reynolds,1610612745,HOU,F,26,3,3,1,6,17,0.353,0.493,-0.14
2020-21,202738,Isaiah Thomas,1610612740,NOP,G,32,3,3,1,4,17,0.235,0.419,-0.184
2020-21,1628578,Amida Brimah,1610612754,IND,C,27,5,5,1,9,17,0.529,0.518,0.011
2020-21,1629033,Theo Pinson,1610612752,NYK,G-F,25,12,12,1,8,16,0.5,0.438,0.062
2020-21,1629962,Devin Cannady,1610612753,ORL,G,25,4,4,1,7,15,0.467,0.475,-0.008
2020-21,1630179,Tyrell Terry,1610612742,DAL,G,20,8,8,1,5,14,0.357,0.439,-0.082
2020-21,1629034,Ray Spalding,1610612745,HOU,F,24,2,2,1,6,13,0.462,0.479,-0.017
2020-21,203086,Meyers Leonard,1610612748,MIA,F-C,29,3,3,1,6,12,0.5,0.485,0.015
2020-21,1627775,Patrick McCaw,1610612761,TOR,G,25,5,5,1,5,11,0.455,0.464,-0.01
2020-21,1629690,Adam Mokoka,1610612741,CHI,G,22,6,6,1,4,11,0.364,0.465,-0.101
2020-21,1628390,Terrance Ferguson,1610612755,PHI,G,23,6,6,1,5,10,0.5,0.46,0.04
2020-21,1629716,Marques Bolden,1610612739,CLE,C,23,4,4,1,2,9,0.222,0.434,-0.212
2020-21,1629091,Elijah Bryant,1610612749,MIL,G,26,1,1,1,6,9,0.667,0.486,0.18
2020-21,1630268,Nate Darling,1610612766,CHA,G,22,4,4,1,5,8,0.625,0.406,0.219
2020-21,203943,Noah Vonleh,1610612751,BKN,F,25,4,4,1,6,8,0.75,0.462,0.288
2020-21,1630218,Robert Woodard II,1610612758,SAC,F,21,7,7,1,4,8,0.5,0.505,-0.005
2020-21,203263,James Nunnally,1610612740,NOP,F,30,4,4,1,5,7,0.714,0.454,0.261
2020-21,1630203,Grant Riller,1610612766,CHA,G,24,5,5,1,4,6,0.667,0.429,0.238
2020-21,1629607,Jared Harper,1610612752,NYK,G,23,4,4,1,3,6,0.5,0.428,0.072
2020-21,1629665,Jalen Lecque,1610612754,IND,G,21,4,4,1,2,6,0.333,0.464,-0.13
2020-21,1628394,Anžejs Pasečņiks,1610612764,WAS,C-F,25,1,1,1,4,6,0.667,0.469,0.197
2020-21,1629121,Jaylen Adams,1610612749,MIL,G,25,2,2,1,3,4,0.75,0.457,0.294
2020-21,202697,Iman Shumpert,1610612751,BKN,G,31,2,2,1,1,4,0.25,0.47,-0.22
2020-21,1630238,Malik Fitts,1610612746,LAC,F,23,1,1,1,2,4,0.5,0.436,0.065
2020-21,1628968,Brian Bowen II,1610612754,IND,F-G,22,1,1,1,1,2,0.5,0.435,0.065
2020-21,204222,Greg Whittington,1610612743,DEN,F,28,1,1,1,0,1,0,0.407,-0.407
2021-22,203999,Nikola Jokić,1610612743,DEN,C,27,74,74,1,758,1578,0.48,0.49,-0.01
2021-22,202696,Nikola Vučević,1610612741,CHI,C,31,73,73,1,713,1460,0.488,0.49,-0.001
2021-22,203497,Rudy Gobert,1610612762,UTA,C,30,66,66,1,570,1371,0.416,0.485,-0.069
2021-22,1627751,Jakob Poeltl,1610612759,SAS,C,26,68,68,1,619,1315,0.471,0.489,-0.018
2021-22,203954,Joel Embiid,1610612755,PHI,C-F,28,68,68,1,609,1300,0.468,0.496,-0.027
2021-22,1628970,Miles Bridges,1610612766,CHA,F,24,80,80,1,571,1260,0.453,0.466,-0.013
2021-22,202685,Jonas Valanciunas,1610612740,NOP,C,30,74,74,1,592,1217,0.486,0.496,-0.01
2021-22,1627826,Ivica Zubac,1610612746,LAC,C,25,76,76,1,569,1216,0.468,0.49,-0.022
2021-22,1630596,Evan Mobley,1610612739,CLE,C,21,69,69,1,547,1200,0.456,0.478,-0.023
2021-22,1630567,Scottie Barnes,1610612761,TOR,F,20,74,74,1,562,1196,0.47,0.466,0.004
2021-22,1626174,Christian Wood,1610612745,HOU,F,26,68,68,1,524,1112,0.471,0.471,0
2021-22,1627783,Pascal Siakam,1610612761,TOR,F,28,68,68,1,522,1112,0.469,0.462,0.007
2021-22,1626157,Karl-Anthony Towns,1610612750,MIN,C-F,26,74,74,1,523,1103,0.474,0.489,-0.015
2021-22,1627827,Dorian Finney-Smith,1610612742,DAL,F,29,80,80,1,502,1099,0.457,0.463,-0.006
2021-22,203500,Steven Adams,1610612763,MEM,C,28,76,76,1,533,1065,0.5,0.498,0.002
2021-22,1627741,Buddy Hield,1610612754,IND,G,29,81,81,1,533,1054,0.506,0.456,0.05
2021-22,203991,Clint Capela,1610612737,ATL,C,28,74,74,1,515,1046,0.492,0.491,0.001
2021-22,201143,Al Horford,1610612738,BOS,C-F,36,69,69,1,441,1038,0.425,0.472,-0.047
2021-22,203486,Mason Plumlee,1610612766,CHA,F-C,32,73,73,1,492,1035,0.475,0.489,-0.014
2021-22,203952,Andrew Wiggins,1610612744,GSW,F,27,73,73,1,448,1031,0.435,0.468,-0.034
2021-22,1628969,Mikal Bridges,1610612756,PHX,F,25,82,82,1,475,1031,0.461,0.455,0.005
2021-22,1630191,Isaiah Stewart,1610612765,DET,F-C,21,71,71,1,451,1021,0.442,0.481,-0.039
2021-22,1628964,Mo Bamba,1610612753,ORL,C,24,71,71,1,450,1018,0.442,0.483,-0.041
2021-22,1630166,Deni Avdija,1610612764,WAS,F,21,81,81,1,435,999,0.435,0.458,-0.023
2021-22,1629628,RJ Barrett,1610612752,NYK,F-G,22,70,70,1,448,998,0.449,0.462,-0.013
2021-22,1626172,Kevon Looney,1610612744,GSW,F,26,82,82,1,451,997,0.452,0.487,-0.034
2021-22,202704,Reggie Jackson,1610612746,LAC,G,32,75,75,1,434,996,0.436,0.457,-0.021
2021-22,1629647,Darius Bazley,1610612760,OKC,F,22,69,69,1,479,987,0.485,0.465,0.02
2021-22,1627734,Domantas Sabonis,1610612758,SAC,F-C,26,62,62,1,472,974,0.485,0.478,0.006
2021-22,1626220,Royce O'Neale,1610612762,UTA,F,29,77,77,1,461,974,0.473,0.464,0.009
2021-22,1626171,Bobby Portis Jr.,1610612749,MIL,F,27,72,72,1,426,972,0.438,0.479,-0.04
2021-22,1628991,Jaren Jackson Jr.,1610612763,MEM,F-C,22,78,78,1,400,956,0.418,0.477,-0.058
2021-22,203939,Dwight Powell,1610612742,DAL,F-C,30,82,82,1,463,949,0.488,0.488,-0.001
2021-22,201950,Jrue Holiday,1610612749,MIL,G,32,66,66,1,417,947,0.44,0.456,-0.016
2021-22,1629028,Deandre Ayton,1610612756,PHX,C,23,58,58,1,418,944,0.443,0.484,-0.041
2021-22,203944,Julius Randle,1610612752,NYK,F-C,27,72,72,1,407,944,0.431,0.473,-0.041
2021-22,1628401,Derrick White,1610612738,BOS,G,27,75,75,1,425,942,0.451,0.458,-0.006
2021-22,1626164,Devin Booker,1610612756,PHX,G,25,68,68,1,405,936,0.433,0.455,-0.022
2021-22,1630595,Cade Cunningham,1610612765,DET,G,20,64,64,1,437,930,0.47,0.467,0.003
2021-22,1630169,Tyrese Haliburton,1610612754,IND,G,22,77,77,1,469,927,0.506,0.448,0.057
2021-22,203507,Giannis Antetokounmpo,1610612749,MIL,F,27,67,67,1,413,926,0.446,0.478,-0.032
2021-22,1630162,Anthony Edwards,1610612750,MIN,G,20,72,72,1,438,926,0.473,0.462,0.011
2021-22,1627832,Fred VanVleet,1610612761,TOR,G,28,65,65,1,442,925,0.478,0.456,0.021
2021-22,1630529,Herbert Jones,1610612740,NOP,F,23,78,78,1,436,924,0.472,0.458,0.014
2021-22,1630532,Franz Wagner,1610612753,ORL,F,20,77,77,1,394,914,0.431,0.458,-0.027
2021-22,1630217,Desmond Bane,1610612763,MEM,G,24,76,76,1,390,912,0.428,0.456,-0.028
2021-22,1628976,Wendell Carter Jr.,1610612753,ORL,C-F,23,62,62,1,414,910,0.455,0.485,-0.03
2021-22,1629640,Keldon Johnson,1610612759,SAS,F-G,22,75,75,1,415,908,0.457,0.461,-0.004
2021-22,1629029,Luka Dončić,1610612742,DAL,F-G,23,65,65,1,433,906,0.478,0.462,0.016
2021-22,1630178,Tyrese Maxey,1610612755,PHI,G,21,75,75,1,412,906,0.455,0.449,0.005
2021-22,1628369,Jayson Tatum,1610612738,BOS,F-G,24,76,76,1,387,905,0.428,0.458,-0.03
2021-22,1626179,Terry Rozier,1610612766,CHA,G,28,73,73,1,440,899,0.489,0.458,0.031
2021-22,202699,Tobias Harris,1610612755,PHI,F,29,73,73,1,417,899,0.464,0.47,-0.007
2021-22,203084,Harrison Barnes,1610612758,SAC,F,30,77,77,1,445,898,0.496,0.471,0.024
2021-22,1630256,Jae'Sean Tate,1610612745,HOU,F,26,78,78,1,409,897,0.456,0.469,-0.013
2021-22,1628386,Jarrett Allen,1610612739,CLE,C,24,56,56,1,367,883,0.416,0.482,-0.067
2021-22,201935,James Harden,1610612755,PHI,G,32,65,65,1,414,880,0.47,0.466,0.004
2021-22,203932,Aaron Gordon,1610612743,DEN,F,26,75,75,1,395,880,0.449,0.463,-0.014
2021-22,1626156,D'Angelo Russell,1610612750,MIN,G,26,65,65,1,408,878,0.465,0.457,0.007
2021-22,1630578,Alperen Sengun,1610612745,HOU,C,19,72,72,1,447,877,0.51,0.477,0.033
2021-22,1627749,Dejounte Murray,1610612759,SAS,G,25,68,68,1,428,876,0.489,0.465,0.024
2021-22,202692,Alec Burks,1610612752,NYK,G,30,81,81,1,389,868,0.448,0.458,-0.01
2021-22,1629684,Grant Williams,1610612738,BOS,F,23,77,77,1,389,865,0.45,0.461,-0.012
2021-22,1629655,Daniel Gafford,1610612764,WAS,F-C,23,72,72,1,426,865,0.492,0.482,0.01
2021-22,1628392,Isaiah Hartenstein,1610612746,LAC,C-F,24,68,68,1,382,849,0.45,0.472,-0.022
2021-22,200782,P.J. Tucker,1610612748,MIA,F,37,71,71,1,366,841,0.435,0.46,-0.025
2021-22,1629011,Mitchell Robinson,1610612752,NYK,C-F,24,72,72,1,364,839,0.434,0.486,-0.052
2021-22,1629027,Trae Young,1610612737,ATL,G,23,76,76,1,401,838,0.479,0.443,0.035
2021-22,1630173,Precious Achiuwa,1610612761,TOR,F,22,73,73,1,370,836,0.443,0.477,-0.034
2021-22,1628989,Kevin Huerter,1610612737,ATL,G-F,23,74,74,1,394,836,0.471,0.452,0.02
2021-22,203496,Robert Covington,1610612746,LAC,F,31,71,71,1,390,835,0.467,0.469,-0.002
2021-22,201566,Russell Westbrook,1610612747,LAL,G,33,78,78,1,412,833,0.495,0.462,0.033
2021-22,203114,Khris Middleton,1610612749,MIL,F,30,66,66,1,392,832,0.471,0.456,0.015
2021-22,203468,CJ McCollum,1610612740,NOP,G,30,62,62,1,391,827,0.473,0.454,0.019
2021-22,1628368,De'Aaron Fox,1610612758,SAC,G,24,59,59,1,409,826,0.495,0.455,0.04
2021-22,1628374,Lauri Markkanen,1610612739,CLE,F-C,25,61,61,1,405,826,0.49,0.473,0.017
2021-22,1628370,Malik Monk,1610612747,LAL,G,24,76,76,1,397,823,0.482,0.456,0.026
2021-22,1629057,Robert Williams III,1610612738,BOS,C-F,24,61,61,1,330,821,0.402,0.473,-0.071
2021-22,1629611,Terance Mann,1610612746,LAC,G-F,25,81,81,1,369,820,0.45,0.459,-0.009
2021-22,1628398,Kyle Kuzma,1610612764,WAS,F,26,66,66,1,357,814,0.439,0.465,-0.027
2021-22,1627759,Jaylen Brown,1610612738,BOS,G-F,25,66,66,1,371,813,0.456,0.458,-0.002
2021-22,1626149,Montrezl Harrell,1610612766,CHA,F-C,28,71,71,1,369,810,0.456,0.48,-0.025
2021-22,1630163,LaMelo Ball,1610612766,CHA,G,20,75,75,1,375,803,0.467,0.456,0.011
2021-22,201145,Jeff Green,1610612743,DEN,F,35,75,75,1,376,797,0.472,0.472,0
2021-22,1629023,P.J. Washington,1610612766,CHA,F,23,65,65,1,371,794,0.467,0.474,-0.007
2021-22,203095,Evan Fournier,1610612752,NYK,G-F,29,80,80,1,375,794,0.472,0.454,0.018
2021-22,1628973,Jalen Brunson,1610612742,DAL,G,25,79,79,1,364,789,0.461,0.445,0.016
2021-22,1628983,Shai Gilgeous-Alexander,1610612760,OKC,G,23,56,56,1,375,788,0.476,0.455,0.021
2021-22,203083,Andre Drummond,1610612751,BKN,C,28,73,73,1,390,784,0.497,0.486,0.011
2021-22,201142,Kevin Durant,1610612751,BKN,F,33,55,55,1,334,783,0.427,0.461,-0.035
2021-22,1630183,Jaden McDaniels,1610612750,MIN,F,21,70,70,1,319,783,0.407,0.457,-0.049
2021-22,1628971,Bruce Brown,1610612751,BKN,G-F,25,72,72,1,322,780,0.413,0.461,-0.048
2021-22,203109,Jae Crowder,1610612756,PHX,F,31,67,67,1,361,780,0.463,0.466,-0.003
2021-22,203897,Zach LaVine,1610612741,CHI,G-F,27,67,67,1,370,779,0.475,0.45,0.025
2021-22,1629639,Tyler Herro,1610612748,MIA,G,22,66,66,1,354,775,0.457,0.448,0.008
2021-22,203994,Jusuf Nurkić,1610612757,POR,C,27,56,56,1,392,773,0.507,0.496,0.011
2021-22,1628381,John Collins,1610612737,ATL,F-C,24,54,54,1,371,772,0.481,0.471,0.009
2021-22,1629636,Darius Garland,1610612739,CLE,G,22,68,68,1,371,769,0.482,0.444,0.039
2021-22,1630558,Davion Mitchell,1610612758,SAC,G,23,75,75,1,330,768,0.43,0.449,-0.019
2021-22,201580,JaVale McGee,1610612756,PHX,C-F,34,74,74,1,338,762,0.444,0.477,-0.034
2021-22,201942,DeMar DeRozan,1610612741,CHI,G-F,32,76,76,1,368,762,0.483,0.456,0.027
2021-22,200768,Kyle Lowry,1610612748,MIA,G,36,63,63,1,379,757,0.501,0.461,0.04
2021-22,203992,Bogdan Bogdanović,1610612737,ATL,G,29,63,63,1,362,755,0.479,0.455,0.024
2021-22,203935,Marcus Smart,1610612738,BOS,G,28,71,71,1,339,754,0.45,0.454,-0.005
2021-22,1626192,Pat Connaughton,1610612749,MIL,G,29,65,65,1,356,751,0.474,0.457,0.017
2021-22,1628404,Josh Hart,1610612757,POR,G,27,54,54,1,358,751,0.477,0.458,0.018
2021-22,202355,Hassan Whiteside,1610612762,UTA,C,33,65,65,1,356,749,0.475,0.483,-0.008
2021-22,203115,Will Barton,1610612743,DEN,G,31,71,71,1,367,747,0.491,0.458,0.033
2021-22,1630175,Cole Anthony,1610612753,ORL,G,22,64,64,1,359,746,0.481,0.454,0.027
2021-22,1629645,Kevin Porter Jr.,1610612745,HOU,G-F,22,61,61,1,381,745,0.511,0.468,0.043
2021-22,201567,Kevin Love,1610612739,CLE,F-C,33,74,74,1,338,743,0.455,0.468,-0.013
2021-22,1626162,Kelly Oubre Jr.,1610612766,CHA,F-G,26,76,76,1,364,743,0.49,0.459,0.031
2021-22,204001,Kristaps Porziņģis,1610612764,WAS,F-C,26,51,51,1,354,742,0.477,0.479,-0.002
2021-22,202357,Nemanja Bjelica,1610612744,GSW,F,34,71,71,1,350,741,0.472,0.464,0.008
2021-22,1628998,Cody Martin,1610612766,CHA,F,26,71,71,1,349,737,0.474,0.454,0.019
2021-22,1629020,Jarred Vanderbilt,1610612750,MIN,F,23,74,74,1,330,736,0.448,0.477,-0.028
2021-22,1630245,Ayo Dosunmu,1610612741,CHI,G,22,77,77,1,344,734,0.469,0.451,0.017
2021-22,203484,Kentavious Caldwell-Pope,1610612764,WAS,G,29,77,77,1,342,728,0.47,0.461,0.008
2021-22,201988,Patty Mills,1610612751,BKN,G,33,81,81,1,339,725,0.468,0.447,0.02
2021-22,201144,Mike Conley,1610612762,UTA,G,34,72,72,1,319,723,0.441,0.452,-0.011
2021-22,203200,Justin Holiday,1610612758,SAC,F-G,33,74,74,1,366,722,0.507,0.458,0.049
2021-22,2544,LeBron James,1610612747,LAL,F,37,56,56,1,304,720,0.422,0.469,-0.047
2021-22,203903,Jordan Clarkson,1610612762,UTA,G,30,79,79,1,320,720,0.444,0.446,-0.001
2021-22,203915,Spencer Dinwiddie,1610612742,DAL,G,29,67,67,1,331,719,0.46,0.452,0.008
2021-22,1629130,Duncan Robinson,1610612748,MIA,F,28,79,79,1,341,717,0.476,0.455,0.021
2021-22,1628984,Devonte' Graham,1610612740,NOP,G,27,76,76,1,342,715,0.478,0.451,0.028
2021-22,1627777,Georges Niang,1610612755,PHI,F,29,76,76,1,345,713,0.484,0.464,0.02
2021-22,1628449,Chris Boucher,1610612761,TOR,F-C,29,80,80,1,312,709,0.44,0.466,-0.026
2021-22,2546,Carmelo Anthony,1610612747,LAL,F,38,69,69,1,321,705,0.455,0.467,-0.011
2021-22,1629630,Ja Morant,1610612763,MEM,G,22,57,57,1,310,704,0.44,0.46,-0.02
2021-22,1628389,Bam Adebayo,1610612748,MIA,C-F,24,56,56,1,299,699,0.428,0.476,-0.049
2021-22,1628960,Grayson Allen,1610612749,MIL,G,26,66,66,1,311,698,0.446,0.45,-0.004
2021-22,1626168,Trey Lyles,1610612758,SAC,F,26,73,73,1,350,698,0.501,0.474,0.027
2021-22,1630224,Jalen Green,1610612745,HOU,G,20,67,67,1,366,694,0.527,0.46,0.068
2021-22,1630559,Austin Reaves,1610612747,LAL,G,24,61,61,1,317,693,0.457,0.447,0.01
2021-22,1628420,Monte Morris,1610612743,DEN,G,27,75,75,1,335,692,0.484,0.453,0.031
2021-22,203552,Seth Curry,1610612751,BKN,G,31,64,64,1,305,691,0.441,0.448,-0.006
2021-22,1629001,De'Anthony Melton,1610612763,MEM,G,24,73,73,1,343,684,0.501,0.454,0.048
2021-22,1630180,Saddiq Bey,1610612765,DET,F,23,82,82,1,313,684,0.458,0.469,-0.012
2021-22,1628467,Maxi Kleber,1610612742,DAL,F,30,59,59,1,288,684,0.421,0.463,-0.042
2021-22,201939,Stephen Curry,1610612744,GSW,G,34,64,64,1,301,683,0.441,0.454,-0.014
2021-22,1628470,Torrey Craig,1610612756,PHX,F,31,78,78,1,314,683,0.46,0.456,0.004
2021-22,1630193,Immanuel Quickley,1610612752,NYK,G,23,78,78,1,285,682,0.418,0.44,-0.022
2021-22,1629234,Drew Eubanks,1610612757,POR,F-C,25,70,70,1,334,682,0.49,0.481,0.009
2021-22,203076,Anthony Davis,1610612747,LAL,F-C,29,40,40,1,298,680,0.438,0.475,-0.036
2021-22,1629643,Chuma Okeke,1610612753,ORL,F,23,70,70,1,328,675,0.486,0.464,0.022
2021-22,202711,Bojan Bogdanovic,1610612762,UTA,F,33,69,69,1,332,672,0.494,0.462,0.032
2021-22,1629018,Gary Trent Jr.,1610612761,TOR,G-F,23,70,70,1,333,670,0.497,0.452,0.045
2021-22,1630171,Isaac Okoro,1610612739,CLE,F-G,21,67,67,1,293,669,0.438,0.454,-0.016
2021-22,1630165,Killian Hayes,1610612765,DET,G,20,66,66,1,316,668,0.473,0.453,0.02
2021-22,1629631,De'Andre Hunter,1610612737,ATL,F-G,24,53,53,1,303,663,0.457,0.462,-0.005
2021-22,1629726,Garrison Mathews,1610612745,HOU,G,25,65,65,1,328,663,0.495,0.452,0.043
2021-22,1629673,Jordan Poole,1610612744,GSW,G,23,76,76,1,309,662,0.467,0.451,0.016
2021-22,1630581,Josh Giddey,1610612760,OKC,G,19,54,54,1,296,658,0.45,0.461,-0.011
2021-22,1629659,Talen Horton-Tucker,1610612747,LAL,G,21,60,60,1,304,656,0.463,0.452,0.012
2021-22,1629632,Coby White,1610612741,CHI,G,22,61,61,1,314,654,0.48,0.45,0.031
2021-22,1630170,Devin Vassell,1610612759,SAS,G-F,21,71,71,1,311,649,0.479,0.459,0.021
2021-22,1629652,Luguentz Dort,1610612760,OKC,G,23,51,51,1,291,647,0.45,0.453,-0.003
2021-22,1629680,Matisse Thybulle,1610612755,PHI,G-F,25,66,66,1,261,644,0.405,0.456,-0.05
2021-22,1628378,Donovan Mitchell,1610612762,UTA,G,25,67,67,1,318,641,0.496,0.456,0.04
2021-22,1629661,Cameron Johnson,1610612756,PHX,F,26,66,66,1,285,639,0.446,0.456,-0.01
2021-22,101108,Chris Paul,1610612756,PHX,G,37,65,65,1,301,634,0.475,0.457,0.018
2021-22,1628997,Caleb Martin,1610612748,MIA,F,26,59,59,1,264,633,0.417,0.458,-0.041
2021-22,203471,Dennis Schröder,1610612745,HOU,G,28,64,64,1,289,632,0.457,0.446,0.011
2021-22,1629675,Naz Reid,1610612750,MIN,C-F,22,77,77,1,296,630,0.47,0.482,-0.012
2021-22,1629622,Max Strus,1610612748,MIA,G-F,26,68,68,1,285,629,0.453,0.45,0.003
2021-22,1630537,Chris Duarte,1610612754,IND,G,25,55,55,1,276,626,0.441,0.451,-0.01
2021-22,1629216,Gabe Vincent,1610612748,MIA,G,26,64,64,1,275,625,0.44,0.447,-0.007
2021-22,203493,Reggie Bullock Jr.,1610612742,DAL,G-F,31,68,68,1,295,622,0.474,0.456,0.018
2021-22,1629052,Oshae Brissett,1610612754,IND,F-G,24,67,67,1,336,619,0.543,0.458,0.085
2021-22,1629014,Anfernee Simons,1610612757,POR,G,23,57,57,1,324,619,0.523,0.457,0.066
2021-22,202709,Cory Joseph,1610612765,DET,G,30,65,65,1,291,619,0.47,0.454,0.016
2021-22,1629637,Jaxson Hayes,1610612740,NOP,C-F,22,70,70,1,274,612,0.448,0.467,-0.02
2021-22,1630557,Corey Kispert,1610612764,WAS,F,23,75,75,1,287,604,0.475,0.449,0.026
2021-22,203526,Raul Neto,1610612764,WAS,G,30,68,68,1,298,604,0.493,0.447,0.046
2021-22,1627747,Caris LeVert,1610612739,CLE,G,27,58,58,1,295,600,0.492,0.457,0.035
2021-22,201568,Danilo Gallinari,1610612737,ATL,F,33,66,66,1,292,599,0.487,0.465,0.022
2021-22,1627736,Malik Beasley,1610612750,MIN,G,25,79,79,1,272,598,0.455,0.448,0.007
2021-22,1628379,Luke Kennard,1610612746,LAC,G,26,70,70,1,272,595,0.457,0.457,0
2021-22,203110,Draymond Green,1610612744,GSW,F,32,45,45,1,242,595,0.407,0.474,-0.067
2021-22,201980,Danny Green,1610612755,PHI,G,35,62,62,1,283,589,0.48,0.455,0.025
2021-22,1626167,Myles Turner,1610612754,IND,C-F,26,42,42,1,284,589,0.482,0.498,-0.016
2021-22,1630197,Aleksej Pokusevski,1610612760,OKC,F,20,61,61,1,270,588,0.459,0.457,0.002
2021-22,1627745,Damian Jones,1610612758,SAC,C,27,53,53,1,289,581,0.497,0.478,0.019
2021-22,1628464,Daniel Theis,1610612738,BOS,F-C,30,47,47,1,272,570,0.477,0.477,0
2021-22,1630526,Jeremiah Robinson-Earl,1610612760,OKC,F,21,49,49,1,267,566,0.472,0.48,-0.008
2021-22,200746,LaMarcus Aldridge,1610612751,BKN,C-F,36,47,47,1,254,564,0.45,0.479,-0.028
2021-22,201586,Serge Ibaka,1610612749,MIL,F,32,54,54,1,279,564,0.495,0.482,0.013
2021-22,1629002,Chimezie Metu,1610612758,SAC,F-C,25,59,59,1,274,563,0.487,0.462,0.024
2021-22,203937,Kyle Anderson,1610612763,MEM,F-G,28,69,69,1,268,563,0.476,0.47,0.006
2021-22,1628384,OG Anunoby,1610612761,TOR,F,24,48,48,1,248,559,0.444,0.458,-0.014
2021-22,201976,Patrick Beverley,1610612750,MIN,G,33,58,58,1,250,559,0.447,0.462,-0.015
2021-22,202710,Jimmy Butler III,1610612748,MIA,F,32,57,57,1,248,558,0.444,0.463,-0.019
2021-22,1629750,Javonte Green,1610612741,CHI,G-F,28,65,65,1,259,556,0.466,0.459,0.007
2021-22,1630231,KJ Martin,1610612745,HOU,F,21,78,78,1,245,554,0.442,0.455,-0.012
2021-22,203914,Gary Harris,1610612753,ORL,G,27,61,61,1,257,552,0.466,0.455,0.01
2021-22,1630168,Onyeka Okongwu,1610612737,ATL,F-C,21,48,48,1,241,547,0.441,0.478,-0.037
2021-22,1626153,Delon Wright,1610612737,ATL,G,30,76,76,1,265,546,0.485,0.447,0.038
2021-22,1627742,Brandon Ingram,1610612740,NOP,F,24,55,55,1,250,543,0.46,0.462,-0.002
2021-22,1628963,Marvin Bagley III,1610612765,DET,F,23,48,48,1,235,541,0.434,0.47,-0.036
2021-22,202694,Marcus Morris Sr.,1610612746,LAC,F,32,54,54,1,258,540,0.478,0.464,0.013
2021-22,1629638,Nickeil Alexander-Walker,1610612762,UTA,G,23,64,64,1,264,540,0.489,0.453,0.036
2021-22,201933,Blake Griffin,1610612751,BKN,F,33,55,55,1,244,536,0.455,0.479,-0.024
2021-22,1629723,John Konchar,1610612763,MEM,G,26,72,72,1,242,531,0.456,0.455,0.001
2021-22,1630533,Ziaire Williams,1610612763,MEM,F,20,62,62,1,243,530,0.458,0.451,0.008
2021-22,1630228,Jonathan Kuminga,1610612744,GSW,F,19,65,65,1,235,527,0.446,0.454,-0.008
2021-22,1629634,Brandon Clarke,1610612763,MEM,F,25,64,64,1,226,527,0.429,0.459,-0.03
2021-22,1626196,Josh Richardson,1610612759,SAS,G,28,65,65,1,245,525,0.467,0.444,0.022
2021-22,1629021,Moritz Wagner,1610612753,ORL,F-C,25,60,60,1,264,517,0.511,0.461,0.05
2021-22,1629651,Nic Claxton,1610612751,BKN,F-C,23,47,47,1,224,516,0.434,0.463,-0.029
2021-22,1630598,Aaron Wiggins,1610612760,OKC,G,23,50,50,1,249,516,0.483,0.454,0.028
2021-22,1626169,Stanley Johnson,1610612747,LAL,F-G,26,48,48,1,259,514,0.504,0.462,0.042
2021-22,201587,Nicolas Batum,1610612746,LAC,G-F,33,59,59,1,239,512,0.467,0.469,-0.002
2021-22,1626195,Willy Hernangomez,1610612740,NOP,C-F,28,49,49,1,275,511,0.538,0.49,0.048
2021-22,2730,Dwight Howard,1610612747,LAL,C-F,36,58,58,1,258,510,0.506,0.49,0.016
2021-22,1628366,Lonzo Ball,1610612741,CHI,G,24,35,35,1,233,506,0.46,0.452,0.009
2021-22,1630181,R.J. Hampton,1610612753,ORL,G,21,64,64,1,254,506,0.502,0.446,0.056
2021-22,1629022,Lonnie Walker IV,1610612759,SAS,G-F,23,70,70,1,219,501,0.437,0.454,-0.016
2021-22,201949,James Johnson,1610612751,BKN,F,35,61,61,1,225,500,0.45,0.459,-0.009
2021-22,203490,Otto Porter Jr.,1610612744,GSW,F,29,63,63,1,242,498,0.486,0.466,0.02
2021-22,202339,Eric Bledsoe,1610612757,POR,G,32,54,54,1,227,496,0.458,0.455,0.002
2021-22,202340,Avery Bradley,1610612747,LAL,G,31,62,62,1,265,496,0.534,0.457,0.077
2021-22,1630538,Bones Hyland,1610612743,DEN,G,21,68,68,1,225,496,0.454,0.449,0.004
2021-22,203473,Dewayne Dedmon,1610612748,MIA,C,32,67,67,1,229,495,0.463,0.48,-0.017
2021-22,201588,George Hill,1610612749,MIL,G,36,54,54,1,229,493,0.465,0.444,0.02
2021-22,1626158,Richaun Holmes,1610612758,SAC,F,28,45,45,1,236,490,0.482,0.482,0
2021-22,1629676,Isaiah Roby,1610612760,OKC,F,24,45,45,1,240,485,0.495,0.486,0.008
2021-22,203078,Bradley Beal,1610612764,WAS,G,29,40,40,1,220,485,0.454,0.46,-0.006
2021-22,1630591,Jalen Suggs,1610612753,ORL,G,21,48,48,1,211,483,0.437,0.458,-0.021
2021-22,1630544,Tre Mann,1610612760,OKC,G,21,60,60,1,221,483,0.458,0.443,0.014
2021-22,1629642,Nassir Little,1610612757,POR,F-G,22,42,42,1,199,482,0.413,0.457,-0.044
2021-22,1627752,Taurean Prince,1610612750,MIN,F,28,67,67,1,249,481,0.518,0.46,0.058
2021-22,1630528,Josh Christopher,1610612745,HOU,G,20,72,72,1,260,480,0.542,0.457,0.084
2021-22,203920,Khem Birch,1610612761,TOR,C,29,55,55,1,235,480,0.49,0.479,0.01
2021-22,203085,Austin Rivers,1610612743,DEN,G,29,67,67,1,236,476,0.496,0.452,0.044
2021-22,1627936,Alex Caruso,1610612741,CHI,G,28,41,41,1,217,474,0.458,0.452,0.006
2021-22,1630200,Tre Jones,1610612759,SAS,G,22,64,64,1,211,470,0.449,0.444,0.005
2021-22,1627814,Damion Lee,1610612744,GSW,G-F,29,63,63,1,217,469,0.463,0.446,0.016
2021-22,1627788,Furkan Korkmaz,1610612755,PHI,G-F,24,63,63,1,209,468,0.447,0.447,-0.001
2021-22,202330,Gordon Hayward,1610612766,CHA,F,32,49,49,1,220,467,0.471,0.464,0.007
2021-22,1629599,Amir Coffey,1610612746,LAC,G-F,25,63,63,1,206,466,0.442,0.457,-0.015
2021-22,1628972,Troy Brown Jr.,1610612741,CHI,G-F,22,61,61,1,229,466,0.491,0.443,0.049
2021-22,1626181,Norman Powell,1610612746,LAC,G,29,44,44,1,220,464,0.474,0.465,0.009
2021-22,1626145,Tyus Jones,1610612763,MEM,G,26,72,72,1,213,462,0.461,0.444,0.017
2021-22,1629013,Landry Shamet,1610612756,PHX,G,25,68,68,1,196,461,0.425,0.443,-0.018
2021-22,1630556,Kessler Edwards,1610612751,BKN,F,21,44,44,1,227,460,0.493,0.465,0.028
2021-22,1627780,Gary Payton II,1610612744,GSW,G,29,69,69,1,200,457,0.438,0.458,-0.02
2021-22,1629667,Jalen McDaniels,1610612766,CHA,F-C,24,51,51,1,209,457,0.457,0.455,0.003
2021-22,1629670,Jordan Nwora,1610612749,MIL,F,23,60,60,1,217,453,0.479,0.451,0.028
2021-22,202066,Garrett Temple,1610612740,NOP,G-F,36,59,59,1,205,450,0.456,0.453,0.002
2021-22,203924,Jerami Grant,1610612765,DET,F,28,47,47,1,219,448,0.489,0.476,0.013
2021-22,1628977,Hamidou Diallo,1610612765,DET,G,23,58,58,1,208,447,0.465,0.465,0
2021-22,1630560,Cam Thomas,1610612751,BKN,G,20,63,63,1,223,444,0.502,0.448,0.054
2021-22,201569,Eric Gordon,1610612745,HOU,G,33,57,57,1,179,440,0.407,0.455,-0.048
2021-22,203210,JaMychal Green,1610612743,DEN,F-C,32,67,67,1,220,437,0.503,0.465,0.039
2021-22,1630205,Lamar Stevens,1610612739,CLE,F,24,62,62,1,185,435,0.425,0.456,-0.03
2021-22,1630563,Joshua Primo,1610612759,SAS,G,19,48,48,1,201,435,0.462,0.449,0.013
2021-22,1630188,Jalen Smith,1610612754,IND,F-C,22,49,49,1,205,435,0.471,0.465,0.006
2021-22,202689,Kemba Walker,1610612752,NYK,G,32,37,37,1,210,432,0.486,0.449,0.037
2021-22,203482,Kelly Olynyk,1610612765,DET,F-C,31,40,40,1,208,424,0.491,0.474,0.017
2021-22,1630167,Obi Toppin,1610612752,NYK,F,24,71,71,1,173,423,0.409,0.453,-0.044
2021-22,203082,Terrence Ross,1610612753,ORL,G-F,31,63,63,1,203,423,0.48,0.453,0.027
2021-22,1629629,Cam Reddish,1610612752,NYK,F-G,22,48,48,1,193,423,0.456,0.453,0.003
2021-22,1630570,Trendon Watford,1610612757,POR,F,21,48,48,1,210,422,0.498,0.475,0.023
2021-22,202684,Tristan Thompson,1610612741,CHI,C-F,31,57,57,1,204,421,0.485,0.484,0.001
2021-22,1626224,Cedi Osman,1610612739,CLE,F,27,66,66,1,195,420,0.464,0.445,0.019
2021-22,1627763,Malcolm Brogdon,1610612754,IND,G,29,36,36,1,192,419,0.458,0.456,0.002
2021-22,1629604,CJ Elleby,1610612757,POR,F-G,22,52,52,1,199,419,0.475,0.459,0.016
2021-22,1626166,Cameron Payne,1610612756,PHX,G,27,58,58,1,198,418,0.474,0.455,0.018
2021-22,202331,Paul George,1610612746,LAC,F,32,31,31,1,180,417,0.432,0.462,-0.03
2021-22,201152,Thaddeus Young,1610612761,TOR,F,34,51,51,1,205,415,0.494,0.47,0.024
2021-22,203926,Doug McDermott,1610612759,SAS,F,30,51,51,1,213,413,0.516,0.453,0.063
2021-22,1629308,Juan Toscano-Anderson,1610612744,GSW,F,29,64,64,1,184,411,0.448,0.455,-0.007
2021-22,200752,Rudy Gay,1610612762,UTA,F-G,35,55,55,1,185,407,0.455,0.463,-0.009
2021-22,203463,Ben McLemore,1610612757,POR,G,29,62,62,1,209,406,0.515,0.455,0.06
2021-22,1626204,Larry Nance Jr.,1610612740,NOP,F-C,29,46,46,1,201,402,0.5,0.468,0.032
2021-22,1628966,Keita Bates-Diop,1610612759,SAS,F,26,57,57,1,180,401,0.449,0.453,-0.004
2021-22,203501,Tim Hardaway Jr.,1610612742,DAL,G-F,30,42,42,1,192,401,0.479,0.455,0.023
2021-22,1630267,Facundo Campazzo,1610612743,DEN,G,31,58,58,1,171,400,0.428,0.438,-0.011
2021-22,1630613,Duane Washington Jr.,1610612754,IND,G,22,46,46,1,197,398,0.495,0.448,0.047
2021-22,1628978,Donte DiVincenzo,1610612758,SAC,G,25,42,42,1,193,396,0.487,0.446,0.041
2021-22,1627761,DeAndre' Bembry,1610612749,MIL,G-F,27,55,55,1,166,393,0.422,0.458,-0.036
2021-22,1628415,Dillon Brooks,1610612763,MEM,G-F,26,32,32,1,177,391,0.453,0.452,0.001
2021-22,202397,Ish Smith,1610612764,WAS,G,33,64,64,1,191,391,0.488,0.442,0.047
2021-22,203458,Alex Len,1610612758,SAC,C,29,38,38,1,190,387,0.491,0.498,-0.007
2021-22,202083,Wesley Matthews,1610612749,MIL,G,35,49,49,1,168,386,0.435,0.465,-0.029
2021-22,1630177,Theo Maledon,1610612760,OKC,G,21,47,47,1,196,386,0.508,0.449,0.059
2021-22,1629048,Goga Bitadze,1610612754,IND,C-F,22,44,44,1,187,384,0.487,0.487,0
2021-22,201959,Taj Gibson,1610612752,NYK,F,37,51,51,1,167,384,0.435,0.474,-0.039
2021-22,1629003,Shake Milton,1610612755,PHI,G-F,25,55,55,1,167,381,0.438,0.453,-0.014
2021-22,1628988,Aaron Holiday,1610612756,PHX,G,25,60,60,1,168,378,0.444,0.437,0.008
2021-22,1627854,Bryn Forbes,1610612743,DEN,G,28,73,73,1,177,377,0.469,0.44,0.029
2021-22,1629731,Dean Wade,1610612739,CLE,F-C,25,49,49,1,170,375,0.453,0.462,-0.008
2021-22,1629026,Kenrich Williams,1610612760,OKC,G-F,27,49,49,1,164,371,0.442,0.454,-0.012
2021-22,202681,Kyrie Irving,1610612751,BKN,G,30,29,29,1,165,370,0.446,0.455,-0.009
2021-22,1627884,Derrick Jones Jr.,1610612741,CHI,F,25,49,49,1,168,364,0.462,0.47,-0.009
2021-22,202326,DeMarcus Cousins,1610612743,DEN,C,31,48,48,1,166,359,0.462,0.477,-0.015
2021-22,1630209,Omer Yurtseven,1610612748,MIA,C,24,48,48,1,160,359,0.446,0.481,-0.036
2021-22,1628402,Frank Jackson,1610612765,DET,G,24,52,52,1,175,358,0.489,0.446,0.043
2021-22,201577,Robin Lopez,1610612753,ORL,C,34,36,36,1,164,354,0.463,0.474,-0.01
2021-22,203087,Jeremy Lamb,1610612758,SAC,G-F,30,54,54,1,173,354,0.489,0.456,0.033
2021-22,203081,Damian Lillard,1610612757,POR,G,31,29,29,1,166,351,0.473,0.459,0.014
2021-22,203503,Tony Snell,1610612740,NOP,G,30,51,51,1,164,351,0.467,0.457,0.01
2021-22,1629060,Rui Hachimura,1610612764,WAS,F,24,42,42,1,176,349,0.504,0.464,0.04
2021-22,203090,Maurice Harkless,1610612758,SAC,F-G,29,46,46,1,154,348,0.443,0.458,-0.015
2021-22,1628380,Zach Collins,1610612759,SAS,F-C,24,28,28,1,160,339,0.472,0.485,-0.014
2021-22,1629111,Jock Landale,1610612759,SAS,C,26,48,48,1,146,336,0.435,0.472,-0.038
2021-22,203107,Tomas Satoransky,1610612764,WAS,G,30,54,54,1,163,332,0.491,0.449,0.042
2021-22,1628396,Tony Bradley,1610612741,CHI,C-F,24,53,53,1,130,331,0.393,0.488,-0.095
2021-22,1629669,Jaylen Nowell,1610612750,MIN,G,22,61,61,1,156,326,0.479,0.446,0.033
2021-22,1630214,Xavier Tillman,1610612763,MEM,F,23,52,52,1,148,326,0.454,0.468,-0.014
2021-22,1630202,Payton Pritchard,1610612738,BOS,G,24,66,66,1,137,322,0.425,0.44,-0.015
2021-22,1630182,Josh Green,1610612742,DAL,G,21,61,61,1,148,321,0.461,0.441,0.02
2021-22,1629162,Jordan McLaughlin,1610612750,MIN,G,26,60,60,1,155,321,0.483,0.445,0.038
2021-22,1628975,Jevon Carter,1610612749,MIL,G,26,59,59,1,144,317,0.454,0.449,0.005
2021-22,201937,Ricky Rubio,1610612754,IND,G,31,34,34,1,126,317,0.397,0.444,-0.047
2021-22,1630678,Terry Taylor,1610612754,IND,F,22,31,31,1,166,317,0.524,0.467,0.056
2021-22,201599,DeAndre Jordan,1610612755,PHI,C,33,48,48,1,151,316,0.478,0.478,0
2021-22,1630235,Trent Forrest,1610612762,UTA,G,24,54,54,1,139,314,0.443,0.457,-0.014
2021-22,204060,Joe Ingles,1610612757,POR,F-G,34,45,45,1,140,313,0.447,0.449,-0.001
2021-22,1628367,Josh Jackson,1610612758,SAC,G-F,25,49,49,1,153,313,0.489,0.461,0.027
2021-22,202324,Derrick Favors,1610612760,OKC,F,30,39,39,1,146,312,0.468,0.492,-0.024
2021-22,1630543,Isaiah Jackson,1610612754,IND,F,20,36,36,1,152,306,0.497,0.475,0.022
2021-22,1626159,Justise Winslow,1610612757,POR,F-G,26,42,42,1,130,305,0.426,0.46,-0.034
2021-22,202691,Klay Thompson,1610612744,GSW,G,32,32,32,1,125,304,0.411,0.463,-0.052
2021-22,1628021,David Nwaba,1610612745,HOU,G-F,29,44,44,1,150,296,0.507,0.467,0.039
2021-22,1630631,Jose Alvarado,1610612740,NOP,G,24,49,49,1,132,294,0.449,0.441,0.008
2021-22,1630530,Trey Murphy III,1610612740,NOP,F,22,56,56,1,135,289,0.467,0.454,0.013
2021-22,203488,Mike Muscala,1610612760,OKC,F-C,30,42,42,1,118,288,0.41,0.48,-0.07
2021-22,202722,Davis Bertans,1610612742,DAL,F,29,56,56,1,139,287,0.484,0.457,0.027
2021-22,1629656,Quentin Grimes,1610612752,NYK,G,22,42,42,1,135,281,0.48,0.448,0.033
2021-22,1629672,Eric Paschall,1610612762,UTA,F,25,56,56,1,137,279,0.491,0.463,0.028
2021-22,1630535,Greg Brown III,1610612757,POR,F,20,42,42,1,144,278,0.518,0.456,0.062
2021-22,1630192,Zeke Nnaji,1610612743,DEN,F-C,21,38,38,1,137,277,0.495,0.458,0.037
2021-22,1630249,Vít Krejčí,1610612760,OKC,G,22,29,29,1,129,277,0.466,0.448,0.017
2021-22,201571,D.J. Augustin,1610612747,LAL,G,34,54,54,1,155,274,0.566,0.448,0.118
2021-22,203457,Nerlens Noel,1610612752,NYK,C-F,28,25,25,1,139,273,0.509,0.498,0.011
2021-22,1630553,Keon Johnson,1610612757,POR,G,20,34,34,1,133,270,0.493,0.457,0.036
2021-22,1627863,Danuel House Jr.,1610612762,UTA,F-G,29,40,40,1,129,269,0.48,0.446,0.033
2021-22,203145,Kent Bazemore,1610612747,LAL,G-F,32,37,37,1,118,267,0.442,0.457,-0.015
2021-22,202683,Enes Freedom,1610612738,BOS,C,30,35,35,1,118,267,0.442,0.465,-0.023
2021-22,1630314,Brandon Williams,1610612757,POR,G,22,24,24,1,130,267,0.487,0.45,0.037
2021-22,201961,Wayne Ellington,1610612747,LAL,G,34,43,43,1,122,267,0.457,0.447,0.009
2021-22,1627789,Timothe Luwawu-Cabarrot,1610612737,ATL,G-F,27,42,42,1,120,266,0.451,0.454,-0.003
2021-22,202687,Bismack Biyombo,1610612756,PHX,C,29,35,35,1,129,265,0.487,0.488,-0.001
2021-22,1628432,Davon Reed,1610612743,DEN,G,27,37,37,1,124,258,0.481,0.455,0.025
2021-22,1630198,Isaiah Joe,1610612755,PHI,G,22,48,48,1,119,257,0.463,0.439,0.024
2021-22,200765,Rajon Rondo,1610612739,CLE,G,36,38,38,1,116,257,0.451,0.451,0.001
2021-22,101150,Lou Williams,1610612737,ATL,G,35,55,55,1,110,255,0.431,0.448,-0.016
2021-22,1630625,Dalano Banton,1610612761,TOR,F,22,62,62,1,118,255,0.463,0.443,0.02
2021-22,203585,Rodney McGruder,1610612765,DET,G,30,48,48,1,110,255,0.431,0.455,-0.023
2021-22,1629717,Armoni Brooks,1610612761,TOR,G,24,49,49,1,114,250,0.456,0.449,0.007
2021-22,1628373,Frank Ntilikina,1610612742,DAL,G,23,51,51,1,98,249,0.394,0.456,-0.063
2021-22,201565,Derrick Rose,1610612752,NYK,G,33,26,26,1,93,249,0.373,0.448,-0.074
2021-22,1628425,Sterling Brown,1610612742,DAL,G-F,27,46,46,1,123,249,0.494,0.461,0.033
2021-22,1629660,Ty Jerome,1610612760,OKC,G-F,24,45,45,1,117,248,0.472,0.449,0.023
2021-22,1628418,Thomas Bryant,1610612764,WAS,C-F,24,27,27,1,120,246,0.488,0.49,-0.002
2021-22,1630240,Saben Lee,1610612765,DET,G,23,34,34,1,119,245,0.486,0.454,0.032
2021-22,203901,Elfrid Payton,1610612756,PHX,G,28,46,46,1,107,245,0.437,0.436,0
2021-22,202362,Lance Stephenson,1610612754,IND,F,31,45,45,1,129,239,0.54,0.451,0.089
2021-22,203918,Rodney Hood,1610612746,LAC,G-F,29,50,50,1,114,237,0.481,0.449,0.032
2021-22,1630230,Naji Marshall,1610612740,NOP,F,24,49,49,1,105,237,0.443,0.455,-0.012
2021-22,1630527,Brandon Boston,1610612746,LAC,G,20,49,49,1,112,237,0.473,0.444,0.029
2021-22,200794,Paul Millsap,1610612755,PHI,F,37,33,33,1,107,235,0.455,0.467,-0.012
2021-22,1629641,Romeo Langford,1610612759,SAS,G-F,22,46,46,1,90,233,0.386,0.446,-0.06
2021-22,1630579,Jericho Sims,1610612752,NYK,C,23,36,36,1,112,232,0.483,0.488,-0.005
2021-22,1628372,Dennis Smith Jr.,1610612757,POR,G,24,35,35,1,102,226,0.451,0.449,0.002
2021-22,1629004,Svi Mykhailiuk,1610612761,TOR,G-F,25,47,47,1,104,226,0.46,0.447,0.013
2021-22,2738,Andre Iguodala,1610612744,GSW,G-F,38,31,31,1,86,225,0.382,0.454,-0.072
2021-22,204456,T.J. McConnell,1610612754,IND,G,30,27,27,1,103,221,0.466,0.447,0.019
2021-22,1629650,Moses Brown,1610612739,CLE,C,22,38,38,1,104,219,0.475,0.486,-0.011
2021-22,1630174,Aaron Nesmith,1610612738,BOS,G-F,22,51,51,1,109,217,0.502,0.437,0.065
2021-22,1629006,Josh Okogie,1610612750,MIN,G,23,43,43,1,92,216,0.426,0.449,-0.023
2021-22,1630568,Luka Garza,1610612765,DET,C,23,31,31,1,117,213,0.549,0.494,0.056
2021-22,203648,Thanasis Antetokounmpo,1610612749,MIL,F,29,39,39,1,95,209,0.455,0.461,-0.007
2021-22,1630572,Sandro Mamukelashvili,1610612749,MIL,F-C,23,34,34,1,116,203,0.571,0.476,0.095
2021-22,203476,Gorgui Dieng,1610612737,ATL,C,32,41,41,1,105,203,0.517,0.475,0.043
2021-22,1629056,Terence Davis,1610612758,SAC,G,25,30,30,1,88,202,0.436,0.447,-0.011
2021-22,1629117,Wenyen Gabriel,1610612747,LAL,F,25,24,24,1,92,202,0.455,0.455,0
2021-22,1630549,Day'Ron Sharpe,1610612751,BKN,F,20,28,28,1,95,201,0.473,0.474,-0.001
2021-22,1630208,Nick Richards,1610612766,CHA,C,24,46,46,1,95,200,0.475,0.483,-0.008
2021-22,1630541,Moses Moody,1610612744,GSW,G,20,45,45,1,77,198,0.389,0.444,-0.055
2021-22,1629139,Yuta Watanabe,1610612761,TOR,G-F,27,34,34,1,89,194,0.459,0.457,0.001
2021-22,1630846,Olivier Sarr,1610612760,OKC,C,23,21,21,1,98,188,0.521,0.462,0.059
2021-22,201572,Brook Lopez,1610612749,MIL,C,34,13,13,1,78,186,0.419,0.483,-0.064
2021-22,1629164,Brandon Goodwin,1610612739,CLE,G,26,32,32,1,82,183,0.448,0.445,0.003
2021-22,1630322,Lindy Waters III,1610612760,OKC,F,24,24,24,1,79,182,0.434,0.436,-0.002
2021-22,1629681,Killian Tillie,1610612763,MEM,F-C,24,32,32,1,76,179,0.425,0.46,-0.036
2021-22,203469,Cody Zeller,1610612757,POR,F-C,29,27,27,1,98,178,0.551,0.494,0.057
2021-22,1630201,Malachi Flynn,1610612761,TOR,G,24,38,38,1,77,177,0.435,0.459,-0.024
2021-22,1627737,Marquese Chriss,1610612742,DAL,F,24,32,32,1,82,175,0.469,0.472,-0.004
2021-22,1630264,Anthony Gill,1610612764,WAS,F,29,37,37,1,64,175,0.366,0.448,-0.082
2021-22,1626208,Keifer Sykes,1610612754,IND,G,28,29,29,1,77,173,0.445,0.443,0.002
2021-22,1629103,Kelan Martin,1610612738,BOS,F,26,29,29,1,77,170,0.453,0.446,0.007
2021-22,1629649,Ignas Brazdeikis,1610612753,ORL,F,23,37,37,1,79,169,0.467,0.452,0.015
2021-22,1627823,Juancho Hernangomez,1610612762,UTA,F,26,35,35,1,75,167,0.449,0.449,0
2021-22,1629678,Admiral Schofield,1610612753,ORL,F,25,35,35,1,69,166,0.416,0.453,-0.038
2021-22,1629685,Dylan Windler,1610612739,CLE,G-F,25,36,36,1,71,166,0.428,0.45,-0.022
2021-22,1629744,Matt Thomas,1610612741,CHI,G,27,33,33,1,67,165,0.406,0.447,-0.041
2021-22,2772,Trevor Ariza,1610612747,LAL,F,37,24,24,1,81,163,0.497,0.468,0.029
2021-22,1629185,Chris Chiozza,1610612744,GSW,G,26,30,30,1,74,161,0.46,0.445,0.014
2021-22,1630540,Miles McBride,1610612752,NYK,G,21,29,29,1,71,159,0.447,0.438,0.008
2021-22,1630587,Isaiah Livers,1610612765,DET,F,23,18,18,1,65,155,0.419,0.458,-0.039
2021-22,1630233,Nathan Knight,1610612750,MIN,F-C,24,32,32,1,62,151,0.411,0.468,-0.057
2021-22,1630172,Patrick Williams,1610612741,CHI,F,20,17,17,1,66,147,0.449,0.453,-0.004
2021-22,1630194,Paul Reed,1610612755,PHI,F,23,33,33,1,74,147,0.503,0.471,0.032
2021-22,201609,Goran Dragic,1610612751,BKN,G,36,21,21,1,62,144,0.431,0.443,-0.013
2021-22,1629633,Jarrett Culver,1610612763,MEM,G-F,23,33,33,1,69,143,0.483,0.455,0.027
2021-22,203925,Joe Harris,1610612751,BKN,G-F,30,14,14,1,65,143,0.455,0.445,0.009
2021-22,1627739,Kris Dunn,1610612757,POR,G,28,14,14,1,72,139,0.518,0.456,0.062
2021-22,1630583,Santi Aldama,1610612763,MEM,F-C,21,29,29,1,57,138,0.413,0.439,-0.026
2021-22,1630550,JT Thor,1610612766,CHA,F,19,29,29,1,65,137,0.474,0.439,0.036
2021-22,1630215,Jared Butler,1610612762,UTA,G,21,35,35,1,55,136,0.404,0.447,-0.043
2021-22,1628962,Udoka Azubuike,1610612762,UTA,C-F,22,15,15,1,58,136,0.426,0.493,-0.066
2021-22,203504,Trey Burke,1610612742,DAL,G,29,33,33,1,62,135,0.459,0.438,0.021
2021-22,1630190,Elijah Hughes,1610612757,POR,G,24,29,29,1,73,132,0.553,0.46,0.093
2021-22,1626163,Frank Kaminsky,1610612756,PHX,F-C,29,9,9,1,58,132,0.439,0.468,-0.028
2021-22,1628400,Semi Ojeleye,1610612746,LAC,F,27,27,27,1,62,131,0.473,0.46,0.014
2021-22,1628408,PJ Dozier,1610612743,DEN,G-F,25,18,18,1,55,130,0.423,0.467,-0.044
2021-22,1628365,Markelle Fultz,1610612753,ORL,G,24,18,18,1,58,129,0.45,0.451,-0.001
2021-22,202954,Brad Wanamaker,1610612764,WAS,G,32,22,22,1,67,126,0.532,0.442,0.09
2021-22,1626147,Justin Anderson,1610612754,IND,F-G,28,16,16,1,62,122,0.508,0.459,0.049
2021-22,1629109,Gary Clark,1610612740,NOP,F,27,31,31,1,67,121,0.554,0.45,0.104
2021-22,1629833,Keljin Blevins,1610612757,POR,G,26,30,30,1,58,116,0.5,0.459,0.041
2021-22,1630561,David Duke Jr.,1610612751,BKN,G,22,19,19,1,53,116,0.457,0.444,0.013
2021-22,1630184,Kira Lewis Jr.,1610612740,NOP,G,21,24,24,1,61,114,0.535,0.449,0.086
2021-22,1630586,Usman Garuba,1610612745,HOU,F,20,23,23,1,58,113,0.513,0.448,0.066
2021-22,202693,Markieff Morris,1610612748,MIA,F,32,17,17,1,49,112,0.438,0.453,-0.015
2021-22,1630547,James Bouknight,1610612766,CHA,G,21,25,25,1,65,112,0.58,0.431,0.15
2021-22,1629620,Justin Robinson,1610612765,DET,G,24,20,20,1,52,111,0.468,0.446,0.022
2021-22,202328,Greg Monroe,1610612750,MIN,F-C,32,14,14,1,57,111,0.514,0.488,0.025
2021-22,1630688,Ish Wainright,1610612756,PHX,F,27,35,35,1,51,111,0.459,0.445,0.014
2021-22,1626161,Willie Cauley-Stein,1610612755,PHI,C,28,19,19,1,60,110,0.545,0.492,0.053
2021-22,1629617,Reggie Perry,1610612757,POR,F-C,22,10,10,1,53,109,0.486,0.471,0.015
2021-22,1628981,Bruno Fernando,1610612745,HOU,F-C,23,27,27,1,46,108,0.426,0.459,-0.033
2021-22,1630551,Justin Champagnie,1610612761,TOR,G-F,21,30,30,1,46,106,0.434,0.438,-0.004
2021-22,202334,Ed Davis,1610612739,CLE,C-F,33,24,24,1,47,105,0.448,0.48,-0.033
2021-22,1629012,Collin Sexton,1610612739,CLE,G,23,11,11,1,44,101,0.436,0.451,-0.016
2021-22,202738,Isaiah Thomas,1610612766,CHA,G,33,20,20,1,40,100,0.4,0.447,-0.047
2021-22,1629603,Mamadi Diakite,1610612760,OKC,F,25,13,13,1,50,100,0.5,0.495,0.005
2021-22,1629644,KZ Okpala,1610612748,MIA,F-G,23,15,15,1,43,95,0.453,0.451,0.002
2021-22,1629076,Tyler Cook,1610612741,CHI,F,24,20,20,1,44,93,0.473,0.464,0.009
2021-22,1629008,Michael Porter Jr.,1610612743,DEN,F,24,9,9,1,45,90,0.5,0.485,0.015
2021-22,1629658,Jaylen Hoard,1610612760,OKC,F,23,6,6,1,47,89,0.528,0.467,0.061
2021-22,1630296,Braxton Key,1610612765,DET,F,25,11,11,1,35,87,0.402,0.459,-0.057
2021-22,1627774,Jake Layman,1610612750,MIN,F,28,28,28,1,37,86,0.43,0.429,0.001
2021-22,1630792,Malcolm Hill,1610612741,CHI,F,26,14,14,1,42,86,0.488,0.461,0.027
2021-22,1626246,Boban Marjanovic,1610612742,DAL,C,33,20,20,1,43,85,0.506,0.481,0.025
2021-22,1630219,Skylar Mays,1610612737,ATL,G,24,20,20,1,35,81,0.432,0.445,-0.013
2021-22,1630195,Leandro Bolmaro,1610612750,MIN,F,21,23,23,1,40,81,0.494,0.453,0.041
2021-22,1630606,Javonte Smart,1610612748,MIA,G,23,12,12,1,31,81,0.383,0.421,-0.038
2021-22,1628993,Alize Johnson,1610612740,NOP,F,26,21,21,1,42,80,0.525,0.453,0.072
2021-22,1630273,Freddie Gillespie,1610612753,ORL,C,25,9,9,1,37,80,0.463,0.472,-0.009
2021-22,1627756,Denzel Valentine,1610612762,UTA,G,28,18,18,1,35,78,0.449,0.459,-0.01
2021-22,1629646,Charles Bassey,1610612755,PHI,C-F,21,20,20,1,32,76,0.421,0.473,-0.052
2021-22,1630227,Daishen Nix,1610612745,HOU,G,20,22,22,1,45,75,0.6,0.443,0.157
2021-22,1630285,Zavier Simpson,1610612760,OKC,G,25,4,4,1,33,74,0.446,0.448,-0.002
2021-22,1630691,Jamorko Pickett,1610612765,DET,F,24,10,10,1,38,74,0.514,0.445,0.068
2021-22,1628427,Vlatko Cancar,1610612743,DEN,F,25,14,14,1,34,73,0.466,0.461,0.005
2021-22,1629657,Kyle Guy,1610612748,MIA,G,24,14,14,1,38,73,0.521,0.463,0.058
2021-22,1629755,Hassani Gravett,1610612753,ORL,G,25,8,8,1,34,71,0.479,0.43,0.049
2021-22,1628539,Mychal Mulder,1610612748,MIA,G,28,13,13,1,29,70,0.414,0.427,-0.013
2021-22,1628995,Kevin Knox II,1610612737,ATL,F,22,20,20,1,35,69,0.507,0.435,0.072
2021-22,203524,Solomon Hill,1610612737,ATL,F,31,12,12,1,34,68,0.5,0.445,0.056
2021-22,1627846,Abdel Nader,1610612756,PHX,F,28,14,14,1,33,68,0.485,0.448,0.037
2021-22,1628436,Luke Kornet,1610612738,BOS,C-F,26,12,12,1,31,67,0.463,0.475,-0.012
2021-22,203506,Victor Oladipo,1610612748,MIA,G,30,8,8,1,26,67,0.388,0.461,-0.073
2021-22,1629623,Lindell Wigginton,1610612749,MIL,G,24,16,16,1,40,66,0.606,0.453,0.153
2021-22,1629962,Devin Cannady,1610612753,ORL,G,26,5,5,1,32,64,0.5,0.441,0.059
2021-22,1630686,Georgios Kalaitzakis,1610612760,OKC,F,23,9,9,1,34,63,0.54,0.444,0.096
2021-22,1629033,Theo Pinson,1610612742,DAL,G-F,26,14,14,1,26,62,0.419,0.458,-0.039
2021-22,203953,Jabari Parker,1610612738,BOS,F,27,12,12,1,33,62,0.532,0.473,0.059
2021-22,1628035,Alfonzo McKinnie,1610612741,CHI,F,29,13,13,1,33,61,0.541,0.46,0.081
2021-22,204025,Tim Frazier,1610612739,CLE,G,31,11,11,1,30,60,0.5,0.459,0.041
2021-22,1629875,Xavier Moon,1610612746,LAC,G,27,10,10,1,25,60,0.417,0.45,-0.033
2021-22,1629718,Charlie Brown Jr.,1610612755,PHI,G,25,10,10,1,23,59,0.39,0.471,-0.082
2021-22,1629674,Neemias Queta,1610612758,SAC,C,22,12,12,1,31,59,0.525,0.479,0.046
2021-22,1630580,Joe Wieskamp,1610612759,SAS,G-F,22,19,19,1,32,57,0.561,0.428,0.133
2021-22,1630698,Kevin Pangos,1610612739,CLE,G,29,17,17,1,23,56,0.411,0.434,-0.024
2021-22,1629312,Haywood Highsmith,1610612748,MIA,F,25,14,14,1,21,54,0.389,0.453,-0.064
2021-22,1628778,Paul Watson,1610612760,OKC,G,27,8,8,1,29,53,0.547,0.457,0.09
2021-22,1630206,Jay Scrubb,1610612746,LAC,G,21,11,11,1,21,50,0.42,0.428,-0.008
2021-22,1629663,Louis King,1610612758,SAC,F,23,9,9,1,24,50,0.48,0.472,0.008
2021-22,1630210,Markus Howard,1610612743,DEN,G,23,18,18,1,20,50,0.4,0.431,-0.031
2021-22,1630186,Jahmi'us Ramsey,1610612758,SAC,G,21,16,16,1,28,50,0.56,0.443,0.117
2021-22,1630199,Cassius Stanley,1610612765,DET,G,22,8,8,1,18,49,0.367,0.435,-0.067
2021-22,1629719,Devontae Cacok,1610612759,SAS,F,25,12,12,1,23,47,0.489,0.442,0.047
2021-22,1630573,Sam Hauser,1610612738,BOS,F,24,16,16,1,9,43,0.209,0.444,-0.234
2021-22,1629712,Didi Louzada,1610612757,POR,G,22,8,8,1,15,41,0.366,0.48,-0.115
2021-22,1630552,Jalen Johnson,1610612737,ATL,F,20,15,15,1,20,41,0.488,0.437,0.051
2021-22,1628476,Derrick Walton Jr.,1610612765,DET,G,27,3,3,1,13,41,0.317,0.439,-0.122
2021-22,1629067,Isaac Bonga,1610612761,TOR,G,22,11,11,1,16,40,0.4,0.451,-0.051
2021-22,1630288,Jeff Dowtin Jr.,1610612753,ORL,G,25,6,6,1,15,40,0.375,0.425,-0.05
2021-22,1629626,Bol Bol,1610612753,ORL,C-F,22,11,11,1,17,37,0.459,0.442,0.018
2021-22,2617,Udonis Haslem,1610612748,MIA,F,42,11,11,1,20,36,0.556,0.451,0.105
2021-22,204020,Tyler Johnson,1610612759,SAS,G,30,6,6,1,22,36,0.611,0.438,0.173
2021-22,1628391,D.J. Wilson,1610612761,TOR,F,26,4,4,1,17,35,0.486,0.466,0.02
2021-22,204038,Langston Galloway,1610612749,MIL,G,30,7,7,1,14,35,0.4,0.445,-0.045
2021-22,1629735,Chris Silva,1610612748,MIA,F,25,8,8,1,20,35,0.571,0.503,0.069
2021-22,1629730,Rayjon Tucker,1610612749,MIL,G,24,5,5,1,23,34,0.676,0.444,0.232
2021-22,1630585,Marcus Garrett,1610612748,MIA,G,23,9,9,1,14,33,0.424,0.439,-0.015
2021-22,1630602,Chaundee Brown Jr.,1610612737,ATL,F,23,5,5,1,14,32,0.438,0.471,-0.034
2021-22,1629605,Tacko Fall,1610612739,CLE,C,26,8,8,1,12,31,0.387,0.476,-0.088
2021-22,1627853,Ryan Arcidiacono,1610612752,NYK,G,28,8,8,1,12,31,0.387,0.416,-0.029
2021-22,1630758,Aleem Ford,1610612753,ORL,F,24,5,5,1,15,29,0.517,0.406,0.111
2021-22,1630176,Vernon Carey Jr.,1610612764,WAS,F-C,21,4,4,1,15,29,0.517,0.493,0.025
2021-22,1628982,Melvin Frazier Jr.,1610612760,OKC,G-F,25,3,3,1,16,28,0.571,0.438,0.134
2021-22,1629035,Carsen Edwards,1610612765,DET,G,24,4,4,1,13,28,0.464,0.459,0.005
2021-22,1629168,BJ Johnson,1610612753,ORL,F,26,3,3,1,13,27,0.481,0.432,0.049
2021-22,1628411,Wes Iwundu,1610612737,ATL,F,27,3,3,1,17,27,0.63,0.49,0.14
2021-22,1630250,Marko Simonovic,1610612741,CHI,C,22,8,8,1,8,26,0.308,0.446,-0.138
2021-22,1630466,Gabriel Deck,1610612760,OKC,F,27,7,7,1,10,26,0.385,0.438,-0.054
2021-22,1627820,Tyrone Wallace,1610612740,NOP,G,28,5,5,1,15,26,0.577,0.446,0.131
2021-22,1630582,Yves Pons,1610612763,MEM,F,23,9,9,1,7,25,0.28,0.433,-0.153
2021-22,1630238,Malik Fitts,1610612738,BOS,F,24,11,11,1,14,24,0.583,0.435,0.149
2021-22,1630243,Trevelin Queen,1610612745,HOU,G,25,9,9,1,15,24,0.625,0.432,0.193
2021-22,1630539,Kai Jones,1610612766,CHA,C-F,21,12,12,1,13,24,0.542,0.435,0.106
2021-22,1630225,Isaiah Todd,1610612764,WAS,F,20,8,8,1,14,24,0.583,0.465,0.119
2021-22,1629683,Quinndary Weatherspoon,1610612744,GSW,G,25,8,8,1,13,24,0.542,0.464,0.078
2021-22,1629653,Devon Dotson,1610612741,CHI,G,22,8,8,1,13,23,0.565,0.436,0.129
2021-22,1630241,Sam Merrill,1610612763,MEM,G,26,6,6,1,11,22,0.5,0.439,0.061
2021-22,1628419,Cameron Oliver,1610612737,ATL,F,25,2,2,1,12,22,0.545,0.521,0.024
2021-22,203516,James Ennis III,1610612743,DEN,F,31,7,7,1,9,21,0.429,0.45,-0.021
2021-22,1629619,Myles Powell,1610612755,PHI,G,24,8,8,1,7,20,0.35,0.309,0.041
2021-22,1630695,Micah Potter,1610612765,DET,C,24,3,3,1,12,20,0.6,0.484,0.116
2021-22,1627822,Petr Cornelie,1610612743,DEN,F,26,10,10,1,9,18,0.5,0.452,0.048
2021-22,1630536,Sharife Cooper,1610612737,ATL,G,21,9,9,1,10,18,0.556,0.396,0.16
2021-22,1630218,Robert Woodard II,1610612759,SAS,F,22,6,6,1,9,18,0.5,0.453,0.047
2021-22,1630787,Cameron McGriff,1610612757,POR,F,24,3,3,1,9,18,0.5,0.435,0.065
2021-22,1629607,Jared Harper,1610612740,NOP,G,24,4,4,1,8,18,0.444,0.42,0.024
2021-22,202688,Brandon Knight,1610612742,DAL,G,30,4,4,1,8,17,0.471,0.452,0.019
2021-22,203917,Nik Stauskas,1610612738,BOS,G,28,5,5,1,6,17,0.353,0.427,-0.074
2021-22,201954,Darren Collison,1610612747,LAL,G,34,3,3,1,8,16,0.5,0.395,0.105
2021-22,1629752,Juwan Morgan,1610612738,BOS,F,25,2,2,1,7,16,0.438,0.441,-0.003
2021-22,1627767,Cheick Diallo,1610612765,DET,F-C,25,3,3,1,10,16,0.625,0.449,0.177
2021-22,1630612,RJ Nembhard Jr.,1610612739,CLE,G,23,6,6,1,6,15,0.4,0.369,0.031
2021-22,1630648,Jordan Schakel,1610612764,WAS,G,24,4,4,1,3,15,0.2,0.4,-0.2
2021-22,1629671,Miye Oni,1610612762,UTA,G-F,24,7,7,1,6,14,0.429,0.421,0.008
2021-22,1630994,Gabriel Lundberg,1610612756,PHX,G,27,3,3,1,8,14,0.571,0.478,0.094
2021-22,1630187,Daniel Oturu,1610612761,TOR,C,22,2,2,1,8,14,0.571,0.461,0.111
2021-22,1630216,Cassius Winston,1610612764,WAS,G,24,7,7,1,8,13,0.615,0.461,0.155
2021-22,1629682,Tremont Waters,1610612764,WAS,G,24,3,3,1,8,13,0.615,0.434,0.181
2021-22,203658,Norvel Pelle,1610612762,UTA,C,29,2,2,1,8,12,0.667,0.503,0.164
2021-22,1630271,Brodric Thomas,1610612738,BOS,G,25,6,6,1,6,11,0.545,0.429,0.117
2021-22,1628994,George King,1610612742,DAL,F-G,28,4,4,1,6,11,0.545,0.428,0.117
2021-22,1630643,Jay Huff,1610612747,LAL,F,24,4,4,1,2,11,0.182,0.462,-0.281
2021-22,1630270,Xavier Sneed,1610612762,UTA,F,24,7,7,1,4,10,0.4,0.441,-0.041
2021-22,1630222,Mason Jones,1610612747,LAL,G,23,4,4,1,3,10,0.3,0.448,-0.148
2021-22,1630644,Mac McClung,1610612747,LAL,G,23,1,1,1,8,10,0.8,0.453,0.347
2021-22,1629686,Deividas Sirvydis,1610612765,DET,F-G,22,3,3,1,3,10,0.3,0.439,-0.139
2021-22,1630637,Carlik Jones,1610612743,DEN,G,24,5,5,1,3,9,0.333,0.413,-0.079
2021-22,1628382,Justin Jackson,1610612756,PHX,F,27,4,4,1,2,9,0.222,0.477,-0.255
2021-22,1627782,Wayne Selden,1610612752,NYK,G,27,3,3,1,5,8,0.625,0.438,0.187
2021-22,1630565,Aaron Henry,1610612755,PHI,F,22,5,5,1,2,8,0.25,0.345,-0.095
2021-22,1629150,Emanuel Terry,1610612756,PHX,F,25,2,2,1,3,8,0.375,0.504,-0.129
2021-22,1627885,Shaquille Harrison,1610612751,BKN,G,28,2,2,1,3,7,0.429,0.442,-0.013
2021-22,203816,Scotty Hopson,1610612760,OKC,G-F,32,1,1,1,2,7,0.286,0.43,-0.144
2021-22,1629751,Dakota Mathias,1610612763,MEM,G,26,3,3,1,3,6,0.5,0.429,0.072
2021-22,1628537,Jaylen Morris,1610612759,SAS,G,26,3,3,1,2,6,0.333,0.443,-0.109
2021-22,1628221,Gabe York,1610612754,IND,G,28,1,1,1,2,6,0.333,0.464,-0.131
2021-22,1629635,Sekou Doumbouya,1610612747,LAL,F,21,2,2,1,0,6,0,0.442,-0.442
2021-22,1630589,Moses Wright,1610612742,DAL,F,23,3,3,1,3,6,0.5,0.445,0.056
2021-22,1630306,Rob Edwards,1610612760,OKC,G,25,2,2,1,2,5,0.4,0.238,0.162
2021-22,1630286,Trevon Scott,1610612739,CLE,F,25,2,2,1,2,5,0.4,0.424,-0.024
2021-22,1630593,McKinley Wright IV,1610612750,MIN,G,23,3,3,1,3,5,0.6,0.456,0.144
2021-22,1629309,Trayvon Palmer,1610612765,DET,G,27,1,1,1,4,5,0.8,0.423,0.377
2021-22,1630647,Eugene Omoruyi,1610612742,DAL,F,25,2,2,1,2,5,0.4,0.469,-0.069
2021-22,1629610,DaQuan Jeffries,1610612763,MEM,G-F,24,2,2,1,2,4,0.5,0.38,0.121
2021-22,1630555,Joel Ayayi,1610612764,WAS,G,22,4,4,1,0,4,0,0.476,-0.476
2021-22,1626144,Emmanuel Mudiay,1610612758,SAC,G,26,1,1,1,2,4,0.5,0.397,0.103
2021-22,1628990,Chandler Hutchison,1610612756,PHX,F-G,26,3,3,1,3,4,0.75,0.433,0.317
2021-22,1630692,Jordan Goodwin,1610612764,WAS,G,23,1,1,1,3,4,0.75,0.443,0.307
2021-22,1629203,Jemerrio Jones,1610612747,LAL,F,27,1,1,1,2,4,0.5,0.452,0.048
2021-22,1630605,JaQuori McLaughlin,1610612742,DAL,G,24,2,2,1,2,4,0.5,0.428,0.072
2021-22,1630237,Anthony Lamb,1610612745,HOU,F,24,2,2,1,1,3,0.333,0.438,-0.105
2021-22,1630531,Jaden Springer,1610612755,PHI,G,19,2,2,1,1,3,0.333,0.2,0.133
2021-22,1628591,Craig Sword,1610612764,WAS,G,28,1,1,1,1,3,0.333,0.431,-0.097
2021-22,1627760,Cat Barber,1610612737,ATL,G,27,2,2,1,2,3,0.667,0.481,0.186
2021-22,1630257,Jon Teske,1610612763,MEM,C,25,2,2,1,2,2,1,0.439,0.562
2021-22,1629783,Shaq Buchanan,1610612763,MEM,G,25,1,1,1,0,2,0,0.432,-0.432
2021-22,1629600,Jarron Cumberland,1610612757,POR,G,24,1,1,1,0,2,0,0.593,-0.593
2021-22,1628422,Damyean Dotson,1610612752,NYK,G,28,1,1,1,0,2,0,0.392,-0.392
2021-22,1629602,Javin DeLaurier,1610612749,MIL,C,24,1,1,1,1,2,0.5,0.611,-0.111
2021-22,1629597,Zylan Cheatham,1610612762,UTA,F,26,1,1,1,0,2,0,0.42,-0.42
2021-22,1626155,Sam Dekker,1610612761,TOR,F,28,1,1,1,1,2,0.5,0.43,0.07
2021-22,1628395,Jordan Bell,1610612741,CHI,F,27,1,1,1,2,2,1,0.442,0.558
2021-22,1630525,David Johnson,1610612761,TOR,G,21,1,1,1,0,1,0,0.364,-0.364
2021-22,1630624,Feron Hunt,1610612752,NYK,F,22,1,1,1,0,1,0,0.475,-0.475
2021-22,2207,Joe Johnson,1610612738,BOS,G-F,41,1,1,1,1,1,1,0.379,0.621
2021-22,101139,CJ Miles,1610612738,BOS,G,35,1,1,1,1,1,1,0.326,0.674
2021-22,1630575,Scottie Lewis,1610612766,CHA,G,22,1,1,1,1,1,1,0.495,0.505
2021-22,1629873,Jaysean Paige,1610612765,DET,G,27,1,1,1,0,1,0,0.491,-0.491
2021-22,1629005,Malik Newman,1610612739,CLE,G,25,1,1,1,0,1,0,0.167,-0.167
2021-22,1630640,MJ Walker,1610612756,PHX,G,24,1,1,1,1,1,1,0.431,0.569
2021-22,1629083,Arnoldas Kulboka,1610612766,CHA,F,24,1,1,1,1,1,1,0.538,0.462
2022-23,201572,Brook Lopez,1610612749,MIL,C,35,78,78,1,809,1760,0.46,0.505,-0.045
2022-23,1627734,Domantas Sabonis,1610612758,SAC,F-C,27,79,79,1,782,1454,0.538,0.511,0.027
2022-23,1630596,Evan Mobley,1610612739,CLE,C,22,79,79,1,667,1417,0.471,0.487,-0.016
2022-23,203999,Nikola Jokić,1610612743,DEN,C,28,69,69,1,712,1399,0.509,0.501,0.008
2022-23,202696,Nikola Vučević,1610612741,CHI,C,32,82,82,1,734,1392,0.527,0.508,0.019
2022-23,1627826,Ivica Zubac,1610612746,LAC,C,26,76,76,1,633,1347,0.47,0.506,-0.036
2022-23,203497,Rudy Gobert,1610612750,MIN,C,31,70,70,1,603,1275,0.473,0.5,-0.027
2022-23,203954,Joel Embiid,1610612755,PHI,C-F,29,66,66,1,605,1266,0.478,0.496,-0.018
2022-23,1629651,Nic Claxton,1610612751,BKN,C,24,76,76,1,544,1212,0.449,0.494,-0.045
2022-23,1626172,Kevon Looney,1610612744,GSW,F,27,82,82,1,567,1181,0.48,0.497,-0.017
2022-23,1630578,Alperen Sengun,1610612745,HOU,C,20,75,75,1,584,1158,0.504,0.5,0.005
2022-23,1631095,Jabari Smith Jr.,1610612745,HOU,F,20,79,79,1,569,1158,0.491,0.481,0.011
2022-23,1627741,Buddy Hield,1610612754,IND,G,30,80,80,1,547,1151,0.475,0.471,0.004
2022-23,1630567,Scottie Barnes,1610612761,TOR,F,21,77,77,1,585,1149,0.509,0.483,0.026
2022-23,204001,Kristaps Porziņģis,1610612764,WAS,F-C,27,65,65,1,502,1141,0.44,0.49,-0.05
2022-23,1627751,Jakob Poeltl,1610612761,TOR,C,27,72,72,1,593,1137,0.522,0.499,0.023
2022-23,203486,Mason Plumlee,1610612746,LAC,F-C,33,79,79,1,568,1110,0.512,0.5,0.012
2022-23,203110,Draymond Green,1610612744,GSW,F,33,73,73,1,479,1109,0.432,0.488,-0.056
2022-23,203084,Harrison Barnes,1610612758,SAC,F,31,82,82,1,523,1106,0.473,0.48,-0.007
2022-23,203944,Julius Randle,1610612752,NYK,F-C,28,77,77,1,534,1098,0.486,0.476,0.01
2022-23,1628386,Jarrett Allen,1610612739,CLE,C,25,68,68,1,514,1086,0.473,0.495,-0.022
2022-23,1631117,Walker Kessler,1610612762,UTA,C,21,74,74,1,514,1083,0.475,0.499,-0.025
2022-23,1628389,Bam Adebayo,1610612748,MIA,C-F,25,75,75,1,525,1078,0.487,0.494,-0.007
2022-23,1626167,Myles Turner,1610612754,IND,C-F,27,62,62,1,526,1059,0.497,0.505,-0.008
2022-23,203482,Kelly Olynyk,1610612762,UTA,F-C,32,68,68,1,521,1044,0.499,0.489,0.01
2022-23,1627832,Fred VanVleet,1610612761,TOR,G,29,69,69,1,517,1041,0.497,0.472,0.024
2022-23,1626220,Royce O'Neale,1610612751,BKN,F,30,76,76,1,484,1040,0.465,0.481,-0.016
2022-23,201143,Al Horford,1610612738,BOS,C-F,37,63,63,1,469,1036,0.453,0.486,-0.033
2022-23,1630183,Jaden McDaniels,1610612750,MIN,F,22,79,79,1,476,1034,0.46,0.473,-0.013
2022-23,203468,CJ McCollum,1610612740,NOP,G,31,75,75,1,490,1027,0.477,0.465,0.012
2022-23,202685,Jonas Valanciunas,1610612740,NOP,C,31,79,79,1,530,1025,0.517,0.512,0.005
2022-23,1628401,Derrick White,1610612738,BOS,G,28,80,80,1,452,1017,0.444,0.469,-0.025
2022-23,1630168,Onyeka Okongwu,1610612737,ATL,F-C,22,80,80,1,473,1010,0.468,0.489,-0.021
2022-23,1627783,Pascal Siakam,1610612761,TOR,F,29,71,71,1,507,1007,0.503,0.482,0.021
2022-23,1628404,Josh Hart,1610612752,NYK,G,28,76,76,1,486,999,0.486,0.48,0.007
2022-23,1629028,Deandre Ayton,1610612756,PHX,C,24,67,67,1,477,999,0.477,0.503,-0.025
2022-23,1628983,Shai Gilgeous-Alexander,1610612760,OKC,G,24,68,68,1,458,995,0.46,0.469,-0.009
2022-23,1628381,John Collins,1610612737,ATL,F-C,25,71,71,1,493,990,0.498,0.484,0.014
2022-23,203897,Zach LaVine,1610612741,CHI,G,28,77,77,1,436,990,0.44,0.463,-0.022
2022-23,1629023,P.J. Washington,1610612766,CHA,F,24,73,73,1,452,983,0.46,0.481,-0.021
2022-23,1630166,Deni Avdija,1610612764,WAS,F,22,76,76,1,475,981,0.484,0.476,0.008
2022-23,1630162,Anthony Edwards,1610612750,MIN,G,21,79,79,1,456,979,0.466,0.468,-0.002
2022-23,1628368,De'Aaron Fox,1610612758,SAC,G,25,73,73,1,473,970,0.488,0.466,0.022
2022-23,203076,Anthony Davis,1610612747,LAL,F-C,30,56,56,1,441,968,0.456,0.504,-0.049
2022-23,1629628,RJ Barrett,1610612752,NYK,F-G,23,72,72,1,433,963,0.45,0.468,-0.018
2022-23,1630193,Immanuel Quickley,1610612752,NYK,G,24,81,81,1,424,962,0.441,0.458,-0.018
2022-23,1628971,Bruce Brown,1610612743,DEN,G-F,26,80,80,1,431,960,0.449,0.465,-0.016
2022-23,1631094,Paolo Banchero,1610612753,ORL,F,20,72,72,1,453,958,0.473,0.484,-0.011
2022-23,1629234,Drew Eubanks,1610612757,POR,F-C,26,78,78,1,475,957,0.496,0.494,0.002
2022-23,1630581,Josh Giddey,1610612760,OKC,G,20,76,76,1,468,955,0.49,0.475,0.015
2022-23,203991,Clint Capela,1610612737,ATL,C,29,65,65,1,486,954,0.509,0.503,0.007
2022-23,1629029,Luka Dončić,1610612742,DAL,F-G,24,65,65,1,453,944,0.48,0.474,0.006
2022-23,1629001,De'Anthony Melton,1610612755,PHI,G,25,77,77,1,464,935,0.496,0.468,0.029
2022-23,201950,Jrue Holiday,1610612749,MIL,G,33,67,67,1,423,930,0.455,0.479,-0.024
2022-23,1628415,Dillon Brooks,1610612763,MEM,G-F,27,73,73,1,412,930,0.443,0.47,-0.027
2022-23,1628997,Caleb Martin,1610612748,MIA,F,27,71,71,1,471,928,0.508,0.468,0.04
2022-23,1629655,Daniel Gafford,1610612764,WAS,F-C,24,78,78,1,450,928,0.485,0.506,-0.021
2022-23,1629652,Luguentz Dort,1610612760,OKC,G,24,74,74,1,416,916,0.454,0.467,-0.013
2022-23,1628380,Zach Collins,1610612759,SAS,F-C,25,63,63,1,457,911,0.502,0.506,-0.004
2022-23,1630532,Franz Wagner,1610612753,ORL,F,21,80,80,1,448,911,0.492,0.474,0.018
2022-23,1630172,Patrick Williams,1610612741,CHI,F,21,82,82,1,429,911,0.471,0.474,-0.003
2022-23,1629622,Max Strus,1610612748,MIA,G-F,27,80,80,1,453,910,0.498,0.465,0.033
2022-23,1627749,Dejounte Murray,1610612737,ATL,G,26,74,74,1,458,904,0.507,0.475,0.032
2022-23,1630530,Trey Murphy III,1610612740,NOP,F,23,79,79,1,453,903,0.502,0.471,0.031
2022-23,1628991,Jaren Jackson Jr.,1610612763,MEM,F-C,23,63,63,1,395,890,0.444,0.492,-0.048
2022-23,1628989,Kevin Huerter,1610612758,SAC,G-F,24,75,75,1,457,887,0.515,0.469,0.046
2022-23,201942,DeMar DeRozan,1610612741,CHI,G-F,33,74,74,1,425,883,0.481,0.475,0.006
2022-23,1628374,Lauri Markkanen,1610612762,UTA,F-C,26,66,66,1,401,879,0.456,0.484,-0.028
2022-23,1629645,Kevin Porter Jr.,1610612745,HOU,G-F,23,59,59,1,437,876,0.499,0.467,0.032
2022-23,1630583,Santi Aldama,1610612763,MEM,F-C,22,77,77,1,422,876,0.482,0.477,0.004
2022-23,1628369,Jayson Tatum,1610612738,BOS,F-G,25,74,74,1,414,876,0.473,0.469,0.004
2022-23,1630165,Killian Hayes,1610612765,DET,G,21,76,76,1,438,875,0.501,0.469,0.032
2022-23,1627827,Dorian Finney-Smith,1610612751,BKN,F,30,66,66,1,414,874,0.474,0.485,-0.011
2022-23,1630224,Jalen Green,1610612745,HOU,G,21,76,76,1,418,873,0.479,0.465,0.014
2022-23,1628976,Wendell Carter Jr.,1610612753,ORL,C-F,24,57,57,1,446,872,0.511,0.494,0.017
2022-23,203915,Spencer Dinwiddie,1610612751,BKN,G,30,79,79,1,435,870,0.5,0.473,0.027
2022-23,1629014,Anfernee Simons,1610612757,POR,G,24,62,62,1,426,869,0.49,0.472,0.018
2022-23,1630559,Austin Reaves,1610612747,LAL,G,25,64,64,1,395,869,0.455,0.462,-0.007
2022-23,1631093,Jaden Ivey,1610612765,DET,G,21,74,74,1,436,863,0.505,0.468,0.037
2022-23,1627759,Jaylen Brown,1610612738,BOS,G-F,26,67,67,1,399,863,0.462,0.476,-0.014
2022-23,1628972,Troy Brown Jr.,1610612747,LAL,G-F,23,76,76,1,423,860,0.492,0.47,0.021
2022-23,1628973,Jalen Brunson,1610612752,NYK,G,26,68,68,1,421,856,0.492,0.456,0.036
2022-23,1629614,Andrew Nembhard,1610612754,IND,G-F,23,75,75,1,405,855,0.474,0.467,0.007
2022-23,1631105,Jalen Duren,1610612765,DET,C,19,67,67,1,416,855,0.487,0.491,-0.005
2022-23,1629631,De'Andre Hunter,1610612737,ATL,F-G,25,67,67,1,392,843,0.465,0.47,-0.005
2022-23,203994,Jusuf Nurkić,1610612757,POR,C,28,52,52,1,429,843,0.509,0.51,-0.001
2022-23,1629667,Jalen McDaniels,1610612755,PHI,F-C,25,80,80,1,393,842,0.467,0.472,-0.005
2022-23,1629020,Jarred Vanderbilt,1610612747,LAL,F,24,78,78,1,431,842,0.512,0.488,0.024
2022-23,203939,Dwight Powell,1610612742,DAL,F-C,31,76,76,1,408,839,0.486,0.49,-0.004
2022-23,203501,Tim Hardaway Jr.,1610612742,DAL,G-F,31,71,71,1,391,827,0.473,0.469,0.004
2022-23,1629639,Tyler Herro,1610612748,MIA,G,23,67,67,1,400,826,0.484,0.466,0.018
2022-23,1626174,Christian Wood,1610612742,DAL,F,27,67,67,1,395,815,0.485,0.48,0.005
2022-23,1628392,Isaiah Hartenstein,1610612752,NYK,C-F,25,82,82,1,388,815,0.476,0.496,-0.02
2022-23,1629684,Grant Williams,1610612738,BOS,F,24,79,79,1,401,814,0.493,0.474,0.019
2022-23,1629656,Quentin Grimes,1610612752,NYK,G,23,70,70,1,388,813,0.477,0.468,0.009
2022-23,1627750,Jamal Murray,1610612743,DEN,G,26,65,65,1,402,808,0.498,0.465,0.032
2022-23,1628978,Donte DiVincenzo,1610612744,GSW,G,26,72,72,1,398,807,0.493,0.464,0.029
2022-23,1631097,Bennedict Mathurin,1610612754,IND,G-F,21,78,78,1,391,806,0.485,0.471,0.014
2022-23,1629673,Jordan Poole,1610612744,GSW,G,24,82,82,1,378,803,0.471,0.465,0.006
2022-23,202681,Kyrie Irving,1610612742,DAL,G,31,60,60,1,368,803,0.458,0.47,-0.012
2022-23,1627747,Caris LeVert,1610612739,CLE,G,28,74,74,1,385,801,0.481,0.467,0.014
2022-23,203471,Dennis Schröder,1610612747,LAL,G,29,66,66,1,371,800,0.464,0.463,0.001
2022-23,1626156,D'Angelo Russell,1610612747,LAL,G,27,71,71,1,367,795,0.462,0.46,0.002
2022-23,1630200,Tre Jones,1610612759,SAS,G,23,68,68,1,407,795,0.512,0.473,0.039
2022-23,1626179,Terry Rozier,1610612766,CHA,G,29,63,63,1,416,794,0.524,0.469,0.055
2022-23,203507,Giannis Antetokounmpo,1610612749,MIL,F,28,62,62,1,331,789,0.42,0.485,-0.066
2022-23,203493,Reggie Bullock Jr.,1610612742,DAL,G-F,32,78,78,1,392,787,0.498,0.473,0.025
2022-23,1628470,Torrey Craig,1610612756,PHX,F,32,79,79,1,347,786,0.441,0.475,-0.033
2022-23,1629027,Trae Young,1610612737,ATL,G,24,73,73,1,379,783,0.484,0.457,0.027
2022-23,1628398,Kyle Kuzma,1610612764,WAS,F,27,64,64,1,347,783,0.443,0.476,-0.033
2022-23,1630245,Ayo Dosunmu,1610612741,CHI,G,23,80,80,1,354,781,0.453,0.464,-0.011
2022-23,1631099,Keegan Murray,1610612758,SAC,F,22,80,80,1,392,779,0.503,0.472,0.031
2022-23,201144,Mike Conley,1610612750,MIN,G,35,67,67,1,378,776,0.487,0.469,0.018
2022-23,202699,Tobias Harris,1610612755,PHI,F,30,74,74,1,357,776,0.46,0.476,-0.016
2022-23,1630529,Herbert Jones,1610612740,NOP,F,24,66,66,1,358,775,0.462,0.479,-0.017
2022-23,202331,Paul George,1610612746,LAC,F,33,56,56,1,373,773,0.483,0.481,0.001
2022-23,1630557,Corey Kispert,1610612764,WAS,F,24,74,74,1,390,768,0.508,0.463,0.044
2022-23,1628384,OG Anunoby,1610612761,TOR,F,25,67,67,1,353,768,0.46,0.485,-0.026
2022-23,1626171,Bobby Portis Jr.,1610612749,MIL,F,28,70,70,1,362,760,0.476,0.483,-0.007
2022-23,1630174,Aaron Nesmith,1610612754,IND,G-F,23,73,73,1,394,753,0.523,0.48,0.043
2022-23,203932,Aaron Gordon,1610612743,DEN,F,27,68,68,1,345,750,0.46,0.481,-0.021
2022-23,1629636,Darius Garland,1610612739,CLE,G,23,69,69,1,357,749,0.477,0.458,0.019
2022-23,201935,James Harden,1610612755,PHI,G,33,58,58,1,345,745,0.463,0.469,-0.006
2022-23,1627936,Alex Caruso,1610612741,CHI,G,29,67,67,1,329,741,0.444,0.469,-0.025
2022-23,203937,Kyle Anderson,1610612750,MIN,F-G,29,68,68,1,353,740,0.477,0.476,0.001
2022-23,1630191,Isaiah Stewart,1610612765,DET,F-C,22,50,50,1,358,734,0.488,0.488,-0.001
2022-23,1628960,Grayson Allen,1610612749,MIL,G,27,72,72,1,359,733,0.49,0.466,0.024
2022-23,1629632,Coby White,1610612741,CHI,G,23,74,74,1,353,731,0.483,0.46,0.022
2022-23,1628969,Mikal Bridges,1610612751,BKN,F,26,56,56,1,349,730,0.478,0.474,0.004
2022-23,1631114,Jalen Williams,1610612760,OKC,G-F,22,75,75,1,388,728,0.533,0.474,0.059
2022-23,200782,P.J. Tucker,1610612755,PHI,F,38,74,74,1,340,726,0.468,0.486,-0.017
2022-23,203992,Bogdan Bogdanović,1610612737,ATL,G,30,54,54,1,342,720,0.475,0.469,0.006
2022-23,1629640,Keldon Johnson,1610612759,SAS,F-G,23,63,63,1,376,717,0.524,0.482,0.043
2022-23,1627736,Malik Beasley,1610612747,LAL,G,26,81,81,1,353,716,0.493,0.47,0.023
2022-23,203484,Kentavious Caldwell-Pope,1610612743,DEN,G,30,76,76,1,362,716,0.506,0.464,0.041
2022-23,201566,Russell Westbrook,1610612746,LAC,G,34,73,73,1,321,716,0.448,0.474,-0.025
2022-23,1631106,Tari Eason,1610612745,HOU,F,22,82,82,1,347,713,0.487,0.468,0.019
2022-23,201976,Patrick Beverley,1610612741,CHI,G,34,67,67,1,364,713,0.511,0.474,0.037
2022-23,203924,Jerami Grant,1610612757,POR,F,29,63,63,1,332,712,0.466,0.48,-0.014
2022-23,203903,Jordan Clarkson,1610612762,UTA,G,31,61,61,1,336,712,0.472,0.469,0.003
2022-23,1629630,Ja Morant,1610612763,MEM,G,23,61,61,1,309,710,0.435,0.468,-0.033
2022-23,1630231,KJ Martin,1610612745,HOU,F,22,82,82,1,337,708,0.476,0.47,0.006
2022-23,1629611,Terance Mann,1610612746,LAC,G-F,26,81,81,1,344,707,0.487,0.477,0.01
2022-23,1630208,Nick Richards,1610612766,CHA,C,25,65,65,1,364,701,0.519,0.506,0.013
2022-23,202704,Reggie Jackson,1610612743,DEN,G,33,67,67,1,329,699,0.471,0.459,0.012
2022-23,1629675,Naz Reid,1610612750,MIN,C-F,23,68,68,1,335,699,0.479,0.492,-0.013
2022-23,201142,Kevin Durant,1610612756,PHX,F,34,47,47,1,294,696,0.422,0.478,-0.055
2022-23,202710,Jimmy Butler III,1610612748,MIA,F,33,64,64,1,330,694,0.476,0.471,0.004
2022-23,1628378,Donovan Mitchell,1610612739,CLE,G,26,68,68,1,336,689,0.488,0.464,0.023
2022-23,1629011,Mitchell Robinson,1610612752,NYK,C-F,25,59,59,1,311,686,0.453,0.495,-0.042
2022-23,1626164,Devin Booker,1610612756,PHX,G,26,53,53,1,325,682,0.477,0.466,0.011
2022-23,1631101,Shaedon Sharpe,1610612757,POR,G,20,80,80,1,343,680,0.504,0.468,0.037
2022-23,1629216,Gabe Vincent,1610612748,MIA,G,27,68,68,1,303,674,0.45,0.455,-0.005
2022-23,202691,Klay Thompson,1610612744,GSW,G,33,69,69,1,321,674,0.476,0.478,-0.001
2022-23,201587,Nicolas Batum,1610612746,LAC,G-F,34,78,78,1,329,674,0.488,0.474,0.014
2022-23,1629723,John Konchar,1610612763,MEM,G,27,71,71,1,297,670,0.443,0.461,-0.017
2022-23,1629626,Bol Bol,1610612753,ORL,C-F,23,70,70,1,314,667,0.471,0.477,-0.006
2022-23,1630217,Desmond Bane,1610612763,MEM,G,25,58,58,1,289,667,0.433,0.458,-0.025
2022-23,202694,Marcus Morris Sr.,1610612746,LAC,F,33,65,65,1,322,665,0.484,0.475,0.009
2022-23,202711,Bojan Bogdanovic,1610612765,DET,F,34,59,59,1,332,660,0.503,0.475,0.028
2022-23,101108,Chris Paul,1610612756,PHX,G,38,59,59,1,308,655,0.47,0.471,-0.001
2022-23,203935,Marcus Smart,1610612738,BOS,G,29,61,61,1,315,653,0.482,0.468,0.014
2022-23,1630230,Naji Marshall,1610612740,NOP,F,25,77,77,1,315,649,0.485,0.473,0.013
2022-23,1630228,Jonathan Kuminga,1610612744,GSW,F,20,66,66,1,290,646,0.449,0.473,-0.024
2022-23,203081,Damian Lillard,1610612757,POR,G,32,58,58,1,328,644,0.509,0.473,0.037
2022-23,201939,Stephen Curry,1610612744,GSW,G,35,56,56,1,308,643,0.479,0.465,0.014
2022-23,1631110,Jeremy Sochan,1610612759,SAS,F,20,56,56,1,324,641,0.505,0.479,0.027
2022-23,1630175,Cole Anthony,1610612753,ORL,G,23,60,60,1,293,640,0.458,0.465,-0.007
2022-23,202695,Kawhi Leonard,1610612746,LAC,F,32,52,52,1,282,634,0.445,0.478,-0.033
2022-23,2544,LeBron James,1610612747,LAL,F,38,55,55,1,288,626,0.46,0.483,-0.023
2022-23,1630188,Jalen Smith,1610612754,IND,F-C,23,67,67,1,300,623,0.482,0.491,-0.009
2022-23,1630214,Xavier Tillman,1610612763,MEM,F,24,59,59,1,297,622,0.477,0.491,-0.014
2022-23,1630598,Aaron Wiggins,1610612760,OKC,G,24,68,68,1,317,620,0.511,0.461,0.051
2022-23,1628365,Markelle Fultz,1610612753,ORL,G,25,60,60,1,301,615,0.489,0.467,0.022
2022-23,1628418,Thomas Bryant,1610612743,DEN,C-F,25,58,58,1,335,609,0.55,0.501,0.049
2022-23,1628966,Keita Bates-Diop,1610612759,SAS,F,27,66,66,1,281,608,0.462,0.478,-0.016
2022-23,1630180,Saddiq Bey,1610612737,ATL,F,24,76,76,1,317,607,0.522,0.475,0.047
2022-23,1628420,Monte Morris,1610612764,WAS,G,28,62,62,1,297,601,0.494,0.469,0.025
2022-23,1627763,Malcolm Brogdon,1610612738,BOS,G,30,67,67,1,290,599,0.484,0.469,0.015
2022-23,203500,Steven Adams,1610612763,MEM,C,29,42,42,1,264,596,0.443,0.506,-0.063
2022-23,1630543,Isaiah Jackson,1610612754,IND,F,21,63,63,1,284,595,0.477,0.491,-0.014
2022-23,1629021,Moritz Wagner,1610612753,ORL,F-C,26,57,57,1,298,595,0.501,0.491,0.01
2022-23,200768,Kyle Lowry,1610612748,MIA,G,37,55,55,1,287,591,0.486,0.469,0.017
2022-23,1628975,Jevon Carter,1610612749,MIL,G,27,81,81,1,261,585,0.446,0.461,-0.015
2022-23,1630558,Davion Mitchell,1610612758,SAC,G,24,80,80,1,278,582,0.478,0.461,0.016
2022-23,1628370,Malik Monk,1610612758,SAC,G,25,76,76,1,279,580,0.481,0.462,0.019
2022-23,1627777,Georges Niang,1610612755,PHI,F,30,78,78,1,274,580,0.472,0.467,0.006
2022-23,1630570,Trendon Watford,1610612757,POR,F,22,60,60,1,294,580,0.507,0.479,0.028
2022-23,1628449,Chris Boucher,1610612761,TOR,F-C,30,76,76,1,267,578,0.462,0.474,-0.012
2022-23,203078,Bradley Beal,1610612764,WAS,G,30,50,50,1,253,570,0.444,0.467,-0.023
2022-23,1630178,Tyrese Maxey,1610612755,PHI,G,22,60,60,1,267,566,0.472,0.461,0.011
2022-23,1630169,Tyrese Haliburton,1610612754,IND,G,23,56,56,1,280,566,0.495,0.466,0.029
2022-23,1630237,Anthony Lamb,1610612744,GSW,F,25,62,62,1,247,560,0.441,0.467,-0.026
2022-23,1628372,Dennis Smith Jr.,1610612766,CHA,G,25,54,54,1,241,557,0.433,0.465,-0.033
2022-23,1631100,AJ Griffin,1610612737,ATL,F,19,70,70,1,268,555,0.483,0.466,0.016
2022-23,1629117,Wenyen Gabriel,1610612747,LAL,F,26,66,66,1,256,554,0.462,0.488,-0.026
2022-23,1627814,Damion Lee,1610612756,PHX,G-F,30,72,72,1,271,552,0.491,0.467,0.024
2022-23,1630171,Isaac Okoro,1610612739,CLE,F-G,22,76,76,1,264,551,0.479,0.466,0.013
2022-23,1626192,Pat Connaughton,1610612749,MIL,G,30,61,61,1,227,551,0.412,0.472,-0.06
2022-23,1629111,Jock Landale,1610612756,PHX,C,27,68,68,1,257,550,0.467,0.492,-0.024
2022-23,1629018,Gary Trent Jr.,1610612761,TOR,G-F,24,66,66,1,271,548,0.495,0.465,0.03
2022-23,1629008,Michael Porter Jr.,1610612743,DEN,F,25,62,62,1,263,545,0.483,0.472,0.01
2022-23,1626145,Tyus Jones,1610612763,MEM,G,27,79,79,1,266,543,0.49,0.455,0.035
2022-23,1630173,Precious Achiuwa,1610612761,TOR,F,23,55,55,1,273,542,0.504,0.488,0.015
2022-23,203925,Joe Harris,1610612751,BKN,G-F,31,74,74,1,247,539,0.458,0.469,-0.01
2022-23,1631223,David Roddy,1610612763,MEM,F,22,69,69,1,237,537,0.441,0.466,-0.024
2022-23,1626196,Josh Richardson,1610612740,NOP,G,29,65,65,1,270,534,0.506,0.467,0.039
2022-23,1626204,Larry Nance Jr.,1610612740,NOP,F-C,30,65,65,1,270,532,0.508,0.492,0.015
2022-23,1626162,Kelly Oubre Jr.,1610612766,CHA,F-G,27,48,48,1,275,532,0.517,0.471,0.046
2022-23,1630586,Usman Garuba,1610612745,HOU,F,21,75,75,1,256,530,0.483,0.48,0.003
2022-23,1628436,Luke Kornet,1610612738,BOS,C-F,27,65,65,1,252,528,0.477,0.484,-0.006
2022-23,1629006,Josh Okogie,1610612756,PHX,G,24,65,65,1,243,528,0.46,0.472,-0.012
2022-23,1626153,Delon Wright,1610612764,WAS,G,31,50,50,1,260,527,0.493,0.468,0.025
2022-23,1630198,Isaiah Joe,1610612760,OKC,G,23,70,70,1,248,523,0.474,0.463,0.012
2022-23,1629659,Talen Horton-Tucker,1610612762,UTA,G,22,63,63,1,240,521,0.461,0.465,-0.004
2022-23,1630700,Dyson Daniels,1610612740,NOP,G,20,57,57,1,231,520,0.444,0.467,-0.022
2022-23,201567,Kevin Love,1610612748,MIA,F-C,34,62,62,1,258,519,0.497,0.487,0.01
2022-23,1631103,Malaki Branham,1610612759,SAS,F,20,66,66,1,268,518,0.517,0.47,0.048
2022-23,1630692,Jordan Goodwin,1610612764,WAS,G,24,60,60,1,250,517,0.484,0.464,0.019
2022-23,1630591,Jalen Suggs,1610612753,ORL,G,22,53,53,1,236,515,0.458,0.469,-0.011
2022-23,1629060,Rui Hachimura,1610612747,LAL,F,25,63,63,1,210,515,0.408,0.472,-0.064
2022-23,1630631,Jose Alvarado,1610612740,NOP,G,25,61,61,1,224,513,0.437,0.462,-0.026
2022-23,1630573,Sam Hauser,1610612738,BOS,F,25,77,77,1,235,508,0.463,0.461,0.001
2022-23,1628467,Maxi Kleber,1610612742,DAL,F,31,37,37,1,236,506,0.466,0.477,-0.011
2022-23,1627742,Brandon Ingram,1610612740,NOP,F,25,45,45,1,233,506,0.46,0.476,-0.016
2022-23,1626168,Trey Lyles,1610612758,SAC,F,27,74,74,1,248,505,0.491,0.474,0.017
2022-23,201569,Eric Gordon,1610612746,LAC,G,34,68,68,1,247,504,0.49,0.468,0.022
2022-23,204456,T.J. McConnell,1610612754,IND,G,31,75,75,1,224,496,0.452,0.468,-0.016
2022-23,203952,Andrew Wiggins,1610612744,GSW,F,28,37,37,1,239,496,0.482,0.47,0.012
2022-23,1628984,Devonte' Graham,1610612759,SAS,G,28,73,73,1,244,495,0.493,0.467,0.026
2022-23,202330,Gordon Hayward,1610612766,CHA,F,33,50,50,1,219,493,0.444,0.476,-0.032
2022-23,1631109,Mark Williams,1610612766,CHA,C,21,42,42,1,234,492,0.476,0.5,-0.024
2022-23,1629022,Lonnie Walker IV,1610612747,LAL,G-F,24,54,54,1,241,488,0.494,0.465,0.028
2022-23,202687,Bismack Biyombo,1610612756,PHX,C,30,60,60,1,227,487,0.466,0.504,-0.038
2022-23,1630205,Lamar Stevens,1610612739,CLE,F,25,60,60,1,205,486,0.422,0.471,-0.05
2022-23,1631119,Jaylin Williams,1610612760,OKC,F,21,49,49,1,271,485,0.559,0.5,0.059
2022-23,1630587,Isaiah Livers,1610612765,DET,F,24,52,52,1,224,485,0.462,0.468,-0.007
2022-23,1630182,Josh Green,1610612742,DAL,G,22,60,60,1,243,483,0.503,0.465,0.038
2022-23,203488,Mike Muscala,1610612738,BOS,F-C,31,63,63,1,231,482,0.479,0.49,-0.01
2022-23,202709,Cory Joseph,1610612765,DET,G,31,61,61,1,242,480,0.504,0.459,0.045
2022-23,1630534,Ochai Agbaji,1610612762,UTA,G,23,56,56,1,208,478,0.435,0.466,-0.03
2022-23,1628963,Marvin Bagley III,1610612765,DET,F,24,42,42,1,234,475,0.493,0.495,-0.003
2022-23,203082,Terrence Ross,1610612756,PHX,G-F,32,62,62,1,235,473,0.497,0.465,0.032
2022-23,1630163,LaMelo Ball,1610612766,CHA,G,21,36,36,1,231,473,0.488,0.462,0.026
2022-23,1629003,Shake Milton,1610612755,PHI,G-F,26,75,75,1,231,471,0.49,0.462,0.028
2022-23,1626181,Norman Powell,1610612746,LAC,G,30,60,60,1,229,468,0.489,0.464,0.026
2022-23,203506,Victor Oladipo,1610612748,MIA,G,31,42,42,1,221,464,0.476,0.461,0.015
2022-23,1631128,Christian Braun,1610612743,DEN,G,22,66,66,1,217,463,0.469,0.47,-0.002
2022-23,1629661,Cameron Johnson,1610612751,BKN,F,27,42,42,1,214,462,0.463,0.474,-0.011
2022-23,1628379,Luke Kennard,1610612763,MEM,G,27,59,59,1,214,459,0.466,0.464,0.003
2022-23,203926,Doug McDermott,1610612759,SAS,F,31,64,64,1,224,454,0.493,0.464,0.029
2022-23,1629634,Brandon Clarke,1610612763,MEM,F,26,56,56,1,204,454,0.449,0.485,-0.036
2022-23,1630544,Tre Mann,1610612760,OKC,G,22,65,65,1,213,454,0.469,0.455,0.014
2022-23,203083,Andre Drummond,1610612741,CHI,C,29,67,67,1,227,451,0.503,0.507,-0.004
2022-23,201145,Jeff Green,1610612743,DEN,F,36,56,56,1,212,447,0.474,0.471,0.003
2022-23,1630550,JT Thor,1610612766,CHA,F,20,65,65,1,218,447,0.488,0.476,0.012
2022-23,1630538,Bones Hyland,1610612746,LAC,G,22,56,56,1,215,446,0.482,0.461,0.021
2022-23,1630552,Jalen Johnson,1610612737,ATL,F,21,68,68,1,208,444,0.468,0.479,-0.01
2022-23,1629139,Yuta Watanabe,1610612751,BKN,G-F,28,55,55,1,217,444,0.489,0.473,0.015
2022-23,1627732,Ben Simmons,1610612751,BKN,G-F,26,42,42,1,207,440,0.47,0.488,-0.017
2022-23,1630164,James Wiseman,1610612765,DET,C,22,44,44,1,248,440,0.564,0.499,0.064
2022-23,1629670,Jordan Nwora,1610612754,IND,F,24,59,59,1,231,434,0.532,0.463,0.07
2022-23,1626224,Cedi Osman,1610612739,CLE,F,28,76,76,1,181,425,0.426,0.458,-0.032
2022-23,1630194,Paul Reed,1610612755,PHI,F,24,63,63,1,209,424,0.493,0.481,0.011
2022-23,1630537,Chris Duarte,1610612754,IND,G,26,46,46,1,197,422,0.467,0.464,0.003
2022-23,203552,Seth Curry,1610612751,BKN,G,32,60,60,1,203,418,0.486,0.463,0.023
2022-23,1629680,Matisse Thybulle,1610612757,POR,G-F,26,67,67,1,195,418,0.467,0.467,-0.001
2022-23,1630526,Jeremiah Robinson-Earl,1610612760,OKC,F,22,42,42,1,211,412,0.512,0.484,0.028
2022-23,1629026,Kenrich Williams,1610612760,OKC,G-F,28,53,53,1,203,409,0.496,0.471,0.025
2022-23,1628964,Mo Bamba,1610612747,LAL,C,25,47,47,1,190,406,0.468,0.489,-0.021
2022-23,1629312,Haywood Highsmith,1610612748,MIA,F,26,50,50,1,171,402,0.425,0.47,-0.044
2022-23,1626157,Karl-Anthony Towns,1610612750,MIN,C-F,27,29,29,1,178,402,0.443,0.475,-0.033
2022-23,1629629,Cam Reddish,1610612757,POR,F-G,23,40,40,1,196,399,0.491,0.469,0.022
2022-23,1627752,Taurean Prince,1610612750,MIN,F,29,53,53,1,184,396,0.465,0.467,-0.002
2022-23,1630197,Aleksej Pokusevski,1610612760,OKC,F,21,34,34,1,187,393,0.476,0.492,-0.016
2022-23,1629002,Chimezie Metu,1610612758,SAC,F-C,26,62,62,1,197,391,0.504,0.48,0.024
2022-23,1629669,Jaylen Nowell,1610612750,MIN,G,23,65,65,1,213,390,0.546,0.469,0.077
2022-23,1631132,Christian Koloko,1610612761,TOR,C,23,55,55,1,185,386,0.479,0.494,-0.015
2022-23,1629134,Kendrick Nunn,1610612764,WAS,G,27,63,63,1,200,384,0.521,0.463,0.058
2022-23,203914,Gary Harris,1610612753,ORL,G,28,48,48,1,182,382,0.476,0.481,-0.004
2022-23,1628969,Mikal Bridges,1610612751,BKN,G-F,26,26,26,1,176,382,0.461,0.476,-0.015
2022-23,1629057,Robert Williams III,1610612738,BOS,C-F,25,35,35,1,158,381,0.415,0.478,-0.063
2022-23,1629638,Nickeil Alexander-Walker,1610612750,MIN,G,24,54,54,1,168,380,0.442,0.463,-0.021
2022-23,202692,Alec Burks,1610612765,DET,G,31,51,51,1,183,378,0.484,0.468,0.016
2022-23,1629642,Nassir Little,1610612757,POR,F-G,23,54,54,1,186,376,0.495,0.47,0.025
2022-23,1629012,Collin Sexton,1610612762,UTA,G,24,48,48,1,166,366,0.454,0.465,-0.012
2022-23,1630579,Jericho Sims,1610612752,NYK,C,24,50,50,1,185,366,0.505,0.504,0.002
2022-23,1630170,Devin Vassell,1610612759,SAS,G-F,22,38,38,1,189,364,0.519,0.469,0.051
2022-23,1628977,Hamidou Diallo,1610612765,DET,G,24,56,56,1,161,364,0.442,0.474,-0.032
2022-23,1626149,Montrezl Harrell,1610612755,PHI,F-C,29,54,54,1,175,363,0.482,0.491,-0.008
2022-23,1629052,Oshae Brissett,1610612754,IND,F-G,25,64,64,1,179,361,0.496,0.47,0.026
2022-23,1629647,Darius Bazley,1610612756,PHX,F,23,42,42,1,171,359,0.476,0.482,-0.006
2022-23,1630560,Cam Thomas,1610612751,BKN,G,21,53,53,1,167,358,0.466,0.467,-0.001
2022-23,203496,Robert Covington,1610612746,LAC,F,32,47,47,1,164,357,0.459,0.468,-0.008
2022-23,1629627,Zion Williamson,1610612740,NOP,F,22,29,29,1,151,356,0.424,0.468,-0.044
2022-23,1627884,Derrick Jones Jr.,1610612741,CHI,F,26,61,61,1,148,354,0.418,0.475,-0.057
2022-23,1630540,Miles McBride,1610612752,NYK,G,22,58,58,1,156,347,0.45,0.456,-0.006
2022-23,201152,Thaddeus Young,1610612761,TOR,F,35,53,53,1,196,346,0.566,0.491,0.076
2022-23,203967,Dario Saric,1610612760,OKC,F-C,29,56,56,1,175,344,0.509,0.484,0.025
2022-23,1629056,Terence Davis,1610612758,SAC,G,26,60,60,1,179,344,0.52,0.47,0.05
2022-23,1630167,Obi Toppin,1610612752,NYK,F,25,66,66,1,154,338,0.456,0.465,-0.01
2022-23,203085,Austin Rivers,1610612750,MIN,G,30,48,48,1,175,336,0.521,0.461,0.06
2022-23,1630177,Theo Maledon,1610612766,CHA,G,22,44,44,1,173,334,0.518,0.464,0.054
2022-23,203210,JaMychal Green,1610612744,GSW,F-C,33,57,57,1,181,333,0.544,0.483,0.06
2022-23,1628988,Aaron Holiday,1610612737,ATL,G,26,60,60,1,154,333,0.462,0.46,0.003
2022-23,1629660,Ty Jerome,1610612744,GSW,G-F,25,43,43,1,166,330,0.503,0.457,0.046
2022-23,1628995,Kevin Knox II,1610612757,POR,F,23,59,59,1,151,329,0.459,0.464,-0.005
2022-23,1630227,Daishen Nix,1610612745,HOU,G,21,55,55,1,165,328,0.503,0.468,0.035
2022-23,1630192,Zeke Nnaji,1610612743,DEN,F-C,22,50,50,1,153,327,0.468,0.486,-0.018
2022-23,1629731,Dean Wade,1610612739,CLE,F-C,26,42,42,1,151,323,0.467,0.474,-0.006
2022-23,1629308,Juan Toscano-Anderson,1610612762,UTA,F,30,48,48,1,158,323,0.489,0.476,0.013
2022-23,201588,George Hill,1610612754,IND,G,37,46,46,1,133,319,0.417,0.456,-0.039
2022-23,200752,Rudy Gay,1610612762,UTA,F-G,36,56,56,1,145,319,0.455,0.478,-0.023
2022-23,201933,Blake Griffin,1610612738,BOS,F,34,40,40,1,155,316,0.491,0.478,0.012
2022-23,1630549,Day'Ron Sharpe,1610612751,BKN,C,21,46,46,1,154,315,0.489,0.489,0
2022-23,1630541,Moses Moody,1610612744,GSW,G,21,60,60,1,144,313,0.46,0.467,-0.007
2022-23,203114,Khris Middleton,1610612749,MIL,F,31,33,33,1,137,311,0.441,0.462,-0.021
2022-23,1630572,Sandro Mamukelashvili,1610612759,SAS,F-C,24,38,38,1,158,308,0.513,0.48,0.033
2022-23,1629013,Landry Shamet,1610612756,PHX,G,26,39,39,1,143,306,0.467,0.466,0.001
2022-23,204060,Joe Ingles,1610612749,MIL,F-G,35,46,46,1,146,305,0.479,0.461,0.018
2022-23,1628427,Vlatko Cancar,1610612743,DEN,F,26,51,51,1,147,302,0.487,0.467,0.02
2022-23,1627863,Danuel House Jr.,1610612755,PHI,F-G,30,51,51,1,146,295,0.495,0.468,0.027
2022-23,1630528,Josh Christopher,1610612745,HOU,G,21,58,58,1,149,295,0.505,0.462,0.043
2022-23,202083,Wesley Matthews,1610612749,MIL,G,36,50,50,1,139,293,0.474,0.479,-0.005
2022-23,203115,Will Barton,1610612761,TOR,G,32,53,53,1,161,292,0.551,0.469,0.083
2022-23,1626166,Cameron Payne,1610612756,PHX,G,28,47,47,1,138,287,0.481,0.462,0.019
2022-23,203200,Justin Holiday,1610612742,DAL,F-G,34,44,44,1,136,276,0.493,0.469,0.024
2022-23,1629641,Romeo Langford,1610612759,SAS,G-F,23,41,41,1,134,275,0.487,0.464,0.024
2022-23,1630181,R.J. Hampton,1610612765,DET,G,22,43,43,1,137,274,0.5,0.473,0.027
2022-23,1630533,Ziaire Williams,1610612763,MEM,F,21,35,35,1,119,271,0.439,0.456,-0.017
2022-23,1630699,MarJon Beauchamp,1610612749,MIL,F,22,48,48,1,121,266,0.455,0.455,0
2022-23,202322,John Wall,1610612746,LAC,G,32,34,34,1,129,266,0.485,0.46,0.025
2022-23,1631133,Jabari Walker,1610612757,POR,F,20,51,51,1,129,266,0.485,0.478,0.007
2022-23,1629726,Garrison Mathews,1610612737,ATL,G,26,52,52,1,118,265,0.445,0.454,-0.009
2022-23,1631216,Caleb Houstan,1610612753,ORL,G,20,48,48,1,123,263,0.468,0.47,-0.002
2022-23,1630264,Anthony Gill,1610612764,WAS,F,30,48,48,1,130,262,0.496,0.477,0.019
2022-23,1627823,Juancho Hernangomez,1610612761,TOR,F,27,40,40,1,138,261,0.529,0.479,0.05
2022-23,201609,Goran Dragic,1610612749,MIL,G,37,58,58,1,117,261,0.448,0.459,-0.011
2022-23,1630256,Jae'Sean Tate,1610612745,HOU,F,27,31,31,1,109,260,0.419,0.468,-0.049
2022-23,1630702,Jaden Hardy,1610612742,DAL,G,20,45,45,1,125,260,0.481,0.46,0.02
2022-23,1629646,Charles Bassey,1610612759,SAS,C-F,22,33,33,1,115,257,0.447,0.499,-0.052
2022-23,1630201,Malachi Flynn,1610612761,TOR,G,25,48,48,1,124,254,0.488,0.459,0.029
2022-23,1629637,Jaxson Hayes,1610612740,NOP,C-F,23,42,42,1,114,252,0.452,0.471,-0.018
2022-23,1626159,Justise Winslow,1610612757,POR,F-G,27,29,29,1,115,252,0.456,0.477,-0.021
2022-23,1630688,Ish Wainright,1610612756,PHX,F,28,54,54,1,108,250,0.432,0.468,-0.036
2022-23,1626195,Willy Hernangomez,1610612740,NOP,C-F,29,35,35,1,137,248,0.552,0.499,0.053
2022-23,201599,DeAndre Jordan,1610612743,DEN,C,34,39,39,1,124,247,0.502,0.512,-0.01
2022-23,1631121,Bryce McGowens,1610612766,CHA,G,20,41,41,1,117,245,0.478,0.456,0.021
2022-23,1628373,Frank Ntilikina,1610612742,DAL,G,24,41,41,1,108,245,0.441,0.464,-0.023
2022-23,1631108,Max Christie,1610612747,LAL,G,20,34,34,1,106,239,0.444,0.463,-0.02
2022-23,203933,T.J. Warren,1610612756,PHX,F,29,40,40,1,118,239,0.494,0.478,0.015
2022-23,1630322,Lindy Waters III,1610612760,OKC,F,25,40,40,1,108,236,0.458,0.46,-0.003
2022-23,1630647,Eugene Omoruyi,1610612765,DET,F,26,39,39,1,101,233,0.433,0.466,-0.033
2022-23,1627739,Kris Dunn,1610612762,UTA,G,29,22,22,1,104,233,0.446,0.462,-0.016
2022-23,1630202,Payton Pritchard,1610612738,BOS,G,25,42,42,1,102,232,0.44,0.455,-0.015
2022-23,1629162,Jordan McLaughlin,1610612750,MIN,G,27,43,43,1,116,231,0.502,0.458,0.044
2022-23,1631104,Blake Wesley,1610612759,SAS,G,20,37,37,1,110,230,0.478,0.458,0.02
2022-23,1627745,Damian Jones,1610612762,UTA,C,28,34,34,1,97,229,0.424,0.482,-0.058
2022-23,1631323,Simone Fontecchio,1610612762,UTA,F,27,45,45,1,114,224,0.509,0.465,0.044
2022-23,1631172,Ousmane Dieng,1610612760,OKC,F,20,38,38,1,100,224,0.446,0.449,-0.003
2022-23,203476,Gorgui Dieng,1610612759,SAS,C,33,29,29,1,115,223,0.516,0.492,0.024
2022-23,1628410,Edmond Sumner,1610612751,BKN,G,27,50,50,1,114,220,0.518,0.47,0.048
2022-23,202722,Davis Bertans,1610612742,DAL,F,30,45,45,1,103,219,0.47,0.469,0.002
2022-23,1629130,Duncan Robinson,1610612748,MIA,F,29,41,41,1,115,219,0.525,0.462,0.063
2022-23,1629750,Javonte Green,1610612741,CHI,G,29,32,32,1,90,218,0.413,0.468,-0.055
2022-23,1631230,Dominick Barlow,1610612759,SAS,F,20,28,28,1,100,217,0.461,0.487,-0.026
2022-23,1630539,Kai Jones,1610612766,CHA,C-F,22,41,41,1,92,216,0.426,0.472,-0.046
2022-23,201580,JaVale McGee,1610612742,DAL,C-F,35,41,41,1,120,215,0.558,0.495,0.063
2022-23,203473,Dewayne Dedmon,1610612755,PHI,C,33,38,38,1,100,213,0.469,0.502,-0.032
2022-23,1629676,Isaiah Roby,1610612752,NYK,F,25,41,41,1,116,213,0.545,0.481,0.064
2022-23,1629643,Chuma Okeke,1610612753,ORL,F,24,25,25,1,100,209,0.478,0.47,0.009
2022-23,1630547,James Bouknight,1610612766,CHA,G,22,31,31,1,88,206,0.427,0.455,-0.028
2022-23,203526,Raul Neto,1610612739,CLE,G,31,43,43,1,94,204,0.461,0.443,0.018
2022-23,201959,Taj Gibson,1610612764,WAS,F,38,45,45,1,108,203,0.532,0.505,0.027
2022-23,1629048,Goga Bitadze,1610612753,ORL,C-F,23,36,36,1,91,203,0.448,0.493,-0.045
2022-23,1628981,Bruno Fernando,1610612737,ATL,F-C,24,37,37,1,98,201,0.488,0.504,-0.016
2022-23,1628962,Udoka Azubuike,1610612762,UTA,C-F,23,34,34,1,89,198,0.449,0.49,-0.041
2022-23,1631222,Jake LaRavia,1610612763,MEM,F,21,33,33,1,85,195,0.436,0.451,-0.016
2022-23,1629599,Amir Coffey,1610612746,LAC,G-F,26,39,39,1,92,193,0.477,0.466,0.011
2022-23,201937,Ricky Rubio,1610612739,CLE,G,32,33,33,1,85,193,0.44,0.451,-0.01
2022-23,1630556,Kessler Edwards,1610612758,SAC,F,22,32,32,1,82,190,0.432,0.478,-0.046
2022-23,1631115,Orlando Robinson,1610612748,MIA,C,22,30,30,1,104,190,0.547,0.497,0.051
2022-23,1629650,Moses Brown,1610612746,LAC,C,23,35,35,1,81,190,0.426,0.482,-0.055
2022-23,1630595,Cade Cunningham,1610612765,DET,G,21,12,12,1,80,186,0.43,0.479,-0.049
2022-23,201577,Robin Lopez,1610612739,CLE,C,35,34,34,1,90,182,0.495,0.501,-0.006
2022-23,203585,Rodney McGruder,1610612765,DET,G,31,30,30,1,89,180,0.494,0.467,0.028
2022-23,1629678,Admiral Schofield,1610612753,ORL,F,26,35,35,1,84,173,0.486,0.468,0.018
2022-23,1626169,Stanley Johnson,1610612762,UTA,F-G,27,29,29,1,78,173,0.451,0.472,-0.022
2022-23,201988,Patty Mills,1610612751,BKN,G,34,39,39,1,91,168,0.542,0.464,0.078
2022-23,1629004,Svi Mykhailiuk,1610612766,CHA,G-F,26,25,25,1,82,168,0.488,0.46,0.029
2022-23,1630284,Kevon Harris,1610612753,ORL,G,26,32,32,1,77,167,0.461,0.47,-0.009
2022-23,1631102,TyTy Washington Jr.,1610612745,HOU,G,21,30,30,1,74,158,0.468,0.455,0.013
2022-23,1630613,Duane Washington Jr.,1610612752,NYK,G,23,28,28,1,73,157,0.465,0.456,0.009
2022-23,202693,Markieff Morris,1610612742,DAL,F,33,35,35,1,75,154,0.487,0.466,0.021
2022-23,1630553,Keon Johnson,1610612757,POR,G,21,32,32,1,79,153,0.516,0.457,0.059
2022-23,1626158,Richaun Holmes,1610612758,SAC,F,29,38,38,1,75,151,0.497,0.504,-0.007
2022-23,203095,Evan Fournier,1610612752,NYK,G-F,30,24,24,1,75,150,0.5,0.458,0.042
2022-23,203109,Jae Crowder,1610612749,MIL,F,32,18,18,1,71,148,0.48,0.465,0.015
2022-23,1630240,Saben Lee,1610612756,PHX,G,24,22,22,1,69,148,0.466,0.466,0
2022-23,202397,Ish Smith,1610612743,DEN,G,34,33,33,1,73,145,0.503,0.447,0.057
2022-23,1630593,McKinley Wright IV,1610612742,DAL,G,24,23,23,1,67,145,0.462,0.462,0
2022-23,1631260,AJ Green,1610612749,MIL,G,23,27,27,1,66,141,0.468,0.459,0.009
2022-23,1630346,Matt Ryan,1610612750,MIN,F,26,29,29,1,69,141,0.489,0.449,0.04
2022-23,1630233,Nathan Knight,1610612750,MIN,F-C,25,32,32,1,56,137,0.409,0.463,-0.054
2022-23,201565,Derrick Rose,1610612752,NYK,G,34,27,27,1,58,137,0.423,0.457,-0.034
2022-23,1627780,Gary Payton II,1610612744,GSW,G,30,22,22,1,75,135,0.556,0.472,0.084
2022-23,1631098,Johnny Davis,1610612764,WAS,G,21,24,24,1,61,135,0.452,0.462,-0.011
2022-23,1630568,Luka Garza,1610612750,MIN,C,24,24,24,1,74,134,0.552,0.496,0.056
2022-23,1630235,Trent Forrest,1610612737,ATL,G,25,22,22,1,58,130,0.446,0.464,-0.018
2022-23,1629033,Theo Pinson,1610612742,DAL,G-F,27,28,28,1,71,129,0.55,0.464,0.086
2022-23,1630577,Julian Champagnie,1610612759,SAS,F,22,16,16,1,64,127,0.504,0.475,0.029
2022-23,1628432,Davon Reed,1610612743,DEN,G,28,35,35,1,63,127,0.496,0.441,0.055
2022-23,1629644,KZ Okpala,1610612758,SAC,F-G,24,30,30,1,60,126,0.476,0.481,-0.004
2022-23,1626163,Frank Kaminsky,1610612745,HOU,F-C,30,32,32,1,62,122,0.508,0.49,0.018
2022-23,1630625,Dalano Banton,1610612761,TOR,F,23,28,28,1,49,116,0.422,0.463,-0.041
2022-23,203469,Cody Zeller,1610612748,MIA,F-C,30,15,15,1,68,113,0.602,0.513,0.089
2022-23,1627788,Furkan Korkmaz,1610612755,PHI,G-F,25,26,26,1,50,109,0.459,0.442,0.017
2022-23,201586,Serge Ibaka,1610612749,MIL,F,33,16,16,1,58,109,0.532,0.483,0.049
2022-23,203457,Nerlens Noel,1610612751,BKN,C-F,29,14,14,1,54,106,0.509,0.507,0.003
2022-23,1631219,John Butler Jr.,1610612757,POR,F,20,18,18,1,47,105,0.448,0.467,-0.019
2022-23,1631288,Jamal Cain,1610612748,MIA,F,24,17,17,1,53,101,0.525,0.458,0.067
2022-23,1631217,Moussa Diabaté,1610612746,LAC,F,21,21,21,1,46,98,0.469,0.465,0.005
2022-23,203458,Alex Len,1610612758,SAC,C,30,21,21,1,41,98,0.418,0.505,-0.087
2022-23,1629603,Mamadi Diakite,1610612739,CLE,F,26,19,19,1,52,95,0.547,0.476,0.072
2022-23,1631107,Nikola Jović,1610612748,MIA,F,20,12,12,1,56,95,0.589,0.491,0.098
2022-23,1631113,Kennedy Chandler,1610612763,MEM,G,20,26,26,1,50,93,0.538,0.435,0.102
2022-23,1630527,Brandon Boston,1610612746,LAC,G,21,19,19,1,44,92,0.478,0.456,0.022
2022-23,203648,Thanasis Antetokounmpo,1610612749,MIL,F,30,22,22,1,46,92,0.5,0.463,0.037
2022-23,1630678,Terry Taylor,1610612741,CHI,F,23,21,21,1,37,89,0.416,0.47,-0.054
2022-23,203086,Meyers Leonard,1610612749,MIL,F-C,31,8,8,1,48,88,0.545,0.484,0.061
2022-23,203920,Khem Birch,1610612759,SAS,C,30,19,19,1,43,87,0.494,0.486,0.009
2022-23,1627854,Bryn Forbes,1610612750,MIN,G,29,24,24,1,44,87,0.506,0.449,0.057
2022-23,1630561,David Duke Jr.,1610612751,BKN,G,23,17,17,1,41,87,0.471,0.478,-0.006
2022-23,203943,Noah Vonleh,1610612738,BOS,F,27,19,19,1,39,86,0.453,0.481,-0.028
2022-23,1630288,Jeff Dowtin Jr.,1610612761,TOR,G,26,21,21,1,39,84,0.464,0.461,0.003
2022-23,1631116,Patrick Baldwin Jr.,1610612744,GSW,F,20,25,25,1,45,84,0.536,0.478,0.058
2022-23,1630548,Johnny Juzang,1610612762,UTA,G,22,18,18,1,46,83,0.554,0.452,0.102
2022-23,203521,Matthew Dellavedova,1610612758,SAC,G,32,22,22,1,36,83,0.434,0.45,-0.016
2022-23,1626246,Boban Marjanovic,1610612745,HOU,C,34,27,27,1,44,81,0.543,0.483,0.06
2022-23,1631207,Dalen Terry,1610612741,CHI,F,20,26,26,1,37,79,0.468,0.438,0.03
2022-23,1630184,Kira Lewis Jr.,1610612740,NOP,G,22,22,22,1,37,78,0.474,0.471,0.003
2022-23,1631212,Peyton Watson,1610612743,DEN,G,20,13,13,1,37,76,0.487,0.486,0.001
2022-23,1630696,Dru Smith,1610612751,BKN,G,25,13,13,1,34,73,0.466,0.483,-0.017
2022-23,1630219,Skylar Mays,1610612757,POR,G,25,6,6,1,38,69,0.551,0.481,0.07
2022-23,1629633,Jarrett Culver,1610612737,ATL,G-F,24,8,8,1,37,65,0.569,0.474,0.096
2022-23,1629677,Luka Samanic,1610612762,UTA,F,23,7,7,1,32,65,0.492,0.491,0.002
2022-23,1641645,Xavier Cooks,1610612764,WAS,F,27,9,9,1,31,62,0.5,0.499,0.001
2022-23,1631254,Kenneth Lofton Jr.,1610612763,MEM,F,20,18,18,1,33,62,0.532,0.48,0.052
2022-23,1627853,Ryan Arcidiacono,1610612752,NYK,G,29,14,14,1,26,61,0.426,0.469,-0.042
2022-23,1630249,Vít Krejčí,1610612737,ATL,G,23,20,20,1,26,60,0.433,0.424,0.009
2022-23,202066,Garrett Temple,1610612740,NOP,G-F,37,21,21,1,28,60,0.467,0.442,0.025
2022-23,201949,James Johnson,1610612754,IND,F,36,16,16,1,34,58,0.586,0.463,0.124
2022-23,203490,Otto Porter Jr.,1610612761,TOR,F,30,8,8,1,28,58,0.483,0.466,0.017
2022-23,1631245,Quenton Jackson,1610612764,WAS,G,24,8,8,1,31,58,0.534,0.46,0.075
2022-23,1631111,Wendell Moore Jr.,1610612750,MIN,G,21,22,22,1,34,57,0.596,0.472,0.125
2022-23,1631197,Jared Rhoden,1610612765,DET,G,23,11,11,1,22,56,0.393,0.451,-0.058
2022-23,202689,Kemba Walker,1610612742,DAL,G,33,9,9,1,30,53,0.566,0.454,0.112
2022-23,201980,Danny Green,1610612739,CLE,G,36,10,10,1,25,52,0.481,0.459,0.022
2022-23,2738,Andre Iguodala,1610612744,GSW,G-F,39,8,8,1,24,51,0.471,0.456,0.015
2022-23,1628998,Cody Martin,1610612766,CHA,F,27,6,6,1,28,51,0.549,0.467,0.082
2022-23,1628464,Daniel Theis,1610612754,IND,F-C,31,7,7,1,28,50,0.56,0.507,0.053
2022-23,1630643,Jay Huff,1610612764,WAS,C,25,6,6,1,25,48,0.521,0.501,0.02
2022-23,1631466,Nate Williams,1610612757,POR,G,24,5,5,1,26,45,0.578,0.489,0.089
2022-23,1631303,Justin Minaya,1610612757,POR,F,24,4,4,1,22,44,0.5,0.463,0.037
2022-23,1631169,Josh Minott,1610612750,MIN,F,20,12,12,1,16,44,0.364,0.44,-0.076
2022-23,1630846,Olivier Sarr,1610612760,OKC,C,24,6,6,1,18,41,0.439,0.472,-0.033
2022-23,1630563,Joshua Primo,1610612759,SAS,G,20,4,4,1,22,41,0.537,0.452,0.084
2022-23,1628382,Justin Jackson,1610612738,BOS,F,28,13,13,1,16,40,0.4,0.438,-0.038
2022-23,1631205,Buddy Boeheim,1610612765,DET,F,23,9,9,1,17,40,0.425,0.471,-0.046
2022-23,1630639,A.J. Lawson,1610612742,DAL,G,22,8,8,1,22,39,0.564,0.466,0.098
2022-23,1627885,Shaquille Harrison,1610612747,LAL,G,29,5,5,1,19,38,0.5,0.484,0.016
2022-23,1631246,Vince Williams Jr.,1610612763,MEM,G,22,11,11,1,15,37,0.405,0.447,-0.042
2022-23,1628371,Jonathan Isaac,1610612753,ORL,F,25,11,11,1,19,37,0.514,0.489,0.025
2022-23,1630209,Omer Yurtseven,1610612748,MIA,C,25,7,7,1,20,36,0.556,0.501,0.055
2022-23,1630600,Isaiah Mobley,1610612739,CLE,F,23,9,9,1,16,35,0.457,0.473,-0.016
2022-23,1630554,Jason Preston,1610612746,LAC,G,23,11,11,1,18,33,0.545,0.462,0.083
2022-23,2617,Udonis Haslem,1610612748,MIA,F,43,7,7,1,16,33,0.485,0.472,0.013
2022-23,1630695,Micah Potter,1610612762,UTA,C,25,6,6,1,14,32,0.438,0.455,-0.018
2022-23,1630531,Jaden Springer,1610612755,PHI,G,20,11,11,1,18,30,0.6,0.461,0.139
2022-23,1631160,Jordan Hall,1610612759,SAS,G,21,8,8,1,17,30,0.567,0.446,0.121
2022-23,1629623,Lindell Wigginton,1610612749,MIL,G,25,4,4,1,14,28,0.5,0.416,0.084
2022-23,1628408,PJ Dozier,1610612758,SAC,G-F,26,9,9,1,11,28,0.393,0.478,-0.086
2022-23,1630195,Leandro Bolmaro,1610612762,UTA,F,22,10,10,1,14,27,0.519,0.447,0.072
2022-23,1631298,Jack White,1610612743,DEN,F,25,11,11,1,10,24,0.417,0.505,-0.088
2022-23,1631120,JD Davison,1610612738,BOS,G,20,7,7,1,9,23,0.391,0.436,-0.045
2022-23,1631123,Jamaree Bouyea,1610612748,MIA,G,24,5,5,1,13,23,0.565,0.46,0.105
2022-23,1630535,Greg Brown III,1610612757,POR,F,21,10,10,1,6,22,0.273,0.466,-0.193
2022-23,1631306,Cole Swider,1610612747,LAL,F,24,5,5,1,12,21,0.571,0.468,0.103
2022-23,1631157,Ryan Rollins,1610612744,GSW,G,20,7,7,1,9,21,0.429,0.431,-0.002
2022-23,1628221,Gabe York,1610612754,IND,G,29,3,3,1,11,20,0.55,0.446,0.104
2022-23,1631213,Tyrese Martin,1610612737,ATL,G,24,10,10,1,11,20,0.55,0.458,0.092
2022-23,1628396,Tony Bradley,1610612741,CHI,C-F,25,11,11,1,12,20,0.6,0.493,0.107
2022-23,1631112,Kendall Brown,1610612754,IND,G,20,4,4,1,9,20,0.45,0.453,-0.003
2022-23,1630215,Jared Butler,1610612760,OKC,G,22,3,3,1,9,20,0.45,0.425,0.025
2022-23,1630270,Xavier Sneed,1610612766,CHA,F,25,4,4,1,7,20,0.35,0.455,-0.105
2022-23,1630580,Joe Wieskamp,1610612761,TOR,G-F,23,8,8,1,5,19,0.263,0.422,-0.159
2022-23,1629674,Neemias Queta,1610612758,SAC,C,23,5,5,1,10,19,0.526,0.492,0.034
2022-23,1631165,Keon Ellis,1610612758,SAC,G,23,8,8,1,10,19,0.526,0.489,0.037
2022-23,1630243,Trevelin Queen,1610612755,PHI,G,26,6,6,1,7,18,0.389,0.472,-0.083
2022-23,1630225,Isaiah Todd,1610612764,WAS,F,21,3,3,1,7,18,0.389,0.471,-0.083
2022-23,1630564,RaiQuan Gray,1610612751,BKN,F,23,1,1,1,8,17,0.471,0.518,-0.047
2022-23,1629714,Jarrell Brantley,1610612762,UTA,F,27,4,4,1,2,16,0.125,0.469,-0.344
2022-23,1630637,Carlik Jones,1610612741,CHI,G,25,3,3,1,9,16,0.563,0.443,0.12
2022-23,1629653,Devon Dotson,1610612764,WAS,G,23,4,4,1,6,15,0.4,0.465,-0.065
2022-23,1630267,Facundo Campazzo,1610612742,DAL,G,32,5,5,1,4,14,0.286,0.411,-0.126
2022-23,1630241,Sam Merrill,1610612739,CLE,G,27,4,4,1,4,13,0.308,0.465,-0.157
2022-23,1629663,Louis King,1610612755,PHI,F,24,1,1,1,4,13,0.308,0.462,-0.154
2022-23,1628424,Kobi Simmons,1610612766,CHA,G,25,5,5,1,5,12,0.417,0.438,-0.021
2022-23,1630590,Scotty Pippen Jr.,1610612747,LAL,G,22,5,5,1,4,12,0.333,0.402,-0.069
2022-23,1629662,Mfiondu Kabengele,1610612738,BOS,C,25,4,4,1,6,11,0.545,0.528,0.017
2022-23,1631199,Ron Harper Jr.,1610612761,TOR,F,23,6,6,1,6,11,0.545,0.432,0.113
2022-23,1631367,Jacob Gilyard,1610612763,MEM,G,24,1,1,1,8,11,0.727,0.462,0.266
2022-23,1628993,Alize Johnson,1610612759,SAS,F,27,4,4,1,1,11,0.091,0.461,-0.37
2022-23,203487,Michael Carter-Williams,1610612753,ORL,G,31,3,3,1,9,11,0.818,0.451,0.367
2022-23,1629875,Xavier Moon,1610612746,LAC,G,28,4,4,1,6,10,0.6,0.416,0.184
2022-23,1630644,Mac McClung,1610612755,PHI,G,24,2,2,1,4,9,0.444,0.447,-0.003
2022-23,1630176,Vernon Carey Jr.,1610612762,UTA,C,22,6,6,1,1,8,0.125,0.441,-0.316
2022-23,1628425,Sterling Brown,1610612747,LAL,G-F,28,4,4,1,4,8,0.5,0.47,0.03
2022-23,1630551,Justin Champagnie,1610612738,BOS,G-F,22,3,3,1,4,7,0.571,0.427,0.144
2022-23,1631220,Dereon Seabron,1610612740,NOP,G,23,5,5,1,3,7,0.429,0.484,-0.055
2022-23,1631311,Lester Quinones,1610612744,GSW,G,22,3,3,1,2,7,0.286,0.437,-0.151
2022-23,1631309,Trevor Hudgins,1610612745,HOU,G,24,3,3,1,4,7,0.571,0.462,0.11
2022-23,1630206,Jay Scrubb,1610612753,ORL,G,22,1,1,1,3,7,0.429,0.423,0.006
2022-23,1630620,Darius Days,1610612745,HOU,F,23,3,3,1,2,6,0.333,0.456,-0.123
2022-23,1630250,Marko Simonovic,1610612741,CHI,C,23,3,3,1,3,5,0.6,0.517,0.083
2022-23,1628435,Chance Comanche,1610612757,POR,C,27,1,1,1,3,5,0.6,0.424,0.176
2022-23,1629685,Dylan Windler,1610612739,CLE,G-F,26,2,2,1,3,5,0.6,0.411,0.189
2022-23,1629735,Chris Silva,1610612737,ATL,F,26,1,1,1,0,4,0,0.452,-0.452
2022-23,1631320,Chima Moneke,1610612758,SAC,F,27,1,1,1,2,4,0.5,0.496,0.005
2022-23,1630792,Malcolm Hill,1610612741,CHI,F,27,2,2,1,1,3,0.333,0.42,-0.087
2022-23,1630296,Braxton Key,1610612765,DET,F,26,2,2,1,1,3,0.333,0.453,-0.119
2022-23,1628416,Tyler Dorsey,1610612742,DAL,G,27,2,2,1,2,3,0.667,0.44,0.227
2022-23,1631495,Donovan Williams,1610612737,ATL,G,21,1,1,1,0,1,0,0.674,-0.674
2022-23,1629126,Deonte Burton,1610612758,SAC,G-F,29,1,1,1,1,1,1,0.527,0.473
2022-23,1630649,Stanley Umude,1610612765,DET,G,24,1,1,1,0,1,0,0.421,-0.421
2023-24,201572,Brook Lopez,1610612749,MIL,C,36,79,79,1,835,1751,0.477,0.498,-0.021
2023-24,203999,Nikola Jokić,1610612743,DEN,C,29,78,78,1,796,1559,0.511,0.505,0.005
2023-24,203497,Rudy Gobert,1610612750,MIN,C,32,76,76,1,626,1440,0.435,0.495,-0.06
2023-24,203076,Anthony Davis,1610612747,LAL,F-C,31,76,76,1,679,1438,0.472,0.495,-0.023
2023-24,1627734,Domantas Sabonis,1610612758,SAC,F-C,28,82,82,1,683,1407,0.485,0.505,-0.019
2023-24,1631096,Chet Holmgren,1610612760,OKC,C-F,22,82,82,1,605,1329,0.455,0.499,-0.044
2023-24,1628386,Jarrett Allen,1610612739,CLE,C,26,76,76,1,624,1278,0.488,0.5,-0.012
2023-24,1630166,Deni Avdija,1610612764,WAS,F,23,75,75,1,596,1255,0.475,0.479,-0.004
2023-24,202696,Nikola Vučević,1610612741,CHI,C,33,75,75,1,607,1228,0.494,0.5,-0.006
2023-24,1629651,Nic Claxton,1610612751,BKN,C,25,70,70,1,558,1196,0.467,0.487,-0.02
2023-24,1629632,Coby White,1610612741,CHI,G,24,78,78,1,605,1196,0.506,0.468,0.038
2023-24,1630559,Austin Reaves,1610612747,LAL,G,26,82,82,1,589,1192,0.494,0.468,0.027
2023-24,203994,Jusuf Nurkić,1610612756,PHX,C,29,76,76,1,563,1191,0.473,0.498,-0.026
2023-24,1630578,Alperen Sengun,1610612745,HOU,C,21,63,63,1,585,1189,0.492,0.499,-0.007
2023-24,1641705,Victor Wembanyama,1610612759,SAS,F-C,20,71,71,1,548,1187,0.462,0.504,-0.042
2023-24,1626167,Myles Turner,1610612754,IND,C-F,28,77,77,1,568,1155,0.492,0.499,-0.007
2023-24,1628960,Grayson Allen,1610612756,PHX,G,28,75,75,1,527,1152,0.457,0.47,-0.013
2023-24,1627826,Ivica Zubac,1610612746,LAC,C,27,68,68,1,523,1141,0.458,0.497,-0.039
2023-24,1631094,Paolo Banchero,1610612753,ORL,F,21,80,80,1,546,1131,0.483,0.482,0
2023-24,1629655,Daniel Gafford,1610612742,DAL,F-C,25,73,73,1,550,1126,0.488,0.503,-0.015
2023-24,1627783,Pascal Siakam,1610612754,IND,F,30,80,80,1,554,1107,0.5,0.476,0.024
2023-24,1631110,Jeremy Sochan,1610612759,SAS,F,21,74,74,1,532,1106,0.481,0.482,-0.001
2023-24,1628404,Josh Hart,1610612752,NYK,G,29,81,81,1,498,1092,0.456,0.473,-0.017
2023-24,1629029,Luka Dončić,1610612742,DAL,F-G,25,70,70,1,524,1087,0.482,0.474,0.008
2023-24,203992,Bogdan Bogdanović,1610612737,ATL,G,31,79,79,1,518,1082,0.479,0.461,0.018
2023-24,204001,Kristaps Porziņģis,1610612738,BOS,F-C,28,57,57,1,467,1078,0.433,0.489,-0.055
2023-24,1631095,Jabari Smith Jr.,1610612745,HOU,F,21,76,76,1,492,1077,0.457,0.478,-0.022
2023-24,1641706,Brandon Miller,1610612766,CHA,F,21,74,74,1,536,1076,0.498,0.475,0.023
2023-24,202331,Paul George,1610612746,LAC,F,34,74,74,1,468,1050,0.446,0.472,-0.026
2023-24,1628983,Shai Gilgeous-Alexander,1610612760,OKC,G,25,75,75,1,470,1043,0.451,0.465,-0.014
2023-24,1629028,Deandre Ayton,1610612757,POR,C,25,55,55,1,479,1019,0.47,0.491,-0.021
2023-24,1630567,Scottie Barnes,1610612761,TOR,F-G,22,60,60,1,501,1013,0.495,0.482,0.012
2023-24,1628415,Dillon Brooks,1610612745,HOU,G-F,28,72,72,1,494,1012,0.488,0.474,0.014
2023-24,1628401,Derrick White,1610612738,BOS,G,29,73,73,1,458,1010,0.453,0.47,-0.016
2023-24,1626156,D'Angelo Russell,1610612747,LAL,G,28,76,76,1,491,1007,0.488,0.465,0.023
2023-24,201950,Jrue Holiday,1610612738,BOS,G,34,69,69,1,453,1005,0.451,0.472,-0.021
2023-24,1628389,Bam Adebayo,1610612748,MIA,C-F,26,71,71,1,437,992,0.441,0.491,-0.05
2023-24,1627749,Dejounte Murray,1610612737,ATL,G,27,78,78,1,501,989,0.507,0.471,0.036
2023-24,1629622,Max Strus,1610612739,CLE,G-F,28,69,69,1,424,982,0.432,0.468,-0.036
2023-24,1628368,De'Aaron Fox,1610612758,SAC,G,26,74,74,1,486,981,0.495,0.468,0.028
2023-24,1631099,Keegan Murray,1610612758,SAC,F,23,77,77,1,476,975,0.488,0.475,0.013
2023-24,1628392,Isaiah Hartenstein,1610612752,NYK,C-F,26,75,75,1,454,975,0.466,0.498,-0.032
2023-24,202685,Jonas Valanciunas,1610612740,NOP,C,32,82,82,1,502,971,0.517,0.51,0.007
2023-24,201935,James Harden,1610612746,LAC,G,34,72,72,1,467,969,0.482,0.472,0.01
2023-24,1628970,Miles Bridges,1610612766,CHA,F,26,69,69,1,465,969,0.48,0.486,-0.006
2023-24,1628380,Zach Collins,1610612759,SAS,F-C,26,69,69,1,487,968,0.503,0.497,0.006
2023-24,203991,Clint Capela,1610612737,ATL,C,30,73,73,1,476,964,0.494,0.499,-0.006
2023-24,1627832,Fred VanVleet,1610612745,HOU,G,30,73,73,1,454,964,0.471,0.466,0.004
2023-24,1627741,Buddy Hield,1610612755,PHI,G,31,84,84,1,490,963,0.509,0.466,0.042
2023-24,203084,Harrison Barnes,1610612758,SAC,F,32,82,82,1,466,954,0.488,0.483,0.005
2023-24,201942,DeMar DeRozan,1610612741,CHI,G-F,34,78,78,1,450,950,0.474,0.473,0.001
2023-24,1629023,P.J. Washington,1610612742,DAL,F,25,72,72,1,476,950,0.501,0.484,0.017
2023-24,203471,Dennis Schröder,1610612751,BKN,G,30,80,80,1,456,949,0.481,0.464,0.017
2023-24,201142,Kevin Durant,1610612756,PHX,F,35,75,75,1,417,943,0.442,0.479,-0.037
2023-24,1628969,Mikal Bridges,1610612751,BKN,G-F,27,81,81,1,434,931,0.466,0.47,-0.003
2023-24,1627936,Alex Caruso,1610612741,CHI,G,30,70,70,1,420,929,0.452,0.472,-0.02
2023-24,1628991,Jaren Jackson Jr.,1610612763,MEM,F-C,24,66,66,1,426,912,0.467,0.493,-0.026
2023-24,203507,Giannis Antetokounmpo,1610612749,MIL,F,29,73,73,1,421,911,0.462,0.484,-0.021
2023-24,1629652,Luguentz Dort,1610612760,OKC,G,25,79,79,1,405,908,0.446,0.47,-0.024
2023-24,1631105,Jalen Duren,1610612765,DET,C,20,61,61,1,446,907,0.492,0.499,-0.008
2023-24,1630174,Aaron Nesmith,1610612754,IND,G-F,24,72,72,1,410,903,0.454,0.476,-0.022
2023-24,1629684,Grant Williams,1610612766,CHA,F,25,76,76,1,435,901,0.483,0.481,0.001
2023-24,203482,Kelly Olynyk,1610612761,TOR,F-C,33,78,78,1,471,900,0.523,0.489,0.034
2023-24,1630529,Herbert Jones,1610612740,NOP,F,25,76,76,1,396,899,0.44,0.472,-0.031
2023-24,1631117,Walker Kessler,1610612762,UTA,C,22,64,64,1,415,897,0.463,0.493,-0.03
2023-24,203081,Damian Lillard,1610612749,MIL,G,33,73,73,1,404,892,0.453,0.462,-0.009
2023-24,1630596,Evan Mobley,1610612739,CLE,C,23,50,50,1,405,890,0.455,0.494,-0.039
2023-24,1628973,Jalen Brunson,1610612752,NYK,G,27,77,77,1,442,888,0.498,0.466,0.032
2023-24,1631170,Jaime Jaquez Jr.,1610612748,MIA,G,23,75,75,1,422,886,0.476,0.464,0.012
2023-24,1630183,Jaden McDaniels,1610612750,MIN,F,23,72,72,1,397,879,0.452,0.468,-0.017
2023-24,1630208,Nick Richards,1610612766,CHA,C,26,67,67,1,471,879,0.536,0.506,0.03
2023-24,1626164,Devin Booker,1610612756,PHX,G,27,68,68,1,414,875,0.473,0.466,0.007
2023-24,1630173,Precious Achiuwa,1610612752,NYK,F,24,74,74,1,415,874,0.475,0.486,-0.011
2023-24,201143,Al Horford,1610612738,BOS,C-F,38,65,65,1,406,873,0.465,0.48,-0.015
2023-24,202699,Tobias Harris,1610612755,PHI,F,31,70,70,1,404,873,0.463,0.48,-0.017
2023-24,1627736,Malik Beasley,1610612749,MIL,G,27,79,79,1,416,865,0.481,0.469,0.012
2023-24,1628398,Kyle Kuzma,1610612764,WAS,F,28,70,70,1,426,865,0.492,0.483,0.009
2023-24,203932,Aaron Gordon,1610612743,DEN,F,28,72,72,1,374,865,0.432,0.486,-0.054
2023-24,1630162,Anthony Edwards,1610612750,MIN,G,22,79,79,1,384,864,0.444,0.469,-0.024
2023-24,1630552,Jalen Johnson,1610612737,ATL,F,22,56,56,1,410,861,0.476,0.479,-0.003
2023-24,1630595,Cade Cunningham,1610612765,DET,G,22,62,62,1,424,855,0.496,0.469,0.027
2023-24,1641726,Dereck Lively II,1610612742,DAL,C,20,55,55,1,410,851,0.482,0.495,-0.013
2023-24,1628978,Donte DiVincenzo,1610612752,NYK,G,27,81,81,1,421,851,0.495,0.465,0.029
2023-24,1630532,Franz Wagner,1610612753,ORL,F,22,72,72,1,403,847,0.476,0.472,0.004
2023-24,203468,CJ McCollum,1610612740,NOP,G,32,66,66,1,397,842,0.471,0.465,0.006
2023-24,1630194,Paul Reed,1610612755,PHI,F,25,82,82,1,427,841,0.508,0.487,0.021
2023-24,1626157,Karl-Anthony Towns,1610612750,MIN,C-F,28,62,62,1,394,839,0.47,0.479,-0.009
2023-24,1631093,Jaden Ivey,1610612765,DET,G,22,77,77,1,404,837,0.483,0.466,0.017
2023-24,1628374,Lauri Markkanen,1610612762,UTA,F-C,27,55,55,1,414,836,0.495,0.485,0.01
2023-24,1629673,Jordan Poole,1610612764,WAS,G,25,78,78,1,420,836,0.502,0.463,0.039
2023-24,203954,Joel Embiid,1610612755,PHI,C-F,30,39,39,1,367,833,0.441,0.5,-0.059
2023-24,1628381,John Collins,1610612762,UTA,F-C,26,68,68,1,438,832,0.526,0.488,0.038
2023-24,202695,Kawhi Leonard,1610612746,LAC,F,33,68,68,1,394,828,0.476,0.473,0.002
2023-24,1630224,Jalen Green,1610612745,HOU,G,22,82,82,1,398,828,0.481,0.468,0.013
2023-24,1628971,Bruce Brown,1610612761,TOR,G-F,27,67,67,1,424,827,0.513,0.475,0.038
2023-24,1627750,Jamal Murray,1610612743,DEN,G,27,58,58,1,369,823,0.448,0.47,-0.022
2023-24,1627777,Georges Niang,1610612739,CLE,F,31,81,81,1,395,821,0.481,0.476,0.005
2023-24,201939,Stephen Curry,1610612744,GSW,G,36,74,74,1,391,821,0.476,0.466,0.01
2023-24,1626171,Bobby Portis Jr.,1610612749,MIL,F,29,82,82,1,417,820,0.509,0.484,0.025
2023-24,1630581,Josh Giddey,1610612760,OKC,G,21,80,80,1,386,820,0.471,0.463,0.007
2023-24,1630560,Cam Thomas,1610612751,BKN,G,22,65,65,1,401,814,0.493,0.468,0.024
2023-24,1630557,Corey Kispert,1610612764,WAS,F,25,80,80,1,401,813,0.493,0.463,0.031
2023-24,1627752,Taurean Prince,1610612747,LAL,F,30,77,77,1,407,811,0.502,0.477,0.025
2023-24,1627827,Dorian Finney-Smith,1610612751,BKN,F,31,67,67,1,371,805,0.461,0.48,-0.019
2023-24,1630178,Tyrese Maxey,1610612755,PHI,G,23,70,70,1,369,805,0.458,0.464,-0.006
2023-24,1628997,Caleb Martin,1610612748,MIA,F,28,64,64,1,349,801,0.436,0.464,-0.028
2023-24,202691,Klay Thompson,1610612744,GSW,G,34,76,76,1,362,793,0.456,0.477,-0.02
2023-24,203110,Draymond Green,1610612744,GSW,F,34,55,55,1,339,789,0.43,0.495,-0.065
2023-24,1629675,Naz Reid,1610612750,MIN,C-F,24,81,81,1,374,787,0.475,0.481,-0.006
2023-24,1641764,Brandin Podziemski,1610612744,GSW,G,21,72,72,1,381,785,0.485,0.466,0.019
2023-24,1628369,Jayson Tatum,1610612738,BOS,F-G,26,74,74,1,366,784,0.467,0.475,-0.008
2023-24,1630245,Ayo Dosunmu,1610612741,CHI,G,24,75,75,1,372,782,0.476,0.47,0.006
2023-24,1629008,Michael Porter Jr.,1610612743,DEN,F,26,80,80,1,394,782,0.504,0.474,0.029
2023-24,1626220,Royce O'Neale,1610612756,PHX,F,31,78,78,1,374,782,0.478,0.469,0.009
2023-24,203501,Tim Hardaway Jr.,1610612742,DAL,G-F,32,79,79,1,383,781,0.49,0.467,0.024
2023-24,203952,Andrew Wiggins,1610612744,GSW,F,29,71,71,1,367,780,0.471,0.474,-0.003
2023-24,1641718,Keyonte George,1610612762,UTA,G,20,75,75,1,385,778,0.495,0.464,0.031
2023-24,1630200,Tre Jones,1610612759,SAS,G,24,77,77,1,381,777,0.49,0.46,0.031
2023-24,1626179,Terry Rozier,1610612748,MIA,G,30,61,61,1,388,776,0.5,0.467,0.033
2023-24,1630193,Immanuel Quickley,1610612761,TOR,G,25,68,68,1,373,776,0.481,0.465,0.016
2023-24,1630228,Jonathan Kuminga,1610612744,GSW,F,21,74,74,1,355,773,0.459,0.477,-0.017
2023-24,1627751,Jakob Poeltl,1610612761,TOR,C,28,50,50,1,381,768,0.496,0.499,-0.003
2023-24,1629628,RJ Barrett,1610612761,TOR,F-G,24,58,58,1,376,768,0.49,0.473,0.017
2023-24,1630591,Jalen Suggs,1610612753,ORL,G,23,75,75,1,354,763,0.464,0.465,-0.002
2023-24,1630703,Scoot Henderson,1610612757,POR,G,20,62,62,1,407,762,0.534,0.471,0.063
2023-24,203915,Spencer Dinwiddie,1610612747,LAL,G,31,75,75,1,359,761,0.472,0.466,0.005
2023-24,1627759,Jaylen Brown,1610612738,BOS,G-F,27,70,70,1,338,755,0.448,0.471,-0.024
2023-24,1626172,Kevon Looney,1610612744,GSW,F,28,74,74,1,350,755,0.464,0.499,-0.035
2023-24,1629627,Zion Williamson,1610612740,NOP,F,23,70,70,1,357,755,0.473,0.477,-0.004
2023-24,201144,Mike Conley,1610612750,MIN,G,36,76,76,1,337,752,0.448,0.461,-0.013
2023-24,1630583,Santi Aldama,1610612763,MEM,F-C,23,61,61,1,356,752,0.473,0.48,-0.006
2023-24,1629638,Nickeil Alexander-Walker,1610612750,MIN,G,25,82,82,1,324,746,0.434,0.462,-0.028
2023-24,1626162,Kelly Oubre Jr.,1610612755,PHI,F-G,28,68,68,1,344,739,0.465,0.466,0
2023-24,1630175,Cole Anthony,1610612753,ORL,G,24,81,81,1,349,737,0.474,0.459,0.014
2023-24,1641717,Cason Wallace,1610612760,OKC,G,20,82,82,1,329,736,0.447,0.459,-0.012
2023-24,1626192,Pat Connaughton,1610612749,MIL,G,31,76,76,1,345,735,0.469,0.459,0.01
2023-24,1629640,Keldon Johnson,1610612759,SAS,F-G,24,69,69,1,362,735,0.493,0.476,0.017
2023-24,202704,Reggie Jackson,1610612743,DEN,G,34,81,81,1,358,732,0.489,0.464,0.025
2023-24,203078,Bradley Beal,1610612756,PHX,G,31,53,53,1,344,731,0.471,0.467,0.003
2023-24,1630169,Tyrese Haliburton,1610612754,IND,G,24,69,69,1,386,730,0.529,0.465,0.064
2023-24,1630534,Ochai Agbaji,1610612761,TOR,G,24,78,78,1,316,725,0.436,0.465,-0.029
2023-24,1630168,Onyeka Okongwu,1610612737,ATL,F-C,23,55,55,1,363,712,0.51,0.489,0.021
2023-24,2544,LeBron James,1610612747,LAL,F,39,70,70,1,328,710,0.462,0.48,-0.018
2023-24,1627747,Caris LeVert,1610612739,CLE,G,29,68,68,1,316,710,0.445,0.468,-0.023
2023-24,1629027,Trae Young,1610612737,ATL,G,25,54,54,1,359,708,0.507,0.461,0.046
2023-24,1629060,Rui Hachimura,1610612747,LAL,F,26,68,68,1,341,707,0.482,0.488,-0.006
2023-24,1631114,Jalen Williams,1610612760,OKC,G-F,23,71,71,1,317,707,0.448,0.473,-0.025
2023-24,1631212,Peyton Watson,1610612743,DEN,G,21,79,79,1,299,706,0.424,0.47,-0.046
2023-24,1629012,Collin Sexton,1610612762,UTA,G,25,78,78,1,348,702,0.496,0.468,0.028
2023-24,1629614,Andrew Nembhard,1610612754,IND,G-F,24,67,67,1,325,700,0.464,0.467,-0.003
2023-24,1641739,Toumani Camara,1610612757,POR,F,24,70,70,1,348,699,0.498,0.475,0.023
2023-24,203937,Kyle Anderson,1610612750,MIN,F-G,30,79,79,1,317,698,0.454,0.473,-0.019
2023-24,203484,Kentavious Caldwell-Pope,1610612743,DEN,G,31,74,74,1,309,696,0.444,0.465,-0.022
2023-24,1627742,Brandon Ingram,1610612740,NOP,F,26,64,64,1,332,690,0.481,0.474,0.008
2023-24,200768,Kyle Lowry,1610612755,PHI,G,38,60,60,1,337,685,0.492,0.464,0.028
2023-24,1630700,Dyson Daniels,1610612740,NOP,G,21,61,61,1,322,683,0.471,0.468,0.003
2023-24,1629631,De'Andre Hunter,1610612737,ATL,F-G,26,57,57,1,331,682,0.485,0.473,0.012
2023-24,1630573,Sam Hauser,1610612738,BOS,F,26,79,79,1,323,676,0.478,0.464,0.014
2023-24,1641871,Duop Reath,1610612757,POR,C,28,68,68,1,325,670,0.485,0.487,-0.002
2023-24,1628976,Wendell Carter Jr.,1610612753,ORL,C-F,25,55,55,1,330,666,0.495,0.497,-0.002
2023-24,1627884,Derrick Jones Jr.,1610612742,DAL,F,27,76,76,1,306,665,0.46,0.471,-0.011
2023-24,1641709,Ausar Thompson,1610612765,DET,G-F,21,63,63,1,321,665,0.483,0.471,0.012
2023-24,1629021,Moritz Wagner,1610612753,ORL,F-C,27,80,80,1,325,664,0.489,0.485,0.005
2023-24,1626145,Tyus Jones,1610612764,WAS,G,28,66,66,1,351,664,0.529,0.459,0.07
2023-24,203083,Andre Drummond,1610612741,CHI,C,30,78,78,1,328,663,0.495,0.502,-0.007
2023-24,1628989,Kevin Huerter,1610612758,SAC,G-F,25,63,63,1,329,659,0.499,0.468,0.031
2023-24,1629234,Drew Eubanks,1610612756,PHX,F-C,27,74,74,1,308,658,0.468,0.486,-0.018
2023-24,1628384,OG Anunoby,1610612752,NYK,F-G,26,50,50,1,284,650,0.437,0.475,-0.038
2023-24,202681,Kyrie Irving,1610612742,DAL,G,32,58,58,1,317,646,0.491,0.465,0.025
2023-24,1641731,Bilal Coulibaly,1610612764,WAS,G,19,62,62,1,326,645,0.505,0.469,0.036
2023-24,203944,Julius Randle,1610612752,NYK,F-C,29,46,46,1,310,644,0.481,0.489,-0.008
2023-24,202710,Jimmy Butler III,1610612748,MIA,F,34,60,60,1,302,639,0.473,0.472,0
2023-24,1630577,Julian Champagnie,1610612759,SAS,F,23,74,74,1,291,639,0.455,0.473,-0.018
2023-24,1628436,Luke Kornet,1610612738,BOS,C-F,28,63,63,1,284,638,0.445,0.479,-0.034
2023-24,203967,Dario Saric,1610612744,GSW,F-C,30,63,63,1,319,634,0.503,0.488,0.016
2023-24,1629312,Haywood Highsmith,1610612748,MIA,F,27,64,64,1,285,634,0.45,0.466,-0.017
2023-24,1629611,Terance Mann,1610612746,LAC,G-F,27,75,75,1,317,632,0.502,0.469,0.033
2023-24,1630180,Saddiq Bey,1610612737,ATL,G-F,25,63,63,1,316,629,0.502,0.473,0.03
2023-24,1626181,Norman Powell,1610612746,LAC,G,31,76,76,1,287,629,0.456,0.465,-0.009
2023-24,1628963,Marvin Bagley III,1610612764,WAS,F,25,50,50,1,306,626,0.489,0.496,-0.007
2023-24,1628370,Malik Monk,1610612758,SAC,G,26,71,71,1,289,623,0.464,0.461,0.003
2023-24,1631218,Trayce Jackson-Davis,1610612744,GSW,F,24,67,67,1,296,620,0.477,0.486,-0.009
2023-24,1630191,Isaiah Stewart,1610612765,DET,F-C,23,46,46,1,266,619,0.43,0.484,-0.055
2023-24,1629014,Anfernee Simons,1610612757,POR,G,25,46,46,1,335,618,0.542,0.475,0.067
2023-24,1631133,Jabari Walker,1610612757,POR,F,21,72,72,1,293,614,0.477,0.481,-0.004
2023-24,1630171,Isaac Okoro,1610612739,CLE,F-G,23,68,68,1,276,610,0.452,0.466,-0.013
2023-24,1629636,Darius Garland,1610612739,CLE,G,24,57,57,1,306,605,0.506,0.46,0.046
2023-24,1630170,Devin Vassell,1610612759,SAS,G-F,23,68,68,1,313,602,0.52,0.471,0.049
2023-24,1631128,Christian Braun,1610612743,DEN,G,23,81,81,1,270,601,0.449,0.462,-0.012
2023-24,1631246,Vince Williams Jr.,1610612763,MEM,G,23,50,50,1,293,601,0.488,0.474,0.014
2023-24,1629639,Tyler Herro,1610612748,MIA,G,24,42,42,1,264,599,0.441,0.46,-0.019
2023-24,1630530,Trey Murphy III,1610612740,NOP,F,24,57,57,1,245,591,0.415,0.469,-0.055
2023-24,201976,Patrick Beverley,1610612749,MIL,G,35,72,72,1,260,587,0.443,0.469,-0.026
2023-24,203924,Jerami Grant,1610612757,POR,F,30,54,54,1,299,584,0.512,0.483,0.029
2023-24,1631323,Simone Fontecchio,1610612765,DET,F,28,66,66,1,268,581,0.461,0.476,-0.014
2023-24,1630598,Aaron Wiggins,1610612760,OKC,G,25,78,78,1,256,578,0.443,0.465,-0.023
2023-24,1629130,Duncan Robinson,1610612748,MIA,F,30,68,68,1,269,575,0.468,0.461,0.007
2023-24,203114,Khris Middleton,1610612749,MIL,F,32,55,55,1,259,573,0.452,0.466,-0.014
2023-24,1630167,Obi Toppin,1610612754,IND,F,26,82,82,1,278,572,0.486,0.478,0.008
2023-24,1628464,Daniel Theis,1610612746,LAC,F-C,32,60,60,1,271,570,0.475,0.483,-0.007
2023-24,201145,Jeff Green,1610612745,HOU,F,37,77,77,1,241,561,0.43,0.472,-0.043
2023-24,1630164,James Wiseman,1610612765,DET,C,23,63,63,1,270,559,0.483,0.493,-0.01
2023-24,1630540,Miles McBride,1610612752,NYK,G,23,64,64,1,253,555,0.456,0.459,-0.004
2023-24,1630182,Josh Green,1610612742,DAL,G,23,57,57,1,274,552,0.496,0.461,0.035
2023-24,1629661,Cameron Johnson,1610612751,BKN,F,28,57,57,1,261,549,0.475,0.468,0.007
2023-24,201587,Nicolas Batum,1610612755,PHI,G-F,35,59,59,1,245,549,0.446,0.467,-0.021
2023-24,1630202,Payton Pritchard,1610612738,BOS,G,26,82,82,1,267,546,0.489,0.455,0.034
2023-24,1630198,Isaiah Joe,1610612760,OKC,G,24,77,77,1,264,544,0.485,0.465,0.021
2023-24,101108,Chris Paul,1610612744,GSW,G,39,58,58,1,263,543,0.484,0.46,0.024
2023-24,1629680,Matisse Thybulle,1610612757,POR,G-F,27,65,65,1,261,543,0.481,0.468,0.013
2023-24,1626204,Larry Nance Jr.,1610612740,NOP,F-C,31,61,61,1,266,527,0.505,0.499,0.006
2023-24,203903,Jordan Clarkson,1610612762,UTA,G,32,55,55,1,260,521,0.499,0.469,0.03
2023-24,1629599,Amir Coffey,1610612746,LAC,G-F,27,66,66,1,249,520,0.479,0.459,0.019
2023-24,201569,Eric Gordon,1610612756,PHX,G,35,68,68,1,234,519,0.451,0.466,-0.016
2023-24,203939,Dwight Powell,1610612742,DAL,F-C,32,58,58,1,239,514,0.465,0.477,-0.012
2023-24,1627739,Kris Dunn,1610612762,UTA,G,30,63,63,1,219,514,0.426,0.472,-0.046
2023-24,1630217,Desmond Bane,1610612763,MEM,G,26,42,42,1,236,509,0.464,0.471,-0.008
2023-24,1631097,Bennedict Mathurin,1610612754,IND,G-F,22,59,59,1,277,508,0.545,0.471,0.074
2023-24,1630214,Xavier Tillman,1610612738,BOS,F,25,54,54,1,237,507,0.467,0.49,-0.022
2023-24,1630549,Day'Ron Sharpe,1610612751,BKN,C,22,60,60,1,248,506,0.49,0.49,0
2023-24,1629637,Jaxson Hayes,1610612747,LAL,C-F,24,67,67,1,231,504,0.458,0.483,-0.025
2023-24,1630188,Jalen Smith,1610612754,IND,F-C,24,61,61,1,256,504,0.508,0.487,0.021
2023-24,1631119,Jaylin Williams,1610612760,OKC,F,22,69,69,1,250,503,0.497,0.486,0.011
2023-24,1629048,Goga Bitadze,1610612753,ORL,C-F,24,58,58,1,251,500,0.502,0.5,0.002
2023-24,1628378,Donovan Mitchell,1610612739,CLE,G,27,55,55,1,238,500,0.476,0.47,0.006
2023-24,1630230,Naji Marshall,1610612740,NOP,F,26,66,66,1,213,498,0.428,0.47,-0.042
2023-24,1628467,Maxi Kleber,1610612742,DAL,F,32,43,43,1,213,494,0.431,0.483,-0.052
2023-24,1629018,Gary Trent Jr.,1610612761,TOR,G,25,71,71,1,253,492,0.514,0.464,0.05
2023-24,201566,Russell Westbrook,1610612746,LAC,G,35,68,68,1,214,491,0.436,0.465,-0.03
2023-24,1629723,John Konchar,1610612763,MEM,G,28,53,53,1,244,491,0.497,0.465,0.032
2023-24,1626168,Trey Lyles,1610612758,SAC,F,28,58,58,1,239,488,0.49,0.478,0.012
2023-24,1641711,Gradey Dick,1610612761,TOR,G-F,20,58,58,1,252,483,0.522,0.466,0.056
2023-24,1631204,Marcus Sasser,1610612765,DET,G,23,69,69,1,235,482,0.488,0.456,0.031
2023-24,202711,Bojan Bogdanovic,1610612752,NYK,F,35,57,57,1,251,469,0.535,0.472,0.063
2023-24,1641708,Amen Thompson,1610612745,HOU,G-F,21,61,61,1,211,466,0.453,0.463,-0.01
2023-24,1641710,Anthony Black,1610612753,ORL,G,20,60,60,1,219,465,0.471,0.466,0.005
2023-24,1631223,David Roddy,1610612756,PHX,F,23,61,61,1,210,463,0.454,0.473,-0.019
2023-24,1631103,Malaki Branham,1610612759,SAS,F,21,74,74,1,242,452,0.535,0.464,0.071
2023-24,1626224,Cedi Osman,1610612759,SAS,F,29,72,72,1,239,451,0.53,0.469,0.061
2023-24,1641722,Jordan Hawkins,1610612740,NOP,G,22,62,62,1,201,450,0.447,0.459,-0.012
2023-24,1628988,Aaron Holiday,1610612745,HOU,G,27,77,77,1,210,440,0.477,0.46,0.017
2023-24,1630541,Moses Moody,1610612744,GSW,G,22,64,64,1,185,439,0.421,0.462,-0.041
2023-24,203486,Mason Plumlee,1610612746,LAC,F-C,34,44,44,1,210,438,0.479,0.498,-0.018
2023-24,1629731,Dean Wade,1610612739,CLE,F-C,27,52,52,1,206,435,0.474,0.479,-0.005
2023-24,204456,T.J. McConnell,1610612754,IND,G,32,71,71,1,228,435,0.524,0.461,0.063
2023-24,1626196,Josh Richardson,1610612748,MIA,G,30,42,42,1,214,434,0.493,0.46,0.033
2023-24,1628470,Torrey Craig,1610612741,CHI,F,33,53,53,1,213,432,0.493,0.476,0.017
2023-24,1631108,Max Christie,1610612747,LAL,G,21,61,61,1,191,429,0.445,0.461,-0.016
2023-24,1630172,Patrick Williams,1610612741,CHI,F,22,42,42,1,208,428,0.486,0.486,0
2023-24,1630692,Jordan Goodwin,1610612763,MEM,G,25,55,55,1,197,423,0.466,0.464,0.002
2023-24,1626166,Cameron Payne,1610612755,PHI,G,29,77,77,1,203,420,0.483,0.462,0.022
2023-24,1628372,Dennis Smith Jr.,1610612751,BKN,G,26,55,55,1,186,419,0.444,0.46,-0.016
2023-24,1629001,De'Anthony Melton,1610612755,PHI,G,26,38,38,1,211,418,0.505,0.465,0.04
2023-24,203109,Jae Crowder,1610612749,MIL,F,33,50,50,1,181,414,0.437,0.471,-0.033
2023-24,1626174,Christian Wood,1610612747,LAL,F,28,49,49,1,181,414,0.437,0.475,-0.038
2023-24,202687,Bismack Biyombo,1610612760,OKC,C,31,38,38,1,200,412,0.485,0.496,-0.011
2023-24,1629111,Jock Landale,1610612745,HOU,C,28,55,55,1,182,411,0.443,0.48,-0.037
2023-24,1630543,Isaiah Jackson,1610612754,IND,F,22,55,55,1,191,407,0.469,0.486,-0.016
2023-24,1630256,Jae'Sean Tate,1610612745,HOU,F,28,65,65,1,174,406,0.429,0.47,-0.041
2023-24,1629659,Talen Horton-Tucker,1610612762,UTA,G,23,51,51,1,202,406,0.498,0.463,0.034
2023-24,1630165,Killian Hayes,1610612765,DET,G,22,42,42,1,215,403,0.533,0.466,0.068
2023-24,1631107,Nikola Jović,1610612748,MIA,F,21,44,44,1,196,402,0.488,0.481,0.006
2023-24,1641713,GG Jackson,1610612763,MEM,F,19,46,46,1,196,401,0.489,0.474,0.014
2023-24,203995,Vasilije Micic,1610612766,CHA,G,30,60,60,1,202,401,0.504,0.468,0.036
2023-24,1630558,Davion Mitchell,1610612758,SAC,G,25,68,68,1,194,400,0.485,0.458,0.027
2023-24,1641707,Taylor Hendricks,1610612762,UTA,F,20,40,40,1,206,397,0.519,0.474,0.045
2023-24,1631165,Keon Ellis,1610612758,SAC,G,24,55,55,1,180,396,0.455,0.469,-0.014
2023-24,202692,Alec Burks,1610612752,NYK,G,32,64,64,1,186,390,0.477,0.466,0.011
2023-24,202330,Gordon Hayward,1610612760,OKC,F,34,51,51,1,177,390,0.454,0.469,-0.015
2023-24,1630544,Tre Mann,1610612766,CHA,G,23,36,36,1,200,388,0.515,0.462,0.054
2023-24,203914,Gary Harris,1610612753,ORL,G,29,54,54,1,185,387,0.478,0.459,0.019
2023-24,1628964,Mo Bamba,1610612755,PHI,C,26,55,55,1,193,387,0.499,0.501,-0.003
2023-24,201567,Kevin Love,1610612748,MIA,F-C,35,55,55,1,179,384,0.466,0.497,-0.031
2023-24,203926,Doug McDermott,1610612754,IND,F,32,63,63,1,190,381,0.499,0.457,0.042
2023-24,1630533,Ziaire Williams,1610612763,MEM,F,22,48,48,1,186,381,0.488,0.466,0.022
2023-24,1629026,Kenrich Williams,1610612760,OKC,G-F,29,69,69,1,202,380,0.532,0.47,0.062
2023-24,203957,Dante Exum,1610612742,DAL,G,28,54,54,1,195,379,0.515,0.467,0.048
2023-24,1631200,Kris Murray,1610612757,POR,F,23,54,54,1,184,377,0.488,0.471,0.017
2023-24,1629006,Josh Okogie,1610612756,PHX,G,25,58,58,1,178,376,0.473,0.467,0.006
2023-24,1630201,Malachi Flynn,1610612765,DET,G,26,63,63,1,195,375,0.52,0.451,0.069
2023-24,1628972,Troy Brown Jr.,1610612765,DET,G-F,24,56,56,1,207,372,0.556,0.464,0.092
2023-24,1627763,Malcolm Brogdon,1610612757,POR,G,31,39,39,1,178,370,0.481,0.474,0.007
2023-24,1631101,Shaedon Sharpe,1610612757,POR,G,21,32,32,1,195,369,0.528,0.467,0.061
2023-24,1630631,Jose Alvarado,1610612740,NOP,G,26,55,55,1,160,364,0.44,0.465,-0.026
2023-24,1629629,Cam Reddish,1610612747,LAL,F-G,24,47,47,1,185,363,0.51,0.469,0.041
2023-24,1630570,Trendon Watford,1610612751,BKN,F,23,55,55,1,178,363,0.49,0.472,0.019
2023-24,1628975,Jevon Carter,1610612741,CHI,G,28,70,70,1,171,362,0.472,0.458,0.015
2023-24,1629726,Garrison Mathews,1610612737,ATL,G,27,66,66,1,179,360,0.497,0.456,0.042
2023-24,1629011,Mitchell Robinson,1610612752,NYK,C-F,26,31,31,1,187,359,0.521,0.499,0.022
2023-24,1628371,Jonathan Isaac,1610612753,ORL,F,26,58,58,1,149,354,0.421,0.481,-0.06
2023-24,1630537,Chris Duarte,1610612758,SAC,G,27,55,55,1,175,352,0.497,0.461,0.036
2023-24,1629656,Quentin Grimes,1610612765,DET,G,24,51,51,1,168,345,0.487,0.457,0.03
2023-24,1628379,Luke Kennard,1610612763,MEM,G,28,39,39,1,178,344,0.517,0.468,0.049
2023-24,1629002,Chimezie Metu,1610612765,DET,F-C,27,47,47,1,159,344,0.462,0.466,-0.004
2023-24,1630625,Dalano Banton,1610612757,POR,F,24,49,49,1,157,341,0.46,0.459,0.002
2023-24,1631104,Blake Wesley,1610612759,SAS,G,21,59,59,1,170,336,0.506,0.459,0.047
2023-24,1631222,Jake LaRavia,1610612763,MEM,F,22,34,34,1,166,335,0.496,0.466,0.03
2023-24,1630241,Sam Merrill,1610612739,CLE,G,28,57,57,1,138,331,0.417,0.455,-0.039
2023-24,1630702,Jaden Hardy,1610612742,DAL,G,21,66,66,1,174,329,0.529,0.462,0.067
2023-24,1629022,Lonnie Walker IV,1610612751,BKN,G-F,25,56,56,1,137,324,0.423,0.457,-0.034
2023-24,1628365,Markelle Fultz,1610612753,ORL,G,26,43,43,1,161,320,0.503,0.458,0.045
2023-24,1631121,Bryce McGowens,1610612766,CHA,G,21,54,54,1,148,319,0.464,0.468,-0.004
2023-24,1630550,JT Thor,1610612766,CHA,F,21,57,57,1,153,313,0.489,0.476,0.013
2023-24,1628981,Bruno Fernando,1610612737,ATL,F-C,25,42,42,1,165,312,0.529,0.489,0.04
2023-24,1628998,Cody Martin,1610612766,CHA,F,28,28,28,1,135,311,0.434,0.466,-0.032
2023-24,1629013,Landry Shamet,1610612764,WAS,G,27,46,46,1,153,307,0.498,0.466,0.032
2023-24,202397,Ish Smith,1610612766,CHA,G,35,43,43,1,155,307,0.505,0.462,0.042
2023-24,203488,Mike Muscala,1610612760,OKC,F-C,33,47,47,1,153,306,0.5,0.49,0.01
2023-24,1641998,Trey Jemison III,1610612763,MEM,C,24,23,23,1,148,306,0.484,0.501,-0.017
2023-24,1630192,Zeke Nnaji,1610612743,DEN,F-C,23,52,52,1,128,304,0.421,0.459,-0.038
2023-24,1628449,Chris Boucher,1610612761,TOR,F,31,49,49,1,143,297,0.481,0.466,0.015
2023-24,203897,Zach LaVine,1610612741,CHI,G,29,25,25,1,136,293,0.464,0.463,0.001
2023-24,1641767,Ben Sheppard,1610612754,IND,G,22,52,52,1,146,292,0.5,0.463,0.037
2023-24,1626153,Delon Wright,1610612748,MIA,G,32,45,45,1,140,287,0.488,0.456,0.032
2023-24,1629670,Jordan Nwora,1610612761,TOR,F,25,46,46,1,132,283,0.466,0.466,0.001
2023-24,1628966,Keita Bates-Diop,1610612751,BKN,F,28,48,48,1,127,281,0.452,0.466,-0.014
2023-24,203200,Justin Holiday,1610612743,DEN,F-G,35,52,52,1,120,280,0.429,0.462,-0.033
2023-24,204060,Joe Ingles,1610612753,ORL,F-G,36,68,68,1,132,278,0.475,0.456,0.019
2023-24,1630209,Omer Yurtseven,1610612762,UTA,C,26,42,42,1,153,273,0.56,0.49,0.07
2023-24,202722,Davis Bertans,1610612766,CHA,F,31,38,38,1,133,271,0.491,0.462,0.029
2023-24,1631109,Mark Williams,1610612766,CHA,C,22,19,19,1,144,269,0.535,0.509,0.027
2023-24,202694,Marcus Morris Sr.,1610612739,CLE,F,34,47,47,1,137,269,0.509,0.47,0.04
2023-24,201568,Danilo Gallinari,1610612749,MIL,F,35,47,47,1,139,268,0.519,0.484,0.035
2023-24,1641715,Cam Whitmore,1610612745,HOU,F,19,44,44,1,127,264,0.481,0.457,0.024
2023-24,1631230,Dominick Barlow,1610612759,SAS,F,21,30,30,1,131,263,0.498,0.496,0.002
2023-24,202684,Tristan Thompson,1610612739,CLE,C-F,33,42,42,1,114,260,0.438,0.482,-0.044
2023-24,1627780,Gary Payton II,1610612744,GSW,G,31,44,44,1,115,259,0.444,0.47,-0.026
2023-24,1630699,MarJon Beauchamp,1610612749,MIL,F,23,45,45,1,117,256,0.457,0.459,-0.002
2023-24,1630579,Jericho Sims,1610612752,NYK,C,25,39,39,1,131,256,0.512,0.497,0.015
2023-24,1626158,Richaun Holmes,1610612764,WAS,F,30,38,38,1,139,255,0.545,0.495,0.05
2023-24,1641854,Craig Porter Jr.,1610612739,CLE,G,24,47,47,1,126,254,0.496,0.452,0.044
2023-24,1629667,Jalen McDaniels,1610612761,TOR,F,26,46,46,1,122,254,0.48,0.469,0.011
2023-24,1641733,Nick Smith Jr.,1610612766,CHA,G,20,48,48,1,120,248,0.484,0.452,0.032
2023-24,1630205,Lamar Stevens,1610612763,MEM,F,26,36,36,1,110,241,0.456,0.476,-0.02
2023-24,1631216,Caleb Houstan,1610612753,ORL,G,21,52,52,1,111,235,0.472,0.458,0.014
2023-24,1630231,KJ Martin,1610612755,PHI,F,23,50,50,1,115,234,0.491,0.473,0.019
2023-24,1631367,Jacob Gilyard,1610612751,BKN,G,25,39,39,1,122,233,0.524,0.458,0.065
2023-24,1631260,AJ Green,1610612749,MIL,G,24,48,48,1,108,230,0.47,0.459,0.011
2023-24,203458,Alex Len,1610612758,SAC,C,31,43,43,1,108,230,0.47,0.476,-0.006
2023-24,1630215,Jared Butler,1610612764,WAS,G,23,36,36,1,109,229,0.476,0.458,0.018
2023-24,1630590,Scotty Pippen Jr.,1610612763,MEM,G,23,21,21,1,104,227,0.458,0.469,-0.011
2023-24,1631207,Dalen Terry,1610612741,CHI,F,21,52,52,1,92,225,0.409,0.461,-0.052
2023-24,1630572,Sandro Mamukelashvili,1610612759,SAS,F-C,25,44,44,1,106,223,0.475,0.476,0
2023-24,1629052,Oshae Brissett,1610612738,BOS,F-G,26,53,53,1,100,223,0.448,0.458,-0.01
2023-24,1630592,Jalen Wilson,1610612751,BKN,F,23,38,38,1,100,220,0.455,0.458,-0.003
2023-24,1630264,Anthony Gill,1610612764,WAS,F,31,40,40,1,110,215,0.512,0.478,0.034
2023-24,1628426,Sasha Vezenkov,1610612758,SAC,F,28,41,41,1,102,214,0.477,0.468,0.009
2023-24,1630538,Bones Hyland,1610612746,LAC,G,23,34,34,1,106,212,0.5,0.464,0.036
2023-24,1630163,LaMelo Ball,1610612766,CHA,G,22,22,22,1,124,212,0.585,0.47,0.114
2023-24,1631098,Johnny Davis,1610612764,WAS,G,22,44,44,1,113,210,0.538,0.465,0.073
2023-24,1641729,Brice Sensabaugh,1610612762,UTA,F,20,29,29,1,98,210,0.467,0.459,0.008
2023-24,203095,Evan Fournier,1610612765,DET,G-F,31,32,32,1,101,210,0.481,0.459,0.022
2023-24,1629020,Jarred Vanderbilt,1610612747,LAL,F,25,29,29,1,108,210,0.514,0.477,0.037
2023-24,1628418,Thomas Bryant,1610612748,MIA,C-F,26,37,37,1,116,208,0.558,0.5,0.058
2023-24,1629626,Bol Bol,1610612756,PHX,C-F,24,39,39,1,77,208,0.37,0.466,-0.096
2023-24,1627863,Danuel House Jr.,1610612755,PHI,F-G,31,34,34,1,94,208,0.452,0.464,-0.012
2023-24,1641748,Andre Jackson Jr.,1610612749,MIL,G,22,48,48,1,113,208,0.543,0.475,0.069
2023-24,200782,P.J. Tucker,1610612746,LAC,F,39,31,31,1,94,206,0.456,0.48,-0.024
2023-24,1629007,Jontay Porter,1610612765,DET,C-F,24,24,24,1,107,206,0.519,0.488,0.031
2023-24,201152,Thaddeus Young,1610612756,PHX,F,36,32,32,1,102,204,0.5,0.485,0.015
2023-24,1631116,Patrick Baldwin Jr.,1610612764,WAS,F,21,36,36,1,97,203,0.478,0.466,0.012
2023-24,1629674,Neemias Queta,1610612738,BOS,C,24,27,27,1,91,202,0.45,0.472,-0.022
2023-24,1629162,Jordan McLaughlin,1610612750,MIN,G,28,52,52,1,93,201,0.463,0.461,0.001
2023-24,1630197,Aleksej Pokusevski,1610612766,CHA,F,22,28,28,1,100,200,0.5,0.462,0.038
2023-24,1630249,Vít Krejčí,1610612737,ATL,G,24,22,22,1,102,200,0.51,0.461,0.049
2023-24,203552,Seth Curry,1610612766,CHA,G,33,39,39,1,93,198,0.47,0.456,0.014
2023-24,203496,Robert Covington,1610612755,PHI,F,33,27,27,1,84,198,0.424,0.467,-0.043
2023-24,1630531,Jaden Springer,1610612738,BOS,G,21,39,39,1,94,195,0.482,0.459,0.023
2023-24,1629139,Yuta Watanabe,1610612763,MEM,G-F,29,32,32,1,96,195,0.492,0.467,0.025
2023-24,1629003,Shake Milton,1610612752,NYK,G-F,27,45,45,1,99,194,0.51,0.459,0.051
2023-24,1641730,Noah Clowney,1610612751,BKN,F,19,21,21,1,97,194,0.5,0.469,0.031
2023-24,1630647,Eugene Omoruyi,1610612764,WAS,F,27,37,37,1,95,193,0.492,0.463,0.029
2023-24,1628995,Kevin Knox II,1610612757,POR,F,24,31,31,1,95,191,0.497,0.466,0.032
2023-24,1641712,Rayan Rupert,1610612757,POR,G-F,20,36,36,1,97,189,0.513,0.463,0.05
2023-24,1629642,Nassir Little,1610612756,PHX,F-G,24,38,38,1,88,188,0.468,0.466,0.002
2023-24,1641877,Nathan Mensah,1610612766,CHA,C,26,25,25,1,102,186,0.548,0.487,0.061
2023-24,1631106,Tari Eason,1610612745,HOU,F,23,22,22,1,79,183,0.432,0.468,-0.037
2023-24,201599,DeAndre Jordan,1610612743,DEN,C,35,33,33,1,87,182,0.478,0.498,-0.02
2023-24,203935,Marcus Smart,1610612763,MEM,G,30,20,20,1,74,180,0.411,0.48,-0.069
2023-24,202083,Wesley Matthews,1610612737,ATL,G,37,36,36,1,85,179,0.475,0.468,0.006
2023-24,1630526,Jeremiah Robinson-Earl,1610612740,NOP,F,23,30,30,1,86,175,0.491,0.467,0.025
2023-24,1631303,Justin Minaya,1610612757,POR,F,25,27,27,1,75,175,0.429,0.462,-0.033
2023-24,1629643,Chuma Okeke,1610612753,ORL,F,25,40,40,1,81,175,0.463,0.462,0
2023-24,1631124,Julian Strawther,1610612743,DEN,G,22,44,44,1,76,174,0.437,0.453,-0.016
2023-24,1641787,Tosan Evbuomwan,1610612765,DET,F,23,17,17,1,94,174,0.54,0.48,0.061
2023-24,1630235,Trent Forrest,1610612737,ATL,G,26,37,37,1,81,173,0.468,0.455,0.014
2023-24,1628420,Monte Morris,1610612750,MIN,G,29,32,32,1,77,170,0.453,0.456,-0.004
2023-24,1630587,Isaiah Livers,1610612765,DET,F,25,23,23,1,89,170,0.524,0.471,0.053
2023-24,201580,JaVale McGee,1610612758,SAC,C-F,36,44,44,1,72,166,0.434,0.49,-0.056
2023-24,1630346,Matt Ryan,1610612740,NOP,F,27,25,25,1,78,164,0.476,0.463,0.013
2023-24,1630527,Brandon Boston,1610612746,LAC,G,22,28,28,1,79,161,0.491,0.459,0.031
2023-24,203469,Cody Zeller,1610612740,NOP,F-C,31,38,38,1,78,156,0.5,0.485,0.015
2023-24,1629677,Luka Samanic,1610612762,UTA,F,24,35,35,1,69,151,0.457,0.463,-0.006
2023-24,1630219,Skylar Mays,1610612747,LAL,G,26,31,31,1,65,148,0.439,0.46,-0.021
2023-24,203493,Reggie Bullock Jr.,1610612745,HOU,G-F,33,39,39,1,70,148,0.473,0.453,0.02
2023-24,1627732,Ben Simmons,1610612751,BKN,G-F,27,15,15,1,77,147,0.524,0.484,0.04
2023-24,1631172,Ousmane Dieng,1610612760,OKC,F,21,31,31,1,63,146,0.432,0.449,-0.017
2023-24,1631311,Lester Quinones,1610612744,GSW,G,23,31,31,1,74,146,0.507,0.45,0.057
2023-24,1631241,Javon Freeman-Liberty,1610612761,TOR,G,24,19,19,1,76,146,0.521,0.471,0.05
2023-24,1629650,Moses Brown,1610612757,POR,C,24,22,22,1,69,145,0.476,0.492,-0.016
2023-24,1630548,Johnny Juzang,1610612762,UTA,G,23,18,18,1,67,142,0.472,0.456,0.016
2023-24,1631115,Orlando Robinson,1610612748,MIA,C,23,29,29,1,72,141,0.511,0.505,0.006
2023-24,1627745,Damian Jones,1610612739,CLE,C,29,33,33,1,60,139,0.432,0.468,-0.036
2023-24,201988,Patty Mills,1610612748,MIA,G,35,30,30,1,67,135,0.496,0.452,0.044
2023-24,202066,Garrett Temple,1610612761,TOR,G-F,38,25,25,1,60,134,0.448,0.468,-0.021
2023-24,1641738,Kobe Brown,1610612746,LAC,F,24,34,34,1,57,131,0.435,0.459,-0.023
2023-24,1629630,Ja Morant,1610612763,MEM,G,24,9,9,1,73,131,0.557,0.472,0.086
2023-24,1630556,Kessler Edwards,1610612758,SAC,F,23,41,41,1,62,129,0.481,0.455,0.026
2023-24,1630322,Lindy Waters III,1610612760,OKC,F,26,29,29,1,51,129,0.395,0.442,-0.047
2023-24,1630641,Ibou Badji,1610612757,POR,C,21,19,19,1,59,127,0.465,0.492,-0.027
2023-24,1641765,Olivier-Maxence Prosper,1610612742,DAL,F,21,29,29,1,59,125,0.472,0.447,0.025
2023-24,201565,Derrick Rose,1610612763,MEM,G,35,24,24,1,70,124,0.565,0.461,0.104
2023-24,1641763,Julian Phillips,1610612741,CHI,F,20,30,30,1,61,121,0.504,0.47,0.034
2023-24,1630649,Stanley Umude,1610612765,DET,G,25,19,19,1,62,121,0.512,0.461,0.051
2023-24,1629004,Svi Mykhailiuk,1610612738,BOS,G-F,27,36,36,1,42,118,0.356,0.448,-0.092
2023-24,202709,Cory Joseph,1610612744,GSW,G,32,24,24,1,56,116,0.483,0.466,0.017
2023-24,1641716,Jarace Walker,1610612754,IND,F,20,28,28,1,60,115,0.522,0.461,0.061
2023-24,1631288,Jamal Cain,1610612748,MIA,F,25,19,19,1,48,113,0.425,0.452,-0.027
2023-24,1641931,Onuralp Bitim,1610612741,CHI,F,25,20,20,1,50,111,0.45,0.44,0.01
2023-24,1641778,Leaky Black,1610612766,CHA,F,25,25,25,1,49,110,0.445,0.478,-0.033
2023-24,1630551,Justin Champagnie,1610612764,WAS,G-F,23,15,15,1,52,107,0.486,0.454,0.032
2023-24,1630639,A.J. Lawson,1610612742,DAL,G,23,29,29,1,56,107,0.523,0.46,0.063
2023-24,1630611,Gui Santos,1610612744,GSW,F,22,21,21,1,56,107,0.523,0.446,0.077
2023-24,1631221,Collin Gillespie,1610612743,DEN,G,25,18,18,1,43,102,0.422,0.439,-0.018
2023-24,1641741,Ricky Council IV,1610612755,PHI,G,22,28,28,1,55,101,0.545,0.459,0.086
2023-24,202693,Markieff Morris,1610612742,DAL,F,34,24,24,1,50,98,0.51,0.456,0.055
2023-24,1630695,Micah Potter,1610612762,UTA,C,26,14,14,1,47,97,0.485,0.486,-0.002
2023-24,1628984,Devonte' Graham,1610612759,SAS,G,29,21,21,1,42,96,0.438,0.457,-0.019
2023-24,1629646,Charles Bassey,1610612759,SAS,C-F,23,18,18,1,48,96,0.5,0.511,-0.011
2023-24,1631338,Mouhamadou Gueye,1610612761,TOR,F,25,11,11,1,43,95,0.453,0.485,-0.033
2023-24,1630204,Ashton Hagans,1610612757,POR,G-F,24,18,18,1,37,93,0.398,0.451,-0.053
2023-24,1641723,Kobe Bufkin,1610612737,ATL,G,20,16,16,1,49,89,0.551,0.453,0.098
2023-24,201959,Taj Gibson,1610612765,DET,F,39,17,17,1,39,88,0.443,0.493,-0.05
2023-24,1630678,Terry Taylor,1610612741,CHI,F,24,21,21,1,35,88,0.398,0.464,-0.066
2023-24,1631254,Kenneth Lofton Jr.,1610612762,UTA,F,21,18,18,1,40,87,0.46,0.461,-0.001
2023-24,1630177,Theo Maledon,1610612756,PHX,G,23,16,16,1,38,86,0.442,0.459,-0.018
2023-24,1641774,Tristan Vukcevic,1610612764,WAS,F,21,8,8,1,35,86,0.407,0.494,-0.087
2023-24,1630184,Kira Lewis Jr.,1610612762,UTA,G,23,22,22,1,38,86,0.442,0.462,-0.02
2023-24,1631197,Jared Rhoden,1610612765,DET,G,24,16,16,1,38,86,0.442,0.45,-0.009
2023-24,1629216,Gabe Vincent,1610612747,LAL,G,28,11,11,1,35,82,0.427,0.444,-0.017
2023-24,1629669,Jaylen Nowell,1610612758,SAC,G,24,11,11,1,32,82,0.39,0.462,-0.071
2023-24,1630243,Trevelin Queen,1610612753,ORL,G,27,13,13,1,26,77,0.338,0.466,-0.129
2023-24,1629647,Darius Bazley,1610612762,UTA,F,24,8,8,1,39,77,0.506,0.461,0.046
2023-24,1629057,Robert Williams III,1610612757,POR,C-F,26,6,6,1,33,74,0.446,0.488,-0.042
2023-24,1627788,Furkan Korkmaz,1610612755,PHI,G-F,26,26,26,1,37,73,0.507,0.46,0.046
2023-24,1628962,Udoka Azubuike,1610612756,PHX,C-F,24,15,15,1,29,71,0.408,0.488,-0.08
2023-24,1629750,Javonte Green,1610612741,CHI,G,30,9,9,1,34,68,0.5,0.487,0.013
2023-24,1630240,Saben Lee,1610612756,PHX,G,25,18,18,1,32,68,0.471,0.468,0.002
2023-24,1631100,AJ Griffin,1610612737,ATL,F,20,19,19,1,32,67,0.478,0.462,0.016
2023-24,1629716,Marques Bolden,1610612766,CHA,C,26,10,10,1,34,66,0.515,0.514,0.001
2023-24,203648,Thanasis Antetokounmpo,1610612749,MIL,F,31,24,24,1,20,64,0.313,0.448,-0.136
2023-24,1630562,Matt Hurt,1610612763,MEM,F,24,7,7,1,30,63,0.476,0.455,0.021
2023-24,1630314,Brandon Williams,1610612742,DAL,G,24,15,15,1,34,63,0.54,0.435,0.104
2023-24,1630568,Luka Garza,1610612750,MIN,C,25,19,19,1,31,61,0.508,0.481,0.027
2023-24,203490,Otto Porter Jr.,1610612761,TOR,F,31,14,14,1,23,61,0.377,0.464,-0.087
2023-24,1630285,Zavier Simpson,1610612765,DET,G,27,7,7,1,27,61,0.443,0.454,-0.012
2023-24,1631262,Jules Bernard,1610612764,WAS,G,24,15,15,1,32,59,0.542,0.463,0.079
2023-24,1629875,Xavier Moon,1610612746,LAC,G,29,11,11,1,30,58,0.517,0.443,0.074
2023-24,1641732,Colby Jones,1610612758,SAC,G,22,20,20,1,27,58,0.466,0.45,0.016
2023-24,1631466,Nate Williams,1610612745,HOU,G,25,19,19,1,26,55,0.473,0.438,0.035
2023-24,203925,Joe Harris,1610612765,DET,G-F,32,14,14,1,28,55,0.509,0.467,0.042
2023-24,1630696,Dru Smith,1610612748,MIA,G,26,8,8,1,31,55,0.564,0.468,0.096
2023-24,1641970,Maozinha Pereira,1610612763,MEM,F,23,6,6,1,19,53,0.358,0.481,-0.123
2023-24,1631321,Sidy Cissoko,1610612759,SAS,G,20,8,8,1,25,53,0.472,0.477,-0.005
2023-24,1642013,Malik Williams,1610612761,TOR,C,25,7,7,1,26,51,0.51,0.486,0.024
2023-24,1630610,DeJon Jarreau,1610612763,MEM,G,26,9,9,1,23,50,0.46,0.471,-0.011
2023-24,1630186,Jahmi'us Ramsey,1610612761,TOR,G,23,7,7,1,26,50,0.52,0.469,0.051
2023-24,1628385,Harry Giles III,1610612747,LAL,F-C,26,18,18,1,28,49,0.571,0.456,0.116
2023-24,1629685,Dylan Windler,1610612737,ATL,G-F,27,12,12,1,22,49,0.449,0.422,0.027
2023-24,1630288,Jeff Dowtin Jr.,1610612755,PHI,G,27,10,10,1,23,49,0.469,0.434,0.035
2023-24,1626246,Boban Marjanovic,1610612745,HOU,C,35,13,13,1,19,48,0.396,0.462,-0.066
2023-24,1629634,Brandon Clarke,1610612763,MEM,F,27,6,6,1,26,48,0.542,0.488,0.053
2023-24,201577,Robin Lopez,1610612749,MIL,C,36,8,8,1,24,47,0.511,0.497,0.014
2023-24,1629618,Jalen Pickett,1610612743,DEN,G,24,18,18,1,25,45,0.556,0.448,0.107
2023-24,1629717,Armoni Brooks,1610612751,BKN,G,26,8,8,1,19,43,0.442,0.457,-0.015
2023-24,1631169,Josh Minott,1610612750,MIN,F,21,22,22,1,24,40,0.6,0.421,0.179
2023-24,1631217,Moussa Diabaté,1610612746,LAC,F,22,10,10,1,21,39,0.538,0.455,0.084
2023-24,1631306,Cole Swider,1610612748,MIA,F,25,12,12,1,14,38,0.368,0.46,-0.091
2023-24,1641720,Jalen Hood-Schifino,1610612747,LAL,G,21,15,15,1,19,37,0.514,0.447,0.067
2023-24,1630554,Jason Preston,1610612762,UTA,G,24,7,7,1,17,36,0.472,0.453,0.019
2023-24,1641734,Emoni Bates,1610612739,CLE,F,20,12,12,1,19,36,0.528,0.427,0.101
2023-24,1641721,Maxwell Lewis,1610612747,LAL,F,21,19,19,1,18,35,0.514,0.464,0.051
2023-24,1630658,Colin Castleton,1610612747,LAL,C,24,11,11,1,19,35,0.543,0.447,0.096
2023-24,1631123,Jamaree Bouyea,1610612759,SAS,G,25,7,7,1,18,35,0.514,0.433,0.081
2023-24,1630181,R.J. Hampton,1610612748,MIA,G,23,6,6,1,13,35,0.371,0.478,-0.106
2023-24,1630846,Olivier Sarr,1610612760,OKC,C,25,11,11,1,13,34,0.382,0.464,-0.082
2023-24,1630600,Isaiah Mobley,1610612739,CLE,F,24,8,8,1,17,34,0.5,0.456,0.044
2023-24,1631173,Terquavion Smith,1610612755,PHI,G,21,9,9,1,19,33,0.576,0.445,0.131
2023-24,1631243,Mouhamed Gueye,1610612737,ATL,F,21,4,4,1,15,33,0.455,0.476,-0.022
2023-24,1641753,Chris Livingston,1610612749,MIL,F,20,12,12,1,15,31,0.484,0.454,0.03
2023-24,1641851,Timmy Allen,1610612763,MEM,F,24,5,5,1,16,31,0.516,0.457,0.059
2023-24,1631298,Jack White,1610612760,OKC,F,26,4,4,1,12,29,0.414,0.473,-0.059
2023-24,1631205,Buddy Boeheim,1610612765,DET,F,24,7,7,1,15,29,0.517,0.483,0.034
2023-24,1631157,Ryan Rollins,1610612749,MIL,G,21,9,9,1,8,28,0.286,0.447,-0.161
2023-24,1641754,Seth Lundy,1610612737,ATL,G-F,24,8,8,1,17,28,0.607,0.416,0.191
2023-24,1629117,Wenyen Gabriel,1610612738,BOS,F,27,5,5,1,11,27,0.407,0.466,-0.058
2023-24,1641775,Jordan Walsh,1610612738,BOS,G,20,7,7,1,12,27,0.444,0.45,-0.006
2023-24,1630618,D.J. Carton,1610612761,TOR,G,23,4,4,1,14,27,0.519,0.454,0.064
2023-24,1630547,James Bouknight,1610612766,CHA,G,23,12,12,1,10,26,0.385,0.481,-0.096
2023-24,1631220,Dereon Seabron,1610612740,NOP,G,24,6,6,1,8,25,0.32,0.442,-0.122
2023-24,1631257,Jermaine Samuels Jr.,1610612745,HOU,F,25,10,10,1,9,25,0.36,0.44,-0.08
2023-24,1628424,Kobi Simmons,1610612761,TOR,G,26,4,4,1,11,25,0.44,0.445,-0.005
2023-24,1630643,Jay Huff,1610612743,DEN,C,26,11,11,1,11,24,0.458,0.461,-0.003
2023-24,203933,T.J. Warren,1610612750,MIN,F,30,9,9,1,13,24,0.542,0.465,0.077
2023-24,1641816,Hunter Tyson,1610612743,DEN,F,24,11,11,1,8,23,0.348,0.424,-0.076
2023-24,1630207,Nate Hinton,1610612745,HOU,G-F,25,9,9,1,12,23,0.522,0.454,0.068
2023-24,1629308,Juan Toscano-Anderson,1610612758,SAC,F,31,8,8,1,11,22,0.5,0.427,0.073
2023-24,1631111,Wendell Moore Jr.,1610612750,MIN,G,22,15,15,1,10,22,0.455,0.439,0.016
2023-24,201949,James Johnson,1610612754,IND,F,37,8,8,1,10,21,0.476,0.404,0.072
2023-24,1629678,Admiral Schofield,1610612753,ORL,F,27,15,15,1,6,21,0.286,0.473,-0.187
2023-24,1629010,Jerome Robinson,1610612744,GSW,G,27,12,12,1,8,21,0.381,0.396,-0.015
2023-24,1641724,Jett Howard,1610612753,ORL,G,20,10,10,1,9,21,0.429,0.458,-0.03
2023-24,1630564,RaiQuan Gray,1610612759,SAS,F,24,3,3,1,10,21,0.476,0.45,0.026
2023-24,1641735,Amari Bailey,1610612766,CHA,G,20,7,7,1,8,20,0.4,0.435,-0.035
2023-24,1627853,Ryan Arcidiacono,1610612752,NYK,G,30,11,11,1,6,20,0.3,0.447,-0.147
2023-24,1631131,Oscar Tshiebwe,1610612754,IND,F-C,24,8,8,1,12,20,0.6,0.471,0.129
2023-24,1641766,Adama Sanogo,1610612741,CHI,F,22,5,5,1,7,20,0.35,0.453,-0.103
2023-24,1631159,Leonard Miller,1610612750,MIN,F,20,11,11,1,9,18,0.5,0.444,0.056
2023-24,1630296,Braxton Key,1610612743,DEN,F,27,13,13,1,10,18,0.556,0.461,0.095
2023-24,1630535,Greg Brown III,1610612742,DAL,F,22,4,4,1,6,18,0.333,0.413,-0.08
2023-24,1641793,D'Moi Hodge,1610612747,LAL,G,25,3,3,1,9,18,0.5,0.433,0.067
2023-24,1631120,JD Davison,1610612738,BOS,G,21,6,6,1,7,17,0.412,0.428,-0.016
2023-24,1641749,Keyontae Johnson,1610612760,OKC,F,24,7,7,1,7,17,0.412,0.408,0.003
2023-24,1630553,Keon Johnson,1610612751,BKN,G,22,4,4,1,11,17,0.647,0.485,0.162
2023-24,1641788,Alex Fudge,1610612742,DAL,F,21,4,4,1,9,15,0.6,0.464,0.136
2023-24,1631102,TyTy Washington Jr.,1610612749,MIL,G,22,5,5,1,5,15,0.333,0.436,-0.102
2023-24,1629610,DaQuan Jeffries,1610612752,NYK,G-F,26,9,9,1,8,14,0.571,0.434,0.138
2023-24,1641926,Dexter Dennis,1610612742,DAL,G,25,3,3,1,6,13,0.462,0.485,-0.024
2023-24,1641771,Jalen Slawson,1610612758,SAC,F,24,8,8,1,5,13,0.385,0.452,-0.068
2023-24,1630561,David Duke Jr.,1610612759,SAS,G,24,3,3,1,5,13,0.385,0.437,-0.052
2023-24,1641757,Jordan Miller,1610612746,LAC,G,24,6,6,1,6,12,0.5,0.44,0.06
2023-24,1630311,Pat Spencer,1610612744,GSW,G,27,4,4,1,4,12,0.333,0.445,-0.112
2023-24,1628373,Frank Ntilikina,1610612766,CHA,G,25,5,5,1,4,11,0.364,0.466,-0.103
2023-24,1631112,Kendall Brown,1610612754,IND,G,21,6,6,1,5,11,0.455,0.427,0.028
2023-24,1630688,Ish Wainright,1610612756,PHX,F,29,6,6,1,2,11,0.182,0.45,-0.268
2023-24,1628391,D.J. Wilson,1610612753,ORL,F,28,2,2,1,4,11,0.364,0.465,-0.101
2023-24,201980,Danny Green,1610612755,PHI,G,37,2,2,1,8,11,0.727,0.478,0.25
2023-24,1630222,Mason Jones,1610612758,SAC,G,25,3,3,1,4,11,0.364,0.449,-0.085
2023-24,1641727,Dariq Whitehead,1610612751,BKN,F,19,2,2,1,9,11,0.818,0.518,0.301
2023-24,1629603,Mamadi Diakite,1610612752,NYK,F,27,5,5,1,5,10,0.5,0.393,0.107
2023-24,1630586,Usman Garuba,1610612744,GSW,F,22,6,6,1,5,10,0.5,0.408,0.092
2023-24,1631386,Taze Moore,1610612757,POR,G,26,4,4,1,7,10,0.7,0.516,0.184
2023-24,1631210,Jacob Toppin,1610612752,NYK,F,24,2,2,1,7,9,0.778,0.463,0.315
2023-24,1629718,Charlie Brown Jr.,1610612752,NYK,G,27,3,3,1,3,9,0.333,0.417,-0.084
2023-24,1630604,E.J. Liddell,1610612740,NOP,F,23,5,5,1,5,8,0.625,0.427,0.198
2023-24,1630227,Daishen Nix,1610612750,MIN,G,22,3,3,1,4,8,0.5,0.435,0.065
2023-24,1629660,Ty Jerome,1610612739,CLE,G-F,26,2,2,1,4,7,0.571,0.509,0.062
2023-24,202738,Isaiah Thomas,1610612756,PHX,G,35,4,4,1,2,6,0.333,0.474,-0.141
2023-24,1631245,Quenton Jackson,1610612754,IND,G,25,3,3,1,2,6,0.333,0.374,-0.041
2023-24,1630196,Filip Petrusev,1610612755,PHI,C,24,2,2,1,0,6,0,0.433,-0.433
2023-24,1630929,Henri Drell,1610612741,CHI,F,24,1,1,1,1,6,0.167,0.444,-0.278
2023-24,1629232,Kaiser Gates,1610612740,NOP,F,27,1,1,1,1,5,0.2,0.443,-0.243
2023-24,1630259,Jordan Ford,1610612758,SAC,G,26,4,4,1,3,5,0.6,0.424,0.176
2023-24,1630563,Joshua Primo,1610612746,LAC,G,21,2,2,1,2,5,0.4,0.49,-0.09
2023-24,1641809,Drew Peterson,1610612738,BOS,F,24,2,2,1,2,5,0.4,0.4,0
2023-24,1629623,Lindell Wigginton,1610612749,MIL,G,26,3,3,1,2,5,0.4,0.409,-0.009
2023-24,1631250,Pete Nance,1610612739,CLE,F,24,3,3,1,2,4,0.5,0.445,0.055
2023-24,1627885,Shaquille Harrison,1610612763,MEM,G,30,2,2,1,2,4,0.5,0.486,0.015
2023-24,1641745,Adam Flagler,1610612760,OKC,G,24,2,2,1,2,4,0.5,0.534,-0.034
2023-24,1641847,Andrew Funk,1610612741,CHI,G,24,2,2,1,3,4,0.75,0.478,0.272
2023-24,1631167,Izaiah Brockington,1610612740,NOP,G,24,1,1,1,1,3,0.333,0.454,-0.121
2023-24,1631376,Dmytro Skapintsev,1610612752,NYK,C,26,2,2,1,1,3,0.333,0.488,-0.154
2023-24,1630284,Kevon Harris,1610612753,ORL,G,27,2,2,1,1,3,0.333,0.445,-0.111
2023-24,1641806,Markquis Nowell,1610612761,TOR,G,24,1,1,1,1,2,0.5,0.366,0.134
2023-24,1628977,Hamidou Diallo,1610612764,WAS,G,25,1,1,1,1,1,1,0.584,0.416
2023-24,1630606,Javonte Smart,1610612755,PHI,G,25,1,1,1,0,1,0,0.418,-0.418
2023-24,1630622,Jalen Crutcher,1610612740,NOP,G,24,1,1,1,0,1,0,0.448,-0.448
2023-24,1631214,Alondes Williams,1610612748,MIA,G,25,1,1,1,1,1,1,0.464,0.536
2023-24,1631199,Ron Harper Jr.,1610612761,TOR,G-F,24,1,1,1,0,1,0,0.462,-0.462
2024-25,201572,Brook Lopez,1610612749,MIL,C,37,80,80,1,676,1471,0.46,0.487,-0.027
2024-25,1627826,Ivica Zubac,1610612746,LAC,C,28,80,80,1,634,1386,0.457,0.492,-0.034
2024-25,203999,Nikola Jokić,1610612743,DEN,C,30,70,70,1,641,1242,0.516,0.493,0.023
2024-25,1630578,Alperen Sengun,1610612745,HOU,C,22,76,76,1,594,1229,0.483,0.483,0
2024-25,203497,Rudy Gobert,1610612750,MIN,C,33,72,72,1,542,1211,0.448,0.489,-0.041
2024-25,202696,Nikola Vučević,1610612741,CHI,C,34,73,73,1,565,1194,0.473,0.491,-0.018
2024-25,1630596,Evan Mobley,1610612739,CLE,C,24,71,71,1,527,1193,0.442,0.474,-0.032
2024-25,1642259,Alex Sarr,1610612764,WAS,C,20,67,67,1,565,1128,0.501,0.496,0.005
2024-25,1628386,Jarrett Allen,1610612739,CLE,C,27,81,81,1,494,1116,0.443,0.485,-0.043
2024-25,1626157,Karl-Anthony Towns,1610612752,NYK,C-F,29,72,72,1,554,1097,0.505,0.486,0.019
2024-25,1628404,Josh Hart,1610612752,NYK,G,30,77,77,1,541,1084,0.499,0.461,0.038
2024-25,1631117,Walker Kessler,1610612762,UTA,C,23,58,58,1,440,1083,0.406,0.487,-0.081
2024-25,1627734,Domantas Sabonis,1610612758,SAC,F-C,29,70,70,1,540,1083,0.499,0.494,0.005
2024-25,1626167,Myles Turner,1610612754,IND,C-F,29,72,72,1,508,1075,0.473,0.488,-0.015
2024-25,1627783,Pascal Siakam,1610612754,IND,F,31,78,78,1,489,1068,0.458,0.467,-0.009
2024-25,1642274,Yves Missi,1610612740,NOP,C,21,73,73,1,536,1066,0.503,0.488,0.015
2024-25,1631099,Keegan Murray,1610612758,SAC,F,24,76,76,1,476,1048,0.454,0.467,-0.012
2024-25,1630183,Jaden McDaniels,1610612750,MIN,F,24,82,82,1,472,1047,0.451,0.462,-0.012
2024-25,1628401,Derrick White,1610612738,BOS,G,30,76,76,1,443,1031,0.43,0.457,-0.028
2024-25,1630700,Dyson Daniels,1610612737,ATL,G,22,76,76,1,496,1011,0.491,0.465,0.026
2024-25,1627750,Jamal Murray,1610612743,DEN,G,28,67,67,1,475,1009,0.471,0.459,0.012
2024-25,1631105,Jalen Duren,1610612765,DET,C,21,78,78,1,496,1004,0.494,0.485,0.009
2024-25,1628991,Jaren Jackson Jr.,1610612763,MEM,F-C,25,74,74,1,414,984,0.421,0.478,-0.057
2024-25,1628384,OG Anunoby,1610612752,NYK,F-G,27,74,74,1,425,967,0.44,0.464,-0.025
2024-25,1630559,Austin Reaves,1610612747,LAL,G,27,73,73,1,472,967,0.488,0.456,0.032
2024-25,1628389,Bam Adebayo,1610612748,MIA,C-F,27,78,78,1,452,962,0.47,0.487,-0.017
2024-25,1630168,Onyeka Okongwu,1610612737,ATL,F-C,24,74,74,1,465,955,0.487,0.486,0.001
2024-25,1641739,Toumani Camara,1610612757,POR,F,25,78,78,1,457,947,0.483,0.47,0.013
2024-25,1630595,Cade Cunningham,1610612765,DET,G,23,70,70,1,421,934,0.451,0.464,-0.013
2024-25,1628969,Mikal Bridges,1610612752,NYK,G-F,28,81,81,1,435,933,0.466,0.452,0.014
2024-25,1631128,Christian Braun,1610612743,DEN,G,24,79,79,1,430,921,0.467,0.457,0.01
2024-25,1628415,Dillon Brooks,1610612745,HOU,G-F,29,75,75,1,428,911,0.47,0.466,0.004
2024-25,203110,Draymond Green,1610612744,GSW,F,35,68,68,1,387,901,0.43,0.48,-0.05
2024-25,201935,James Harden,1610612746,LAC,G,35,79,79,1,433,892,0.485,0.464,0.021
2024-25,1628983,Shai Gilgeous-Alexander,1610612760,OKC,G,26,76,76,1,390,883,0.442,0.463,-0.021
2024-25,1642273,Kyshawn George,1610612764,WAS,F,21,67,67,1,368,874,0.421,0.461,-0.04
2024-25,1629675,Naz Reid,1610612750,MIN,C-F,25,80,80,1,391,870,0.449,0.471,-0.022
2024-25,1630166,Deni Avdija,1610612757,POR,F,24,72,72,1,425,868,0.49,0.471,0.019
2024-25,1627751,Jakob Poeltl,1610612761,TOR,C,29,57,57,1,419,861,0.487,0.497,-0.01
2024-25,1630581,Josh Giddey,1610612741,CHI,G,22,69,69,1,407,856,0.475,0.462,0.013
2024-25,1630191,Isaiah Stewart,1610612765,DET,F-C,24,72,72,1,343,844,0.406,0.484,-0.077
2024-25,1641705,Victor Wembanyama,1610612759,SAS,F-C,21,46,46,1,324,840,0.386,0.492,-0.106
2024-25,203897,Zach LaVine,1610612758,SAC,G,30,73,73,1,385,839,0.459,0.458,0.001
2024-25,203076,Anthony Davis,1610612742,DAL,F-C,32,51,51,1,359,835,0.43,0.485,-0.055
2024-25,1642270,Donovan Clingan,1610612757,POR,C,21,67,67,1,328,833,0.394,0.489,-0.095
2024-25,1641744,Zach Edey,1610612763,MEM,C,23,66,66,1,375,831,0.451,0.49,-0.038
2024-25,203944,Julius Randle,1610612750,MIN,F-C,30,69,69,1,392,818,0.479,0.475,0.004
2024-25,1642264,Stephon Castle,1610612759,SAS,G,20,80,80,1,377,813,0.464,0.457,0.006
2024-25,203084,Harrison Barnes,1610612759,SAS,F,33,82,82,1,398,803,0.496,0.474,0.022
2024-25,1629655,Daniel Gafford,1610612742,DAL,F-C,26,57,57,1,361,802,0.45,0.48,-0.03
2024-25,1628368,De'Aaron Fox,1610612759,SAS,G,27,62,62,1,380,800,0.475,0.453,0.022
2024-25,1629651,Nic Claxton,1610612751,BKN,C,26,70,70,1,382,799,0.478,0.485,-0.006
2024-25,1629008,Michael Porter Jr.,1610612743,DEN,F,27,77,77,1,367,795,0.462,0.467,-0.005
2024-25,1630162,Anthony Edwards,1610612750,MIN,G,23,79,79,1,356,791,0.45,0.464,-0.014
2024-25,1626164,Devin Booker,1610612756,PHX,G,28,75,75,1,389,790,0.492,0.456,0.037
2024-25,1630224,Jalen Green,1610612745,HOU,G,23,82,82,1,373,789,0.473,0.458,0.015
2024-25,1630567,Scottie Barnes,1610612761,TOR,F-G,23,65,65,1,365,788,0.463,0.472,-0.009
2024-25,202699,Tobias Harris,1610612765,DET,F,32,73,73,1,365,786,0.464,0.468,-0.003
2024-25,202685,Jonas Valanciunas,1610612758,SAC,C,33,81,81,1,425,783,0.543,0.505,0.038
2024-25,1629639,Tyler Herro,1610612748,MIA,G,25,77,77,1,384,782,0.491,0.45,0.041
2024-25,1631108,Max Christie,1610612742,DAL,G,22,77,77,1,364,781,0.466,0.46,0.006
2024-25,1630577,Julian Champagnie,1610612759,SAS,F,24,82,82,1,381,779,0.489,0.455,0.034
2024-25,1628436,Luke Kornet,1610612738,BOS,C-F,29,71,71,1,347,777,0.447,0.473,-0.026
2024-25,1629312,Haywood Highsmith,1610612748,MIA,F,28,74,74,1,357,777,0.459,0.455,0.005
2024-25,1642258,Zaccharie Risacher,1610612737,ATL,F,20,75,75,1,397,777,0.511,0.459,0.052
2024-25,1628970,Miles Bridges,1610612766,CHA,F,27,63,63,1,331,773,0.428,0.477,-0.049
2024-25,203507,Giannis Antetokounmpo,1610612749,MIL,F,30,67,67,1,328,770,0.426,0.475,-0.049
2024-25,1642271,Kyle Filipowski,1610612762,UTA,C,21,72,72,1,414,768,0.539,0.476,0.064
2024-25,1628392,Isaiah Hartenstein,1610612760,OKC,C-F,27,57,57,1,352,768,0.458,0.489,-0.03
2024-25,1629632,Coby White,1610612741,CHI,G,25,73,73,1,360,752,0.479,0.453,0.026
2024-25,1628976,Wendell Carter Jr.,1610612753,ORL,C-F,26,68,68,1,357,750,0.476,0.486,-0.01
2024-25,1630208,Nick Richards,1610612756,PHX,C,27,56,56,1,363,748,0.485,0.492,-0.007
2024-25,1642267,Bub Carrington,1610612764,WAS,G,19,82,82,1,361,747,0.483,0.453,0.031
2024-25,1629048,Goga Bitadze,1610612753,ORL,C-F,25,70,70,1,331,745,0.444,0.481,-0.037
2024-25,2544,LeBron James,1610612747,LAL,F,40,70,70,1,324,743,0.436,0.466,-0.03
2024-25,1626162,Kelly Oubre Jr.,1610612755,PHI,F-G,29,60,60,1,366,733,0.499,0.461,0.038
2024-25,1629638,Nickeil Alexander-Walker,1610612750,MIN,G,26,82,82,1,364,732,0.497,0.455,0.042
2024-25,201942,DeMar DeRozan,1610612758,SAC,G-F,35,77,77,1,354,732,0.484,0.464,0.019
2024-25,1629014,Anfernee Simons,1610612757,POR,G,26,70,70,1,369,731,0.505,0.461,0.044
2024-25,1631165,Keon Ellis,1610612758,SAC,G,25,79,79,1,336,728,0.462,0.457,0.005
2024-25,1631097,Bennedict Mathurin,1610612754,IND,G-F,23,72,72,1,356,727,0.49,0.457,0.032
2024-25,1627824,Guerschon Yabusele,1610612755,PHI,F,29,70,70,1,396,726,0.545,0.48,0.066
2024-25,201142,Kevin Durant,1610612756,PHX,F,36,62,62,1,286,721,0.397,0.47,-0.073
2024-25,1631212,Peyton Watson,1610612743,DEN,G,22,68,68,1,314,719,0.437,0.465,-0.028
2024-25,201143,Al Horford,1610612738,BOS,C-F,39,60,60,1,326,717,0.455,0.477,-0.023
2024-25,101108,Chris Paul,1610612759,SAS,G,40,82,82,1,355,709,0.501,0.458,0.043
2024-25,1627741,Buddy Hield,1610612744,GSW,G,32,82,82,1,341,704,0.484,0.461,0.023
2024-25,1629023,P.J. Washington,1610612742,DAL,F,26,57,57,1,330,700,0.471,0.473,-0.001
2024-25,1630598,Aaron Wiggins,1610612760,OKC,G,26,76,76,1,328,696,0.471,0.455,0.016
2024-25,203486,Mason Plumlee,1610612756,PHX,F-C,35,74,74,1,340,695,0.489,0.494,-0.005
2024-25,1631260,AJ Green,1610612749,MIL,G,25,72,72,1,316,695,0.455,0.452,0.003
2024-25,203952,Andrew Wiggins,1610612748,MIA,F,30,60,60,1,310,695,0.446,0.465,-0.019
2024-25,1641708,Amen Thompson,1610612745,HOU,G-F,22,69,69,1,277,694,0.399,0.462,-0.062
2024-25,1641717,Cason Wallace,1610612760,OKC,G,21,68,68,1,306,688,0.445,0.451,-0.007
2024-25,204001,Kristaps Porziņģis,1610612738,BOS,F-C,29,42,42,1,296,687,0.431,0.484,-0.053
2024-25,1627752,Taurean Prince,1610612749,MIL,F,31,80,80,1,322,687,0.469,0.461,0.008
2024-25,1631109,Mark Williams,1610612766,CHA,C,23,43,43,1,333,687,0.485,0.494,-0.01
2024-25,1630169,Tyrese Haliburton,1610612754,IND,G,25,73,73,1,314,686,0.458,0.446,0.012
2024-25,1630553,Keon Johnson,1610612751,BKN,G,23,78,78,1,348,684,0.509,0.458,0.051
2024-25,1641718,Keyonte George,1610612762,UTA,G,21,67,67,1,356,682,0.522,0.458,0.064
2024-25,1629636,Darius Garland,1610612739,CLE,G,25,75,75,1,323,679,0.476,0.449,0.027
2024-25,1627759,Jaylen Brown,1610612738,BOS,G-F,28,63,63,1,320,677,0.473,0.466,0.006
2024-25,1629614,Andrew Nembhard,1610612754,IND,G-F,25,65,65,1,320,675,0.474,0.456,0.018
2024-25,1642276,Kel'el Ware,1610612748,MIA,C,21,63,63,1,309,671,0.461,0.49,-0.03
2024-25,1629027,Trae Young,1610612737,ATL,G,26,76,76,1,309,671,0.461,0.446,0.014
2024-25,1630530,Trey Murphy III,1610612740,NOP,F,25,52,52,1,327,667,0.49,0.471,0.019
2024-25,1642377,Jaylen Wells,1610612763,MEM,F,21,79,79,1,304,664,0.458,0.458,0
2024-25,1641824,Matas Buzelis,1610612741,CHI,F,20,77,77,1,301,662,0.455,0.467,-0.012
2024-25,1627827,Dorian Finney-Smith,1610612747,LAL,F,32,63,63,1,296,662,0.447,0.472,-0.025
2024-25,1629652,Luguentz Dort,1610612760,OKC,G,26,71,71,1,279,656,0.425,0.46,-0.035
2024-25,203501,Tim Hardaway Jr.,1610612765,DET,G-F,33,77,77,1,310,656,0.473,0.455,0.018
2024-25,1626220,Royce O'Neale,1610612756,PHX,F,32,74,74,1,324,655,0.495,0.466,0.029
2024-25,1641710,Anthony Black,1610612753,ORL,G,21,78,78,1,293,654,0.448,0.453,-0.005
2024-25,203915,Spencer Dinwiddie,1610612742,DAL,G,32,78,78,1,319,652,0.489,0.458,0.032
2024-25,1628973,Jalen Brunson,1610612752,NYK,G,28,65,65,1,311,652,0.477,0.453,0.024
2024-25,203078,Bradley Beal,1610612756,PHX,G,32,53,53,1,314,649,0.484,0.455,0.028
2024-25,1630217,Desmond Bane,1610612753,ORL,G,27,69,69,1,292,649,0.45,0.462,-0.013
2024-25,1628398,Kyle Kuzma,1610612749,MIL,F,29,65,65,1,287,643,0.446,0.47,-0.023
2024-25,1629656,Quentin Grimes,1610612755,PHI,G,25,75,75,1,294,640,0.459,0.459,0.001
2024-25,1630558,Davion Mitchell,1610612748,MIA,G,26,73,73,1,294,639,0.46,0.459,0.001
2024-25,1627777,Georges Niang,1610612737,ATL,F,32,79,79,1,316,639,0.495,0.465,0.029
2024-25,1629060,Rui Hachimura,1610612747,LAL,F,27,59,59,1,297,638,0.466,0.472,-0.007
2024-25,1629640,Keldon Johnson,1610612759,SAS,F-G,25,77,77,1,313,635,0.493,0.47,0.023
2024-25,1630534,Ochai Agbaji,1610612761,TOR,G,25,64,64,1,273,635,0.43,0.46,-0.03
2024-25,203081,Damian Lillard,1610612749,MIL,G,34,58,58,1,296,634,0.467,0.456,0.011
2024-25,1642346,Ryan Dunn,1610612756,PHX,F,22,71,71,1,284,630,0.451,0.462,-0.011
2024-25,1629628,RJ Barrett,1610612761,TOR,F-G,25,58,58,1,293,629,0.466,0.461,0.005
2024-25,1630590,Scotty Pippen Jr.,1610612763,MEM,G,24,78,78,1,286,628,0.455,0.448,0.007
2024-25,201950,Jrue Holiday,1610612738,BOS,G,35,62,62,1,280,627,0.447,0.461,-0.014
2024-25,1630583,Santi Aldama,1610612763,MEM,F-C,24,65,65,1,291,627,0.464,0.468,-0.004
2024-25,1627884,Derrick Jones Jr.,1610612746,LAC,F,28,77,77,1,279,624,0.447,0.459,-0.012
2024-25,1629029,Luka Dončić,1610612747,LAL,F-G,26,50,50,1,284,623,0.456,0.463,-0.008
2024-25,1628369,Jayson Tatum,1610612738,BOS,F-G,27,71,71,1,289,621,0.465,0.467,-0.001
2024-25,1627832,Fred VanVleet,1610612745,HOU,G,31,60,60,1,273,621,0.44,0.456,-0.017
2024-25,1627739,Kris Dunn,1610612746,LAC,G,31,74,74,1,269,618,0.435,0.459,-0.023
2024-25,1630202,Payton Pritchard,1610612738,BOS,G,27,80,80,1,273,617,0.442,0.454,-0.011
2024-25,1626172,Kevon Looney,1610612744,GSW,F,29,76,76,1,274,613,0.447,0.482,-0.035
2024-25,1642268,Isaiah Collier,1610612762,UTA,G,20,71,71,1,296,611,0.484,0.454,0.031
2024-25,1641731,Bilal Coulibaly,1610612764,WAS,G,20,59,59,1,274,610,0.449,0.459,-0.009
2024-25,1631110,Jeremy Sochan,1610612759,SAS,F,22,54,54,1,292,608,0.48,0.468,0.013
2024-25,203468,CJ McCollum,1610612740,NOP,G,33,56,56,1,275,607,0.453,0.456,-0.003
2024-25,1631217,Moussa Diabaté,1610612766,CHA,F,23,69,69,1,285,605,0.471,0.475,-0.004
2024-25,1628989,Kevin Huerter,1610612741,CHI,G-F,26,69,69,1,270,602,0.449,0.45,-0.002
2024-25,1630230,Naji Marshall,1610612742,DAL,F,27,69,69,1,282,602,0.468,0.464,0.004
2024-25,203471,Dennis Schröder,1610612765,DET,G,31,75,75,1,294,601,0.489,0.457,0.032
2024-25,1626145,Tyus Jones,1610612756,PHX,G,29,81,81,1,273,598,0.457,0.449,0.008
2024-25,1628370,Malik Monk,1610612758,SAC,G,27,65,65,1,272,596,0.456,0.45,0.006
2024-25,1630703,Scoot Henderson,1610612757,POR,G,21,66,66,1,308,594,0.519,0.462,0.057
2024-25,1631094,Paolo Banchero,1610612753,ORL,F,22,46,46,1,280,592,0.473,0.471,0.002
2024-25,1631101,Shaedon Sharpe,1610612757,POR,G,22,72,72,1,298,590,0.505,0.456,0.049
2024-25,1631170,Jaime Jaquez Jr.,1610612748,MIA,G,24,65,65,1,250,589,0.424,0.458,-0.034
2024-25,1630182,Josh Green,1610612766,CHA,G,24,67,67,1,283,588,0.481,0.455,0.026
2024-25,1631114,Jalen Williams,1610612760,OKC,G-F,24,69,69,1,250,586,0.427,0.467,-0.04
2024-25,1630540,Miles McBride,1610612752,NYK,G,24,63,63,1,271,586,0.462,0.45,0.012
2024-25,1629645,Kevin Porter Jr.,1610612749,MIL,G-F,25,75,75,1,268,585,0.458,0.461,-0.003
2024-25,1631095,Jabari Smith Jr.,1610612745,HOU,F,22,57,57,1,272,585,0.465,0.463,0.002
2024-25,1630592,Jalen Wilson,1610612751,BKN,F,24,79,79,1,293,580,0.505,0.46,0.045
2024-25,1627736,Malik Beasley,1610612765,DET,G,28,82,82,1,296,578,0.512,0.454,0.058
2024-25,1630532,Franz Wagner,1610612753,ORL,F,23,60,60,1,269,575,0.468,0.464,0.004
2024-25,1626171,Bobby Portis Jr.,1610612749,MIL,F,30,49,49,1,269,575,0.468,0.47,-0.002
2024-25,1626168,Trey Lyles,1610612758,SAC,F,29,69,69,1,278,574,0.484,0.472,0.012
2024-25,1627747,Caris LeVert,1610612737,ATL,G,30,64,64,1,247,570,0.433,0.458,-0.024
2024-25,201566,Russell Westbrook,1610612743,DEN,G,36,75,75,1,244,564,0.433,0.461,-0.028
2024-25,1629661,Cameron Johnson,1610612751,BKN,F,29,57,57,1,262,561,0.467,0.467,0
2024-25,1629673,Jordan Poole,1610612764,WAS,G,26,67,67,1,266,555,0.479,0.453,0.026
2024-25,1630533,Ziaire Williams,1610612751,BKN,F,23,63,63,1,254,553,0.459,0.454,0.005
2024-25,1629631,De'Andre Hunter,1610612739,CLE,F-G,27,64,64,1,259,552,0.469,0.463,0.006
2024-25,1641726,Dereck Lively II,1610612742,DAL,C,21,36,36,1,243,550,0.442,0.482,-0.04
2024-25,201939,Stephen Curry,1610612744,GSW,G,37,70,70,1,248,550,0.451,0.457,-0.006
2024-25,1630172,Patrick Williams,1610612741,CHI,F,23,62,62,1,269,549,0.49,0.472,0.018
2024-25,202691,Klay Thompson,1610612742,DAL,G,35,72,72,1,248,546,0.454,0.46,-0.006
2024-25,1631106,Tari Eason,1610612745,HOU,F,24,57,57,1,243,545,0.446,0.475,-0.029
2024-25,202710,Jimmy Butler III,1610612744,GSW,F,35,55,55,1,262,544,0.482,0.463,0.019
2024-25,203994,Jusuf Nurkić,1610612766,CHA,C,30,51,51,1,262,544,0.482,0.498,-0.016
2024-25,1629028,Deandre Ayton,1610612757,POR,C,26,40,40,1,247,544,0.454,0.487,-0.033
2024-25,1630551,Justin Champagnie,1610612764,WAS,G-F,24,58,58,1,228,543,0.42,0.46,-0.04
2024-25,1642367,Jonathan Mogbo,1610612761,TOR,F,23,62,62,1,241,539,0.447,0.462,-0.015
2024-25,1626156,D'Angelo Russell,1610612751,BKN,G,29,58,58,1,251,537,0.467,0.456,0.012
2024-25,203484,Kentavious Caldwell-Pope,1610612763,MEM,G,32,76,76,1,265,535,0.495,0.459,0.037
2024-25,1628960,Grayson Allen,1610612756,PHX,G,29,64,64,1,263,533,0.493,0.455,0.039
2024-25,1630173,Precious Achiuwa,1610612752,NYK,F,25,57,57,1,258,533,0.484,0.479,0.005
2024-25,1630170,Devin Vassell,1610612759,SAS,G-F,24,64,64,1,271,531,0.51,0.462,0.049
2024-25,1629018,Gary Trent Jr.,1610612749,MIL,G,26,73,73,1,255,530,0.481,0.451,0.03
2024-25,1628380,Zach Collins,1610612741,CHI,F-C,27,63,63,1,235,529,0.444,0.486,-0.042
2024-25,203932,Aaron Gordon,1610612743,DEN,F,29,51,51,1,252,529,0.476,0.476,0
2024-25,203991,Clint Capela,1610612737,ATL,C,31,55,55,1,243,529,0.459,0.49,-0.03
2024-25,201144,Mike Conley,1610612750,MIN,G,37,70,70,1,248,527,0.471,0.457,0.013
2024-25,1626179,Terry Rozier,1610612748,MIA,G,31,63,63,1,249,527,0.472,0.449,0.023
2024-25,1630548,Johnny Juzang,1610612762,UTA,G,24,64,64,1,276,527,0.524,0.464,0.06
2024-25,1630541,Moses Moody,1610612744,GSW,G,23,73,73,1,248,525,0.472,0.458,0.014
2024-25,1629216,Gabe Vincent,1610612747,LAL,G,29,72,72,1,237,522,0.454,0.456,-0.002
2024-25,1629130,Duncan Robinson,1610612748,MIA,F,31,74,74,1,247,518,0.477,0.458,0.019
2024-25,1630526,Jeremiah Robinson-Earl,1610612740,NOP,F,24,66,66,1,240,516,0.465,0.464,0.001
2024-25,1629634,Brandon Clarke,1610612763,MEM,F,28,64,64,1,228,516,0.442,0.467,-0.026
2024-25,1628378,Donovan Mitchell,1610612739,CLE,G,28,71,71,1,224,515,0.435,0.457,-0.022
2024-25,1641722,Jordan Hawkins,1610612740,NOP,G,23,55,55,1,250,512,0.488,0.458,0.03
2024-25,1630167,Obi Toppin,1610612754,IND,F,27,79,79,1,261,511,0.511,0.464,0.046
2024-25,1629637,Jaxson Hayes,1610612747,LAL,C-F,25,56,56,1,223,511,0.436,0.479,-0.043
2024-25,1641764,Brandin Podziemski,1610612744,GSW,G,22,63,63,1,240,511,0.47,0.462,0.008
2024-25,1631124,Julian Strawther,1610612743,DEN,G,23,64,64,1,240,506,0.474,0.449,0.025
2024-25,1631107,Nikola Jović,1610612748,MIA,F,22,46,46,1,218,503,0.433,0.459,-0.025
2024-25,1629599,Amir Coffey,1610612746,LAC,G-F,28,72,72,1,238,498,0.478,0.457,0.021
2024-25,1641737,Adem Bona,1610612755,PHI,F,22,50,50,1,228,497,0.459,0.476,-0.018
2024-25,203992,Bogdan Bogdanović,1610612746,LAC,G,32,54,54,1,246,497,0.495,0.461,0.034
2024-25,1630178,Tyrese Maxey,1610612755,PHI,G,24,52,52,1,224,494,0.453,0.452,0.001
2024-25,1628997,Caleb Martin,1610612742,DAL,F,29,45,45,1,235,493,0.477,0.454,0.023
2024-25,1641711,Gradey Dick,1610612761,TOR,G-F,21,54,54,1,249,491,0.507,0.461,0.046
2024-25,1630198,Isaiah Joe,1610612760,OKC,G,25,74,74,1,217,490,0.443,0.455,-0.012
2024-25,1630241,Sam Merrill,1610612739,CLE,G,29,71,71,1,220,489,0.45,0.448,0.002
2024-25,1629731,Dean Wade,1610612739,CLE,F-C,28,59,59,1,227,487,0.466,0.468,-0.001
2024-25,202681,Kyrie Irving,1610612742,DAL,G,33,50,50,1,230,486,0.473,0.461,0.012
2024-25,1642261,Dalton Knecht,1610612747,LAL,F,24,74,74,1,238,485,0.491,0.458,0.033
2024-25,1629622,Max Strus,1610612739,CLE,G-F,29,50,50,1,235,484,0.486,0.462,0.024
2024-25,1630557,Corey Kispert,1610612764,WAS,F,26,61,61,1,230,483,0.476,0.455,0.021
2024-25,1629674,Neemias Queta,1610612738,BOS,C,25,57,57,1,220,481,0.457,0.474,-0.016
2024-25,1631222,Jake LaRavia,1610612758,SAC,F,23,66,66,1,233,480,0.485,0.454,0.032
2024-25,1641783,Tristan da Silva,1610612753,ORL,F,24,74,74,1,231,477,0.484,0.464,0.021
2024-25,1641709,Ausar Thompson,1610612765,DET,G-F,22,59,59,1,184,477,0.386,0.464,-0.078
2024-25,1626181,Norman Powell,1610612746,LAC,G,32,60,60,1,234,477,0.491,0.454,0.036
2024-25,1630552,Jalen Johnson,1610612737,ATL,F,23,36,36,1,218,477,0.457,0.468,-0.011
2024-25,201587,Nicolas Batum,1610612746,LAC,G-F,36,77,77,1,189,476,0.397,0.468,-0.071
2024-25,1629750,Javonte Green,1610612739,CLE,G,31,67,67,1,204,475,0.429,0.465,-0.035
2024-25,1630573,Sam Hauser,1610612738,BOS,F,27,70,70,1,234,475,0.493,0.453,0.039
2024-25,1631218,Trayce Jackson-Davis,1610612744,GSW,F,25,59,59,1,226,474,0.477,0.478,-0.001
2024-25,1642345,Oso Ighodaro,1610612756,PHX,F,22,57,57,1,219,473,0.463,0.469,-0.006
2024-25,1629611,Terance Mann,1610612737,ATL,G-F,28,67,67,1,222,471,0.471,0.458,0.013
2024-25,1641730,Noah Clowney,1610612751,BKN,F-C,20,46,46,1,212,462,0.459,0.467,-0.008
2024-25,1630188,Jalen Smith,1610612741,CHI,F-C,25,62,62,1,215,459,0.468,0.474,-0.006
2024-25,1628374,Lauri Markkanen,1610612762,UTA,F-C,28,47,47,1,223,458,0.487,0.473,0.014
2024-25,1628381,John Collins,1610612762,UTA,F-C,27,40,40,1,211,456,0.463,0.474,-0.012
2024-25,1629630,Ja Morant,1610612763,MEM,G,25,50,50,1,201,454,0.443,0.453,-0.01
2024-25,1628978,Donte DiVincenzo,1610612750,MIN,G,28,62,62,1,206,453,0.455,0.449,0.006
2024-25,202331,Paul George,1610612755,PHI,F,35,41,41,1,217,451,0.481,0.464,0.017
2024-25,1630643,Jay Huff,1610612763,MEM,C,27,60,60,1,217,449,0.483,0.482,0.001
2024-25,1628418,Thomas Bryant,1610612754,IND,C-F,27,64,64,1,223,445,0.501,0.491,0.011
2024-25,1630245,Ayo Dosunmu,1610612741,CHI,G,25,45,45,1,218,443,0.492,0.456,0.037
2024-25,1629660,Ty Jerome,1610612739,CLE,G-F,27,69,69,1,223,442,0.505,0.454,0.051
2024-25,204456,T.J. McConnell,1610612754,IND,G,33,78,78,1,187,442,0.423,0.441,-0.018
2024-25,1641729,Brice Sensabaugh,1610612762,UTA,F,21,70,70,1,225,438,0.514,0.456,0.058
2024-25,1631096,Chet Holmgren,1610612760,OKC,C-F,23,32,32,1,183,438,0.418,0.488,-0.07
2024-25,1630174,Aaron Nesmith,1610612754,IND,G-F,25,45,45,1,200,435,0.46,0.458,0.002
2024-25,203924,Jerami Grant,1610612757,POR,F,31,47,47,1,194,435,0.446,0.469,-0.023
2024-25,1629012,Collin Sexton,1610612762,UTA,G,26,63,63,1,200,433,0.462,0.462,0
2024-25,1642347,Jamal Shead,1610612761,TOR,G,22,75,75,1,202,430,0.47,0.444,0.026
2024-25,1631213,Tyrese Martin,1610612751,BKN,F,26,56,56,1,215,429,0.501,0.46,0.041
2024-25,1628998,Cody Martin,1610612756,PHX,F,29,52,52,1,206,429,0.48,0.468,0.012
2024-25,1642275,Tidjane Salaün,1610612766,CHA,F,19,58,58,1,199,429,0.464,0.459,0.005
2024-25,1631255,Karlo Matković,1610612740,NOP,F-C,24,42,42,1,206,423,0.487,0.483,0.004
2024-25,1642348,Justin Edwards,1610612755,PHI,F,21,44,44,1,191,423,0.452,0.455,-0.003
2024-25,1642262,Cody Williams,1610612762,UTA,F,20,50,50,1,218,423,0.515,0.451,0.065
2024-25,1628371,Jonathan Isaac,1610612753,ORL,F,27,71,71,1,189,421,0.449,0.475,-0.026
2024-25,1628379,Luke Kennard,1610612763,MEM,G,29,65,65,1,197,417,0.472,0.453,0.019
2024-25,203500,Steven Adams,1610612745,HOU,C,31,54,54,1,189,406,0.466,0.489,-0.024
2024-25,203482,Kelly Olynyk,1610612740,NOP,F-C,34,44,44,1,202,406,0.498,0.475,0.022
2024-25,1630249,Vít Krejčí,1610612737,ATL,G,25,55,55,1,183,406,0.451,0.453,-0.003
2024-25,1631115,Orlando Robinson,1610612761,TOR,C,24,43,43,1,174,405,0.43,0.47,-0.04
2024-25,1630631,Jose Alvarado,1610612740,NOP,G,27,56,56,1,175,404,0.433,0.454,-0.021
2024-25,1627936,Alex Caruso,1610612760,OKC,G,31,54,54,1,157,403,0.39,0.466,-0.076
2024-25,1631323,Simone Fontecchio,1610612765,DET,F,29,74,74,1,192,400,0.48,0.459,0.021
2024-25,1641733,Nick Smith Jr.,1610612766,CHA,G,21,57,57,1,194,398,0.487,0.452,0.036
2024-25,1630175,Cole Anthony,1610612763,MEM,G,25,63,63,1,189,398,0.475,0.456,0.019
2024-25,1629234,Drew Eubanks,1610612746,LAC,F-C,28,58,58,1,168,398,0.422,0.482,-0.06
2024-25,1641767,Ben Sheppard,1610612754,IND,G,23,61,61,1,172,393,0.438,0.452,-0.014
2024-25,1630163,LaMelo Ball,1610612766,CHA,G,23,47,47,1,189,391,0.483,0.451,0.033
2024-25,1631119,Jaylin Williams,1610612760,OKC,F,23,47,47,1,156,384,0.406,0.478,-0.071
2024-25,1641763,Julian Phillips,1610612741,CHI,F,21,77,77,1,177,382,0.463,0.46,0.003
2024-25,1642266,Ja'Kobe Walter,1610612761,TOR,G,20,52,52,1,179,379,0.472,0.453,0.019
2024-25,1630549,Day'Ron Sharpe,1610612751,BKN,C,23,50,50,1,167,377,0.443,0.477,-0.034
2024-25,1641716,Jarace Walker,1610612754,IND,F,21,67,67,1,204,376,0.543,0.451,0.091
2024-25,1641741,Ricky Council IV,1610612755,PHI,G,23,66,66,1,179,376,0.476,0.456,0.02
2024-25,1630171,Isaac Okoro,1610612739,CLE,F-G,24,53,53,1,171,371,0.461,0.457,0.004
2024-25,1629610,DaQuan Jeffries,1610612766,CHA,G-F,27,45,45,1,163,368,0.443,0.456,-0.014
2024-25,1630625,Dalano Banton,1610612757,POR,F,25,64,64,1,157,366,0.429,0.457,-0.028
2024-25,203937,Kyle Anderson,1610612748,MIA,F-G,31,57,57,1,166,366,0.454,0.467,-0.013
2024-25,1630228,Jonathan Kuminga,1610612744,GSW,F,22,47,47,1,158,363,0.435,0.467,-0.032
2024-25,1641842,Ronald Holland II,1610612765,DET,F,19,79,79,1,170,358,0.475,0.456,0.019
2024-25,1627732,Ben Simmons,1610612746,LAC,G-F,28,51,51,1,166,357,0.465,0.473,-0.008
2024-25,1630572,Sandro Mamukelashvili,1610612759,SAS,F-C,26,58,58,1,174,356,0.489,0.463,0.026
2024-25,1630695,Micah Potter,1610612762,UTA,C,27,38,38,1,153,355,0.431,0.465,-0.034
2024-25,1642366,Quinten Post,1610612744,GSW,C,25,40,40,1,163,351,0.464,0.477,-0.012
2024-25,1630215,Jared Butler,1610612755,PHI,G,24,57,57,1,148,345,0.429,0.448,-0.019
2024-25,1631207,Dalen Terry,1610612741,CHI,F,22,71,71,1,148,344,0.43,0.452,-0.022
2024-25,1641796,Pelle Larsson,1610612748,MIA,G,24,50,50,1,164,341,0.481,0.45,0.03
2024-25,1641748,Andre Jackson Jr.,1610612749,MIL,G,23,58,58,1,161,340,0.474,0.452,0.022
2024-25,203083,Andre Drummond,1610612755,PHI,C,31,39,39,1,174,338,0.515,0.481,0.034
2024-25,202695,Kawhi Leonard,1610612746,LAC,F,34,37,37,1,163,335,0.487,0.466,0.02
2024-25,1630591,Jalen Suggs,1610612753,ORL,G,24,35,35,1,155,333,0.465,0.468,-0.003
2024-25,1642419,Jamison Battle,1610612761,TOR,F,24,54,54,1,153,329,0.465,0.453,0.012
2024-25,1630570,Trendon Watford,1610612751,BKN,G-F,24,43,43,1,144,327,0.44,0.462,-0.022
2024-25,1630192,Zeke Nnaji,1610612743,DEN,F-C,24,50,50,1,136,326,0.417,0.463,-0.046
2024-25,1629026,Kenrich Williams,1610612760,OKC,G-F,30,69,69,1,140,321,0.436,0.459,-0.023
2024-25,1630611,Gui Santos,1610612744,GSW,F,23,55,55,1,160,320,0.5,0.462,0.039
2024-25,1628467,Maxi Kleber,1610612747,LAL,F,33,34,34,1,165,319,0.517,0.469,0.048
2024-25,1627749,Dejounte Murray,1610612740,NOP,G,28,31,31,1,171,316,0.541,0.468,0.073
2024-25,1631200,Kris Murray,1610612757,POR,F,24,57,57,1,160,315,0.508,0.455,0.053
2024-25,203939,Dwight Powell,1610612742,DAL,F-C,33,47,47,1,148,314,0.471,0.48,-0.009
2024-25,1627780,Gary Payton II,1610612744,GSW,G,32,61,61,1,147,312,0.471,0.457,0.014
2024-25,1630527,Brandon Boston,1610612740,NOP,G,23,42,42,1,159,305,0.521,0.456,0.066
2024-25,1628971,Bruce Brown,1610612740,NOP,G-F,28,41,41,1,148,299,0.495,0.464,0.031
2024-25,1630231,KJ Martin,1610612762,UTA,F,24,42,42,1,121,297,0.407,0.461,-0.054
2024-25,1626166,Cameron Payne,1610612752,NYK,G,30,72,72,1,134,297,0.451,0.455,-0.004
2024-25,1628449,Chris Boucher,1610612761,TOR,F,32,49,49,1,130,291,0.447,0.462,-0.015
2024-25,203903,Jordan Clarkson,1610612762,UTA,G,33,37,37,1,150,290,0.517,0.467,0.05
2024-25,1641706,Brandon Miller,1610612766,CHA,F,22,26,26,1,138,288,0.479,0.464,0.015
2024-25,1631093,Jaden Ivey,1610612765,DET,G,23,30,30,1,138,287,0.481,0.456,0.025
2024-25,1630556,Kessler Edwards,1610612742,DAL,F,24,33,33,1,152,286,0.531,0.472,0.059
2024-25,1628366,Lonzo Ball,1610612741,CHI,G,27,34,34,1,132,286,0.462,0.456,0.006
2024-25,1628988,Aaron Holiday,1610612745,HOU,G,28,58,58,1,125,284,0.44,0.449,-0.009
2024-25,1641774,Tristan Vukcevic,1610612764,WAS,F,22,30,30,1,143,282,0.507,0.462,0.045
2024-25,203954,Joel Embiid,1610612755,PHI,C-F,31,19,19,1,139,281,0.495,0.482,0.012
2024-25,1629013,Landry Shamet,1610612752,NYK,G,28,48,48,1,147,281,0.523,0.453,0.07
2024-25,1629627,Zion Williamson,1610612740,NOP,F,24,30,30,1,127,280,0.454,0.463,-0.009
2024-25,1631157,Ryan Rollins,1610612749,MIL,G,22,52,52,1,120,279,0.43,0.452,-0.022
2024-25,203114,Khris Middleton,1610612764,WAS,F,33,37,37,1,126,275,0.458,0.451,0.007
2024-25,202692,Alec Burks,1610612748,MIA,G,33,49,49,1,123,274,0.449,0.452,-0.003
2024-25,1630200,Tre Jones,1610612741,CHI,G,25,46,46,1,129,269,0.48,0.451,0.028
2024-25,1642354,KJ Simpson,1610612766,CHA,G,22,34,34,1,142,267,0.532,0.452,0.08
2024-25,1630193,Immanuel Quickley,1610612761,TOR,G,26,33,33,1,129,266,0.485,0.443,0.042
2024-25,1628464,Daniel Theis,1610612740,NOP,F-C,33,38,38,1,123,264,0.466,0.479,-0.013
2024-25,201599,DeAndre Jordan,1610612743,DEN,C,36,53,53,1,104,262,0.397,0.491,-0.094
2024-25,1629659,Talen Horton-Tucker,1610612741,CHI,G,24,53,53,1,112,260,0.431,0.442,-0.011
2024-25,203552,Seth Curry,1610612766,CHA,G,34,64,64,1,131,260,0.504,0.457,0.047
2024-25,1630579,Jericho Sims,1610612749,MIL,C,26,47,47,1,112,257,0.436,0.473,-0.037
2024-25,1631133,Jabari Walker,1610612757,POR,F,22,53,53,1,124,257,0.482,0.461,0.022
2024-25,1629726,Garrison Mathews,1610612737,ATL,G,28,44,44,1,116,254,0.457,0.445,0.011
2024-25,1631204,Marcus Sasser,1610612765,DET,G,24,51,51,1,106,252,0.421,0.448,-0.028
2024-25,1642263,Reed Sheppard,1610612745,HOU,G,21,51,51,1,116,252,0.46,0.451,0.009
2024-25,1630322,Lindy Waters III,1610612765,DET,F,27,46,46,1,139,252,0.552,0.454,0.097
2024-25,1629111,Jock Landale,1610612745,HOU,C,29,38,38,1,129,251,0.514,0.476,0.038
2024-25,202687,Bismack Biyombo,1610612759,SAS,C,32,27,27,1,120,246,0.488,0.501,-0.013
2024-25,1629646,Charles Bassey,1610612759,SAS,C-F,24,31,31,1,106,246,0.431,0.488,-0.057
2024-25,1641871,Duop Reath,1610612757,POR,C,29,42,42,1,122,242,0.504,0.48,0.025
2024-25,1626192,Pat Connaughton,1610612749,MIL,G,32,40,40,1,115,240,0.479,0.451,0.028
2024-25,1629004,Svi Mykhailiuk,1610612762,UTA,G-F,28,37,37,1,119,237,0.502,0.462,0.04
2024-25,1630702,Jaden Hardy,1610612742,DAL,G,22,49,49,1,111,237,0.468,0.452,0.016
2024-25,1630539,Kai Jones,1610612742,DAL,C-F,24,36,36,1,110,236,0.466,0.477,-0.011
2024-25,1629684,Grant Williams,1610612766,CHA,F,26,16,16,1,108,236,0.458,0.486,-0.028
2024-25,1630560,Cam Thomas,1610612751,BKN,G,23,25,25,1,124,234,0.53,0.467,0.063
2024-25,1629003,Shake Milton,1610612747,LAL,G,28,48,48,1,121,234,0.517,0.453,0.064
2024-25,1641765,Olivier-Maxence Prosper,1610612742,DAL,F,22,47,47,1,107,234,0.457,0.458,-0.001
2024-25,1629723,John Konchar,1610612763,MEM,G,29,41,41,1,105,233,0.451,0.454,-0.003
2024-25,1626158,Richaun Holmes,1610612764,WAS,F,31,31,31,1,103,231,0.446,0.485,-0.039
2024-25,1642358,AJ Johnson,1610612764,WAS,G,20,26,26,1,108,230,0.47,0.443,0.027
2024-25,1629618,Jalen Pickett,1610612743,DEN,G,25,42,42,1,94,229,0.41,0.452,-0.042
2024-25,1630194,Paul Reed,1610612765,DET,F,26,44,44,1,104,225,0.462,0.48,-0.018
2024-25,1628964,Mo Bamba,1610612740,NOP,C,27,32,32,1,99,223,0.444,0.468,-0.024
2024-25,1641787,Tosan Evbuomwan,1610612751,BKN,F,24,28,28,1,97,223,0.435,0.457,-0.022
2024-25,1630529,Herbert Jones,1610612740,NOP,F,26,20,20,1,116,222,0.523,0.459,0.063
2024-25,1642272,Jared McCain,1610612755,PHI,G,21,23,23,1,113,220,0.514,0.457,0.056
2024-25,202709,Cory Joseph,1610612753,ORL,G,33,46,46,1,107,215,0.498,0.454,0.044
2024-25,200768,Kyle Lowry,1610612755,PHI,G,39,35,35,1,103,213,0.484,0.46,0.024
2024-25,1626153,Delon Wright,1610612752,NYK,G,33,36,36,1,94,211,0.445,0.448,-0.003
2024-25,1629006,Josh Okogie,1610612766,CHA,G,26,38,38,1,86,211,0.408,0.461,-0.054
2024-25,203914,Gary Harris,1610612753,ORL,G,30,45,45,1,89,210,0.424,0.454,-0.031
2024-25,1641715,Cam Whitmore,1610612745,HOU,F,20,47,47,1,85,208,0.409,0.449,-0.041
2024-25,1631243,Mouhamed Gueye,1610612737,ATL,F,22,32,32,1,92,207,0.444,0.457,-0.013
2024-25,1630658,Colin Castleton,1610612761,TOR,C,25,24,24,1,89,205,0.434,0.454,-0.02
2024-25,1641854,Craig Porter Jr.,1610612739,CLE,G,25,45,45,1,95,204,0.466,0.44,0.026
2024-25,1629020,Jarred Vanderbilt,1610612747,LAL,F,26,36,36,1,96,204,0.471,0.47,0
2024-25,201569,Eric Gordon,1610612755,PHI,G,36,38,38,1,92,201,0.458,0.459,-0.001
2024-25,1631216,Caleb Houstan,1610612753,ORL,G,22,54,54,1,97,200,0.485,0.455,0.03
2024-25,1641998,Trey Jemison III,1610612747,LAL,C,25,33,33,1,86,199,0.432,0.467,-0.035
2024-25,1641724,Jett Howard,1610612753,ORL,G,21,52,52,1,86,197,0.437,0.451,-0.015
2024-25,203995,Vasilije Micic,1610612756,PHX,G,31,40,40,1,93,197,0.472,0.458,0.014
2024-25,201959,Taj Gibson,1610612766,CHA,F,40,36,36,1,81,196,0.413,0.48,-0.067
2024-25,1629021,Moritz Wagner,1610612753,ORL,F-C,28,29,29,1,99,194,0.51,0.482,0.028
2024-25,1631230,Dominick Barlow,1610612737,ATL,F,22,32,32,1,93,194,0.479,0.46,0.019
2024-25,1626204,Larry Nance Jr.,1610612737,ATL,F-C,32,23,23,1,96,193,0.497,0.47,0.028
2024-25,203458,Alex Len,1610612747,LAL,C,32,38,38,1,98,192,0.51,0.486,0.025
2024-25,203935,Marcus Smart,1610612764,WAS,G,31,33,33,1,81,190,0.426,0.456,-0.03
2024-25,1627763,Malcolm Brogdon,1610612764,WAS,G,32,24,24,1,99,190,0.521,0.458,0.063
2024-25,1631104,Blake Wesley,1610612759,SAS,G,22,51,51,1,91,188,0.484,0.443,0.041
2024-25,1631288,Jamal Cain,1610612740,NOP,F,26,34,34,1,77,188,0.41,0.452,-0.042
2024-25,202684,Tristan Thompson,1610612739,CLE,C-F,34,37,37,1,83,186,0.446,0.46,-0.014
2024-25,1642349,Ajay Mitchell,1610612760,OKC,G,23,36,36,1,88,186,0.473,0.445,0.029
2024-25,1630256,Jae'Sean Tate,1610612745,HOU,F,29,46,46,1,80,186,0.43,0.464,-0.034
2024-25,1629626,Bol Bol,1610612756,PHX,C-F,25,32,32,1,88,185,0.476,0.469,0.006
2024-25,1642281,Jaylon Tyson,1610612739,CLE,G-F,22,38,38,1,72,183,0.393,0.442,-0.048
2024-25,1630811,Keaton Wallace,1610612737,ATL,G,26,28,28,1,87,182,0.478,0.458,0.02
2024-25,1629629,Cam Reddish,1610612747,LAL,F-G,25,32,32,1,85,182,0.467,0.464,0.003
2024-25,1630692,Jordan Goodwin,1610612747,LAL,G,26,27,27,1,100,180,0.556,0.468,0.087
2024-25,1641794,Dillon Jones,1610612760,OKC,F,23,45,45,1,74,179,0.413,0.448,-0.035
2024-25,1631221,Collin Gillespie,1610612756,PHX,G,26,30,30,1,94,177,0.531,0.449,0.082
2024-25,1630288,Jeff Dowtin Jr.,1610612755,PHI,G,28,35,35,1,82,174,0.471,0.452,0.02
2024-25,1641810,Antonio Reeves,1610612740,NOP,G,24,39,39,1,97,174,0.557,0.448,0.109
2024-25,1631132,Christian Koloko,1610612747,LAL,C,25,35,35,1,75,174,0.431,0.471,-0.04
2024-25,1641816,Hunter Tyson,1610612743,DEN,F,25,45,45,1,86,173,0.497,0.452,0.045
2024-25,1629057,Robert Williams III,1610612757,POR,C-F,27,20,20,1,57,173,0.329,0.47,-0.14
2024-25,1641732,Colby Jones,1610612764,WAS,G,23,29,29,1,75,171,0.439,0.446,-0.007
2024-25,1628420,Monte Morris,1610612756,PHX,G,30,42,42,1,69,169,0.408,0.445,-0.036
2024-25,1631223,David Roddy,1610612745,HOU,F,24,31,31,1,82,168,0.488,0.452,0.036
2024-25,1641740,Jaylen Clark,1610612750,MIN,G,23,37,37,1,78,167,0.467,0.463,0.004
2024-25,1631246,Vince Williams Jr.,1610612763,MEM,G,24,26,26,1,95,167,0.569,0.475,0.094
2024-25,1630314,Brandon Williams,1610612742,DAL,G,25,27,27,1,87,166,0.524,0.455,0.07
2024-25,1627742,Brandon Ingram,1610612761,TOR,F,27,18,18,1,89,164,0.543,0.467,0.076
2024-25,1642265,Rob Dillingham,1610612750,MIN,G,20,41,41,1,73,161,0.453,0.444,0.01
2024-25,1641713,GG Jackson,1610612763,MEM,F,20,27,27,1,77,157,0.49,0.464,0.027
2024-25,1631172,Ousmane Dieng,1610612760,OKC,F,22,35,35,1,66,156,0.423,0.447,-0.024
2024-25,201145,Jeff Green,1610612745,HOU,F,38,32,32,1,80,154,0.519,0.455,0.064
2024-25,203901,Elfrid Payton,1610612740,NOP,G,31,24,24,1,66,150,0.44,0.449,-0.009
2024-25,1628963,Marvin Bagley III,1610612763,MEM,F,26,27,27,1,60,150,0.4,0.497,-0.097
2024-25,1630243,Trevelin Queen,1610612753,ORL,G,28,28,28,1,71,150,0.473,0.453,0.021
2024-25,1642277,Johnny Furphy,1610612754,IND,G,20,37,37,1,76,147,0.517,0.438,0.079
2024-25,1642024,Alex Reese,1610612755,PHI,F-C,26,15,15,1,78,145,0.538,0.466,0.072
2024-25,1631245,Quenton Jackson,1610612754,IND,G,26,25,25,1,70,144,0.486,0.44,0.046
2024-25,1642403,Isaac Jones,1610612758,SAC,F,24,33,33,1,68,142,0.479,0.463,0.016
2024-25,1631111,Wendell Moore Jr.,1610612766,CHA,G,23,29,29,1,76,140,0.543,0.454,0.089
2024-25,1642382,Branden Carlson,1610612760,OKC,C,26,23,23,1,54,138,0.391,0.452,-0.061
2024-25,1641878,Damion Baugh,1610612766,CHA,G,24,15,15,1,77,138,0.558,0.46,0.098
2024-25,1628470,Torrey Craig,1610612738,BOS,F,34,25,25,1,53,137,0.387,0.45,-0.063
2024-25,1641712,Rayan Rupert,1610612757,POR,G-F,21,35,35,1,56,137,0.409,0.449,-0.04
2024-25,1641775,Jordan Walsh,1610612738,BOS,G,21,40,40,1,64,136,0.471,0.451,0.019
2024-25,1629022,Lonnie Walker IV,1610612755,PHI,G-F,26,17,17,1,73,136,0.537,0.451,0.086
2024-25,202704,Reggie Jackson,1610612755,PHI,G,35,30,30,1,66,134,0.493,0.457,0.036
2024-25,1641757,Jordan Miller,1610612746,LAC,G,25,29,29,1,71,133,0.534,0.452,0.082
2024-25,1630264,Anthony Gill,1610612764,WAS,F,32,39,39,1,65,132,0.492,0.459,0.034
2024-25,1642269,Devin Carter,1610612758,SAC,G,23,33,33,1,69,130,0.531,0.457,0.073
2024-25,1631131,Oscar Tshiebwe,1610612762,UTA,F-C,25,14,14,1,65,129,0.504,0.476,0.028
2024-25,203926,Doug McDermott,1610612758,SAC,F,33,36,36,1,56,129,0.434,0.444,-0.01
2024-25,1630574,Ariel Hukporti,1610612752,NYK,C,23,22,22,1,49,125,0.392,0.476,-0.084
2024-25,1630639,A.J. Lawson,1610612761,TOR,G,24,24,24,1,57,125,0.456,0.437,0.019
2024-25,1631232,Keion Brooks Jr.,1610612740,NOP,F,24,13,13,1,70,124,0.565,0.457,0.108
2024-25,1629011,Mitchell Robinson,1610612752,NYK,C-F,27,17,17,1,49,118,0.415,0.491,-0.076
2024-25,1628975,Jevon Carter,1610612741,CHI,G,29,29,29,1,50,117,0.427,0.444,-0.017
2024-25,1631248,Baylor Scheierman,1610612738,BOS,G,24,26,26,1,45,116,0.388,0.449,-0.061
2024-25,203957,Dante Exum,1610612742,DAL,G,29,20,20,1,59,116,0.509,0.461,0.047
2024-25,1630568,Luka Garza,1610612750,MIN,C,26,34,34,1,55,115,0.478,0.472,0.006
2024-25,1641736,Reece Beekman,1610612751,BKN,G,23,32,32,1,55,112,0.491,0.454,0.037
2024-25,1631169,Josh Minott,1610612750,MIN,F,22,37,37,1,49,111,0.441,0.443,-0.001
2024-25,1641720,Jalen Hood-Schifino,1610612755,PHI,G,22,15,15,1,51,111,0.459,0.448,0.012
2024-25,1631103,Malaki Branham,1610612759,SAS,F,22,36,36,1,49,110,0.445,0.446,0
2024-25,1641721,Maxwell Lewis,1610612751,BKN,F,22,20,20,1,53,107,0.495,0.469,0.026
2024-25,201567,Kevin Love,1610612748,MIA,F-C,36,22,22,1,59,106,0.557,0.497,0.06
2024-25,1630214,Xavier Tillman,1610612738,BOS,F,26,28,28,1,56,103,0.544,0.463,0.081
2024-25,1630283,Kylor Kelley,1610612747,LAL,C,27,11,11,1,53,103,0.515,0.489,0.026
2024-25,203967,Dario Saric,1610612743,DEN,F-C,31,15,15,1,54,101,0.535,0.481,0.054
2024-25,1631166,Drew Timme,1610612751,BKN,F,24,9,9,1,47,101,0.465,0.461,0.004
2024-25,1629162,Jordan McLaughlin,1610612759,SAS,G,29,37,37,1,46,101,0.455,0.43,0.025
2024-25,1630544,Tre Mann,1610612766,CHA,G,24,13,13,1,41,101,0.406,0.451,-0.045
2024-25,1630696,Dru Smith,1610612748,MIA,G,27,14,14,1,42,100,0.42,0.454,-0.034
2024-25,1630531,Jaden Springer,1610612762,UTA,G,22,28,28,1,42,95,0.442,0.447,-0.005
2024-25,1630545,Terrence Shannon Jr,1610612750,MIN,G-F,24,28,28,1,41,94,0.436,0.452,-0.016
2024-25,1630542,Marcus Bagley,1610612755,PHI,F,23,10,10,1,37,94,0.394,0.458,-0.065
2024-25,201988,Patty Mills,1610612746,LAC,G,36,26,26,1,42,93,0.452,0.452,-0.001
2024-25,1642278,Tyler Kolek,1610612752,NYK,G,24,25,25,1,38,91,0.418,0.443,-0.026
2024-25,1641798,Jaylen Martin,1610612764,WAS,G,21,13,13,1,44,90,0.489,0.432,0.057
2024-25,1630550,JT Thor,1610612764,WAS,F,22,18,18,1,30,84,0.357,0.447,-0.09
2024-25,1641738,Kobe Brown,1610612746,LAC,F,25,26,26,1,41,83,0.494,0.472,0.022
2024-25,1641727,Dariq Whitehead,1610612751,BKN,G-F,20,14,14,1,44,82,0.537,0.449,0.088
2024-25,1631098,Johnny Davis,1610612764,WAS,G,23,26,26,1,32,82,0.39,0.451,-0.06
2024-25,1631197,Jared Rhoden,1610612761,TOR,G,25,10,10,1,42,82,0.512,0.447,0.066
2024-25,202066,Garrett Temple,1610612761,TOR,G-F,39,21,21,1,44,79,0.557,0.455,0.102
2024-25,1629680,Matisse Thybulle,1610612757,POR,G-F,28,15,15,1,35,78,0.449,0.465,-0.017
2024-25,1629650,Moses Brown,1610612742,DAL,C,25,10,10,1,34,77,0.442,0.494,-0.052
2024-25,1630538,Bones Hyland,1610612750,MIN,G,24,22,22,1,34,75,0.453,0.441,0.012
2024-25,1630311,Pat Spencer,1610612744,GSW,G,28,27,27,1,42,73,0.575,0.478,0.097
2024-25,1629643,Chuma Okeke,1610612739,CLE,F,26,8,8,1,44,73,0.603,0.46,0.143
2024-25,1628981,Bruno Fernando,1610612761,TOR,F-C,26,15,15,1,35,71,0.493,0.489,0.004
2024-25,1642402,Enrique Freeman,1610612754,IND,F,24,18,18,1,30,69,0.435,0.484,-0.049
2024-25,1630205,Lamar Stevens,1610612763,MEM,F,27,13,13,1,31,68,0.456,0.478,-0.022
2024-25,1631250,Pete Nance,1610612749,MIL,F,25,10,10,1,38,66,0.576,0.474,0.102
2024-25,1628396,Tony Bradley,1610612754,IND,C-F,27,9,9,1,25,64,0.391,0.453,-0.062
2024-25,1631209,Isaiah Wong,1610612766,CHA,G,24,16,16,1,32,63,0.508,0.458,0.05
2024-25,1642285,Cam Spencer,1610612763,MEM,G,25,20,20,1,30,63,0.476,0.454,0.022
2024-25,1631306,Cole Swider,1610612754,IND,F,26,10,10,1,23,60,0.383,0.425,-0.041
2024-25,1628365,Markelle Fultz,1610612758,SAC,G,27,17,17,1,22,60,0.367,0.436,-0.069
2024-25,1642355,Bronny James,1610612747,LAL,G,20,18,18,1,28,60,0.467,0.449,0.018
2024-25,1641745,Adam Flagler,1610612760,OKC,G,25,20,20,1,25,58,0.431,0.428,0.003
2024-25,1629052,Oshae Brissett,1610612755,PHI,F-G,27,6,6,1,29,57,0.509,0.463,0.046
2024-25,1631311,Lester Quinones,1610612740,NOP,G,24,11,11,1,25,56,0.446,0.452,-0.005
2024-25,1630699,MarJon Beauchamp,1610612752,NYK,F,24,27,27,1,20,56,0.357,0.424,-0.067
2024-25,1641989,Elijah Harkless,1610612762,UTA,G,25,10,10,1,23,56,0.411,0.446,-0.035
2024-25,202693,Markieff Morris,1610612747,LAL,F,35,14,14,1,22,55,0.4,0.472,-0.072
2024-25,1630165,Killian Hayes,1610612751,BKN,G,23,6,6,1,27,54,0.5,0.47,0.03
2024-25,1641809,Drew Peterson,1610612738,BOS,F,25,16,16,1,21,51,0.412,0.449,-0.037
2024-25,1629669,Jaylen Nowell,1610612764,WAS,G,25,7,7,1,26,51,0.51,0.455,0.055
2024-25,1631466,Nate Williams,1610612745,HOU,G,26,12,12,1,20,48,0.417,0.455,-0.039
2024-25,1626196,Josh Richardson,1610612748,MIA,G,31,8,8,1,32,48,0.667,0.464,0.202
2024-25,1628427,Vlatko Cancar,1610612743,DEN,F,28,10,10,1,18,48,0.375,0.452,-0.077
2024-25,1630543,Isaiah Jackson,1610612754,IND,F,23,5,5,1,19,48,0.396,0.48,-0.084
2024-25,1627814,Damion Lee,1610612756,PHX,G-F,32,17,17,1,19,47,0.404,0.449,-0.044
2024-25,1631303,Justin Minaya,1610612757,POR,F,26,13,13,1,23,47,0.489,0.464,0.025
2024-25,1641890,Tyler Smith,1610612749,MIL,F,20,15,15,1,19,47,0.404,0.45,-0.045
2024-25,1641723,Kobe Bufkin,1610612737,ATL,G,21,10,10,1,16,47,0.34,0.453,-0.112
2024-25,1642352,Keshad Johnson,1610612748,MIA,F,24,11,11,1,22,45,0.489,0.447,0.042
2024-25,1631301,Jaylen Sims,1610612766,CHA,G,26,6,6,1,16,43,0.372,0.451,-0.079
2024-25,1642359,Pacôme Dadiet,1610612752,NYK,F,19,16,16,1,17,42,0.405,0.428,-0.023
2024-25,1641753,Chris Livingston,1610612749,MIL,F,21,14,14,1,22,42,0.524,0.458,0.066
2024-25,1642461,Spencer Jones,1610612743,DEN,F,24,13,13,1,12,38,0.316,0.453,-0.137
2024-25,1630623,Tyson Etienne,1610612751,BKN,G,25,7,7,1,18,37,0.486,0.444,0.043
2024-25,1630537,Chris Duarte,1610612741,CHI,G,28,13,13,1,16,35,0.457,0.453,0.005
2024-25,1629001,De'Anthony Melton,1610612751,BKN,G,27,6,6,1,14,35,0.4,0.478,-0.078
2024-25,1641725,Trey Alexander,1610612743,DEN,G,22,13,13,1,20,35,0.571,0.454,0.117
2024-25,1630649,Stanley Umude,1610612749,MIL,G,26,16,16,1,18,34,0.529,0.464,0.065
2024-25,1642505,Alex Ducas,1610612760,OKC,G,24,12,12,1,18,33,0.545,0.433,0.113
2024-25,1628995,Kevin Knox II,1610612744,GSW,F,25,8,8,1,15,33,0.455,0.439,0.015
2024-25,1631102,TyTy Washington Jr.,1610612756,PHX,G,23,10,10,1,14,33,0.424,0.453,-0.029
2024-25,1631210,Jacob Toppin,1610612737,ATL,F,25,9,9,1,14,32,0.438,0.415,0.023
2024-25,1641707,Taylor Hendricks,1610612762,UTA,F,21,3,3,1,13,32,0.406,0.486,-0.08
2024-25,1642368,N'Faly Dante,1610612745,HOU,C,23,4,4,1,18,31,0.581,0.484,0.096
2024-25,203109,Jae Crowder,1610612758,SAC,F,34,8,8,1,17,29,0.586,0.467,0.119
2024-25,1631342,Daeqwon Plowden,1610612737,ATL,G-F,26,5,5,1,14,29,0.483,0.434,0.049
2024-25,1631116,Patrick Baldwin Jr.,1610612746,LAC,F,22,15,15,1,14,28,0.5,0.465,0.035
2024-25,1631247,Luke Travers,1610612739,CLE,F,23,9,9,1,12,28,0.429,0.436,-0.008
2024-25,1641790,PJ Hall,1610612743,DEN,C,23,14,14,1,6,27,0.222,0.454,-0.232
2024-25,204060,Joe Ingles,1610612750,MIN,F-G,37,12,12,1,11,27,0.407,0.438,-0.03
2024-25,1641772,Nae'Qwan Tomlin,1610612739,CLE,F,24,5,5,1,10,26,0.385,0.448,-0.064
2024-25,1630346,Matt Ryan,1610612740,NOP,F,28,13,13,1,14,25,0.56,0.447,0.113
2024-25,1631321,Sidy Cissoko,1610612757,POR,G,21,11,11,1,14,24,0.583,0.402,0.181
2024-25,1630604,E.J. Liddell,1610612741,CHI,F,24,9,9,1,15,24,0.625,0.46,0.165
2024-25,1630528,Josh Christopher,1610612748,MIA,G,23,5,5,1,10,23,0.435,0.453,-0.018
2024-25,1642530,Yuki Kawamura,1610612763,MEM,G,24,11,11,1,14,23,0.609,0.445,0.163
2024-25,1641789,Jazian Gortman,1610612742,DAL,G,22,8,8,1,13,23,0.565,0.465,0.1
2024-25,1642484,RayJ Dennis,1610612754,IND,G,24,6,6,1,12,23,0.522,0.423,0.099
2024-25,1629098,Jack McVeigh,1610612745,HOU,G-F,29,7,7,1,10,22,0.455,0.416,0.038
2024-25,1631120,JD Davison,1610612738,BOS,G,22,10,10,1,7,22,0.318,0.446,-0.128
2024-25,1630585,Marcus Garrett,1610612766,CHA,G,26,4,4,1,9,22,0.409,0.44,-0.031
2024-25,1631123,Jamaree Bouyea,1610612749,MIL,G,26,4,4,1,9,21,0.429,0.446,-0.017
2024-25,200782,P.J. Tucker,1610612752,NYK,F,40,3,3,1,11,20,0.55,0.442,0.108
2024-25,1641734,Emoni Bates,1610612739,CLE,F,21,4,4,1,9,19,0.474,0.465,0.009
2024-25,1642279,Ulrich Chomche,1610612761,TOR,C,19,6,6,1,14,19,0.737,0.463,0.274
2024-25,1642353,Cam Christie,1610612746,LAC,G,19,6,6,1,7,17,0.412,0.476,-0.064
2024-25,1642384,Isaiah Crawford,1610612758,SAC,F,23,10,10,1,7,16,0.438,0.454,-0.016
2024-25,1641857,Liam Robbins,1610612749,MIL,C,25,9,9,1,6,16,0.375,0.464,-0.089
2024-25,1630600,Isaiah Mobley,1610612755,PHI,F,25,1,1,1,8,16,0.5,0.466,0.034
2024-25,1642422,Armel Traore,1610612747,LAL,F,22,7,7,1,7,15,0.467,0.468,-0.001
2024-25,1631121,Bryce McGowens,1610612757,POR,G,22,10,10,1,8,14,0.571,0.406,0.166
2024-25,1630201,Malachi Flynn,1610612759,SAS,G,27,3,3,1,6,14,0.429,0.439,-0.011
2024-25,1630762,Phillip Wheeler,1610612755,PHI,F,23,4,4,1,6,13,0.462,0.437,0.025
2024-25,201949,James Johnson,1610612754,IND,F,38,8,8,1,5,13,0.385,0.444,-0.059
2024-25,1642449,Tolu Smith,1610612765,DET,F,24,1,1,1,7,13,0.538,0.462,0.077
2024-25,1630222,Mason Jones,1610612758,SAC,G,26,5,5,1,6,12,0.5,0.425,0.075
2024-25,1630561,David Duke Jr.,1610612759,SAS,G,25,4,4,1,6,12,0.5,0.464,0.036
2024-25,1641752,Bobi Klintman,1610612765,DET,F,22,5,5,1,6,11,0.545,0.4,0.145
2024-25,1642050,Jackson Rowe,1610612744,GSW,F,28,4,4,1,3,11,0.273,0.46,-0.187
2024-25,1642443,Jahmir Young,1610612741,CHI,G,24,5,5,1,7,9,0.778,0.434,0.344
2024-25,1642450,Daniss Jenkins,1610612765,DET,G,23,5,5,1,5,9,0.556,0.454,0.102
2024-25,1628408,PJ Dozier,1610612750,MIN,G-F,28,6,6,1,4,9,0.444,0.434,0.01
2024-25,1641817,Anton Watson,1610612752,NYK,F,24,6,6,1,5,9,0.556,0.438,0.117
2024-25,1641755,Kevin McCullar Jr.,1610612752,NYK,G,24,3,3,1,5,9,0.556,0.471,0.085
2024-25,1641766,Adama Sanogo,1610612741,CHI,F,23,2,2,1,3,9,0.333,0.516,-0.183
2024-25,1631159,Leonard Miller,1610612750,MIN,F,21,6,6,1,5,8,0.625,0.432,0.193
2024-25,1631127,Harrison Ingram,1610612759,SAS,F,22,4,4,1,4,8,0.5,0.447,0.053
2024-25,1641803,Tristen Newton,1610612750,MIN,G,24,3,3,1,3,8,0.375,0.49,-0.115
2024-25,1641936,Miles Norris,1610612738,BOS,F,25,3,3,1,1,8,0.125,0.389,-0.264
2024-25,1642502,Malevy Leons,1610612760,OKC,F,25,5,5,1,5,7,0.714,0.432,0.282
2024-25,1642280,Trentyn Flowers,1610612746,LAC,F,20,4,4,1,3,7,0.429,0.399,0.03
2024-25,1641801,Emanuel Miller,1610612741,CHI,F,25,3,3,1,4,6,0.667,0.439,0.228
2024-25,1631386,Taze Moore,1610612757,POR,G,27,2,2,1,1,6,0.167,0.404,-0.238
2024-25,1642439,Quincy Olivari,1610612747,LAL,G,24,2,2,1,4,6,0.667,0.413,0.254
2024-25,1630227,Daishen Nix,1610612750,MIN,G,23,3,3,1,2,4,0.5,0.421,0.079
2024-25,1630618,D.J. Carton,1610612761,TOR,G,24,2,2,1,3,4,0.75,0.479,0.271
2024-25,1629056,Terence Davis,1610612758,SAC,G,28,1,1,1,2,4,0.5,0.398,0.102
2024-25,1630296,Braxton Key,1610612744,GSW,F,28,1,1,1,3,4,0.75,0.397,0.354
2024-25,1630164,James Wiseman,1610612754,IND,C,24,1,1,1,3,4,0.75,0.446,0.304
2024-25,1641779,Jalen Bridges,1610612756,PHX,F,24,3,3,1,0,3,0,0.414,-0.414
2024-25,1631214,Alondes Williams,1610612746,LAC,G,26,1,1,1,0,3,0,0.392,-0.392
2024-25,1642434,Riley Minix,1610612759,SAS,F,24,1,1,1,0,3,0,0.343,-0.343
2024-25,1641879,Yuri Collins,1610612744,GSW,G,24,2,2,1,2,3,0.667,0.547,0.12
2024-25,1629667,Jalen McDaniels,1610612758,SAC,F,27,2,2,1,1,3,0.333,0.452,-0.119
2024-25,1642385,Cui Cui,1610612751,BKN,F,22,1,1,1,2,3,0.667,0.427,0.24
2024-25,1626143,Jahlil Okafor,1610612754,IND,C-F,29,1,1,1,0,3,0,0.513,-0.513
2024-25,1630644,Mac McClung,1610612753,ORL,G,26,1,1,1,1,2,0.5,0.46,0.04
2024-25,1642389,Zyon Pullin,1610612763,MEM,G,24,2,2,1,1,2,0.5,0.455,0.046
2024-25,1642399,Jesse Edwards,1610612750,MIN,C,25,1,1,1,1,2,0.5,0.431,0.07
2024-25,1627746,Skal Labissiere,1610612758,SAC,F-C,29,1,1,1,1,1,1,0.415,0.585
2024-25,1630678,Terry Taylor,1610612758,SAC,F,25,1,1,1,0,1,0,0.357,-0.357
2024-25,1631199,Ron Harper Jr.,1610612765,DET,G-F,25,1,1,1,0,1,0,0.459,-0.459
