SEASON,PLAYER_ID,PLAYER_NAME,TEAM_ID,TEAM_ABBREVIATION,GP,W,L,MIN,PASSES_MADE,PASSES_RECEIVED,AST,FT_AST,SECONDARY_AST,POTENTIAL_AST,AST_PTS_CREATED,AST_ADJ,AST_TO_PASS_PCT,AST_TO_PASS_PCT_ADJ
2015-16,201166,Aaron Brooks,1610612741,CHI,69,36,33,1108,1757,2116,180,19,17,369,458,215,0.102,0.122
2015-16,203932,Aaron Gordon,1610612753,ORL,77,32,45,1857,2158,1413,128,11,10,221,302,147,0.059,0.068
2015-16,1626151,Aaron Harrison,1610612766,CHA,21,15,6,93,56,57,2,1,0,5,6,3,0.036,0.054
2015-16,203940,Adreian Payne,1610612750,MIN,52,18,34,486,740,443,29,4,5,60,73,38,0.039,0.051
2015-16,201143,Al Horford,1610612737,ATL,82,48,34,2631,3908,3460,263,24,29,561,695,324,0.067,0.083
2015-16,2744,Al Jefferson,1610612766,CHA,47,33,14,1096,725,993,70,13,8,143,176,86,0.097,0.119
2015-16,202329,Al-Farouq Aminu,1610612757,POR,82,44,38,2341,2018,1804,138,17,15,261,361,169,0.068,0.084
2015-16,101187,Alan Anderson,1610612764,WAS,13,8,5,192,133,136,14,1,0,19,24,11,0.105,0.083
2015-16,1626210,Alan Williams,1610612756,PHX,10,3,7,68,78,50,5,0,0,6,12,5,0.064,0.064
2015-16,202692,Alec Burks,1610612762,UTA,31,13,18,797,1008,1253,63,9,3,154,159,75,0.063,0.074
2015-16,203458,Alex Len,1610612756,PHX,78,23,55,1821,2042,1557,97,3,8,215,232,106,0.048,0.052
2015-16,1627293,Alex Stepheson,1610612763,MEM,8,2,6,72,60,43,2,0,0,3,5,2,0.033,0.033
2015-16,201582,Alexis Ajinca,1610612740,NOP,59,20,39,861,1071,746,31,4,2,61,81,37,0.029,0.035
2015-16,203459,Allen Crabbe,1610612757,POR,81,43,38,2105,1664,1839,99,19,19,220,258,135,0.059,0.081
2015-16,202087,Alonzo Gee,1610612740,NOP,73,27,46,1632,1172,899,72,6,8,125,168,81,0.061,0.069
2015-16,2405,Amar'e Stoudemire,1610612748,MIA,52,30,22,762,612,567,27,3,3,64,70,35,0.044,0.057
2015-16,101161,Amir Johnson,1610612738,BOS,78,44,34,1777,2536,1753,135,10,22,243,326,165,0.053,0.065
2015-16,2760,Anderson Varejao,1610612744,GSW,53,41,12,496,732,517,35,1,7,79,87,42,0.048,0.057
2015-16,203083,Andre Drummond,1610612765,DET,81,43,38,2665,1686,1736,67,6,7,184,176,81,0.04,0.048
2015-16,2738,Andre Iguodala,1610612744,GSW,65,59,6,1732,2140,2021,219,25,34,399,565,277,0.102,0.129
2015-16,1889,Andre Miller,1610612759,SAS,39,20,19,461,865,922,87,10,13,175,215,109,0.101,0.126
2015-16,203460,Andre Roberson,1610612760,OKC,70,48,22,1553,826,801,47,2,10,113,111,57,0.057,0.069
2015-16,200745,Andrea Bargnani,1610612751,BKN,46,11,35,634,714,587,18,2,2,41,48,22,0.025,0.031
2015-16,101106,Andrew Bogut,1610612744,GSW,70,62,8,1451,2128,1352,162,10,23,304,416,195,0.076,0.092
2015-16,202726,Andrew Goudelock,1610612745,HOU,8,5,3,50,76,90,4,1,1,11,9,6,0.053,0.079
2015-16,203094,Andrew Nicholson,1610612753,ORL,55,22,33,820,792,692,25,1,5,60,65,31,0.032,0.039
2015-16,203952,Andrew Wiggins,1610612750,MIN,81,29,52,2845,1924,3021,164,18,35,371,416,221,0.085,0.115
2015-16,203461,Anthony Bennett,1610612761,TOR,19,12,7,84,141,88,0,0,0,4,0,0,0,0
2015-16,1626148,Anthony Brown,1610612747,LAL,29,4,25,599,452,424,19,1,4,45,44,23,0.042,0.051
2015-16,203076,Anthony Davis,1610612740,NOP,61,24,37,2164,2654,2654,116,17,8,249,298,140,0.044,0.053
2015-16,201627,Anthony Morrow,1610612760,OKC,68,46,22,926,475,693,24,4,3,59,68,31,0.051,0.065
2015-16,201229,Anthony Tolliver,1610612765,DET,72,36,36,1341,1726,1096,52,11,9,149,144,74,0.03,0.043
2015-16,203462,Archie Goodwin,1610612756,PHX,57,14,43,1114,1653,1940,118,15,18,245,302,153,0.071,0.093
2015-16,203382,Aron Baynes,1610612765,DET,81,43,38,1233,843,929,51,7,8,127,134,65,0.06,0.077
2015-16,201167,Arron Afflalo,1610612752,NYK,71,27,44,2371,2727,3098,144,25,25,363,382,194,0.053,0.071
2015-16,203085,Austin Rivers,1610612746,LAC,67,42,25,1464,1820,2117,99,8,22,222,254,129,0.054,0.071
2015-16,202340,Avery Bradley,1610612738,BOS,75,44,31,2507,1672,2369,157,16,19,303,388,194,0.094,0.116
2015-16,1626253,Axel Toupane,1610612743,DEN,21,9,12,305,205,188,15,4,3,26,45,23,0.073,0.112
2015-16,203463,Ben McLemore,1610612758,SAC,67,28,39,1418,1017,1087,78,7,12,137,193,98,0.077,0.096
2015-16,2757,Beno Udrih,1610612763,MEM,44,26,18,708,1449,1520,116,15,14,269,292,146,0.08,0.101
2015-16,202687,Bismack Biyombo,1610612761,TOR,81,55,26,1787,1784,932,28,4,6,73,68,34,0.016,0.019
2015-16,201933,Blake Griffin,1610612746,LAC,35,22,13,1170,2065,1990,170,8,12,322,425,189,0.082,0.092
2015-16,1626246,Boban Marjanovic,1610612759,SAS,54,47,7,508,466,412,21,3,2,42,55,28,0.045,0.06
2015-16,1626171,Bobby Portis Jr.,1610612741,CHI,62,29,33,1102,1431,1035,52,6,7,113,139,66,0.036,0.046
2015-16,202711,Bojan Bogdanovic,1610612751,BKN,79,21,58,2115,1526,1935,99,9,18,193,242,124,0.065,0.081
2015-16,2564,Boris Diaw,1610612759,SAS,76,64,12,1386,2227,1822,176,15,22,328,434,210,0.079,0.094
2015-16,203078,Bradley Beal,1610612764,WAS,55,28,27,1708,1784,2342,162,19,31,355,414,212,0.091,0.119
2015-16,201148,Brandan Wright,1610612763,MEM,12,6,6,212,204,164,6,1,1,21,17,8,0.029,0.039
2015-16,1626183,Branden Dawson,1610612746,LAC,6,5,1,29,15,12,0,0,0,1,0,0,0,0
2015-16,101138,Brandon Bass,1610612747,LAL,66,16,50,1342,1244,1007,74,11,8,162,202,93,0.059,0.075
2015-16,201943,Brandon Jennings,1610612753,ORL,48,20,28,868,1694,1904,170,20,18,370,426,208,0.1,0.123
2015-16,202688,Brandon Knight,1610612756,PHX,52,16,36,1870,2973,3733,263,31,41,582,679,331,0.088,0.111
2015-16,201575,Brandon Rush,1610612744,GSW,72,63,9,1055,998,933,57,6,10,103,153,75,0.057,0.075
2015-16,203148,Brian Roberts,1610612757,POR,51,26,25,470,737,889,54,5,10,133,135,69,0.073,0.094
2015-16,1627362,Briante Weber,1610612748,MIA,7,3,4,169,336,328,21,3,2,46,47,25,0.063,0.074
2015-16,201572,Brook Lopez,1610612751,BKN,73,21,52,2457,2212,2553,146,19,19,331,379,187,0.066,0.085
2015-16,203998,Bruno Caboclo,1610612761,TOR,6,6,0,43,43,42,1,0,0,5,3,1,0.023,0.023
2015-16,203955,Bryce Cotton,1610612763,MEM,8,1,7,39,54,66,3,1,1,7,7,5,0.056,0.093
2015-16,1626214,Bryce Dejean-Jones,1610612740,NOP,14,8,6,279,195,200,15,3,2,26,38,20,0.077,0.103
2015-16,201228,C.J. Watson,1610612753,ORL,33,14,19,656,984,999,88,9,4,179,218,102,0.089,0.104
2015-16,203912,C.J. Wilcox,1610612746,LAC,23,15,8,167,133,180,10,1,2,18,21,12,0.075,0.09
2015-16,203468,CJ McCollum,1610612757,POR,80,44,36,2780,3646,4775,341,56,53,755,887,450,0.094,0.123
2015-16,101139,CJ Miles,1610612754,IND,64,34,30,1464,1249,1493,63,8,9,146,159,79,0.05,0.063
2015-16,203946,Cameron Bairstow,1610612765,DET,18,4,14,103,149,116,6,1,1,14,16,8,0.04,0.054
2015-16,1626166,Cameron Payne,1610612760,OKC,57,44,13,698,1106,1250,108,9,9,215,257,123,0.098,0.111
2015-16,201171,Carl Landry,1610612755,PHI,36,5,31,569,687,631,32,2,1,66,82,35,0.047,0.051
2015-16,2546,Carmelo Anthony,1610612752,NYK,72,32,40,2530,3029,3619,299,34,40,610,745,367,0.099,0.121
2015-16,2406,Caron Butler,1610612758,SAC,16,2,14,168,185,180,10,2,1,19,26,12,0.054,0.065
2015-16,202718,Chandler Parsons,1610612742,DAL,61,29,32,1799,2182,2310,169,13,18,328,434,203,0.077,0.093
2015-16,101112,Channing Frye,1610612739,CLE,69,35,34,1177,1636,1197,69,8,4,130,188,84,0.042,0.051
2015-16,101111,Charlie Villanueva,1610612742,DAL,62,29,33,665,770,718,24,4,0,48,61,29,0.031,0.038
2015-16,201978,Chase Budinger,1610612756,PHX,66,29,37,930,809,782,64,9,8,137,165,84,0.079,0.104
2015-16,2365,Chris Andersen,1610612763,MEM,27,11,16,403,404,231,12,4,0,30,37,17,0.03,0.042
2015-16,2547,Chris Bosh,1610612748,MIA,53,29,24,1778,2341,2383,128,9,15,259,302,150,0.055,0.064
2015-16,203142,Chris Copeland,1610612749,MIL,24,10,14,156,118,121,11,0,0,13,24,10,0.093,0.085
2015-16,203187,Chris Johnson,1610612762,UTA,70,38,32,857,735,742,45,5,7,96,106,56,0.061,0.076
2015-16,2549,Chris Kaman,1610612757,POR,16,11,5,112,128,113,11,1,0,20,28,12,0.086,0.094
2015-16,1626191,Chris McCullough,1610612751,BKN,24,7,17,362,406,221,9,1,1,15,27,13,0.022,0.032
2015-16,101108,Chris Paul,1610612746,LAC,74,50,24,2420,4612,5483,738,98,68,1421,1832,898,0.16,0.195
2015-16,1626174,Christian Wood,1610612755,PHI,17,0,17,145,172,130,3,1,1,11,9,5,0.017,0.029
2015-16,101236,Chuck Hayes,1610612746,LAC,2,1,1,24,28,14,2,0,0,2,4,2,0.071,0.071
2015-16,203921,Cleanthony Early,1610612752,NYK,17,6,11,154,145,146,6,0,2,12,10,6,0.041,0.041
2015-16,1626146,Cliff Alexander,1610612757,POR,8,3,5,36,39,25,0,0,0,2,0,0,0,0
2015-16,203991,Clint Capela,1610612745,HOU,77,39,38,1471,1592,879,47,7,6,119,123,61,0.03,0.038
2015-16,203469,Cody Zeller,1610612766,CHA,73,42,31,1774,1286,1221,71,13,12,182,189,90,0.055,0.07
2015-16,202332,Cole Aldrich,1610612746,LAC,60,41,19,800,1252,778,50,5,4,112,133,60,0.04,0.048
2015-16,201147,Corey Brewer,1610612745,HOU,82,41,41,1669,1195,1429,109,21,17,212,285,147,0.091,0.123
2015-16,203928,Cory Jefferson,1610612756,PHX,8,2,6,50,48,37,0,0,0,1,0,0,0,0
2015-16,202709,Cory Joseph,1610612761,TOR,79,53,26,2011,3592,3929,246,27,38,547,637,314,0.068,0.087
2015-16,1626262,Coty Clarke,1610612738,BOS,3,0,3,6,7,8,0,0,0,0,0,0,0,0
2015-16,201584,Courtney Lee,1610612766,CHA,79,49,30,2334,2067,2313,136,10,22,300,341,171,0.066,0.083
2015-16,1626245,Cristiano Felicio,1610612741,CHI,31,14,17,321,502,347,26,0,3,49,65,29,0.052,0.058
2015-16,1626156,D'Angelo Russell,1610612747,LAL,80,17,63,2259,3608,4200,266,48,24,587,679,335,0.074,0.093
2015-16,201571,D.J. Augustin,1610612743,DEN,62,35,27,1178,1859,2178,198,24,27,406,475,244,0.107,0.131
2015-16,2563,Dahntay Jones,1610612739,CLE,1,0,1,42,49,45,2,0,0,5,5,2,0.041,0.041
2015-16,203081,Damian Lillard,1610612757,POR,75,40,35,2676,4535,5810,512,56,49,1030,1290,607,0.113,0.134
2015-16,203996,Damien Inglis,1610612749,MIL,20,5,15,156,160,114,10,2,2,19,20,12,0.063,0.075
2015-16,204014,Damjan Rudez,1610612750,MIN,33,9,24,277,339,222,11,2,2,39,29,15,0.032,0.044
2015-16,201568,Danilo Gallinari,1610612743,DEN,53,22,31,1839,1767,1970,135,9,11,282,315,152,0.076,0.086
2015-16,201980,Danny Green,1610612759,SAS,79,65,14,2062,2618,2355,141,11,28,265,336,181,0.054,0.069
2015-16,201967,Dante Cunningham,1610612740,NOP,80,28,52,1971,1645,1198,77,4,11,120,186,92,0.047,0.056
2015-16,201589,Darrell Arthur,1610612743,DEN,70,26,44,1516,1718,1409,96,12,5,172,238,112,0.056,0.065
2015-16,201954,Darren Collison,1610612758,SAC,73,29,44,2192,3280,3783,313,32,41,675,774,382,0.095,0.116
2015-16,1626199,Darrun Hilliard,1610612765,DET,38,17,21,383,259,362,27,3,4,67,73,35,0.104,0.135
2015-16,101135,David Lee,1610612742,DAL,54,26,28,888,1320,1052,80,8,5,172,213,94,0.061,0.071
2015-16,2561,David West,1610612759,SAS,78,63,15,1404,1738,1489,143,17,12,279,356,173,0.082,0.1
2015-16,201599,DeAndre Jordan,1610612746,LAC,77,51,26,2598,3255,1633,90,7,10,185,205,102,0.028,0.031
2015-16,201971,DeJuan Blair,1610612764,WAS,29,12,17,218,239,173,11,1,0,20,24,10,0.046,0.042
2015-16,201942,DeMar DeRozan,1610612761,TOR,77,52,25,2764,2944,4207,311,26,33,672,811,366,0.106,0.124
2015-16,202326,DeMarcus Cousins,1610612758,SAC,64,29,35,2221,2647,3155,210,16,26,433,522,252,0.079,0.095
2015-16,201960,DeMarre Carroll,1610612761,TOR,26,16,10,786,806,761,27,1,5,65,75,34,0.033,0.042
2015-16,1626153,Delon Wright,1610612761,TOR,27,19,8,229,381,436,31,2,3,60,76,35,0.081,0.092
2015-16,203471,Dennis Schröder,1610612737,ATL,80,47,33,1621,3188,3822,349,26,74,719,894,454,0.109,0.142
2015-16,101114,Deron Williams,1610612742,DAL,65,31,34,2106,4613,5028,378,47,48,809,989,470,0.082,0.102
2015-16,202324,Derrick Favors,1610612762,UTA,62,30,32,1983,3060,2717,94,9,10,222,247,114,0.031,0.037
2015-16,201565,Derrick Rose,1610612741,CHI,66,32,34,2097,3576,4327,311,34,49,635,770,388,0.087,0.109
2015-16,202682,Derrick Williams,1610612752,NYK,80,32,48,1435,1704,1809,75,7,13,172,183,94,0.044,0.055
2015-16,1626164,Devin Booker,1610612756,PHX,76,20,56,2108,2018,2886,200,27,17,481,517,243,0.099,0.12
2015-16,2734,Devin Harris,1610612742,DAL,64,35,29,1280,1504,1596,118,16,15,235,298,150,0.078,0.1
2015-16,203906,Devyn Marble,1610612753,ORL,28,12,16,249,169,192,12,0,0,28,30,12,0.071,0.071
2015-16,203473,Dewayne Dedmon,1610612753,ORL,58,21,37,705,642,424,13,1,1,44,32,15,0.02,0.023
2015-16,203079,Dion Waiters,1610612760,OKC,78,53,25,2152,1368,1889,154,17,11,339,405,182,0.113,0.133
2015-16,1717,Dirk Nowitzki,1610612742,DAL,75,38,37,2364,2791,2875,132,15,32,286,345,177,0.047,0.063
2015-16,202388,Donald Sloan,1610612751,BKN,61,13,48,1318,2672,2759,268,20,30,547,642,319,0.1,0.119
2015-16,202700,Donatas Motiejunas,1610612745,HOU,37,19,18,547,743,628,41,4,3,85,102,48,0.055,0.065
2015-16,203926,Doug McDermott,1610612741,CHI,81,41,40,1861,1181,1416,59,5,17,117,137,77,0.05,0.065
2015-16,203110,Draymond Green,1610612744,GSW,81,73,8,2808,5261,4135,598,63,49,1106,1534,708,0.114,0.135
2015-16,2400,Drew Gooden,1610612764,WAS,30,18,12,305,410,277,13,2,3,38,39,19,0.032,0.046
2015-16,1626251,Duje Dukan,1610612758,SAC,1,0,1,24,21,18,1,1,0,3,3,2,0.048,0.095
2015-16,2730,Dwight Howard,1610612745,HOU,71,34,37,2280,2696,1820,98,8,17,214,249,123,0.036,0.046
2015-16,203939,Dwight Powell,1610612742,DAL,69,35,34,992,1402,902,44,1,7,90,111,53,0.031,0.038
2015-16,2548,Dwyane Wade,1610612748,MIA,74,43,31,2258,2628,3616,344,38,28,658,843,406,0.131,0.154
2015-16,202734,E'Twaun Moore,1610612741,CHI,59,29,30,1263,1453,1703,99,8,31,216,245,140,0.068,0.096
2015-16,202334,Ed Davis,1610612757,POR,81,43,38,1684,2092,1056,88,9,14,198,225,110,0.042,0.053
2015-16,204002,Edy Tavares,1610612737,ATL,11,7,4,73,71,58,3,0,0,4,9,4,0.042,0.056
2015-16,203901,Elfrid Payton,1610612753,ORL,72,32,40,2125,4176,4667,463,44,38,935,1132,546,0.111,0.131
2015-16,202407,Elijah Millsap,1610612762,UTA,20,9,11,173,171,172,19,1,0,31,49,20,0.111,0.117
2015-16,202343,Elliot Williams,1610612766,CHA,5,4,1,45,79,83,4,1,0,8,11,5,0.051,0.063
2015-16,1882,Elton Brand,1610612755,PHI,17,2,15,225,341,260,18,0,0,35,52,19,0.053,0.056
2015-16,1626144,Emmanuel Mudiay,1610612743,DEN,68,29,39,2068,3663,4435,372,51,46,756,885,453,0.102,0.124
2015-16,202683,Enes Freedom,1610612760,OKC,82,55,27,1721,2564,1356,33,1,7,92,90,43,0.013,0.017
2015-16,202339,Eric Bledsoe,1610612756,PHX,31,12,19,1059,1915,2256,190,25,31,435,483,244,0.099,0.127
2015-16,201569,Eric Gordon,1610612740,NOP,45,14,31,1481,1212,1666,121,15,11,241,307,150,0.1,0.124
2015-16,203961,Eric Moreland,1610612758,SAC,7,1,6,43,45,26,1,0,0,3,3,1,0.022,0.022
2015-16,203475,Erick Green,1610612743,DEN,9,6,3,42,79,84,3,1,0,11,10,4,0.038,0.051
2015-16,101141,Ersan Ilyasova,1610612753,ORL,74,35,39,1880,2276,1627,67,6,9,158,166,83,0.029,0.036
2015-16,203095,Evan Fournier,1610612753,ORL,78,33,45,2532,2482,2976,211,16,32,471,483,254,0.085,0.102
2015-16,202323,Evan Turner,1610612738,BOS,80,46,34,2244,3238,3425,355,41,21,712,879,416,0.11,0.128
2015-16,203105,Festus Ezeli,1610612744,GSW,46,42,4,770,841,624,32,1,4,63,91,40,0.038,0.048
2015-16,1626163,Frank Kaminsky,1610612766,CHA,81,47,34,1708,2774,1660,98,13,11,201,273,121,0.035,0.044
2015-16,202066,Garrett Temple,1610612764,WAS,80,40,40,1951,1759,1944,140,9,15,289,339,164,0.08,0.093
2015-16,203914,Gary Harris,1610612743,DEN,76,31,45,2439,1550,2043,147,19,13,295,368,181,0.095,0.117
2015-16,202390,Gary Neal,1610612764,WAS,40,18,22,807,751,930,47,6,7,119,116,59,0.063,0.079
2015-16,201588,George Hill,1610612754,IND,74,41,33,2524,4204,4537,259,28,33,632,639,319,0.062,0.076
2015-16,101123,Gerald Green,1610612748,MIA,69,40,29,1557,1003,1231,56,11,10,128,144,77,0.056,0.077
2015-16,201945,Gerald Henderson,1610612757,POR,72,39,33,1431,1081,1336,75,10,13,161,197,99,0.069,0.092
2015-16,203507,Giannis Antetokounmpo,1610612749,MIL,80,32,48,2823,3936,3718,345,31,44,648,795,414,0.088,0.105
2015-16,203922,Glenn Robinson III,1610612754,IND,45,24,21,508,449,464,26,5,6,64,67,37,0.058,0.082
2015-16,201609,Goran Dragic,1610612748,MIA,72,44,28,2363,4571,5078,419,52,56,857,1033,525,0.092,0.115
2015-16,202330,Gordon Hayward,1610612762,UTA,80,38,42,2893,3618,4489,296,47,32,712,765,371,0.082,0.103
2015-16,203476,Gorgui Dieng,1610612750,MIN,82,29,53,2220,2321,1825,143,15,18,261,347,175,0.062,0.075
2015-16,202328,Greg Monroe,1610612749,MIL,79,32,47,2314,2270,2282,178,26,18,342,454,222,0.078,0.098
2015-16,202962,Greg Smith,1610612750,MIN,18,8,10,192,171,119,6,0,1,11,13,7,0.035,0.041
2015-16,202349,Greivis Vasquez,1610612749,MIL,23,9,14,460,885,915,91,12,9,188,232,113,0.103,0.128
2015-16,203084,Harrison Barnes,1610612744,GSW,66,59,7,2042,1983,1876,117,10,22,212,307,148,0.059,0.075
2015-16,202355,Hassan Whiteside,1610612748,MIA,73,42,31,2125,1549,1266,29,2,2,93,80,40,0.019,0.026
2015-16,203156,Henry Sims,1610612751,BKN,14,2,12,263,217,166,9,1,1,15,21,11,0.041,0.051
2015-16,203138,Hollis Thompson,1610612755,PHI,77,10,67,2154,1673,1860,99,21,16,225,269,137,0.059,0.082
2015-16,203546,Ian Clark,1610612744,GSW,66,59,7,578,873,1004,64,5,9,110,161,77,0.073,0.088
2015-16,101133,Ian Mahinmi,1610612754,IND,71,41,30,1816,2251,1735,104,11,8,237,274,123,0.046,0.055
2015-16,202697,Iman Shumpert,1610612739,CLE,54,39,15,1316,1087,1053,92,7,11,180,243,109,0.085,0.1
2015-16,203477,Isaiah Canaan,1610612755,PHI,77,10,67,1966,2642,2975,137,17,19,320,351,175,0.052,0.066
2015-16,202738,Isaiah Thomas,1610612738,BOS,81,47,34,2610,4832,6116,500,48,64,1068,1235,603,0.103,0.125
2015-16,202397,Ish Smith,1610612755,PHI,77,16,61,2239,4893,5550,502,55,47,1030,1245,593,0.103,0.121
2015-16,200826,J.J. Barea,1610612742,DAL,74,38,36,1667,3134,3585,302,43,38,656,753,374,0.096,0.119
2015-16,201581,JJ Hickson,1610612764,WAS,35,17,18,437,570,451,23,1,2,48,60,27,0.04,0.047
2015-16,1626266,JJ O'Brien,1610612762,UTA,2,2,0,6,3,2,0,0,0,0,0,0,0,0
2015-16,200755,JJ Redick,1610612746,LAC,75,50,25,2097,1514,2253,106,21,39,230,285,169,0.07,0.112
2015-16,2747,JR Smith,1610612739,CLE,77,53,24,2362,1818,2148,130,10,27,230,320,164,0.072,0.09
2015-16,203960,JaKarr Sampson,1610612743,DEN,73,18,55,1160,847,972,46,2,11,106,128,63,0.054,0.074
2015-16,203210,JaMychal Green,1610612763,MEM,78,39,39,1446,1760,1356,67,14,4,157,169,84,0.038,0.048
2015-16,201580,JaVale McGee,1610612742,DAL,34,15,19,370,337,249,3,0,0,15,9,4,0.009,0.012
2015-16,203953,Jabari Parker,1610612749,MIL,76,32,44,2408,2736,2219,130,18,17,251,326,168,0.048,0.061
2015-16,203109,Jae Crowder,1610612738,BOS,72,42,30,2278,2489,2261,129,16,25,283,310,169,0.052,0.068
2015-16,1626143,Jahlil Okafor,1610612755,PHI,53,6,47,1591,1565,1876,65,8,7,153,177,83,0.042,0.053
2015-16,2037,Jamal Crawford,1610612746,LAC,79,51,28,2126,1969,2711,183,19,29,395,452,232,0.093,0.118
2015-16,2749,Jameer Nelson,1610612743,DEN,39,12,27,1036,1903,2106,190,24,22,425,478,236,0.1,0.124
2015-16,202341,James Anderson,1610612758,SAC,50,19,31,717,512,573,41,4,7,101,109,54,0.08,0.105
2015-16,203516,James Ennis III,1610612740,NOP,22,11,11,329,224,277,21,5,8,27,49,34,0.094,0.152
2015-16,201935,James Harden,1610612745,HOU,82,41,41,3125,4265,5676,612,59,58,1216,1557,733,0.143,0.172
2015-16,201949,James Johnson,1610612761,TOR,56,34,22,908,728,772,66,9,6,133,171,82,0.091,0.113
2015-16,2592,James Jones,1610612739,CLE,48,33,15,463,550,458,14,1,2,37,40,18,0.025,0.033
2015-16,203949,James Michael McAdoo,1610612744,GSW,41,37,4,262,397,292,17,0,2,29,41,19,0.043,0.048
2015-16,203923,James Young,1610612738,BOS,28,11,17,196,134,110,9,1,0,19,24,10,0.067,0.075
2015-16,203099,Jared Cunningham,1610612739,CLE,44,31,13,410,399,456,20,1,6,44,47,26,0.05,0.065
2015-16,201162,Jared Dudley,1610612764,WAS,81,40,41,2098,3060,1977,171,23,20,332,437,216,0.056,0.071
2015-16,203096,Jared Sullinger,1610612738,BOS,80,46,34,1900,2607,2273,185,15,18,402,473,219,0.071,0.084
2015-16,204067,Jarell Eddie,1610612764,WAS,26,13,13,147,127,152,5,2,0,9,14,7,0.039,0.055
2015-16,1626185,Jarell Martin,1610612763,MEM,27,10,17,380,409,315,15,1,3,28,38,19,0.037,0.046
2015-16,203950,Jarnell Stokes,1610612763,MEM,7,1,6,19,18,15,1,0,0,3,3,1,0.056,0.056
2015-16,101127,Jarrett Jack,1610612751,BKN,32,10,22,1027,2017,2277,236,18,25,448,528,276,0.117,0.137
2015-16,201160,Jason Smith,1610612753,ORL,75,33,42,1144,1518,1238,58,8,8,125,151,73,0.038,0.048
2015-16,1891,Jason Terry,1610612745,HOU,72,37,35,1258,1526,1571,103,13,9,215,257,121,0.067,0.079
2015-16,201574,Jason Thompson,1610612761,TOR,47,38,9,471,708,480,29,1,3,46,65,32,0.041,0.045
2015-16,201965,Jeff Ayres,1610612746,LAC,17,11,6,107,140,76,5,0,0,11,9,4,0.036,0.029
2015-16,201145,Jeff Green,1610612746,LAC,80,48,32,2253,2286,2446,138,11,27,264,343,172,0.06,0.075
2015-16,201952,Jeff Teague,1610612737,ATL,79,47,32,2255,4111,5032,470,38,61,1003,1155,565,0.114,0.137
2015-16,203481,Jeff Withey,1610612762,UTA,51,25,26,658,914,686,20,1,1,55,59,23,0.022,0.025
2015-16,203924,Jerami Grant,1610612755,PHI,77,9,68,2066,2604,2276,135,8,15,279,342,156,0.052,0.06
2015-16,202379,Jeremy Evans,1610612742,DAL,30,16,14,251,175,142,2,2,0,14,7,4,0.011,0.023
2015-16,203087,Jeremy Lamb,1610612766,CHA,66,40,26,1227,1136,1294,77,13,20,193,203,109,0.068,0.096
2015-16,202391,Jeremy Lin,1610612766,CHA,78,47,31,2048,2430,3048,235,25,34,519,603,293,0.097,0.121
2015-16,1626170,Jerian Grant,1610612752,NYK,76,29,47,1265,2337,2591,177,19,28,442,454,222,0.076,0.095
2015-16,201573,Jerryd Bayless,1610612749,MIL,52,21,31,1505,1980,2204,163,13,28,340,391,202,0.082,0.102
2015-16,202690,Jimmer Fredette,1610612759,SAS,6,1,5,18,14,20,1,0,0,3,3,1,0.071,0.071
2015-16,202710,Jimmy Butler III,1610612741,CHI,67,37,30,2474,3029,3665,321,18,44,670,780,384,0.106,0.127
2015-16,201149,Joakim Noah,1610612741,CHI,29,15,14,635,1294,809,110,6,7,200,272,124,0.085,0.096
2015-16,201975,Jodie Meeks,1610612765,DET,3,3,0,43,20,40,3,0,1,3,7,4,0.15,0.2
2015-16,203925,Joe Harris,1610612739,CLE,5,5,0,15,15,13,2,0,2,1,3,3,0.133,0.2
2015-16,204060,Joe Ingles,1610612762,UTA,81,40,41,1241,1657,1573,96,23,9,227,258,127,0.058,0.077
2015-16,2207,Joe Johnson,1610612748,MIA,81,31,50,2703,2901,3160,318,24,39,616,702,359,0.11,0.124
2015-16,1626202,Joe Young,1610612754,IND,41,19,22,384,640,787,65,8,5,127,149,78,0.102,0.122
2015-16,201202,Joel Anthony,1610612765,DET,19,12,7,96,37,30,1,0,0,1,2,1,0.027,0.027
2015-16,203530,Joffrey Lauvergne,1610612743,DEN,59,24,35,1041,1329,999,56,5,5,116,152,70,0.042,0.053
2015-16,203089,John Henson,1610612749,MIL,57,22,35,960,859,879,54,7,6,115,127,65,0.063,0.076
2015-16,203098,John Jenkins,1610612756,PHX,43,18,25,480,419,522,35,2,5,88,88,43,0.084,0.103
2015-16,202322,John Wall,1610612764,WAS,77,37,40,2784,5492,6421,789,93,70,1602,2007,951,0.144,0.173
2015-16,203948,Johnny O'Bryant III,1610612749,MIL,66,27,39,857,1005,602,32,5,3,72,74,38,0.032,0.038
2015-16,202720,Jon Leuer,1610612756,PHX,67,22,45,1255,1766,1295,72,5,6,156,191,85,0.041,0.048
2015-16,201973,Jonas Jerebko,1610612738,BOS,77,46,31,1160,1614,1120,61,9,10,139,155,79,0.038,0.049
2015-16,202685,Jonas Valanciunas,1610612761,TOR,59,39,20,1527,1862,1260,40,4,6,81,112,51,0.021,0.027
2015-16,203613,Jonathon Simmons,1610612759,SAS,55,47,8,813,865,995,58,5,9,118,156,73,0.067,0.084
2015-16,203919,Jordan Adams,1610612763,MEM,2,0,2,15,13,16,3,0,0,3,6,3,0.231,0.231
2015-16,203903,Jordan Clarkson,1610612747,LAL,79,17,62,2552,2898,3682,192,25,17,414,507,238,0.066,0.082
2015-16,200770,Jordan Farmar,1610612763,MEM,12,2,10,291,563,619,37,5,4,102,89,45,0.066,0.08
2015-16,202706,Jordan Hamilton,1610612740,NOP,11,4,7,304,270,274,25,4,4,50,67,33,0.093,0.122
2015-16,201941,Jordan Hill,1610612754,IND,73,40,33,1513,2084,1649,87,10,9,217,226,108,0.042,0.052
2015-16,203895,Jordan McRae,1610612739,CLE,22,10,12,196,267,348,25,0,6,52,59,31,0.094,0.116
2015-16,1626175,Jordan Mickey,1610612738,BOS,16,9,7,57,75,55,1,0,0,4,3,1,0.013,0.013
2015-16,203268,Jorge Gutierrez,1610612766,CHA,12,9,3,63,100,115,17,1,1,27,44,19,0.17,0.19
2015-16,101181,Jose Calderon,1610612752,NYK,72,29,43,2024,4208,4328,298,32,38,684,739,362,0.071,0.086
2015-16,203962,Josh Huestis,1610612760,OKC,5,2,3,55,24,26,0,0,0,0,0,0,0,0
2015-16,201177,Josh McRoberts,1610612748,MIA,42,27,15,595,996,803,81,9,8,157,197,98,0.081,0.098
2015-16,1626196,Josh Richardson,1610612748,MIA,52,29,23,1107,1452,1457,73,8,9,169,189,91,0.05,0.063
2015-16,2746,Josh Smith,1610612745,HOU,55,31,24,880,1214,1106,90,11,5,181,219,104,0.074,0.086
2015-16,201950,Jrue Holiday,1610612740,NOP,65,27,38,1831,3006,3744,391,61,35,788,993,480,0.13,0.16
2015-16,203944,Julius Randle,1610612747,LAL,81,17,64,2286,3339,2141,144,13,12,332,380,168,0.043,0.05
2015-16,1626147,Justin Anderson,1610612742,DAL,55,28,27,647,674,586,29,5,3,67,73,35,0.043,0.052
2015-16,202712,Justin Harper,1610612751,BKN,5,4,1,35,42,35,0,0,0,4,0,0,0,0
2015-16,203200,Justin Holiday,1610612741,CHI,53,28,25,773,601,705,56,11,5,96,142,70,0.093,0.116
2015-16,1626159,Justise Winslow,1610612748,MIA,78,46,32,2232,2444,1804,118,21,24,275,303,163,0.048,0.067
2015-16,203994,Jusuf Nurkić,1610612743,DEN,32,14,18,547,767,582,40,9,1,82,108,51,0.052,0.066
2015-16,203909,KJ McDaniels,1610612745,HOU,37,17,20,235,152,179,10,2,1,19,22,13,0.066,0.086
2015-16,1626157,Karl-Anthony Towns,1610612750,MIN,82,29,53,2627,2855,2523,161,29,17,359,431,212,0.056,0.074
2015-16,202695,Kawhi Leonard,1610612759,SAS,72,60,12,2380,2282,2700,186,14,41,356,454,240,0.082,0.105
2015-16,203951,Keith Appling,1610612753,ORL,5,0,5,27,32,44,1,0,0,5,3,1,0.031,0.031
2015-16,203482,Kelly Olynyk,1610612738,BOS,68,39,29,1370,2075,1699,101,13,8,239,257,123,0.049,0.059
2015-16,1626162,Kelly Oubre Jr.,1610612764,WAS,63,31,32,671,494,479,13,2,5,36,36,21,0.026,0.043
2015-16,202689,Kemba Walker,1610612766,CHA,81,47,34,2885,5228,6239,421,39,80,970,1134,546,0.081,0.104
2015-16,203088,Kendall Marshall,1610612755,PHI,30,3,27,400,716,813,73,11,9,167,182,91,0.102,0.127
2015-16,2570,Kendrick Perkins,1610612740,NOP,37,13,24,542,704,405,31,2,3,46,72,36,0.044,0.051
2015-16,202702,Kenneth Faried,1610612743,DEN,67,26,41,1694,1870,1420,79,6,9,160,207,97,0.042,0.052
2015-16,203145,Kent Bazemore,1610612737,ATL,75,44,31,2083,2555,2381,171,10,24,303,397,204,0.067,0.08
2015-16,203484,Kentavious Caldwell-Pope,1610612765,DET,76,41,35,2789,1724,2373,138,20,20,310,357,180,0.08,0.104
2015-16,201142,Kevin Durant,1610612760,OKC,72,52,20,2578,2638,3504,361,30,29,726,870,417,0.137,0.158
2015-16,708,Kevin Garnett,1610612750,MIN,38,14,24,556,998,522,62,5,6,103,143,72,0.062,0.072
2015-16,201567,Kevin Love,1610612739,CLE,77,53,24,2424,3398,2863,185,14,33,324,464,232,0.054,0.068
2015-16,2755,Kevin Martin,1610612759,SAS,55,24,31,1095,848,1141,58,4,14,133,142,76,0.068,0.09
2015-16,202338,Kevin Seraphin,1610612752,NYK,48,15,33,526,791,593,47,7,2,96,119,59,0.059,0.075
2015-16,1626172,Kevon Looney,1610612744,GSW,5,4,1,21,36,23,0,1,0,3,2,1,0,0.028
2015-16,203114,Khris Middleton,1610612749,MIL,79,33,46,2852,2934,3576,331,51,36,607,772,415,0.113,0.141
2015-16,2550,Kirk Hinrich,1610612737,ATL,46,26,20,631,923,942,73,3,16,131,184,96,0.079,0.104
2015-16,202691,Klay Thompson,1610612744,GSW,80,71,9,2666,2007,3172,166,23,47,323,420,236,0.083,0.118
2015-16,977,Kobe Bryant,1610612747,LAL,66,13,53,1863,1592,2430,184,23,13,347,450,212,0.116,0.133
2015-16,201585,Kosta Koufos,1610612758,SAC,77,32,45,1463,1275,891,33,3,2,95,91,40,0.026,0.031
2015-16,203123,Kostas Papanikolaou,1610612743,DEN,26,8,18,294,306,262,16,1,6,45,42,24,0.052,0.078
2015-16,2743,Kris Humphries,1610612737,ATL,53,29,24,835,1199,848,36,0,8,74,82,44,0.03,0.037
2015-16,204001,Kristaps Porziņģis,1610612752,NYK,72,28,44,2047,2942,2633,94,10,11,207,247,118,0.032,0.04
2015-16,203937,Kyle Anderson,1610612759,SAS,78,64,14,1245,1674,1424,123,12,17,228,288,148,0.073,0.088
2015-16,2594,Kyle Korver,1610612737,ATL,80,46,34,2401,1851,1981,164,11,20,268,357,181,0.089,0.098
2015-16,200768,Kyle Lowry,1610612761,TOR,76,53,23,2804,5039,5895,488,55,49,927,1219,590,0.097,0.117
2015-16,203124,Kyle O'Quinn,1610612752,NYK,65,26,39,764,1395,962,72,11,5,150,176,88,0.052,0.063
2015-16,202713,Kyle Singler,1610612760,OKC,68,43,25,977,618,605,24,3,1,61,58,29,0.039,0.047
2015-16,202681,Kyrie Irving,1610612739,CLE,53,37,16,1667,2721,3295,250,26,43,465,630,314,0.092,0.115
2015-16,200746,LaMarcus Aldridge,1610612759,SAS,74,61,13,2261,2760,2650,110,4,17,221,278,133,0.04,0.048
2015-16,203934,Lamar Patterson,1610612737,ATL,35,23,12,395,441,389,39,3,1,70,97,43,0.088,0.098
2015-16,202362,Lance Stephenson,1610612763,MEM,69,36,33,1372,1253,1522,133,15,12,271,318,157,0.106,0.125
2015-16,202498,Lance Thomas,1610612752,NYK,59,25,34,1313,1382,1402,53,6,7,139,128,66,0.038,0.048
2015-16,204038,Langston Galloway,1610612752,NYK,82,32,50,2033,2984,3261,207,29,30,438,518,261,0.069,0.087
2015-16,1626204,Larry Nance Jr.,1610612747,LAL,63,14,49,1266,1716,918,44,10,4,124,126,59,0.026,0.034
2015-16,202730,Lavoy Allen,1610612754,IND,79,43,36,1599,2080,1396,76,16,12,201,209,102,0.037,0.049
2015-16,2544,LeBron James,1610612739,CLE,76,56,20,2709,3850,4822,514,57,69,1034,1351,634,0.134,0.165
2015-16,2571,Leandro Barbosa,1610612744,GSW,68,60,8,1079,1106,1336,82,15,21,172,207,116,0.074,0.105
2015-16,203485,Lorenzo Brown,1610612765,DET,8,1,7,61,131,143,11,0,3,18,25,14,0.084,0.107
2015-16,200811,Lou Amundson,1610612752,NYK,29,11,18,204,251,190,12,2,0,21,30,15,0.048,0.06
2015-16,101150,Lou Williams,1610612747,LAL,67,14,53,1907,1750,2425,167,14,18,370,402,200,0.095,0.114
2015-16,201601,Luc Mbah a Moute,1610612746,LAC,75,49,26,1274,833,641,30,7,6,79,83,44,0.036,0.053
2015-16,203512,Lucas Nogueira,1610612761,TOR,29,17,12,225,196,140,7,1,0,20,18,8,0.036,0.041
2015-16,1626242,Luis Montero,1610612757,POR,12,6,6,42,40,57,1,0,0,4,2,1,0.025,0.025
2015-16,2449,Luis Scola,1610612761,TOR,75,49,26,1617,2287,1941,66,9,11,147,179,87,0.029,0.038
2015-16,202337,Luke Babbitt,1610612740,NOP,47,16,31,845,863,752,53,3,3,92,122,57,0.061,0.066
2015-16,2736,Luol Deng,1610612748,MIA,74,45,29,2394,2988,2207,140,10,18,271,345,168,0.047,0.056
2015-16,1938,Manu Ginobili,1610612759,SAS,58,47,11,1134,1613,1920,177,23,32,319,437,230,0.11,0.143
2015-16,201188,Marc Gasol,1610612763,MEM,52,30,22,1791,2524,2627,196,21,17,434,480,233,0.078,0.092
2015-16,1626273,Marcelo Huertas,1610612747,LAL,53,8,45,869,1561,1672,182,23,17,359,451,219,0.117,0.14
2015-16,101162,Marcin Gortat,1610612764,WAS,75,35,40,2256,2429,1848,106,2,17,206,256,127,0.044,0.052
2015-16,201158,Marco Belinelli,1610612758,SAC,67,27,40,1646,1396,1837,125,17,20,239,325,162,0.09,0.116
2015-16,202694,Marcus Morris Sr.,1610612765,DET,80,42,38,2856,2929,2323,201,26,14,389,498,233,0.069,0.08
2015-16,203935,Marcus Smart,1610612738,BOS,61,36,25,1667,2016,2143,185,26,19,387,462,227,0.092,0.113
2015-16,201977,Marcus Thornton,1610612764,WAS,61,32,29,1108,976,1252,84,15,10,164,207,107,0.086,0.11
2015-16,201596,Mario Chalmers,1610612748,MIA,61,38,23,1373,2519,2752,230,24,35,450,557,284,0.091,0.113
2015-16,1626209,Mario Hezonja,1610612753,ORL,78,33,45,1399,1316,1374,107,13,18,239,245,133,0.081,0.101
2015-16,203900,Markel Brown,1610612751,BKN,62,12,50,982,971,1127,91,13,11,207,229,116,0.094,0.119
2015-16,202693,Markieff Morris,1610612764,WAS,64,22,42,1629,2066,1896,124,12,8,266,304,142,0.06,0.069
2015-16,201578,Marreese Speights,1610612744,GSW,72,64,8,832,1093,1176,61,3,7,108,146,70,0.056,0.064
2015-16,101107,Marvin Williams,1610612766,CHA,81,47,34,2338,3682,2312,110,17,12,231,298,137,0.03,0.037
2015-16,203486,Mason Plumlee,1610612757,POR,82,44,38,2084,2530,2075,226,23,15,473,579,262,0.089,0.104
2015-16,2440,Matt Barnes,1610612763,MEM,76,38,38,2190,2904,2233,163,11,22,327,377,192,0.056,0.066
2015-16,2588,Matt Bonner,1610612759,SAS,30,25,5,206,288,217,9,1,0,19,24,10,0.031,0.035
2015-16,203521,Matthew Dellavedova,1610612739,CLE,76,54,22,1867,3273,3506,337,40,58,640,857,433,0.103,0.132
2015-16,203090,Maurice Harkless,1610612757,POR,78,40,38,1457,1301,1050,67,2,7,134,156,74,0.051,0.057
2015-16,1897,Metta World Peace,1610612747,LAL,35,6,29,590,477,493,27,3,3,51,62,32,0.057,0.067
2015-16,203086,Meyers Leonard,1610612757,POR,61,33,28,1333,1779,1480,92,12,13,194,242,115,0.052,0.065
2015-16,201563,Michael Beasley,1610612745,HOU,20,10,10,363,398,387,16,2,4,39,38,21,0.04,0.053
2015-16,203487,Michael Carter-Williams,1610612749,MIL,54,21,33,1649,2955,3181,281,40,34,567,684,352,0.095,0.119
2015-16,203077,Michael Kidd-Gilchrist,1610612766,CHA,7,5,2,205,128,149,9,0,2,24,24,11,0.07,0.086
2015-16,201144,Mike Conley,1610612763,MEM,56,33,23,1760,3464,3902,342,44,49,641,823,431,0.099,0.124
2015-16,2399,Mike Dunleavy,1610612741,CHI,31,13,18,703,676,669,39,3,12,98,95,55,0.058,0.081
2015-16,2034,Mike Miller,1610612743,DEN,47,21,26,373,524,371,40,1,6,68,92,46,0.076,0.088
2015-16,203488,Mike Muscala,1610612737,ATL,60,34,26,565,837,640,34,5,6,69,84,45,0.041,0.054
2015-16,203118,Mike Scott,1610612737,ATL,75,46,29,1146,1320,1158,78,5,8,128,188,88,0.059,0.067
2015-16,203101,Miles Plumlee,1610612749,MIL,61,23,38,870,836,578,16,1,6,63,41,26,0.019,0.031
2015-16,203141,Mirza Teletovic,1610612756,PHX,79,23,56,1686,2402,2006,89,11,14,217,225,114,0.037,0.047
2015-16,203956,Mitch McGary,1610612760,OKC,20,17,3,72,90,72,3,0,0,8,7,3,0.033,0.033
2015-16,2590,Mo Williams,1610612739,CLE,41,27,14,748,1290,1451,98,14,21,204,237,129,0.076,0.1
2015-16,101145,Monta Ellis,1610612754,IND,81,44,37,2734,3892,4468,383,52,52,861,984,486,0.098,0.125
2015-16,1626149,Montrezl Harrell,1610612745,HOU,39,17,22,379,324,246,17,2,2,31,48,22,0.052,0.068
2015-16,1626167,Myles Turner,1610612754,IND,60,32,28,1367,1430,1146,41,6,7,87,104,53,0.029,0.037
2015-16,101126,Nate Robinson,1610612740,NOP,2,0,2,23,46,45,4,0,1,10,9,5,0.087,0.109
2015-16,1737,Nazr Mohammed,1610612760,OKC,5,5,0,19,18,14,0,0,0,3,2,1,0,0.056
2015-16,202357,Nemanja Bjelica,1610612750,MIN,60,20,40,1075,1890,1022,82,8,12,182,186,97,0.043,0.051
2015-16,2403,Nene,1610612764,WAS,57,28,29,1094,1246,1213,97,16,6,198,229,114,0.078,0.091
2015-16,203457,Nerlens Noel,1610612755,PHI,67,10,57,1965,2793,2009,122,14,9,267,311,145,0.044,0.052
2015-16,2555,Nick Collison,1610612760,OKC,59,39,20,699,703,561,52,9,1,112,129,62,0.074,0.088
2015-16,201156,Nick Young,1610612747,LAL,54,13,41,1033,689,854,34,4,4,77,78,39,0.049,0.057
2015-16,201587,Nicolas Batum,1610612766,CHA,70,41,29,2448,3325,3460,403,49,36,800,1043,485,0.121,0.146
2015-16,203917,Nik Stauskas,1610612755,PHI,73,8,65,1809,1971,2040,138,22,14,320,352,174,0.07,0.088
2015-16,203999,Nikola Jokić,1610612743,DEN,80,31,49,1733,2587,1827,189,13,10,347,461,212,0.073,0.082
2015-16,202703,Nikola Mirotic,1610612741,CHI,66,37,29,1646,2173,1817,100,8,17,190,240,124,0.046,0.057
2015-16,201593,Nikola Pekovic,1610612750,MIN,12,2,10,156,84,121,11,1,1,24,29,13,0.131,0.155
2015-16,202696,Nikola Vučević,1610612753,ORL,64,28,36,1998,2534,2541,175,13,15,405,449,199,0.069,0.079
2015-16,203943,Noah Vonleh,1610612757,POR,78,41,37,1174,1377,740,30,6,2,93,90,40,0.022,0.029
2015-16,1626181,Norman Powell,1610612761,TOR,48,31,17,722,592,679,47,3,3,82,117,53,0.079,0.09
2015-16,202708,Norris Cole,1610612740,NOP,45,20,25,1198,1905,2157,167,17,14,340,404,199,0.088,0.104
2015-16,201564,O.J. Mayo,1610612749,MIL,41,17,24,1090,1292,1355,118,13,17,189,269,145,0.091,0.112
2015-16,201600,Omer Asik,1610612740,NOP,68,29,39,1178,1569,755,26,4,1,64,63,30,0.017,0.019
2015-16,201956,Omri Casspi,1610612758,SAC,69,27,42,1880,2388,1675,95,14,15,200,228,123,0.04,0.052
2015-16,203111,Orlando Johnson,1610612740,NOP,7,1,6,102,85,103,2,0,2,13,4,4,0.024,0.047
2015-16,203490,Otto Porter Jr.,1610612764,WAS,75,36,39,2276,1886,1798,120,14,15,222,288,146,0.064,0.077
2015-16,200782,P.J. Tucker,1610612756,PHX,82,23,59,2540,2610,2084,177,24,18,391,441,214,0.068,0.082
2015-16,203798,PJ Hairston,1610612763,MEM,66,31,35,1313,832,985,38,7,3,105,101,49,0.046,0.059
2015-16,203143,Pablo Prigioni,1610612746,LAC,59,37,22,823,1554,1406,130,9,14,271,321,151,0.084,0.097
2015-16,1626192,Pat Connaughton,1610612757,POR,34,17,17,143,143,151,10,1,2,21,26,13,0.07,0.091
2015-16,201976,Patrick Beverley,1610612745,HOU,71,35,36,2041,3131,3203,239,29,34,484,604,300,0.076,0.096
2015-16,202335,Patrick Patterson,1610612761,TOR,78,53,25,1984,2711,1943,92,13,8,188,242,109,0.034,0.04
2015-16,201988,Patty Mills,1610612759,SAS,81,66,15,1662,2969,3357,226,16,35,388,511,268,0.076,0.09
2015-16,2200,Pau Gasol,1610612741,CHI,72,36,36,2291,4037,3382,294,41,21,587,743,351,0.073,0.087
2015-16,202331,Paul George,1610612754,IND,81,44,37,2819,3119,3750,329,47,45,673,811,422,0.105,0.135
2015-16,200794,Paul Millsap,1610612737,ATL,81,48,33,2647,3730,3488,265,17,35,546,669,313,0.071,0.084
2015-16,1718,Paul Pierce,1610612746,LAC,68,44,24,1231,1258,1203,71,6,7,137,176,83,0.056,0.066
2015-16,203515,Phil Pressey,1610612757,POR,23,3,20,283,564,611,75,5,6,147,195,86,0.133,0.152
2015-16,203112,Quincy Acy,1610612758,SAC,58,21,37,869,831,574,27,2,4,69,64,33,0.032,0.04
2015-16,1626154,RJ Hunter,1610612738,BOS,35,20,15,307,226,268,13,4,0,42,36,17,0.058,0.075
2015-16,200765,Rajon Rondo,1610612758,SAC,71,29,42,2513,5318,5368,831,107,51,1610,2010,974,0.156,0.183
2015-16,1626176,Rakeem Christmas,1610612754,IND,1,1,0,6,4,4,0,0,0,1,0,0,0,0
2015-16,201196,Ramon Sessions,1610612764,WAS,82,41,41,1667,2506,2975,239,33,30,496,603,303,0.095,0.121
2015-16,200751,Randy Foye,1610612760,OKC,81,37,44,1642,1859,2139,161,22,18,353,410,201,0.087,0.108
2015-16,1626173,Rashad Vaughn,1610612749,MIL,70,30,40,1001,566,696,39,2,5,65,84,43,0.069,0.076
2015-16,2446,Rasual Butler,1610612759,SAS,46,41,5,432,473,447,24,1,4,42,59,29,0.051,0.061
2015-16,203526,Raul Neto,1610612762,UTA,81,40,41,1499,2605,2941,174,24,22,359,420,215,0.067,0.083
2015-16,203492,Ray McCallum,1610612759,SAS,41,30,11,474,859,942,60,4,11,118,142,76,0.07,0.088
2015-16,101109,Raymond Felton,1610612742,DAL,80,40,40,2192,3446,3673,284,29,37,654,732,347,0.082,0.101
2015-16,203493,Reggie Bullock Jr.,1610612765,DET,37,22,15,429,472,291,27,3,0,51,65,29,0.057,0.061
2015-16,202704,Reggie Jackson,1610612765,DET,79,43,36,2424,4023,5215,492,51,68,957,1231,612,0.122,0.152
2015-16,2210,Richard Jefferson,1610612739,CLE,74,51,23,1326,985,1032,59,10,12,132,159,81,0.06,0.082
2015-16,1626158,Richaun Holmes,1610612755,PHI,51,7,44,702,794,605,33,1,3,56,82,38,0.042,0.048
2015-16,201937,Ricky Rubio,1610612750,MIN,76,28,48,2323,4696,4981,658,99,53,1229,1534,793,0.14,0.169
2015-16,203496,Robert Covington,1610612755,PHI,67,10,57,1903,2418,2018,97,6,9,197,230,112,0.04,0.046
2015-16,203135,Robert Sacre,1610612747,LAL,25,2,23,320,297,222,14,1,1,30,37,17,0.047,0.057
2015-16,201577,Robin Lopez,1610612752,NYK,82,32,50,2219,2775,1949,114,7,8,286,275,130,0.041,0.047
2015-16,203918,Rodney Hood,1610612762,UTA,79,39,40,2541,2979,3659,213,31,47,465,555,290,0.072,0.097
2015-16,201155,Rodney Stuckey,1610612754,IND,58,33,25,1275,1397,1644,142,20,19,329,363,179,0.102,0.128
2015-16,1626178,Rondae Hollis-Jefferson,1610612751,BKN,29,7,22,615,638,478,43,4,4,98,104,52,0.067,0.082
2015-16,101179,Ronnie Price,1610612756,PHX,62,20,42,1211,2165,2319,147,23,22,358,363,187,0.068,0.086
2015-16,201579,Roy Hibbert,1610612747,LAL,81,17,64,1878,1740,1308,95,5,10,200,230,109,0.055,0.063
2015-16,200752,Rudy Gay,1610612758,SAC,69,29,40,2348,2263,2228,120,11,28,281,301,160,0.053,0.071
2015-16,203497,Rudy Gobert,1610612762,UTA,61,33,28,1932,2899,2066,91,6,6,228,244,110,0.031,0.038
2015-16,203893,Russ Smith,1610612763,MEM,15,6,9,66,109,130,11,0,2,24,26,13,0.101,0.119
2015-16,201566,Russell Westbrook,1610612760,OKC,80,55,25,2750,4566,5607,834,118,58,1561,1986,992,0.183,0.217
2015-16,201583,Ryan Anderson,1610612740,NOP,66,24,42,2008,1870,1939,73,6,12,125,195,94,0.039,0.05
2015-16,200797,Ryan Hollins,1610612763,MEM,37,18,19,460,360,275,10,1,1,31,22,12,0.028,0.033
2015-16,203527,Ryan Kelly,1610612747,LAL,36,3,33,470,549,390,20,1,2,37,46,22,0.036,0.04
2015-16,1626257,Salah Mejri,1610612742,DAL,34,16,18,397,388,246,10,2,1,31,32,14,0.026,0.036
2015-16,1626155,Sam Dekker,1610612745,HOU,3,1,2,6,9,4,0,0,0,1,0,0,0,0
2015-16,201619,Sasha Kaun,1610612739,CLE,25,18,7,95,84,62,3,1,1,8,11,6,0.036,0.071
2015-16,2756,Sasha Vujacic,1610612752,NYK,61,22,39,908,1334,1417,84,13,24,217,214,119,0.063,0.089
2015-16,203930,Sean Kilpatrick,1610612751,BKN,31,7,24,616,403,624,29,4,6,76,75,39,0.072,0.097
2015-16,201586,Serge Ibaka,1610612760,OKC,78,54,24,2500,1694,1819,66,6,14,143,181,87,0.039,0.051
2015-16,203508,Sergey Karasev,1610612751,BKN,40,9,31,399,369,342,35,5,5,63,83,42,0.095,0.114
2015-16,203552,Seth Curry,1610612758,SAC,43,17,26,669,711,841,67,7,7,123,158,78,0.094,0.11
2015-16,203498,Shabazz Muhammad,1610612750,MIN,82,29,53,1682,851,1282,52,8,7,107,136,69,0.061,0.081
2015-16,203894,Shabazz Napier,1610612753,ORL,55,23,32,600,1053,1217,97,5,10,218,248,115,0.092,0.109
2015-16,203499,Shane Larkin,1610612751,BKN,78,20,58,1751,3493,3753,342,53,41,773,842,430,0.098,0.123
2015-16,2733,Shaun Livingston,1610612744,GSW,78,69,9,1520,2618,2653,237,24,26,455,594,288,0.091,0.11
2015-16,203963,Shayne Whittington,1610612754,IND,7,4,3,41,46,33,3,1,0,9,9,4,0.065,0.087
2015-16,202714,Shelvin Mack,1610612762,UTA,52,27,25,1058,2099,2372,187,25,15,389,459,222,0.089,0.106
2015-16,203524,Solomon Hill,1610612754,IND,59,31,28,866,1001,727,57,14,7,130,155,78,0.057,0.078
2015-16,201603,Sonny Weems,1610612756,PHX,43,6,37,498,539,550,49,7,6,117,118,58,0.091,0.108
2015-16,203915,Spencer Dinwiddie,1610612741,CHI,12,5,7,159,298,352,22,4,5,65,56,31,0.074,0.104
2015-16,201150,Spencer Hawes,1610612766,CHA,57,30,27,1035,1099,1069,109,14,7,222,287,132,0.099,0.12
2015-16,1626169,Stanley Johnson,1610612765,DET,73,37,36,1687,1583,1430,118,25,12,247,302,148,0.075,0.093
2015-16,201939,Stephen Curry,1610612744,GSW,79,71,8,2700,4476,5509,527,57,72,997,1261,636,0.118,0.142
2015-16,2581,Steve Blake,1610612765,DET,58,34,24,986,2004,2192,200,37,21,434,545,259,0.1,0.129
2015-16,200779,Steve Novak,1610612749,MIL,10,8,2,44,38,43,0,0,0,3,0,0,0,0
2015-16,203500,Steven Adams,1610612760,OKC,80,54,26,2014,2944,1277,62,11,10,163,177,86,0.021,0.029
2015-16,204456,T.J. McConnell,1610612755,PHI,81,10,71,1606,3806,3931,367,53,29,807,960,443,0.096,0.116
2015-16,203933,T.J. Warren,1610612756,PHX,47,14,33,1070,913,1071,44,7,10,105,112,60,0.048,0.066
2015-16,201959,Taj Gibson,1610612741,CHI,73,37,36,1936,1922,1543,106,9,18,210,268,135,0.055,0.07
2015-16,204028,Tarik Black,1610612747,LAL,39,6,33,496,557,302,16,0,0,35,39,16,0.029,0.029
2015-16,2419,Tayshaun Prince,1610612750,MIN,77,27,50,1462,1192,900,74,7,5,160,178,87,0.062,0.073
2015-16,203093,Terrence Jones,1610612745,HOU,50,24,26,1044,1219,950,41,7,6,90,113,54,0.034,0.044
2015-16,203082,Terrence Ross,1610612761,TOR,72,52,20,1731,1078,1305,56,7,8,131,146,71,0.052,0.066
2015-16,1626179,Terry Rozier,1610612738,BOS,38,23,15,308,556,580,37,3,3,92,92,41,0.067,0.074
2015-16,200757,Thabo Sefolosha,1610612737,ATL,75,42,33,1758,2086,1747,107,10,23,205,258,135,0.051,0.065
2015-16,201152,Thaddeus Young,1610612751,BKN,73,21,52,2407,3437,2408,136,11,25,292,350,179,0.04,0.052
2015-16,203648,Thanasis Antetokounmpo,1610612752,NYK,2,1,1,6,3,6,0,0,0,0,0,0,0,0
2015-16,203080,Thomas Robinson,1610612751,BKN,71,16,55,917,1242,687,46,4,3,83,109,54,0.037,0.043
2015-16,201168,Tiago Splitter,1610612737,ATL,36,21,15,579,597,486,30,3,4,65,76,38,0.05,0.064
2015-16,202353,Tibor Pleiss,1610612762,UTA,12,7,5,82,106,98,2,0,2,10,5,4,0.019,0.038
2015-16,1495,Tim Duncan,1610612759,SAS,61,50,11,1536,2068,1663,163,14,9,273,388,188,0.079,0.091
2015-16,204025,Tim Frazier,1610612740,NOP,51,25,26,741,1375,1483,162,27,20,337,418,208,0.118,0.151
2015-16,203501,Tim Hardaway Jr.,1610612737,ATL,51,29,22,864,731,826,51,8,12,108,127,68,0.07,0.093
2015-16,202389,Timofey Mozgov,1610612739,CLE,76,52,24,1326,1275,886,33,2,2,81,88,39,0.026,0.031
2015-16,202699,Tobias Harris,1610612765,DET,75,37,38,2469,3033,2551,166,11,28,348,402,201,0.055,0.066
2015-16,201962,Toney Douglas,1610612740,NOP,61,22,39,1262,1897,2152,157,13,18,313,392,192,0.083,0.101
2015-16,2754,Tony Allen,1610612763,MEM,64,34,30,1620,1304,1217,70,10,12,154,165,92,0.054,0.071
2015-16,2225,Tony Parker,1610612759,SAS,72,59,13,1980,3825,4333,379,25,70,764,882,466,0.099,0.122
2015-16,203503,Tony Snell,1610612741,CHI,64,33,31,1301,866,985,63,10,12,143,146,82,0.073,0.095
2015-16,203100,Tony Wroten,1610612752,NYK,8,0,8,144,283,362,20,4,0,50,54,23,0.071,0.081
2015-16,2772,Trevor Ariza,1610612745,HOU,81,40,41,2859,3002,2880,188,24,29,420,500,245,0.063,0.082
2015-16,202344,Trevor Booker,1610612762,UTA,79,39,40,1632,2825,1856,83,12,9,235,233,106,0.029,0.038
2015-16,203504,Trey Burke,1610612762,UTA,64,31,33,1366,2366,2945,148,24,27,345,370,196,0.063,0.083
2015-16,1626168,Trey Lyles,1610612762,UTA,80,38,42,1382,2171,1703,59,8,5,169,168,73,0.027,0.034
2015-16,202684,Tristan Thompson,1610612739,CLE,82,57,25,2269,2273,1213,62,7,13,132,184,86,0.027,0.038
2015-16,203584,Troy Daniels,1610612766,CHA,43,25,18,476,372,478,21,4,2,44,55,27,0.056,0.073
2015-16,201951,Ty Lawson,1610612754,IND,66,31,35,1411,2276,2479,237,31,25,530,606,294,0.104,0.129
2015-16,203898,Tyler Ennis,1610612749,MIL,46,17,29,654,1148,1238,95,11,17,194,235,125,0.083,0.109
2015-16,201946,Tyler Hansbrough,1610612766,CHA,44,28,16,343,168,185,8,0,3,20,17,10,0.048,0.06
2015-16,204020,Tyler Johnson,1610612748,MIA,36,19,17,863,1311,1375,79,9,17,166,190,103,0.06,0.079
2015-16,203092,Tyler Zeller,1610612738,BOS,59,37,22,698,793,802,29,8,1,80,89,42,0.037,0.053
2015-16,201936,Tyreke Evans,1610612740,NOP,25,11,14,765,1514,1741,164,21,16,328,422,199,0.108,0.131
2015-16,2199,Tyson Chandler,1610612756,PHX,66,18,48,1618,2083,1354,64,8,6,184,170,79,0.031,0.038
2015-16,1626145,Tyus Jones,1610612750,MIN,37,13,24,573,1068,1157,108,7,12,224,262,128,0.101,0.12
2015-16,2617,Udonis Haslem,1610612748,MIA,37,25,12,260,324,240,14,0,5,23,30,18,0.043,0.056
2015-16,203506,Victor Oladipo,1610612753,ORL,71,32,39,2334,2853,3393,276,15,37,528,656,328,0.097,0.115
2015-16,1713,Vince Carter,1610612763,MEM,60,33,27,1005,1130,1069,56,12,7,124,148,76,0.05,0.067
2015-16,201961,Wayne Ellington,1610612751,BKN,76,18,58,1615,1187,1529,83,8,14,168,194,104,0.07,0.088
2015-16,202325,Wesley Johnson,1610612746,LAC,80,51,29,1666,1361,1264,49,9,6,102,133,65,0.036,0.048
2015-16,202083,Wesley Matthews,1610612742,DAL,78,40,38,2644,2660,2828,151,11,22,324,375,181,0.057,0.068
2015-16,203115,Will Barton,1610612743,DEN,82,33,49,2353,2497,2676,203,34,35,468,516,273,0.081,0.109
2015-16,1626161,Willie Cauley-Stein,1610612758,SAC,65,26,39,1394,1059,712,36,4,8,89,87,48,0.034,0.045
2015-16,203186,Willie Reed,1610612751,BKN,39,8,31,426,324,268,10,0,2,23,26,13,0.031,0.04
2015-16,204098,Xavier Munford,1610612763,MEM,14,3,11,244,375,404,22,2,1,48,50,25,0.059,0.067
2015-16,203897,Zach LaVine,1610612750,MIN,82,29,53,2294,2849,3545,251,34,43,513,625,327,0.088,0.115
2015-16,2216,Zach Randolph,1610612763,MEM,68,37,31,2016,2168,2271,142,18,17,330,369,175,0.065,0.081
2015-16,2585,Zaza Pachulia,1610612742,DAL,76,40,36,2004,2262,1708,128,9,16,288,320,156,0.057,0.069
2016-17,1627773,AJ Hammons,1610612742,DAL,22,4,18,163,100,118,4,0,0,22,13,5,0.04,0.05
2016-17,201166,Aaron Brooks,1610612754,IND,64,36,28,870,1350,1580,119,11,13,268,292,145,0.088,0.107
2016-17,203932,Aaron Gordon,1610612753,ORL,80,29,51,2298,1977,2050,150,16,28,319,380,194,0.076,0.098
2016-17,1626151,Aaron Harrison,1610612766,CHA,5,2,3,17,22,21,3,0,0,4,8,3,0.136,0.136
2016-17,203940,Adreian Payne,1610612750,MIN,18,5,13,135,213,152,7,1,0,21,21,9,0.033,0.042
2016-17,201143,Al Horford,1610612738,BOS,68,46,22,2193,3471,3139,337,31,29,661,858,396,0.097,0.114
2016-17,2744,Al Jefferson,1610612754,IND,65,33,32,922,1028,1010,57,4,10,115,141,68,0.055,0.066
2016-17,202329,Al-Farouq Aminu,1610612757,POR,61,33,28,1773,1824,1201,99,11,7,186,252,114,0.054,0.063
2016-17,101187,Alan Anderson,1610612746,LAC,30,20,10,308,199,231,11,0,3,20,28,15,0.055,0.075
2016-17,1626210,Alan Williams,1610612756,PHX,47,11,36,708,708,528,23,1,5,55,53,28,0.032,0.04
2016-17,202692,Alec Burks,1610612762,UTA,42,26,16,653,625,742,30,2,10,78,66,40,0.048,0.064
2016-17,203518,Alex Abrines,1610612760,OKC,68,37,31,1055,844,907,40,6,2,93,93,45,0.047,0.053
2016-17,203458,Alex Len,1610612756,PHX,75,20,55,1528,1486,1087,44,7,7,116,113,58,0.03,0.039
2016-17,1627816,Alex Poythress,1610612755,PHI,6,0,6,157,253,191,5,2,0,13,15,7,0.02,0.028
2016-17,201582,Alexis Ajinca,1610612740,NOP,39,15,24,584,719,448,12,3,2,33,40,20,0.017,0.028
2016-17,203459,Allen Crabbe,1610612757,POR,79,39,40,2254,1641,1776,94,10,15,191,231,115,0.057,0.07
2016-17,202087,Alonzo Gee,1610612743,DEN,13,4,9,89,70,60,6,0,0,13,19,7,0.086,0.1
2016-17,101161,Amir Johnson,1610612738,BOS,80,51,29,1608,1914,1499,140,15,18,238,372,173,0.073,0.09
2016-17,2760,Anderson Varejao,1610612744,GSW,14,12,2,92,164,103,10,0,0,24,24,10,0.061,0.061
2016-17,203083,Andre Drummond,1610612765,DET,81,36,45,2409,1858,1815,90,7,15,192,229,113,0.048,0.061
2016-17,2738,Andre Iguodala,1610612744,GSW,76,64,12,1998,2524,2290,261,21,37,503,642,317,0.103,0.126
2016-17,203460,Andre Roberson,1610612760,OKC,79,46,33,2376,1973,1396,79,9,12,199,209,102,0.04,0.052
2016-17,101106,Andrew Bogut,1610612739,CLE,27,8,19,583,823,505,49,1,4,113,124,55,0.06,0.067
2016-17,1626150,Andrew Harrison,1610612763,MEM,72,38,34,1474,2526,2778,198,14,34,488,509,246,0.078,0.097
2016-17,203094,Andrew Nicholson,1610612751,BKN,38,20,18,342,376,282,10,1,4,18,28,16,0.027,0.043
2016-17,203952,Andrew Wiggins,1610612750,MIN,82,31,51,3048,2097,3298,189,19,39,423,480,249,0.09,0.119
2016-17,203461,Anthony Bennett,1610612751,BKN,22,3,19,243,310,226,11,1,2,28,32,15,0.035,0.048
2016-17,1626148,Anthony Brown,1610612753,ORL,11,3,8,159,135,132,8,2,0,14,23,10,0.059,0.074
2016-17,203076,Anthony Davis,1610612740,NOP,75,31,44,2708,3469,3483,157,16,21,332,403,195,0.045,0.056
2016-17,201627,Anthony Morrow,1610612741,CHI,49,25,24,714,336,481,25,2,1,47,62,28,0.074,0.083
2016-17,201229,Anthony Tolliver,1610612758,SAC,65,26,39,1477,1707,1359,77,6,13,156,187,96,0.045,0.056
2016-17,203462,Archie Goodwin,1610612751,BKN,15,8,7,214,278,332,24,2,2,46,55,27,0.086,0.097
2016-17,202620,Arinze Onuaku,1610612753,ORL,8,3,5,28,45,33,2,0,0,8,3,1,0.044,0.022
2016-17,203382,Aron Baynes,1610612765,DET,75,34,41,1163,686,693,32,2,1,88,75,33,0.047,0.048
2016-17,201167,Arron Afflalo,1610612758,SAC,61,23,38,1580,1511,1628,78,13,12,189,209,104,0.052,0.069
2016-17,203085,Austin Rivers,1610612746,LAC,74,43,31,2054,2649,3124,204,16,30,390,537,253,0.077,0.096
2016-17,202340,Avery Bradley,1610612738,BOS,55,34,21,1835,1750,2092,122,13,27,271,324,164,0.07,0.094
2016-17,1626253,Axel Toupane,1610612740,NOP,4,2,2,47,33,28,0,1,0,3,2,1,0,0.03
2016-17,1627791,Ben Bentil,1610612742,DAL,3,2,1,10,7,8,0,1,0,1,2,1,0,0.143
2016-17,203463,Ben McLemore,1610612758,SAC,61,27,34,1176,1061,1206,51,2,7,120,119,60,0.048,0.057
2016-17,2757,Beno Udrih,1610612765,DET,39,18,21,560,1105,1242,131,13,7,250,315,148,0.119,0.134
2016-17,202687,Bismack Biyombo,1610612753,ORL,81,29,52,1793,2477,1412,74,4,12,172,186,91,0.03,0.037
2016-17,201933,Blake Griffin,1610612746,LAC,61,40,21,2076,3424,3359,300,22,18,557,762,343,0.088,0.1
2016-17,1626246,Boban Marjanovic,1610612765,DET,35,16,19,293,222,240,9,6,3,22,26,18,0.041,0.081
2016-17,201628,Bobby Brown,1610612745,HOU,25,18,7,123,124,172,14,0,3,21,35,17,0.113,0.137
2016-17,1626171,Bobby Portis Jr.,1610612741,CHI,64,30,34,1001,1529,1056,35,5,5,92,95,45,0.023,0.029
2016-17,202711,Bojan Bogdanovic,1610612764,WAS,80,23,57,2064,1688,2255,109,10,33,236,290,156,0.065,0.092
2016-17,2564,Boris Diaw,1610612762,UTA,73,45,28,1283,2009,1801,170,27,12,366,452,207,0.085,0.103
2016-17,203078,Bradley Beal,1610612764,WAS,77,48,29,2684,2411,3386,267,24,53,515,663,345,0.111,0.143
2016-17,201148,Brandan Wright,1610612763,MEM,28,14,14,447,407,351,15,4,1,33,46,20,0.037,0.049
2016-17,101138,Brandon Bass,1610612746,LAC,52,29,23,577,635,566,21,1,4,48,62,29,0.033,0.046
2016-17,1627742,Brandon Ingram,1610612747,LAL,79,26,53,2279,2562,2657,166,13,16,329,397,189,0.065,0.074
2016-17,201943,Brandon Jennings,1610612764,WAS,81,37,44,1801,3569,3858,395,48,38,828,1009,480,0.111,0.134
2016-17,202688,Brandon Knight,1610612756,PHX,53,16,37,1121,1650,2061,129,14,14,290,333,155,0.078,0.094
2016-17,201575,Brandon Rush,1610612750,MIN,47,15,32,1030,659,689,45,2,3,73,99,47,0.068,0.071
2016-17,203148,Brian Roberts,1610612766,CHA,41,16,25,416,687,794,52,1,10,104,117,61,0.076,0.089
2016-17,1627362,Briante Weber,1610612766,CHA,20,12,8,205,366,379,21,2,2,37,52,23,0.057,0.063
2016-17,1627744,Brice Johnson,1610612746,LAC,3,1,2,9,14,13,1,0,0,1,3,1,0.071,0.071
2016-17,201572,Brook Lopez,1610612751,BKN,75,20,55,2222,2244,2922,176,26,10,371,453,207,0.078,0.092
2016-17,203998,Bruno Caboclo,1610612761,TOR,8,7,1,38,36,28,4,0,0,5,10,4,0.111,0.111
2016-17,1627854,Bryn Forbes,1610612759,SAS,35,24,11,280,311,385,23,1,4,44,55,28,0.074,0.09
2016-17,1627741,Buddy Hield,1610612758,SAC,82,31,51,1888,1731,1983,121,7,25,239,303,154,0.07,0.089
2016-17,201228,C.J. Watson,1610612753,ORL,62,20,42,1013,1262,1304,114,14,9,266,291,133,0.09,0.105
2016-17,203912,C.J. Wilcox,1610612753,ORL,22,8,14,108,83,99,12,0,1,17,31,13,0.145,0.157
2016-17,203468,CJ McCollum,1610612757,POR,80,40,40,2796,3174,4311,285,33,49,634,744,366,0.09,0.115
2016-17,101139,CJ Miles,1610612754,IND,75,39,36,1756,1268,1363,47,8,11,116,118,65,0.037,0.051
2016-17,1626166,Cameron Payne,1610612741,CHI,31,16,15,462,672,786,55,7,7,128,128,67,0.082,0.1
2016-17,1627747,Caris LeVert,1610612751,BKN,56,15,41,1218,1208,1267,110,6,13,210,283,131,0.091,0.108
2016-17,2546,Carmelo Anthony,1610612752,NYK,74,29,45,2538,2623,3361,213,19,22,447,524,251,0.081,0.096
2016-17,202718,Chandler Parsons,1610612763,MEM,34,18,16,675,707,784,55,3,10,122,139,69,0.078,0.098
2016-17,101112,Channing Frye,1610612739,CLE,74,44,30,1398,1768,1295,45,12,21,102,131,78,0.025,0.044
2016-17,1626184,Chasson Randle,1610612752,NYK,26,8,18,299,543,617,34,3,5,84,81,41,0.063,0.076
2016-17,1627767,Cheick Diallo,1610612740,NOP,17,9,8,199,202,124,4,2,2,8,14,9,0.02,0.045
2016-17,1627778,Chinanu Onuaku,1610612745,HOU,5,2,3,52,51,33,3,0,0,5,6,3,0.059,0.059
2016-17,2365,Chris Andersen,1610612739,CLE,12,8,4,114,118,71,5,0,0,7,12,4,0.042,0.034
2016-17,1626191,Chris McCullough,1610612764,WAS,16,1,15,80,105,71,2,0,1,6,4,3,0.019,0.029
2016-17,101108,Chris Paul,1610612746,LAC,61,43,18,1921,3949,4381,563,66,59,1054,1397,687,0.143,0.174
2016-17,1626174,Christian Wood,1610612766,CHA,13,5,8,107,89,60,2,0,1,7,5,3,0.022,0.034
2016-17,203991,Clint Capela,1610612745,HOU,65,44,21,1551,2077,1360,63,6,19,132,176,85,0.03,0.041
2016-17,203469,Cody Zeller,1610612766,CHA,62,33,29,1725,1197,1298,99,14,14,243,282,132,0.083,0.11
2016-17,202332,Cole Aldrich,1610612750,MIN,62,23,39,531,598,325,25,4,5,57,67,35,0.042,0.059
2016-17,201147,Corey Brewer,1610612747,LAL,82,47,35,1281,948,941,97,12,6,180,251,116,0.102,0.122
2016-17,202709,Cory Joseph,1610612761,TOR,79,48,31,1977,3186,3513,261,22,32,578,673,314,0.082,0.099
2016-17,201584,Courtney Lee,1610612752,NYK,77,29,48,2459,2377,2749,179,21,24,373,442,222,0.075,0.093
2016-17,1626245,Cristiano Felicio,1610612741,CHI,66,31,35,1040,1075,743,40,4,8,92,105,51,0.037,0.047
2016-17,1626156,D'Angelo Russell,1610612747,LAL,63,21,42,1811,3122,3619,303,39,29,614,771,365,0.097,0.117
2016-17,201571,D.J. Augustin,1610612753,ORL,78,29,49,1538,2552,3059,209,24,32,463,518,264,0.082,0.103
2016-17,2563,Dahntay Jones,1610612739,CLE,1,0,1,12,18,24,1,0,0,2,3,1,0.056,0.056
2016-17,1627745,Damian Jones,1610612744,GSW,10,7,3,85,86,59,0,0,0,7,3,1,0,0.012
2016-17,203081,Damian Lillard,1610612757,POR,75,38,37,2693,4359,5513,440,53,55,892,1121,547,0.101,0.125
2016-17,204014,Damjan Rudez,1610612753,ORL,45,12,33,314,401,339,20,2,1,53,49,23,0.05,0.057
2016-17,1627849,Daniel Ochefu,1610612764,WAS,19,12,7,75,67,50,3,0,0,4,9,3,0.045,0.045
2016-17,201568,Danilo Gallinari,1610612743,DEN,62,30,32,2104,1929,2042,132,12,23,264,322,168,0.068,0.087
2016-17,201980,Danny Green,1610612759,SAS,67,51,16,1778,2037,1769,124,15,16,221,296,155,0.061,0.076
2016-17,201967,Dante Cunningham,1610612740,NOP,66,28,38,1649,1376,932,37,5,4,87,112,50,0.027,0.036
2016-17,203957,Dante Exum,1610612762,UTA,66,40,26,1228,1590,1836,111,24,14,221,291,148,0.07,0.093
2016-17,1627863,Danuel House Jr.,1610612764,WAS,1,0,1,1,1,0,0,0,0,0,0,0,0,0
2016-17,203967,Dario Saric,1610612755,PHI,81,28,53,2129,3456,3221,182,23,27,356,464,228,0.053,0.066
2016-17,201589,Darrell Arthur,1610612743,DEN,41,20,21,639,743,641,42,6,5,78,113,54,0.057,0.073
2016-17,201954,Darren Collison,1610612758,SAC,68,26,42,2063,4086,4535,312,34,51,681,820,400,0.076,0.098
2016-17,1626199,Darrun Hilliard,1610612765,DET,39,19,20,381,355,457,33,4,2,70,85,39,0.093,0.11
2016-17,101135,David Lee,1610612759,SAS,78,58,20,1464,2081,1533,124,16,10,228,324,148,0.06,0.071
2016-17,1628021,David Nwaba,1610612747,LAL,20,5,15,397,235,259,14,3,4,33,36,21,0.06,0.089
2016-17,2561,David West,1610612744,GSW,68,56,12,854,1301,1149,151,15,13,279,357,177,0.116,0.136
2016-17,202722,Davis Bertans,1610612759,SAS,66,51,15,803,948,753,46,3,4,88,112,51,0.049,0.054
2016-17,201599,DeAndre Jordan,1610612746,LAC,81,51,30,2570,3247,1783,96,8,8,184,249,113,0.03,0.035
2016-17,202732,DeAndre Liggins,1610612742,DAL,62,40,22,777,816,763,54,7,7,116,149,68,0.066,0.083
2016-17,1627761,DeAndre' Bembry,1610612737,ATL,38,20,18,371,376,390,28,3,1,69,70,31,0.074,0.082
2016-17,201942,DeMar DeRozan,1610612761,TOR,73,46,27,2591,2530,3954,288,21,49,610,737,353,0.114,0.14
2016-17,202326,DeMarcus Cousins,1610612740,NOP,72,30,42,2465,3528,4117,332,26,23,620,836,381,0.094,0.108
2016-17,201960,DeMarre Carroll,1610612761,TOR,71,43,28,1860,1447,1323,74,2,8,151,176,82,0.051,0.057
2016-17,1627749,Dejounte Murray,1610612759,SAS,38,29,9,322,554,632,48,2,1,80,111,51,0.087,0.092
2016-17,1626153,Delon Wright,1610612761,TOR,27,19,8,446,713,773,57,2,9,128,142,66,0.08,0.093
2016-17,1627743,Demetrius Jackson,1610612738,BOS,5,1,4,17,18,22,3,0,0,4,6,3,0.167,0.167
2016-17,203471,Dennis Schröder,1610612737,ATL,79,42,37,2485,4658,5683,499,49,58,975,1234,604,0.107,0.13
2016-17,1627756,Denzel Valentine,1610612741,CHI,57,28,29,977,784,891,63,7,8,118,160,78,0.08,0.099
2016-17,101114,Deron Williams,1610612739,CLE,63,24,39,1625,3240,3607,348,31,41,681,871,411,0.107,0.127
2016-17,202324,Derrick Favors,1610612762,UTA,50,33,17,1186,1547,1289,56,8,5,107,151,69,0.036,0.045
2016-17,1627884,Derrick Jones Jr.,1610612756,PHX,32,7,25,545,349,316,12,1,5,31,31,18,0.034,0.052
2016-17,201565,Derrick Rose,1610612752,NYK,64,26,38,2082,3651,4409,283,16,44,638,709,342,0.078,0.094
2016-17,202682,Derrick Williams,1610612739,CLE,50,16,34,804,911,664,28,3,3,59,80,35,0.031,0.038
2016-17,1626164,Devin Booker,1610612756,PHX,76,23,53,2656,2442,3839,263,48,30,579,687,334,0.108,0.137
2016-17,2734,Devin Harris,1610612742,DAL,64,28,36,1071,1339,1490,136,13,12,263,329,157,0.102,0.117
2016-17,203473,Dewayne Dedmon,1610612759,SAS,75,55,20,1316,1389,825,43,3,5,94,105,53,0.031,0.038
2016-17,1627738,Deyonta Davis,1610612763,MEM,36,23,13,238,203,129,2,0,1,10,4,3,0.01,0.015
2016-17,1627754,Diamond Stone,1610612746,LAC,7,6,1,24,25,21,0,0,0,0,0,0,0,0
2016-17,203079,Dion Waiters,1610612748,MIA,46,27,19,1384,1711,2163,200,14,29,383,513,239,0.117,0.14
2016-17,1717,Dirk Nowitzki,1610612742,DAL,53,22,31,1394,1666,1638,81,10,13,154,212,101,0.049,0.061
2016-17,1627734,Domantas Sabonis,1610612760,OKC,81,46,35,1631,2069,1460,82,5,9,169,215,98,0.04,0.047
2016-17,202700,Donatas Motiejunas,1610612740,NOP,34,16,18,479,748,585,32,3,2,77,77,38,0.043,0.051
2016-17,1627827,Dorian Finney-Smith,1610612742,DAL,80,32,48,1632,1479,1185,67,9,8,166,196,88,0.045,0.059
2016-17,203926,Doug McDermott,1610612760,OKC,66,35,31,1508,1034,1213,58,9,14,120,148,80,0.056,0.077
2016-17,1627733,Dragan Bender,1610612756,PHX,41,12,29,545,651,484,22,3,4,40,50,28,0.034,0.043
2016-17,203110,Draymond Green,1610612744,GSW,76,62,14,2471,4724,3585,533,44,47,951,1316,618,0.113,0.131
2016-17,2730,Dwight Howard,1610612737,ATL,74,37,37,2199,2927,1928,104,12,13,204,273,138,0.036,0.047
2016-17,203939,Dwight Powell,1610612742,DAL,76,29,47,1318,1442,1054,49,3,11,124,127,62,0.034,0.043
2016-17,2548,Dwyane Wade,1610612741,CHI,60,29,31,1792,1976,2770,228,27,20,442,560,272,0.115,0.138
2016-17,202734,E'Twaun Moore,1610612740,NOP,73,32,41,1820,1587,1893,164,23,15,326,410,199,0.103,0.125
2016-17,202334,Ed Davis,1610612757,POR,46,19,27,789,857,475,26,4,8,74,78,41,0.03,0.048
2016-17,204002,Edy Tavares,1610612739,CLE,2,1,1,28,26,15,1,0,0,1,3,1,0.038,0.038
2016-17,203901,Elfrid Payton,1610612753,ORL,82,29,53,2412,4462,5034,529,52,70,1138,1283,644,0.119,0.144
2016-17,202407,Elijah Millsap,1610612756,PHX,2,1,1,23,26,23,1,0,0,3,3,1,0.038,0.038
2016-17,1626144,Emmanuel Mudiay,1610612743,DEN,54,24,30,1384,2347,2774,210,17,26,382,496,253,0.089,0.108
2016-17,202683,Enes Freedom,1610612760,OKC,72,43,29,1533,1340,1390,67,8,10,182,185,86,0.05,0.064
2016-17,202339,Eric Bledsoe,1610612756,PHX,64,21,43,2110,4036,4617,403,60,32,859,1033,489,0.1,0.121
2016-17,201569,Eric Gordon,1610612745,HOU,75,50,25,2323,1609,2326,188,11,15,385,475,214,0.117,0.133
2016-17,101141,Ersan Ilyasova,1610612737,ATL,82,35,47,2142,2994,2629,141,16,9,243,361,167,0.047,0.056
2016-17,203095,Evan Fournier,1610612753,ORL,68,23,45,2234,1891,2550,202,23,29,445,493,254,0.107,0.134
2016-17,202323,Evan Turner,1610612757,POR,65,34,31,1659,2090,2074,205,22,12,435,502,233,0.098,0.111
2016-17,1626163,Frank Kaminsky,1610612766,CHA,75,31,44,1954,2805,2301,162,22,14,307,440,198,0.058,0.071
2016-17,1627832,Fred VanVleet,1610612761,TOR,36,24,12,292,407,493,35,4,8,67,91,49,0.086,0.12
2016-17,202066,Garrett Temple,1610612758,SAC,65,25,40,1728,2028,2058,168,18,14,319,400,200,0.083,0.099
2016-17,203914,Gary Harris,1610612743,DEN,56,28,28,1748,1349,1767,158,11,14,295,399,176,0.117,0.13
2016-17,202390,Gary Neal,1610612737,ATL,2,1,1,18,26,32,1,0,0,5,3,1,0.038,0.038
2016-17,1627780,Gary Payton II,1610612749,MIL,6,2,4,99,156,155,13,0,0,27,33,13,0.083,0.083
2016-17,201588,George Hill,1610612762,UTA,49,33,16,1544,2721,3154,204,20,31,406,526,255,0.075,0.094
2016-17,1627777,Georges Niang,1610612754,IND,22,11,11,90,121,93,5,0,0,13,14,6,0.041,0.05
2016-17,1627834,Georgios Papagiannis,1610612758,SAC,22,7,15,355,394,297,20,0,3,38,43,22,0.051,0.056
2016-17,101123,Gerald Green,1610612738,BOS,47,32,15,538,418,516,33,3,3,56,81,39,0.079,0.093
2016-17,201945,Gerald Henderson,1610612755,PHI,72,24,48,1667,1423,1720,112,10,15,254,302,138,0.079,0.097
2016-17,203507,Giannis Antetokounmpo,1610612749,MIL,80,42,38,2845,4629,4738,434,37,55,854,1097,514,0.094,0.111
2016-17,203922,Glenn Robinson III,1610612754,IND,68,35,33,1399,1097,997,47,5,9,104,127,63,0.043,0.057
2016-17,201609,Goran Dragic,1610612748,MIA,73,40,33,2459,4288,5063,423,39,64,887,1101,525,0.099,0.122
2016-17,202330,Gordon Hayward,1610612762,UTA,73,46,27,2516,2953,3729,252,36,42,540,659,325,0.085,0.11
2016-17,203476,Gorgui Dieng,1610612750,MIN,82,31,51,2653,3096,2078,158,15,17,299,397,187,0.051,0.06
2016-17,202328,Greg Monroe,1610612749,MIL,81,42,39,1823,1547,1827,187,14,18,315,459,220,0.121,0.142
2016-17,202349,Greivis Vasquez,1610612751,BKN,3,1,2,39,89,92,5,1,2,19,16,8,0.056,0.09
2016-17,203084,Harrison Barnes,1610612742,DAL,78,31,47,2767,2488,2758,111,7,20,297,317,137,0.045,0.055
2016-17,202355,Hassan Whiteside,1610612748,MIA,77,39,38,2513,1559,1630,57,3,6,133,147,72,0.037,0.046
2016-17,1627740,Henry Ellenson,1610612765,DET,19,8,11,146,223,172,7,2,2,14,19,11,0.031,0.049
2016-17,203138,Hollis Thompson,1610612740,NOP,40,12,28,752,515,510,35,1,5,55,79,37,0.068,0.072
2016-17,203546,Ian Clark,1610612744,GSW,77,63,14,1137,1408,1616,90,13,25,176,212,124,0.064,0.088
2016-17,101133,Ian Mahinmi,1610612764,WAS,31,19,12,555,605,377,19,1,5,40,49,25,0.031,0.041
2016-17,202697,Iman Shumpert,1610612739,CLE,76,48,28,1937,1401,1538,109,11,25,221,283,145,0.078,0.103
2016-17,203477,Isaiah Canaan,1610612741,CHI,39,19,20,592,660,721,37,3,3,76,87,41,0.056,0.062
2016-17,1627819,Isaiah Taylor,1610612745,HOU,4,3,1,52,48,47,3,0,0,6,7,3,0.063,0.063
2016-17,202738,Isaiah Thomas,1610612738,BOS,76,51,25,2569,4314,5892,448,26,91,870,1121,565,0.104,0.131
2016-17,1627785,Isaiah Whitehead,1610612751,BKN,73,17,56,1643,2082,2343,192,21,23,400,483,231,0.092,0.111
2016-17,202397,Ish Smith,1610612765,DET,81,37,44,1955,3768,4287,418,42,31,826,1058,490,0.111,0.13
2016-17,1627826,Ivica Zubac,1610612747,LAL,38,8,30,609,840,567,30,3,4,52,78,37,0.036,0.044
2016-17,200826,J.J. Barea,1610612742,DAL,34,10,24,751,1503,1716,188,21,12,342,457,221,0.125,0.147
2016-17,200755,JJ Redick,1610612746,LAC,78,50,28,2198,1733,2451,110,22,37,225,284,169,0.063,0.098
2016-17,2747,JR Smith,1610612739,CLE,41,25,16,1187,926,980,62,4,10,121,153,75,0.067,0.081
2016-17,203210,JaMychal Green,1610612763,MEM,77,40,37,2101,2546,1653,84,7,17,172,207,107,0.033,0.042
2016-17,201580,JaVale McGee,1610612744,GSW,77,62,15,739,625,553,17,2,4,48,54,26,0.027,0.042
2016-17,203953,Jabari Parker,1610612749,MIL,51,22,29,1728,2200,2059,142,22,20,310,375,186,0.065,0.085
2016-17,203109,Jae Crowder,1610612738,BOS,72,48,24,2335,2646,2283,155,14,28,287,373,189,0.059,0.071
2016-17,1626143,Jahlil Okafor,1610612755,PHI,50,15,35,1134,1405,1502,58,3,7,140,158,73,0.041,0.052
2016-17,1627774,Jake Layman,1610612757,POR,35,16,19,249,189,217,11,0,2,18,32,15,0.058,0.079
2016-17,1627751,Jakob Poeltl,1610612761,TOR,53,37,16,621,538,301,12,3,4,32,33,19,0.022,0.035
2016-17,2037,Jamal Crawford,1610612746,LAC,82,51,31,2157,2225,2851,214,33,25,422,537,270,0.096,0.121
2016-17,1627750,Jamal Murray,1610612743,DEN,81,39,42,1754,2032,2432,168,13,35,323,414,212,0.083,0.104
2016-17,2749,Jameer Nelson,1610612743,DEN,74,33,41,2021,3464,3809,380,37,39,689,948,447,0.11,0.129
2016-17,203516,James Ennis III,1610612763,MEM,64,32,32,1501,1118,932,64,9,6,142,167,79,0.057,0.071
2016-17,201935,James Harden,1610612745,HOU,81,54,27,2947,5233,6603,907,91,66,1810,2287,1052,0.173,0.201
2016-17,201949,James Johnson,1610612748,MIA,76,40,36,2085,3276,2763,276,37,21,604,711,328,0.084,0.1
2016-17,2592,James Jones,1610612739,CLE,48,28,20,381,424,301,14,1,1,26,36,17,0.033,0.04
2016-17,203949,James Michael McAdoo,1610612744,GSW,52,43,9,457,567,458,18,4,4,53,48,26,0.032,0.046
2016-17,203923,James Young,1610612738,BOS,29,16,13,220,155,165,4,2,2,24,12,8,0.026,0.052
2016-17,201162,Jared Dudley,1610612756,PHX,64,17,47,1362,2480,1744,121,18,11,236,289,145,0.049,0.058
2016-17,203096,Jared Sullinger,1610612761,TOR,11,2,9,118,137,114,3,0,1,8,5,3,0.022,0.022
2016-17,204067,Jarell Eddie,1610612756,PHX,5,0,5,62,35,47,0,1,0,6,2,1,0,0.029
2016-17,1626185,Jarell Martin,1610612763,MEM,42,23,19,558,733,398,8,1,3,27,20,12,0.011,0.016
2016-17,203950,Jarnell Stokes,1610612743,DEN,2,0,2,7,4,2,2,0,0,2,6,2,0.5,0.5
2016-17,101127,Jarrett Jack,1610612740,NOP,2,1,1,33,53,53,5,1,1,8,12,6,0.094,0.113
2016-17,1627784,Jarrod Uthoff,1610612742,DAL,9,2,7,115,121,103,9,0,2,17,22,11,0.074,0.091
2016-17,201160,Jason Smith,1610612764,WAS,74,45,29,1068,1447,847,37,3,3,76,94,43,0.026,0.03
2016-17,1891,Jason Terry,1610612749,MIL,74,37,37,1365,1299,1165,98,12,14,189,244,120,0.075,0.092
2016-17,1627759,Jaylen Brown,1610612738,BOS,78,50,28,1341,1126,1098,64,4,10,124,156,75,0.057,0.067
2016-17,201145,Jeff Green,1610612753,ORL,69,26,43,1534,1508,1548,81,14,8,202,205,99,0.054,0.066
2016-17,201952,Jeff Teague,1610612754,IND,81,42,39,2632,4631,5405,630,54,65,1290,1535,746,0.136,0.161
2016-17,203481,Jeff Withey,1610612762,UTA,51,33,18,432,505,314,7,0,1,21,18,8,0.014,0.016
2016-17,203924,Jerami Grant,1610612760,OKC,80,43,37,1531,1408,1016,46,4,6,130,117,56,0.033,0.04
2016-17,203087,Jeremy Lamb,1610612766,CHA,62,27,35,1143,1009,1187,75,10,19,171,192,103,0.074,0.102
2016-17,202391,Jeremy Lin,1610612751,BKN,35,13,22,858,1532,1808,180,18,12,352,426,202,0.117,0.132
2016-17,1626170,Jerian Grant,1610612741,CHI,63,29,34,1028,1339,1448,121,9,11,227,288,140,0.09,0.105
2016-17,201573,Jerryd Bayless,1610612755,PHI,3,1,2,71,152,184,13,0,1,20,34,15,0.086,0.099
2016-17,202710,Jimmy Butler III,1610612741,CHI,76,40,36,2809,3471,4360,417,26,47,886,1004,485,0.12,0.14
2016-17,201149,Joakim Noah,1610612752,NYK,46,17,29,1015,1874,1062,103,13,6,223,256,125,0.055,0.067
2016-17,201975,Jodie Meeks,1610612753,ORL,36,14,22,738,530,713,45,3,10,100,118,59,0.085,0.111
2016-17,203925,Joe Harris,1610612751,BKN,51,10,41,1116,1040,1167,52,11,6,144,145,70,0.05,0.067
2016-17,204060,Joe Ingles,1610612762,UTA,82,51,31,1972,2310,2266,225,31,23,447,550,272,0.097,0.118
2016-17,2207,Joe Johnson,1610612762,UTA,78,47,31,1843,2000,1971,144,7,20,266,365,171,0.072,0.086
2016-17,1626202,Joe Young,1610612754,IND,32,18,14,132,227,291,14,3,4,47,35,21,0.062,0.093
2016-17,201202,Joel Anthony,1610612759,SAS,19,15,4,122,97,61,3,0,1,6,5,3,0.031,0.031
2016-17,1627762,Joel Bolomboy,1610612762,UTA,12,8,4,53,57,39,2,1,0,6,7,3,0.035,0.053
2016-17,203954,Joel Embiid,1610612755,PHI,31,13,18,786,1267,1389,66,6,7,148,177,79,0.052,0.062
2016-17,203530,Joffrey Lauvergne,1610612741,CHI,70,41,29,980,1156,902,70,5,2,128,167,77,0.061,0.067
2016-17,203089,John Henson,1610612749,MIL,58,26,32,1123,934,870,57,8,3,111,137,64,0.061,0.069
2016-17,203098,John Jenkins,1610612756,PHX,4,0,4,13,10,13,1,1,0,2,2,2,0.1,0.2
2016-17,101249,John Lucas III,1610612750,MIN,5,3,2,11,13,15,1,0,0,3,2,1,0.077,0.077
2016-17,202322,John Wall,1610612764,WAS,78,48,30,2836,4697,5912,831,72,78,1589,2048,966,0.177,0.206
2016-17,203948,Johnny O'Bryant III,1610612766,CHA,11,4,7,81,57,63,6,0,0,9,17,6,0.105,0.105
2016-17,202720,Jon Leuer,1610612765,DET,75,34,41,1944,2575,1931,111,18,6,226,286,139,0.043,0.054
2016-17,201973,Jonas Jerebko,1610612738,BOS,78,51,27,1232,1926,1209,71,9,8,127,188,86,0.037,0.045
2016-17,202685,Jonas Valanciunas,1610612761,TOR,79,49,30,2043,2630,1694,57,3,13,144,156,78,0.022,0.03
2016-17,1626780,Jonathan Gibson,1610612742,DAL,17,4,13,231,431,507,26,1,7,70,74,36,0.06,0.084
2016-17,203613,Jonathon Simmons,1610612759,SAS,77,60,17,1376,1475,1655,125,10,22,262,324,154,0.085,0.104
2016-17,203903,Jordan Clarkson,1610612747,LAL,82,26,56,2397,2397,3220,213,24,29,473,525,266,0.089,0.111
2016-17,202348,Jordan Crawford,1610612740,NOP,19,9,10,442,503,632,57,6,12,88,143,75,0.113,0.149
2016-17,200770,Jordan Farmar,1610612758,SAC,2,1,1,35,78,85,9,0,1,12,19,9,0.115,0.115
2016-17,201941,Jordan Hill,1610612750,MIN,7,2,5,47,38,26,0,0,0,2,0,0,0,0
2016-17,203895,Jordan McRae,1610612739,CLE,37,26,11,384,337,393,19,3,6,42,53,27,0.056,0.08
2016-17,1626175,Jordan Mickey,1610612738,BOS,25,9,16,141,196,151,7,1,1,22,21,9,0.036,0.046
2016-17,101181,Jose Calderon,1610612737,ATL,41,15,26,539,1087,1111,88,4,15,176,207,107,0.081,0.098
2016-17,203962,Josh Huestis,1610612760,OKC,2,0,2,31,28,19,3,0,1,3,9,4,0.107,0.143
2016-17,201177,Josh McRoberts,1610612748,MIA,22,6,16,381,728,512,50,3,3,117,114,55,0.069,0.076
2016-17,1626196,Josh Richardson,1610612748,MIA,53,23,30,1614,1987,2043,140,11,23,301,347,172,0.07,0.087
2016-17,201950,Jrue Holiday,1610612740,NOP,67,32,35,2190,4122,4622,488,49,33,968,1216,563,0.118,0.137
2016-17,1627823,Juancho Hernangomez,1610612743,DEN,61,29,32,839,769,555,29,3,3,70,81,37,0.038,0.048
2016-17,203944,Julius Randle,1610612747,LAL,74,24,50,2132,2985,2510,264,15,19,541,695,296,0.088,0.099
2016-17,1626147,Justin Anderson,1610612755,PHI,74,23,51,1225,1475,1295,66,8,9,158,172,84,0.045,0.057
2016-17,203120,Justin Hamilton,1610612751,BKN,63,14,49,1153,1555,1206,51,3,9,116,130,63,0.033,0.041
2016-17,202712,Justin Harper,1610612755,PHI,3,1,2,31,41,38,2,0,0,4,5,2,0.049,0.049
2016-17,203200,Justin Holiday,1610612752,NYK,82,31,51,1639,1600,1783,102,12,22,213,250,134,0.064,0.084
2016-17,1626159,Justise Winslow,1610612748,MIA,18,4,14,625,843,745,66,6,10,140,163,83,0.078,0.098
2016-17,203994,Jusuf Nurkić,1610612757,POR,64,33,31,1383,1990,1570,123,14,2,218,305,139,0.062,0.07
2016-17,203909,KJ McDaniels,1610612751,BKN,49,28,21,505,325,391,13,1,3,37,31,17,0.04,0.052
2016-17,1626157,Karl-Anthony Towns,1610612750,MIN,82,31,51,3030,3744,3394,220,26,31,451,552,278,0.059,0.074
2016-17,202695,Kawhi Leonard,1610612759,SAS,73,54,19,2442,2382,3258,257,16,36,514,674,314,0.108,0.132
2016-17,1627770,Kay Felder,1610612739,CLE,42,25,17,386,537,675,58,6,3,109,161,66,0.108,0.123
2016-17,203482,Kelly Olynyk,1610612738,BOS,75,49,26,1538,2494,2017,148,13,11,291,383,174,0.059,0.07
2016-17,1626162,Kelly Oubre Jr.,1610612764,WAS,79,47,32,1605,1122,996,47,3,5,85,122,57,0.042,0.051
2016-17,202689,Kemba Walker,1610612766,CHA,79,36,43,2739,4738,5890,434,51,67,916,1112,547,0.092,0.115
2016-17,202702,Kenneth Faried,1610612743,DEN,60,28,32,1280,1309,850,55,9,6,119,146,71,0.042,0.054
2016-17,203145,Kent Bazemore,1610612737,ATL,73,39,34,1963,2058,2249,177,19,26,318,405,215,0.086,0.104
2016-17,203484,Kentavious Caldwell-Pope,1610612765,DET,76,33,43,2528,1921,2459,193,14,28,396,462,234,0.1,0.122
2016-17,201142,Kevin Durant,1610612744,GSW,62,51,11,2070,2385,2645,300,27,26,519,747,342,0.126,0.143
2016-17,201567,Kevin Love,1610612739,CLE,60,40,20,1885,2411,1959,116,4,23,192,282,142,0.048,0.059
2016-17,202338,Kevin Seraphin,1610612754,IND,48,23,25,539,569,454,21,4,4,66,59,29,0.037,0.051
2016-17,1626172,Kevon Looney,1610612744,GSW,53,44,9,447,566,399,29,2,4,57,75,35,0.051,0.062
2016-17,203114,Khris Middleton,1610612749,MIL,29,19,10,889,1097,1155,99,10,12,204,239,117,0.09,0.107
2016-17,202691,Klay Thompson,1610612744,GSW,78,66,12,2649,2042,3133,160,29,55,308,414,249,0.078,0.122
2016-17,201585,Kosta Koufos,1610612758,SAC,71,27,44,1419,1546,1073,47,3,8,122,114,57,0.03,0.037
2016-17,1627739,Kris Dunn,1610612750,MIN,78,30,48,1333,2194,2234,188,18,16,358,473,219,0.086,0.1
2016-17,2743,Kris Humphries,1610612737,ATL,56,31,25,689,1129,807,29,2,8,76,83,43,0.026,0.038
2016-17,204001,Kristaps Porziņģis,1610612752,NYK,66,26,40,2164,2710,2618,97,11,20,225,256,129,0.036,0.048
2016-17,203937,Kyle Anderson,1610612759,SAS,71,53,18,1011,1176,979,90,4,17,158,222,111,0.077,0.094
2016-17,2594,Kyle Korver,1610612739,CLE,67,33,34,1753,1336,1392,110,9,8,175,245,116,0.082,0.087
2016-17,200768,Kyle Lowry,1610612761,TOR,59,35,24,2210,3555,4089,409,59,43,803,1017,509,0.115,0.143
2016-17,203124,Kyle O'Quinn,1610612752,NYK,79,29,50,1229,1852,1284,117,6,15,223,270,137,0.063,0.074
2016-17,202713,Kyle Singler,1610612760,OKC,32,15,17,385,285,241,9,1,2,26,20,11,0.032,0.039
2016-17,1627787,Kyle Wiltjer,1610612745,HOU,14,12,2,44,65,53,2,0,1,4,5,3,0.031,0.046
2016-17,202681,Kyrie Irving,1610612739,CLE,72,47,25,2525,3789,4787,418,50,50,848,1080,511,0.11,0.135
2016-17,200746,LaMarcus Aldridge,1610612759,SAS,71,52,19,2302,2509,2705,137,14,26,290,367,178,0.055,0.071
2016-17,203934,Lamar Patterson,1610612737,ATL,5,1,4,40,62,74,6,3,1,14,17,10,0.097,0.161
2016-17,202362,Lance Stephenson,1610612754,IND,18,8,10,362,465,528,59,4,2,135,145,62,0.127,0.133
2016-17,202498,Lance Thomas,1610612752,NYK,46,15,31,968,1044,881,35,5,10,90,90,50,0.034,0.048
2016-17,204038,Langston Galloway,1610612758,SAC,74,29,45,1494,1529,1819,93,14,11,192,243,116,0.061,0.076
2016-17,1626204,Larry Nance Jr.,1610612747,LAL,63,21,42,1442,1795,1212,96,12,13,186,240,122,0.053,0.068
2016-17,202336,Larry Sanders,1610612739,CLE,5,2,3,13,11,9,0,0,0,0,0,0,0,0
2016-17,202730,Lavoy Allen,1610612754,IND,60,31,29,868,1148,622,56,2,5,108,133,61,0.049,0.053
2016-17,2544,LeBron James,1610612739,CLE,74,51,23,2795,4396,5238,646,77,74,1283,1737,787,0.147,0.179
2016-17,2571,Leandro Barbosa,1610612756,PHX,65,19,46,940,911,1145,78,10,8,158,191,95,0.086,0.104
2016-17,101150,Lou Williams,1610612745,HOU,81,34,47,1993,2136,2876,239,33,22,447,557,289,0.112,0.135
2016-17,201601,Luc Mbah a Moute,1610612746,LAC,80,49,31,1787,1098,1032,39,4,9,77,95,51,0.036,0.046
2016-17,203512,Lucas Nogueira,1610612761,TOR,56,33,23,1067,954,584,41,3,8,97,116,54,0.043,0.057
2016-17,2449,Luis Scola,1610612751,BKN,35,7,28,443,644,507,37,3,5,64,87,44,0.057,0.068
2016-17,202337,Luke Babbitt,1610612748,MIA,68,35,33,1065,1448,912,36,2,4,96,88,42,0.025,0.029
2016-17,2736,Luol Deng,1610612747,LAL,56,18,38,1486,1553,1262,74,4,8,177,184,87,0.048,0.056
2016-17,1627781,Malachi Richardson,1610612758,SAC,22,9,13,198,165,211,11,0,0,19,27,11,0.067,0.067
2016-17,1627763,Malcolm Brogdon,1610612749,MIL,75,38,37,1982,3343,3475,317,49,35,625,826,403,0.095,0.121
2016-17,1627098,Malcolm Delaney,1610612737,ATL,73,37,36,1248,2092,2351,193,26,23,427,496,239,0.092,0.114
2016-17,1627736,Malik Beasley,1610612743,DEN,21,11,10,162,119,164,11,4,1,21,33,17,0.092,0.143
2016-17,202412,Manny Harris,1610612742,DAL,4,1,3,25,40,45,2,1,1,8,5,4,0.05,0.1
2016-17,1938,Manu Ginobili,1610612759,SAS,68,51,17,1266,1537,1760,180,18,23,308,450,219,0.117,0.142
2016-17,201188,Marc Gasol,1610612763,MEM,74,40,34,2531,3915,4235,338,40,20,718,871,394,0.086,0.101
2016-17,1626273,Marcelo Huertas,1610612747,LAL,23,5,18,237,433,431,52,3,3,92,113,55,0.12,0.127
2016-17,101162,Marcin Gortat,1610612764,WAS,82,49,33,2556,2939,1686,121,12,27,273,340,168,0.041,0.057
2016-17,201158,Marco Belinelli,1610612766,CHA,74,34,40,1778,1442,1794,147,13,24,288,368,184,0.102,0.128
2016-17,1627875,Marcus Georges-Hunt,1610612753,ORL,5,2,3,48,38,39,3,1,1,7,10,5,0.079,0.132
2016-17,202694,Marcus Morris Sr.,1610612765,DET,79,36,43,2565,2555,2264,160,19,16,298,363,190,0.063,0.074
2016-17,203935,Marcus Smart,1610612738,BOS,79,51,28,2399,3403,3711,364,25,45,705,908,426,0.107,0.125
2016-17,201977,Marcus Thornton,1610612764,WAS,33,15,18,575,486,589,41,6,4,83,93,50,0.084,0.103
2016-17,1626209,Mario Hezonja,1610612753,ORL,65,20,45,960,824,866,62,3,6,125,148,71,0.075,0.086
2016-17,202693,Markieff Morris,1610612764,WAS,76,45,31,2374,2061,2028,126,15,16,238,306,153,0.061,0.074
2016-17,1627737,Marquese Chriss,1610612756,PHX,80,23,57,1705,1986,1565,59,10,5,141,139,74,0.03,0.037
2016-17,201578,Marreese Speights,1610612746,LAC,82,51,31,1286,1602,1361,65,3,6,120,161,74,0.041,0.046
2016-17,1627850,Marshall Plumlee,1610612752,NYK,21,6,15,170,175,111,10,0,1,26,25,11,0.057,0.063
2016-17,101107,Marvin Williams,1610612766,CHA,76,32,44,2295,3816,2245,106,16,21,239,290,145,0.028,0.038
2016-17,203486,Mason Plumlee,1610612743,DEN,81,38,43,2148,2746,2369,284,25,20,556,719,331,0.103,0.121
2016-17,2440,Matt Barnes,1610612744,GSW,74,38,36,1776,2799,1980,195,13,20,331,452,220,0.07,0.079
2016-17,203521,Matthew Dellavedova,1610612749,MIL,76,39,37,1986,3267,3492,357,40,39,712,883,438,0.109,0.134
2016-17,203090,Maurice Harkless,1610612757,POR,77,38,39,2223,1767,1501,88,4,18,188,219,108,0.05,0.061
2016-17,1626254,Maurice Ndour,1610612752,NYK,32,10,22,331,370,282,8,1,1,33,19,11,0.022,0.03
2016-17,1897,Metta World Peace,1610612747,LAL,25,8,17,160,116,152,11,0,1,20,23,12,0.095,0.103
2016-17,203086,Meyers Leonard,1610612757,POR,74,37,37,1222,1478,1256,71,9,6,160,201,87,0.048,0.059
2016-17,201563,Michael Beasley,1610612749,MIL,56,23,33,935,1022,913,53,4,11,116,129,67,0.052,0.066
2016-17,203487,Michael Carter-Williams,1610612741,CHI,45,25,20,846,1388,1493,113,9,10,193,276,128,0.081,0.092
2016-17,1627771,Michael Gbinije,1610612765,DET,9,7,2,32,29,20,2,0,0,1,5,2,0.069,0.069
2016-17,203077,Michael Kidd-Gilchrist,1610612766,CHA,81,36,45,2349,1769,1504,114,11,21,233,306,148,0.064,0.084
2016-17,201144,Mike Conley,1610612763,MEM,69,35,34,2292,4217,5037,433,45,88,960,1082,564,0.103,0.134
2016-17,2399,Mike Dunleavy,1610612737,ATL,53,34,19,841,726,739,50,3,8,111,121,58,0.069,0.08
2016-17,2034,Mike Miller,1610612743,DEN,19,8,11,148,263,167,22,3,0,35,57,25,0.084,0.095
2016-17,203488,Mike Muscala,1610612737,ATL,70,36,34,1237,1555,1218,95,9,13,193,237,112,0.061,0.072
2016-17,203118,Mike Scott,1610612737,ATL,18,7,11,195,219,199,17,0,0,31,41,17,0.078,0.078
2016-17,1627861,Mike Tobey,1610612766,CHA,2,0,2,25,18,19,1,1,0,3,4,2,0.056,0.111
2016-17,203101,Miles Plumlee,1610612766,CHA,45,19,26,485,318,286,21,1,0,49,66,27,0.066,0.085
2016-17,1627851,Mindaugas Kuzminskas,1610612752,NYK,68,24,44,1016,1119,1122,69,6,3,143,168,76,0.062,0.068
2016-17,203141,Mirza Teletovic,1610612749,MIL,70,36,34,1133,1299,992,48,4,11,96,122,64,0.037,0.049
2016-17,101145,Monta Ellis,1610612754,IND,73,39,34,1971,2203,2418,235,18,28,485,583,280,0.107,0.127
2016-17,1626149,Montrezl Harrell,1610612745,HOU,58,39,19,1064,1288,1006,64,2,8,111,168,71,0.05,0.055
2016-17,1626167,Myles Turner,1610612754,IND,80,42,38,2520,2685,2198,106,2,17,202,279,129,0.039,0.048
2016-17,202357,Nemanja Bjelica,1610612750,MIN,65,28,37,1190,1717,1148,79,8,14,173,196,100,0.046,0.058
2016-17,2403,Nene,1610612745,HOU,67,47,20,1198,1373,1092,65,6,9,155,184,82,0.047,0.06
2016-17,203457,Nerlens Noel,1610612742,DAL,51,24,27,1047,1105,860,50,3,8,93,120,60,0.045,0.054
2016-17,2555,Nick Collison,1610612760,OKC,20,10,10,128,222,144,12,2,0,33,29,14,0.054,0.063
2016-17,201156,Nick Young,1610612747,LAL,60,19,41,1556,1165,1541,58,12,12,123,151,81,0.05,0.07
2016-17,201587,Nicolas Batum,1610612766,CHA,77,35,42,2617,3396,3606,456,63,47,879,1143,556,0.134,0.164
2016-17,1627852,Nicolas Brussino,1610612742,DAL,54,18,36,521,659,579,47,10,1,111,119,58,0.071,0.088
2016-17,1627879,Nicolas Laprovittola,1610612759,SAS,18,15,3,174,320,355,28,3,1,49,61,29,0.088,0.091
2016-17,203917,Nik Stauskas,1610612755,PHI,80,27,53,2188,2502,2500,188,18,14,400,468,215,0.075,0.086
2016-17,203999,Nikola Jokić,1610612743,DEN,72,36,36,2008,3675,2863,351,42,18,613,869,407,0.096,0.111
2016-17,202703,Nikola Mirotic,1610612741,CHI,70,37,33,1679,2648,1866,75,8,11,156,188,95,0.028,0.036
2016-17,202696,Nikola Vučević,1610612753,ORL,75,27,48,2163,3572,2851,208,19,23,475,544,249,0.058,0.07
2016-17,203943,Noah Vonleh,1610612757,POR,74,38,36,1265,1324,692,31,3,3,85,96,41,0.023,0.031
2016-17,1626181,Norman Powell,1610612761,TOR,75,46,29,1341,1047,1363,81,8,9,186,206,96,0.077,0.092
2016-17,202708,Norris Cole,1610612760,OKC,13,5,8,125,186,219,14,2,1,32,31,17,0.075,0.091
2016-17,1627855,Okaro White,1610612748,MIA,35,26,9,471,567,324,21,1,4,48,53,25,0.037,0.044
2016-17,201600,Omer Asik,1610612740,NOP,31,12,19,482,586,283,15,0,1,25,38,17,0.026,0.029
2016-17,201956,Omri Casspi,1610612750,MIN,36,12,24,642,878,600,37,2,7,64,88,44,0.042,0.05
2016-17,203490,Otto Porter Jr.,1610612764,WAS,80,48,32,2605,2277,1802,121,9,17,229,284,142,0.053,0.062
2016-17,200782,P.J. Tucker,1610612761,TOR,79,34,45,2180,2363,1647,96,9,10,208,237,115,0.041,0.049
2016-17,1627783,Pascal Siakam,1610612761,TOR,54,34,20,832,872,545,15,1,1,38,35,16,0.017,0.018
2016-17,1626192,Pat Connaughton,1610612757,POR,39,18,21,316,309,306,28,2,4,59,73,34,0.091,0.11
2016-17,1627868,Patricio Garino,1610612753,ORL,5,2,3,43,31,32,0,0,0,5,0,0,0,0
2016-17,201976,Patrick Beverley,1610612745,HOU,67,46,21,2058,2566,2455,281,30,21,577,747,333,0.11,0.13
2016-17,1627775,Patrick McCaw,1610612744,GSW,71,57,14,1074,1009,1111,77,5,14,163,198,96,0.076,0.095
2016-17,202335,Patrick Patterson,1610612761,TOR,65,42,23,1599,1978,1342,76,3,9,131,173,81,0.038,0.041
2016-17,201988,Patty Mills,1610612759,SAS,80,60,20,1754,3258,3616,280,19,54,502,652,344,0.086,0.106
2016-17,2200,Pau Gasol,1610612759,SAS,63,47,16,1599,2623,2030,148,16,9,272,368,174,0.056,0.066
2016-17,202331,Paul George,1610612754,IND,74,39,35,2658,2704,3302,248,35,35,543,631,315,0.092,0.116
2016-17,200794,Paul Millsap,1610612737,ATL,69,40,29,2343,3044,3129,252,28,32,516,631,305,0.083,0.1
2016-17,1718,Paul Pierce,1610612746,LAC,25,16,9,277,316,264,10,0,1,19,27,11,0.032,0.035
2016-17,1627835,Paul Zipser,1610612741,CHI,44,21,23,843,711,660,36,4,4,64,94,45,0.051,0.063
2016-17,203510,Pierre Jackson,1610612742,DAL,9,4,5,84,158,186,19,3,1,41,52,23,0.12,0.146
2016-17,203112,Quincy Acy,1610612751,BKN,38,11,27,558,654,538,18,1,3,33,44,22,0.028,0.034
2016-17,1626188,Quinn Cook,1610612740,NOP,14,9,5,187,359,397,26,2,3,51,65,31,0.072,0.086
2016-17,1626154,RJ Hunter,1610612741,CHI,3,2,1,9,8,7,0,0,0,1,0,0,0,0
2016-17,200765,Rajon Rondo,1610612741,CHI,69,34,35,1843,4009,3964,461,50,43,889,1126,550,0.115,0.137
2016-17,1626176,Rakeem Christmas,1610612754,IND,29,14,15,219,132,108,4,0,2,13,9,6,0.03,0.045
2016-17,201196,Ramon Sessions,1610612766,CHA,50,23,27,811,1305,1520,129,13,25,278,311,167,0.099,0.128
2016-17,200751,Randy Foye,1610612751,BKN,68,17,51,1277,1559,1662,134,20,13,299,354,164,0.086,0.105
2016-17,1626173,Rashad Vaughn,1610612749,MIL,41,18,23,459,283,364,23,2,3,32,57,29,0.081,0.102
2016-17,203526,Raul Neto,1610612762,UTA,40,24,16,346,504,528,34,8,5,69,96,47,0.067,0.093
2016-17,101109,Raymond Felton,1610612746,LAC,80,50,30,1700,2640,2677,191,17,35,390,465,235,0.072,0.089
2016-17,203493,Reggie Bullock Jr.,1610612765,DET,31,13,18,467,377,380,29,2,3,54,71,34,0.077,0.09
2016-17,202704,Reggie Jackson,1610612765,DET,52,23,29,1424,2444,3048,270,26,24,577,671,319,0.11,0.131
2016-17,202130,Reggie Williams,1610612740,NOP,6,1,5,79,63,77,4,0,0,11,9,4,0.063,0.063
2016-17,2210,Richard Jefferson,1610612739,CLE,79,50,29,1614,1259,1096,78,5,15,141,195,98,0.062,0.078
2016-17,1626158,Richaun Holmes,1610612755,PHI,57,16,41,1193,1451,1351,58,1,7,100,146,66,0.04,0.045
2016-17,201937,Ricky Rubio,1610612750,MIN,75,28,47,2469,4961,5257,682,71,49,1191,1654,801,0.137,0.161
2016-17,203496,Robert Covington,1610612755,PHI,67,27,40,2119,2311,2072,102,12,13,206,276,129,0.044,0.056
2016-17,201577,Robin Lopez,1610612741,CHI,81,40,41,2271,1686,1744,80,9,7,182,213,102,0.047,0.06
2016-17,203918,Rodney Hood,1610612762,UTA,59,40,19,1593,1394,1866,96,16,13,233,256,127,0.069,0.091
2016-17,203585,Rodney McGruder,1610612748,MIA,78,40,38,1966,1483,1399,124,11,13,256,306,142,0.084,0.096
2016-17,201155,Rodney Stuckey,1610612754,IND,39,17,22,696,1051,1189,84,5,13,158,195,98,0.08,0.093
2016-17,1627758,Ron Baker,1610612752,NYK,52,14,38,857,1408,1490,107,14,12,227,271,134,0.076,0.095
2016-17,1626178,Rondae Hollis-Jefferson,1610612751,BKN,77,19,58,1741,2753,2009,151,12,16,310,384,174,0.055,0.063
2016-17,101179,Ronnie Price,1610612756,PHX,14,4,10,134,205,198,18,4,0,43,45,21,0.088,0.102
2016-17,201579,Roy Hibbert,1610612743,DEN,48,24,24,682,335,375,21,4,4,48,57,28,0.063,0.084
2016-17,200752,Rudy Gay,1610612758,SAC,30,11,19,1013,1078,1139,83,4,10,173,193,93,0.077,0.086
2016-17,203497,Rudy Gobert,1610612762,UTA,81,51,30,2744,3683,2419,97,12,15,259,265,129,0.026,0.035
2016-17,201566,Russell Westbrook,1610612760,OKC,81,46,35,2802,4645,6103,840,108,67,1693,2023,1006,0.181,0.217
2016-17,201583,Ryan Anderson,1610612745,HOU,72,50,22,2116,1941,1873,68,5,19,156,192,93,0.035,0.048
2016-17,203527,Ryan Kelly,1610612737,ATL,16,6,10,110,141,107,8,0,0,13,20,9,0.057,0.064
2016-17,1626257,Salah Mejri,1610612742,DAL,72,28,44,889,934,454,14,1,7,49,36,22,0.015,0.024
2016-17,1626155,Sam Dekker,1610612745,HOU,77,52,25,1419,1388,980,76,4,8,124,193,84,0.055,0.061
2016-17,2756,Sasha Vujacic,1610612752,NYK,42,14,28,408,581,622,52,3,4,105,121,57,0.09,0.098
2016-17,203930,Sean Kilpatrick,1610612751,BKN,69,14,55,1730,2019,2470,157,18,27,325,410,198,0.078,0.098
2016-17,203902,Semaj Christon,1610612760,OKC,64,36,28,973,1690,1741,130,21,21,298,327,166,0.077,0.098
2016-17,201586,Serge Ibaka,1610612761,TOR,79,37,42,2422,2689,2329,75,8,22,215,195,105,0.028,0.039
2016-17,200771,Sergio Rodriguez,1610612755,PHI,68,24,44,1517,3602,3923,344,47,42,724,860,427,0.096,0.119
2016-17,203552,Seth Curry,1610612742,DAL,69,29,40,2005,2632,2996,188,14,27,398,468,228,0.071,0.087
2016-17,203498,Shabazz Muhammad,1610612750,MIN,78,29,49,1516,681,1070,35,3,5,78,82,40,0.051,0.059
2016-17,203894,Shabazz Napier,1610612757,POR,53,26,27,512,824,926,67,7,6,139,171,79,0.081,0.096
2016-17,2733,Shaun Livingston,1610612744,GSW,76,63,13,1345,2157,2182,139,13,27,296,344,180,0.064,0.083
2016-17,1627848,Shawn Long,1610612755,PHI,18,5,13,234,290,271,13,1,1,27,35,16,0.045,0.055
2016-17,1627815,Sheldon Mac,1610612764,WAS,30,17,13,287,255,273,15,2,4,32,35,21,0.059,0.082
2016-17,202714,Shelvin Mack,1610612762,UTA,55,34,21,1205,2218,2385,154,16,21,333,397,190,0.069,0.086
2016-17,1627746,Skal Labissiere,1610612758,SAC,33,9,24,612,685,582,27,6,3,57,67,34,0.039,0.05
2016-17,203524,Solomon Hill,1610612740,NOP,80,34,46,2374,2094,1863,141,17,21,303,353,178,0.067,0.085
2016-17,203915,Spencer Dinwiddie,1610612751,BKN,58,13,45,1312,2053,2124,184,10,15,389,477,210,0.09,0.102
2016-17,201150,Spencer Hawes,1610612749,MIL,54,27,27,797,964,976,81,15,11,161,211,106,0.084,0.11
2016-17,1626169,Stanley Johnson,1610612765,DET,77,35,42,1371,1364,1154,105,21,12,197,267,136,0.077,0.1
2016-17,201939,Stephen Curry,1610612744,GSW,79,65,14,2639,4167,5042,524,45,88,924,1251,638,0.126,0.153
2016-17,1627757,Stephen Zimmerman,1610612753,ORL,19,8,11,108,147,84,4,0,0,9,9,4,0.027,0.027
2016-17,200779,Steve Novak,1610612749,MIL,8,6,2,22,9,12,0,0,0,0,0,0,0,0
2016-17,203500,Steven Adams,1610612760,OKC,80,47,33,2389,1891,1614,86,8,9,240,239,106,0.045,0.056
2016-17,204456,T.J. McConnell,1610612755,PHI,81,27,54,2133,5600,5690,534,55,53,1148,1349,636,0.095,0.114
2016-17,203933,T.J. Warren,1610612756,PHX,64,19,45,1994,1638,1838,72,4,11,191,172,88,0.044,0.054
2016-17,201959,Taj Gibson,1610612760,OKC,78,41,37,1989,2906,2154,73,9,15,157,186,99,0.025,0.034
2016-17,204028,Tarik Black,1610612747,LAL,67,24,43,1091,1319,832,39,8,6,115,117,55,0.03,0.042
2016-17,1627752,Taurean Prince,1610612737,ATL,59,28,31,981,809,854,55,5,10,108,141,69,0.068,0.085
2016-17,203093,Terrence Jones,1610612749,MIL,54,20,34,1271,1426,1247,59,4,6,124,153,70,0.041,0.049
2016-17,203082,Terrence Ross,1610612753,ORL,77,38,39,1932,1280,1515,87,18,10,179,235,117,0.068,0.091
2016-17,1626179,Terry Rozier,1610612738,BOS,74,47,27,1263,2206,2279,131,9,25,276,331,166,0.059,0.075
2016-17,200757,Thabo Sefolosha,1610612737,ATL,62,32,30,1596,1784,1570,107,17,22,219,279,145,0.06,0.081
2016-17,201152,Thaddeus Young,1610612754,IND,73,40,33,2209,2818,1990,120,17,14,260,317,150,0.043,0.053
2016-17,203080,Thomas Robinson,1610612747,LAL,48,15,33,560,828,520,31,3,3,76,91,40,0.037,0.048
2016-17,1627748,Thon Maker,1610612749,MIL,57,31,26,562,654,419,23,1,4,41,59,29,0.035,0.044
2016-17,201168,Tiago Splitter,1610612755,PHI,8,1,7,76,103,100,4,0,0,11,8,4,0.039,0.039
2016-17,204025,Tim Frazier,1610612740,NOP,65,26,39,1525,2999,3111,335,25,38,639,798,390,0.112,0.13
2016-17,203501,Tim Hardaway Jr.,1610612737,ATL,79,42,37,2154,2046,2513,182,18,32,346,416,218,0.089,0.107
2016-17,1627817,Tim Quarterman,1610612757,POR,16,6,10,80,99,118,11,0,0,22,27,11,0.111,0.111
2016-17,202389,Timofey Mozgov,1610612747,LAL,54,16,38,1104,1065,925,43,3,3,101,111,49,0.04,0.046
2016-17,1627789,Timothe Luwawu-Cabarrot,1610612755,PHI,69,23,46,1190,1065,1087,75,9,9,134,188,95,0.07,0.089
2016-17,202699,Tobias Harris,1610612765,DET,82,37,45,2566,3355,2675,142,13,26,317,359,180,0.042,0.054
2016-17,203107,Tomas Satoransky,1610612764,WAS,57,33,24,719,930,935,92,11,3,184,232,104,0.099,0.112
2016-17,201962,Toney Douglas,1610612763,MEM,24,15,9,394,724,753,56,5,12,132,149,75,0.077,0.104
2016-17,2754,Tony Allen,1610612763,MEM,71,36,35,1914,1707,1503,98,11,19,179,240,130,0.057,0.076
2016-17,2225,Tony Parker,1610612759,SAS,62,46,16,1556,2922,3302,283,17,39,546,667,337,0.097,0.115
2016-17,203503,Tony Snell,1610612749,MIL,80,42,38,2336,1478,1602,96,9,23,192,239,127,0.065,0.086
2016-17,1626203,Treveon Graham,1610612766,CHA,27,10,17,189,142,136,6,0,0,26,12,5,0.042,0.035
2016-17,2772,Trevor Ariza,1610612745,HOU,80,53,27,2773,2508,2092,175,18,25,346,455,218,0.07,0.087
2016-17,202344,Trevor Booker,1610612751,BKN,70,18,52,1734,3247,2190,136,13,12,303,396,166,0.042,0.051
2016-17,203504,Trey Burke,1610612764,WAS,57,35,22,703,1143,1403,100,6,11,206,247,118,0.087,0.103
2016-17,1626168,Trey Lyles,1610612762,UTA,71,43,28,1158,1705,1482,69,6,8,142,187,83,0.04,0.049
2016-17,202684,Tristan Thompson,1610612739,CLE,78,50,28,2336,2346,1338,77,10,22,170,227,113,0.033,0.048
2016-17,203584,Troy Daniels,1610612763,MEM,67,33,34,1183,975,1227,46,6,5,107,115,56,0.047,0.057
2016-17,1627786,Troy Williams,1610612745,HOU,30,19,11,557,420,429,25,2,0,66,65,29,0.06,0.069
2016-17,201951,Ty Lawson,1610612758,SAC,69,25,44,1732,3263,3689,334,43,39,733,852,414,0.102,0.127
2016-17,203898,Tyler Ennis,1610612747,LAL,53,28,25,588,1007,1127,86,4,7,149,209,96,0.085,0.095
2016-17,204020,Tyler Johnson,1610612748,MIA,73,35,38,2177,2987,3280,233,15,39,514,591,288,0.078,0.096
2016-17,1627755,Tyler Ulis,1610612756,PHX,59,14,45,1103,2003,2287,226,28,22,472,557,277,0.113,0.138
2016-17,203092,Tyler Zeller,1610612738,BOS,51,32,19,525,584,547,42,2,1,75,106,46,0.072,0.079
2016-17,201936,Tyreke Evans,1610612758,SAC,40,17,23,788,1235,1420,124,9,8,282,318,140,0.1,0.113
2016-17,2199,Tyson Chandler,1610612756,PHX,45,14,31,1229,1433,798,29,7,7,86,87,45,0.02,0.031
2016-17,1626145,Tyus Jones,1610612750,MIN,60,23,37,774,1242,1266,156,17,18,270,376,185,0.126,0.149
2016-17,2617,Udonis Haslem,1610612748,MIA,16,6,10,130,111,91,6,0,0,16,13,6,0.054,0.054
2016-17,203506,Victor Oladipo,1610612760,OKC,67,39,28,2223,1903,2406,176,24,16,354,445,217,0.092,0.114
2016-17,1713,Vince Carter,1610612763,MEM,73,36,37,1800,1852,1678,133,7,20,238,321,161,0.072,0.087
2016-17,1627735,Wade Baldwin IV,1610612763,MEM,33,18,15,405,703,772,61,7,10,131,153,76,0.087,0.108
2016-17,201961,Wayne Ellington,1610612748,MIA,62,35,27,1500,1046,1341,70,7,14,139,186,92,0.067,0.088
2016-17,1627782,Wayne Selden,1610612763,MEM,14,6,8,236,159,182,13,0,2,26,29,15,0.082,0.094
2016-17,202325,Wesley Johnson,1610612746,LAC,68,40,28,810,984,624,23,0,5,38,49,25,0.023,0.025
2016-17,202083,Wesley Matthews,1610612742,DAL,72,28,44,2457,2483,2675,205,13,17,429,532,235,0.083,0.095
2016-17,203115,Will Barton,1610612743,DEN,59,30,29,1681,1789,2112,203,12,26,418,524,241,0.113,0.135
2016-17,1626161,Willie Cauley-Stein,1610612758,SAC,75,29,46,1421,1407,1204,80,11,6,163,201,96,0.057,0.068
2016-17,203186,Willie Reed,1610612748,MIA,71,39,32,1031,654,604,26,5,3,93,73,36,0.04,0.055
2016-17,1626195,Willy Hernangomez,1610612752,NYK,72,27,45,1324,2102,1412,96,10,13,198,248,120,0.046,0.057
2016-17,201163,Wilson Chandler,1610612743,DEN,70,34,36,2165,2182,2169,138,6,37,286,360,179,0.063,0.082
2016-17,1627812,Yogi Ferrell,1610612742,DAL,46,18,28,1197,2023,2268,172,16,25,394,462,215,0.085,0.106
2016-17,203897,Zach LaVine,1610612750,MIN,47,16,31,1749,1778,2197,139,16,26,286,339,183,0.078,0.103
2016-17,2216,Zach Randolph,1610612763,MEM,73,38,35,1786,2094,2151,122,14,10,265,315,146,0.058,0.07
2016-17,2585,Zaza Pachulia,1610612744,GSW,70,58,12,1268,1612,1163,132,10,22,234,338,170,0.082,0.105
2017-18,201166,Aaron Brooks,1610612750,MIN,32,19,13,189,287,335,20,0,1,43,48,21,0.07,0.073
2017-18,203932,Aaron Gordon,1610612753,ORL,58,19,39,1909,2333,1884,136,8,13,269,326,155,0.058,0.066
2017-18,1626151,Aaron Harrison,1610612742,DAL,9,2,7,233,176,190,11,0,0,25,29,11,0.063,0.063
2017-18,1628935,Aaron Jackson,1610612745,HOU,1,0,1,35,49,51,1,0,0,9,3,1,0.02,0.02
2017-18,1627846,Abdel Nader,1610612738,BOS,47,32,15,520,408,430,26,4,5,61,70,35,0.064,0.086
2017-18,203940,Adreian Payne,1610612753,ORL,5,0,5,43,50,33,0,0,0,1,0,0,0,0
2017-18,201143,Al Horford,1610612738,BOS,69,44,25,2175,3372,2963,322,11,19,555,804,350,0.095,0.104
2017-18,2744,Al Jefferson,1610612754,IND,36,17,19,484,709,561,30,1,5,59,70,36,0.042,0.051
2017-18,202329,Al-Farouq Aminu,1610612757,POR,69,40,29,2072,1727,1318,84,4,16,182,214,108,0.049,0.063
2017-18,1626210,Alan Williams,1610612756,PHX,5,1,4,70,88,78,8,1,0,15,28,10,0.091,0.114
2017-18,202692,Alec Burks,1610612762,UTA,64,37,27,1059,1076,1265,67,3,16,138,170,87,0.062,0.081
2017-18,1628409,Alec Peters,1610612756,PHX,20,2,18,225,237,199,12,0,1,16,29,13,0.051,0.055
2017-18,203518,Alex Abrines,1610612760,OKC,73,42,31,1100,726,736,26,2,5,72,64,33,0.036,0.045
2017-18,1627936,Alex Caruso,1610612747,LAL,37,16,21,562,891,885,75,5,11,164,180,90,0.084,0.101
2017-18,203458,Alex Len,1610612756,PHX,69,20,49,1395,1627,1186,82,4,5,177,213,93,0.05,0.057
2017-18,1627816,Alex Poythress,1610612754,IND,25,10,15,104,95,60,2,0,1,4,5,3,0.021,0.032
2017-18,1628035,Alfonzo McKinnie,1610612761,TOR,14,13,1,53,44,42,1,0,1,3,3,2,0.023,0.045
2017-18,203459,Allen Crabbe,1610612751,BKN,73,24,49,2133,2172,2283,115,7,27,245,286,149,0.053,0.069
2017-18,101161,Amir Johnson,1610612755,PHI,74,47,27,1170,1592,1287,118,2,8,199,262,125,0.074,0.079
2017-18,203083,Andre Drummond,1610612765,DET,78,37,41,2625,2724,2694,237,11,5,434,549,253,0.087,0.093
2017-18,2738,Andre Iguodala,1610612744,GSW,64,46,18,1622,2307,2057,210,11,34,365,500,253,0.091,0.11
2017-18,201281,Andre Ingram,1610612747,LAL,2,1,1,64,46,53,7,0,0,9,18,7,0.152,0.152
2017-18,203460,Andre Roberson,1610612760,OKC,37,24,13,983,709,465,44,1,9,72,105,54,0.062,0.076
2017-18,101106,Andrew Bogut,1610612747,LAL,24,7,17,216,320,180,15,0,1,32,35,16,0.047,0.05
2017-18,1626150,Andrew Harrison,1610612763,MEM,56,17,39,1326,2339,2692,177,7,40,390,436,226,0.076,0.097
2017-18,1628510,Andrew White III,1610612737,ATL,15,1,14,209,149,162,6,0,0,15,16,6,0.04,0.04
2017-18,203952,Andrew Wiggins,1610612750,MIN,82,47,35,2979,1814,2585,160,6,35,306,393,201,0.088,0.111
2017-18,1627790,Ante Zizic,1610612739,CLE,32,21,11,214,185,132,5,0,2,10,12,7,0.027,0.038
2017-18,1626148,Anthony Brown,1610612750,MIN,1,0,1,4,4,3,1,0,0,1,2,1,0.25,0.25
2017-18,203076,Anthony Davis,1610612740,NOP,75,45,30,2727,3352,3354,174,7,22,298,433,202,0.052,0.06
2017-18,201229,Anthony Tolliver,1610612765,DET,79,37,42,1757,3010,1650,90,5,9,180,204,100,0.03,0.033
2017-18,1628469,Antonio Blakeney,1610612741,CHI,19,3,16,314,171,306,20,0,0,40,50,20,0.117,0.117
2017-18,1628499,Antonius Cleveland,1610612737,ATL,17,7,10,123,64,75,2,0,0,10,5,2,0.031,0.031
2017-18,203382,Aron Baynes,1610612738,BOS,78,51,27,1433,1638,1409,91,6,7,180,239,107,0.056,0.065
2017-18,201167,Arron Afflalo,1610612753,ORL,53,16,37,682,538,563,30,0,3,80,77,33,0.056,0.061
2017-18,203085,Austin Rivers,1610612746,LAC,61,30,31,2057,3112,3687,242,12,35,441,605,288,0.078,0.093
2017-18,202340,Avery Bradley,1610612746,LAC,46,22,24,1433,1046,1555,94,3,18,172,236,116,0.09,0.111
2017-18,1628389,Bam Adebayo,1610612748,MIA,68,33,35,1348,1331,1293,99,1,5,228,256,105,0.074,0.079
2017-18,203463,Ben McLemore,1610612763,MEM,56,7,49,1091,1061,1100,51,1,12,100,122,64,0.048,0.06
2017-18,1628500,Ben Moore,1610612754,IND,2,1,1,9,8,3,1,0,0,1,2,1,0.125,0.125
2017-18,1627732,Ben Simmons,1610612755,PHI,80,51,29,2703,5926,6265,658,33,82,1368,1664,765,0.111,0.129
2017-18,202687,Bismack Biyombo,1610612753,ORL,82,25,57,1495,1961,1133,66,1,2,107,147,67,0.034,0.034
2017-18,201933,Blake Griffin,1610612765,DET,58,28,30,1970,3522,3413,334,6,23,592,806,356,0.095,0.101
2017-18,1626246,Boban Marjanovic,1610612746,LAC,39,18,21,338,284,307,22,1,2,34,50,26,0.077,0.092
2017-18,201628,Bobby Brown,1610612745,HOU,20,17,3,115,166,218,11,0,0,28,30,11,0.066,0.066
2017-18,1626171,Bobby Portis Jr.,1610612741,CHI,73,25,48,1643,2103,1921,123,2,10,209,311,135,0.058,0.064
2017-18,203992,Bogdan Bogdanović,1610612758,SAC,78,26,52,2175,2747,2972,258,18,38,512,617,309,0.094,0.112
2017-18,202711,Bojan Bogdanovic,1610612754,IND,80,47,33,2465,1772,2148,119,4,15,215,286,138,0.067,0.078
2017-18,203078,Bradley Beal,1610612764,WAS,82,43,39,2977,3708,4622,373,21,92,741,912,481,0.101,0.13
2017-18,201148,Brandan Wright,1610612745,HOU,28,11,17,381,415,303,13,1,2,23,33,16,0.031,0.039
2017-18,1627742,Brandon Ingram,1610612747,LAL,59,27,32,1975,2154,2521,230,7,34,482,568,269,0.107,0.125
2017-18,201943,Brandon Jennings,1610612749,MIL,14,8,6,205,407,437,44,1,2,73,101,48,0.108,0.118
2017-18,203464,Brandon Paul,1610612759,SAS,64,38,26,576,520,505,37,0,6,73,93,45,0.071,0.087
2017-18,1627362,Briante Weber,1610612763,MEM,18,8,10,237,413,367,22,2,1,66,64,25,0.053,0.061
2017-18,1627744,Brice Johnson,1610612763,MEM,18,2,16,98,128,80,2,0,1,5,2,2,0.016,0.016
2017-18,201572,Brook Lopez,1610612747,LAL,74,34,40,1735,1762,1909,126,4,13,218,290,138,0.072,0.078
2017-18,203998,Bruno Caboclo,1610612758,SAC,12,4,8,106,123,72,4,0,0,4,11,5,0.033,0.041
2017-18,1627854,Bryn Forbes,1610612759,SAS,80,46,34,1517,1111,1485,80,3,20,150,204,104,0.072,0.094
2017-18,1627741,Buddy Hield,1610612758,SAC,80,27,53,2024,1890,2359,155,7,19,312,376,182,0.082,0.096
2017-18,203710,C.J. Williams,1610612746,LAC,38,17,21,707,543,581,43,2,5,64,98,49,0.079,0.09
2017-18,203468,CJ McCollum,1610612757,POR,81,48,33,2924,2839,4134,272,11,40,572,675,322,0.096,0.113
2017-18,101139,CJ Miles,1610612761,TOR,70,50,20,1337,892,1117,55,3,8,90,128,64,0.062,0.072
2017-18,1628403,Caleb Swanigan,1610612757,POR,27,16,11,189,159,153,14,0,0,31,36,14,0.088,0.088
2017-18,1626166,Cameron Payne,1610612741,CHI,25,7,18,582,1149,1226,113,2,6,218,280,119,0.098,0.104
2017-18,1627747,Caris LeVert,1610612751,BKN,69,24,45,1802,2449,2965,284,13,29,559,720,328,0.116,0.134
2017-18,2546,Carmelo Anthony,1610612760,OKC,76,46,30,2432,2737,2185,99,2,11,170,249,108,0.036,0.039
2017-18,1626224,Cedi Osman,1610612739,CLE,61,35,26,672,643,519,41,2,6,61,108,50,0.064,0.078
2017-18,202718,Chandler Parsons,1610612763,MEM,36,12,24,691,776,809,69,1,11,127,161,80,0.089,0.103
2017-18,101112,Channing Frye,1610612747,LAL,53,28,25,695,907,648,38,4,6,85,113,54,0.042,0.06
2017-18,1628429,Charles Cooke,1610612740,NOP,13,8,5,38,23,33,1,0,0,1,3,1,0.043,0.043
2017-18,1627767,Cheick Diallo,1610612740,NOP,52,29,23,581,656,348,19,0,0,28,43,18,0.029,0.027
2017-18,1627778,Chinanu Onuaku,1610612745,HOU,1,0,1,22,18,18,1,0,0,2,3,1,0.056,0.056
2017-18,1628449,Chris Boucher,1610612744,GSW,1,1,0,1,3,3,0,0,0,0,0,0,0,0
2017-18,1626191,Chris McCullough,1610612764,WAS,19,11,8,90,127,82,4,1,0,8,10,5,0.031,0.039
2017-18,101108,Chris Paul,1610612745,HOU,58,50,8,1847,2926,3446,457,24,35,895,1218,516,0.156,0.176
2017-18,203991,Clint Capela,1610612745,HOU,74,62,12,2034,2842,1711,68,2,14,171,180,84,0.024,0.03
2017-18,203469,Cody Zeller,1610612766,CHA,33,14,19,627,440,424,31,0,4,57,81,37,0.07,0.084
2017-18,202332,Cole Aldrich,1610612750,MIN,21,14,7,49,59,42,3,0,0,3,7,3,0.051,0.051
2017-18,201147,Corey Brewer,1610612760,OKC,72,32,40,1209,743,743,65,8,2,131,161,74,0.087,0.1
2017-18,202709,Cory Joseph,1610612754,IND,82,48,34,2210,3339,3679,260,6,44,526,616,305,0.078,0.091
2017-18,201584,Courtney Lee,1610612752,NYK,75,26,49,2278,1942,2435,178,5,24,358,419,207,0.092,0.107
2017-18,1626245,Cristiano Felicio,1610612741,CHI,55,13,42,977,828,812,55,3,6,112,140,63,0.066,0.076
2017-18,1626156,D'Angelo Russell,1610612751,BKN,48,16,32,1234,2195,2845,249,17,24,497,625,287,0.113,0.131
2017-18,201571,D.J. Augustin,1610612753,ORL,75,23,52,1760,3052,3626,287,16,35,626,686,334,0.094,0.109
2017-18,1628391,D.J. Wilson,1610612749,MIL,22,12,10,71,86,60,3,1,0,9,7,4,0.035,0.047
2017-18,1626177,Dakari Johnson,1610612760,OKC,30,21,9,148,128,113,7,0,1,11,18,8,0.055,0.063
2017-18,1627745,Damian Jones,1610612744,GSW,15,7,8,89,74,67,2,0,0,7,4,2,0.027,0.027
2017-18,203081,Damian Lillard,1610612757,POR,73,44,29,2670,3953,5246,481,24,56,925,1146,556,0.122,0.141
2017-18,2863,Damien Wilkins,1610612754,IND,19,10,9,152,139,145,9,0,1,15,23,10,0.065,0.072
2017-18,1627814,Damion Lee,1610612737,ATL,15,4,11,404,425,427,29,2,5,72,73,36,0.068,0.085
2017-18,1628422,Damyean Dotson,1610612752,NYK,44,11,33,474,418,453,31,3,4,62,77,38,0.074,0.091
2017-18,1627772,Daniel Hamilton,1610612760,OKC,6,5,1,28,49,55,8,0,0,13,17,8,0.163,0.163
2017-18,1628464,Daniel Theis,1610612738,BOS,60,41,19,894,1083,848,55,2,1,98,148,59,0.051,0.054
2017-18,201568,Danilo Gallinari,1610612746,LAC,21,11,10,671,723,709,41,2,8,75,97,51,0.057,0.071
2017-18,201980,Danny Green,1610612759,SAS,70,40,30,1791,1985,1833,110,7,22,199,261,140,0.055,0.071
2017-18,201967,Dante Cunningham,1610612751,BKN,73,34,39,1562,1596,1060,48,1,8,96,125,56,0.03,0.035
2017-18,203957,Dante Exum,1610612762,UTA,14,10,4,235,349,427,43,2,3,66,99,46,0.123,0.132
2017-18,1627863,Danuel House Jr.,1610612756,PHX,23,6,17,403,327,330,25,0,2,50,61,27,0.076,0.083
2017-18,203967,Dario Saric,1610612755,PHI,77,49,28,2277,3442,2887,199,9,19,365,491,227,0.058,0.066
2017-18,203121,Darius Miller,1610612740,NOP,82,48,34,1944,1297,1425,111,5,10,203,258,121,0.086,0.093
2017-18,201589,Darrell Arthur,1610612743,DEN,19,12,7,141,160,142,9,1,1,16,26,11,0.056,0.069
2017-18,201954,Darren Collison,1610612754,IND,69,39,30,2018,3421,3938,368,14,34,700,874,414,0.108,0.121
2017-18,1626199,Darrun Hilliard,1610612759,SAS,14,8,6,95,107,105,11,1,0,16,27,11,0.103,0.103
2017-18,1628021,David Nwaba,1610612741,CHI,70,26,44,1646,990,1121,104,7,11,201,259,122,0.105,0.123
2017-18,204065,David Stockton,1610612762,UTA,3,3,0,9,13,21,0,0,0,2,0,0,0,0
2017-18,2561,David West,1610612744,GSW,73,52,21,999,1403,1383,138,13,12,251,336,163,0.098,0.116
2017-18,202722,Davis Bertans,1610612759,SAS,77,43,34,1086,1411,1078,74,2,7,109,175,82,0.052,0.058
2017-18,1628432,Davon Reed,1610612756,PHX,21,2,19,242,232,218,13,3,2,37,33,18,0.056,0.078
2017-18,1628368,De'Aaron Fox,1610612758,SAC,73,24,49,2026,3714,4450,320,10,39,626,770,365,0.086,0.098
2017-18,201599,DeAndre Jordan,1610612746,LAC,77,39,38,2423,3352,1746,117,6,13,202,283,136,0.035,0.041
2017-18,202732,DeAndre Liggins,1610612740,NOP,57,34,23,708,547,538,47,1,6,101,111,52,0.086,0.095
2017-18,1627761,DeAndre' Bembry,1610612737,ATL,25,8,17,454,544,581,49,1,3,104,115,52,0.09,0.096
2017-18,201942,DeMar DeRozan,1610612761,TOR,80,57,23,2712,3006,4390,417,5,62,828,1050,484,0.139,0.161
2017-18,202326,DeMarcus Cousins,1610612740,NOP,48,27,21,1737,2877,2913,257,8,21,446,612,285,0.089,0.099
2017-18,201960,DeMarre Carroll,1610612751,BKN,71,24,47,2122,2590,2298,145,3,26,298,360,172,0.056,0.066
2017-18,1627749,Dejounte Murray,1610612759,SAS,81,47,34,1743,3306,3355,231,4,56,464,547,289,0.07,0.087
2017-18,1626153,Delon Wright,1610612761,TOR,69,49,20,1433,2246,2382,200,4,31,410,510,235,0.089,0.105
2017-18,1627743,Demetrius Jackson,1610612755,PHI,15,12,3,80,148,161,9,0,0,27,21,9,0.061,0.061
2017-18,203471,Dennis Schröder,1610612737,ATL,66,21,45,2041,4138,5264,408,14,46,820,1025,470,0.099,0.114
2017-18,1628372,Dennis Smith Jr.,1610612742,DAL,69,22,47,2049,3954,4644,358,12,59,741,903,425,0.091,0.107
2017-18,1627756,Denzel Valentine,1610612741,CHI,77,26,51,2095,2151,2361,244,16,19,501,604,276,0.113,0.128
2017-18,202324,Derrick Favors,1610612762,UTA,77,46,31,2153,3024,2327,102,3,12,189,266,120,0.034,0.04
2017-18,1627884,Derrick Jones Jr.,1610612748,MIA,20,9,11,245,143,129,9,1,1,18,25,11,0.063,0.077
2017-18,201565,Derrick Rose,1610612750,MIN,25,15,10,419,460,611,37,1,9,58,92,47,0.08,0.102
2017-18,1628476,Derrick Walton Jr.,1610612748,MIA,16,8,8,147,225,201,16,0,1,40,39,17,0.071,0.076
2017-18,1628401,Derrick White,1610612759,SAS,17,7,10,139,180,179,9,0,0,16,20,9,0.05,0.05
2017-18,202682,Derrick Williams,1610612747,LAL,2,1,1,9,9,9,0,0,0,2,0,0,0,0
2017-18,1626164,Devin Booker,1610612756,PHX,54,16,38,1865,2096,3151,253,14,28,516,618,296,0.121,0.141
2017-18,2734,Devin Harris,1610612743,DEN,71,33,38,1340,1713,1967,152,4,11,269,357,163,0.089,0.095
2017-18,1628421,Devin Robinson,1610612764,WAS,1,0,1,13,17,10,0,0,0,3,0,0,0,0
2017-18,203473,Dewayne Dedmon,1610612737,ATL,61,18,43,1520,1937,1453,88,2,6,143,212,93,0.045,0.048
2017-18,1627738,Deyonta Davis,1610612763,MEM,62,16,46,943,1043,713,40,1,1,78,109,45,0.038,0.043
2017-18,1628415,Dillon Brooks,1610612763,MEM,82,22,60,2350,2150,2457,135,6,33,301,314,169,0.063,0.079
2017-18,203079,Dion Waiters,1610612748,MIA,29,15,14,893,1049,1415,112,4,14,219,291,130,0.107,0.124
2017-18,1717,Dirk Nowitzki,1610612742,DAL,77,24,53,1900,2385,2139,120,8,13,183,307,143,0.05,0.06
2017-18,1627734,Domantas Sabonis,1610612754,IND,74,45,29,1810,3120,2353,151,4,17,291,382,172,0.048,0.055
2017-18,1628378,Donovan Mitchell,1610612762,UTA,79,46,33,2638,2941,4202,291,17,37,541,745,345,0.099,0.117
2017-18,1627827,Dorian Finney-Smith,1610612742,DAL,21,4,17,448,411,358,26,0,1,53,68,28,0.063,0.068
2017-18,203926,Doug McDermott,1610612742,DAL,80,29,51,1736,1476,1493,78,4,12,145,193,94,0.053,0.064
2017-18,1627733,Dragan Bender,1610612756,PHX,82,21,61,2069,3017,1896,130,7,9,255,304,143,0.043,0.047
2017-18,203110,Draymond Green,1610612744,GSW,70,48,22,2287,4463,3566,508,23,53,857,1211,580,0.114,0.13
2017-18,1628407,Dwayne Bacon,1610612766,CHA,53,25,28,713,494,502,38,2,11,78,102,51,0.077,0.103
2017-18,202779,Dwight Buycks,1610612765,DET,29,10,19,427,705,929,59,2,12,118,148,73,0.084,0.104
2017-18,2730,Dwight Howard,1610612766,CHA,81,35,46,2463,2490,2002,105,7,11,211,266,121,0.042,0.049
2017-18,203939,Dwight Powell,1610612742,DAL,79,23,56,1672,2026,1450,91,0,14,187,230,107,0.045,0.053
2017-18,2548,Dwyane Wade,1610612748,MIA,67,37,30,1536,2179,2454,228,16,23,460,569,263,0.105,0.121
2017-18,202734,E'Twaun Moore,1610612740,NOP,82,48,34,2586,2151,2439,187,9,28,348,441,223,0.087,0.104
2017-18,202334,Ed Davis,1610612757,POR,78,48,30,1471,1952,866,40,4,2,114,111,46,0.02,0.024
2017-18,1628410,Edmond Sumner,1610612754,IND,1,0,1,2,2,3,0,0,0,0,0,0,0,0
2017-18,202327,Ekpe Udoh,1610612762,UTA,63,36,27,810,943,658,53,0,2,98,135,55,0.056,0.058
2017-18,203901,Elfrid Payton,1610612756,PHX,63,13,50,1809,3061,3563,393,22,35,815,964,449,0.128,0.147
2017-18,2731,Emeka Okafor,1610612740,NOP,26,16,10,353,262,176,8,0,1,15,25,10,0.031,0.038
2017-18,1626144,Emmanuel Mudiay,1610612752,NYK,64,29,35,1244,2115,2588,206,10,20,378,497,232,0.097,0.11
2017-18,202683,Enes Freedom,1610612752,NYK,70,26,44,1807,2643,1867,103,2,14,199,244,120,0.039,0.045
2017-18,202339,Eric Bledsoe,1610612749,MIL,74,40,34,2322,3786,4384,370,25,53,694,881,445,0.098,0.118
2017-18,201569,Eric Gordon,1610612745,HOU,69,55,14,2154,1483,2281,154,10,14,281,400,176,0.104,0.119
2017-18,203961,Eric Moreland,1610612765,DET,67,32,35,805,876,752,78,2,6,145,192,87,0.089,0.099
2017-18,1628571,Erik McCree,1610612762,UTA,4,4,0,8,7,7,0,0,0,2,0,0,0,0
2017-18,101141,Ersan Ilyasova,1610612755,PHI,69,36,33,1730,2363,1838,90,1,16,166,220,106,0.038,0.045
2017-18,203095,Evan Fournier,1610612753,ORL,57,20,37,1837,1328,1881,165,4,18,285,400,186,0.124,0.14
2017-18,202323,Evan Turner,1610612757,POR,79,48,31,2034,2229,2179,173,10,13,374,418,191,0.078,0.086
2017-18,1626163,Frank Kaminsky,1610612766,CHA,79,35,44,1835,2827,2132,129,11,21,244,341,162,0.046,0.057
2017-18,1628412,Frank Mason III,1610612758,SAC,52,17,35,984,1689,2049,147,3,24,306,350,171,0.087,0.101
2017-18,1628373,Frank Ntilikina,1610612752,NYK,77,27,50,1693,2931,3294,250,14,43,492,606,304,0.085,0.104
2017-18,1627832,Fred VanVleet,1610612761,TOR,76,55,21,1520,2244,2552,243,12,42,483,593,294,0.108,0.131
2017-18,1627788,Furkan Korkmaz,1610612755,PHI,14,11,3,80,56,67,4,0,3,6,8,7,0.071,0.125
2017-18,202066,Garrett Temple,1610612758,SAC,65,23,42,1615,1812,1929,124,7,21,229,282,147,0.068,0.081
2017-18,203914,Gary Harris,1610612743,DEN,67,37,30,2305,1646,2385,194,7,33,323,471,227,0.118,0.138
2017-18,1627780,Gary Payton II,1610612747,LAL,23,10,13,221,253,224,21,0,1,40,51,22,0.083,0.087
2017-18,201588,George Hill,1610612739,CLE,67,28,39,1812,2852,3109,186,6,27,391,456,218,0.065,0.076
2017-18,1627777,Georges Niang,1610612762,UTA,9,9,0,32,28,32,3,0,0,2,4,2,0.107,0.071
2017-18,1627834,Georgios Papagiannis,1610612757,POR,17,3,14,122,185,114,9,0,1,13,23,10,0.049,0.054
2017-18,101123,Gerald Green,1610612745,HOU,41,33,8,929,687,795,25,1,4,63,63,30,0.036,0.044
2017-18,1628492,Gian Clavell,1610612742,DAL,7,0,7,64,45,53,3,1,0,6,10,4,0.067,0.089
2017-18,203507,Giannis Antetokounmpo,1610612749,MIL,74,39,35,2715,4246,4148,354,8,59,689,898,421,0.083,0.099
2017-18,203922,Glenn Robinson III,1610612754,IND,23,14,9,338,272,247,17,1,5,24,37,22,0.063,0.081
2017-18,201609,Goran Dragic,1610612748,MIA,74,38,36,2349,4267,4933,356,16,64,744,868,436,0.083,0.102
2017-18,202330,Gordon Hayward,1610612738,BOS,1,0,1,5,7,5,0,0,0,0,0,0,0,0
2017-18,203476,Gorgui Dieng,1610612750,MIN,79,45,34,1333,1703,1241,71,1,14,146,178,86,0.042,0.05
2017-18,202328,Greg Monroe,1610612738,BOS,50,21,29,1024,1334,1222,113,4,7,205,272,122,0.085,0.091
2017-18,1627824,Guerschon Yabusele,1610612738,BOS,32,23,9,233,357,295,16,0,2,31,41,18,0.045,0.05
2017-18,203084,Harrison Barnes,1610612742,DAL,77,24,53,2634,3013,2851,152,6,24,288,401,182,0.05,0.06
2017-18,202355,Hassan Whiteside,1610612748,MIA,54,30,24,1364,1015,1083,54,1,2,106,130,56,0.053,0.055
2017-18,1627740,Henry Ellenson,1610612765,DET,38,21,17,329,553,355,20,1,1,39,55,22,0.036,0.04
2017-18,203546,Ian Clark,1610612740,NOP,74,43,31,1454,1316,1560,110,3,16,195,259,127,0.084,0.097
2017-18,101133,Ian Mahinmi,1610612764,WAS,77,42,35,1145,1213,775,53,4,12,94,130,69,0.044,0.057
2017-18,1628387,Ike Anigbogu,1610612754,IND,11,5,6,30,44,27,0,0,0,0,0,0,0,0
2017-18,202697,Iman Shumpert,1610612758,SAC,14,9,5,276,316,285,17,2,5,27,47,24,0.054,0.076
2017-18,203477,Isaiah Canaan,1610612756,PHX,20,9,11,422,828,935,76,6,8,164,197,90,0.092,0.109
2017-18,1628439,Isaiah Hicks,1610612752,NYK,18,4,14,239,241,207,16,1,1,30,43,18,0.066,0.075
2017-18,1627819,Isaiah Taylor,1610612737,ATL,67,18,49,1167,2035,2424,206,8,11,408,538,225,0.101,0.111
2017-18,202738,Isaiah Thomas,1610612747,LAL,32,15,17,862,1185,1653,153,9,21,287,373,179,0.129,0.151
2017-18,1627785,Isaiah Whitehead,1610612751,BKN,15,2,13,163,186,263,19,0,1,40,44,20,0.102,0.108
2017-18,202397,Ish Smith,1610612765,DET,82,39,43,2043,3995,4532,360,10,50,752,927,418,0.09,0.105
2017-18,1628397,Ivan Rabb,1610612763,MEM,36,6,30,516,666,494,32,2,5,59,75,39,0.048,0.059
2017-18,1627826,Ivica Zubac,1610612747,LAL,43,19,24,410,559,379,25,1,2,35,58,27,0.045,0.048
2017-18,200826,J.J. Barea,1610612742,DAL,69,23,46,1603,3344,3777,434,19,53,764,1036,505,0.13,0.151
2017-18,200755,JJ Redick,1610612755,PHI,69,45,24,2086,1982,2658,207,8,36,356,496,245,0.104,0.124
2017-18,2747,JR Smith,1610612739,CLE,80,49,31,2244,1778,1777,141,4,25,270,351,168,0.079,0.094
2017-18,203960,JaKarr Sampson,1610612758,SAC,22,6,16,344,332,213,9,0,0,28,22,9,0.027,0.027
2017-18,203210,JaMychal Green,1610612763,MEM,55,11,44,1542,1865,1302,79,5,9,151,188,91,0.042,0.049
2017-18,201580,JaVale McGee,1610612744,GSW,65,45,20,615,613,486,33,0,3,50,83,38,0.054,0.062
2017-18,1628444,Jabari Bird,1610612738,BOS,13,8,5,115,68,75,8,1,3,10,21,12,0.118,0.176
2017-18,203953,Jabari Parker,1610612749,MIL,31,16,15,743,975,856,59,2,6,121,127,62,0.061,0.064
2017-18,204022,Jack Cooley,1610612758,SAC,7,4,3,87,90,81,6,1,0,8,11,6,0.067,0.067
2017-18,1626643,Jacob Pullen,1610612755,PHI,3,2,1,6,6,9,0,0,0,2,0,0,0,0
2017-18,1628451,Jacob Wiley,1610612751,BKN,4,1,3,32,40,18,2,0,0,2,4,2,0.05,0.05
2017-18,203109,Jae Crowder,1610612762,UTA,80,52,28,2090,2227,1861,99,3,11,155,249,112,0.044,0.05
2017-18,1626143,Jahlil Okafor,1610612751,BKN,28,7,21,353,382,383,12,0,1,27,33,13,0.031,0.034
2017-18,1627774,Jake Layman,1610612757,POR,35,22,13,160,127,136,11,0,1,14,28,12,0.087,0.094
2017-18,1627751,Jakob Poeltl,1610612761,TOR,82,59,23,1524,1681,1105,57,2,10,112,147,69,0.034,0.041
2017-18,1627883,Jalen Jones,1610612742,DAL,16,3,13,181,152,132,4,0,2,14,12,7,0.026,0.046
2017-18,2037,Jamal Crawford,1610612750,MIN,80,45,35,1653,1412,2110,185,20,20,317,451,224,0.131,0.159
2017-18,1627750,Jamal Murray,1610612743,DEN,81,46,35,2565,4288,4987,274,12,64,557,667,344,0.064,0.08
2017-18,1627866,Jameel Warney,1610612742,DAL,3,1,2,27,21,22,0,0,0,1,0,0,0,0
2017-18,2749,Jameer Nelson,1610612765,DET,50,25,25,1013,2064,2090,179,5,28,336,437,208,0.087,0.101
2017-18,1628503,Jamel Artis,1610612753,ORL,15,4,11,279,265,258,18,1,4,46,46,22,0.068,0.083
2017-18,203516,James Ennis III,1610612765,DET,72,25,47,1604,1027,1009,71,7,14,143,168,90,0.069,0.088
2017-18,201935,James Harden,1610612745,HOU,72,59,13,2551,3685,5269,630,43,56,1177,1564,728,0.171,0.198
2017-18,201949,James Johnson,1610612748,MIA,72,36,36,1912,2925,2477,277,11,14,550,724,300,0.095,0.103
2017-18,203949,James Michael McAdoo,1610612755,PHI,3,1,2,18,20,18,0,0,0,0,0,0,0,0
2017-18,1627821,James Webb III,1610612751,BKN,10,1,9,120,188,105,4,0,1,6,11,5,0.021,0.027
2017-18,203923,James Young,1610612755,PHI,6,4,2,61,35,44,2,0,0,4,7,3,0.057,0.086
2017-18,203966,Jamil Wilson,1610612746,LAC,15,6,9,274,310,240,10,0,0,24,24,10,0.032,0.032
2017-18,201162,Jared Dudley,1610612756,PHX,48,7,41,686,1184,786,78,6,4,146,187,85,0.066,0.072
2017-18,204067,Jarell Eddie,1610612741,CHI,3,1,2,9,6,6,0,0,0,3,0,0,0,0
2017-18,1626185,Jarell Martin,1610612763,MEM,73,21,52,1661,1941,1358,73,6,7,145,187,87,0.038,0.045
2017-18,1628386,Jarrett Allen,1610612751,BKN,70,24,46,1401,1700,1318,49,1,9,95,113,56,0.029,0.033
2017-18,101127,Jarrett Jack,1610612752,NYK,61,25,36,1513,3111,3527,341,8,38,620,808,387,0.11,0.124
2017-18,201160,Jason Smith,1610612764,WAS,33,15,18,285,377,275,14,0,3,34,33,16,0.037,0.042
2017-18,1891,Jason Terry,1610612749,MIL,51,27,24,814,760,677,59,4,3,104,145,65,0.078,0.086
2017-18,1628393,Jawun Evans,1610612746,LAC,48,24,24,778,1182,1322,100,6,14,186,238,120,0.085,0.102
2017-18,1627759,Jaylen Brown,1610612738,BOS,67,44,23,2050,1555,1724,112,6,12,210,272,129,0.072,0.083
2017-18,1628537,Jaylen Morris,1610612737,ATL,6,2,4,98,66,65,7,0,0,13,14,6,0.106,0.091
2017-18,1628369,Jayson Tatum,1610612738,BOS,77,50,27,2362,2137,2149,123,2,19,235,310,143,0.058,0.067
2017-18,201145,Jeff Green,1610612739,CLE,78,47,31,1828,1719,1749,99,3,12,175,241,112,0.058,0.065
2017-18,201952,Jeff Teague,1610612750,MIN,70,41,29,2311,4022,4655,492,35,36,847,1180,563,0.122,0.14
2017-18,203481,Jeff Withey,1610612742,DAL,10,2,8,39,37,37,0,0,0,3,0,0,0,0
2017-18,203924,Jerami Grant,1610612760,OKC,80,48,32,1625,1797,1289,56,4,5,144,169,69,0.031,0.038
2017-18,202379,Jeremy Evans,1610612737,ATL,1,0,1,5,6,5,0,0,0,1,0,0,0,0
2017-18,203087,Jeremy Lamb,1610612766,CHA,80,36,44,1967,1780,2161,186,18,32,363,469,235,0.104,0.132
2017-18,202391,Jeremy Lin,1610612751,BKN,1,0,1,25,32,49,4,0,0,7,12,4,0.125,0.125
2017-18,1626170,Jerian Grant,1610612741,CHI,74,24,50,1686,2999,3287,342,7,32,661,835,378,0.114,0.126
2017-18,201573,Jerryd Bayless,1610612755,PHI,38,21,17,908,796,984,54,2,14,116,132,71,0.068,0.089
2017-18,202710,Jimmy Butler III,1610612750,MIN,59,37,22,2164,2395,2832,288,11,24,544,677,321,0.12,0.134
2017-18,201149,Joakim Noah,1610612752,NYK,7,1,6,40,77,48,4,0,0,14,10,4,0.052,0.052
2017-18,201975,Jodie Meeks,1610612764,WAS,77,41,36,1119,983,1237,70,6,8,142,162,82,0.071,0.083
2017-18,203925,Joe Harris,1610612751,BKN,77,26,51,1948,2047,2009,127,11,21,274,325,158,0.062,0.077
2017-18,204060,Joe Ingles,1610612762,UTA,82,48,34,2579,3175,3455,392,39,37,708,954,466,0.123,0.147
2017-18,2207,Joe Johnson,1610612745,HOU,55,35,20,1205,1411,1169,83,3,10,199,210,94,0.059,0.067
2017-18,1626202,Joe Young,1610612754,IND,53,28,25,558,633,781,39,1,6,87,93,46,0.062,0.073
2017-18,1627762,Joel Bolomboy,1610612749,MIL,6,3,3,38,35,23,0,0,1,4,0,1,0,0.029
2017-18,203954,Joel Embiid,1610612755,PHI,62,41,21,1882,3136,3191,194,11,18,353,485,224,0.062,0.071
2017-18,203530,Joffrey Lauvergne,1610612759,SAS,55,30,25,534,576,492,41,4,3,79,100,47,0.071,0.082
2017-18,1628381,John Collins,1610612737,ATL,73,21,52,1760,2648,1874,97,0,11,183,246,110,0.037,0.042
2017-18,203089,John Henson,1610612749,MIL,75,39,36,1953,1603,1404,114,5,9,172,270,127,0.071,0.079
2017-18,204066,John Holland,1610612739,CLE,24,17,7,174,120,137,5,0,2,12,11,7,0.042,0.058
2017-18,202322,John Wall,1610612764,WAS,41,23,18,1410,2222,2849,393,11,29,720,957,432,0.177,0.194
2017-18,1628405,Johnathan Motley,1610612742,DAL,11,1,10,176,189,174,7,0,1,13,16,8,0.037,0.042
2017-18,203948,Johnny O'Bryant III,1610612766,CHA,36,15,21,379,416,351,14,1,2,45,36,17,0.034,0.041
2017-18,202720,Jon Leuer,1610612765,DET,8,5,3,136,176,125,5,0,2,11,10,7,0.028,0.04
2017-18,201973,Jonas Jerebko,1610612762,UTA,74,45,29,1134,1655,1233,42,2,7,89,106,51,0.025,0.031
2017-18,202685,Jonas Valanciunas,1610612761,TOR,77,56,21,1727,2716,1845,81,3,12,159,213,97,0.03,0.036
2017-18,1626780,Jonathan Gibson,1610612738,BOS,4,2,2,40,27,50,4,0,0,7,9,4,0.148,0.148
2017-18,1628371,Jonathan Isaac,1610612753,ORL,27,11,16,535,563,359,18,2,2,39,47,22,0.032,0.039
2017-18,203613,Jonathon Simmons,1610612753,ORL,69,21,48,2029,1807,2379,171,9,17,372,446,197,0.095,0.109
2017-18,1628395,Jordan Bell,1610612744,GSW,57,43,14,809,1284,890,102,3,9,169,243,114,0.079,0.089
2017-18,203903,Jordan Clarkson,1610612739,CLE,81,40,41,1887,2073,2861,221,13,22,423,540,255,0.107,0.123
2017-18,202348,Jordan Crawford,1610612740,NOP,5,3,2,53,97,111,13,0,1,20,35,14,0.134,0.144
2017-18,1626175,Jordan Mickey,1610612748,MIA,23,15,8,284,420,223,9,0,0,22,22,9,0.021,0.021
2017-18,101181,Jose Calderon,1610612739,CLE,57,33,24,914,1492,1460,117,7,27,214,290,150,0.078,0.101
2017-18,1627982,Josh Gray,1610612756,PHX,5,0,5,86,161,190,12,0,2,28,31,14,0.075,0.087
2017-18,1628404,Josh Hart,1610612747,LAL,63,27,36,1461,1031,1007,80,3,15,148,200,97,0.078,0.094
2017-18,203962,Josh Huestis,1610612760,OKC,68,43,25,968,646,435,19,0,5,35,49,24,0.029,0.037
2017-18,1628367,Josh Jackson,1610612756,PHX,77,19,58,1959,1599,1903,119,9,9,237,296,136,0.074,0.085
2017-18,203705,Josh Magette,1610612737,ATL,18,3,15,216,432,463,57,2,3,110,134,60,0.132,0.139
2017-18,201177,Josh McRoberts,1610612742,DAL,2,2,0,6,5,4,0,0,0,0,0,0,0,0
2017-18,1626196,Josh Richardson,1610612748,MIA,80,43,37,2657,3333,3421,230,8,33,472,566,271,0.069,0.081
2017-18,2746,Josh Smith,1610612740,NOP,3,2,1,12,21,12,0,2,0,6,2,2,0,0.095
2017-18,201950,Jrue Holiday,1610612740,NOP,81,47,34,2927,4439,4989,486,26,60,898,1200,570,0.109,0.128
2017-18,1627823,Juancho Hernangomez,1610612743,DEN,25,15,10,277,260,194,12,1,2,22,29,14,0.046,0.054
2017-18,203944,Julius Randle,1610612747,LAL,82,35,47,2190,2796,2639,210,8,29,399,531,246,0.075,0.088
2017-18,202933,Julyan Stone,1610612766,CHA,23,10,13,175,213,186,26,2,3,53,68,31,0.122,0.146
2017-18,1626147,Justin Anderson,1610612755,PHI,37,27,10,515,496,513,25,0,6,51,59,31,0.05,0.063
2017-18,203200,Justin Holiday,1610612741,CHI,72,24,48,2265,1483,2014,153,10,24,282,360,182,0.103,0.123
2017-18,1628382,Justin Jackson,1610612758,SAC,68,21,47,1506,1345,1216,74,3,11,136,189,88,0.055,0.065
2017-18,1628383,Justin Patton,1610612750,MIN,1,0,1,4,2,2,0,0,0,0,0,0,0,0
2017-18,1626159,Justise Winslow,1610612748,MIA,67,32,35,1655,2461,1800,147,2,13,313,353,161,0.06,0.065
2017-18,203994,Jusuf Nurkić,1610612757,POR,79,48,31,2088,3184,2346,143,10,11,281,362,164,0.045,0.052
2017-18,1628443,Kadeem Allen,1610612738,BOS,18,9,9,107,158,160,12,0,1,21,28,13,0.076,0.082
2017-18,1626157,Karl-Anthony Towns,1610612750,MIN,82,47,35,2918,4102,3341,199,7,24,350,483,232,0.049,0.057
2017-18,202695,Kawhi Leonard,1610612759,SAS,9,5,4,210,215,291,21,0,2,46,49,23,0.098,0.107
2017-18,1627770,Kay Felder,1610612765,DET,16,6,10,140,225,296,20,0,5,41,51,26,0.089,0.116
2017-18,203482,Kelly Olynyk,1610612748,MIA,75,41,34,1751,2848,2330,204,5,18,395,526,227,0.072,0.08
2017-18,1626162,Kelly Oubre Jr.,1610612764,WAS,81,43,38,2231,1713,1803,98,2,12,181,234,111,0.057,0.065
2017-18,202689,Kemba Walker,1610612766,CHA,80,36,44,2736,4518,5866,444,27,81,839,1097,553,0.098,0.122
2017-18,2570,Kendrick Perkins,1610612739,CLE,1,0,1,15,19,15,2,1,0,4,6,3,0.105,0.158
2017-18,202702,Kenneth Faried,1610612743,DEN,32,16,16,461,442,319,18,0,2,36,42,20,0.041,0.045
2017-18,203145,Kent Bazemore,1610612737,ATL,64,19,45,1759,2382,2425,224,5,17,414,525,245,0.094,0.103
2017-18,203484,Kentavious Caldwell-Pope,1610612747,LAL,74,31,43,2458,2118,2145,162,10,23,321,395,191,0.076,0.09
2017-18,201142,Kevin Durant,1610612744,GSW,68,49,19,2325,2854,3494,366,18,49,614,882,426,0.128,0.149
2017-18,201567,Kevin Love,1610612739,CLE,59,37,22,1651,2091,1631,103,6,19,182,255,128,0.049,0.061
2017-18,1626172,Kevon Looney,1610612744,GSW,66,45,21,910,1108,810,42,1,6,89,105,49,0.038,0.044
2017-18,203920,Khem Birch,1610612753,ORL,42,14,28,578,643,426,34,1,6,51,84,41,0.053,0.064
2017-18,203114,Khris Middleton,1610612749,MIL,81,44,37,2947,3499,3736,326,22,25,612,790,373,0.093,0.107
2017-18,202691,Klay Thompson,1610612744,GSW,73,55,18,2504,2028,2966,185,9,46,315,440,241,0.091,0.119
2017-18,1628424,Kobi Simmons,1610612763,MEM,32,6,26,643,1008,1160,68,1,8,134,164,77,0.067,0.076
2017-18,201585,Kosta Koufos,1610612758,SAC,71,22,49,1391,1977,1289,87,2,8,167,224,100,0.044,0.051
2017-18,1627739,Kris Dunn,1610612741,CHI,52,19,33,1525,2879,3339,310,14,26,593,763,346,0.108,0.12
2017-18,204001,Kristaps Porziņģis,1610612752,NYK,48,22,26,1553,1780,1910,57,4,12,129,146,73,0.032,0.041
2017-18,203937,Kyle Anderson,1610612759,SAS,74,41,33,1978,2342,1883,202,11,33,381,504,245,0.086,0.105
2017-18,1627858,Kyle Collinsworth,1610612742,DAL,32,9,23,480,607,548,56,1,6,129,131,61,0.092,0.1
2017-18,2594,Kyle Korver,1610612739,CLE,73,43,30,1574,986,1200,88,3,7,150,206,98,0.089,0.099
2017-18,1628398,Kyle Kuzma,1610612747,LAL,77,34,43,2401,2352,2190,141,5,16,276,329,157,0.06,0.067
2017-18,200768,Kyle Lowry,1610612761,TOR,78,57,21,2510,4484,4699,537,27,41,951,1246,597,0.12,0.133
2017-18,203124,Kyle O'Quinn,1610612752,NYK,76,27,49,1362,2346,1503,156,4,5,283,345,163,0.066,0.069
2017-18,202713,Kyle Singler,1610612760,OKC,11,5,6,36,33,37,2,0,0,5,6,2,0.061,0.061
2017-18,202681,Kyrie Irving,1610612738,BOS,57,38,19,1834,2958,3720,287,6,58,581,691,346,0.097,0.117
2017-18,200746,LaMarcus Aldridge,1610612759,SAS,75,45,30,2509,2849,3248,152,1,42,285,371,193,0.053,0.068
2017-18,202362,Lance Stephenson,1610612754,IND,82,48,34,1850,2014,2166,235,16,13,447,555,262,0.117,0.13
2017-18,202498,Lance Thomas,1610612752,NYK,72,24,48,1328,1229,928,43,2,3,102,103,48,0.035,0.039
2017-18,204038,Langston Galloway,1610612765,DET,58,28,30,863,780,977,58,2,11,116,147,71,0.074,0.091
2017-18,203580,Larry Drew II,1610612740,NOP,10,6,4,70,105,129,10,0,0,19,23,10,0.095,0.095
2017-18,1626204,Larry Nance Jr.,1610612739,CLE,66,32,34,1421,1877,1137,82,1,10,167,199,93,0.044,0.05
2017-18,1628374,Lauri Markkanen,1610612741,CHI,68,23,45,2020,3738,2442,79,1,16,171,199,96,0.021,0.026
2017-18,2544,LeBron James,1610612739,CLE,82,50,32,3026,4674,5701,747,33,64,1426,1898,837,0.16,0.179
2017-18,1628506,London Perrantes,1610612739,CLE,14,8,6,66,96,97,5,1,3,16,14,9,0.052,0.094
2017-18,1628366,Lonzo Ball,1610612747,LAL,52,24,28,1780,3403,3303,376,24,28,685,883,416,0.11,0.122
2017-18,203485,Lorenzo Brown,1610612761,TOR,14,9,5,139,196,198,13,0,4,23,36,17,0.066,0.087
2017-18,101150,Lou Williams,1610612746,LAC,79,42,37,2589,3149,4293,417,23,56,676,984,497,0.132,0.158
2017-18,201601,Luc Mbah a Moute,1610612745,HOU,61,52,9,1564,1116,957,55,5,6,107,143,65,0.049,0.058
2017-18,203512,Lucas Nogueira,1610612761,TOR,49,36,13,418,458,333,22,0,3,44,56,25,0.048,0.055
2017-18,1626242,Luis Montero,1610612765,DET,2,1,1,8,3,5,0,0,0,0,0,0,0,0
2017-18,202337,Luke Babbitt,1610612748,MIA,49,15,34,690,816,663,29,2,6,52,78,37,0.036,0.045
2017-18,1628379,Luke Kennard,1610612765,DET,73,34,39,1463,1058,1296,124,6,15,230,317,146,0.117,0.138
2017-18,1628436,Luke Kornet,1610612752,NYK,20,6,14,326,507,390,26,0,1,46,60,27,0.051,0.053
2017-18,2736,Luol Deng,1610612747,LAL,1,0,1,13,9,7,1,0,0,2,2,1,0.111,0.111
2017-18,1627781,Malachi Richardson,1610612761,TOR,26,8,18,323,267,288,13,1,2,29,30,15,0.049,0.056
2017-18,1627763,Malcolm Brogdon,1610612749,MIL,47,25,22,1400,1963,2057,147,13,18,290,360,178,0.075,0.091
2017-18,1627098,Malcolm Delaney,1610612737,ATL,53,16,37,989,1677,1841,162,9,18,321,406,187,0.097,0.112
2017-18,1626259,Malcolm Miller,1610612761,TOR,15,15,0,126,107,100,3,0,1,7,7,4,0.028,0.037
2017-18,1627736,Malik Beasley,1610612743,DEN,62,34,28,583,344,422,31,3,2,50,79,34,0.09,0.099
2017-18,1628370,Malik Monk,1610612766,CHA,63,26,37,854,922,1324,91,9,10,173,218,110,0.099,0.119
2017-18,1628493,Mangok Mathiang,1610612766,CHA,4,3,1,20,19,10,0,0,0,0,0,0,0,0
2017-18,1938,Manu Ginobili,1610612759,SAS,65,39,26,1299,1469,1817,163,16,21,320,404,199,0.111,0.135
2017-18,202705,MarShon Brooks,1610612763,MEM,7,2,5,193,225,272,25,1,2,58,63,29,0.111,0.129
2017-18,201188,Marc Gasol,1610612763,MEM,73,21,52,2408,4588,4409,305,11,30,565,746,338,0.066,0.074
2017-18,101162,Marcin Gortat,1610612764,WAS,82,43,39,2074,2688,1712,151,1,12,261,354,159,0.056,0.059
2017-18,201158,Marco Belinelli,1610612755,PHI,79,39,40,1921,2004,2345,147,7,29,316,360,183,0.073,0.091
2017-18,1627875,Marcus Georges-Hunt,1610612750,MIN,42,24,18,224,103,132,7,0,0,16,18,7,0.068,0.068
2017-18,202694,Marcus Morris Sr.,1610612738,BOS,52,32,20,1394,1605,1513,68,3,11,129,165,80,0.042,0.05
2017-18,1627779,Marcus Paige,1610612766,CHA,5,4,1,28,44,56,3,0,1,7,8,4,0.068,0.091
2017-18,203935,Marcus Smart,1610612738,BOS,51,35,16,1537,2202,2429,251,12,27,447,620,289,0.114,0.131
2017-18,201596,Mario Chalmers,1610612763,MEM,66,21,45,1421,2650,2800,197,16,29,378,489,242,0.074,0.091
2017-18,1626209,Mario Hezonja,1610612753,ORL,75,21,54,1657,1846,1568,106,6,11,199,250,122,0.057,0.066
2017-18,203900,Markel Brown,1610612745,HOU,4,4,0,31,33,32,2,0,0,3,4,2,0.061,0.061
2017-18,1628365,Markelle Fultz,1610612755,PHI,14,11,3,253,453,524,53,3,3,104,135,59,0.117,0.13
2017-18,202693,Markieff Morris,1610612764,WAS,73,37,36,1968,1865,1879,142,7,16,240,344,164,0.076,0.088
2017-18,1627737,Marquese Chriss,1610612756,PHX,72,19,53,1527,2104,1418,83,4,15,194,201,102,0.039,0.048
2017-18,203104,Marquis Teague,1610612763,MEM,3,0,3,74,139,149,13,0,0,17,33,14,0.094,0.101
2017-18,201578,Marreese Speights,1610612753,ORL,52,15,37,675,892,889,40,5,2,68,96,45,0.045,0.05
2017-18,1627850,Marshall Plumlee,1610612749,MIL,8,5,3,52,44,35,2,0,0,6,5,2,0.045,0.045
2017-18,101107,Marvin Williams,1610612766,CHA,78,33,45,2006,2801,1906,96,4,14,191,232,115,0.034,0.041
2017-18,203486,Mason Plumlee,1610612743,DEN,74,40,34,1439,1725,1439,142,3,16,243,340,158,0.082,0.092
2017-18,1627856,Matt Costello,1610612759,SAS,4,2,2,32,38,23,2,0,0,4,9,3,0.053,0.079
2017-18,1628475,Matt Williams Jr.,1610612748,MIA,3,1,2,11,4,10,0,0,0,0,0,0,0,0
2017-18,203521,Matthew Dellavedova,1610612749,MIL,37,21,16,691,1182,1250,143,9,17,261,345,168,0.121,0.142
2017-18,203090,Maurice Harkless,1610612757,POR,59,36,23,1264,1057,878,53,3,5,123,126,58,0.05,0.055
2017-18,1628467,Maxi Kleber,1610612742,DAL,72,20,52,1206,1054,898,51,3,5,86,136,59,0.048,0.056
2017-18,203086,Meyers Leonard,1610612757,POR,33,17,16,254,355,272,17,0,2,35,48,20,0.048,0.056
2017-18,201563,Michael Beasley,1610612752,NYK,73,23,50,1616,2000,1913,119,8,22,250,284,147,0.06,0.074
2017-18,203487,Michael Carter-Williams,1610612766,CHA,52,23,29,835,1392,1525,116,7,17,258,297,140,0.083,0.101
2017-18,203077,Michael Kidd-Gilchrist,1610612766,CHA,74,34,40,1850,1022,1231,71,4,8,148,189,84,0.069,0.082
2017-18,201144,Mike Conley,1610612763,MEM,12,7,5,373,572,765,49,3,7,113,125,59,0.086,0.103
2017-18,1628455,Mike James,1610612740,NOP,36,11,25,686,1200,1468,126,11,11,258,322,148,0.105,0.123
2017-18,203488,Mike Muscala,1610612737,ATL,53,14,39,1060,1258,960,51,1,7,83,127,57,0.041,0.045
2017-18,203118,Mike Scott,1610612764,WAS,76,39,37,1406,1607,1462,80,7,9,165,208,96,0.05,0.06
2017-18,203101,Miles Plumlee,1610612737,ATL,55,19,36,918,1050,768,45,1,5,83,105,49,0.043,0.047
2017-18,1628462,Milos Teodosic,1610612746,LAC,45,29,16,1134,2189,2162,209,17,17,396,503,243,0.095,0.111
2017-18,1628495,Milton Doyle,1610612751,BKN,10,2,8,125,146,171,10,1,2,26,25,13,0.068,0.089
2017-18,1627851,Mindaugas Kuzminskas,1610612752,NYK,1,0,1,2,0,2,0,,0,0,0,0,0,0
2017-18,203141,Mirza Teletovic,1610612749,MIL,9,4,5,142,197,145,9,0,0,17,23,9,0.046,0.046
2017-18,1628420,Monte Morris,1610612743,DEN,3,2,1,25,52,53,7,0,0,13,16,7,0.135,0.135
2017-18,1626149,Montrezl Harrell,1610612746,LAC,76,39,37,1293,1337,1285,74,3,9,113,174,84,0.055,0.063
2017-18,1627988,Myke Henry,1610612763,MEM,20,3,17,378,380,354,22,2,5,49,53,29,0.058,0.076
2017-18,1626167,Myles Turner,1610612754,IND,65,39,26,1836,2322,1791,87,3,8,156,217,97,0.037,0.042
2017-18,203489,Nate Wolters,1610612762,UTA,5,3,2,19,30,28,1,0,0,6,3,1,0.033,0.033
2017-18,1628513,Naz Mitrou-Long,1610612762,UTA,1,0,1,1,1,2,0,0,0,0,0,0,0,0
2017-18,202357,Nemanja Bjelica,1610612750,MIN,67,38,29,1371,1666,1112,86,4,12,162,208,103,0.052,0.062
2017-18,2403,Nene,1610612745,HOU,52,42,10,758,898,701,45,3,9,98,123,57,0.05,0.063
2017-18,203457,Nerlens Noel,1610612742,DAL,30,6,24,472,450,304,20,1,0,37,53,23,0.044,0.051
2017-18,2555,Nick Collison,1610612760,OKC,13,9,4,58,100,77,3,0,0,7,6,3,0.03,0.03
2017-18,201156,Nick Young,1610612744,GSW,80,56,24,1393,961,1261,36,1,8,76,87,44,0.037,0.046
2017-18,201587,Nicolas Batum,1610612766,CHA,64,27,37,1981,2497,2502,349,22,32,652,833,398,0.14,0.159
2017-18,1627852,Nicolas Brussino,1610612737,ATL,4,0,4,10,6,5,0,0,0,2,0,0,0,0
2017-18,1628502,Nigel Hayes-Davis,1610612758,SAC,9,6,3,122,152,107,6,0,0,11,17,6,0.039,0.039
2017-18,203917,Nik Stauskas,1610612751,BKN,41,14,27,523,563,600,39,1,5,86,100,45,0.069,0.08
2017-18,203999,Nikola Jokić,1610612743,DEN,75,43,32,2443,4975,3908,458,17,40,703,1078,505,0.092,0.102
2017-18,202703,Nikola Mirotic,1610612740,NOP,55,34,21,1494,2227,1581,80,3,6,148,191,89,0.036,0.04
2017-18,202696,Nikola Vučević,1610612753,ORL,57,17,40,1683,2691,2424,191,8,12,331,464,207,0.071,0.077
2017-18,203943,Noah Vonleh,1610612741,CHI,54,24,30,876,1313,694,34,2,5,83,90,42,0.026,0.032
2017-18,1626181,Norman Powell,1610612761,TOR,70,51,19,1062,956,1179,89,3,14,185,223,105,0.093,0.11
2017-18,1628384,OG Anunoby,1610612761,TOR,74,51,23,1481,892,912,55,0,12,92,137,67,0.062,0.075
2017-18,1627855,Okaro White,1610612739,CLE,6,2,4,80,100,52,2,0,1,7,5,3,0.02,0.03
2017-18,204179,Omari Johnson,1610612763,MEM,4,1,3,75,86,67,7,0,0,9,18,7,0.081,0.081
2017-18,201600,Omer Asik,1610612741,CHI,18,7,11,182,198,102,3,0,0,6,4,2,0.015,0.01
2017-18,201956,Omri Casspi,1610612744,GSW,53,40,13,742,985,770,51,4,6,101,122,60,0.052,0.061
2017-18,203490,Otto Porter Jr.,1610612764,WAS,77,42,35,2432,2603,2274,157,6,28,305,381,191,0.06,0.073
2017-18,200782,P.J. Tucker,1610612745,HOU,82,65,17,2281,2059,1261,77,5,14,193,197,95,0.037,0.046
2017-18,1628408,PJ Dozier,1610612760,OKC,2,1,1,3,2,3,0,0,0,0,0,0,0,0
2017-18,1627783,Pascal Siakam,1610612761,TOR,81,59,22,1679,2406,1781,159,3,16,253,384,175,0.066,0.073
2017-18,1626192,Pat Connaughton,1610612757,POR,82,49,33,1488,1273,1347,91,5,11,171,234,107,0.071,0.084
2017-18,201976,Patrick Beverley,1610612746,LAC,11,5,6,334,528,573,32,4,11,78,77,46,0.061,0.087
2017-18,1627775,Patrick McCaw,1610612744,GSW,57,41,16,961,1173,1206,81,2,14,148,201,99,0.069,0.084
2017-18,202335,Patrick Patterson,1610612760,OKC,80,48,32,1225,1341,923,55,3,2,128,145,58,0.041,0.043
2017-18,201988,Patty Mills,1610612759,SAS,82,47,35,2107,2930,3452,229,6,57,451,538,288,0.078,0.098
2017-18,2200,Pau Gasol,1610612759,SAS,77,45,32,1812,3182,2465,238,10,15,385,554,264,0.075,0.083
2017-18,202331,Paul George,1610612760,OKC,78,47,31,2854,2554,3213,259,22,34,507,654,315,0.101,0.123
2017-18,200794,Paul Millsap,1610612743,DEN,38,22,16,1143,1234,1251,105,3,9,168,266,115,0.085,0.093
2017-18,1627835,Paul Zipser,1610612741,CHI,54,17,37,824,1239,881,46,1,11,105,114,58,0.037,0.047
2017-18,203112,Quincy Acy,1610612751,BKN,68,25,43,1323,1755,1364,57,2,11,135,152,71,0.032,0.04
2017-18,202347,Quincy Pondexter,1610612741,CHI,23,6,17,196,214,179,9,1,2,18,25,12,0.042,0.056
2017-18,1626188,Quinn Cook,1610612744,GSW,33,21,12,741,1283,1380,89,5,21,157,214,114,0.069,0.089
2017-18,1626154,RJ Hunter,1610612745,HOU,5,3,2,45,37,48,3,0,1,8,7,4,0.081,0.108
2017-18,200765,Rajon Rondo,1610612740,NOP,65,41,24,1705,3669,3636,533,19,37,884,1236,579,0.145,0.158
2017-18,201196,Ramon Sessions,1610612764,WAS,28,10,18,392,694,817,77,4,10,139,173,85,0.111,0.122
2017-18,1626173,Rashad Vaughn,1610612753,ORL,28,13,15,212,145,175,13,0,1,18,30,14,0.09,0.097
2017-18,203526,Raul Neto,1610612762,UTA,41,28,13,498,883,953,75,7,8,149,194,88,0.085,0.1
2017-18,101109,Raymond Felton,1610612760,OKC,80,48,32,1335,2090,2467,198,11,21,398,503,230,0.095,0.11
2017-18,203493,Reggie Bullock Jr.,1610612765,DET,62,32,30,1732,1219,1470,95,1,15,155,234,111,0.078,0.091
2017-18,203687,Reggie Hearn,1610612765,DET,3,3,0,7,1,2,0,0,0,0,0,0,0,0
2017-18,202704,Reggie Jackson,1610612765,DET,45,27,18,1201,2216,2781,238,6,23,474,589,266,0.107,0.12
2017-18,2210,Richard Jefferson,1610612743,DEN,20,10,10,163,136,117,15,2,0,30,43,17,0.11,0.125
2017-18,1626158,Richaun Holmes,1610612755,PHI,47,30,17,728,986,835,61,3,3,104,150,68,0.062,0.069
2017-18,201937,Ricky Rubio,1610612762,UTA,77,44,33,2254,4573,4885,410,19,53,810,1003,474,0.09,0.104
2017-18,203496,Robert Covington,1610612755,PHI,79,51,28,2501,2634,2305,155,6,27,259,378,188,0.059,0.071
2017-18,201577,Robin Lopez,1610612741,CHI,64,23,41,1690,1420,1753,124,5,12,232,323,146,0.087,0.103
2017-18,203918,Rodney Hood,1610612739,CLE,60,29,31,1616,1333,1822,95,5,23,176,248,123,0.071,0.092
2017-18,203585,Rodney McGruder,1610612748,MIA,18,11,7,299,259,248,17,0,4,45,43,21,0.066,0.081
2017-18,1628681,Rodney Purvis,1610612753,ORL,16,5,11,290,218,282,17,0,4,35,42,22,0.078,0.101
2017-18,1627758,Ron Baker,1610612752,NYK,28,11,17,367,426,424,45,0,4,79,101,49,0.106,0.115
2017-18,1626178,Rondae Hollis-Jefferson,1610612751,BKN,66,25,41,1851,2911,2369,164,3,16,338,435,181,0.056,0.062
2017-18,1626220,Royce O'Neale,1610612762,UTA,69,43,26,1150,1098,1091,95,5,12,194,241,111,0.087,0.101
2017-18,200752,Rudy Gay,1610612759,SAS,57,36,21,1231,1557,1266,73,4,10,164,183,87,0.047,0.056
2017-18,203497,Rudy Gobert,1610612762,UTA,56,37,19,1816,2612,1779,80,1,10,161,191,90,0.031,0.034
2017-18,201566,Russell Westbrook,1610612760,OKC,78,47,31,2843,4857,6031,807,50,81,1587,1999,933,0.166,0.192
2017-18,201583,Ryan Anderson,1610612745,HOU,66,52,14,1725,1450,1217,60,3,5,126,160,68,0.041,0.047
2017-18,1627853,Ryan Arcidiacono,1610612741,CHI,24,6,18,304,516,495,35,3,5,90,100,45,0.068,0.087
2017-18,1626257,Salah Mejri,1610612742,DAL,61,21,40,729,833,486,35,0,2,63,87,36,0.042,0.043
2017-18,1626155,Sam Dekker,1610612746,LAC,73,36,37,883,999,733,38,3,7,76,89,48,0.038,0.048
2017-18,203816,Scotty Hopson,1610612742,DAL,1,0,1,8,4,5,1,0,0,1,3,1,0.25,0.25
2017-18,203930,Sean Kilpatrick,1610612741,CHI,52,22,30,640,541,767,46,4,4,80,116,51,0.085,0.094
2017-18,1628400,Semi Ojeleye,1610612738,BOS,70,47,23,1132,1173,710,19,0,11,57,44,30,0.016,0.026
2017-18,201586,Serge Ibaka,1610612761,TOR,76,53,23,2093,2252,1947,62,1,12,152,153,74,0.028,0.033
2017-18,203498,Shabazz Muhammad,1610612749,MIL,43,25,18,418,221,307,14,0,2,19,35,16,0.063,0.072
2017-18,203894,Shabazz Napier,1610612757,POR,74,46,28,1535,1899,2197,150,9,14,333,383,173,0.079,0.091
2017-18,203499,Shane Larkin,1610612738,BOS,51,36,15,743,1081,1180,95,4,16,177,231,113,0.088,0.105
2017-18,1627885,Shaquille Harrison,1610612756,PHX,23,3,20,384,578,613,55,3,5,105,141,62,0.095,0.107
2017-18,2733,Shaun Livingston,1610612744,GSW,71,49,22,1129,1843,1874,140,7,28,252,332,173,0.076,0.094
2017-18,202714,Shelvin Mack,1610612753,ORL,69,21,48,1365,2353,2579,272,18,32,541,674,319,0.116,0.136
2017-18,1628414,Sindarius Thornwell,1610612746,LAC,73,36,37,1156,937,927,68,7,7,133,158,80,0.073,0.085
2017-18,1627746,Skal Labissiere,1610612758,SAC,60,19,41,1240,1414,1172,72,0,6,133,174,76,0.051,0.054
2017-18,203524,Solomon Hill,1610612740,NOP,12,8,4,187,186,140,22,0,1,31,52,22,0.118,0.118
2017-18,203915,Spencer Dinwiddie,1610612751,BKN,78,27,51,2255,4303,5043,508,21,39,974,1299,571,0.118,0.133
2017-18,1626169,Stanley Johnson,1610612765,DET,69,33,36,1894,1203,1395,112,10,12,246,286,131,0.093,0.109
2017-18,201939,Stephen Curry,1610612744,GSW,51,41,10,1631,2665,3185,310,15,73,535,727,393,0.116,0.147
2017-18,1628425,Sterling Brown,1610612749,MIL,54,26,28,776,610,546,25,1,8,69,69,35,0.041,0.057
2017-18,203500,Steven Adams,1610612760,OKC,75,43,32,2457,2014,1650,88,4,14,212,226,108,0.044,0.054
2017-18,1628388,T.J. Leaf,1610612754,IND,53,31,22,459,460,326,9,0,1,28,25,11,0.02,0.024
2017-18,204456,T.J. McConnell,1610612755,PHI,75,50,25,1680,3336,3416,298,19,44,611,742,359,0.089,0.108
2017-18,203933,T.J. Warren,1610612756,PHX,65,18,47,2142,1592,2192,85,5,16,199,222,107,0.053,0.067
2017-18,201959,Taj Gibson,1610612750,MIN,82,47,35,2726,3104,2176,99,7,12,206,245,116,0.032,0.037
2017-18,204028,Tarik Black,1610612745,HOU,51,40,11,537,746,437,13,1,1,50,32,15,0.017,0.02
2017-18,1627752,Taurean Prince,1610612737,ATL,81,24,57,2431,2530,2971,211,9,21,387,517,242,0.083,0.096
2017-18,1628390,Terrance Ferguson,1610612760,OKC,59,37,22,742,293,372,19,2,4,48,52,26,0.065,0.089
2017-18,203082,Terrence Ross,1610612753,ORL,24,10,14,600,473,508,38,1,6,73,86,43,0.08,0.091
2017-18,1626179,Terry Rozier,1610612738,BOS,77,51,26,2001,3416,3644,228,9,44,464,572,281,0.067,0.082
2017-18,200757,Thabo Sefolosha,1610612762,UTA,38,16,22,806,969,803,33,5,10,87,92,50,0.034,0.052
2017-18,201152,Thaddeus Young,1610612754,IND,81,48,33,2607,2840,2154,152,6,15,279,377,172,0.054,0.061
2017-18,1628418,Thomas Bryant,1610612747,LAL,15,7,8,72,79,55,6,0,1,8,15,7,0.076,0.089
2017-18,1627748,Thon Maker,1610612749,MIL,73,40,33,1224,1216,873,44,3,11,67,102,57,0.036,0.047
2017-18,204025,Tim Frazier,1610612764,WAS,59,31,28,838,1622,1615,194,8,11,369,476,214,0.12,0.132
2017-18,203501,Tim Hardaway Jr.,1610612752,NYK,57,19,38,1885,1958,2245,155,5,16,306,374,175,0.079,0.089
2017-18,1627817,Tim Quarterman,1610612745,HOU,3,2,1,13,19,22,1,0,0,1,2,1,0.053,0.053
2017-18,202389,Timofey Mozgov,1610612751,BKN,29,11,18,346,394,324,11,0,4,24,28,15,0.028,0.038
2017-18,1627789,Timothe Luwawu-Cabarrot,1610612755,PHI,51,29,22,795,683,825,54,3,7,94,125,63,0.079,0.092
2017-18,202699,Tobias Harris,1610612746,LAC,80,39,41,2668,4100,3282,192,8,31,353,486,231,0.047,0.056
2017-18,203107,Tomas Satoransky,1610612764,WAS,73,39,34,1643,2899,2978,286,6,26,547,664,312,0.099,0.108
2017-18,2754,Tony Allen,1610612740,NOP,22,12,10,273,186,165,9,0,2,14,21,11,0.048,0.059
2017-18,1628396,Tony Bradley,1610612762,UTA,9,6,3,29,27,20,1,0,0,1,2,1,0.037,0.037
2017-18,2225,Tony Parker,1610612759,SAS,55,32,23,1071,1968,2266,195,7,38,359,485,242,0.099,0.123
2017-18,203503,Tony Snell,1610612749,MIL,74,42,32,2028,1403,1336,97,5,19,153,233,117,0.069,0.083
2017-18,1628470,Torrey Craig,1610612743,DEN,39,22,17,629,461,355,25,0,5,39,63,30,0.054,0.065
2017-18,204037,Travis Wear,1610612747,LAL,17,7,10,228,247,180,7,1,3,18,22,11,0.028,0.045
2017-18,1626203,Treveon Graham,1610612766,CHA,63,28,35,1050,923,738,59,2,7,106,145,68,0.064,0.074
2017-18,2772,Trevor Ariza,1610612745,HOU,67,51,16,2269,1740,1588,105,8,17,216,284,130,0.06,0.075
2017-18,202344,Trevor Booker,1610612754,IND,67,36,31,1148,1799,1232,82,2,5,166,226,93,0.046,0.052
2017-18,203504,Trey Burke,1610612752,NYK,36,10,26,785,1486,1853,170,4,20,304,405,192,0.114,0.129
2017-18,1626168,Trey Lyles,1610612743,DEN,73,41,32,1391,1850,1501,91,6,13,169,232,109,0.049,0.059
2017-18,203590,Trey McKinney-Jones,1610612754,IND,1,1,0,1,1,0,0,0,0,0,0,0,0,0
2017-18,202684,Tristan Thompson,1610612739,CLE,53,27,26,1072,1146,611,33,1,5,73,86,41,0.029,0.036
2017-18,203584,Troy Daniels,1610612756,PHX,79,20,59,1622,1247,1505,48,9,14,130,134,73,0.038,0.059
2017-18,1627786,Troy Williams,1610612752,NYK,21,7,14,307,266,243,16,0,3,26,37,19,0.06,0.071
2017-18,1628463,Tyler Cavanaugh,1610612737,ATL,38,11,27,504,664,471,26,2,2,60,71,30,0.039,0.045
2017-18,1628416,Tyler Dorsey,1610612737,ATL,56,15,41,974,992,1132,79,2,12,164,195,93,0.08,0.094
2017-18,203898,Tyler Ennis,1610612747,LAL,54,22,32,683,1193,1234,105,4,19,204,246,123,0.088,0.103
2017-18,204020,Tyler Johnson,1610612748,MIA,71,38,33,2025,2040,2376,164,3,33,348,416,200,0.08,0.098
2017-18,1628399,Tyler Lydon,1610612743,DEN,1,1,0,2,4,3,0,0,0,1,0,0,0,0
2017-18,1627755,Tyler Ulis,1610612756,PHX,71,20,51,1658,2993,3455,311,28,28,622,777,364,0.104,0.122
2017-18,203092,Tyler Zeller,1610612749,MIL,64,26,38,1066,986,883,47,0,2,75,123,50,0.048,0.051
2017-18,201936,Tyreke Evans,1610612763,MEM,52,19,33,1607,2639,3159,269,17,46,545,664,330,0.102,0.125
2017-18,1627820,Tyrone Wallace,1610612746,LAC,30,17,13,851,955,1034,71,5,15,119,174,92,0.074,0.096
2017-18,2199,Tyson Chandler,1610612756,PHX,46,15,31,1151,1255,739,53,2,8,124,123,64,0.042,0.051
2017-18,1626145,Tyus Jones,1610612750,MIN,82,47,35,1467,2611,2624,232,23,24,414,579,275,0.089,0.105
2017-18,2617,Udonis Haslem,1610612748,MIA,14,9,5,72,50,52,5,0,0,10,12,5,0.1,0.1
2017-18,203505,Vander Blue,1610612747,LAL,5,1,4,45,19,21,3,0,0,5,8,3,0.158,0.158
2017-18,203506,Victor Oladipo,1610612754,IND,75,48,27,2552,2914,3842,323,27,32,661,796,377,0.111,0.129
2017-18,1713,Vince Carter,1610612758,SAC,58,20,38,1026,1278,1025,69,3,8,129,162,78,0.054,0.061
2017-18,1626205,Vincent Hunter,1610612763,MEM,4,0,4,7,5,6,0,0,0,1,0,0,0,0
2017-18,1627735,Wade Baldwin IV,1610612757,POR,7,4,3,80,92,98,5,0,1,7,11,6,0.054,0.065
2017-18,1627215,Walt Lemon Jr.,1610612740,NOP,5,4,1,35,47,57,5,1,2,6,5,5,0.106,0.106
2017-18,201961,Wayne Ellington,1610612748,MIA,76,41,35,2018,1445,1747,79,11,14,186,206,103,0.055,0.071
2017-18,1627782,Wayne Selden,1610612763,MEM,35,10,25,691,637,873,66,2,11,122,143,77,0.104,0.121
2017-18,1628411,Wes Iwundu,1610612753,ORL,62,18,44,1020,846,677,57,1,13,110,138,70,0.067,0.083
2017-18,202325,Wesley Johnson,1610612746,LAC,74,38,36,1486,1063,1004,61,4,9,96,146,72,0.057,0.068
2017-18,202083,Wesley Matthews,1610612742,DAL,63,20,43,2131,2037,2301,172,8,24,334,437,202,0.084,0.099
2017-18,203115,Will Barton,1610612743,DEN,81,46,35,2683,3335,3677,331,17,34,626,796,375,0.099,0.112
2017-18,1626161,Willie Cauley-Stein,1610612758,SAC,73,23,50,2044,2906,2347,172,6,14,290,404,192,0.059,0.066
2017-18,203186,Willie Reed,1610612765,DET,42,20,22,428,357,285,10,0,1,24,23,11,0.028,0.031
2017-18,1626195,Willy Hernangomez,1610612766,CHA,48,20,28,494,641,431,33,1,3,58,80,36,0.051,0.056
2017-18,201163,Wilson Chandler,1610612743,DEN,74,41,33,2346,1997,1769,159,6,21,305,413,184,0.08,0.092
2017-18,204098,Xavier Munford,1610612749,MIL,6,2,4,21,34,37,4,0,0,4,9,4,0.118,0.118
2017-18,1628504,Xavier Rathan-Mayes,1610612763,MEM,5,0,5,118,208,262,18,1,1,35,44,20,0.087,0.096
2017-18,202918,Xavier Silas,1610612738,BOS,2,1,1,8,6,5,0,0,0,3,0,0,0,0
2017-18,1627812,Yogi Ferrell,1610612742,DAL,82,24,58,2282,2797,2953,201,6,43,408,506,250,0.072,0.089
2017-18,1628380,Zach Collins,1610612757,POR,66,41,25,1045,867,794,52,1,4,91,121,54,0.06,0.062
2017-18,203897,Zach LaVine,1610612741,CHI,24,9,15,656,634,909,72,5,7,151,174,84,0.114,0.132
2017-18,2216,Zach Randolph,1610612758,SAC,59,18,41,1508,2054,2053,127,2,14,263,296,144,0.062,0.07
2017-18,2585,Zaza Pachulia,1610612744,GSW,69,47,22,972,1418,1064,109,6,26,184,281,143,0.077,0.101
2017-18,1627753,Zhou Qi,1610612745,HOU,18,14,4,124,101,75,2,1,0,10,6,3,0.02,0.03
2018-19,203932,Aaron Gordon,1610612753,ORL,76,38,38,2567,2733,2445,279,9,27,502,658,309,0.102,0.113
2018-19,1628988,Aaron Holiday,1610612754,IND,50,31,19,646,778,1015,87,3,16,154,202,106,0.112,0.136
2018-19,1627846,Abdel Nader,1610612760,OKC,60,37,23,686,343,399,20,0,3,39,47,23,0.058,0.067
2018-19,201143,Al Horford,1610612738,BOS,68,41,27,1973,2914,2666,283,10,32,511,725,326,0.097,0.112
2018-19,202329,Al-Farouq Aminu,1610612757,POR,81,52,29,2292,2097,1312,104,5,15,180,252,124,0.05,0.059
2018-19,1626210,Alan Williams,1610612751,BKN,5,1,4,26,46,30,3,0,0,6,8,3,0.065,0.065
2018-19,202692,Alec Burks,1610612758,SAC,64,19,45,1375,1613,1610,128,6,18,216,304,150,0.079,0.093
2018-19,203518,Alex Abrines,1610612760,OKC,31,21,10,588,313,402,20,1,1,39,50,21,0.064,0.067
2018-19,1627936,Alex Caruso,1610612747,LAL,25,8,17,531,724,777,77,5,11,131,179,93,0.106,0.128
2018-19,203458,Alex Len,1610612737,ATL,77,28,49,1544,1986,1673,86,3,5,158,216,95,0.043,0.048
2018-19,1627816,Alex Poythress,1610612737,ATL,21,7,14,305,452,298,17,1,0,30,46,18,0.038,0.04
2018-19,1628035,Alfonzo McKinnie,1610612744,GSW,72,53,19,1003,937,677,31,0,5,52,74,35,0.033,0.037
2018-19,1628993,Alize Johnson,1610612754,IND,14,9,5,64,63,31,1,0,1,1,2,2,0.016,0.032
2018-19,203459,Allen Crabbe,1610612751,BKN,43,19,24,1133,913,990,46,2,8,86,108,55,0.05,0.06
2018-19,1629019,Allonzo Trier,1610612752,NYK,63,13,50,1435,1338,1751,116,4,15,232,285,135,0.087,0.101
2018-19,1628518,Amile Jefferson,1610612753,ORL,12,9,3,68,67,43,3,0,0,6,7,3,0.045,0.045
2018-19,101161,Amir Johnson,1610612755,PHI,51,32,19,529,821,611,60,3,0,82,147,62,0.073,0.076
2018-19,203083,Andre Drummond,1610612765,DET,79,40,39,2647,2785,2090,112,5,7,199,283,123,0.04,0.044
2018-19,2738,Andre Iguodala,1610612744,GSW,68,47,21,1578,2131,1830,216,10,21,378,524,246,0.101,0.115
2018-19,201281,Andre Ingram,1610612747,LAL,4,1,3,15,13,18,0,0,1,0,0,1,0,0.077
2018-19,101106,Andrew Bogut,1610612744,GSW,11,8,3,134,195,112,11,2,3,19,25,15,0.056,0.077
2018-19,1626150,Andrew Harrison,1610612740,NOP,17,6,11,186,306,338,24,2,2,52,59,28,0.078,0.092
2018-19,203952,Andrew Wiggins,1610612750,MIN,73,31,42,2543,1895,2571,184,4,27,349,460,214,0.097,0.113
2018-19,1629014,Anfernee Simons,1610612757,POR,20,17,3,141,156,211,13,0,1,12,30,14,0.083,0.09
2018-19,1629116,Angel Delgado,1610612746,LAC,2,0,2,15,13,11,0,0,0,0,0,0,0,0
2018-19,1627790,Ante Zizic,1610612739,CLE,59,13,46,1082,878,773,53,4,2,81,141,60,0.06,0.068
2018-19,203076,Anthony Davis,1610612740,NOP,56,25,31,1850,2723,2578,218,5,22,335,528,244,0.08,0.09
2018-19,201229,Anthony Tolliver,1610612750,MIN,65,27,38,1079,1102,802,46,1,4,71,105,51,0.042,0.046
2018-19,1628469,Antonio Blakeney,1610612741,CHI,57,14,43,829,430,768,42,2,4,78,105,47,0.098,0.109
2018-19,203382,Aron Baynes,1610612738,BOS,51,32,19,821,913,718,57,5,7,96,150,67,0.062,0.073
2018-19,203085,Austin Rivers,1610612745,HOU,76,45,31,2028,1844,2080,167,5,22,316,431,192,0.091,0.104
2018-19,202340,Avery Bradley,1610612763,MEM,63,31,32,1905,1428,1815,152,10,18,245,373,181,0.106,0.127
2018-19,1629168,BJ Johnson,1610612758,SAC,7,2,5,49,21,24,0,0,1,0,0,1,0,0.048
2018-19,1628389,Bam Adebayo,1610612748,MIA,82,39,43,1913,2068,1788,184,7,15,346,473,206,0.089,0.1
2018-19,203463,Ben McLemore,1610612758,SAC,19,7,12,158,145,132,4,0,1,7,11,5,0.028,0.034
2018-19,1627732,Ben Simmons,1610612755,PHI,78,50,28,2664,5186,5356,601,35,55,1207,1547,692,0.116,0.133
2018-19,1628656,Billy Garrett,1610612752,NYK,4,1,3,63,68,95,7,0,2,15,18,9,0.103,0.132
2018-19,202687,Bismack Biyombo,1610612766,CHA,54,24,30,782,1106,626,33,2,2,63,90,40,0.03,0.036
2018-19,201933,Blake Griffin,1610612765,DET,75,39,36,2622,4577,4620,402,17,51,822,1011,458,0.088,0.1
2018-19,1626246,Boban Marjanovic,1610612755,PHI,58,31,27,681,883,727,54,3,2,80,128,59,0.061,0.067
2018-19,1626171,Bobby Portis Jr.,1610612764,WAS,49,14,35,1276,1694,1420,71,4,12,137,165,85,0.042,0.05
2018-19,203992,Bogdan Bogdanović,1610612758,SAC,70,32,38,1947,2632,2815,267,6,39,486,647,312,0.101,0.119
2018-19,202711,Bojan Bogdanovic,1610612754,IND,81,47,34,2573,2032,2545,161,7,31,286,394,198,0.079,0.097
2018-19,1629045,Bonzie Colson,1610612749,MIL,8,6,2,98,90,64,3,0,0,6,6,3,0.033,0.033
2018-19,202954,Brad Wanamaker,1610612738,BOS,36,27,9,343,549,605,56,1,7,106,132,64,0.102,0.117
2018-19,203078,Bradley Beal,1610612764,WAS,81,31,50,2988,3834,4590,444,24,79,848,1121,544,0.116,0.142
2018-19,1629164,Brandon Goodwin,1610612743,DEN,16,10,6,57,82,109,14,0,2,18,36,16,0.171,0.195
2018-19,1627742,Brandon Ingram,1610612747,LAL,52,25,27,1760,2026,2286,154,12,29,333,380,195,0.076,0.096
2018-19,202688,Brandon Knight,1610612739,CLE,39,17,22,737,902,1007,71,4,9,137,190,84,0.079,0.093
2018-19,1629102,Brandon Sampson,1610612741,CHI,14,3,11,214,105,149,10,0,1,14,26,11,0.095,0.105
2018-19,201572,Brook Lopez,1610612749,MIL,81,60,21,2322,1980,2023,98,2,10,153,249,111,0.049,0.056
2018-19,1628971,Bruce Brown,1610612765,DET,74,35,39,1449,1308,1170,91,3,23,204,229,113,0.07,0.086
2018-19,203998,Bruno Caboclo,1610612763,MEM,34,14,20,800,804,638,50,0,3,75,120,53,0.062,0.066
2018-19,1627854,Bryn Forbes,1610612759,SAS,82,48,34,2293,2107,2493,175,2,24,265,405,200,0.083,0.095
2018-19,1627741,Buddy Hield,1610612758,SAC,82,39,43,2615,2868,3271,205,6,41,375,490,251,0.071,0.088
2018-19,203710,C.J. Williams,1610612750,MIN,15,4,11,128,109,123,12,0,1,22,27,13,0.11,0.119
2018-19,203468,CJ McCollum,1610612757,POR,70,43,27,2375,2154,3111,207,16,51,437,542,275,0.096,0.128
2018-19,101139,CJ Miles,1610612763,MEM,53,33,20,857,643,724,36,2,7,63,82,45,0.056,0.07
2018-19,1628403,Caleb Swanigan,1610612758,SAC,21,10,11,178,226,157,11,0,0,21,28,11,0.049,0.049
2018-19,1629244,Cam Reynolds,1610612750,MIN,19,6,13,259,207,187,13,2,3,22,37,19,0.063,0.092
2018-19,1626166,Cameron Payne,1610612739,CLE,40,7,33,712,1122,1168,106,4,8,193,241,115,0.094,0.102
2018-19,1627747,Caris LeVert,1610612751,BKN,40,19,21,1063,1235,1601,156,5,23,301,399,184,0.126,0.149
2018-19,2546,Carmelo Anthony,1610612745,HOU,10,4,6,294,190,211,5,1,2,16,15,8,0.026,0.042
2018-19,1626224,Cedi Osman,1610612739,CLE,76,17,59,2444,2766,2589,195,8,25,378,477,226,0.07,0.082
2018-19,1628990,Chandler Hutchison,1610612741,CHI,44,10,34,895,874,600,34,2,7,64,83,43,0.039,0.049
2018-19,202718,Chandler Parsons,1610612763,MEM,25,11,14,496,587,613,43,5,4,88,112,52,0.073,0.089
2018-19,101112,Channing Frye,1610612739,CLE,36,7,29,341,457,397,20,1,1,56,59,25,0.044,0.055
2018-19,1626184,Chasson Randle,1610612764,WAS,48,18,30,720,1065,1233,95,0,9,147,224,103,0.089,0.097
2018-19,1627767,Cheick Diallo,1610612740,NOP,64,27,37,896,1172,649,33,0,3,64,81,37,0.028,0.032
2018-19,1629002,Chimezie Metu,1610612759,SAS,29,14,15,145,189,168,13,1,1,26,34,15,0.069,0.079
2018-19,1628449,Chris Boucher,1610612761,TOR,28,21,7,163,178,137,2,0,1,4,5,3,0.011,0.017
2018-19,1629185,Chris Chiozza,1610612745,HOU,7,6,1,33,50,54,4,0,1,15,10,5,0.08,0.1
2018-19,101108,Chris Paul,1610612745,HOU,58,39,19,1857,2949,3312,473,21,37,907,1225,532,0.16,0.18
2018-19,1626174,Christian Wood,1610612740,NOP,21,13,8,250,262,248,8,0,1,18,20,9,0.031,0.034
2018-19,203991,Clint Capela,1610612745,HOU,67,44,23,2249,3007,1793,96,1,12,172,258,110,0.032,0.037
2018-19,203469,Cody Zeller,1610612766,CHA,49,22,27,1243,1940,1145,102,0,11,156,244,112,0.053,0.058
2018-19,1629012,Collin Sexton,1610612739,CLE,82,19,63,2605,3733,4775,243,11,44,460,602,299,0.065,0.08
2018-19,201147,Corey Brewer,1610612758,SAC,31,13,18,492,371,339,39,2,5,67,91,45,0.105,0.121
2018-19,202709,Cory Joseph,1610612754,IND,82,48,34,2063,3394,3679,321,12,43,566,781,376,0.095,0.111
2018-19,201584,Courtney Lee,1610612742,DAL,34,6,28,428,314,364,37,1,6,82,94,43,0.118,0.137
2018-19,1626245,Cristiano Felicio,1610612741,CHI,60,16,44,746,984,663,37,0,3,52,86,40,0.038,0.041
2018-19,1626156,D'Angelo Russell,1610612751,BKN,81,42,39,2448,4224,5612,563,38,51,1012,1399,654,0.133,0.155
2018-19,201571,D.J. Augustin,1610612753,ORL,79,40,39,2202,3656,4381,419,17,79,801,1010,510,0.115,0.139
2018-19,1628391,D.J. Wilson,1610612749,MIL,48,37,11,882,1033,741,52,0,6,95,131,57,0.05,0.055
2018-19,203474,DJ Stephens,1610612763,MEM,1,0,1,7,7,5,0,0,0,0,0,0,0,0
2018-19,1629541,Dairis Bertans,1610612740,NOP,12,3,9,167,139,155,10,0,0,13,25,10,0.072,0.072
2018-19,1627745,Damian Jones,1610612744,GSW,24,15,9,410,409,312,28,0,4,42,62,32,0.068,0.078
2018-19,203081,Damian Lillard,1610612757,POR,80,51,29,2838,4288,5555,551,43,66,985,1344,657,0.128,0.153
2018-19,1627814,Damion Lee,1610612744,GSW,32,18,14,375,366,374,13,1,2,43,34,16,0.036,0.044
2018-19,1628422,Damyean Dotson,1610612752,NYK,72,12,60,1978,1787,2002,133,1,20,290,342,155,0.074,0.087
2018-19,1627772,Daniel Hamilton,1610612737,ATL,19,7,12,204,183,170,22,0,5,40,50,27,0.12,0.148
2018-19,1628464,Daniel Theis,1610612738,BOS,66,38,28,908,1114,938,68,2,7,115,169,77,0.061,0.069
2018-19,201568,Danilo Gallinari,1610612746,LAC,68,40,28,2059,2745,2590,178,13,26,330,436,214,0.065,0.078
2018-19,201980,Danny Green,1610612761,TOR,80,56,24,2215,1981,1840,126,3,27,219,309,155,0.064,0.078
2018-19,201967,Dante Cunningham,1610612759,SAS,64,36,28,928,1098,575,50,0,3,87,113,53,0.046,0.048
2018-19,203957,Dante Exum,1610612762,UTA,41,21,20,648,970,1148,109,5,8,205,270,122,0.112,0.126
2018-19,1627863,Danuel House Jr.,1610612745,HOU,39,27,12,979,673,592,40,3,3,75,106,46,0.059,0.068
2018-19,203967,Dario Saric,1610612750,MIN,81,39,42,2022,2729,1995,127,10,16,254,307,149,0.047,0.055
2018-19,203121,Darius Miller,1610612740,NOP,69,31,38,1757,1418,1591,146,8,17,271,352,170,0.103,0.12
2018-19,201954,Darren Collison,1610612754,IND,76,45,31,2143,3811,4414,459,18,45,855,1094,517,0.12,0.136
2018-19,1629133,Daryl Macon,1610612742,DAL,8,4,4,90,103,113,7,3,1,24,20,11,0.068,0.107
2018-19,1628021,David Nwaba,1610612739,CLE,51,14,37,984,727,632,54,1,2,106,132,56,0.074,0.077
2018-19,202722,Davis Bertans,1610612759,SAS,76,44,32,1632,1921,1317,100,6,18,165,249,123,0.052,0.064
2018-19,1628432,Davon Reed,1610612754,IND,10,4,6,47,48,37,3,0,0,5,8,3,0.063,0.063
2018-19,1628368,De'Aaron Fox,1610612758,SAC,81,39,42,2546,4567,5469,590,24,43,1053,1451,656,0.129,0.144
2018-19,1629001,De'Anthony Melton,1610612756,PHX,50,13,37,984,1874,1766,159,6,20,299,383,185,0.085,0.099
2018-19,201599,DeAndre Jordan,1610612752,NYK,69,25,44,2047,2610,1908,156,6,14,242,380,176,0.06,0.067
2018-19,1627761,DeAndre' Bembry,1610612737,ATL,82,29,53,1931,1850,1981,202,12,30,419,522,245,0.109,0.132
2018-19,201942,DeMar DeRozan,1610612759,SAS,77,44,33,2688,2715,3887,475,14,48,795,1160,527,0.175,0.194
2018-19,202326,DeMarcus Cousins,1610612744,GSW,30,23,7,771,1116,1134,107,1,8,183,253,114,0.096,0.102
2018-19,201960,DeMarre Carroll,1610612751,BKN,67,36,31,1703,1604,1458,85,4,13,155,209,101,0.053,0.063
2018-19,1629152,DeVaughn Akoon-Purcell,1610612743,DEN,7,7,0,22,32,37,6,1,0,9,16,7,0.188,0.219
2018-19,1629028,Deandre Ayton,1610612756,PHX,71,17,54,2183,2483,2047,125,1,18,211,318,144,0.05,0.058
2018-19,1626153,Delon Wright,1610612763,MEM,75,45,30,1698,2786,2870,248,6,38,497,632,291,0.089,0.104
2018-19,1627743,Demetrius Jackson,1610612755,PHI,6,5,1,39,58,72,5,1,1,17,16,7,0.086,0.121
2018-19,1629061,Deng Adel,1610612739,CLE,19,4,15,194,153,128,5,1,0,14,14,6,0.033,0.039
2018-19,203471,Dennis Schröder,1610612760,OKC,78,46,32,2288,2785,3602,321,17,36,655,788,373,0.115,0.134
2018-19,1628372,Dennis Smith Jr.,1610612752,NYK,53,21,32,1508,2786,3209,252,9,26,488,629,286,0.09,0.103
2018-19,1629126,Deonte Burton,1610612760,OKC,32,21,11,240,163,162,9,0,1,16,25,10,0.055,0.061
2018-19,202324,Derrick Favors,1610612762,UTA,75,46,29,1742,2191,1707,87,7,7,193,224,100,0.04,0.046
2018-19,1627884,Derrick Jones Jr.,1610612748,MIA,60,31,29,1154,1033,821,37,2,7,87,99,45,0.036,0.044
2018-19,201565,Derrick Rose,1610612750,MIN,51,24,27,1392,1643,2366,220,12,26,393,534,258,0.134,0.157
2018-19,1628401,Derrick White,1610612759,SAS,67,41,26,1728,2619,2739,263,10,28,421,611,297,0.1,0.113
2018-19,1626164,Devin Booker,1610612756,PHX,64,15,49,2242,2919,4309,433,20,43,806,1060,494,0.148,0.169
2018-19,2734,Devin Harris,1610612742,DAL,68,28,40,1071,1223,1431,122,4,15,232,308,142,0.1,0.116
2018-19,1628421,Devin Robinson,1610612764,WAS,7,1,6,95,92,72,6,0,1,10,16,7,0.065,0.076
2018-19,1628984,Devonte' Graham,1610612766,CHA,46,18,28,676,1117,1223,121,2,12,204,283,134,0.108,0.12
2018-19,203473,Dewayne Dedmon,1610612737,ATL,64,24,40,1609,2232,1553,90,5,7,155,230,103,0.04,0.046
2018-19,1627738,Deyonta Davis,1610612737,ATL,9,3,6,118,129,75,5,0,0,7,12,5,0.039,0.039
2018-19,1628415,Dillon Brooks,1610612763,MEM,18,9,9,330,274,350,16,1,2,33,40,18,0.058,0.066
2018-19,203079,Dion Waiters,1610612748,MIA,44,20,24,1138,1382,1686,121,7,21,227,313,149,0.088,0.108
2018-19,1717,Dirk Nowitzki,1610612742,DAL,51,17,34,795,922,975,35,1,8,72,88,45,0.038,0.049
2018-19,1627734,Domantas Sabonis,1610612754,IND,74,43,31,1838,3703,2651,212,6,27,367,505,244,0.057,0.066
2018-19,202700,Donatas Motiejunas,1610612759,SAS,3,3,0,13,12,12,1,0,0,1,2,1,0.083,0.083
2018-19,1628378,Donovan Mitchell,1610612762,UTA,76,49,27,2564,2627,4083,321,18,56,646,826,392,0.122,0.149
2018-19,1628978,Donte DiVincenzo,1610612749,MIL,27,20,7,411,466,362,31,1,2,67,73,33,0.067,0.071
2018-19,1629055,Donte Grantham,1610612760,OKC,3,2,1,2,1,2,0,0,0,0,0,0,0,0
2018-19,1627827,Dorian Finney-Smith,1610612742,DAL,81,33,48,1985,1781,1603,95,1,14,196,244,110,0.053,0.062
2018-19,203926,Doug McDermott,1610612754,IND,77,43,34,1340,1020,1093,67,2,9,108,164,79,0.066,0.077
2018-19,1627733,Dragan Bender,1610612756,PHX,46,9,37,826,1243,712,56,3,7,99,145,66,0.045,0.053
2018-19,203110,Draymond Green,1610612744,GSW,66,48,18,2065,3868,2907,454,17,40,756,1099,510,0.117,0.132
2018-19,1629234,Drew Eubanks,1610612759,SAS,23,13,10,113,131,103,7,0,0,8,14,7,0.053,0.053
2018-19,1629130,Duncan Robinson,1610612748,MIA,15,7,8,161,142,136,5,0,1,9,10,6,0.035,0.042
2018-19,1628605,Dusty Hannahs,1610612763,MEM,2,0,2,26,18,28,5,0,0,5,11,5,0.278,0.278
2018-19,1628407,Dwayne Bacon,1610612766,CHA,43,20,23,759,598,653,47,1,6,95,121,54,0.079,0.09
2018-19,2730,Dwight Howard,1610612764,WAS,9,4,5,230,279,161,4,0,1,8,8,5,0.014,0.018
2018-19,203939,Dwight Powell,1610612742,DAL,77,31,46,1663,2050,1642,112,4,10,192,277,126,0.055,0.061
2018-19,2548,Dwyane Wade,1610612748,MIA,72,35,37,1885,2583,3181,301,13,34,587,723,344,0.117,0.133
2018-19,1629058,Dzanan Musa,1610612751,BKN,9,4,5,39,45,57,2,0,2,8,5,4,0.044,0.089
2018-19,202734,E'Twaun Moore,1610612740,NOP,53,21,32,1463,1316,1580,102,3,14,160,240,118,0.078,0.09
2018-19,202334,Ed Davis,1610612751,BKN,81,42,39,1446,2141,1143,61,0,7,102,160,69,0.028,0.032
2018-19,1628410,Edmond Sumner,1610612754,IND,23,14,9,210,189,200,10,1,3,33,22,14,0.053,0.074
2018-19,202327,Ekpe Udoh,1610612762,UTA,51,35,16,320,417,281,28,1,4,44,77,34,0.067,0.082
2018-19,203901,Elfrid Payton,1610612740,NOP,42,18,24,1250,2328,2502,320,16,26,547,778,361,0.137,0.155
2018-19,1629059,Elie Okobo,1610612756,PHX,53,7,46,958,1911,1940,127,2,26,262,306,155,0.066,0.081
2018-19,1629150,Emanuel Terry,1610612748,MIA,3,0,3,23,24,16,2,0,0,2,5,2,0.083,0.083
2018-19,1626144,Emmanuel Mudiay,1610612752,NYK,58,13,45,1576,2798,3494,226,12,40,496,587,279,0.081,0.1
2018-19,202683,Enes Freedom,1610612757,POR,67,28,39,1639,2102,1822,116,4,10,218,280,128,0.055,0.061
2018-19,202339,Eric Bledsoe,1610612749,MIL,78,59,19,2272,2975,3649,430,18,48,745,1064,493,0.145,0.166
2018-19,201569,Eric Gordon,1610612745,HOU,68,44,24,2158,1478,2024,129,3,19,265,311,147,0.087,0.099
2018-19,203961,Eric Moreland,1610612761,TOR,5,3,2,43,60,38,4,0,0,5,10,4,0.067,0.067
2018-19,101141,Ersan Ilyasova,1610612749,MIL,67,49,18,1231,1399,1018,52,2,11,86,134,65,0.037,0.046
2018-19,203095,Evan Fournier,1610612753,ORL,79,40,39,2490,2064,2762,291,8,43,544,721,344,0.141,0.167
2018-19,202323,Evan Turner,1610612757,POR,73,47,26,1606,2827,2660,283,10,13,529,710,302,0.1,0.107
2018-19,1628402,Frank Jackson,1610612740,NOP,61,22,39,1169,1119,1245,69,2,11,125,162,82,0.062,0.073
2018-19,1626163,Frank Kaminsky,1610612766,CHA,47,22,25,755,1175,977,63,2,10,110,157,75,0.054,0.064
2018-19,1628412,Frank Mason III,1610612758,SAC,38,16,22,435,726,892,84,6,9,158,206,99,0.116,0.136
2018-19,1628373,Frank Ntilikina,1610612752,NYK,42,9,33,887,1295,1422,119,4,10,229,289,133,0.092,0.103
2018-19,1627832,Fred VanVleet,1610612761,TOR,64,46,18,1760,2745,3125,307,10,42,568,750,359,0.112,0.131
2018-19,1627788,Furkan Korkmaz,1610612755,PHI,48,30,18,679,585,671,52,2,9,75,131,63,0.089,0.108
2018-19,202066,Garrett Temple,1610612746,LAC,75,37,38,2041,2017,2045,106,10,37,224,261,151,0.053,0.075
2018-19,1629109,Gary Clark,1610612745,HOU,51,33,18,641,512,342,18,2,3,44,53,23,0.035,0.045
2018-19,203914,Gary Harris,1610612743,DEN,57,38,19,1639,1199,1715,127,9,26,233,306,160,0.106,0.133
2018-19,1627780,Gary Payton II,1610612764,WAS,3,2,1,16,20,20,4,0,0,5,10,4,0.2,0.2
2018-19,1629018,Gary Trent Jr.,1610612757,POR,15,14,1,111,67,108,5,0,0,12,11,5,0.075,0.075
2018-19,201588,George Hill,1610612749,MIL,60,39,21,1302,1694,1776,135,6,12,235,325,153,0.08,0.09
2018-19,1628994,George King,1610612756,PHX,1,0,1,6,6,3,0,0,0,1,0,0,0,0
2018-19,1627777,Georges Niang,1610612762,UTA,59,41,18,516,573,459,35,2,7,56,87,44,0.061,0.077
2018-19,101123,Gerald Green,1610612745,HOU,73,47,26,1473,1092,1088,40,2,10,89,99,51,0.037,0.047
2018-19,203507,Giannis Antetokounmpo,1610612749,MIL,72,56,16,2358,3911,3888,424,5,46,829,1111,476,0.108,0.122
2018-19,203922,Glenn Robinson III,1610612765,DET,47,24,23,610,633,531,21,2,6,56,59,29,0.033,0.046
2018-19,201609,Goran Dragic,1610612748,MIA,36,16,20,991,1508,1769,174,11,24,295,424,209,0.115,0.139
2018-19,202330,Gordon Hayward,1610612738,BOS,72,44,28,1863,2357,2209,244,13,25,463,619,282,0.104,0.12
2018-19,203476,Gorgui Dieng,1610612750,MIN,76,33,43,1031,1425,1084,72,3,6,132,179,81,0.051,0.057
2018-19,1628960,Grayson Allen,1610612762,UTA,38,22,16,416,344,531,25,1,3,55,60,29,0.073,0.084
2018-19,202328,Greg Monroe,1610612755,PHI,43,28,15,480,564,460,24,3,1,52,59,28,0.043,0.05
2018-19,1627824,Guerschon Yabusele,1610612738,BOS,41,27,14,251,276,239,15,0,1,29,38,16,0.054,0.058
2018-19,1628977,Hamidou Diallo,1610612760,OKC,50,28,22,522,227,297,17,1,3,23,43,21,0.075,0.093
2018-19,203084,Harrison Barnes,1610612758,SAC,77,34,43,2533,2598,2452,115,6,17,214,299,137,0.044,0.053
2018-19,1628385,Harry Giles III,1610612758,SAC,58,26,32,820,855,887,85,6,3,133,203,94,0.099,0.11
2018-19,202355,Hassan Whiteside,1610612748,MIA,72,33,39,1674,1338,1165,56,1,9,117,129,64,0.042,0.048
2018-19,1629312,Haywood Highsmith,1610612755,PHI,5,2,3,40,46,37,2,0,0,4,4,2,0.043,0.043
2018-19,1627740,Henry Ellenson,1610612752,NYK,19,4,15,259,374,224,16,2,0,28,43,18,0.043,0.048
2018-19,203546,Ian Clark,1610612740,NOP,60,24,36,973,1132,1297,94,6,13,173,218,112,0.083,0.099
2018-19,101133,Ian Mahinmi,1610612764,WAS,33,11,22,490,558,353,24,1,4,41,60,30,0.043,0.054
2018-19,1628387,Ike Anigbogu,1610612754,IND,3,2,1,6,6,3,1,0,0,0,2,1,0.167,0.167
2018-19,202697,Iman Shumpert,1610612745,HOU,62,39,23,1481,1286,1220,112,6,20,202,277,137,0.087,0.107
2018-19,1629067,Isaac Bonga,1610612747,LAL,22,7,15,120,114,107,15,0,0,23,35,15,0.132,0.132
2018-19,1629353,Isaac Humphries,1610612737,ATL,5,1,4,56,73,44,0,0,0,2,0,0,0,0
2018-19,1628515,Isaiah Briscoe,1610612753,ORL,39,17,22,559,897,1032,87,4,7,198,230,98,0.097,0.109
2018-19,203477,Isaiah Canaan,1610612749,MIL,30,10,20,628,1122,1194,84,1,9,138,199,93,0.075,0.083
2018-19,1628392,Isaiah Hartenstein,1610612745,HOU,28,15,13,221,241,139,15,0,1,25,41,16,0.062,0.066
2018-19,1628439,Isaiah Hicks,1610612752,NYK,3,1,2,32,36,23,2,0,0,0,5,2,0.056,0.056
2018-19,202738,Isaiah Thomas,1610612743,DEN,12,6,6,181,227,273,23,0,1,36,56,24,0.101,0.106
2018-19,202397,Ish Smith,1610612765,DET,56,33,23,1251,2295,2521,203,10,24,421,534,236,0.088,0.103
2018-19,1628397,Ivan Rabb,1610612763,MEM,49,20,29,721,966,739,54,4,4,94,136,62,0.056,0.064
2018-19,1627826,Ivica Zubac,1610612746,LAC,59,32,27,1039,1516,1104,63,0,6,81,149,69,0.042,0.046
2018-19,200826,J.J. Barea,1610612742,DAL,38,20,18,752,1686,1959,211,15,24,368,533,250,0.125,0.148
2018-19,1629122,J.P. Macura,1610612766,CHA,2,1,1,17,19,25,2,0,1,5,4,3,0.105,0.158
2018-19,200755,JJ Redick,1610612755,PHI,75,49,26,2346,1783,2735,205,10,31,334,468,239,0.115,0.134
2018-19,2747,JR Smith,1610612739,CLE,11,1,10,222,224,217,21,1,3,32,50,25,0.094,0.112
2018-19,203960,JaKarr Sampson,1610612741,CHI,4,1,3,127,161,123,4,0,1,7,8,5,0.025,0.031
2018-19,203210,JaMychal Green,1610612746,LAC,65,31,34,1371,1854,1227,50,3,6,99,120,59,0.027,0.032
2018-19,201580,JaVale McGee,1610612747,LAL,75,35,40,1671,1605,1155,52,1,10,94,130,64,0.032,0.04
2018-19,203953,Jabari Parker,1610612764,WAS,63,18,45,1720,2688,2038,151,5,19,307,390,178,0.056,0.066
2018-19,1628980,Jacob Evans,1610612744,GSW,30,21,9,204,245,256,23,2,5,29,57,31,0.094,0.127
2018-19,203109,Jae Crowder,1610612762,UTA,79,48,31,2140,3042,2394,133,7,12,238,340,153,0.044,0.05
2018-19,1626143,Jahlil Okafor,1610612740,NOP,59,23,36,935,1141,851,40,0,8,82,88,47,0.035,0.041
2018-19,1627774,Jake Layman,1610612757,POR,71,46,25,1327,1004,1018,53,3,6,108,138,62,0.053,0.062
2018-19,1627751,Jakob Poeltl,1610612759,SAS,77,43,34,1273,1571,949,93,0,3,174,219,94,0.059,0.06
2018-19,1628973,Jalen Brunson,1610612742,DAL,73,27,46,1591,2519,2757,230,5,33,450,572,268,0.091,0.106
2018-19,1627883,Jalen Jones,1610612739,CLE,16,3,13,214,177,139,7,0,0,13,17,6,0.04,0.034
2018-19,2037,Jamal Crawford,1610612756,PHX,64,13,51,1211,1752,2157,229,14,18,407,532,260,0.131,0.148
2018-19,1627750,Jamal Murray,1610612743,DEN,75,49,26,2447,4166,5056,363,19,83,647,906,466,0.087,0.112
2018-19,203516,James Ennis III,1610612755,PHI,58,35,23,1230,712,636,41,1,11,72,101,53,0.058,0.074
2018-19,201935,James Harden,1610612745,HOU,78,51,27,2867,3864,5733,586,32,69,1079,1432,687,0.152,0.178
2018-19,201949,James Johnson,1610612748,MIA,55,27,28,1164,1585,1499,135,5,10,282,336,148,0.085,0.093
2018-19,203263,James Nunnally,1610612745,HOU,15,8,7,101,68,78,7,0,0,10,17,7,0.103,0.103
2018-19,201162,Jared Dudley,1610612751,BKN,59,28,31,1220,1807,1171,83,4,11,137,207,98,0.046,0.054
2018-19,1629123,Jared Terrell,1610612750,MIN,14,4,10,111,163,202,12,0,2,27,31,14,0.074,0.086
2018-19,1626185,Jarell Martin,1610612753,ORL,41,19,22,323,463,242,18,0,2,32,46,21,0.039,0.045
2018-19,1628991,Jaren Jackson Jr.,1610612763,MEM,58,23,35,1515,1531,1442,64,2,5,125,154,70,0.042,0.046
2018-19,1628417,Jaron Blossomgame,1610612739,CLE,27,4,23,439,536,255,13,1,5,27,34,18,0.024,0.034
2018-19,1629020,Jarred Vanderbilt,1610612743,DEN,17,10,7,69,72,41,3,1,0,9,8,4,0.042,0.056
2018-19,1628386,Jarrett Allen,1610612751,BKN,80,42,38,2096,2564,2045,110,1,6,190,280,114,0.043,0.044
2018-19,201160,Jason Smith,1610612740,NOP,20,10,10,191,297,177,14,0,0,25,36,14,0.047,0.047
2018-19,1628393,Jawun Evans,1610612760,OKC,8,4,4,64,113,110,10,0,1,19,23,11,0.088,0.097
2018-19,1629121,Jaylen Adams,1610612737,ATL,34,13,21,428,770,811,65,3,12,138,168,80,0.084,0.104
2018-19,1627759,Jaylen Brown,1610612738,BOS,74,41,33,1913,1291,1581,100,3,20,198,248,123,0.077,0.095
2018-19,1628537,Jaylen Morris,1610612749,MIL,4,4,0,29,20,23,4,0,1,7,10,5,0.2,0.25
2018-19,1628369,Jayson Tatum,1610612738,BOS,79,48,31,2455,2225,2214,168,2,27,332,416,197,0.076,0.089
2018-19,201145,Jeff Green,1610612764,WAS,76,28,48,2076,2066,1934,136,11,9,234,347,153,0.066,0.074
2018-19,201952,Jeff Teague,1610612750,MIN,42,23,19,1264,2225,2602,343,19,20,567,841,382,0.154,0.172
2018-19,1629203,Jemerrio Jones,1610612747,LAL,6,3,3,143,172,96,13,0,2,20,34,15,0.076,0.087
2018-19,203924,Jerami Grant,1610612760,OKC,79,47,32,2578,2943,1695,78,2,20,150,202,99,0.027,0.034
2018-19,203087,Jeremy Lamb,1610612766,CHA,79,38,41,2250,2069,2496,172,13,31,349,442,218,0.083,0.105
2018-19,202391,Jeremy Lin,1610612761,TOR,74,31,43,1436,2291,2848,231,8,35,422,563,272,0.101,0.119
2018-19,1626170,Jerian Grant,1610612753,ORL,58,26,32,910,1441,1624,151,5,14,294,364,169,0.105,0.117
2018-19,1629010,Jerome Robinson,1610612746,LAC,33,18,15,321,255,295,19,0,4,32,44,23,0.075,0.09
2018-19,201573,Jerryd Bayless,1610612750,MIN,34,15,19,657,1163,1309,119,6,13,219,298,136,0.102,0.117
2018-19,1628975,Jevon Carter,1610612763,MEM,39,9,30,576,876,971,69,4,10,129,172,82,0.079,0.094
2018-19,202690,Jimmer Fredette,1610612756,PHX,6,1,5,65,60,81,8,0,0,10,18,8,0.133,0.133
2018-19,202710,Jimmy Butler III,1610612755,PHI,64,38,26,2147,2161,2506,259,11,32,501,631,296,0.12,0.137
2018-19,201149,Joakim Noah,1610612763,MEM,42,14,28,693,1321,931,89,4,4,160,212,98,0.067,0.074
2018-19,201975,Jodie Meeks,1610612761,TOR,8,7,1,104,70,94,8,1,1,12,19,10,0.114,0.143
2018-19,1629147,Joe Chealey,1610612766,CHA,1,0,1,8,9,13,1,0,0,1,3,1,0.111,0.111
2018-19,203925,Joe Harris,1610612751,BKN,76,41,35,2294,2479,2435,181,15,26,367,466,223,0.073,0.09
2018-19,204060,Joe Ingles,1610612762,UTA,81,50,31,2534,3316,3709,464,46,60,848,1132,565,0.14,0.17
2018-19,203954,Joel Embiid,1610612755,PHI,63,43,20,2121,3650,3417,228,3,26,426,556,256,0.062,0.07
2018-19,1628381,John Collins,1610612737,ATL,61,24,37,1828,2902,1964,121,1,14,178,293,136,0.042,0.047
2018-19,203089,John Henson,1610612739,CLE,14,10,4,188,210,197,14,0,3,35,36,18,0.067,0.086
2018-19,204066,John Holland,1610612739,CLE,1,0,1,1,2,1,0,0,0,0,0,0,0,0
2018-19,203098,John Jenkins,1610612752,NYK,26,8,18,333,249,304,22,1,5,30,49,26,0.088,0.104
2018-19,202322,John Wall,1610612764,WAS,32,11,21,1104,1795,2231,279,10,28,504,681,316,0.155,0.176
2018-19,1628405,Johnathan Motley,1610612746,LAC,22,12,10,156,226,171,11,0,0,18,24,11,0.049,0.049
2018-19,1629140,Johnathan Williams,1610612747,LAL,24,10,14,372,288,241,13,0,1,32,33,14,0.045,0.049
2018-19,202720,Jon Leuer,1610612765,DET,41,16,25,402,441,318,14,0,0,29,32,14,0.032,0.032
2018-19,1628413,Jonah Bolden,1610612755,PHI,43,24,19,626,915,551,39,1,5,66,101,46,0.043,0.05
2018-19,201973,Jonas Jerebko,1610612744,GSW,73,52,21,1218,1699,1256,96,3,9,202,239,108,0.057,0.064
2018-19,202685,Jonas Valanciunas,1610612763,MEM,49,31,18,1091,1747,1390,70,1,13,123,174,86,0.04,0.049
2018-19,1628371,Jonathan Isaac,1610612753,ORL,73,35,38,1936,2568,1549,78,2,17,164,184,97,0.03,0.038
2018-19,203613,Jonathon Simmons,1610612755,PHI,54,23,31,1022,888,1084,126,7,18,248,316,150,0.142,0.169
2018-19,1628395,Jordan Bell,1610612744,GSW,68,46,22,788,1233,866,76,6,14,155,190,95,0.062,0.077
2018-19,203903,Jordan Clarkson,1610612739,CLE,81,18,63,2215,2157,2821,196,7,23,373,491,223,0.091,0.103
2018-19,1628070,Jordan Loyd,1610612761,TOR,12,11,1,55,81,92,6,0,0,14,14,5,0.074,0.062
2018-19,203895,Jordan McRae,1610612764,WAS,27,9,18,333,309,388,30,0,8,63,73,38,0.097,0.123
2018-19,1626296,Jordan Sibert,1610612737,ATL,1,1,0,4,1,2,0,0,0,0,0,0,0,0
2018-19,101181,Jose Calderon,1610612765,DET,49,22,27,632,1287,1327,115,7,12,225,297,133,0.089,0.103
2018-19,1628404,Josh Hart,1610612747,LAL,67,31,36,1715,1442,1374,93,6,21,168,240,119,0.064,0.083
2018-19,1628367,Josh Jackson,1610612756,PHX,79,19,60,1988,1991,2165,183,11,15,317,418,208,0.092,0.104
2018-19,1629006,Josh Okogie,1610612750,MIN,74,32,42,1757,1048,1207,91,4,23,165,219,118,0.087,0.113
2018-19,1626196,Josh Richardson,1610612748,MIA,73,35,38,2539,3474,3781,298,11,43,539,745,353,0.086,0.102
2018-19,201950,Jrue Holiday,1610612740,NOP,67,30,37,2402,4045,4676,518,34,41,935,1257,585,0.128,0.145
2018-19,1627823,Juancho Hernangomez,1610612743,DEN,70,44,26,1358,1182,861,55,4,11,93,141,69,0.047,0.058
2018-19,1627395,Julian Washburn,1610612763,MEM,18,7,11,254,228,156,14,1,1,33,33,16,0.061,0.07
2018-19,203944,Julius Randle,1610612740,NOP,73,31,42,2232,2715,2955,229,6,26,427,570,262,0.084,0.097
2018-19,1626147,Justin Anderson,1610612737,ATL,48,17,31,464,351,336,23,1,3,50,58,27,0.066,0.077
2018-19,203200,Justin Holiday,1610612763,MEM,81,25,56,2568,1968,2138,144,5,31,265,348,178,0.073,0.09
2018-19,1628382,Justin Jackson,1610612742,DAL,81,36,45,1613,1443,1287,96,5,12,156,229,112,0.067,0.078
2018-19,1628383,Justin Patton,1610612755,PHI,3,2,1,21,34,22,3,0,0,5,7,3,0.088,0.088
2018-19,1626159,Justise Winslow,1610612748,MIA,66,30,36,1960,3448,3235,282,14,30,492,711,326,0.082,0.095
2018-19,203994,Jusuf Nurkić,1610612757,POR,72,45,27,1974,3084,2318,233,7,9,361,545,248,0.076,0.08
2018-19,1628443,Kadeem Allen,1610612752,NYK,19,3,16,416,691,758,76,3,3,123,198,82,0.11,0.119
2018-19,203564,Kalin Lucas,1610612765,DET,1,0,1,6,10,9,1,0,0,2,2,1,0.1,0.1
2018-19,1626157,Karl-Anthony Towns,1610612750,MIN,77,34,43,2545,3781,3342,259,12,33,474,628,305,0.069,0.081
2018-19,202695,Kawhi Leonard,1610612761,TOR,60,41,19,2040,1805,2491,199,4,43,402,511,244,0.11,0.135
2018-19,1628966,Keita Bates-Diop,1610612750,MIN,30,10,20,503,316,319,17,0,1,28,38,18,0.054,0.057
2018-19,203482,Kelly Olynyk,1610612748,MIA,79,39,40,1812,2839,2191,140,11,13,298,364,165,0.049,0.058
2018-19,1626162,Kelly Oubre Jr.,1610612756,PHX,69,21,48,1935,1538,1678,84,8,19,164,209,111,0.055,0.072
2018-19,202689,Kemba Walker,1610612766,CHA,82,39,43,2863,4564,6186,484,28,84,866,1225,593,0.106,0.13
2018-19,202702,Kenneth Faried,1610612745,HOU,37,21,16,728,842,571,20,1,7,54,52,28,0.024,0.033
2018-19,1629026,Kenrich Williams,1610612740,NOP,46,17,29,1079,1156,866,83,1,14,135,202,98,0.072,0.085
2018-19,203145,Kent Bazemore,1610612737,ATL,67,24,43,1643,1479,1796,152,15,16,296,381,179,0.103,0.121
2018-19,203484,Kentavious Caldwell-Pope,1610612747,LAL,82,37,45,2035,1923,1934,110,6,18,217,261,135,0.057,0.07
2018-19,201142,Kevin Durant,1610612744,GSW,78,54,24,2702,3398,4104,457,18,64,834,1141,538,0.134,0.158
2018-19,1628989,Kevin Huerter,1610612737,ATL,75,27,48,2049,1433,1786,214,10,21,394,530,241,0.149,0.168
2018-19,1628995,Kevin Knox II,1610612752,NYK,74,15,59,2127,1896,1813,81,4,17,166,212,103,0.043,0.054
2018-19,201567,Kevin Love,1610612739,CLE,22,7,15,598,817,717,48,4,5,99,118,57,0.059,0.07
2018-19,1626172,Kevon Looney,1610612744,GSW,80,56,24,1481,1774,1331,123,6,7,225,316,137,0.069,0.077
2018-19,203920,Khem Birch,1610612753,ORL,50,26,24,643,701,441,38,1,2,61,93,41,0.054,0.058
2018-19,203114,Khris Middleton,1610612749,MIL,77,56,21,2393,2728,3277,331,14,31,540,806,375,0.121,0.137
2018-19,1629017,Khyri Thomas,1610612765,DET,26,13,13,195,155,203,8,0,3,28,19,11,0.052,0.071
2018-19,202691,Klay Thompson,1610612744,GSW,78,55,23,2652,1919,2969,186,12,32,295,453,230,0.097,0.12
2018-19,1628424,Kobi Simmons,1610612739,CLE,1,0,1,2,2,1,0,0,0,0,0,0,0,0
2018-19,201585,Kosta Koufos,1610612758,SAC,42,21,21,502,660,448,36,2,3,68,97,41,0.055,0.062
2018-19,1628961,Kostas Antetokounmpo,1610612742,DAL,2,1,1,11,10,12,0,0,0,0,0,0,0,0
2018-19,1627739,Kris Dunn,1610612741,CHI,45,14,31,1364,2398,2663,275,9,6,438,679,291,0.115,0.121
2018-19,203937,Kyle Anderson,1610612763,MEM,43,19,24,1282,1504,1329,128,9,30,234,307,165,0.085,0.11
2018-19,2594,Kyle Korver,1610612762,UTA,69,39,30,1317,945,1144,81,7,12,131,203,100,0.086,0.106
2018-19,1628398,Kyle Kuzma,1610612747,LAL,70,33,37,2314,2099,2432,178,5,23,301,422,201,0.085,0.096
2018-19,200768,Kyle Lowry,1610612761,TOR,65,47,18,2213,4062,4273,564,33,68,909,1343,663,0.139,0.163
2018-19,203124,Kyle O'Quinn,1610612754,IND,45,27,18,371,639,445,56,1,2,68,137,60,0.088,0.094
2018-19,202681,Kyrie Irving,1610612738,BOS,67,37,30,2214,3437,4229,464,12,65,761,1112,536,0.135,0.156
2018-19,200746,LaMarcus Aldridge,1610612759,SAS,81,48,33,2687,2854,3000,194,3,27,312,466,221,0.068,0.077
2018-19,202362,Lance Stephenson,1610612747,LAL,68,33,35,1123,1304,1389,140,7,12,257,336,158,0.107,0.121
2018-19,202498,Lance Thomas,1610612752,NYK,46,7,39,783,817,554,27,0,3,45,65,30,0.033,0.037
2018-19,1629013,Landry Shamet,1610612746,LAC,78,51,27,1787,1297,1640,116,4,22,180,283,143,0.089,0.11
2018-19,204038,Langston Galloway,1610612765,DET,80,41,39,1745,1222,1489,85,5,20,180,208,110,0.07,0.09
2018-19,1626204,Larry Nance Jr.,1610612739,CLE,67,16,51,1795,2531,1807,214,4,11,394,530,228,0.085,0.09
2018-19,1628374,Lauri Markkanen,1610612741,CHI,51,16,35,1654,2346,1781,75,6,16,140,190,97,0.032,0.041
2018-19,2544,LeBron James,1610612747,LAL,55,28,27,1937,3017,3718,454,26,40,894,1105,519,0.15,0.172
2018-19,1629022,Lonnie Walker IV,1610612759,SAS,17,12,5,118,134,165,9,1,1,22,23,11,0.067,0.082
2018-19,1628366,Lonzo Ball,1610612747,LAL,47,25,22,1423,2382,2182,255,17,22,447,593,291,0.107,0.122
2018-19,203485,Lorenzo Brown,1610612761,TOR,26,20,6,212,309,309,28,2,2,63,72,33,0.091,0.107
2018-19,101150,Lou Williams,1610612746,LAC,75,47,28,1993,2617,3747,402,29,41,641,964,467,0.154,0.178
2018-19,201601,Luc Mbah a Moute,1610612746,LAC,4,2,2,61,38,40,2,0,0,3,4,2,0.053,0.053
2018-19,1629029,Luka Dončić,1610612742,DAL,72,28,44,2318,4148,4549,429,25,59,845,1098,512,0.103,0.123
2018-19,1628379,Luke Kennard,1610612765,DET,63,30,33,1437,1351,1492,114,13,29,242,301,153,0.084,0.113
2018-19,1628436,Luke Kornet,1610612752,NYK,45,9,36,750,1010,881,52,1,7,73,126,60,0.051,0.059
2018-19,2736,Luol Deng,1610612750,MIN,22,11,11,392,353,274,18,1,2,35,39,20,0.051,0.057
2018-19,1627781,Malachi Richardson,1610612761,TOR,22,16,6,103,83,96,0,0,0,7,0,0,0,0
2018-19,1627763,Malcolm Brogdon,1610612749,MIL,64,49,15,1832,2340,2486,205,11,31,397,517,244,0.088,0.104
2018-19,1626259,Malcolm Miller,1610612761,TOR,10,9,1,67,55,59,1,0,0,2,3,1,0.018,0.018
2018-19,1627736,Malik Beasley,1610612743,DEN,81,53,28,1879,1139,1561,97,8,29,159,239,135,0.085,0.119
2018-19,1628370,Malik Monk,1610612766,CHA,73,34,39,1258,900,1371,117,13,9,220,284,138,0.13,0.153
2018-19,202705,MarShon Brooks,1610612763,MEM,29,15,14,387,406,464,25,1,4,43,60,30,0.062,0.074
2018-19,201188,Marc Gasol,1610612761,TOR,79,39,40,2436,4602,3949,349,14,38,556,881,402,0.076,0.087
2018-19,101162,Marcin Gortat,1610612746,LAC,47,25,22,750,1373,914,65,0,10,116,147,75,0.047,0.055
2018-19,201158,Marco Belinelli,1610612759,SAS,79,46,33,1815,1666,1944,132,4,49,214,329,184,0.079,0.11
2018-19,1629094,Marcus Derrickson,1610612744,GSW,11,9,2,67,49,59,1,1,0,7,5,2,0.02,0.041
2018-19,202694,Marcus Morris Sr.,1610612738,BOS,75,44,31,2091,2224,1945,109,4,20,216,270,133,0.049,0.06
2018-19,203935,Marcus Smart,1610612738,BOS,80,48,32,2200,2893,2970,321,12,41,551,791,374,0.111,0.129
2018-19,1626209,Mario Hezonja,1610612752,NYK,57,12,45,1187,1513,1303,87,12,16,153,214,113,0.058,0.075
2018-19,1628365,Markelle Fultz,1610612753,ORL,19,12,7,427,756,857,59,5,5,125,154,69,0.078,0.091
2018-19,202693,Markieff Morris,1610612760,OKC,58,24,34,1271,1231,1137,79,3,11,135,204,94,0.064,0.076
2018-19,1627737,Marquese Chriss,1610612739,CLE,43,17,26,499,627,423,22,3,3,50,58,27,0.035,0.043
2018-19,1628963,Marvin Bagley III,1610612758,SAC,62,30,32,1568,1441,1336,62,0,7,110,144,68,0.043,0.047
2018-19,101107,Marvin Williams,1610612766,CHA,75,35,40,2133,2018,1788,92,1,9,150,223,99,0.046,0.049
2018-19,203486,Mason Plumlee,1610612743,DEN,82,54,28,1731,2394,1902,243,7,12,400,587,261,0.102,0.109
2018-19,203521,Matthew Dellavedova,1610612739,CLE,48,20,28,812,1474,1693,181,6,12,337,428,199,0.123,0.135
2018-19,203090,Maurice Harkless,1610612757,POR,60,37,23,1415,1251,912,74,3,11,139,185,88,0.059,0.07
2018-19,1628467,Maxi Kleber,1610612742,DAL,71,30,41,1502,2017,1408,70,2,10,140,188,83,0.035,0.041
2018-19,1628982,Melvin Frazier Jr.,1610612753,ORL,10,8,2,44,21,38,1,0,0,3,3,1,0.048,0.048
2018-19,203086,Meyers Leonard,1610612757,POR,61,35,26,878,1237,961,75,3,4,117,188,82,0.061,0.066
2018-19,201563,Michael Beasley,1610612747,LAL,26,11,15,277,299,335,25,2,2,53,59,29,0.084,0.097
2018-19,203487,Michael Carter-Williams,1610612753,ORL,28,17,11,372,624,682,70,2,3,152,178,75,0.112,0.12
2018-19,203077,Michael Kidd-Gilchrist,1610612766,CHA,64,29,35,1179,1179,922,61,6,6,132,171,74,0.052,0.063
2018-19,1628969,Mikal Bridges,1610612756,PHX,82,19,63,2417,2334,2048,173,7,19,323,405,199,0.074,0.085
2018-19,201144,Mike Conley,1610612763,MEM,70,30,40,2342,4158,5276,449,32,66,869,1109,547,0.108,0.132
2018-19,203488,Mike Muscala,1610612747,LAL,63,35,28,1288,1901,1247,75,5,10,156,200,91,0.039,0.048
2018-19,203118,Mike Scott,1610612755,PHI,79,44,35,1396,1535,1068,66,3,7,94,143,71,0.043,0.046
2018-19,1628970,Miles Bridges,1610612766,CHA,80,38,42,1696,1478,1163,95,6,7,160,237,109,0.064,0.074
2018-19,203101,Miles Plumlee,1610612737,ATL,18,1,17,173,249,183,17,0,2,19,38,18,0.068,0.072
2018-19,1628462,Milos Teodosic,1610612746,LAC,15,8,7,150,262,272,32,4,2,51,82,38,0.122,0.145
2018-19,1628249,Mitchell Creek,1610612750,MIN,5,1,4,47,37,33,6,0,1,6,14,7,0.162,0.189
2018-19,1629011,Mitchell Robinson,1610612752,NYK,65,16,49,1350,1129,724,37,1,6,57,85,44,0.033,0.039
2018-19,1628964,Mo Bamba,1610612753,ORL,45,17,28,733,870,586,35,1,2,53,85,39,0.04,0.045
2018-19,1628420,Monte Morris,1610612743,DEN,82,54,28,1970,3485,3652,297,4,36,561,724,335,0.085,0.096
2018-19,1626149,Montrezl Harrell,1610612746,LAC,82,48,34,2158,2635,2562,162,7,12,239,399,182,0.061,0.069
2018-19,1629021,Moritz Wagner,1610612747,LAL,43,15,28,446,434,449,24,1,4,39,59,29,0.055,0.067
2018-19,1626167,Myles Turner,1610612754,IND,74,43,31,2119,2726,2185,115,3,11,168,269,127,0.042,0.047
2018-19,1628513,Naz Mitrou-Long,1610612762,UTA,14,9,5,84,104,120,15,1,1,28,38,17,0.144,0.163
2018-19,202357,Nemanja Bjelica,1610612758,SAC,77,38,39,1788,2276,1713,147,7,18,238,367,173,0.065,0.076
2018-19,2403,Nene,1610612745,HOU,42,29,13,546,598,390,26,0,4,62,70,30,0.043,0.05
2018-19,203457,Nerlens Noel,1610612760,OKC,76,47,29,1043,1228,644,45,2,7,96,116,54,0.037,0.044
2018-19,201156,Nick Young,1610612743,DEN,4,3,1,37,17,22,2,0,0,1,5,2,0.118,0.118
2018-19,201587,Nicolas Batum,1610612766,CHA,75,35,40,2354,2502,2133,247,12,23,455,611,277,0.099,0.111
2018-19,203917,Nik Stauskas,1610612739,CLE,68,33,35,1015,938,1012,81,3,14,166,198,98,0.086,0.104
2018-19,203999,Nikola Jokić,1610612743,DEN,80,53,27,2504,5701,4668,580,15,40,894,1372,635,0.102,0.111
2018-19,202703,Nikola Mirotic,1610612749,MIL,46,24,22,1245,1571,1175,55,2,11,94,130,68,0.035,0.043
2018-19,202696,Nikola Vučević,1610612753,ORL,78,39,39,2447,3844,3495,300,9,25,549,760,337,0.078,0.088
2018-19,203943,Noah Vonleh,1610612752,NYK,67,13,54,1697,2649,1612,128,4,11,268,317,142,0.048,0.054
2018-19,1626181,Norman Powell,1610612761,TOR,60,45,15,1126,1097,1231,91,5,14,177,224,109,0.083,0.099
2018-19,1628384,OG Anunoby,1610612761,TOR,67,46,21,1352,1131,999,47,4,6,91,118,57,0.042,0.05
2018-19,1627855,Okaro White,1610612764,WAS,3,2,1,6,8,6,0,0,0,1,0,0,0,0
2018-19,1629016,Omari Spellman,1610612737,ATL,46,15,31,805,1186,795,47,2,4,94,124,54,0.04,0.046
2018-19,201956,Omri Casspi,1610612763,MEM,36,14,22,520,613,503,26,4,8,44,64,37,0.042,0.06
2018-19,203490,Otto Porter Jr.,1610612741,CHI,55,24,31,1649,1590,1424,120,9,15,225,291,144,0.075,0.091
2018-19,200782,P.J. Tucker,1610612745,HOU,82,53,29,2802,2296,1450,96,5,10,210,255,111,0.042,0.048
2018-19,1628408,PJ Dozier,1610612738,BOS,6,5,1,51,63,48,5,0,2,10,11,7,0.079,0.111
2018-19,1627783,Pascal Siakam,1610612761,TOR,80,57,23,2548,3385,2984,248,12,39,487,644,298,0.073,0.088
2018-19,1626192,Pat Connaughton,1610612749,MIL,61,43,18,1261,1405,1126,122,3,8,188,304,133,0.087,0.095
2018-19,201976,Patrick Beverley,1610612746,LAC,78,48,30,2137,3062,2790,300,20,26,497,762,346,0.098,0.113
2018-19,1627775,Patrick McCaw,1610612761,TOR,29,17,12,397,374,323,29,0,7,56,79,36,0.078,0.096
2018-19,202335,Patrick Patterson,1610612760,OKC,62,39,23,847,927,483,30,1,4,54,70,35,0.032,0.038
2018-19,201988,Patty Mills,1610612759,SAS,82,48,34,1908,2617,3111,245,14,41,427,602,298,0.094,0.114
2018-19,2200,Pau Gasol,1610612749,MIL,30,17,13,361,740,478,52,2,1,96,129,55,0.07,0.074
2018-19,202331,Paul George,1610612760,OKC,76,45,31,2801,2360,3233,313,20,23,591,778,355,0.133,0.15
2018-19,200794,Paul Millsap,1610612743,DEN,70,49,21,1895,1930,1693,141,8,20,253,353,167,0.073,0.087
2018-19,203112,Quincy Acy,1610612756,PHX,10,2,8,123,171,101,8,0,2,17,21,10,0.047,0.058
2018-19,202347,Quincy Pondexter,1610612759,SAS,53,29,24,292,328,320,24,0,4,39,54,28,0.073,0.085
2018-19,1626188,Quinn Cook,1610612744,GSW,74,49,25,1059,1880,2048,116,4,12,234,267,132,0.062,0.07
2018-19,1626154,RJ Hunter,1610612738,BOS,1,1,0,26,20,28,3,0,1,6,8,4,0.15,0.2
2018-19,200765,Rajon Rondo,1610612747,LAL,46,19,27,1369,2621,2529,367,11,28,680,877,401,0.14,0.153
2018-19,203526,Raul Neto,1610612762,UTA,37,26,11,474,844,928,93,8,17,178,244,117,0.11,0.139
2018-19,1628959,Rawle Alkins,1610612741,CHI,10,3,7,120,64,83,13,0,0,20,31,13,0.203,0.203
2018-19,1629034,Ray Spalding,1610612756,PHX,14,3,11,148,136,90,5,0,0,6,13,5,0.037,0.037
2018-19,101109,Raymond Felton,1610612760,OKC,33,19,14,379,456,529,52,2,3,101,127,56,0.114,0.123
2018-19,203493,Reggie Bullock Jr.,1610612747,LAL,63,27,36,1879,1704,1890,129,0,17,181,310,146,0.076,0.086
2018-19,202704,Reggie Jackson,1610612765,DET,82,41,41,2289,4139,4870,344,24,52,622,850,418,0.083,0.101
2018-19,1626158,Richaun Holmes,1610612756,PHX,70,16,54,1184,1134,977,60,3,7,111,147,68,0.053,0.06
2018-19,201937,Ricky Rubio,1610612762,UTA,67,40,27,1867,3729,4135,412,32,68,745,1022,511,0.11,0.137
2018-19,203496,Robert Covington,1610612750,MIN,35,20,15,1203,907,858,46,3,10,89,116,59,0.051,0.065
2018-19,1629057,Robert Williams III,1610612738,BOS,32,18,14,283,292,202,7,0,3,21,13,9,0.024,0.031
2018-19,201577,Robin Lopez,1610612741,CHI,73,20,53,1578,1387,1423,89,3,5,142,217,97,0.064,0.07
2018-19,1629066,Rodions Kurucs,1610612751,BKN,63,36,27,1294,1130,1007,52,5,5,108,132,62,0.046,0.055
2018-19,203918,Rodney Hood,1610612757,POR,72,29,43,1893,1627,1826,126,4,9,240,312,139,0.077,0.085
2018-19,203585,Rodney McGruder,1610612746,LAC,66,31,35,1550,1494,1384,112,5,7,226,279,126,0.075,0.084
2018-19,1627758,Ron Baker,1610612764,WAS,15,4,11,152,187,169,15,0,0,25,35,14,0.08,0.075
2018-19,1626178,Rondae Hollis-Jefferson,1610612751,BKN,59,27,32,1234,1855,1398,96,3,8,194,251,106,0.052,0.057
2018-19,1626220,Royce O'Neale,1610612762,UTA,81,50,31,1660,1574,1460,122,13,16,270,321,152,0.078,0.097
2018-19,200752,Rudy Gay,1610612759,SAS,69,42,27,1842,2371,1800,182,7,17,291,425,199,0.077,0.084
2018-19,203497,Rudy Gobert,1610612762,UTA,80,50,30,2544,3645,2376,159,2,23,257,400,185,0.044,0.051
2018-19,201566,Russell Westbrook,1610612760,OKC,72,43,29,2593,4325,5214,778,40,44,1498,1911,859,0.18,0.199
2018-19,201583,Ryan Anderson,1610612748,MIA,25,7,18,321,543,343,19,1,3,39,47,23,0.035,0.042
2018-19,1627853,Ryan Arcidiacono,1610612741,CHI,80,22,58,1939,2730,2808,264,6,15,448,621,280,0.097,0.103
2018-19,1629151,Ryan Broekhoff,1610612742,DAL,42,15,27,454,409,389,22,0,3,44,53,25,0.054,0.061
2018-19,1626257,Salah Mejri,1610612742,DAL,36,13,23,399,594,405,35,1,1,50,82,37,0.059,0.062
2018-19,1626155,Sam Dekker,1610612764,WAS,46,13,33,769,778,606,44,5,0,83,113,49,0.057,0.063
2018-19,203159,Scott Machado,1610612747,LAL,4,3,1,19,28,31,3,0,1,6,6,4,0.107,0.143
2018-19,1628400,Semi Ojeleye,1610612738,BOS,56,39,17,594,551,418,23,1,4,42,59,28,0.042,0.051
2018-19,201586,Serge Ibaka,1610612761,TOR,74,53,21,2010,2396,2031,99,2,26,168,266,128,0.041,0.053
2018-19,203552,Seth Curry,1610612757,POR,74,49,25,1399,1223,1477,66,2,33,152,171,102,0.054,0.083
2018-19,203894,Shabazz Napier,1610612751,BKN,56,26,30,983,1402,1775,143,9,14,286,349,166,0.102,0.118
2018-19,1628983,Shai Gilgeous-Alexander,1610612746,LAC,82,48,34,2174,3331,3746,270,9,35,510,673,313,0.081,0.094
2018-19,1629003,Shake Milton,1610612755,PHI,20,10,10,268,236,269,18,0,2,36,40,20,0.076,0.085
2018-19,1627885,Shaquille Harrison,1610612741,CHI,72,20,52,1417,1777,1698,138,3,9,238,337,152,0.078,0.086
2018-19,2733,Shaun Livingston,1610612744,GSW,64,45,19,967,1556,1463,114,6,22,232,296,144,0.073,0.093
2018-19,202714,Shelvin Mack,1610612766,CHA,57,22,35,1247,2373,2638,183,15,34,386,456,232,0.077,0.098
2018-19,1628414,Sindarius Thornwell,1610612746,LAC,64,37,27,313,229,210,18,1,1,31,45,20,0.079,0.087
2018-19,1627746,Skal Labissiere,1610612757,POR,22,12,10,176,176,121,11,0,0,14,28,11,0.063,0.063
2018-19,203524,Solomon Hill,1610612740,NOP,44,14,30,879,977,786,55,3,2,133,141,62,0.056,0.063
2018-19,203915,Spencer Dinwiddie,1610612751,BKN,68,36,32,1914,2700,3664,311,19,41,635,771,365,0.115,0.135
2018-19,1626169,Stanley Johnson,1610612740,NOP,66,28,38,1207,1666,1407,88,3,10,182,235,102,0.053,0.061
2018-19,201939,Stephen Curry,1610612744,GSW,69,52,17,2331,3478,4257,361,23,69,624,882,450,0.104,0.129
2018-19,1628425,Sterling Brown,1610612749,MIL,58,45,13,1034,916,828,84,3,6,150,201,91,0.092,0.099
2018-19,203500,Steven Adams,1610612760,OKC,79,46,33,2634,2413,1671,121,8,21,229,309,150,0.05,0.062
2018-19,1629004,Svi Mykhailiuk,1610612765,DET,42,19,23,440,350,392,37,3,5,53,85,44,0.106,0.126
2018-19,1628388,T.J. Leaf,1610612754,IND,58,35,23,522,420,331,24,1,2,44,58,27,0.057,0.064
2018-19,204456,T.J. McConnell,1610612755,PHI,75,46,29,1451,2808,2949,253,11,47,464,613,306,0.09,0.109
2018-19,203933,T.J. Warren,1610612756,PHX,43,10,33,1360,1887,1620,64,3,14,159,160,81,0.034,0.043
2018-19,1628769,Tahjere McCall,1610612751,BKN,1,0,1,8,4,5,0,0,0,0,2,1,0,0.25
2018-19,201959,Taj Gibson,1610612750,MIN,70,32,38,1686,2028,1421,84,2,13,137,205,99,0.041,0.049
2018-19,1627752,Taurean Prince,1610612737,ATL,55,19,36,1552,1058,1386,118,5,8,227,295,131,0.112,0.124
2018-19,1628390,Terrance Ferguson,1610612760,OKC,73,43,30,1902,697,896,70,6,8,116,176,82,0.1,0.118
2018-19,203093,Terrence Jones,1610612745,HOU,2,2,0,5,12,10,0,0,0,1,0,0,0,0
2018-19,203082,Terrence Ross,1610612753,ORL,79,40,39,2098,1435,1942,135,13,28,270,335,175,0.094,0.122
2018-19,1626179,Terry Rozier,1610612738,BOS,79,47,32,1791,3184,3293,231,10,44,444,586,282,0.073,0.089
2018-19,200757,Thabo Sefolosha,1610612762,UTA,49,28,21,596,708,479,27,5,6,57,75,38,0.038,0.054
2018-19,201152,Thaddeus Young,1610612754,IND,81,47,34,2489,2947,2221,204,11,21,353,501,236,0.069,0.08
2018-19,1629033,Theo Pinson,1610612751,BKN,18,7,11,211,283,297,21,2,1,41,54,24,0.074,0.085
2018-19,1628418,Thomas Bryant,1610612764,WAS,71,28,43,1481,1864,1328,92,5,11,165,233,109,0.049,0.058
2018-19,1629118,Thomas Welsh,1610612743,DEN,11,8,3,36,37,38,5,0,0,7,11,5,0.135,0.135
2018-19,1627748,Thon Maker,1610612765,DET,64,44,20,972,1156,856,45,0,4,75,108,49,0.039,0.042
2018-19,204025,Tim Frazier,1610612749,MIL,59,27,32,1120,2177,2195,248,9,25,440,614,280,0.114,0.129
2018-19,203501,Tim Hardaway Jr.,1610612742,DAL,64,14,50,2032,2023,2534,158,6,23,329,405,187,0.078,0.092
2018-19,1627789,Timothe Luwawu-Cabarrot,1610612741,CHI,50,25,25,669,479,484,26,2,0,61,60,28,0.054,0.058
2018-19,202699,Tobias Harris,1610612755,PHI,82,46,36,2848,3353,3387,229,12,35,457,574,276,0.068,0.082
2018-19,203107,Tomas Satoransky,1610612764,WAS,79,31,48,2133,3656,3750,394,19,51,736,972,462,0.108,0.126
2018-19,1628396,Tony Bradley,1610612762,UTA,3,2,1,36,42,24,1,0,0,2,4,1,0.024,0.024
2018-19,2225,Tony Parker,1610612766,CHA,56,30,26,1003,1618,2087,207,12,19,384,519,238,0.128,0.147
2018-19,203503,Tony Snell,1610612749,MIL,74,55,19,1304,1079,1003,68,3,9,131,160,79,0.063,0.073
2018-19,1628470,Torrey Craig,1610612743,DEN,75,50,25,1503,1029,872,72,1,16,142,178,89,0.07,0.086
2018-19,1629027,Trae Young,1610612737,ATL,81,29,52,2503,4477,5905,653,36,63,1239,1627,747,0.146,0.167
2018-19,1626203,Treveon Graham,1610612751,BKN,35,19,16,715,760,541,34,0,5,59,90,41,0.045,0.054
2018-19,1628979,Trevon Duval,1610612745,HOU,3,2,1,6,14,15,2,0,0,3,5,2,0.143,0.143
2018-19,2772,Trevor Ariza,1610612764,WAS,68,21,47,2310,2645,2519,245,11,28,428,595,282,0.093,0.107
2018-19,203504,Trey Burke,1610612742,DAL,58,16,42,1125,1785,2278,159,8,18,331,397,182,0.089,0.102
2018-19,1626168,Trey Lyles,1610612743,DEN,64,42,22,1120,1430,1262,87,4,11,157,207,100,0.061,0.07
2018-19,202684,Tristan Thompson,1610612739,CLE,43,8,35,1198,1503,1038,86,2,12,149,210,100,0.057,0.067
2018-19,1628972,Troy Brown Jr.,1610612764,WAS,51,19,32,720,696,685,79,4,7,123,191,90,0.114,0.129
2018-19,1628505,Troy Caupain,1610612753,ORL,4,3,1,16,12,17,4,0,0,3,10,4,0.333,0.333
2018-19,203584,Troy Daniels,1610612756,PHX,51,13,38,760,650,735,26,1,5,70,64,33,0.04,0.051
2018-19,1627786,Troy Williams,1610612758,SAC,21,7,14,312,244,204,11,0,2,28,26,13,0.045,0.053
2018-19,1628463,Tyler Cavanaugh,1610612762,UTA,11,7,4,40,47,26,1,0,0,2,2,1,0.021,0.021
2018-19,1629093,Tyler Davis,1610612760,OKC,1,1,0,1,0,0,0,,0,0,0,0,0,0
2018-19,1628416,Tyler Dorsey,1610612763,MEM,48,11,37,698,603,757,56,6,8,134,146,70,0.093,0.116
2018-19,204020,Tyler Johnson,1610612756,PHX,57,26,31,1529,2016,2262,166,9,15,320,417,190,0.082,0.094
2018-19,1628399,Tyler Lydon,1610612743,DEN,25,20,5,94,78,43,6,0,0,12,17,6,0.077,0.077
2018-19,1627755,Tyler Ulis,1610612741,CHI,1,0,1,1,0,0,0,,0,0,0,0,0,0
2018-19,203092,Tyler Zeller,1610612763,MEM,6,3,3,93,84,90,4,0,0,7,8,4,0.048,0.048
2018-19,201936,Tyreke Evans,1610612754,IND,69,41,28,1402,1440,1890,166,13,21,293,387,196,0.115,0.136
2018-19,1627820,Tyrone Wallace,1610612746,LAC,62,34,28,628,811,825,42,4,9,87,110,56,0.052,0.069
2018-19,2199,Tyson Chandler,1610612747,LAL,55,26,29,875,857,417,37,0,7,63,87,43,0.043,0.05
2018-19,1626145,Tyus Jones,1610612750,MIN,68,29,39,1560,2999,3201,327,17,45,614,821,386,0.109,0.129
2018-19,2617,Udonis Haslem,1610612748,MIA,10,8,2,75,80,67,2,0,0,7,4,2,0.025,0.025
2018-19,203506,Victor Oladipo,1610612754,IND,36,25,11,1147,1390,1785,186,7,28,289,443,220,0.134,0.158
2018-19,1713,Vince Carter,1610612737,ATL,76,25,51,1330,1828,1387,87,8,7,153,215,100,0.048,0.055
2018-19,1629053,Vincent Edwards,1610612745,HOU,2,1,1,16,8,9,0,0,0,1,0,0,0,0
2018-19,1627735,Wade Baldwin IV,1610612757,POR,16,10,6,94,158,188,12,0,1,28,28,13,0.076,0.082
2018-19,1627215,Walt Lemon Jr.,1610612741,CHI,6,1,5,167,284,333,30,2,1,55,76,33,0.106,0.116
2018-19,201961,Wayne Ellington,1610612765,DET,53,26,27,1297,935,1177,72,7,11,145,174,89,0.077,0.095
2018-19,1627782,Wayne Selden,1610612741,CHI,75,27,48,1439,1106,1308,109,3,8,187,252,118,0.099,0.107
2018-19,1628976,Wendell Carter Jr.,1610612741,CHI,43,10,33,1092,1214,1109,77,0,1,146,194,78,0.063,0.064
2018-19,1628411,Wes Iwundu,1610612753,ORL,68,36,32,1233,839,831,73,1,11,143,174,85,0.087,0.101
2018-19,202325,Wesley Johnson,1610612764,WAS,38,17,21,534,402,376,23,3,3,43,52,29,0.057,0.072
2018-19,202083,Wesley Matthews,1610612754,IND,69,27,42,2091,1549,1992,160,5,21,256,386,182,0.103,0.117
2018-19,203115,Will Barton,1610612743,DEN,43,27,16,1189,1419,1545,124,4,16,240,294,144,0.087,0.101
2018-19,1626161,Willie Cauley-Stein,1610612758,SAC,81,39,42,2213,2571,2012,194,7,22,324,472,223,0.075,0.087
2018-19,1626195,Willy Hernangomez,1610612766,CHA,58,31,27,812,1419,883,60,5,7,108,161,73,0.042,0.051
2018-19,201163,Wilson Chandler,1610612746,LAC,50,35,15,1142,1135,841,82,4,9,128,209,96,0.072,0.085
2018-19,1628999,Yante Maten,1610612748,MIA,2,1,1,13,15,6,0,0,0,0,0,0,0,0
2018-19,1627812,Yogi Ferrell,1610612758,SAC,71,33,38,1067,1655,1812,137,11,21,268,347,169,0.083,0.102
2018-19,1629139,Yuta Watanabe,1610612763,MEM,15,5,10,174,156,128,8,1,0,18,21,9,0.051,0.058
2018-19,1628380,Zach Collins,1610612757,POR,77,51,26,1356,1617,1087,71,2,2,114,174,76,0.044,0.047
2018-19,203897,Zach LaVine,1610612741,CHI,62,16,46,2130,2264,3263,278,16,40,533,674,332,0.123,0.147
2018-19,1629155,Zach Lofton,1610612765,DET,1,1,0,4,3,4,0,0,0,1,0,0,0,0
2018-19,2585,Zaza Pachulia,1610612765,DET,68,35,33,878,1100,817,91,2,3,155,207,94,0.083,0.085
2018-19,1629015,Zhaire Smith,1610612755,PHI,6,2,4,111,74,89,10,0,0,12,21,9,0.135,0.122
2018-19,1627753,Zhou Qi,1610612745,HOU,1,0,1,1,0,1,0,,0,0,0,0,0,0
2019-20,203932,Aaron Gordon,1610612753,ORL,62,30,32,2017,2223,1865,228,22,14,424,575,261,0.103,0.117
2019-20,1628988,Aaron Holiday,1610612754,IND,66,42,24,1617,1923,2376,225,26,33,433,584,285,0.117,0.148
2019-20,1627846,Abdel Nader,1610612760,OKC,55,37,18,867,505,648,38,3,4,66,95,45,0.075,0.089
2019-20,1629690,Adam Mokoka,1610612741,CHI,11,3,8,112,78,79,4,0,1,8,10,5,0.051,0.064
2019-20,1629678,Admiral Schofield,1610612764,WAS,33,9,24,368,403,287,15,2,2,28,40,19,0.037,0.047
2019-20,201143,Al Horford,1610612755,PHI,67,39,28,2026,2805,2462,270,22,17,418,675,307,0.096,0.109
2019-20,202329,Al-Farouq Aminu,1610612753,ORL,18,7,11,380,518,275,21,4,2,47,55,27,0.041,0.052
2019-20,202692,Alec Burks,1610612755,PHI,66,21,45,1754,2336,2651,189,19,27,348,469,232,0.081,0.099
2019-20,1629346,Alen Smailagic,1610612744,GSW,14,1,13,139,130,118,13,0,0,17,34,13,0.1,0.1
2019-20,1627936,Alex Caruso,1610612747,LAL,64,48,16,1175,1550,1494,124,15,13,222,302,149,0.08,0.096
2019-20,203458,Alex Len,1610612758,SAC,54,18,36,956,1245,850,49,3,4,98,130,56,0.039,0.045
2019-20,1628035,Alfonzo McKinnie,1610612739,CLE,40,11,29,593,460,330,14,4,1,37,42,20,0.03,0.043
2019-20,1628993,Alize Johnson,1610612754,IND,17,10,7,118,122,59,7,1,0,12,16,8,0.057,0.066
2019-20,203459,Allen Crabbe,1610612750,MIN,37,5,32,653,493,480,33,3,5,72,83,40,0.067,0.081
2019-20,1629019,Allonzo Trier,1610612752,NYK,24,2,22,291,290,386,28,1,2,59,74,31,0.097,0.107
2019-20,1628518,Amile Jefferson,1610612753,ORL,18,5,13,74,89,38,4,0,0,3,6,2,0.045,0.022
2019-20,1629599,Amir Coffey,1610612746,LAC,18,11,7,159,129,159,14,3,0,26,43,17,0.109,0.132
2019-20,203083,Andre Drummond,1610612739,CLE,56,21,35,1844,2410,1971,151,12,10,259,395,171,0.063,0.071
2019-20,2738,Andre Iguodala,1610612748,MIA,20,10,10,395,487,389,48,10,6,106,140,64,0.099,0.131
2019-20,203460,Andre Roberson,1610612760,OKC,7,3,4,87,77,58,4,0,0,8,10,4,0.052,0.052
2019-20,203952,Andrew Wiggins,1610612744,GSW,54,15,39,1859,2189,2766,198,14,28,401,527,239,0.09,0.109
2019-20,1629014,Anfernee Simons,1610612757,POR,70,32,38,1449,1423,1546,97,9,7,179,258,114,0.068,0.08
2019-20,1627790,Ante Zizic,1610612739,CLE,22,4,18,221,211,155,6,1,0,12,16,7,0.028,0.033
2019-20,203076,Anthony Davis,1610612747,LAL,62,46,16,2131,2409,2689,200,16,24,360,519,239,0.083,0.099
2019-20,201229,Anthony Tolliver,1610612763,MEM,55,24,31,872,805,563,42,3,3,84,115,48,0.052,0.06
2019-20,1628499,Antonius Cleveland,1610612742,DAL,11,6,5,46,29,34,1,0,0,3,2,1,0.034,0.034
2019-20,1628394,Anžejs Pasečņiks,1610612764,WAS,27,9,18,437,618,417,18,3,0,35,49,21,0.029,0.034
2019-20,203382,Aron Baynes,1610612756,PHX,41,19,22,914,1023,926,67,2,8,111,171,77,0.065,0.075
2019-20,203085,Austin Rivers,1610612745,HOU,68,43,25,1594,1498,1553,113,14,21,245,324,149,0.075,0.099
2019-20,202340,Avery Bradley,1610612747,LAL,49,36,13,1186,924,1100,63,6,10,104,149,78,0.068,0.084
2019-20,1629168,BJ Johnson,1610612753,ORL,10,5,5,83,42,55,3,1,0,7,7,4,0.071,0.095
2019-20,1628389,Bam Adebayo,1610612748,MIA,71,44,27,2382,3344,3202,361,26,28,637,964,413,0.108,0.124
2019-20,203463,Ben McLemore,1610612745,HOU,71,44,27,1619,1206,1101,58,1,10,104,155,67,0.048,0.056
2019-20,1627732,Ben Simmons,1610612755,PHI,57,35,22,2017,4027,4052,455,32,64,914,1185,542,0.113,0.135
2019-20,202687,Bismack Biyombo,1610612766,CHA,52,18,34,1021,1335,896,50,4,5,84,121,58,0.037,0.043
2019-20,201933,Blake Griffin,1610612765,DET,17,8,9,483,708,789,54,7,3,127,149,63,0.076,0.089
2019-20,1626246,Boban Marjanovic,1610612742,DAL,44,21,23,422,483,421,20,0,2,27,44,22,0.041,0.046
2019-20,1626171,Bobby Portis Jr.,1610612752,NYK,66,21,45,1393,1933,1533,98,6,11,199,245,113,0.051,0.058
2019-20,203992,Bogdan Bogdanović,1610612758,SAC,60,29,31,1736,1900,2229,205,16,14,361,515,235,0.108,0.124
2019-20,202711,Bojan Bogdanovic,1610612762,UTA,63,41,22,2083,1503,2259,131,18,19,233,351,167,0.087,0.111
2019-20,1629626,Bol Bol,1610612743,DEN,7,2,5,87,54,58,6,1,1,9,16,8,0.111,0.148
2019-20,202954,Brad Wanamaker,1610612738,BOS,71,48,23,1369,2166,2167,179,11,18,315,443,204,0.083,0.094
2019-20,203078,Bradley Beal,1610612764,WAS,57,20,37,2053,2636,3644,347,43,44,642,888,432,0.132,0.164
2019-20,1629634,Brandon Clarke,1610612763,MEM,58,29,29,1300,1657,1349,81,10,18,163,197,107,0.049,0.065
2019-20,1629164,Brandon Goodwin,1610612737,ATL,34,13,21,430,694,801,51,5,3,123,125,59,0.073,0.085
2019-20,1627742,Brandon Ingram,1610612740,NOP,61,25,36,2062,2435,2979,255,28,52,483,669,335,0.105,0.138
2019-20,202688,Brandon Knight,1610612765,DET,25,4,21,462,634,764,69,4,6,123,182,79,0.109,0.125
2019-20,1628968,Brian Bowen II,1610612754,IND,6,5,1,31,18,14,0,0,0,1,0,0,0,0
2019-20,201572,Brook Lopez,1610612749,MIL,67,52,15,1792,1417,1500,98,2,6,153,253,105,0.069,0.074
2019-20,1628971,Bruce Brown,1610612765,DET,57,18,39,1612,2468,2490,226,24,28,410,588,278,0.092,0.113
2019-20,203998,Bruno Caboclo,1610612745,HOU,30,11,19,244,276,206,12,0,2,30,31,15,0.043,0.054
2019-20,1628981,Bruno Fernando,1610612737,ATL,56,18,38,713,959,659,49,7,1,77,135,56,0.051,0.058
2019-20,1627854,Bryn Forbes,1610612759,SAS,62,26,36,1563,1037,1439,106,8,12,166,257,125,0.102,0.121
2019-20,1627741,Buddy Hield,1610612758,SAC,71,31,40,2192,2408,3051,212,17,40,380,528,268,0.088,0.111
2019-20,203468,CJ McCollum,1610612757,POR,69,33,36,2518,2819,3605,307,24,38,563,782,368,0.109,0.131
2019-20,101139,CJ Miles,1610612764,WAS,10,4,6,161,93,133,12,0,1,14,25,12,0.129,0.129
2019-20,1628997,Caleb Martin,1610612766,CHA,18,6,12,317,276,295,23,3,6,51,58,31,0.083,0.112
2019-20,1628403,Caleb Swanigan,1610612757,POR,26,11,15,278,297,189,30,1,3,42,76,34,0.101,0.114
2019-20,1629629,Cam Reddish,1610612737,ATL,58,17,41,1551,1024,1299,87,7,7,166,222,101,0.085,0.099
2019-20,1629661,Cameron Johnson,1610612756,PHX,56,28,28,1223,960,831,67,4,9,132,177,80,0.07,0.083
2019-20,1626166,Cameron Payne,1610612756,PHX,8,8,0,183,321,319,24,2,3,49,63,29,0.075,0.09
2019-20,1627747,Caris LeVert,1610612751,BKN,45,21,24,1330,1464,2012,199,21,26,392,499,239,0.136,0.163
2019-20,2546,Carmelo Anthony,1610612757,POR,57,27,30,1869,1326,1508,83,2,9,158,212,94,0.063,0.071
2019-20,1629035,Carsen Edwards,1610612738,BOS,37,25,12,351,335,379,24,2,2,39,60,28,0.072,0.084
2019-20,1626224,Cedi Osman,1610612739,CLE,65,19,46,1910,1790,1673,154,10,19,303,411,188,0.086,0.105
2019-20,1628990,Chandler Hutchison,1610612741,CHI,28,8,20,527,443,386,26,4,4,61,73,34,0.059,0.077
2019-20,202718,Chandler Parsons,1610612737,ATL,5,0,5,54,61,60,3,0,1,7,8,4,0.049,0.066
2019-20,1629718,Charlie Brown Jr.,1610612737,ATL,10,1,9,40,30,40,2,0,0,2,5,2,0.067,0.067
2019-20,1626184,Chasson Randle,1610612744,GSW,3,2,1,40,43,39,5,1,0,6,14,6,0.116,0.14
2019-20,1627767,Cheick Diallo,1610612756,PHX,47,20,27,479,668,440,22,4,1,45,62,28,0.033,0.042
2019-20,1629002,Chimezie Metu,1610612759,SAS,18,8,10,105,129,100,10,2,1,15,27,13,0.078,0.101
2019-20,1628449,Chris Boucher,1610612761,TOR,62,45,17,819,834,626,26,2,5,47,74,33,0.031,0.04
2019-20,1629185,Chris Chiozza,1610612751,BKN,28,14,14,401,744,812,83,13,5,179,230,101,0.112,0.136
2019-20,1629598,Chris Clemons,1610612745,HOU,33,19,14,291,286,379,27,2,5,49,66,34,0.094,0.119
2019-20,101108,Chris Paul,1610612760,OKC,70,44,26,2208,3637,4146,472,41,56,877,1198,565,0.13,0.155
2019-20,1629735,Chris Silva,1610612748,MIA,43,27,16,334,448,256,21,1,0,48,57,22,0.047,0.049
2019-20,1626174,Christian Wood,1610612765,DET,61,20,41,1311,1566,1295,60,11,6,110,165,77,0.038,0.049
2019-20,203991,Clint Capela,1610612737,ATL,39,22,17,1279,1597,838,48,7,14,100,135,69,0.03,0.043
2019-20,1629632,Coby White,1610612741,CHI,65,22,43,1674,1996,2492,175,17,22,340,452,212,0.088,0.106
2019-20,1628998,Cody Martin,1610612766,CHA,48,16,32,903,985,855,95,16,15,185,254,127,0.096,0.129
2019-20,203469,Cody Zeller,1610612766,CHA,57,18,39,1320,2049,1392,88,5,9,162,232,104,0.043,0.051
2019-20,1629012,Collin Sexton,1610612739,CLE,65,19,46,2143,2517,3365,192,28,44,400,511,265,0.076,0.105
2019-20,201147,Corey Brewer,1610612758,SAC,5,2,3,33,34,23,2,0,0,6,4,2,0.059,0.059
2019-20,202709,Cory Joseph,1610612758,SAC,71,31,40,1742,2711,2830,245,23,28,470,636,295,0.09,0.109
2019-20,201584,Courtney Lee,1610612742,DAL,23,14,9,335,218,229,12,0,4,25,32,16,0.055,0.073
2019-20,1626245,Cristiano Felicio,1610612741,CHI,22,6,16,386,414,252,16,0,6,38,43,22,0.039,0.053
2019-20,1626156,D'Angelo Russell,1610612750,MIN,45,11,34,1452,2536,3108,285,38,30,514,718,350,0.112,0.138
2019-20,201571,D.J. Augustin,1610612753,ORL,57,28,29,1420,2356,2830,262,28,35,551,695,326,0.111,0.138
2019-20,1628391,D.J. Wilson,1610612749,MIL,37,29,8,363,483,366,25,2,1,55,68,28,0.052,0.058
2019-20,1629610,DaQuan Jeffries,1610612758,SAC,13,4,9,141,119,108,7,0,0,24,17,7,0.059,0.059
2019-20,1627745,Damian Jones,1610612737,ATL,55,15,40,887,828,545,35,5,4,64,95,44,0.042,0.053
2019-20,203081,Damian Lillard,1610612757,POR,65,32,33,2436,3551,4623,522,43,64,932,1324,628,0.147,0.177
2019-20,1627814,Damion Lee,1610612744,GSW,49,12,37,1423,1670,1718,133,8,19,219,337,161,0.08,0.096
2019-20,1628422,Damyean Dotson,1610612752,NYK,48,14,34,836,682,859,57,5,10,105,156,73,0.084,0.107
2019-20,1629655,Daniel Gafford,1610612741,CHI,43,15,28,609,430,347,21,1,2,25,51,23,0.049,0.053
2019-20,1628464,Daniel Theis,1610612738,BOS,65,42,23,1566,1793,1565,111,9,14,198,297,134,0.062,0.075
2019-20,201568,Danilo Gallinari,1610612760,OKC,62,37,25,1834,2141,2149,119,10,24,181,288,150,0.056,0.07
2019-20,201980,Danny Green,1610612747,LAL,68,51,17,1687,1945,1484,91,7,17,157,215,113,0.047,0.058
2019-20,203957,Dante Exum,1610612739,CLE,35,10,25,486,492,475,40,3,5,74,100,48,0.081,0.098
2019-20,1627863,Danuel House Jr.,1610612745,HOU,63,40,23,1913,1366,1228,85,11,12,185,228,108,0.062,0.079
2019-20,203967,Dario Saric,1610612756,PHX,65,32,33,1594,2265,1649,119,9,13,203,303,142,0.053,0.063
2019-20,1629647,Darius Bazley,1610612760,OKC,61,36,25,1129,978,738,41,2,11,79,105,53,0.042,0.054
2019-20,1629636,Darius Garland,1610612739,CLE,59,17,42,1824,2550,3080,229,21,39,457,581,289,0.09,0.113
2019-20,1629133,Daryl Macon,1610612748,MIA,4,4,0,14,15,19,1,0,1,1,2,2,0.067,0.133
2019-20,1628021,David Nwaba,1610612745,HOU,20,8,12,268,124,124,8,2,1,18,23,11,0.065,0.089
2019-20,202722,Davis Bertans,1610612764,WAS,54,20,34,1583,1372,1297,92,15,8,142,237,109,0.067,0.079
2019-20,1628368,De'Aaron Fox,1610612758,SAC,50,20,30,1604,2757,3466,344,28,37,679,923,406,0.125,0.147
2019-20,1629631,De'Andre Hunter,1610612737,ATL,63,19,44,2018,1465,1577,112,9,16,236,288,136,0.076,0.093
2019-20,1629001,De'Anthony Melton,1610612763,MEM,60,27,33,1167,1672,1590,175,16,26,300,427,215,0.105,0.129
2019-20,201599,DeAndre Jordan,1610612751,BKN,56,27,29,1234,1518,1083,105,11,8,180,263,121,0.069,0.08
2019-20,1627761,DeAndre' Bembry,1610612737,ATL,43,10,33,915,991,943,81,11,10,180,209,102,0.082,0.103
2019-20,201942,DeMar DeRozan,1610612759,SAS,67,30,37,2282,2546,3415,377,20,50,735,1017,448,0.148,0.176
2019-20,201960,DeMarre Carroll,1610612745,HOU,24,10,14,290,282,214,25,1,0,35,69,26,0.089,0.092
2019-20,1629731,Dean Wade,1610612739,CLE,12,1,11,71,74,39,2,0,1,4,5,3,0.027,0.041
2019-20,1629028,Deandre Ayton,1610612756,PHX,38,20,18,1236,1571,1277,72,8,8,130,186,88,0.046,0.056
2019-20,1627749,Dejounte Murray,1610612759,SAS,65,28,37,1656,2782,2804,266,22,33,471,673,319,0.096,0.115
2019-20,1626153,Delon Wright,1610612742,DAL,72,41,31,1545,2472,2335,239,21,28,500,659,286,0.097,0.116
2019-20,203471,Dennis Schröder,1610612760,OKC,65,40,25,1999,3252,4057,262,31,58,471,654,349,0.081,0.107
2019-20,1628372,Dennis Smith Jr.,1610612752,NYK,34,7,27,537,1057,1191,98,17,11,210,268,125,0.093,0.118
2019-20,1627756,Denzel Valentine,1610612741,CHI,36,12,24,488,475,558,43,8,6,92,120,57,0.091,0.12
2019-20,1629126,Deonte Burton,1610612760,OKC,39,22,17,357,248,296,17,2,2,34,47,21,0.069,0.085
2019-20,202324,Derrick Favors,1610612740,NOP,50,24,26,1211,1813,1168,79,7,19,147,211,104,0.044,0.057
2019-20,1627884,Derrick Jones Jr.,1610612748,MIA,58,34,24,1350,993,822,62,6,5,137,168,73,0.062,0.074
2019-20,201565,Derrick Rose,1610612765,DET,49,17,32,1272,2074,2747,274,26,22,521,734,322,0.132,0.155
2019-20,1628476,Derrick Walton Jr.,1610612765,DET,26,15,11,248,346,343,27,2,2,59,77,31,0.078,0.09
2019-20,1628401,Derrick White,1610612759,SAS,67,31,36,1655,2490,2692,238,26,28,436,599,294,0.096,0.118
2019-20,1626164,Devin Booker,1610612756,PHX,70,34,36,2512,2241,3764,456,47,55,920,1205,555,0.203,0.248
2019-20,1628985,Devon Hall,1610612760,OKC,11,6,5,81,116,146,13,0,1,30,37,14,0.112,0.121
2019-20,1629719,Devontae Cacok,1610612747,LAL,1,0,1,9,6,6,1,0,0,2,2,1,0.167,0.167
2019-20,1628984,Devonte' Graham,1610612766,CHA,62,23,39,2179,4137,5067,467,51,54,829,1181,568,0.113,0.137
2019-20,1629608,Dewan Hernandez,1610612761,TOR,6,6,0,28,28,25,3,0,0,3,8,3,0.107,0.107
2019-20,203473,Dewayne Dedmon,1610612737,ATL,44,17,27,774,823,575,22,3,2,50,55,26,0.027,0.032
2019-20,1628415,Dillon Brooks,1610612763,MEM,73,34,39,2112,1785,2383,150,19,23,293,393,193,0.084,0.108
2019-20,203079,Dion Waiters,1610612747,LAL,10,4,6,207,206,269,20,3,5,36,56,28,0.097,0.136
2019-20,1627734,Domantas Sabonis,1610612754,IND,62,37,25,2159,4200,3156,310,23,23,509,782,355,0.074,0.085
2019-20,1628378,Donovan Mitchell,1610612762,UTA,69,43,26,2364,2828,4054,294,30,47,562,787,370,0.104,0.131
2019-20,1629743,Donta Hall,1610612751,BKN,9,4,5,133,140,103,4,0,0,9,12,5,0.029,0.036
2019-20,1628978,Donte DiVincenzo,1610612749,MIL,65,52,13,1495,1901,1685,152,15,28,271,387,196,0.08,0.103
2019-20,1627827,Dorian Finney-Smith,1610612742,DAL,69,38,31,2079,1882,1622,111,14,14,236,305,141,0.059,0.075
2019-20,203926,Doug McDermott,1610612754,IND,69,43,26,1372,1041,1154,78,14,14,126,194,105,0.075,0.101
2019-20,1627733,Dragan Bender,1610612744,GSW,15,9,6,280,447,327,27,4,1,42,72,32,0.06,0.072
2019-20,203110,Draymond Green,1610612744,GSW,43,10,33,1222,2508,2111,266,22,23,454,673,310,0.106,0.124
2019-20,1629234,Drew Eubanks,1610612759,SAS,22,13,9,272,246,175,15,2,0,24,44,17,0.061,0.069
2019-20,1629130,Duncan Robinson,1610612748,MIA,72,44,28,2128,1623,1796,99,7,26,179,247,132,0.061,0.081
2019-20,1628605,Dusty Hannahs,1610612763,MEM,2,0,2,13,10,18,0,0,1,2,0,1,0,0.1
2019-20,1628407,Dwayne Bacon,1610612766,CHA,39,10,29,687,688,737,52,6,10,103,150,68,0.076,0.099
2019-20,2730,Dwight Howard,1610612747,LAL,69,52,17,1306,1603,826,45,2,4,86,112,52,0.028,0.032
2019-20,203939,Dwight Powell,1610612742,DAL,39,24,15,1029,1174,824,58,5,7,85,151,70,0.049,0.06
2019-20,1629058,Dzanan Musa,1610612751,BKN,40,20,20,487,544,537,43,2,9,92,113,54,0.079,0.099
2019-20,202734,E'Twaun Moore,1610612740,NOP,55,27,28,1004,926,1164,77,4,9,141,196,89,0.083,0.096
2019-20,202334,Ed Davis,1610612762,UTA,28,16,12,303,452,220,12,1,0,21,35,14,0.027,0.031
2019-20,1628410,Edmond Sumner,1610612754,IND,31,16,15,447,344,418,55,3,2,100,140,60,0.16,0.174
2019-20,203901,Elfrid Payton,1610612752,NYK,45,17,28,1246,2667,2819,323,39,21,609,805,381,0.121,0.143
2019-20,1629059,Elie Okobo,1610612756,PHX,54,23,31,703,1319,1342,114,10,14,230,281,135,0.086,0.102
2019-20,1626144,Emmanuel Mudiay,1610612762,UTA,54,34,20,850,1451,1622,116,14,18,228,324,149,0.08,0.103
2019-20,202683,Enes Freedom,1610612738,BOS,58,36,22,983,930,865,56,4,6,83,143,66,0.06,0.071
2019-20,202339,Eric Bledsoe,1610612749,MIL,60,47,13,1615,2349,2684,323,38,30,613,851,388,0.138,0.165
2019-20,201569,Eric Gordon,1610612745,HOU,36,21,15,1016,675,1001,54,2,13,118,151,69,0.08,0.102
2019-20,1628450,Eric Mika,1610612758,SAC,1,0,1,19,18,10,0,0,0,0,0,0,0,0
2019-20,1629672,Eric Paschall,1610612744,GSW,60,14,46,1654,1983,2034,127,11,16,255,332,154,0.064,0.078
2019-20,101141,Ersan Ilyasova,1610612749,MIL,62,47,15,971,1152,798,49,7,8,96,132,63,0.043,0.055
2019-20,203095,Evan Fournier,1610612753,ORL,66,28,38,2076,1659,2341,209,25,44,432,516,278,0.126,0.168
2019-20,202323,Evan Turner,1610612750,MIN,19,3,16,251,394,392,38,8,3,83,105,49,0.096,0.124
2019-20,1628402,Frank Jackson,1610612740,NOP,58,26,32,776,831,963,60,6,9,116,158,75,0.072,0.09
2019-20,1626163,Frank Kaminsky,1610612756,PHX,38,19,19,745,1149,956,71,6,7,133,187,84,0.062,0.073
2019-20,1628412,Frank Mason III,1610612749,MIL,9,6,3,118,200,234,29,2,1,55,75,32,0.145,0.16
2019-20,1628373,Frank Ntilikina,1610612752,NYK,57,19,38,1187,2290,2397,172,20,28,343,439,219,0.075,0.096
2019-20,1627832,Fred VanVleet,1610612761,TOR,54,40,14,1928,3023,3535,357,33,46,663,926,435,0.118,0.144
2019-20,1627788,Furkan Korkmaz,1610612755,PHI,72,42,30,1559,1078,1379,79,10,20,154,206,108,0.073,0.1
2019-20,1629216,Gabe Vincent,1610612748,MIA,9,5,4,83,65,78,6,1,0,8,14,6,0.092,0.092
2019-20,202066,Garrett Temple,1610612751,BKN,62,30,32,1730,1694,1728,156,13,21,286,391,188,0.092,0.111
2019-20,1629726,Garrison Mathews,1610612764,WAS,18,8,10,227,98,145,10,2,3,10,25,14,0.102,0.143
2019-20,1629109,Gary Clark,1610612753,ORL,42,23,19,566,624,333,17,1,4,54,46,22,0.027,0.035
2019-20,203914,Gary Harris,1610612743,DEN,56,37,19,1780,1114,1432,118,9,18,207,309,145,0.106,0.13
2019-20,1627780,Gary Payton II,1610612764,WAS,29,13,16,432,443,343,48,2,0,68,121,50,0.108,0.113
2019-20,1629018,Gary Trent Jr.,1610612757,POR,60,28,32,1299,656,835,61,3,3,99,156,66,0.093,0.101
2019-20,201588,George Hill,1610612749,MIL,58,46,12,1247,2030,2089,178,16,23,316,456,214,0.088,0.105
2019-20,1627777,Georges Niang,1610612762,UTA,66,41,25,923,1068,817,44,7,2,82,118,52,0.041,0.049
2019-20,203507,Giannis Antetokounmpo,1610612749,MIL,62,50,12,1885,3153,3156,348,20,44,714,929,410,0.11,0.13
2019-20,203922,Glenn Robinson III,1610612755,PHI,62,17,45,1786,1703,1627,96,7,20,179,250,123,0.056,0.072
2019-20,1629048,Goga Bitadze,1610612754,IND,54,32,22,471,647,458,23,1,2,34,56,25,0.036,0.039
2019-20,201609,Goran Dragic,1610612748,MIA,58,37,21,1632,2662,3262,294,47,54,583,779,391,0.11,0.147
2019-20,202330,Gordon Hayward,1610612738,BOS,52,34,18,1740,2063,2050,212,24,21,406,550,257,0.103,0.125
2019-20,203476,Gorgui Dieng,1610612763,MEM,63,20,43,1097,1713,1362,73,12,4,162,201,90,0.043,0.053
2019-20,1629684,Grant Williams,1610612738,BOS,69,47,22,1043,1010,817,68,6,5,110,175,79,0.067,0.078
2019-20,1628960,Grayson Allen,1610612763,MEM,38,16,22,718,618,682,52,3,11,95,130,66,0.084,0.107
2019-20,1628977,Hamidou Diallo,1610612760,OKC,46,25,21,896,665,636,36,1,7,58,91,43,0.054,0.065
2019-20,203084,Harrison Barnes,1610612758,SAC,71,31,40,2448,2175,1900,156,7,9,306,419,173,0.072,0.08
2019-20,1628385,Harry Giles III,1610612758,SAC,45,22,23,653,697,606,58,2,6,94,136,66,0.083,0.095
2019-20,202355,Hassan Whiteside,1610612757,POR,66,33,33,1973,2143,1397,78,7,10,145,207,95,0.036,0.044
2019-20,1627740,Henry Ellenson,1610612751,BKN,5,2,3,15,22,15,1,0,0,2,3,1,0.045,0.045
2019-20,101133,Ian Mahinmi,1610612764,WAS,38,15,23,808,1227,830,49,2,4,88,116,55,0.04,0.045
2019-20,1629649,Ignas Brazdeikis,1610612752,NYK,9,1,8,53,21,35,4,0,0,4,9,4,0.19,0.19
2019-20,202697,Iman Shumpert,1610612751,BKN,13,9,4,241,201,166,12,3,1,25,37,16,0.06,0.08
2019-20,1629067,Isaac Bonga,1610612764,WAS,66,22,44,1250,1120,1010,76,12,15,193,214,103,0.068,0.092
2019-20,1628392,Isaiah Hartenstein,1610612745,HOU,23,16,7,266,351,231,18,0,1,29,43,19,0.051,0.054
2019-20,1629676,Isaiah Roby,1610612760,OKC,3,2,1,11,3,2,0,0,0,1,0,0,0,0
2019-20,202738,Isaiah Thomas,1610612764,WAS,40,14,26,925,1542,1989,146,21,19,268,368,180,0.095,0.117
2019-20,202397,Ish Smith,1610612764,WAS,68,23,45,1787,3206,3551,334,36,35,674,891,401,0.104,0.125
2019-20,1627826,Ivica Zubac,1610612746,LAC,72,49,23,1326,2019,1285,82,4,11,125,205,98,0.041,0.049
2019-20,200826,J.J. Barea,1610612742,DAL,29,15,14,450,837,943,112,9,9,203,286,130,0.134,0.155
2019-20,1629122,J.P. Macura,1610612739,CLE,1,1,0,1,1,1,0,0,0,0,0,0,0,0
2019-20,200755,JJ Redick,1610612740,NOP,60,26,34,1581,1248,1763,119,23,15,229,320,154,0.095,0.123
2019-20,2747,JR Smith,1610612747,LAL,6,2,4,79,50,58,3,1,0,7,9,4,0.06,0.08
2019-20,1629630,Ja Morant,1610612763,MEM,67,33,34,2074,3567,4471,488,46,53,888,1244,585,0.137,0.164
2019-20,203960,JaKarr Sampson,1610612754,IND,34,21,13,471,383,301,21,0,1,27,47,21,0.055,0.055
2019-20,203210,JaMychal Green,1610612746,LAC,63,43,20,1307,1466,909,49,4,12,95,134,65,0.033,0.044
2019-20,201580,JaVale McGee,1610612747,LAL,68,51,17,1130,1113,713,37,4,8,85,89,49,0.033,0.044
2019-20,203953,Jabari Parker,1610612758,SAC,38,9,29,918,1287,911,68,6,10,107,168,84,0.053,0.065
2019-20,1628980,Jacob Evans,1610612750,MIN,29,8,21,418,656,660,31,6,3,65,82,39,0.047,0.059
2019-20,203109,Jae Crowder,1610612748,MIA,64,29,35,1840,2319,1917,158,17,16,260,398,191,0.068,0.082
2019-20,1626143,Jahlil Okafor,1610612740,NOP,30,9,21,467,699,566,37,2,4,77,95,43,0.053,0.062
2019-20,1627774,Jake Layman,1610612750,MIN,23,11,12,505,328,387,15,1,4,36,38,20,0.046,0.061
2019-20,1627751,Jakob Poeltl,1610612759,SAS,65,29,36,1155,1845,1076,114,10,4,190,287,127,0.062,0.069
2019-20,1628973,Jalen Brunson,1610612742,DAL,56,33,23,1007,1537,1722,184,14,24,345,502,222,0.12,0.144
2019-20,1629665,Jalen Lecque,1610612756,PHX,5,2,3,32,15,24,2,0,1,1,4,3,0.133,0.2
2019-20,1629667,Jalen McDaniels,1610612766,CHA,16,7,9,293,305,191,13,3,2,25,38,18,0.043,0.059
2019-20,2037,Jamal Crawford,1610612751,BKN,1,1,0,6,9,13,3,0,0,5,7,3,0.333,0.333
2019-20,1627750,Jamal Murray,1610612743,DEN,59,38,21,1904,3231,3859,284,22,63,522,702,367,0.088,0.114
2019-20,203516,James Ennis III,1610612753,ORL,69,42,27,1266,847,798,63,6,9,104,159,77,0.074,0.091
2019-20,201935,James Harden,1610612745,HOU,68,43,25,2483,3364,4936,512,47,81,998,1299,638,0.152,0.19
2019-20,201949,James Johnson,1610612750,MIN,32,14,18,620,768,755,74,10,10,153,202,92,0.096,0.12
2019-20,201162,Jared Dudley,1610612747,LAL,45,30,15,364,488,311,28,3,3,47,70,34,0.057,0.07
2019-20,1629607,Jared Harper,1610612752,NYK,3,1,2,8,5,8,0,0,0,1,0,0,0,0
2019-20,1628991,Jaren Jackson Jr.,1610612763,MEM,57,28,29,1622,1547,1727,78,4,15,143,195,97,0.05,0.063
2019-20,1629020,Jarred Vanderbilt,1610612750,MIN,11,6,5,47,40,26,2,0,0,2,3,1,0.05,0.025
2019-20,1629714,Jarrell Brantley,1610612762,UTA,9,3,6,96,116,115,11,0,1,16,28,12,0.095,0.103
2019-20,1628386,Jarrett Allen,1610612751,BKN,70,33,37,1852,2096,1537,110,7,18,175,287,136,0.052,0.065
2019-20,1629633,Jarrett Culver,1610612750,MIN,63,19,44,1506,1690,1816,110,24,20,246,301,153,0.065,0.091
2019-20,1627784,Jarrod Uthoff,1610612764,WAS,7,4,3,53,58,54,0,1,0,4,1,1,0,0.017
2019-20,1629750,Javonte Green,1610612738,BOS,48,33,15,468,411,341,26,3,2,45,65,31,0.063,0.075
2019-20,1629637,Jaxson Hayes,1610612740,NOP,63,28,35,1076,1178,921,56,7,9,100,158,72,0.048,0.061
2019-20,1627759,Jaylen Brown,1610612738,BOS,57,38,19,1934,1589,1898,118,12,16,232,299,146,0.074,0.092
2019-20,1629658,Jaylen Hoard,1610612757,POR,13,7,6,103,90,59,4,3,1,8,12,8,0.044,0.089
2019-20,1629669,Jaylen Nowell,1610612750,MIN,15,2,13,151,148,163,19,0,0,22,44,19,0.128,0.128
2019-20,1628369,Jayson Tatum,1610612738,BOS,66,46,20,2265,2843,2725,200,16,24,363,521,241,0.07,0.085
2019-20,201145,Jeff Green,1610612745,HOU,48,28,20,960,806,840,50,5,5,83,138,60,0.062,0.074
2019-20,201952,Jeff Teague,1610612737,ATL,59,22,37,1464,2419,2842,308,37,27,603,825,369,0.127,0.153
2019-20,203924,Jerami Grant,1610612743,DEN,71,45,26,1892,1762,1650,88,5,10,147,227,101,0.05,0.057
2019-20,1629725,Jeremiah Martin,1610612751,BKN,9,6,3,99,137,182,18,1,5,28,50,24,0.131,0.175
2019-20,203087,Jeremy Lamb,1610612754,IND,46,27,19,1291,1388,1399,96,9,11,167,243,117,0.069,0.084
2019-20,202951,Jeremy Pargo,1610612744,GSW,3,0,3,44,67,87,8,1,0,14,22,9,0.119,0.134
2019-20,1626170,Jerian Grant,1610612764,WAS,6,1,5,80,122,133,9,1,0,19,24,10,0.074,0.082
2019-20,1629010,Jerome Robinson,1610612764,WAS,63,36,27,979,977,1027,87,12,13,156,221,109,0.089,0.112
2019-20,1628975,Jevon Carter,1610612756,PHX,58,29,29,945,1031,1031,84,9,10,157,221,103,0.081,0.1
2019-20,202710,Jimmy Butler III,1610612748,MIA,58,38,20,1959,2864,3060,350,45,27,667,916,417,0.122,0.146
2019-20,201149,Joakim Noah,1610612746,LAC,5,4,1,50,101,59,7,1,0,13,18,8,0.069,0.079
2019-20,1629147,Joe Chealey,1610612766,CHA,4,1,3,33,64,69,1,0,0,4,2,1,0.016,0.016
2019-20,203925,Joe Harris,1610612751,BKN,69,33,36,2123,2169,2013,144,28,31,283,393,202,0.066,0.093
2019-20,204060,Joe Ingles,1610612762,UTA,72,44,28,2137,3118,2944,373,67,34,654,988,470,0.12,0.151
2019-20,203954,Joel Embiid,1610612755,PHI,51,32,19,1506,2250,2131,152,10,14,270,386,178,0.068,0.079
2019-20,1628381,John Collins,1610612737,ATL,41,15,26,1363,1963,1380,60,4,14,109,155,79,0.031,0.04
2019-20,203089,John Henson,1610612765,DET,40,8,32,600,699,606,54,5,3,93,137,60,0.077,0.086
2019-20,1629723,John Konchar,1610612763,MEM,19,9,10,181,219,172,22,2,7,39,57,31,0.1,0.142
2019-20,1628405,Johnathan Motley,1610612746,LAC,13,8,5,41,58,45,8,0,0,9,21,8,0.138,0.138
2019-20,1629140,Johnathan Williams,1610612764,WAS,15,7,8,180,157,107,8,0,1,19,19,9,0.051,0.057
2019-20,1628413,Jonah Bolden,1610612756,PHX,7,6,1,47,54,32,0,0,0,2,0,0,0,0
2019-20,202685,Jonas Valanciunas,1610612763,MEM,70,32,38,1845,2840,2148,131,9,13,235,336,154,0.046,0.054
2019-20,1628371,Jonathan Isaac,1610612753,ORL,34,15,19,980,1355,757,48,3,2,79,129,53,0.035,0.039
2019-20,1628395,Jordan Bell,1610612739,CLE,29,8,21,256,379,231,16,2,3,37,42,21,0.042,0.055
2019-20,1629648,Jordan Bone,1610612765,DET,10,3,7,53,71,75,8,0,1,15,22,9,0.113,0.127
2019-20,203903,Jordan Clarkson,1610612762,UTA,71,34,37,1705,1530,2071,136,13,13,293,353,159,0.089,0.104
2019-20,1629162,Jordan McLaughlin,1610612750,MIN,30,7,23,590,1229,1273,125,13,8,255,333,144,0.102,0.117
2019-20,203895,Jordan McRae,1610612765,DET,37,12,25,785,848,1075,93,11,4,165,246,108,0.11,0.127
2019-20,1629673,Jordan Poole,1610612744,GSW,57,12,45,1274,1384,1776,134,4,27,236,327,164,0.097,0.118
2019-20,1627982,Josh Gray,1610612740,NOP,2,1,1,23,35,39,2,0,0,7,5,2,0.057,0.057
2019-20,1628404,Josh Hart,1610612740,NOP,64,26,38,1742,1842,1549,106,7,21,219,277,134,0.058,0.073
2019-20,1628367,Josh Jackson,1610612763,MEM,22,10,12,381,327,347,35,3,4,61,85,42,0.107,0.128
2019-20,203705,Josh Magette,1610612753,ORL,8,3,5,38,61,71,5,2,0,13,12,6,0.082,0.098
2019-20,1629006,Josh Okogie,1610612750,MIN,62,19,43,1547,1110,1172,99,11,9,218,268,118,0.089,0.106
2019-20,1629729,Josh Reaves,1610612742,DAL,4,2,2,28,17,21,3,0,0,3,7,3,0.176,0.176
2019-20,1626196,Josh Richardson,1610612755,PHI,55,33,22,1693,1850,2211,162,13,41,315,406,216,0.088,0.117
2019-20,201950,Jrue Holiday,1610612740,NOP,60,26,34,2080,3344,3730,402,34,43,755,1038,479,0.12,0.143
2019-20,1629308,Juan Toscano-Anderson,1610612744,GSW,13,3,10,272,428,314,26,4,4,62,71,34,0.061,0.079
2019-20,1627823,Juancho Hernangomez,1610612750,MIN,48,24,24,834,796,611,40,1,4,63,92,43,0.05,0.054
2019-20,203944,Julius Randle,1610612752,NYK,64,21,43,2080,2952,2737,198,14,15,433,529,227,0.067,0.077
2019-20,1626147,Justin Anderson,1610612751,BKN,10,6,4,107,100,80,8,1,0,8,22,9,0.08,0.09
2019-20,203200,Justin Holiday,1610612754,IND,73,45,28,1826,1569,1234,93,9,11,178,237,112,0.059,0.071
2019-20,1628382,Justin Jackson,1610612742,DAL,64,38,26,1024,1001,916,51,4,11,85,132,65,0.051,0.065
2019-20,1629713,Justin James,1610612758,SAC,36,14,22,232,163,187,18,0,2,26,43,20,0.11,0.123
2019-20,1628383,Justin Patton,1610612765,DET,5,2,3,24,41,34,2,0,0,0,4,2,0.049,0.049
2019-20,1629620,Justin Robinson,1610612764,WAS,9,2,7,49,54,56,7,0,2,8,12,7,0.13,0.13
2019-20,1629625,Justin Wright-Foreman,1610612762,UTA,4,1,3,45,67,75,7,0,2,11,16,9,0.104,0.134
2019-20,1626159,Justise Winslow,1610612763,MEM,11,7,4,352,553,521,44,9,3,88,120,56,0.08,0.101
2019-20,203994,Jusuf Nurkić,1610612757,POR,8,6,2,253,381,289,32,3,1,50,79,36,0.084,0.094
2019-20,1629752,Juwan Morgan,1610612762,UTA,21,12,9,134,117,86,6,0,0,11,14,6,0.051,0.051
2019-20,1629644,KZ Okpala,1610612748,MIA,5,2,3,26,14,10,1,1,0,2,5,2,0.071,0.143
2019-20,1628443,Kadeem Allen,1610612752,NYK,10,3,7,117,212,229,21,0,1,34,51,22,0.099,0.104
2019-20,1626157,Karl-Anthony Towns,1610612750,MIN,35,10,25,1187,1587,1674,153,21,6,264,379,180,0.096,0.113
2019-20,202695,Kawhi Leonard,1610612746,LAC,57,41,16,1848,1995,2752,280,34,36,534,741,348,0.14,0.174
2019-20,1628966,Keita Bates-Diop,1610612743,DEN,44,10,34,744,576,552,30,1,3,55,83,35,0.052,0.061
2019-20,1629103,Kelan Martin,1610612750,MIN,31,12,19,495,354,385,23,1,4,45,59,27,0.065,0.076
2019-20,1629640,Keldon Johnson,1610612759,SAS,17,8,9,301,222,220,15,1,4,31,39,20,0.068,0.09
2019-20,203482,Kelly Olynyk,1610612748,MIA,66,41,25,1287,1790,1276,114,11,12,218,300,136,0.064,0.076
2019-20,1626162,Kelly Oubre Jr.,1610612756,PHX,55,22,33,1893,1428,1497,85,7,16,180,213,108,0.06,0.076
2019-20,202689,Kemba Walker,1610612738,BOS,56,37,19,1742,2718,3333,268,21,38,459,672,324,0.099,0.119
2019-20,1629134,Kendrick Nunn,1610612748,MIA,66,42,24,1935,2213,2788,216,28,25,397,561,267,0.098,0.121
2019-20,1629026,Kenrich Williams,1610612740,NOP,39,12,27,832,974,634,57,6,12,117,163,77,0.059,0.079
2019-20,203145,Kent Bazemore,1610612758,SAC,67,32,35,1661,1478,1240,92,11,12,203,228,113,0.062,0.076
2019-20,203484,Kentavious Caldwell-Pope,1610612747,LAL,69,51,18,1762,1478,1473,111,6,13,184,275,127,0.075,0.086
2019-20,1628987,Kevin Hervey,1610612760,OKC,10,3,7,52,49,50,5,0,0,5,11,5,0.102,0.102
2019-20,1628989,Kevin Huerter,1610612737,ATL,56,19,37,1760,1651,1845,213,10,26,384,526,246,0.129,0.149
2019-20,1628995,Kevin Knox II,1610612752,NYK,65,21,44,1166,939,891,61,7,3,94,152,68,0.065,0.072
2019-20,201567,Kevin Love,1610612739,CLE,56,16,40,1780,2406,2089,178,9,9,280,426,194,0.074,0.081
2019-20,1629645,Kevin Porter Jr.,1610612739,CLE,50,15,35,1162,982,1057,109,9,13,191,260,130,0.111,0.132
2019-20,1626172,Kevon Looney,1610612744,GSW,20,6,14,262,319,265,20,4,1,32,56,25,0.063,0.078
2019-20,203920,Khem Birch,1610612753,ORL,48,19,29,922,966,630,50,3,2,98,131,54,0.052,0.056
2019-20,203114,Khris Middleton,1610612749,MIL,61,45,16,1818,2336,2719,261,36,39,492,672,335,0.112,0.143
2019-20,1629017,Khyri Thomas,1610612765,DET,8,2,6,61,77,93,3,0,0,13,8,3,0.039,0.039
2019-20,1628961,Kostas Antetokounmpo,1610612747,LAL,5,3,2,20,17,12,2,0,0,2,7,3,0.118,0.176
2019-20,1627739,Kris Dunn,1610612741,CHI,51,19,32,1269,1833,1632,173,16,20,340,448,209,0.094,0.114
2019-20,204001,Kristaps Porziņģis,1610612742,DAL,55,30,25,1739,2174,2015,98,4,11,163,259,113,0.045,0.052
2019-20,1629065,Ky Bowman,1610612744,GSW,45,9,36,1015,2004,2121,131,24,24,270,343,177,0.065,0.088
2019-20,1629734,Kyle Alexander,1610612748,MIA,2,0,2,13,4,1,0,0,0,0,0,0,0,0
2019-20,203937,Kyle Anderson,1610612763,MEM,67,32,35,1330,1521,1252,162,12,25,279,392,196,0.107,0.129
2019-20,1629657,Kyle Guy,1610612758,SAC,3,2,1,10,10,13,1,0,0,3,2,1,0.1,0.1
2019-20,2594,Kyle Korver,1610612749,MIL,57,42,15,942,710,815,65,7,7,119,163,79,0.092,0.111
2019-20,1628398,Kyle Kuzma,1610612747,LAL,61,46,15,1526,1247,1460,80,11,9,154,204,99,0.064,0.079
2019-20,200768,Kyle Lowry,1610612761,TOR,57,40,17,2063,3450,3711,425,45,58,749,1057,524,0.123,0.152
2019-20,203124,Kyle O'Quinn,1610612755,PHI,29,18,11,313,596,409,51,4,4,77,129,60,0.086,0.101
2019-20,202681,Kyrie Irving,1610612751,BKN,20,8,12,658,962,1237,128,17,21,229,333,166,0.133,0.173
2019-20,200746,LaMarcus Aldridge,1610612759,SAS,52,22,30,1717,1886,1938,128,4,13,192,312,142,0.068,0.075
2019-20,202498,Lance Thomas,1610612751,BKN,7,4,3,98,84,61,6,0,0,8,14,5,0.071,0.06
2019-20,1629013,Landry Shamet,1610612746,LAC,53,34,19,1452,1122,1260,99,7,9,175,252,116,0.088,0.103
2019-20,204038,Langston Galloway,1610612765,DET,65,20,45,1682,1135,1369,100,5,10,200,242,112,0.088,0.099
2019-20,1626204,Larry Nance Jr.,1610612739,CLE,56,16,40,1472,1935,1454,123,12,9,255,328,143,0.064,0.074
2019-20,1628374,Lauri Markkanen,1610612741,CHI,50,18,32,1492,1492,1291,74,5,10,127,192,89,0.05,0.06
2019-20,2544,LeBron James,1610612747,LAL,67,50,17,2316,4161,5013,684,53,58,1235,1707,792,0.164,0.19
2019-20,1629022,Lonnie Walker IV,1610612759,SAS,60,28,32,967,759,853,67,11,8,114,180,84,0.088,0.111
2019-20,1628366,Lonzo Ball,1610612740,NOP,62,26,36,1985,4106,3913,432,52,43,784,1126,523,0.105,0.127
2019-20,101150,Lou Williams,1610612746,LAC,65,44,21,1864,2585,3351,365,34,46,613,903,440,0.141,0.17
2019-20,1629663,Louis King,1610612765,DET,10,3,7,62,51,43,5,1,0,8,13,6,0.098,0.118
2019-20,201601,Luc Mbah a Moute,1610612745,HOU,3,1,2,25,20,11,0,0,0,1,0,0,0,0
2019-20,1629652,Luguentz Dort,1610612760,OKC,36,26,10,820,390,505,27,1,3,54,67,31,0.069,0.079
2019-20,1629029,Luka Dončić,1610612742,DAL,59,34,25,1973,3681,4242,517,41,73,976,1343,626,0.14,0.17
2019-20,1629677,Luka Samanic,1610612759,SAS,3,1,2,48,59,42,6,0,1,5,15,7,0.102,0.119
2019-20,1628379,Luke Kennard,1610612765,DET,27,11,16,888,929,1048,111,10,8,201,277,127,0.119,0.137
2019-20,1628436,Luke Kornet,1610612741,CHI,36,11,25,559,538,536,32,3,2,54,80,36,0.059,0.067
2019-20,1627763,Malcolm Brogdon,1610612754,IND,54,34,20,1666,3051,3617,381,40,46,672,950,468,0.125,0.153
2019-20,1626259,Malcolm Miller,1610612761,TOR,28,24,4,162,127,114,11,0,1,12,34,13,0.087,0.102
2019-20,1627736,Malik Beasley,1610612750,MIN,55,30,25,1209,926,1226,75,8,16,124,197,98,0.081,0.106
2019-20,1628370,Malik Monk,1610612766,CHA,54,18,36,1136,1108,1351,109,16,12,233,273,134,0.098,0.121
2019-20,1629005,Malik Newman,1610612739,CLE,1,0,1,4,5,8,0,0,0,0,0,0,0,0
2019-20,201188,Marc Gasol,1610612761,TOR,43,34,9,1145,1875,1513,145,6,14,230,360,163,0.077,0.087
2019-20,201158,Marco Belinelli,1610612759,SAS,56,26,30,875,624,765,69,2,12,98,161,81,0.111,0.13
2019-20,202694,Marcus Morris Sr.,1610612746,LAC,62,26,36,1936,1583,1826,86,10,14,190,215,108,0.054,0.068
2019-20,203935,Marcus Smart,1610612738,BOS,60,39,21,1919,2578,2832,291,28,20,482,723,336,0.113,0.13
2019-20,1629621,Marial Shayok,1610612755,PHI,4,2,2,28,19,28,1,0,1,4,2,2,0.053,0.105
2019-20,1626209,Mario Hezonja,1610612757,POR,52,23,29,866,1080,688,49,5,6,104,131,60,0.045,0.056
2019-20,1628365,Markelle Fultz,1610612753,ORL,72,33,39,1996,3171,3814,369,44,55,753,977,469,0.116,0.148
2019-20,202693,Markieff Morris,1610612747,LAL,57,22,35,1171,1182,1152,76,7,12,125,196,96,0.064,0.081
2019-20,1629741,Marko Guduric,1610612763,MEM,44,19,25,484,475,490,45,5,6,73,109,53,0.095,0.112
2019-20,1629716,Marques Bolden,1610612739,CLE,1,0,1,3,3,0,0,0,0,0,0,0,0,0
2019-20,1627737,Marquese Chriss,1610612744,GSW,59,15,44,1196,1920,1455,114,9,11,224,283,133,0.059,0.069
2019-20,1628963,Marvin Bagley III,1610612758,SAC,13,2,11,334,319,283,10,1,4,19,29,16,0.031,0.05
2019-20,101107,Marvin Williams,1610612749,MIL,57,21,36,1100,1053,866,59,4,6,97,146,65,0.056,0.062
2019-20,203486,Mason Plumlee,1610612743,DEN,61,38,23,1057,1524,1222,154,11,8,255,393,174,0.101,0.114
2019-20,1629680,Matisse Thybulle,1610612755,PHI,65,40,25,1287,845,788,79,6,16,129,197,100,0.093,0.118
2019-20,1629760,Matt Mooney,1610612739,CLE,4,0,4,19,18,14,1,0,0,3,2,1,0.056,0.056
2019-20,1629744,Matt Thomas,1610612761,TOR,40,30,10,436,346,381,22,2,3,55,62,28,0.064,0.081
2019-20,203521,Matthew Dellavedova,1610612739,CLE,57,17,40,821,1372,1474,180,14,11,293,435,198,0.131,0.144
2019-20,203090,Maurice Harkless,1610612752,NYK,62,39,23,1427,1112,749,68,7,12,133,180,87,0.061,0.078
2019-20,1629622,Max Strus,1610612741,CHI,2,0,2,6,5,6,0,0,0,1,0,0,0,0
2019-20,1628467,Maxi Kleber,1610612742,DAL,72,40,32,1832,2006,1569,84,3,7,154,213,93,0.042,0.046
2019-20,1628982,Melvin Frazier Jr.,1610612753,ORL,19,6,13,126,60,70,3,1,2,5,8,6,0.05,0.1
2019-20,203086,Meyers Leonard,1610612748,MIA,51,34,17,1034,1209,859,55,9,2,118,152,66,0.045,0.055
2019-20,1629662,Mfiondu Kabengele,1610612746,LAC,12,9,3,64,70,70,2,1,0,3,5,3,0.029,0.043
2019-20,203487,Michael Carter-Williams,1610612753,ORL,45,21,24,833,911,1051,109,17,5,220,287,130,0.12,0.143
2019-20,1626187,Michael Frazier II,1610612745,HOU,13,7,6,145,76,81,2,0,0,8,6,2,0.026,0.026
2019-20,203077,Michael Kidd-Gilchrist,1610612742,DAL,24,11,13,279,266,202,14,1,2,22,42,17,0.053,0.064
2019-20,1629008,Michael Porter Jr.,1610612743,DEN,55,36,19,903,771,664,46,6,4,73,112,55,0.06,0.071
2019-20,1628969,Mikal Bridges,1610612756,PHX,72,34,38,2010,2032,1537,125,13,17,262,334,155,0.062,0.076
2019-20,201144,Mike Conley,1610612762,UTA,47,26,21,1363,2255,2616,208,24,32,379,534,263,0.092,0.117
2019-20,203488,Mike Muscala,1610612760,OKC,47,26,21,572,909,611,40,3,2,63,103,46,0.044,0.051
2019-20,203118,Mike Scott,1610612755,PHI,68,39,29,1207,1350,908,56,7,7,99,145,70,0.041,0.052
2019-20,1628970,Miles Bridges,1610612766,CHA,64,23,41,1976,1677,1693,114,12,14,214,300,139,0.068,0.083
2019-20,1629011,Mitchell Robinson,1610612752,NYK,61,20,41,1412,1284,812,36,3,4,72,84,43,0.028,0.033
2019-20,1629671,Miye Oni,1610612762,UTA,10,5,5,109,100,105,4,1,1,12,13,6,0.04,0.06
2019-20,1628964,Mo Bamba,1610612753,ORL,62,30,32,878,875,602,42,1,2,74,107,44,0.048,0.05
2019-20,1628420,Monte Morris,1610612743,DEN,73,46,27,1637,2638,2936,255,24,30,451,636,302,0.097,0.114
2019-20,1626149,Montrezl Harrell,1610612746,LAC,63,44,19,1749,2020,1976,107,13,8,188,289,126,0.053,0.062
2019-20,1629021,Moritz Wagner,1610612764,WAS,45,15,30,835,1438,963,56,4,5,94,147,65,0.039,0.045
2019-20,1629650,Moses Brown,1610612757,POR,9,4,5,33,32,21,1,0,0,2,2,1,0.031,0.031
2019-20,1628539,Mychal Mulder,1610612744,GSW,7,3,4,204,125,168,8,1,2,10,19,11,0.064,0.088
2019-20,1626167,Myles Turner,1610612754,IND,62,37,25,1826,1784,1492,72,4,8,108,180,83,0.04,0.047
2019-20,1629642,Nassir Little,1610612757,POR,48,22,26,572,511,317,22,0,1,47,55,23,0.043,0.045
2019-20,1628513,Naz Mitrou-Long,1610612754,IND,5,3,2,47,78,88,8,3,0,17,20,10,0.103,0.128
2019-20,1629675,Naz Reid,1610612750,MIN,30,8,22,495,734,632,35,2,5,68,93,42,0.048,0.057
2019-20,202357,Nemanja Bjelica,1610612758,SAC,71,31,40,1981,2842,2089,201,8,18,347,508,227,0.071,0.08
2019-20,203457,Nerlens Noel,1610612760,OKC,61,38,23,1127,1691,931,57,3,8,91,141,68,0.034,0.04
2019-20,1629651,Nic Claxton,1610612751,BKN,15,5,10,187,196,152,16,0,0,17,37,16,0.082,0.082
2019-20,1629638,Nickeil Alexander-Walker,1610612740,NOP,47,19,28,591,1048,1121,89,19,17,160,242,124,0.085,0.118
2019-20,201587,Nicolas Batum,1610612766,CHA,21,6,15,471,559,414,61,6,3,94,152,68,0.109,0.122
2019-20,1629740,Nicolo Melli,1610612740,NOP,59,26,33,1016,1444,1268,79,4,15,126,208,98,0.055,0.068
2019-20,1628430,Nigel Williams-Goss,1610612762,UTA,10,6,4,50,66,69,6,0,1,15,12,6,0.091,0.091
2019-20,203999,Nikola Jokić,1610612743,DEN,73,46,27,2335,5490,4590,512,48,32,811,1262,590,0.093,0.107
2019-20,202696,Nikola Vučević,1610612753,ORL,62,28,34,1998,2982,2664,222,27,21,409,585,270,0.074,0.091
2019-20,203943,Noah Vonleh,1610612743,DEN,36,13,23,378,615,352,28,1,4,54,67,32,0.046,0.052
2019-20,1626181,Norman Powell,1610612761,TOR,51,39,12,1436,1083,1411,86,9,26,160,220,119,0.079,0.11
2019-20,203658,Norvel Pelle,1610612755,PHI,24,12,12,232,242,138,8,0,0,12,19,8,0.033,0.033
2019-20,1628384,OG Anunoby,1610612761,TOR,68,49,19,2027,1588,1423,108,6,16,204,291,130,0.068,0.082
2019-20,1629016,Omari Spellman,1610612750,MIN,49,11,38,886,965,921,47,15,7,118,128,67,0.049,0.069
2019-20,1629052,Oshae Brissett,1610612761,TOR,19,15,4,135,130,103,7,2,1,15,24,10,0.054,0.077
2019-20,203490,Otto Porter Jr.,1610612741,CHI,14,5,9,331,272,320,25,6,1,51,65,32,0.092,0.118
2019-20,200782,P.J. Tucker,1610612745,HOU,72,44,28,2467,2290,1313,115,10,16,218,299,138,0.05,0.06
2019-20,1629023,P.J. Washington,1610612766,CHA,57,22,35,1739,1962,1701,120,9,13,216,321,141,0.061,0.072
2019-20,1628408,PJ Dozier,1610612743,DEN,29,18,11,412,539,619,63,8,2,109,168,73,0.117,0.135
2019-20,1627783,Pascal Siakam,1610612761,TOR,59,45,14,2072,2515,2744,202,16,50,434,546,269,0.08,0.107
2019-20,1626192,Pat Connaughton,1610612749,MIL,66,52,14,1234,1461,1202,106,11,16,212,285,133,0.073,0.091
2019-20,201976,Patrick Beverley,1610612746,LAC,51,38,13,1342,2152,1990,183,13,24,348,492,219,0.085,0.102
2019-20,1627775,Patrick McCaw,1610612761,TOR,36,26,10,891,981,871,78,5,7,158,200,90,0.08,0.092
2019-20,202335,Patrick Patterson,1610612746,LAC,59,39,20,776,667,519,41,0,4,56,101,45,0.061,0.067
2019-20,201988,Patty Mills,1610612759,SAS,65,27,38,1453,1151,1585,117,14,33,200,295,164,0.102,0.142
2019-20,202331,Paul George,1610612746,LAC,48,34,14,1419,1419,1862,185,26,23,313,488,232,0.13,0.163
2019-20,200794,Paul Millsap,1610612743,DEN,51,30,21,1240,1090,998,83,3,9,133,205,95,0.076,0.087
2019-20,1628778,Paul Watson,1610612761,TOR,10,7,3,87,76,80,8,0,0,14,19,8,0.105,0.105
2019-20,1626188,Quinn Cook,1610612747,LAL,44,31,13,508,587,725,49,5,4,86,107,50,0.083,0.085
2019-20,1629683,Quinndary Weatherspoon,1610612759,SAS,11,5,6,78,91,97,11,0,1,17,29,12,0.121,0.132
2019-20,1629628,RJ Barrett,1610612752,NYK,56,17,39,1704,1405,1930,143,15,19,259,351,178,0.102,0.127
2019-20,200765,Rajon Rondo,1610612747,LAL,48,37,11,984,1886,2007,240,33,20,488,627,293,0.127,0.155
2019-20,203526,Raul Neto,1610612755,PHI,54,29,25,668,1204,1319,95,13,13,187,247,119,0.079,0.099
2019-20,1629730,Rayjon Tucker,1610612762,UTA,20,12,8,161,134,138,5,0,0,14,13,5,0.037,0.037
2019-20,203493,Reggie Bullock Jr.,1610612752,NYK,29,9,20,684,682,695,42,5,2,71,105,48,0.062,0.07
2019-20,202704,Reggie Jackson,1610612746,LAC,31,16,15,743,1192,1362,126,15,15,250,330,155,0.106,0.13
2019-20,1626158,Richaun Holmes,1610612758,SAC,43,16,27,1223,1070,795,40,6,8,82,107,54,0.037,0.05
2019-20,201937,Ricky Rubio,1610612756,PHX,64,32,32,1979,3818,4163,557,68,45,1012,1398,667,0.146,0.175
2019-20,203496,Robert Covington,1610612745,HOU,70,27,43,2137,2634,1784,88,5,14,171,231,109,0.033,0.041
2019-20,1629057,Robert Williams III,1610612738,BOS,29,19,10,388,383,315,27,1,1,39,72,31,0.07,0.081
2019-20,201577,Robin Lopez,1610612749,MIL,66,51,15,958,657,692,45,3,8,92,116,54,0.068,0.082
2019-20,1629066,Rodions Kurucs,1610612751,BKN,47,18,29,684,728,518,51,5,9,99,135,63,0.07,0.087
2019-20,203918,Rodney Hood,1610612757,POR,21,8,13,619,498,443,32,4,10,79,93,46,0.064,0.092
2019-20,203585,Rodney McGruder,1610612746,LAC,56,38,18,871,581,481,36,4,7,86,95,46,0.062,0.079
2019-20,1629641,Romeo Langford,1610612738,BOS,32,22,10,370,199,196,13,1,4,18,36,18,0.065,0.09
2019-20,1626178,Rondae Hollis-Jefferson,1610612761,TOR,59,42,17,1116,1532,1090,105,8,17,210,285,129,0.069,0.084
2019-20,1626220,Royce O'Neale,1610612762,UTA,71,44,27,2049,2845,2004,180,12,21,288,483,213,0.063,0.075
2019-20,200752,Rudy Gay,1610612759,SAS,66,29,37,1429,1699,1327,111,11,8,190,272,129,0.065,0.076
2019-20,203497,Rudy Gobert,1610612762,UTA,68,42,26,2333,3219,2096,101,6,13,169,267,120,0.031,0.037
2019-20,1629060,Rui Hachimura,1610612764,WAS,48,15,33,1444,1657,1374,87,4,11,170,233,103,0.053,0.062
2019-20,201566,Russell Westbrook,1610612745,HOU,57,36,21,2049,2545,3390,401,44,29,886,1095,475,0.158,0.187
2019-20,201583,Ryan Anderson,1610612745,HOU,2,1,1,14,8,3,2,0,0,0,0,0,0.25,0
2019-20,1627853,Ryan Arcidiacono,1610612741,CHI,58,21,37,930,1125,1080,96,3,10,208,242,109,0.085,0.097
2019-20,1629151,Ryan Broekhoff,1610612755,PHI,16,9,7,178,169,136,11,0,3,8,27,13,0.065,0.077
2019-20,1629635,Sekou Doumbouya,1610612765,DET,38,10,28,754,720,546,19,3,6,41,50,28,0.026,0.039
2019-20,1628400,Semi Ojeleye,1610612738,BOS,69,46,23,1011,1036,563,37,4,3,70,93,44,0.036,0.042
2019-20,201586,Serge Ibaka,1610612761,TOR,54,39,15,1449,1584,1519,72,2,12,139,190,86,0.045,0.054
2019-20,203552,Seth Curry,1610612742,DAL,62,36,26,1505,1265,1542,116,17,26,228,315,158,0.092,0.125
2019-20,203894,Shabazz Napier,1610612764,WAS,56,16,40,1345,2531,2780,262,28,17,538,688,302,0.104,0.119
2019-20,1628983,Shai Gilgeous-Alexander,1610612760,OKC,70,43,27,2428,2707,3323,232,18,42,471,599,293,0.086,0.108
2019-20,1629003,Shake Milton,1610612755,PHI,40,23,17,805,1071,1254,104,8,24,166,260,133,0.097,0.124
2019-20,1629044,Shamorie Ponds,1610612761,TOR,4,4,0,11,16,20,2,0,0,4,6,2,0.125,0.125
2019-20,1627885,Shaquille Harrison,1610612741,CHI,43,14,29,484,547,482,49,3,6,82,125,56,0.09,0.102
2019-20,1628414,Sindarius Thornwell,1610612740,NOP,2,0,2,35,46,45,4,0,0,9,8,4,0.087,0.087
2019-20,1627746,Skal Labissiere,1610612737,ATL,33,14,19,567,538,404,42,2,4,66,104,47,0.078,0.087
2019-20,203524,Solomon Hill,1610612748,MIA,59,29,30,1088,1254,1059,104,7,8,175,254,114,0.083,0.091
2019-20,203915,Spencer Dinwiddie,1610612751,BKN,64,30,34,1994,2982,4030,432,22,45,787,1074,496,0.145,0.166
2019-20,1626169,Stanley Johnson,1610612761,TOR,25,19,6,150,216,196,20,0,2,29,50,21,0.093,0.097
2019-20,1629742,Stanton Kidd,1610612762,UTA,4,3,1,15,13,14,1,0,0,1,2,1,0.077,0.077
2019-20,201939,Stephen Curry,1610612744,GSW,5,1,4,139,264,312,33,7,6,59,89,46,0.125,0.174
2019-20,1628425,Sterling Brown,1610612749,MIL,52,39,13,767,783,731,51,6,8,113,131,64,0.065,0.082
2019-20,203500,Steven Adams,1610612760,OKC,63,40,23,1681,2706,1664,146,13,14,229,364,171,0.054,0.063
2019-20,1629004,Svi Mykhailiuk,1610612765,DET,55,17,38,1253,1091,1155,105,14,14,193,260,127,0.096,0.116
2019-20,1628388,T.J. Leaf,1610612754,IND,28,16,12,222,242,152,9,1,1,18,25,11,0.037,0.045
2019-20,204456,T.J. McConnell,1610612754,IND,71,44,27,1326,2577,2872,355,43,40,728,925,437,0.138,0.17
2019-20,203933,T.J. Warren,1610612754,IND,67,42,25,2202,1695,2107,99,8,15,187,246,122,0.058,0.072
2019-20,1629605,Tacko Fall,1610612738,BOS,7,5,2,33,21,24,1,0,0,2,2,1,0.048,0.048
2019-20,201959,Taj Gibson,1610612752,NYK,62,21,41,1025,1292,879,52,4,1,111,136,55,0.04,0.043
2019-20,1629659,Talen Horton-Tucker,1610612747,LAL,6,2,4,81,106,99,6,2,5,15,13,12,0.057,0.113
2019-20,1629745,Tariq Owens,1610612756,PHX,3,0,3,15,16,10,0,0,1,1,0,1,0,0.063
2019-20,1627752,Taurean Prince,1610612751,BKN,64,30,34,1857,1895,1665,116,10,17,194,288,141,0.061,0.074
2019-20,1629611,Terance Mann,1610612746,LAC,41,27,14,362,568,529,53,6,6,112,147,65,0.093,0.114
2019-20,1629056,Terence Davis,1610612761,TOR,71,52,19,1203,1360,1407,115,16,14,238,313,145,0.085,0.107
2019-20,1628390,Terrance Ferguson,1610612760,OKC,56,33,23,1257,533,662,51,3,11,80,129,63,0.096,0.118
2019-20,203082,Terrence Ross,1610612753,ORL,69,31,38,1889,1014,1550,82,8,13,180,207,101,0.081,0.1
2019-20,1626179,Terry Rozier,1610612766,CHA,62,21,41,2127,3068,3783,254,35,53,534,665,342,0.083,0.111
2019-20,200757,Thabo Sefolosha,1610612745,HOU,41,27,14,436,412,226,25,0,1,37,67,26,0.061,0.063
2019-20,201152,Thaddeus Young,1610612741,CHI,64,22,42,1591,2044,1608,117,9,16,240,297,142,0.057,0.069
2019-20,203648,Thanasis Antetokounmpo,1610612749,MIL,19,15,4,128,123,119,15,0,1,19,38,16,0.122,0.13
2019-20,1629033,Theo Pinson,1610612752,NYK,33,15,18,365,569,644,56,6,7,104,148,69,0.098,0.121
2019-20,1628418,Thomas Bryant,1610612764,WAS,46,15,31,1147,1698,1274,83,6,6,136,203,96,0.049,0.057
2019-20,1627748,Thon Maker,1610612765,DET,59,20,39,774,949,681,43,1,6,84,109,50,0.045,0.053
2019-20,204025,Tim Frazier,1610612765,DET,26,9,17,353,714,792,91,13,9,177,242,113,0.127,0.158
2019-20,203501,Tim Hardaway Jr.,1610612742,DAL,69,39,30,2027,1701,2109,133,14,22,269,356,170,0.078,0.1
2019-20,1627789,Timothe Luwawu-Cabarrot,1610612751,BKN,47,20,27,853,722,673,29,5,10,78,74,44,0.04,0.061
2019-20,202699,Tobias Harris,1610612755,PHI,72,43,29,2469,2869,3001,227,23,41,459,578,289,0.079,0.101
2019-20,203107,Tomas Satoransky,1610612741,CHI,65,22,43,1878,3269,3268,354,40,28,671,930,422,0.108,0.129
2019-20,1628396,Tony Bradley,1610612762,UTA,58,36,22,663,741,441,23,1,1,48,66,25,0.031,0.034
2019-20,203503,Tony Snell,1610612765,DET,58,18,40,1613,1591,1250,127,18,17,245,325,159,0.08,0.1
2019-20,1628470,Torrey Craig,1610612743,DEN,58,38,20,1072,759,674,47,4,6,89,114,56,0.062,0.074
2019-20,1629027,Trae Young,1610612737,ATL,60,18,42,2120,3195,4523,560,57,59,1039,1391,677,0.175,0.212
2019-20,1629682,Tremont Waters,1610612738,BOS,11,8,3,119,165,202,16,4,0,30,46,20,0.097,0.121
2019-20,1626203,Treveon Graham,1610612737,ATL,55,21,34,929,880,713,45,5,3,90,113,50,0.051,0.057
2019-20,2772,Trevor Ariza,1610612757,POR,52,21,31,1453,1213,1034,86,9,13,179,225,106,0.071,0.087
2019-20,203504,Trey Burke,1610612742,DAL,33,16,17,520,748,888,83,4,9,140,209,96,0.111,0.128
2019-20,1626168,Trey Lyles,1610612759,SAS,62,26,36,1254,1893,986,67,10,5,130,177,82,0.035,0.043
2019-20,202684,Tristan Thompson,1610612739,CLE,57,19,38,1722,2239,1726,120,15,12,234,322,147,0.054,0.066
2019-20,1628972,Troy Brown Jr.,1610612764,WAS,69,24,45,1782,1891,1815,178,17,18,325,447,210,0.094,0.111
2019-20,203584,Troy Daniels,1610612743,DEN,47,34,13,532,284,349,17,2,6,23,39,23,0.06,0.081
2019-20,1629660,Ty Jerome,1610612756,PHX,31,16,15,328,504,532,44,5,3,99,122,52,0.087,0.103
2019-20,1629076,Tyler Cook,1610612743,DEN,13,3,10,54,50,34,1,0,0,3,2,1,0.02,0.02
2019-20,1629639,Tyler Herro,1610612748,MIA,55,34,21,1508,1596,1719,121,16,23,245,323,160,0.076,0.1
2019-20,204020,Tyler Johnson,1610612751,BKN,38,16,22,694,908,1031,73,11,18,154,198,101,0.08,0.111
2019-20,203092,Tyler Zeller,1610612759,SAS,2,1,1,4,2,2,0,1,0,1,2,1,0,0.5
2019-20,1627820,Tyrone Wallace,1610612737,ATL,14,3,11,160,167,176,13,2,1,27,31,14,0.078,0.084
2019-20,2199,Tyson Chandler,1610612745,HOU,26,15,11,219,221,90,6,1,1,15,12,7,0.027,0.032
2019-20,1626145,Tyus Jones,1610612763,MEM,65,32,33,1232,2276,2511,285,17,32,484,719,331,0.125,0.145
2019-20,2617,Udonis Haslem,1610612748,MIA,4,3,1,44,67,52,1,0,0,6,2,1,0.015,0.015
2019-20,1629724,Vic Law,1610612753,ORL,8,2,6,62,76,42,3,1,0,4,10,4,0.039,0.053
2019-20,203506,Victor Oladipo,1610612754,IND,19,11,8,528,516,692,56,9,6,100,138,70,0.109,0.136
2019-20,1713,Vince Carter,1610612737,ATL,60,19,41,876,925,790,48,1,7,103,109,53,0.052,0.057
2019-20,1629738,Vincent Poirier,1610612738,BOS,22,18,4,130,138,112,8,1,0,15,24,9,0.058,0.065
2019-20,1628427,Vlatko Cancar,1610612743,DEN,14,7,7,45,40,36,3,0,0,2,6,3,0.075,0.075
2019-20,201961,Wayne Ellington,1610612752,NYK,36,9,27,558,453,529,44,3,5,53,107,49,0.097,0.108
2019-20,1628976,Wendell Carter Jr.,1610612741,CHI,43,15,28,1256,1212,987,51,8,5,122,149,65,0.042,0.054
2019-20,1629117,Wenyen Gabriel,1610612757,POR,29,9,20,228,206,119,8,2,1,14,20,11,0.039,0.053
2019-20,1628411,Wes Iwundu,1610612753,ORL,52,23,29,953,662,649,60,6,3,113,161,71,0.091,0.107
2019-20,202083,Wesley Matthews,1610612749,MIL,66,51,15,1617,974,1110,91,8,4,133,233,103,0.093,0.106
2019-20,203115,Will Barton,1610612743,DEN,58,38,20,1916,2239,2412,212,23,21,386,529,257,0.095,0.115
2019-20,1629739,William Howard,1610612745,HOU,2,1,1,13,14,9,1,1,0,1,5,2,0.071,0.143
2019-20,1626161,Willie Cauley-Stein,1610612742,DAL,53,15,38,1082,1300,976,70,4,13,144,175,87,0.054,0.067
2019-20,1626195,Willy Hernangomez,1610612766,CHA,30,7,23,367,607,466,28,4,2,44,72,33,0.046,0.054
2019-20,201163,Wilson Chandler,1610612751,BKN,35,16,19,734,891,595,39,3,6,84,106,48,0.044,0.054
2019-20,1627812,Yogi Ferrell,1610612758,SAC,50,20,30,530,689,821,69,14,5,154,186,85,0.1,0.123
2019-20,1629139,Yuta Watanabe,1610612763,MEM,18,9,9,105,96,95,5,0,1,14,12,6,0.052,0.063
2019-20,1628380,Zach Collins,1610612757,POR,11,8,3,290,252,187,16,2,3,25,41,21,0.063,0.083
2019-20,203897,Zach LaVine,1610612741,CHI,60,20,40,2085,2361,3212,254,40,42,508,678,334,0.108,0.141
2019-20,1629668,Zach Norvell Jr.,1610612744,GSW,5,2,3,41,37,37,3,0,1,6,8,4,0.081,0.108
2019-20,1629015,Zhaire Smith,1610612755,PHI,7,3,4,32,10,20,2,0,0,3,6,2,0.2,0.2
2019-20,1629627,Zion Williamson,1610612740,NOP,23,11,12,633,531,698,47,1,3,73,114,49,0.089,0.092
2019-20,1629597,Zylan Cheatham,1610612740,NOP,4,2,2,51,55,32,3,0,0,4,7,3,0.055,0.055
2020-21,203932,Aaron Gordon,1610612743,DEN,50,29,21,1384,1644,1701,161,13,30,286,406,202,0.098,0.123
2020-21,1628988,Aaron Holiday,1610612754,IND,66,30,36,1176,1020,1351,123,17,19,217,327,161,0.121,0.158
2020-21,1630174,Aaron Nesmith,1610612738,BOS,46,22,24,669,536,416,23,1,4,46,57,28,0.043,0.052
2020-21,1627846,Abdel Nader,1610612756,PHX,24,16,8,355,226,270,19,2,1,27,50,22,0.084,0.097
2020-21,1629690,Adam Mokoka,1610612741,CHI,14,3,11,56,33,44,5,0,1,8,12,6,0.152,0.182
2020-21,201143,Al Horford,1610612738,BOS,28,11,17,782,1079,1112,94,9,3,146,240,105,0.087,0.097
2020-21,202329,Al-Farouq Aminu,1610612741,CHI,23,5,18,434,548,318,31,3,5,70,80,39,0.057,0.071
2020-21,202692,Alec Burks,1610612752,NYK,49,27,22,1255,1241,1400,107,9,14,164,276,128,0.086,0.103
2020-21,1630197,Aleksej Pokusevski,1610612760,OKC,45,13,32,1090,1310,1178,97,11,16,176,250,123,0.074,0.094
2020-21,1629346,Alen Smailagic,1610612744,GSW,15,10,5,84,103,68,4,0,0,10,9,4,0.039,0.039
2020-21,1627936,Alex Caruso,1610612747,LAL,58,32,26,1216,2043,1863,160,22,22,318,417,203,0.078,0.099
2020-21,203458,Alex Len,1610612764,WAS,64,30,34,979,1010,757,49,7,6,88,140,62,0.049,0.061
2020-21,1628035,Alfonzo McKinnie,1610612747,LAL,39,22,17,258,206,184,6,0,2,9,15,8,0.029,0.039
2020-21,1628993,Alize Johnson,1610612751,BKN,18,10,8,189,195,131,14,1,0,24,37,15,0.072,0.077
2020-21,1628578,Amida Brimah,1610612754,IND,5,2,3,29,31,24,1,0,0,2,2,1,0.032,0.032
2020-21,1629599,Amir Coffey,1610612746,LAC,44,32,12,395,321,351,22,3,2,51,63,28,0.069,0.087
2020-21,2760,Anderson Varejao,1610612739,CLE,5,1,4,36,59,35,3,0,1,6,8,4,0.051,0.068
2020-21,203083,Andre Drummond,1610612747,LAL,46,19,27,1242,1602,1294,94,5,15,158,227,114,0.059,0.071
2020-21,2738,Andre Iguodala,1610612748,MIA,63,37,26,1339,1847,1372,142,27,8,296,396,177,0.077,0.096
2020-21,203460,Andre Roberson,1610612751,BKN,5,4,1,63,66,33,4,0,0,6,9,4,0.061,0.061
2020-21,203952,Andrew Wiggins,1610612744,GSW,71,38,33,2364,2024,2584,167,8,40,339,438,211,0.083,0.104
2020-21,1629014,Anfernee Simons,1610612757,POR,64,37,27,1104,1297,1350,89,7,5,177,242,100,0.069,0.077
2020-21,203076,Anthony Davis,1610612747,LAL,36,23,13,1162,1379,1509,110,8,19,198,283,138,0.08,0.1
2020-21,1630162,Anthony Edwards,1610612750,MIN,72,23,49,2314,2304,2911,211,24,32,453,575,269,0.092,0.117
2020-21,1630264,Anthony Gill,1610612764,WAS,26,11,15,218,216,155,11,2,3,17,29,16,0.051,0.074
2020-21,1630237,Anthony Lamb,1610612745,HOU,24,3,21,415,460,375,23,5,9,71,66,37,0.05,0.08
2020-21,201229,Anthony Tolliver,1610612755,PHI,11,7,4,99,71,64,2,1,2,6,5,5,0.028,0.07
2020-21,1628394,Anžejs Pasečņiks,1610612764,WAS,1,1,0,6,15,14,1,0,0,1,0,0,0.067,0
2020-21,1629717,Armoni Brooks,1610612745,HOU,20,3,17,520,503,599,30,3,12,72,81,45,0.06,0.089
2020-21,203382,Aron Baynes,1610612761,TOR,53,20,33,980,1085,835,47,1,2,78,120,50,0.043,0.046
2020-21,1630204,Ashton Hagans,1610612750,MIN,2,0,2,4,2,3,0,0,0,0,0,0,0,0
2020-21,203085,Austin Rivers,1610612743,DEN,36,20,16,845,864,942,81,10,12,155,218,103,0.094,0.119
2020-21,202340,Avery Bradley,1610612745,HOU,27,6,21,602,573,623,46,9,7,96,128,62,0.08,0.108
2020-21,1626253,Axel Toupane,1610612749,MIL,8,2,6,61,48,36,4,0,0,5,10,4,0.083,0.083
2020-21,1628389,Bam Adebayo,1610612748,MIA,64,34,30,2143,2853,3022,346,22,21,631,918,388,0.121,0.136
2020-21,203463,Ben McLemore,1610612747,LAL,53,20,33,905,754,829,39,3,5,69,96,44,0.052,0.058
2020-21,1627732,Ben Simmons,1610612755,PHI,58,42,16,1877,3715,3817,401,37,37,736,1076,472,0.108,0.127
2020-21,202687,Bismack Biyombo,1610612766,CHA,66,28,38,1349,1317,1000,81,3,13,119,201,98,0.062,0.074
2020-21,201933,Blake Griffin,1610612751,BKN,46,24,22,1187,1588,1454,140,9,10,237,366,156,0.088,0.098
2020-21,1626246,Boban Marjanovic,1610612742,DAL,33,14,19,271,298,229,10,1,3,24,22,14,0.034,0.047
2020-21,1626171,Bobby Portis Jr.,1610612749,MIL,66,44,22,1372,1564,1063,71,7,10,135,194,88,0.045,0.056
2020-21,203992,Bogdan Bogdanović,1610612737,ATL,44,30,14,1305,1363,1563,147,23,20,288,393,189,0.108,0.139
2020-21,202711,Bojan Bogdanovic,1610612762,UTA,72,52,20,2216,1733,2198,136,5,25,237,361,165,0.078,0.095
2020-21,1629626,Bol Bol,1610612743,DEN,32,21,11,160,121,125,7,0,0,11,17,7,0.058,0.058
2020-21,202954,Brad Wanamaker,1610612766,CHA,61,29,32,1053,1749,1840,174,12,19,303,454,205,0.099,0.117
2020-21,203078,Bradley Beal,1610612764,WAS,60,32,28,2147,2270,3208,265,37,35,512,682,332,0.117,0.146
2020-21,1629634,Brandon Clarke,1610612763,MEM,59,32,27,1415,1195,1108,95,8,15,144,234,116,0.079,0.097
2020-21,1629164,Brandon Goodwin,1610612737,ATL,47,25,22,620,1065,1192,95,9,11,181,249,115,0.089,0.108
2020-21,1627742,Brandon Ingram,1610612740,NOP,61,29,32,2092,2306,2998,296,28,55,542,748,379,0.128,0.164
2020-21,1628968,Brian Bowen II,1610612754,IND,6,1,5,15,11,6,0,0,1,0,0,1,0,0.091
2020-21,1630271,Brodric Thomas,1610612739,CLE,32,6,26,399,405,400,30,6,5,67,76,39,0.074,0.096
2020-21,201572,Brook Lopez,1610612749,MIL,70,46,24,1902,1192,1218,50,1,9,83,125,59,0.042,0.049
2020-21,1628971,Bruce Brown,1610612751,BKN,65,45,20,1451,1400,1140,104,5,13,179,277,122,0.074,0.087
2020-21,203998,Bruno Caboclo,1610612745,HOU,6,1,5,36,51,42,1,1,0,4,3,2,0.02,0.039
2020-21,1628981,Bruno Fernando,1610612737,ATL,33,20,13,226,272,160,10,0,0,17,23,10,0.037,0.037
2020-21,1627854,Bryn Forbes,1610612749,MIL,70,45,25,1354,754,1111,45,9,10,107,130,64,0.06,0.085
2020-21,1627741,Buddy Hield,1610612758,SAC,71,31,40,2433,2623,2915,257,24,31,397,624,309,0.098,0.118
2020-21,1629604,CJ Elleby,1610612757,POR,30,19,11,192,174,178,10,1,1,14,25,12,0.057,0.069
2020-21,203468,CJ McCollum,1610612757,POR,47,28,19,1600,1963,2486,223,18,44,406,598,285,0.114,0.145
2020-21,1628997,Caleb Martin,1610612766,CHA,53,23,30,818,771,763,67,8,13,120,177,88,0.087,0.114
2020-21,1629629,Cam Reddish,1610612737,ATL,26,10,16,750,545,665,35,1,7,64,87,43,0.064,0.079
2020-21,1629244,Cam Reynolds,1610612745,HOU,5,3,2,40,28,38,2,0,0,6,6,2,0.071,0.071
2020-21,1629661,Cameron Johnson,1610612756,PHX,60,43,17,1437,1308,1248,86,8,14,158,224,108,0.066,0.083
2020-21,1628419,Cameron Oliver,1610612745,HOU,4,1,3,87,128,88,5,0,1,9,14,6,0.039,0.047
2020-21,1626166,Cameron Payne,1610612756,PHX,60,42,18,1079,2162,2154,217,21,28,409,563,263,0.1,0.122
2020-21,1627747,Caris LeVert,1610612754,IND,47,24,23,1485,1861,2403,245,20,30,384,622,294,0.132,0.158
2020-21,2546,Carmelo Anthony,1610612757,POR,69,39,30,1690,1123,1508,104,6,5,171,265,112,0.093,0.1
2020-21,1629035,Carsen Edwards,1610612738,BOS,31,14,17,276,227,266,14,2,2,22,40,18,0.062,0.079
2020-21,1630199,Cassius Stanley,1610612754,IND,24,10,14,93,73,93,1,3,0,10,7,4,0.014,0.055
2020-21,1630216,Cassius Winston,1610612764,WAS,22,10,12,98,167,189,12,1,0,22,23,11,0.072,0.066
2020-21,1626224,Cedi Osman,1610612739,CLE,59,17,42,1511,1773,1957,174,19,25,314,447,217,0.098,0.122
2020-21,1628990,Chandler Hutchison,1610612764,WAS,25,11,14,346,288,225,17,3,1,27,45,21,0.059,0.073
2020-21,1629718,Charlie Brown Jr.,1610612760,OKC,9,1,8,152,87,77,9,3,1,15,17,10,0.103,0.115
2020-21,1626184,Chasson Randle,1610612753,ORL,41,10,31,837,1293,1472,74,11,7,182,200,93,0.057,0.072
2020-21,1629002,Chimezie Metu,1610612758,SAC,36,14,22,488,574,460,28,2,3,48,72,33,0.049,0.057
2020-21,1628449,Chris Boucher,1610612761,TOR,60,25,35,1453,1622,1249,63,2,7,93,167,73,0.039,0.045
2020-21,1629185,Chris Chiozza,1610612751,BKN,22,12,10,232,444,499,65,3,5,121,154,72,0.146,0.162
2020-21,101108,Chris Paul,1610612756,PHX,70,49,21,2200,4102,4530,622,57,67,1209,1566,730,0.152,0.178
2020-21,1629735,Chris Silva,1610612758,SAC,15,8,7,92,130,81,6,0,0,17,15,6,0.046,0.046
2020-21,1626174,Christian Wood,1610612745,HOU,41,12,29,1326,1642,1506,71,5,11,142,188,87,0.043,0.053
2020-21,1629643,Chuma Okeke,1610612753,ORL,45,15,30,1133,1373,974,101,10,7,188,259,117,0.074,0.085
2020-21,203991,Clint Capela,1610612737,ATL,63,34,29,1898,2061,1272,49,11,18,104,143,80,0.024,0.039
2020-21,1629632,Coby White,1610612741,CHI,69,30,39,2156,3304,4014,328,25,69,609,845,420,0.099,0.127
2020-21,1628998,Cody Martin,1610612766,CHA,52,26,26,849,888,678,86,10,12,166,227,108,0.097,0.122
2020-21,203469,Cody Zeller,1610612766,CHA,48,21,27,1005,1205,946,86,10,9,140,226,104,0.071,0.086
2020-21,1630175,Cole Anthony,1610612753,ORL,47,13,34,1273,2011,2447,192,22,24,394,498,236,0.095,0.117
2020-21,1629012,Collin Sexton,1610612739,CLE,60,18,42,2115,2951,4100,262,32,46,554,674,338,0.089,0.115
2020-21,202709,Cory Joseph,1610612765,DET,63,25,38,1446,1988,2214,213,23,23,400,550,255,0.107,0.128
2020-21,1626245,Cristiano Felicio,1610612741,CHI,18,6,12,84,157,95,9,0,0,12,18,9,0.057,0.057
2020-21,1626156,D'Angelo Russell,1610612750,MIN,42,16,26,1196,1943,2451,244,28,27,443,630,296,0.126,0.152
2020-21,201571,D.J. Augustin,1610612745,HOU,57,28,29,1129,1610,1891,188,23,16,375,483,226,0.117,0.14
2020-21,1628391,D.J. Wilson,1610612745,HOU,35,13,22,433,499,387,23,2,4,46,61,29,0.046,0.058
2020-21,1629610,DaQuan Jeffries,1610612759,SAS,31,6,25,493,359,299,22,2,4,50,60,28,0.061,0.078
2020-21,1629751,Dakota Mathias,1610612755,PHI,8,4,4,123,125,149,13,1,0,28,31,14,0.104,0.112
2020-21,1627745,Damian Jones,1610612758,SAC,39,24,15,546,514,410,29,0,4,61,75,33,0.056,0.064
2020-21,203081,Damian Lillard,1610612757,POR,67,39,28,2398,3467,4656,505,50,67,972,1328,610,0.146,0.176
2020-21,1627814,Damion Lee,1610612744,GSW,57,28,29,1079,1346,1030,73,7,18,136,192,98,0.054,0.073
2020-21,1628422,Damyean Dotson,1610612739,CLE,46,14,32,907,1122,1285,91,9,10,181,227,109,0.081,0.097
2020-21,1629655,Daniel Gafford,1610612764,WAS,54,31,23,791,855,498,29,6,3,48,79,38,0.034,0.044
2020-21,1630187,Daniel Oturu,1610612746,LAC,30,21,9,161,124,101,10,0,0,16,17,7,0.081,0.056
2020-21,1628464,Daniel Theis,1610612741,CHI,65,28,37,1601,1765,1419,108,8,11,171,273,127,0.061,0.072
2020-21,201568,Danilo Gallinari,1610612737,ATL,51,29,22,1222,1475,1326,76,12,7,153,210,96,0.052,0.065
2020-21,201980,Danny Green,1610612755,PHI,69,46,23,1934,1959,1582,118,12,15,156,302,146,0.06,0.075
2020-21,203957,Dante Exum,1610612745,HOU,6,3,3,116,150,139,13,1,0,25,24,12,0.087,0.08
2020-21,1627863,Danuel House Jr.,1610612745,HOU,36,8,28,932,959,866,69,7,14,143,190,90,0.072,0.094
2020-21,203967,Dario Saric,1610612756,PHX,50,37,13,870,1157,1058,65,5,15,126,164,84,0.056,0.073
2020-21,1629647,Darius Bazley,1610612760,OKC,55,16,39,1714,1997,1644,99,11,20,185,260,131,0.05,0.066
2020-21,1629636,Darius Garland,1610612739,CLE,54,18,36,1790,3004,3684,329,52,37,613,834,417,0.11,0.139
2020-21,203121,Darius Miller,1610612760,OKC,18,5,13,197,173,173,21,2,2,37,51,24,0.121,0.139
2020-21,1628021,David Nwaba,1610612745,HOU,30,8,22,679,421,424,31,2,2,73,74,31,0.074,0.074
2020-21,202722,Davis Bertans,1610612764,WAS,57,29,28,1464,1074,977,49,3,10,66,112,61,0.046,0.057
2020-21,1628368,De'Aaron Fox,1610612758,SAC,58,24,34,2036,3406,4354,417,38,39,791,1031,478,0.122,0.14
2020-21,1629631,De'Andre Hunter,1610612737,ATL,23,12,11,678,545,621,44,4,3,92,121,51,0.081,0.094
2020-21,1629001,De'Anthony Melton,1610612763,MEM,52,27,25,1045,1195,1232,132,17,20,241,325,164,0.11,0.137
2020-21,201599,DeAndre Jordan,1610612751,BKN,57,37,20,1246,1364,910,93,7,10,153,228,109,0.068,0.08
2020-21,1627761,DeAndre' Bembry,1610612761,TOR,51,23,28,972,1305,1211,107,10,10,224,280,124,0.082,0.095
2020-21,201942,DeMar DeRozan,1610612759,SAS,61,27,34,2056,2292,3152,422,24,39,762,1074,474,0.184,0.207
2020-21,202326,DeMarcus Cousins,1610612746,LAC,41,22,19,713,1081,890,76,8,14,133,179,90,0.07,0.083
2020-21,1629731,Dean Wade,1610612739,CLE,63,19,44,1212,1469,1058,74,10,11,146,186,93,0.05,0.063
2020-21,1629028,Deandre Ayton,1610612756,PHX,69,48,21,2115,2288,1706,99,8,16,185,258,123,0.043,0.054
2020-21,1629686,Deividas Sirvydis,1610612765,DET,20,8,12,133,126,105,5,1,1,10,15,7,0.04,0.056
2020-21,1627749,Dejounte Murray,1610612759,SAS,67,32,35,2139,3364,3525,363,27,39,640,897,428,0.108,0.127
2020-21,1626153,Delon Wright,1610612758,SAC,63,21,42,1748,2902,2887,278,16,32,556,732,324,0.096,0.112
2020-21,1630166,Deni Avdija,1610612764,WAS,54,25,29,1257,1286,818,63,6,14,106,151,81,0.049,0.063
2020-21,203471,Dennis Schröder,1610612747,LAL,61,38,23,1956,3590,4226,351,43,86,666,934,480,0.098,0.134
2020-21,1628372,Dennis Smith Jr.,1610612765,DET,23,7,16,420,753,817,77,8,8,141,200,93,0.102,0.124
2020-21,1627756,Denzel Valentine,1610612741,CHI,62,26,36,1036,953,1017,105,7,13,193,277,126,0.11,0.132
2020-21,202324,Derrick Favors,1610612762,UTA,68,49,19,1039,762,619,44,3,4,90,130,51,0.058,0.067
2020-21,1627884,Derrick Jones Jr.,1610612757,POR,58,32,26,1318,747,652,47,1,6,86,107,49,0.063,0.066
2020-21,201565,Derrick Rose,1610612752,NYK,50,28,22,1279,2032,2471,209,25,26,425,558,257,0.103,0.126
2020-21,1628401,Derrick White,1610612759,SAS,36,18,18,1064,1069,1381,127,10,13,202,303,147,0.119,0.138
2020-21,1630217,Desmond Bane,1610612763,MEM,68,36,32,1519,1508,1365,118,6,18,210,298,141,0.078,0.094
2020-21,1626164,Devin Booker,1610612756,PHX,67,48,19,2270,1942,3291,289,28,59,564,758,373,0.149,0.192
2020-21,1629962,Devin Cannady,1610612753,ORL,8,0,8,74,41,57,1,0,0,6,3,1,0.024,0.024
2020-21,1630170,Devin Vassell,1610612759,SAS,62,30,32,1056,676,680,56,5,3,77,148,64,0.083,0.095
2020-21,1629653,Devon Dotson,1610612741,CHI,11,4,7,50,80,92,7,1,3,16,20,11,0.088,0.138
2020-21,1629719,Devontae Cacok,1610612747,LAL,20,8,12,98,91,64,1,1,0,6,3,2,0.011,0.022
2020-21,1628984,Devonte' Graham,1610612766,CHA,55,23,32,1659,2931,3354,295,39,39,544,775,376,0.101,0.128
2020-21,203473,Dewayne Dedmon,1610612748,MIA,16,11,5,210,229,148,12,0,0,16,32,12,0.052,0.052
2020-21,1629712,Didi Louzada,1610612740,NOP,3,0,3,56,37,38,3,1,1,7,7,5,0.081,0.135
2020-21,1628415,Dillon Brooks,1610612763,MEM,67,36,31,1997,1500,2160,157,14,21,273,385,189,0.105,0.126
2020-21,1627734,Domantas Sabonis,1610612754,IND,62,29,33,2231,4679,3513,415,29,21,705,1076,464,0.089,0.099
2020-21,1628378,Donovan Mitchell,1610612762,UTA,53,39,14,1771,2453,3459,277,27,39,522,745,343,0.113,0.14
2020-21,1629743,Donta Hall,1610612753,ORL,13,3,10,179,184,107,11,2,0,20,31,13,0.06,0.071
2020-21,1628978,Donte DiVincenzo,1610612749,MIL,66,44,22,1815,2124,1895,203,29,23,359,521,256,0.096,0.121
2020-21,1627827,Dorian Finney-Smith,1610612742,DAL,60,36,24,1921,1791,1401,102,10,17,205,268,127,0.057,0.071
2020-21,203926,Doug McDermott,1610612754,IND,66,32,34,1619,1129,1420,85,6,17,135,206,107,0.075,0.095
2020-21,203110,Draymond Green,1610612744,GSW,63,35,28,1982,3981,3104,558,44,47,945,1413,646,0.14,0.162
2020-21,1629234,Drew Eubanks,1610612759,SAS,54,21,33,755,893,646,42,4,0,72,104,45,0.047,0.05
2020-21,1629130,Duncan Robinson,1610612748,MIA,72,40,32,2262,1930,1941,127,24,18,227,332,167,0.066,0.087
2020-21,1628407,Dwayne Bacon,1610612753,ORL,72,21,51,1853,1216,1579,93,8,18,215,250,119,0.076,0.098
2020-21,2730,Dwight Howard,1610612755,PHI,69,46,23,1196,1580,929,61,5,6,82,148,73,0.039,0.046
2020-21,203939,Dwight Powell,1610612742,DAL,58,36,22,966,1151,781,63,4,2,93,165,71,0.055,0.062
2020-21,1629685,Dylan Windler,1610612739,CLE,31,11,20,513,553,432,33,3,4,73,90,41,0.06,0.074
2020-21,202734,E'Twaun Moore,1610612756,PHX,27,20,7,389,528,555,40,3,10,74,102,53,0.076,0.1
2020-21,202334,Ed Davis,1610612750,MIN,23,5,18,299,510,301,21,1,5,43,61,29,0.041,0.057
2020-21,1628410,Edmond Sumner,1610612754,IND,53,23,30,861,629,807,49,7,6,97,136,62,0.078,0.099
2020-21,203901,Elfrid Payton,1610612752,NYK,63,36,27,1484,2417,2779,203,26,17,419,522,244,0.084,0.101
2020-21,1629091,Elijah Bryant,1610612749,MIL,1,0,1,32,30,33,3,0,0,3,8,3,0.1,0.1
2020-21,1630190,Elijah Hughes,1610612762,UTA,18,14,4,64,72,84,6,0,1,15,15,7,0.083,0.097
2020-21,202683,Enes Freedom,1610612757,POR,72,42,30,1757,1781,1125,84,8,6,163,221,95,0.047,0.053
2020-21,202339,Eric Bledsoe,1610612740,NOP,71,31,40,2112,2470,2840,268,35,27,478,685,327,0.109,0.132
2020-21,201569,Eric Gordon,1610612745,HOU,27,10,17,789,821,1062,71,6,12,146,180,86,0.086,0.105
2020-21,1629672,Eric Paschall,1610612744,GSW,40,20,20,695,788,864,51,2,16,119,141,68,0.065,0.086
2020-21,101141,Ersan Ilyasova,1610612762,UTA,17,14,3,148,125,109,4,0,2,9,10,6,0.032,0.048
2020-21,203095,Evan Fournier,1610612738,BOS,42,18,24,1259,1125,1402,144,7,12,272,363,162,0.128,0.144
2020-21,1630267,Facundo Campazzo,1610612743,DEN,65,43,22,1425,2286,2268,232,24,17,428,621,272,0.101,0.119
2020-21,1628402,Frank Jackson,1610612765,DET,40,13,27,738,512,687,36,2,7,72,92,44,0.07,0.086
2020-21,1626163,Frank Kaminsky,1610612756,PHX,47,33,14,715,1018,823,79,12,6,125,210,95,0.078,0.093
2020-21,1628412,Frank Mason III,1610612753,ORL,4,1,3,79,113,128,12,2,0,27,28,14,0.106,0.124
2020-21,1628373,Frank Ntilikina,1610612752,NYK,33,23,10,322,324,353,19,1,0,40,50,20,0.059,0.062
2020-21,1627832,Fred VanVleet,1610612761,TOR,52,22,30,1899,3038,3539,328,43,35,664,901,404,0.108,0.133
2020-21,1630273,Freddie Gillespie,1610612761,TOR,20,7,13,392,365,247,9,0,0,12,21,10,0.025,0.027
2020-21,1627788,Furkan Korkmaz,1610612755,PHI,55,39,16,1062,907,1138,82,13,12,149,213,106,0.09,0.117
2020-21,1629216,Gabe Vincent,1610612748,MIA,50,27,23,655,716,838,67,7,8,137,160,79,0.094,0.11
2020-21,1630466,Gabriel Deck,1610612760,OKC,10,1,9,212,159,174,24,1,1,39,64,27,0.151,0.17
2020-21,202066,Garrett Temple,1610612741,CHI,56,25,31,1528,1226,1190,124,9,11,221,310,143,0.101,0.117
2020-21,1629726,Garrison Mathews,1610612764,WAS,64,32,32,1038,477,562,26,0,5,45,65,31,0.055,0.065
2020-21,1629109,Gary Clark,1610612755,PHI,39,12,27,654,772,416,31,3,4,54,77,37,0.04,0.048
2020-21,203914,Gary Harris,1610612753,ORL,39,15,24,1080,656,904,78,5,12,141,200,94,0.119,0.143
2020-21,1627780,Gary Payton II,1610612744,GSW,10,7,3,40,47,28,1,0,0,2,3,1,0.021,0.021
2020-21,1629018,Gary Trent Jr.,1610612761,TOR,58,29,29,1802,1036,1461,80,3,12,153,203,93,0.077,0.09
2020-21,201588,George Hill,1610612755,PHI,30,16,14,672,893,909,73,3,10,146,179,85,0.082,0.095
2020-21,1627777,Georges Niang,1610612762,UTA,72,52,20,1154,1583,1042,59,11,7,127,155,77,0.037,0.049
2020-21,203507,Giannis Antetokounmpo,1610612749,MIL,61,40,21,2013,2525,2838,357,12,29,695,952,397,0.141,0.157
2020-21,203922,Glenn Robinson III,1610612758,SAC,23,9,14,369,277,262,20,3,1,34,54,24,0.072,0.087
2020-21,1629048,Goga Bitadze,1610612754,IND,45,19,26,561,691,544,37,3,3,42,95,44,0.054,0.064
2020-21,201609,Goran Dragic,1610612748,MIA,50,30,20,1337,2111,2451,219,31,25,461,588,275,0.104,0.13
2020-21,202330,Gordon Hayward,1610612766,CHA,44,24,20,1496,1929,1896,181,17,14,335,483,211,0.094,0.109
2020-21,203476,Gorgui Dieng,1610612759,SAS,38,14,24,553,714,597,48,1,1,71,113,49,0.067,0.069
2020-21,1630203,Grant Riller,1610612766,CHA,7,2,5,27,50,60,3,1,1,9,9,5,0.06,0.1
2020-21,1629684,Grant Williams,1610612738,BOS,63,30,33,1138,1233,852,64,4,10,135,174,78,0.052,0.063
2020-21,1628960,Grayson Allen,1610612763,MEM,50,26,24,1260,1144,1188,108,7,18,194,276,133,0.094,0.116
2020-21,204222,Greg Whittington,1610612743,DEN,4,3,1,12,9,8,0,0,0,0,0,0,0,0
2020-21,1628977,Hamidou Diallo,1610612765,DET,52,18,34,1226,1384,1369,101,4,9,184,261,115,0.073,0.083
2020-21,203084,Harrison Barnes,1610612758,SAC,58,25,33,2102,2321,1753,201,15,31,355,515,245,0.087,0.106
2020-21,1628385,Harry Giles III,1610612757,POR,38,23,15,348,441,249,29,3,2,51,79,34,0.066,0.077
2020-21,202355,Hassan Whiteside,1610612758,SAC,36,16,20,546,543,421,20,1,1,31,51,22,0.037,0.041
2020-21,1627740,Henry Ellenson,1610612761,TOR,2,0,2,38,50,42,5,0,0,5,12,5,0.1,0.1
2020-21,1629649,Ignas Brazdeikis,1610612753,ORL,13,3,10,249,276,180,17,1,2,24,41,20,0.062,0.072
2020-21,202697,Iman Shumpert,1610612751,BKN,2,1,1,11,7,9,0,0,0,0,0,0,0,0
2020-21,1630193,Immanuel Quickley,1610612752,NYK,64,37,27,1244,1551,2008,127,9,7,236,322,141,0.082,0.091
2020-21,1629067,Isaac Bonga,1610612764,WAS,40,16,24,432,320,260,23,3,2,36,58,28,0.072,0.088
2020-21,1630171,Isaac Okoro,1610612739,CLE,67,20,47,2173,1793,1782,128,10,18,262,332,156,0.071,0.087
2020-21,1628392,Isaiah Hartenstein,1610612739,CLE,46,20,26,559,755,578,55,11,3,94,148,68,0.073,0.09
2020-21,1630198,Isaiah Joe,1610612755,PHI,41,22,19,383,408,403,20,4,3,48,53,27,0.049,0.066
2020-21,1629676,Isaiah Roby,1610612760,OKC,61,19,42,1425,1648,1396,107,7,12,208,264,126,0.065,0.076
2020-21,1630191,Isaiah Stewart,1610612765,DET,68,20,48,1455,1592,1062,59,3,6,102,145,68,0.037,0.043
2020-21,202738,Isaiah Thomas,1610612740,NOP,3,1,2,48,77,101,5,1,1,9,13,7,0.065,0.091
2020-21,202397,Ish Smith,1610612764,WAS,44,23,21,924,1591,1510,172,13,17,330,447,201,0.108,0.126
2020-21,1627826,Ivica Zubac,1610612746,LAC,72,47,25,1609,2072,1262,90,4,11,151,230,106,0.043,0.051
2020-21,200755,JJ Redick,1610612742,DAL,44,22,22,723,569,708,51,12,9,99,127,72,0.09,0.127
2020-21,1629630,Ja Morant,1610612763,MEM,63,33,30,2053,3070,3908,465,27,80,783,1149,563,0.151,0.183
2020-21,203960,JaKarr Sampson,1610612754,IND,29,14,15,316,241,206,4,1,2,11,13,8,0.017,0.033
2020-21,203210,JaMychal Green,1610612743,DEN,58,38,20,1120,1050,955,53,1,11,104,132,63,0.05,0.06
2020-21,201580,JaVale McGee,1610612743,DEN,46,21,25,678,890,670,39,7,5,82,99,50,0.044,0.056
2020-21,203953,Jabari Parker,1610612738,BOS,13,4,9,165,196,133,11,2,1,20,30,14,0.056,0.071
2020-21,1630183,Jaden McDaniels,1610612750,MIN,63,18,45,1511,1656,984,71,4,17,131,186,91,0.043,0.055
2020-21,203109,Jae Crowder,1610612756,PHX,60,42,18,1648,2146,1472,127,10,10,195,309,144,0.059,0.067
2020-21,1630256,Jae'Sean Tate,1610612745,HOU,70,17,53,2043,1918,1788,178,11,15,367,478,204,0.093,0.106
2020-21,1626143,Jahlil Okafor,1610612765,DET,27,5,22,347,401,301,13,3,0,35,37,16,0.032,0.04
2020-21,1630186,Jahmi'us Ramsey,1610612758,SAC,13,5,8,94,63,81,6,0,1,10,15,7,0.095,0.111
2020-21,1627774,Jake Layman,1610612750,MIN,45,12,33,627,482,472,28,2,3,60,66,32,0.058,0.066
2020-21,1627751,Jakob Poeltl,1610612759,SAS,69,32,37,1845,2282,1343,134,8,14,193,317,154,0.059,0.067
2020-21,1628973,Jalen Brunson,1610612742,DAL,68,40,28,1697,2635,2866,239,17,34,465,632,288,0.091,0.109
2020-21,1630223,Jalen Harris,1610612761,TOR,13,3,10,172,135,185,17,0,0,26,45,17,0.126,0.126
2020-21,1629665,Jalen Lecque,1610612754,IND,4,2,2,12,17,22,2,0,0,4,6,2,0.118,0.118
2020-21,1629667,Jalen McDaniels,1610612766,CHA,47,18,29,904,1033,768,53,2,10,99,143,65,0.051,0.063
2020-21,1630188,Jalen Smith,1610612756,PHX,27,19,8,156,135,100,4,1,0,4,12,5,0.03,0.037
2020-21,1627750,Jamal Murray,1610612743,DEN,48,31,17,1704,2292,2755,231,21,49,459,586,297,0.101,0.13
2020-21,203516,James Ennis III,1610612753,ORL,41,12,29,986,791,638,62,5,9,129,156,77,0.078,0.097
2020-21,201935,James Harden,1610612751,BKN,44,31,13,1609,2866,3268,475,41,44,827,1180,554,0.166,0.193
2020-21,201949,James Johnson,1610612740,NOP,51,21,30,1043,957,961,98,9,6,174,249,110,0.102,0.115
2020-21,203263,James Nunnally,1610612740,NOP,9,3,6,48,25,26,3,0,2,6,7,5,0.12,0.2
2020-21,1630164,James Wiseman,1610612744,GSW,39,18,21,836,863,765,26,1,3,46,62,28,0.03,0.032
2020-21,201162,Jared Dudley,1610612747,LAL,12,7,5,81,105,55,5,1,0,12,13,6,0.048,0.057
2020-21,1629607,Jared Harper,1610612752,NYK,8,5,3,16,16,23,1,1,0,5,4,2,0.063,0.125
2020-21,1628991,Jaren Jackson Jr.,1610612763,MEM,11,4,7,258,246,249,12,0,2,20,32,15,0.049,0.061
2020-21,1629020,Jarred Vanderbilt,1610612750,MIN,64,18,46,1139,1295,684,76,2,9,122,196,87,0.059,0.067
2020-21,1629714,Jarrell Brantley,1610612762,UTA,28,23,5,138,185,180,15,0,3,30,41,18,0.081,0.097
2020-21,1628386,Jarrett Allen,1610612739,CLE,63,20,43,1864,2297,1553,106,3,14,178,262,123,0.046,0.054
2020-21,1629633,Jarrett Culver,1610612750,MIN,34,7,27,499,432,425,24,7,6,70,75,38,0.056,0.088
2020-21,1629750,Javonte Green,1610612741,CHI,41,19,22,474,447,348,17,1,0,41,45,20,0.038,0.045
2020-21,1629637,Jaxson Hayes,1610612740,NOP,60,24,36,964,864,762,35,1,4,73,91,41,0.041,0.047
2020-21,1630206,Jay Scrubb,1610612746,LAC,4,2,2,84,59,52,1,0,0,7,0,1,0.017,0.017
2020-21,1629121,Jaylen Adams,1610612749,MIL,7,5,2,18,28,35,2,0,0,4,5,2,0.071,0.071
2020-21,1627759,Jaylen Brown,1610612738,BOS,58,30,28,1999,1778,2442,195,18,25,332,502,238,0.11,0.134
2020-21,1629658,Jaylen Hoard,1610612760,OKC,19,1,18,320,327,261,24,3,2,40,51,26,0.073,0.08
2020-21,1629669,Jaylen Nowell,1610612750,MIN,42,10,32,759,726,918,62,7,6,127,166,75,0.085,0.103
2020-21,1628369,Jayson Tatum,1610612738,BOS,64,34,30,2290,3165,3262,276,20,47,543,735,343,0.087,0.108
2020-21,201145,Jeff Green,1610612751,BKN,68,44,24,1835,1754,1603,108,7,19,202,297,135,0.062,0.077
2020-21,201952,Jeff Teague,1610612749,MIL,55,27,28,950,1350,1525,132,14,12,246,335,158,0.098,0.117
2020-21,203924,Jerami Grant,1610612765,DET,54,15,39,1829,2060,2381,152,14,25,305,380,188,0.074,0.091
2020-21,1629725,Jeremiah Martin,1610612739,CLE,9,0,9,75,99,114,4,0,1,8,10,5,0.04,0.051
2020-21,203087,Jeremy Lamb,1610612754,IND,36,16,20,765,942,871,53,8,15,106,141,76,0.056,0.081
2020-21,1629010,Jerome Robinson,1610612764,WAS,17,5,12,305,304,317,25,2,5,41,65,32,0.082,0.105
2020-21,1628975,Jevon Carter,1610612756,PHX,60,42,18,717,715,701,71,12,13,127,199,96,0.099,0.134
2020-21,202710,Jimmy Butler III,1610612748,MIA,52,33,19,1745,2854,3065,369,23,35,719,944,427,0.129,0.15
2020-21,203925,Joe Harris,1610612751,BKN,69,45,24,2142,1725,1822,130,8,18,240,336,155,0.075,0.09
2020-21,204060,Joe Ingles,1610612762,UTA,67,47,20,1867,3156,3088,318,64,46,654,883,427,0.101,0.135
2020-21,203954,Joel Embiid,1610612755,PHI,51,39,12,1585,2233,2531,145,6,24,223,364,176,0.065,0.079
2020-21,1628381,John Collins,1610612737,ATL,63,34,29,1848,2288,1728,78,3,18,137,196,100,0.034,0.044
2020-21,1629723,John Konchar,1610612763,MEM,43,23,20,575,637,457,47,1,7,110,125,55,0.074,0.086
2020-21,202322,John Wall,1610612745,HOU,40,12,28,1288,2109,2755,275,19,28,574,728,322,0.13,0.153
2020-21,202685,Jonas Valanciunas,1610612763,MEM,62,32,30,1755,2385,1782,112,8,10,170,260,128,0.047,0.054
2020-21,1629007,Jontay Porter,1610612763,MEM,11,7,4,54,60,55,1,2,0,9,6,3,0.017,0.05
2020-21,1628395,Jordan Bell,1610612744,GSW,6,3,3,82,135,85,7,0,0,14,19,7,0.052,0.052
2020-21,1629648,Jordan Bone,1610612753,ORL,14,2,12,196,221,251,18,1,2,37,43,20,0.081,0.09
2020-21,203903,Jordan Clarkson,1610612762,UTA,68,49,19,1818,1516,2148,168,10,25,299,435,202,0.111,0.133
2020-21,1629162,Jordan McLaughlin,1610612750,MIN,51,15,36,938,1804,1855,193,36,20,403,515,249,0.107,0.138
2020-21,1629670,Jordan Nwora,1610612749,MIL,30,19,11,274,206,223,7,0,0,23,15,7,0.034,0.034
2020-21,1629673,Jordan Poole,1610612744,GSW,51,28,23,988,1223,1586,99,6,17,188,258,123,0.081,0.101
2020-21,1630182,Josh Green,1610612742,DAL,39,20,19,445,297,280,28,6,2,55,79,36,0.094,0.121
2020-21,1630221,Josh Hall,1610612760,OKC,21,2,19,336,256,254,28,2,1,44,65,28,0.109,0.109
2020-21,1628404,Josh Hart,1610612740,NOP,47,21,26,1350,1433,1053,109,13,12,198,291,134,0.076,0.094
2020-21,1628367,Josh Jackson,1610612765,DET,62,16,46,1560,1294,1581,143,14,13,244,354,169,0.111,0.131
2020-21,1629006,Josh Okogie,1610612750,MIN,59,21,38,1197,794,760,63,6,13,134,161,82,0.079,0.103
2020-21,1626196,Josh Richardson,1610612742,DAL,59,35,24,1790,1856,2023,153,8,35,283,392,190,0.082,0.102
2020-21,201950,Jrue Holiday,1610612749,MIL,59,41,18,1907,2590,2962,357,38,36,647,928,427,0.138,0.165
2020-21,1629308,Juan Toscano-Anderson,1610612744,GSW,53,28,25,1108,1966,1378,150,14,21,271,395,185,0.076,0.094
2020-21,1627823,Juancho Hernangomez,1610612750,MIN,52,19,33,900,939,732,35,2,4,56,93,41,0.037,0.044
2020-21,203944,Julius Randle,1610612752,NYK,71,40,31,2667,4042,4080,427,23,34,795,1132,481,0.106,0.119
2020-21,203200,Justin Holiday,1610612754,IND,72,34,38,2183,1671,1662,119,7,20,183,285,141,0.071,0.084
2020-21,1628382,Justin Jackson,1610612749,MIL,34,12,22,577,632,711,52,5,7,99,140,64,0.082,0.101
2020-21,1629713,Justin James,1610612758,SAC,36,15,21,310,278,321,22,1,2,39,52,25,0.079,0.09
2020-21,1628383,Justin Patton,1610612745,HOU,13,1,12,247,263,210,14,0,4,32,36,18,0.053,0.068
2020-21,1629620,Justin Robinson,1610612760,OKC,9,0,9,88,139,142,9,0,1,18,23,10,0.065,0.072
2020-21,1626159,Justise Winslow,1610612763,MEM,26,13,13,507,573,544,50,4,2,92,116,52,0.087,0.091
2020-21,203994,Jusuf Nurkić,1610612757,POR,37,22,15,880,1399,1109,125,12,11,221,332,149,0.089,0.107
2020-21,1629752,Juwan Morgan,1610612762,UTA,29,24,5,147,150,115,9,0,0,16,24,9,0.06,0.06
2020-21,1630231,KJ Martin,1610612745,HOU,45,10,35,1068,988,730,48,4,5,106,130,56,0.049,0.057
2020-21,1629644,KZ Okpala,1610612748,MIA,37,22,15,447,299,259,19,2,4,45,52,25,0.064,0.084
2020-21,1630211,Karim Mane,1610612753,ORL,10,2,8,88,53,43,4,1,0,11,12,5,0.075,0.094
2020-21,1626157,Karl-Anthony Towns,1610612750,MIN,50,19,31,1689,2233,2417,225,16,23,402,579,261,0.101,0.117
2020-21,202695,Kawhi Leonard,1610612746,LAC,52,36,16,1772,1836,2446,269,13,45,469,725,327,0.147,0.178
2020-21,1628966,Keita Bates-Diop,1610612759,SAS,30,13,17,245,188,150,12,1,1,20,25,13,0.064,0.069
2020-21,1629103,Kelan Martin,1610612754,IND,35,16,19,323,265,275,17,0,1,25,40,18,0.064,0.068
2020-21,1629640,Keldon Johnson,1610612759,SAS,69,32,37,1968,1893,1564,121,12,14,203,306,148,0.064,0.078
2020-21,1629833,Keljin Blevins,1610612757,POR,17,11,6,75,44,46,4,0,0,10,10,4,0.091,0.091
2020-21,203482,Kelly Olynyk,1610612745,HOU,70,26,44,1997,2881,2220,203,16,9,361,515,229,0.07,0.079
2020-21,1626162,Kelly Oubre Jr.,1610612744,GSW,55,27,28,1688,1225,1418,73,11,16,141,191,99,0.06,0.081
2020-21,202689,Kemba Walker,1610612760,OKC,43,22,21,1369,2208,2618,212,15,19,367,534,245,0.096,0.111
2020-21,1629134,Kendrick Nunn,1610612748,MIA,56,31,25,1650,1677,2041,148,13,25,312,364,186,0.088,0.111
2020-21,1629026,Kenrich Williams,1610612760,OKC,66,21,45,1426,1519,1413,152,24,18,310,409,194,0.1,0.128
2020-21,203145,Kent Bazemore,1610612744,GSW,67,35,32,1334,1555,1411,108,5,20,201,268,130,0.069,0.084
2020-21,203484,Kentavious Caldwell-Pope,1610612747,LAL,67,39,28,1902,1893,1687,127,10,21,218,324,158,0.067,0.083
2020-21,201142,Kevin Durant,1610612751,BKN,35,23,12,1157,1449,1734,195,22,24,327,499,243,0.135,0.168
2020-21,1628989,Kevin Huerter,1610612737,ATL,69,40,29,2126,2122,2342,241,24,24,428,613,287,0.114,0.135
2020-21,1628995,Kevin Knox II,1610612752,NYK,42,26,16,464,394,345,19,2,3,41,50,24,0.048,0.061
2020-21,201567,Kevin Love,1610612739,CLE,25,7,18,622,963,856,63,10,3,114,167,76,0.065,0.079
2020-21,1629645,Kevin Porter Jr.,1610612745,HOU,26,4,22,836,1372,1606,164,14,23,300,405,200,0.12,0.146
2020-21,1626172,Kevon Looney,1610612744,GSW,61,34,27,1161,1538,1130,119,5,15,204,315,139,0.077,0.09
2020-21,203920,Khem Birch,1610612761,TOR,67,23,44,1529,1611,1108,89,4,9,161,235,102,0.055,0.063
2020-21,203114,Khris Middleton,1610612749,MIL,68,45,23,2269,2824,3092,370,34,33,621,935,439,0.131,0.155
2020-21,1629017,Khyri Thomas,1610612745,HOU,5,1,4,153,141,165,25,1,3,34,63,29,0.177,0.206
2020-21,1630165,Killian Hayes,1610612765,DET,26,6,20,670,1296,1338,138,13,11,272,354,162,0.106,0.125
2020-21,1629681,Killian Tillie,1610612763,MEM,18,11,7,182,134,135,8,0,0,12,19,8,0.06,0.06
2020-21,1630184,Kira Lewis Jr.,1610612740,NOP,54,23,31,904,1335,1493,124,14,14,204,307,148,0.093,0.111
2020-21,1628961,Kostas Antetokounmpo,1610612747,LAL,15,6,9,56,39,34,1,0,0,5,3,1,0.026,0.026
2020-21,1627739,Kris Dunn,1610612737,ATL,4,1,3,45,60,60,2,0,0,5,5,2,0.033,0.033
2020-21,204001,Kristaps Porziņģis,1610612742,DAL,43,26,17,1327,1721,1565,68,0,11,119,172,78,0.04,0.045
2020-21,203937,Kyle Anderson,1610612763,MEM,69,36,33,1887,2156,1973,250,27,27,437,607,297,0.116,0.138
2020-21,1629657,Kyle Guy,1610612758,SAC,31,11,20,235,296,311,32,6,2,71,84,40,0.108,0.135
2020-21,1628398,Kyle Kuzma,1610612747,LAL,68,40,28,1954,1862,1931,127,10,29,257,322,166,0.068,0.089
2020-21,200768,Kyle Lowry,1610612761,TOR,46,15,31,1602,2881,2895,338,46,40,685,881,419,0.117,0.145
2020-21,202681,Kyrie Irving,1610612751,BKN,54,36,18,1886,2772,3310,324,47,43,616,855,412,0.117,0.149
2020-21,200746,LaMarcus Aldridge,1610612751,BKN,26,15,11,674,796,782,49,0,4,72,118,51,0.062,0.064
2020-21,1630163,LaMelo Ball,1610612766,CHA,51,23,28,1469,2779,3029,313,39,38,585,808,389,0.113,0.14
2020-21,1630205,Lamar Stevens,1610612739,CLE,40,13,27,499,468,353,25,6,8,47,73,39,0.053,0.083
2020-21,1629013,Landry Shamet,1610612751,BKN,61,39,22,1403,1347,1483,99,8,19,160,264,127,0.073,0.094
2020-21,204038,Langston Galloway,1610612756,PHX,40,29,11,438,278,332,26,3,2,48,71,32,0.094,0.115
2020-21,1626204,Larry Nance Jr.,1610612739,CLE,35,13,22,1091,1351,1042,107,6,9,180,264,121,0.079,0.09
2020-21,1628374,Lauri Markkanen,1610612741,CHI,51,20,31,1317,1161,1097,45,6,8,98,122,58,0.039,0.05
2020-21,2544,LeBron James,1610612747,LAL,45,30,15,1504,2687,3045,350,38,38,647,892,418,0.13,0.156
2020-21,1629022,Lonnie Walker IV,1610612759,SAS,60,28,32,1522,1094,1408,101,9,17,194,257,127,0.092,0.116
2020-21,1628366,Lonzo Ball,1610612740,NOP,55,23,32,1747,3263,3305,316,42,26,508,790,383,0.097,0.117
2020-21,101150,Lou Williams,1610612737,ATL,66,44,22,1423,1781,2282,225,33,24,407,590,281,0.126,0.158
2020-21,1629663,Louis King,1610612758,SAC,6,3,3,85,105,92,9,1,0,13,24,10,0.086,0.095
2020-21,1629652,Luguentz Dort,1610612760,OKC,52,18,34,1543,1222,1617,88,8,15,180,228,111,0.072,0.091
2020-21,1629029,Luka Dončić,1610612742,DAL,66,40,26,2262,3796,4645,567,66,59,1075,1457,676,0.149,0.178
2020-21,1629677,Luka Samanic,1610612759,SAS,33,14,19,308,295,211,15,1,3,20,33,18,0.051,0.061
2020-21,1628379,Luke Kennard,1610612746,LAC,63,44,19,1232,1123,1153,104,8,12,181,281,123,0.093,0.11
2020-21,1628436,Luke Kornet,1610612738,BOS,31,13,18,347,447,352,24,4,2,51,65,30,0.054,0.067
2020-21,1630201,Malachi Flynn,1610612761,TOR,47,21,26,928,1432,1561,137,14,17,233,364,168,0.096,0.117
2020-21,1627763,Malcolm Brogdon,1610612754,IND,56,27,29,1930,3466,4035,329,32,42,644,860,403,0.095,0.116
2020-21,1627736,Malik Beasley,1610612750,MIN,37,8,29,1214,1077,1384,88,9,15,159,228,112,0.082,0.104
2020-21,1630238,Malik Fitts,1610612746,LAC,3,3,0,11,12,12,0,0,0,1,0,0,0,0
2020-21,1628370,Malik Monk,1610612766,CHA,42,19,23,878,882,1085,87,14,9,174,234,109,0.099,0.124
2020-21,1629603,Mamadi Diakite,1610612749,MIL,14,7,7,141,131,78,8,0,0,13,20,8,0.061,0.061
2020-21,201188,Marc Gasol,1610612747,LAL,52,32,20,993,1488,1154,109,11,14,204,269,132,0.073,0.089
2020-21,202694,Marcus Morris Sr.,1610612746,LAC,57,38,19,1502,1275,1372,58,8,9,137,162,76,0.045,0.06
2020-21,203935,Marcus Smart,1610612738,BOS,48,24,24,1581,2344,2530,273,15,19,415,688,307,0.116,0.131
2020-21,1628365,Markelle Fultz,1610612753,ORL,8,6,2,215,332,422,43,1,6,80,106,50,0.13,0.151
2020-21,202693,Markieff Morris,1610612747,LAL,61,32,29,1200,1162,1047,73,6,13,131,189,91,0.063,0.078
2020-21,1630210,Markus Howard,1610612743,DEN,37,24,13,205,229,321,18,1,1,33,44,20,0.079,0.087
2020-21,1629716,Marques Bolden,1610612739,CLE,6,2,4,29,33,25,0,0,0,3,0,0,0,0
2020-21,1627737,Marquese Chriss,1610612744,GSW,2,0,2,27,40,33,2,0,0,4,5,2,0.05,0.05
2020-21,1628963,Marvin Bagley III,1610612758,SAC,43,20,23,1112,1018,873,43,2,3,72,103,45,0.042,0.044
2020-21,1630222,Mason Jones,1610612755,PHI,32,10,22,334,637,670,42,11,9,102,122,61,0.066,0.096
2020-21,203486,Mason Plumlee,1610612765,DET,56,14,42,1499,2441,1787,202,12,15,349,511,225,0.083,0.092
2020-21,1629680,Matisse Thybulle,1610612755,PHI,65,46,19,1298,989,799,63,7,8,97,169,78,0.064,0.079
2020-21,1629744,Matt Thomas,1610612762,UTA,45,27,18,327,318,348,19,5,6,50,54,29,0.06,0.091
2020-21,203521,Matthew Dellavedova,1610612739,CLE,13,4,9,224,459,494,58,7,5,105,150,70,0.126,0.153
2020-21,203090,Maurice Harkless,1610612758,SAC,37,16,21,772,578,474,44,5,3,63,112,52,0.076,0.09
2020-21,1629622,Max Strus,1610612748,MIA,39,14,25,507,299,354,24,0,2,34,58,26,0.08,0.087
2020-21,1628467,Maxi Kleber,1610612742,DAL,50,31,19,1341,1217,910,68,2,6,113,169,74,0.056,0.061
2020-21,203086,Meyers Leonard,1610612748,MIA,3,2,1,29,43,35,2,0,0,8,6,2,0.047,0.047
2020-21,1629662,Mfiondu Kabengele,1610612739,CLE,39,20,19,280,349,253,17,1,0,25,40,17,0.049,0.049
2020-21,203487,Michael Carter-Williams,1610612753,ORL,31,12,19,800,1203,1368,129,13,14,273,337,156,0.107,0.13
2020-21,1629008,Michael Porter Jr.,1610612743,DEN,61,40,21,1912,1512,1524,70,5,15,115,175,89,0.046,0.059
2020-21,1628969,Mikal Bridges,1610612756,PHX,72,51,21,2348,1752,1698,152,18,27,287,389,194,0.087,0.111
2020-21,201144,Mike Conley,1610612762,UTA,51,37,14,1498,2580,2916,305,34,41,561,828,380,0.118,0.147
2020-21,1628455,Mike James,1610612751,BKN,13,9,4,236,400,433,54,4,7,92,145,65,0.135,0.163
2020-21,203488,Mike Muscala,1610612760,OKC,35,15,20,645,854,750,28,4,4,71,74,36,0.033,0.042
2020-21,203118,Mike Scott,1610612755,PHI,51,35,16,852,954,714,40,4,5,70,105,47,0.042,0.049
2020-21,1628970,Miles Bridges,1610612766,CHA,66,31,35,1932,1928,1744,147,14,27,280,385,188,0.076,0.098
2020-21,1629011,Mitchell Robinson,1610612752,NYK,31,15,16,853,829,422,17,0,3,25,30,17,0.021,0.021
2020-21,1629671,Miye Oni,1610612762,UTA,54,45,9,519,363,334,28,0,7,50,79,35,0.077,0.096
2020-21,1628964,Mo Bamba,1610612753,ORL,46,11,35,725,720,636,35,5,1,57,94,41,0.049,0.057
2020-21,1628420,Monte Morris,1610612743,DEN,47,30,17,1196,1600,1751,150,21,36,309,406,204,0.094,0.128
2020-21,1626149,Montrezl Harrell,1610612747,LAL,69,41,28,1580,1542,1425,73,3,8,127,180,85,0.047,0.055
2020-21,1629021,Moritz Wagner,1610612753,ORL,45,19,26,722,943,678,50,0,4,79,120,52,0.053,0.055
2020-21,1629650,Moses Brown,1610612738,BOS,43,8,35,920,734,358,10,1,2,19,20,12,0.014,0.016
2020-21,1628539,Mychal Mulder,1610612744,GSW,60,33,27,766,400,594,26,0,3,49,67,29,0.065,0.073
2020-21,1626167,Myles Turner,1610612754,IND,47,22,25,1455,1277,1070,48,2,6,76,116,55,0.038,0.043
2020-21,1630230,Naji Marshall,1610612740,NOP,32,14,18,700,805,638,88,9,13,133,213,110,0.109,0.137
2020-21,1629642,Nassir Little,1610612757,POR,48,27,21,640,492,363,23,0,3,47,61,26,0.047,0.053
2020-21,1630268,Nate Darling,1610612766,CHA,7,3,4,26,21,24,1,0,1,3,2,2,0.048,0.095
2020-21,1630207,Nate Hinton,1610612742,DAL,21,11,10,93,104,126,8,0,2,17,21,10,0.077,0.096
2020-21,1630233,Nathan Knight,1610612737,ATL,33,21,12,279,217,214,8,0,2,19,18,9,0.037,0.041
2020-21,1629675,Naz Reid,1610612750,MIN,70,22,48,1347,1684,1524,72,1,4,164,182,78,0.043,0.046
2020-21,202357,Nemanja Bjelica,1610612748,MIA,37,16,21,595,840,668,69,9,4,115,183,82,0.082,0.098
2020-21,203457,Nerlens Noel,1610612752,NYK,64,35,29,1547,1544,719,46,3,4,79,114,53,0.03,0.034
2020-21,1629651,Nic Claxton,1610612751,BKN,32,23,9,594,646,437,28,3,3,56,76,34,0.043,0.053
2020-21,1630208,Nick Richards,1610612766,CHA,18,9,9,63,46,39,2,0,0,3,4,2,0.043,0.043
2020-21,1629638,Nickeil Alexander-Walker,1610612740,NOP,46,20,26,1007,1313,1432,102,16,17,204,268,135,0.078,0.103
2020-21,1630185,Nico Mannion,1610612744,GSW,30,17,13,364,661,704,70,6,13,117,170,86,0.106,0.13
2020-21,201587,Nicolas Batum,1610612746,LAC,67,44,23,1835,2016,1584,148,2,15,239,354,162,0.073,0.08
2020-21,1629740,Nicolo Melli,1610612742,DAL,45,26,19,566,708,506,44,0,7,88,113,51,0.062,0.072
2020-21,203999,Nikola Jokić,1610612743,DEN,72,47,25,2488,5391,4727,599,43,55,996,1490,692,0.111,0.128
2020-21,202696,Nikola Vučević,1610612741,CHI,70,26,44,2348,3720,3465,269,21,39,516,710,328,0.072,0.088
2020-21,203943,Noah Vonleh,1610612751,BKN,4,3,1,11,23,20,1,1,0,3,4,2,0.043,0.087
2020-21,1626181,Norman Powell,1610612757,POR,69,32,37,2206,1425,2116,129,14,27,255,344,167,0.091,0.117
2020-21,203658,Norvel Pelle,1610612752,NYK,13,8,5,83,73,45,2,1,0,3,7,3,0.027,0.041
2020-21,1628384,OG Anunoby,1610612761,TOR,43,18,25,1433,1273,1273,94,7,12,176,257,115,0.074,0.09
2020-21,1630167,Obi Toppin,1610612752,NYK,62,36,26,683,821,561,29,1,2,69,79,32,0.035,0.039
2020-21,1630168,Onyeka Okongwu,1610612737,ATL,50,31,19,601,474,323,18,2,2,39,51,23,0.038,0.049
2020-21,1629052,Oshae Brissett,1610612754,IND,21,10,11,519,586,382,18,2,4,33,49,24,0.031,0.041
2020-21,203490,Otto Porter Jr.,1610612753,ORL,28,12,16,607,689,556,55,7,5,91,132,64,0.08,0.093
2020-21,200782,P.J. Tucker,1610612749,MIL,52,27,25,1356,1032,609,61,3,10,92,166,74,0.059,0.072
2020-21,1629023,P.J. Washington,1610612766,CHA,64,31,33,1954,2380,2045,161,7,19,266,413,187,0.068,0.079
2020-21,1628408,PJ Dozier,1610612743,DEN,50,36,14,1088,1089,1076,92,8,16,157,237,116,0.084,0.107
2020-21,1627783,Pascal Siakam,1610612761,TOR,56,21,35,2006,2714,2819,250,20,37,489,675,307,0.092,0.113
2020-21,1626192,Pat Connaughton,1610612749,MIL,69,44,25,1575,1587,1037,81,9,10,154,211,100,0.051,0.063
2020-21,201976,Patrick Beverley,1610612746,LAC,37,25,12,833,1142,1098,76,9,19,132,196,100,0.067,0.088
2020-21,1627775,Patrick McCaw,1610612761,TOR,5,2,3,33,38,27,4,1,0,6,11,5,0.105,0.132
2020-21,202335,Patrick Patterson,1610612746,LAC,38,26,12,582,515,408,29,4,6,46,68,35,0.056,0.068
2020-21,1630172,Patrick Williams,1610612741,CHI,71,30,41,1983,1284,1298,99,2,16,200,248,116,0.077,0.09
2020-21,201988,Patty Mills,1610612759,SAS,68,31,37,1685,1413,1870,162,17,17,316,401,196,0.115,0.139
2020-21,202331,Paul George,1610612746,LAC,54,38,16,1821,2330,2844,280,20,59,479,737,359,0.12,0.154
2020-21,200794,Paul Millsap,1610612743,DEN,56,38,18,1162,1146,1028,98,4,17,165,251,119,0.086,0.104
2020-21,1630194,Paul Reed,1610612755,PHI,26,17,9,177,220,151,12,0,0,21,30,12,0.055,0.055
2020-21,1628778,Paul Watson,1610612761,TOR,27,13,14,297,257,234,17,1,2,30,50,21,0.066,0.082
2020-21,1630202,Payton Pritchard,1610612738,BOS,66,33,33,1268,1807,1899,120,7,17,241,302,144,0.066,0.08
2020-21,1630173,Precious Achiuwa,1610612748,MIA,61,31,30,737,654,541,29,2,5,69,80,34,0.044,0.052
2020-21,1626188,Quinn Cook,1610612739,CLE,23,13,10,157,203,247,18,2,1,34,43,19,0.089,0.094
2020-21,1629683,Quinndary Weatherspoon,1610612759,SAS,20,8,12,121,124,123,8,4,1,18,25,13,0.065,0.105
2020-21,1630181,R.J. Hampton,1610612753,ORL,51,20,31,888,843,842,87,9,8,183,226,104,0.103,0.123
2020-21,1629628,RJ Barrett,1610612752,NYK,72,41,31,2511,1976,2643,217,25,27,377,561,267,0.11,0.135
2020-21,200765,Rajon Rondo,1610612746,LAC,45,28,17,769,1577,1595,199,24,12,393,546,236,0.126,0.15
2020-21,203526,Raul Neto,1610612764,WAS,64,30,34,1403,1522,1673,146,23,29,246,374,195,0.096,0.128
2020-21,1629034,Ray Spalding,1610612745,HOU,2,0,2,19,15,10,0,1,0,2,1,1,0,0.067
2020-21,1629730,Rayjon Tucker,1610612755,PHI,14,8,6,68,83,95,6,1,0,12,18,7,0.072,0.084
2020-21,203493,Reggie Bullock Jr.,1610612752,NYK,65,38,27,1949,1780,1692,99,5,13,160,247,117,0.056,0.066
2020-21,202704,Reggie Jackson,1610612746,LAC,67,43,24,1544,2375,2514,205,16,38,344,545,258,0.086,0.109
2020-21,1629617,Reggie Perry,1610612751,BKN,26,18,8,211,238,175,14,0,2,19,33,16,0.059,0.067
2020-21,1626158,Richaun Holmes,1610612758,SAC,61,29,32,1781,1812,1509,101,7,9,158,256,116,0.056,0.064
2020-21,201937,Ricky Rubio,1610612750,MIN,68,23,45,1772,3401,3460,433,51,31,780,1115,515,0.127,0.151
2020-21,203496,Robert Covington,1610612757,POR,70,42,28,2243,2634,1409,117,13,18,212,318,146,0.044,0.055
2020-21,1629606,Robert Franks,1610612753,ORL,7,0,7,101,146,87,5,1,0,14,13,6,0.034,0.041
2020-21,1629057,Robert Williams III,1610612738,BOS,52,29,23,985,1006,913,94,6,6,140,246,104,0.093,0.103
2020-21,1630218,Robert Woodard II,1610612758,SAC,13,3,10,45,33,35,2,0,0,3,7,3,0.061,0.091
2020-21,201577,Robin Lopez,1610612764,WAS,71,34,37,1354,1041,1095,55,11,8,99,164,74,0.053,0.071
2020-21,1629066,Rodions Kurucs,1610612749,MIL,21,10,11,125,119,96,10,0,1,17,27,11,0.084,0.092
2020-21,203918,Rodney Hood,1610612761,TOR,55,29,26,943,897,823,53,3,6,115,145,61,0.059,0.068
2020-21,203585,Rodney McGruder,1610612765,DET,16,3,13,194,180,203,16,1,1,24,40,18,0.089,0.1
2020-21,1629641,Romeo Langford,1610612738,BOS,18,9,9,283,179,172,13,0,1,21,30,14,0.073,0.078
2020-21,1626178,Rondae Hollis-Jefferson,1610612757,POR,11,6,5,107,96,53,13,1,1,15,34,15,0.135,0.156
2020-21,1626220,Royce O'Neale,1610612762,UTA,71,51,20,2240,3673,2208,181,14,25,321,505,220,0.049,0.06
2020-21,200752,Rudy Gay,1610612759,SAS,63,29,34,1358,1494,1227,88,12,8,189,231,107,0.059,0.072
2020-21,203497,Rudy Gobert,1610612762,UTA,71,52,19,2187,1663,1499,89,9,14,159,248,112,0.054,0.067
2020-21,1629060,Rui Hachimura,1610612764,WAS,57,29,28,1797,1835,1365,82,9,21,163,215,111,0.045,0.06
2020-21,201566,Russell Westbrook,1610612764,WAS,65,30,35,2369,4260,4925,763,106,60,1425,1957,916,0.179,0.215
2020-21,1627853,Ryan Arcidiacono,1610612741,CHI,44,20,24,450,580,582,56,3,5,107,140,65,0.097,0.112
2020-21,1630240,Saben Lee,1610612765,DET,48,14,34,781,1398,1590,174,21,8,349,458,203,0.124,0.145
2020-21,1630180,Saddiq Bey,1610612765,DET,70,19,51,1909,1495,1622,95,10,11,190,253,115,0.064,0.077
2020-21,1630241,Sam Merrill,1610612749,MIL,30,18,12,233,276,285,21,5,1,52,60,27,0.076,0.098
2020-21,1630253,Sean McDermott,1610612763,MEM,18,10,8,158,96,99,4,0,0,11,10,4,0.042,0.042
2020-21,1629635,Sekou Doumbouya,1610612765,DET,56,15,41,869,792,656,47,4,4,54,122,55,0.059,0.069
2020-21,1628400,Semi Ojeleye,1610612738,BOS,56,28,28,950,911,563,37,4,1,54,92,40,0.041,0.044
2020-21,201586,Serge Ibaka,1610612746,LAC,41,24,17,955,1172,968,74,4,11,108,189,87,0.063,0.074
2020-21,203552,Seth Curry,1610612755,PHI,57,39,18,1638,1676,2002,155,20,22,269,403,197,0.092,0.118
2020-21,1628983,Shai Gilgeous-Alexander,1610612760,OKC,35,16,19,1180,1800,2367,207,15,30,464,548,250,0.115,0.139
2020-21,1629003,Shake Milton,1610612755,PHI,63,46,17,1461,2141,2725,193,15,31,370,508,239,0.09,0.112
2020-21,1627885,Shaquille Harrison,1610612743,DEN,34,27,7,332,438,394,25,5,6,60,70,36,0.057,0.082
2020-21,1628414,Sindarius Thornwell,1610612753,ORL,21,7,14,217,132,142,21,2,0,34,52,21,0.159,0.159
2020-21,1630219,Skylar Mays,1610612737,ATL,33,19,14,269,377,424,30,2,4,48,77,36,0.08,0.095
2020-21,203524,Solomon Hill,1610612737,ATL,71,41,30,1514,1302,969,75,5,12,148,192,92,0.058,0.071
2020-21,203915,Spencer Dinwiddie,1610612751,BKN,3,2,1,64,79,71,9,3,1,17,28,13,0.114,0.165
2020-21,1626169,Stanley Johnson,1610612761,TOR,61,25,36,1006,1196,980,89,4,7,183,231,100,0.074,0.084
2020-21,201939,Stephen Curry,1610612744,GSW,63,37,26,2152,3248,4278,363,46,84,632,924,491,0.112,0.151
2020-21,1628425,Sterling Brown,1610612745,HOU,51,14,37,1229,1102,914,72,5,6,150,184,81,0.065,0.074
2020-21,203500,Steven Adams,1610612740,NOP,58,26,32,1605,1886,1227,111,7,13,175,275,133,0.059,0.071
2020-21,1629004,Svi Mykhailiuk,1610612760,OKC,66,13,53,1324,1299,1410,110,8,20,225,283,137,0.085,0.105
2020-21,1628388,T.J. Leaf,1610612757,POR,7,6,1,35,22,21,1,0,0,2,2,1,0.045,0.045
2020-21,204456,T.J. McConnell,1610612754,IND,69,33,36,1796,3658,3575,456,66,43,834,1207,564,0.125,0.154
2020-21,203933,T.J. Warren,1610612754,IND,4,3,1,117,90,118,5,0,1,9,13,6,0.056,0.067
2020-21,1629605,Tacko Fall,1610612738,BOS,19,13,6,136,85,72,3,0,0,8,9,3,0.035,0.035
2020-21,201959,Taj Gibson,1610612752,NYK,45,29,16,936,865,432,36,1,3,54,89,40,0.042,0.046
2020-21,1629659,Talen Horton-Tucker,1610612747,LAL,65,39,26,1304,1770,1814,181,15,25,318,435,216,0.102,0.122
2020-21,1627752,Taurean Prince,1610612739,CLE,41,15,26,905,839,860,76,14,7,140,195,96,0.091,0.114
2020-21,1629611,Terance Mann,1610612746,LAC,67,45,22,1263,1343,1256,104,8,14,204,283,126,0.077,0.094
2020-21,1629056,Terence Davis,1610612758,SAC,61,26,35,1074,992,1170,83,10,12,148,222,106,0.084,0.107
2020-21,1628390,Terrance Ferguson,1610612755,PHI,13,10,3,49,22,30,2,0,0,2,5,2,0.091,0.091
2020-21,203082,Terrence Ross,1610612753,ORL,46,16,30,1347,928,1333,108,10,14,224,274,132,0.116,0.142
2020-21,1626179,Terry Rozier,1610612766,CHA,69,32,37,2383,3072,3735,293,25,53,545,761,369,0.095,0.12
2020-21,201152,Thaddeus Young,1610612741,CHI,68,30,38,1652,2742,2200,291,26,26,469,741,343,0.106,0.125
2020-21,203648,Thanasis Antetokounmpo,1610612749,MIL,57,37,20,551,472,424,46,2,5,77,119,51,0.097,0.108
2020-21,1630177,Theo Maledon,1610612760,OKC,65,20,45,1778,2893,3137,227,18,28,457,583,268,0.078,0.093
2020-21,1629033,Theo Pinson,1610612752,NYK,17,9,8,34,38,40,1,0,1,3,3,2,0.026,0.053
2020-21,1628418,Thomas Bryant,1610612764,WAS,10,2,8,271,351,302,15,2,1,33,38,18,0.043,0.051
2020-21,1627748,Thon Maker,1610612739,CLE,8,3,5,76,69,53,4,1,0,7,10,5,0.058,0.072
2020-21,204025,Tim Frazier,1610612763,MEM,5,5,0,62,105,114,16,0,2,27,39,18,0.152,0.171
2020-21,203501,Tim Hardaway Jr.,1610612742,DAL,70,42,28,1985,1694,2041,126,9,24,227,319,156,0.074,0.092
2020-21,1627789,Timothe Luwawu-Cabarrot,1610612751,BKN,58,38,20,1050,1052,921,69,8,6,128,177,82,0.066,0.078
2020-21,202699,Tobias Harris,1610612755,PHI,62,44,18,2014,2768,2642,220,33,33,437,595,286,0.079,0.103
2020-21,203107,Tomas Satoransky,1610612741,CHI,58,25,33,1307,2287,2388,271,22,34,483,688,328,0.118,0.143
2020-21,1628396,Tony Bradley,1610612760,OKC,42,15,27,684,772,534,37,1,4,57,84,42,0.048,0.054
2020-21,203503,Tony Snell,1610612737,ATL,47,29,18,992,714,612,59,5,4,105,152,66,0.083,0.092
2020-21,1628470,Torrey Craig,1610612756,PHX,50,33,17,803,730,519,49,0,2,77,120,50,0.067,0.068
2020-21,1629027,Trae Young,1610612737,ATL,63,36,27,2125,3487,4693,594,73,72,1108,1528,736,0.17,0.211
2020-21,1630200,Tre Jones,1610612759,SAS,37,15,22,269,447,490,39,8,2,83,103,47,0.087,0.105
2020-21,1629682,Tremont Waters,1610612738,BOS,26,13,13,238,370,442,62,7,2,95,155,71,0.168,0.192
2020-21,1630235,Trent Forrest,1610612762,UTA,30,22,8,302,543,523,45,4,9,96,127,58,0.083,0.107
2020-21,2772,Trevor Ariza,1610612748,MIA,30,17,13,841,827,632,55,7,4,109,145,66,0.067,0.08
2020-21,203504,Trey Burke,1610612742,DAL,62,35,27,911,919,1188,81,7,13,172,220,101,0.088,0.11
2020-21,1626168,Trey Lyles,1610612759,SAS,23,10,13,358,428,254,14,4,1,42,38,19,0.033,0.044
2020-21,202684,Tristan Thompson,1610612738,BOS,54,27,27,1287,1225,994,67,8,9,125,185,84,0.055,0.069
2020-21,1628972,Troy Brown Jr.,1610612741,CHI,34,10,24,523,483,406,29,2,7,51,69,36,0.06,0.075
2020-21,1629660,Ty Jerome,1610612760,OKC,33,7,26,788,1194,1284,120,14,11,211,317,146,0.101,0.122
2020-21,1630234,Ty-Shon Alexander,1610612756,PHX,15,11,4,47,47,47,6,1,0,9,18,7,0.128,0.149
2020-21,1630189,Tyler Bey,1610612742,DAL,18,11,7,71,71,55,3,0,0,6,8,3,0.042,0.042
2020-21,1629076,Tyler Cook,1610612765,DET,32,11,21,437,415,305,17,1,1,46,46,20,0.041,0.048
2020-21,1629639,Tyler Herro,1610612748,MIA,54,29,25,1635,1915,2059,184,21,22,380,493,227,0.096,0.119
2020-21,204020,Tyler Johnson,1610612751,BKN,39,29,10,684,665,694,47,6,6,87,125,59,0.071,0.089
2020-21,1630179,Tyrell Terry,1610612742,DAL,11,2,9,56,98,90,6,2,1,18,15,9,0.061,0.092
2020-21,1630169,Tyrese Haliburton,1610612758,SAC,58,25,33,1746,2513,2545,309,41,32,566,794,384,0.123,0.153
2020-21,1630178,Tyrese Maxey,1610612755,PHI,61,41,20,936,1546,1726,120,15,22,232,317,156,0.078,0.101
2020-21,1626145,Tyus Jones,1610612763,MEM,70,36,34,1223,2247,2377,259,21,35,457,653,315,0.115,0.14
2020-21,1628962,Udoka Azubuike,1610612762,UTA,15,13,2,57,41,47,0,0,0,4,0,0,0,0
2020-21,2617,Udonis Haslem,1610612748,MIA,1,1,0,3,1,2,0,0,0,0,0,0,0,0
2020-21,1630176,Vernon Carey Jr.,1610612766,CHA,19,9,10,115,67,81,2,0,0,15,4,2,0.03,0.03
2020-21,203506,Victor Oladipo,1610612748,MIA,33,13,20,1080,1245,1627,151,12,30,247,390,189,0.121,0.152
2020-21,1629738,Vincent Poirier,1610612755,PHI,10,8,2,39,42,32,2,0,0,6,5,2,0.048,0.048
2020-21,1628427,Vlatko Cancar,1610612743,DEN,41,28,13,281,247,224,14,2,4,34,41,20,0.057,0.081
2020-21,201961,Wayne Ellington,1610612765,DET,46,13,33,1012,758,899,67,9,6,117,173,82,0.088,0.108
2020-21,1628976,Wendell Carter Jr.,1610612753,ORL,54,21,33,1375,1973,1400,104,5,11,170,264,120,0.053,0.061
2020-21,1629117,Wenyen Gabriel,1610612740,NOP,21,9,12,241,179,141,11,1,1,25,26,12,0.061,0.067
2020-21,1628411,Wes Iwundu,1610612740,NOP,41,17,24,539,440,320,18,2,3,48,46,23,0.041,0.052
2020-21,202083,Wesley Matthews,1610612747,LAL,58,33,25,1130,933,849,54,4,7,101,143,67,0.058,0.072
2020-21,203115,Will Barton,1610612743,DEN,56,37,19,1736,1762,2014,181,12,36,314,451,229,0.103,0.13
2020-21,1630266,Will Magnay,1610612740,NOP,1,1,0,3,0,2,0,,0,0,0,0,0,0
2020-21,1626161,Willie Cauley-Stein,1610612742,DAL,53,29,24,906,954,593,35,3,9,67,93,47,0.037,0.049
2020-21,1626195,Willy Hernangomez,1610612740,NOP,47,20,27,846,1133,756,50,7,3,107,136,60,0.044,0.053
2020-21,1630214,Xavier Tillman,1610612763,MEM,59,31,28,1085,1404,969,75,4,7,134,193,86,0.053,0.061
2020-21,1627812,Yogi Ferrell,1610612746,LAC,10,4,6,137,176,214,22,2,4,35,51,26,0.125,0.148
2020-21,1629139,Yuta Watanabe,1610612761,TOR,50,24,26,723,718,544,40,2,10,82,101,53,0.056,0.074
2020-21,203897,Zach LaVine,1610612741,CHI,58,26,32,2034,2328,3282,282,32,54,570,733,367,0.121,0.158
2020-21,1630192,Zeke Nnaji,1610612743,DEN,42,30,12,397,278,246,10,0,2,18,23,12,0.036,0.043
2020-21,1629627,Zion Williamson,1610612740,NOP,61,29,32,2026,2332,2625,226,20,23,431,605,266,0.097,0.114
2021-22,203932,Aaron Gordon,1610612743,DEN,75,46,29,2375,2021,2280,188,19,35,333,458,239,0.093,0.118
2021-22,1630565,Aaron Henry,1610612755,PHI,6,6,0,17,7,11,0,1,0,1,2,1,0,0.143
2021-22,1628988,Aaron Holiday,1610612756,PHX,63,34,29,1021,1482,1627,153,20,25,300,398,192,0.103,0.13
2021-22,1630174,Aaron Nesmith,1610612738,BOS,52,32,20,574,567,430,22,1,6,45,49,26,0.039,0.046
2021-22,1630598,Aaron Wiggins,1610612760,OKC,50,13,37,1209,806,883,68,4,5,129,168,77,0.084,0.096
2021-22,1627846,Abdel Nader,1610612756,PHX,14,11,3,145,83,84,7,0,0,12,20,7,0.084,0.084
2021-22,1630278,Ade Murkey,1610612758,SAC,1,0,1,1,0,0,0,,0,0,0,0,0,0
2021-22,1629678,Admiral Schofield,1610612753,ORL,38,10,28,469,559,367,25,3,1,49,67,29,0.045,0.052
2021-22,1629958,Ahmad Caver,1610612754,IND,1,0,1,1,1,2,0,1,0,1,2,1,0,1
2021-22,201143,Al Horford,1610612738,BOS,68,46,22,1974,2664,2110,231,22,27,380,584,278,0.087,0.104
2021-22,202692,Alec Burks,1610612752,NYK,80,36,44,2280,3379,3172,232,23,22,430,596,275,0.069,0.081
2021-22,1630758,Aleem Ford,1610612753,ORL,5,2,3,74,67,47,2,0,0,4,4,2,0.03,0.03
2021-22,1630197,Aleksej Pokusevski,1610612760,OKC,61,19,42,1233,1714,1485,131,16,13,241,354,159,0.076,0.093
2021-22,1627936,Alex Caruso,1610612741,CHI,41,24,17,1147,1669,1403,165,23,13,277,429,201,0.099,0.12
2021-22,203458,Alex Len,1610612758,SAC,39,17,22,620,694,564,45,0,6,73,118,51,0.065,0.073
2021-22,1628035,Alfonzo McKinnie,1610612741,CHI,17,8,9,206,153,124,5,0,0,8,11,5,0.033,0.033
2021-22,1628993,Alize Johnson,1610612740,NOP,23,14,9,167,190,109,9,1,5,15,24,15,0.047,0.079
2021-22,1630578,Alperen Sengun,1610612745,HOU,72,18,54,1489,1878,1842,185,19,16,350,492,220,0.099,0.117
2021-22,1629599,Amir Coffey,1610612746,LAC,68,33,35,1540,1372,1389,123,11,17,219,327,150,0.09,0.109
2021-22,203083,Andre Drummond,1610612751,BKN,73,42,31,1437,1493,1228,131,10,12,211,337,153,0.088,0.102
2021-22,2738,Andre Iguodala,1610612744,GSW,30,20,10,583,926,764,107,10,7,191,275,124,0.116,0.134
2021-22,203952,Andrew Wiggins,1610612744,GSW,72,47,25,2298,2049,2480,160,17,39,337,433,214,0.078,0.104
2021-22,1629014,Anfernee Simons,1610612757,POR,57,25,32,1681,2404,3008,221,26,37,479,588,286,0.092,0.119
2021-22,203076,Anthony Davis,1610612747,LAL,40,17,23,1404,1783,1797,122,11,15,239,329,148,0.068,0.083
2021-22,1630162,Anthony Edwards,1610612750,MIN,72,39,33,2466,2754,3441,275,13,49,568,714,329,0.1,0.119
2021-22,1630264,Anthony Gill,1610612764,WAS,44,15,29,463,365,353,27,0,3,43,64,29,0.074,0.079
2021-22,1630237,Anthony Lamb,1610612745,HOU,2,0,2,8,14,11,2,1,0,2,3,2,0.143,0.143
2021-22,1629717,Armoni Brooks,1610612761,TOR,54,20,34,844,905,881,62,8,10,126,161,80,0.069,0.088
2021-22,1629083,Arnoldas Kulboka,1610612766,CHA,2,2,0,5,2,2,0,0,0,0,0,0,0,0
2021-22,1630559,Austin Reaves,1610612747,LAL,61,28,33,1418,1483,1233,110,11,18,218,287,140,0.074,0.094
2021-22,203085,Austin Rivers,1610612743,DEN,67,41,26,1480,1239,1289,90,2,13,180,230,103,0.073,0.083
2021-22,202340,Avery Bradley,1610612747,LAL,62,27,35,1406,983,950,47,3,8,112,117,58,0.048,0.059
2021-22,1630245,Ayo Dosunmu,1610612741,CHI,77,42,35,2110,2451,2391,256,35,28,462,639,315,0.104,0.129
2021-22,1629168,BJ Johnson,1610612753,ORL,4,2,2,65,46,43,0,0,0,6,0,0,0,0
2021-22,1628389,Bam Adebayo,1610612748,MIA,56,36,20,1825,2514,2429,190,7,22,395,496,220,0.076,0.088
2021-22,203463,Ben McLemore,1610612757,POR,64,20,44,1285,1072,1320,59,3,16,104,152,78,0.055,0.073
2021-22,202687,Bismack Biyombo,1610612756,PHX,35,29,6,493,531,355,23,1,3,36,58,27,0.043,0.051
2021-22,201933,Blake Griffin,1610612751,BKN,56,29,27,958,1283,1036,105,1,11,174,257,117,0.082,0.091
2021-22,1626246,Boban Marjanovic,1610612742,DAL,23,15,8,128,109,129,3,0,2,6,8,5,0.028,0.046
2021-22,1626171,Bobby Portis Jr.,1610612749,MIL,72,46,26,2028,2132,1483,86,4,16,150,231,106,0.04,0.05
2021-22,203992,Bogdan Bogdanović,1610612737,ATL,63,33,30,1849,1728,1914,194,19,25,312,474,234,0.112,0.135
2021-22,202711,Bojan Bogdanovic,1610612762,UTA,69,45,24,2131,1573,2009,120,6,24,204,319,151,0.076,0.096
2021-22,1629626,Bol Bol,1610612753,ORL,14,5,9,81,73,70,5,0,0,12,13,5,0.068,0.068
2021-22,1630538,Bones Hyland,1610612743,DEN,69,41,28,1310,2198,2297,191,16,27,344,487,230,0.087,0.105
2021-22,202954,Brad Wanamaker,1610612764,WAS,23,10,13,320,574,572,55,7,6,108,146,68,0.096,0.118
2021-22,203078,Bradley Beal,1610612764,WAS,40,17,23,1439,1900,2484,265,23,34,481,673,322,0.139,0.169
2021-22,1630527,Brandon Boston Jr.,1610612746,LAC,50,26,24,740,674,705,50,4,12,89,126,66,0.074,0.098
2021-22,1629634,Brandon Clarke,1610612763,MEM,63,43,20,1224,1084,1007,84,4,11,139,203,96,0.077,0.089
2021-22,1629164,Brandon Goodwin,1610612739,CLE,36,19,17,502,1001,1115,91,13,14,190,248,119,0.091,0.119
2021-22,1627742,Brandon Ingram,1610612740,NOP,54,28,26,1834,2113,2819,301,21,57,580,787,381,0.142,0.18
2021-22,202688,Brandon Knight,1610612742,DAL,5,2,3,65,105,127,8,0,2,20,21,10,0.076,0.095
2021-22,1630314,Brandon Williams,1610612757,POR,24,2,22,640,1010,1183,94,7,10,207,237,110,0.093,0.109
2021-22,1630296,Braxton Key,1610612765,DET,11,5,6,197,259,189,11,1,7,27,27,19,0.042,0.073
2021-22,1630271,Brodric Thomas,1610612738,BOS,12,8,4,60,65,71,11,0,1,15,24,11,0.169,0.169
2021-22,201572,Brook Lopez,1610612749,MIL,13,10,3,298,159,220,6,0,1,13,14,7,0.038,0.044
2021-22,1628971,Bruce Brown,1610612751,BKN,72,37,35,1774,2007,1577,148,7,19,249,373,170,0.074,0.085
2021-22,1628981,Bruno Fernando,1610612745,HOU,30,15,15,153,194,134,7,0,1,12,16,8,0.036,0.041
2021-22,1627854,Bryn Forbes,1610612743,DEN,75,36,39,1286,1016,1447,75,13,11,172,195,96,0.074,0.094
2021-22,1627741,Buddy Hield,1610612754,IND,80,25,55,2469,2946,3134,225,28,43,413,579,296,0.076,0.1
2021-22,1629604,CJ Elleby,1610612757,POR,58,17,41,1174,986,831,87,7,8,160,217,102,0.088,0.103
2021-22,203468,CJ McCollum,1610612740,NOP,62,28,34,2145,2623,3566,315,44,45,618,826,400,0.12,0.152
2021-22,101139,CJ Miles,1610612738,BOS,1,1,0,2,1,1,0,0,0,1,0,0,0,0
2021-22,1630595,Cade Cunningham,1610612765,DET,63,20,43,2057,3355,3883,350,46,56,659,919,451,0.104,0.134
2021-22,1628997,Caleb Martin,1610612748,MIA,60,37,23,1372,1035,1007,64,5,8,130,171,75,0.062,0.072
2021-22,1629629,Cam Reddish,1610612752,NYK,49,20,29,1012,589,857,48,4,10,87,123,62,0.081,0.105
2021-22,1630560,Cam Thomas,1610612751,BKN,67,32,35,1176,1018,1126,78,6,9,143,187,91,0.077,0.089
2021-22,1629661,Cameron Johnson,1610612756,PHX,65,49,16,1695,1429,1383,98,9,12,209,236,113,0.069,0.079
2021-22,1630787,Cameron McGriff,1610612757,POR,3,0,3,46,38,23,3,1,0,6,10,4,0.079,0.105
2021-22,1628419,Cameron Oliver,1610612737,ATL,2,1,1,43,45,27,3,0,0,3,7,3,0.067,0.067
2021-22,1626166,Cameron Payne,1610612756,PHX,57,45,12,1260,2163,2385,278,24,37,508,721,337,0.129,0.156
2021-22,1627747,Caris LeVert,1610612739,CLE,58,23,35,1780,2497,3047,248,34,39,536,662,320,0.099,0.128
2021-22,1630637,Carlik Jones,1610612743,DEN,5,3,2,23,29,35,5,1,0,7,13,6,0.172,0.207
2021-22,2546,Carmelo Anthony,1610612747,LAL,69,27,42,1793,1456,1601,68,3,15,108,172,86,0.047,0.059
2021-22,1629035,Carsen Edwards,1610612765,DET,4,1,3,79,116,135,14,0,1,17,35,15,0.121,0.129
2021-22,1630199,Cassius Stanley,1610612765,DET,9,3,6,155,110,115,4,2,1,11,14,7,0.036,0.064
2021-22,1630216,Cassius Winston,1610612764,WAS,7,1,6,39,76,80,7,2,2,18,19,11,0.092,0.145
2021-22,1627760,Cat Barber,1610612737,ATL,3,0,3,13,21,24,3,0,1,5,8,4,0.143,0.19
2021-22,1626224,Cedi Osman,1610612739,CLE,66,37,29,1462,1596,1876,135,14,24,243,356,173,0.085,0.108
2021-22,1628990,Chandler Hutchison,1610612756,PHX,6,4,2,22,17,14,2,0,0,4,3,1,0.118,0.059
2021-22,1629646,Charles Bassey,1610612755,PHI,23,11,12,168,186,124,7,0,2,16,18,9,0.038,0.048
2021-22,1629718,Charlie Brown Jr.,1610612755,PHI,22,16,6,178,110,76,6,0,0,11,15,6,0.055,0.055
2021-22,1630602,Chaundee Brown Jr.,1610612737,ATL,5,1,4,104,78,63,4,0,1,7,9,5,0.051,0.064
2021-22,1627767,Cheick Diallo,1610612765,DET,3,0,3,31,43,24,0,0,0,2,0,0,0,0
2021-22,1629002,Chimezie Metu,1610612758,SAC,59,22,37,1276,1387,1069,60,7,8,109,162,76,0.043,0.055
2021-22,1628449,Chris Boucher,1610612761,TOR,80,48,32,1690,1355,1107,25,2,4,67,67,32,0.018,0.024
2021-22,1629185,Chris Chiozza,1610612744,GSW,33,21,12,368,714,711,63,5,3,127,162,71,0.088,0.099
2021-22,1630537,Chris Duarte,1610612754,IND,55,21,34,1541,1859,1924,114,17,17,212,300,148,0.061,0.08
2021-22,101108,Chris Paul,1610612756,PHX,64,52,12,2105,3644,3962,692,79,67,1253,1739,838,0.19,0.23
2021-22,1629735,Chris Silva,1610612748,MIA,10,7,3,91,118,52,7,0,0,12,18,7,0.059,0.059
2021-22,1626174,Christian Wood,1610612745,HOU,68,19,49,2094,2608,2219,155,22,25,303,423,204,0.059,0.078
2021-22,1629643,Chuma Okeke,1610612753,ORL,70,21,49,1749,1887,1426,118,8,13,240,304,139,0.063,0.074
2021-22,203991,Clint Capela,1610612737,ATL,74,40,34,2042,2121,1224,92,5,15,157,235,112,0.043,0.053
2021-22,1629632,Coby White,1610612741,CHI,61,32,29,1675,1913,2176,176,16,37,285,423,227,0.092,0.119
2021-22,1628998,Cody Martin,1610612766,CHA,70,41,29,1846,1878,1514,178,16,18,295,465,211,0.095,0.112
2021-22,203469,Cody Zeller,1610612757,POR,27,13,14,355,382,238,22,1,2,50,60,25,0.058,0.065
2021-22,1630175,Cole Anthony,1610612753,ORL,65,18,47,2059,3578,4153,369,30,43,724,946,438,0.103,0.122
2021-22,1629012,Collin Sexton,1610612739,CLE,11,7,4,316,309,453,23,2,6,65,59,31,0.074,0.1
2021-22,1630557,Corey Kispert,1610612764,WAS,77,31,46,1801,1433,1307,85,8,8,139,219,104,0.059,0.073
2021-22,202709,Cory Joseph,1610612765,DET,65,19,46,1600,2739,2827,237,23,33,518,621,291,0.087,0.106
2021-22,1628591,Craig Sword,1610612764,WAS,3,1,2,19,14,16,1,0,0,4,3,1,0.071,0.071
2021-22,1626156,D'Angelo Russell,1610612750,MIN,65,39,26,2077,3573,4113,460,48,47,821,1161,543,0.129,0.152
2021-22,201571,D.J. Augustin,1610612747,LAL,55,15,40,883,1354,1486,107,14,6,225,288,127,0.079,0.094
2021-22,1628391,D.J. Wilson,1610612761,TOR,4,2,2,54,75,45,5,0,0,8,11,5,0.067,0.067
2021-22,1629610,DaQuan Jeffries,1610612763,MEM,2,2,0,4,7,4,1,0,0,2,2,1,0.143,0.143
2021-22,1630227,Daishen Nix,1610612745,HOU,24,3,21,261,401,387,40,1,3,74,98,44,0.1,0.11
2021-22,1629751,Dakota Mathias,1610612763,MEM,5,4,1,13,12,12,1,0,0,3,2,1,0.083,0.083
2021-22,1630625,Dalano Banton,1610612761,TOR,64,37,27,696,1242,1157,99,15,7,211,261,120,0.08,0.097
2021-22,1627745,Damian Jones,1610612758,SAC,55,18,37,1015,1071,904,69,2,6,115,173,77,0.064,0.072
2021-22,203081,Damian Lillard,1610612757,POR,29,12,17,1056,1561,2077,212,30,37,385,554,279,0.136,0.179
2021-22,1627814,Damion Lee,1610612744,GSW,62,41,21,1227,1292,1223,60,3,10,136,158,73,0.046,0.057
2021-22,1628422,Damyean Dotson,1610612752,NYK,2,1,1,21,17,17,1,0,0,1,2,1,0.059,0.059
2021-22,1629655,Daniel Gafford,1610612764,WAS,72,30,42,1444,1684,1148,68,5,8,120,179,81,0.04,0.048
2021-22,1630187,Daniel Oturu,1610612761,TOR,3,1,2,27,19,16,0,0,0,1,0,0,0,0
2021-22,1628464,Daniel Theis,1610612738,BOS,47,20,27,977,974,822,41,6,4,99,113,51,0.042,0.052
2021-22,201568,Danilo Gallinari,1610612737,ATL,66,35,31,1672,1810,1547,101,9,12,194,254,122,0.056,0.067
2021-22,201980,Danny Green,1610612755,PHI,62,37,25,1353,1329,954,64,5,14,104,166,83,0.048,0.062
2021-22,1627863,Danuel House Jr.,1610612762,UTA,42,18,24,727,655,526,44,4,4,79,115,52,0.067,0.079
2021-22,1629647,Darius Bazley,1610612760,OKC,69,19,50,1924,2162,1743,97,9,17,212,262,122,0.045,0.056
2021-22,1629636,Darius Garland,1610612739,CLE,68,37,31,2430,4075,5280,583,87,77,1063,1496,744,0.143,0.183
2021-22,201954,Darren Collison,1610612747,LAL,3,1,2,37,37,37,2,0,0,8,5,2,0.054,0.054
2021-22,1630561,David Duke Jr.,1610612751,BKN,22,10,12,341,287,255,17,2,5,35,38,22,0.059,0.077
2021-22,1630525,David Johnson,1610612761,TOR,2,2,0,2,1,2,0,0,0,0,0,0,0,0
2021-22,1628021,David Nwaba,1610612745,HOU,46,6,40,609,529,376,35,4,4,66,91,43,0.066,0.081
2021-22,1630558,Davion Mitchell,1610612758,SAC,74,27,47,2051,2584,3162,309,29,37,575,800,371,0.12,0.144
2021-22,202722,Davis Bertans,1610612742,DAL,56,32,24,806,627,621,31,5,11,52,84,48,0.049,0.077
2021-22,1628432,Davon Reed,1610612743,DEN,48,29,19,668,871,696,53,4,4,99,140,60,0.061,0.069
2021-22,1630549,Day'Ron Sharpe,1610612751,BKN,32,12,20,391,414,307,17,1,6,41,39,23,0.041,0.056
2021-22,1628368,De'Aaron Fox,1610612758,SAC,58,21,37,2054,3228,4000,321,34,43,631,820,392,0.099,0.121
2021-22,1629631,De'Andre Hunter,1610612737,ATL,53,28,25,1577,960,1191,68,5,6,117,178,78,0.071,0.081
2021-22,1629001,De'Anthony Melton,1610612763,MEM,72,48,24,1636,2171,2030,188,15,33,344,449,230,0.087,0.106
2021-22,201599,DeAndre Jordan,1610612755,PHI,48,26,22,622,590,322,21,0,6,34,53,27,0.036,0.046
2021-22,1627761,DeAndre' Bembry,1610612749,MIL,56,31,25,1026,867,653,66,3,6,104,164,75,0.076,0.087
2021-22,1630610,DeJon Jarreau,1610612754,IND,1,0,1,1,2,1,0,0,0,1,0,0,0,0
2021-22,201942,DeMar DeRozan,1610612741,CHI,76,43,33,2743,2542,4060,374,22,73,746,989,466,0.147,0.183
2021-22,202326,DeMarcus Cousins,1610612743,DEN,48,33,15,717,1031,928,71,13,12,149,201,95,0.069,0.092
2021-22,1629731,Dean Wade,1610612739,CLE,51,27,24,980,1016,724,52,4,10,109,139,66,0.051,0.065
2021-22,1629028,Deandre Ayton,1610612756,PHX,58,46,12,1713,1619,1288,84,8,13,122,225,104,0.052,0.064
2021-22,1629686,Deividas Sirvydis,1610612765,DET,3,1,2,27,22,16,1,0,0,2,2,1,0.045,0.045
2021-22,1627749,Dejounte Murray,1610612759,SAS,68,30,38,2366,4203,4892,627,64,43,1168,1581,733,0.149,0.174
2021-22,1626153,Delon Wright,1610612737,ATL,77,42,35,1453,2141,1948,188,14,26,370,503,228,0.088,0.106
2021-22,1630166,Deni Avdija,1610612764,WAS,82,35,47,1984,2309,1785,167,22,23,309,426,212,0.072,0.092
2021-22,203471,Dennis Schröder,1610612745,HOU,63,32,31,1810,3161,3564,293,22,60,553,750,375,0.093,0.119
2021-22,1628372,Dennis Smith Jr.,1610612757,POR,37,15,22,639,1214,1286,132,15,16,295,356,163,0.109,0.134
2021-22,1627756,Denzel Valentine,1610612762,UTA,24,14,10,222,242,234,11,2,2,35,32,15,0.045,0.062
2021-22,202324,Derrick Favors,1610612760,OKC,39,15,24,652,764,637,25,0,3,47,62,27,0.033,0.035
2021-22,1627884,Derrick Jones Jr.,1610612741,CHI,51,28,23,899,785,468,30,0,2,60,72,31,0.038,0.039
2021-22,201565,Derrick Rose,1610612752,NYK,26,11,15,636,1034,1178,103,7,9,203,262,120,0.1,0.116
2021-22,1628476,Derrick Walton Jr.,1610612765,DET,3,1,2,108,188,200,21,1,1,39,54,23,0.112,0.122
2021-22,1628401,Derrick White,1610612738,BOS,75,40,35,2199,2732,3147,366,42,36,651,919,441,0.134,0.161
2021-22,1630217,Desmond Bane,1610612763,MEM,76,53,23,2266,3035,3065,208,18,43,391,552,270,0.069,0.089
2021-22,1626164,Devin Booker,1610612756,PHX,67,55,12,2311,1892,3172,325,20,51,566,789,383,0.172,0.202
2021-22,1629962,Devin Cannady,1610612753,ORL,5,2,3,145,120,121,10,1,0,15,26,11,0.083,0.092
2021-22,1630170,Devin Vassell,1610612759,SAS,71,29,42,1937,1703,1685,136,13,25,247,352,172,0.08,0.101
2021-22,1629653,Devon Dotson,1610612741,CHI,11,5,6,85,136,137,15,2,2,26,40,19,0.11,0.14
2021-22,1629719,Devontae Cacok,1610612759,SAS,15,5,10,121,166,84,6,2,0,12,16,8,0.036,0.048
2021-22,1628984,Devonte' Graham,1610612740,NOP,75,33,42,2133,3490,3831,315,38,33,581,813,386,0.09,0.111
2021-22,203473,Dewayne Dedmon,1610612748,MIA,67,43,24,1065,1258,794,47,0,11,88,114,58,0.037,0.046
2021-22,1629712,Didi Louzada,1610612757,POR,9,0,9,129,112,93,5,0,0,13,11,5,0.045,0.045
2021-22,1628415,Dillon Brooks,1610612763,MEM,31,21,10,861,749,1070,83,7,10,135,204,102,0.111,0.136
2021-22,1627734,Domantas Sabonis,1610612758,SAC,62,21,41,2136,3688,2975,323,23,18,580,831,359,0.088,0.097
2021-22,1628378,Donovan Mitchell,1610612762,UTA,67,41,26,2266,2792,4082,358,41,57,676,969,455,0.128,0.163
2021-22,1628978,Donte DiVincenzo,1610612758,SAC,42,21,21,1005,1273,1231,118,27,23,203,301,162,0.093,0.127
2021-22,1627827,Dorian Finney-Smith,1610612742,DAL,80,51,29,2644,2459,2222,150,12,24,296,391,188,0.061,0.076
2021-22,203926,Doug McDermott,1610612759,SAS,51,21,30,1223,979,1048,64,7,20,113,162,90,0.065,0.092
2021-22,203110,Draymond Green,1610612744,GSW,46,34,12,1329,2770,2158,320,39,22,648,850,382,0.116,0.138
2021-22,1629234,Drew Eubanks,1610612757,POR,71,19,52,1245,1600,1173,85,4,6,169,215,94,0.053,0.059
2021-22,1630613,Duane Washington Jr.,1610612754,IND,48,12,36,968,822,1075,85,11,13,137,209,109,0.103,0.133
2021-22,1629130,Duncan Robinson,1610612748,MIA,79,52,27,2043,1825,2050,129,13,30,255,317,171,0.071,0.094
2021-22,2730,Dwight Howard,1610612747,LAL,60,21,39,971,1060,589,35,2,7,60,86,44,0.033,0.042
2021-22,203939,Dwight Powell,1610612742,DAL,82,52,30,1798,1903,1402,97,5,17,152,249,121,0.051,0.064
2021-22,1629685,Dylan Windler,1610612739,CLE,50,28,22,459,523,379,34,4,5,51,85,43,0.065,0.082
2021-22,202334,Ed Davis,1610612739,CLE,31,15,16,201,258,120,7,0,1,10,17,8,0.027,0.031
2021-22,203901,Elfrid Payton,1610612756,PHX,49,38,11,535,799,834,98,13,9,199,252,120,0.123,0.15
2021-22,1630190,Elijah Hughes,1610612757,POR,36,15,21,434,418,353,22,5,6,60,63,33,0.053,0.079
2021-22,1629150,Emanuel Terry,1610612756,PHX,3,2,1,18,22,9,2,0,0,3,4,2,0.091,0.091
2021-22,1626144,Emmanuel Mudiay,1610612758,SAC,2,0,2,11,23,28,4,0,0,5,11,5,0.174,0.217
2021-22,202683,Enes Freedom,1610612738,BOS,34,20,14,400,332,222,8,0,2,16,19,10,0.024,0.03
2021-22,202339,Eric Bledsoe,1610612757,POR,53,27,26,1325,2201,2329,222,22,28,445,586,272,0.101,0.124
2021-22,201569,Eric Gordon,1610612745,HOU,57,19,38,1670,1831,2068,154,25,22,326,420,199,0.084,0.109
2021-22,1629672,Eric Paschall,1610612762,UTA,58,36,22,736,747,564,36,2,6,77,97,44,0.048,0.059
2021-22,1630647,Eugene Omoruyi,1610612742,DAL,4,1,3,18,25,17,2,1,1,4,5,4,0.08,0.16
2021-22,203095,Evan Fournier,1610612752,NYK,79,35,44,2316,1891,2340,169,23,27,331,438,217,0.089,0.115
2021-22,1630596,Evan Mobley,1610612739,CLE,69,40,29,2331,2869,2253,174,25,16,366,461,214,0.061,0.075
2021-22,1630267,Facundo Campazzo,1610612743,DEN,65,38,27,1184,2145,2195,220,30,21,430,606,271,0.103,0.126
2021-22,1630624,Feron Hunt,1610612752,NYK,2,2,0,8,8,9,1,0,0,2,2,1,0.125,0.125
2021-22,1628402,Frank Jackson,1610612765,DET,53,9,44,1164,812,1106,55,5,10,100,143,69,0.068,0.085
2021-22,1626163,Frank Kaminsky,1610612756,PHX,9,8,1,181,233,183,13,1,3,30,35,18,0.056,0.077
2021-22,1628373,Frank Ntilikina,1610612742,DAL,58,34,24,685,866,876,69,8,9,134,176,86,0.08,0.099
2021-22,1630532,Franz Wagner,1610612753,ORL,79,21,58,2429,2352,2624,231,23,24,446,591,278,0.098,0.118
2021-22,1627832,Fred VanVleet,1610612761,TOR,65,39,26,2462,4051,4634,434,46,62,848,1101,540,0.107,0.133
2021-22,1630273,Freddie Gillespie,1610612753,ORL,9,1,8,119,120,78,5,1,0,14,16,6,0.042,0.05
2021-22,1627788,Furkan Korkmaz,1610612755,PHI,67,44,23,1414,1485,1663,127,12,14,226,328,151,0.086,0.102
2021-22,1629216,Gabe Vincent,1610612748,MIA,68,47,21,1589,2389,2578,210,27,30,416,559,264,0.088,0.111
2021-22,1628221,Gabe York,1610612754,IND,2,0,2,21,19,22,4,1,0,5,10,5,0.211,0.263
2021-22,1630466,Gabriel Deck,1610612760,OKC,7,2,5,56,39,43,5,1,0,7,15,6,0.128,0.154
2021-22,1630994,Gabriel Lundberg,1610612756,PHX,4,1,3,44,68,71,11,0,0,20,29,11,0.162,0.162
2021-22,202066,Garrett Temple,1610612740,NOP,58,22,36,1080,986,946,72,10,11,139,192,93,0.073,0.094
2021-22,1629726,Garrison Mathews,1610612745,HOU,65,19,46,1712,1196,1166,64,4,13,127,161,81,0.054,0.068
2021-22,1629109,Gary Clark,1610612740,NOP,37,19,18,363,332,235,18,0,3,30,49,22,0.054,0.066
2021-22,203914,Gary Harris,1610612753,ORL,61,16,45,1730,1083,1453,108,5,17,229,268,128,0.1,0.118
2021-22,1627780,Gary Payton II,1610612744,GSW,70,47,23,1234,1139,912,64,6,18,152,170,89,0.056,0.078
2021-22,1629018,Gary Trent Jr.,1610612761,TOR,70,44,26,2448,1668,2370,141,6,27,273,360,174,0.085,0.104
2021-22,201588,George Hill,1610612749,MIL,54,36,18,1253,1621,1560,120,10,10,218,316,139,0.074,0.086
2021-22,1628994,George King,1610612742,DAL,4,2,2,19,12,12,0,0,0,1,0,0,0,0
2021-22,1627777,Georges Niang,1610612755,PHI,76,48,28,1736,2111,1532,102,14,14,194,266,131,0.048,0.062
2021-22,1630686,Georgios Kalaitzakis,1610612760,OKC,13,8,5,213,184,221,12,0,1,21,29,13,0.065,0.071
2021-22,203507,Giannis Antetokounmpo,1610612749,MIL,67,45,22,2204,2940,3304,388,18,42,765,1058,448,0.132,0.152
2021-22,1629048,Goga Bitadze,1610612754,IND,50,17,33,729,858,731,55,5,9,91,142,69,0.064,0.08
2021-22,201609,Goran Dragic,1610612751,BKN,21,10,11,498,892,840,86,7,13,142,221,107,0.096,0.12
2021-22,202330,Gordon Hayward,1610612766,CHA,48,26,22,1529,1795,1803,175,18,24,328,474,218,0.097,0.121
2021-22,203476,Gorgui Dieng,1610612737,ATL,44,23,21,371,519,405,34,3,4,55,87,41,0.066,0.079
2021-22,1629684,Grant Williams,1610612738,BOS,76,49,27,1860,1526,1239,76,2,16,151,199,94,0.05,0.062
2021-22,1628960,Grayson Allen,1610612749,MIL,66,43,23,1805,1110,1270,100,12,17,219,268,129,0.09,0.116
2021-22,1630535,Greg Brown III,1610612757,POR,48,14,34,640,511,409,35,5,1,59,91,41,0.068,0.08
2021-22,202328,Greg Monroe,1610612750,MIN,14,7,7,195,198,165,22,1,2,32,58,25,0.111,0.126
2021-22,1628977,Hamidou Diallo,1610612765,DET,57,14,43,1244,1416,1248,72,3,16,159,189,91,0.051,0.064
2021-22,203084,Harrison Barnes,1610612758,SAC,76,26,50,2550,2376,2073,182,14,19,312,452,210,0.077,0.088
2021-22,202355,Hassan Whiteside,1610612762,UTA,65,40,25,1162,551,483,26,4,1,43,76,31,0.047,0.056
2021-22,1629755,Hassani Gravett,1610612753,ORL,8,2,6,171,268,264,20,4,0,46,58,24,0.075,0.09
2021-22,1629312,Haywood Highsmith,1610612748,MIA,19,13,6,163,137,105,6,1,0,17,17,7,0.044,0.051
2021-22,1630529,Herbert Jones,1610612740,NOP,77,35,42,2298,2047,1847,165,21,20,299,417,203,0.081,0.099
2021-22,1629649,Ignas Brazdeikis,1610612753,ORL,42,9,33,536,429,459,37,0,2,87,95,39,0.086,0.091
2021-22,1630193,Immanuel Quickley,1610612752,NYK,77,34,43,1777,2600,3040,272,33,28,492,701,330,0.105,0.127
2021-22,1629067,Isaac Bonga,1610612761,TOR,15,9,6,69,45,30,4,0,0,4,5,2,0.089,0.044
2021-22,1630171,Isaac Okoro,1610612739,CLE,67,34,33,1981,1491,1543,121,9,14,241,314,143,0.081,0.096
2021-22,1628392,Isaiah Hartenstein,1610612746,LAC,68,37,31,1216,1596,1380,160,14,11,269,407,184,0.1,0.115
2021-22,1630543,Isaiah Jackson,1610612754,IND,36,9,27,541,441,397,10,2,4,25,29,16,0.023,0.036
2021-22,1630198,Isaiah Joe,1610612755,PHI,55,35,20,609,556,601,35,5,8,61,90,48,0.063,0.086
2021-22,1630587,Isaiah Livers,1610612765,DET,19,8,11,383,398,332,21,1,3,46,58,25,0.053,0.063
2021-22,1629676,Isaiah Roby,1610612760,OKC,45,10,35,948,1265,1036,71,6,6,132,181,82,0.056,0.065
2021-22,1630191,Isaiah Stewart,1610612765,DET,70,21,49,1795,1914,1371,82,8,7,156,220,98,0.043,0.051
2021-22,202738,Isaiah Thomas,1610612766,CHA,22,12,10,333,464,570,34,7,1,56,89,42,0.073,0.091
2021-22,1630225,Isaiah Todd,1610612764,WAS,12,1,11,74,71,67,4,0,0,2,9,4,0.056,0.056
2021-22,202397,Ish Smith,1610612764,WAS,64,27,37,1114,2105,2242,243,26,21,461,606,282,0.115,0.134
2021-22,1630688,Ish Wainright,1610612756,PHX,44,35,9,348,284,262,14,0,1,34,35,15,0.049,0.053
2021-22,1627826,Ivica Zubac,1610612746,LAC,76,40,36,1852,2217,1470,120,5,15,202,295,141,0.054,0.064
2021-22,1630550,JT Thor,1610612766,CHA,33,18,15,262,230,173,19,3,0,33,52,22,0.083,0.096
2021-22,1629630,Ja Morant,1610612763,MEM,56,35,21,1864,2664,3651,378,37,52,709,947,463,0.142,0.174
2021-22,203210,JaMychal Green,1610612743,DEN,67,36,31,1085,1083,900,59,6,4,111,158,67,0.054,0.062
2021-22,1630605,JaQuori McLaughlin,1610612742,DAL,4,2,2,11,13,15,2,0,0,2,5,2,0.154,0.154
2021-22,201580,JaVale McGee,1610612756,PHX,74,57,17,1172,1247,829,42,3,5,82,101,50,0.034,0.04
2021-22,203953,Jabari Parker,1610612738,BOS,12,4,8,112,106,81,6,1,1,8,16,8,0.057,0.075
2021-22,1630183,Jaden McDaniels,1610612750,MIN,70,40,30,1803,1726,1153,79,8,15,161,205,102,0.046,0.059
2021-22,1630531,Jaden Springer,1610612755,PHI,2,2,0,6,4,3,0,0,0,1,0,0,0,0
2021-22,203109,Jae Crowder,1610612756,PHX,67,54,13,1886,2444,1549,124,18,15,212,311,152,0.051,0.062
2021-22,1630256,Jae'Sean Tate,1610612745,HOU,78,19,59,2056,2228,2074,222,22,18,460,601,259,0.1,0.116
2021-22,1630186,Jahmi'us Ramsey,1610612758,SAC,19,2,17,134,106,141,7,1,3,17,18,11,0.066,0.104
2021-22,1630693,Jaime Echenique,1610612764,WAS,1,1,0,3,0,0,0,,0,0,0,0,0,0
2021-22,1627774,Jake Layman,1610612750,MIN,34,20,14,231,179,171,9,1,2,24,23,12,0.05,0.067
2021-22,1627751,Jakob Poeltl,1610612759,SAS,68,30,38,1970,3024,2024,189,7,19,318,463,215,0.063,0.071
2021-22,1628973,Jalen Brunson,1610612742,DAL,79,50,29,2524,3938,4441,377,35,61,801,1009,470,0.096,0.119
2021-22,1630224,Jalen Green,1610612745,HOU,67,12,55,2138,1943,2570,176,23,26,340,461,225,0.091,0.116
2021-22,1630552,Jalen Johnson,1610612737,ATL,22,14,8,120,116,95,3,1,1,13,10,5,0.026,0.043
2021-22,1629667,Jalen McDaniels,1610612766,CHA,54,34,20,881,983,761,58,5,7,109,152,70,0.059,0.071
2021-22,1630188,Jalen Smith,1610612754,IND,50,28,22,891,893,695,23,2,7,49,55,32,0.026,0.036
2021-22,1630591,Jalen Suggs,1610612753,ORL,48,16,32,1307,2043,2252,209,18,16,395,553,243,0.102,0.119
2021-22,1630547,James Bouknight,1610612766,CHA,30,15,15,301,278,351,26,1,1,44,65,28,0.094,0.101
2021-22,203516,James Ennis III,1610612743,DEN,7,3,4,56,38,45,3,1,1,6,9,5,0.079,0.132
2021-22,201935,James Harden,1610612755,PHI,65,40,25,2420,4172,4795,667,74,66,1194,1673,807,0.16,0.193
2021-22,201949,James Johnson,1610612751,BKN,62,30,32,1191,1062,975,130,9,5,222,314,136,0.122,0.128
2021-22,1630691,Jamorko Pickett,1610612765,DET,13,4,9,176,162,137,7,1,2,13,19,10,0.043,0.062
2021-22,1630215,Jared Butler,1610612762,UTA,42,31,11,360,428,545,63,11,6,108,170,80,0.147,0.187
2021-22,1629607,Jared Harper,1610612740,NOP,5,2,3,43,88,107,14,1,2,25,41,17,0.159,0.193
2021-22,1628991,Jaren Jackson Jr.,1610612763,MEM,77,52,25,2100,1495,1915,86,13,15,165,220,113,0.058,0.076
2021-22,1629020,Jarred Vanderbilt,1610612750,MIN,74,41,33,1881,1831,796,94,5,15,182,248,113,0.051,0.062
2021-22,1628386,Jarrett Allen,1610612739,CLE,56,35,21,1810,1999,1457,92,10,26,186,240,128,0.046,0.064
2021-22,1629633,Jarrett Culver,1610612763,MEM,36,27,9,333,363,403,31,5,4,70,74,39,0.085,0.107
2021-22,1629600,Jarron Cumberland,1610612757,POR,3,0,3,12,9,5,1,0,0,2,2,1,0.111,0.111
2021-22,1629602,Javin DeLaurier,1610612749,MIL,1,1,0,3,4,0,0,0,0,0,0,0,0,0
2021-22,1629750,Javonte Green,1610612741,CHI,65,38,27,1519,1313,805,60,3,6,108,149,68,0.046,0.052
2021-22,1630606,Javonte Smart,1610612748,MIA,17,11,6,200,215,241,16,1,4,32,42,21,0.074,0.098
2021-22,1629637,Jaxson Hayes,1610612740,NOP,69,28,41,1386,1144,1070,43,7,9,96,111,59,0.038,0.052
2021-22,1630643,Jay Huff,1610612747,LAL,4,0,4,20,21,17,1,0,0,8,3,1,0.048,0.048
2021-22,1630206,Jay Scrubb,1610612746,LAC,17,8,9,119,94,109,8,1,1,13,18,10,0.085,0.106
2021-22,1627759,Jaylen Brown,1610612738,BOS,65,43,22,2186,2271,2921,230,17,49,413,578,289,0.101,0.127
2021-22,1629658,Jaylen Hoard,1610612760,OKC,7,2,5,240,389,278,17,4,2,39,50,23,0.044,0.059
2021-22,1628537,Jaylen Morris,1610612759,SAS,3,0,3,16,17,22,2,0,0,4,9,3,0.118,0.176
2021-22,1629669,Jaylen Nowell,1610612750,MIN,62,37,25,975,1199,1364,130,11,14,217,333,153,0.108,0.128
2021-22,1629873,Jaysean Paige,1610612765,DET,1,1,0,7,9,11,1,0,0,1,3,1,0.111,0.111
2021-22,1628369,Jayson Tatum,1610612738,BOS,75,49,26,2691,3426,3957,325,24,69,651,849,414,0.095,0.121
2021-22,1630288,Jeff Dowtin Jr.,1610612753,ORL,9,4,5,108,145,153,10,0,2,22,27,12,0.069,0.083
2021-22,201145,Jeff Green,1610612743,DEN,75,44,31,1849,1449,1544,96,2,15,171,226,111,0.066,0.077
2021-22,1629203,Jemerrio Jones,1610612747,LAL,2,0,2,15,14,6,0,0,1,1,0,1,0,0.071
2021-22,203924,Jerami Grant,1610612765,DET,47,11,36,1500,1816,2059,111,5,26,250,290,142,0.061,0.078
2021-22,1630526,Jeremiah Robinson-Earl,1610612760,OKC,49,15,34,1087,1306,1068,49,1,8,113,130,57,0.038,0.044
2021-22,203087,Jeremy Lamb,1610612758,SAC,56,23,33,936,1198,1187,81,6,8,153,194,92,0.068,0.077
2021-22,1630579,Jericho Sims,1610612752,NYK,41,19,22,555,560,248,21,3,5,35,69,30,0.038,0.054
2021-22,1628975,Jevon Carter,1610612749,MIL,66,39,27,905,1151,1083,96,11,13,145,246,119,0.083,0.103
2021-22,202710,Jimmy Butler III,1610612748,MIA,57,38,19,1931,2617,3076,312,23,36,610,830,372,0.119,0.142
2021-22,1629111,Jock Landale,1610612759,SAS,54,24,30,589,758,586,45,2,4,77,113,51,0.059,0.067
2021-22,203925,Joe Harris,1610612751,BKN,14,10,4,423,331,300,14,1,1,30,34,15,0.042,0.045
2021-22,204060,Joe Ingles,1610612757,POR,45,28,17,1122,1604,1494,158,25,14,309,435,197,0.099,0.123
2021-22,2207,Joe Johnson,1610612738,BOS,1,1,0,2,4,5,0,0,0,0,0,0,0,0
2021-22,1630580,Joe Wieskamp,1610612759,SAS,29,11,18,205,141,157,9,0,2,19,22,11,0.064,0.078
2021-22,1630555,Joel Ayayi,1610612764,WAS,7,1,6,20,28,26,4,2,0,8,13,6,0.143,0.214
2021-22,203954,Joel Embiid,1610612755,PHI,68,45,23,2296,3139,3706,284,9,39,474,718,331,0.09,0.105
2021-22,1628381,John Collins,1610612737,ATL,54,26,28,1663,2044,1497,98,6,7,143,239,113,0.048,0.055
2021-22,1629723,John Konchar,1610612763,MEM,72,48,24,1292,1623,1084,109,16,11,247,296,135,0.067,0.083
2021-22,1630257,Jon Teske,1610612763,MEM,2,2,0,5,2,1,0,0,0,0,0,0,0,0
2021-22,202685,Jonas Valanciunas,1610612740,NOP,73,33,40,2209,3484,2853,186,16,18,322,464,219,0.053,0.063
2021-22,1630228,Jonathan Kuminga,1610612744,GSW,69,44,25,1165,1153,1200,63,4,16,136,162,83,0.055,0.072
2021-22,1628395,Jordan Bell,1610612741,CHI,1,1,0,2,5,0,0,0,0,0,0,0,0,0
2021-22,203903,Jordan Clarkson,1610612762,UTA,79,47,32,2141,1679,2404,194,25,27,340,515,245,0.116,0.146
2021-22,1630692,Jordan Goodwin,1610612764,WAS,2,1,1,6,11,11,0,0,0,0,0,0,0,0
2021-22,1629162,Jordan McLaughlin,1610612750,MIN,62,36,26,902,1573,1526,180,20,21,341,486,219,0.114,0.139
2021-22,1629670,Jordan Nwora,1610612749,MIL,62,34,28,1185,952,954,59,3,12,111,158,75,0.062,0.079
2021-22,1629673,Jordan Poole,1610612744,GSW,75,49,26,2251,3274,4055,299,24,60,548,754,382,0.091,0.117
2021-22,1630648,Jordan Schakel,1610612764,WAS,4,1,3,30,28,27,0,0,0,1,0,0,0,0
2021-22,1630631,Jose Alvarado,1610612740,NOP,53,24,29,823,1431,1431,151,21,13,290,389,184,0.106,0.129
2021-22,1630528,Josh Christopher,1610612745,HOU,74,18,56,1334,1529,1659,150,15,16,281,389,182,0.098,0.119
2021-22,1630581,Josh Giddey,1610612760,OKC,54,17,37,1700,3232,2852,345,27,25,626,863,391,0.107,0.121
2021-22,1630182,Josh Green,1610612742,DAL,67,44,23,1039,796,763,79,8,13,149,212,102,0.099,0.128
2021-22,1628404,Josh Hart,1610612757,POR,53,19,34,1757,2111,1972,222,19,21,448,564,263,0.105,0.125
2021-22,1628367,Josh Jackson,1610612758,SAC,50,12,38,814,880,851,54,11,7,130,153,73,0.061,0.083
2021-22,1629006,Josh Okogie,1610612750,MIN,49,23,26,516,256,258,25,2,4,49,67,31,0.098,0.121
2021-22,1626196,Josh Richardson,1610612759,SAS,64,38,26,1584,1871,1751,115,13,25,228,301,153,0.061,0.082
2021-22,1630563,Joshua Primo,1610612759,SAS,50,22,28,965,853,930,81,10,8,177,210,99,0.095,0.116
2021-22,201950,Jrue Holiday,1610612749,MIL,67,47,20,2207,3384,3913,457,51,61,903,1205,569,0.135,0.168
2021-22,1629308,Juan Toscano-Anderson,1610612744,GSW,73,51,22,994,1724,1442,127,12,28,267,337,167,0.074,0.097
2021-22,1627823,Juancho Hernangomez,1610612762,UTA,40,20,20,445,430,283,20,2,2,52,58,24,0.047,0.056
2021-22,203944,Julius Randle,1610612752,NYK,71,31,40,2506,3642,3971,368,27,29,731,1021,424,0.101,0.116
2021-22,1626147,Justin Anderson,1610612754,IND,16,3,13,316,347,315,33,0,3,46,88,36,0.095,0.104
2021-22,1630551,Justin Champagnie,1610612761,TOR,36,21,15,281,267,147,11,1,1,20,29,13,0.041,0.049
2021-22,203200,Justin Holiday,1610612758,SAC,74,25,49,2057,1690,1950,128,11,22,216,298,157,0.076,0.093
2021-22,1628382,Justin Jackson,1610612756,PHX,6,5,1,31,25,27,2,0,0,3,5,2,0.08,0.08
2021-22,1629620,Justin Robinson,1610612765,DET,24,13,11,295,436,470,29,5,5,66,79,38,0.067,0.087
2021-22,1626159,Justise Winslow,1610612757,POR,47,24,23,761,898,655,82,9,9,133,209,100,0.091,0.111
2021-22,203994,Jusuf Nurkić,1610612757,POR,56,25,31,1578,2374,1920,157,9,14,304,418,182,0.066,0.077
2021-22,1629752,Juwan Morgan,1610612738,BOS,2,1,1,31,27,11,1,0,0,1,2,1,0.037,0.037
2021-22,1630231,KJ Martin,1610612745,HOU,79,20,59,1656,1835,1511,101,11,15,199,281,127,0.055,0.069
2021-22,1629644,KZ Okpala,1610612748,MIA,21,14,7,244,231,204,14,2,3,34,41,19,0.061,0.082
2021-22,1630539,Kai Jones,1610612766,CHA,20,14,6,61,53,46,4,2,0,5,12,6,0.075,0.113
2021-22,1626157,Karl-Anthony Towns,1610612750,MIN,74,44,30,2475,2796,3240,269,26,29,518,712,322,0.096,0.115
2021-22,1626208,Keifer Sykes,1610612754,IND,32,6,26,566,800,902,62,6,6,132,169,75,0.078,0.094
2021-22,1628966,Keita Bates-Diop,1610612759,SAS,59,23,36,957,733,587,41,3,4,76,103,47,0.056,0.064
2021-22,1629103,Kelan Martin,1610612738,BOS,30,14,16,450,374,380,21,4,4,46,57,28,0.056,0.075
2021-22,1629640,Keldon Johnson,1610612759,SAS,75,33,42,2392,2534,2329,158,13,26,295,413,197,0.062,0.078
2021-22,1629833,Keljin Blevins,1610612757,POR,31,4,27,349,281,262,19,0,4,40,49,23,0.068,0.082
2021-22,203482,Kelly Olynyk,1610612765,DET,40,13,27,764,1301,1157,111,14,12,210,302,137,0.085,0.105
2021-22,1626162,Kelly Oubre Jr.,1610612766,CHA,75,39,36,1985,1354,1755,84,4,20,139,209,108,0.062,0.08
2021-22,202689,Kemba Walker,1610612752,NYK,37,16,21,948,1682,1792,131,9,25,240,347,166,0.078,0.099
2021-22,1629026,Kenrich Williams,1610612760,OKC,49,17,32,1072,1136,1075,108,9,12,207,274,130,0.095,0.114
2021-22,203145,Kent Bazemore,1610612747,LAL,39,16,23,545,505,408,34,1,4,59,84,39,0.067,0.077
2021-22,203484,Kentavious Caldwell-Pope,1610612764,WAS,77,34,43,2329,2081,2161,145,17,26,274,364,188,0.07,0.09
2021-22,1630553,Keon Johnson,1610612757,POR,36,8,28,694,719,883,76,8,3,140,194,87,0.106,0.121
2021-22,1630556,Kessler Edwards,1610612751,BKN,48,22,26,987,872,572,31,2,7,55,80,37,0.036,0.042
2021-22,201142,Kevin Durant,1610612751,BKN,55,36,19,2047,2406,3152,351,34,46,596,871,430,0.146,0.179
2021-22,1628989,Kevin Huerter,1610612737,ATL,74,40,34,2188,2002,2106,203,15,26,349,504,242,0.101,0.121
2021-22,1628995,Kevin Knox II,1610612737,ATL,30,18,12,222,202,158,10,0,3,20,26,13,0.05,0.064
2021-22,201567,Kevin Love,1610612739,CLE,74,38,36,1665,2250,2048,160,21,19,252,400,199,0.071,0.088
2021-22,1630698,Kevin Pangos,1610612739,CLE,24,16,8,166,307,355,30,7,8,61,83,45,0.098,0.147
2021-22,1629645,Kevin Porter Jr.,1610612745,HOU,61,16,45,1907,3131,3414,376,40,29,657,991,444,0.12,0.142
2021-22,1626172,Kevon Looney,1610612744,GSW,81,53,28,1713,2254,1685,163,14,25,289,428,203,0.072,0.09
2021-22,203920,Khem Birch,1610612761,TOR,55,34,21,991,1005,733,56,1,12,119,141,69,0.056,0.069
2021-22,203114,Khris Middleton,1610612749,MIL,66,44,22,2141,2853,3265,358,39,30,657,911,426,0.125,0.149
2021-22,1630165,Killian Hayes,1610612765,DET,65,21,44,1617,2722,2592,275,33,27,552,721,335,0.101,0.123
2021-22,1629681,Killian Tillie,1610612763,MEM,35,26,9,441,338,314,22,1,3,32,53,26,0.065,0.077
2021-22,1630184,Kira Lewis Jr.,1610612740,NOP,24,6,18,341,577,611,49,6,12,104,133,67,0.085,0.116
2021-22,202691,Klay Thompson,1610612744,GSW,32,17,15,941,736,1141,88,5,15,132,220,108,0.12,0.147
2021-22,1627739,Kris Dunn,1610612757,POR,14,1,13,336,652,650,79,7,2,149,202,88,0.121,0.135
2021-22,204001,Kristaps Porziņģis,1610612764,WAS,51,26,25,1481,1833,1904,119,5,18,172,292,142,0.065,0.077
2021-22,203937,Kyle Anderson,1610612763,MEM,69,46,23,1484,1709,1367,183,17,17,325,468,214,0.107,0.125
2021-22,1629657,Kyle Guy,1610612748,MIA,19,15,4,186,237,245,17,3,2,40,45,22,0.072,0.093
2021-22,1628398,Kyle Kuzma,1610612764,WAS,66,29,37,2204,2432,2455,233,32,20,418,612,285,0.096,0.117
2021-22,200768,Kyle Lowry,1610612748,MIA,63,41,22,2133,4119,4106,474,51,34,886,1218,559,0.115,0.136
2021-22,202681,Kyrie Irving,1610612751,BKN,29,14,15,1092,1531,1834,167,20,30,324,430,218,0.109,0.142
2021-22,200746,LaMarcus Aldridge,1610612751,BKN,47,26,21,1050,1078,1028,42,4,8,95,115,53,0.039,0.049
2021-22,1630163,LaMelo Ball,1610612766,CHA,74,39,35,2391,4664,5125,558,69,79,988,1429,706,0.12,0.151
2021-22,1630205,Lamar Stevens,1610612739,CLE,63,35,28,1015,821,694,44,5,4,105,124,53,0.054,0.065
2021-22,202362,Lance Stephenson,1610612754,IND,46,11,35,814,1331,1474,165,21,13,274,442,199,0.124,0.15
2021-22,1629013,Landry Shamet,1610612756,PHX,69,53,16,1437,1155,1283,108,17,13,208,278,137,0.094,0.119
2021-22,204038,Langston Galloway,1610612749,MIL,7,4,3,107,103,101,12,0,0,14,29,12,0.117,0.117
2021-22,1626204,Larry Nance Jr.,1610612740,NOP,46,19,27,1040,1136,869,81,2,10,168,214,93,0.071,0.082
2021-22,1628374,Lauri Markkanen,1610612739,CLE,61,32,29,1878,1720,1589,81,3,18,134,193,101,0.047,0.059
2021-22,2544,LeBron James,1610612747,LAL,56,25,31,2084,3182,3926,349,47,48,693,916,442,0.11,0.139
2021-22,1630195,Leandro Bolmaro,1610612750,MIN,35,19,16,241,364,339,21,8,5,59,64,34,0.058,0.093
2021-22,1629623,Lindell Wigginton,1610612749,MIL,19,11,8,199,210,250,23,1,0,27,52,24,0.11,0.114
2021-22,1630322,Lindy Waters III,1610612760,OKC,25,6,19,465,381,417,24,1,5,55,62,30,0.063,0.079
2021-22,1629022,Lonnie Walker IV,1610612759,SAS,70,27,43,1612,1222,1819,152,10,18,265,378,180,0.124,0.147
2021-22,1628366,Lonzo Ball,1610612741,CHI,35,22,13,1212,2040,1914,178,17,17,344,444,212,0.087,0.104
2021-22,101150,Lou Williams,1610612737,ATL,56,33,23,799,877,1069,105,18,13,204,282,135,0.12,0.154
2021-22,1629663,Louis King,1610612758,SAC,10,2,8,104,106,114,9,4,1,17,27,14,0.085,0.132
2021-22,1629652,Luguentz Dort,1610612760,OKC,51,17,34,1665,1191,1727,88,11,13,212,239,113,0.074,0.095
2021-22,1629029,Luka Dončić,1610612742,DAL,65,44,21,2301,3646,4576,568,50,84,1105,1466,699,0.156,0.192
2021-22,1630568,Luka Garza,1610612765,DET,31,3,28,371,382,340,17,2,1,40,46,20,0.045,0.052
2021-22,1628379,Luke Kennard,1610612746,LAC,70,35,35,1919,1709,1853,146,13,29,259,378,188,0.085,0.11
2021-22,1628436,Luke Kornet,1610612738,BOS,15,11,4,103,100,87,9,0,1,17,24,10,0.09,0.1
2021-22,1630640,MJ Walker,1610612756,PHX,2,1,1,8,12,9,1,0,0,1,2,1,0.083,0.083
2021-22,1630644,Mac McClung,1610612747,LAL,2,2,0,24,33,33,1,2,1,6,6,4,0.03,0.121
2021-22,1630201,Malachi Flynn,1610612761,TOR,44,25,19,537,863,891,70,10,18,165,191,97,0.081,0.112
2021-22,1627763,Malcolm Brogdon,1610612754,IND,36,14,22,1206,2083,2379,212,27,23,430,558,262,0.102,0.126
2021-22,1630792,Malcolm Hill,1610612741,CHI,19,8,11,212,136,117,8,0,2,17,18,10,0.059,0.074
2021-22,1627736,Malik Beasley,1610612750,MIN,79,46,33,1976,1583,1792,116,17,21,206,317,154,0.073,0.097
2021-22,1630238,Malik Fitts,1610612738,BOS,15,13,2,63,65,43,5,0,0,10,13,5,0.077,0.077
2021-22,1628370,Malik Monk,1610612747,LAL,76,32,44,2138,2359,2440,218,23,30,425,556,270,0.092,0.114
2021-22,1629005,Malik Newman,1610612739,CLE,1,0,1,8,10,16,1,0,0,2,3,1,0.1,0.1
2021-22,1629603,Mamadi Diakite,1610612760,OKC,13,4,9,188,252,167,2,0,0,5,5,2,0.008,0.008
2021-22,1630585,Marcus Garrett,1610612748,MIA,12,11,1,128,106,69,7,0,0,10,17,7,0.066,0.066
2021-22,202694,Marcus Morris Sr.,1610612746,LAC,53,26,27,1529,1246,1504,110,10,23,192,292,143,0.088,0.115
2021-22,203935,Marcus Smart,1610612738,BOS,70,47,23,2265,3495,3677,412,33,42,716,1029,479,0.118,0.137
2021-22,1628365,Markelle Fultz,1610612753,ORL,18,6,12,360,608,752,99,9,6,194,263,114,0.163,0.188
2021-22,202693,Markieff Morris,1610612748,MIA,17,10,7,298,249,281,23,3,1,37,64,27,0.092,0.108
2021-22,1630250,Marko Simonovic,1610612741,CHI,9,4,5,35,25,33,0,0,1,3,0,1,0,0.04
2021-22,1630210,Markus Howard,1610612743,DEN,31,17,14,177,142,215,7,0,1,17,20,9,0.049,0.063
2021-22,1627737,Marquese Chriss,1610612742,DAL,34,24,10,346,363,280,17,3,3,26,49,23,0.047,0.063
2021-22,1628963,Marvin Bagley III,1610612765,DET,48,17,31,1146,1133,851,36,1,2,55,99,40,0.032,0.035
2021-22,1630222,Mason Jones,1610612747,LAL,4,2,2,51,57,50,4,0,0,7,10,4,0.07,0.07
2021-22,203486,Mason Plumlee,1610612766,CHA,72,40,32,1771,2309,1732,222,17,33,398,577,273,0.096,0.118
2021-22,1629680,Matisse Thybulle,1610612755,PHI,66,43,23,1685,1057,888,75,10,13,126,205,99,0.071,0.094
2021-22,1629760,Matt Mooney,1610612752,NYK,1,1,0,2,4,5,0,0,0,0,0,0,0,0
2021-22,1630346,Matt Ryan,1610612738,BOS,1,1,0,5,4,8,0,0,0,1,0,0,0,0
2021-22,1629744,Matt Thomas,1610612741,CHI,40,23,17,460,390,354,20,2,2,40,53,24,0.051,0.062
2021-22,203090,Maurice Harkless,1610612758,SAC,46,14,32,842,613,488,22,1,2,44,56,25,0.036,0.041
2021-22,1629622,Max Strus,1610612748,MIA,68,46,22,1587,1619,1498,92,8,23,148,240,123,0.057,0.076
2021-22,1628467,Maxi Kleber,1610612742,DAL,59,36,23,1450,1866,1365,68,8,24,165,189,101,0.036,0.054
2021-22,1630593,McKinley Wright IV,1610612750,MIN,5,3,2,19,31,29,3,0,0,2,8,3,0.097,0.097
2021-22,1628982,Melvin Frazier Jr.,1610612760,OKC,3,0,3,120,64,88,1,0,0,8,3,1,0.016,0.016
2021-22,1630695,Micah Potter,1610612765,DET,3,2,1,31,26,18,0,1,0,2,1,1,0,0.038
2021-22,1629008,Michael Porter Jr.,1610612743,DEN,9,5,4,265,235,212,17,3,2,30,41,21,0.072,0.089
2021-22,1628969,Mikal Bridges,1610612756,PHX,81,63,18,2815,1912,1995,185,16,28,360,451,224,0.097,0.117
2021-22,201144,Mike Conley,1610612762,UTA,72,44,28,2058,3549,4054,385,54,80,772,1012,519,0.108,0.146
2021-22,203488,Mike Muscala,1610612760,OKC,43,15,28,593,832,649,22,1,3,43,56,26,0.026,0.031
2021-22,1628970,Miles Bridges,1610612766,CHA,79,41,38,2800,3144,3301,298,23,44,558,786,363,0.095,0.115
2021-22,1630540,Miles McBride,1610612752,NYK,40,19,21,372,391,398,41,6,5,58,117,53,0.105,0.136
2021-22,1629011,Mitchell Robinson,1610612752,NYK,71,31,40,1821,1488,768,38,1,10,65,101,49,0.026,0.033
2021-22,1629671,Miye Oni,1610612762,UTA,16,15,1,44,33,30,5,0,0,7,14,5,0.152,0.152
2021-22,1628964,Mo Bamba,1610612753,ORL,71,19,52,1824,1904,1370,85,2,6,139,211,93,0.045,0.049
2021-22,1628420,Monte Morris,1610612743,DEN,75,44,31,2239,3550,3779,333,28,56,580,841,414,0.094,0.117
2021-22,1626149,Montrezl Harrell,1610612766,CHA,71,36,35,1640,1838,1786,145,11,10,202,351,163,0.079,0.089
2021-22,1629021,Moritz Wagner,1610612753,ORL,63,16,47,960,1439,1283,87,9,3,156,240,98,0.06,0.068
2021-22,1629650,Moses Brown,1610612739,CLE,40,19,21,344,303,179,1,0,2,6,2,3,0.003,0.01
2021-22,1630541,Moses Moody,1610612744,GSW,51,35,16,584,368,472,23,2,8,52,59,33,0.063,0.09
2021-22,1630589,Moses Wright,1610612742,DAL,4,4,0,15,12,9,2,0,0,2,5,2,0.167,0.167
2021-22,1628539,Mychal Mulder,1610612748,MIA,17,3,14,240,140,182,5,1,1,23,16,7,0.036,0.05
2021-22,1629619,Myles Powell,1610612755,PHI,11,8,3,52,78,90,3,0,0,11,8,3,0.038,0.038
2021-22,1626167,Myles Turner,1610612754,IND,42,15,27,1235,1001,872,44,0,7,60,113,52,0.044,0.052
2021-22,1630230,Naji Marshall,1610612740,NOP,55,23,32,736,899,803,62,10,9,138,159,80,0.069,0.089
2021-22,1629642,Nassir Little,1610612757,POR,42,19,23,1088,934,801,54,3,6,116,151,63,0.058,0.067
2021-22,1630207,Nate Hinton,1610612754,IND,2,0,2,2,1,2,0,0,0,0,0,0,0,0
2021-22,1630233,Nathan Knight,1610612750,MIN,37,22,15,267,316,275,22,1,3,35,57,27,0.07,0.085
2021-22,1629675,Naz Reid,1610612750,MIN,77,42,35,1215,1424,1252,71,3,15,154,183,89,0.05,0.063
2021-22,1629674,Neemias Queta,1610612758,SAC,15,4,11,120,100,89,6,0,0,6,12,6,0.06,0.06
2021-22,202357,Nemanja Bjelica,1610612744,GSW,70,48,22,1121,1792,1441,158,13,22,268,407,193,0.088,0.108
2021-22,203457,Nerlens Noel,1610612752,NYK,25,10,15,562,584,259,23,1,4,33,55,28,0.039,0.048
2021-22,1629651,Nic Claxton,1610612751,BKN,47,24,23,974,896,638,43,2,4,81,115,51,0.048,0.057
2021-22,1630208,Nick Richards,1610612766,CHA,49,25,24,348,367,275,11,1,2,25,29,14,0.03,0.038
2021-22,1629638,Nickeil Alexander-Walker,1610612762,UTA,64,28,36,1449,1808,2035,154,14,26,287,388,192,0.085,0.106
2021-22,201587,Nicolas Batum,1610612746,LAC,58,31,27,1445,1602,1182,98,9,13,173,244,118,0.061,0.074
2021-22,203917,Nik Stauskas,1610612738,BOS,8,7,1,39,32,37,2,0,0,2,5,2,0.063,0.063
2021-22,203999,Nikola Jokić,1610612743,DEN,74,46,28,2476,5432,4641,584,60,74,1032,1458,708,0.108,0.13
2021-22,202696,Nikola Vučević,1610612741,CHI,73,41,32,2418,3600,3176,236,15,40,438,612,289,0.066,0.08
2021-22,1626181,Norman Powell,1610612746,LAC,45,15,30,1458,908,1429,96,6,20,169,242,121,0.106,0.133
2021-22,203658,Norvel Pelle,1610612762,UTA,3,0,3,19,7,5,0,0,0,0,0,0,0,0
2021-22,1628384,OG Anunoby,1610612761,TOR,48,31,17,1728,1535,1690,125,14,17,239,335,156,0.081,0.102
2021-22,1630167,Obi Toppin,1610612752,NYK,71,31,40,1220,1422,1204,77,3,12,123,210,92,0.054,0.065
2021-22,1630846,Olivier Sarr,1610612760,OKC,22,6,16,421,507,394,19,1,7,37,55,27,0.037,0.053
2021-22,1630209,Omer Yurtseven,1610612748,MIA,56,39,17,706,752,549,49,6,9,89,129,63,0.065,0.084
2021-22,1630168,Onyeka Okongwu,1610612737,ATL,48,26,22,992,917,647,53,8,7,99,136,63,0.058,0.069
2021-22,1629052,Oshae Brissett,1610612754,IND,67,19,48,1564,1625,1304,72,2,10,122,183,83,0.044,0.051
2021-22,203490,Otto Porter Jr.,1610612744,GSW,62,41,21,1372,1641,1227,94,16,16,210,270,126,0.057,0.077
2021-22,200782,P.J. Tucker,1610612748,MIA,71,45,26,1981,1855,1423,149,12,18,264,406,178,0.08,0.096
2021-22,1629023,P.J. Washington,1610612766,CHA,65,33,32,1768,2098,1620,147,18,16,280,403,183,0.07,0.087
2021-22,1628408,PJ Dozier,1610612743,DEN,18,9,9,340,383,348,29,2,4,49,73,35,0.076,0.091
2021-22,1628238,Paris Bass,1610612756,PHX,1,1,0,5,6,10,0,0,0,0,0,0,0,0
2021-22,1627783,Pascal Siakam,1610612761,TOR,68,40,28,2578,3579,3740,360,27,38,729,945,423,0.101,0.118
2021-22,1626192,Pat Connaughton,1610612749,MIL,65,41,24,1691,1505,1188,82,9,11,161,218,102,0.054,0.068
2021-22,201976,Patrick Beverley,1610612750,MIN,58,33,25,1476,2348,2288,268,19,22,486,677,303,0.114,0.129
2021-22,1630172,Patrick Williams,1610612741,CHI,17,9,8,422,415,285,15,2,1,36,41,18,0.036,0.043
2021-22,201988,Patty Mills,1610612751,BKN,81,44,37,2346,2068,2446,183,18,22,311,442,220,0.088,0.106
2021-22,202331,Paul George,1610612746,LAC,31,18,13,1077,1416,1819,176,22,25,321,467,223,0.124,0.157
2021-22,200794,Paul Millsap,1610612755,PHI,33,22,11,376,430,286,29,2,2,52,68,32,0.067,0.074
2021-22,1630194,Paul Reed,1610612755,PHI,38,21,17,303,342,208,16,2,0,30,46,18,0.047,0.053
2021-22,1628778,Paul Watson,1610612760,OKC,9,2,7,156,125,109,8,0,0,17,19,8,0.064,0.064
2021-22,1630202,Payton Pritchard,1610612738,BOS,71,46,25,1001,1547,1666,139,20,22,261,385,179,0.09,0.116
2021-22,1627822,Petr Cornelie,1610612743,DEN,13,3,10,38,46,40,3,0,0,2,8,3,0.065,0.065
2021-22,1630173,Precious Achiuwa,1610612761,TOR,73,46,27,1725,1650,1451,82,6,12,150,208,100,0.05,0.061
2021-22,1629656,Quentin Grimes,1610612752,NYK,45,20,25,780,592,619,44,3,3,84,116,51,0.074,0.086
2021-22,1629683,Quinndary Weatherspoon,1610612744,GSW,11,8,3,73,69,62,5,0,1,8,12,6,0.072,0.087
2021-22,1630181,R.J. Hampton,1610612753,ORL,64,15,49,1402,1811,1850,158,17,15,388,439,190,0.087,0.105
2021-22,1629628,RJ Barrett,1610612752,NYK,69,32,37,2384,2134,2748,202,23,23,401,508,245,0.095,0.115
2021-22,1630612,RJ Nembhard Jr.,1610612739,CLE,14,6,8,63,103,115,12,0,1,16,28,13,0.117,0.126
2021-22,200765,Rajon Rondo,1610612739,CLE,39,16,23,698,1500,1473,170,23,13,331,443,204,0.113,0.136
2021-22,203526,Raul Neto,1610612764,WAS,70,29,41,1372,2233,2481,217,21,19,411,570,258,0.097,0.116
2021-22,1629730,Rayjon Tucker,1610612749,MIL,5,2,3,71,55,43,10,0,2,14,26,12,0.182,0.218
2021-22,203493,Reggie Bullock Jr.,1610612742,DAL,68,44,24,1902,1815,1484,83,6,11,146,211,100,0.046,0.055
2021-22,202704,Reggie Jackson,1610612746,LAC,74,38,36,2305,3372,4347,356,43,74,675,940,475,0.106,0.141
2021-22,1629617,Reggie Perry,1610612757,POR,10,0,10,187,205,189,12,1,1,33,32,14,0.059,0.068
2021-22,1626158,Richaun Holmes,1610612758,SAC,44,15,29,1041,1004,827,46,4,8,69,125,59,0.046,0.059
2021-22,201937,Ricky Rubio,1610612754,IND,34,20,14,970,1833,2146,225,30,29,475,588,284,0.123,0.155
2021-22,1630306,Rob Edwards,1610612760,OKC,2,0,2,11,13,12,0,0,0,0,0,0,0,0
2021-22,203496,Robert Covington,1610612746,LAC,71,34,37,1940,2314,1345,92,14,19,174,258,125,0.04,0.054
2021-22,1629057,Robert Williams III,1610612738,BOS,60,40,20,1770,1665,1195,120,10,7,210,317,136,0.072,0.082
2021-22,1630218,Robert Woodard II,1610612759,SAS,12,0,12,42,29,22,3,0,1,5,7,4,0.103,0.138
2021-22,201577,Robin Lopez,1610612753,ORL,36,9,27,612,484,534,54,4,4,91,140,62,0.112,0.128
2021-22,203918,Rodney Hood,1610612746,LAC,52,30,22,709,543,461,38,3,9,73,102,50,0.07,0.092
2021-22,203585,Rodney McGruder,1610612765,DET,50,13,37,737,574,588,47,2,4,89,116,52,0.082,0.091
2021-22,1629641,Romeo Langford,1610612759,SAS,48,24,24,771,478,426,21,1,1,51,54,23,0.044,0.048
2021-22,1626220,Royce O'Neale,1610612762,UTA,77,46,31,2406,3875,2086,191,12,19,376,503,223,0.049,0.058
2021-22,200752,Rudy Gay,1610612762,UTA,55,34,21,1038,1256,853,56,6,8,103,151,71,0.045,0.057
2021-22,203497,Rudy Gobert,1610612762,UTA,66,42,24,2120,1367,1170,72,5,8,114,189,83,0.053,0.061
2021-22,1629060,Rui Hachimura,1610612764,WAS,42,16,26,944,936,890,48,5,6,89,133,59,0.051,0.063
2021-22,201566,Russell Westbrook,1610612747,LAL,78,31,47,2678,4229,4677,550,65,50,1075,1419,668,0.13,0.158
2021-22,1627853,Ryan Arcidiacono,1610612752,NYK,10,8,2,76,76,66,4,2,0,9,11,6,0.053,0.079
2021-22,1630240,Saben Lee,1610612765,DET,36,8,28,588,993,1038,102,9,9,221,266,120,0.103,0.121
2021-22,1630180,Saddiq Bey,1610612765,DET,81,23,58,2672,2627,2891,232,20,37,443,590,289,0.088,0.11
2021-22,1626155,Sam Dekker,1610612761,TOR,1,1,0,1,1,1,0,0,0,0,0,0,0,0
2021-22,1630573,Sam Hauser,1610612738,BOS,26,20,6,158,175,133,10,1,4,20,27,15,0.057,0.086
2021-22,1630241,Sam Merrill,1610612763,MEM,6,2,4,58,87,91,4,1,2,17,10,7,0.046,0.08
2021-22,1630572,Sandro Mamukelashvili,1610612749,MIL,41,22,19,407,438,299,22,1,4,56,55,26,0.05,0.059
2021-22,1630583,Santi Aldama,1610612763,MEM,31,19,12,342,290,272,20,1,3,47,56,24,0.069,0.083
2021-22,1630567,Scottie Barnes,1610612761,TOR,74,43,31,2617,3687,3244,256,26,37,523,667,318,0.069,0.086
2021-22,1630575,Scottie Lewis,1610612766,CHA,2,1,1,7,6,5,1,0,0,2,3,1,0.167,0.167
2021-22,203816,Scotty Hopson,1610612760,OKC,1,0,1,18,6,11,1,0,0,0,2,1,0.167,0.167
2021-22,1629635,Sekou Doumbouya,1610612747,LAL,2,0,2,16,9,11,0,0,0,0,0,0,0,0
2021-22,1628400,Semi Ojeleye,1610612746,LAC,30,14,16,406,279,200,9,1,1,26,24,11,0.032,0.039
2021-22,201586,Serge Ibaka,1610612749,MIL,53,30,23,858,841,696,48,5,7,95,123,61,0.057,0.073
2021-22,203552,Seth Curry,1610612751,BKN,64,38,26,2134,2508,2824,230,29,46,411,607,304,0.092,0.121
2021-22,1628983,Shai Gilgeous-Alexander,1610612760,OKC,56,16,40,1942,2847,3805,331,42,39,726,859,406,0.116,0.143
2021-22,1629003,Shake Milton,1610612755,PHI,55,34,21,1179,1642,1829,139,12,24,282,363,175,0.085,0.107
2021-22,1629783,Shaq Buchanan,1610612763,MEM,2,2,0,10,16,9,2,0,0,4,4,2,0.125,0.125
2021-22,1627885,Shaquille Harrison,1610612751,BKN,2,1,1,23,27,22,3,0,1,3,8,4,0.111,0.148
2021-22,1630536,Sharife Cooper,1610612737,ATL,13,8,5,39,74,88,5,1,1,7,13,7,0.068,0.095
2021-22,1630219,Skylar Mays,1610612737,ATL,28,17,11,220,264,269,17,1,2,40,50,20,0.064,0.076
2021-22,203524,Solomon Hill,1610612737,ATL,13,7,6,139,159,99,12,0,0,19,32,12,0.075,0.075
2021-22,203915,Spencer Dinwiddie,1610612742,DAL,67,38,29,1981,3016,3460,346,27,37,664,883,410,0.115,0.136
2021-22,1626169,Stanley Johnson,1610612747,LAL,48,16,32,1094,1125,859,80,6,9,142,202,93,0.071,0.083
2021-22,201939,Stephen Curry,1610612744,GSW,64,45,19,2211,3199,4124,404,45,81,685,1010,527,0.126,0.165
2021-22,1628425,Sterling Brown,1610612742,DAL,49,31,18,628,646,488,34,6,5,73,89,44,0.053,0.068
2021-22,203500,Steven Adams,1610612763,MEM,75,50,25,1977,2285,1490,252,18,8,364,581,272,0.11,0.119
2021-22,1629004,Svi Mykhailiuk,1610612761,TOR,56,29,27,716,595,601,45,6,3,94,123,54,0.076,0.091
2021-22,204456,T.J. McConnell,1610612754,IND,27,9,18,652,1250,1274,131,13,10,279,351,156,0.105,0.125
2021-22,1629605,Tacko Fall,1610612739,CLE,11,4,7,59,59,40,2,0,0,4,5,2,0.034,0.034
2021-22,201959,Taj Gibson,1610612752,NYK,51,23,28,925,852,512,29,3,2,66,80,34,0.034,0.04
2021-22,1629659,Talen Horton-Tucker,1610612747,LAL,60,23,37,1511,1841,1826,159,12,19,304,406,189,0.086,0.103
2021-22,1627752,Taurean Prince,1610612750,MIN,69,40,29,1177,957,895,68,6,15,130,175,89,0.071,0.093
2021-22,1629611,Terance Mann,1610612746,LAC,80,41,39,2284,2509,2336,205,17,20,402,560,242,0.082,0.096
2021-22,1629056,Terence Davis,1610612758,SAC,29,10,19,519,423,534,40,6,1,63,104,46,0.095,0.109
2021-22,203082,Terrence Ross,1610612753,ORL,63,14,49,1448,1070,1351,116,11,14,234,299,142,0.108,0.133
2021-22,1626179,Terry Rozier,1610612766,CHA,72,38,34,2427,3481,4036,322,31,40,596,837,392,0.093,0.113
2021-22,1630678,Terry Taylor,1610612754,IND,33,7,26,714,580,475,41,3,4,69,109,48,0.071,0.083
2021-22,201152,Thaddeus Young,1610612761,TOR,52,27,25,845,1233,974,104,9,7,179,270,121,0.084,0.098
2021-22,203648,Thanasis Antetokounmpo,1610612749,MIL,48,26,22,473,416,329,22,3,2,47,57,27,0.053,0.065
2021-22,1630177,Theo Maledon,1610612760,OKC,51,14,37,908,1550,1621,111,7,18,227,289,136,0.072,0.088
2021-22,1629033,Theo Pinson,1610612742,DAL,19,14,5,148,212,163,17,2,4,35,46,23,0.08,0.108
2021-22,1628418,Thomas Bryant,1610612764,WAS,27,8,19,439,515,458,23,1,5,45,56,29,0.045,0.056
2021-22,204025,Tim Frazier,1610612739,CLE,12,1,11,208,396,391,34,4,4,81,88,42,0.086,0.106
2021-22,203501,Tim Hardaway Jr.,1610612742,DAL,42,24,18,1245,1275,1388,92,14,11,169,244,117,0.072,0.092
2021-22,1627789,Timothe Luwawu-Cabarrot,1610612737,ATL,52,30,22,685,562,488,40,0,10,70,100,50,0.071,0.089
2021-22,202699,Tobias Harris,1610612755,PHI,73,45,28,2543,3318,3066,252,31,45,471,670,327,0.076,0.099
2021-22,203107,Tomas Satoransky,1610612764,WAS,55,21,34,906,1579,1558,184,27,19,364,494,233,0.117,0.148
2021-22,1628396,Tony Bradley,1610612741,CHI,55,28,27,549,594,341,27,3,3,49,74,33,0.045,0.056
2021-22,203503,Tony Snell,1610612740,NOP,53,19,34,823,706,446,28,1,4,67,72,33,0.04,0.047
2021-22,1628470,Torrey Craig,1610612756,PHX,78,36,42,1596,1567,1272,91,14,11,168,250,118,0.058,0.075
2021-22,1629027,Trae Young,1610612737,ATL,76,40,36,2652,3917,5489,737,80,78,1304,1832,885,0.188,0.226
2021-22,1629309,Trayvon Palmer,1610612765,DET,1,0,1,17,9,2,0,0,0,0,0,0,0,0
2021-22,1630200,Tre Jones,1610612759,SAS,69,32,37,1148,2038,2134,233,19,29,461,611,282,0.114,0.138
2021-22,1630544,Tre Mann,1610612760,OKC,60,17,43,1367,1376,1650,91,6,13,182,211,103,0.066,0.075
2021-22,1629682,Tremont Waters,1610612764,WAS,3,0,3,50,58,65,7,1,1,14,17,9,0.121,0.155
2021-22,1630570,Trendon Watford,1610612757,POR,48,16,32,869,1194,866,81,7,6,167,215,93,0.068,0.078
2021-22,1630235,Trent Forrest,1610612762,UTA,60,36,24,766,1195,1109,106,9,13,187,285,128,0.089,0.107
2021-22,1630243,Trevelin Queen,1610612745,HOU,10,1,9,74,51,60,4,0,1,11,11,5,0.078,0.098
2021-22,1630286,Trevon Scott,1610612739,CLE,2,1,1,11,11,11,0,0,0,1,0,0,0,0
2021-22,2772,Trevor Ariza,1610612747,LAL,24,8,16,462,459,355,27,1,5,44,77,33,0.059,0.072
2021-22,203504,Trey Burke,1610612742,DAL,42,24,18,441,650,821,57,3,8,98,142,68,0.088,0.105
2021-22,1626168,Trey Lyles,1610612758,SAC,74,19,55,1511,1811,1517,87,17,13,188,249,119,0.048,0.066
2021-22,1630530,Trey Murphy III,1610612740,NOP,62,31,31,864,511,599,38,4,5,75,104,48,0.074,0.094
2021-22,202684,Tristan Thompson,1610612741,CHI,56,19,37,883,810,651,34,2,7,64,81,42,0.042,0.052
2021-22,1628972,Troy Brown Jr.,1610612741,CHI,66,37,29,1055,928,672,66,5,8,100,173,80,0.071,0.086
2021-22,1629660,Ty Jerome,1610612760,OKC,48,15,33,801,1212,1394,109,10,5,220,297,125,0.09,0.103
2021-22,1629076,Tyler Cook,1610612741,CHI,20,13,7,200,154,107,3,1,0,14,9,4,0.019,0.026
2021-22,1629788,Tyler Hall,1610612752,NYK,1,1,0,2,2,2,0,0,0,1,0,0,0,0
2021-22,1629639,Tyler Herro,1610612748,MIA,66,44,22,2151,2795,3329,263,32,53,537,701,350,0.094,0.125
2021-22,204020,Tyler Johnson,1610612759,SAS,6,2,4,91,125,110,7,1,1,17,16,9,0.056,0.072
2021-22,1630179,Tyrell Terry,1610612763,MEM,2,2,0,3,3,4,0,0,0,0,0,0,0,0
2021-22,1630169,Tyrese Haliburton,1610612754,IND,76,25,51,2664,4817,4977,623,59,53,1183,1571,731,0.129,0.152
2021-22,1630178,Tyrese Maxey,1610612755,PHI,75,45,30,2650,4581,5042,321,30,40,567,843,391,0.07,0.085
2021-22,1627820,Tyrone Wallace,1610612740,NOP,6,4,2,75,59,66,1,2,1,7,6,4,0.017,0.068
2021-22,1626145,Tyus Jones,1610612763,MEM,72,50,22,1529,2626,2795,320,29,31,580,832,376,0.122,0.143
2021-22,1628962,Udoka Azubuike,1610612762,UTA,17,11,6,195,91,79,0,0,0,2,0,0,0,0
2021-22,2617,Udonis Haslem,1610612748,MIA,13,10,3,83,77,69,4,0,0,10,10,4,0.052,0.052
2021-22,1630586,Usman Garuba,1610612745,HOU,24,2,22,239,280,127,17,1,1,28,40,18,0.061,0.064
2021-22,1630176,Vernon Carey Jr.,1610612764,WAS,7,3,4,44,33,38,0,0,0,3,0,0,0,0
2021-22,203506,Victor Oladipo,1610612748,MIA,8,4,4,173,234,280,28,1,2,43,66,30,0.12,0.128
2021-22,1628427,Vlatko Cancar,1610612743,DEN,15,7,8,176,185,176,17,1,2,37,46,20,0.092,0.108
2021-22,1630249,Vít Krejčí,1610612760,OKC,30,8,22,690,786,762,57,6,8,126,145,70,0.073,0.089
2021-22,201961,Wayne Ellington,1610612747,LAL,43,15,28,810,592,651,30,5,7,58,82,41,0.051,0.069
2021-22,1627782,Wayne Selden,1610612752,NYK,3,2,1,19,8,11,1,0,0,1,2,1,0.125,0.125
2021-22,1628976,Wendell Carter Jr.,1610612753,ORL,62,16,46,1852,2824,2226,171,10,13,318,436,193,0.061,0.068
2021-22,1629117,Wenyen Gabriel,1610612747,LAL,25,8,17,357,280,213,14,1,3,29,39,18,0.05,0.064
2021-22,1628411,Wes Iwundu,1610612737,ATL,3,2,1,82,69,45,0,0,0,6,0,0,0,0
2021-22,202083,Wesley Matthews,1610612749,MIL,49,33,16,1002,565,528,36,5,7,63,96,49,0.064,0.087
2021-22,203115,Will Barton,1610612743,DEN,71,41,30,2276,2651,2946,276,30,46,472,709,348,0.104,0.131
2021-22,1626161,Willie Cauley-Stein,1610612755,PHI,20,12,8,183,195,122,10,0,2,16,26,12,0.051,0.062
2021-22,1626195,Willy Hernangomez,1610612740,NOP,50,22,28,839,1318,1011,63,4,3,110,153,70,0.048,0.053
2021-22,1629875,Xavier Moon,1610612746,LAC,10,7,3,137,241,249,24,0,4,40,61,27,0.1,0.112
2021-22,1630270,Xavier Sneed,1610612762,UTA,9,7,2,39,26,19,1,0,0,1,3,1,0.038,0.038
2021-22,1630214,Xavier Tillman,1610612763,MEM,53,35,18,701,896,690,62,6,6,111,157,74,0.069,0.083
2021-22,1629139,Yuta Watanabe,1610612761,TOR,38,21,17,445,415,363,21,2,2,46,55,25,0.051,0.06
2021-22,1630582,Yves Pons,1610612763,MEM,12,9,3,71,36,35,1,0,1,5,3,2,0.028,0.056
2021-22,1628380,Zach Collins,1610612759,SAS,28,14,14,502,642,565,61,9,2,97,148,72,0.095,0.112
2021-22,203897,Zach LaVine,1610612741,CHI,67,37,30,2328,2458,3245,303,31,50,588,751,381,0.123,0.155
2021-22,1630285,Zavier Simpson,1610612760,OKC,4,1,3,174,375,395,30,4,3,64,82,37,0.08,0.099
2021-22,1630192,Zeke Nnaji,1610612743,DEN,41,24,17,698,486,419,17,1,3,31,48,21,0.035,0.043
2021-22,1630533,Ziaire Williams,1610612763,MEM,61,40,21,1321,716,897,65,10,10,110,168,83,0.091,0.116
2021-22,1629597,Zylan Cheatham,1610612762,UTA,1,0,1,5,3,4,0,0,0,0,0,0,0,0
2022-23,1630639,A.J. Lawson,1610612742,DAL,15,5,10,108,94,92,2,0,2,8,5,4,0.021,0.043
2022-23,1631260,AJ Green,1610612749,MIL,35,27,8,345,273,301,22,1,3,45,60,26,0.081,0.095
2022-23,1631100,AJ Griffin,1610612737,ATL,72,34,38,1401,894,1043,73,6,7,120,187,86,0.082,0.096
2022-23,203932,Aaron Gordon,1610612743,DEN,68,45,23,2055,1802,1919,203,20,25,322,514,246,0.113,0.137
2022-23,1628988,Aaron Holiday,1610612737,ATL,63,32,31,845,970,1032,89,13,6,190,238,109,0.092,0.112
2022-23,1630174,Aaron Nesmith,1610612754,IND,73,30,43,1816,1848,1509,98,7,15,149,257,120,0.053,0.065
2022-23,1630598,Aaron Wiggins,1610612760,OKC,70,37,33,1297,985,955,80,8,11,142,213,99,0.081,0.101
2022-23,1629678,Admiral Schofield,1610612753,ORL,37,14,23,451,563,387,31,2,0,53,85,33,0.055,0.059
2022-23,201143,Al Horford,1610612738,BOS,63,44,19,1921,2312,1738,189,13,23,294,510,228,0.082,0.099
2022-23,202692,Alec Burks,1610612765,DET,50,12,38,1102,1079,1235,111,7,8,182,265,124,0.103,0.115
2022-23,1630197,Aleksej Pokusevski,1610612760,OKC,34,16,18,701,1084,843,64,4,5,117,158,72,0.059,0.066
2022-23,1627936,Alex Caruso,1610612741,CHI,66,32,34,1553,2316,1776,190,24,23,295,492,237,0.082,0.102
2022-23,203458,Alex Len,1610612758,SAC,26,15,11,161,202,118,12,0,2,19,31,14,0.059,0.069
2022-23,1628993,Alize Johnson,1610612759,SAS,4,1,3,30,35,23,1,0,0,5,3,1,0.029,0.029
2022-23,1631214,Alondes Williams,1610612751,BKN,1,1,0,5,7,5,0,0,0,0,0,0,0,0
2022-23,1630578,Alperen Sengun,1610612745,HOU,75,18,57,2171,2988,2774,291,35,25,500,741,354,0.097,0.118
2022-23,1629599,Amir Coffey,1610612746,LAC,50,26,24,625,466,522,53,7,8,96,136,68,0.114,0.146
2022-23,203083,Andre Drummond,1610612741,CHI,67,32,35,849,744,582,33,2,4,56,79,39,0.044,0.052
2022-23,2738,Andre Iguodala,1610612744,GSW,7,2,5,95,150,103,18,0,4,24,46,22,0.12,0.147
2022-23,1629614,Andrew Nembhard,1610612754,IND,75,32,43,2074,2769,3073,341,54,32,650,910,427,0.123,0.154
2022-23,203952,Andrew Wiggins,1610612744,GSW,36,18,18,1163,1035,1198,83,9,22,173,226,113,0.08,0.109
2022-23,1629014,Anfernee Simons,1610612757,POR,62,27,35,2171,2816,3562,253,21,60,441,641,333,0.09,0.118
2022-23,203076,Anthony Davis,1610612747,LAL,56,31,25,1905,2517,2162,148,7,21,248,368,173,0.059,0.069
2022-23,1630162,Anthony Edwards,1610612750,MIN,78,39,39,2817,3491,4181,347,20,59,617,898,425,0.099,0.122
2022-23,1630264,Anthony Gill,1610612764,WAS,59,21,38,625,463,412,34,3,3,58,91,40,0.073,0.086
2022-23,1630237,Anthony Lamb,1610612744,GSW,61,35,26,1171,1561,1137,94,15,14,208,281,124,0.06,0.079
2022-23,1630559,Austin Reaves,1610612747,LAL,64,35,29,1843,1898,1923,215,18,24,394,545,254,0.113,0.134
2022-23,203085,Austin Rivers,1610612750,MIN,52,25,27,1016,907,944,75,8,13,123,196,95,0.083,0.105
2022-23,1630245,Ayo Dosunmu,1610612741,CHI,79,39,40,2072,2601,2578,205,14,35,365,505,253,0.079,0.097
2022-23,1628389,Bam Adebayo,1610612748,MIA,75,40,35,2598,3054,3161,240,18,31,427,631,288,0.079,0.094
2022-23,1627732,Ben Simmons,1610612751,BKN,42,24,18,1105,2191,1778,256,14,26,400,651,293,0.117,0.134
2022-23,1631097,Bennedict Mathurin,1610612754,IND,78,33,45,2222,1873,2392,116,15,23,215,318,154,0.062,0.082
2022-23,202687,Bismack Biyombo,1610612756,PHX,61,33,28,874,1113,762,56,1,5,86,131,62,0.05,0.056
2022-23,201933,Blake Griffin,1610612738,BOS,41,27,14,569,670,492,61,2,3,89,164,67,0.091,0.1
2022-23,1631104,Blake Wesley,1610612759,SAS,34,8,26,611,931,993,93,8,26,191,249,127,0.1,0.136
2022-23,1626246,Boban Marjanovic,1610612745,HOU,31,7,24,171,134,132,9,0,1,15,20,10,0.067,0.075
2022-23,1626171,Bobby Portis Jr.,1610612749,MIL,70,47,23,1818,2475,1644,105,9,14,200,288,128,0.042,0.052
2022-23,203992,Bogdan Bogdanović,1610612737,ATL,54,27,27,1509,1426,1557,150,17,19,257,378,186,0.105,0.13
2022-23,202711,Bojan Bogdanovic,1610612765,DET,58,15,43,1858,1509,1998,149,17,24,323,399,189,0.099,0.125
2022-23,1629626,Bol Bol,1610612753,ORL,70,26,44,1505,962,935,69,3,5,121,173,78,0.072,0.081
2022-23,1630538,Bones Hyland,1610612746,LAC,56,36,20,1086,1779,2104,172,20,29,304,440,222,0.097,0.125
2022-23,203078,Bradley Beal,1610612764,WAS,50,24,26,1673,2143,2804,271,38,42,542,723,350,0.126,0.163
2022-23,1630527,Brandon Boston Jr.,1610612746,LAC,22,9,13,248,269,301,20,0,4,44,47,23,0.074,0.086
2022-23,1629634,Brandon Clarke,1610612763,MEM,56,32,24,1090,1119,1001,72,8,10,140,191,91,0.064,0.081
2022-23,1627742,Brandon Ingram,1610612740,NOP,45,23,22,1538,1759,2430,262,30,37,490,718,329,0.149,0.187
2022-23,1630296,Braxton Key,1610612765,DET,3,0,3,9,8,5,0,0,0,1,0,0,0,0
2022-23,201572,Brook Lopez,1610612749,MIL,78,57,21,2372,1575,1758,99,5,12,170,259,117,0.063,0.074
2022-23,1628971,Bruce Brown,1610612743,DEN,80,53,27,2279,3102,3072,268,13,43,436,663,324,0.086,0.104
2022-23,1628981,Bruno Fernando,1610612737,ATL,39,13,26,405,556,383,31,3,2,56,84,36,0.056,0.065
2022-23,1631121,Bryce McGowens,1610612766,CHA,46,16,30,787,567,619,54,4,4,91,130,62,0.095,0.109
2022-23,1627854,Bryn Forbes,1610612750,MIN,25,9,16,268,187,222,17,2,2,26,46,21,0.091,0.112
2022-23,1631205,Buddy Boeheim,1610612765,DET,10,2,8,90,58,50,4,0,0,7,11,4,0.069,0.069
2022-23,1627741,Buddy Hield,1610612754,IND,80,35,45,2482,3372,3084,225,26,45,393,588,295,0.067,0.087
2022-23,203468,CJ McCollum,1610612740,NOP,75,38,37,2649,3823,4858,429,60,53,792,1120,543,0.112,0.142
2022-23,1630595,Cade Cunningham,1610612765,DET,12,3,9,400,604,789,72,22,5,151,208,99,0.119,0.164
2022-23,1631216,Caleb Houstan,1610612753,ORL,51,20,31,812,482,405,30,1,4,51,80,35,0.062,0.073
2022-23,1628997,Caleb Martin,1610612748,MIA,71,38,33,2078,2023,1818,117,19,21,252,334,158,0.058,0.078
2022-23,1629629,Cam Reddish,1610612757,POR,40,14,26,990,716,839,57,1,7,117,142,66,0.08,0.092
2022-23,1630560,Cam Thomas,1610612751,BKN,57,30,27,948,1000,1329,78,5,13,143,194,94,0.078,0.094
2022-23,1629661,Cameron Johnson,1610612751,BKN,42,25,17,1200,1073,1112,78,11,17,153,212,107,0.073,0.1
2022-23,1626166,Cameron Payne,1610612756,PHX,48,27,21,968,1781,1921,214,23,40,406,536,276,0.12,0.155
2022-23,1627747,Caris LeVert,1610612739,CLE,74,45,29,2237,2444,2518,287,31,33,498,725,352,0.117,0.144
2022-23,1630637,Carlik Jones,1610612741,CHI,6,3,3,55,64,64,6,1,0,14,15,7,0.094,0.109
2022-23,1626224,Cedi Osman,1610612739,CLE,77,48,29,1548,1482,1579,115,9,23,182,289,146,0.078,0.099
2022-23,1628435,Chance Comanche,1610612757,POR,1,0,1,21,19,10,0,0,0,1,0,0,0,0
2022-23,1629646,Charles Bassey,1610612759,SAS,35,9,26,508,676,440,48,5,3,74,118,55,0.071,0.081
2022-23,1631320,Chima Moneke,1610612758,SAC,2,1,1,8,8,8,1,0,0,0,2,1,0.125,0.125
2022-23,1629002,Chimezie Metu,1610612758,SAC,66,41,25,689,728,589,40,2,7,68,106,49,0.055,0.067
2022-23,1628449,Chris Boucher,1610612761,TOR,76,39,37,1523,1116,856,29,3,5,67,72,38,0.026,0.034
2022-23,1630537,Chris Duarte,1610612754,IND,46,19,27,897,898,934,64,3,5,115,157,72,0.071,0.08
2022-23,101108,Chris Paul,1610612756,PHX,59,33,26,1889,3396,3621,524,62,60,971,1346,646,0.154,0.19
2022-23,1629735,Chris Silva,1610612737,ATL,1,1,0,3,3,1,0,0,0,0,0,0,0,0
2022-23,1631128,Christian Braun,1610612743,DEN,76,49,27,1181,1011,825,59,4,9,100,147,71,0.058,0.07
2022-23,1631132,Christian Koloko,1610612761,TOR,58,29,29,802,649,491,31,0,6,43,74,37,0.048,0.057
2022-23,1626174,Christian Wood,1610612742,DAL,67,33,34,1738,2026,1901,121,8,19,210,311,148,0.06,0.073
2022-23,1629643,Chuma Okeke,1610612753,ORL,27,8,19,518,494,378,37,1,5,67,94,43,0.075,0.087
2022-23,203991,Clint Capela,1610612737,ATL,65,35,30,1730,1723,961,58,7,13,103,154,78,0.034,0.045
2022-23,1629632,Coby White,1610612741,CHI,73,36,37,1713,2022,2140,204,17,30,346,514,251,0.101,0.124
2022-23,1628998,Cody Martin,1610612766,CHA,7,2,5,134,106,95,11,0,0,17,29,11,0.104,0.104
2022-23,203469,Cody Zeller,1610612748,MIA,15,6,9,217,259,203,10,1,4,20,28,15,0.039,0.058
2022-23,1630175,Cole Anthony,1610612753,ORL,60,28,32,1552,2305,2365,235,30,23,425,611,286,0.102,0.124
2022-23,1631306,Cole Swider,1610612747,LAL,7,2,5,41,46,33,4,0,0,6,10,4,0.087,0.087
2022-23,1629012,Collin Sexton,1610612762,UTA,48,24,24,1145,1483,1843,138,11,14,280,360,163,0.093,0.11
2022-23,1630557,Corey Kispert,1610612764,WAS,74,31,43,2093,1689,1590,87,15,10,160,228,112,0.052,0.066
2022-23,202709,Cory Joseph,1610612765,DET,62,12,50,1227,1987,2173,217,21,17,385,579,254,0.109,0.128
2022-23,1626156,D'Angelo Russell,1610612747,LAL,71,39,32,2304,4252,4617,437,55,49,744,1116,539,0.103,0.127
2022-23,1630227,Daishen Nix,1610612745,HOU,57,15,42,914,1651,1604,132,13,14,258,326,157,0.08,0.095
2022-23,1630625,Dalano Banton,1610612761,TOR,31,17,14,279,457,470,36,2,4,57,88,42,0.079,0.092
2022-23,1631207,Dalen Terry,1610612741,CHI,37,18,19,213,206,193,22,0,2,32,51,21,0.107,0.102
2022-23,1627745,Damian Jones,1610612762,UTA,41,12,29,477,360,250,15,1,4,30,42,20,0.042,0.056
2022-23,203081,Damian Lillard,1610612757,POR,58,27,31,2107,3278,4350,425,44,61,748,1098,529,0.13,0.161
2022-23,1627814,Damion Lee,1610612756,PHX,74,40,34,1506,1508,1426,99,8,16,203,256,123,0.066,0.082
2022-23,1629655,Daniel Gafford,1610612764,WAS,78,32,46,1604,1712,1161,84,3,4,113,209,91,0.049,0.053
2022-23,1628464,Daniel Theis,1610612754,IND,7,1,6,109,114,123,9,0,1,11,24,10,0.079,0.088
2022-23,201980,Danny Green,1610612739,CLE,11,6,5,139,144,132,6,2,3,19,20,11,0.042,0.076
2022-23,1627863,Danuel House Jr.,1610612755,PHI,56,38,18,807,673,614,44,6,9,76,117,59,0.065,0.088
2022-23,203967,Dario Saric,1610612760,OKC,57,26,31,806,957,777,74,7,4,123,188,85,0.077,0.089
2022-23,1629647,Darius Bazley,1610612756,PHX,43,19,24,616,727,508,38,3,3,64,102,43,0.052,0.059
2022-23,1630620,Darius Days,1610612745,HOU,4,0,4,25,30,22,1,0,0,3,3,1,0.033,0.033
2022-23,1629636,Darius Garland,1610612739,CLE,69,40,29,2447,3610,4711,538,57,60,888,1303,650,0.149,0.18
2022-23,1630561,David Duke Jr.,1610612751,BKN,23,10,13,228,204,227,21,3,0,45,63,24,0.103,0.118
2022-23,1631223,David Roddy,1610612763,MEM,70,44,26,1259,927,958,59,7,9,121,152,75,0.064,0.081
2022-23,1630558,Davion Mitchell,1610612758,SAC,80,47,33,1447,2259,2462,185,26,35,361,510,246,0.082,0.109
2022-23,202722,Davis Bertans,1610612742,DAL,45,20,25,492,410,374,21,1,5,42,51,27,0.051,0.066
2022-23,1628432,Davon Reed,1610612743,DEN,43,29,14,343,490,405,23,2,4,46,55,28,0.047,0.057
2022-23,1630549,Day'Ron Sharpe,1610612751,BKN,48,22,26,553,661,467,37,3,1,62,92,41,0.056,0.062
2022-23,1628368,De'Aaron Fox,1610612758,SAC,73,44,29,2435,3814,4885,447,47,32,848,1191,527,0.117,0.138
2022-23,1629631,De'Andre Hunter,1610612737,ATL,67,35,32,2126,1485,1532,94,9,8,189,244,111,0.063,0.075
2022-23,1629001,De'Anthony Melton,1610612755,PHI,77,50,27,2150,2778,2377,197,27,32,369,551,256,0.071,0.092
2022-23,201599,DeAndre Jordan,1610612743,DEN,39,23,16,586,583,430,34,2,2,53,85,38,0.058,0.065
2022-23,201942,DeMar DeRozan,1610612741,CHI,73,36,37,2644,2548,3682,372,26,76,690,965,475,0.146,0.186
2022-23,1629731,Dean Wade,1610612739,CLE,44,30,14,892,760,538,37,1,6,76,102,44,0.049,0.058
2022-23,1629028,Deandre Ayton,1610612756,PHX,67,36,31,2035,2332,1788,115,6,10,168,287,130,0.049,0.056
2022-23,1627749,Dejounte Murray,1610612737,ATL,74,38,36,2693,3631,4314,448,36,37,780,1111,521,0.123,0.143
2022-23,1626153,Delon Wright,1610612764,WAS,50,26,24,1221,1946,1853,194,17,18,368,509,230,0.1,0.118
2022-23,1630166,Deni Avdija,1610612764,WAS,76,33,43,2020,2521,1996,211,25,29,377,549,264,0.084,0.105
2022-23,203471,Dennis Schröder,1610612747,LAL,66,37,29,1986,2685,3038,298,27,40,559,769,364,0.111,0.136
2022-23,1628372,Dennis Smith Jr.,1610612766,CHA,54,19,35,1390,2240,2378,261,40,25,538,690,326,0.117,0.146
2022-23,1629126,Deonte Burton,1610612758,SAC,2,1,1,7,2,3,0,0,0,0,0,0,0,0
2022-23,1631220,Dereon Seabron,1610612740,NOP,5,2,3,12,8,10,0,0,0,2,0,0,0,0
2022-23,1627884,Derrick Jones Jr.,1610612741,CHI,63,28,35,877,831,624,34,2,4,53,95,42,0.041,0.051
2022-23,201565,Derrick Rose,1610612752,NYK,27,12,15,338,515,609,46,3,4,82,114,53,0.089,0.103
2022-23,1628401,Derrick White,1610612738,BOS,82,57,25,2319,2878,2983,321,18,44,536,830,380,0.112,0.132
2022-23,1630217,Desmond Bane,1610612763,MEM,58,38,20,1841,2457,2820,254,25,52,445,659,330,0.103,0.134
2022-23,1626164,Devin Booker,1610612756,PHX,53,34,19,1835,1880,2942,293,24,50,566,762,367,0.156,0.195
2022-23,1630170,Devin Vassell,1610612759,SAS,38,12,26,1178,1268,1488,136,10,19,251,362,166,0.107,0.131
2022-23,1629653,Devon Dotson,1610612764,WAS,6,1,5,53,84,72,8,0,0,18,20,8,0.095,0.095
2022-23,1628984,Devonte' Graham,1610612759,SAS,73,31,42,1338,1924,2009,196,9,18,370,470,224,0.102,0.116
2022-23,203473,Dewayne Dedmon,1610612755,PHI,38,23,15,426,519,391,26,1,2,42,66,29,0.05,0.056
2022-23,1628415,Dillon Brooks,1610612763,MEM,73,46,27,2214,1784,2250,189,21,15,332,479,223,0.106,0.125
2022-23,1627734,Domantas Sabonis,1610612758,SAC,79,47,32,2736,5149,4008,573,38,25,1000,1524,635,0.111,0.123
2022-23,1631230,Dominick Barlow,1610612759,SAS,26,4,22,364,303,199,20,1,1,35,53,22,0.066,0.073
2022-23,1628378,Donovan Mitchell,1610612739,CLE,68,44,24,2432,2700,3866,301,32,55,586,765,388,0.111,0.144
2022-23,1631495,Donovan Williams,1610612737,ATL,2,1,1,4,2,5,0,0,0,0,0,0,0,0
2022-23,1628978,Donte DiVincenzo,1610612744,GSW,71,41,30,1869,2691,2337,247,24,44,438,642,316,0.092,0.117
2022-23,1627827,Dorian Finney-Smith,1610612751,BKN,66,31,35,2009,1865,1542,100,11,27,205,272,138,0.054,0.074
2022-23,203926,Doug McDermott,1610612759,SAS,63,19,44,1292,1144,1255,90,12,16,176,225,116,0.079,0.101
2022-23,203110,Draymond Green,1610612744,GSW,72,40,32,2269,4427,3447,496,54,48,961,1327,599,0.112,0.135
2022-23,1629234,Drew Eubanks,1610612757,POR,77,31,46,1556,1688,1107,101,6,10,180,274,117,0.06,0.069
2022-23,1630696,Dru Smith,1610612751,BKN,15,7,8,158,219,198,22,1,1,30,51,24,0.1,0.11
2022-23,1630613,Duane Washington Jr.,1610612752,NYK,31,17,14,394,597,765,63,8,5,123,164,76,0.106,0.127
2022-23,1629130,Duncan Robinson,1610612748,MIA,42,19,23,690,678,714,46,11,8,103,120,64,0.068,0.094
2022-23,203939,Dwight Powell,1610612742,DAL,76,37,39,1458,1497,1061,69,7,10,140,182,86,0.046,0.057
2022-23,1629685,Dylan Windler,1610612739,CLE,3,3,0,10,15,13,1,0,0,1,2,1,0.067,0.067
2022-23,1630700,Dyson Daniels,1610612740,NOP,59,33,26,1042,1379,1125,134,19,12,242,348,165,0.097,0.12
2022-23,1628410,Edmond Sumner,1610612751,BKN,53,33,20,736,823,974,68,6,15,129,166,89,0.083,0.108
2022-23,201569,Eric Gordon,1610612746,LAC,69,25,44,1966,1799,2211,183,25,29,328,466,236,0.102,0.131
2022-23,1630647,Eugene Omoruyi,1610612765,DET,40,10,30,645,513,507,28,1,5,35,65,34,0.055,0.066
2022-23,203095,Evan Fournier,1610612752,NYK,27,15,12,459,388,434,36,1,5,70,91,42,0.093,0.108
2022-23,1630596,Evan Mobley,1610612739,CLE,79,48,31,2715,3403,2447,224,19,26,375,572,270,0.066,0.079
2022-23,1630267,Facundo Campazzo,1610612742,DAL,8,2,6,52,96,93,9,3,0,21,28,12,0.094,0.125
2022-23,1628402,Frank Jackson,1610612756,PHX,1,0,1,5,7,7,1,0,0,0,2,1,0.143,0.143
2022-23,1626163,Frank Kaminsky,1610612745,HOU,36,13,23,235,395,313,32,3,1,55,81,36,0.081,0.091
2022-23,1628373,Frank Ntilikina,1610612742,DAL,47,20,27,608,639,626,58,2,11,104,156,71,0.091,0.111
2022-23,1630532,Franz Wagner,1610612753,ORL,80,33,47,2609,2720,3310,283,38,31,563,753,351,0.104,0.129
2022-23,1627832,Fred VanVleet,1610612761,TOR,69,34,35,2535,4296,4818,495,37,51,898,1218,581,0.115,0.135
2022-23,1627788,Furkan Korkmaz,1610612755,PHI,37,24,13,353,355,387,22,1,6,56,54,29,0.062,0.082
2022-23,1629216,Gabe Vincent,1610612748,MIA,68,37,31,1759,2148,2364,167,17,22,334,434,206,0.078,0.096
2022-23,1628221,Gabe York,1610612754,IND,3,1,2,56,40,49,5,0,0,8,14,5,0.125,0.125
2022-23,202066,Garrett Temple,1610612740,NOP,25,16,9,162,154,139,13,3,3,22,29,18,0.084,0.117
2022-23,1629726,Garrison Mathews,1610612737,ATL,54,16,38,686,505,529,26,0,6,43,67,32,0.051,0.063
2022-23,203914,Gary Harris,1610612753,ORL,48,22,26,1184,660,831,59,6,8,108,154,72,0.089,0.109
2022-23,1627780,Gary Payton II,1610612744,GSW,22,13,9,368,415,265,30,2,2,67,84,34,0.072,0.082
2022-23,1629018,Gary Trent Jr.,1610612761,TOR,66,31,35,2118,1444,2115,106,14,17,218,281,135,0.073,0.093
2022-23,201588,George Hill,1610612754,IND,46,27,19,833,1175,1145,110,9,8,190,278,126,0.094,0.107
2022-23,1627777,Georges Niang,1610612755,PHI,78,51,27,1512,1652,1247,77,6,7,112,204,90,0.047,0.054
2022-23,203507,Giannis Antetokounmpo,1610612749,MIL,63,47,16,2024,2843,3418,359,13,41,703,950,412,0.126,0.145
2022-23,1629048,Goga Bitadze,1610612753,ORL,38,13,25,457,519,396,39,2,6,58,98,46,0.075,0.089
2022-23,201609,Goran Dragic,1610612749,MIL,57,26,31,856,1425,1500,149,25,17,260,380,190,0.105,0.133
2022-23,202330,Gordon Hayward,1610612766,CHA,50,20,30,1577,1642,1785,206,20,28,370,527,251,0.125,0.153
2022-23,203476,Gorgui Dieng,1610612759,SAS,30,3,27,338,485,443,49,4,1,89,124,54,0.101,0.111
2022-23,1629684,Grant Williams,1610612738,BOS,79,55,24,2045,1674,1367,131,10,11,206,358,151,0.078,0.09
2022-23,1628960,Grayson Allen,1610612749,MIL,72,53,19,1972,1764,1761,163,9,34,296,426,206,0.092,0.117
2022-23,1630535,Greg Brown III,1610612757,POR,16,10,6,93,45,51,3,0,0,4,8,3,0.067,0.067
2022-23,1628977,Hamidou Diallo,1610612765,DET,55,12,43,974,1009,874,54,3,4,90,139,61,0.054,0.06
2022-23,203084,Harrison Barnes,1610612758,SAC,82,48,34,2662,2631,2204,128,14,22,277,345,164,0.049,0.062
2022-23,1629312,Haywood Highsmith,1610612748,MIA,54,28,26,969,808,620,43,5,6,108,123,54,0.053,0.067
2022-23,1630529,Herbert Jones,1610612740,NOP,66,31,35,1951,2135,1664,162,7,12,268,406,181,0.076,0.085
2022-23,1630193,Immanuel Quickley,1610612752,NYK,81,47,34,2344,3025,3436,279,18,45,528,725,341,0.092,0.113
2022-23,1630171,Isaac Okoro,1610612739,CLE,76,48,28,1653,1049,903,87,7,16,141,211,110,0.083,0.105
2022-23,1628392,Isaiah Hartenstein,1610612752,NYK,82,47,35,1628,2043,1092,102,7,14,191,258,122,0.05,0.06
2022-23,1630543,Isaiah Jackson,1610612754,IND,63,24,39,1042,991,831,51,10,9,92,137,70,0.051,0.071
2022-23,1630198,Isaiah Joe,1610612760,OKC,73,36,37,1395,1216,1298,88,7,15,151,230,110,0.072,0.09
2022-23,1630587,Isaiah Livers,1610612765,DET,51,10,41,1177,964,794,39,5,7,86,102,51,0.04,0.053
2022-23,1630600,Isaiah Mobley,1610612739,CLE,12,8,4,84,104,72,3,0,2,6,6,4,0.029,0.038
2022-23,1629676,Isaiah Roby,1610612752,NYK,41,9,32,464,556,428,38,3,2,72,94,43,0.068,0.077
2022-23,1630191,Isaiah Stewart,1610612765,DET,49,12,37,1384,1343,1036,68,3,4,109,173,75,0.051,0.056
2022-23,1630225,Isaiah Todd,1610612764,WAS,6,2,4,61,59,57,4,0,0,10,11,4,0.068,0.068
2022-23,202397,Ish Smith,1610612743,DEN,43,25,18,398,722,772,100,8,8,178,254,116,0.139,0.161
2022-23,1630688,Ish Wainright,1610612756,PHX,60,33,27,915,664,570,53,3,6,94,138,60,0.08,0.09
2022-23,1627826,Ivica Zubac,1610612746,LAC,76,43,33,2169,2490,1434,77,4,14,132,193,95,0.031,0.038
2022-23,1631120,JD Davison,1610612738,BOS,12,11,1,66,86,88,11,0,1,25,26,12,0.128,0.14
2022-23,1630550,JT Thor,1610612766,CHA,69,22,47,969,1002,725,36,3,5,64,86,43,0.036,0.043
2022-23,1629630,Ja Morant,1610612763,MEM,61,40,21,1948,2868,3872,493,37,44,862,1240,571,0.172,0.199
2022-23,203210,JaMychal Green,1610612744,GSW,57,30,27,797,925,750,51,3,6,106,137,60,0.055,0.065
2022-23,201580,JaVale McGee,1610612742,DAL,42,20,22,355,322,244,11,0,0,18,28,12,0.034,0.037
2022-23,1631095,Jabari Smith Jr.,1610612745,HOU,79,21,58,2451,2506,1936,101,12,13,165,249,127,0.04,0.051
2022-23,1631133,Jabari Walker,1610612757,POR,55,21,34,593,494,404,32,3,4,62,84,39,0.065,0.079
2022-23,1631298,Jack White,1610612743,DEN,17,13,4,66,70,52,4,0,0,2,9,4,0.057,0.057
2022-23,1631367,Jacob Gilyard,1610612763,MEM,1,0,1,41,71,63,7,1,1,14,18,9,0.099,0.127
2022-23,1630702,Jaden Hardy,1610612742,DAL,48,20,28,708,762,985,65,13,15,150,190,94,0.085,0.123
2022-23,1631093,Jaden Ivey,1610612765,DET,73,16,57,2271,2684,3478,383,46,30,702,987,456,0.143,0.17
2022-23,1630183,Jaden McDaniels,1610612750,MIN,78,40,38,2391,2119,1901,146,12,22,247,366,181,0.069,0.085
2022-23,1630531,Jaden Springer,1610612755,PHI,16,13,3,89,40,58,8,0,0,9,19,8,0.2,0.2
2022-23,203109,Jae Crowder,1610612749,MIL,18,13,5,340,387,247,27,2,3,42,67,32,0.07,0.083
2022-23,1630256,Jae'Sean Tate,1610612745,HOU,31,7,24,677,942,937,84,9,7,171,228,100,0.089,0.106
2022-23,1631222,Jake LaRavia,1610612763,MEM,35,22,13,414,372,273,21,1,5,45,54,27,0.056,0.073
2022-23,1627751,Jakob Poeltl,1610612761,TOR,71,26,45,1880,2850,1994,192,19,19,309,481,229,0.067,0.08
2022-23,1628973,Jalen Brunson,1610612752,NYK,68,40,28,2379,4002,4825,421,44,65,792,1121,530,0.105,0.132
2022-23,1631105,Jalen Duren,1610612765,DET,66,16,50,1652,1800,938,74,10,5,118,194,89,0.041,0.049
2022-23,1630224,Jalen Green,1610612745,HOU,76,20,56,2602,3046,4078,281,35,47,506,705,364,0.092,0.12
2022-23,1630552,Jalen Johnson,1610612737,ATL,70,35,35,1042,1162,657,83,6,1,147,202,89,0.071,0.077
2022-23,1629667,Jalen McDaniels,1610612755,PHI,80,31,49,1913,2011,1614,130,15,11,230,337,155,0.065,0.077
2022-23,1630188,Jalen Smith,1610612754,IND,68,31,37,1279,1366,1151,66,3,12,83,165,81,0.048,0.059
2022-23,1630591,Jalen Suggs,1610612753,ORL,53,20,33,1246,1627,1559,155,10,12,251,383,177,0.095,0.109
2022-23,1631114,Jalen Williams,1610612760,OKC,75,36,39,2276,2406,2518,248,19,25,412,640,292,0.103,0.121
2022-23,1631288,Jamal Cain,1610612748,MIA,18,10,8,240,170,140,12,0,1,21,32,13,0.071,0.076
2022-23,1627750,Jamal Murray,1610612743,DEN,65,43,22,2133,3204,3929,400,39,59,681,988,496,0.125,0.155
2022-23,1631123,Jamaree Bouyea,1610612748,MIA,5,2,3,71,98,91,4,1,0,7,9,5,0.041,0.051
2022-23,1630547,James Bouknight,1610612766,CHA,34,9,25,515,507,569,41,3,1,74,99,42,0.081,0.083
2022-23,201935,James Harden,1610612755,PHI,58,39,19,2135,4036,4564,618,88,71,991,1598,777,0.153,0.193
2022-23,201949,James Johnson,1610612754,IND,18,7,11,162,170,167,15,3,1,38,46,19,0.088,0.112
2022-23,1630164,James Wiseman,1610612765,DET,45,11,34,867,1011,627,30,1,2,47,77,33,0.03,0.033
2022-23,1630215,Jared Butler,1610612760,OKC,6,3,3,77,108,121,8,0,0,24,21,8,0.074,0.074
2022-23,1631197,Jared Rhoden,1610612765,DET,14,2,12,198,180,117,4,0,1,16,9,5,0.022,0.028
2022-23,1628991,Jaren Jackson Jr.,1610612763,MEM,63,41,22,1788,1517,1611,60,6,14,113,149,80,0.04,0.053
2022-23,1629020,Jarred Vanderbilt,1610612747,LAL,78,43,35,1880,1814,1265,184,17,16,327,503,217,0.101,0.12
2022-23,1629714,Jarrell Brantley,1610612762,UTA,4,0,4,39,52,53,3,1,0,9,9,4,0.058,0.077
2022-23,1628386,Jarrett Allen,1610612739,CLE,68,44,24,2220,2036,1552,113,10,14,202,300,138,0.056,0.068
2022-23,1629633,Jarrett Culver,1610612737,ATL,10,5,5,137,143,96,6,1,0,16,14,6,0.042,0.042
2022-23,1630554,Jason Preston,1610612746,LAC,14,4,10,124,248,255,27,3,3,47,69,33,0.109,0.133
2022-23,1629750,Javonte Green,1610612741,CHI,32,13,19,480,541,375,23,1,3,37,56,27,0.043,0.05
2022-23,1629637,Jaxson Hayes,1610612740,NOP,47,22,25,610,512,466,34,1,3,59,94,38,0.066,0.074
2022-23,1630643,Jay Huff,1610612764,WAS,7,2,5,95,91,85,10,1,2,12,28,13,0.11,0.143
2022-23,1630206,Jay Scrubb,1610612753,ORL,2,1,1,30,38,31,1,0,0,3,3,1,0.026,0.026
2022-23,1627759,Jaylen Brown,1610612738,BOS,67,46,21,2405,2427,3088,232,14,56,442,625,301,0.096,0.124
2022-23,1629669,Jaylen Nowell,1610612750,MIN,65,34,31,1252,1383,1671,132,15,17,207,340,164,0.095,0.119
2022-23,1631119,Jaylin Williams,1610612760,OKC,49,23,26,914,1477,1030,76,4,5,153,198,86,0.051,0.058
2022-23,1628369,Jayson Tatum,1610612738,BOS,74,52,22,2732,3358,3969,342,14,83,635,904,439,0.102,0.131
2022-23,1630288,Jeff Dowtin Jr.,1610612761,TOR,25,17,8,259,365,345,31,1,2,55,75,34,0.085,0.093
2022-23,201145,Jeff Green,1610612743,DEN,56,33,23,1091,989,1035,69,7,12,131,176,88,0.07,0.089
2022-23,203924,Jerami Grant,1610612757,POR,63,28,35,2246,2097,2330,150,14,33,279,393,195,0.072,0.093
2022-23,1630526,Jeremiah Robinson-Earl,1610612760,OKC,43,16,27,814,895,623,43,5,3,70,120,53,0.048,0.059
2022-23,1631110,Jeremy Sochan,1610612759,SAS,55,15,40,1434,1698,1608,142,19,18,291,375,178,0.084,0.105
2022-23,1630579,Jericho Sims,1610612752,NYK,52,31,21,812,870,387,25,0,3,47,62,28,0.029,0.032
2022-23,1628975,Jevon Carter,1610612749,MIL,81,57,24,1812,2341,2556,197,20,36,369,529,253,0.084,0.108
2022-23,202710,Jimmy Butler III,1610612748,MIA,64,35,29,2138,2684,3074,340,23,32,658,883,395,0.127,0.147
2022-23,1629111,Jock Landale,1610612756,PHX,69,35,34,979,1179,976,68,7,13,126,182,87,0.058,0.074
2022-23,203925,Joe Harris,1610612751,BKN,74,40,34,1527,1100,1187,101,9,21,174,253,130,0.092,0.118
2022-23,204060,Joe Ingles,1610612749,MIL,46,32,14,1044,1179,1095,150,10,21,252,376,182,0.127,0.154
2022-23,1630580,Joe Wieskamp,1610612761,TOR,9,6,3,50,31,39,3,0,0,6,8,3,0.097,0.097
2022-23,203954,Joel Embiid,1610612755,PHI,66,43,23,2284,2676,3469,274,6,47,416,712,326,0.102,0.122
2022-23,1631219,John Butler Jr.,1610612757,POR,18,4,14,185,101,90,7,0,0,10,17,7,0.069,0.069
2022-23,1628381,John Collins,1610612737,ATL,71,37,34,2130,2113,1570,85,10,9,156,232,104,0.04,0.049
2022-23,1629723,John Konchar,1610612763,MEM,72,45,27,1494,1751,1117,100,13,11,226,269,124,0.057,0.071
2022-23,202322,John Wall,1610612746,LAC,34,15,19,755,1357,1612,178,18,27,298,465,223,0.131,0.164
2022-23,1631098,Johnny Davis,1610612764,WAS,28,10,18,423,351,378,28,3,3,52,72,34,0.08,0.097
2022-23,1630548,Johnny Juzang,1610612762,UTA,18,6,12,232,177,225,8,0,5,15,18,13,0.045,0.073
2022-23,202685,Jonas Valanciunas,1610612740,NOP,79,40,39,1968,2841,2304,140,14,18,207,351,173,0.049,0.061
2022-23,1628371,Jonathan Isaac,1610612753,ORL,11,8,3,124,148,104,6,0,0,11,15,6,0.041,0.041
2022-23,1630228,Jonathan Kuminga,1610612744,GSW,67,38,29,1394,1589,1525,125,10,23,221,349,156,0.079,0.098
2022-23,203903,Jordan Clarkson,1610612762,UTA,61,30,31,1988,1981,2729,270,25,22,496,715,316,0.136,0.16
2022-23,1630692,Jordan Goodwin,1610612764,WAS,62,22,40,1105,1843,1804,168,18,17,321,436,204,0.091,0.111
2022-23,1631160,Jordan Hall,1610612759,SAS,9,1,8,83,119,124,11,0,3,20,28,14,0.092,0.118
2022-23,1629162,Jordan McLaughlin,1610612750,MIN,42,21,21,658,1282,1245,139,12,10,214,353,161,0.108,0.126
2022-23,1629670,Jordan Nwora,1610612754,IND,62,36,26,1188,1077,1062,88,6,10,143,220,104,0.082,0.097
2022-23,1629673,Jordan Poole,1610612744,GSW,81,43,38,2427,3425,4626,363,27,74,662,936,463,0.106,0.135
2022-23,1630648,Jordan Schakel,1610612764,WAS,2,0,2,6,7,7,1,0,0,2,3,1,0.143,0.143
2022-23,1630631,Jose Alvarado,1610612740,NOP,61,30,31,1310,2131,2277,186,22,26,343,471,234,0.087,0.11
2022-23,1630528,Josh Christopher,1610612745,HOU,64,16,48,786,744,960,73,7,12,126,187,91,0.098,0.122
2022-23,1630581,Josh Giddey,1610612760,OKC,76,34,42,2367,4324,4044,469,46,42,883,1205,553,0.108,0.128
2022-23,1630182,Josh Green,1610612742,DAL,60,27,33,1539,1513,1432,103,11,21,194,282,135,0.068,0.089
2022-23,1628404,Josh Hart,1610612752,NYK,76,42,34,2454,2588,2164,290,27,37,526,764,353,0.112,0.136
2022-23,1631169,Josh Minott,1610612750,MIN,14,6,8,92,63,61,4,0,0,5,9,4,0.063,0.063
2022-23,1629006,Josh Okogie,1610612756,PHX,72,38,34,1351,1086,1037,105,9,13,169,274,128,0.097,0.118
2022-23,1626196,Josh Richardson,1610612740,NOP,64,24,40,1509,1943,1937,169,15,17,294,430,201,0.087,0.103
2022-23,1630563,Joshua Primo,1610612759,SAS,4,3,1,93,125,144,18,0,3,27,46,21,0.144,0.168
2022-23,201950,Jrue Holiday,1610612749,MIL,67,50,17,2183,3402,3936,495,45,47,925,1288,587,0.146,0.173
2022-23,1629308,Juan Toscano-Anderson,1610612762,UTA,52,19,33,700,822,581,65,8,6,116,176,79,0.079,0.096
2022-23,1627823,Juancho Hernangomez,1610612761,TOR,42,20,22,613,566,377,25,1,2,51,67,28,0.044,0.049
2022-23,1630577,Julian Champagnie,1610612759,SAS,15,6,9,263,231,207,8,1,2,19,21,11,0.035,0.048
2022-23,203944,Julius Randle,1610612752,NYK,77,44,33,2737,3451,3829,316,22,23,551,842,360,0.092,0.104
2022-23,1630551,Justin Champagnie,1610612738,BOS,5,4,1,34,33,27,4,0,0,6,9,4,0.121,0.121
2022-23,203200,Justin Holiday,1610612742,DAL,46,18,28,706,549,510,41,2,2,66,103,44,0.075,0.08
2022-23,1628382,Justin Jackson,1610612738,BOS,23,15,8,107,86,73,9,0,3,22,21,12,0.105,0.14
2022-23,1631303,Justin Minaya,1610612757,POR,3,0,3,61,53,46,3,1,1,5,10,5,0.057,0.094
2022-23,1626159,Justise Winslow,1610612757,POR,29,15,14,776,1221,989,98,7,9,166,240,115,0.08,0.094
2022-23,203994,Jusuf Nurkić,1610612757,POR,52,24,28,1391,2055,1678,149,14,8,249,394,168,0.073,0.082
2022-23,1630231,KJ Martin,1610612745,HOU,82,22,60,2292,1961,1931,123,8,14,221,326,145,0.063,0.074
2022-23,1629644,KZ Okpala,1610612758,SAC,35,19,16,248,188,155,13,1,5,22,31,18,0.069,0.096
2022-23,1630539,Kai Jones,1610612766,CHA,46,13,33,550,463,333,15,5,2,35,45,22,0.032,0.048
2022-23,1626157,Karl-Anthony Towns,1610612750,MIN,28,14,14,929,1106,1200,132,12,10,202,317,154,0.119,0.139
2022-23,202695,Kawhi Leonard,1610612746,LAC,52,33,19,1748,1852,2315,204,29,46,388,577,280,0.11,0.151
2022-23,1631099,Keegan Murray,1610612758,SAC,80,47,33,2382,1858,1885,98,10,21,172,255,129,0.053,0.069
2022-23,1628966,Keita Bates-Diop,1610612759,SAS,64,17,47,1394,1077,1085,94,7,17,179,255,118,0.087,0.11
2022-23,1629640,Keldon Johnson,1610612759,SAS,61,16,45,2000,2098,2421,178,15,21,377,462,214,0.085,0.102
2022-23,203482,Kelly Olynyk,1610612762,UTA,68,28,40,1942,2934,2170,252,19,17,425,645,287,0.086,0.098
2022-23,1626162,Kelly Oubre Jr.,1610612766,CHA,48,16,32,1548,1121,1510,54,8,13,107,134,75,0.048,0.067
2022-23,202689,Kemba Walker,1610612742,DAL,9,5,4,144,176,217,19,0,4,30,48,23,0.108,0.131
2022-23,1631112,Kendall Brown,1610612754,IND,6,1,5,40,30,25,3,1,1,6,9,5,0.1,0.167
2022-23,1629134,Kendrick Nunn,1610612764,WAS,70,30,40,963,850,1098,90,14,13,177,233,117,0.106,0.138
2022-23,1631113,Kennedy Chandler,1610612763,MEM,36,22,14,282,446,494,58,3,3,92,133,64,0.13,0.143
2022-23,1631254,Kenneth Lofton Jr.,1610612763,MEM,24,15,9,176,151,191,20,1,0,33,54,21,0.132,0.139
2022-23,1629026,Kenrich Williams,1610612760,OKC,53,26,27,1206,1228,1036,105,10,14,195,272,129,0.086,0.105
2022-23,203484,Kentavious Caldwell-Pope,1610612743,DEN,76,51,25,2381,2065,2016,183,19,36,313,467,238,0.089,0.115
2022-23,1631165,Keon Ellis,1610612758,SAC,16,7,9,71,83,70,6,0,0,9,15,6,0.072,0.072
2022-23,1630553,Keon Johnson,1610612757,POR,40,13,27,416,575,709,59,7,3,91,159,70,0.103,0.122
2022-23,1630556,Kessler Edwards,1610612758,SAC,36,17,19,386,351,275,23,0,2,41,62,25,0.066,0.071
2022-23,201142,Kevin Durant,1610612756,PHX,47,34,13,1672,1863,2516,235,22,49,396,580,305,0.126,0.164
2022-23,1628989,Kevin Huerter,1610612758,SAC,75,44,31,2203,2211,2564,221,25,28,366,565,274,0.1,0.124
2022-23,1628995,Kevin Knox II,1610612757,POR,62,12,50,928,926,649,31,0,3,66,75,34,0.033,0.037
2022-23,201567,Kevin Love,1610612748,MIA,62,35,27,1239,1772,1293,116,13,12,173,283,141,0.065,0.08
2022-23,1629645,Kevin Porter Jr.,1610612745,HOU,59,18,41,2024,3322,3659,338,32,37,673,877,407,0.102,0.123
2022-23,1630284,Kevon Harris,1610612753,ORL,34,12,22,457,292,292,16,4,3,48,44,23,0.055,0.079
2022-23,1626172,Kevon Looney,1610612744,GSW,81,43,38,1937,2820,1895,204,17,29,394,561,250,0.072,0.089
2022-23,203920,Khem Birch,1610612759,SAS,20,9,11,162,168,128,7,0,2,9,18,9,0.042,0.054
2022-23,203114,Khris Middleton,1610612749,MIL,33,25,8,801,1022,1177,163,16,17,267,415,195,0.159,0.191
2022-23,1630165,Killian Hayes,1610612765,DET,75,16,59,2122,3468,3786,462,38,27,775,1206,526,0.133,0.152
2022-23,1630184,Kira Lewis Jr.,1610612740,NOP,25,11,14,235,383,414,23,4,5,58,63,32,0.06,0.084
2022-23,202691,Klay Thompson,1610612744,GSW,68,37,31,2256,1754,2662,159,14,42,287,399,215,0.091,0.123
2022-23,1628424,Kobi Simmons,1610612766,CHA,5,1,4,28,33,31,5,0,1,7,12,6,0.152,0.182
2022-23,1627739,Kris Dunn,1610612762,UTA,22,8,14,568,1123,1127,124,10,24,238,324,158,0.11,0.141
2022-23,204001,Kristaps Porziņģis,1610612764,WAS,65,27,38,2120,2531,2664,174,12,27,282,440,213,0.069,0.084
2022-23,203937,Kyle Anderson,1610612750,MIN,68,35,33,1932,2830,2410,331,40,24,536,833,393,0.117,0.139
2022-23,1628398,Kyle Kuzma,1610612764,WAS,64,29,35,2239,2259,2600,239,17,37,408,611,292,0.106,0.129
2022-23,200768,Kyle Lowry,1610612748,MIA,55,30,25,1718,3098,2966,281,30,24,580,721,334,0.091,0.108
2022-23,202681,Kyrie Irving,1610612742,DAL,60,32,28,2241,2943,3565,331,35,60,594,861,425,0.112,0.144
2022-23,1630163,LaMelo Ball,1610612766,CHA,36,13,23,1268,2258,2685,304,43,34,514,765,381,0.135,0.169
2022-23,1630205,Lamar Stevens,1610612739,CLE,62,39,23,1121,926,626,33,1,6,61,84,40,0.036,0.043
2022-23,1629013,Landry Shamet,1610612756,PHX,40,19,21,807,1028,1108,93,8,13,165,233,114,0.09,0.111
2022-23,1626204,Larry Nance Jr.,1610612740,NOP,65,34,31,1381,1545,1194,119,11,13,169,309,143,0.077,0.093
2022-23,1628374,Lauri Markkanen,1610612762,UTA,66,32,34,2272,1887,2019,123,7,17,234,325,147,0.065,0.078
2022-23,2544,LeBron James,1610612747,LAL,55,30,25,1954,2626,3479,375,50,42,695,968,467,0.143,0.178
2022-23,1630195,Leandro Bolmaro,1610612762,UTA,14,8,6,68,81,80,7,0,0,15,17,7,0.086,0.086
2022-23,1631311,Lester Quiñones,1610612744,GSW,4,4,0,18,35,40,2,0,1,4,4,3,0.057,0.086
2022-23,1629623,Lindell Wigginton,1610612749,MIL,7,4,3,87,108,138,14,2,2,28,36,18,0.13,0.167
2022-23,1630322,Lindy Waters III,1610612760,OKC,41,20,21,531,459,438,28,3,4,50,77,35,0.061,0.076
2022-23,1629022,Lonnie Walker IV,1610612747,LAL,56,27,29,1297,761,1126,64,6,12,131,159,82,0.084,0.108
2022-23,1629663,Louis King,1610612755,PHI,1,1,0,29,27,31,2,0,1,8,5,3,0.074,0.111
2022-23,1629652,Luguentz Dort,1610612760,OKC,74,36,38,2272,1589,2088,154,11,27,296,384,192,0.097,0.121
2022-23,1629029,Luka Dončić,1610612742,DAL,66,33,33,2391,3607,4400,529,50,93,991,1417,674,0.147,0.187
2022-23,1630568,Luka Garza,1610612750,MIN,27,14,13,237,272,240,18,0,1,22,46,20,0.066,0.074
2022-23,1629677,Luka Samanic,1610612762,UTA,7,2,5,161,163,154,15,0,3,17,34,18,0.092,0.11
2022-23,1628379,Luke Kennard,1610612763,MEM,59,37,22,1315,1138,1109,91,10,15,162,245,116,0.08,0.102
2022-23,1628436,Luke Kornet,1610612738,BOS,69,45,24,804,675,486,53,2,9,89,142,64,0.079,0.095
2022-23,1630644,Mac McClung,1610612755,PHI,2,2,0,41,48,56,9,1,0,10,24,10,0.188,0.208
2022-23,1630201,Malachi Flynn,1610612761,TOR,53,29,24,691,1076,1144,70,5,11,137,173,86,0.065,0.08
2022-23,1631103,Malaki Branham,1610612759,SAS,63,14,49,1479,1485,1682,124,9,10,234,299,143,0.084,0.096
2022-23,1627763,Malcolm Brogdon,1610612738,BOS,67,46,21,1744,2521,2705,248,25,54,500,671,327,0.098,0.13
2022-23,1630792,Malcolm Hill,1610612741,CHI,4,3,1,8,3,4,0,0,0,0,0,0,0,0
2022-23,1627736,Malik Beasley,1610612747,LAL,81,45,36,2093,1661,1947,124,13,19,213,321,155,0.075,0.093
2022-23,1628370,Malik Monk,1610612758,SAC,77,47,30,1719,1986,2475,298,33,26,516,753,356,0.15,0.179
2022-23,1629603,Mamadi Diakite,1610612739,CLE,22,15,7,176,192,143,8,0,0,18,20,8,0.042,0.042
2022-23,1630699,MarJon Beauchamp,1610612749,MIL,52,34,18,701,450,492,35,2,4,75,93,41,0.078,0.091
2022-23,202694,Marcus Morris Sr.,1610612746,LAC,65,35,30,1825,1662,1689,114,7,12,201,301,132,0.069,0.079
2022-23,203935,Marcus Smart,1610612738,BOS,61,43,18,1957,2754,3035,382,22,51,652,958,451,0.139,0.164
2022-23,1631109,Mark Williams,1610612766,CHA,43,18,25,828,619,458,18,3,3,42,48,24,0.029,0.039
2022-23,1628365,Markelle Fultz,1610612753,ORL,60,29,31,1778,3015,3092,341,37,30,621,905,407,0.113,0.135
2022-23,202693,Markieff Morris,1610612742,DAL,35,17,18,355,372,335,31,2,3,35,71,36,0.083,0.097
2022-23,1630250,Marko Simonovic,1610612741,CHI,6,2,4,19,24,18,0,0,0,1,0,0,0,0
2022-23,1628963,Marvin Bagley III,1610612765,DET,42,7,35,990,944,815,36,10,1,87,111,47,0.038,0.05
2022-23,203486,Mason Plumlee,1610612746,LAC,79,28,51,2053,2463,1799,245,20,20,395,632,288,0.099,0.117
2022-23,1629680,Matisse Thybulle,1610612757,POR,71,38,33,1200,826,630,53,3,4,109,137,60,0.064,0.073
2022-23,1630346,Matt Ryan,1610612750,MIN,33,14,19,306,224,255,15,2,4,28,35,21,0.067,0.094
2022-23,203521,Matthew Dellavedova,1610612758,SAC,32,19,13,213,407,444,41,3,4,81,104,48,0.101,0.118
2022-23,1631108,Max Christie,1610612747,LAL,41,19,22,512,364,259,21,2,2,42,53,25,0.058,0.069
2022-23,1629622,Max Strus,1610612748,MIA,80,42,38,2272,2574,2295,171,12,18,315,432,201,0.066,0.078
2022-23,1628467,Maxi Kleber,1610612742,DAL,37,18,19,930,986,694,52,4,7,96,143,63,0.053,0.064
2022-23,1630593,McKinley Wright IV,1610612742,DAL,27,14,13,335,519,535,58,4,12,107,160,74,0.112,0.143
2022-23,203086,Meyers Leonard,1610612749,MIL,9,6,3,114,118,85,1,0,0,9,2,1,0.008,0.008
2022-23,1629662,Mfiondu Kabengele,1610612738,BOS,4,3,1,36,31,18,0,0,1,1,0,1,0,0.032
2022-23,1630695,Micah Potter,1610612762,UTA,7,4,3,52,70,42,4,0,0,4,9,4,0.057,0.057
2022-23,203487,Michael Carter-Williams,1610612753,ORL,4,1,3,44,73,82,7,1,3,16,17,11,0.096,0.151
2022-23,1630701,Michael Foster Jr.,1610612755,PHI,1,1,0,1,1,0,0,0,0,0,0,0,0,0
2022-23,1629008,Michael Porter Jr.,1610612743,DEN,62,41,21,1798,1296,1452,65,6,21,94,176,94,0.05,0.073
2022-23,1628969,Mikal Bridges,1610612751,BKN,83,42,41,2963,2604,3118,273,18,33,471,701,324,0.105,0.124
2022-23,201144,Mike Conley,1610612750,MIN,66,33,33,2004,3736,3901,445,53,47,817,1182,544,0.119,0.146
2022-23,203488,Mike Muscala,1610612738,BOS,63,32,31,945,1265,824,50,2,5,65,127,57,0.04,0.045
2022-23,1630540,Miles McBride,1610612752,NYK,64,36,28,760,911,936,72,8,10,125,194,90,0.079,0.099
2022-23,1629011,Mitchell Robinson,1610612752,NYK,59,35,24,1589,1249,604,53,1,3,60,133,56,0.042,0.045
2022-23,1628964,Mo Bamba,1610612747,LAL,49,25,24,768,908,677,46,1,2,67,120,49,0.051,0.054
2022-23,1628420,Monte Morris,1610612764,WAS,62,28,34,1696,2866,3024,326,34,41,546,834,400,0.114,0.14
2022-23,1626149,Montrezl Harrell,1610612755,PHI,57,35,22,681,670,617,33,1,5,57,85,39,0.049,0.058
2022-23,1629021,Moritz Wagner,1610612753,ORL,57,27,30,1109,1447,1256,84,3,7,129,205,94,0.058,0.065
2022-23,1629650,Moses Brown,1610612746,LAC,36,17,19,294,261,131,4,0,0,3,9,4,0.015,0.015
2022-23,1630541,Moses Moody,1610612744,GSW,62,36,26,799,581,688,48,4,13,95,127,65,0.083,0.112
2022-23,1631217,Moussa Diabaté,1610612746,LAC,22,10,12,195,115,73,4,0,0,9,9,4,0.035,0.035
2022-23,1626167,Myles Turner,1610612754,IND,62,29,33,1825,1667,1852,89,3,8,135,220,99,0.053,0.059
2022-23,1630230,Naji Marshall,1610612740,NOP,77,40,37,1792,2229,2043,189,15,25,338,476,229,0.085,0.103
2022-23,1629642,Nassir Little,1610612757,POR,54,22,32,976,826,761,50,4,7,91,133,63,0.061,0.076
2022-23,1631466,Nate Williams,1610612757,POR,4,1,3,95,42,48,6,0,0,11,14,6,0.143,0.143
2022-23,1630233,Nathan Knight,1610612750,MIN,37,18,19,286,275,251,13,4,1,31,42,18,0.047,0.065
2022-23,1629675,Naz Reid,1610612750,MIN,68,32,36,1251,1713,1457,77,2,17,120,191,96,0.045,0.056
2022-23,1629674,Neemias Queta,1610612758,SAC,5,1,4,29,28,18,1,0,0,2,2,1,0.036,0.036
2022-23,203457,Nerlens Noel,1610612751,BKN,17,4,13,195,206,115,10,1,1,14,25,12,0.049,0.058
2022-23,1629651,Nic Claxton,1610612751,BKN,76,41,35,2271,2315,1725,144,4,29,214,366,177,0.062,0.076
2022-23,1630208,Nick Richards,1610612766,CHA,65,21,44,1218,1107,706,38,2,1,49,93,40,0.034,0.036
2022-23,1629638,Nickeil Alexander-Walker,1610612750,MIN,58,28,30,868,1226,1243,106,9,9,211,274,124,0.086,0.101
2022-23,201587,Nicolas Batum,1610612746,LAC,78,44,34,1710,1780,1235,121,12,17,197,315,147,0.068,0.083
2022-23,203999,Nikola Jokić,1610612743,DEN,69,48,21,2323,5178,4399,678,67,58,1130,1692,802,0.131,0.155
2022-23,1631107,Nikola Jović,1610612748,MIA,15,7,8,204,252,223,10,3,4,27,30,17,0.04,0.067
2022-23,202696,Nikola Vučević,1610612741,CHI,81,39,42,2711,4004,3622,259,13,37,438,669,310,0.065,0.077
2022-23,203943,Noah Vonleh,1610612738,BOS,23,17,6,172,184,73,7,0,2,15,20,9,0.038,0.049
2022-23,1626181,Norman Powell,1610612746,LAC,60,31,29,1567,1120,1737,109,8,15,203,284,132,0.097,0.118
2022-23,1628384,OG Anunoby,1610612761,TOR,67,33,34,2386,1978,2162,131,14,21,296,331,166,0.066,0.084
2022-23,1630167,Obi Toppin,1610612752,NYK,67,37,30,1051,1245,981,66,2,4,109,167,72,0.053,0.058
2022-23,1630534,Ochai Agbaji,1610612762,UTA,59,29,30,1209,862,942,67,5,7,128,172,79,0.078,0.092
2022-23,1630846,Olivier Sarr,1610612760,OKC,9,5,4,114,121,74,4,0,0,3,9,4,0.033,0.033
2022-23,1630209,Omer Yurtseven,1610612748,MIA,9,5,4,83,79,68,2,1,1,4,6,4,0.025,0.051
2022-23,1630168,Onyeka Okongwu,1610612737,ATL,80,41,39,1849,1673,1125,81,4,7,128,219,92,0.048,0.055
2022-23,1631115,Orlando Robinson,1610612748,MIA,31,18,13,425,416,265,25,0,1,39,64,26,0.06,0.063
2022-23,1629052,Oshae Brissett,1610612754,IND,65,27,38,1083,1271,931,44,3,3,89,115,50,0.035,0.039
2022-23,203490,Otto Porter Jr.,1610612761,TOR,8,4,4,146,163,121,8,0,0,14,18,8,0.049,0.049
2022-23,1631172,Ousmane Dieng,1610612760,OKC,39,20,19,569,511,481,46,3,6,70,113,55,0.09,0.108
2022-23,200782,P.J. Tucker,1610612755,PHI,75,48,27,1920,1288,772,60,3,14,121,161,77,0.047,0.06
2022-23,1629023,P.J. Washington,1610612766,CHA,73,24,49,2380,2919,2435,175,31,15,339,457,221,0.06,0.076
2022-23,1628408,PJ Dozier,1610612758,SAC,16,11,5,79,131,127,10,3,3,20,25,16,0.076,0.122
2022-23,1631094,Paolo Banchero,1610612753,ORL,72,31,41,2430,2942,3097,269,24,40,500,693,335,0.091,0.114
2022-23,1627783,Pascal Siakam,1610612761,TOR,71,35,36,2652,3858,4072,415,35,49,782,1099,500,0.108,0.13
2022-23,1626192,Pat Connaughton,1610612749,MIL,61,43,18,1443,1520,1079,77,5,11,117,190,92,0.051,0.061
2022-23,1631116,Patrick Baldwin Jr.,1610612744,GSW,31,15,16,226,230,247,11,0,2,13,27,13,0.048,0.057
2022-23,201976,Patrick Beverley,1610612741,CHI,67,34,33,1817,2136,1877,194,19,24,347,489,237,0.091,0.111
2022-23,1630172,Patrick Williams,1610612741,CHI,81,39,42,2292,2267,1697,98,7,16,203,254,121,0.043,0.053
2022-23,201988,Patty Mills,1610612751,BKN,40,18,22,567,538,643,56,4,6,93,140,66,0.104,0.123
2022-23,202331,Paul George,1610612746,LAC,56,32,24,1939,2512,3051,288,33,47,490,774,371,0.115,0.148
2022-23,1630194,Paul Reed,1610612755,PHI,69,44,25,755,652,422,27,1,3,57,69,31,0.041,0.048
2022-23,1630202,Payton Pritchard,1610612738,BOS,48,32,16,643,828,916,64,5,11,153,171,80,0.077,0.097
2022-23,1631212,Peyton Watson,1610612743,DEN,23,13,10,186,158,127,11,0,1,18,23,12,0.07,0.076
2022-23,1630173,Precious Achiuwa,1610612761,TOR,55,30,25,1141,1229,1090,50,3,5,91,134,58,0.041,0.047
2022-23,1629656,Quentin Grimes,1610612752,NYK,71,41,30,2121,1519,1559,150,7,8,233,370,166,0.099,0.109
2022-23,1631245,Quenton Jackson,1610612764,WAS,9,3,6,135,173,176,15,1,2,27,38,18,0.087,0.104
2022-23,1630181,R.J. Hampton,1610612765,DET,47,9,38,750,765,824,54,5,5,126,151,64,0.071,0.084
2022-23,1629628,RJ Barrett,1610612752,NYK,73,40,33,2475,2105,2700,201,15,27,372,516,244,0.095,0.116
2022-23,1630564,RaiQuan Gray,1610612751,BKN,1,0,1,35,37,38,7,1,0,12,19,8,0.189,0.216
2022-23,203526,Raul Neto,1610612739,CLE,48,31,17,505,794,867,79,5,15,152,203,99,0.099,0.125
2022-23,203493,Reggie Bullock Jr.,1610612742,DAL,78,37,41,2365,2122,1697,108,8,10,197,289,127,0.051,0.06
2022-23,202704,Reggie Jackson,1610612743,DEN,68,36,32,1657,2451,2796,233,24,26,390,598,280,0.095,0.114
2022-23,1626158,Richaun Holmes,1610612758,SAC,42,22,20,348,305,251,9,2,3,28,31,15,0.03,0.049
2022-23,201937,Ricky Rubio,1610612739,CLE,33,23,10,566,1036,1050,115,17,17,224,314,150,0.111,0.145
2022-23,203496,Robert Covington,1610612746,LAC,48,20,28,779,1083,709,57,7,13,93,153,78,0.053,0.072
2022-23,1629057,Robert Williams III,1610612738,BOS,35,24,11,824,872,581,50,4,7,92,141,62,0.057,0.071
2022-23,201577,Robin Lopez,1610612739,CLE,37,25,12,298,223,206,19,1,1,27,54,22,0.085,0.099
2022-23,203585,Rodney McGruder,1610612765,DET,32,4,28,524,414,401,28,3,7,54,71,38,0.068,0.092
2022-23,1629641,Romeo Langford,1610612759,SAS,40,13,27,790,553,551,45,5,6,92,116,56,0.081,0.101
2022-23,1631199,Ron Harper Jr.,1610612761,TOR,9,6,3,47,43,45,4,0,0,7,9,4,0.093,0.093
2022-23,1626220,Royce O'Neale,1610612751,BKN,76,42,34,2409,3781,2717,283,19,34,473,723,332,0.075,0.088
2022-23,200752,Rudy Gay,1610612762,UTA,56,29,27,816,952,679,57,11,4,117,164,72,0.06,0.076
2022-23,203497,Rudy Gobert,1610612750,MIN,69,33,36,2120,2188,1500,82,7,13,122,214,103,0.037,0.047
2022-23,1629060,Rui Hachimura,1610612747,LAL,63,38,25,1466,1173,1114,58,2,9,105,145,69,0.049,0.059
2022-23,201566,Russell Westbrook,1610612746,LAC,73,36,37,2126,3211,3632,551,56,43,917,1363,647,0.172,0.201
2022-23,1627853,Ryan Arcidiacono,1610612752,NYK,20,9,11,172,335,329,23,1,0,66,56,24,0.069,0.072
2022-23,1631157,Ryan Rollins,1610612744,GSW,12,5,7,62,101,114,6,0,1,20,14,7,0.059,0.069
2022-23,1630240,Saben Lee,1610612756,PHX,25,15,10,374,646,726,67,6,9,136,169,82,0.104,0.127
2022-23,1630180,Saddiq Bey,1610612737,ATL,76,24,52,2100,1757,1761,117,12,12,232,304,141,0.067,0.08
2022-23,1630573,Sam Hauser,1610612738,BOS,80,55,25,1290,1068,903,71,4,7,99,183,82,0.066,0.077
2022-23,1630241,Sam Merrill,1610612739,CLE,5,4,1,59,60,65,5,0,0,9,13,5,0.083,0.083
2022-23,1630572,Sandro Mamukelashvili,1610612759,SAS,41,22,19,613,827,616,57,9,6,107,154,72,0.069,0.087
2022-23,1630583,Santi Aldama,1610612763,MEM,77,47,30,1682,1564,1217,97,10,11,159,244,118,0.062,0.075
2022-23,1630567,Scottie Barnes,1610612761,TOR,77,38,39,2678,4088,3874,371,50,41,671,970,463,0.091,0.113
2022-23,1630590,Scotty Pippen Jr.,1610612747,LAL,6,1,5,32,50,53,2,1,1,6,6,4,0.04,0.08
2022-23,201586,Serge Ibaka,1610612749,MIL,16,11,5,185,148,137,4,1,2,14,11,7,0.027,0.047
2022-23,203552,Seth Curry,1610612751,BKN,61,37,24,1211,1373,1600,99,10,40,179,266,148,0.072,0.108
2022-23,1631101,Shaedon Sharpe,1610612757,POR,80,32,48,1779,1237,1508,94,10,19,172,247,123,0.076,0.099
2022-23,1628983,Shai Gilgeous-Alexander,1610612760,OKC,68,33,35,2416,2893,4211,371,26,64,781,985,461,0.128,0.159
2022-23,1629003,Shake Milton,1610612755,PHI,76,52,24,1567,2221,2477,240,26,22,383,623,288,0.108,0.13
2022-23,1627885,Shaquille Harrison,1610612747,LAL,4,1,3,96,186,178,21,0,2,40,53,23,0.113,0.124
2022-23,1631323,Simone Fontecchio,1610612762,UTA,52,25,27,766,581,639,42,2,8,76,109,52,0.072,0.09
2022-23,1630219,Skylar Mays,1610612757,POR,5,1,4,166,326,344,43,4,2,69,105,49,0.132,0.15
2022-23,203915,Spencer Dinwiddie,1610612751,BKN,79,41,38,2725,3924,4694,515,39,57,946,1364,610,0.131,0.155
2022-23,1626169,Stanley Johnson,1610612762,UTA,29,5,24,459,573,426,64,4,6,96,155,74,0.112,0.129
2022-23,1630649,Stanley Umude,1610612765,DET,1,0,1,2,1,2,0,0,0,0,0,0,0,0
2022-23,201939,Stephen Curry,1610612744,GSW,55,29,26,1918,2815,3542,349,35,67,605,888,449,0.124,0.16
2022-23,1628425,Sterling Brown,1610612747,LAL,4,2,2,24,19,7,2,0,0,3,4,2,0.105,0.105
2022-23,203500,Steven Adams,1610612763,MEM,42,28,14,1133,1408,809,97,11,7,154,246,114,0.069,0.081
2022-23,1629004,Svi Mykhailiuk,1610612766,CHA,32,16,16,468,400,461,53,6,7,88,140,66,0.133,0.165
2022-23,204456,T.J. McConnell,1610612754,IND,75,31,44,1526,3288,3370,397,70,34,765,1113,501,0.121,0.152
2022-23,203933,T.J. Warren,1610612756,PHX,42,26,16,687,583,607,40,0,4,66,96,44,0.069,0.075
2022-23,201959,Taj Gibson,1610612764,WAS,49,21,28,480,559,452,34,0,2,55,84,36,0.061,0.064
2022-23,1629659,Talen Horton-Tucker,1610612762,UTA,65,30,35,1313,2050,2261,246,26,26,467,652,303,0.12,0.148
2022-23,1631106,Tari Eason,1610612745,HOU,82,22,60,1767,1771,1355,88,9,15,169,230,112,0.05,0.063
2022-23,1627752,Taurean Prince,1610612750,MIN,53,30,23,1167,991,1102,82,12,21,144,207,114,0.083,0.115
2022-23,1629611,Terance Mann,1610612746,LAC,81,44,37,1872,2328,2135,184,19,24,316,484,227,0.079,0.098
2022-23,1629056,Terence Davis,1610612758,SAC,64,38,26,841,860,969,67,9,7,118,165,82,0.078,0.095
2022-23,203082,Terrence Ross,1610612756,PHX,63,27,36,1331,832,1050,95,17,5,178,254,117,0.114,0.141
2022-23,1626179,Terry Rozier,1610612766,CHA,63,19,44,2221,3179,4080,319,38,47,608,822,402,0.1,0.126
2022-23,1630678,Terry Taylor,1610612741,CHI,31,13,18,263,211,180,10,0,0,22,29,10,0.047,0.047
2022-23,201152,Thaddeus Young,1610612761,TOR,54,23,31,795,1155,828,75,7,7,116,179,89,0.065,0.077
2022-23,203648,Thanasis Antetokounmpo,1610612749,MIL,37,25,12,206,175,146,15,0,0,24,39,15,0.086,0.086
2022-23,1630177,Theo Maledon,1610612766,CHA,44,14,30,854,1666,1734,152,19,18,280,393,189,0.091,0.113
2022-23,1629033,Theo Pinson,1610612742,DAL,40,19,21,323,530,381,46,4,4,82,124,54,0.087,0.102
2022-23,1628418,Thomas Bryant,1610612743,DEN,59,33,26,1082,1111,717,31,3,7,59,81,41,0.028,0.037
2022-23,203501,Tim Hardaway Jr.,1610612742,DAL,71,37,34,2152,2152,2232,129,15,19,217,352,161,0.06,0.075
2022-23,202699,Tobias Harris,1610612755,PHI,74,47,27,2436,2520,2334,186,13,28,326,505,227,0.074,0.09
2022-23,1628396,Tony Bradley,1610612741,CHI,11,4,7,32,45,33,1,0,0,0,0,0,0.022,0
2022-23,1628470,Torrey Craig,1610612756,PHX,79,44,35,1948,1933,1306,117,8,16,215,301,140,0.061,0.072
2022-23,1629027,Trae Young,1610612737,ATL,73,38,35,2541,3606,5089,741,68,54,1252,1816,864,0.205,0.24
2022-23,1630200,Tre Jones,1610612759,SAS,65,19,46,1891,3348,3799,421,43,47,784,1089,511,0.126,0.153
2022-23,1630544,Tre Mann,1610612760,OKC,67,31,36,1183,1392,1553,120,10,27,230,316,158,0.086,0.114
2022-23,1630570,Trendon Watford,1610612757,POR,61,26,35,1162,1681,1154,127,10,8,224,324,145,0.076,0.086
2022-23,1630235,Trent Forrest,1610612737,ATL,23,9,14,277,383,352,38,3,3,73,98,44,0.099,0.115
2022-23,1630243,Trevelin Queen,1610612755,PHI,7,2,5,70,80,89,6,2,2,10,14,9,0.075,0.113
2022-23,1631309,Trevor Hudgins,1610612745,HOU,5,0,5,28,47,58,3,0,1,5,7,4,0.064,0.085
2022-23,1631211,Trevor Keels,1610612752,NYK,3,3,0,8,3,5,0,0,1,0,0,1,0,0.333
2022-23,1626168,Trey Lyles,1610612758,SAC,74,43,31,1247,1411,1083,66,3,9,129,167,78,0.047,0.055
2022-23,1630530,Trey Murphy III,1610612740,NOP,79,39,40,2448,1869,1879,112,9,28,202,275,148,0.06,0.079
2022-23,1628972,Troy Brown Jr.,1610612747,LAL,76,40,36,1860,1463,1094,95,7,12,190,238,114,0.065,0.078
2022-23,1629660,Ty Jerome,1610612744,GSW,45,22,23,816,1430,1427,135,15,15,264,366,165,0.094,0.115
2022-23,1631102,TyTy Washington Jr.,1610612745,HOU,31,6,25,433,682,720,47,6,9,97,118,62,0.069,0.091
2022-23,1628416,Tyler Dorsey,1610612742,DAL,3,2,1,8,2,5,0,0,0,0,0,0,0,0
2022-23,1629639,Tyler Herro,1610612748,MIA,67,37,30,2335,2917,3328,280,38,48,564,756,366,0.096,0.125
2022-23,1630169,Tyrese Haliburton,1610612754,IND,56,28,28,1883,4077,4341,585,65,57,1108,1537,706,0.143,0.173
2022-23,1631213,Tyrese Martin,1610612737,ATL,16,10,6,66,60,56,2,0,1,8,5,3,0.033,0.05
2022-23,1630178,Tyrese Maxey,1610612755,PHI,60,39,21,2016,2934,3326,212,35,30,385,577,277,0.072,0.094
2022-23,1626145,Tyus Jones,1610612763,MEM,80,51,29,1939,3467,3674,417,21,50,726,1053,487,0.12,0.14
2022-23,1628962,Udoka Azubuike,1610612762,UTA,36,17,19,359,198,174,11,0,3,14,24,14,0.056,0.071
2022-23,2617,Udonis Haslem,1610612748,MIA,7,4,3,72,75,62,0,0,2,6,0,2,0,0.027
2022-23,1630586,Usman Garuba,1610612745,HOU,75,21,54,970,1162,667,64,9,5,115,164,76,0.055,0.065
2022-23,1630176,Vernon Carey Jr.,1610612762,UTA,11,8,3,28,33,24,3,0,0,4,7,3,0.091,0.091
2022-23,203506,Victor Oladipo,1610612748,MIA,42,23,19,1106,1490,1706,146,26,17,280,392,188,0.098,0.126
2022-23,1631246,Vince Williams Jr.,1610612763,MEM,15,7,8,105,70,72,4,0,0,13,10,4,0.057,0.057
2022-23,1628427,Vlatko Cancar,1610612743,DEN,60,38,22,889,905,871,80,8,5,141,208,93,0.088,0.103
2022-23,1630249,Vít Krejčí,1610612737,ATL,29,15,14,165,153,139,17,1,0,33,43,18,0.111,0.118
2022-23,1631117,Walker Kessler,1610612762,UTA,74,34,40,1703,1243,969,69,4,6,117,185,78,0.056,0.063
2022-23,1628976,Wendell Carter Jr.,1610612753,ORL,57,26,31,1690,2147,1851,132,15,7,215,330,153,0.061,0.071
2022-23,1631111,Wendell Moore Jr.,1610612750,MIN,28,15,13,149,201,208,18,3,1,29,48,22,0.09,0.109
2022-23,1629117,Wenyen Gabriel,1610612747,LAL,68,37,31,1024,1003,581,36,3,5,86,97,44,0.036,0.044
2022-23,202083,Wesley Matthews,1610612749,MIL,52,37,15,820,545,449,34,5,5,71,95,44,0.062,0.081
2022-23,203115,Will Barton,1610612761,TOR,56,27,29,993,1179,1305,112,12,19,212,282,142,0.095,0.12
2022-23,1626195,Willy Hernangomez,1610612740,NOP,38,23,15,458,628,525,33,2,5,55,89,40,0.053,0.064
2022-23,1641645,Xavier Cooks,1610612764,WAS,10,2,8,126,142,85,6,6,3,23,27,15,0.042,0.106
2022-23,1629875,Xavier Moon,1610612746,LAC,4,2,2,20,34,36,5,0,0,8,12,5,0.147,0.147
2022-23,1630270,Xavier Sneed,1610612766,CHA,4,0,4,48,48,42,5,0,0,4,11,5,0.104,0.104
2022-23,1630214,Xavier Tillman,1610612763,MEM,61,40,21,1180,1503,1034,96,8,9,173,245,113,0.064,0.075
2022-23,1629139,Yuta Watanabe,1610612751,BKN,58,30,28,928,693,601,48,5,4,75,123,55,0.069,0.079
2022-23,1628380,Zach Collins,1610612759,SAS,61,19,42,1398,1597,1572,174,20,9,268,444,202,0.109,0.126
2022-23,203897,Zach LaVine,1610612741,CHI,76,37,39,2732,2814,3693,323,29,54,601,821,405,0.115,0.144
2022-23,1630192,Zeke Nnaji,1610612743,DEN,52,34,18,726,458,441,18,0,3,37,46,21,0.039,0.046
2022-23,1630533,Ziaire Williams,1610612763,MEM,37,21,16,561,404,445,35,6,2,61,89,43,0.087,0.106
2022-23,1629627,Zion Williamson,1610612740,NOP,29,17,12,956,1175,1280,133,14,14,267,371,161,0.113,0.137
2023-24,1630639,A.J. Lawson,1610612742,DAL,41,26,15,308,268,236,20,0,2,27,52,22,0.075,0.082
2023-24,1631260,AJ Green,1610612749,MIL,56,35,21,614,459,483,30,1,4,58,71,34,0.065,0.074
2023-24,1631100,AJ Griffin,1610612737,ATL,20,8,12,171,96,120,5,1,3,10,16,9,0.052,0.094
2023-24,203932,Aaron Gordon,1610612743,DEN,71,47,24,2244,2006,2018,250,20,21,402,651,290,0.125,0.145
2023-24,1628988,Aaron Holiday,1610612745,HOU,78,39,39,1269,1473,1590,140,14,9,268,373,161,0.095,0.109
2023-24,1630174,Aaron Nesmith,1610612754,IND,72,41,31,1995,2015,1745,108,7,18,167,265,132,0.054,0.066
2023-24,1630598,Aaron Wiggins,1610612760,OKC,78,55,23,1228,1046,969,86,6,14,127,216,106,0.082,0.101
2023-24,1641745,Adam Flagler,1610612760,OKC,2,2,0,14,12,18,4,0,0,5,11,4,0.333,0.333
2023-24,1641766,Adama Sanogo,1610612741,CHI,9,3,6,66,52,34,0,0,1,1,0,1,0,0.019
2023-24,1629678,Admiral Schofield,1610612753,ORL,23,15,8,84,126,97,7,0,0,17,17,7,0.056,0.056
2023-24,201143,Al Horford,1610612738,BOS,64,50,14,1708,1631,1252,165,7,7,260,423,174,0.101,0.107
2023-24,202692,Alec Burks,1610612752,NYK,66,18,48,1212,1230,1398,88,8,7,137,225,102,0.072,0.083
2023-24,1630197,Aleksej Pokusevski,1610612766,CHA,27,13,14,398,453,361,35,3,5,74,94,43,0.077,0.095
2023-24,1627936,Alex Caruso,1610612741,CHI,70,34,36,2004,2890,2227,241,21,37,392,585,299,0.083,0.103
2023-24,1641788,Alex Fudge,1610612742,DAL,6,1,5,40,21,22,0,0,0,1,0,0,0,0
2023-24,203458,Alex Len,1610612758,SAC,48,24,24,444,568,415,50,2,3,72,130,55,0.088,0.097
2023-24,1631214,Alondes Williams,1610612748,MIA,7,5,2,16,27,34,0,1,0,5,2,1,0,0.037
2023-24,1630578,Alperen Sengun,1610612745,HOU,63,29,34,2046,2490,2824,312,16,32,528,793,360,0.125,0.145
2023-24,1641735,Amari Bailey,1610612766,CHA,10,1,9,65,42,59,7,0,0,8,19,7,0.167,0.167
2023-24,1641708,Amen Thompson,1610612745,HOU,62,30,32,1389,1831,1485,163,17,16,327,436,198,0.089,0.108
2023-24,1629599,Amir Coffey,1610612746,LAC,69,45,24,1445,957,948,76,5,8,119,200,88,0.079,0.092
2023-24,203083,Andre Drummond,1610612741,CHI,78,37,41,1339,971,775,37,4,5,51,95,46,0.038,0.047
2023-24,1641748,Andre Jackson Jr.,1610612749,MIL,57,33,24,572,513,359,50,1,6,79,129,57,0.097,0.111
2023-24,1641847,Andrew Funk,1610612741,CHI,5,3,2,13,9,9,0,0,0,0,0,0,0,0
2023-24,1629614,Andrew Nembhard,1610612754,IND,68,41,27,1697,2422,2583,280,19,43,456,699,340,0.116,0.14
2023-24,203952,Andrew Wiggins,1610612744,GSW,70,38,32,1894,1589,1780,118,5,22,234,315,143,0.074,0.09
2023-24,1629014,Anfernee Simons,1610612757,POR,45,10,35,1540,2171,2823,248,26,43,450,626,318,0.114,0.146
2023-24,1641710,Anthony Black,1610612753,ORL,69,39,30,1164,1446,1285,91,14,14,195,249,119,0.063,0.082
2023-24,203076,Anthony Davis,1610612747,LAL,75,44,31,2669,3771,3274,261,14,54,376,642,327,0.069,0.087
2023-24,1630162,Anthony Edwards,1610612750,MIN,79,54,25,2770,3368,4193,405,31,72,629,1084,508,0.12,0.151
2023-24,1630264,Anthony Gill,1610612764,WAS,50,9,41,466,386,373,34,4,5,59,92,43,0.088,0.111
2023-24,1629717,Armoni Brooks,1610612751,BKN,10,3,7,104,102,114,5,0,0,8,8,4,0.049,0.039
2023-24,1630204,Ashton Hagans,1610612757,POR,19,3,16,316,598,598,54,6,4,127,139,64,0.09,0.107
2023-24,1641709,Ausar Thompson,1610612765,DET,62,10,52,1572,1244,1070,120,4,11,213,291,133,0.096,0.107
2023-24,1630559,Austin Reaves,1610612747,LAL,81,46,35,2606,3596,3689,443,32,56,747,1093,522,0.123,0.145
2023-24,1630245,Ayo Dosunmu,1610612741,CHI,75,37,38,2176,2580,2556,238,16,40,430,575,287,0.092,0.111
2023-24,1628389,Bam Adebayo,1610612748,MIA,71,40,31,2416,3026,2973,278,19,28,456,710,323,0.092,0.107
2023-24,1641767,Ben Sheppard,1610612754,IND,57,32,25,814,920,820,53,5,12,76,130,70,0.058,0.076
2023-24,1627732,Ben Simmons,1610612751,BKN,15,7,8,359,749,588,86,4,4,142,227,94,0.115,0.126
2023-24,1631097,Bennedict Mathurin,1610612754,IND,59,33,26,1538,1549,1782,119,8,29,183,294,152,0.077,0.098
2023-24,1641731,Bilal Coulibaly,1610612764,WAS,63,11,52,1715,1432,1205,110,9,17,193,280,134,0.077,0.094
2023-24,202687,Bismack Biyombo,1610612760,OKC,40,20,20,791,882,549,53,2,5,77,139,61,0.06,0.069
2023-24,1631104,Blake Wesley,1610612759,SAS,60,18,42,856,1334,1394,157,13,14,301,425,186,0.118,0.139
2023-24,1626246,Boban Marjanovic,1610612745,HOU,14,9,5,71,71,63,6,0,0,6,12,5,0.085,0.07
2023-24,1626171,Bobby Portis Jr.,1610612749,MIL,82,49,33,2008,2304,1735,104,7,19,188,275,129,0.045,0.056
2023-24,203992,Bogdan Bogdanović,1610612737,ATL,79,35,44,2401,2408,2685,247,32,28,441,622,302,0.103,0.125
2023-24,202711,Bojan Bogdanovic,1610612752,NYK,57,20,37,1478,1014,1509,97,9,12,185,254,118,0.096,0.116
2023-24,1629626,Bol Bol,1610612756,PHX,42,28,14,459,352,282,17,1,5,30,39,22,0.048,0.063
2023-24,1630538,Bones Hyland,1610612746,LAC,36,19,17,527,794,917,92,7,7,124,229,108,0.116,0.136
2023-24,203078,Bradley Beal,1610612756,PHX,52,33,19,1729,2481,2690,261,20,58,419,649,328,0.105,0.132
2023-24,1641764,Brandin Podziemski,1610612744,GSW,73,41,32,1938,2584,2333,266,20,38,434,666,318,0.103,0.123
2023-24,1630527,Brandon Boston Jr.,1610612746,LAC,32,17,15,345,323,347,13,0,4,39,23,14,0.04,0.043
2023-24,1629634,Brandon Clarke,1610612763,MEM,6,2,4,134,129,142,9,0,1,16,20,10,0.07,0.078
2023-24,1627742,Brandon Ingram,1610612740,NOP,63,38,25,2071,2642,3348,356,37,70,661,927,463,0.135,0.175
2023-24,1641706,Brandon Miller,1610612766,CHA,73,17,56,2347,2583,2843,172,10,37,323,447,219,0.067,0.085
2023-24,1630314,Brandon Williams,1610612742,DAL,17,10,7,113,151,183,17,1,0,29,39,18,0.113,0.119
2023-24,1630296,Braxton Key,1610612743,DEN,20,14,6,60,92,64,9,0,1,15,24,11,0.098,0.12
2023-24,1641729,Brice Sensabaugh,1610612762,UTA,31,8,23,553,443,507,52,2,5,84,127,59,0.117,0.133
2023-24,201572,Brook Lopez,1610612749,MIL,79,48,31,2411,1545,1683,127,7,18,180,323,151,0.082,0.098
2023-24,1628971,Bruce Brown,1610612761,TOR,67,26,41,1865,2106,2018,192,22,32,335,498,247,0.091,0.117
2023-24,1628981,Bruno Fernando,1610612737,ATL,45,20,25,682,618,610,46,3,5,77,121,54,0.074,0.087
2023-24,1631121,Bryce McGowens,1610612766,CHA,59,11,48,882,660,675,51,2,8,82,126,61,0.077,0.092
2023-24,1631205,Buddy Boeheim,1610612765,DET,10,0,10,84,47,56,3,0,1,7,7,4,0.064,0.085
2023-24,1627741,Buddy Hield,1610612755,PHI,83,45,38,2138,3095,2776,231,19,20,351,572,267,0.075,0.086
2023-24,203468,CJ McCollum,1610612740,NOP,65,42,23,2133,3012,3661,303,43,40,514,778,385,0.101,0.128
2023-24,1630595,Cade Cunningham,1610612765,DET,61,9,52,2042,3242,4188,454,53,56,783,1160,564,0.14,0.174
2023-24,1631216,Caleb Houstan,1610612753,ORL,59,31,28,815,445,467,29,0,6,44,80,35,0.065,0.079
2023-24,1628997,Caleb Martin,1610612748,MIA,64,36,28,1757,1757,1699,143,6,12,241,368,159,0.081,0.09
2023-24,1629629,Cam Reddish,1610612747,LAL,47,26,21,961,482,536,46,4,5,70,115,55,0.095,0.114
2023-24,1630560,Cam Thomas,1610612751,BKN,63,23,40,1984,1916,2777,186,9,38,349,472,234,0.097,0.122
2023-24,1641715,Cam Whitmore,1610612745,HOU,47,19,28,880,571,746,33,0,4,59,75,37,0.058,0.065
2023-24,1629661,Cameron Johnson,1610612751,BKN,57,21,36,1574,1414,1527,136,5,24,244,350,164,0.096,0.116
2023-24,1626166,Cameron Payne,1610612755,PHI,77,45,32,1281,2162,2267,202,26,25,349,531,251,0.093,0.116
2023-24,1627747,Caris LeVert,1610612739,CLE,68,38,30,1958,2495,2881,346,37,31,576,928,416,0.139,0.167
2023-24,1641717,Cason Wallace,1610612760,OKC,82,57,25,1692,1156,1192,120,9,12,201,297,141,0.104,0.122
2023-24,1626224,Cedi Osman,1610612759,SAS,72,17,55,1269,1149,1107,119,8,14,200,294,139,0.104,0.121
2023-24,1629646,Charles Bassey,1610612759,SAS,19,3,16,205,306,151,21,0,2,34,52,23,0.069,0.075
2023-24,1629718,Charlie Brown Jr.,1610612752,NYK,8,2,6,37,23,21,0,0,0,1,0,0,0,0
2023-24,1631096,Chet Holmgren,1610612760,OKC,82,57,25,2413,3218,2464,200,13,22,290,505,235,0.062,0.073
2023-24,1629002,Chimezie Metu,1610612765,DET,51,24,27,859,773,627,46,4,6,90,121,56,0.06,0.072
2023-24,1628449,Chris Boucher,1610612761,TOR,49,16,33,674,478,405,21,2,9,36,52,32,0.044,0.067
2023-24,1630537,Chris Duarte,1610612758,SAC,59,35,24,720,671,626,44,4,7,77,105,55,0.066,0.082
2023-24,1641753,Chris Livingston,1610612749,MIL,21,13,8,91,85,60,5,0,0,8,11,5,0.059,0.059
2023-24,101108,Chris Paul,1610612744,GSW,57,33,24,1502,2671,2784,384,30,49,736,987,463,0.144,0.173
2023-24,1631128,Christian Braun,1610612743,DEN,80,55,25,1623,1672,1439,130,12,17,215,329,159,0.078,0.095
2023-24,1626174,Christian Wood,1610612747,LAL,49,27,22,864,822,644,47,4,7,67,113,58,0.057,0.071
2023-24,1629643,Chuma Okeke,1610612753,ORL,47,24,23,432,421,359,20,2,5,52,60,28,0.048,0.067
2023-24,203991,Clint Capela,1610612737,ATL,73,33,40,1883,1424,1315,91,9,10,152,248,110,0.064,0.077
2023-24,1629632,Coby White,1610612741,CHI,78,37,41,2840,4066,4548,401,30,82,730,1014,507,0.099,0.125
2023-24,1628998,Cody Martin,1610612766,CHA,28,7,21,753,904,879,104,11,4,163,270,119,0.115,0.132
2023-24,203469,Cody Zeller,1610612740,NOP,42,26,16,308,446,295,38,2,1,52,94,41,0.085,0.092
2023-24,1641732,Colby Jones,1610612758,SAC,30,15,15,192,248,252,20,3,3,42,54,26,0.081,0.105
2023-24,1630175,Cole Anthony,1610612753,ORL,81,47,34,1817,2604,2812,236,26,23,450,619,283,0.091,0.109
2023-24,1631306,Cole Swider,1610612748,MIA,18,8,10,87,87,101,5,1,2,15,12,8,0.057,0.092
2023-24,1630658,Colin Castleton,1610612747,LAL,16,9,7,59,63,38,3,1,0,7,8,4,0.048,0.063
2023-24,1631221,Collin Gillespie,1610612743,DEN,24,15,9,225,379,399,27,4,2,61,73,34,0.071,0.09
2023-24,1629012,Collin Sexton,1610612762,UTA,77,29,48,2039,2522,3489,379,22,37,649,972,437,0.15,0.173
2023-24,1630557,Corey Kispert,1610612764,WAS,80,15,65,2067,1834,1989,156,12,14,239,393,179,0.085,0.098
2023-24,202709,Cory Joseph,1610612744,GSW,26,10,16,296,501,493,42,2,4,80,109,46,0.084,0.092
2023-24,1641854,Craig Porter Jr.,1610612739,CLE,51,30,21,649,1160,1240,118,13,30,226,312,160,0.102,0.138
2023-24,1626156,D'Angelo Russell,1610612747,LAL,75,45,30,2462,3605,3768,481,46,55,736,1193,576,0.133,0.16
2023-24,1641793,D'Moi Hodge,1610612747,LAL,7,1,6,41,28,32,5,0,0,5,10,5,0.179,0.179
2023-24,1630618,D.J. Carton,1610612761,TOR,4,2,2,36,55,60,3,1,2,14,10,6,0.055,0.109
2023-24,1628391,D.J. Wilson,1610612753,ORL,2,1,1,15,13,13,2,0,0,2,4,2,0.154,0.154
2023-24,1629610,DaQuan Jeffries,1610612752,NYK,17,11,6,46,25,34,5,0,0,0,7,3,0.2,0.12
2023-24,1630227,Daishen Nix,1610612750,MIN,15,11,4,50,63,82,6,0,1,11,16,7,0.095,0.111
2023-24,1630625,Dalano Banton,1610612757,POR,53,23,30,1005,1483,1620,123,15,15,240,324,154,0.083,0.104
2023-24,1631207,Dalen Terry,1610612741,CHI,58,27,31,680,828,687,81,9,5,136,198,92,0.098,0.111
2023-24,1627745,Damian Jones,1610612739,CLE,39,24,15,270,264,200,15,0,2,25,40,17,0.057,0.064
2023-24,203081,Damian Lillard,1610612749,MIL,73,48,25,2578,3828,4757,508,45,86,866,1305,641,0.133,0.167
2023-24,1629655,Daniel Gafford,1610612742,DAL,73,29,44,1790,2075,1317,114,5,16,153,269,137,0.055,0.066
2023-24,1628464,Daniel Theis,1610612746,LAC,59,37,22,994,965,689,59,2,4,84,140,62,0.061,0.064
2023-24,201568,Danilo Gallinari,1610612749,MIL,49,15,34,629,767,696,55,6,3,82,149,65,0.072,0.085
2023-24,201980,Danny Green,1610612755,PHI,2,1,1,18,14,5,1,0,0,0,0,0,0.071,0
2023-24,203957,Dante Exum,1610612742,DAL,54,35,19,1070,1431,1463,152,9,26,274,380,187,0.106,0.131
2023-24,1627863,Danuel House Jr.,1610612755,PHI,34,21,13,509,471,405,28,2,1,50,68,31,0.059,0.066
2023-24,203967,Dario Saric,1610612744,GSW,63,35,28,1095,1703,1411,144,12,12,255,356,164,0.085,0.096
2023-24,1641727,Dariq Whitehead,1610612751,BKN,2,1,1,24,24,17,3,0,0,4,7,3,0.125,0.125
2023-24,1629647,Darius Bazley,1610612762,UTA,9,2,7,152,170,107,7,2,1,21,25,10,0.041,0.059
2023-24,1629636,Darius Garland,1610612739,CLE,57,31,26,1900,3055,3736,373,41,67,684,935,479,0.122,0.157
2023-24,1630561,David Duke Jr.,1610612759,SAS,4,3,1,51,55,51,5,0,0,7,12,5,0.091,0.091
2023-24,1631223,David Roddy,1610612756,PHX,64,25,39,1171,1159,1067,80,4,15,174,201,96,0.069,0.083
2023-24,1630558,Davion Mitchell,1610612758,SAC,72,41,31,1101,1624,1754,134,7,19,277,345,159,0.083,0.098
2023-24,202722,Davis Bertans,1610612766,CHA,42,19,23,646,426,453,31,2,4,48,74,36,0.073,0.085
2023-24,1630549,Day'Ron Sharpe,1610612751,BKN,59,25,34,892,1140,778,79,7,4,112,198,92,0.069,0.081
2023-24,1628368,De'Aaron Fox,1610612758,SAC,74,42,32,2659,3916,5021,418,33,54,800,1078,500,0.107,0.128
2023-24,1629631,De'Andre Hunter,1610612737,ATL,57,26,31,1681,1617,1508,87,8,15,166,231,111,0.054,0.069
2023-24,1629001,De'Anthony Melton,1610612755,PHI,38,25,13,1023,1396,1231,114,25,13,198,304,150,0.082,0.107
2023-24,201599,DeAndre Jordan,1610612743,DEN,35,23,12,390,340,270,26,0,3,44,57,28,0.076,0.082
2023-24,1630610,DeJon Jarreau,1610612763,MEM,9,2,7,150,265,253,26,3,1,55,66,30,0.098,0.113
2023-24,201942,DeMar DeRozan,1610612741,CHI,78,37,41,2946,3106,4322,411,23,85,808,1052,515,0.132,0.166
2023-24,1629731,Dean Wade,1610612739,CLE,54,36,18,1108,1135,763,43,4,10,80,113,57,0.038,0.05
2023-24,1629028,Deandre Ayton,1610612757,POR,54,13,41,1744,2051,1605,89,4,14,149,230,106,0.043,0.052
2023-24,1627749,Dejounte Murray,1610612737,ATL,78,34,44,2783,4421,5048,502,53,66,914,1317,614,0.114,0.139
2023-24,1626153,Delon Wright,1610612748,MIA,47,16,31,742,1063,1056,119,10,15,202,323,145,0.112,0.136
2023-24,1630166,Deni Avdija,1610612764,WAS,75,14,61,2257,2972,2406,286,25,39,540,703,343,0.096,0.115
2023-24,203471,Dennis Schröder,1610612751,BKN,79,30,49,2447,4561,5091,481,46,77,840,1235,602,0.105,0.132
2023-24,1628372,Dennis Smith Jr.,1610612751,BKN,54,19,35,1025,1589,1582,198,17,7,331,518,223,0.125,0.14
2023-24,1641726,Dereck Lively II,1610612742,DAL,55,35,20,1294,1490,852,60,5,20,118,165,87,0.04,0.058
2023-24,1631220,Dereon Seabron,1610612740,NOP,6,3,3,55,70,55,5,1,1,9,12,7,0.071,0.1
2023-24,1627884,Derrick Jones Jr.,1610612742,DAL,75,46,29,1765,1310,1300,74,6,9,152,202,89,0.056,0.068
2023-24,201565,Derrick Rose,1610612763,MEM,24,6,18,399,591,699,78,4,7,138,194,89,0.132,0.151
2023-24,1628401,Derrick White,1610612738,BOS,72,57,15,2346,3342,3383,368,24,51,594,940,443,0.11,0.133
2023-24,1630217,Desmond Bane,1610612763,MEM,42,14,28,1443,2165,2532,230,11,28,441,605,272,0.106,0.126
2023-24,1626164,Devin Booker,1610612756,PHX,68,43,25,2447,3147,4263,472,22,84,808,1202,570,0.15,0.181
2023-24,1630170,Devin Vassell,1610612759,SAS,68,17,51,2248,2535,2961,277,20,40,513,705,336,0.109,0.133
2023-24,1628984,Devonte' Graham,1610612759,SAS,22,7,15,302,448,453,49,7,8,95,131,64,0.109,0.143
2023-24,1641926,Dexter Dennis,1610612742,DAL,4,1,3,30,42,39,4,2,0,8,12,6,0.095,0.143
2023-24,1628415,Dillon Brooks,1610612745,HOU,72,36,36,2227,1445,1681,119,15,22,227,303,155,0.082,0.107
2023-24,1631376,Dmytro Skapintsev,1610612752,NYK,2,0,2,2,3,3,0,0,0,0,0,0,0,0
2023-24,1627734,Domantas Sabonis,1610612758,SAC,82,46,36,2928,5843,4915,673,33,28,1044,1745,732,0.115,0.125
2023-24,1631230,Dominick Barlow,1610612759,SAS,32,6,26,389,415,305,32,2,2,50,80,36,0.077,0.087
2023-24,1628378,Donovan Mitchell,1610612739,CLE,55,36,19,1943,2797,3512,333,35,51,626,875,421,0.119,0.151
2023-24,1628978,Donte DiVincenzo,1610612752,NYK,81,50,31,2360,2638,2780,216,16,35,329,535,267,0.082,0.101
2023-24,1627827,Dorian Finney-Smith,1610612751,BKN,66,28,38,1867,1859,1461,104,10,14,203,276,130,0.056,0.07
2023-24,203926,Doug McDermott,1610612754,IND,64,22,42,904,780,816,70,5,12,103,177,86,0.09,0.11
2023-24,203110,Draymond Green,1610612744,GSW,54,33,21,1462,2680,2025,328,35,34,584,820,385,0.122,0.144
2023-24,1629234,Drew Eubanks,1610612756,PHX,74,42,32,1158,1216,837,63,6,12,106,164,81,0.052,0.067
2023-24,1641809,Drew Peterson,1610612738,BOS,3,3,0,23,18,15,1,0,0,2,2,1,0.056,0.056
2023-24,1630696,Dru Smith,1610612748,MIA,9,7,2,131,188,169,14,2,0,40,37,16,0.074,0.085
2023-24,1629130,Duncan Robinson,1610612748,MIA,68,38,30,1906,1752,2096,192,18,27,320,474,233,0.11,0.133
2023-24,1641871,Duop Reath,1610612757,POR,67,16,51,1201,1324,1205,67,2,7,78,155,75,0.051,0.057
2023-24,203939,Dwight Powell,1610612742,DAL,62,37,25,824,955,630,83,3,7,120,217,94,0.087,0.098
2023-24,1629685,Dylan Windler,1610612737,ATL,17,9,8,108,103,87,10,0,0,16,24,10,0.097,0.097
2023-24,1630700,Dyson Daniels,1610612740,NOP,60,34,26,1342,1956,1658,164,20,16,279,423,200,0.084,0.102
2023-24,1630604,E.J. Liddell,1610612740,NOP,8,3,5,23,24,21,1,0,0,1,2,1,0.042,0.042
2023-24,1641734,Emoni Bates,1610612739,CLE,15,8,7,133,97,121,10,0,0,15,25,10,0.103,0.103
2023-24,201569,Eric Gordon,1610612756,PHX,67,41,26,1864,1616,1840,137,14,28,218,351,178,0.085,0.11
2023-24,1630647,Eugene Omoruyi,1610612764,WAS,43,5,38,393,415,355,35,2,2,52,81,39,0.084,0.094
2023-24,203095,Evan Fournier,1610612765,DET,31,8,23,569,572,589,47,3,3,81,115,53,0.082,0.093
2023-24,1630596,Evan Mobley,1610612739,CLE,50,29,21,1532,2169,1631,160,8,19,274,404,186,0.074,0.086
2023-24,1630196,Filip Petrusev,1610612755,PHI,3,2,1,9,8,10,0,0,1,0,0,1,0,0.125
2023-24,1628373,Frank Ntilikina,1610612766,CHA,5,0,5,43,39,41,4,0,3,6,11,7,0.103,0.179
2023-24,1630532,Franz Wagner,1610612753,ORL,72,44,28,2337,2629,3079,269,26,21,487,675,315,0.102,0.12
2023-24,1627832,Fred VanVleet,1610612745,HOU,73,38,35,2684,4421,4802,589,80,58,1014,1531,723,0.133,0.164
2023-24,1627788,Furkan Korkmaz,1610612755,PHI,35,22,13,300,343,319,25,2,4,39,60,31,0.073,0.09
2023-24,1641713,GG Jackson,1610612763,MEM,48,14,34,1233,1170,1345,59,3,13,111,147,75,0.05,0.064
2023-24,1629216,Gabe Vincent,1610612747,LAL,11,7,4,218,193,195,21,3,1,39,54,25,0.109,0.13
2023-24,202066,Garrett Temple,1610612761,TOR,27,5,22,289,347,298,28,3,5,43,75,36,0.081,0.104
2023-24,1629726,Garrison Mathews,1610612737,ATL,66,29,37,992,642,633,37,5,5,63,98,46,0.058,0.072
2023-24,203914,Gary Harris,1610612753,ORL,54,35,19,1297,733,861,87,8,4,130,215,98,0.119,0.134
2023-24,1627780,Gary Payton II,1610612744,GSW,44,27,17,680,683,528,48,4,9,95,130,61,0.07,0.089
2023-24,1629018,Gary Trent Jr.,1610612761,TOR,70,24,46,1952,1248,1715,116,11,17,212,288,144,0.093,0.115
2023-24,1627777,Georges Niang,1610612739,CLE,82,48,34,1831,2186,1736,98,13,13,184,261,122,0.045,0.056
2023-24,203507,Giannis Antetokounmpo,1610612749,MIL,73,45,28,2567,3654,3984,476,27,63,941,1306,567,0.13,0.155
2023-24,1629048,Goga Bitadze,1610612753,ORL,62,34,28,957,1076,818,79,2,5,119,197,87,0.073,0.081
2023-24,202330,Gordon Hayward,1610612760,OKC,51,25,26,1245,1308,1283,158,13,20,250,404,192,0.121,0.147
2023-24,1641711,Gradey Dick,1610612761,TOR,59,18,41,1229,728,955,66,5,5,117,167,75,0.091,0.103
2023-24,1629684,Grant Williams,1610612766,CHA,75,33,42,2092,2024,1835,172,13,21,285,440,204,0.085,0.101
2023-24,1628960,Grayson Allen,1610612756,PHX,74,45,29,2474,2701,2418,225,21,44,382,564,283,0.083,0.105
2023-24,1630535,Greg Brown III,1610612742,DAL,6,3,3,40,26,21,4,0,0,3,9,4,0.154,0.154
2023-24,1630611,Gui Santos,1610612744,GSW,22,17,5,187,168,143,13,1,0,20,33,14,0.077,0.083
2023-24,1628977,Hamidou Diallo,1610612764,WAS,2,1,1,5,6,5,1,0,0,1,2,1,0.167,0.167
2023-24,203084,Harrison Barnes,1610612758,SAC,82,46,36,2381,1963,1818,99,6,16,212,251,121,0.05,0.062
2023-24,1628385,Harry Giles III,1610612747,LAL,23,11,12,100,93,79,6,0,1,9,14,7,0.065,0.075
2023-24,1629312,Haywood Highsmith,1610612748,MIA,66,39,27,1366,1173,900,70,11,10,154,185,88,0.06,0.075
2023-24,1630929,Henri Drell,1610612741,CHI,4,2,2,30,30,23,4,0,0,3,9,4,0.133,0.133
2023-24,1630529,Herbert Jones,1610612740,NOP,75,46,29,2295,2437,2075,198,12,18,286,481,227,0.081,0.093
2023-24,1641816,Hunter Tyson,1610612743,DEN,17,13,4,47,47,49,2,1,0,8,7,3,0.043,0.064
2023-24,1630641,Ibou Badji,1610612757,POR,22,5,17,226,188,110,13,1,0,12,30,14,0.069,0.074
2023-24,1630193,Immanuel Quickley,1610612761,TOR,67,28,39,1942,2792,3291,324,24,52,543,802,397,0.116,0.142
2023-24,1630171,Isaac Okoro,1610612739,CLE,69,41,28,1887,1484,1539,132,10,17,252,323,157,0.089,0.106
2023-24,1628392,Isaiah Hartenstein,1610612752,NYK,75,47,28,1896,2525,1582,188,18,13,292,484,218,0.074,0.086
2023-24,1630543,Isaiah Jackson,1610612754,IND,60,37,23,771,626,559,50,4,2,74,119,56,0.08,0.089
2023-24,1630198,Isaiah Joe,1610612760,OKC,78,54,24,1445,1312,1414,99,7,13,167,261,118,0.075,0.09
2023-24,1630587,Isaiah Livers,1610612765,DET,23,1,22,469,311,284,25,2,5,32,64,32,0.08,0.103
2023-24,1630600,Isaiah Mobley,1610612739,CLE,10,2,8,72,104,74,6,0,0,12,17,6,0.058,0.058
2023-24,1630191,Isaiah Stewart,1610612765,DET,45,9,36,1388,1133,965,73,3,7,104,182,83,0.064,0.073
2023-24,202738,Isaiah Thomas,1610612756,PHX,6,4,2,19,34,46,3,0,0,4,7,3,0.088,0.088
2023-24,1631209,Isaiah Wong,1610612754,IND,1,1,0,4,7,10,0,0,0,0,0,0,0,0
2023-24,202397,Ish Smith,1610612766,CHA,43,6,37,741,1218,1204,145,16,14,264,376,174,0.119,0.143
2023-24,1630688,Ish Wainright,1610612756,PHX,11,2,9,62,68,63,1,0,1,5,2,2,0.015,0.029
2023-24,1627826,Ivica Zubac,1610612746,LAC,67,41,26,1770,2169,1282,91,5,15,119,236,111,0.042,0.051
2023-24,1631167,Izaiah Brockington,1610612740,NOP,1,1,0,3,4,6,0,0,1,1,0,1,0,0.25
2023-24,1631120,JD Davison,1610612738,BOS,7,7,0,39,65,71,10,2,1,18,25,13,0.154,0.2
2023-24,1630550,JT Thor,1610612766,CHA,62,15,47,768,787,539,29,1,2,60,76,32,0.037,0.041
2023-24,1629630,Ja Morant,1610612763,MEM,9,6,3,318,456,564,73,3,12,142,176,88,0.16,0.193
2023-24,201580,JaVale McGee,1610612758,SAC,46,28,18,339,345,292,17,3,0,28,48,21,0.049,0.061
2023-24,1631095,Jabari Smith Jr.,1610612745,HOU,76,39,37,2424,2392,1644,121,12,16,194,306,146,0.051,0.061
2023-24,1631133,Jabari Walker,1610612757,POR,72,18,54,1701,1400,1091,71,6,10,132,181,86,0.051,0.061
2023-24,1631298,Jack White,1610612760,OKC,4,0,4,64,52,35,1,1,0,3,4,2,0.019,0.038
2023-24,1631367,Jacob Gilyard,1610612751,BKN,40,12,28,681,1240,1230,135,12,9,253,361,155,0.109,0.125
2023-24,1631210,Jacob Toppin,1610612752,NYK,9,2,7,38,48,29,3,0,0,5,9,3,0.063,0.063
2023-24,1630702,Jaden Hardy,1610612742,DAL,72,43,29,985,1088,1375,108,11,15,190,272,133,0.099,0.122
2023-24,1631093,Jaden Ivey,1610612765,DET,76,14,62,2181,2190,2767,292,28,35,511,753,356,0.133,0.163
2023-24,1630183,Jaden McDaniels,1610612750,MIN,72,48,24,2105,1567,1601,101,17,19,189,276,137,0.064,0.087
2023-24,1630531,Jaden Springer,1610612738,BOS,48,31,17,507,333,380,44,2,6,73,108,52,0.132,0.156
2023-24,203109,Jae Crowder,1610612749,MIL,50,25,25,1156,1106,793,66,4,9,114,172,78,0.06,0.071
2023-24,1630256,Jae'Sean Tate,1610612745,HOU,65,32,33,1031,862,631,64,2,6,135,168,72,0.074,0.084
2023-24,1630186,Jahmi'us Ramsey,1610612761,TOR,7,0,7,121,148,140,8,1,1,11,22,10,0.054,0.068
2023-24,1631170,Jaime Jaquez Jr.,1610612748,MIA,75,44,31,2113,2181,2278,195,19,22,369,510,236,0.089,0.108
2023-24,1631222,Jake LaRavia,1610612763,MEM,35,8,27,806,792,767,58,2,5,100,137,65,0.073,0.082
2023-24,1627751,Jakob Poeltl,1610612761,TOR,50,21,29,1319,1877,1226,127,12,18,230,303,156,0.068,0.083
2023-24,1628973,Jalen Brunson,1610612752,NYK,77,49,28,2726,4450,5800,519,52,88,924,1353,656,0.117,0.147
2023-24,1630622,Jalen Crutcher,1610612740,NOP,1,1,0,3,3,5,0,0,0,0,0,0,0,0
2023-24,1631105,Jalen Duren,1610612765,DET,60,13,47,1762,2655,1634,144,11,13,238,339,167,0.054,0.063
2023-24,1630224,Jalen Green,1610612745,HOU,82,41,41,2601,3073,3525,291,37,63,505,753,390,0.095,0.127
2023-24,1641720,Jalen Hood-Schifino,1610612747,LAL,20,9,11,101,133,167,7,1,2,19,19,10,0.053,0.075
2023-24,1630552,Jalen Johnson,1610612737,ATL,56,27,29,1889,2986,1839,203,15,22,353,512,239,0.068,0.08
2023-24,1629667,Jalen McDaniels,1610612761,TOR,49,12,37,513,562,499,34,2,2,70,84,38,0.06,0.068
2023-24,1629618,Jalen Pickett,1610612743,DEN,26,19,7,120,204,216,20,0,6,41,49,26,0.098,0.127
2023-24,1641771,Jalen Slawson,1610612758,SAC,12,8,4,37,54,34,2,1,1,5,6,4,0.037,0.074
2023-24,1630188,Jalen Smith,1610612754,IND,61,36,25,1047,1023,900,63,7,8,86,146,76,0.062,0.074
2023-24,1630591,Jalen Suggs,1610612753,ORL,75,43,32,2025,2425,2461,205,25,33,359,532,261,0.085,0.108
2023-24,1631114,Jalen Williams,1610612760,OKC,71,51,20,2224,2743,3306,322,21,42,539,826,385,0.117,0.14
2023-24,1630592,Jalen Wilson,1610612751,BKN,41,14,27,612,441,418,43,2,4,64,108,49,0.098,0.111
2023-24,1631288,Jamal Cain,1610612748,MIA,26,14,12,259,189,177,10,0,1,18,25,11,0.053,0.058
2023-24,1627750,Jamal Murray,1610612743,DEN,57,42,15,1790,2664,3328,368,37,52,611,897,454,0.138,0.17
2023-24,1631123,Jamaree Bouyea,1610612759,SAS,9,2,7,95,164,168,11,2,3,30,34,17,0.067,0.104
2023-24,1630547,James Bouknight,1610612766,CHA,14,0,14,81,100,107,6,1,1,6,14,8,0.06,0.08
2023-24,201935,James Harden,1610612746,LAC,71,45,26,2436,4021,4377,604,71,64,960,1525,732,0.15,0.182
2023-24,201949,James Johnson,1610612754,IND,9,4,5,47,62,60,8,0,1,9,19,9,0.129,0.145
2023-24,1630164,James Wiseman,1610612765,DET,62,9,53,1061,1389,768,50,1,2,72,116,53,0.036,0.038
2023-24,1641716,Jarace Walker,1610612754,IND,33,18,15,340,394,374,40,4,4,64,98,48,0.102,0.122
2023-24,1630215,Jared Butler,1610612764,WAS,40,6,34,566,845,940,126,18,11,237,335,155,0.149,0.183
2023-24,1631197,Jared Rhoden,1610612765,DET,17,2,15,245,217,172,14,0,0,21,31,14,0.065,0.065
2023-24,1628991,Jaren Jackson Jr.,1610612763,MEM,66,22,44,2124,2066,2692,154,10,28,300,413,187,0.075,0.091
2023-24,1629020,Jarred Vanderbilt,1610612747,LAL,28,13,15,567,347,208,35,2,3,43,79,36,0.101,0.104
2023-24,1628386,Jarrett Allen,1610612739,CLE,77,46,31,2442,2679,2426,210,12,16,342,534,239,0.078,0.089
2023-24,1630554,Jason Preston,1610612762,UTA,7,2,5,71,137,118,16,1,1,30,42,18,0.117,0.131
2023-24,1631241,Javon Freeman-Liberty,1610612761,TOR,21,3,18,385,624,599,38,2,7,80,99,47,0.061,0.075
2023-24,1629750,Javonte Green,1610612741,CHI,9,5,4,230,254,149,5,1,0,11,14,6,0.02,0.024
2023-24,1630606,Javonte Smart,1610612755,PHI,1,1,0,1,0,1,0,,0,0,0,0,0,0
2023-24,1629637,Jaxson Hayes,1610612747,LAL,69,40,29,860,857,525,33,3,5,56,83,41,0.039,0.048
2023-24,1630643,Jay Huff,1610612743,DEN,19,15,4,48,55,52,2,1,0,9,7,3,0.036,0.055
2023-24,1627759,Jaylen Brown,1610612738,BOS,69,51,18,2308,2008,2761,246,24,55,466,656,326,0.123,0.162
2023-24,1629669,Jaylen Nowell,1610612758,SAC,13,3,10,214,235,263,19,2,2,40,55,23,0.081,0.098
2023-24,1631119,Jaylin Williams,1610612760,OKC,69,48,21,897,1563,1049,110,8,5,168,291,124,0.07,0.079
2023-24,1628369,Jayson Tatum,1610612738,BOS,73,56,17,2603,3601,3628,357,20,70,648,950,449,0.099,0.125
2023-24,1630288,Jeff Dowtin Jr.,1610612755,PHI,11,6,5,134,216,209,26,1,5,40,62,32,0.12,0.148
2023-24,201145,Jeff Green,1610612745,HOU,78,39,39,1307,965,1020,70,2,9,131,179,81,0.073,0.084
2023-24,203924,Jerami Grant,1610612757,POR,54,17,37,1830,1663,2059,152,5,15,289,392,171,0.091,0.103
2023-24,1630526,Jeremiah Robinson-Earl,1610612740,NOP,38,22,16,328,334,254,20,1,2,32,48,23,0.06,0.069
2023-24,1631110,Jeremy Sochan,1610612759,SAS,73,17,56,2169,2638,2462,248,25,38,473,652,308,0.094,0.117
2023-24,1630579,Jericho Sims,1610612752,NYK,45,30,15,585,608,330,25,0,3,45,58,27,0.041,0.044
2023-24,1631257,Jermaine Samuels Jr.,1610612745,HOU,14,8,6,60,49,33,3,0,0,7,8,3,0.061,0.061
2023-24,1629010,Jerome Robinson,1610612744,GSW,21,17,4,79,109,114,5,3,2,15,14,10,0.046,0.092
2023-24,1641724,Jett Howard,1610612753,ORL,18,9,9,67,51,73,6,3,1,12,20,10,0.118,0.196
2023-24,1628975,Jevon Carter,1610612741,CHI,71,35,36,997,1126,1189,93,4,16,130,232,113,0.083,0.1
2023-24,202710,Jimmy Butler III,1610612748,MIA,60,33,27,2042,2446,2822,298,17,31,606,808,348,0.122,0.142
2023-24,1629111,Jock Landale,1610612745,HOU,56,28,28,763,710,598,65,3,8,96,163,76,0.092,0.107
2023-24,203925,Joe Harris,1610612765,DET,16,4,12,170,112,101,10,0,0,20,23,9,0.089,0.08
2023-24,204060,Joe Ingles,1610612753,ORL,68,42,26,1169,1687,1395,203,30,22,316,510,255,0.12,0.151
2023-24,203954,Joel Embiid,1610612755,PHI,39,31,8,1309,1658,2194,219,13,23,370,575,254,0.132,0.153
2023-24,1628381,John Collins,1610612762,UTA,67,27,40,1868,2040,1589,76,9,12,180,201,97,0.037,0.048
2023-24,1629723,John Konchar,1610612763,MEM,55,18,37,1174,1610,1088,110,6,12,227,292,128,0.068,0.08
2023-24,1631098,Johnny Davis,1610612764,WAS,50,8,42,613,394,346,32,2,0,61,82,34,0.081,0.086
2023-24,1630548,Johnny Juzang,1610612762,UTA,19,5,14,366,226,280,22,2,1,39,58,25,0.097,0.111
2023-24,202685,Jonas Valanciunas,1610612740,NOP,81,49,32,1902,2945,2300,171,9,19,195,421,199,0.058,0.068
2023-24,1628371,Jonathan Isaac,1610612753,ORL,58,35,23,915,889,547,30,1,2,44,72,33,0.034,0.037
2023-24,1630228,Jonathan Kuminga,1610612744,GSW,73,40,33,1919,2233,2177,161,4,41,304,417,206,0.072,0.092
2023-24,1629007,Jontay Porter,1610612765,DET,25,6,19,360,549,423,60,3,5,78,148,68,0.109,0.124
2023-24,203903,Jordan Clarkson,1610612762,UTA,54,22,32,1654,1614,2286,274,29,23,494,720,324,0.17,0.201
2023-24,1630259,Jordan Ford,1610612758,SAC,6,2,4,22,34,39,2,0,0,4,6,2,0.059,0.059
2023-24,1630692,Jordan Goodwin,1610612763,MEM,57,30,27,1056,1715,1572,155,19,13,274,396,187,0.09,0.109
2023-24,1641722,Jordan Hawkins,1610612740,NOP,66,38,28,1149,963,1097,70,6,16,101,177,92,0.073,0.096
2023-24,1629162,Jordan McLaughlin,1610612750,MIN,56,35,21,626,1118,1029,110,7,8,184,281,125,0.098,0.112
2023-24,1641757,Jordan Miller,1610612746,LAC,7,4,3,28,23,18,0,0,0,1,0,0,0,0
2023-24,1629670,Jordan Nwora,1610612761,TOR,51,14,37,699,742,716,61,6,13,109,146,80,0.082,0.108
2023-24,1629673,Jordan Poole,1610612764,WAS,78,15,63,2346,2588,3642,343,31,43,580,874,415,0.133,0.16
2023-24,1641775,Jordan Walsh,1610612738,BOS,9,9,0,83,61,47,5,0,1,11,13,6,0.082,0.098
2023-24,1630631,Jose Alvarado,1610612740,NOP,55,38,17,1008,1470,1535,113,14,12,176,290,139,0.077,0.095
2023-24,1630581,Josh Giddey,1610612760,OKC,80,56,24,2012,3365,2848,386,35,40,600,982,460,0.115,0.137
2023-24,1630182,Josh Green,1610612742,DAL,56,31,25,1478,1354,1270,128,15,12,228,336,153,0.095,0.113
2023-24,1628404,Josh Hart,1610612752,NYK,81,49,32,2707,3511,2759,331,18,42,571,870,392,0.094,0.112
2023-24,1631169,Josh Minott,1610612750,MIN,32,23,9,91,75,77,8,1,0,17,19,9,0.107,0.12
2023-24,1629006,Josh Okogie,1610612756,PHX,60,37,23,960,789,638,64,5,8,120,155,72,0.081,0.091
2023-24,1626196,Josh Richardson,1610612748,MIA,43,24,19,1103,1373,1331,105,4,17,182,246,118,0.076,0.086
2023-24,1630563,Joshua Primo,1610612746,LAC,2,2,0,10,4,4,0,1,0,1,0,1,0,0.25
2023-24,201950,Jrue Holiday,1610612738,BOS,68,52,16,2228,2732,2727,327,32,48,546,886,410,0.12,0.15
2023-24,1629308,Juan Toscano-Anderson,1610612758,SAC,11,7,4,53,60,39,4,1,0,5,10,4,0.067,0.067
2023-24,1631262,Jules Bernard,1610612764,WAS,19,2,17,149,144,171,16,1,3,28,43,20,0.111,0.139
2023-24,1630577,Julian Champagnie,1610612759,SAS,73,18,55,1434,1345,1124,98,8,14,171,247,119,0.073,0.088
2023-24,1641763,Julian Phillips,1610612741,CHI,39,20,19,317,216,185,13,1,1,10,33,15,0.06,0.069
2023-24,1631124,Julian Strawther,1610612743,DEN,48,32,16,533,492,583,46,1,4,62,109,50,0.093,0.102
2023-24,203944,Julius Randle,1610612752,NYK,46,29,17,1630,2116,2446,229,11,29,412,616,265,0.108,0.125
2023-24,1630551,Justin Champagnie,1610612764,WAS,15,3,12,235,251,162,19,1,0,27,45,20,0.076,0.08
2023-24,203200,Justin Holiday,1610612743,DEN,57,37,20,837,629,598,60,4,8,80,142,71,0.095,0.113
2023-24,1628382,Justin Jackson,1610612750,MIN,2,2,0,1,0,0,0,,0,0,0,0,0,0
2023-24,1631303,Justin Minaya,1610612757,POR,34,3,31,381,337,278,21,0,4,36,52,25,0.062,0.074
2023-24,203994,Jusuf Nurkić,1610612756,PHX,75,48,27,2050,3188,2436,297,19,31,363,713,343,0.093,0.108
2023-24,1630231,KJ Martin,1610612755,PHI,60,33,27,747,645,555,51,4,7,100,139,62,0.079,0.096
2023-24,1629232,Kaiser Gates,1610612740,NOP,1,0,1,7,10,8,0,0,0,0,0,0,0,0
2023-24,1626157,Karl-Anthony Towns,1610612750,MIN,62,42,20,2026,1947,2277,189,17,25,309,463,231,0.097,0.119
2023-24,202695,Kawhi Leonard,1610612746,LAC,67,43,24,2292,2060,2587,240,16,40,400,632,298,0.117,0.145
2023-24,1631099,Keegan Murray,1610612758,SAC,77,43,34,2589,2195,2197,129,11,37,203,338,175,0.059,0.08
2023-24,1628966,Keita Bates-Diop,1610612751,BKN,53,29,24,665,494,401,38,0,3,62,85,38,0.077,0.077
2023-24,1629640,Keldon Johnson,1610612759,SAS,68,16,52,2007,2273,2072,194,14,31,355,493,240,0.085,0.106
2023-24,203482,Kelly Olynyk,1610612761,TOR,77,31,46,1726,2851,2281,339,34,14,551,814,382,0.119,0.134
2023-24,1626162,Kelly Oubre Jr.,1610612755,PHI,67,39,28,2031,1569,1815,101,12,11,164,275,125,0.064,0.08
2023-24,1631112,Kendall Brown,1610612754,IND,15,10,5,63,53,51,5,2,0,9,14,7,0.094,0.132
2023-24,1631254,Kenneth Lofton Jr.,1610612762,UTA,21,7,14,198,190,221,33,1,3,50,79,35,0.174,0.184
2023-24,1629026,Kenrich Williams,1610612760,OKC,69,49,20,1029,996,790,93,7,9,137,244,109,0.093,0.109
2023-24,203484,Kentavious Caldwell-Pope,1610612743,DEN,74,52,22,2341,1948,1911,177,16,23,272,446,216,0.091,0.111
2023-24,1631165,Keon Ellis,1610612758,SAC,57,33,24,978,1196,1113,85,6,14,153,219,105,0.071,0.088
2023-24,1630553,Keon Johnson,1610612751,BKN,4,0,4,51,55,71,3,0,0,7,8,3,0.055,0.055
2023-24,1630556,Kessler Edwards,1610612758,SAC,54,32,22,275,268,225,15,0,1,23,36,15,0.056,0.056
2023-24,201142,Kevin Durant,1610612756,PHX,74,44,30,2753,3255,4017,372,46,87,663,960,503,0.114,0.155
2023-24,1628989,Kevin Huerter,1610612758,SAC,64,37,27,1562,1674,1742,166,16,26,265,398,201,0.099,0.12
2023-24,1628995,Kevin Knox II,1610612757,POR,31,4,27,560,388,341,23,3,2,38,59,28,0.059,0.072
2023-24,201567,Kevin Love,1610612748,MIA,55,31,24,924,1537,1126,115,13,11,168,278,136,0.075,0.088
2023-24,1630284,Kevon Harris,1610612753,ORL,2,1,1,6,4,5,1,0,0,1,3,1,0.25,0.25
2023-24,1626172,Kevon Looney,1610612744,GSW,74,43,31,1194,1791,1294,133,14,22,236,363,169,0.074,0.094
2023-24,1641749,Keyontae Johnson,1610612760,OKC,9,7,2,66,58,43,4,1,1,6,10,6,0.069,0.103
2023-24,1641718,Keyonte George,1610612762,UTA,74,27,47,1984,3431,3934,326,28,38,569,840,391,0.095,0.114
2023-24,203114,Khris Middleton,1610612749,MIL,55,31,24,1487,1874,1956,292,27,33,423,708,349,0.156,0.186
2023-24,1630165,Killian Hayes,1610612765,DET,42,7,35,1008,1611,1531,205,21,19,341,520,243,0.127,0.151
2023-24,1630184,Kira Lewis Jr.,1610612762,UTA,27,10,17,258,374,391,37,4,4,70,92,44,0.099,0.118
2023-24,202691,Klay Thompson,1610612744,GSW,76,41,35,2259,1633,2365,175,19,39,283,426,227,0.107,0.139
2023-24,1641738,Kobe Brown,1610612746,LAC,43,26,17,393,403,281,25,3,1,46,67,29,0.062,0.072
2023-24,1641723,Kobe Bufkin,1610612737,ATL,17,8,9,196,289,336,27,4,3,48,67,34,0.093,0.118
2023-24,1628424,Kobi Simmons,1610612761,TOR,4,0,4,67,113,109,12,2,2,20,30,16,0.106,0.142
2023-24,1627739,Kris Dunn,1610612762,UTA,65,25,40,1234,2147,1950,253,19,24,464,662,296,0.118,0.138
2023-24,1631200,Kris Murray,1610612757,POR,61,11,50,1324,1066,861,77,4,7,148,201,88,0.072,0.083
2023-24,204001,Kristaps Porziņģis,1610612738,BOS,57,43,14,1690,1662,1785,115,5,30,197,291,149,0.069,0.09
2023-24,203937,Kyle Anderson,1610612750,MIN,79,55,24,1782,2477,2282,331,32,26,497,835,385,0.134,0.155
2023-24,1628398,Kyle Kuzma,1610612764,WAS,70,13,57,2281,2354,2849,296,15,42,468,730,350,0.126,0.149
2023-24,200768,Kyle Lowry,1610612755,PHI,59,31,28,1667,2743,2541,245,33,24,481,630,296,0.089,0.108
2023-24,202681,Kyrie Irving,1610612742,DAL,57,38,19,2000,2613,3051,294,29,52,546,749,374,0.113,0.143
2023-24,1630163,LaMelo Ball,1610612766,CHA,22,7,15,711,1234,1540,176,23,17,309,439,216,0.143,0.175
2023-24,1630205,Lamar Stevens,1610612763,MEM,38,22,16,559,560,501,28,0,4,64,65,31,0.05,0.055
2023-24,1629013,Landry Shamet,1610612764,WAS,46,6,40,727,672,778,54,5,8,90,141,67,0.08,0.1
2023-24,1626204,Larry Nance Jr.,1610612740,NOP,61,34,27,1216,1474,1148,113,8,11,183,292,132,0.077,0.09
2023-24,1628374,Lauri Markkanen,1610612762,UTA,55,22,33,1820,1638,1618,110,6,9,189,288,125,0.067,0.076
2023-24,2544,LeBron James,1610612747,LAL,70,40,30,2481,3547,4288,581,51,60,924,1417,678,0.164,0.191
2023-24,1641778,Leaky Black,1610612766,CHA,26,2,24,284,273,209,24,1,2,47,62,27,0.088,0.099
2023-24,1631159,Leonard Miller,1610612750,MIN,17,13,4,52,79,47,8,0,0,9,19,8,0.101,0.101
2023-24,1631311,Lester Quiñones,1610612744,GSW,36,24,12,385,454,500,36,7,7,66,92,50,0.079,0.11
2023-24,1629623,Lindell Wigginton,1610612749,MIL,3,3,0,8,7,14,0,0,0,0,0,0,0,0
2023-24,1630322,Lindy Waters III,1610612760,OKC,38,25,13,280,293,324,24,0,4,33,59,27,0.082,0.092
2023-24,1629022,Lonnie Walker IV,1610612751,BKN,57,23,34,982,768,1102,69,7,12,127,180,87,0.09,0.113
2023-24,1629652,Luguentz Dort,1610612760,OKC,79,54,25,2246,1334,1603,113,7,11,201,286,130,0.085,0.097
2023-24,1629029,Luka Dončić,1610612742,DAL,69,45,24,2587,3862,4775,676,70,92,1164,1727,839,0.175,0.217
2023-24,1630568,Luka Garza,1610612750,MIN,25,17,8,122,122,124,4,0,0,9,10,4,0.033,0.033
2023-24,1629677,Luka Samanic,1610612762,UTA,42,15,27,390,351,302,18,1,0,39,49,20,0.051,0.057
2023-24,1628379,Luke Kennard,1610612763,MEM,39,15,24,999,1232,1269,136,7,11,202,331,152,0.11,0.123
2023-24,1628436,Luke Kornet,1610612738,BOS,62,47,15,964,778,611,67,4,7,130,186,79,0.086,0.102
2023-24,1630201,Malachi Flynn,1610612765,DET,68,28,40,875,1489,1630,129,14,23,267,337,165,0.087,0.111
2023-24,1631103,Malaki Branham,1610612759,SAS,74,17,57,1565,1741,1893,154,19,21,273,399,192,0.088,0.11
2023-24,1627763,Malcolm Brogdon,1610612757,POR,39,15,24,1121,1624,1849,214,24,10,398,564,248,0.132,0.153
2023-24,1630608,Malcolm Cazalon,1610612765,DET,1,0,1,3,1,0,0,0,0,0,0,0,0,0
2023-24,1627736,Malik Beasley,1610612749,MIL,79,46,33,2337,1624,1615,108,6,26,180,275,139,0.067,0.086
2023-24,1628370,Malik Monk,1610612758,SAC,72,42,30,1872,2535,3159,370,44,48,654,945,461,0.146,0.182
2023-24,1642013,Malik Williams,1610612761,TOR,7,2,5,107,105,74,2,1,0,9,7,3,0.019,0.029
2023-24,1629603,Mamadi Diakite,1610612752,NYK,6,5,1,24,29,24,2,0,0,2,5,2,0.069,0.069
2023-24,1641970,Maozinha Pereira,1610612763,MEM,7,2,5,122,110,84,2,0,0,5,6,2,0.018,0.018
2023-24,1630699,MarJon Beauchamp,1610612749,MIL,48,30,18,608,384,396,31,2,1,66,79,35,0.081,0.091
2023-24,202694,Marcus Morris Sr.,1610612739,CLE,49,26,23,817,687,626,36,3,8,62,91,47,0.052,0.068
2023-24,1631204,Marcus Sasser,1610612765,DET,70,11,59,1333,1979,2303,235,20,30,371,612,285,0.119,0.144
2023-24,203935,Marcus Smart,1610612763,MEM,20,7,13,605,690,850,86,8,6,165,217,98,0.125,0.142
2023-24,1631109,Mark Williams,1610612766,CHA,19,7,12,508,422,275,22,1,6,30,58,29,0.052,0.069
2023-24,1628365,Markelle Fultz,1610612753,ORL,43,25,18,910,1251,1257,120,14,13,218,314,147,0.096,0.118
2023-24,202693,Markieff Morris,1610612742,DAL,25,14,11,213,195,187,16,0,1,21,40,17,0.082,0.087
2023-24,1641806,Markquis Nowell,1610612761,TOR,1,0,1,4,6,6,2,0,0,4,5,2,0.333,0.333
2023-24,1629716,Marques Bolden,1610612766,CHA,11,5,6,121,113,62,4,1,2,3,13,7,0.035,0.062
2023-24,1628963,Marvin Bagley III,1610612764,WAS,50,7,43,1053,1116,917,55,2,6,71,137,62,0.049,0.056
2023-24,1630222,Mason Jones,1610612758,SAC,5,3,2,28,56,55,5,0,1,11,12,6,0.089,0.107
2023-24,203486,Mason Plumlee,1610612746,LAC,46,29,17,674,868,538,55,3,8,67,138,67,0.063,0.077
2023-24,1629680,Matisse Thybulle,1610612757,POR,64,17,47,1455,1327,977,86,15,5,157,220,105,0.065,0.079
2023-24,1630562,Matt Hurt,1610612763,MEM,8,2,6,113,95,82,4,2,1,11,14,7,0.042,0.074
2023-24,1630346,Matt Ryan,1610612740,NOP,28,14,14,390,322,310,18,3,2,30,50,24,0.056,0.075
2023-24,1631108,Max Christie,1610612747,LAL,66,37,29,927,833,747,60,4,6,98,158,69,0.072,0.083
2023-24,1629622,Max Strus,1610612739,CLE,70,43,27,2239,2894,2660,283,33,44,442,702,356,0.098,0.123
2023-24,1628467,Maxi Kleber,1610612742,DAL,42,26,16,854,806,632,68,0,12,108,171,79,0.084,0.098
2023-24,1641721,Maxwell Lewis,1610612747,LAL,33,17,16,95,55,60,5,0,1,9,8,5,0.091,0.091
2023-24,1630695,Micah Potter,1610612762,UTA,16,3,13,186,160,99,6,1,1,16,16,8,0.038,0.05
2023-24,1629008,Michael Porter Jr.,1610612743,DEN,79,55,24,2508,2034,2061,117,5,33,179,280,157,0.058,0.077
2023-24,1628969,Mikal Bridges,1610612751,BKN,79,32,47,2759,2895,3366,288,12,46,519,740,347,0.099,0.12
2023-24,201144,Mike Conley,1610612750,MIN,76,53,23,2193,4111,4253,449,49,69,641,1140,567,0.109,0.138
2023-24,203488,Mike Muscala,1610612760,OKC,53,17,36,600,669,494,36,0,2,55,94,38,0.054,0.057
2023-24,1628970,Miles Bridges,1610612766,CHA,68,16,52,2542,2960,2804,227,21,25,430,602,272,0.077,0.092
2023-24,1630540,Miles McBride,1610612752,NYK,68,42,26,1328,1644,1830,114,9,25,206,302,146,0.069,0.089
2023-24,1629011,Mitchell Robinson,1610612752,NYK,31,19,12,768,631,319,18,0,5,27,43,23,0.029,0.036
2023-24,1628964,Mo Bamba,1610612755,PHI,56,29,27,722,822,592,41,3,2,56,106,46,0.05,0.056
2023-24,1628420,Monte Morris,1610612750,MIN,33,21,12,476,743,736,69,2,7,106,178,78,0.093,0.105
2023-24,1629021,Moritz Wagner,1610612753,ORL,80,46,34,1415,1529,1575,96,3,7,173,240,105,0.063,0.069
2023-24,1629650,Moses Brown,1610612757,POR,22,4,18,200,225,135,7,1,1,7,16,9,0.031,0.04
2023-24,1630541,Moses Moody,1610612744,GSW,65,38,27,1130,796,968,57,3,13,105,149,73,0.072,0.092
2023-24,1631338,Mouhamadou Gueye,1610612761,TOR,11,0,11,120,126,128,5,0,0,8,14,5,0.04,0.04
2023-24,1631243,Mouhamed Gueye,1610612737,ATL,6,2,4,73,95,56,4,0,0,3,10,4,0.042,0.042
2023-24,1631217,Moussa Diabaté,1610612746,LAC,11,7,4,64,64,38,4,0,0,6,11,4,0.063,0.063
2023-24,1626167,Myles Turner,1610612754,IND,77,45,32,2076,1682,2073,100,8,17,133,250,125,0.059,0.074
2023-24,1630230,Naji Marshall,1610612740,NOP,65,41,24,1245,1583,1403,128,10,12,204,313,146,0.081,0.092
2023-24,1629642,Nassir Little,1610612756,PHX,45,28,17,458,389,341,21,3,1,45,59,25,0.054,0.064
2023-24,1630207,Nate Hinton,1610612745,HOU,15,8,7,75,96,78,10,2,0,18,25,12,0.104,0.125
2023-24,1641877,Nate Mensah,1610612766,CHA,25,3,22,307,152,77,9,0,0,12,22,9,0.059,0.059
2023-24,1631466,Nate Williams,1610612745,HOU,22,11,11,129,96,91,7,1,0,16,20,9,0.073,0.094
2023-24,1629675,Naz Reid,1610612750,MIN,81,56,25,1964,2120,1958,106,5,21,179,273,133,0.05,0.063
2023-24,1629674,Neemias Queta,1610612738,BOS,28,24,4,333,254,204,20,0,2,28,55,22,0.079,0.087
2023-24,1629651,Nic Claxton,1610612751,BKN,68,27,41,2033,2281,1761,136,6,12,185,340,156,0.06,0.068
2023-24,1630208,Nick Richards,1610612766,CHA,66,13,53,1728,1299,822,54,4,1,83,131,58,0.042,0.045
2023-24,1641733,Nick Smith Jr.,1610612766,CHA,50,8,42,712,808,951,56,8,7,142,161,71,0.069,0.088
2023-24,1629638,Nickeil Alexander-Walker,1610612750,MIN,82,56,26,1921,2478,2442,204,22,26,315,542,252,0.082,0.102
2023-24,201587,Nicolas Batum,1610612755,PHI,59,35,24,1509,1535,1094,123,15,12,196,298,146,0.08,0.095
2023-24,203999,Nikola Jokić,1610612743,DEN,77,53,24,2670,5768,5225,693,52,79,1144,1719,823,0.12,0.143
2023-24,1631107,Nikola Jović,1610612748,MIA,46,24,22,896,1062,930,90,6,14,160,231,108,0.085,0.102
2023-24,202696,Nikola Vučević,1610612741,CHI,75,36,39,2574,3382,3402,252,14,34,414,635,295,0.075,0.087
2023-24,1641730,Noah Clowney,1610612751,BKN,22,10,12,329,310,246,16,2,0,36,45,18,0.052,0.058
2023-24,1626181,Norman Powell,1610612746,LAC,75,47,28,1963,1084,1484,82,8,11,132,204,101,0.076,0.093
2023-24,1628384,OG Anunoby,1610612752,NYK,50,31,19,1702,1300,1385,107,13,22,184,277,141,0.082,0.108
2023-24,1630167,Obi Toppin,1610612754,IND,82,47,35,1731,1912,1569,128,5,25,211,311,158,0.067,0.083
2023-24,1630534,Ochai Agbaji,1610612761,TOR,77,31,46,1620,1251,1082,82,7,14,168,210,103,0.066,0.082
2023-24,1630846,Olivier Sarr,1610612760,OKC,15,8,7,98,109,62,2,0,1,9,6,3,0.018,0.028
2023-24,1641765,Olivier-Maxence Prosper,1610612742,DAL,40,24,16,336,259,234,22,0,2,36,56,23,0.085,0.089
2023-24,1630209,Omer Yurtseven,1610612762,UTA,47,17,30,541,668,457,29,3,5,54,76,38,0.043,0.057
2023-24,1641931,Onuralp Bitim,1610612741,CHI,22,11,11,258,214,213,13,0,3,26,31,16,0.061,0.075
2023-24,1630168,Onyeka Okongwu,1610612737,ATL,55,23,32,1405,1095,997,74,10,5,128,194,87,0.068,0.079
2023-24,1631115,Orlando Robinson,1610612748,MIA,36,20,16,304,379,291,34,2,0,41,86,35,0.09,0.092
2023-24,1631131,Oscar Tshiebwe,1610612754,IND,8,2,6,42,29,28,2,0,0,2,6,2,0.069,0.069
2023-24,1629052,Oshae Brissett,1610612738,BOS,55,46,9,630,628,405,44,1,3,63,118,48,0.07,0.076
2023-24,203490,Otto Porter Jr.,1610612761,TOR,15,6,9,174,172,111,8,1,2,21,19,11,0.047,0.064
2023-24,1631172,Ousmane Dieng,1610612760,OKC,33,21,12,365,335,344,37,3,6,57,96,46,0.11,0.137
2023-24,200782,P.J. Tucker,1610612746,LAC,31,13,18,486,346,167,16,0,2,30,42,18,0.046,0.052
2023-24,1629023,P.J. Washington,1610612742,DAL,72,29,43,2192,2297,1902,140,15,22,233,360,178,0.061,0.077
2023-24,1631094,Paolo Banchero,1610612753,ORL,80,46,34,2799,3982,4422,431,37,46,813,1124,516,0.108,0.13
2023-24,1627783,Pascal Siakam,1610612754,IND,80,38,42,2658,2956,3380,342,25,55,601,888,420,0.116,0.142
2023-24,1626192,Pat Connaughton,1610612749,MIL,76,45,31,1676,1934,1477,161,12,13,275,414,186,0.083,0.096
2023-24,1630311,Pat Spencer,1610612744,GSW,5,4,1,24,34,26,4,0,1,5,10,5,0.118,0.147
2023-24,1631116,Patrick Baldwin Jr.,1610612764,WAS,38,6,32,494,507,353,29,1,5,38,77,35,0.057,0.069
2023-24,201976,Patrick Beverley,1610612749,MIL,73,43,30,1463,2388,2265,212,22,29,401,566,263,0.089,0.11
2023-24,1630172,Patrick Williams,1610612741,CHI,43,19,24,1174,1163,935,66,3,11,120,166,77,0.057,0.066
2023-24,201988,Patty Mills,1610612748,MIA,32,15,17,415,348,415,34,4,4,66,95,43,0.098,0.124
2023-24,202331,Paul George,1610612746,LAC,73,47,26,2462,2543,3009,253,28,29,413,629,303,0.099,0.119
2023-24,1630194,Paul Reed,1610612755,PHI,81,46,35,1560,1659,1236,106,7,11,143,265,124,0.064,0.075
2023-24,1630202,Payton Pritchard,1610612738,BOS,81,63,18,1803,2539,2757,280,27,48,513,741,355,0.11,0.14
2023-24,1631250,Pete Nance,1610612739,CLE,8,3,5,27,20,18,0,0,0,0,0,0,0,0
2023-24,1631212,Peyton Watson,1610612743,DEN,78,54,24,1442,1495,1205,86,3,12,140,209,99,0.058,0.066
2023-24,1630173,Precious Achiuwa,1610612752,NYK,74,40,34,1624,1795,1370,97,6,13,147,254,117,0.054,0.065
2023-24,1629656,Quentin Grimes,1610612765,DET,51,32,19,1025,840,873,66,6,7,105,174,78,0.079,0.093
2023-24,1631245,Quenton Jackson,1610612754,IND,3,3,0,11,19,14,2,0,1,5,5,3,0.105,0.158
2023-24,1630181,R.J. Hampton,1610612748,MIA,8,3,5,76,92,84,8,2,0,13,20,9,0.087,0.098
2023-24,1629628,RJ Barrett,1610612761,TOR,58,26,32,1838,1853,2134,193,10,33,331,487,234,0.104,0.126
2023-24,1630564,RaiQuan Gray,1610612759,SAS,3,2,1,39,42,45,6,1,0,10,17,7,0.143,0.167
2023-24,1641712,Rayan Rupert,1610612757,POR,38,6,32,621,675,541,59,1,3,104,149,63,0.087,0.093
2023-24,203493,Reggie Bullock Jr.,1610612745,HOU,44,24,20,417,366,260,15,1,3,28,34,19,0.041,0.052
2023-24,202704,Reggie Jackson,1610612743,DEN,80,55,25,1792,2697,3121,303,29,42,496,754,373,0.112,0.138
2023-24,1626158,Richaun Holmes,1610612764,WAS,40,13,27,554,537,392,25,1,2,49,64,28,0.047,0.052
2023-24,1641741,Ricky Council IV,1610612755,PHI,31,14,17,281,198,238,16,1,2,29,40,19,0.081,0.096
2023-24,203496,Robert Covington,1610612755,PHI,29,20,9,488,498,298,24,2,8,34,63,35,0.048,0.07
2023-24,1629057,Robert Williams III,1610612757,POR,6,2,4,119,93,68,5,0,0,8,16,7,0.054,0.075
2023-24,201577,Robin Lopez,1610612749,MIL,16,10,6,65,44,60,4,0,0,7,10,4,0.091,0.091
2023-24,1631199,Ron Harper Jr.,1610612761,TOR,1,1,0,4,4,4,1,0,0,0,2,1,0.25,0.25
2023-24,1626220,Royce O'Neale,1610612756,PHX,77,38,39,1895,2692,1848,214,14,31,317,529,254,0.079,0.094
2023-24,203497,Rudy Gobert,1610612750,MIN,76,53,23,2593,2538,1684,102,5,12,155,276,120,0.04,0.047
2023-24,1629060,Rui Hachimura,1610612747,LAL,67,39,28,1804,1350,1340,79,3,20,133,214,102,0.059,0.076
2023-24,201566,Russell Westbrook,1610612746,LAC,68,45,23,1529,2092,2201,306,25,16,476,748,342,0.146,0.163
2023-24,1627853,Ryan Arcidiacono,1610612752,NYK,20,15,5,45,48,35,4,0,0,13,11,4,0.083,0.083
2023-24,1631157,Ryan Rollins,1610612749,MIL,13,1,12,78,102,113,14,1,0,21,34,16,0.137,0.157
2023-24,1630240,Saben Lee,1610612756,PHX,23,15,8,181,249,268,29,1,2,45,70,32,0.116,0.129
2023-24,1630180,Saddiq Bey,1610612737,ATL,63,28,35,2062,1660,1425,92,13,10,168,237,111,0.055,0.067
2023-24,1630573,Sam Hauser,1610612738,BOS,78,61,17,1723,1427,1200,82,8,11,118,215,98,0.057,0.069
2023-24,1630241,Sam Merrill,1610612739,CLE,61,36,25,1069,1090,1232,108,11,12,168,283,131,0.099,0.12
2023-24,1630572,Sandro Mamukelashvili,1610612759,SAS,45,11,34,445,556,421,48,2,6,90,116,55,0.086,0.099
2023-24,1630583,Santi Aldama,1610612763,MEM,61,23,38,1618,1973,1729,138,10,20,254,366,169,0.07,0.086
2023-24,1628426,Sasha Vezenkov,1610612758,SAC,42,22,20,511,513,437,19,3,8,34,53,29,0.037,0.057
2023-24,1630703,Scoot Henderson,1610612757,POR,61,17,44,1739,2906,3412,331,40,29,670,887,400,0.114,0.138
2023-24,1630567,Scottie Barnes,1610612761,TOR,60,22,38,2094,3168,3064,363,39,38,642,916,435,0.115,0.137
2023-24,1630590,Scotty Pippen Jr.,1610612763,MEM,21,5,16,527,829,926,98,5,6,189,255,109,0.118,0.131
2023-24,203552,Seth Curry,1610612766,CHA,44,25,19,615,613,617,44,5,9,87,106,56,0.072,0.091
2023-24,1641754,Seth Lundy,1610612737,ATL,9,2,7,52,32,31,0,1,0,2,2,1,0,0.031
2023-24,1631101,Shaedon Sharpe,1610612757,POR,32,8,24,1059,924,1187,94,4,9,194,243,107,0.102,0.116
2023-24,1628983,Shai Gilgeous-Alexander,1610612760,OKC,75,55,20,2553,3175,4405,465,32,62,894,1240,558,0.146,0.176
2023-24,1629003,Shake Milton,1610612752,NYK,48,32,16,581,716,764,60,10,10,128,158,81,0.084,0.113
2023-24,1627885,Shaquille Harrison,1610612763,MEM,3,1,2,6,8,7,0,0,0,0,0,0,0,0
2023-24,1631321,Sidy Cissoko,1610612759,SAS,12,5,7,141,120,102,10,0,1,19,26,11,0.083,0.092
2023-24,1631323,Simone Fontecchio,1610612765,DET,65,29,36,1612,1341,1217,99,8,17,166,243,123,0.074,0.092
2023-24,1630219,Skylar Mays,1610612747,LAL,38,14,24,433,712,743,85,5,8,145,212,97,0.119,0.136
2023-24,203915,Spencer Dinwiddie,1610612747,LAL,75,38,37,2120,2660,2995,353,26,38,600,904,411,0.133,0.155
2023-24,1630649,Stanley Umude,1610612765,DET,23,4,19,294,149,160,11,2,3,19,28,16,0.074,0.107
2023-24,201939,Stephen Curry,1610612744,GSW,74,43,31,2422,3160,4194,379,38,65,634,917,474,0.12,0.15
2023-24,1629004,Svi Mykhailiuk,1610612738,BOS,41,32,9,413,340,342,35,5,6,52,90,46,0.103,0.135
2023-24,204456,T.J. McConnell,1610612754,IND,71,40,31,1291,2879,3056,390,39,46,664,1011,476,0.135,0.165
2023-24,203933,T.J. Warren,1610612750,MIN,11,7,4,125,91,96,9,0,1,13,23,10,0.099,0.11
2023-24,201959,Taj Gibson,1610612765,DET,20,8,12,204,156,98,11,0,1,7,27,12,0.071,0.077
2023-24,1629659,Talen Horton-Tucker,1610612762,UTA,50,14,36,1000,1638,1814,177,18,17,358,484,214,0.108,0.131
2023-24,1631106,Tari Eason,1610612745,HOU,22,12,10,480,464,304,27,3,4,44,70,34,0.058,0.073
2023-24,1627752,Taurean Prince,1610612747,LAL,77,43,34,2084,1251,1370,118,9,18,193,294,145,0.094,0.116
2023-24,1641707,Taylor Hendricks,1610612762,UTA,40,13,27,856,570,445,32,1,4,50,76,37,0.056,0.065
2023-24,1631386,Taze Moore,1610612757,POR,4,1,3,40,50,57,5,0,0,10,14,5,0.1,0.1
2023-24,1629611,Terance Mann,1610612746,LAC,74,46,28,1848,1552,1408,118,4,10,201,282,128,0.076,0.082
2023-24,1631173,Terquavion Smith,1610612755,PHI,15,7,8,79,108,135,12,2,3,23,31,17,0.111,0.157
2023-24,1626179,Terry Rozier,1610612748,MIA,61,22,39,2040,3265,3862,342,19,49,577,868,409,0.105,0.125
2023-24,1630678,Terry Taylor,1610612741,CHI,30,12,18,187,150,112,10,1,3,18,29,14,0.067,0.093
2023-24,201152,Thaddeus Young,1610612756,PHX,33,12,21,440,648,481,57,6,1,84,143,66,0.088,0.102
2023-24,203648,Thanasis Antetokounmpo,1610612749,MIL,34,21,13,155,118,122,17,0,0,19,42,16,0.144,0.136
2023-24,1630177,Theo Maledon,1610612756,PHX,17,5,12,213,313,314,28,5,1,51,76,34,0.089,0.109
2023-24,1628418,Thomas Bryant,1610612748,MIA,38,22,16,441,471,352,23,1,0,38,58,23,0.049,0.049
2023-24,203501,Tim Hardaway Jr.,1610612742,DAL,78,48,30,2103,1895,2140,137,7,16,190,350,160,0.072,0.084
2023-24,1641851,Timmy Allen,1610612763,MEM,5,0,5,125,105,70,5,1,0,13,14,6,0.048,0.057
2023-24,202699,Tobias Harris,1610612755,PHI,69,40,29,2338,2496,2475,215,15,29,360,565,259,0.086,0.104
2023-24,1628470,Torrey Craig,1610612741,CHI,52,22,30,1035,1124,766,58,5,12,106,130,70,0.052,0.062
2023-24,1641787,Tosan Evbuomwan,1610612765,DET,17,1,16,367,237,204,16,4,1,41,49,21,0.068,0.089
2023-24,1641739,Toumani Camara,1610612757,POR,69,18,51,1707,1550,1102,83,10,8,173,228,102,0.054,0.066
2023-24,1629027,Trae Young,1610612737,ATL,54,22,32,1942,3001,4000,583,59,58,983,1464,687,0.194,0.229
2023-24,1631218,Trayce Jackson-Davis,1610612744,GSW,67,39,28,1107,1370,1039,82,6,8,129,219,96,0.06,0.07
2023-24,1630200,Tre Jones,1610612759,SAS,76,20,56,2107,3900,3981,467,48,61,911,1222,575,0.12,0.147
2023-24,1630544,Tre Mann,1610612766,CHA,41,21,20,987,1311,1389,165,5,24,266,422,196,0.126,0.15
2023-24,1630570,Trendon Watford,1610612751,BKN,61,25,36,805,1277,1111,76,8,12,123,185,95,0.06,0.074
2023-24,1630235,Trent Forrest,1610612737,ATL,38,18,20,414,707,682,92,7,5,143,235,104,0.13,0.147
2023-24,1630243,Trevelin Queen,1610612753,ORL,14,5,9,165,116,134,18,1,1,27,48,19,0.155,0.164
2023-24,1641998,Trey Jemison III,1610612763,MEM,25,5,20,574,505,437,27,5,1,53,76,34,0.053,0.067
2023-24,1626168,Trey Lyles,1610612758,SAC,58,33,25,1158,1287,914,72,7,14,124,188,93,0.056,0.072
2023-24,1630530,Trey Murphy III,1610612740,NOP,56,35,21,1668,1554,1571,123,10,15,204,327,149,0.079,0.096
2023-24,202684,Tristan Thompson,1610612739,CLE,49,28,21,549,591,464,51,2,7,69,137,60,0.086,0.102
2023-24,1641774,Tristan Vukcevic,1610612764,WAS,10,3,7,153,141,147,13,0,0,15,31,13,0.092,0.092
2023-24,1628972,Troy Brown Jr.,1610612765,DET,58,30,28,824,672,605,59,5,8,92,150,71,0.088,0.106
2023-24,1629660,Ty Jerome,1610612739,CLE,2,1,1,15,24,25,3,0,0,6,7,3,0.125,0.125
2023-24,1631102,TyTy Washington Jr.,1610612749,MIL,11,5,6,56,96,101,5,1,1,13,14,7,0.052,0.073
2023-24,1629639,Tyler Herro,1610612748,MIA,42,23,19,1407,1796,2086,188,14,39,339,459,233,0.105,0.13
2023-24,1630169,Tyrese Haliburton,1610612754,IND,69,40,29,2224,4854,4939,752,95,77,1229,1963,918,0.155,0.189
2023-24,1630178,Tyrese Maxey,1610612755,PHI,69,42,27,2597,4186,5105,430,39,91,765,1108,558,0.103,0.133
2023-24,1626145,Tyus Jones,1610612764,WAS,66,11,55,1933,3669,3806,485,43,58,825,1229,584,0.132,0.159
2023-24,1628962,Udoka Azubuike,1610612756,PHX,16,12,4,113,71,55,3,0,0,3,6,3,0.042,0.042
2023-24,1630586,Usman Garuba,1610612744,GSW,6,5,1,18,38,23,1,1,0,6,3,2,0.026,0.053
2023-24,203995,Vasilije Micic,1610612766,CHA,59,33,26,1144,1712,1961,252,19,20,404,651,291,0.147,0.17
2023-24,1641705,Victor Wembanyama,1610612759,SAS,71,19,52,2106,2462,2812,274,18,36,455,660,327,0.111,0.133
2023-24,1631246,Vince Williams Jr.,1610612763,MEM,52,18,34,1437,1789,1663,175,13,13,313,459,202,0.098,0.113
2023-24,1630249,Vít Krejčí,1610612737,ATL,22,9,13,541,492,424,50,8,1,87,145,59,0.102,0.12
2023-24,1631117,Walker Kessler,1610612762,UTA,63,26,37,1469,1562,909,58,4,7,114,163,69,0.037,0.044
2023-24,1628976,Wendell Carter Jr.,1610612753,ORL,55,30,25,1406,1480,1246,95,6,11,158,239,112,0.064,0.076
2023-24,1631111,Wendell Moore Jr.,1610612750,MIN,25,18,7,75,86,79,6,0,2,15,14,8,0.07,0.093
2023-24,1629117,Wenyen Gabriel,1610612738,BOS,5,1,4,81,72,53,3,0,0,4,7,3,0.042,0.042
2023-24,202083,Wesley Matthews,1610612737,ATL,36,11,25,413,399,278,23,0,2,39,54,24,0.058,0.06
2023-24,1629875,Xavier Moon,1610612746,LAC,14,7,7,119,215,218,21,0,2,27,46,22,0.098,0.102
2023-24,1630214,Xavier Tillman,1610612738,BOS,54,30,24,975,1132,859,77,7,9,151,205,92,0.068,0.081
2023-24,1629139,Yuta Watanabe,1610612763,MEM,34,18,16,464,356,326,15,2,3,25,42,21,0.042,0.059
2023-24,1628380,Zach Collins,1610612759,SAS,68,18,50,1504,1850,1823,194,24,19,315,496,238,0.105,0.129
2023-24,203897,Zach LaVine,1610612741,CHI,25,10,15,872,1063,1092,98,6,17,211,249,121,0.092,0.114
2023-24,1630285,Zavier Simpson,1610612765,DET,7,1,6,161,263,284,25,1,1,60,66,27,0.095,0.103
2023-24,1630192,Zeke Nnaji,1610612743,DEN,56,39,17,555,417,399,30,0,1,38,70,30,0.072,0.072
2023-24,1630533,Ziaire Williams,1610612763,MEM,51,20,31,1038,894,959,75,9,13,131,198,98,0.084,0.11
2023-24,1629627,Zion Williamson,1610612740,NOP,69,42,27,2181,2739,3224,349,15,35,690,948,399,0.127,0.146
2024-25,1630639,A.J. Lawson,1610612761,TOR,26,14,12,486,554,570,31,0,7,67,75,38,0.056,0.069
2024-25,1631260,AJ Green,1610612749,MIL,73,44,29,1659,1648,1597,108,0,16,231,285,124,0.066,0.075
2024-25,1642358,AJ Johnson,1610612764,WAS,29,8,21,638,859,1115,76,0,7,158,190,83,0.088,0.097
2024-25,203932,Aaron Gordon,1610612743,DEN,51,33,18,1447,1461,1715,164,0,16,283,382,180,0.112,0.123
2024-25,1628988,Aaron Holiday,1610612745,HOU,62,39,23,792,905,1163,83,0,12,179,203,95,0.092,0.105
2024-25,1630174,Aaron Nesmith,1610612754,IND,45,29,16,1122,1283,1218,54,0,26,105,126,80,0.042,0.062
2024-25,1630598,Aaron Wiggins,1610612760,OKC,76,62,14,1744,1622,1868,134,0,31,239,332,165,0.083,0.102
2024-25,1641745,Adam Flagler,1610612760,OKC,36,34,2,203,200,286,12,0,2,32,33,14,0.06,0.07
2024-25,1641766,Adama Sanogo,1610612741,CHI,4,2,2,22,13,9,1,0,0,1,2,1,0.077,0.077
2024-25,1641737,Adem Bona,1610612755,PHI,58,12,46,905,774,554,27,0,2,58,64,29,0.035,0.037
2024-25,1642349,Ajay Mitchell,1610612760,OKC,36,31,5,597,706,851,64,0,11,128,160,75,0.091,0.106
2024-25,201143,Al Horford,1610612738,BOS,60,44,16,1659,1691,1494,128,0,23,239,341,151,0.076,0.089
2024-25,202692,Alec Burks,1610612748,MIA,49,26,23,863,1038,1055,55,0,14,93,125,69,0.053,0.066
2024-25,1627936,Alex Caruso,1610612760,OKC,54,44,10,1041,1394,1216,137,1,20,227,338,158,0.098,0.113
2024-25,1642505,Alex Ducas,1610612760,OKC,21,20,1,125,67,71,5,0,1,15,14,6,0.075,0.09
2024-25,203458,Alex Len,1610612747,LAL,44,21,23,380,495,376,38,0,3,65,97,41,0.077,0.083
2024-25,1642024,Alex Reese,1610612755,PHI,15,4,11,216,254,131,4,0,0,13,9,4,0.016,0.016
2024-25,1642259,Alex Sarr,1610612764,WAS,67,13,54,1814,2413,2270,161,0,29,295,385,190,0.067,0.079
2024-25,1631214,Alondes Williams,1610612746,LAC,1,0,1,4,2,4,1,0,0,1,3,1,0.5,0.5
2024-25,1630578,Alperen Sengun,1610612745,HOU,76,52,24,2395,3164,3417,372,1,29,697,917,402,0.118,0.127
2024-25,1641708,Amen Thompson,1610612745,HOU,69,43,26,2225,2705,2739,265,1,30,516,663,296,0.098,0.109
2024-25,1629599,Amir Coffey,1610612746,LAC,72,41,31,1748,1189,1378,77,0,15,132,188,92,0.065,0.077
2024-25,203083,Andre Drummond,1610612755,PHI,40,12,28,751,767,604,34,0,7,63,80,41,0.044,0.053
2024-25,1641748,Andre Jackson Jr.,1610612749,MIL,65,38,27,980,1032,818,83,0,11,179,211,94,0.08,0.091
2024-25,1629614,Andrew Nembhard,1610612754,IND,65,44,21,1881,2971,3476,326,2,58,573,778,386,0.11,0.13
2024-25,203952,Andrew Wiggins,1610612748,MIA,60,27,33,1842,1757,2276,158,0,35,345,398,193,0.09,0.11
2024-25,1629014,Anfernee Simons,1610612757,POR,70,28,42,2292,3084,4517,337,1,54,622,829,392,0.109,0.127
2024-25,1641710,Anthony Black,1610612753,ORL,78,39,39,1887,2865,3566,240,4,56,505,593,300,0.084,0.105
2024-25,203076,Anthony Davis,1610612742,DAL,51,30,21,1705,2532,2555,181,2,42,282,435,225,0.071,0.089
2024-25,1630162,Anthony Edwards,1610612750,MIN,79,48,31,2871,3574,5377,359,0,109,680,890,468,0.1,0.131
2024-25,1630264,Anthony Gill,1610612764,WAS,47,4,43,397,307,288,16,0,3,35,38,19,0.052,0.062
2024-25,1641817,Anton Watson,1610612752,NYK,9,5,4,22,26,21,2,0,0,3,5,2,0.077,0.077
2024-25,1641810,Antonio Reeves,1610612740,NOP,44,6,38,660,483,642,39,0,6,69,96,45,0.081,0.093
2024-25,1630574,Ariel Hukporti,1610612752,NYK,25,17,8,217,241,171,11,0,2,24,27,13,0.046,0.054
2024-25,1642422,Armel Traore,1610612747,LAL,9,5,4,67,78,49,1,0,0,2,3,1,0.013,0.013
2024-25,1641709,Ausar Thompson,1610612765,DET,59,34,25,1328,1292,1455,134,0,20,278,330,154,0.104,0.119
2024-25,1630559,Austin Reaves,1610612747,LAL,73,46,27,2550,4174,5328,421,1,81,806,999,503,0.101,0.121
2024-25,1630245,Ayo Dosunmu,1610612741,CHI,46,17,29,1394,1999,2358,208,0,44,360,509,252,0.104,0.126
2024-25,1628389,Bam Adebayo,1610612748,MIA,78,36,42,2674,3521,3821,337,2,31,559,846,370,0.096,0.105
2024-25,1631248,Baylor Scheierman,1610612738,BOS,31,27,4,384,279,262,33,0,5,58,82,38,0.118,0.136
2024-25,1641767,Ben Sheppard,1610612754,IND,63,40,23,1230,1424,1274,85,0,8,107,196,93,0.06,0.065
2024-25,1627732,Ben Simmons,1610612746,LAC,51,26,25,1120,2340,2399,285,1,25,495,712,311,0.122,0.133
2024-25,1631097,Bennedict Mathurin,1610612754,IND,72,43,29,2149,2387,2734,136,0,48,272,327,184,0.057,0.077
2024-25,1641731,Bilal Coulibaly,1610612764,WAS,59,13,46,1948,2014,2472,199,1,35,408,508,235,0.099,0.117
2024-25,202687,Bismack Biyombo,1610612759,SAS,28,10,18,527,621,386,31,0,7,43,77,38,0.05,0.061
2024-25,1631104,Blake Wesley,1610612759,SAS,58,23,35,683,877,1112,114,0,14,190,281,128,0.13,0.146
2024-25,1626171,Bobby Portis Jr.,1610612749,MIL,49,30,19,1244,1782,1489,104,0,19,174,264,123,0.058,0.069
2024-25,1641752,Bobi Klintman,1610612765,DET,8,4,4,42,60,47,7,0,2,10,17,9,0.117,0.15
2024-25,203992,Bogdan Bogdanović,1610612746,LAC,54,33,21,1348,1486,1692,146,0,30,279,349,176,0.098,0.118
2024-25,1629626,Bol Bol,1610612756,PHX,36,10,26,448,376,347,22,0,3,25,54,25,0.059,0.066
2024-25,1630538,Bones Hyland,1610612750,MIN,24,11,13,239,332,485,32,0,3,68,76,35,0.096,0.105
2024-25,203078,Bradley Beal,1610612756,PHX,53,22,31,1702,2275,2873,195,1,50,377,476,246,0.086,0.108
2024-25,1642382,Branden Carlson,1610612760,OKC,31,28,3,246,265,215,14,0,0,22,36,14,0.053,0.053
2024-25,1641764,Brandin Podziemski,1610612744,GSW,64,38,26,1716,2830,3261,220,0,55,515,549,275,0.078,0.097
2024-25,1630527,Brandon Boston Jr.,1610612740,NOP,42,8,34,993,1312,1540,92,0,12,173,230,104,0.07,0.079
2024-25,1629634,Brandon Clarke,1610612763,MEM,64,40,24,1207,1097,998,66,1,15,129,161,82,0.06,0.075
2024-25,1627742,Brandon Ingram,1610612761,TOR,18,5,13,595,796,1134,93,0,23,169,224,116,0.117,0.146
2024-25,1641706,Brandon Miller,1610612766,CHA,27,8,19,924,1289,1483,98,0,13,183,237,111,0.076,0.086
2024-25,1630314,Brandon Williams,1610612742,DAL,33,15,18,487,702,915,76,0,17,125,179,93,0.108,0.132
2024-25,1630296,Braxton Key,1610612744,GSW,3,3,0,11,16,20,0,0,0,0,0,0,0,0
2024-25,1641729,Brice Sensabaugh,1610612762,UTA,71,14,57,1432,1182,1492,110,0,13,216,260,123,0.093,0.104
2024-25,1642355,Bronny James,1610612747,LAL,26,16,10,181,212,259,22,0,1,34,49,23,0.104,0.108
2024-25,201572,Brook Lopez,1610612749,MIL,80,47,33,2546,2239,2340,143,0,18,265,351,161,0.064,0.072
2024-25,1628971,Bruce Brown,1610612740,NOP,41,15,26,922,1108,1225,84,0,15,191,202,99,0.076,0.089
2024-25,1628981,Bruno Fernando,1610612761,TOR,17,2,15,147,196,180,18,0,0,31,36,16,0.092,0.082
2024-25,1631121,Bryce McGowens,1610612757,POR,13,8,5,32,43,61,2,0,1,6,5,3,0.047,0.07
2024-25,1642267,Bub Carrington,1610612764,WAS,82,18,64,2458,4110,4857,364,1,43,697,886,408,0.089,0.099
2024-25,1627741,Buddy Hield,1610612744,GSW,82,48,34,1863,2407,2609,134,0,42,303,326,176,0.056,0.073
2024-25,203468,CJ McCollum,1610612740,NOP,56,17,39,1832,2123,3301,227,2,30,373,538,258,0.107,0.122
2024-25,1630595,Cade Cunningham,1610612765,DET,70,38,32,2452,4180,6258,638,1,87,1051,1513,726,0.153,0.174
2024-25,1631216,Caleb Houstan,1610612753,ORL,58,29,29,788,597,507,35,0,9,80,90,44,0.059,0.074
2024-25,1628997,Caleb Martin,1610612742,DAL,45,17,28,1218,1264,1346,95,0,13,210,238,108,0.075,0.085
2024-25,1642353,Cam Christie,1610612746,LAC,13,10,3,59,59,59,6,0,0,9,15,6,0.102,0.102
2024-25,1629629,Cam Reddish,1610612747,LAL,33,15,18,589,344,347,22,0,8,41,55,30,0.064,0.087
2024-25,1642285,Cam Spencer,1610612763,MEM,25,14,11,252,359,421,34,0,5,71,82,39,0.095,0.109
2024-25,1630560,Cam Thomas,1610612751,BKN,25,8,17,781,900,1408,94,0,23,168,224,117,0.104,0.13
2024-25,1641715,Cam Whitmore,1610612745,HOU,51,30,21,827,532,809,49,1,7,90,126,57,0.092,0.107
2024-25,1629661,Cameron Johnson,1610612751,BKN,57,21,36,1800,1871,2389,194,0,16,379,482,210,0.104,0.112
2024-25,1626166,Cameron Payne,1610612752,NYK,72,46,26,1090,1756,2248,203,0,28,309,479,231,0.116,0.132
2024-25,1627747,Caris LeVert,1610612737,ATL,64,46,18,1596,1593,2045,215,0,37,421,528,252,0.135,0.158
2024-25,1641717,Cason Wallace,1610612760,OKC,68,55,13,1876,1688,1737,173,0,23,314,428,196,0.102,0.116
2024-25,1629646,Charles Bassey,1610612759,SAS,36,14,22,376,475,283,17,0,3,32,39,20,0.036,0.042
2024-25,1631096,Chet Holmgren,1610612760,OKC,32,26,6,877,1002,822,63,1,11,95,143,75,0.063,0.075
2024-25,1628449,Chris Boucher,1610612761,TOR,50,18,32,862,688,707,33,0,7,58,79,40,0.048,0.058
2024-25,1630537,Chris Duarte,1610612741,CHI,17,4,13,74,81,78,9,0,0,17,19,9,0.111,0.111
2024-25,1641753,Chris Livingston,1610612749,MIL,21,15,6,106,132,82,5,0,2,10,11,7,0.038,0.053
2024-25,101108,Chris Paul,1610612759,SAS,82,34,48,2292,4059,5013,605,1,68,1048,1474,674,0.149,0.166
2024-25,1631128,Christian Braun,1610612743,DEN,79,48,31,2675,2526,2653,205,1,37,364,484,243,0.081,0.096
2024-25,1631132,Christian Koloko,1610612747,LAL,37,23,14,342,378,252,16,0,3,28,39,19,0.042,0.05
2024-25,1629643,Chuma Okeke,1610612739,CLE,9,2,7,197,221,164,15,0,5,29,37,20,0.068,0.09
2024-25,203991,Clint Capela,1610612737,ATL,55,27,28,1176,1121,883,62,0,8,79,146,70,0.055,0.062
2024-25,1629632,Coby White,1610612741,CHI,74,35,39,2450,2946,4337,330,1,65,648,830,396,0.112,0.134
2024-25,1628998,Cody Martin,1610612756,PHX,53,16,37,1173,1325,1145,105,0,12,203,266,117,0.079,0.088
2024-25,1642262,Cody Williams,1610612762,UTA,50,9,41,1060,844,830,59,0,7,110,149,66,0.07,0.078
2024-25,1641732,Colby Jones,1610612764,WAS,37,11,26,514,530,501,44,0,3,100,104,47,0.083,0.089
2024-25,1630175,Cole Anthony,1610612763,MEM,67,35,32,1234,1899,2512,191,0,24,389,457,215,0.101,0.113
2024-25,1631306,Cole Swider,1610612754,IND,10,5,5,170,118,118,3,0,2,10,7,5,0.025,0.042
2024-25,1630658,Colin Castleton,1610612761,TOR,25,14,11,432,425,326,28,0,3,64,72,31,0.066,0.073
2024-25,1631221,Collin Gillespie,1610612756,PHX,33,12,21,461,886,1026,78,0,10,129,186,88,0.088,0.099
2024-25,1629012,Collin Sexton,1610612762,UTA,63,14,49,1758,2153,3415,264,1,35,532,649,300,0.123,0.139
2024-25,1630557,Corey Kispert,1610612764,WAS,61,14,47,1602,1394,1614,103,3,16,192,255,122,0.074,0.088
2024-25,202709,Cory Joseph,1610612753,ORL,50,26,24,612,1046,1182,72,1,21,151,185,94,0.069,0.09
2024-25,1641854,Craig Porter Jr.,1610612739,CLE,51,40,11,513,709,885,71,0,5,155,173,76,0.1,0.107
2024-25,1642385,Cui Cui,1610612751,BKN,4,2,2,10,5,11,0,0,0,0,0,0,0,0
2024-25,1626156,D'Angelo Russell,1610612751,BKN,58,26,32,1480,2701,3312,297,0,47,570,713,344,0.11,0.127
2024-25,1630618,D.J. Carton,1610612761,TOR,4,1,3,33,43,46,3,0,0,7,7,3,0.07,0.07
2024-25,1629610,DaQuan Jeffries,1610612766,CHA,47,9,38,1071,863,853,53,0,19,94,129,72,0.061,0.083
2024-25,1631342,Daeqwon Plowden,1610612737,ATL,6,3,3,72,67,69,2,0,1,9,5,3,0.03,0.045
2024-25,1630227,Daishen Nix,1610612750,MIN,3,3,0,13,19,26,3,0,1,3,7,4,0.158,0.211
2024-25,1630625,Dalano Banton,1610612757,POR,67,28,39,1120,1832,2340,160,0,22,330,388,182,0.087,0.099
2024-25,1631207,Dalen Terry,1610612741,CHI,73,33,40,987,1258,1318,97,0,23,220,235,120,0.077,0.095
2024-25,1642261,Dalton Knecht,1610612747,LAL,78,47,31,1494,1373,1399,66,0,12,118,161,78,0.048,0.057
2024-25,203081,Damian Lillard,1610612749,MIL,58,32,26,2093,3544,5174,410,2,100,849,985,512,0.116,0.144
2024-25,1641878,Damion Baugh,1610612766,CHA,15,1,14,370,588,719,56,0,3,94,134,59,0.095,0.1
2024-25,1627814,Damion Lee,1610612756,PHX,25,6,19,144,142,189,11,0,2,17,25,13,0.077,0.092
2024-25,1629655,Daniel Gafford,1610612742,DAL,57,28,29,1226,1371,1118,80,0,11,110,186,91,0.058,0.066
2024-25,1628464,Daniel Theis,1610612740,NOP,38,10,28,621,743,571,60,0,7,99,143,67,0.081,0.09
2024-25,1642450,Daniss Jenkins,1610612765,DET,6,2,4,22,35,54,3,0,0,7,7,3,0.086,0.086
2024-25,203957,Dante Exum,1610612742,DAL,20,7,13,372,573,797,56,0,7,106,134,63,0.098,0.11
2024-25,203967,Dario Saric,1610612743,DEN,16,7,9,210,304,277,23,0,3,56,57,26,0.076,0.086
2024-25,1641727,Dariq Whitehead,1610612751,BKN,19,6,13,246,218,249,12,0,3,25,29,15,0.055,0.069
2024-25,1629636,Darius Garland,1610612739,CLE,75,60,15,2301,3199,4972,506,1,101,884,1200,608,0.158,0.19
2024-25,1630561,David Duke Jr.,1610612759,SAS,6,0,6,34,29,35,4,0,1,5,9,5,0.138,0.172
2024-25,1631223,David Roddy,1610612745,HOU,33,9,24,410,491,380,35,1,6,65,84,42,0.071,0.086
2024-25,1630558,Davion Mitchell,1610612748,MIA,73,25,48,2027,3383,4276,363,0,52,755,872,415,0.107,0.123
2024-25,1630549,Day'Ron Sharpe,1610612751,BKN,50,14,36,907,1230,1039,91,0,11,143,215,102,0.074,0.083
2024-25,1628368,De'Aaron Fox,1610612759,SAS,62,27,35,2241,3299,4648,392,4,61,753,951,457,0.119,0.139
2024-25,1629631,De'Andre Hunter,1610612739,CLE,64,38,26,1740,1424,1594,92,0,22,176,223,114,0.065,0.08
2024-25,1629001,De'Anthony Melton,1610612751,BKN,6,4,2,121,206,248,17,0,7,55,38,24,0.083,0.117
2024-25,201599,DeAndre Jordan,1610612743,DEN,56,37,19,691,789,624,53,1,4,90,120,58,0.067,0.074
2024-25,201942,DeMar DeRozan,1610612758,SAC,77,38,39,2768,2466,4071,342,1,56,614,864,399,0.139,0.162
2024-25,1629731,Dean Wade,1610612739,CLE,59,47,12,1252,1358,931,76,0,15,175,191,91,0.056,0.067
2024-25,1629028,Deandre Ayton,1610612757,POR,40,17,23,1206,1272,1202,64,0,11,105,160,75,0.05,0.059
2024-25,1627749,Dejounte Murray,1610612740,NOP,31,9,22,1012,1759,2402,228,0,30,375,543,258,0.13,0.147
2024-25,1626153,Delon Wright,1610612752,NYK,40,22,18,635,1032,1173,77,1,12,160,195,90,0.075,0.087
2024-25,1630166,Deni Avdija,1610612757,POR,72,33,39,2161,3330,3070,281,0,41,595,675,322,0.084,0.097
2024-25,203471,Dennis Schröder,1610612765,DET,75,37,38,2105,3872,5208,404,2,65,731,1010,471,0.104,0.122
2024-25,1641726,Dereck Lively II,1610612742,DAL,36,21,15,833,1058,759,85,1,16,142,216,102,0.08,0.096
2024-25,1627884,Derrick Jones Jr.,1610612746,LAC,77,48,29,1873,1624,1730,60,0,13,102,145,73,0.037,0.045
2024-25,1628401,Derrick White,1610612738,BOS,76,58,18,2574,4277,5214,361,0,87,689,880,448,0.084,0.105
2024-25,1630217,Desmond Bane,1610612753,ORL,69,38,31,2205,3405,4064,369,0,72,651,899,441,0.108,0.13
2024-25,1626164,Devin Booker,1610612756,PHX,75,35,40,2795,3369,5284,529,1,125,992,1354,655,0.157,0.194
2024-25,1642269,Devin Carter,1610612758,SAC,36,18,18,396,480,562,41,0,6,79,101,47,0.085,0.098
2024-25,1630170,Devin Vassell,1610612759,SAS,64,24,40,1983,2112,2595,183,1,42,375,449,226,0.087,0.107
2024-25,1628415,Dillon Brooks,1610612745,HOU,75,49,26,2388,1642,2089,128,1,17,214,307,146,0.078,0.089
2024-25,1641794,Dillon Jones,1610612760,OKC,54,45,9,552,709,640,58,0,6,101,151,64,0.082,0.09
2024-25,1627734,Domantas Sabonis,1610612758,SAC,70,36,34,2429,4107,3650,423,0,36,708,1003,459,0.103,0.112
2024-25,1631230,Dominick Barlow,1610612737,ATL,35,13,22,375,331,285,19,0,4,32,46,23,0.057,0.069
2024-25,1642270,Donovan Clingan,1610612757,POR,67,29,38,1324,1294,1011,77,0,3,110,193,80,0.06,0.062
2024-25,1628378,Donovan Mitchell,1610612739,CLE,71,55,16,2232,2558,4318,354,1,70,699,890,425,0.138,0.166
2024-25,1628978,Donte DiVincenzo,1610612750,MIN,62,37,25,1606,2287,2553,225,2,36,359,528,263,0.098,0.115
2024-25,1627827,Dorian Finney-Smith,1610612747,LAL,63,36,27,1819,1765,1576,90,0,23,177,230,113,0.051,0.064
2024-25,203926,Doug McDermott,1610612758,SAC,42,21,21,342,261,272,7,0,9,20,15,16,0.027,0.061
2024-25,203110,Draymond Green,1610612744,GSW,68,42,26,1983,3742,3361,383,0,46,788,923,429,0.102,0.115
2024-25,1629234,Drew Eubanks,1610612746,LAC,60,25,35,746,687,596,54,0,8,91,135,62,0.079,0.09
2024-25,1641809,Drew Peterson,1610612738,BOS,24,16,8,186,212,175,13,0,0,23,31,13,0.061,0.061
2024-25,1631166,Drew Timme,1610612751,BKN,9,3,6,254,323,346,20,0,5,40,52,25,0.062,0.077
2024-25,1630696,Dru Smith,1610612748,MIA,14,8,6,268,328,337,23,0,5,64,58,28,0.07,0.085
2024-25,1629130,Duncan Robinson,1610612748,MIA,74,30,44,1786,1710,2164,176,1,29,334,411,206,0.103,0.12
2024-25,1641871,Duop Reath,1610612757,POR,46,19,27,469,452,471,26,0,6,29,61,32,0.058,0.071
2024-25,203939,Dwight Powell,1610612742,DAL,55,25,30,551,688,493,55,0,4,81,126,59,0.08,0.086
2024-25,1630700,Dyson Daniels,1610612737,ATL,76,37,39,2571,3450,3470,333,1,49,656,796,383,0.097,0.111
2024-25,1630604,E.J. Liddell,1610612741,CHI,12,6,6,53,53,45,3,0,0,11,9,3,0.057,0.057
2024-25,203901,Elfrid Payton,1610612740,NOP,24,3,21,511,1090,1282,166,0,19,307,385,185,0.152,0.17
2024-25,1641989,Elijah Harkless,1610612762,UTA,10,1,9,138,132,109,8,0,4,17,22,12,0.061,0.091
2024-25,1641801,Emanuel Miller,1610612741,CHI,6,4,2,25,24,20,2,0,1,4,5,3,0.083,0.125
2024-25,1641734,Emoni Bates,1610612739,CLE,10,9,1,75,66,87,8,0,3,12,18,11,0.121,0.167
2024-25,1642402,Enrique Freeman,1610612754,IND,22,7,15,181,154,131,9,0,2,20,22,11,0.058,0.071
2024-25,201569,Eric Gordon,1610612755,PHI,39,12,27,769,667,760,65,0,9,98,158,74,0.097,0.111
2024-25,1630596,Evan Mobley,1610612739,CLE,71,58,13,2167,2947,2477,226,0,33,442,583,259,0.077,0.088
2024-25,1630532,Franz Wagner,1610612753,ORL,60,33,27,2023,2504,3505,284,0,39,577,681,323,0.113,0.129
2024-25,1627832,Fred VanVleet,1610612745,HOU,60,41,19,2111,3493,4337,333,7,55,682,798,395,0.095,0.113
2024-25,1641713,GG Jackson,1610612763,MEM,29,19,10,459,437,531,29,0,6,49,71,35,0.066,0.08
2024-25,1629216,Gabe Vincent,1610612747,LAL,72,46,26,1527,1574,1874,98,0,28,215,240,126,0.062,0.08
2024-25,202066,Garrett Temple,1610612761,TOR,27,10,17,227,301,307,31,0,2,50,76,33,0.103,0.11
2024-25,1629726,Garrison Mathews,1610612737,ATL,47,21,26,830,656,736,60,1,6,87,139,67,0.091,0.102
2024-25,203914,Gary Harris,1610612753,ORL,48,28,20,711,448,432,30,1,6,72,77,37,0.067,0.083
2024-25,1627780,Gary Payton II,1610612744,GSW,62,36,26,927,1228,1052,83,0,13,181,206,96,0.068,0.078
2024-25,1629018,Gary Trent Jr.,1610612749,MIL,74,44,30,1893,1117,1545,87,0,23,171,210,110,0.078,0.098
2024-25,1627777,Georges Niang,1610612737,ATL,79,55,24,1697,1877,1571,111,0,19,197,270,130,0.059,0.069
2024-25,203507,Giannis Antetokounmpo,1610612749,MIL,67,40,27,2289,3736,4315,433,1,58,778,1127,492,0.116,0.132
2024-25,1629048,Goga Bitadze,1610612753,ORL,70,38,32,1429,1971,1570,137,0,13,226,327,150,0.07,0.076
2024-25,1641711,Gradey Dick,1610612761,TOR,54,15,39,1587,1145,1625,98,0,20,218,236,118,0.086,0.103
2024-25,1629684,Grant Williams,1610612766,CHA,16,6,10,479,447,419,37,0,1,71,98,38,0.083,0.085
2024-25,1628960,Grayson Allen,1610612756,PHX,64,29,35,1544,1739,1875,137,0,28,273,333,165,0.079,0.095
2024-25,1627824,Guerschon Yabusele,1610612755,PHI,70,23,47,1895,2225,2075,148,0,31,249,357,179,0.067,0.08
2024-25,1630611,Gui Santos,1610612744,GSW,56,36,20,762,975,845,80,0,20,146,198,100,0.082,0.103
2024-25,203084,Harrison Barnes,1610612759,SAS,82,34,48,2230,2131,1840,136,1,27,262,339,164,0.064,0.077
2024-25,1631127,Harrison Ingram,1610612759,SAS,5,0,5,35,21,8,3,0,0,3,8,3,0.143,0.143
2024-25,1629312,Haywood Highsmith,1610612748,MIA,74,35,39,1818,1561,1301,112,0,21,237,273,133,0.072,0.085
2024-25,1630529,Herbert Jones,1610612740,NOP,20,5,15,648,678,574,65,0,8,91,156,73,0.096,0.108
2024-25,1641816,Hunter Tyson,1610612743,DEN,50,30,20,400,287,278,20,0,1,32,49,21,0.07,0.073
2024-25,1630193,Immanuel Quickley,1610612761,TOR,33,12,21,918,1504,2187,191,0,25,346,449,216,0.127,0.144
2024-25,1642403,Isaac Jones,1610612758,SAC,40,19,21,304,220,205,12,0,2,26,31,14,0.055,0.064
2024-25,1630171,Isaac Okoro,1610612739,CLE,55,44,11,1053,783,817,68,0,12,157,165,80,0.087,0.102
2024-25,1642268,Isaiah Collier,1610612762,UTA,71,14,57,1839,3551,4496,446,2,32,828,1108,480,0.126,0.135
2024-25,1642384,Isaiah Crawford,1610612758,SAC,15,7,8,46,45,37,1,0,2,3,2,3,0.022,0.067
2024-25,1628392,Isaiah Hartenstein,1610612760,OKC,57,49,8,1590,2553,1888,219,0,17,312,501,236,0.086,0.092
2024-25,1630543,Isaiah Jackson,1610612754,IND,5,1,4,84,87,70,5,1,0,11,13,6,0.057,0.069
2024-25,1630198,Isaiah Joe,1610612760,OKC,74,63,11,1604,1427,1729,119,0,43,222,300,162,0.083,0.114
2024-25,1630600,Isaiah Mobley,1610612755,PHI,1,0,1,17,0,0,5,0,0,0,13,5,0,0
2024-25,1641815,Isaiah Stevens,1610612748,MIA,3,3,0,6,10,11,0,0,1,3,0,1,0,0.1
2024-25,1630191,Isaiah Stewart,1610612765,DET,72,38,34,1434,1412,1106,123,0,5,208,310,128,0.087,0.091
2024-25,1631209,Isaiah Wong,1610612766,CHA,20,2,18,266,347,456,28,0,4,46,69,32,0.081,0.092
2024-25,1627826,Ivica Zubac,1610612746,LAC,80,50,30,2624,3239,2660,214,0,49,328,511,263,0.066,0.081
2024-25,1631120,JD Davison,1610612738,BOS,15,12,3,93,153,206,13,0,2,31,32,15,0.085,0.098
2024-25,1630550,JT Thor,1610612764,WAS,20,10,10,249,205,175,6,0,0,18,17,6,0.029,0.029
2024-25,1629630,Ja Morant,1610612763,MEM,50,30,20,1519,2097,3268,364,1,27,627,867,392,0.174,0.187
2024-25,1642266,Ja'Kobe Walter,1610612761,TOR,52,19,33,1103,967,1187,81,0,11,163,192,92,0.084,0.095
2024-25,1631095,Jabari Smith Jr.,1610612745,HOU,57,40,17,1716,1449,1167,60,0,8,115,150,68,0.041,0.047
2024-25,1631133,Jabari Walker,1610612757,POR,60,23,37,749,659,597,37,1,4,75,90,42,0.056,0.064
2024-25,1629098,Jack McVeigh,1610612745,HOU,9,5,4,43,20,32,1,0,0,0,3,1,0.05,0.05
2024-25,1642050,Jackson Rowe,1610612744,GSW,6,4,2,52,50,49,4,0,0,5,10,4,0.08,0.08
2024-25,1631210,Jacob Toppin,1610612737,ATL,17,13,4,75,93,81,6,0,1,9,15,7,0.065,0.075
2024-25,1630702,Jaden Hardy,1610612742,DAL,57,30,27,907,849,1354,81,0,15,145,188,96,0.095,0.113
2024-25,1631093,Jaden Ivey,1610612765,DET,30,14,16,898,1138,1536,119,1,25,231,295,145,0.105,0.127
2024-25,1630183,Jaden McDaniels,1610612750,MIN,82,49,33,2614,2441,2147,163,1,27,284,406,191,0.067,0.078
2024-25,1630531,Jaden Springer,1610612762,UTA,39,21,18,365,207,283,33,0,1,60,76,34,0.159,0.164
2024-25,203109,Jae Crowder,1610612758,SAC,9,3,6,103,105,82,6,0,0,8,13,6,0.057,0.057
2024-25,1630256,Jae'Sean Tate,1610612745,HOU,52,38,14,588,521,475,47,0,4,98,119,51,0.09,0.098
2024-25,1626143,Jahlil Okafor,1610612754,IND,1,0,1,3,4,1,1,0,0,1,2,1,0.25,0.25
2024-25,1642443,Jahmir Young,1610612741,CHI,6,4,2,30,44,59,6,0,2,12,14,8,0.136,0.182
2024-25,1631170,Jaime Jaquez Jr.,1610612748,MIA,66,32,34,1368,1717,1769,166,1,21,308,415,189,0.097,0.11
2024-25,1631222,Jake LaRavia,1610612758,SAC,66,40,26,1349,1766,1486,158,2,25,249,394,185,0.089,0.105
2024-25,1627751,Jakob Poeltl,1610612761,TOR,57,21,36,1686,2575,2017,158,0,20,316,356,178,0.061,0.069
2024-25,1641779,Jalen Bridges,1610612756,PHX,8,1,7,30,11,21,0,0,0,0,0,0,0,0
2024-25,1628973,Jalen Brunson,1610612752,NYK,65,40,25,2301,3829,5889,475,3,92,821,1104,570,0.124,0.149
2024-25,1631105,Jalen Duren,1610612765,DET,78,43,35,2034,2671,1685,209,1,18,359,481,228,0.078,0.085
2024-25,1630224,Jalen Green,1610612745,HOU,82,52,30,2697,3232,4708,282,3,69,567,671,353,0.087,0.109
2024-25,1641720,Jalen Hood-Schifino,1610612755,PHI,15,3,12,315,447,565,37,0,4,81,88,41,0.083,0.092
2024-25,1630552,Jalen Johnson,1610612737,ATL,36,18,18,1284,2369,1812,181,1,25,337,427,207,0.076,0.087
2024-25,1629667,Jalen McDaniels,1610612758,SAC,2,1,1,7,7,5,1,0,0,1,3,1,0.143,0.143
2024-25,1629618,Jalen Pickett,1610612743,DEN,48,31,17,666,939,1088,107,0,11,182,252,118,0.114,0.126
2024-25,1630188,Jalen Smith,1610612741,CHI,64,28,36,962,1261,1114,65,1,16,92,160,82,0.052,0.065
2024-25,1630591,Jalen Suggs,1610612753,ORL,35,20,15,1002,1635,2023,129,2,25,278,299,156,0.079,0.095
2024-25,1631114,Jalen Williams,1610612760,OKC,69,55,14,2237,3157,4188,354,1,46,652,871,401,0.112,0.127
2024-25,1630592,Jalen Wilson,1610612751,BKN,79,25,54,2031,2035,2320,145,0,18,325,377,163,0.071,0.08
2024-25,1631288,Jamal Cain,1610612740,NOP,36,6,30,502,353,361,22,0,3,43,55,25,0.062,0.071
2024-25,1627750,Jamal Murray,1610612743,DEN,67,41,26,2418,3194,4597,403,0,63,709,956,465,0.126,0.146
2024-25,1642347,Jamal Shead,1610612761,TOR,75,28,47,1467,2615,3435,316,0,50,656,773,366,0.121,0.14
2024-25,1631123,Jamaree Bouyea,1610612749,MIL,5,4,1,62,104,145,10,0,6,17,27,16,0.096,0.154
2024-25,201935,James Harden,1610612746,LAC,79,50,29,2789,4373,6180,687,4,97,1085,1579,788,0.157,0.18
2024-25,201949,James Johnson,1610612754,IND,12,5,7,37,39,55,4,0,1,9,8,5,0.103,0.128
2024-25,1630164,James Wiseman,1610612754,IND,1,1,0,5,4,6,0,0,0,0,0,0,0,0
2024-25,1642419,Jamison Battle,1610612761,TOR,59,21,38,1042,830,883,53,1,13,105,135,67,0.064,0.081
2024-25,1641716,Jarace Walker,1610612754,IND,75,45,30,1187,1389,1349,110,0,15,205,263,125,0.079,0.09
2024-25,1630215,Jared Butler,1610612755,PHI,60,6,54,1044,1602,2190,220,1,28,379,511,249,0.137,0.155
2024-25,1642272,Jared McCain,1610612755,PHI,23,7,16,592,682,870,60,0,12,99,140,72,0.088,0.106
2024-25,1631197,Jared Rhoden,1610612761,TOR,14,8,6,226,242,295,16,0,2,33,41,18,0.066,0.074
2024-25,1628991,Jaren Jackson Jr.,1610612763,MEM,74,42,32,2207,2081,2896,148,0,25,297,378,173,0.071,0.083
2024-25,1629020,Jarred Vanderbilt,1610612747,LAL,36,25,11,581,593,361,41,0,6,75,100,47,0.069,0.079
2024-25,1628386,Jarrett Allen,1610612739,CLE,82,64,18,2296,2293,1879,158,0,33,301,382,191,0.069,0.083
2024-25,1629750,Javonte Green,1610612739,CLE,68,24,44,1258,1382,929,56,0,8,96,132,64,0.041,0.046
2024-25,1629637,Jaxson Hayes,1610612747,LAL,56,38,18,1093,1086,737,58,0,13,106,152,71,0.053,0.065
2024-25,1630643,Jay Huff,1610612763,MEM,64,37,27,748,647,683,38,0,9,74,94,47,0.059,0.073
2024-25,1627759,Jaylen Brown,1610612738,BOS,63,46,17,2158,2122,3128,286,0,61,525,727,347,0.135,0.164
2024-25,1641740,Jaylen Clark,1610612750,MIN,40,28,12,522,226,273,26,0,5,39,61,31,0.115,0.137
2024-25,1641798,Jaylen Martin,1610612764,WAS,16,3,13,239,286,277,17,0,4,34,42,21,0.059,0.073
2024-25,1629669,Jaylen Nowell,1610612764,WAS,8,1,7,168,230,289,18,0,2,33,41,20,0.078,0.087
2024-25,1631301,Jaylen Sims,1610612766,CHA,6,0,6,112,139,131,12,0,2,20,30,14,0.086,0.101
2024-25,1642377,Jaylen Wells,1610612763,MEM,79,47,32,2044,1207,1601,135,1,20,226,322,156,0.112,0.129
2024-25,1631119,Jaylin Williams,1610612760,OKC,47,40,7,784,1517,1056,120,0,20,180,294,140,0.079,0.092
2024-25,1642281,Jaylon Tyson,1610612739,CLE,47,37,10,453,461,474,44,0,4,70,107,48,0.095,0.104
2024-25,1628369,Jayson Tatum,1610612738,BOS,72,53,19,2624,4141,4333,431,1,99,852,1120,531,0.104,0.128
2024-25,1641789,Jazian Gortman,1610612742,DAL,16,8,8,57,75,110,6,0,0,12,14,6,0.08,0.08
2024-25,1630288,Jeff Dowtin Jr.,1610612755,PHI,41,10,31,621,919,1149,78,0,14,162,196,92,0.085,0.1
2024-25,201145,Jeff Green,1610612745,HOU,32,20,12,396,299,315,20,0,2,46,50,22,0.067,0.074
2024-25,203924,Jerami Grant,1610612757,POR,47,22,25,1524,1174,1516,101,1,6,193,247,108,0.086,0.092
2024-25,1630526,Jeremiah Robinson-Earl,1610612740,NOP,66,17,49,1239,1399,961,88,0,13,137,220,101,0.063,0.072
2024-25,1631110,Jeremy Sochan,1610612759,SAS,54,21,33,1364,1496,1377,128,0,19,218,311,147,0.086,0.098
2024-25,1630579,Jericho Sims,1610612749,MIL,51,32,19,631,767,450,33,0,3,55,84,36,0.043,0.047
2024-25,1642399,Jesse Edwards,1610612750,MIN,2,2,0,5,4,4,1,0,0,1,2,1,0.25,0.25
2024-25,1641724,Jett Howard,1610612753,ORL,60,29,31,701,529,733,44,1,7,99,108,52,0.083,0.098
2024-25,1628975,Jevon Carter,1610612741,CHI,36,13,23,321,342,440,40,0,5,63,93,45,0.117,0.132
2024-25,202710,Jimmy Butler III,1610612744,GSW,55,36,19,1746,2525,2913,298,1,48,605,779,347,0.118,0.137
2024-25,1629111,Jock Landale,1610612745,HOU,42,26,16,500,467,408,37,0,3,58,92,40,0.079,0.086
2024-25,204060,Joe Ingles,1610612750,MIN,14,8,6,114,184,175,22,0,4,32,50,26,0.12,0.141
2024-25,203954,Joel Embiid,1610612755,PHI,19,8,11,574,707,965,85,0,16,148,207,101,0.12,0.143
2024-25,1628381,John Collins,1610612762,UTA,40,12,28,1220,1397,1335,80,0,14,139,196,94,0.057,0.067
2024-25,1629723,John Konchar,1610612763,MEM,45,25,20,558,765,473,42,1,3,88,102,46,0.055,0.06
2024-25,1631098,Johnny Davis,1610612764,WAS,34,4,30,242,166,200,11,0,2,24,27,13,0.066,0.078
2024-25,1642277,Johnny Furphy,1610612754,IND,50,31,19,379,346,275,19,0,3,32,44,22,0.055,0.064
2024-25,1630548,Johnny Juzang,1610612762,UTA,64,15,49,1270,1119,1151,68,0,13,137,169,80,0.061,0.071
2024-25,202685,Jonas Valanciunas,1610612758,SAC,81,23,58,1524,2344,1967,164,0,26,270,388,190,0.07,0.081
2024-25,1628371,Jonathan Isaac,1610612753,ORL,71,35,36,1090,1172,717,40,0,3,76,91,43,0.034,0.037
2024-25,1630228,Jonathan Kuminga,1610612744,GSW,47,28,19,1144,1408,1799,104,0,16,256,266,120,0.074,0.085
2024-25,1642367,Jonathan Mogbo,1610612761,TOR,63,18,45,1286,1399,1234,146,1,12,264,347,159,0.104,0.114
2024-25,203903,Jordan Clarkson,1610612762,UTA,37,10,27,962,1091,1571,138,0,22,276,333,160,0.126,0.147
2024-25,1630692,Jordan Goodwin,1610612747,LAL,29,17,12,543,666,618,42,0,10,81,103,52,0.063,0.078
2024-25,1641722,Jordan Hawkins,1610612740,NOP,56,18,38,1320,1225,1539,66,1,18,128,159,85,0.054,0.069
2024-25,1629162,Jordan McLaughlin,1610612759,SAS,46,17,29,314,509,582,51,1,9,84,127,61,0.1,0.12
2024-25,1641757,Jordan Miller,1610612746,LAC,37,21,16,420,430,465,34,0,6,53,81,40,0.079,0.093
2024-25,1629673,Jordan Poole,1610612764,WAS,68,15,53,2001,2667,4196,303,1,63,622,718,367,0.114,0.138
2024-25,1641775,Jordan Walsh,1610612738,BOS,51,39,12,403,365,264,19,0,3,39,50,22,0.052,0.06
2024-25,1630631,Jose Alvarado,1610612740,NOP,56,19,37,1366,2244,2918,259,0,30,441,598,289,0.115,0.129
2024-25,1630528,Josh Christopher,1610612748,MIA,14,9,5,69,54,93,8,0,1,11,18,9,0.148,0.167
2024-25,1630581,Josh Giddey,1610612741,CHI,70,33,37,2117,4252,4699,503,2,75,844,1226,580,0.118,0.136
2024-25,1630182,Josh Green,1610612766,CHA,68,17,51,1888,1458,1436,108,0,22,248,262,130,0.074,0.089
2024-25,1628404,Josh Hart,1610612752,NYK,77,48,29,2897,4333,3898,453,2,53,802,1097,508,0.105,0.117
2024-25,1631169,Josh Minott,1610612750,MIN,46,32,14,276,186,192,18,0,0,33,45,18,0.097,0.097
2024-25,1629006,Josh Okogie,1610612766,CHA,40,11,29,625,570,568,33,0,9,73,82,42,0.058,0.074
2024-25,1626196,Josh Richardson,1610612748,MIA,8,4,4,149,224,223,12,0,4,31,30,16,0.054,0.071
2024-25,201950,Jrue Holiday,1610612738,BOS,62,47,15,1896,2200,2466,239,0,33,480,597,272,0.109,0.124
2024-25,1630577,Julian Champagnie,1610612759,SAS,82,34,48,1932,1810,1856,111,0,17,197,257,128,0.061,0.071
2024-25,1641763,Julian Phillips,1610612741,CHI,79,37,42,1123,868,731,39,0,14,71,100,53,0.045,0.061
2024-25,1631124,Julian Strawther,1610612743,DEN,65,41,24,1384,1173,1417,83,0,19,150,206,103,0.071,0.088
2024-25,203944,Julius Randle,1610612750,MIN,69,44,25,2226,2670,3248,323,0,42,580,822,365,0.121,0.137
2024-25,1630551,Justin Champagnie,1610612764,WAS,61,15,46,1340,1331,972,60,0,17,125,145,77,0.045,0.058
2024-25,1642348,Justin Edwards,1610612755,PHI,44,11,33,1155,1092,1196,69,0,14,121,163,83,0.063,0.076
2024-25,1631303,Justin Minaya,1610612757,POR,19,8,11,101,109,108,7,0,0,15,15,7,0.064,0.064
2024-25,203994,Jusuf Nurkić,1610612766,CHA,51,18,33,1063,1588,1470,115,0,10,214,286,125,0.072,0.079
2024-25,1630231,KJ Martin,1610612762,UTA,43,11,32,912,828,708,48,0,14,93,121,62,0.058,0.075
2024-25,1642354,KJ Simpson,1610612766,CHA,36,3,33,842,1378,1796,112,0,14,230,273,126,0.081,0.091
2024-25,1630539,Kai Jones,1610612742,DAL,40,20,20,468,522,352,25,0,2,49,58,27,0.048,0.052
2024-25,1626157,Karl-Anthony Towns,1610612752,NYK,72,46,26,2517,2739,2732,222,0,24,354,493,246,0.081,0.09
2024-25,1631255,Karlo Matković,1610612740,NOP,42,12,30,791,749,668,46,0,5,74,111,51,0.061,0.068
2024-25,202695,Kawhi Leonard,1610612746,LAC,37,26,11,1180,1048,1486,116,0,31,182,280,147,0.111,0.14
2024-25,1630811,Keaton Wallace,1610612737,ATL,31,15,16,501,842,1102,81,0,16,144,206,97,0.096,0.115
2024-25,1631099,Keegan Murray,1610612758,SAC,76,36,40,2610,2298,1806,109,1,33,224,266,143,0.047,0.062
2024-25,1631232,Keion Brooks Jr.,1610612740,NOP,14,2,12,332,303,276,13,0,2,23,31,15,0.043,0.05
2024-25,1642276,Kel'el Ware,1610612748,MIA,64,28,36,1422,1453,1047,60,0,7,97,141,66,0.041,0.045
2024-25,1629640,Keldon Johnson,1610612759,SAS,77,31,46,1838,1971,1870,125,1,21,258,313,147,0.063,0.075
2024-25,203482,Kelly Olynyk,1610612740,NOP,44,12,32,891,1449,1243,128,0,15,241,294,143,0.088,0.099
2024-25,1626162,Kelly Oubre Jr.,1610612755,PHI,60,21,39,2078,2085,2102,108,0,23,217,267,131,0.052,0.063
2024-25,1629026,Kenrich Williams,1610612760,OKC,69,58,11,1132,1132,959,97,0,12,174,237,109,0.086,0.096
2024-25,203484,Kentavious Caldwell-Pope,1610612763,MEM,77,38,39,2279,1965,2011,136,0,28,266,332,164,0.069,0.083
2024-25,1631165,Keon Ellis,1610612758,SAC,80,39,41,1948,2113,2144,120,0,32,265,289,152,0.057,0.072
2024-25,1630553,Keon Johnson,1610612751,BKN,79,25,54,1925,2185,2821,175,0,26,371,435,201,0.08,0.092
2024-25,1642352,Keshad Johnson,1610612748,MIA,16,10,6,98,89,69,4,0,1,7,9,5,0.045,0.056
2024-25,1630556,Kessler Edwards,1610612742,DAL,39,17,22,608,729,470,42,0,11,89,107,53,0.058,0.073
2024-25,201142,Kevin Durant,1610612756,PHX,62,33,29,2265,2346,3161,263,0,57,469,625,320,0.112,0.136
2024-25,1628989,Kevin Huerter,1610612741,CHI,69,39,30,1679,1922,1992,156,0,23,268,373,179,0.081,0.093
2024-25,1628995,Kevin Knox II,1610612744,GSW,14,11,3,84,85,85,5,0,1,12,14,6,0.059,0.071
2024-25,201567,Kevin Love,1610612748,MIA,23,13,10,251,419,328,22,0,5,46,49,27,0.053,0.064
2024-25,1641755,Kevin McCullar Jr.,1610612752,NYK,4,4,0,29,39,34,2,0,1,9,5,3,0.051,0.077
2024-25,1629645,Kevin Porter Jr.,1610612749,MIL,75,43,32,1482,2149,2914,256,1,46,433,627,303,0.119,0.141
2024-25,1626172,Kevon Looney,1610612744,GSW,76,45,31,1142,1794,1370,118,0,18,256,299,136,0.066,0.076
2024-25,1641718,Keyonte George,1610612762,UTA,67,13,54,2108,3620,4861,377,0,47,693,910,424,0.104,0.117
2024-25,203114,Khris Middleton,1610612764,WAS,37,18,19,843,1093,1296,150,0,20,356,359,170,0.137,0.156
2024-25,1630165,Killian Hayes,1610612751,BKN,6,1,5,162,288,346,31,0,7,55,75,38,0.108,0.132
2024-25,202691,Klay Thompson,1610612742,DAL,72,33,39,1965,1240,1857,145,0,23,254,339,168,0.117,0.135
2024-25,1641738,Kobe Brown,1610612746,LAC,39,25,14,272,311,252,24,0,1,38,54,25,0.077,0.08
2024-25,1641723,Kobe Bufkin,1610612737,ATL,10,6,4,124,199,273,17,0,5,27,37,22,0.085,0.111
2024-25,1627739,Kris Dunn,1610612746,LAC,74,45,29,1783,2665,2597,210,2,32,354,518,244,0.079,0.092
2024-25,1631200,Kris Murray,1610612757,POR,69,31,38,1040,724,681,68,0,9,122,167,77,0.094,0.106
2024-25,204001,Kristaps Porziņģis,1610612738,BOS,42,30,12,1210,987,1270,87,0,17,163,230,104,0.088,0.105
2024-25,203937,Kyle Anderson,1610612748,MIA,60,30,30,1002,1633,1541,145,0,23,309,359,168,0.089,0.103
2024-25,1642271,Kyle Filipowski,1610612762,UTA,72,13,59,1522,1819,1428,140,1,12,239,339,153,0.077,0.084
2024-25,1628398,Kyle Kuzma,1610612749,MIL,65,25,40,1936,1751,2024,152,0,16,318,382,168,0.087,0.096
2024-25,200768,Kyle Lowry,1610612755,PHI,35,14,21,659,1069,1059,96,0,13,182,232,109,0.09,0.102
2024-25,1630283,Kylor Kelley,1610612747,LAL,11,3,8,126,169,103,5,0,2,14,11,7,0.03,0.041
2024-25,202681,Kyrie Irving,1610612742,DAL,50,28,22,1804,2224,3146,231,1,53,431,544,285,0.104,0.128
2024-25,1642273,Kyshawn George,1610612764,WAS,68,15,53,1802,2321,2128,169,0,29,345,415,198,0.073,0.085
2024-25,1630163,LaMelo Ball,1610612766,CHA,47,16,31,1505,2586,4046,346,1,68,602,837,415,0.134,0.16
2024-25,1630205,Lamar Stevens,1610612763,MEM,16,7,9,155,154,141,8,0,2,11,22,10,0.052,0.065
2024-25,1629013,Landry Shamet,1610612752,NYK,50,30,20,762,525,591,27,0,9,53,63,36,0.051,0.069
2024-25,1626204,Larry Nance Jr.,1610612737,ATL,24,10,14,463,470,452,38,0,0,64,95,38,0.081,0.081
2024-25,1628374,Lauri Markkanen,1610612762,UTA,47,9,38,1476,1300,1428,70,0,8,163,179,78,0.054,0.06
2024-25,2544,LeBron James,1610612747,LAL,70,44,26,2444,3976,5268,575,0,86,1019,1349,661,0.145,0.166
2024-25,1631159,Leonard Miller,1610612750,MIN,13,11,2,32,37,29,0,0,0,1,0,0,0,0
2024-25,1631311,Lester Quiñones,1610612740,NOP,13,3,10,183,213,319,24,0,4,36,54,28,0.113,0.131
2024-25,1641857,Liam Robbins,1610612749,MIL,13,8,5,57,50,48,2,0,0,9,6,2,0.04,0.04
2024-25,1630322,Lindy Waters III,1610612765,DET,52,27,25,778,853,926,52,0,13,104,129,65,0.061,0.076
2024-25,1629022,Lonnie Walker IV,1610612755,PHI,20,3,17,477,531,763,50,0,11,89,118,61,0.094,0.115
2024-25,1628366,Lonzo Ball,1610612741,CHI,35,16,19,777,1143,1306,115,0,22,208,281,137,0.101,0.12
2024-25,1629652,Luguentz Dort,1610612760,OKC,71,57,14,2073,1378,1506,115,0,20,198,273,135,0.083,0.098
2024-25,1629029,Luka Dončić,1610612747,LAL,50,31,19,1769,2511,3363,383,0,52,648,927,435,0.153,0.173
2024-25,1630568,Luka Garza,1610612750,MIN,38,27,11,219,259,236,11,0,2,15,28,13,0.042,0.05
2024-25,1628379,Luke Kennard,1610612763,MEM,65,37,28,1472,1819,1949,215,0,34,361,513,249,0.118,0.137
2024-25,1628436,Luke Kornet,1610612738,BOS,72,53,19,1361,1118,870,117,0,14,199,309,131,0.105,0.117
2024-25,1631247,Luke Travers,1610612739,CLE,12,10,2,88,113,91,8,0,2,16,20,10,0.071,0.088
2024-25,1630644,Mac McClung,1610612753,ORL,2,1,1,10,20,22,3,0,1,5,8,4,0.15,0.2
2024-25,1630201,Malachi Flynn,1610612759,SAS,4,2,2,44,87,95,7,0,4,15,16,11,0.08,0.126
2024-25,1631103,Malaki Branham,1610612759,SAS,47,18,29,427,412,545,38,0,3,59,90,41,0.092,0.1
2024-25,1627763,Malcolm Brogdon,1610612764,WAS,24,6,18,564,869,1162,98,1,14,203,241,113,0.113,0.13
2024-25,1642502,Malevy Leons,1610612760,OKC,6,6,0,21,13,15,1,0,0,1,2,1,0.077,0.077
2024-25,1627736,Malik Beasley,1610612765,DET,82,44,38,2283,1719,2455,139,1,25,230,332,164,0.081,0.095
2024-25,1628370,Malik Monk,1610612758,SAC,65,36,29,2054,2843,3992,362,0,54,655,842,416,0.127,0.146
2024-25,1630699,MarJon Beauchamp,1610612752,NYK,35,19,16,156,143,172,11,0,0,28,26,11,0.077,0.077
2024-25,1630542,Marcus Bagley,1610612755,PHI,10,1,9,253,212,125,10,0,1,16,23,11,0.047,0.052
2024-25,1630585,Marcus Garrett,1610612766,CHA,4,1,3,79,130,151,13,0,2,20,30,15,0.1,0.115
2024-25,1631204,Marcus Sasser,1610612765,DET,57,30,27,811,1302,1834,133,0,24,261,327,157,0.102,0.121
2024-25,203935,Marcus Smart,1610612764,WAS,34,17,17,680,807,1066,109,0,9,195,262,118,0.135,0.146
2024-25,1631109,Mark Williams,1610612766,CHA,44,9,35,1171,1128,1228,109,0,5,161,277,114,0.097,0.101
2024-25,1628365,Markelle Fultz,1610612758,SAC,21,9,12,184,265,357,27,0,7,55,70,34,0.102,0.128
2024-25,202693,Markieff Morris,1610612747,LAL,15,7,8,164,150,175,21,0,0,24,51,21,0.14,0.14
2024-25,1628963,Marvin Bagley III,1610612763,MEM,31,7,24,265,234,209,11,0,0,25,27,11,0.047,0.047
2024-25,1630222,Mason Jones,1610612758,SAC,10,4,6,45,69,78,11,0,0,13,26,11,0.159,0.159
2024-25,203486,Mason Plumlee,1610612756,PHX,74,33,41,1300,1757,1043,134,0,35,190,317,169,0.076,0.096
2024-25,1641824,Matas Buzelis,1610612741,CHI,80,39,41,1511,1328,1301,79,1,20,152,197,100,0.059,0.075
2024-25,1629680,Matisse Thybulle,1610612757,POR,15,8,7,312,333,271,28,0,1,48,69,29,0.084,0.087
2024-25,1630346,Matt Ryan,1610612740,NOP,19,14,5,68,61,72,3,0,0,9,7,3,0.049,0.049
2024-25,1631108,Max Christie,1610612742,DAL,78,40,38,2127,1979,2205,146,0,37,264,360,183,0.074,0.092
2024-25,1629622,Max Strus,1610612739,CLE,50,39,11,1273,1624,1451,158,0,29,247,365,187,0.097,0.115
2024-25,1628467,Maxi Kleber,1610612747,LAL,34,18,16,637,603,476,43,2,3,83,112,48,0.071,0.08
2024-25,1641721,Maxwell Lewis,1610612751,BKN,28,9,19,328,255,283,19,0,2,45,53,21,0.075,0.082
2024-25,1630695,Micah Potter,1610612762,UTA,38,10,28,705,701,425,31,0,3,72,78,34,0.044,0.049
2024-25,1629008,Michael Porter Jr.,1610612743,DEN,77,47,30,2593,2355,2438,165,0,42,289,384,207,0.07,0.088
2024-25,1628969,Mikal Bridges,1610612752,NYK,82,51,31,3036,3017,3674,306,1,67,526,746,374,0.101,0.124
2024-25,201144,Mike Conley,1610612750,MIN,71,44,27,1756,2970,3650,319,0,60,507,760,379,0.107,0.128
2024-25,1628970,Miles Bridges,1610612766,CHA,64,16,48,2029,2686,3014,248,4,45,470,595,297,0.092,0.111
2024-25,1630540,Miles McBride,1610612752,NYK,64,39,25,1593,1841,2195,187,0,30,312,466,217,0.102,0.118
2024-25,1641936,Miles Norris,1610612738,BOS,3,2,1,35,30,17,0,0,0,1,0,0,0,0
2024-25,1629011,Mitchell Robinson,1610612752,NYK,17,10,7,290,284,176,13,0,4,21,32,17,0.046,0.06
2024-25,1628964,Mo Bamba,1610612740,NOP,32,19,13,413,483,328,18,0,4,30,44,22,0.037,0.046
2024-25,1628420,Monte Morris,1610612756,PHX,45,21,24,571,902,1130,73,2,14,141,171,89,0.081,0.099
2024-25,1629021,Moritz Wagner,1610612753,ORL,30,18,12,564,630,679,42,0,1,72,100,43,0.067,0.068
2024-25,1629650,Moses Brown,1610612742,DAL,13,5,8,119,115,80,2,0,0,3,5,2,0.017,0.017
2024-25,1630541,Moses Moody,1610612744,GSW,74,45,29,1649,1316,1699,96,0,13,195,241,109,0.073,0.083
2024-25,1631243,Mouhamed Gueye,1610612737,ATL,33,15,18,533,445,373,27,0,8,44,65,35,0.061,0.079
2024-25,1631217,Moussa Diabaté,1610612766,CHA,71,15,56,1241,1035,935,56,1,17,139,144,74,0.054,0.071
2024-25,1626167,Myles Turner,1610612754,IND,72,44,28,2174,1944,2190,111,0,17,168,251,128,0.057,0.066
2024-25,1642368,N'Faly Dante,1610612745,HOU,4,0,4,51,48,28,2,0,1,1,5,3,0.042,0.063
2024-25,1641772,Nae'Qwan Tomlin,1610612739,CLE,5,4,1,63,53,62,2,0,0,6,6,2,0.038,0.038
2024-25,1630230,Naji Marshall,1610612742,DAL,69,32,37,1919,2281,2692,208,0,23,361,502,231,0.091,0.101
2024-25,1631466,Nate Williams,1610612745,HOU,20,14,6,147,97,136,9,0,1,21,24,10,0.093,0.103
2024-25,1629675,Naz Reid,1610612750,MIN,80,47,33,2200,2724,2555,181,1,28,294,460,210,0.066,0.077
2024-25,1629674,Neemias Queta,1610612738,BOS,61,46,15,863,649,552,45,0,8,84,120,53,0.069,0.082
2024-25,1629651,Nic Claxton,1610612751,BKN,70,20,50,1882,2617,2266,157,0,15,235,380,172,0.06,0.066
2024-25,1630208,Nick Richards,1610612756,PHX,57,17,40,1256,1300,999,49,0,19,95,120,68,0.038,0.052
2024-25,1641733,Nick Smith Jr.,1610612766,CHA,60,14,46,1369,1966,2237,145,0,36,287,348,181,0.074,0.092
2024-25,1629638,Nickeil Alexander-Walker,1610612750,MIN,82,49,33,2073,2832,3280,223,1,44,402,536,268,0.079,0.095
2024-25,201587,Nicolas Batum,1610612746,LAC,78,47,31,1367,1511,979,84,1,7,134,203,92,0.056,0.061
2024-25,203999,Nikola Jokić,1610612743,DEN,70,46,24,2571,5443,5567,716,2,88,1122,1671,806,0.132,0.148
2024-25,1631107,Nikola Jović,1610612748,MIA,46,21,25,1156,1445,1474,131,0,12,249,316,143,0.091,0.099
2024-25,202696,Nikola Vučević,1610612741,CHI,73,34,39,2278,3549,3646,256,0,36,462,648,292,0.072,0.082
2024-25,1641730,Noah Clowney,1610612751,BKN,46,11,35,1042,1126,1104,40,0,9,88,103,49,0.036,0.044
2024-25,1626181,Norman Powell,1610612746,LAC,60,39,21,1958,1314,2195,125,1,25,208,294,151,0.095,0.115
2024-25,1628384,OG Anunoby,1610612752,NYK,74,45,29,2706,2058,2279,164,0,37,271,392,201,0.08,0.098
2024-25,1630167,Obi Toppin,1610612754,IND,79,48,31,1545,2109,1817,128,0,21,184,296,149,0.061,0.071
2024-25,1630534,Ochai Agbaji,1610612761,TOR,64,19,45,1739,1632,1608,98,2,17,208,242,117,0.06,0.072
2024-25,1641765,Olivier-Maxence Prosper,1610612742,DAL,52,27,25,584,583,503,40,0,10,79,100,50,0.069,0.086
2024-25,1630168,Onyeka Okongwu,1610612737,ATL,74,35,39,2064,2120,1933,168,0,23,264,402,191,0.079,0.09
2024-25,1631115,Orlando Robinson,1610612761,TOR,44,23,21,770,1009,864,77,0,8,143,190,85,0.076,0.084
2024-25,1631131,Oscar Tshiebwe,1610612762,UTA,14,3,11,255,237,173,9,0,1,25,23,10,0.038,0.042
2024-25,1629052,Oshae Brissett,1610612755,PHI,6,1,5,142,171,110,4,0,0,7,11,4,0.023,0.023
2024-25,1642345,Oso Ighodaro,1610612756,PHX,61,25,36,1046,1193,958,71,0,17,154,166,88,0.06,0.074
2024-25,1631172,Ousmane Dieng,1610612760,OKC,37,30,7,405,452,401,31,0,12,66,77,43,0.069,0.095
2024-25,200782,P.J. Tucker,1610612752,NYK,3,1,2,58,42,28,0,0,0,4,0,0,0,0
2024-25,1629023,P.J. Washington,1610612742,DAL,57,31,26,1835,2134,1939,131,0,28,226,320,159,0.061,0.075
2024-25,1628408,PJ Dozier,1610612750,MIN,9,7,2,35,56,47,5,0,0,6,10,5,0.089,0.089
2024-25,1641790,PJ Hall,1610612743,DEN,19,12,7,66,81,60,4,0,0,4,11,4,0.049,0.049
2024-25,1642359,Pacôme Dadiet,1610612752,NYK,18,14,4,111,109,88,5,0,0,5,11,5,0.046,0.046
2024-25,1631094,Paolo Banchero,1610612753,ORL,46,21,25,1582,2209,2894,219,0,39,436,535,258,0.099,0.117
2024-25,1627783,Pascal Siakam,1610612754,IND,78,47,31,2548,2865,3320,263,0,48,419,635,311,0.092,0.109
2024-25,1626192,Pat Connaughton,1610612749,MIL,41,19,22,603,828,745,70,0,12,141,171,82,0.085,0.099
2024-25,1630311,Pat Spencer,1610612744,GSW,39,24,15,250,497,587,48,0,5,83,113,53,0.097,0.107
2024-25,1631116,Patrick Baldwin Jr.,1610612746,LAC,24,3,21,107,111,72,3,0,1,11,6,4,0.027,0.036
2024-25,1630172,Patrick Williams,1610612741,CHI,63,31,32,1576,1678,1558,124,0,10,220,310,134,0.074,0.08
2024-25,201988,Patty Mills,1610612746,LAC,29,12,17,321,432,541,26,0,1,65,64,27,0.06,0.063
2024-25,202331,Paul George,1610612755,PHI,41,15,26,1334,1840,2005,178,0,33,326,435,211,0.097,0.115
2024-25,1630194,Paul Reed,1610612765,DET,45,22,23,438,481,390,44,0,7,63,102,51,0.091,0.106
2024-25,1630202,Payton Pritchard,1610612738,BOS,80,59,21,2271,3037,4077,279,1,55,581,692,335,0.092,0.11
2024-25,1641796,Pelle Larsson,1610612748,MIA,54,23,31,782,721,731,65,0,7,123,164,72,0.09,0.1
2024-25,1631250,Pete Nance,1610612749,MIL,13,8,5,138,199,158,10,0,1,11,24,11,0.05,0.055
2024-25,1631212,Peyton Watson,1610612743,DEN,68,40,28,1656,1586,1511,94,0,18,158,218,112,0.059,0.071
2024-25,1630762,Phillip Wheeler,1610612755,PHI,5,0,5,44,20,30,2,0,0,1,4,2,0.1,0.1
2024-25,1630173,Precious Achiuwa,1610612752,NYK,57,36,21,1170,1149,879,55,0,11,100,130,66,0.048,0.057
2024-25,1629656,Quentin Grimes,1610612755,PHI,75,29,46,2013,2300,3003,228,1,27,403,558,256,0.099,0.111
2024-25,1631245,Quenton Jackson,1610612754,IND,28,14,14,381,560,629,53,0,6,94,122,59,0.095,0.105
2024-25,1642439,Quincy Olivari,1610612747,LAL,2,1,1,10,13,23,1,0,0,2,2,1,0.077,0.077
2024-25,1642366,Quinten Post,1610612744,GSW,42,26,16,686,932,877,56,0,9,102,143,65,0.06,0.07
2024-25,1629628,RJ Barrett,1610612761,TOR,58,23,35,1869,2665,3314,314,0,39,631,740,353,0.118,0.132
2024-25,1642484,RayJ Dennis,1610612754,IND,11,7,4,70,118,153,14,0,4,22,30,18,0.119,0.153
2024-25,1641712,Rayan Rupert,1610612757,POR,52,23,29,460,542,510,25,0,3,68,60,28,0.046,0.052
2024-25,1641736,Reece Beekman,1610612751,BKN,36,13,23,469,751,822,63,0,7,130,157,70,0.084,0.093
2024-25,1642263,Reed Sheppard,1610612745,HOU,52,30,22,654,820,879,75,0,6,128,184,81,0.091,0.099
2024-25,202704,Reggie Jackson,1610612755,PHI,31,11,20,384,602,748,45,0,7,93,111,52,0.075,0.086
2024-25,1626158,Richaun Holmes,1610612764,WAS,31,9,22,534,561,447,42,0,2,50,105,44,0.075,0.078
2024-25,1641741,Ricky Council IV,1610612755,PHI,73,16,57,1250,1166,1346,97,0,10,168,239,107,0.083,0.092
2024-25,1642434,Riley Minix,1610612759,SAS,1,0,1,7,7,4,0,0,0,1,0,0,0,0
2024-25,1642265,Rob Dillingham,1610612750,MIN,49,30,19,516,776,1098,98,0,10,182,235,108,0.126,0.139
2024-25,1629057,Robert Williams III,1610612757,POR,20,7,13,351,381,300,21,0,2,34,52,23,0.055,0.06
2024-25,1631199,Ron Harper Jr.,1610612765,DET,1,0,1,17,19,12,2,0,0,6,6,2,0.105,0.105
2024-25,1641842,Ronald Holland II,1610612765,DET,81,44,37,1266,1241,1125,82,1,15,160,210,98,0.066,0.079
2024-25,1626220,Royce O'Neale,1610612756,PHX,75,33,42,1837,2597,2092,163,0,30,302,406,193,0.063,0.074
2024-25,203497,Rudy Gobert,1610612750,MIN,72,43,29,2388,2456,1639,127,0,14,217,327,141,0.052,0.057
2024-25,1629060,Rui Hachimura,1610612747,LAL,59,37,22,1869,1482,1471,83,0,19,148,219,102,0.056,0.069
2024-25,201566,Russell Westbrook,1610612743,DEN,75,43,32,2092,3120,4059,457,0,58,762,1013,515,0.146,0.165
2024-25,1642346,Ryan Dunn,1610612756,PHX,73,32,41,1410,1223,1105,57,0,22,139,146,79,0.047,0.065
2024-25,1631157,Ryan Rollins,1610612749,MIL,55,29,26,819,1207,1600,104,1,16,184,245,121,0.086,0.1
2024-25,1630573,Sam Hauser,1610612738,BOS,71,52,19,1541,1327,1168,64,0,14,141,164,78,0.048,0.059
2024-25,1630241,Sam Merrill,1610612739,CLE,71,54,17,1401,1142,1310,108,0,25,195,265,133,0.095,0.116
2024-25,1630572,Sandro Mamukelashvili,1610612759,SAS,61,23,38,681,823,709,48,0,8,102,119,56,0.058,0.068
2024-25,1630583,Santi Aldama,1610612763,MEM,65,38,27,1660,2160,1883,188,1,35,282,463,224,0.087,0.104
2024-25,1630703,Scoot Henderson,1610612757,POR,66,30,36,1759,2896,3959,335,2,45,642,809,382,0.116,0.132
2024-25,1630567,Scottie Barnes,1610612761,TOR,65,26,39,2134,3520,4060,378,0,47,806,876,425,0.107,0.121
2024-25,1630590,Scotty Pippen Jr.,1610612763,MEM,79,46,33,1683,2720,3342,347,0,32,615,842,379,0.128,0.139
2024-25,203552,Seth Curry,1610612766,CHA,67,16,51,1062,1063,1136,60,0,19,140,149,79,0.056,0.074
2024-25,1631101,Shaedon Sharpe,1610612757,POR,72,32,40,2252,2318,3101,198,0,40,382,495,238,0.085,0.103
2024-25,1628983,Shai Gilgeous-Alexander,1610612760,OKC,76,63,13,2598,3147,5704,486,2,96,927,1235,584,0.154,0.186
2024-25,1629003,Shake Milton,1610612747,LAL,57,29,28,836,1146,1443,102,0,22,194,253,124,0.089,0.108
2024-25,1631321,Sidy Cissoko,1610612757,POR,22,11,11,114,127,167,15,0,3,31,38,18,0.118,0.142
2024-25,1631323,Simone Fontecchio,1610612765,DET,75,38,37,1237,1227,994,65,0,11,130,166,75,0.053,0.061
2024-25,1627746,Skal Labissiere,1610612758,SAC,3,2,1,12,5,6,1,0,0,1,3,1,0.2,0.2
2024-25,203915,Spencer Dinwiddie,1610612742,DAL,79,37,42,2136,2745,3816,349,0,43,587,838,392,0.127,0.143
2024-25,1642461,Spencer Jones,1610612743,DEN,19,12,7,124,76,77,5,0,0,9,13,5,0.066,0.066
2024-25,1630649,Stanley Umude,1610612749,MIL,22,15,7,86,69,75,4,0,1,11,8,5,0.058,0.072
2024-25,201939,Stephen Curry,1610612744,GSW,70,41,29,2252,3042,4829,421,0,136,749,975,557,0.138,0.183
2024-25,1642264,Stephon Castle,1610612759,SAS,81,33,48,2162,3009,4249,332,1,66,639,816,399,0.11,0.133
2024-25,203500,Steven Adams,1610612745,HOU,56,36,20,794,918,593,66,0,11,104,154,77,0.072,0.084
2024-25,1629004,Svi Mykhailiuk,1610612762,UTA,38,6,32,760,790,909,76,0,12,139,185,89,0.096,0.113
2024-25,204456,T.J. McConnell,1610612754,IND,79,49,30,1415,2975,3837,351,0,60,578,856,411,0.118,0.138
2024-25,201959,Taj Gibson,1610612766,CHA,37,10,27,409,293,293,21,0,0,44,52,21,0.072,0.072
2024-25,1629659,Talen Horton-Tucker,1610612741,CHI,58,26,32,724,850,1056,83,0,29,156,206,112,0.098,0.132
2024-25,1631106,Tari Eason,1610612745,HOU,57,36,21,1420,1357,1172,83,1,18,167,203,102,0.061,0.075
2024-25,1627752,Taurean Prince,1610612749,MIL,80,46,34,2166,1830,1819,155,1,18,316,365,174,0.085,0.095
2024-25,1641707,Taylor Hendricks,1610612762,UTA,3,0,3,75,57,44,2,0,0,3,4,2,0.035,0.035
2024-25,1631386,Taze Moore,1610612757,POR,2,0,2,20,48,40,1,0,0,10,3,1,0.021,0.021
2024-25,1629611,Terance Mann,1610612737,ATL,67,37,30,1414,1318,1338,121,0,13,207,289,134,0.092,0.102
2024-25,1629056,Terence Davis,1610612758,SAC,1,1,0,8,9,10,1,0,0,1,2,1,0.111,0.111
2024-25,1630545,Terrence Shannon Jr,1610612750,MIN,32,21,11,339,222,279,32,0,4,54,77,36,0.144,0.162
2024-25,1626179,Terry Rozier,1610612748,MIA,64,27,37,1658,2241,2897,167,1,35,335,413,203,0.075,0.091
2024-25,1630678,Terry Taylor,1610612758,SAC,3,1,2,6,7,3,2,0,0,1,5,2,0.286,0.286
2024-25,1628418,Thomas Bryant,1610612754,IND,66,44,22,963,1049,947,53,0,8,81,118,61,0.051,0.058
2024-25,1642275,Tidjane Salaün,1610612766,CHA,60,12,48,1244,1431,1084,74,1,7,136,181,82,0.052,0.057
2024-25,203501,Tim Hardaway Jr.,1610612765,DET,77,41,36,2153,1513,1752,123,0,14,195,292,137,0.081,0.091
2024-25,202699,Tobias Harris,1610612765,DET,73,40,33,2305,2301,2273,162,0,31,279,396,193,0.07,0.084
2024-25,1642449,Tolu Smith,1610612765,DET,1,0,1,22,21,22,0,0,1,0,0,1,0,0.048
2024-25,1628396,Tony Bradley,1610612754,IND,13,10,3,113,79,82,6,0,2,8,15,8,0.076,0.101
2024-25,1628470,Torrey Craig,1610612738,BOS,26,16,10,314,312,254,17,0,2,40,44,19,0.054,0.061
2024-25,1641787,Tosan Evbuomwan,1610612751,BKN,28,8,20,665,649,678,55,0,14,108,137,69,0.085,0.106
2024-25,1641739,Toumani Camara,1610612757,POR,78,33,45,2548,2527,2133,175,1,20,351,440,196,0.069,0.078
2024-25,1629027,Trae Young,1610612737,ATL,76,36,40,2739,4630,7781,880,3,138,1532,2036,1021,0.19,0.221
2024-25,1631218,Trayce Jackson-Davis,1610612744,GSW,62,33,29,967,1491,1284,104,0,15,242,269,119,0.07,0.08
2024-25,1630200,Tre Jones,1610612741,CHI,46,21,25,905,1529,1966,192,2,29,354,489,223,0.126,0.146
2024-25,1630544,Tre Mann,1610612766,CHA,13,6,7,319,454,605,39,0,8,77,102,47,0.086,0.104
2024-25,1630570,Trendon Watford,1610612751,BKN,43,16,27,913,1489,1635,115,0,23,251,297,138,0.077,0.093
2024-25,1642280,Trentyn Flowers,1610612746,LAC,6,4,2,27,8,16,0,0,0,1,0,0,0,0
2024-25,1630243,Trevelin Queen,1610612753,ORL,30,14,16,430,368,462,38,0,4,73,92,42,0.103,0.114
2024-25,1641725,Trey Alexander,1610612743,DEN,23,14,9,117,149,189,11,0,3,30,29,14,0.074,0.094
2024-25,1641998,Trey Jemison III,1610612747,LAL,38,17,21,392,392,297,16,0,3,35,39,19,0.041,0.048
2024-25,1626168,Trey Lyles,1610612758,SAC,69,34,35,1350,1563,1199,82,0,11,147,200,93,0.052,0.06
2024-25,1630530,Trey Murphy III,1610612740,NOP,53,14,39,1854,1968,2509,188,0,26,322,449,214,0.096,0.109
2024-25,202684,Tristan Thompson,1610612739,CLE,40,31,9,328,460,373,24,0,3,48,61,27,0.052,0.059
2024-25,1641774,Tristan Vukcevic,1610612764,WAS,35,7,28,513,549,645,39,0,6,57,90,45,0.071,0.082
2024-25,1641783,Tristan da Silva,1610612753,ORL,74,35,39,1629,1473,1431,113,0,21,234,268,134,0.077,0.091
2024-25,1641803,Tristen Newton,1610612750,MIN,8,2,6,16,27,29,2,0,0,8,5,2,0.074,0.074
2024-25,1629660,Ty Jerome,1610612739,CLE,70,55,15,1392,2007,2675,237,1,38,479,577,276,0.118,0.138
2024-25,1631102,TyTy Washington Jr.,1610612756,PHX,16,4,12,118,173,200,16,0,1,31,36,17,0.092,0.098
2024-25,1629639,Tyler Herro,1610612748,MIA,77,37,40,2725,3636,5057,424,2,83,808,1048,509,0.117,0.14
2024-25,1642278,Tyler Kolek,1610612752,NYK,41,27,14,296,530,712,70,0,9,109,176,79,0.132,0.149
2024-25,1641890,Tyler Smith,1610612749,MIL,23,12,11,122,124,105,4,0,2,4,9,6,0.032,0.048
2024-25,1630169,Tyrese Haliburton,1610612754,IND,73,46,27,2450,5403,6547,673,2,111,1148,1616,786,0.125,0.145
2024-25,1631213,Tyrese Martin,1610612751,BKN,60,16,44,1315,1730,1833,122,0,15,246,302,137,0.071,0.079
2024-25,1630178,Tyrese Maxey,1610612755,PHI,52,20,32,1960,3152,4624,317,0,61,577,791,378,0.101,0.12
2024-25,1630623,Tyson Etienne,1610612751,BKN,7,1,6,151,187,265,12,0,1,30,33,13,0.064,0.07
2024-25,1626145,Tyus Jones,1610612756,PHX,81,36,45,2174,4016,5230,429,2,70,722,1077,501,0.107,0.125
2024-25,1642279,Ulrich Chomche,1610612761,TOR,7,3,4,32,29,20,2,0,0,3,5,2,0.069,0.069
2024-25,203995,Vasilije Micic,1610612756,PHX,41,8,33,785,1425,1766,128,1,28,276,297,157,0.09,0.11
2024-25,1641705,Victor Wembanyama,1610612759,SAS,46,21,25,1527,1631,2025,168,0,29,299,387,197,0.103,0.121
2024-25,1631246,Vince Williams Jr.,1610612763,MEM,27,10,17,499,669,657,55,0,11,105,131,66,0.082,0.099
2024-25,1628427,Vlatko Cancar,1610612743,DEN,13,2,11,136,166,157,9,0,3,25,22,12,0.054,0.072
2024-25,1630249,Vít Krejčí,1610612737,ATL,57,28,29,1153,1421,1543,147,0,25,246,358,172,0.103,0.121
2024-25,1631117,Walker Kessler,1610612762,UTA,58,14,44,1740,1703,1151,97,0,14,181,243,111,0.057,0.065
2024-25,1628976,Wendell Carter Jr.,1610612753,ORL,68,31,37,1758,1793,1556,134,0,26,228,317,160,0.075,0.089
2024-25,1631111,Wendell Moore Jr.,1610612766,CHA,36,11,25,499,581,524,42,0,7,81,106,49,0.072,0.084
2024-25,1630214,Xavier Tillman,1610612738,BOS,32,25,7,231,222,194,7,0,4,25,20,11,0.032,0.05
2024-25,1642530,Yuki Kawamura,1610612763,MEM,21,16,5,92,101,149,19,0,2,25,46,21,0.188,0.208
2024-25,1641879,Yuri Collins,1610612744,GSW,2,2,0,16,42,43,4,0,0,10,9,4,0.095,0.095
2024-25,1642274,Yves Missi,1610612740,NOP,73,19,54,1956,1840,1493,99,0,16,151,241,116,0.054,0.063
2024-25,1642258,Zaccharie Risacher,1610612737,ATL,75,38,37,1843,1467,1652,92,0,26,188,233,118,0.063,0.08
2024-25,1628380,Zach Collins,1610612741,CHI,64,34,30,977,1317,1187,111,0,11,161,259,122,0.084,0.093
2024-25,1641744,Zach Edey,1610612763,MEM,66,35,31,1416,1245,867,65,0,10,112,165,75,0.052,0.06
2024-25,203897,Zach LaVine,1610612758,SAC,74,32,42,2603,2841,4132,310,0,63,583,740,373,0.109,0.131
2024-25,1630192,Zeke Nnaji,1610612743,DEN,57,36,21,608,379,367,23,1,3,37,58,27,0.061,0.071
2024-25,1630533,Ziaire Williams,1610612751,BKN,63,22,41,1541,1444,1422,84,0,13,159,198,97,0.058,0.067
2024-25,1629627,Zion Williamson,1610612740,NOP,30,10,20,857,1240,1668,159,0,15,315,406,174,0.128,0.14
2024-25,1642389,Zyon Pullin,1610612763,MEM,3,1,2,3,2,5,0,0,0,1,0,0,0,0
