SEASON,PLAYER_ID,PLAYER_NAME,TEAM_ID,TEAM_ABBREVIATION,GP,W,L,MIN,PULL_UP_FGM,PULL_UP_FGA,PULL_UP_FG_PCT,PULL_UP_PTS,PULL_UP_FG3M,PULL_UP_FG3A,PULL_UP_FG3_PCT,PULL_UP_EFG_PCT
2015-16,201166,Aaron Brooks,1610612741,CHI,69,36,33,1108,66,202,0.327,162,30,101,0.297,0.401
2015-16,203932,Aaron Gordon,1610612753,ORL,78,32,46,1863,33,95,0.347,68,2,11,0.182,0.358
2015-16,1626151,Aaron Harrison,1610612766,CHA,21,15,6,93,0,1,0,0,0,0,,0
2015-16,203940,Adreian Payne,1610612750,MIN,52,18,34,486,7,29,0.241,16,2,6,0.333,0.276
2015-16,201143,Al Horford,1610612737,ATL,82,48,34,2631,10,30,0.333,20,0,2,0,0.333
2015-16,2744,Al Jefferson,1610612766,CHA,47,33,14,1096,15,42,0.357,30,,,,0.357
2015-16,202329,Al-Farouq Aminu,1610612757,POR,82,44,38,2341,39,104,0.375,86,8,21,0.381,0.413
2015-16,101187,Alan Anderson,1610612764,WAS,13,8,5,192,3,10,0.3,7,1,3,0.333,0.35
2015-16,1626210,Alan Williams,1610612756,PHX,10,3,7,68,0,0,,0,,,,
2015-16,202692,Alec Burks,1610612762,UTA,31,13,18,797,49,137,0.358,111,13,32,0.406,0.405
2015-16,203458,Alex Len,1610612756,PHX,78,23,55,1821,7,32,0.219,14,0,1,0,0.219
2015-16,1627293,Alex Stepheson,1610612763,MEM,8,2,6,72,0,2,0,0,,,,0
2015-16,201582,Alexis Ajinca,1610612740,NOP,59,20,39,861,10,21,0.476,20,0,0,,0.476
2015-16,203459,Allen Crabbe,1610612757,POR,81,43,38,2105,95,221,0.43,194,4,21,0.19,0.439
2015-16,202087,Alonzo Gee,1610612740,NOP,73,27,46,1632,4,23,0.174,9,1,5,0.2,0.196
2015-16,2405,Amar'e Stoudemire,1610612748,MIA,52,30,22,762,4,7,0.571,8,,,,0.571
2015-16,101161,Amir Johnson,1610612738,BOS,79,45,34,1800,4,10,0.4,9,1,4,0.25,0.45
2015-16,2760,Anderson Varejao,1610612744,GSW,53,41,12,496,2,9,0.222,4,0,0,,0.222
2015-16,203083,Andre Drummond,1610612765,DET,81,43,38,2665,15,44,0.341,31,1,4,0.25,0.352
2015-16,2738,Andre Iguodala,1610612744,GSW,65,59,6,1732,31,94,0.33,68,6,31,0.194,0.362
2015-16,1889,Andre Miller,1610612759,SAS,39,20,19,461,14,32,0.438,28,0,4,0,0.438
2015-16,203460,Andre Roberson,1610612760,OKC,70,48,22,1553,0,7,0,0,0,3,0,0
2015-16,200745,Andrea Bargnani,1610612751,BKN,46,11,35,634,26,46,0.565,52,0,0,,0.565
2015-16,101106,Andrew Bogut,1610612744,GSW,70,62,8,1451,4,14,0.286,9,1,1,1,0.321
2015-16,202726,Andrew Goudelock,1610612745,HOU,8,5,3,50,7,13,0.538,15,1,6,0.167,0.577
2015-16,203094,Andrew Nicholson,1610612753,ORL,56,22,34,823,10,22,0.455,21,1,3,0.333,0.477
2015-16,203952,Andrew Wiggins,1610612750,MIN,81,29,52,2845,160,457,0.35,332,12,54,0.222,0.363
2015-16,203461,Anthony Bennett,1610612761,TOR,19,12,7,84,0,4,0,0,0,1,0,0
2015-16,1626148,Anthony Brown,1610612747,LAL,29,4,25,599,10,26,0.385,21,1,5,0.2,0.404
2015-16,203076,Anthony Davis,1610612740,NOP,61,24,37,2164,83,219,0.379,168,2,7,0.286,0.384
2015-16,201627,Anthony Morrow,1610612760,OKC,68,46,22,926,36,86,0.419,79,7,19,0.368,0.459
2015-16,201229,Anthony Tolliver,1610612765,DET,72,36,36,1341,1,9,0.111,2,0,4,0,0.111
2015-16,203462,Archie Goodwin,1610612756,PHX,57,14,43,1114,19,78,0.244,44,6,36,0.167,0.282
2015-16,203382,Aron Baynes,1610612765,DET,81,43,38,1233,5,10,0.5,10,0,0,,0.5
2015-16,201167,Arron Afflalo,1610612752,NYK,71,27,44,2371,132,302,0.437,276,12,37,0.324,0.457
2015-16,203085,Austin Rivers,1610612746,LAC,67,42,25,1464,56,165,0.339,127,15,59,0.254,0.385
2015-16,202340,Avery Bradley,1610612738,BOS,76,45,31,2536,113,296,0.382,254,28,84,0.333,0.429
2015-16,1626253,Axel Toupane,1610612743,DEN,21,9,12,305,2,7,0.286,4,0,0,,0.286
2015-16,203463,Ben McLemore,1610612758,SAC,68,28,40,1443,27,72,0.375,61,7,17,0.412,0.424
2015-16,2757,Beno Udrih,1610612763,MEM,44,26,18,708,44,103,0.427,89,1,9,0.111,0.432
2015-16,202687,Bismack Biyombo,1610612761,TOR,82,56,26,1808,4,14,0.286,8,0,1,0,0.286
2015-16,201933,Blake Griffin,1610612746,LAC,35,22,13,1170,37,115,0.322,76,2,8,0.25,0.33
2015-16,1626246,Boban Marjanovic,1610612759,SAS,54,47,7,508,3,8,0.375,6,,,,0.375
2015-16,1626171,Bobby Portis Jr.,1610612741,CHI,62,29,33,1102,15,71,0.211,30,0,4,0,0.211
2015-16,202711,Bojan Bogdanovic,1610612751,BKN,79,21,58,2115,55,146,0.377,127,17,49,0.347,0.435
2015-16,2564,Boris Diaw,1610612759,SAS,76,64,12,1386,13,42,0.31,28,2,5,0.4,0.333
2015-16,203078,Bradley Beal,1610612764,WAS,55,28,27,1708,117,308,0.38,268,34,87,0.391,0.435
2015-16,201148,Brandan Wright,1610612763,MEM,12,6,6,212,0,1,0,0,,,,0
2015-16,1626183,Branden Dawson,1610612746,LAC,6,5,1,29,0,0,,0,,,,
2015-16,101138,Brandon Bass,1610612747,LAL,66,16,50,1342,6,20,0.3,12,0,2,0,0.3
2015-16,201943,Brandon Jennings,1610612753,ORL,48,20,28,868,49,159,0.308,120,22,84,0.262,0.377
2015-16,202688,Brandon Knight,1610612756,PHX,52,16,36,1870,160,442,0.362,381,61,193,0.316,0.431
2015-16,201575,Brandon Rush,1610612744,GSW,72,63,9,1055,19,52,0.365,45,7,18,0.389,0.433
2015-16,203148,Brian Roberts,1610612757,POR,51,26,25,470,37,84,0.44,79,5,16,0.313,0.47
2015-16,1627362,Briante Weber,1610612748,MIA,7,3,4,169,10,26,0.385,20,0,1,0,0.385
2015-16,201572,Brook Lopez,1610612751,BKN,73,21,52,2457,53,144,0.368,106,0,0,,0.368
2015-16,203998,Bruno Caboclo,1610612761,TOR,6,6,0,43,0,3,0,0,0,1,0,0
2015-16,203955,Bryce Cotton,1610612763,MEM,8,1,7,39,3,5,0.6,6,0,0,,0.6
2015-16,1626214,Bryce Dejean-Jones,1610612740,NOP,14,8,6,279,10,19,0.526,24,4,5,0.8,0.632
2015-16,201228,C.J. Watson,1610612753,ORL,33,14,19,656,14,52,0.269,30,2,11,0.182,0.288
2015-16,203912,C.J. Wilcox,1610612746,LAC,23,15,8,167,6,23,0.261,13,1,4,0.25,0.283
2015-16,203468,CJ McCollum,1610612757,POR,80,44,36,2780,303,674,0.45,674,68,174,0.391,0.5
2015-16,101139,CJ Miles,1610612754,IND,64,34,30,1464,59,150,0.393,140,22,67,0.328,0.467
2015-16,203946,Cameron Bairstow,1610612765,DET,18,4,14,103,0,2,0,0,0,0,,0
2015-16,1626166,Cameron Payne,1610612760,OKC,57,44,13,698,51,122,0.418,111,9,36,0.25,0.455
2015-16,201171,Carl Landry,1610612755,PHI,36,5,31,569,6,19,0.316,12,0,0,,0.316
2015-16,2546,Carmelo Anthony,1610612752,NYK,72,32,40,2530,232,565,0.411,498,34,119,0.286,0.441
2015-16,2406,Caron Butler,1610612758,SAC,17,2,15,176,10,18,0.556,20,0,0,,0.556
2015-16,202718,Chandler Parsons,1610612742,DAL,61,29,32,1799,56,128,0.438,131,19,52,0.365,0.512
2015-16,101112,Channing Frye,1610612739,CLE,70,35,35,1199,9,22,0.409,19,1,4,0.25,0.432
2015-16,101111,Charlie Villanueva,1610612742,DAL,62,29,33,665,12,27,0.444,30,6,12,0.5,0.556
2015-16,201978,Chase Budinger,1610612756,PHX,66,29,37,930,6,22,0.273,13,1,2,0.5,0.295
2015-16,2365,Chris Andersen,1610612763,MEM,27,11,16,403,2,3,0.667,5,1,2,0.5,0.833
2015-16,2547,Chris Bosh,1610612748,MIA,53,29,24,1778,53,137,0.387,108,2,7,0.286,0.394
2015-16,203142,Chris Copeland,1610612749,MIL,24,10,14,156,0,2,0,0,0,1,0,0
2015-16,203187,Chris Johnson,1610612762,UTA,70,38,32,857,11,41,0.268,25,3,12,0.25,0.305
2015-16,2549,Chris Kaman,1610612757,POR,16,11,5,112,1,3,0.333,2,0,1,0,0.333
2015-16,1626191,Chris McCullough,1610612751,BKN,24,7,17,362,4,13,0.308,8,0,0,,0.308
2015-16,101108,Chris Paul,1610612746,LAC,74,50,24,2420,320,745,0.43,715,75,225,0.333,0.48
2015-16,1626174,Christian Wood,1610612755,PHI,17,0,17,145,0,2,0,0,0,2,0,0
2015-16,101236,Chuck Hayes,1610612746,LAC,2,1,1,24,0,0,,0,,,,
2015-16,203921,Cleanthony Early,1610612752,NYK,17,6,11,154,1,6,0.167,2,0,1,0,0.167
2015-16,1626146,Cliff Alexander,1610612757,POR,8,3,5,36,1,1,1,2,,,,1
2015-16,203991,Clint Capela,1610612745,HOU,77,39,38,1471,0,1,0,0,0,1,0,0
2015-16,203469,Cody Zeller,1610612766,CHA,73,42,31,1774,4,19,0.211,8,0,1,0,0.211
2015-16,202332,Cole Aldrich,1610612746,LAC,60,41,19,800,0,2,0,0,,,,0
2015-16,201147,Corey Brewer,1610612745,HOU,82,41,41,1669,17,73,0.233,37,3,25,0.12,0.253
2015-16,203928,Cory Jefferson,1610612756,PHX,8,2,6,50,1,3,0.333,2,0,0,,0.333
2015-16,202709,Cory Joseph,1610612761,TOR,80,54,26,2046,65,178,0.365,130,0,18,0,0.365
2015-16,1626262,Coty Clarke,1610612738,BOS,3,0,3,6,0,1,0,0,0,0,,0
2015-16,201584,Courtney Lee,1610612766,CHA,79,49,30,2334,84,192,0.438,169,1,9,0.111,0.44
2015-16,1626245,Cristiano Felicio,1610612741,CHI,31,14,17,321,0,2,0,0,0,1,0,0
2015-16,1626156,D'Angelo Russell,1610612747,LAL,80,17,63,2259,153,436,0.351,350,44,135,0.326,0.401
2015-16,201571,D.J. Augustin,1610612743,DEN,62,35,27,1178,58,141,0.411,150,34,88,0.386,0.532
2015-16,2563,Dahntay Jones,1610612739,CLE,1,0,1,42,4,5,0.8,8,0,0,,0.8
2015-16,203081,Damian Lillard,1610612757,POR,75,40,35,2676,253,684,0.37,632,126,361,0.349,0.462
2015-16,203996,Damien Inglis,1610612749,MIL,20,5,15,156,2,8,0.25,5,1,2,0.5,0.313
2015-16,204014,Damjan Rudez,1610612750,MIN,33,9,24,277,0,4,0,0,0,3,0,0
2015-16,201568,Danilo Gallinari,1610612743,DEN,53,22,31,1839,61,198,0.308,136,14,60,0.233,0.343
2015-16,201980,Danny Green,1610612759,SAS,79,65,14,2062,26,93,0.28,60,8,42,0.19,0.323
2015-16,201967,Dante Cunningham,1610612740,NOP,80,28,52,1971,11,38,0.289,22,0,1,0,0.289
2015-16,201589,Darrell Arthur,1610612743,DEN,70,26,44,1516,22,50,0.44,46,2,2,1,0.46
2015-16,201954,Darren Collison,1610612758,SAC,74,29,45,2219,131,296,0.443,286,24,71,0.338,0.483
2015-16,1626199,Darrun Hilliard,1610612765,DET,38,17,21,383,17,42,0.405,36,2,6,0.333,0.429
2015-16,101135,David Lee,1610612742,DAL,55,27,28,903,5,9,0.556,10,0,0,,0.556
2015-16,2561,David West,1610612759,SAS,78,63,15,1404,12,31,0.387,24,0,1,0,0.387
2015-16,201599,DeAndre Jordan,1610612746,LAC,77,51,26,2598,1,1,1,2,0,0,,1
2015-16,201971,DeJuan Blair,1610612764,WAS,29,12,17,218,4,7,0.571,8,0,1,0,0.571
2015-16,201942,DeMar DeRozan,1610612761,TOR,78,53,25,2804,227,587,0.387,461,7,44,0.159,0.393
2015-16,202326,DeMarcus Cousins,1610612758,SAC,65,29,36,2246,40,139,0.288,84,4,15,0.267,0.302
2015-16,201960,DeMarre Carroll,1610612761,TOR,26,16,10,786,18,49,0.367,40,4,11,0.364,0.408
2015-16,1626153,Delon Wright,1610612761,TOR,27,19,8,229,7,17,0.412,18,4,6,0.667,0.529
2015-16,203471,Dennis Schröder,1610612737,ATL,80,47,33,1621,97,274,0.354,220,26,105,0.248,0.401
2015-16,101114,Deron Williams,1610612742,DAL,65,31,34,2106,103,280,0.368,232,26,99,0.263,0.414
2015-16,202324,Derrick Favors,1610612762,UTA,62,30,32,1983,27,78,0.346,54,0,4,0,0.346
2015-16,201565,Derrick Rose,1610612741,CHI,66,32,34,2097,172,440,0.391,353,9,44,0.205,0.401
2015-16,202682,Derrick Williams,1610612752,NYK,80,32,48,1435,43,122,0.352,91,5,23,0.217,0.373
2015-16,1626164,Devin Booker,1610612756,PHX,76,20,56,2108,98,312,0.314,219,23,99,0.232,0.351
2015-16,2734,Devin Harris,1610612742,DAL,64,35,29,1280,23,71,0.324,50,4,22,0.182,0.352
2015-16,203906,Devyn Marble,1610612753,ORL,28,12,16,249,1,14,0.071,2,0,1,0,0.071
2015-16,203473,Dewayne Dedmon,1610612753,ORL,58,21,37,705,4,7,0.571,8,,,,0.571
2015-16,203079,Dion Waiters,1610612760,OKC,78,53,25,2152,75,234,0.321,164,14,53,0.264,0.35
2015-16,1717,Dirk Nowitzki,1610612742,DAL,75,38,37,2364,123,294,0.418,249,3,10,0.3,0.423
2015-16,202388,Donald Sloan,1610612751,BKN,61,13,48,1318,31,92,0.337,68,6,23,0.261,0.37
2015-16,202700,Donatas Motiejunas,1610612745,HOU,37,19,18,547,1,6,0.167,3,1,1,1,0.25
2015-16,203926,Doug McDermott,1610612741,CHI,81,41,40,1861,64,141,0.454,134,6,16,0.375,0.475
2015-16,203110,Draymond Green,1610612744,GSW,81,73,8,2808,13,43,0.302,29,3,10,0.3,0.337
2015-16,2400,Drew Gooden,1610612764,WAS,30,18,12,305,4,12,0.333,8,0,0,,0.333
2015-16,1626251,Duje Dukan,1610612758,SAC,1,0,1,24,0,3,0,0,0,1,0,0
2015-16,2730,Dwight Howard,1610612745,HOU,71,34,37,2280,0,3,0,0,0,2,0,0
2015-16,203939,Dwight Powell,1610612742,DAL,69,35,34,992,3,10,0.3,6,0,0,,0.3
2015-16,2548,Dwyane Wade,1610612748,MIA,74,43,31,2258,169,484,0.349,340,2,27,0.074,0.351
2015-16,202734,E'Twaun Moore,1610612741,CHI,59,29,30,1263,53,126,0.421,112,6,15,0.4,0.444
2015-16,202334,Ed Davis,1610612757,POR,81,43,38,1684,1,3,0.333,2,,,,0.333
2015-16,204002,Edy Tavares,1610612737,ATL,11,7,4,73,0,0,,0,,,,
2015-16,203901,Elfrid Payton,1610612753,ORL,73,32,41,2145,54,173,0.312,111,3,13,0.231,0.321
2015-16,202407,Elijah Millsap,1610612762,UTA,20,9,11,173,0,3,0,0,0,1,0,0
2015-16,202343,Elliot Williams,1610612766,CHA,5,4,1,45,1,5,0.2,3,1,1,1,0.3
2015-16,1882,Elton Brand,1610612755,PHI,17,2,15,225,3,7,0.429,6,0,0,,0.429
2015-16,1626144,Emmanuel Mudiay,1610612743,DEN,68,29,39,2068,133,385,0.345,294,28,87,0.322,0.382
2015-16,202683,Enes Freedom,1610612760,OKC,82,55,27,1721,11,27,0.407,22,0,0,,0.407
2015-16,202339,Eric Bledsoe,1610612756,PHX,31,12,19,1059,98,216,0.454,225,29,68,0.426,0.521
2015-16,201569,Eric Gordon,1610612740,NOP,45,14,31,1481,57,128,0.445,137,23,53,0.434,0.535
2015-16,203961,Eric Moreland,1610612758,SAC,8,1,7,48,0,0,,0,,,,
2015-16,203475,Erick Green,1610612743,DEN,9,6,3,42,3,5,0.6,6,0,0,,0.6
2015-16,101141,Ersan Ilyasova,1610612753,ORL,74,35,39,1880,41,111,0.369,97,15,48,0.313,0.437
2015-16,203095,Evan Fournier,1610612753,ORL,79,33,46,2566,71,205,0.346,174,32,87,0.368,0.424
2015-16,202323,Evan Turner,1610612738,BOS,81,47,34,2271,138,337,0.409,277,1,8,0.125,0.411
2015-16,203105,Festus Ezeli,1610612744,GSW,46,42,4,770,1,4,0.25,2,,,,0.25
2015-16,1626163,Frank Kaminsky,1610612766,CHA,81,47,34,1708,15,44,0.341,31,1,4,0.25,0.352
2015-16,202066,Garrett Temple,1610612764,WAS,80,40,40,1951,25,90,0.278,57,7,25,0.28,0.317
2015-16,203914,Gary Harris,1610612743,DEN,76,31,45,2439,66,146,0.452,140,8,30,0.267,0.479
2015-16,202390,Gary Neal,1610612764,WAS,40,18,22,807,77,165,0.467,167,13,29,0.448,0.506
2015-16,201588,George Hill,1610612754,IND,74,41,33,2524,83,249,0.333,190,24,81,0.296,0.382
2015-16,101123,Gerald Green,1610612748,MIA,69,40,29,1557,67,188,0.356,149,15,51,0.294,0.396
2015-16,201945,Gerald Henderson,1610612757,POR,72,39,33,1431,91,234,0.389,186,4,14,0.286,0.397
2015-16,203507,Giannis Antetokounmpo,1610612749,MIL,80,32,48,2823,54,172,0.314,113,5,20,0.25,0.328
2015-16,203922,Glenn Robinson III,1610612754,IND,45,24,21,508,9,34,0.265,18,0,2,0,0.265
2015-16,201609,Goran Dragic,1610612748,MIA,72,44,28,2363,119,296,0.402,255,17,65,0.262,0.431
2015-16,202330,Gordon Hayward,1610612762,UTA,80,38,42,2893,164,420,0.39,361,33,111,0.297,0.43
2015-16,203476,Gorgui Dieng,1610612750,MIN,82,29,53,2220,26,65,0.4,52,0,2,0,0.4
2015-16,202328,Greg Monroe,1610612749,MIL,79,32,47,2314,3,15,0.2,6,0,0,,0.2
2015-16,202962,Greg Smith,1610612750,MIN,18,8,10,192,0,0,,0,,,,
2015-16,202349,Greivis Vasquez,1610612749,MIL,23,9,14,460,19,49,0.388,44,6,22,0.273,0.449
2015-16,203084,Harrison Barnes,1610612744,GSW,66,59,7,2042,61,135,0.452,124,2,5,0.4,0.459
2015-16,202355,Hassan Whiteside,1610612748,MIA,73,42,31,2125,12,23,0.522,24,,,,0.522
2015-16,203156,Henry Sims,1610612751,BKN,14,2,12,263,0,4,0,0,,,,0
2015-16,203138,Hollis Thompson,1610612755,PHI,77,10,67,2154,29,93,0.312,63,5,19,0.263,0.339
2015-16,203546,Ian Clark,1610612744,GSW,66,59,7,578,23,60,0.383,54,8,27,0.296,0.45
2015-16,101133,Ian Mahinmi,1610612754,IND,71,41,30,1816,0,3,0,0,,,,0
2015-16,202697,Iman Shumpert,1610612739,CLE,54,39,15,1316,28,91,0.308,60,4,23,0.174,0.33
2015-16,203477,Isaiah Canaan,1610612755,PHI,77,10,67,1966,80,248,0.323,219,59,178,0.331,0.442
2015-16,202738,Isaiah Thomas,1610612738,BOS,82,48,34,2644,166,472,0.352,406,74,228,0.325,0.43
2015-16,202397,Ish Smith,1610612755,PHI,77,16,61,2239,132,388,0.34,292,28,90,0.311,0.376
2015-16,200826,J.J. Barea,1610612742,DAL,74,38,36,1667,109,281,0.388,269,51,146,0.349,0.479
2015-16,201581,JJ Hickson,1610612764,WAS,35,17,18,437,5,13,0.385,10,0,0,,0.385
2015-16,1626266,JJ O'Brien,1610612762,UTA,2,2,0,6,0,0,,0,,,,
2015-16,200755,JJ Redick,1610612746,LAC,75,50,25,2097,129,317,0.407,292,34,89,0.382,0.461
2015-16,2747,JR Smith,1610612739,CLE,77,53,24,2362,94,280,0.336,218,30,100,0.3,0.389
2015-16,203960,JaKarr Sampson,1610612743,DEN,73,18,55,1160,10,29,0.345,22,2,6,0.333,0.379
2015-16,203210,JaMychal Green,1610612763,MEM,78,39,39,1446,7,24,0.292,14,0,1,0,0.292
2015-16,201580,JaVale McGee,1610612742,DAL,34,15,19,370,1,4,0.25,2,0,0,,0.25
2015-16,203953,Jabari Parker,1610612749,MIL,76,32,44,2408,60,179,0.335,120,0,5,0,0.335
2015-16,203109,Jae Crowder,1610612738,BOS,73,43,30,2308,54,158,0.342,121,13,50,0.26,0.383
2015-16,1626143,Jahlil Okafor,1610612755,PHI,53,6,47,1591,50,151,0.331,100,0,2,0,0.331
2015-16,2037,Jamal Crawford,1610612746,LAC,79,51,28,2126,186,512,0.363,411,39,144,0.271,0.401
2015-16,2749,Jameer Nelson,1610612743,DEN,39,12,27,1036,52,153,0.34,125,21,67,0.313,0.408
2015-16,202341,James Anderson,1610612758,SAC,51,19,32,721,7,30,0.233,18,4,14,0.286,0.3
2015-16,203516,James Ennis III,1610612740,NOP,22,11,11,329,8,20,0.4,22,6,14,0.429,0.55
2015-16,201935,James Harden,1610612745,HOU,82,41,41,3125,281,744,0.378,688,126,383,0.329,0.462
2015-16,201949,James Johnson,1610612761,TOR,57,35,22,926,5,20,0.25,11,1,5,0.2,0.275
2015-16,2592,James Jones,1610612739,CLE,48,33,15,463,11,27,0.407,25,3,7,0.429,0.463
2015-16,203949,James Michael McAdoo,1610612744,GSW,41,37,4,262,2,2,1,4,0,0,,1
2015-16,203923,James Young,1610612738,BOS,29,12,17,199,1,4,0.25,2,0,1,0,0.25
2015-16,203099,Jared Cunningham,1610612739,CLE,44,31,13,410,2,19,0.105,4,0,5,0,0.105
2015-16,201162,Jared Dudley,1610612764,WAS,81,40,41,2098,21,46,0.457,43,1,3,0.333,0.467
2015-16,203096,Jared Sullinger,1610612738,BOS,81,47,34,1915,18,64,0.281,36,0,5,0,0.281
2015-16,204067,Jarell Eddie,1610612764,WAS,26,13,13,147,5,13,0.385,13,3,7,0.429,0.5
2015-16,1626185,Jarell Martin,1610612763,MEM,27,10,17,380,4,12,0.333,8,0,0,,0.333
2015-16,203950,Jarnell Stokes,1610612763,MEM,7,1,6,19,0,0,,0,,,,
2015-16,101127,Jarrett Jack,1610612751,BKN,32,10,22,1027,73,182,0.401,160,14,42,0.333,0.44
2015-16,201160,Jason Smith,1610612753,ORL,76,33,43,1181,16,35,0.457,32,0,1,0,0.457
2015-16,1891,Jason Terry,1610612745,HOU,72,37,35,1258,23,69,0.333,57,11,31,0.355,0.413
2015-16,201574,Jason Thompson,1610612761,TOR,47,38,9,471,3,11,0.273,6,0,0,,0.273
2015-16,201965,Jeff Ayres,1610612746,LAC,17,11,6,107,0,0,,0,0,0,,
2015-16,201145,Jeff Green,1610612746,LAC,80,48,32,2253,65,177,0.367,138,8,38,0.211,0.39
2015-16,201952,Jeff Teague,1610612737,ATL,79,47,32,2255,122,348,0.351,298,54,155,0.348,0.428
2015-16,203481,Jeff Withey,1610612762,UTA,51,25,26,658,0,1,0,0,0,0,,0
2015-16,203924,Jerami Grant,1610612755,PHI,77,9,68,2066,7,30,0.233,15,1,5,0.2,0.25
2015-16,202379,Jeremy Evans,1610612742,DAL,30,16,14,251,1,2,0.5,2,0,0,,0.5
2015-16,203087,Jeremy Lamb,1610612766,CHA,66,40,26,1227,58,147,0.395,132,16,51,0.314,0.449
2015-16,202391,Jeremy Lin,1610612766,CHA,78,47,31,2048,81,255,0.318,183,21,68,0.309,0.359
2015-16,1626170,Jerian Grant,1610612752,NYK,76,29,47,1265,41,133,0.308,86,4,44,0.091,0.323
2015-16,201573,Jerryd Bayless,1610612749,MIL,52,21,31,1505,43,117,0.368,99,13,40,0.325,0.423
2015-16,202690,Jimmer Fredette,1610612759,SAS,6,1,5,18,0,1,0,0,0,0,,0
2015-16,202710,Jimmy Butler III,1610612741,CHI,67,37,30,2474,140,386,0.363,302,22,69,0.319,0.391
2015-16,201149,Joakim Noah,1610612741,CHI,29,15,14,635,0,2,0,0,0,1,0,0
2015-16,201975,Jodie Meeks,1610612765,DET,3,3,0,43,4,7,0.571,10,2,2,1,0.714
2015-16,203925,Joe Harris,1610612739,CLE,5,5,0,15,0,1,0,0,0,1,0,0
2015-16,204060,Joe Ingles,1610612762,UTA,81,40,41,1241,24,71,0.338,59,11,40,0.275,0.415
2015-16,2207,Joe Johnson,1610612748,MIA,81,31,50,2703,125,312,0.401,267,17,62,0.274,0.428
2015-16,1626202,Joe Young,1610612754,IND,41,19,22,384,26,77,0.338,55,3,17,0.176,0.357
2015-16,201202,Joel Anthony,1610612765,DET,19,12,7,96,0,0,,0,,,,
2015-16,203530,Joffrey Lauvergne,1610612743,DEN,59,24,35,1041,5,13,0.385,10,0,1,0,0.385
2015-16,203089,John Henson,1610612749,MIL,57,22,35,959,4,12,0.333,8,0,0,,0.333
2015-16,203098,John Jenkins,1610612756,PHX,43,18,25,480,24,62,0.387,53,5,19,0.263,0.427
2015-16,202322,John Wall,1610612764,WAS,77,37,40,2784,247,688,0.359,535,41,133,0.308,0.389
2015-16,203948,Johnny O'Bryant III,1610612749,MIL,66,27,39,857,8,16,0.5,16,0,0,,0.5
2015-16,202720,Jon Leuer,1610612756,PHX,67,22,45,1255,22,55,0.4,44,0,3,0,0.4
2015-16,201973,Jonas Jerebko,1610612738,BOS,78,47,31,1176,6,25,0.24,13,1,2,0.5,0.26
2015-16,202685,Jonas Valanciunas,1610612761,TOR,60,40,20,1557,3,10,0.3,6,,,,0.3
2015-16,203613,Jonathon Simmons,1610612759,SAS,55,47,8,813,13,33,0.394,27,1,5,0.2,0.409
2015-16,203919,Jordan Adams,1610612763,MEM,2,0,2,15,1,3,0.333,2,0,0,,0.333
2015-16,203903,Jordan Clarkson,1610612747,LAL,79,17,62,2552,152,376,0.404,342,38,107,0.355,0.455
2015-16,200770,Jordan Farmar,1610612763,MEM,12,2,10,291,20,43,0.465,48,8,20,0.4,0.558
2015-16,202706,Jordan Hamilton,1610612740,NOP,11,4,7,304,15,40,0.375,36,6,18,0.333,0.45
2015-16,201941,Jordan Hill,1610612754,IND,73,40,33,1513,15,33,0.455,30,0,0,,0.455
2015-16,203895,Jordan McRae,1610612739,CLE,22,10,12,196,14,30,0.467,33,5,10,0.5,0.55
2015-16,1626175,Jordan Mickey,1610612738,BOS,16,9,7,57,0,0,,0,,,,
2015-16,203268,Jorge Gutierrez,1610612766,CHA,12,9,3,63,2,5,0.4,4,0,0,,0.4
2015-16,101181,Jose Calderon,1610612752,NYK,72,29,43,2024,92,209,0.44,198,14,39,0.359,0.474
2015-16,203962,Josh Huestis,1610612760,OKC,5,2,3,55,0,1,0,0,0,0,,0
2015-16,201177,Josh McRoberts,1610612748,MIA,42,27,15,595,1,13,0.077,2,0,2,0,0.077
2015-16,1626196,Josh Richardson,1610612748,MIA,52,29,23,1107,22,55,0.4,46,2,5,0.4,0.418
2015-16,2746,Josh Smith,1610612745,HOU,55,31,24,880,6,33,0.182,15,3,18,0.167,0.227
2015-16,201950,Jrue Holiday,1610612740,NOP,65,27,38,1831,164,435,0.377,387,59,183,0.322,0.445
2015-16,203944,Julius Randle,1610612747,LAL,81,17,64,2286,31,128,0.242,64,2,11,0.182,0.25
2015-16,1626147,Justin Anderson,1610612742,DAL,55,28,27,647,10,38,0.263,22,2,15,0.133,0.289
2015-16,202712,Justin Harper,1610612751,BKN,5,4,1,35,0,1,0,0,0,0,,0
2015-16,203200,Justin Holiday,1610612741,CHI,53,28,25,773,18,58,0.31,40,4,21,0.19,0.345
2015-16,1626159,Justise Winslow,1610612748,MIA,78,46,32,2232,15,48,0.313,31,1,6,0.167,0.323
2015-16,203994,Jusuf Nurkić,1610612743,DEN,32,14,18,547,1,3,0.333,2,0,0,,0.333
2015-16,203909,KJ McDaniels,1610612745,HOU,37,17,20,235,1,9,0.111,2,0,3,0,0.111
2015-16,1626157,Karl-Anthony Towns,1610612750,MIN,82,29,53,2626,47,114,0.412,98,4,12,0.333,0.43
2015-16,202695,Kawhi Leonard,1610612759,SAS,72,60,12,2380,194,421,0.461,412,24,59,0.407,0.489
2015-16,203951,Keith Appling,1610612753,ORL,5,0,5,27,0,3,0,0,0,0,,0
2015-16,203482,Kelly Olynyk,1610612738,BOS,69,40,29,1395,24,85,0.282,55,7,22,0.318,0.324
2015-16,1626162,Kelly Oubre Jr.,1610612764,WAS,63,31,32,671,2,24,0.083,5,1,9,0.111,0.104
2015-16,202689,Kemba Walker,1610612766,CHA,81,47,34,2885,228,664,0.343,541,85,268,0.317,0.407
2015-16,203088,Kendall Marshall,1610612755,PHI,30,3,27,400,8,32,0.25,17,1,6,0.167,0.266
2015-16,2570,Kendrick Perkins,1610612740,NOP,37,13,24,542,2,5,0.4,4,,,,0.4
2015-16,202702,Kenneth Faried,1610612743,DEN,67,26,41,1694,7,24,0.292,14,0,0,,0.292
2015-16,203145,Kent Bazemore,1610612737,ATL,75,44,31,2083,39,133,0.293,97,19,64,0.297,0.365
2015-16,203484,Kentavious Caldwell-Pope,1610612765,DET,76,41,35,2789,127,340,0.374,279,25,93,0.269,0.41
2015-16,201142,Kevin Durant,1610612760,OKC,72,52,20,2578,270,592,0.456,617,77,205,0.376,0.521
2015-16,708,Kevin Garnett,1610612750,MIN,38,14,24,556,10,25,0.4,20,0,0,,0.4
2015-16,201567,Kevin Love,1610612739,CLE,77,53,24,2424,42,118,0.356,91,7,23,0.304,0.386
2015-16,2755,Kevin Martin,1610612759,SAS,55,24,31,1095,40,151,0.265,84,4,26,0.154,0.278
2015-16,202338,Kevin Seraphin,1610612752,NYK,48,15,33,526,9,35,0.257,18,0,1,0,0.257
2015-16,1626172,Kevon Looney,1610612744,GSW,5,4,1,21,1,1,1,2,0,0,,1
2015-16,203114,Khris Middleton,1610612749,MIL,79,33,46,2852,186,467,0.398,394,22,77,0.286,0.422
2015-16,2550,Kirk Hinrich,1610612737,ATL,46,26,20,631,19,50,0.38,48,10,24,0.417,0.48
2015-16,202691,Klay Thompson,1610612744,GSW,80,71,9,2666,137,325,0.422,308,34,97,0.351,0.474
2015-16,977,Kobe Bryant,1610612747,LAL,66,13,53,1863,180,567,0.317,405,45,185,0.243,0.357
2015-16,201585,Kosta Koufos,1610612758,SAC,78,32,46,1482,2,12,0.167,4,,,,0.167
2015-16,203123,Kostas Papanikolaou,1610612743,DEN,26,8,18,294,2,14,0.143,5,1,8,0.125,0.179
2015-16,2743,Kris Humphries,1610612737,ATL,53,29,24,835,13,25,0.52,27,1,3,0.333,0.54
2015-16,204001,Kristaps Porziņģis,1610612752,NYK,72,28,44,2046,49,142,0.345,101,3,13,0.231,0.356
2015-16,203937,Kyle Anderson,1610612759,SAS,78,64,14,1245,57,120,0.475,114,0,3,0,0.475
2015-16,2594,Kyle Korver,1610612737,ATL,80,46,34,2401,76,169,0.45,173,21,59,0.356,0.512
2015-16,200768,Kyle Lowry,1610612761,TOR,77,54,23,2851,167,462,0.361,414,80,249,0.321,0.448
2015-16,203124,Kyle O'Quinn,1610612752,NYK,65,26,39,764,13,29,0.448,27,1,2,0.5,0.466
2015-16,202713,Kyle Singler,1610612760,OKC,68,43,25,977,5,20,0.25,10,0,2,0,0.25
2015-16,202681,Kyrie Irving,1610612739,CLE,53,37,16,1667,161,389,0.414,362,40,134,0.299,0.465
2015-16,200746,LaMarcus Aldridge,1610612759,SAS,74,61,13,2261,79,223,0.354,158,0,1,0,0.354
2015-16,203934,Lamar Patterson,1610612737,ATL,35,23,12,395,1,11,0.091,3,1,7,0.143,0.136
2015-16,202362,Lance Stephenson,1610612763,MEM,69,36,33,1372,67,170,0.394,144,10,23,0.435,0.424
2015-16,202498,Lance Thomas,1610612752,NYK,59,25,34,1313,38,89,0.427,76,0,5,0,0.427
2015-16,204038,Langston Galloway,1610612752,NYK,82,32,50,2033,45,155,0.29,101,11,35,0.314,0.326
2015-16,1626204,Larry Nance Jr.,1610612747,LAL,63,14,49,1266,8,23,0.348,16,0,2,0,0.348
2015-16,202730,Lavoy Allen,1610612754,IND,79,43,36,1599,3,5,0.6,6,,,,0.6
2015-16,2544,LeBron James,1610612739,CLE,76,56,20,2709,149,436,0.342,346,48,160,0.3,0.397
2015-16,2571,Leandro Barbosa,1610612744,GSW,68,60,8,1079,23,68,0.338,49,3,15,0.2,0.36
2015-16,203485,Lorenzo Brown,1610612765,DET,8,1,7,61,3,15,0.2,6,0,6,0,0.2
2015-16,200811,Lou Amundson,1610612752,NYK,29,11,18,204,0,4,0,0,,,,0
2015-16,101150,Lou Williams,1610612747,LAL,67,14,53,1907,124,338,0.367,299,51,158,0.323,0.442
2015-16,201601,Luc Mbah a Moute,1610612746,LAC,75,49,26,1274,2,9,0.222,4,0,0,,0.222
2015-16,203512,Lucas Nogueira,1610612761,TOR,29,17,12,225,0,0,,0,0,0,,
2015-16,1626242,Luis Montero,1610612757,POR,12,6,6,42,2,6,0.333,5,1,3,0.333,0.417
2015-16,2449,Luis Scola,1610612761,TOR,76,50,26,1636,10,37,0.27,21,1,4,0.25,0.284
2015-16,202337,Luke Babbitt,1610612740,NOP,47,16,31,845,13,38,0.342,30,4,8,0.5,0.395
2015-16,2736,Luol Deng,1610612748,MIA,74,45,29,2394,29,106,0.274,62,4,14,0.286,0.292
2015-16,1938,Manu Ginobili,1610612759,SAS,58,47,11,1134,43,111,0.387,100,14,49,0.286,0.45
2015-16,201188,Marc Gasol,1610612763,MEM,52,30,22,1791,33,95,0.347,66,0,0,,0.347
2015-16,1626273,Marcelo Huertas,1610612747,LAL,53,8,45,869,44,103,0.427,93,5,20,0.25,0.451
2015-16,101162,Marcin Gortat,1610612764,WAS,75,35,40,2256,12,38,0.316,24,0,0,,0.316
2015-16,201158,Marco Belinelli,1610612758,SAC,68,27,41,1672,51,168,0.304,115,13,54,0.241,0.342
2015-16,202694,Marcus Morris Sr.,1610612765,DET,80,42,38,2856,160,394,0.406,334,14,53,0.264,0.424
2015-16,203935,Marcus Smart,1610612738,BOS,61,36,25,1667,45,110,0.409,110,20,54,0.37,0.5
2015-16,201977,Marcus Thornton,1610612764,WAS,61,32,29,1108,57,159,0.358,132,18,60,0.3,0.415
2015-16,201596,Mario Chalmers,1610612748,MIA,61,38,23,1373,43,115,0.374,101,15,51,0.294,0.439
2015-16,1626209,Mario Hezonja,1610612753,ORL,79,33,46,1413,45,113,0.398,100,10,34,0.294,0.442
2015-16,203900,Markel Brown,1610612751,BKN,62,12,50,982,29,86,0.337,62,4,19,0.211,0.36
2015-16,202693,Markieff Morris,1610612764,WAS,64,22,42,1629,67,174,0.385,134,0,10,0,0.385
2015-16,201578,Marreese Speights,1610612744,GSW,72,64,8,832,20,51,0.392,40,0,1,0,0.392
2015-16,101107,Marvin Williams,1610612766,CHA,81,47,34,2338,22,55,0.4,44,0,8,0,0.4
2015-16,203486,Mason Plumlee,1610612757,POR,82,44,38,2084,14,36,0.389,28,0,3,0,0.389
2015-16,2440,Matt Barnes,1610612763,MEM,76,38,38,2190,25,78,0.321,61,11,39,0.282,0.391
2015-16,2588,Matt Bonner,1610612759,SAS,30,25,5,206,3,5,0.6,6,0,0,,0.6
2015-16,203521,Matthew Dellavedova,1610612739,CLE,76,54,22,1867,68,204,0.333,159,23,74,0.311,0.39
2015-16,203090,Maurice Harkless,1610612757,POR,78,40,38,1457,8,23,0.348,19,3,8,0.375,0.413
2015-16,1897,Metta World Peace,1610612747,LAL,35,6,29,590,14,38,0.368,32,4,14,0.286,0.421
2015-16,203086,Meyers Leonard,1610612757,POR,61,33,28,1333,23,52,0.442,46,0,5,0,0.442
2015-16,201563,Michael Beasley,1610612745,HOU,20,10,10,363,31,64,0.484,62,0,3,0,0.484
2015-16,203487,Michael Carter-Williams,1610612749,MIL,54,21,33,1649,52,140,0.371,107,3,10,0.3,0.382
2015-16,203077,Michael Kidd-Gilchrist,1610612766,CHA,7,5,2,205,2,6,0.333,4,0,0,,0.333
2015-16,201144,Mike Conley,1610612763,MEM,56,33,23,1761,110,292,0.377,251,31,91,0.341,0.43
2015-16,2399,Mike Dunleavy,1610612741,CHI,31,13,18,703,8,32,0.25,19,3,13,0.231,0.297
2015-16,2034,Mike Miller,1610612743,DEN,47,21,26,373,4,11,0.364,12,4,7,0.571,0.545
2015-16,203488,Mike Muscala,1610612737,ATL,60,34,26,565,0,3,0,0,0,1,0,0
2015-16,203118,Mike Scott,1610612737,ATL,75,46,29,1146,9,17,0.529,19,1,2,0.5,0.559
2015-16,203101,Miles Plumlee,1610612749,MIL,61,23,38,870,1,5,0.2,2,,,,0.2
2015-16,203141,Mirza Teletovic,1610612756,PHX,79,23,56,1685,31,101,0.307,73,11,31,0.355,0.361
2015-16,203956,Mitch McGary,1610612760,OKC,20,17,3,72,1,1,1,2,0,0,,1
2015-16,2590,Mo Williams,1610612739,CLE,41,27,14,748,76,181,0.42,159,7,39,0.179,0.439
2015-16,101145,Monta Ellis,1610612754,IND,81,44,37,2734,166,455,0.365,360,28,100,0.28,0.396
2015-16,1626149,Montrezl Harrell,1610612745,HOU,39,17,22,379,0,1,0,0,0,0,,0
2015-16,1626167,Myles Turner,1610612754,IND,60,32,28,1367,28,67,0.418,56,0,0,,0.418
2015-16,101126,Nate Robinson,1610612740,NOP,2,0,2,23,0,1,0,0,0,1,0,0
2015-16,1737,Nazr Mohammed,1610612760,OKC,5,5,0,19,0,1,0,0,,,,0
2015-16,202357,Nemanja Bjelica,1610612750,MIN,60,20,40,1075,7,20,0.35,19,5,13,0.385,0.475
2015-16,2403,Nene,1610612764,WAS,57,28,29,1094,10,23,0.435,20,0,0,,0.435
2015-16,203457,Nerlens Noel,1610612755,PHI,67,10,57,1965,13,50,0.26,26,0,0,,0.26
2015-16,2555,Nick Collison,1610612760,OKC,59,39,20,699,2,4,0.5,4,0,0,,0.5
2015-16,201156,Nick Young,1610612747,LAL,54,13,41,1033,63,185,0.341,154,28,87,0.322,0.416
2015-16,201587,Nicolas Batum,1610612766,CHA,70,41,29,2448,136,334,0.407,306,34,109,0.312,0.458
2015-16,203917,Nik Stauskas,1610612755,PHI,73,8,65,1809,37,135,0.274,91,17,80,0.213,0.337
2015-16,203999,Nikola Jokić,1610612743,DEN,80,31,49,1733,17,41,0.415,35,1,7,0.143,0.427
2015-16,202703,Nikola Mirotic,1610612741,CHI,66,37,29,1646,20,87,0.23,45,5,32,0.156,0.259
2015-16,201593,Nikola Pekovic,1610612750,MIN,12,2,10,156,1,2,0.5,2,,,,0.5
2015-16,202696,Nikola Vučević,1610612753,ORL,65,28,37,2037,46,109,0.422,92,0,0,,0.422
2015-16,203943,Noah Vonleh,1610612757,POR,78,41,37,1173,3,12,0.25,6,0,2,0,0.25
2015-16,1626181,Norman Powell,1610612761,TOR,49,32,17,725,21,61,0.344,46,4,16,0.25,0.377
2015-16,202708,Norris Cole,1610612740,NOP,45,20,25,1198,96,244,0.393,198,6,30,0.2,0.406
2015-16,201564,O.J. Mayo,1610612749,MIL,41,17,24,1090,34,87,0.391,74,6,27,0.222,0.425
2015-16,201600,Omer Asik,1610612740,NOP,68,29,39,1178,0,0,,0,,,,
2015-16,201956,Omri Casspi,1610612758,SAC,69,27,42,1880,24,61,0.393,69,21,48,0.438,0.566
2015-16,203111,Orlando Johnson,1610612740,NOP,7,1,6,102,2,10,0.2,4,0,1,0,0.2
2015-16,203490,Otto Porter Jr.,1610612764,WAS,75,36,39,2276,48,128,0.375,98,2,16,0.125,0.383
2015-16,200782,P.J. Tucker,1610612756,PHX,82,23,59,2540,15,57,0.263,33,3,24,0.125,0.289
2015-16,203798,PJ Hairston,1610612763,MEM,66,31,35,1313,16,56,0.286,34,2,11,0.182,0.304
2015-16,203143,Pablo Prigioni,1610612746,LAC,59,37,22,823,19,59,0.322,51,13,45,0.289,0.432
2015-16,1626192,Pat Connaughton,1610612757,POR,34,17,17,143,2,11,0.182,6,2,7,0.286,0.273
2015-16,201976,Patrick Beverley,1610612745,HOU,71,35,36,2041,50,127,0.394,123,23,65,0.354,0.484
2015-16,202335,Patrick Patterson,1610612761,TOR,79,54,25,2020,25,58,0.431,51,1,4,0.25,0.44
2015-16,201988,Patty Mills,1610612759,SAS,81,66,15,1662,92,247,0.372,208,24,79,0.304,0.421
2015-16,2200,Pau Gasol,1610612741,CHI,72,36,36,2291,32,95,0.337,64,0,0,,0.337
2015-16,202331,Paul George,1610612754,IND,81,44,37,2819,239,625,0.382,546,68,190,0.358,0.437
2015-16,200794,Paul Millsap,1610612737,ATL,81,48,33,2647,50,134,0.373,103,3,18,0.167,0.384
2015-16,1718,Paul Pierce,1610612746,LAC,68,44,24,1231,45,101,0.446,94,4,14,0.286,0.465
2015-16,203515,Phil Pressey,1610612757,POR,23,3,20,283,6,28,0.214,14,2,10,0.2,0.25
2015-16,203112,Quincy Acy,1610612758,SAC,59,21,38,876,5,10,0.5,12,2,2,1,0.6
2015-16,1626154,RJ Hunter,1610612738,BOS,36,21,15,315,6,22,0.273,15,3,8,0.375,0.341
2015-16,200765,Rajon Rondo,1610612758,SAC,72,29,43,2537,66,195,0.338,149,17,50,0.34,0.382
2015-16,1626176,Rakeem Christmas,1610612754,IND,1,1,0,6,0,0,,0,,,,
2015-16,201196,Ramon Sessions,1610612764,WAS,82,41,41,1667,51,123,0.415,106,4,18,0.222,0.431
2015-16,200751,Randy Foye,1610612760,OKC,81,37,44,1642,50,158,0.316,123,23,69,0.333,0.389
2015-16,1626173,Rashad Vaughn,1610612749,MIL,70,30,40,1001,14,46,0.304,30,2,8,0.25,0.326
2015-16,2446,Rasual Butler,1610612759,SAS,46,41,5,432,6,18,0.333,12,0,3,0,0.333
2015-16,203526,Raul Neto,1610612762,UTA,81,40,41,1499,47,122,0.385,107,13,30,0.433,0.439
2015-16,203492,Ray McCallum,1610612759,SAS,41,30,11,474,15,56,0.268,31,1,4,0.25,0.277
2015-16,101109,Raymond Felton,1610612742,DAL,80,40,40,2192,79,247,0.32,174,16,72,0.222,0.352
2015-16,203493,Reggie Bullock Jr.,1610612765,DET,37,22,15,429,7,14,0.5,14,0,0,,0.5
2015-16,202704,Reggie Jackson,1610612765,DET,79,43,36,2424,210,543,0.387,491,71,204,0.348,0.452
2015-16,2210,Richard Jefferson,1610612739,CLE,74,51,23,1326,19,45,0.422,46,8,13,0.615,0.511
2015-16,1626158,Richaun Holmes,1610612755,PHI,51,7,44,702,1,5,0.2,2,0,3,0,0.2
2015-16,201937,Ricky Rubio,1610612750,MIN,76,28,48,2323,85,244,0.348,177,7,26,0.269,0.363
2015-16,203496,Robert Covington,1610612755,PHI,67,10,57,1903,18,79,0.228,47,11,54,0.204,0.297
2015-16,203135,Robert Sacre,1610612747,LAL,25,2,23,320,3,6,0.5,6,,,,0.5
2015-16,201577,Robin Lopez,1610612752,NYK,82,32,50,2219,10,30,0.333,20,0,1,0,0.333
2015-16,203918,Rodney Hood,1610612762,UTA,79,39,40,2541,149,383,0.389,346,48,149,0.322,0.452
2015-16,201155,Rodney Stuckey,1610612754,IND,58,33,25,1275,61,166,0.367,125,3,16,0.188,0.377
2015-16,1626178,Rondae Hollis-Jefferson,1610612751,BKN,29,7,22,615,8,25,0.32,17,1,2,0.5,0.34
2015-16,101179,Ronnie Price,1610612756,PHX,62,20,42,1211,32,90,0.356,77,13,48,0.271,0.428
2015-16,201579,Roy Hibbert,1610612747,LAL,81,17,64,1878,12,28,0.429,24,0,0,,0.429
2015-16,200752,Rudy Gay,1610612758,SAC,70,29,41,2379,104,249,0.418,220,12,35,0.343,0.442
2015-16,203497,Rudy Gobert,1610612762,UTA,61,33,28,1932,0,2,0,0,,,,0
2015-16,203893,Russ Smith,1610612763,MEM,15,6,9,66,1,5,0.2,2,0,3,0,0.2
2015-16,201566,Russell Westbrook,1610612760,OKC,80,55,25,2749,243,649,0.374,553,67,236,0.284,0.426
2015-16,201583,Ryan Anderson,1610612740,NOP,66,24,42,2008,123,284,0.433,262,16,42,0.381,0.461
2015-16,200797,Ryan Hollins,1610612763,MEM,37,18,19,460,1,2,0.5,2,,,,0.5
2015-16,203527,Ryan Kelly,1610612747,LAL,36,3,33,470,10,28,0.357,20,0,2,0,0.357
2015-16,1626257,Salah Mejri,1610612742,DAL,34,16,18,397,0,0,,0,0,0,,
2015-16,1626155,Sam Dekker,1610612745,HOU,3,1,2,6,0,0,,0,,,,
2015-16,201619,Sasha Kaun,1610612739,CLE,25,18,7,95,0,0,,0,,,,
2015-16,2756,Sasha Vujacic,1610612752,NYK,61,22,39,908,20,60,0.333,47,7,17,0.412,0.392
2015-16,203930,Sean Kilpatrick,1610612751,BKN,31,7,24,616,25,60,0.417,55,5,17,0.294,0.458
2015-16,201586,Serge Ibaka,1610612760,OKC,78,54,24,2500,22,51,0.431,44,0,1,0,0.431
2015-16,203508,Sergey Karasev,1610612751,BKN,40,9,31,399,8,20,0.4,16,0,2,0,0.4
2015-16,203552,Seth Curry,1610612758,SAC,44,17,27,692,31,77,0.403,73,11,30,0.367,0.474
2015-16,203498,Shabazz Muhammad,1610612750,MIN,82,29,53,1682,20,64,0.313,40,0,4,0,0.313
2015-16,203894,Shabazz Napier,1610612753,ORL,55,23,32,600,31,99,0.313,70,8,42,0.19,0.354
2015-16,203499,Shane Larkin,1610612751,BKN,78,20,58,1751,78,220,0.355,175,19,52,0.365,0.398
2015-16,2733,Shaun Livingston,1610612744,GSW,78,69,9,1520,91,184,0.495,182,0,1,0,0.495
2015-16,203963,Shayne Whittington,1610612754,IND,7,4,3,41,0,1,0,0,0,0,,0
2015-16,202714,Shelvin Mack,1610612762,UTA,52,27,25,1058,57,168,0.339,132,18,62,0.29,0.393
2015-16,203524,Solomon Hill,1610612754,IND,59,31,28,866,7,23,0.304,15,1,5,0.2,0.326
2015-16,201603,Sonny Weems,1610612756,PHX,43,6,37,498,9,31,0.29,19,1,6,0.167,0.306
2015-16,203915,Spencer Dinwiddie,1610612741,CHI,12,5,7,159,7,26,0.269,15,1,8,0.125,0.288
2015-16,201150,Spencer Hawes,1610612766,CHA,57,30,27,1035,9,34,0.265,20,2,3,0.667,0.294
2015-16,1626169,Stanley Johnson,1610612765,DET,73,37,36,1687,61,192,0.318,131,9,45,0.2,0.341
2015-16,201939,Stephen Curry,1610612744,GSW,79,71,8,2700,315,699,0.451,850,220,505,0.436,0.608
2015-16,2581,Steve Blake,1610612765,DET,58,34,24,986,35,95,0.368,88,18,53,0.34,0.463
2015-16,200779,Steve Novak,1610612749,MIL,10,8,2,44,2,2,1,5,1,1,1,1.25
2015-16,203500,Steven Adams,1610612760,OKC,80,54,26,2014,0,2,0,0,,,,0
2015-16,204456,T.J. McConnell,1610612755,PHI,81,10,71,1606,96,207,0.464,205,13,26,0.5,0.495
2015-16,203933,T.J. Warren,1610612756,PHX,47,14,33,1070,66,152,0.434,135,3,8,0.375,0.444
2015-16,201959,Taj Gibson,1610612741,CHI,73,37,36,1936,7,24,0.292,14,0,2,0,0.292
2015-16,204028,Tarik Black,1610612747,LAL,39,6,33,496,0,2,0,0,,,,0
2015-16,2419,Tayshaun Prince,1610612750,MIN,77,27,50,1462,13,39,0.333,26,0,0,,0.333
2015-16,203093,Terrence Jones,1610612745,HOU,50,24,26,1044,5,26,0.192,12,2,13,0.154,0.231
2015-16,203082,Terrence Ross,1610612761,TOR,73,53,20,1747,81,201,0.403,175,13,46,0.283,0.435
2015-16,1626179,Terry Rozier,1610612738,BOS,39,24,15,311,7,39,0.179,14,0,5,0,0.179
2015-16,200757,Thabo Sefolosha,1610612737,ATL,75,42,33,1758,20,50,0.4,43,3,9,0.333,0.43
2015-16,201152,Thaddeus Young,1610612751,BKN,73,21,52,2407,40,93,0.43,82,2,6,0.333,0.441
2015-16,203648,Thanasis Antetokounmpo,1610612752,NYK,2,1,1,6,0,0,,0,0,0,,
2015-16,203080,Thomas Robinson,1610612751,BKN,71,16,55,916,7,33,0.212,14,0,0,,0.212
2015-16,201168,Tiago Splitter,1610612737,ATL,36,21,15,579,1,2,0.5,2,0,0,,0.5
2015-16,202353,Tibor Pleiss,1610612762,UTA,12,7,5,82,0,0,,0,0,0,,
2015-16,1495,Tim Duncan,1610612759,SAS,61,50,11,1536,15,37,0.405,30,0,0,,0.405
2015-16,204025,Tim Frazier,1610612740,NOP,51,25,26,741,42,112,0.375,94,10,29,0.345,0.42
2015-16,203501,Tim Hardaway Jr.,1610612737,ATL,51,29,22,864,22,56,0.393,50,6,22,0.273,0.446
2015-16,202389,Timofey Mozgov,1610612739,CLE,76,52,24,1326,4,10,0.4,8,0,1,0,0.4
2015-16,202699,Tobias Harris,1610612765,DET,76,37,39,2513,45,121,0.372,93,3,13,0.231,0.384
2015-16,201962,Toney Douglas,1610612740,NOP,61,22,39,1262,74,221,0.335,185,37,110,0.336,0.419
2015-16,2754,Tony Allen,1610612763,MEM,64,34,30,1620,13,36,0.361,26,0,0,,0.361
2015-16,2225,Tony Parker,1610612759,SAS,72,59,13,1980,131,288,0.455,267,5,6,0.833,0.464
2015-16,203503,Tony Snell,1610612741,CHI,64,33,31,1301,28,63,0.444,63,7,12,0.583,0.5
2015-16,203100,Tony Wroten,1610612752,NYK,8,0,8,144,1,8,0.125,2,0,6,0,0.125
2015-16,2772,Trevor Ariza,1610612745,HOU,81,40,41,2859,46,158,0.291,111,19,71,0.268,0.351
2015-16,202344,Trevor Booker,1610612762,UTA,79,39,40,1632,3,15,0.2,6,0,1,0,0.2
2015-16,203504,Trey Burke,1610612762,UTA,64,31,33,1366,96,256,0.375,203,11,64,0.172,0.396
2015-16,1626168,Trey Lyles,1610612762,UTA,80,38,42,1382,38,81,0.469,78,2,6,0.333,0.481
2015-16,202684,Tristan Thompson,1610612739,CLE,82,57,25,2269,2,12,0.167,4,,,,0.167
2015-16,203584,Troy Daniels,1610612766,CHA,43,25,18,476,12,48,0.25,29,5,23,0.217,0.302
2015-16,201951,Ty Lawson,1610612754,IND,66,31,35,1411,51,157,0.325,111,9,33,0.273,0.354
2015-16,203898,Tyler Ennis,1610612749,MIL,46,17,29,654,26,61,0.426,53,1,6,0.167,0.434
2015-16,201946,Tyler Hansbrough,1610612766,CHA,44,28,16,343,0,0,,0,0,0,,
2015-16,204020,Tyler Johnson,1610612748,MIA,36,19,17,863,21,48,0.438,43,1,3,0.333,0.448
2015-16,203092,Tyler Zeller,1610612738,BOS,60,38,22,710,0,2,0,0,,,,0
2015-16,201936,Tyreke Evans,1610612740,NOP,25,11,14,765,33,79,0.418,83,17,42,0.405,0.525
2015-16,2199,Tyson Chandler,1610612756,PHX,66,18,48,1618,0,0,,0,0,0,,
2015-16,1626145,Tyus Jones,1610612750,MIN,37,13,24,573,21,58,0.362,50,8,21,0.381,0.431
2015-16,2617,Udonis Haslem,1610612748,MIA,37,25,12,260,1,8,0.125,2,0,1,0,0.125
2015-16,203506,Victor Oladipo,1610612753,ORL,72,32,40,2379,145,352,0.412,306,16,59,0.271,0.435
2015-16,1713,Vince Carter,1610612763,MEM,60,33,27,1005,24,71,0.338,55,7,21,0.333,0.387
2015-16,201961,Wayne Ellington,1610612751,BKN,76,18,58,1615,76,222,0.342,168,16,63,0.254,0.378
2015-16,202325,Wesley Johnson,1610612746,LAC,80,51,29,1666,27,71,0.38,57,3,14,0.214,0.401
2015-16,202083,Wesley Matthews,1610612742,DAL,78,40,38,2644,86,261,0.33,205,33,128,0.258,0.393
2015-16,203115,Will Barton,1610612743,DEN,82,33,49,2353,106,289,0.367,244,32,103,0.311,0.422
2015-16,1626161,Willie Cauley-Stein,1610612758,SAC,66,26,40,1412,3,16,0.188,6,0,0,,0.188
2015-16,203186,Willie Reed,1610612751,BKN,39,8,31,426,1,1,1,2,,,,1
2015-16,204098,Xavier Munford,1610612763,MEM,14,3,11,244,12,28,0.429,26,2,5,0.4,0.464
2015-16,203897,Zach LaVine,1610612750,MIN,82,29,53,2293,141,411,0.343,333,51,147,0.347,0.405
2015-16,2216,Zach Randolph,1610612763,MEM,68,37,31,2016,46,107,0.43,92,0,5,0,0.43
2015-16,2585,Zaza Pachulia,1610612742,DAL,76,40,36,2004,4,14,0.286,8,0,1,0,0.286
2016-17,1627773,AJ Hammons,1610612742,DAL,22,4,18,163,0,5,0,0,0,0,,0
2016-17,201166,Aaron Brooks,1610612754,IND,65,36,29,894,46,112,0.411,112,20,53,0.377,0.5
2016-17,203932,Aaron Gordon,1610612753,ORL,80,29,51,2298,79,244,0.324,173,15,66,0.227,0.355
2016-17,1626151,Aaron Harrison,1610612766,CHA,5,2,3,17,0,2,0,0,0,0,,0
2016-17,203940,Adreian Payne,1610612750,MIN,18,5,13,135,3,8,0.375,6,0,1,0,0.375
2016-17,201143,Al Horford,1610612738,BOS,68,46,22,2193,24,80,0.3,49,1,3,0.333,0.306
2016-17,2744,Al Jefferson,1610612754,IND,66,33,33,931,15,46,0.326,30,0,0,,0.326
2016-17,202329,Al-Farouq Aminu,1610612757,POR,61,33,28,1773,14,39,0.359,29,1,6,0.167,0.372
2016-17,101187,Alan Anderson,1610612746,LAC,30,20,10,308,5,21,0.238,13,3,10,0.3,0.31
2016-17,1626210,Alan Williams,1610612756,PHX,47,11,36,708,1,6,0.167,2,0,0,,0.167
2016-17,202692,Alec Burks,1610612762,UTA,42,26,16,653,34,81,0.42,73,5,22,0.227,0.451
2016-17,203518,Alex Abrines,1610612760,OKC,68,37,31,1055,13,49,0.265,31,5,24,0.208,0.316
2016-17,203458,Alex Len,1610612756,PHX,77,21,56,1560,5,17,0.294,10,0,1,0,0.294
2016-17,1627816,Alex Poythress,1610612755,PHI,6,0,6,157,1,2,0.5,2,0,0,,0.5
2016-17,201582,Alexis Ajinca,1610612740,NOP,39,15,24,584,6,10,0.6,12,0,0,,0.6
2016-17,203459,Allen Crabbe,1610612757,POR,79,39,40,2254,63,139,0.453,131,5,17,0.294,0.471
2016-17,202087,Alonzo Gee,1610612743,DEN,13,4,9,89,0,3,0,0,0,1,0,0
2016-17,101161,Amir Johnson,1610612738,BOS,80,51,29,1608,3,8,0.375,8,2,5,0.4,0.5
2016-17,2760,Anderson Varejao,1610612744,GSW,14,12,2,92,1,1,1,2,,,,1
2016-17,203083,Andre Drummond,1610612765,DET,81,36,45,2409,18,70,0.257,38,2,3,0.667,0.271
2016-17,2738,Andre Iguodala,1610612744,GSW,76,64,12,1998,32,65,0.492,72,8,19,0.421,0.554
2016-17,203460,Andre Roberson,1610612760,OKC,79,46,33,2376,1,8,0.125,2,0,5,0,0.125
2016-17,101106,Andrew Bogut,1610612739,CLE,27,8,19,583,2,6,0.333,4,0,0,,0.333
2016-17,1626150,Andrew Harrison,1610612763,MEM,72,38,34,1474,34,131,0.26,85,17,65,0.262,0.324
2016-17,203094,Andrew Nicholson,1610612751,BKN,38,20,18,342,3,10,0.3,6,0,1,0,0.3
2016-17,203952,Andrew Wiggins,1610612750,MIN,82,31,51,3048,245,680,0.36,521,31,106,0.292,0.383
2016-17,203461,Anthony Bennett,1610612751,BKN,23,3,20,264,1,4,0.25,3,1,2,0.5,0.375
2016-17,1626148,Anthony Brown,1610612753,ORL,11,3,8,159,8,16,0.5,19,3,5,0.6,0.594
2016-17,203076,Anthony Davis,1610612740,NOP,75,31,44,2708,143,347,0.412,287,1,6,0.167,0.414
2016-17,201627,Anthony Morrow,1610612741,CHI,49,25,24,714,21,58,0.362,42,0,6,0,0.362
2016-17,201229,Anthony Tolliver,1610612758,SAC,65,26,39,1477,5,15,0.333,10,0,3,0,0.333
2016-17,203462,Archie Goodwin,1610612751,BKN,15,8,7,214,4,10,0.4,9,1,5,0.2,0.45
2016-17,202620,Arinze Onuaku,1610612753,ORL,8,3,5,28,0,0,,0,,,,
2016-17,203382,Aron Baynes,1610612765,DET,75,34,41,1163,2,5,0.4,4,,,,0.4
2016-17,201167,Arron Afflalo,1610612758,SAC,61,23,38,1580,57,143,0.399,119,5,17,0.294,0.416
2016-17,203085,Austin Rivers,1610612746,LAC,74,43,31,2054,79,202,0.391,198,40,108,0.37,0.49
2016-17,202340,Avery Bradley,1610612738,BOS,55,34,21,1834,101,231,0.437,233,31,78,0.397,0.504
2016-17,1626253,Axel Toupane,1610612740,NOP,4,2,2,47,1,3,0.333,2,0,1,0,0.333
2016-17,1627791,Ben Bentil,1610612742,DAL,3,2,1,10,0,2,0,0,0,0,,0
2016-17,203463,Ben McLemore,1610612758,SAC,61,27,34,1176,38,106,0.358,88,12,32,0.375,0.415
2016-17,2757,Beno Udrih,1610612765,DET,39,18,21,560,56,127,0.441,117,5,18,0.278,0.461
2016-17,202687,Bismack Biyombo,1610612753,ORL,81,29,52,1793,1,13,0.077,2,,,,0.077
2016-17,201933,Blake Griffin,1610612746,LAC,61,40,21,2076,67,164,0.409,136,2,15,0.133,0.415
2016-17,1626246,Boban Marjanovic,1610612765,DET,35,16,19,293,2,5,0.4,4,,,,0.4
2016-17,201628,Bobby Brown,1610612745,HOU,25,18,7,123,14,39,0.359,34,6,20,0.3,0.436
2016-17,1626171,Bobby Portis Jr.,1610612741,CHI,64,30,34,1000,25,69,0.362,50,0,3,0,0.362
2016-17,202711,Bojan Bogdanovic,1610612764,WAS,81,23,58,2083,58,174,0.333,141,25,83,0.301,0.405
2016-17,2564,Boris Diaw,1610612762,UTA,73,45,28,1283,21,64,0.328,43,1,7,0.143,0.336
2016-17,203078,Bradley Beal,1610612764,WAS,77,48,29,2684,198,439,0.451,455,59,160,0.369,0.518
2016-17,201148,Brandan Wright,1610612763,MEM,28,14,14,447,1,7,0.143,2,0,1,0,0.143
2016-17,101138,Brandon Bass,1610612746,LAC,52,29,23,577,7,17,0.412,14,0,0,,0.412
2016-17,1627742,Brandon Ingram,1610612747,LAL,79,26,53,2279,72,217,0.332,146,2,19,0.105,0.336
2016-17,201943,Brandon Jennings,1610612764,WAS,81,37,44,1801,90,279,0.323,225,45,155,0.29,0.403
2016-17,202688,Brandon Knight,1610612756,PHX,54,16,38,1140,91,241,0.378,203,21,62,0.339,0.421
2016-17,201575,Brandon Rush,1610612750,MIN,47,15,32,1030,8,30,0.267,16,0,3,0,0.267
2016-17,203148,Brian Roberts,1610612766,CHA,41,16,25,416,20,63,0.317,43,3,17,0.176,0.341
2016-17,1627362,Briante Weber,1610612766,CHA,20,12,8,205,7,22,0.318,15,1,7,0.143,0.341
2016-17,1627744,Brice Johnson,1610612746,LAC,3,1,2,9,0,1,0,0,,,,0
2016-17,201572,Brook Lopez,1610612751,BKN,75,20,55,2222,52,140,0.371,112,8,20,0.4,0.4
2016-17,203998,Bruno Caboclo,1610612761,TOR,9,8,1,40,2,4,0.5,4,0,1,0,0.5
2016-17,1627854,Bryn Forbes,1610612759,SAS,36,24,12,285,17,40,0.425,38,4,13,0.308,0.475
2016-17,1627741,Buddy Hield,1610612758,SAC,82,31,51,1888,114,299,0.381,273,45,135,0.333,0.457
2016-17,201228,C.J. Watson,1610612753,ORL,62,20,42,1013,44,107,0.411,103,15,35,0.429,0.481
2016-17,203912,C.J. Wilcox,1610612753,ORL,22,8,14,108,2,10,0.2,4,0,1,0,0.2
2016-17,203468,CJ McCollum,1610612757,POR,80,40,40,2796,311,666,0.467,688,66,154,0.429,0.517
2016-17,101139,CJ Miles,1610612754,IND,76,39,37,1776,35,94,0.372,79,9,33,0.273,0.42
2016-17,1626166,Cameron Payne,1610612741,CHI,31,16,15,462,25,89,0.281,55,5,27,0.185,0.309
2016-17,1627747,Caris LeVert,1610612751,BKN,57,15,42,1237,47,116,0.405,113,19,61,0.311,0.487
2016-17,2546,Carmelo Anthony,1610612752,NYK,74,29,45,2538,268,666,0.402,570,34,146,0.233,0.428
2016-17,202718,Chandler Parsons,1610612763,MEM,34,18,16,675,13,54,0.241,32,6,19,0.316,0.296
2016-17,101112,Channing Frye,1610612739,CLE,74,44,30,1398,22,46,0.478,48,4,9,0.444,0.522
2016-17,1626184,Chasson Randle,1610612752,NYK,26,8,18,299,10,22,0.455,25,5,14,0.357,0.568
2016-17,1627767,Cheick Diallo,1610612740,NOP,17,9,8,199,3,9,0.333,6,,,,0.333
2016-17,1627778,Chinanu Onuaku,1610612745,HOU,5,2,3,52,0,0,,0,,,,
2016-17,2365,Chris Andersen,1610612739,CLE,12,8,4,114,1,2,0.5,2,0,0,,0.5
2016-17,1626191,Chris McCullough,1610612764,WAS,16,1,15,80,1,4,0.25,2,0,1,0,0.25
2016-17,101108,Chris Paul,1610612746,LAC,61,43,18,1921,262,573,0.457,606,82,213,0.385,0.529
2016-17,1626174,Christian Wood,1610612766,CHA,13,5,8,107,0,1,0,0,0,0,,0
2016-17,203991,Clint Capela,1610612745,HOU,65,44,21,1551,0,0,,0,,,,
2016-17,203469,Cody Zeller,1610612766,CHA,62,33,29,1725,9,19,0.474,18,0,0,,0.474
2016-17,202332,Cole Aldrich,1610612750,MIN,62,23,39,531,0,1,0,0,,,,0
2016-17,201147,Corey Brewer,1610612747,LAL,82,47,35,1281,12,29,0.414,26,2,8,0.25,0.448
2016-17,202709,Cory Joseph,1610612761,TOR,80,49,31,2003,91,232,0.392,185,3,16,0.188,0.399
2016-17,201584,Courtney Lee,1610612752,NYK,77,29,48,2459,114,248,0.46,241,13,35,0.371,0.486
2016-17,1626245,Cristiano Felicio,1610612741,CHI,66,31,35,1040,4,9,0.444,8,,,,0.444
2016-17,1626156,D'Angelo Russell,1610612747,LAL,63,21,42,1811,150,406,0.369,361,61,181,0.337,0.445
2016-17,201571,D.J. Augustin,1610612753,ORL,78,29,49,1538,81,232,0.349,199,37,122,0.303,0.429
2016-17,2563,Dahntay Jones,1610612739,CLE,1,0,1,12,1,1,1,2,0,0,,1
2016-17,1627745,Damian Jones,1610612744,GSW,10,7,3,85,0,0,,0,,,,
2016-17,203081,Damian Lillard,1610612757,POR,75,38,37,2693,265,687,0.386,656,126,359,0.351,0.477
2016-17,204014,Damjan Rudez,1610612753,ORL,45,12,33,314,7,18,0.389,17,3,7,0.429,0.472
2016-17,1627849,Daniel Ochefu,1610612764,WAS,19,12,7,75,0,0,,0,,,,
2016-17,201568,Danilo Gallinari,1610612743,DEN,63,31,32,2134,68,201,0.338,148,12,48,0.25,0.368
2016-17,201980,Danny Green,1610612759,SAS,68,51,17,1807,34,96,0.354,85,17,47,0.362,0.443
2016-17,201967,Dante Cunningham,1610612740,NOP,66,28,38,1649,2,13,0.154,4,0,5,0,0.154
2016-17,203957,Dante Exum,1610612762,UTA,66,40,26,1228,8,34,0.235,17,1,15,0.067,0.25
2016-17,1627863,Danuel House Jr.,1610612764,WAS,1,0,1,1,0,0,,0,,,,
2016-17,203967,Dario Saric,1610612755,PHI,81,28,53,2129,40,148,0.27,86,6,34,0.176,0.291
2016-17,201589,Darrell Arthur,1610612743,DEN,41,20,21,639,8,27,0.296,17,1,3,0.333,0.315
2016-17,201954,Darren Collison,1610612758,SAC,68,26,42,2063,135,313,0.431,290,20,62,0.323,0.463
2016-17,1626199,Darrun Hilliard,1610612765,DET,39,19,20,381,23,58,0.397,49,3,14,0.214,0.422
2016-17,101135,David Lee,1610612759,SAS,79,58,21,1477,8,22,0.364,16,,,,0.364
2016-17,1628021,David Nwaba,1610612747,LAL,20,5,15,397,0,4,0,0,0,0,,0
2016-17,2561,David West,1610612744,GSW,68,56,12,854,2,8,0.25,4,0,1,0,0.25
2016-17,202722,Davis Bertans,1610612759,SAS,67,51,16,808,9,24,0.375,22,4,13,0.308,0.458
2016-17,201599,DeAndre Jordan,1610612746,LAC,81,51,30,2570,0,0,,0,0,0,,
2016-17,202732,DeAndre Liggins,1610612742,DAL,62,40,22,777,4,23,0.174,9,1,4,0.25,0.196
2016-17,1627761,DeAndre' Bembry,1610612737,ATL,38,20,18,371,6,13,0.462,12,0,1,0,0.462
2016-17,201942,DeMar DeRozan,1610612761,TOR,74,47,27,2620,348,793,0.439,702,6,38,0.158,0.443
2016-17,202326,DeMarcus Cousins,1610612740,NOP,72,30,42,2465,75,204,0.368,167,17,42,0.405,0.409
2016-17,201960,DeMarre Carroll,1610612761,TOR,72,44,28,1881,26,72,0.361,60,8,21,0.381,0.417
2016-17,1627749,Dejounte Murray,1610612759,SAS,38,29,9,321,8,28,0.286,17,1,4,0.25,0.304
2016-17,1626153,Delon Wright,1610612761,TOR,27,19,8,446,5,27,0.185,14,4,13,0.308,0.259
2016-17,1627743,Demetrius Jackson,1610612738,BOS,5,1,4,17,1,1,1,2,0,0,,1
2016-17,203471,Dennis Schröder,1610612737,ATL,79,42,37,2485,149,399,0.373,336,38,133,0.286,0.421
2016-17,1627756,Denzel Valentine,1610612741,CHI,57,28,29,977,27,93,0.29,69,15,53,0.283,0.371
2016-17,101114,Deron Williams,1610612739,CLE,64,25,39,1657,112,260,0.431,251,27,90,0.3,0.483
2016-17,202324,Derrick Favors,1610612762,UTA,50,33,17,1186,6,21,0.286,12,0,0,,0.286
2016-17,1627884,Derrick Jones Jr.,1610612756,PHX,32,7,25,545,5,17,0.294,11,1,2,0.5,0.324
2016-17,201565,Derrick Rose,1610612752,NYK,64,26,38,2082,147,346,0.425,298,4,17,0.235,0.431
2016-17,202682,Derrick Williams,1610612739,CLE,50,16,34,804,15,33,0.455,33,3,10,0.3,0.5
2016-17,1626164,Devin Booker,1610612756,PHX,78,24,54,2731,226,579,0.39,495,43,131,0.328,0.427
2016-17,2734,Devin Harris,1610612742,DAL,65,29,36,1087,31,90,0.344,75,13,51,0.255,0.417
2016-17,203473,Dewayne Dedmon,1610612759,SAS,76,55,21,1330,1,4,0.25,2,,,,0.25
2016-17,1627738,Deyonta Davis,1610612763,MEM,36,23,13,238,0,0,,0,,,,
2016-17,1627754,Diamond Stone,1610612746,LAC,7,6,1,24,1,2,0.5,2,,,,0.5
2016-17,203079,Dion Waiters,1610612748,MIA,46,27,19,1384,76,213,0.357,171,19,66,0.288,0.401
2016-17,1717,Dirk Nowitzki,1610612742,DAL,54,23,31,1424,55,138,0.399,111,1,11,0.091,0.402
2016-17,1627734,Domantas Sabonis,1610612760,OKC,81,46,35,1631,2,9,0.222,4,0,0,,0.222
2016-17,202700,Donatas Motiejunas,1610612740,NOP,34,16,18,479,1,6,0.167,2,0,2,0,0.167
2016-17,1627827,Dorian Finney-Smith,1610612742,DAL,81,33,48,1642,8,32,0.25,18,2,10,0.2,0.281
2016-17,203926,Doug McDermott,1610612760,OKC,66,35,31,1508,50,114,0.439,103,3,7,0.429,0.452
2016-17,1627733,Dragan Bender,1610612756,PHX,43,13,30,574,3,12,0.25,6,0,1,0,0.25
2016-17,203110,Draymond Green,1610612744,GSW,76,62,14,2471,8,33,0.242,17,1,11,0.091,0.258
2016-17,2730,Dwight Howard,1610612737,ATL,74,37,37,2199,0,2,0,0,0,0,,0
2016-17,203939,Dwight Powell,1610612742,DAL,77,30,47,1333,4,17,0.235,8,0,4,0,0.235
2016-17,2548,Dwyane Wade,1610612741,CHI,60,29,31,1792,187,488,0.383,401,27,84,0.321,0.411
2016-17,202734,E'Twaun Moore,1610612740,NOP,73,32,41,1820,76,190,0.4,165,13,29,0.448,0.434
2016-17,202334,Ed Davis,1610612757,POR,46,19,27,789,0,0,,0,,,,
2016-17,204002,Edy Tavares,1610612739,CLE,2,1,1,28,0,0,,0,,,,
2016-17,203901,Elfrid Payton,1610612753,ORL,82,29,53,2412,70,181,0.387,145,5,14,0.357,0.401
2016-17,202407,Elijah Millsap,1610612756,PHX,2,1,1,23,0,4,0,0,0,2,0,0
2016-17,1626144,Emmanuel Mudiay,1610612743,DEN,55,25,30,1406,41,153,0.268,89,7,43,0.163,0.291
2016-17,202683,Enes Freedom,1610612760,OKC,72,43,29,1533,6,25,0.24,12,0,1,0,0.24
2016-17,202339,Eric Bledsoe,1610612756,PHX,66,22,44,2176,157,457,0.344,367,53,170,0.312,0.402
2016-17,201569,Eric Gordon,1610612745,HOU,75,50,25,2323,76,210,0.362,209,57,150,0.38,0.498
2016-17,101141,Ersan Ilyasova,1610612737,ATL,82,35,47,2142,43,152,0.283,101,15,71,0.211,0.332
2016-17,203095,Evan Fournier,1610612753,ORL,68,23,45,2234,96,245,0.392,223,31,99,0.313,0.455
2016-17,202323,Evan Turner,1610612757,POR,65,34,31,1659,98,243,0.403,200,4,11,0.364,0.412
2016-17,1626163,Frank Kaminsky,1610612766,CHA,75,31,44,1954,17,92,0.185,35,1,9,0.111,0.19
2016-17,1627832,Fred VanVleet,1610612761,TOR,37,25,12,294,9,23,0.391,20,2,6,0.333,0.435
2016-17,202066,Garrett Temple,1610612758,SAC,65,25,40,1728,37,122,0.303,82,8,34,0.235,0.336
2016-17,203914,Gary Harris,1610612743,DEN,57,29,28,1782,33,104,0.317,75,9,40,0.225,0.361
2016-17,202390,Gary Neal,1610612737,ATL,2,1,1,18,0,5,0,0,0,1,0,0
2016-17,1627780,Gary Payton II,1610612749,MIL,6,2,4,99,1,4,0.25,2,0,1,0,0.25
2016-17,201588,George Hill,1610612762,UTA,49,33,16,1544,110,252,0.437,257,37,88,0.42,0.51
2016-17,1627777,Georges Niang,1610612754,IND,23,11,12,93,0,5,0,0,0,0,,0
2016-17,1627834,Georgios Papagiannis,1610612758,SAC,22,7,15,355,0,4,0,0,0,2,0,0
2016-17,101123,Gerald Green,1610612738,BOS,47,32,15,538,33,84,0.393,73,7,27,0.259,0.435
2016-17,201945,Gerald Henderson,1610612755,PHI,72,24,48,1667,72,187,0.385,149,5,21,0.238,0.398
2016-17,203507,Giannis Antetokounmpo,1610612749,MIL,80,42,38,2845,105,313,0.335,225,15,61,0.246,0.359
2016-17,203922,Glenn Robinson III,1610612754,IND,69,35,34,1427,24,63,0.381,50,2,7,0.286,0.397
2016-17,201609,Goran Dragic,1610612748,MIA,73,40,33,2459,163,406,0.401,368,42,100,0.42,0.453
2016-17,202330,Gordon Hayward,1610612762,UTA,73,46,27,2516,183,439,0.417,416,50,121,0.413,0.474
2016-17,203476,Gorgui Dieng,1610612750,MIN,82,31,51,2653,22,61,0.361,45,1,6,0.167,0.369
2016-17,202328,Greg Monroe,1610612749,MIL,81,42,39,1823,3,8,0.375,6,0,1,0,0.375
2016-17,202349,Greivis Vasquez,1610612751,BKN,3,1,2,39,2,4,0.5,5,1,2,0.5,0.625
2016-17,203084,Harrison Barnes,1610612742,DAL,79,32,47,2804,184,435,0.423,376,8,26,0.308,0.432
2016-17,202355,Hassan Whiteside,1610612748,MIA,77,39,38,2513,19,48,0.396,38,,,,0.396
2016-17,1627740,Henry Ellenson,1610612765,DET,19,8,11,146,1,6,0.167,2,0,0,,0.167
2016-17,203138,Hollis Thompson,1610612740,NOP,40,12,28,752,10,26,0.385,22,2,4,0.5,0.423
2016-17,203546,Ian Clark,1610612744,GSW,77,63,14,1137,55,129,0.426,120,10,38,0.263,0.465
2016-17,101133,Ian Mahinmi,1610612764,WAS,31,19,12,555,1,1,1,2,,,,1
2016-17,202697,Iman Shumpert,1610612739,CLE,76,48,28,1937,72,161,0.447,162,18,42,0.429,0.503
2016-17,203477,Isaiah Canaan,1610612741,CHI,39,19,20,592,14,49,0.286,32,4,22,0.182,0.327
2016-17,1627819,Isaiah Taylor,1610612745,HOU,4,3,1,52,1,3,0.333,2,0,1,0,0.333
2016-17,202738,Isaiah Thomas,1610612738,BOS,76,51,25,2569,214,525,0.408,552,124,353,0.351,0.526
2016-17,1627785,Isaiah Whitehead,1610612751,BKN,73,17,56,1643,32,134,0.239,75,11,61,0.18,0.28
2016-17,202397,Ish Smith,1610612765,DET,81,37,44,1955,139,342,0.406,284,6,37,0.162,0.415
2016-17,1627826,Ivica Zubac,1610612747,LAL,38,8,30,609,2,5,0.4,4,0,0,,0.4
2016-17,200826,J.J. Barea,1610612742,DAL,35,11,24,771,65,178,0.365,160,30,93,0.323,0.449
2016-17,200755,JJ Redick,1610612746,LAC,78,50,28,2198,135,323,0.418,316,46,123,0.374,0.489
2016-17,2747,JR Smith,1610612739,CLE,41,25,16,1187,30,93,0.323,76,16,47,0.34,0.409
2016-17,203210,JaMychal Green,1610612763,MEM,77,40,37,2101,9,28,0.321,19,1,5,0.2,0.339
2016-17,201580,JaVale McGee,1610612744,GSW,77,62,15,739,1,7,0.143,2,0,0,,0.143
2016-17,203953,Jabari Parker,1610612749,MIL,51,22,29,1728,43,137,0.314,89,3,12,0.25,0.325
2016-17,203109,Jae Crowder,1610612738,BOS,72,48,24,2335,59,164,0.36,147,29,72,0.403,0.448
2016-17,1626143,Jahlil Okafor,1610612755,PHI,50,15,35,1134,28,82,0.341,56,,,,0.341
2016-17,1627774,Jake Layman,1610612757,POR,35,16,19,249,5,13,0.385,12,2,7,0.286,0.462
2016-17,1627751,Jakob Poeltl,1610612761,TOR,54,38,16,626,0,0,,0,,,,
2016-17,2037,Jamal Crawford,1610612746,LAC,82,51,31,2157,215,515,0.417,490,60,163,0.368,0.476
2016-17,1627750,Jamal Murray,1610612743,DEN,82,40,42,1765,94,283,0.332,226,38,132,0.288,0.399
2016-17,2749,Jameer Nelson,1610612743,DEN,75,34,41,2045,97,260,0.373,231,37,114,0.325,0.444
2016-17,203516,James Ennis III,1610612763,MEM,64,32,32,1501,14,37,0.378,35,7,18,0.389,0.473
2016-17,201935,James Harden,1610612745,HOU,81,54,27,2947,269,754,0.357,719,181,546,0.332,0.477
2016-17,201949,James Johnson,1610612748,MIA,76,40,36,2085,53,147,0.361,114,8,45,0.178,0.388
2016-17,2592,James Jones,1610612739,CLE,48,28,20,381,13,21,0.619,33,7,10,0.7,0.786
2016-17,203949,James Michael McAdoo,1610612744,GSW,52,43,9,457,3,9,0.333,6,0,0,,0.333
2016-17,203923,James Young,1610612738,BOS,29,16,13,220,2,7,0.286,5,1,1,1,0.357
2016-17,201162,Jared Dudley,1610612756,PHX,64,17,47,1362,17,35,0.486,38,4,6,0.667,0.543
2016-17,203096,Jared Sullinger,1610612761,TOR,11,2,9,118,1,2,0.5,2,0,0,,0.5
2016-17,204067,Jarell Eddie,1610612756,PHX,5,0,5,62,0,4,0,0,0,3,0,0
2016-17,1626185,Jarell Martin,1610612763,MEM,42,23,19,558,6,10,0.6,12,0,1,0,0.6
2016-17,203950,Jarnell Stokes,1610612743,DEN,2,0,2,7,0,0,,0,,,,
2016-17,101127,Jarrett Jack,1610612740,NOP,2,1,1,33,1,2,0.5,2,0,1,0,0.5
2016-17,1627784,Jarrod Uthoff,1610612742,DAL,9,2,7,115,2,5,0.4,4,0,0,,0.4
2016-17,201160,Jason Smith,1610612764,WAS,74,45,29,1068,5,11,0.455,10,0,0,,0.455
2016-17,1891,Jason Terry,1610612749,MIL,74,37,37,1365,16,41,0.39,39,7,18,0.389,0.476
2016-17,1627759,Jaylen Brown,1610612738,BOS,78,50,28,1341,19,76,0.25,39,1,13,0.077,0.257
2016-17,201145,Jeff Green,1610612753,ORL,69,26,43,1534,53,148,0.358,114,8,32,0.25,0.385
2016-17,201952,Jeff Teague,1610612754,IND,82,42,40,2657,119,294,0.405,278,40,123,0.325,0.473
2016-17,203481,Jeff Withey,1610612762,UTA,51,33,18,432,0,0,,0,0,0,,
2016-17,203924,Jerami Grant,1610612760,OKC,80,43,37,1531,4,24,0.167,8,0,1,0,0.167
2016-17,203087,Jeremy Lamb,1610612766,CHA,62,27,35,1143,66,185,0.357,142,10,48,0.208,0.384
2016-17,202391,Jeremy Lin,1610612751,BKN,36,13,23,883,64,159,0.403,154,26,74,0.351,0.484
2016-17,1626170,Jerian Grant,1610612741,CHI,63,29,34,1028,47,120,0.392,107,13,36,0.361,0.446
2016-17,201573,Jerryd Bayless,1610612755,PHI,3,1,2,71,3,16,0.188,8,2,5,0.4,0.25
2016-17,202710,Jimmy Butler III,1610612741,CHI,76,40,36,2809,202,560,0.361,440,36,114,0.316,0.393
2016-17,201149,Joakim Noah,1610612752,NYK,46,17,29,1015,0,1,0,0,0,0,,0
2016-17,201975,Jodie Meeks,1610612753,ORL,36,14,22,738,21,75,0.28,46,4,22,0.182,0.307
2016-17,203925,Joe Harris,1610612751,BKN,52,10,42,1138,16,53,0.302,45,13,37,0.351,0.425
2016-17,204060,Joe Ingles,1610612762,UTA,82,51,31,1972,40,124,0.323,109,29,73,0.397,0.44
2016-17,2207,Joe Johnson,1610612762,UTA,78,47,31,1843,94,243,0.387,207,19,51,0.373,0.426
2016-17,1626202,Joe Young,1610612754,IND,33,18,15,135,15,40,0.375,32,2,12,0.167,0.4
2016-17,201202,Joel Anthony,1610612759,SAS,19,15,4,122,0,0,,0,,,,
2016-17,1627762,Joel Bolomboy,1610612762,UTA,12,8,4,53,0,1,0,0,0,0,,0
2016-17,203954,Joel Embiid,1610612755,PHI,31,13,18,786,21,69,0.304,45,3,9,0.333,0.326
2016-17,203530,Joffrey Lauvergne,1610612741,CHI,70,41,29,980,1,9,0.111,2,0,1,0,0.111
2016-17,203089,John Henson,1610612749,MIL,58,26,32,1123,0,4,0,0,0,0,,0
2016-17,203098,John Jenkins,1610612756,PHX,4,0,4,13,1,3,0.333,3,1,1,1,0.5
2016-17,101249,John Lucas III,1610612750,MIN,5,3,2,11,0,3,0,0,0,1,0,0
2016-17,202322,John Wall,1610612764,WAS,78,48,30,2835,245,647,0.379,530,40,133,0.301,0.41
2016-17,203948,Johnny O'Bryant III,1610612766,CHA,11,4,7,81,1,4,0.25,2,0,0,,0.25
2016-17,202720,Jon Leuer,1610612765,DET,75,34,41,1944,39,105,0.371,78,0,1,0,0.371
2016-17,201973,Jonas Jerebko,1610612738,BOS,78,51,27,1232,8,18,0.444,16,0,2,0,0.444
2016-17,202685,Jonas Valanciunas,1610612761,TOR,80,50,30,2065,6,19,0.316,12,0,0,,0.316
2016-17,1626780,Jonathan Gibson,1610612742,DAL,17,4,13,231,13,40,0.325,29,3,15,0.2,0.363
2016-17,203613,Jonathon Simmons,1610612759,SAS,78,60,18,1392,41,127,0.323,85,3,20,0.15,0.335
2016-17,203903,Jordan Clarkson,1610612747,LAL,82,26,56,2397,142,386,0.368,328,44,147,0.299,0.425
2016-17,202348,Jordan Crawford,1610612740,NOP,19,9,10,442,42,96,0.438,93,9,31,0.29,0.484
2016-17,200770,Jordan Farmar,1610612758,SAC,2,1,1,35,1,1,1,3,1,1,1,1.5
2016-17,201941,Jordan Hill,1610612750,MIN,7,2,5,47,1,2,0.5,2,,,,0.5
2016-17,203895,Jordan McRae,1610612739,CLE,37,26,11,384,18,49,0.367,37,1,9,0.111,0.378
2016-17,1626175,Jordan Mickey,1610612738,BOS,25,9,16,141,0,1,0,0,0,0,,0
2016-17,101181,Jose Calderon,1610612737,ATL,41,15,26,539,20,53,0.377,42,2,9,0.222,0.396
2016-17,203962,Josh Huestis,1610612760,OKC,2,0,2,31,0,1,0,0,0,0,,0
2016-17,201177,Josh McRoberts,1610612748,MIA,22,6,16,381,2,15,0.133,4,0,0,,0.133
2016-17,1626196,Josh Richardson,1610612748,MIA,53,23,30,1614,60,140,0.429,132,12,28,0.429,0.471
2016-17,201950,Jrue Holiday,1610612740,NOP,67,32,35,2190,156,406,0.384,383,71,191,0.372,0.472
2016-17,1627823,Juancho Hernangomez,1610612743,DEN,62,30,32,842,1,12,0.083,2,0,1,0,0.083
2016-17,203944,Julius Randle,1610612747,LAL,74,24,50,2132,36,96,0.375,73,1,6,0.167,0.38
2016-17,1626147,Justin Anderson,1610612755,PHI,75,24,51,1227,12,59,0.203,29,5,24,0.208,0.246
2016-17,203120,Justin Hamilton,1610612751,BKN,64,14,50,1177,2,9,0.222,4,0,0,,0.222
2016-17,202712,Justin Harper,1610612755,PHI,3,1,2,31,0,0,,0,0,0,,
2016-17,203200,Justin Holiday,1610612752,NYK,82,31,51,1639,48,120,0.4,105,9,28,0.321,0.438
2016-17,1626159,Justise Winslow,1610612748,MIA,18,4,14,625,13,49,0.265,26,0,3,0,0.265
2016-17,203994,Jusuf Nurkić,1610612757,POR,65,34,31,1391,3,12,0.25,6,0,0,,0.25
2016-17,203909,KJ McDaniels,1610612751,BKN,49,28,21,506,6,20,0.3,13,1,5,0.2,0.325
2016-17,1626157,Karl-Anthony Towns,1610612750,MIN,82,31,51,3030,39,104,0.375,83,5,22,0.227,0.399
2016-17,202695,Kawhi Leonard,1610612759,SAS,74,54,20,2474,249,586,0.425,540,42,138,0.304,0.461
2016-17,1627770,Kay Felder,1610612739,CLE,42,25,17,386,27,76,0.355,56,2,11,0.182,0.368
2016-17,203482,Kelly Olynyk,1610612738,BOS,75,49,26,1538,21,65,0.323,47,5,14,0.357,0.362
2016-17,1626162,Kelly Oubre Jr.,1610612764,WAS,79,47,32,1605,23,62,0.371,50,4,16,0.25,0.403
2016-17,202689,Kemba Walker,1610612766,CHA,79,36,43,2739,264,686,0.385,666,138,376,0.367,0.485
2016-17,202702,Kenneth Faried,1610612743,DEN,61,29,32,1296,4,18,0.222,8,0,2,0,0.222
2016-17,203145,Kent Bazemore,1610612737,ATL,73,39,34,1963,86,219,0.393,194,22,65,0.338,0.443
2016-17,203484,Kentavious Caldwell-Pope,1610612765,DET,76,33,43,2528,142,398,0.357,331,47,147,0.32,0.416
2016-17,201142,Kevin Durant,1610612744,GSW,62,51,11,2070,128,312,0.41,281,25,93,0.269,0.45
2016-17,201567,Kevin Love,1610612739,CLE,60,40,20,1885,32,100,0.32,67,3,24,0.125,0.335
2016-17,202338,Kevin Seraphin,1610612754,IND,49,23,26,559,6,17,0.353,12,0,0,,0.353
2016-17,1626172,Kevon Looney,1610612744,GSW,53,44,9,447,0,2,0,0,0,0,,0
2016-17,203114,Khris Middleton,1610612749,MIL,29,19,10,889,51,129,0.395,106,4,16,0.25,0.411
2016-17,202691,Klay Thompson,1610612744,GSW,78,66,12,2649,127,329,0.386,277,23,83,0.277,0.421
2016-17,201585,Kosta Koufos,1610612758,SAC,71,27,44,1419,4,13,0.308,8,0,1,0,0.308
2016-17,1627739,Kris Dunn,1610612750,MIN,78,30,48,1333,43,124,0.347,93,7,17,0.412,0.375
2016-17,2743,Kris Humphries,1610612737,ATL,56,31,25,689,4,11,0.364,8,0,1,0,0.364
2016-17,204001,Kristaps Porziņģis,1610612752,NYK,66,26,40,2164,91,216,0.421,187,5,14,0.357,0.433
2016-17,203937,Kyle Anderson,1610612759,SAS,72,53,19,1020,7,32,0.219,14,0,0,,0.219
2016-17,2594,Kyle Korver,1610612739,CLE,67,33,34,1753,50,120,0.417,124,24,62,0.387,0.517
2016-17,200768,Kyle Lowry,1610612761,TOR,60,36,24,2244,163,381,0.428,436,110,262,0.42,0.572
2016-17,203124,Kyle O'Quinn,1610612752,NYK,79,29,50,1229,7,28,0.25,14,0,4,0,0.25
2016-17,202713,Kyle Singler,1610612760,OKC,32,15,17,385,3,7,0.429,7,1,2,0.5,0.5
2016-17,1627787,Kyle Wiltjer,1610612745,HOU,14,12,2,44,1,3,0.333,3,1,2,0.5,0.5
2016-17,202681,Kyrie Irving,1610612739,CLE,72,47,25,2525,279,655,0.426,643,85,244,0.348,0.491
2016-17,200746,LaMarcus Aldridge,1610612759,SAS,72,52,20,2335,79,219,0.361,160,2,5,0.4,0.365
2016-17,203934,Lamar Patterson,1610612737,ATL,5,1,4,40,0,4,0,0,0,3,0,0
2016-17,202362,Lance Stephenson,1610612754,IND,18,8,10,362,19,56,0.339,39,1,6,0.167,0.348
2016-17,202498,Lance Thomas,1610612752,NYK,46,15,31,968,15,48,0.313,31,1,2,0.5,0.323
2016-17,204038,Langston Galloway,1610612758,SAC,74,29,45,1494,53,166,0.319,116,10,45,0.222,0.349
2016-17,1626204,Larry Nance Jr.,1610612747,LAL,63,21,42,1442,4,16,0.25,8,0,2,0,0.25
2016-17,202336,Larry Sanders,1610612739,CLE,5,2,3,13,0,0,,0,,,,
2016-17,202730,Lavoy Allen,1610612754,IND,61,31,30,871,2,5,0.4,4,0,0,,0.4
2016-17,2544,LeBron James,1610612739,CLE,74,51,23,2795,163,443,0.368,392,66,189,0.349,0.442
2016-17,2571,Leandro Barbosa,1610612756,PHX,67,20,47,963,47,121,0.388,101,7,17,0.412,0.417
2016-17,101150,Lou Williams,1610612745,HOU,81,34,47,1993,153,418,0.366,383,77,223,0.345,0.458
2016-17,201601,Luc Mbah a Moute,1610612746,LAC,80,49,31,1787,16,34,0.471,34,2,4,0.5,0.5
2016-17,203512,Lucas Nogueira,1610612761,TOR,57,34,23,1088,0,2,0,0,0,2,0,0
2016-17,2449,Luis Scola,1610612751,BKN,36,7,29,461,5,9,0.556,11,1,2,0.5,0.611
2016-17,202337,Luke Babbitt,1610612748,MIA,68,35,33,1065,20,46,0.435,46,6,12,0.5,0.5
2016-17,2736,Luol Deng,1610612747,LAL,56,18,38,1486,30,111,0.27,68,8,31,0.258,0.306
2016-17,1627781,Malachi Richardson,1610612758,SAC,22,9,13,198,16,38,0.421,35,3,14,0.214,0.461
2016-17,1627763,Malcolm Brogdon,1610612749,MIL,75,38,37,1982,52,149,0.349,115,11,41,0.268,0.386
2016-17,1627098,Malcolm Delaney,1610612737,ATL,73,37,36,1248,92,222,0.414,190,6,30,0.2,0.428
2016-17,1627736,Malik Beasley,1610612743,DEN,22,12,10,165,4,11,0.364,9,1,3,0.333,0.409
2016-17,202412,Manny Harris,1610612742,DAL,4,1,3,25,1,5,0.2,2,0,0,,0.2
2016-17,1938,Manu Ginobili,1610612759,SAS,69,51,18,1291,39,116,0.336,98,20,51,0.392,0.422
2016-17,201188,Marc Gasol,1610612763,MEM,74,40,34,2531,76,189,0.402,154,2,10,0.2,0.407
2016-17,1626273,Marcelo Huertas,1610612747,LAL,23,5,18,237,11,33,0.333,24,2,10,0.2,0.364
2016-17,101162,Marcin Gortat,1610612764,WAS,82,49,33,2555,15,35,0.429,30,0,0,,0.429
2016-17,201158,Marco Belinelli,1610612766,CHA,74,34,40,1778,82,223,0.368,188,24,90,0.267,0.422
2016-17,1627875,Marcus Georges-Hunt,1610612753,ORL,5,2,3,48,0,2,0,0,0,1,0,0
2016-17,202694,Marcus Morris Sr.,1610612765,DET,79,36,43,2565,180,451,0.399,377,17,74,0.23,0.418
2016-17,203935,Marcus Smart,1610612738,BOS,79,51,28,2399,53,172,0.308,118,12,70,0.171,0.343
2016-17,201977,Marcus Thornton,1610612764,WAS,33,15,18,575,23,68,0.338,57,11,27,0.407,0.419
2016-17,1626209,Mario Hezonja,1610612753,ORL,65,20,45,960,25,78,0.321,56,6,19,0.316,0.359
2016-17,202693,Markieff Morris,1610612764,WAS,76,45,31,2374,69,160,0.431,143,5,11,0.455,0.447
2016-17,1627737,Marquese Chriss,1610612756,PHX,82,24,58,1743,5,24,0.208,11,1,1,1,0.229
2016-17,201578,Marreese Speights,1610612746,LAC,82,51,31,1286,19,47,0.404,40,2,8,0.25,0.426
2016-17,1627850,Marshall Plumlee,1610612752,NYK,21,6,15,170,0,2,0,0,,,,0
2016-17,101107,Marvin Williams,1610612766,CHA,76,32,44,2295,22,65,0.338,47,3,7,0.429,0.362
2016-17,203486,Mason Plumlee,1610612743,DEN,81,38,43,2148,18,70,0.257,36,0,3,0,0.257
2016-17,2440,Matt Barnes,1610612744,GSW,74,38,36,1776,15,55,0.273,39,9,35,0.257,0.355
2016-17,203521,Matthew Dellavedova,1610612749,MIL,76,39,37,1986,63,162,0.389,140,14,37,0.378,0.432
2016-17,203090,Maurice Harkless,1610612757,POR,77,38,39,2223,10,34,0.294,20,0,10,0,0.294
2016-17,1626254,Maurice Ndour,1610612752,NYK,32,10,22,331,2,17,0.118,4,0,0,,0.118
2016-17,1897,Metta World Peace,1610612747,LAL,25,8,17,160,6,20,0.3,13,1,6,0.167,0.325
2016-17,203086,Meyers Leonard,1610612757,POR,74,37,37,1222,12,39,0.308,25,1,10,0.1,0.321
2016-17,201563,Michael Beasley,1610612749,MIL,56,23,33,935,44,97,0.454,88,0,3,0,0.454
2016-17,203487,Michael Carter-Williams,1610612741,CHI,45,25,20,846,17,73,0.233,35,1,8,0.125,0.24
2016-17,1627771,Michael Gbinije,1610612765,DET,9,7,2,32,0,3,0,0,0,1,0,0
2016-17,203077,Michael Kidd-Gilchrist,1610612766,CHA,81,36,45,2349,76,185,0.411,152,0,1,0,0.411
2016-17,201144,Mike Conley,1610612763,MEM,69,35,34,2292,203,492,0.413,503,97,248,0.391,0.511
2016-17,2399,Mike Dunleavy,1610612737,ATL,53,34,19,841,13,35,0.371,32,6,15,0.4,0.457
2016-17,2034,Mike Miller,1610612743,DEN,20,9,11,151,1,3,0.333,3,1,2,0.5,0.5
2016-17,203488,Mike Muscala,1610612737,ATL,70,36,34,1237,2,11,0.182,4,0,0,,0.182
2016-17,203118,Mike Scott,1610612737,ATL,18,7,11,195,2,7,0.286,5,1,2,0.5,0.357
2016-17,1627861,Mike Tobey,1610612766,CHA,2,0,2,25,0,0,,0,,,,
2016-17,203101,Miles Plumlee,1610612766,CHA,45,19,26,485,0,3,0,0,,,,0
2016-17,1627851,Mindaugas Kuzminskas,1610612752,NYK,68,24,44,1016,9,28,0.321,23,5,16,0.313,0.411
2016-17,203141,Mirza Teletovic,1610612749,MIL,70,36,34,1133,21,61,0.344,48,6,25,0.24,0.393
2016-17,101145,Monta Ellis,1610612754,IND,74,39,35,1998,66,181,0.365,139,7,17,0.412,0.384
2016-17,1626149,Montrezl Harrell,1610612745,HOU,58,39,19,1064,3,6,0.5,7,1,1,1,0.583
2016-17,1626167,Myles Turner,1610612754,IND,81,42,39,2541,22,55,0.4,46,2,3,0.667,0.418
2016-17,202357,Nemanja Bjelica,1610612750,MIN,65,28,37,1190,7,25,0.28,17,3,13,0.231,0.34
2016-17,2403,Nene,1610612745,HOU,67,47,20,1198,10,19,0.526,21,1,2,0.5,0.553
2016-17,203457,Nerlens Noel,1610612742,DAL,51,24,27,1047,3,15,0.2,6,0,1,0,0.2
2016-17,2555,Nick Collison,1610612760,OKC,20,10,10,128,0,2,0,0,0,0,,0
2016-17,201156,Nick Young,1610612747,LAL,60,19,41,1556,99,260,0.381,241,43,129,0.333,0.463
2016-17,201587,Nicolas Batum,1610612766,CHA,77,35,42,2617,157,401,0.392,344,30,94,0.319,0.429
2016-17,1627852,Nicolas Brussino,1610612742,DAL,54,18,36,521,7,21,0.333,15,1,6,0.167,0.357
2016-17,1627879,Nicolas Laprovittola,1610612759,SAS,18,15,3,174,1,10,0.1,3,1,9,0.111,0.15
2016-17,203917,Nik Stauskas,1610612755,PHI,80,27,53,2188,58,198,0.293,149,33,126,0.262,0.376
2016-17,203999,Nikola Jokić,1610612743,DEN,73,37,36,2038,16,42,0.381,34,2,16,0.125,0.405
2016-17,202703,Nikola Mirotic,1610612741,CHI,70,37,33,1679,35,83,0.422,82,12,32,0.375,0.494
2016-17,202696,Nikola Vučević,1610612753,ORL,75,27,48,2163,44,117,0.376,88,0,1,0,0.376
2016-17,203943,Noah Vonleh,1610612757,POR,74,38,36,1265,3,10,0.3,7,1,2,0.5,0.35
2016-17,1626181,Norman Powell,1610612761,TOR,76,47,29,1368,30,84,0.357,66,6,24,0.25,0.393
2016-17,202708,Norris Cole,1610612760,OKC,13,5,8,125,6,24,0.25,12,0,5,0,0.25
2016-17,1627855,Okaro White,1610612748,MIA,35,26,9,471,5,15,0.333,10,0,2,0,0.333
2016-17,201600,Omer Asik,1610612740,NOP,31,12,19,482,0,0,,0,,,,
2016-17,201956,Omri Casspi,1610612750,MIN,36,12,24,642,1,11,0.091,3,1,8,0.125,0.136
2016-17,203490,Otto Porter Jr.,1610612764,WAS,80,48,32,2605,65,147,0.442,133,3,13,0.231,0.452
2016-17,200782,P.J. Tucker,1610612761,TOR,81,35,46,2236,17,47,0.362,36,2,9,0.222,0.383
2016-17,1627783,Pascal Siakam,1610612761,TOR,55,35,20,859,5,13,0.385,10,0,0,,0.385
2016-17,1626192,Pat Connaughton,1610612757,POR,39,18,21,316,2,12,0.167,5,1,3,0.333,0.208
2016-17,1627868,Patricio Garino,1610612753,ORL,5,2,3,43,0,2,0,0,0,0,,0
2016-17,201976,Patrick Beverley,1610612745,HOU,67,46,21,2058,32,101,0.317,84,20,64,0.313,0.416
2016-17,1627775,Patrick McCaw,1610612744,GSW,71,57,14,1074,10,30,0.333,26,6,15,0.4,0.433
2016-17,202335,Patrick Patterson,1610612761,TOR,65,42,23,1599,7,23,0.304,17,3,5,0.6,0.37
2016-17,201988,Patty Mills,1610612759,SAS,80,60,20,1754,101,256,0.395,248,46,116,0.397,0.484
2016-17,2200,Pau Gasol,1610612759,SAS,64,47,17,1627,19,47,0.404,39,1,4,0.25,0.415
2016-17,202331,Paul George,1610612754,IND,75,39,36,2689,236,544,0.434,515,43,127,0.339,0.473
2016-17,200794,Paul Millsap,1610612737,ATL,69,40,29,2343,95,203,0.468,196,6,20,0.3,0.483
2016-17,1718,Paul Pierce,1610612746,LAC,25,16,9,277,5,17,0.294,10,0,3,0,0.294
2016-17,1627835,Paul Zipser,1610612741,CHI,44,21,23,843,16,53,0.302,32,0,9,0,0.302
2016-17,203510,Pierre Jackson,1610612742,DAL,9,4,5,84,5,16,0.313,11,1,3,0.333,0.344
2016-17,203112,Quincy Acy,1610612751,BKN,38,11,27,558,6,20,0.3,13,1,4,0.25,0.325
2016-17,1626188,Quinn Cook,1610612740,NOP,14,9,5,187,16,29,0.552,38,6,9,0.667,0.655
2016-17,1626154,RJ Hunter,1610612741,CHI,3,2,1,9,0,0,,0,0,0,,
2016-17,200765,Rajon Rondo,1610612741,CHI,69,34,35,1843,40,141,0.284,84,4,21,0.19,0.298
2016-17,1626176,Rakeem Christmas,1610612754,IND,29,14,15,219,0,1,0,0,,,,0
2016-17,201196,Ramon Sessions,1610612766,CHA,50,23,27,811,26,79,0.329,58,6,16,0.375,0.367
2016-17,200751,Randy Foye,1610612751,BKN,69,17,52,1284,27,89,0.303,73,19,64,0.297,0.41
2016-17,1626173,Rashad Vaughn,1610612749,MIL,41,18,23,459,13,33,0.394,32,6,12,0.5,0.485
2016-17,203526,Raul Neto,1610612762,UTA,40,24,16,346,5,18,0.278,12,2,6,0.333,0.333
2016-17,101109,Raymond Felton,1610612746,LAC,80,50,30,1700,71,204,0.348,157,15,56,0.268,0.385
2016-17,203493,Reggie Bullock Jr.,1610612765,DET,31,13,18,467,4,13,0.308,8,0,1,0,0.308
2016-17,202704,Reggie Jackson,1610612765,DET,52,23,29,1424,131,326,0.402,300,38,104,0.365,0.46
2016-17,202130,Reggie Williams,1610612740,NOP,6,1,5,79,1,6,0.167,3,1,1,1,0.25
2016-17,2210,Richard Jefferson,1610612739,CLE,79,50,29,1614,9,32,0.281,20,2,13,0.154,0.313
2016-17,1626158,Richaun Holmes,1610612755,PHI,57,16,41,1193,2,12,0.167,4,0,2,0,0.167
2016-17,201937,Ricky Rubio,1610612750,MIN,75,28,47,2469,121,283,0.428,248,6,27,0.222,0.438
2016-17,203496,Robert Covington,1610612755,PHI,67,27,40,2119,25,53,0.472,65,15,32,0.469,0.613
2016-17,201577,Robin Lopez,1610612741,CHI,81,40,41,2271,12,30,0.4,24,0,0,,0.4
2016-17,203918,Rodney Hood,1610612762,UTA,59,40,19,1593,103,259,0.398,238,32,99,0.323,0.459
2016-17,203585,Rodney McGruder,1610612748,MIA,78,40,38,1966,14,55,0.255,31,3,17,0.176,0.282
2016-17,201155,Rodney Stuckey,1610612754,IND,39,17,22,696,37,104,0.356,80,6,14,0.429,0.385
2016-17,1627758,Ron Baker,1610612752,NYK,52,14,38,857,17,54,0.315,39,5,18,0.278,0.361
2016-17,1626178,Rondae Hollis-Jefferson,1610612751,BKN,78,19,59,1761,27,73,0.37,56,2,5,0.4,0.384
2016-17,101179,Ronnie Price,1610612756,PHX,14,4,10,134,1,6,0.167,3,1,4,0.25,0.25
2016-17,201579,Roy Hibbert,1610612743,DEN,48,24,24,682,3,9,0.333,6,,,,0.333
2016-17,200752,Rudy Gay,1610612758,SAC,30,11,19,1013,42,126,0.333,91,7,22,0.318,0.361
2016-17,203497,Rudy Gobert,1610612762,UTA,81,51,30,2744,0,1,0,0,0,0,,0
2016-17,201566,Russell Westbrook,1610612760,OKC,81,46,35,2802,378,1014,0.373,895,139,401,0.347,0.441
2016-17,201583,Ryan Anderson,1610612745,HOU,72,50,22,2116,50,132,0.379,111,11,36,0.306,0.42
2016-17,203527,Ryan Kelly,1610612737,ATL,16,6,10,110,1,5,0.2,2,0,0,,0.2
2016-17,1626257,Salah Mejri,1610612742,DAL,73,29,44,905,1,2,0.5,2,0,0,,0.5
2016-17,1626155,Sam Dekker,1610612745,HOU,77,52,25,1419,12,31,0.387,31,7,21,0.333,0.5
2016-17,2756,Sasha Vujacic,1610612752,NYK,42,14,28,408,18,51,0.353,45,9,18,0.5,0.441
2016-17,203930,Sean Kilpatrick,1610612751,BKN,70,14,56,1754,74,194,0.381,181,33,87,0.379,0.466
2016-17,203902,Semaj Christon,1610612760,OKC,64,36,28,973,24,76,0.316,50,2,14,0.143,0.329
2016-17,201586,Serge Ibaka,1610612761,TOR,79,37,42,2422,53,123,0.431,107,1,3,0.333,0.435
2016-17,200771,Sergio Rodriguez,1610612755,PHI,68,24,44,1517,104,303,0.343,263,55,155,0.355,0.434
2016-17,203552,Seth Curry,1610612742,DAL,70,30,40,2029,136,294,0.463,320,48,107,0.449,0.544
2016-17,203498,Shabazz Muhammad,1610612750,MIN,78,29,49,1516,28,63,0.444,59,3,6,0.5,0.468
2016-17,203894,Shabazz Napier,1610612757,POR,53,26,27,512,37,90,0.411,89,15,43,0.349,0.494
2016-17,2733,Shaun Livingston,1610612744,GSW,76,63,13,1345,83,176,0.472,166,0,0,,0.472
2016-17,1627848,Shawn Long,1610612755,PHI,18,5,13,234,1,8,0.125,2,0,4,0,0.125
2016-17,1627815,Sheldon Mac,1610612764,WAS,30,17,13,287,10,20,0.5,21,1,2,0.5,0.525
2016-17,202714,Shelvin Mack,1610612762,UTA,55,34,21,1205,54,147,0.367,124,16,54,0.296,0.422
2016-17,1627746,Skal Labissiere,1610612758,SAC,33,9,24,612,20,38,0.526,40,0,1,0,0.526
2016-17,203524,Solomon Hill,1610612740,NOP,80,34,46,2374,15,61,0.246,34,4,22,0.182,0.279
2016-17,203915,Spencer Dinwiddie,1610612751,BKN,59,13,46,1334,45,128,0.352,108,18,55,0.327,0.422
2016-17,201150,Spencer Hawes,1610612749,MIL,54,27,27,797,10,32,0.313,20,0,2,0,0.313
2016-17,1626169,Stanley Johnson,1610612765,DET,77,35,42,1371,48,137,0.35,102,6,20,0.3,0.372
2016-17,201939,Stephen Curry,1610612744,GSW,79,65,14,2639,239,613,0.39,630,152,409,0.372,0.514
2016-17,1627757,Stephen Zimmerman,1610612753,ORL,19,8,11,108,0,1,0,0,,,,0
2016-17,200779,Steve Novak,1610612749,MIL,8,6,2,22,0,0,,0,0,0,,
2016-17,203500,Steven Adams,1610612760,OKC,80,47,33,2389,3,19,0.158,6,0,0,,0.158
2016-17,204456,T.J. McConnell,1610612755,PHI,81,27,54,2133,61,163,0.374,124,2,16,0.125,0.38
2016-17,203933,T.J. Warren,1610612756,PHX,66,20,46,2048,92,239,0.385,186,2,12,0.167,0.389
2016-17,201959,Taj Gibson,1610612760,OKC,78,41,37,1989,8,26,0.308,16,0,0,,0.308
2016-17,204028,Tarik Black,1610612747,LAL,67,24,43,1091,2,4,0.5,5,1,1,1,0.625
2016-17,1627752,Taurean Prince,1610612737,ATL,59,28,31,981,14,47,0.298,32,4,16,0.25,0.34
2016-17,203093,Terrence Jones,1610612749,MIL,54,20,34,1271,12,45,0.267,26,2,16,0.125,0.289
2016-17,203082,Terrence Ross,1610612753,ORL,78,39,39,1955,103,243,0.424,234,28,84,0.333,0.481
2016-17,1626179,Terry Rozier,1610612738,BOS,74,47,27,1263,44,131,0.336,102,14,55,0.255,0.389
2016-17,200757,Thabo Sefolosha,1610612737,ATL,62,32,30,1596,20,60,0.333,41,1,6,0.167,0.342
2016-17,201152,Thaddeus Young,1610612754,IND,74,40,34,2237,11,27,0.407,23,1,3,0.333,0.426
2016-17,203080,Thomas Robinson,1610612747,LAL,48,15,33,560,7,21,0.333,14,0,0,,0.333
2016-17,1627748,Thon Maker,1610612749,MIL,57,31,26,562,3,6,0.5,6,0,1,0,0.5
2016-17,201168,Tiago Splitter,1610612755,PHI,8,1,7,76,0,0,,0,0,0,,
2016-17,204025,Tim Frazier,1610612740,NOP,65,26,39,1525,52,149,0.349,123,19,63,0.302,0.413
2016-17,203501,Tim Hardaway Jr.,1610612737,ATL,79,42,37,2153,92,243,0.379,220,36,102,0.353,0.453
2016-17,1627817,Tim Quarterman,1610612757,POR,16,6,10,80,4,11,0.364,9,1,4,0.25,0.409
2016-17,202389,Timofey Mozgov,1610612747,LAL,54,16,38,1104,3,14,0.214,6,0,0,,0.214
2016-17,1627789,Timothe Luwawu-Cabarrot,1610612755,PHI,69,23,46,1190,4,27,0.148,10,2,10,0.2,0.185
2016-17,202699,Tobias Harris,1610612765,DET,82,37,45,2566,119,253,0.47,241,3,15,0.2,0.476
2016-17,203107,Tomas Satoransky,1610612764,WAS,57,33,24,719,14,36,0.389,29,1,8,0.125,0.403
2016-17,201962,Toney Douglas,1610612763,MEM,24,15,9,394,19,62,0.306,43,5,28,0.179,0.347
2016-17,2754,Tony Allen,1610612763,MEM,71,36,35,1914,3,21,0.143,6,0,2,0,0.143
2016-17,2225,Tony Parker,1610612759,SAS,63,46,17,1587,89,191,0.466,178,0,1,0,0.466
2016-17,203503,Tony Snell,1610612749,MIL,80,42,38,2336,22,54,0.407,46,2,10,0.2,0.426
2016-17,1626203,Treveon Graham,1610612766,CHA,27,10,17,189,1,8,0.125,2,0,0,,0.125
2016-17,2772,Trevor Ariza,1610612745,HOU,80,53,27,2773,35,122,0.287,93,23,87,0.264,0.381
2016-17,202344,Trevor Booker,1610612751,BKN,71,18,53,1754,25,74,0.338,57,7,23,0.304,0.385
2016-17,203504,Trey Burke,1610612764,WAS,57,35,22,703,58,127,0.457,125,9,19,0.474,0.492
2016-17,1626168,Trey Lyles,1610612762,UTA,71,43,28,1158,22,79,0.278,48,4,16,0.25,0.304
2016-17,202684,Tristan Thompson,1610612739,CLE,78,50,28,2336,5,10,0.5,10,0,1,0,0.5
2016-17,203584,Troy Daniels,1610612763,MEM,67,33,34,1183,55,144,0.382,146,36,78,0.462,0.507
2016-17,1627786,Troy Williams,1610612745,HOU,30,19,11,557,8,24,0.333,18,2,8,0.25,0.375
2016-17,201951,Ty Lawson,1610612758,SAC,69,25,44,1732,88,221,0.398,187,11,40,0.275,0.423
2016-17,203898,Tyler Ennis,1610612747,LAL,53,28,25,588,27,76,0.355,72,18,43,0.419,0.474
2016-17,204020,Tyler Johnson,1610612748,MIA,73,35,38,2177,65,191,0.34,134,4,15,0.267,0.351
2016-17,1627755,Tyler Ulis,1610612756,PHX,61,15,46,1123,123,292,0.421,256,10,46,0.217,0.438
2016-17,203092,Tyler Zeller,1610612738,BOS,51,32,19,525,0,2,0,0,0,0,,0
2016-17,201936,Tyreke Evans,1610612758,SAC,40,17,23,788,35,105,0.333,92,22,62,0.355,0.438
2016-17,2199,Tyson Chandler,1610612756,PHX,47,15,32,1298,0,0,,0,,,,
2016-17,1626145,Tyus Jones,1610612750,MIN,60,23,37,774,20,55,0.364,43,3,16,0.188,0.391
2016-17,2617,Udonis Haslem,1610612748,MIA,16,6,10,130,0,0,,0,0,0,,
2016-17,203506,Victor Oladipo,1610612760,OKC,67,39,28,2223,113,277,0.408,243,17,49,0.347,0.439
2016-17,1713,Vince Carter,1610612763,MEM,73,36,37,1800,30,98,0.306,75,15,50,0.3,0.383
2016-17,1627735,Wade Baldwin IV,1610612763,MEM,33,18,15,405,14,48,0.292,30,2,12,0.167,0.313
2016-17,201961,Wayne Ellington,1610612748,MIA,62,35,27,1500,62,158,0.392,154,30,80,0.375,0.487
2016-17,1627782,Wayne Selden,1610612763,MEM,14,6,8,236,2,12,0.167,4,0,5,0,0.167
2016-17,202325,Wesley Johnson,1610612746,LAC,68,40,28,810,14,36,0.389,30,2,8,0.25,0.417
2016-17,202083,Wesley Matthews,1610612742,DAL,73,29,44,2495,112,307,0.365,261,37,118,0.314,0.425
2016-17,203115,Will Barton,1610612743,DEN,60,31,29,1705,72,191,0.377,177,33,80,0.413,0.463
2016-17,1626161,Willie Cauley-Stein,1610612758,SAC,75,29,46,1421,16,51,0.314,32,0,1,0,0.314
2016-17,203186,Willie Reed,1610612748,MIA,71,39,32,1031,2,12,0.167,4,0,1,0,0.167
2016-17,1626195,Willy Hernangomez,1610612752,NYK,72,27,45,1324,1,13,0.077,2,0,1,0,0.077
2016-17,201163,Wilson Chandler,1610612743,DEN,71,35,36,2197,82,213,0.385,180,16,50,0.32,0.423
2016-17,1627812,Yogi Ferrell,1610612742,DAL,46,18,28,1197,76,196,0.388,187,35,86,0.407,0.477
2016-17,203897,Zach LaVine,1610612750,MIN,47,16,31,1749,106,275,0.385,253,41,121,0.339,0.46
2016-17,2216,Zach Randolph,1610612763,MEM,73,38,35,1786,35,107,0.327,71,1,7,0.143,0.332
2016-17,2585,Zaza Pachulia,1610612744,GSW,70,58,12,1268,1,8,0.125,2,0,1,0,0.125
2017-18,201166,Aaron Brooks,1610612750,MIN,32,19,13,189,12,32,0.375,27,3,16,0.188,0.422
2017-18,203932,Aaron Gordon,1610612753,ORL,58,19,39,1909,75,257,0.292,173,23,106,0.217,0.337
2017-18,1626151,Aaron Harrison,1610612742,DAL,9,2,7,233,5,21,0.238,11,1,6,0.167,0.262
2017-18,1628935,Aaron Jackson,1610612745,HOU,1,0,1,35,1,2,0.5,3,1,2,0.5,0.75
2017-18,1627846,Abdel Nader,1610612738,BOS,48,33,15,522,3,13,0.231,7,1,2,0.5,0.269
2017-18,203940,Adreian Payne,1610612753,ORL,5,0,5,43,1,2,0.5,2,0,0,,0.5
2017-18,201143,Al Horford,1610612738,BOS,72,47,25,2277,40,109,0.367,85,5,6,0.833,0.39
2017-18,2744,Al Jefferson,1610612754,IND,36,17,19,484,8,16,0.5,16,0,0,,0.5
2017-18,202329,Al-Farouq Aminu,1610612757,POR,69,40,29,2072,14,67,0.209,37,9,25,0.36,0.276
2017-18,1626210,Alan Williams,1610612756,PHX,5,1,4,70,0,1,0,0,,,,0
2017-18,202692,Alec Burks,1610612762,UTA,64,37,27,1059,55,155,0.355,134,24,68,0.353,0.432
2017-18,1628409,Alec Peters,1610612756,PHX,20,2,18,225,2,5,0.4,5,1,3,0.333,0.5
2017-18,203518,Alex Abrines,1610612760,OKC,75,42,33,1134,6,23,0.261,13,1,13,0.077,0.283
2017-18,1627936,Alex Caruso,1610612747,LAL,37,16,21,562,11,42,0.262,28,6,21,0.286,0.333
2017-18,203458,Alex Len,1610612756,PHX,69,20,49,1395,0,3,0,0,0,0,,0
2017-18,1627816,Alex Poythress,1610612754,IND,25,10,15,104,0,0,,0,0,0,,
2017-18,1628035,Alfonzo McKinnie,1610612761,TOR,14,13,1,53,2,2,1,5,1,1,1,1.25
2017-18,203459,Allen Crabbe,1610612751,BKN,75,25,50,2197,65,207,0.314,148,18,74,0.243,0.357
2017-18,101161,Amir Johnson,1610612755,PHI,74,47,27,1170,2,6,0.333,4,0,2,0,0.333
2017-18,203083,Andre Drummond,1610612765,DET,78,37,41,2625,8,35,0.229,16,0,6,0,0.229
2017-18,2738,Andre Iguodala,1610612744,GSW,64,46,18,1622,26,73,0.356,63,11,29,0.379,0.432
2017-18,201281,Andre Ingram,1610612747,LAL,2,1,1,64,3,7,0.429,6,0,1,0,0.429
2017-18,203460,Andre Roberson,1610612760,OKC,39,24,15,1037,0,1,0,0,0,1,0,0
2017-18,101106,Andrew Bogut,1610612747,LAL,24,7,17,216,0,1,0,0,,,,0
2017-18,1626150,Andrew Harrison,1610612763,MEM,56,17,39,1326,56,160,0.35,130,18,52,0.346,0.406
2017-18,1628510,Andrew White III,1610612737,ATL,15,1,14,209,4,10,0.4,10,2,3,0.667,0.5
2017-18,203952,Andrew Wiggins,1610612750,MIN,82,47,35,2979,152,483,0.315,324,20,78,0.256,0.335
2017-18,1627790,Ante Zizic,1610612739,CLE,32,21,11,214,0,1,0,0,,,,0
2017-18,1626148,Anthony Brown,1610612750,MIN,1,0,1,4,0,0,,0,0,0,,
2017-18,203076,Anthony Davis,1610612740,NOP,75,45,30,2727,138,360,0.383,284,8,18,0.444,0.394
2017-18,201229,Anthony Tolliver,1610612765,DET,79,37,42,1757,6,16,0.375,14,2,9,0.222,0.438
2017-18,1628469,Antonio Blakeney,1610612741,CHI,19,3,16,314,22,63,0.349,49,5,20,0.25,0.389
2017-18,1628499,Antonius Cleveland,1610612737,ATL,17,7,10,123,3,8,0.375,7,1,1,1,0.438
2017-18,203382,Aron Baynes,1610612738,BOS,81,54,27,1484,4,16,0.25,8,0,0,,0.25
2017-18,201167,Arron Afflalo,1610612753,ORL,53,16,37,682,21,54,0.389,44,2,10,0.2,0.407
2017-18,203085,Austin Rivers,1610612746,LAC,61,30,31,2057,99,265,0.374,271,73,192,0.38,0.511
2017-18,202340,Avery Bradley,1610612746,LAC,46,22,24,1433,58,159,0.365,124,8,31,0.258,0.39
2017-18,1628389,Bam Adebayo,1610612748,MIA,69,34,35,1368,2,12,0.167,4,0,3,0,0.167
2017-18,203463,Ben McLemore,1610612763,MEM,56,7,49,1091,33,86,0.384,74,8,36,0.222,0.43
2017-18,1628500,Ben Moore,1610612754,IND,2,1,1,9,0,0,,0,,,,
2017-18,1627732,Ben Simmons,1610612755,PHI,81,51,30,2732,64,200,0.32,128,0,4,0,0.32
2017-18,202687,Bismack Biyombo,1610612753,ORL,82,25,57,1495,1,9,0.111,2,0,1,0,0.111
2017-18,201933,Blake Griffin,1610612765,DET,58,28,30,1970,72,249,0.289,186,42,131,0.321,0.373
2017-18,1626246,Boban Marjanovic,1610612746,LAC,39,18,21,338,2,6,0.333,4,,,,0.333
2017-18,201628,Bobby Brown,1610612745,HOU,20,17,3,115,12,37,0.324,32,8,27,0.296,0.432
2017-18,1626171,Bobby Portis Jr.,1610612741,CHI,73,25,48,1643,38,89,0.427,78,2,7,0.286,0.438
2017-18,203992,Bogdan Bogdanović,1610612758,SAC,78,26,52,2175,130,299,0.435,302,42,107,0.393,0.505
2017-18,202711,Bojan Bogdanovic,1610612754,IND,80,47,33,2464,71,169,0.42,164,22,54,0.407,0.485
2017-18,203078,Bradley Beal,1610612764,WAS,82,43,39,2977,255,645,0.395,570,60,201,0.299,0.442
2017-18,201148,Brandan Wright,1610612745,HOU,28,11,17,381,0,3,0,0,,,,0
2017-18,1627742,Brandon Ingram,1610612747,LAL,59,27,32,1975,88,232,0.379,180,4,11,0.364,0.388
2017-18,201943,Brandon Jennings,1610612749,MIL,14,8,6,205,15,32,0.469,35,5,12,0.417,0.547
2017-18,203464,Brandon Paul,1610612759,SAS,64,38,26,576,1,17,0.059,2,0,7,0,0.059
2017-18,1627362,Briante Weber,1610612763,MEM,18,8,10,237,8,17,0.471,19,3,8,0.375,0.559
2017-18,1627744,Brice Johnson,1610612763,MEM,18,2,16,98,1,4,0.25,2,0,0,,0.25
2017-18,201572,Brook Lopez,1610612747,LAL,74,34,40,1735,35,96,0.365,73,3,8,0.375,0.38
2017-18,203998,Bruno Caboclo,1610612758,SAC,12,4,8,106,0,0,,0,0,0,,
2017-18,1627854,Bryn Forbes,1610612759,SAS,80,46,34,1517,72,165,0.436,157,13,33,0.394,0.476
2017-18,1627741,Buddy Hield,1610612758,SAC,80,27,53,2024,159,434,0.366,378,60,173,0.347,0.435
2017-18,203710,C.J. Williams,1610612746,LAC,38,17,21,707,23,60,0.383,54,8,23,0.348,0.45
2017-18,203468,CJ McCollum,1610612757,POR,81,48,33,2924,314,755,0.416,717,89,245,0.363,0.475
2017-18,101139,CJ Miles,1610612761,TOR,70,50,20,1337,32,97,0.33,84,20,55,0.364,0.433
2017-18,1628403,Caleb Swanigan,1610612757,POR,27,16,11,189,0,5,0,0,0,0,,0
2017-18,1626166,Cameron Payne,1610612741,CHI,25,7,18,582,31,94,0.33,78,16,49,0.327,0.415
2017-18,1627747,Caris LeVert,1610612751,BKN,71,25,46,1864,63,201,0.313,154,28,90,0.311,0.383
2017-18,2546,Carmelo Anthony,1610612760,OKC,78,46,32,2501,168,432,0.389,358,22,76,0.289,0.414
2017-18,1626224,Cedi Osman,1610612739,CLE,61,35,26,672,18,42,0.429,39,3,9,0.333,0.464
2017-18,202718,Chandler Parsons,1610612763,MEM,36,12,24,691,39,87,0.448,93,15,37,0.405,0.534
2017-18,101112,Channing Frye,1610612747,LAL,53,28,25,695,13,23,0.565,28,2,7,0.286,0.609
2017-18,1628429,Charles Cooke,1610612740,NOP,13,8,5,38,0,4,0,0,0,2,0,0
2017-18,1627767,Cheick Diallo,1610612740,NOP,52,29,23,581,6,16,0.375,12,,,,0.375
2017-18,1627778,Chinanu Onuaku,1610612745,HOU,1,0,1,22,0,0,,0,,,,
2017-18,1628449,Chris Boucher,1610612744,GSW,1,1,0,1,0,0,,0,0,0,,
2017-18,1626191,Chris McCullough,1610612764,WAS,19,11,8,90,3,5,0.6,6,0,0,,0.6
2017-18,101108,Chris Paul,1610612745,HOU,58,50,8,1847,253,570,0.444,623,117,311,0.376,0.546
2017-18,203991,Clint Capela,1610612745,HOU,74,62,12,2034,0,4,0,0,0,1,0,0
2017-18,203469,Cody Zeller,1610612766,CHA,33,14,19,627,3,5,0.6,6,0,0,,0.6
2017-18,202332,Cole Aldrich,1610612750,MIN,21,14,7,49,0,0,,0,,,,
2017-18,201147,Corey Brewer,1610612760,OKC,72,32,40,1209,5,21,0.238,10,0,9,0,0.238
2017-18,202709,Cory Joseph,1610612754,IND,82,48,34,2210,112,267,0.419,232,8,35,0.229,0.434
2017-18,201584,Courtney Lee,1610612752,NYK,76,27,49,2310,118,298,0.396,258,22,61,0.361,0.433
2017-18,1626245,Cristiano Felicio,1610612741,CHI,55,13,42,977,3,7,0.429,6,0,0,,0.429
2017-18,1626156,D'Angelo Russell,1610612751,BKN,48,16,32,1234,105,281,0.374,245,35,121,0.289,0.436
2017-18,201571,D.J. Augustin,1610612753,ORL,75,23,52,1760,72,171,0.421,191,47,117,0.402,0.558
2017-18,1628391,D.J. Wilson,1610612749,MIL,22,12,10,71,0,2,0,0,0,0,,0
2017-18,1626177,Dakari Johnson,1610612760,OKC,31,21,10,161,1,2,0.5,2,,,,0.5
2017-18,1627745,Damian Jones,1610612744,GSW,15,7,8,89,0,1,0,0,,,,0
2017-18,203081,Damian Lillard,1610612757,POR,73,44,29,2670,253,653,0.387,649,143,397,0.36,0.497
2017-18,2863,Damien Wilkins,1610612754,IND,19,10,9,152,3,10,0.3,6,0,1,0,0.3
2017-18,1627814,Damion Lee,1610612737,ATL,15,4,11,404,9,33,0.273,19,1,10,0.1,0.288
2017-18,1628422,Damyean Dotson,1610612752,NYK,44,11,33,474,24,46,0.522,52,4,17,0.235,0.565
2017-18,1627772,Daniel Hamilton,1610612760,OKC,6,5,1,28,2,4,0.5,5,1,2,0.5,0.625
2017-18,1628464,Daniel Theis,1610612738,BOS,63,44,19,936,7,12,0.583,15,1,1,1,0.625
2017-18,201568,Danilo Gallinari,1610612746,LAC,21,11,10,671,23,66,0.348,54,8,21,0.381,0.409
2017-18,201980,Danny Green,1610612759,SAS,70,40,30,1791,43,124,0.347,100,14,47,0.298,0.403
2017-18,201967,Dante Cunningham,1610612751,BKN,73,34,39,1562,0,4,0,0,0,1,0,0
2017-18,203957,Dante Exum,1610612762,UTA,14,10,4,235,1,4,0.25,3,1,3,0.333,0.375
2017-18,1627863,Danuel House Jr.,1610612756,PHX,23,6,17,403,7,22,0.318,18,4,16,0.25,0.409
2017-18,203967,Dario Saric,1610612755,PHI,78,49,29,2310,18,67,0.269,37,1,10,0.1,0.276
2017-18,203121,Darius Miller,1610612740,NOP,82,48,34,1944,63,119,0.529,143,17,36,0.472,0.601
2017-18,201589,Darrell Arthur,1610612743,DEN,19,12,7,141,2,6,0.333,4,0,1,0,0.333
2017-18,201954,Darren Collison,1610612754,IND,69,39,30,2018,132,287,0.46,296,32,70,0.457,0.516
2017-18,1626199,Darrun Hilliard,1610612759,SAS,14,8,6,95,3,6,0.5,6,0,1,0,0.5
2017-18,1628021,David Nwaba,1610612741,CHI,70,26,44,1646,2,22,0.091,4,0,4,0,0.091
2017-18,204065,David Stockton,1610612762,UTA,3,3,0,9,2,2,1,6,2,2,1,1.5
2017-18,2561,David West,1610612744,GSW,73,52,21,999,16,30,0.533,33,1,2,0.5,0.55
2017-18,202722,Davis Bertans,1610612759,SAS,77,43,34,1086,11,56,0.196,23,1,23,0.043,0.205
2017-18,1628432,Davon Reed,1610612756,PHX,21,2,19,242,2,19,0.105,4,0,6,0,0.105
2017-18,1628368,De'Aaron Fox,1610612758,SAC,73,24,49,2026,119,353,0.337,260,22,71,0.31,0.368
2017-18,201599,DeAndre Jordan,1610612746,LAC,77,39,38,2423,0,2,0,0,,,,0
2017-18,202732,DeAndre Liggins,1610612740,NOP,58,34,24,724,6,21,0.286,13,1,6,0.167,0.31
2017-18,1627761,DeAndre' Bembry,1610612737,ATL,26,8,18,455,4,16,0.25,8,0,3,0,0.25
2017-18,201942,DeMar DeRozan,1610612761,TOR,80,57,23,2712,261,670,0.39,552,30,118,0.254,0.412
2017-18,202326,DeMarcus Cousins,1610612740,NOP,48,27,21,1737,35,102,0.343,81,11,30,0.367,0.397
2017-18,201960,DeMarre Carroll,1610612751,BKN,73,25,48,2180,43,134,0.321,106,20,57,0.351,0.396
2017-18,1627749,Dejounte Murray,1610612759,SAS,81,47,34,1743,61,186,0.328,122,0,1,0,0.328
2017-18,1626153,Delon Wright,1610612761,TOR,69,49,20,1433,18,64,0.281,49,13,49,0.265,0.383
2017-18,1627743,Demetrius Jackson,1610612755,PHI,15,12,3,80,1,3,0.333,3,1,3,0.333,0.5
2017-18,203471,Dennis Schröder,1610612737,ATL,67,21,46,2078,197,466,0.423,430,36,124,0.29,0.461
2017-18,1628372,Dennis Smith Jr.,1610612742,DAL,69,22,47,2049,121,425,0.285,293,51,189,0.27,0.345
2017-18,1627756,Denzel Valentine,1610612741,CHI,77,26,51,2095,124,312,0.397,302,54,137,0.394,0.484
2017-18,202324,Derrick Favors,1610612762,UTA,77,46,31,2153,9,23,0.391,19,1,3,0.333,0.413
2017-18,1627884,Derrick Jones Jr.,1610612748,MIA,20,9,11,245,0,2,0,0,0,0,,0
2017-18,201565,Derrick Rose,1610612750,MIN,25,15,10,419,14,48,0.292,31,3,7,0.429,0.323
2017-18,1628476,Derrick Walton Jr.,1610612748,MIA,16,8,8,147,3,13,0.231,8,2,6,0.333,0.308
2017-18,1628401,Derrick White,1610612759,SAS,17,7,10,139,5,12,0.417,14,4,6,0.667,0.583
2017-18,202682,Derrick Williams,1610612747,LAL,2,1,1,9,0,0,,0,0,0,,
2017-18,1626164,Devin Booker,1610612756,PHX,54,16,38,1865,185,487,0.38,442,72,200,0.36,0.454
2017-18,2734,Devin Harris,1610612743,DEN,71,33,38,1340,31,115,0.27,84,22,78,0.282,0.365
2017-18,1628421,Devin Robinson,1610612764,WAS,1,0,1,13,0,0,,0,,,,
2017-18,203473,Dewayne Dedmon,1610612737,ATL,62,18,44,1542,8,24,0.333,16,0,1,0,0.333
2017-18,1627738,Deyonta Davis,1610612763,MEM,62,16,46,943,5,8,0.625,10,,,,0.625
2017-18,1628415,Dillon Brooks,1610612763,MEM,82,22,60,2350,65,218,0.298,143,13,60,0.217,0.328
2017-18,203079,Dion Waiters,1610612748,MIA,30,16,14,918,39,124,0.315,92,14,54,0.259,0.371
2017-18,1717,Dirk Nowitzki,1610612742,DAL,77,24,53,1900,73,180,0.406,150,4,18,0.222,0.417
2017-18,1627734,Domantas Sabonis,1610612754,IND,74,45,29,1810,3,10,0.3,7,1,1,1,0.35
2017-18,1628378,Donovan Mitchell,1610612762,UTA,79,46,33,2638,194,561,0.346,477,89,307,0.29,0.425
2017-18,1627827,Dorian Finney-Smith,1610612742,DAL,21,4,17,448,4,21,0.19,9,1,8,0.125,0.214
2017-18,203926,Doug McDermott,1610612742,DAL,81,30,51,1768,22,80,0.275,46,2,17,0.118,0.288
2017-18,1627733,Dragan Bender,1610612756,PHX,82,21,61,2069,5,20,0.25,12,2,5,0.4,0.3
2017-18,203110,Draymond Green,1610612744,GSW,70,48,22,2287,13,53,0.245,30,4,18,0.222,0.283
2017-18,1628407,Dwayne Bacon,1610612766,CHA,53,25,28,713,32,105,0.305,65,1,8,0.125,0.31
2017-18,202779,Dwight Buycks,1610612765,DET,29,10,19,427,34,92,0.37,79,11,31,0.355,0.429
2017-18,2730,Dwight Howard,1610612766,CHA,81,35,46,2463,5,13,0.385,10,0,1,0,0.385
2017-18,203939,Dwight Powell,1610612742,DAL,79,23,56,1672,7,16,0.438,15,1,4,0.25,0.469
2017-18,2548,Dwyane Wade,1610612748,MIA,67,37,30,1536,97,306,0.317,213,19,67,0.284,0.348
2017-18,202734,E'Twaun Moore,1610612740,NOP,82,48,34,2586,64,146,0.438,140,12,29,0.414,0.479
2017-18,202334,Ed Davis,1610612757,POR,78,48,30,1471,0,3,0,0,0,1,0,0
2017-18,1628410,Edmond Sumner,1610612754,IND,1,0,1,2,0,0,,0,,,,
2017-18,202327,Ekpe Udoh,1610612762,UTA,63,36,27,810,0,1,0,0,0,0,,0
2017-18,203901,Elfrid Payton,1610612756,PHX,63,13,50,1809,50,132,0.379,105,5,17,0.294,0.398
2017-18,2731,Emeka Okafor,1610612740,NOP,26,16,10,353,1,3,0.333,2,,,,0.333
2017-18,1626144,Emmanuel Mudiay,1610612752,NYK,64,29,35,1244,66,200,0.33,149,17,57,0.298,0.373
2017-18,202683,Enes Freedom,1610612752,NYK,71,27,44,1830,6,15,0.4,12,0,0,,0.4
2017-18,202339,Eric Bledsoe,1610612749,MIL,74,40,34,2322,120,330,0.364,271,31,119,0.261,0.411
2017-18,201569,Eric Gordon,1610612745,HOU,69,55,14,2154,73,239,0.305,207,61,201,0.303,0.433
2017-18,203961,Eric Moreland,1610612765,DET,67,32,35,805,3,9,0.333,6,,,,0.333
2017-18,1628571,Erik McCree,1610612762,UTA,4,4,0,8,0,1,0,0,0,1,0,0
2017-18,101141,Ersan Ilyasova,1610612755,PHI,69,36,33,1730,19,78,0.244,47,9,43,0.209,0.301
2017-18,203095,Evan Fournier,1610612753,ORL,57,20,37,1837,77,199,0.387,181,27,85,0.318,0.455
2017-18,202323,Evan Turner,1610612757,POR,79,48,31,2034,121,278,0.435,245,3,5,0.6,0.441
2017-18,1626163,Frank Kaminsky,1610612766,CHA,79,35,44,1835,47,143,0.329,101,7,14,0.5,0.353
2017-18,1628412,Frank Mason III,1610612758,SAC,52,17,35,984,62,164,0.378,146,22,58,0.379,0.445
2017-18,1628373,Frank Ntilikina,1610612752,NYK,78,28,50,1706,79,237,0.333,173,15,59,0.254,0.365
2017-18,1627832,Fred VanVleet,1610612761,TOR,76,55,21,1520,33,106,0.311,93,27,79,0.342,0.439
2017-18,1627788,Furkan Korkmaz,1610612755,PHI,14,11,3,80,0,7,0,0,0,2,0,0
2017-18,202066,Garrett Temple,1610612758,SAC,65,23,42,1615,62,171,0.363,140,16,59,0.271,0.409
2017-18,203914,Gary Harris,1610612743,DEN,67,37,30,2305,106,265,0.4,244,32,93,0.344,0.46
2017-18,1627780,Gary Payton II,1610612747,LAL,23,10,13,221,3,13,0.231,6,0,3,0,0.231
2017-18,201588,George Hill,1610612739,CLE,67,28,39,1812,74,181,0.409,170,22,52,0.423,0.47
2017-18,1627777,Georges Niang,1610612762,UTA,9,9,0,32,0,1,0,0,0,0,,0
2017-18,1627834,Georgios Papagiannis,1610612757,POR,17,3,14,122,1,1,1,2,,,,1
2017-18,101123,Gerald Green,1610612745,HOU,41,33,8,929,57,130,0.438,148,34,85,0.4,0.569
2017-18,1628492,Gian Clavell,1610612742,DAL,7,0,7,64,0,5,0,0,0,3,0,0
2017-18,203507,Giannis Antetokounmpo,1610612749,MIL,75,39,36,2756,158,445,0.355,327,11,50,0.22,0.367
2017-18,203922,Glenn Robinson III,1610612754,IND,23,14,9,338,5,17,0.294,10,0,1,0,0.294
2017-18,201609,Goran Dragic,1610612748,MIA,75,39,36,2378,139,371,0.375,306,28,91,0.308,0.412
2017-18,202330,Gordon Hayward,1610612738,BOS,1,0,1,5,0,0,,0,0,0,,
2017-18,203476,Gorgui Dieng,1610612750,MIN,79,45,34,1333,23,51,0.451,48,2,6,0.333,0.471
2017-18,202328,Greg Monroe,1610612738,BOS,51,21,30,1041,2,4,0.5,4,,,,0.5
2017-18,1627824,Guerschon Yabusele,1610612738,BOS,33,24,9,235,2,5,0.4,4,0,0,,0.4
2017-18,203084,Harrison Barnes,1610612742,DAL,77,24,53,2634,152,391,0.389,333,29,78,0.372,0.426
2017-18,202355,Hassan Whiteside,1610612748,MIA,54,30,24,1364,12,29,0.414,24,0,0,,0.414
2017-18,1627740,Henry Ellenson,1610612765,DET,38,21,17,329,7,23,0.304,15,1,4,0.25,0.326
2017-18,203546,Ian Clark,1610612740,NOP,74,43,31,1454,75,179,0.419,167,17,54,0.315,0.466
2017-18,101133,Ian Mahinmi,1610612764,WAS,77,42,35,1145,0,1,0,0,0,0,,0
2017-18,1628387,Ike Anigbogu,1610612754,IND,11,5,6,30,0,0,,0,,,,
2017-18,202697,Iman Shumpert,1610612758,SAC,14,9,5,276,12,28,0.429,28,4,9,0.444,0.5
2017-18,203477,Isaiah Canaan,1610612756,PHX,20,9,11,422,14,46,0.304,39,11,38,0.289,0.424
2017-18,1628439,Isaiah Hicks,1610612752,NYK,18,4,14,239,1,4,0.25,2,0,1,0,0.25
2017-18,1627819,Isaiah Taylor,1610612737,ATL,67,18,49,1167,15,63,0.238,36,6,23,0.261,0.286
2017-18,202738,Isaiah Thomas,1610612747,LAL,32,15,17,862,70,192,0.365,172,32,104,0.308,0.448
2017-18,1627785,Isaiah Whitehead,1610612751,BKN,16,2,14,180,6,16,0.375,15,3,7,0.429,0.469
2017-18,202397,Ish Smith,1610612765,DET,82,39,43,2043,163,366,0.445,345,19,53,0.358,0.471
2017-18,1628397,Ivan Rabb,1610612763,MEM,36,6,30,516,7,16,0.438,14,,,,0.438
2017-18,1627826,Ivica Zubac,1610612747,LAL,43,19,24,410,0,2,0,0,0,0,,0
2017-18,200826,J.J. Barea,1610612742,DAL,69,23,46,1603,104,327,0.318,263,55,194,0.284,0.402
2017-18,200755,JJ Redick,1610612755,PHI,70,45,25,2116,169,391,0.432,390,52,153,0.34,0.499
2017-18,2747,JR Smith,1610612739,CLE,80,49,31,2244,71,188,0.378,166,24,80,0.3,0.441
2017-18,203960,JaKarr Sampson,1610612758,SAC,22,6,16,344,2,5,0.4,4,0,0,,0.4
2017-18,203210,JaMychal Green,1610612763,MEM,55,11,44,1542,9,30,0.3,18,0,2,0,0.3
2017-18,201580,JaVale McGee,1610612744,GSW,65,45,20,615,5,12,0.417,10,0,1,0,0.417
2017-18,1628444,Jabari Bird,1610612738,BOS,13,8,5,115,0,1,0,0,0,0,,0
2017-18,203953,Jabari Parker,1610612749,MIL,31,16,15,743,33,79,0.418,71,5,17,0.294,0.449
2017-18,204022,Jack Cooley,1610612758,SAC,7,4,3,87,0,0,,0,,,,
2017-18,1626643,Jacob Pullen,1610612755,PHI,3,2,1,6,1,1,1,2,0,0,,1
2017-18,1628451,Jacob Wiley,1610612751,BKN,5,1,4,33,0,1,0,0,0,0,,0
2017-18,203109,Jae Crowder,1610612762,UTA,80,52,28,2090,28,119,0.235,69,13,54,0.241,0.29
2017-18,1626143,Jahlil Okafor,1610612751,BKN,28,7,21,353,6,22,0.273,12,0,1,0,0.273
2017-18,1627774,Jake Layman,1610612757,POR,35,22,13,160,3,9,0.333,6,0,1,0,0.333
2017-18,1627751,Jakob Poeltl,1610612761,TOR,82,59,23,1524,1,2,0.5,2,0,0,,0.5
2017-18,1627883,Jalen Jones,1610612742,DAL,16,3,13,181,2,7,0.286,6,2,5,0.4,0.429
2017-18,2037,Jamal Crawford,1610612750,MIN,80,45,35,1653,185,452,0.409,410,40,143,0.28,0.454
2017-18,1627750,Jamal Murray,1610612743,DEN,81,46,35,2565,156,403,0.387,367,55,172,0.32,0.455
2017-18,1627866,Jameel Warney,1610612742,DAL,3,1,2,27,0,0,,0,,,,
2017-18,2749,Jameer Nelson,1610612765,DET,50,25,25,1013,38,111,0.342,91,15,52,0.288,0.41
2017-18,1628503,Jamel Artis,1610612753,ORL,15,4,11,279,8,22,0.364,17,1,5,0.2,0.386
2017-18,203516,James Ennis III,1610612765,DET,72,25,47,1604,19,53,0.358,42,4,17,0.235,0.396
2017-18,201935,James Harden,1610612745,HOU,72,59,13,2551,282,717,0.393,777,213,561,0.38,0.542
2017-18,201949,James Johnson,1610612748,MIA,73,37,36,1943,37,110,0.336,81,7,38,0.184,0.368
2017-18,203949,James Michael McAdoo,1610612755,PHI,3,1,2,18,0,0,,0,0,0,,
2017-18,1627821,James Webb III,1610612751,BKN,10,1,9,120,0,0,,0,0,0,,
2017-18,203923,James Young,1610612755,PHI,6,4,2,61,1,1,1,2,0,0,,1
2017-18,203966,Jamil Wilson,1610612746,LAC,15,6,9,274,4,7,0.571,8,0,0,,0.571
2017-18,201162,Jared Dudley,1610612756,PHX,48,7,41,686,1,11,0.091,2,0,3,0,0.091
2017-18,204067,Jarell Eddie,1610612741,CHI,3,1,2,9,0,1,0,0,0,1,0,0
2017-18,1626185,Jarell Martin,1610612763,MEM,73,21,52,1661,24,59,0.407,49,1,4,0.25,0.415
2017-18,1628386,Jarrett Allen,1610612751,BKN,72,25,47,1441,0,2,0,0,0,0,,0
2017-18,101127,Jarrett Jack,1610612752,NYK,62,26,36,1548,94,238,0.395,199,11,37,0.297,0.418
2017-18,201160,Jason Smith,1610612764,WAS,33,15,18,285,2,4,0.5,4,0,0,,0.5
2017-18,1891,Jason Terry,1610612749,MIL,51,27,24,814,11,28,0.393,25,3,10,0.3,0.446
2017-18,1628393,Jawun Evans,1610612746,LAC,48,24,24,778,33,88,0.375,72,6,10,0.6,0.409
2017-18,1627759,Jaylen Brown,1610612738,BOS,70,47,23,2152,38,106,0.358,86,10,28,0.357,0.406
2017-18,1628537,Jaylen Morris,1610612737,ATL,6,2,4,98,0,3,0,0,0,2,0,0
2017-18,1628369,Jayson Tatum,1610612738,BOS,80,53,27,2443,107,271,0.395,232,18,58,0.31,0.428
2017-18,201145,Jeff Green,1610612739,CLE,78,47,31,1828,32,96,0.333,67,3,19,0.158,0.349
2017-18,201952,Jeff Teague,1610612750,MIN,70,41,29,2311,116,320,0.363,283,51,143,0.357,0.442
2017-18,203481,Jeff Withey,1610612742,DAL,10,2,8,39,0,2,0,0,0,0,,0
2017-18,203924,Jerami Grant,1610612760,OKC,81,48,33,1647,8,21,0.381,18,2,6,0.333,0.429
2017-18,202379,Jeremy Evans,1610612737,ATL,1,0,1,5,0,0,,0,,,,
2017-18,203087,Jeremy Lamb,1610612766,CHA,80,36,44,1967,126,319,0.395,283,31,94,0.33,0.444
2017-18,202391,Jeremy Lin,1610612751,BKN,1,0,1,25,2,5,0.4,5,1,2,0.5,0.5
2017-18,1626170,Jerian Grant,1610612741,CHI,74,24,50,1686,101,262,0.385,228,26,95,0.274,0.435
2017-18,201573,Jerryd Bayless,1610612755,PHI,39,21,18,925,15,42,0.357,35,5,13,0.385,0.417
2017-18,202710,Jimmy Butler III,1610612750,MIN,59,37,22,2164,151,366,0.413,329,27,88,0.307,0.449
2017-18,201149,Joakim Noah,1610612752,NYK,7,1,6,40,0,0,,0,,,,
2017-18,201975,Jodie Meeks,1610612764,WAS,77,41,36,1119,37,119,0.311,89,15,49,0.306,0.374
2017-18,203925,Joe Harris,1610612751,BKN,78,27,51,1975,36,80,0.45,97,25,52,0.481,0.606
2017-18,204060,Joe Ingles,1610612762,UTA,82,48,34,2578,64,173,0.37,170,42,112,0.375,0.491
2017-18,2207,Joe Johnson,1610612745,HOU,55,35,20,1205,46,111,0.414,94,2,8,0.25,0.423
2017-18,1626202,Joe Young,1610612754,IND,53,28,25,558,27,67,0.403,60,6,17,0.353,0.448
2017-18,1627762,Joel Bolomboy,1610612749,MIL,6,3,3,38,1,1,1,2,0,0,,1
2017-18,203954,Joel Embiid,1610612755,PHI,63,41,22,1912,99,239,0.414,204,6,18,0.333,0.427
2017-18,203530,Joffrey Lauvergne,1610612759,SAS,55,30,25,534,2,4,0.5,4,0,1,0,0.5
2017-18,1628381,John Collins,1610612737,ATL,74,21,53,1785,8,28,0.286,16,0,5,0,0.286
2017-18,203089,John Henson,1610612749,MIL,76,39,37,1970,3,12,0.25,6,0,2,0,0.25
2017-18,204066,John Holland,1610612739,CLE,24,17,7,174,5,17,0.294,14,4,9,0.444,0.412
2017-18,202322,John Wall,1610612764,WAS,41,23,18,1410,94,315,0.298,214,26,83,0.313,0.34
2017-18,1628405,Johnathan Motley,1610612742,DAL,11,1,10,176,3,5,0.6,6,0,1,0,0.6
2017-18,203948,Johnny O'Bryant III,1610612766,CHA,36,15,21,379,15,46,0.326,30,0,2,0,0.326
2017-18,202720,Jon Leuer,1610612765,DET,8,5,3,136,0,3,0,0,0,0,,0
2017-18,201973,Jonas Jerebko,1610612762,UTA,74,45,29,1134,6,23,0.261,12,0,5,0,0.261
2017-18,202685,Jonas Valanciunas,1610612761,TOR,77,56,21,1727,10,24,0.417,21,1,3,0.333,0.438
2017-18,1626780,Jonathan Gibson,1610612738,BOS,4,2,2,40,4,8,0.5,10,2,4,0.5,0.625
2017-18,1628371,Jonathan Isaac,1610612753,ORL,27,11,16,535,7,39,0.179,14,0,2,0,0.179
2017-18,203613,Jonathon Simmons,1610612753,ORL,69,21,48,2029,74,202,0.366,164,16,52,0.308,0.406
2017-18,1628395,Jordan Bell,1610612744,GSW,57,43,14,809,3,10,0.3,6,0,1,0,0.3
2017-18,203903,Jordan Clarkson,1610612739,CLE,81,40,41,1887,128,338,0.379,290,34,114,0.298,0.429
2017-18,202348,Jordan Crawford,1610612740,NOP,5,3,2,53,5,16,0.313,13,3,8,0.375,0.406
2017-18,1626175,Jordan Mickey,1610612748,MIA,23,15,8,284,1,3,0.333,2,0,1,0,0.333
2017-18,101181,Jose Calderon,1610612739,CLE,57,33,24,914,28,72,0.389,64,8,26,0.308,0.444
2017-18,1627982,Josh Gray,1610612756,PHX,5,0,5,86,2,14,0.143,4,0,5,0,0.143
2017-18,1628404,Josh Hart,1610612747,LAL,63,27,36,1461,17,59,0.288,43,9,29,0.31,0.364
2017-18,203962,Josh Huestis,1610612760,OKC,69,43,26,982,0,5,0,0,0,1,0,0
2017-18,1628367,Josh Jackson,1610612756,PHX,77,19,58,1959,74,247,0.3,156,8,44,0.182,0.316
2017-18,203705,Josh Magette,1610612737,ATL,18,3,15,216,8,27,0.296,18,2,11,0.182,0.333
2017-18,201177,Josh McRoberts,1610612742,DAL,2,2,0,6,0,0,,0,0,0,,
2017-18,1626196,Josh Richardson,1610612748,MIA,81,44,37,2689,93,224,0.415,191,5,20,0.25,0.426
2017-18,2746,Josh Smith,1610612740,NOP,3,2,1,12,0,0,,0,,,,
2017-18,201950,Jrue Holiday,1610612740,NOP,81,47,34,2927,170,433,0.393,394,54,190,0.284,0.455
2017-18,1627823,Juancho Hernangomez,1610612743,DEN,25,15,10,277,2,3,0.667,6,2,3,0.667,1
2017-18,203944,Julius Randle,1610612747,LAL,82,35,47,2190,14,50,0.28,28,0,9,0,0.28
2017-18,202933,Julyan Stone,1610612766,CHA,23,10,13,175,0,1,0,0,0,1,0,0
2017-18,1626147,Justin Anderson,1610612755,PHI,38,27,11,519,9,27,0.333,19,1,10,0.1,0.352
2017-18,203200,Justin Holiday,1610612741,CHI,72,24,48,2265,84,257,0.327,202,34,105,0.324,0.393
2017-18,1628382,Justin Jackson,1610612758,SAC,68,21,47,1506,46,101,0.455,97,5,15,0.333,0.48
2017-18,1628383,Justin Patton,1610612750,MIN,1,0,1,4,0,0,,0,,,,
2017-18,1626159,Justise Winslow,1610612748,MIA,68,33,35,1680,9,47,0.191,18,0,6,0,0.191
2017-18,203994,Jusuf Nurkić,1610612757,POR,79,48,31,2088,15,39,0.385,30,0,1,0,0.385
2017-18,1628443,Kadeem Allen,1610612738,BOS,18,9,9,107,0,4,0,0,0,3,0,0
2017-18,1626157,Karl-Anthony Towns,1610612750,MIN,82,47,35,2918,40,87,0.46,83,3,13,0.231,0.477
2017-18,202695,Kawhi Leonard,1610612759,SAS,9,5,4,210,24,54,0.444,54,6,16,0.375,0.5
2017-18,1627770,Kay Felder,1610612765,DET,16,6,10,140,11,43,0.256,23,1,13,0.077,0.267
2017-18,203482,Kelly Olynyk,1610612748,MIA,76,42,34,1779,28,75,0.373,67,11,27,0.407,0.447
2017-18,1626162,Kelly Oubre Jr.,1610612764,WAS,81,43,38,2231,41,136,0.301,98,16,44,0.364,0.36
2017-18,202689,Kemba Walker,1610612766,CHA,80,36,44,2736,283,714,0.396,707,141,373,0.378,0.495
2017-18,2570,Kendrick Perkins,1610612739,CLE,1,0,1,15,0,0,,0,,,,
2017-18,202702,Kenneth Faried,1610612743,DEN,32,16,16,461,2,5,0.4,4,0,0,,0.4
2017-18,203145,Kent Bazemore,1610612737,ATL,65,19,46,1789,77,226,0.341,185,31,93,0.333,0.409
2017-18,203484,Kentavious Caldwell-Pope,1610612747,LAL,74,31,43,2458,84,252,0.333,197,29,94,0.309,0.391
2017-18,201142,Kevin Durant,1610612744,GSW,68,49,19,2325,240,560,0.429,544,64,192,0.333,0.486
2017-18,201567,Kevin Love,1610612739,CLE,59,37,22,1651,30,82,0.366,73,13,30,0.433,0.445
2017-18,1626172,Kevon Looney,1610612744,GSW,66,45,21,910,5,9,0.556,10,0,1,0,0.556
2017-18,203920,Khem Birch,1610612753,ORL,42,14,28,578,0,0,,0,,,,
2017-18,203114,Khris Middleton,1610612749,MIL,82,44,38,2982,263,581,0.453,556,30,105,0.286,0.478
2017-18,202691,Klay Thompson,1610612744,GSW,73,55,18,2504,152,345,0.441,344,40,95,0.421,0.499
2017-18,1628424,Kobi Simmons,1610612763,MEM,32,6,26,643,18,64,0.281,37,1,8,0.125,0.289
2017-18,201585,Kosta Koufos,1610612758,SAC,71,22,49,1391,6,16,0.375,12,,,,0.375
2017-18,1627739,Kris Dunn,1610612741,CHI,52,19,33,1525,116,287,0.404,253,21,60,0.35,0.441
2017-18,204001,Kristaps Porziņģis,1610612752,NYK,48,22,26,1553,62,194,0.32,126,2,15,0.133,0.325
2017-18,203937,Kyle Anderson,1610612759,SAS,74,41,33,1978,30,72,0.417,61,1,6,0.167,0.424
2017-18,1627858,Kyle Collinsworth,1610612742,DAL,32,9,23,480,2,10,0.2,4,0,1,0,0.2
2017-18,2594,Kyle Korver,1610612739,CLE,73,43,30,1574,33,91,0.363,87,21,58,0.362,0.478
2017-18,1628398,Kyle Kuzma,1610612747,LAL,77,34,43,2401,65,185,0.351,153,23,75,0.307,0.414
2017-18,200768,Kyle Lowry,1610612761,TOR,78,57,21,2510,139,367,0.379,384,106,269,0.394,0.523
2017-18,203124,Kyle O'Quinn,1610612752,NYK,77,28,49,1387,12,26,0.462,24,0,2,0,0.462
2017-18,202713,Kyle Singler,1610612760,OKC,12,5,7,59,1,2,0.5,2,0,0,,0.5
2017-18,202681,Kyrie Irving,1610612738,BOS,60,41,19,1931,205,443,0.463,492,82,202,0.406,0.555
2017-18,200746,LaMarcus Aldridge,1610612759,SAS,75,45,30,2509,170,415,0.41,343,3,11,0.273,0.413
2017-18,202362,Lance Stephenson,1610612754,IND,82,48,34,1850,113,300,0.377,249,23,94,0.245,0.415
2017-18,202498,Lance Thomas,1610612752,NYK,73,25,48,1353,9,29,0.31,20,2,5,0.4,0.345
2017-18,204038,Langston Galloway,1610612765,DET,58,28,30,863,42,98,0.429,98,14,32,0.438,0.5
2017-18,203580,Larry Drew II,1610612740,NOP,10,6,4,70,2,10,0.2,4,0,2,0,0.2
2017-18,1626204,Larry Nance Jr.,1610612739,CLE,66,32,34,1421,3,12,0.25,6,0,2,0,0.25
2017-18,1628374,Lauri Markkanen,1610612741,CHI,68,23,45,2020,43,129,0.333,94,8,25,0.32,0.364
2017-18,2544,LeBron James,1610612739,CLE,82,50,32,3026,211,556,0.379,520,98,271,0.362,0.468
2017-18,1628506,London Perrantes,1610612739,CLE,14,8,6,66,0,6,0,0,0,2,0,0
2017-18,1628366,Lonzo Ball,1610612747,LAL,52,24,28,1780,53,171,0.31,137,31,108,0.287,0.401
2017-18,203485,Lorenzo Brown,1610612761,TOR,14,9,5,139,6,14,0.429,13,1,2,0.5,0.464
2017-18,101150,Lou Williams,1610612746,LAC,79,42,37,2589,230,589,0.39,555,95,268,0.354,0.471
2017-18,201601,Luc Mbah a Moute,1610612745,HOU,61,52,9,1564,4,11,0.364,12,4,6,0.667,0.545
2017-18,203512,Lucas Nogueira,1610612761,TOR,49,36,13,418,0,0,,0,0,0,,
2017-18,1626242,Luis Montero,1610612765,DET,2,1,1,8,0,0,,0,,,,
2017-18,202337,Luke Babbitt,1610612748,MIA,50,15,35,715,23,39,0.59,53,7,12,0.583,0.679
2017-18,1628379,Luke Kennard,1610612765,DET,73,34,39,1463,63,157,0.401,136,10,35,0.286,0.433
2017-18,1628436,Luke Kornet,1610612752,NYK,20,6,14,326,5,10,0.5,13,3,3,1,0.65
2017-18,2736,Luol Deng,1610612747,LAL,1,0,1,13,0,0,,0,,,,
2017-18,1627781,Malachi Richardson,1610612761,TOR,26,8,18,323,13,36,0.361,31,5,16,0.313,0.431
2017-18,1627763,Malcolm Brogdon,1610612749,MIL,48,25,23,1436,58,128,0.453,135,19,39,0.487,0.527
2017-18,1627098,Malcolm Delaney,1610612737,ATL,54,16,38,1014,41,116,0.353,94,12,41,0.293,0.405
2017-18,1626259,Malcolm Miller,1610612761,TOR,15,15,0,126,0,1,0,0,0,1,0,0
2017-18,1627736,Malik Beasley,1610612743,DEN,62,34,28,583,11,31,0.355,24,2,6,0.333,0.387
2017-18,1628370,Malik Monk,1610612766,CHA,63,26,37,854,70,233,0.3,181,41,133,0.308,0.388
2017-18,1628493,Mangok Mathiang,1610612766,CHA,4,3,1,20,0,0,,0,,,,
2017-18,1938,Manu Ginobili,1610612759,SAS,65,39,26,1299,40,130,0.308,97,17,68,0.25,0.373
2017-18,202705,MarShon Brooks,1610612763,MEM,7,2,5,193,26,52,0.5,68,16,23,0.696,0.654
2017-18,201188,Marc Gasol,1610612763,MEM,73,21,52,2408,45,153,0.294,91,1,13,0.077,0.297
2017-18,101162,Marcin Gortat,1610612764,WAS,82,43,39,2074,14,28,0.5,28,,,,0.5
2017-18,201158,Marco Belinelli,1610612755,PHI,80,39,41,1947,121,275,0.44,285,43,115,0.374,0.518
2017-18,1627875,Marcus Georges-Hunt,1610612750,MIN,42,24,18,224,3,11,0.273,7,1,4,0.25,0.318
2017-18,202694,Marcus Morris Sr.,1610612738,BOS,54,34,20,1442,90,212,0.425,194,14,41,0.341,0.458
2017-18,1627779,Marcus Paige,1610612766,CHA,5,4,1,28,1,3,0.333,2,0,1,0,0.333
2017-18,203935,Marcus Smart,1610612738,BOS,54,38,16,1614,52,154,0.338,123,19,71,0.268,0.399
2017-18,201596,Mario Chalmers,1610612763,MEM,66,21,45,1421,38,120,0.317,85,9,50,0.18,0.354
2017-18,1626209,Mario Hezonja,1610612753,ORL,75,21,54,1657,45,108,0.417,102,12,33,0.364,0.472
2017-18,203900,Markel Brown,1610612745,HOU,4,4,0,31,2,3,0.667,5,1,2,0.5,0.833
2017-18,1628365,Markelle Fultz,1610612755,PHI,14,11,3,253,7,31,0.226,14,0,0,,0.226
2017-18,202693,Markieff Morris,1610612764,WAS,73,37,36,1968,42,119,0.353,85,1,11,0.091,0.357
2017-18,1627737,Marquese Chriss,1610612756,PHX,72,19,53,1527,5,28,0.179,10,0,5,0,0.179
2017-18,203104,Marquis Teague,1610612763,MEM,3,0,3,74,1,9,0.111,3,1,3,0.333,0.167
2017-18,201578,Marreese Speights,1610612753,ORL,52,15,37,675,10,32,0.313,21,1,9,0.111,0.328
2017-18,1627850,Marshall Plumlee,1610612749,MIL,8,5,3,52,0,0,,0,,,,
2017-18,101107,Marvin Williams,1610612766,CHA,78,33,45,2006,29,59,0.492,62,4,10,0.4,0.525
2017-18,203486,Mason Plumlee,1610612743,DEN,74,40,34,1439,6,16,0.375,12,0,0,,0.375
2017-18,1627856,Matt Costello,1610612759,SAS,4,2,2,32,0,0,,0,,,,
2017-18,1628475,Matt Williams Jr.,1610612748,MIA,3,1,2,11,1,2,0.5,2,0,1,0,0.5
2017-18,203521,Matthew Dellavedova,1610612749,MIL,38,21,17,712,12,42,0.286,27,3,14,0.214,0.321
2017-18,203090,Maurice Harkless,1610612757,POR,59,36,23,1264,5,16,0.313,11,1,7,0.143,0.344
2017-18,1628467,Maxi Kleber,1610612742,DAL,72,20,52,1206,6,23,0.261,12,0,5,0,0.261
2017-18,203086,Meyers Leonard,1610612757,POR,33,17,16,254,7,9,0.778,14,0,1,0,0.778
2017-18,201563,Michael Beasley,1610612752,NYK,74,24,50,1653,74,197,0.376,155,7,17,0.412,0.393
2017-18,203487,Michael Carter-Williams,1610612766,CHA,52,23,29,835,13,54,0.241,28,2,8,0.25,0.259
2017-18,203077,Michael Kidd-Gilchrist,1610612766,CHA,74,34,40,1850,68,173,0.393,136,0,1,0,0.393
2017-18,201144,Mike Conley,1610612763,MEM,12,7,5,373,23,75,0.307,60,14,47,0.298,0.4
2017-18,1628455,Mike James,1610612740,NOP,36,11,25,686,43,153,0.281,105,19,71,0.268,0.343
2017-18,203488,Mike Muscala,1610612737,ATL,53,14,39,1060,5,18,0.278,10,0,1,0,0.278
2017-18,203118,Mike Scott,1610612764,WAS,76,39,37,1406,48,94,0.511,96,0,7,0,0.511
2017-18,203101,Miles Plumlee,1610612737,ATL,55,19,36,918,0,0,,0,,,,
2017-18,1628462,Milos Teodosic,1610612746,LAC,45,29,16,1134,60,164,0.366,148,28,92,0.304,0.451
2017-18,1628495,Milton Doyle,1610612751,BKN,10,2,8,125,0,9,0,0,0,7,0,0
2017-18,1627851,Mindaugas Kuzminskas,1610612752,NYK,1,0,1,2,0,0,,0,,,,
2017-18,203141,Mirza Teletovic,1610612749,MIL,10,4,6,159,2,6,0.333,5,1,2,0.5,0.417
2017-18,1628420,Monte Morris,1610612743,DEN,3,2,1,25,1,1,1,2,0,0,,1
2017-18,1626149,Montrezl Harrell,1610612746,LAC,76,39,37,1293,10,22,0.455,21,1,4,0.25,0.477
2017-18,1627988,Myke Henry,1610612763,MEM,20,3,17,378,0,9,0,0,0,0,,0
2017-18,1626167,Myles Turner,1610612754,IND,65,39,26,1836,27,54,0.5,56,2,8,0.25,0.519
2017-18,203489,Nate Wolters,1610612762,UTA,5,3,2,19,1,3,0.333,2,,,,0.333
2017-18,1628513,Naz Mitrou-Long,1610612762,UTA,1,0,1,1,0,0,,0,0,0,,
2017-18,202357,Nemanja Bjelica,1610612750,MIN,67,38,29,1371,12,36,0.333,30,6,15,0.4,0.417
2017-18,2403,Nene,1610612745,HOU,52,42,10,758,0,3,0,0,0,0,,0
2017-18,203457,Nerlens Noel,1610612742,DAL,30,6,24,472,1,5,0.2,2,0,1,0,0.2
2017-18,2555,Nick Collison,1610612760,OKC,15,9,6,75,0,0,,0,,,,
2017-18,201156,Nick Young,1610612744,GSW,80,56,24,1393,73,197,0.371,180,34,101,0.337,0.457
2017-18,201587,Nicolas Batum,1610612766,CHA,64,27,37,1981,112,280,0.4,240,16,58,0.276,0.429
2017-18,1627852,Nicolas Brussino,1610612737,ATL,4,0,4,10,0,0,,0,0,0,,
2017-18,1628502,Nigel Hayes-Davis,1610612758,SAC,9,6,3,122,4,8,0.5,8,0,0,,0.5
2017-18,203917,Nik Stauskas,1610612751,BKN,41,14,27,523,19,57,0.333,52,14,39,0.359,0.456
2017-18,203999,Nikola Jokić,1610612743,DEN,75,43,32,2443,34,88,0.386,79,11,30,0.367,0.449
2017-18,202703,Nikola Mirotic,1610612740,NOP,55,34,21,1494,68,156,0.436,159,23,58,0.397,0.51
2017-18,202696,Nikola Vučević,1610612753,ORL,57,17,40,1683,23,66,0.348,46,0,1,0,0.348
2017-18,203943,Noah Vonleh,1610612741,CHI,54,24,30,876,6,19,0.316,13,1,7,0.143,0.342
2017-18,1626181,Norman Powell,1610612761,TOR,70,51,19,1062,20,68,0.294,48,8,37,0.216,0.353
2017-18,1628384,OG Anunoby,1610612761,TOR,74,51,23,1481,5,19,0.263,15,5,10,0.5,0.395
2017-18,1627855,Okaro White,1610612739,CLE,6,2,4,80,1,1,1,2,0,0,,1
2017-18,204179,Omari Johnson,1610612763,MEM,4,1,3,75,1,3,0.333,2,0,0,,0.333
2017-18,201600,Omer Asik,1610612741,CHI,18,7,11,182,0,0,,0,,,,
2017-18,201956,Omri Casspi,1610612744,GSW,53,40,13,742,4,11,0.364,9,1,4,0.25,0.409
2017-18,203490,Otto Porter Jr.,1610612764,WAS,77,42,35,2432,113,246,0.459,245,19,42,0.452,0.498
2017-18,200782,P.J. Tucker,1610612745,HOU,82,65,17,2281,4,19,0.211,10,2,10,0.2,0.263
2017-18,1628408,PJ Dozier,1610612760,OKC,2,1,1,3,0,1,0,0,,,,0
2017-18,1627783,Pascal Siakam,1610612761,TOR,81,59,22,1679,4,15,0.267,8,0,2,0,0.267
2017-18,1626192,Pat Connaughton,1610612757,POR,82,49,33,1488,27,68,0.397,63,9,22,0.409,0.463
2017-18,201976,Patrick Beverley,1610612746,LAC,11,5,6,334,9,32,0.281,24,6,18,0.333,0.375
2017-18,1627775,Patrick McCaw,1610612744,GSW,57,41,16,961,9,39,0.231,19,1,14,0.071,0.244
2017-18,202335,Patrick Patterson,1610612760,OKC,82,48,34,1270,3,11,0.273,6,0,1,0,0.273
2017-18,201988,Patty Mills,1610612759,SAS,82,47,35,2107,122,291,0.419,296,52,133,0.391,0.509
2017-18,2200,Pau Gasol,1610612759,SAS,77,45,32,1812,15,44,0.341,30,0,0,,0.341
2017-18,202331,Paul George,1610612760,OKC,79,47,32,2891,165,456,0.362,393,63,166,0.38,0.431
2017-18,200794,Paul Millsap,1610612743,DEN,38,22,16,1143,40,108,0.37,83,3,16,0.188,0.384
2017-18,1627835,Paul Zipser,1610612741,CHI,54,17,37,824,12,58,0.207,25,1,10,0.1,0.216
2017-18,203112,Quincy Acy,1610612751,BKN,70,26,44,1359,5,16,0.313,12,2,7,0.286,0.375
2017-18,202347,Quincy Pondexter,1610612741,CHI,23,6,17,196,0,9,0,0,0,5,0,0
2017-18,1626188,Quinn Cook,1610612744,GSW,33,21,12,741,57,120,0.475,133,19,47,0.404,0.554
2017-18,1626154,RJ Hunter,1610612745,HOU,5,3,2,45,3,9,0.333,8,2,8,0.25,0.444
2017-18,200765,Rajon Rondo,1610612740,NOP,65,41,24,1705,43,110,0.391,105,19,46,0.413,0.477
2017-18,201196,Ramon Sessions,1610612764,WAS,28,10,18,392,4,25,0.16,9,1,4,0.25,0.18
2017-18,1626173,Rashad Vaughn,1610612753,ORL,28,13,15,212,3,11,0.273,6,0,4,0,0.273
2017-18,203526,Raul Neto,1610612762,UTA,41,28,13,498,11,38,0.289,24,2,13,0.154,0.316
2017-18,101109,Raymond Felton,1610612760,OKC,82,48,34,1365,92,256,0.359,208,24,86,0.279,0.406
2017-18,203493,Reggie Bullock Jr.,1610612765,DET,62,32,30,1732,48,109,0.44,114,18,40,0.45,0.523
2017-18,203687,Reggie Hearn,1610612765,DET,3,3,0,7,0,1,0,0,0,1,0,0
2017-18,202704,Reggie Jackson,1610612765,DET,45,27,18,1201,105,263,0.399,234,24,81,0.296,0.445
2017-18,2210,Richard Jefferson,1610612743,DEN,20,10,10,163,2,4,0.5,5,1,1,1,0.625
2017-18,1626158,Richaun Holmes,1610612755,PHI,48,30,18,746,5,10,0.5,10,0,3,0,0.5
2017-18,201937,Ricky Rubio,1610612762,UTA,77,44,33,2254,164,401,0.409,349,21,74,0.284,0.435
2017-18,203496,Robert Covington,1610612755,PHI,80,51,29,2531,30,86,0.349,73,13,38,0.342,0.424
2017-18,201577,Robin Lopez,1610612741,CHI,64,23,41,1690,11,38,0.289,23,1,2,0.5,0.303
2017-18,203918,Rodney Hood,1610612739,CLE,60,29,31,1615,113,284,0.398,266,40,108,0.37,0.468
2017-18,203585,Rodney McGruder,1610612748,MIA,18,11,7,299,5,12,0.417,12,2,3,0.667,0.5
2017-18,1628681,Rodney Purvis,1610612753,ORL,16,5,11,290,12,36,0.333,26,2,7,0.286,0.361
2017-18,1627758,Ron Baker,1610612752,NYK,29,12,17,385,3,10,0.3,8,2,7,0.286,0.4
2017-18,1626178,Rondae Hollis-Jefferson,1610612751,BKN,68,26,42,1921,69,158,0.437,138,0,3,0,0.437
2017-18,1626220,Royce O'Neale,1610612762,UTA,69,43,26,1150,20,48,0.417,49,9,24,0.375,0.51
2017-18,200752,Rudy Gay,1610612759,SAS,57,36,21,1231,78,172,0.453,163,7,24,0.292,0.474
2017-18,203497,Rudy Gobert,1610612762,UTA,56,37,19,1816,1,2,0.5,2,,,,0.5
2017-18,201566,Russell Westbrook,1610612760,OKC,80,47,33,2914,283,799,0.354,629,63,226,0.279,0.394
2017-18,201583,Ryan Anderson,1610612745,HOU,66,52,14,1725,36,80,0.45,80,8,26,0.308,0.5
2017-18,1627853,Ryan Arcidiacono,1610612741,CHI,24,6,18,304,3,8,0.375,7,1,5,0.2,0.438
2017-18,1626257,Salah Mejri,1610612742,DAL,61,21,40,729,0,3,0,0,0,2,0,0
2017-18,1626155,Sam Dekker,1610612746,LAC,73,36,37,883,4,19,0.211,10,2,6,0.333,0.263
2017-18,203816,Scotty Hopson,1610612742,DAL,1,0,1,8,0,0,,0,,,,
2017-18,203930,Sean Kilpatrick,1610612741,CHI,52,22,30,640,28,91,0.308,68,12,44,0.273,0.374
2017-18,1628400,Semi Ojeleye,1610612738,BOS,73,50,23,1150,10,18,0.556,25,5,7,0.714,0.694
2017-18,201586,Serge Ibaka,1610612761,TOR,76,53,23,2093,50,108,0.463,102,2,12,0.167,0.472
2017-18,203498,Shabazz Muhammad,1610612749,MIL,43,25,18,418,6,23,0.261,13,1,3,0.333,0.283
2017-18,203894,Shabazz Napier,1610612757,POR,74,46,28,1535,98,253,0.387,221,25,88,0.284,0.437
2017-18,203499,Shane Larkin,1610612738,BOS,54,39,15,775,23,82,0.28,53,7,26,0.269,0.323
2017-18,1627885,Shaquille Harrison,1610612756,PHX,23,3,20,384,2,10,0.2,5,1,8,0.125,0.25
2017-18,2733,Shaun Livingston,1610612744,GSW,71,49,22,1129,86,200,0.43,172,0,3,0,0.43
2017-18,202714,Shelvin Mack,1610612753,ORL,69,21,48,1365,48,149,0.322,114,18,64,0.281,0.383
2017-18,1628414,Sindarius Thornwell,1610612746,LAC,73,36,37,1156,8,20,0.4,16,0,2,0,0.4
2017-18,1627746,Skal Labissiere,1610612758,SAC,60,19,41,1240,18,66,0.273,37,1,5,0.2,0.28
2017-18,203524,Solomon Hill,1610612740,NOP,12,8,4,187,1,3,0.333,2,0,1,0,0.333
2017-18,203915,Spencer Dinwiddie,1610612751,BKN,80,28,52,2306,106,331,0.32,279,67,230,0.291,0.421
2017-18,1626169,Stanley Johnson,1610612765,DET,69,33,36,1894,43,146,0.295,90,4,31,0.129,0.308
2017-18,201939,Stephen Curry,1610612744,GSW,51,41,10,1631,166,358,0.464,425,93,229,0.406,0.594
2017-18,1628425,Sterling Brown,1610612749,MIL,54,26,28,776,17,36,0.472,38,4,8,0.5,0.528
2017-18,203500,Steven Adams,1610612760,OKC,76,43,33,2487,1,10,0.1,2,0,1,0,0.1
2017-18,1628388,T.J. Leaf,1610612754,IND,53,31,22,459,4,13,0.308,8,0,0,,0.308
2017-18,204456,T.J. McConnell,1610612755,PHI,76,50,26,1707,80,169,0.473,163,3,10,0.3,0.482
2017-18,203933,T.J. Warren,1610612756,PHX,65,18,47,2142,89,248,0.359,178,0,12,0,0.359
2017-18,201959,Taj Gibson,1610612750,MIN,82,47,35,2726,15,43,0.349,30,0,0,,0.349
2017-18,204028,Tarik Black,1610612745,HOU,51,40,11,536,0,3,0,0,0,3,0,0
2017-18,1627752,Taurean Prince,1610612737,ATL,82,24,58,2464,75,239,0.314,183,33,112,0.295,0.383
2017-18,1628390,Terrance Ferguson,1610612760,OKC,61,37,24,763,6,15,0.4,13,1,4,0.25,0.433
2017-18,203082,Terrence Ross,1610612753,ORL,24,10,14,600,22,63,0.349,51,7,20,0.35,0.405
2017-18,1626179,Terry Rozier,1610612738,BOS,80,54,26,2068,110,303,0.363,278,58,161,0.36,0.459
2017-18,200757,Thabo Sefolosha,1610612762,UTA,38,16,22,806,11,29,0.379,24,2,4,0.5,0.414
2017-18,201152,Thaddeus Young,1610612754,IND,81,48,33,2607,32,86,0.372,67,3,12,0.25,0.39
2017-18,1628418,Thomas Bryant,1610612747,LAL,15,7,8,72,1,3,0.333,2,0,1,0,0.333
2017-18,1627748,Thon Maker,1610612749,MIL,74,40,34,1238,0,8,0,0,0,2,0,0
2017-18,204025,Tim Frazier,1610612764,WAS,59,31,28,838,28,78,0.359,63,7,22,0.318,0.404
2017-18,203501,Tim Hardaway Jr.,1610612752,NYK,57,19,38,1885,94,264,0.356,225,37,132,0.28,0.426
2017-18,1627817,Tim Quarterman,1610612745,HOU,3,2,1,13,0,2,0,0,0,2,0,0
2017-18,202389,Timofey Mozgov,1610612751,BKN,31,12,19,359,0,1,0,0,0,0,,0
2017-18,1627789,Timothe Luwawu-Cabarrot,1610612755,PHI,52,29,23,807,5,14,0.357,14,4,10,0.4,0.5
2017-18,202699,Tobias Harris,1610612746,LAC,80,39,41,2668,140,335,0.418,315,35,83,0.422,0.47
2017-18,203107,Tomas Satoransky,1610612764,WAS,73,39,34,1643,30,88,0.341,60,0,10,0,0.341
2017-18,2754,Tony Allen,1610612740,NOP,22,12,10,273,0,2,0,0,0,0,,0
2017-18,1628396,Tony Bradley,1610612762,UTA,9,6,3,29,0,0,,0,0,0,,
2017-18,2225,Tony Parker,1610612759,SAS,55,32,23,1071,59,148,0.399,119,1,2,0.5,0.402
2017-18,203503,Tony Snell,1610612749,MIL,75,42,33,2053,25,49,0.51,54,4,10,0.4,0.551
2017-18,1628470,Torrey Craig,1610612743,DEN,39,22,17,629,1,9,0.111,2,0,6,0,0.111
2017-18,204037,Travis Wear,1610612747,LAL,17,7,10,228,6,16,0.375,14,2,5,0.4,0.438
2017-18,1626203,Treveon Graham,1610612766,CHA,63,28,35,1050,16,41,0.39,33,1,5,0.2,0.402
2017-18,2772,Trevor Ariza,1610612745,HOU,67,51,16,2269,20,86,0.233,59,19,79,0.241,0.343
2017-18,202344,Trevor Booker,1610612754,IND,68,36,32,1158,11,29,0.379,24,2,4,0.5,0.414
2017-18,203504,Trey Burke,1610612752,NYK,36,10,26,785,100,210,0.476,211,11,40,0.275,0.502
2017-18,1626168,Trey Lyles,1610612743,DEN,73,41,32,1391,27,79,0.342,59,5,25,0.2,0.373
2017-18,203590,Trey McKinney-Jones,1610612754,IND,1,1,0,1,0,0,,0,,,,
2017-18,202684,Tristan Thompson,1610612739,CLE,53,27,26,1072,3,11,0.273,6,,,,0.273
2017-18,203584,Troy Daniels,1610612756,PHX,79,20,59,1622,60,150,0.4,164,44,111,0.396,0.547
2017-18,1627786,Troy Williams,1610612752,NYK,21,7,14,307,2,10,0.2,5,1,4,0.25,0.25
2017-18,1628463,Tyler Cavanaugh,1610612737,ATL,39,11,28,518,1,6,0.167,2,0,3,0,0.167
2017-18,1628416,Tyler Dorsey,1610612737,ATL,56,15,41,974,47,126,0.373,116,22,58,0.379,0.46
2017-18,203898,Tyler Ennis,1610612747,LAL,54,22,32,683,15,58,0.259,33,3,19,0.158,0.284
2017-18,204020,Tyler Johnson,1610612748,MIA,72,39,33,2052,50,137,0.365,107,7,22,0.318,0.391
2017-18,1628399,Tyler Lydon,1610612743,DEN,1,1,0,2,0,0,,0,,,,
2017-18,1627755,Tyler Ulis,1610612756,PHX,71,20,51,1658,132,345,0.383,288,24,87,0.276,0.417
2017-18,203092,Tyler Zeller,1610612749,MIL,66,27,39,1108,1,4,0.25,2,0,1,0,0.25
2017-18,201936,Tyreke Evans,1610612763,MEM,52,19,33,1607,101,250,0.404,271,69,169,0.408,0.542
2017-18,1627820,Tyrone Wallace,1610612746,LAC,30,17,13,851,9,34,0.265,18,0,1,0,0.265
2017-18,2199,Tyson Chandler,1610612756,PHX,46,15,31,1151,0,0,,0,,,,
2017-18,1626145,Tyus Jones,1610612750,MIN,82,47,35,1467,30,81,0.37,63,3,22,0.136,0.389
2017-18,2617,Udonis Haslem,1610612748,MIA,14,9,5,72,0,0,,0,0,0,,
2017-18,203505,Vander Blue,1610612747,LAL,5,1,4,45,0,0,,0,0,0,,
2017-18,203506,Victor Oladipo,1610612754,IND,75,48,27,2552,245,609,0.402,567,77,218,0.353,0.466
2017-18,1713,Vince Carter,1610612758,SAC,58,20,38,1026,18,58,0.31,39,3,23,0.13,0.336
2017-18,1626205,Vincent Hunter,1610612763,MEM,4,0,4,7,0,0,,0,,,,
2017-18,1627735,Wade Baldwin IV,1610612757,POR,7,4,3,80,1,6,0.167,2,0,1,0,0.167
2017-18,1627215,Walt Lemon Jr.,1610612740,NOP,5,4,1,35,1,1,1,3,1,1,1,1.5
2017-18,201961,Wayne Ellington,1610612748,MIA,77,42,35,2041,62,158,0.392,172,48,125,0.384,0.544
2017-18,1627782,Wayne Selden,1610612763,MEM,35,10,25,691,31,74,0.419,75,13,34,0.382,0.507
2017-18,1628411,Wes Iwundu,1610612753,ORL,62,18,44,1020,11,45,0.244,22,0,4,0,0.244
2017-18,202325,Wesley Johnson,1610612746,LAC,74,38,36,1486,41,106,0.387,88,6,16,0.375,0.415
2017-18,202083,Wesley Matthews,1610612742,DAL,63,20,43,2131,84,218,0.385,199,31,82,0.378,0.456
2017-18,203115,Will Barton,1610612743,DEN,81,46,35,2683,91,265,0.343,237,55,163,0.337,0.447
2017-18,1626161,Willie Cauley-Stein,1610612758,SAC,73,23,50,2044,17,66,0.258,34,0,4,0,0.258
2017-18,203186,Willie Reed,1610612765,DET,42,20,22,428,1,4,0.25,3,1,2,0.5,0.375
2017-18,1626195,Willy Hernangomez,1610612766,CHA,48,20,28,494,3,6,0.5,6,0,0,,0.5
2017-18,201163,Wilson Chandler,1610612743,DEN,74,41,33,2346,31,108,0.287,71,9,40,0.225,0.329
2017-18,204098,Xavier Munford,1610612749,MIL,6,2,4,21,0,1,0,0,0,1,0,0
2017-18,1628504,Xavier Rathan-Mayes,1610612763,MEM,5,0,5,118,5,22,0.227,10,0,9,0,0.227
2017-18,202918,Xavier Silas,1610612738,BOS,2,1,1,7,0,0,,0,0,0,,
2017-18,1627812,Yogi Ferrell,1610612742,DAL,82,24,58,2281,142,331,0.429,329,45,131,0.344,0.497
2017-18,1628380,Zach Collins,1610612757,POR,66,41,25,1045,6,25,0.24,12,0,2,0,0.24
2017-18,203897,Zach LaVine,1610612741,CHI,24,9,15,656,49,147,0.333,125,27,74,0.365,0.425
2017-18,2216,Zach Randolph,1610612758,SAC,59,18,41,1508,28,82,0.341,57,1,4,0.25,0.348
2017-18,2585,Zaza Pachulia,1610612744,GSW,69,47,22,972,3,4,0.75,6,0,0,,0.75
2017-18,1627753,Zhou Qi,1610612745,HOU,18,14,4,124,0,2,0,0,0,0,,0
2018-19,203932,Aaron Gordon,1610612753,ORL,78,40,38,2633,96,265,0.362,222,30,93,0.323,0.419
2018-19,1628988,Aaron Holiday,1610612754,IND,50,31,19,646,44,130,0.338,106,18,61,0.295,0.408
2018-19,1627846,Abdel Nader,1610612760,OKC,61,38,23,694,4,13,0.308,10,2,5,0.4,0.385
2018-19,201143,Al Horford,1610612738,BOS,68,41,27,1973,22,48,0.458,44,0,0,,0.458
2018-19,202329,Al-Farouq Aminu,1610612757,POR,81,52,29,2292,7,41,0.171,16,2,14,0.143,0.195
2018-19,1626210,Alan Williams,1610612751,BKN,5,1,4,26,0,0,,0,0,0,,
2018-19,202692,Alec Burks,1610612758,SAC,64,19,45,1375,41,152,0.27,104,22,74,0.297,0.342
2018-19,203518,Alex Abrines,1610612760,OKC,31,21,10,588,8,16,0.5,22,6,11,0.545,0.688
2018-19,1627936,Alex Caruso,1610612747,LAL,25,8,17,531,19,49,0.388,49,11,20,0.55,0.5
2018-19,203458,Alex Len,1610612737,ATL,77,28,49,1544,3,9,0.333,7,1,4,0.25,0.389
2018-19,1627816,Alex Poythress,1610612737,ATL,21,7,14,305,0,1,0,0,0,1,0,0
2018-19,1628035,Alfonzo McKinnie,1610612744,GSW,72,53,19,1003,7,19,0.368,14,0,1,0,0.368
2018-19,1628993,Alize Johnson,1610612754,IND,14,9,5,64,1,3,0.333,2,0,0,,0.333
2018-19,203459,Allen Crabbe,1610612751,BKN,43,19,24,1133,22,79,0.278,52,8,28,0.286,0.329
2018-19,1629019,Allonzo Trier,1610612752,NYK,64,13,51,1459,80,219,0.365,182,22,64,0.344,0.416
2018-19,1628518,Amile Jefferson,1610612753,ORL,12,9,3,68,0,0,,0,,,,
2018-19,101161,Amir Johnson,1610612755,PHI,51,32,19,529,2,2,1,4,0,0,,1
2018-19,203083,Andre Drummond,1610612765,DET,79,40,39,2647,8,44,0.182,18,2,14,0.143,0.205
2018-19,2738,Andre Iguodala,1610612744,GSW,68,47,21,1578,12,40,0.3,28,4,13,0.308,0.35
2018-19,201281,Andre Ingram,1610612747,LAL,4,1,3,15,0,1,0,0,0,0,,0
2018-19,101106,Andrew Bogut,1610612744,GSW,11,8,3,134,0,1,0,0,,,,0
2018-19,1626150,Andrew Harrison,1610612740,NOP,17,6,11,186,4,22,0.182,10,2,12,0.167,0.227
2018-19,203952,Andrew Wiggins,1610612750,MIN,73,31,42,2543,147,452,0.325,322,28,99,0.283,0.356
2018-19,1629014,Anfernee Simons,1610612757,POR,20,17,3,141,12,26,0.462,29,5,11,0.455,0.558
2018-19,1629116,Angel Delgado,1610612746,LAC,2,0,2,15,0,0,,0,,,,
2018-19,1627790,Ante Zizic,1610612739,CLE,59,13,46,1082,1,8,0.125,2,,,,0.125
2018-19,203076,Anthony Davis,1610612740,NOP,56,25,31,1850,76,229,0.332,153,1,21,0.048,0.334
2018-19,201229,Anthony Tolliver,1610612750,MIN,65,27,38,1079,5,13,0.385,13,3,8,0.375,0.5
2018-19,1628469,Antonio Blakeney,1610612741,CHI,57,14,43,829,69,202,0.342,147,9,27,0.333,0.364
2018-19,203382,Aron Baynes,1610612738,BOS,51,32,19,821,0,0,,0,0,0,,
2018-19,203085,Austin Rivers,1610612745,HOU,76,45,31,2028,46,164,0.28,130,38,140,0.271,0.396
2018-19,202340,Avery Bradley,1610612763,MEM,63,31,32,1905,100,234,0.427,219,19,56,0.339,0.468
2018-19,1629168,BJ Johnson,1610612758,SAC,7,2,5,49,3,5,0.6,6,0,0,,0.6
2018-19,1628389,Bam Adebayo,1610612748,MIA,82,39,43,1913,17,35,0.486,36,2,4,0.5,0.514
2018-19,203463,Ben McLemore,1610612758,SAC,19,7,12,158,8,18,0.444,20,4,8,0.5,0.556
2018-19,1627732,Ben Simmons,1610612755,PHI,79,50,29,2700,20,98,0.204,40,0,5,0,0.204
2018-19,1628656,Billy Garrett,1610612752,NYK,4,1,3,63,5,13,0.385,10,0,2,0,0.385
2018-19,202687,Bismack Biyombo,1610612766,CHA,54,24,30,782,4,5,0.8,8,,,,0.8
2018-19,201933,Blake Griffin,1610612765,DET,75,39,36,2622,130,391,0.332,368,108,302,0.358,0.471
2018-19,1626246,Boban Marjanovic,1610612755,PHI,58,31,27,681,5,13,0.385,10,0,0,,0.385
2018-19,1626171,Bobby Portis Jr.,1610612764,WAS,50,14,36,1298,24,66,0.364,49,1,3,0.333,0.371
2018-19,203992,Bogdan Bogdanović,1610612758,SAC,70,32,38,1947,115,321,0.358,273,43,141,0.305,0.425
2018-19,202711,Bojan Bogdanovic,1610612754,IND,81,47,34,2573,105,271,0.387,240,30,85,0.353,0.443
2018-19,1629045,Bonzie Colson,1610612749,MIL,8,6,2,98,2,7,0.286,5,1,4,0.25,0.357
2018-19,202954,Brad Wanamaker,1610612738,BOS,36,27,9,343,16,40,0.4,38,6,14,0.429,0.475
2018-19,203078,Bradley Beal,1610612764,WAS,82,32,50,3028,249,615,0.405,581,83,241,0.344,0.472
2018-19,1629164,Brandon Goodwin,1610612743,DEN,16,10,6,57,0,8,0,0,0,2,0,0
2018-19,1627742,Brandon Ingram,1610612747,LAL,52,25,27,1760,108,245,0.441,219,3,5,0.6,0.447
2018-19,202688,Brandon Knight,1610612739,CLE,39,17,22,737,46,118,0.39,113,21,59,0.356,0.479
2018-19,1629102,Brandon Sampson,1610612741,CHI,14,3,11,214,4,10,0.4,10,2,5,0.4,0.5
2018-19,201572,Brook Lopez,1610612749,MIL,81,60,21,2322,46,113,0.407,117,25,58,0.431,0.518
2018-19,1628971,Bruce Brown,1610612765,DET,74,35,39,1449,6,23,0.261,13,1,10,0.1,0.283
2018-19,203998,Bruno Caboclo,1610612763,MEM,34,14,20,800,6,20,0.3,17,5,18,0.278,0.425
2018-19,1627854,Bryn Forbes,1610612759,SAS,82,48,34,2293,136,320,0.425,319,47,126,0.373,0.498
2018-19,1627741,Buddy Hield,1610612758,SAC,82,39,43,2615,222,558,0.398,536,92,245,0.376,0.48
2018-19,203710,C.J. Williams,1610612750,MIN,15,4,11,128,8,12,0.667,18,2,5,0.4,0.75
2018-19,203468,CJ McCollum,1610612757,POR,70,43,27,2375,286,626,0.457,649,77,217,0.355,0.518
2018-19,101139,CJ Miles,1610612763,MEM,53,33,20,857,24,73,0.329,56,8,34,0.235,0.384
2018-19,1628403,Caleb Swanigan,1610612758,SAC,21,10,11,178,1,7,0.143,2,0,0,,0.143
2018-19,1629244,Cam Reynolds,1610612750,MIN,19,6,13,259,6,12,0.5,14,2,3,0.667,0.583
2018-19,1626166,Cameron Payne,1610612739,CLE,40,7,33,712,31,76,0.408,74,12,27,0.444,0.487
2018-19,1627747,Caris LeVert,1610612751,BKN,40,19,21,1063,53,156,0.34,136,30,86,0.349,0.436
2018-19,2546,Carmelo Anthony,1610612745,HOU,10,4,6,294,15,41,0.366,34,4,12,0.333,0.415
2018-19,1626224,Cedi Osman,1610612739,CLE,76,17,59,2444,82,232,0.353,201,37,100,0.37,0.433
2018-19,1628990,Chandler Hutchison,1610612741,CHI,44,10,34,895,5,18,0.278,10,0,2,0,0.278
2018-19,202718,Chandler Parsons,1610612763,MEM,25,11,14,496,15,46,0.326,35,5,18,0.278,0.38
2018-19,101112,Channing Frye,1610612739,CLE,36,7,29,341,6,20,0.3,16,4,9,0.444,0.4
2018-19,1626184,Chasson Randle,1610612764,WAS,49,19,30,743,22,56,0.393,63,19,39,0.487,0.563
2018-19,1627767,Cheick Diallo,1610612740,NOP,64,27,37,896,10,19,0.526,20,0,0,,0.526
2018-19,1629002,Chimezie Metu,1610612759,SAS,29,14,15,145,1,9,0.111,2,0,0,,0.111
2018-19,1628449,Chris Boucher,1610612761,TOR,28,21,7,163,1,3,0.333,3,1,3,0.333,0.5
2018-19,1629185,Chris Chiozza,1610612745,HOU,7,6,1,33,1,4,0.25,3,1,3,0.333,0.375
2018-19,101108,Chris Paul,1610612745,HOU,58,39,19,1857,201,501,0.401,502,100,290,0.345,0.501
2018-19,1626174,Christian Wood,1610612740,NOP,21,13,8,250,5,11,0.455,10,0,1,0,0.455
2018-19,203991,Clint Capela,1610612745,HOU,67,44,23,2249,0,1,0,0,,,,0
2018-19,203469,Cody Zeller,1610612766,CHA,49,22,27,1243,9,20,0.45,19,1,3,0.333,0.475
2018-19,1629012,Collin Sexton,1610612739,CLE,82,19,63,2605,220,566,0.389,495,55,147,0.374,0.437
2018-19,201147,Corey Brewer,1610612758,SAC,31,13,18,492,2,14,0.143,4,0,5,0,0.143
2018-19,202709,Cory Joseph,1610612754,IND,82,48,34,2063,93,245,0.38,191,5,31,0.161,0.39
2018-19,201584,Courtney Lee,1610612742,DAL,34,6,28,428,21,49,0.429,45,3,8,0.375,0.459
2018-19,1626245,Cristiano Felicio,1610612741,CHI,60,16,44,746,1,3,0.333,2,0,1,0,0.333
2018-19,1626156,D'Angelo Russell,1610612751,BKN,81,42,39,2448,324,794,0.408,774,126,361,0.349,0.487
2018-19,201571,D.J. Augustin,1610612753,ORL,81,42,39,2269,100,243,0.412,261,61,157,0.389,0.537
2018-19,1628391,D.J. Wilson,1610612749,MIL,48,37,11,882,17,37,0.459,42,8,11,0.727,0.568
2018-19,203474,DJ Stephens,1610612763,MEM,1,0,1,7,0,0,,0,,,,
2018-19,1629541,Dairis Bertans,1610612740,NOP,12,3,9,167,2,13,0.154,5,1,4,0.25,0.192
2018-19,1627745,Damian Jones,1610612744,GSW,24,15,9,410,0,0,,0,,,,
2018-19,203081,Damian Lillard,1610612757,POR,80,51,29,2838,304,752,0.404,762,154,423,0.364,0.507
2018-19,1627814,Damion Lee,1610612744,GSW,32,18,14,375,18,38,0.474,41,5,9,0.556,0.539
2018-19,1628422,Damyean Dotson,1610612752,NYK,73,12,61,2004,94,233,0.403,214,26,75,0.347,0.459
2018-19,1627772,Daniel Hamilton,1610612737,ATL,19,7,12,204,1,8,0.125,2,0,2,0,0.125
2018-19,1628464,Daniel Theis,1610612738,BOS,66,38,28,908,2,4,0.5,5,1,1,1,0.625
2018-19,201568,Danilo Gallinari,1610612746,LAC,68,40,28,2059,105,252,0.417,242,32,88,0.364,0.48
2018-19,201980,Danny Green,1610612761,TOR,80,56,24,2215,53,131,0.405,132,26,70,0.371,0.504
2018-19,201967,Dante Cunningham,1610612759,SAS,64,36,28,928,0,2,0,0,0,1,0,0
2018-19,203957,Dante Exum,1610612762,UTA,42,21,21,664,4,16,0.25,9,1,5,0.2,0.281
2018-19,1627863,Danuel House Jr.,1610612745,HOU,39,27,12,979,17,45,0.378,51,17,43,0.395,0.567
2018-19,203967,Dario Saric,1610612750,MIN,81,39,42,2022,19,67,0.284,43,5,19,0.263,0.321
2018-19,203121,Darius Miller,1610612740,NOP,69,31,38,1758,49,130,0.377,120,22,63,0.349,0.462
2018-19,201954,Darren Collison,1610612754,IND,76,45,31,2143,135,316,0.427,297,27,76,0.355,0.47
2018-19,1629133,Daryl Macon,1610612742,DAL,8,4,4,90,6,20,0.3,15,3,8,0.375,0.375
2018-19,1628021,David Nwaba,1610612739,CLE,51,14,37,984,7,17,0.412,14,0,3,0,0.412
2018-19,202722,Davis Bertans,1610612759,SAS,76,44,32,1632,32,83,0.386,79,15,42,0.357,0.476
2018-19,1628432,Davon Reed,1610612754,IND,10,4,6,47,0,4,0,0,0,0,,0
2018-19,1628368,De'Aaron Fox,1610612758,SAC,81,39,42,2546,164,455,0.36,378,50,142,0.352,0.415
2018-19,1629001,De'Anthony Melton,1610612756,PHX,50,13,37,984,13,68,0.191,28,2,20,0.1,0.206
2018-19,201599,DeAndre Jordan,1610612752,NYK,69,25,44,2047,0,3,0,0,,,,0
2018-19,1627761,DeAndre' Bembry,1610612737,ATL,82,29,53,1931,12,46,0.261,28,4,17,0.235,0.304
2018-19,201942,DeMar DeRozan,1610612759,SAS,77,44,33,2688,259,628,0.412,518,0,12,0,0.412
2018-19,202326,DeMarcus Cousins,1610612744,GSW,30,23,7,771,3,13,0.231,7,1,2,0.5,0.269
2018-19,201960,DeMarre Carroll,1610612751,BKN,67,36,31,1703,21,78,0.269,50,8,31,0.258,0.321
2018-19,1629152,DeVaughn Akoon-Purcell,1610612743,DEN,7,7,0,22,0,3,0,0,0,3,0,0
2018-19,1629028,Deandre Ayton,1610612756,PHX,71,17,54,2183,17,42,0.405,34,0,1,0,0.405
2018-19,1626153,Delon Wright,1610612763,MEM,75,45,30,1698,27,113,0.239,68,14,62,0.226,0.301
2018-19,1627743,Demetrius Jackson,1610612755,PHI,6,5,1,39,2,4,0.5,4,0,1,0,0.5
2018-19,1629061,Deng Adel,1610612739,CLE,19,4,15,194,2,8,0.25,4,0,3,0,0.25
2018-19,203471,Dennis Schröder,1610612760,OKC,79,47,32,2314,169,429,0.394,367,29,101,0.287,0.428
2018-19,1628372,Dennis Smith Jr.,1610612752,NYK,53,21,32,1508,85,243,0.35,207,37,106,0.349,0.426
2018-19,1629126,Deonte Burton,1610612760,OKC,32,21,11,240,5,13,0.385,10,0,2,0,0.385
2018-19,202324,Derrick Favors,1610612762,UTA,76,46,30,1766,2,7,0.286,4,0,0,,0.286
2018-19,1627884,Derrick Jones Jr.,1610612748,MIA,60,31,29,1154,1,12,0.083,2,0,6,0,0.083
2018-19,201565,Derrick Rose,1610612750,MIN,51,24,27,1392,145,323,0.449,315,25,65,0.385,0.488
2018-19,1628401,Derrick White,1610612759,SAS,67,41,26,1728,79,177,0.446,171,13,36,0.361,0.483
2018-19,1626164,Devin Booker,1610612756,PHX,64,15,49,2242,236,592,0.399,540,68,234,0.291,0.456
2018-19,2734,Devin Harris,1610612742,DAL,68,28,40,1071,20,75,0.267,52,12,48,0.25,0.347
2018-19,1628421,Devin Robinson,1610612764,WAS,7,1,6,95,3,7,0.429,6,0,0,,0.429
2018-19,1628984,Devonte' Graham,1610612766,CHA,46,18,28,676,24,89,0.27,59,11,51,0.216,0.331
2018-19,203473,Dewayne Dedmon,1610612737,ATL,64,24,40,1609,4,19,0.211,10,2,5,0.4,0.263
2018-19,1627738,Deyonta Davis,1610612737,ATL,9,3,6,118,0,0,,0,0,0,,
2018-19,1628415,Dillon Brooks,1610612763,MEM,18,9,9,330,8,29,0.276,18,2,9,0.222,0.31
2018-19,203079,Dion Waiters,1610612748,MIA,44,20,24,1138,43,126,0.341,116,30,84,0.357,0.46
2018-19,1717,Dirk Nowitzki,1610612742,DAL,51,17,34,795,28,69,0.406,60,4,11,0.364,0.435
2018-19,1627734,Domantas Sabonis,1610612754,IND,74,43,31,1838,5,18,0.278,10,0,0,,0.278
2018-19,202700,Donatas Motiejunas,1610612759,SAS,3,3,0,13,0,2,0,0,,,,0
2018-19,1628378,Donovan Mitchell,1610612762,UTA,77,49,28,2598,224,583,0.384,544,96,289,0.332,0.467
2018-19,1628978,Donte DiVincenzo,1610612749,MIL,27,20,7,411,4,19,0.211,10,2,14,0.143,0.263
2018-19,1629055,Donte Grantham,1610612760,OKC,3,2,1,2,0,0,,0,0,0,,
2018-19,1627827,Dorian Finney-Smith,1610612742,DAL,81,33,48,1985,16,59,0.271,39,7,33,0.212,0.331
2018-19,203926,Doug McDermott,1610612754,IND,77,43,34,1340,17,53,0.321,36,2,12,0.167,0.34
2018-19,1627733,Dragan Bender,1610612756,PHX,46,9,37,826,2,8,0.25,5,1,5,0.2,0.313
2018-19,203110,Draymond Green,1610612744,GSW,66,48,18,2065,11,29,0.379,23,1,4,0.25,0.397
2018-19,1629234,Drew Eubanks,1610612759,SAS,23,13,10,113,0,2,0,0,,,,0
2018-19,1629130,Duncan Robinson,1610612748,MIA,15,7,8,161,2,7,0.286,5,1,4,0.25,0.357
2018-19,1628605,Dusty Hannahs,1610612763,MEM,2,0,2,26,0,2,0,0,0,1,0,0
2018-19,1628407,Dwayne Bacon,1610612766,CHA,43,20,23,759,34,91,0.374,84,16,38,0.421,0.462
2018-19,2730,Dwight Howard,1610612764,WAS,9,4,5,230,0,0,,0,,,,
2018-19,203939,Dwight Powell,1610612742,DAL,77,31,46,1663,1,6,0.167,2,0,1,0,0.167
2018-19,2548,Dwyane Wade,1610612748,MIA,72,35,37,1885,158,454,0.348,371,55,180,0.306,0.409
2018-19,1629058,Dzanan Musa,1610612751,BKN,9,4,5,39,2,8,0.25,4,0,3,0,0.25
2018-19,202734,E'Twaun Moore,1610612740,NOP,53,21,32,1463,58,136,0.426,131,15,32,0.469,0.482
2018-19,202334,Ed Davis,1610612751,BKN,81,42,39,1446,0,4,0,0,0,2,0,0
2018-19,1628410,Edmond Sumner,1610612754,IND,23,14,9,210,4,9,0.444,9,1,4,0.25,0.5
2018-19,202327,Ekpe Udoh,1610612762,UTA,51,35,16,320,0,0,,0,,,,
2018-19,203901,Elfrid Payton,1610612740,NOP,42,18,24,1250,13,39,0.333,32,6,24,0.25,0.41
2018-19,1629059,Elie Okobo,1610612756,PHX,53,7,46,958,32,108,0.296,81,17,55,0.309,0.375
2018-19,1629150,Emanuel Terry,1610612748,MIA,3,0,3,23,0,0,,0,,,,
2018-19,1626144,Emmanuel Mudiay,1610612752,NYK,59,13,46,1607,131,302,0.434,287,25,80,0.313,0.475
2018-19,202683,Enes Freedom,1610612757,POR,67,28,39,1639,4,10,0.4,8,0,1,0,0.4
2018-19,202339,Eric Bledsoe,1610612749,MIL,78,59,19,2272,100,258,0.388,263,63,164,0.384,0.51
2018-19,201569,Eric Gordon,1610612745,HOU,68,44,24,2158,52,175,0.297,147,43,144,0.299,0.42
2018-19,203961,Eric Moreland,1610612761,TOR,5,3,2,43,0,1,0,0,0,0,,0
2018-19,101141,Ersan Ilyasova,1610612749,MIL,67,49,18,1231,14,45,0.311,37,9,26,0.346,0.411
2018-19,203095,Evan Fournier,1610612753,ORL,81,42,39,2553,129,351,0.368,298,40,139,0.288,0.425
2018-19,202323,Evan Turner,1610612757,POR,73,47,26,1606,79,181,0.436,159,1,6,0.167,0.439
2018-19,1628402,Frank Jackson,1610612740,NOP,61,22,39,1169,34,95,0.358,81,13,36,0.361,0.426
2018-19,1626163,Frank Kaminsky,1610612766,CHA,47,22,25,755,3,16,0.188,7,1,3,0.333,0.219
2018-19,1628412,Frank Mason III,1610612758,SAC,38,16,22,435,28,88,0.318,68,12,50,0.24,0.386
2018-19,1628373,Frank Ntilikina,1610612752,NYK,43,9,34,904,40,115,0.348,88,8,31,0.258,0.383
2018-19,1627832,Fred VanVleet,1610612761,TOR,64,46,18,1760,70,208,0.337,175,35,109,0.321,0.421
2018-19,1627788,Furkan Korkmaz,1610612755,PHI,48,30,18,679,20,63,0.317,48,8,28,0.286,0.381
2018-19,202066,Garrett Temple,1610612746,LAC,75,37,38,2041,35,118,0.297,77,7,46,0.152,0.326
2018-19,1629109,Gary Clark,1610612745,HOU,51,33,18,641,4,12,0.333,12,4,12,0.333,0.5
2018-19,203914,Gary Harris,1610612743,DEN,57,38,19,1639,59,173,0.341,137,19,67,0.284,0.396
2018-19,1627780,Gary Payton II,1610612764,WAS,3,2,1,16,0,0,,0,0,0,,
2018-19,1629018,Gary Trent Jr.,1610612757,POR,15,14,1,111,11,28,0.393,25,3,10,0.3,0.446
2018-19,201588,George Hill,1610612749,MIL,60,39,21,1302,47,114,0.412,106,12,42,0.286,0.465
2018-19,1628994,George King,1610612756,PHX,1,0,1,6,0,0,,0,,,,
2018-19,1627777,Georges Niang,1610612762,UTA,59,41,18,516,11,18,0.611,25,3,6,0.5,0.694
2018-19,101123,Gerald Green,1610612745,HOU,73,47,26,1473,46,156,0.295,123,31,116,0.267,0.394
2018-19,203507,Giannis Antetokounmpo,1610612749,MIL,72,56,16,2358,93,288,0.323,223,37,132,0.28,0.387
2018-19,203922,Glenn Robinson III,1610612765,DET,47,24,23,610,15,30,0.5,31,1,2,0.5,0.517
2018-19,201609,Goran Dragic,1610612748,MIA,36,16,20,991,49,145,0.338,114,16,58,0.276,0.393
2018-19,202330,Gordon Hayward,1610612738,BOS,72,44,28,1863,75,203,0.369,165,15,57,0.263,0.406
2018-19,203476,Gorgui Dieng,1610612750,MIN,76,33,43,1031,27,76,0.355,56,2,9,0.222,0.368
2018-19,1628960,Grayson Allen,1610612762,UTA,38,22,16,416,14,51,0.275,33,5,24,0.208,0.324
2018-19,202328,Greg Monroe,1610612755,PHI,43,28,15,480,0,0,,0,0,0,,
2018-19,1627824,Guerschon Yabusele,1610612738,BOS,41,27,14,251,0,2,0,0,0,1,0,0
2018-19,1628977,Hamidou Diallo,1610612760,OKC,51,29,22,526,3,10,0.3,6,0,0,,0.3
2018-19,203084,Harrison Barnes,1610612758,SAC,77,34,43,2533,82,243,0.337,196,32,87,0.368,0.403
2018-19,1628385,Harry Giles III,1610612758,SAC,58,26,32,820,8,30,0.267,16,0,0,,0.267
2018-19,202355,Hassan Whiteside,1610612748,MIA,72,33,39,1674,3,20,0.15,6,0,0,,0.15
2018-19,1629312,Haywood Highsmith,1610612755,PHI,5,2,3,40,1,2,0.5,2,0,1,0,0.5
2018-19,1627740,Henry Ellenson,1610612752,NYK,19,4,15,259,3,12,0.25,9,3,6,0.5,0.375
2018-19,203546,Ian Clark,1610612740,NOP,60,24,36,973,47,133,0.353,110,16,58,0.276,0.414
2018-19,101133,Ian Mahinmi,1610612764,WAS,34,12,22,498,0,0,,0,0,0,,
2018-19,1628387,Ike Anigbogu,1610612754,IND,3,2,1,6,0,1,0,0,,,,0
2018-19,202697,Iman Shumpert,1610612745,HOU,62,39,23,1481,46,155,0.297,109,17,65,0.262,0.352
2018-19,1629067,Isaac Bonga,1610612747,LAL,22,7,15,120,0,8,0,0,0,3,0,0
2018-19,1629353,Isaac Humphries,1610612737,ATL,5,1,4,56,0,0,,0,0,0,,
2018-19,1628515,Isaiah Briscoe,1610612753,ORL,39,17,22,559,13,45,0.289,27,1,4,0.25,0.3
2018-19,203477,Isaiah Canaan,1610612749,MIL,30,10,20,628,23,53,0.434,59,13,37,0.351,0.557
2018-19,1628392,Isaiah Hartenstein,1610612745,HOU,28,15,13,221,0,0,,0,0,0,,
2018-19,1628439,Isaiah Hicks,1610612752,NYK,3,1,2,32,2,3,0.667,4,,,,0.667
2018-19,202738,Isaiah Thomas,1610612743,DEN,12,6,6,181,10,27,0.37,26,6,17,0.353,0.481
2018-19,202397,Ish Smith,1610612765,DET,56,33,23,1251,75,204,0.368,170,20,64,0.313,0.417
2018-19,1628397,Ivan Rabb,1610612763,MEM,49,20,29,721,7,18,0.389,14,0,0,,0.389
2018-19,1627826,Ivica Zubac,1610612746,LAC,59,32,27,1039,1,3,0.333,2,,,,0.333
2018-19,200826,J.J. Barea,1610612742,DAL,38,20,18,752,77,185,0.416,180,26,81,0.321,0.486
2018-19,1629122,J.P. Macura,1610612766,CHA,2,1,1,17,0,0,,0,0,0,,
2018-19,200755,JJ Redick,1610612755,PHI,76,49,27,2379,198,465,0.426,480,84,237,0.354,0.516
2018-19,2747,JR Smith,1610612739,CLE,11,1,10,222,13,45,0.289,28,2,12,0.167,0.311
2018-19,203960,JaKarr Sampson,1610612741,CHI,4,1,3,127,6,9,0.667,12,0,0,,0.667
2018-19,203210,JaMychal Green,1610612746,LAC,65,31,34,1371,7,30,0.233,17,3,12,0.25,0.283
2018-19,201580,JaVale McGee,1610612747,LAL,75,35,40,1671,9,28,0.321,18,0,0,,0.321
2018-19,203953,Jabari Parker,1610612764,WAS,64,18,46,1724,73,195,0.374,164,18,56,0.321,0.421
2018-19,1628980,Jacob Evans,1610612744,GSW,30,21,9,204,9,24,0.375,18,0,0,,0.375
2018-19,203109,Jae Crowder,1610612762,UTA,80,48,32,2166,39,132,0.295,108,30,101,0.297,0.409
2018-19,1626143,Jahlil Okafor,1610612740,NOP,59,23,36,935,12,28,0.429,24,0,2,0,0.429
2018-19,1627774,Jake Layman,1610612757,POR,71,46,25,1327,28,67,0.418,70,14,31,0.452,0.522
2018-19,1627751,Jakob Poeltl,1610612759,SAS,77,43,34,1273,1,4,0.25,2,,,,0.25
2018-19,1628973,Jalen Brunson,1610612742,DAL,73,27,46,1591,79,200,0.395,183,25,68,0.368,0.458
2018-19,1627883,Jalen Jones,1610612739,CLE,16,3,13,214,0,4,0,0,0,0,,0
2018-19,2037,Jamal Crawford,1610612756,PHX,64,13,51,1211,121,302,0.401,278,36,116,0.31,0.46
2018-19,1627750,Jamal Murray,1610612743,DEN,75,49,26,2447,232,582,0.399,535,71,210,0.338,0.46
2018-19,203516,James Ennis III,1610612755,PHI,58,35,23,1230,9,24,0.375,25,7,17,0.412,0.521
2018-19,201935,James Harden,1610612745,HOU,78,51,27,2867,396,1072,0.369,1134,342,943,0.363,0.529
2018-19,201949,James Johnson,1610612748,MIA,55,27,28,1164,24,69,0.348,60,12,33,0.364,0.435
2018-19,203263,James Nunnally,1610612745,HOU,15,8,7,101,0,6,0,0,0,4,0,0
2018-19,201162,Jared Dudley,1610612751,BKN,59,28,31,1220,9,15,0.6,21,3,5,0.6,0.7
2018-19,1629123,Jared Terrell,1610612750,MIN,14,4,10,111,9,17,0.529,21,3,6,0.5,0.618
2018-19,1626185,Jarell Martin,1610612753,ORL,42,20,22,328,3,13,0.231,6,0,3,0,0.231
2018-19,1628991,Jaren Jackson Jr.,1610612763,MEM,58,23,35,1515,8,32,0.25,20,4,12,0.333,0.313
2018-19,1628417,Jaron Blossomgame,1610612739,CLE,27,4,23,439,1,7,0.143,2,0,1,0,0.143
2018-19,1629020,Jarred Vanderbilt,1610612743,DEN,17,10,7,69,0,2,0,0,0,0,,0
2018-19,1628386,Jarrett Allen,1610612751,BKN,80,42,38,2096,0,2,0,0,0,0,,0
2018-19,201160,Jason Smith,1610612740,NOP,20,10,10,191,0,0,,0,0,0,,
2018-19,1628393,Jawun Evans,1610612760,OKC,8,4,4,64,1,8,0.125,2,0,2,0,0.125
2018-19,1629121,Jaylen Adams,1610612737,ATL,34,13,21,428,13,40,0.325,34,8,26,0.308,0.425
2018-19,1627759,Jaylen Brown,1610612738,BOS,74,41,33,1913,66,168,0.393,142,10,29,0.345,0.423
2018-19,1628537,Jaylen Morris,1610612749,MIL,4,4,0,29,0,0,,0,0,0,,
2018-19,1628369,Jayson Tatum,1610612738,BOS,79,48,31,2455,153,429,0.357,342,36,111,0.324,0.399
2018-19,201145,Jeff Green,1610612764,WAS,77,29,48,2097,42,126,0.333,89,5,34,0.147,0.353
2018-19,201952,Jeff Teague,1610612750,MIN,42,23,19,1264,57,155,0.368,133,19,64,0.297,0.429
2018-19,1629203,Jemerrio Jones,1610612747,LAL,6,3,3,143,0,5,0,0,0,2,0,0
2018-19,203924,Jerami Grant,1610612760,OKC,80,48,32,2612,9,31,0.29,19,1,1,1,0.306
2018-19,203087,Jeremy Lamb,1610612766,CHA,79,38,41,2250,131,314,0.417,289,27,101,0.267,0.46
2018-19,202391,Jeremy Lin,1610612761,TOR,74,31,43,1436,74,183,0.404,170,22,73,0.301,0.464
2018-19,1626170,Jerian Grant,1610612753,ORL,60,28,32,939,36,94,0.383,81,9,32,0.281,0.431
2018-19,1629010,Jerome Robinson,1610612746,LAC,33,18,15,321,12,28,0.429,29,5,11,0.455,0.518
2018-19,201573,Jerryd Bayless,1610612750,MIN,34,15,19,657,35,107,0.327,79,9,36,0.25,0.369
2018-19,1628975,Jevon Carter,1610612763,MEM,39,9,30,577,23,82,0.28,58,12,39,0.308,0.354
2018-19,202690,Jimmer Fredette,1610612756,PHX,6,1,5,65,2,12,0.167,4,0,5,0,0.167
2018-19,202710,Jimmy Butler III,1610612755,PHI,65,38,27,2185,113,328,0.345,250,24,74,0.324,0.381
2018-19,201149,Joakim Noah,1610612763,MEM,42,14,28,692,1,3,0.333,2,0,0,,0.333
2018-19,201975,Jodie Meeks,1610612761,TOR,8,7,1,104,5,8,0.625,11,1,1,1,0.688
2018-19,1629147,Joe Chealey,1610612766,CHA,1,0,1,8,0,1,0,0,,,,0
2018-19,203925,Joe Harris,1610612751,BKN,76,41,35,2294,41,102,0.402,109,27,60,0.45,0.534
2018-19,204060,Joe Ingles,1610612762,UTA,82,50,32,2568,77,207,0.372,212,58,153,0.379,0.512
2018-19,203954,Joel Embiid,1610612755,PHI,64,43,21,2154,91,254,0.358,195,13,47,0.277,0.384
2018-19,1628381,John Collins,1610612737,ATL,61,24,37,1828,11,34,0.324,23,1,5,0.2,0.338
2018-19,203089,John Henson,1610612739,CLE,14,10,4,188,0,1,0,0,0,1,0,0
2018-19,204066,John Holland,1610612739,CLE,1,0,1,1,0,0,,0,,,,
2018-19,203098,John Jenkins,1610612752,NYK,26,8,18,333,21,50,0.42,49,7,13,0.538,0.49
2018-19,202322,John Wall,1610612764,WAS,32,11,21,1104,65,197,0.33,143,13,63,0.206,0.363
2018-19,1628405,Johnathan Motley,1610612746,LAC,22,12,10,156,0,2,0,0,0,0,,0
2018-19,1629140,Johnathan Williams,1610612747,LAL,24,10,14,372,0,1,0,0,0,1,0,0
2018-19,202720,Jon Leuer,1610612765,DET,41,16,25,402,4,7,0.571,8,0,0,,0.571
2018-19,1628413,Jonah Bolden,1610612755,PHI,44,24,20,639,1,7,0.143,2,0,3,0,0.143
2018-19,201973,Jonas Jerebko,1610612744,GSW,73,52,21,1218,7,27,0.259,16,2,11,0.182,0.296
2018-19,202685,Jonas Valanciunas,1610612763,MEM,49,31,18,1091,13,36,0.361,27,1,2,0.5,0.375
2018-19,1628371,Jonathan Isaac,1610612753,ORL,75,37,38,1996,31,92,0.337,64,2,14,0.143,0.348
2018-19,203613,Jonathon Simmons,1610612755,PHI,56,25,31,1064,32,109,0.294,74,10,35,0.286,0.339
2018-19,1628395,Jordan Bell,1610612744,GSW,68,46,22,788,19,47,0.404,38,0,1,0,0.404
2018-19,203903,Jordan Clarkson,1610612739,CLE,81,18,63,2214,170,436,0.39,395,55,202,0.272,0.453
2018-19,1628070,Jordan Loyd,1610612761,TOR,12,11,1,55,4,7,0.571,11,3,4,0.75,0.786
2018-19,203895,Jordan McRae,1610612764,WAS,27,9,18,333,28,62,0.452,61,5,15,0.333,0.492
2018-19,1626296,Jordan Sibert,1610612737,ATL,1,1,0,4,0,0,,0,0,0,,
2018-19,101181,Jose Calderon,1610612765,DET,49,22,27,632,25,63,0.397,53,3,18,0.167,0.421
2018-19,1628404,Josh Hart,1610612747,LAL,67,31,36,1715,24,86,0.279,63,15,47,0.319,0.366
2018-19,1628367,Josh Jackson,1610612756,PHX,79,19,60,1988,83,244,0.34,179,13,55,0.236,0.367
2018-19,1629006,Josh Okogie,1610612750,MIN,74,32,42,1757,26,95,0.274,57,5,28,0.179,0.3
2018-19,1626196,Josh Richardson,1610612748,MIA,73,35,38,2539,135,342,0.395,304,34,118,0.288,0.444
2018-19,201950,Jrue Holiday,1610612740,NOP,67,30,37,2402,156,439,0.355,383,71,230,0.309,0.436
2018-19,1627823,Juancho Hernangomez,1610612743,DEN,70,44,26,1358,3,10,0.3,7,1,6,0.167,0.35
2018-19,1627395,Julian Washburn,1610612763,MEM,18,7,11,254,5,18,0.278,10,0,3,0,0.278
2018-19,203944,Julius Randle,1610612740,NOP,73,31,42,2232,44,130,0.338,101,13,45,0.289,0.388
2018-19,1626147,Justin Anderson,1610612737,ATL,48,17,31,464,6,23,0.261,16,4,13,0.308,0.348
2018-19,203200,Justin Holiday,1610612763,MEM,82,25,57,2607,74,213,0.347,181,33,101,0.327,0.425
2018-19,1628382,Justin Jackson,1610612742,DAL,81,36,45,1613,40,113,0.354,88,8,24,0.333,0.389
2018-19,1628383,Justin Patton,1610612755,PHI,3,2,1,21,0,0,,0,0,0,,
2018-19,1626159,Justise Winslow,1610612748,MIA,66,30,36,1960,52,154,0.338,109,5,32,0.156,0.354
2018-19,203994,Jusuf Nurkić,1610612757,POR,72,45,27,1974,9,26,0.346,18,0,2,0,0.346
2018-19,1628443,Kadeem Allen,1610612752,NYK,19,3,16,416,19,57,0.333,42,4,13,0.308,0.368
2018-19,203564,Kalin Lucas,1610612765,DET,1,0,1,6,0,1,0,0,0,1,0,0
2018-19,1626157,Karl-Anthony Towns,1610612750,MIN,77,34,43,2545,31,100,0.31,72,10,32,0.313,0.36
2018-19,202695,Kawhi Leonard,1610612761,TOR,60,41,19,2040,220,522,0.421,490,50,146,0.342,0.469
2018-19,1628966,Keita Bates-Diop,1610612750,MIN,30,10,20,503,5,24,0.208,10,0,2,0,0.208
2018-19,203482,Kelly Olynyk,1610612748,MIA,79,39,40,1812,21,75,0.28,57,15,56,0.268,0.38
2018-19,1626162,Kelly Oubre Jr.,1610612756,PHX,69,21,48,1935,55,135,0.407,134,24,70,0.343,0.496
2018-19,202689,Kemba Walker,1610612766,CHA,82,39,43,2863,342,847,0.404,859,175,492,0.356,0.507
2018-19,202702,Kenneth Faried,1610612745,HOU,37,21,16,728,2,5,0.4,4,0,3,0,0.4
2018-19,1629026,Kenrich Williams,1610612740,NOP,46,17,29,1079,14,46,0.304,37,9,29,0.31,0.402
2018-19,203145,Kent Bazemore,1610612737,ATL,67,24,43,1643,71,223,0.318,170,28,108,0.259,0.381
2018-19,203484,Kentavious Caldwell-Pope,1610612747,LAL,82,37,45,2035,74,206,0.359,174,26,94,0.277,0.422
2018-19,201142,Kevin Durant,1610612744,GSW,78,54,24,2702,322,690,0.467,710,66,212,0.311,0.514
2018-19,1628989,Kevin Huerter,1610612737,ATL,75,27,48,2049,68,187,0.364,182,46,121,0.38,0.487
2018-19,1628995,Kevin Knox II,1610612752,NYK,75,15,60,2158,84,248,0.339,187,19,46,0.413,0.377
2018-19,201567,Kevin Love,1610612739,CLE,22,7,15,598,23,49,0.469,62,16,31,0.516,0.633
2018-19,1626172,Kevon Looney,1610612744,GSW,80,56,24,1481,5,16,0.313,10,0,3,0,0.313
2018-19,203920,Khem Birch,1610612753,ORL,50,26,24,643,0,1,0,0,0,0,,0
2018-19,203114,Khris Middleton,1610612749,MIL,77,56,21,2393,207,502,0.412,506,92,236,0.39,0.504
2018-19,1629017,Khyri Thomas,1610612765,DET,26,13,13,195,4,20,0.2,8,0,3,0,0.2
2018-19,202691,Klay Thompson,1610612744,GSW,78,55,23,2652,199,452,0.44,443,45,110,0.409,0.49
2018-19,1628424,Kobi Simmons,1610612739,CLE,1,0,1,2,0,0,,0,,,,
2018-19,201585,Kosta Koufos,1610612758,SAC,42,21,21,502,7,15,0.467,14,,,,0.467
2018-19,1628961,Kostas Antetokounmpo,1610612742,DAL,2,1,1,11,0,0,,0,,,,
2018-19,1627739,Kris Dunn,1610612741,CHI,46,14,32,1389,82,207,0.396,180,16,35,0.457,0.435
2018-19,203937,Kyle Anderson,1610612763,MEM,43,19,24,1282,13,33,0.394,27,1,3,0.333,0.409
2018-19,2594,Kyle Korver,1610612762,UTA,70,39,31,1334,58,148,0.392,152,36,86,0.419,0.514
2018-19,1628398,Kyle Kuzma,1610612747,LAL,70,33,37,2314,62,168,0.369,139,15,67,0.224,0.414
2018-19,200768,Kyle Lowry,1610612761,TOR,65,47,18,2213,92,278,0.331,234,50,171,0.292,0.421
2018-19,203124,Kyle O'Quinn,1610612754,IND,45,27,18,371,4,5,0.8,8,0,0,,0.8
2018-19,202681,Kyrie Irving,1610612738,BOS,67,37,30,2214,229,514,0.446,530,72,203,0.355,0.516
2018-19,200746,LaMarcus Aldridge,1610612759,SAS,81,48,33,2687,159,404,0.394,318,0,5,0,0.394
2018-19,202362,Lance Stephenson,1610612747,LAL,68,33,35,1123,61,162,0.377,147,25,66,0.379,0.454
2018-19,202498,Lance Thomas,1610612752,NYK,46,7,39,783,14,33,0.424,28,0,1,0,0.424
2018-19,1629013,Landry Shamet,1610612746,LAC,79,51,28,1802,55,141,0.39,143,33,81,0.407,0.507
2018-19,204038,Langston Galloway,1610612765,DET,80,41,39,1745,48,116,0.414,109,13,32,0.406,0.47
2018-19,1626204,Larry Nance Jr.,1610612739,CLE,67,16,51,1795,17,50,0.34,37,3,11,0.273,0.37
2018-19,1628374,Lauri Markkanen,1610612741,CHI,52,16,36,1682,51,141,0.362,109,7,22,0.318,0.387
2018-19,2544,LeBron James,1610612747,LAL,55,28,27,1937,146,406,0.36,362,70,212,0.33,0.446
2018-19,1629022,Lonnie Walker IV,1610612759,SAS,17,12,5,118,5,19,0.263,12,2,4,0.5,0.316
2018-19,1628366,Lonzo Ball,1610612747,LAL,47,25,22,1423,37,122,0.303,98,24,74,0.324,0.402
2018-19,203485,Lorenzo Brown,1610612761,TOR,26,20,6,212,7,23,0.304,16,2,12,0.167,0.348
2018-19,101150,Lou Williams,1610612746,LAC,75,47,28,1993,230,566,0.406,517,57,160,0.356,0.457
2018-19,201601,Luc Mbah a Moute,1610612746,LAC,4,2,2,61,1,3,0.333,2,0,2,0,0.333
2018-19,1629029,Luka Dončić,1610612742,DAL,72,28,44,2318,192,565,0.34,503,119,379,0.314,0.445
2018-19,1628379,Luke Kennard,1610612765,DET,63,30,33,1437,91,222,0.41,208,26,75,0.347,0.468
2018-19,1628436,Luke Kornet,1610612752,NYK,46,9,37,784,10,40,0.25,24,4,16,0.25,0.3
2018-19,2736,Luol Deng,1610612750,MIN,22,11,11,392,4,19,0.211,8,0,5,0,0.211
2018-19,1627781,Malachi Richardson,1610612761,TOR,22,16,6,103,2,7,0.286,6,2,5,0.4,0.429
2018-19,1627763,Malcolm Brogdon,1610612749,MIL,64,49,15,1832,35,119,0.294,86,16,60,0.267,0.361
2018-19,1626259,Malcolm Miller,1610612761,TOR,10,9,1,67,1,2,0.5,2,0,1,0,0.5
2018-19,1627736,Malik Beasley,1610612743,DEN,81,53,28,1879,69,179,0.385,160,22,72,0.306,0.447
2018-19,1628370,Malik Monk,1610612766,CHA,73,34,39,1258,54,189,0.286,133,25,103,0.243,0.352
2018-19,202705,MarShon Brooks,1610612763,MEM,29,15,14,387,24,69,0.348,56,8,29,0.276,0.406
2018-19,201188,Marc Gasol,1610612761,TOR,79,39,40,2436,37,112,0.33,74,0,7,0,0.33
2018-19,101162,Marcin Gortat,1610612746,LAC,47,25,22,750,2,6,0.333,4,,,,0.333
2018-19,201158,Marco Belinelli,1610612759,SAS,79,46,33,1815,91,249,0.365,225,43,129,0.333,0.452
2018-19,1629094,Marcus Derrickson,1610612744,GSW,11,9,2,67,5,10,0.5,13,3,4,0.75,0.65
2018-19,202694,Marcus Morris Sr.,1610612738,BOS,75,44,31,2091,96,261,0.368,213,21,65,0.323,0.408
2018-19,203935,Marcus Smart,1610612738,BOS,80,48,32,2200,43,135,0.319,111,25,86,0.291,0.411
2018-19,1626209,Mario Hezonja,1610612752,NYK,58,12,46,1206,48,121,0.397,107,11,41,0.268,0.442
2018-19,1628365,Markelle Fultz,1610612753,ORL,19,12,7,427,20,62,0.323,41,1,2,0.5,0.331
2018-19,202693,Markieff Morris,1610612760,OKC,58,24,34,1271,16,62,0.258,33,1,6,0.167,0.266
2018-19,1627737,Marquese Chriss,1610612739,CLE,43,17,26,499,0,5,0,0,0,4,0,0
2018-19,1628963,Marvin Bagley III,1610612758,SAC,62,30,32,1567,30,86,0.349,64,4,15,0.267,0.372
2018-19,101107,Marvin Williams,1610612766,CHA,75,35,40,2133,20,59,0.339,42,2,13,0.154,0.356
2018-19,203486,Mason Plumlee,1610612743,DEN,82,54,28,1731,9,29,0.31,18,0,4,0,0.31
2018-19,203521,Matthew Dellavedova,1610612739,CLE,48,20,28,812,26,83,0.313,63,11,42,0.262,0.38
2018-19,203090,Maurice Harkless,1610612757,POR,60,37,23,1415,5,22,0.227,11,1,8,0.125,0.25
2018-19,1628467,Maxi Kleber,1610612742,DAL,71,30,41,1502,16,36,0.444,35,3,7,0.429,0.486
2018-19,1628982,Melvin Frazier Jr.,1610612753,ORL,10,8,2,44,1,5,0.2,2,0,1,0,0.2
2018-19,203086,Meyers Leonard,1610612757,POR,61,35,26,878,9,19,0.474,20,2,5,0.4,0.526
2018-19,201563,Michael Beasley,1610612747,LAL,26,11,15,277,11,28,0.393,23,1,4,0.25,0.411
2018-19,203487,Michael Carter-Williams,1610612753,ORL,28,17,11,372,5,22,0.227,13,3,12,0.25,0.295
2018-19,203077,Michael Kidd-Gilchrist,1610612766,CHA,64,29,35,1179,13,35,0.371,26,0,4,0,0.371
2018-19,1628969,Mikal Bridges,1610612756,PHX,82,19,63,2417,27,77,0.351,67,13,36,0.361,0.435
2018-19,201144,Mike Conley,1610612763,MEM,70,30,40,2342,200,528,0.379,480,80,236,0.339,0.455
2018-19,203488,Mike Muscala,1610612747,LAL,64,35,29,1306,2,6,0.333,4,0,3,0,0.333
2018-19,203118,Mike Scott,1610612755,PHI,79,44,35,1396,20,56,0.357,45,5,21,0.238,0.402
2018-19,1628970,Miles Bridges,1610612766,CHA,80,38,42,1696,15,70,0.214,39,9,36,0.25,0.279
2018-19,203101,Miles Plumlee,1610612737,ATL,18,1,17,173,0,0,,0,,,,
2018-19,1628462,Milos Teodosic,1610612746,LAC,15,8,7,150,7,14,0.5,17,3,8,0.375,0.607
2018-19,1628249,Mitchell Creek,1610612750,MIN,5,1,4,47,0,1,0,0,0,0,,0
2018-19,1629011,Mitchell Robinson,1610612752,NYK,66,16,50,1360,0,0,,0,,,,
2018-19,1628964,Mo Bamba,1610612753,ORL,47,19,28,766,3,13,0.231,6,0,1,0,0.231
2018-19,1628420,Monte Morris,1610612743,DEN,82,54,28,1970,127,272,0.467,270,16,50,0.32,0.496
2018-19,1626149,Montrezl Harrell,1610612746,LAC,82,48,34,2158,14,55,0.255,29,1,11,0.091,0.264
2018-19,1629021,Moritz Wagner,1610612747,LAL,43,15,28,446,4,12,0.333,9,1,4,0.25,0.375
2018-19,1626167,Myles Turner,1610612754,IND,74,43,31,2119,26,62,0.419,57,5,9,0.556,0.46
2018-19,1628513,Naz Mitrou-Long,1610612762,UTA,14,9,5,84,2,7,0.286,6,2,7,0.286,0.429
2018-19,202357,Nemanja Bjelica,1610612758,SAC,77,38,39,1788,20,56,0.357,52,12,29,0.414,0.464
2018-19,2403,Nene,1610612745,HOU,42,29,13,546,1,4,0.25,2,0,2,0,0.25
2018-19,203457,Nerlens Noel,1610612760,OKC,77,48,29,1056,7,18,0.389,14,,,,0.389
2018-19,201156,Nick Young,1610612743,DEN,4,3,1,37,1,3,0.333,3,1,2,0.5,0.5
2018-19,201587,Nicolas Batum,1610612766,CHA,75,35,40,2354,68,176,0.386,167,31,81,0.383,0.474
2018-19,203917,Nik Stauskas,1610612739,CLE,68,33,35,1015,51,136,0.375,126,24,75,0.32,0.463
2018-19,203999,Nikola Jokić,1610612743,DEN,80,53,27,2504,34,94,0.362,72,4,29,0.138,0.383
2018-19,202703,Nikola Mirotic,1610612749,MIL,46,24,22,1245,32,107,0.299,76,12,46,0.261,0.355
2018-19,202696,Nikola Vučević,1610612753,ORL,80,41,39,2510,33,84,0.393,66,0,2,0,0.393
2018-19,203943,Noah Vonleh,1610612752,NYK,68,13,55,1722,7,28,0.25,15,1,10,0.1,0.268
2018-19,1626181,Norman Powell,1610612761,TOR,60,45,15,1126,22,78,0.282,56,12,39,0.308,0.359
2018-19,1628384,OG Anunoby,1610612761,TOR,67,46,21,1352,8,31,0.258,19,3,19,0.158,0.306
2018-19,1627855,Okaro White,1610612764,WAS,3,2,1,6,0,0,,0,0,0,,
2018-19,1629016,Omari Spellman,1610612737,ATL,46,15,31,805,1,7,0.143,2,0,0,,0.143
2018-19,201956,Omri Casspi,1610612763,MEM,36,14,22,520,2,10,0.2,5,1,8,0.125,0.25
2018-19,203490,Otto Porter Jr.,1610612741,CHI,56,25,31,1684,89,234,0.38,193,15,51,0.294,0.412
2018-19,200782,P.J. Tucker,1610612745,HOU,82,53,29,2802,5,20,0.25,13,3,10,0.3,0.325
2018-19,1628408,PJ Dozier,1610612738,BOS,6,5,1,51,0,4,0,0,0,0,,0
2018-19,1627783,Pascal Siakam,1610612761,TOR,80,57,23,2548,24,63,0.381,49,1,8,0.125,0.389
2018-19,1626192,Pat Connaughton,1610612749,MIL,61,43,18,1261,14,31,0.452,35,7,17,0.412,0.565
2018-19,201976,Patrick Beverley,1610612746,LAC,78,48,30,2137,36,96,0.375,97,25,65,0.385,0.505
2018-19,1627775,Patrick McCaw,1610612761,TOR,29,17,12,397,1,9,0.111,2,0,3,0,0.111
2018-19,202335,Patrick Patterson,1610612760,OKC,63,40,23,861,3,9,0.333,6,0,2,0,0.333
2018-19,201988,Patty Mills,1610612759,SAS,82,48,34,1908,97,273,0.355,246,52,152,0.342,0.451
2018-19,2200,Pau Gasol,1610612749,MIL,30,17,13,361,2,7,0.286,4,0,0,,0.286
2018-19,202331,Paul George,1610612760,OKC,77,46,31,2841,247,642,0.385,613,119,320,0.372,0.477
2018-19,200794,Paul Millsap,1610612743,DEN,70,49,21,1895,37,110,0.336,79,5,21,0.238,0.359
2018-19,203112,Quincy Acy,1610612756,PHX,10,2,8,123,0,0,,0,0,0,,
2018-19,202347,Quincy Pondexter,1610612759,SAS,53,29,24,292,4,11,0.364,9,1,3,0.333,0.409
2018-19,1626188,Quinn Cook,1610612744,GSW,74,49,25,1059,82,198,0.414,186,22,77,0.286,0.47
2018-19,1626154,RJ Hunter,1610612738,BOS,1,1,0,26,2,4,0.5,5,1,3,0.333,0.625
2018-19,200765,Rajon Rondo,1610612747,LAL,46,19,27,1369,50,140,0.357,127,27,68,0.397,0.454
2018-19,203526,Raul Neto,1610612762,UTA,37,26,11,474,13,40,0.325,30,4,17,0.235,0.375
2018-19,1628959,Rawle Alkins,1610612741,CHI,10,3,7,120,0,6,0,0,0,4,0,0
2018-19,1629034,Ray Spalding,1610612756,PHX,14,3,11,148,0,0,,0,0,0,,
2018-19,101109,Raymond Felton,1610612760,OKC,33,19,14,379,24,62,0.387,51,3,17,0.176,0.411
2018-19,203493,Reggie Bullock Jr.,1610612747,LAL,63,27,36,1879,47,121,0.388,109,15,48,0.313,0.45
2018-19,202704,Reggie Jackson,1610612765,DET,82,41,41,2289,153,378,0.405,349,43,141,0.305,0.462
2018-19,1626158,Richaun Holmes,1610612756,PHX,70,16,54,1184,5,10,0.5,10,,,,0.5
2018-19,201937,Ricky Rubio,1610612762,UTA,68,40,28,1899,103,289,0.356,224,18,66,0.273,0.388
2018-19,203496,Robert Covington,1610612750,MIN,35,20,15,1203,18,60,0.3,45,9,32,0.281,0.375
2018-19,1629057,Robert Williams III,1610612738,BOS,32,18,14,283,0,0,,0,,,,
2018-19,201577,Robin Lopez,1610612741,CHI,74,20,54,1606,6,16,0.375,12,0,0,,0.375
2018-19,1629066,Rodions Kurucs,1610612751,BKN,63,36,27,1294,7,24,0.292,18,4,14,0.286,0.375
2018-19,203918,Rodney Hood,1610612757,POR,72,29,43,1893,132,312,0.423,296,32,89,0.36,0.474
2018-19,203585,Rodney McGruder,1610612746,LAC,66,31,35,1550,24,64,0.375,58,10,35,0.286,0.453
2018-19,1627758,Ron Baker,1610612764,WAS,15,4,11,152,1,5,0.2,2,0,3,0,0.2
2018-19,1626178,Rondae Hollis-Jefferson,1610612751,BKN,59,27,32,1234,18,61,0.295,36,0,4,0,0.295
2018-19,1626220,Royce O'Neale,1610612762,UTA,82,50,32,1671,6,29,0.207,15,3,17,0.176,0.259
2018-19,200752,Rudy Gay,1610612759,SAS,69,42,27,1842,134,255,0.525,282,14,29,0.483,0.553
2018-19,203497,Rudy Gobert,1610612762,UTA,81,50,31,2577,0,4,0,0,,,,0
2018-19,201566,Russell Westbrook,1610612760,OKC,73,44,29,2629,192,611,0.314,440,56,212,0.264,0.36
2018-19,201583,Ryan Anderson,1610612748,MIA,25,7,18,321,5,17,0.294,10,0,2,0,0.294
2018-19,1627853,Ryan Arcidiacono,1610612741,CHI,81,22,59,1961,53,133,0.398,119,13,54,0.241,0.447
2018-19,1629151,Ryan Broekhoff,1610612742,DAL,42,15,27,454,7,15,0.467,18,4,8,0.5,0.6
2018-19,1626257,Salah Mejri,1610612742,DAL,36,13,23,399,2,4,0.5,6,2,4,0.5,0.75
2018-19,1626155,Sam Dekker,1610612764,WAS,47,14,33,789,9,29,0.31,21,3,13,0.231,0.362
2018-19,203159,Scott Machado,1610612747,LAL,4,3,1,19,1,2,0.5,3,1,1,1,0.75
2018-19,1628400,Semi Ojeleye,1610612738,BOS,56,39,17,594,4,20,0.2,9,1,9,0.111,0.225
2018-19,201586,Serge Ibaka,1610612761,TOR,74,53,21,2010,26,66,0.394,53,1,5,0.2,0.402
2018-19,203552,Seth Curry,1610612757,POR,74,49,25,1399,88,214,0.411,211,35,93,0.376,0.493
2018-19,203894,Shabazz Napier,1610612751,BKN,56,26,30,983,75,208,0.361,194,44,131,0.336,0.466
2018-19,1628983,Shai Gilgeous-Alexander,1610612746,LAC,82,48,34,2174,116,274,0.423,239,7,22,0.318,0.436
2018-19,1629003,Shake Milton,1610612755,PHI,20,10,10,268,8,18,0.444,17,1,4,0.25,0.472
2018-19,1627885,Shaquille Harrison,1610612741,CHI,73,20,53,1430,10,52,0.192,23,3,16,0.188,0.221
2018-19,2733,Shaun Livingston,1610612744,GSW,64,45,19,967,36,90,0.4,72,0,0,,0.4
2018-19,202714,Shelvin Mack,1610612766,CHA,57,22,35,1247,55,165,0.333,137,27,71,0.38,0.415
2018-19,1628414,Sindarius Thornwell,1610612746,LAC,64,37,27,313,0,1,0,0,0,0,,0
2018-19,1627746,Skal Labissiere,1610612757,POR,22,12,10,176,4,7,0.571,10,2,4,0.5,0.714
2018-19,203524,Solomon Hill,1610612740,NOP,44,14,30,879,5,17,0.294,11,1,4,0.25,0.324
2018-19,203915,Spencer Dinwiddie,1610612751,BKN,68,36,32,1914,99,294,0.337,266,68,217,0.313,0.452
2018-19,1626169,Stanley Johnson,1610612740,NOP,66,28,38,1207,24,79,0.304,56,8,36,0.222,0.354
2018-19,201939,Stephen Curry,1610612744,GSW,69,52,17,2331,215,507,0.424,570,140,337,0.415,0.562
2018-19,1628425,Sterling Brown,1610612749,MIL,58,45,13,1034,14,44,0.318,36,8,28,0.286,0.409
2018-19,203500,Steven Adams,1610612760,OKC,80,47,33,2669,7,15,0.467,14,0,0,,0.467
2018-19,1629004,Svi Mykhailiuk,1610612765,DET,42,19,23,440,8,28,0.286,19,3,10,0.3,0.339
2018-19,1628388,T.J. Leaf,1610612754,IND,58,35,23,522,3,12,0.25,6,0,0,,0.25
2018-19,204456,T.J. McConnell,1610612755,PHI,76,46,30,1470,98,207,0.473,196,0,7,0,0.473
2018-19,203933,T.J. Warren,1610612756,PHX,43,10,33,1360,53,150,0.353,115,9,25,0.36,0.383
2018-19,1628769,Tahjere McCall,1610612751,BKN,1,0,1,8,0,0,,0,0,0,,
2018-19,201959,Taj Gibson,1610612750,MIN,70,32,38,1686,12,23,0.522,24,0,2,0,0.522
2018-19,1627752,Taurean Prince,1610612737,ATL,55,19,36,1552,76,203,0.374,186,34,106,0.321,0.458
2018-19,1628390,Terrance Ferguson,1610612760,OKC,74,44,30,1931,6,36,0.167,14,2,12,0.167,0.194
2018-19,203093,Terrence Jones,1610612745,HOU,2,2,0,5,0,0,,0,0,0,,
2018-19,203082,Terrence Ross,1610612753,ORL,81,42,39,2150,158,394,0.401,382,66,172,0.384,0.485
2018-19,1626179,Terry Rozier,1610612738,BOS,79,47,32,1791,84,255,0.329,208,40,125,0.32,0.408
2018-19,200757,Thabo Sefolosha,1610612762,UTA,50,28,22,609,9,21,0.429,22,4,8,0.5,0.524
2018-19,201152,Thaddeus Young,1610612754,IND,81,47,34,2489,7,40,0.175,15,1,6,0.167,0.188
2018-19,1629033,Theo Pinson,1610612751,BKN,18,7,11,211,5,22,0.227,14,4,18,0.222,0.318
2018-19,1628418,Thomas Bryant,1610612764,WAS,72,29,43,1496,8,23,0.348,16,0,6,0,0.348
2018-19,1629118,Thomas Welsh,1610612743,DEN,11,8,3,36,0,1,0,0,0,0,,0
2018-19,1627748,Thon Maker,1610612765,DET,64,44,20,972,3,15,0.2,7,1,7,0.143,0.233
2018-19,204025,Tim Frazier,1610612749,MIL,59,27,32,1120,31,90,0.344,71,9,36,0.25,0.394
2018-19,203501,Tim Hardaway Jr.,1610612742,DAL,65,14,51,2057,156,399,0.391,380,68,183,0.372,0.476
2018-19,1627789,Timothe Luwawu-Cabarrot,1610612741,CHI,50,25,25,669,7,29,0.241,14,0,6,0,0.241
2018-19,202699,Tobias Harris,1610612755,PHI,82,46,36,2848,182,410,0.444,407,43,104,0.413,0.496
2018-19,203107,Tomas Satoransky,1610612764,WAS,80,32,48,2164,39,112,0.348,81,3,13,0.231,0.362
2018-19,1628396,Tony Bradley,1610612762,UTA,3,2,1,36,0,0,,0,,,,
2018-19,2225,Tony Parker,1610612766,CHA,56,30,26,1003,79,182,0.434,158,0,6,0,0.434
2018-19,203503,Tony Snell,1610612749,MIL,74,55,19,1304,13,43,0.302,31,5,14,0.357,0.36
2018-19,1628470,Torrey Craig,1610612743,DEN,75,50,25,1503,9,26,0.346,22,4,8,0.5,0.423
2018-19,1629027,Trae Young,1610612737,ATL,81,29,52,2503,210,595,0.353,527,107,344,0.311,0.443
2018-19,1626203,Treveon Graham,1610612751,BKN,35,19,16,715,7,24,0.292,14,0,5,0,0.292
2018-19,1628979,Trevon Duval,1610612745,HOU,3,2,1,6,0,1,0,0,0,0,,0
2018-19,2772,Trevor Ariza,1610612764,WAS,69,22,47,2349,41,129,0.318,109,27,90,0.3,0.422
2018-19,203504,Trey Burke,1610612742,DAL,58,16,42,1125,99,245,0.404,224,26,71,0.366,0.457
2018-19,1626168,Trey Lyles,1610612743,DEN,64,42,22,1120,23,78,0.295,49,3,17,0.176,0.314
2018-19,202684,Tristan Thompson,1610612739,CLE,43,8,35,1198,9,20,0.45,18,,,,0.45
2018-19,1628972,Troy Brown Jr.,1610612764,WAS,52,20,32,730,18,56,0.321,39,3,11,0.273,0.348
2018-19,1628505,Troy Caupain,1610612753,ORL,4,3,1,16,3,5,0.6,7,1,1,1,0.7
2018-19,203584,Troy Daniels,1610612756,PHX,51,13,38,760,45,99,0.455,115,25,57,0.439,0.581
2018-19,1627786,Troy Williams,1610612758,SAC,21,7,14,312,1,7,0.143,2,0,3,0,0.143
2018-19,1628463,Tyler Cavanaugh,1610612762,UTA,11,7,4,39,0,1,0,0,0,0,,0
2018-19,1629093,Tyler Davis,1610612760,OKC,1,1,0,1,0,0,,0,,,,
2018-19,1628416,Tyler Dorsey,1610612763,MEM,48,11,37,698,24,74,0.324,58,10,36,0.278,0.392
2018-19,204020,Tyler Johnson,1610612756,PHX,57,26,31,1529,25,86,0.291,56,6,17,0.353,0.326
2018-19,1628399,Tyler Lydon,1610612743,DEN,25,20,5,94,0,0,,0,0,0,,
2018-19,1627755,Tyler Ulis,1610612741,CHI,1,0,1,1,0,0,,0,,,,
2018-19,203092,Tyler Zeller,1610612763,MEM,6,3,3,93,1,1,1,2,0,0,,1
2018-19,201936,Tyreke Evans,1610612754,IND,69,41,28,1402,61,190,0.321,155,33,99,0.333,0.408
2018-19,1627820,Tyrone Wallace,1610612746,LAC,62,34,28,628,15,37,0.405,30,0,2,0,0.405
2018-19,2199,Tyson Chandler,1610612747,LAL,55,26,29,875,0,0,,0,0,0,,
2018-19,1626145,Tyus Jones,1610612750,MIN,68,29,39,1560,70,200,0.35,155,15,58,0.259,0.388
2018-19,2617,Udonis Haslem,1610612748,MIA,10,8,2,74,2,5,0.4,4,0,2,0,0.4
2018-19,203506,Victor Oladipo,1610612754,IND,36,25,11,1147,117,303,0.386,269,35,118,0.297,0.444
2018-19,1713,Vince Carter,1610612737,ATL,76,25,51,1330,31,87,0.356,81,19,52,0.365,0.466
2018-19,1629053,Vincent Edwards,1610612745,HOU,2,1,1,16,0,0,,0,0,0,,
2018-19,1627735,Wade Baldwin IV,1610612757,POR,16,10,6,94,5,13,0.385,12,2,6,0.333,0.462
2018-19,1627215,Walt Lemon Jr.,1610612741,CHI,6,1,5,167,8,23,0.348,16,0,0,,0.348
2018-19,201961,Wayne Ellington,1610612765,DET,53,26,27,1297,51,131,0.389,147,45,118,0.381,0.561
2018-19,1627782,Wayne Selden,1610612741,CHI,75,27,48,1439,57,140,0.407,124,10,32,0.313,0.443
2018-19,1628976,Wendell Carter Jr.,1610612741,CHI,44,10,34,1110,8,33,0.242,16,0,4,0,0.242
2018-19,1628411,Wes Iwundu,1610612753,ORL,68,36,32,1233,21,64,0.328,44,2,6,0.333,0.344
2018-19,202325,Wesley Johnson,1610612764,WAS,38,17,21,534,17,44,0.386,42,8,16,0.5,0.477
2018-19,202083,Wesley Matthews,1610612754,IND,69,27,42,2091,73,228,0.32,176,30,106,0.283,0.386
2018-19,203115,Will Barton,1610612743,DEN,43,27,16,1189,50,156,0.321,120,20,73,0.274,0.385
2018-19,1626161,Willie Cauley-Stein,1610612758,SAC,81,39,42,2213,17,47,0.362,34,0,1,0,0.362
2018-19,1626195,Willy Hernangomez,1610612766,CHA,58,31,27,812,3,7,0.429,7,1,1,1,0.5
2018-19,201163,Wilson Chandler,1610612746,LAC,51,35,16,1176,12,38,0.316,26,2,8,0.25,0.342
2018-19,1628999,Yante Maten,1610612748,MIA,2,1,1,13,1,1,1,2,0,0,,1
2018-19,1627812,Yogi Ferrell,1610612758,SAC,71,33,38,1067,70,166,0.422,162,22,63,0.349,0.488
2018-19,1629139,Yuta Watanabe,1610612763,MEM,15,5,10,174,3,18,0.167,6,0,2,0,0.167
2018-19,1628380,Zach Collins,1610612757,POR,77,51,26,1356,7,26,0.269,18,4,5,0.8,0.346
2018-19,203897,Zach LaVine,1610612741,CHI,63,16,47,2171,144,403,0.357,360,72,195,0.369,0.447
2018-19,1629155,Zach Lofton,1610612765,DET,1,1,0,4,0,0,,0,0,0,,
2018-19,2585,Zaza Pachulia,1610612765,DET,68,35,33,878,4,13,0.308,8,0,3,0,0.308
2018-19,1629015,Zhaire Smith,1610612755,PHI,6,2,4,111,3,8,0.375,8,2,4,0.5,0.5
2018-19,1627753,Zhou Qi,1610612745,HOU,1,0,1,1,0,0,,0,,,,
2019-20,203932,Aaron Gordon,1610612753,ORL,62,30,32,2017,61,217,0.281,142,20,68,0.294,0.327
2019-20,1628988,Aaron Holiday,1610612754,IND,66,42,24,1617,75,209,0.359,179,29,85,0.341,0.428
2019-20,1627846,Abdel Nader,1610612760,OKC,55,37,18,867,13,32,0.406,28,2,7,0.286,0.438
2019-20,1629690,Adam Mokoka,1610612741,CHI,11,3,8,112,0,0,,0,0,0,,
2019-20,1629678,Admiral Schofield,1610612764,WAS,33,9,24,368,3,8,0.375,6,0,4,0,0.375
2019-20,201143,Al Horford,1610612755,PHI,67,39,28,2026,29,61,0.475,62,4,12,0.333,0.508
2019-20,202329,Al-Farouq Aminu,1610612753,ORL,18,7,11,380,0,3,0,0,0,1,0,0
2019-20,202692,Alec Burks,1610612755,PHI,66,21,45,1754,140,338,0.414,345,65,165,0.394,0.51
2019-20,1629346,Alen Smailagic,1610612744,GSW,14,1,13,139,1,2,0.5,2,0,0,,0.5
2019-20,1627936,Alex Caruso,1610612747,LAL,64,48,16,1175,16,64,0.25,41,9,29,0.31,0.32
2019-20,203458,Alex Len,1610612758,SAC,55,18,37,971,1,4,0.25,2,0,2,0,0.25
2019-20,1628035,Alfonzo McKinnie,1610612739,CLE,40,11,29,593,6,22,0.273,13,1,7,0.143,0.295
2019-20,1628993,Alize Johnson,1610612754,IND,17,10,7,118,0,3,0,0,0,0,,0
2019-20,203459,Allen Crabbe,1610612750,MIN,37,5,32,653,9,38,0.237,18,0,13,0,0.237
2019-20,1629019,Allonzo Trier,1610612752,NYK,24,2,22,291,25,52,0.481,58,8,26,0.308,0.558
2019-20,1628518,Amile Jefferson,1610612753,ORL,18,5,13,74,1,2,0.5,2,,,,0.5
2019-20,1629599,Amir Coffey,1610612746,LAC,18,11,7,159,5,14,0.357,11,1,5,0.2,0.393
2019-20,203083,Andre Drummond,1610612739,CLE,57,21,36,1878,4,22,0.182,9,1,4,0.25,0.205
2019-20,2738,Andre Iguodala,1610612748,MIA,21,10,11,418,5,17,0.294,11,1,5,0.2,0.324
2019-20,203460,Andre Roberson,1610612760,OKC,7,3,4,87,0,2,0,0,0,2,0,0
2019-20,203952,Andrew Wiggins,1610612744,GSW,54,15,39,1859,104,323,0.322,249,41,128,0.32,0.385
2019-20,1629014,Anfernee Simons,1610612757,POR,70,32,38,1449,76,221,0.344,178,26,82,0.317,0.403
2019-20,1627790,Ante Zizic,1610612739,CLE,22,4,18,221,0,0,,0,,,,
2019-20,203076,Anthony Davis,1610612747,LAL,62,46,16,2131,81,225,0.36,165,3,19,0.158,0.367
2019-20,201229,Anthony Tolliver,1610612763,MEM,55,24,31,872,7,12,0.583,18,4,7,0.571,0.75
2019-20,1628499,Antonius Cleveland,1610612742,DAL,11,6,5,46,1,3,0.333,2,0,0,,0.333
2019-20,1628394,Anžejs Pasečņiks,1610612764,WAS,27,9,18,437,1,1,1,2,0,0,,1
2019-20,203382,Aron Baynes,1610612756,PHX,42,19,23,934,4,10,0.4,9,1,1,1,0.45
2019-20,203085,Austin Rivers,1610612745,HOU,68,43,25,1594,39,107,0.364,111,33,92,0.359,0.519
2019-20,202340,Avery Bradley,1610612747,LAL,49,36,13,1186,47,106,0.443,102,8,22,0.364,0.481
2019-20,1629168,BJ Johnson,1610612753,ORL,10,5,5,83,3,14,0.214,7,1,1,1,0.25
2019-20,1628389,Bam Adebayo,1610612748,MIA,72,44,28,2417,23,79,0.291,47,1,5,0.2,0.297
2019-20,203463,Ben McLemore,1610612745,HOU,71,44,27,1619,25,64,0.391,74,24,63,0.381,0.578
2019-20,1627732,Ben Simmons,1610612755,PHI,57,35,22,2017,9,40,0.225,18,0,3,0,0.225
2019-20,202687,Bismack Biyombo,1610612766,CHA,53,18,35,1029,1,4,0.25,2,,,,0.25
2019-20,201933,Blake Griffin,1610612765,DET,18,8,10,512,18,74,0.243,53,17,58,0.293,0.358
2019-20,1626246,Boban Marjanovic,1610612742,DAL,44,21,23,422,8,20,0.4,16,0,2,0,0.4
2019-20,1626171,Bobby Portis Jr.,1610612752,NYK,66,21,45,1394,41,94,0.436,84,2,5,0.4,0.447
2019-20,203992,Bogdan Bogdanović,1610612758,SAC,61,29,32,1766,99,251,0.394,232,34,118,0.288,0.462
2019-20,202711,Bojan Bogdanovic,1610612762,UTA,63,41,22,2083,94,258,0.364,244,56,142,0.394,0.473
2019-20,1629626,Bol Bol,1610612743,DEN,7,2,5,87,1,4,0.25,2,0,1,0,0.25
2019-20,202954,Brad Wanamaker,1610612738,BOS,71,48,23,1369,38,116,0.328,85,9,44,0.205,0.366
2019-20,203078,Bradley Beal,1610612764,WAS,57,20,37,2053,204,531,0.384,482,74,225,0.329,0.454
2019-20,1629634,Brandon Clarke,1610612763,MEM,58,29,29,1300,29,55,0.527,58,0,1,0,0.527
2019-20,1629164,Brandon Goodwin,1610612737,ATL,34,13,21,430,23,57,0.404,60,14,29,0.483,0.526
2019-20,1627742,Brandon Ingram,1610612740,NOP,62,25,37,2103,140,360,0.389,299,19,68,0.279,0.415
2019-20,202688,Brandon Knight,1610612765,DET,25,4,21,462,30,82,0.366,85,25,67,0.373,0.518
2019-20,1628968,Brian Bowen II,1610612754,IND,6,5,1,31,0,1,0,0,0,0,,0
2019-20,201572,Brook Lopez,1610612749,MIL,68,53,15,1817,31,68,0.456,66,4,10,0.4,0.485
2019-20,1628971,Bruce Brown,1610612765,DET,58,18,40,1634,5,29,0.172,11,1,6,0.167,0.19
2019-20,203998,Bruno Caboclo,1610612745,HOU,30,11,19,244,3,8,0.375,7,1,4,0.25,0.438
2019-20,1628981,Bruno Fernando,1610612737,ATL,56,18,38,713,5,14,0.357,10,0,6,0,0.357
2019-20,1627854,Bryn Forbes,1610612759,SAS,63,27,36,1579,78,188,0.415,192,36,91,0.396,0.511
2019-20,1627741,Buddy Hield,1610612758,SAC,72,31,41,2216,216,547,0.395,549,117,313,0.374,0.502
2019-20,203468,CJ McCollum,1610612757,POR,70,34,36,2557,293,686,0.427,667,81,263,0.308,0.486
2019-20,101139,CJ Miles,1610612764,WAS,10,4,6,161,3,12,0.25,8,2,6,0.333,0.333
2019-20,1628997,Caleb Martin,1610612766,CHA,18,6,12,317,2,13,0.154,5,1,7,0.143,0.192
2019-20,1628403,Caleb Swanigan,1610612757,POR,27,12,15,288,0,3,0,0,0,0,,0
2019-20,1629629,Cam Reddish,1610612737,ATL,58,17,41,1551,48,142,0.338,109,13,49,0.265,0.384
2019-20,1629661,Cameron Johnson,1610612756,PHX,57,28,29,1255,12,37,0.324,27,3,9,0.333,0.365
2019-20,1626166,Cameron Payne,1610612756,PHX,8,8,0,183,10,22,0.455,24,4,5,0.8,0.545
2019-20,1627747,Caris LeVert,1610612751,BKN,45,21,24,1330,121,303,0.399,297,55,142,0.387,0.49
2019-20,2546,Carmelo Anthony,1610612757,POR,58,28,30,1902,127,316,0.402,262,8,26,0.308,0.415
2019-20,1629035,Carsen Edwards,1610612738,BOS,37,25,12,351,21,56,0.375,53,11,34,0.324,0.473
2019-20,1626224,Cedi Osman,1610612739,CLE,65,19,46,1910,45,125,0.36,115,25,68,0.368,0.46
2019-20,1628990,Chandler Hutchison,1610612741,CHI,28,8,20,527,3,9,0.333,6,0,1,0,0.333
2019-20,202718,Chandler Parsons,1610612737,ATL,5,0,5,54,0,1,0,0,0,1,0,0
2019-20,1629718,Charlie Brown Jr.,1610612737,ATL,10,1,9,40,0,2,0,0,0,1,0,0
2019-20,1626184,Chasson Randle,1610612744,GSW,3,2,1,40,0,1,0,0,0,0,,0
2019-20,1627767,Cheick Diallo,1610612756,PHX,47,20,27,479,2,7,0.286,4,0,0,,0.286
2019-20,1629002,Chimezie Metu,1610612759,SAS,18,8,10,105,2,7,0.286,4,0,0,,0.286
2019-20,1628449,Chris Boucher,1610612761,TOR,62,45,17,819,1,8,0.125,2,0,4,0,0.125
2019-20,1629185,Chris Chiozza,1610612751,BKN,28,14,14,401,10,47,0.213,25,5,30,0.167,0.266
2019-20,1629598,Chris Clemons,1610612745,HOU,33,19,14,291,26,65,0.4,74,22,59,0.373,0.569
2019-20,101108,Chris Paul,1610612760,OKC,70,44,26,2208,315,658,0.479,716,86,240,0.358,0.544
2019-20,1629735,Chris Silva,1610612748,MIA,44,27,17,346,2,2,1,4,0,0,,1
2019-20,1626174,Christian Wood,1610612765,DET,62,20,42,1325,13,39,0.333,32,6,20,0.3,0.41
2019-20,203991,Clint Capela,1610612737,ATL,39,22,17,1279,0,2,0,0,,,,0
2019-20,1629632,Coby White,1610612741,CHI,65,22,43,1674,83,258,0.322,209,43,131,0.328,0.405
2019-20,1628998,Cody Martin,1610612766,CHA,48,16,32,903,8,23,0.348,20,4,10,0.4,0.435
2019-20,203469,Cody Zeller,1610612766,CHA,58,18,40,1341,8,16,0.5,18,2,4,0.5,0.563
2019-20,1629012,Collin Sexton,1610612739,CLE,65,19,46,2143,143,359,0.398,322,36,103,0.35,0.448
2019-20,201147,Corey Brewer,1610612758,SAC,5,2,3,33,1,1,1,2,0,0,,1
2019-20,202709,Cory Joseph,1610612758,SAC,72,31,41,1759,48,148,0.324,104,8,33,0.242,0.351
2019-20,201584,Courtney Lee,1610612742,DAL,24,15,9,345,14,24,0.583,36,8,11,0.727,0.75
2019-20,1626245,Cristiano Felicio,1610612741,CHI,22,6,16,386,0,1,0,0,0,0,,0
2019-20,1626156,D'Angelo Russell,1610612750,MIN,45,11,34,1452,189,484,0.39,464,86,249,0.345,0.479
2019-20,201571,D.J. Augustin,1610612753,ORL,57,28,29,1420,79,208,0.38,191,33,112,0.295,0.459
2019-20,1628391,D.J. Wilson,1610612749,MIL,37,29,8,363,8,23,0.348,18,2,12,0.167,0.391
2019-20,1629610,DaQuan Jeffries,1610612758,SAC,13,4,9,141,1,2,0.5,2,0,0,,0.5
2019-20,1627745,Damian Jones,1610612737,ATL,55,15,40,887,0,1,0,0,0,0,,0
2019-20,203081,Damian Lillard,1610612757,POR,66,33,33,2474,267,664,0.402,733,199,493,0.404,0.552
2019-20,1627814,Damion Lee,1610612744,GSW,49,12,37,1423,56,135,0.415,120,8,34,0.235,0.444
2019-20,1628422,Damyean Dotson,1610612752,NYK,48,14,34,836,43,118,0.364,102,16,53,0.302,0.432
2019-20,1629655,Daniel Gafford,1610612741,CHI,43,15,28,609,0,0,,0,,,,
2019-20,1628464,Daniel Theis,1610612738,BOS,65,42,23,1566,2,8,0.25,5,1,5,0.2,0.313
2019-20,201568,Danilo Gallinari,1610612760,OKC,62,37,25,1834,89,221,0.403,208,30,85,0.353,0.471
2019-20,201980,Danny Green,1610612747,LAL,68,51,17,1687,39,95,0.411,96,18,52,0.346,0.505
2019-20,203957,Dante Exum,1610612739,CLE,35,10,25,486,4,14,0.286,11,3,11,0.273,0.393
2019-20,1627863,Danuel House Jr.,1610612745,HOU,63,40,23,1913,26,79,0.329,74,22,61,0.361,0.468
2019-20,203967,Dario Saric,1610612756,PHX,66,32,34,1632,14,30,0.467,32,4,7,0.571,0.533
2019-20,1629647,Darius Bazley,1610612760,OKC,61,36,25,1129,13,31,0.419,34,8,14,0.571,0.548
2019-20,1629636,Darius Garland,1610612739,CLE,59,17,42,1824,118,315,0.375,281,45,142,0.317,0.446
2019-20,1629133,Daryl Macon,1610612748,MIA,4,4,0,14,0,1,0,0,0,0,,0
2019-20,1628021,David Nwaba,1610612745,HOU,20,8,12,268,0,2,0,0,0,0,,0
2019-20,202722,Davis Bertans,1610612764,WAS,54,20,34,1583,39,103,0.379,106,28,70,0.4,0.515
2019-20,1628368,De'Aaron Fox,1610612758,SAC,51,20,31,1634,106,282,0.376,239,27,101,0.267,0.424
2019-20,1629631,De'Andre Hunter,1610612737,ATL,63,19,44,2018,52,160,0.325,112,8,43,0.186,0.35
2019-20,1629001,De'Anthony Melton,1610612763,MEM,60,27,33,1167,29,106,0.274,65,7,40,0.175,0.307
2019-20,201599,DeAndre Jordan,1610612751,BKN,56,27,29,1234,0,0,,0,,,,
2019-20,1627761,DeAndre' Bembry,1610612737,ATL,43,10,33,915,6,17,0.353,13,1,7,0.143,0.382
2019-20,201942,DeMar DeRozan,1610612759,SAS,68,31,37,2316,189,426,0.444,379,1,6,0.167,0.445
2019-20,201960,DeMarre Carroll,1610612745,HOU,24,10,14,290,3,11,0.273,7,1,5,0.2,0.318
2019-20,1629731,Dean Wade,1610612739,CLE,12,1,11,71,0,0,,0,0,0,,
2019-20,1629028,Deandre Ayton,1610612756,PHX,38,20,18,1236,10,32,0.313,20,0,1,0,0.313
2019-20,1627749,Dejounte Murray,1610612759,SAS,66,29,37,1687,115,263,0.437,232,2,15,0.133,0.441
2019-20,1626153,Delon Wright,1610612742,DAL,73,42,31,1570,21,67,0.313,55,13,35,0.371,0.41
2019-20,203471,Dennis Schröder,1610612760,OKC,65,40,25,1999,144,356,0.404,310,22,82,0.268,0.435
2019-20,1628372,Dennis Smith Jr.,1610612752,NYK,34,7,27,537,24,98,0.245,58,10,33,0.303,0.296
2019-20,1627756,Denzel Valentine,1610612741,CHI,36,12,24,488,53,120,0.442,122,16,53,0.302,0.508
2019-20,1629126,Deonte Burton,1610612760,OKC,39,22,17,357,3,14,0.214,7,1,4,0.25,0.25
2019-20,202324,Derrick Favors,1610612740,NOP,51,24,27,1242,2,7,0.286,4,0,1,0,0.286
2019-20,1627884,Derrick Jones Jr.,1610612748,MIA,59,34,25,1375,3,20,0.15,8,2,11,0.182,0.2
2019-20,201565,Derrick Rose,1610612765,DET,50,17,33,1298,114,300,0.38,249,21,92,0.228,0.415
2019-20,1628476,Derrick Walton Jr.,1610612765,DET,26,15,11,248,5,9,0.556,11,1,1,1,0.611
2019-20,1628401,Derrick White,1610612759,SAS,68,32,36,1677,68,169,0.402,160,24,73,0.329,0.473
2019-20,1626164,Devin Booker,1610612756,PHX,70,34,36,2512,270,641,0.421,617,77,228,0.338,0.481
2019-20,1628985,Devon Hall,1610612760,OKC,11,6,5,81,1,11,0.091,3,1,7,0.143,0.136
2019-20,1629719,Devontae Cacok,1610612747,LAL,1,0,1,9,0,0,,0,,,,
2019-20,1628984,Devonte' Graham,1610612766,CHA,63,23,40,2211,186,521,0.357,498,126,366,0.344,0.478
2019-20,1629608,Dewan Hernandez,1610612761,TOR,6,6,0,28,0,0,,0,0,0,,
2019-20,203473,Dewayne Dedmon,1610612737,ATL,44,17,27,774,5,10,0.5,12,2,5,0.4,0.6
2019-20,1628415,Dillon Brooks,1610612763,MEM,73,34,39,2112,169,432,0.391,376,38,123,0.309,0.435
2019-20,203079,Dion Waiters,1610612747,LAL,10,4,6,207,11,34,0.324,27,5,19,0.263,0.397
2019-20,1627734,Domantas Sabonis,1610612754,IND,62,37,25,2159,10,23,0.435,20,0,1,0,0.435
2019-20,1628378,Donovan Mitchell,1610612762,UTA,69,43,26,2364,259,632,0.41,608,90,280,0.321,0.481
2019-20,1629743,Donta Hall,1610612751,BKN,9,4,5,133,1,1,1,2,,,,1
2019-20,1628978,Donte DiVincenzo,1610612749,MIL,66,53,13,1520,38,113,0.336,95,19,65,0.292,0.42
2019-20,1627827,Dorian Finney-Smith,1610612742,DAL,71,40,31,2120,9,35,0.257,24,6,21,0.286,0.343
2019-20,203926,Doug McDermott,1610612754,IND,69,43,26,1372,30,85,0.353,77,17,39,0.436,0.453
2019-20,1627733,Dragan Bender,1610612744,GSW,16,10,6,286,0,0,,0,0,0,,
2019-20,203110,Draymond Green,1610612744,GSW,43,10,33,1222,11,44,0.25,23,1,10,0.1,0.261
2019-20,1629234,Drew Eubanks,1610612759,SAS,22,13,9,272,2,4,0.5,4,0,0,,0.5
2019-20,1629130,Duncan Robinson,1610612748,MIA,73,44,29,2166,33,93,0.355,98,32,84,0.381,0.527
2019-20,1628605,Dusty Hannahs,1610612763,MEM,2,0,2,13,2,4,0.5,5,1,1,1,0.625
2019-20,1628407,Dwayne Bacon,1610612766,CHA,39,10,29,687,19,74,0.257,41,3,22,0.136,0.277
2019-20,2730,Dwight Howard,1610612747,LAL,69,52,17,1306,0,1,0,0,0,1,0,0
2019-20,203939,Dwight Powell,1610612742,DAL,40,25,15,1061,0,1,0,0,0,0,,0
2019-20,1629058,Dzanan Musa,1610612751,BKN,40,20,20,487,6,28,0.214,16,4,20,0.2,0.286
2019-20,202734,E'Twaun Moore,1610612740,NOP,56,27,29,1020,36,121,0.298,81,9,33,0.273,0.335
2019-20,202334,Ed Davis,1610612762,UTA,28,16,12,303,0,0,,0,,,,
2019-20,1628410,Edmond Sumner,1610612754,IND,31,16,15,447,3,17,0.176,8,2,8,0.25,0.235
2019-20,203901,Elfrid Payton,1610612752,NYK,45,17,28,1246,26,85,0.306,56,4,21,0.19,0.329
2019-20,1629059,Elie Okobo,1610612756,PHX,55,23,32,719,12,55,0.218,29,5,25,0.2,0.264
2019-20,1626144,Emmanuel Mudiay,1610612762,UTA,54,34,20,850,63,136,0.463,136,10,29,0.345,0.5
2019-20,202683,Enes Freedom,1610612738,BOS,58,36,22,983,0,4,0,0,0,0,,0
2019-20,202339,Eric Bledsoe,1610612749,MIL,61,48,13,1646,92,236,0.39,230,46,117,0.393,0.487
2019-20,201569,Eric Gordon,1610612745,HOU,36,21,15,1016,35,100,0.35,105,35,88,0.398,0.525
2019-20,1628450,Eric Mika,1610612758,SAC,1,0,1,19,0,0,,0,,,,
2019-20,1629672,Eric Paschall,1610612744,GSW,60,14,46,1654,51,127,0.402,103,1,9,0.111,0.406
2019-20,101141,Ersan Ilyasova,1610612749,MIL,63,48,15,986,18,44,0.409,45,9,28,0.321,0.511
2019-20,203095,Evan Fournier,1610612753,ORL,66,28,38,2076,153,376,0.407,374,68,185,0.368,0.497
2019-20,202323,Evan Turner,1610612750,MIN,19,3,16,251,9,31,0.29,18,0,0,,0.29
2019-20,1628402,Frank Jackson,1610612740,NOP,59,26,33,797,37,94,0.394,85,11,37,0.297,0.452
2019-20,1626163,Frank Kaminsky,1610612756,PHX,39,19,20,777,4,15,0.267,8,0,3,0,0.267
2019-20,1628412,Frank Mason III,1610612749,MIL,9,6,3,118,7,16,0.438,17,3,9,0.333,0.531
2019-20,1628373,Frank Ntilikina,1610612752,NYK,57,19,38,1187,47,137,0.343,104,10,36,0.278,0.38
2019-20,1627832,Fred VanVleet,1610612761,TOR,54,40,14,1928,74,235,0.315,201,53,162,0.327,0.428
2019-20,1627788,Furkan Korkmaz,1610612755,PHI,72,42,30,1559,51,167,0.305,125,23,82,0.28,0.374
2019-20,1629216,Gabe Vincent,1610612748,MIA,9,5,4,83,1,9,0.111,3,1,6,0.167,0.167
2019-20,202066,Garrett Temple,1610612751,BKN,62,30,32,1730,58,186,0.312,147,31,116,0.267,0.395
2019-20,1629726,Garrison Mathews,1610612764,WAS,18,8,10,227,8,13,0.615,20,4,6,0.667,0.769
2019-20,1629109,Gary Clark,1610612753,ORL,42,23,19,566,2,8,0.25,5,1,6,0.167,0.313
2019-20,203914,Gary Harris,1610612743,DEN,56,37,19,1780,50,147,0.34,116,16,63,0.254,0.395
2019-20,1627780,Gary Payton II,1610612764,WAS,29,13,16,432,2,4,0.5,4,0,2,0,0.5
2019-20,1629018,Gary Trent Jr.,1610612757,POR,61,29,32,1332,69,171,0.404,170,32,82,0.39,0.497
2019-20,201588,George Hill,1610612749,MIL,59,47,12,1271,45,114,0.395,120,30,69,0.435,0.526
2019-20,1627777,Georges Niang,1610612762,UTA,66,41,25,923,18,51,0.353,47,11,28,0.393,0.461
2019-20,203507,Giannis Antetokounmpo,1610612749,MIL,63,51,12,1917,116,348,0.333,295,63,218,0.289,0.424
2019-20,203922,Glenn Robinson III,1610612755,PHI,62,17,45,1786,61,154,0.396,130,8,24,0.333,0.422
2019-20,1629048,Goga Bitadze,1610612754,IND,54,32,22,471,1,9,0.111,2,0,1,0,0.111
2019-20,201609,Goran Dragic,1610612748,MIA,59,37,22,1663,112,274,0.409,272,48,129,0.372,0.496
2019-20,202330,Gordon Hayward,1610612738,BOS,52,34,18,1740,111,242,0.459,242,20,68,0.294,0.5
2019-20,203476,Gorgui Dieng,1610612763,MEM,63,20,43,1096,11,40,0.275,24,2,8,0.25,0.3
2019-20,1629684,Grant Williams,1610612738,BOS,69,47,22,1043,6,27,0.222,15,3,13,0.231,0.278
2019-20,1628960,Grayson Allen,1610612763,MEM,38,16,22,718,21,61,0.344,48,6,26,0.231,0.393
2019-20,1628977,Hamidou Diallo,1610612760,OKC,46,25,21,896,10,36,0.278,21,1,6,0.167,0.292
2019-20,203084,Harrison Barnes,1610612758,SAC,72,31,41,2482,43,120,0.358,108,22,53,0.415,0.45
2019-20,1628385,Harry Giles III,1610612758,SAC,46,22,24,667,12,26,0.462,24,0,0,,0.462
2019-20,202355,Hassan Whiteside,1610612757,POR,67,34,33,2008,12,36,0.333,24,0,0,,0.333
2019-20,1627740,Henry Ellenson,1610612751,BKN,5,2,3,15,0,0,,0,0,0,,
2019-20,101133,Ian Mahinmi,1610612764,WAS,38,15,23,808,0,1,0,0,0,0,,0
2019-20,1629649,Ignas Brazdeikis,1610612752,NYK,9,1,8,53,0,4,0,0,0,0,,0
2019-20,202697,Iman Shumpert,1610612751,BKN,13,9,4,241,7,26,0.269,16,2,10,0.2,0.308
2019-20,1629067,Isaac Bonga,1610612764,WAS,66,22,44,1250,2,13,0.154,4,0,5,0,0.154
2019-20,1628392,Isaiah Hartenstein,1610612745,HOU,23,16,7,266,0,1,0,0,0,1,0,0
2019-20,1629676,Isaiah Roby,1610612760,OKC,3,2,1,11,0,0,,0,,,,
2019-20,202738,Isaiah Thomas,1610612764,WAS,40,14,26,925,83,206,0.403,193,27,77,0.351,0.468
2019-20,202397,Ish Smith,1610612764,WAS,68,23,45,1787,124,302,0.411,269,21,58,0.362,0.445
2019-20,1627826,Ivica Zubac,1610612746,LAC,72,49,23,1326,3,4,0.75,6,0,0,,0.75
2019-20,200826,J.J. Barea,1610612742,DAL,29,15,14,450,37,101,0.366,96,22,60,0.367,0.475
2019-20,1629122,J.P. Macura,1610612739,CLE,1,1,0,1,0,0,,0,,,,
2019-20,200755,JJ Redick,1610612740,NOP,60,26,34,1581,111,266,0.417,281,59,140,0.421,0.528
2019-20,2747,JR Smith,1610612747,LAL,6,2,4,79,3,8,0.375,6,0,3,0,0.375
2019-20,1629630,Ja Morant,1610612763,MEM,67,33,34,2074,108,285,0.379,251,35,112,0.313,0.44
2019-20,203960,JaKarr Sampson,1610612754,IND,34,21,13,471,2,5,0.4,4,0,0,,0.4
2019-20,203210,JaMychal Green,1610612746,LAC,63,43,20,1307,8,17,0.471,19,3,8,0.375,0.559
2019-20,201580,JaVale McGee,1610612747,LAL,68,51,17,1130,4,16,0.25,10,2,4,0.5,0.313
2019-20,203953,Jabari Parker,1610612758,SAC,38,9,29,918,11,45,0.244,27,5,19,0.263,0.3
2019-20,1628980,Jacob Evans,1610612750,MIN,29,8,21,418,23,67,0.343,48,2,8,0.25,0.358
2019-20,203109,Jae Crowder,1610612748,MIA,65,29,36,1875,49,135,0.363,136,38,103,0.369,0.504
2019-20,1626143,Jahlil Okafor,1610612740,NOP,30,9,21,467,5,9,0.556,10,0,1,0,0.556
2019-20,1627774,Jake Layman,1610612750,MIN,23,11,12,505,13,33,0.394,31,5,19,0.263,0.47
2019-20,1627751,Jakob Poeltl,1610612759,SAS,66,30,36,1171,2,2,1,4,,,,1
2019-20,1628973,Jalen Brunson,1610612742,DAL,57,34,23,1022,65,164,0.396,141,11,46,0.239,0.43
2019-20,1629665,Jalen Lecque,1610612756,PHX,5,2,3,32,1,3,0.333,2,0,1,0,0.333
2019-20,1629667,Jalen McDaniels,1610612766,CHA,16,7,9,293,2,7,0.286,4,0,0,,0.286
2019-20,2037,Jamal Crawford,1610612751,BKN,1,1,0,6,1,2,0.5,2,0,0,,0.5
2019-20,1627750,Jamal Murray,1610612743,DEN,59,38,21,1903,198,478,0.414,454,58,179,0.324,0.475
2019-20,203516,James Ennis III,1610612753,ORL,69,42,27,1266,15,41,0.366,38,8,22,0.364,0.463
2019-20,201935,James Harden,1610612745,HOU,68,43,25,2483,273,787,0.347,805,259,739,0.35,0.511
2019-20,201949,James Johnson,1610612750,MIN,32,14,18,620,11,39,0.282,30,8,32,0.25,0.385
2019-20,201162,Jared Dudley,1610612747,LAL,45,30,15,364,1,4,0.25,2,0,1,0,0.25
2019-20,1629607,Jared Harper,1610612752,NYK,3,1,2,8,0,0,,0,0,0,,
2019-20,1628991,Jaren Jackson Jr.,1610612763,MEM,57,28,29,1622,17,54,0.315,48,14,41,0.341,0.444
2019-20,1629020,Jarred Vanderbilt,1610612750,MIN,11,6,5,47,0,0,,0,0,0,,
2019-20,1629714,Jarrell Brantley,1610612762,UTA,9,3,6,96,1,3,0.333,3,1,1,1,0.5
2019-20,1628386,Jarrett Allen,1610612751,BKN,70,33,37,1852,0,2,0,0,0,1,0,0
2019-20,1629633,Jarrett Culver,1610612750,MIN,63,19,44,1506,29,95,0.305,77,19,65,0.292,0.405
2019-20,1627784,Jarrod Uthoff,1610612764,WAS,7,4,3,53,0,5,0,0,0,1,0,0
2019-20,1629750,Javonte Green,1610612738,BOS,48,33,15,468,5,14,0.357,11,1,8,0.125,0.393
2019-20,1629637,Jaxson Hayes,1610612740,NOP,64,28,36,1080,0,1,0,0,0,0,,0
2019-20,1627759,Jaylen Brown,1610612738,BOS,57,38,19,1934,89,235,0.379,206,28,96,0.292,0.438
2019-20,1629658,Jaylen Hoard,1610612757,POR,13,7,6,103,0,2,0,0,0,0,,0
2019-20,1629669,Jaylen Nowell,1610612750,MIN,15,2,13,151,4,12,0.333,10,2,8,0.25,0.417
2019-20,1628369,Jayson Tatum,1610612738,BOS,66,46,20,2265,223,557,0.4,570,124,307,0.404,0.512
2019-20,201145,Jeff Green,1610612745,HOU,48,28,20,960,10,37,0.27,26,6,24,0.25,0.351
2019-20,201952,Jeff Teague,1610612737,ATL,59,22,37,1464,66,166,0.398,159,27,69,0.391,0.479
2019-20,203924,Jerami Grant,1610612743,DEN,71,45,26,1892,24,78,0.308,50,2,6,0.333,0.321
2019-20,1629725,Jeremiah Martin,1610612751,BKN,9,6,3,99,6,19,0.316,14,2,8,0.25,0.368
2019-20,203087,Jeremy Lamb,1610612754,IND,46,27,19,1291,94,215,0.437,204,16,57,0.281,0.474
2019-20,202951,Jeremy Pargo,1610612744,GSW,3,0,3,44,5,11,0.455,12,2,5,0.4,0.545
2019-20,1626170,Jerian Grant,1610612764,WAS,6,1,5,80,3,10,0.3,7,1,2,0.5,0.35
2019-20,1629010,Jerome Robinson,1610612764,WAS,63,36,27,979,39,115,0.339,85,7,35,0.2,0.37
2019-20,1628975,Jevon Carter,1610612756,PHX,58,29,29,945,31,69,0.449,76,14,29,0.483,0.551
2019-20,202710,Jimmy Butler III,1610612748,MIA,58,38,20,1959,80,262,0.305,175,15,73,0.205,0.334
2019-20,201149,Joakim Noah,1610612746,LAC,5,4,1,50,0,0,,0,,,,
2019-20,1629147,Joe Chealey,1610612766,CHA,4,1,3,33,0,1,0,0,0,0,,0
2019-20,203925,Joe Harris,1610612751,BKN,69,33,36,2123,61,153,0.399,155,33,94,0.351,0.507
2019-20,204060,Joe Ingles,1610612762,UTA,72,44,28,2137,71,202,0.351,199,57,163,0.35,0.493
2019-20,203954,Joel Embiid,1610612755,PHI,51,32,19,1506,60,182,0.33,126,6,20,0.3,0.346
2019-20,1628381,John Collins,1610612737,ATL,41,15,26,1363,8,34,0.235,17,1,11,0.091,0.25
2019-20,203089,John Henson,1610612765,DET,40,8,32,600,0,1,0,0,0,1,0,0
2019-20,1629723,John Konchar,1610612763,MEM,19,9,10,181,2,2,1,6,2,2,1,1.5
2019-20,1628405,Johnathan Motley,1610612746,LAC,13,8,5,41,0,0,,0,0,0,,
2019-20,1629140,Johnathan Williams,1610612764,WAS,15,7,8,180,1,2,0.5,2,0,1,0,0.5
2019-20,1628413,Jonah Bolden,1610612756,PHX,7,6,1,47,0,0,,0,0,0,,
2019-20,202685,Jonas Valanciunas,1610612763,MEM,70,32,38,1845,14,37,0.378,28,0,2,0,0.378
2019-20,1628371,Jonathan Isaac,1610612753,ORL,34,15,19,980,31,75,0.413,64,2,6,0.333,0.427
2019-20,1628395,Jordan Bell,1610612739,CLE,29,8,21,256,4,9,0.444,11,3,5,0.6,0.611
2019-20,1629648,Jordan Bone,1610612765,DET,10,3,7,53,2,7,0.286,5,1,2,0.5,0.357
2019-20,203903,Jordan Clarkson,1610612762,UTA,71,34,37,1705,97,264,0.367,249,55,171,0.322,0.472
2019-20,1629162,Jordan McLaughlin,1610612750,MIN,30,7,23,590,11,36,0.306,31,9,32,0.281,0.431
2019-20,203895,Jordan McRae,1610612765,DET,37,12,25,785,58,164,0.354,134,18,56,0.321,0.409
2019-20,1629673,Jordan Poole,1610612744,GSW,57,12,45,1274,57,190,0.3,133,19,80,0.238,0.35
2019-20,1627982,Josh Gray,1610612740,NOP,2,1,1,23,0,0,,0,,,,
2019-20,1628404,Josh Hart,1610612740,NOP,65,26,39,1755,19,76,0.25,51,13,50,0.26,0.336
2019-20,1628367,Josh Jackson,1610612763,MEM,22,10,12,381,6,29,0.207,15,3,18,0.167,0.259
2019-20,203705,Josh Magette,1610612753,ORL,8,3,5,38,2,8,0.25,5,1,2,0.5,0.313
2019-20,1629006,Josh Okogie,1610612750,MIN,62,19,43,1547,11,38,0.289,28,6,24,0.25,0.368
2019-20,1629729,Josh Reaves,1610612742,DAL,4,2,2,28,0,3,0,0,0,1,0,0
2019-20,1626196,Josh Richardson,1610612755,PHI,55,33,22,1693,114,248,0.46,248,20,58,0.345,0.5
2019-20,201950,Jrue Holiday,1610612740,NOP,61,26,35,2117,108,309,0.35,283,67,193,0.347,0.458
2019-20,1629308,Juan Toscano-Anderson,1610612744,GSW,13,3,10,272,0,4,0,0,0,1,0,0
2019-20,1627823,Juancho Hernangomez,1610612750,MIN,48,24,24,834,4,12,0.333,10,2,6,0.333,0.417
2019-20,203944,Julius Randle,1610612752,NYK,64,21,43,2080,79,206,0.383,164,6,41,0.146,0.398
2019-20,1626147,Justin Anderson,1610612751,BKN,10,6,4,107,0,2,0,0,0,2,0,0
2019-20,203200,Justin Holiday,1610612754,IND,73,45,28,1826,42,105,0.4,110,26,61,0.426,0.524
2019-20,1628382,Justin Jackson,1610612742,DAL,65,39,26,1045,23,61,0.377,52,6,14,0.429,0.426
2019-20,1629713,Justin James,1610612758,SAC,36,14,22,232,7,23,0.304,15,1,5,0.2,0.326
2019-20,1628383,Justin Patton,1610612765,DET,5,2,3,24,0,0,,0,0,0,,
2019-20,1629620,Justin Robinson,1610612764,WAS,9,2,7,49,1,7,0.143,2,0,1,0,0.143
2019-20,1629625,Justin Wright-Foreman,1610612762,UTA,4,1,3,45,4,12,0.333,10,2,7,0.286,0.417
2019-20,1626159,Justise Winslow,1610612763,MEM,11,7,4,352,9,29,0.31,20,2,5,0.4,0.345
2019-20,203994,Jusuf Nurkić,1610612757,POR,8,6,2,253,1,6,0.167,2,0,0,,0.167
2019-20,1629752,Juwan Morgan,1610612762,UTA,21,12,9,134,0,0,,0,0,0,,
2019-20,1629644,KZ Okpala,1610612748,MIA,5,2,3,26,0,0,,0,0,0,,
2019-20,1628443,Kadeem Allen,1610612752,NYK,10,3,7,117,10,20,0.5,22,2,7,0.286,0.55
2019-20,1626157,Karl-Anthony Towns,1610612750,MIN,35,10,25,1187,28,81,0.346,78,22,58,0.379,0.481
2019-20,202695,Kawhi Leonard,1610612746,LAC,57,41,16,1848,247,578,0.427,545,51,149,0.342,0.471
2019-20,1628966,Keita Bates-Diop,1610612743,DEN,44,10,34,744,4,18,0.222,10,2,7,0.286,0.278
2019-20,1629103,Kelan Martin,1610612750,MIN,31,12,19,495,19,44,0.432,44,6,15,0.4,0.5
2019-20,1629640,Keldon Johnson,1610612759,SAS,17,8,9,301,5,11,0.455,10,0,2,0,0.455
2019-20,203482,Kelly Olynyk,1610612748,MIA,67,41,26,1300,17,45,0.378,41,7,21,0.333,0.456
2019-20,1626162,Kelly Oubre Jr.,1610612756,PHX,56,22,34,1933,70,156,0.449,162,22,58,0.379,0.519
2019-20,202689,Kemba Walker,1610612738,BOS,56,37,19,1742,190,478,0.397,500,120,329,0.365,0.523
2019-20,1629134,Kendrick Nunn,1610612748,MIA,67,42,25,1962,130,312,0.417,303,43,117,0.368,0.486
2019-20,1629026,Kenrich Williams,1610612740,NOP,39,12,27,832,3,10,0.3,7,1,5,0.2,0.35
2019-20,203145,Kent Bazemore,1610612758,SAC,68,32,36,1688,32,113,0.283,73,9,44,0.205,0.323
2019-20,203484,Kentavious Caldwell-Pope,1610612747,LAL,69,51,18,1762,42,111,0.378,94,10,31,0.323,0.423
2019-20,1628987,Kevin Hervey,1610612760,OKC,10,3,7,52,3,8,0.375,7,1,4,0.25,0.438
2019-20,1628989,Kevin Huerter,1610612737,ATL,56,19,37,1760,83,227,0.366,200,34,112,0.304,0.441
2019-20,1628995,Kevin Knox II,1610612752,NYK,65,21,44,1166,31,93,0.333,75,13,30,0.433,0.403
2019-20,201567,Kevin Love,1610612739,CLE,56,16,40,1780,67,175,0.383,162,28,90,0.311,0.463
2019-20,1629645,Kevin Porter Jr.,1610612739,CLE,50,15,35,1162,43,153,0.281,104,18,70,0.257,0.34
2019-20,1626172,Kevon Looney,1610612744,GSW,20,6,14,262,1,8,0.125,2,0,0,,0.125
2019-20,203920,Khem Birch,1610612753,ORL,48,19,29,922,0,1,0,0,0,0,,0
2019-20,203114,Khris Middleton,1610612749,MIL,62,46,16,1853,226,470,0.481,510,58,156,0.372,0.543
2019-20,1629017,Khyri Thomas,1610612765,DET,8,2,6,61,0,4,0,0,0,2,0,0
2019-20,1628961,Kostas Antetokounmpo,1610612747,LAL,5,3,2,20,0,0,,0,,,,
2019-20,1627739,Kris Dunn,1610612741,CHI,51,19,32,1269,10,46,0.217,24,4,17,0.235,0.261
2019-20,204001,Kristaps Porziņģis,1610612742,DAL,57,32,25,1814,51,168,0.304,113,11,35,0.314,0.336
2019-20,1629065,Ky Bowman,1610612744,GSW,45,9,36,1015,53,139,0.381,121,15,48,0.313,0.435
2019-20,1629734,Kyle Alexander,1610612748,MIA,2,0,2,13,0,0,,0,,,,
2019-20,203937,Kyle Anderson,1610612763,MEM,67,32,35,1330,32,82,0.39,67,3,13,0.231,0.409
2019-20,1629657,Kyle Guy,1610612758,SAC,3,2,1,10,1,1,1,2,0,0,,1
2019-20,2594,Kyle Korver,1610612749,MIL,58,43,15,960,33,77,0.429,83,17,44,0.386,0.539
2019-20,1628398,Kyle Kuzma,1610612747,LAL,61,46,15,1526,51,173,0.295,112,10,60,0.167,0.324
2019-20,200768,Kyle Lowry,1610612761,TOR,58,41,17,2098,120,337,0.356,325,85,242,0.351,0.482
2019-20,203124,Kyle O'Quinn,1610612755,PHI,29,18,11,313,6,10,0.6,12,0,1,0,0.6
2019-20,202681,Kyrie Irving,1610612751,BKN,20,8,12,658,95,222,0.428,229,39,101,0.386,0.516
2019-20,200746,LaMarcus Aldridge,1610612759,SAS,53,23,30,1754,100,231,0.433,207,7,16,0.438,0.448
2019-20,202498,Lance Thomas,1610612751,BKN,7,4,3,98,0,2,0,0,0,0,,0
2019-20,1629013,Landry Shamet,1610612746,LAC,53,34,19,1452,24,77,0.312,65,17,52,0.327,0.422
2019-20,204038,Langston Galloway,1610612765,DET,66,20,46,1702,36,87,0.414,76,4,17,0.235,0.437
2019-20,1626204,Larry Nance Jr.,1610612739,CLE,56,16,40,1472,11,35,0.314,23,1,13,0.077,0.329
2019-20,1628374,Lauri Markkanen,1610612741,CHI,50,18,32,1492,10,36,0.278,25,5,15,0.333,0.347
2019-20,2544,LeBron James,1610612747,LAL,67,50,17,2316,154,466,0.33,392,84,257,0.327,0.421
2019-20,1629022,Lonnie Walker IV,1610612759,SAS,61,29,32,988,27,88,0.307,59,5,14,0.357,0.335
2019-20,1628366,Lonzo Ball,1610612740,NOP,63,26,37,2025,65,206,0.316,167,37,116,0.319,0.405
2019-20,101150,Lou Williams,1610612746,LAC,65,44,21,1864,173,478,0.362,399,53,171,0.31,0.417
2019-20,1629663,Louis King,1610612765,DET,10,3,7,62,1,5,0.2,2,0,0,,0.2
2019-20,201601,Luc Mbah a Moute,1610612745,HOU,3,1,2,25,0,0,,0,0,0,,
2019-20,1629652,Luguentz Dort,1610612760,OKC,36,26,10,820,3,11,0.273,8,2,6,0.333,0.364
2019-20,1629029,Luka Dončić,1610612742,DAL,61,36,25,2047,184,548,0.336,506,138,437,0.316,0.462
2019-20,1629677,Luka Samanic,1610612759,SAS,3,1,2,48,1,1,1,3,1,1,1,1.5
2019-20,1628379,Luke Kennard,1610612765,DET,28,11,17,922,57,145,0.393,140,26,70,0.371,0.483
2019-20,1628436,Luke Kornet,1610612741,CHI,36,11,25,559,1,11,0.091,2,0,6,0,0.091
2019-20,1627763,Malcolm Brogdon,1610612754,IND,54,34,20,1666,150,364,0.412,347,47,153,0.307,0.477
2019-20,1626259,Malcolm Miller,1610612761,TOR,28,24,4,162,2,5,0.4,5,1,4,0.25,0.5
2019-20,1627736,Malik Beasley,1610612750,MIN,55,30,25,1209,63,164,0.384,153,27,76,0.355,0.466
2019-20,1628370,Malik Monk,1610612766,CHA,55,18,37,1169,43,141,0.305,102,16,72,0.222,0.362
2019-20,1629005,Malik Newman,1610612739,CLE,1,0,1,4,0,1,0,0,0,1,0,0
2019-20,201188,Marc Gasol,1610612761,TOR,44,35,9,1161,13,23,0.565,27,1,2,0.5,0.587
2019-20,201158,Marco Belinelli,1610612759,SAS,57,27,30,883,46,132,0.348,113,21,56,0.375,0.428
2019-20,202694,Marcus Morris Sr.,1610612746,LAC,62,26,36,1936,166,388,0.428,377,45,118,0.381,0.486
2019-20,203935,Marcus Smart,1610612738,BOS,60,39,21,1919,93,234,0.397,247,61,152,0.401,0.528
2019-20,1629621,Marial Shayok,1610612755,PHI,4,2,2,28,1,7,0.143,3,1,3,0.333,0.214
2019-20,1626209,Mario Hezonja,1610612757,POR,53,24,29,871,20,51,0.392,45,5,17,0.294,0.441
2019-20,1628365,Markelle Fultz,1610612753,ORL,72,33,39,1996,113,280,0.404,236,10,42,0.238,0.421
2019-20,202693,Markieff Morris,1610612747,LAL,58,22,36,1188,25,76,0.329,53,3,22,0.136,0.349
2019-20,1629741,Marko Guduric,1610612763,MEM,44,19,25,484,13,50,0.26,33,7,34,0.206,0.33
2019-20,1629716,Marques Bolden,1610612739,CLE,1,0,1,3,0,0,,0,,,,
2019-20,1627737,Marquese Chriss,1610612744,GSW,59,15,44,1196,5,14,0.357,10,0,2,0,0.357
2019-20,1628963,Marvin Bagley III,1610612758,SAC,13,2,11,334,3,9,0.333,6,0,0,,0.333
2019-20,101107,Marvin Williams,1610612749,MIL,58,21,37,1129,10,35,0.286,22,2,10,0.2,0.314
2019-20,203486,Mason Plumlee,1610612743,DEN,61,38,23,1057,3,25,0.12,6,0,2,0,0.12
2019-20,1629680,Matisse Thybulle,1610612755,PHI,65,40,25,1287,5,23,0.217,11,1,10,0.1,0.239
2019-20,1629760,Matt Mooney,1610612739,CLE,4,0,4,19,1,2,0.5,2,0,0,,0.5
2019-20,1629744,Matt Thomas,1610612761,TOR,41,31,10,440,27,50,0.54,64,10,20,0.5,0.64
2019-20,203521,Matthew Dellavedova,1610612739,CLE,57,17,40,821,20,48,0.417,44,4,21,0.19,0.458
2019-20,203090,Maurice Harkless,1610612752,NYK,62,39,23,1427,6,13,0.462,15,3,7,0.429,0.577
2019-20,1629622,Max Strus,1610612741,CHI,2,0,2,6,0,0,,0,0,0,,
2019-20,1628467,Maxi Kleber,1610612742,DAL,74,42,32,1890,7,22,0.318,15,1,6,0.167,0.341
2019-20,1628982,Melvin Frazier Jr.,1610612753,ORL,19,6,13,126,3,9,0.333,8,2,3,0.667,0.444
2019-20,203086,Meyers Leonard,1610612748,MIA,51,34,17,1034,7,25,0.28,17,3,6,0.5,0.34
2019-20,1629662,Mfiondu Kabengele,1610612746,LAC,12,9,3,64,1,2,0.5,3,1,2,0.5,0.75
2019-20,203487,Michael Carter-Williams,1610612753,ORL,45,21,24,833,7,27,0.259,15,1,6,0.167,0.278
2019-20,1626187,Michael Frazier II,1610612745,HOU,13,7,6,145,0,2,0,0,0,2,0,0
2019-20,203077,Michael Kidd-Gilchrist,1610612742,DAL,25,12,13,281,1,8,0.125,2,0,1,0,0.125
2019-20,1629008,Michael Porter Jr.,1610612743,DEN,55,36,19,903,31,81,0.383,80,18,39,0.462,0.494
2019-20,1628969,Mikal Bridges,1610612756,PHX,73,34,39,2042,22,51,0.431,48,4,6,0.667,0.471
2019-20,201144,Mike Conley,1610612762,UTA,47,26,21,1363,93,258,0.36,232,46,136,0.338,0.45
2019-20,203488,Mike Muscala,1610612760,OKC,47,26,21,572,1,6,0.167,3,1,5,0.2,0.25
2019-20,203118,Mike Scott,1610612755,PHI,68,39,29,1207,10,28,0.357,20,0,5,0,0.357
2019-20,1628970,Miles Bridges,1610612766,CHA,65,23,42,1996,27,94,0.287,69,15,48,0.313,0.367
2019-20,1629011,Mitchell Robinson,1610612752,NYK,61,20,41,1412,0,0,,0,,,,
2019-20,1629671,Miye Oni,1610612762,UTA,10,5,5,109,2,8,0.25,5,1,5,0.2,0.313
2019-20,1628964,Mo Bamba,1610612753,ORL,62,30,32,878,5,11,0.455,10,0,1,0,0.455
2019-20,1628420,Monte Morris,1610612743,DEN,73,46,27,1637,98,238,0.412,212,16,49,0.327,0.445
2019-20,1626149,Montrezl Harrell,1610612746,LAC,63,44,19,1749,20,61,0.328,40,0,14,0,0.328
2019-20,1629021,Moritz Wagner,1610612764,WAS,45,15,30,835,1,3,0.333,2,0,0,,0.333
2019-20,1629650,Moses Brown,1610612757,POR,9,4,5,33,0,0,,0,,,,
2019-20,1628539,Mychal Mulder,1610612744,GSW,7,3,4,204,3,5,0.6,7,1,2,0.5,0.7
2019-20,1626167,Myles Turner,1610612754,IND,62,37,25,1826,27,66,0.409,57,3,12,0.25,0.432
2019-20,1629642,Nassir Little,1610612757,POR,48,22,26,572,4,9,0.444,11,3,6,0.5,0.611
2019-20,1628513,Naz Mitrou-Long,1610612754,IND,5,3,2,47,4,10,0.4,9,1,6,0.167,0.45
2019-20,1629675,Naz Reid,1610612750,MIN,30,8,22,495,1,6,0.167,2,0,3,0,0.167
2019-20,202357,Nemanja Bjelica,1610612758,SAC,72,31,41,2011,30,73,0.411,75,15,33,0.455,0.514
2019-20,203457,Nerlens Noel,1610612760,OKC,61,38,23,1127,4,19,0.211,8,0,1,0,0.211
2019-20,1629651,Nic Claxton,1610612751,BKN,15,5,10,187,0,2,0,0,0,2,0,0
2019-20,1629638,Nickeil Alexander-Walker,1610612740,NOP,47,19,28,591,17,66,0.258,43,9,39,0.231,0.326
2019-20,201587,Nicolas Batum,1610612766,CHA,22,6,16,505,4,20,0.2,9,1,9,0.111,0.225
2019-20,1629740,Nicolo Melli,1610612740,NOP,60,26,34,1042,21,46,0.457,45,3,11,0.273,0.489
2019-20,1628430,Nigel Williams-Goss,1610612762,UTA,10,6,4,50,0,3,0,0,0,0,,0
2019-20,203999,Nikola Jokić,1610612743,DEN,73,46,27,2335,52,136,0.382,114,10,37,0.27,0.419
2019-20,202696,Nikola Vučević,1610612753,ORL,62,28,34,1998,33,85,0.388,67,1,3,0.333,0.394
2019-20,203943,Noah Vonleh,1610612743,DEN,36,13,23,378,0,1,0,0,0,0,,0
2019-20,1626181,Norman Powell,1610612761,TOR,52,40,12,1479,30,92,0.326,72,12,54,0.222,0.391
2019-20,203658,Norvel Pelle,1610612755,PHI,24,12,12,232,0,0,,0,0,0,,
2019-20,1628384,OG Anunoby,1610612761,TOR,69,50,19,2066,15,39,0.385,41,11,24,0.458,0.526
2019-20,1629016,Omari Spellman,1610612750,MIN,49,11,38,886,3,8,0.375,7,1,3,0.333,0.438
2019-20,1629052,Oshae Brissett,1610612761,TOR,19,15,4,135,0,1,0,0,0,0,,0
2019-20,203490,Otto Porter Jr.,1610612741,CHI,14,5,9,331,19,44,0.432,43,5,17,0.294,0.489
2019-20,200782,P.J. Tucker,1610612745,HOU,72,44,28,2467,8,23,0.348,18,2,8,0.25,0.391
2019-20,1629023,P.J. Washington,1610612766,CHA,58,22,36,1759,11,33,0.333,29,7,18,0.389,0.439
2019-20,1628408,PJ Dozier,1610612743,DEN,29,18,11,412,31,77,0.403,73,11,29,0.379,0.474
2019-20,1627783,Pascal Siakam,1610612761,TOR,60,46,14,2110,96,295,0.325,243,51,150,0.34,0.412
2019-20,1626192,Pat Connaughton,1610612749,MIL,67,53,14,1243,7,28,0.25,21,7,19,0.368,0.375
2019-20,201976,Patrick Beverley,1610612746,LAC,51,38,13,1342,17,59,0.288,43,9,30,0.3,0.364
2019-20,1627775,Patrick McCaw,1610612761,TOR,37,27,10,908,5,24,0.208,11,1,10,0.1,0.229
2019-20,202335,Patrick Patterson,1610612746,LAC,59,39,20,776,4,10,0.4,9,1,4,0.25,0.45
2019-20,201988,Patty Mills,1610612759,SAS,66,28,38,1485,86,233,0.369,221,49,142,0.345,0.474
2019-20,202331,Paul George,1610612746,LAC,48,34,14,1419,139,352,0.395,345,67,165,0.406,0.49
2019-20,200794,Paul Millsap,1610612743,DEN,51,30,21,1240,23,69,0.333,47,1,10,0.1,0.341
2019-20,1628778,Paul Watson,1610612761,TOR,10,7,3,87,1,7,0.143,3,1,5,0.2,0.214
2019-20,1626188,Quinn Cook,1610612747,LAL,44,31,13,508,34,86,0.395,77,9,31,0.29,0.448
2019-20,1629683,Quinndary Weatherspoon,1610612759,SAS,11,5,6,78,1,5,0.2,3,1,2,0.5,0.3
2019-20,1629628,RJ Barrett,1610612752,NYK,56,17,39,1704,37,137,0.27,83,9,36,0.25,0.303
2019-20,200765,Rajon Rondo,1610612747,LAL,48,37,11,984,35,104,0.337,86,16,54,0.296,0.413
2019-20,203526,Raul Neto,1610612755,PHI,54,29,25,668,20,66,0.303,49,9,33,0.273,0.371
2019-20,1629730,Rayjon Tucker,1610612762,UTA,20,12,8,161,5,12,0.417,11,1,5,0.2,0.458
2019-20,203493,Reggie Bullock Jr.,1610612752,NYK,29,9,20,684,23,64,0.359,52,6,16,0.375,0.406
2019-20,202704,Reggie Jackson,1610612746,LAC,31,16,15,743,43,120,0.358,107,21,58,0.362,0.446
2019-20,1626158,Richaun Holmes,1610612758,SAC,44,16,28,1242,7,15,0.467,14,,,,0.467
2019-20,201937,Ricky Rubio,1610612756,PHX,65,32,33,2016,100,272,0.368,211,11,53,0.208,0.388
2019-20,203496,Robert Covington,1610612745,HOU,70,27,43,2137,25,66,0.379,67,17,46,0.37,0.508
2019-20,1629057,Robert Williams III,1610612738,BOS,29,19,10,388,2,4,0.5,4,,,,0.5
2019-20,201577,Robin Lopez,1610612749,MIL,66,51,15,958,3,9,0.333,6,0,2,0,0.333
2019-20,1629066,Rodions Kurucs,1610612751,BKN,47,18,29,684,2,9,0.222,6,2,6,0.333,0.333
2019-20,203918,Rodney Hood,1610612757,POR,21,8,13,619,35,72,0.486,78,8,21,0.381,0.542
2019-20,203585,Rodney McGruder,1610612746,LAC,56,38,18,871,4,15,0.267,8,0,3,0,0.267
2019-20,1629641,Romeo Langford,1610612738,BOS,32,22,10,370,1,4,0.25,2,0,1,0,0.25
2019-20,1626178,Rondae Hollis-Jefferson,1610612761,TOR,60,43,17,1122,11,28,0.393,22,0,0,,0.393
2019-20,1626220,Royce O'Neale,1610612762,UTA,71,44,27,2049,10,37,0.27,25,5,26,0.192,0.338
2019-20,200752,Rudy Gay,1610612759,SAS,67,30,37,1461,88,186,0.473,191,15,30,0.5,0.513
2019-20,203497,Rudy Gobert,1610612762,UTA,68,42,26,2333,0,0,,0,,,,
2019-20,1629060,Rui Hachimura,1610612764,WAS,48,15,33,1444,52,124,0.419,104,0,3,0,0.419
2019-20,201566,Russell Westbrook,1610612745,HOU,57,36,21,2049,170,452,0.376,362,22,91,0.242,0.4
2019-20,201583,Ryan Anderson,1610612745,HOU,2,1,1,14,1,1,1,2,0,0,,1
2019-20,1627853,Ryan Arcidiacono,1610612741,CHI,58,21,37,930,20,56,0.357,51,11,29,0.379,0.455
2019-20,1629151,Ryan Broekhoff,1610612755,PHI,17,10,7,180,2,5,0.4,5,1,3,0.333,0.5
2019-20,1629635,Sekou Doumbouya,1610612765,DET,38,10,28,754,5,19,0.263,14,4,9,0.444,0.368
2019-20,1628400,Semi Ojeleye,1610612738,BOS,69,46,23,1011,5,15,0.333,12,2,7,0.286,0.4
2019-20,201586,Serge Ibaka,1610612761,TOR,55,40,15,1485,14,36,0.389,29,1,1,1,0.403
2019-20,203552,Seth Curry,1610612742,DAL,64,38,26,1576,90,207,0.435,212,32,92,0.348,0.512
2019-20,203894,Shabazz Napier,1610612764,WAS,56,16,40,1344,74,217,0.341,189,41,135,0.304,0.435
2019-20,1628983,Shai Gilgeous-Alexander,1610612760,OKC,70,43,27,2428,174,398,0.437,399,51,160,0.319,0.501
2019-20,1629003,Shake Milton,1610612755,PHI,40,23,17,805,28,70,0.4,67,11,27,0.407,0.479
2019-20,1629044,Shamorie Ponds,1610612761,TOR,4,4,0,11,0,1,0,0,0,1,0,0
2019-20,1627885,Shaquille Harrison,1610612741,CHI,43,14,29,484,7,19,0.368,17,3,8,0.375,0.447
2019-20,1628414,Sindarius Thornwell,1610612740,NOP,2,0,2,35,0,0,,0,0,0,,
2019-20,1627746,Skal Labissiere,1610612737,ATL,33,14,19,567,3,9,0.333,6,0,1,0,0.333
2019-20,203524,Solomon Hill,1610612748,MIA,59,29,30,1088,18,37,0.486,42,6,13,0.462,0.568
2019-20,203915,Spencer Dinwiddie,1610612751,BKN,64,30,34,1994,106,363,0.292,281,69,249,0.277,0.387
2019-20,1626169,Stanley Johnson,1610612761,TOR,25,19,6,150,5,20,0.25,14,4,12,0.333,0.35
2019-20,1629742,Stanton Kidd,1610612762,UTA,4,3,1,15,0,1,0,0,0,0,,0
2019-20,201939,Stephen Curry,1610612744,GSW,5,1,4,139,13,37,0.351,32,6,27,0.222,0.432
2019-20,1628425,Sterling Brown,1610612749,MIL,52,39,13,767,18,72,0.25,47,11,45,0.244,0.326
2019-20,203500,Steven Adams,1610612760,OKC,63,40,23,1681,6,15,0.4,12,0,1,0,0.4
2019-20,1629004,Svi Mykhailiuk,1610612765,DET,56,17,39,1265,24,68,0.353,68,20,58,0.345,0.5
2019-20,1628388,T.J. Leaf,1610612754,IND,28,16,12,222,0,2,0,0,0,0,,0
2019-20,204456,T.J. McConnell,1610612754,IND,71,44,27,1326,72,176,0.409,144,0,5,0,0.409
2019-20,203933,T.J. Warren,1610612754,IND,67,42,25,2202,155,343,0.452,322,12,33,0.364,0.469
2019-20,1629605,Tacko Fall,1610612738,BOS,7,5,2,33,0,0,,0,,,,
2019-20,201959,Taj Gibson,1610612752,NYK,62,21,41,1025,4,10,0.4,8,0,1,0,0.4
2019-20,1629659,Talen Horton-Tucker,1610612747,LAL,6,2,4,81,2,7,0.286,6,2,6,0.333,0.429
2019-20,1629745,Tariq Owens,1610612756,PHX,3,0,3,15,0,1,0,0,0,0,,0
2019-20,1627752,Taurean Prince,1610612751,BKN,64,30,34,1857,61,189,0.323,151,29,103,0.282,0.399
2019-20,1629611,Terance Mann,1610612746,LAC,41,27,14,362,5,15,0.333,12,2,5,0.4,0.4
2019-20,1629056,Terence Davis,1610612761,TOR,72,53,19,1209,23,81,0.284,65,19,58,0.328,0.401
2019-20,1628390,Terrance Ferguson,1610612760,OKC,56,33,23,1257,5,13,0.385,12,2,7,0.286,0.462
2019-20,203082,Terrence Ross,1610612753,ORL,69,31,38,1889,101,283,0.357,240,38,133,0.286,0.424
2019-20,1626179,Terry Rozier,1610612766,CHA,63,21,42,2164,132,369,0.358,327,63,184,0.342,0.443
2019-20,200757,Thabo Sefolosha,1610612745,HOU,41,27,14,436,3,9,0.333,7,1,3,0.333,0.389
2019-20,201152,Thaddeus Young,1610612741,CHI,64,22,42,1591,13,48,0.271,31,5,21,0.238,0.323
2019-20,203648,Thanasis Antetokounmpo,1610612749,MIL,20,16,4,129,2,8,0.25,4,0,4,0,0.25
2019-20,1629033,Theo Pinson,1610612752,NYK,33,15,18,365,10,49,0.204,28,8,42,0.19,0.286
2019-20,1628418,Thomas Bryant,1610612764,WAS,46,15,31,1147,12,39,0.308,26,2,9,0.222,0.333
2019-20,1627748,Thon Maker,1610612765,DET,60,20,40,776,4,11,0.364,9,1,3,0.333,0.409
2019-20,204025,Tim Frazier,1610612765,DET,27,9,18,355,12,44,0.273,28,4,15,0.267,0.318
2019-20,203501,Tim Hardaway Jr.,1610612742,DAL,71,41,30,2091,124,301,0.412,301,53,149,0.356,0.5
2019-20,1627789,Timothe Luwawu-Cabarrot,1610612751,BKN,47,20,27,853,8,23,0.348,19,3,10,0.3,0.413
2019-20,202699,Tobias Harris,1610612755,PHI,72,43,29,2469,137,356,0.385,302,28,88,0.318,0.424
2019-20,203107,Tomas Satoransky,1610612741,CHI,65,22,43,1878,53,126,0.421,114,8,30,0.267,0.452
2019-20,1628396,Tony Bradley,1610612762,UTA,58,36,22,663,1,2,0.5,2,0,0,,0.5
2019-20,203503,Tony Snell,1610612765,DET,59,18,41,1641,32,66,0.485,77,13,23,0.565,0.583
2019-20,1628470,Torrey Craig,1610612743,DEN,58,38,20,1072,6,19,0.316,15,3,7,0.429,0.395
2019-20,1629027,Trae Young,1610612737,ATL,60,18,42,2120,262,682,0.384,679,155,462,0.335,0.498
2019-20,1629682,Tremont Waters,1610612738,BOS,11,8,3,119,6,22,0.273,16,4,14,0.286,0.364
2019-20,1626203,Treveon Graham,1610612737,ATL,55,21,34,929,6,18,0.333,16,4,9,0.444,0.444
2019-20,2772,Trevor Ariza,1610612757,POR,53,22,31,1492,10,36,0.278,28,8,27,0.296,0.389
2019-20,203504,Trey Burke,1610612742,DAL,33,16,17,520,34,77,0.442,78,10,18,0.556,0.506
2019-20,1626168,Trey Lyles,1610612759,SAS,63,27,36,1271,21,47,0.447,46,4,10,0.4,0.489
2019-20,202684,Tristan Thompson,1610612739,CLE,57,19,38,1722,6,24,0.25,16,4,9,0.444,0.333
2019-20,1628972,Troy Brown Jr.,1610612764,WAS,69,24,45,1782,58,184,0.315,121,5,36,0.139,0.329
2019-20,203584,Troy Daniels,1610612743,DEN,47,34,13,532,25,63,0.397,61,11,35,0.314,0.484
2019-20,1629660,Ty Jerome,1610612756,PHX,31,16,15,328,14,35,0.4,33,5,11,0.455,0.471
2019-20,1629076,Tyler Cook,1610612743,DEN,13,3,10,54,0,0,,0,,,,
2019-20,1629639,Tyler Herro,1610612748,MIA,55,34,21,1508,116,306,0.379,276,44,133,0.331,0.451
2019-20,204020,Tyler Johnson,1610612751,BKN,39,16,23,709,29,70,0.414,61,3,8,0.375,0.436
2019-20,203092,Tyler Zeller,1610612759,SAS,2,1,1,4,0,0,,0,,,,
2019-20,1627820,Tyrone Wallace,1610612737,ATL,14,3,11,160,2,10,0.2,5,1,5,0.2,0.25
2019-20,2199,Tyson Chandler,1610612745,HOU,26,15,11,219,0,0,,0,,,,
2019-20,1626145,Tyus Jones,1610612763,MEM,65,32,33,1232,86,194,0.443,187,15,49,0.306,0.482
2019-20,2617,Udonis Haslem,1610612748,MIA,4,3,1,44,0,0,,0,0,0,,
2019-20,1629724,Vic Law,1610612753,ORL,8,2,6,62,3,5,0.6,6,0,0,,0.6
2019-20,203506,Victor Oladipo,1610612754,IND,19,11,8,528,51,128,0.398,123,21,63,0.333,0.48
2019-20,1713,Vince Carter,1610612737,ATL,60,19,41,876,33,75,0.44,78,12,31,0.387,0.52
2019-20,1629738,Vincent Poirier,1610612738,BOS,22,18,4,130,0,2,0,0,0,0,,0
2019-20,1628427,Vlatko Cancar,1610612743,DEN,14,7,7,45,0,1,0,0,0,0,,0
2019-20,201961,Wayne Ellington,1610612752,NYK,36,9,27,558,16,57,0.281,43,11,44,0.25,0.377
2019-20,1628976,Wendell Carter Jr.,1610612741,CHI,43,15,28,1256,4,13,0.308,8,0,1,0,0.308
2019-20,1629117,Wenyen Gabriel,1610612757,POR,30,10,20,235,1,3,0.333,2,0,2,0,0.333
2019-20,1628411,Wes Iwundu,1610612753,ORL,52,23,29,953,26,69,0.377,59,7,17,0.412,0.428
2019-20,202083,Wesley Matthews,1610612749,MIL,67,52,15,1635,27,87,0.31,72,18,55,0.327,0.414
2019-20,203115,Will Barton,1610612743,DEN,58,38,20,1916,101,250,0.404,247,45,132,0.341,0.494
2019-20,1629739,William Howard,1610612745,HOU,2,1,1,13,0,2,0,0,0,2,0,0
2019-20,1626161,Willie Cauley-Stein,1610612742,DAL,54,16,38,1097,9,36,0.25,18,0,0,,0.25
2019-20,1626195,Willy Hernangomez,1610612766,CHA,31,7,24,375,2,7,0.286,4,0,1,0,0.286
2019-20,201163,Wilson Chandler,1610612751,BKN,35,16,19,734,8,19,0.421,17,1,7,0.143,0.447
2019-20,1627812,Yogi Ferrell,1610612758,SAC,50,20,30,530,44,112,0.393,99,11,47,0.234,0.442
2019-20,1629139,Yuta Watanabe,1610612763,MEM,18,9,9,105,3,9,0.333,6,0,1,0,0.333
2019-20,1628380,Zach Collins,1610612757,POR,11,8,3,290,0,2,0,0,0,1,0,0
2019-20,203897,Zach LaVine,1610612741,CHI,60,20,40,2085,158,451,0.35,419,103,283,0.364,0.465
2019-20,1629668,Zach Norvell Jr.,1610612744,GSW,5,2,3,41,0,1,0,0,0,0,,0
2019-20,1629015,Zhaire Smith,1610612755,PHI,7,3,4,32,0,2,0,0,0,0,,0
2019-20,1629627,Zion Williamson,1610612740,NOP,24,11,13,668,5,9,0.556,14,4,6,0.667,0.778
2019-20,1629597,Zylan Cheatham,1610612740,NOP,4,2,2,51,0,0,,0,0,0,,
2020-21,203932,Aaron Gordon,1610612743,DEN,50,29,21,1384,51,158,0.323,120,18,66,0.273,0.38
2020-21,1628988,Aaron Holiday,1610612754,IND,66,30,36,1176,40,107,0.374,94,14,46,0.304,0.439
2020-21,1630174,Aaron Nesmith,1610612738,BOS,46,22,24,669,11,31,0.355,25,3,15,0.2,0.403
2020-21,1627846,Abdel Nader,1610612756,PHX,24,16,8,355,2,6,0.333,4,0,2,0,0.333
2020-21,1629690,Adam Mokoka,1610612741,CHI,14,3,11,56,0,2,0,0,0,2,0,0
2020-21,201143,Al Horford,1610612738,BOS,28,11,17,782,14,34,0.412,29,1,6,0.167,0.426
2020-21,202329,Al-Farouq Aminu,1610612741,CHI,23,5,18,434,4,9,0.444,8,0,3,0,0.444
2020-21,202692,Alec Burks,1610612752,NYK,49,27,22,1255,92,215,0.428,230,46,99,0.465,0.535
2020-21,1630197,Aleksej Pokusevski,1610612760,OKC,45,13,32,1090,38,125,0.304,81,5,38,0.132,0.324
2020-21,1629346,Alen Smailagic,1610612744,GSW,15,10,5,84,1,2,0.5,2,0,0,,0.5
2020-21,1627936,Alex Caruso,1610612747,LAL,58,32,26,1216,18,58,0.31,40,4,17,0.235,0.345
2020-21,203458,Alex Len,1610612764,WAS,64,30,34,979,1,2,0.5,2,0,1,0,0.5
2020-21,1628035,Alfonzo McKinnie,1610612747,LAL,39,22,17,258,5,13,0.385,10,0,2,0,0.385
2020-21,1628993,Alize Johnson,1610612751,BKN,18,10,8,189,3,6,0.5,6,0,0,,0.5
2020-21,1628578,Amida Brimah,1610612754,IND,5,2,3,29,0,0,,0,,,,
2020-21,1629599,Amir Coffey,1610612746,LAC,44,32,12,395,7,14,0.5,17,3,4,0.75,0.607
2020-21,2760,Anderson Varejao,1610612739,CLE,5,1,4,36,0,2,0,0,0,0,,0
2020-21,203083,Andre Drummond,1610612747,LAL,46,19,27,1242,7,11,0.636,14,0,0,,0.636
2020-21,2738,Andre Iguodala,1610612748,MIA,63,37,26,1339,11,41,0.268,31,9,30,0.3,0.378
2020-21,203460,Andre Roberson,1610612751,BKN,5,4,1,63,0,0,,0,0,0,,
2020-21,203952,Andrew Wiggins,1610612744,GSW,71,38,33,2364,128,331,0.387,292,36,92,0.391,0.441
2020-21,1629014,Anfernee Simons,1610612757,POR,64,37,27,1104,68,187,0.364,182,46,137,0.336,0.487
2020-21,203076,Anthony Davis,1610612747,LAL,36,23,13,1162,72,184,0.391,146,2,12,0.167,0.397
2020-21,1630162,Anthony Edwards,1610612750,MIN,72,23,49,2314,122,394,0.31,326,82,249,0.329,0.414
2020-21,1630264,Anthony Gill,1610612764,WAS,26,11,15,218,2,4,0.5,6,2,3,0.667,0.75
2020-21,1630237,Anthony Lamb,1610612745,HOU,24,3,21,415,3,9,0.333,9,3,8,0.375,0.5
2020-21,201229,Anthony Tolliver,1610612755,PHI,11,7,4,99,0,2,0,0,0,1,0,0
2020-21,1628394,Anžejs Pasečņiks,1610612764,WAS,1,1,0,6,0,0,,0,0,0,,
2020-21,1629717,Armoni Brooks,1610612745,HOU,20,3,17,520,15,46,0.326,43,13,40,0.325,0.467
2020-21,203382,Aron Baynes,1610612761,TOR,53,20,33,980,0,5,0,0,0,2,0,0
2020-21,1630204,Ashton Hagans,1610612750,MIN,2,0,2,4,0,0,,0,,,,
2020-21,203085,Austin Rivers,1610612743,DEN,36,20,16,845,15,59,0.254,42,12,44,0.273,0.356
2020-21,202340,Avery Bradley,1610612745,HOU,27,6,21,602,11,40,0.275,28,6,19,0.316,0.35
2020-21,1626253,Axel Toupane,1610612749,MIL,8,2,6,61,1,3,0.333,3,1,1,1,0.5
2020-21,1628389,Bam Adebayo,1610612748,MIA,64,34,30,2143,72,176,0.409,144,0,6,0,0.409
2020-21,203463,Ben McLemore,1610612747,LAL,53,20,33,905,18,78,0.231,50,14,58,0.241,0.321
2020-21,1627732,Ben Simmons,1610612755,PHI,58,42,16,1877,13,40,0.325,27,1,4,0.25,0.338
2020-21,202687,Bismack Biyombo,1610612766,CHA,66,28,38,1349,0,4,0,0,0,0,,0
2020-21,201933,Blake Griffin,1610612751,BKN,46,24,22,1187,27,111,0.243,79,25,89,0.281,0.356
2020-21,1626246,Boban Marjanovic,1610612742,DAL,33,14,19,271,3,7,0.429,6,0,1,0,0.429
2020-21,1626171,Bobby Portis Jr.,1610612749,MIL,66,44,22,1372,48,112,0.429,99,3,5,0.6,0.442
2020-21,203992,Bogdan Bogdanović,1610612737,ATL,44,30,14,1305,73,171,0.427,175,29,74,0.392,0.512
2020-21,202711,Bojan Bogdanovic,1610612762,UTA,72,52,20,2216,80,218,0.367,199,39,102,0.382,0.456
2020-21,1629626,Bol Bol,1610612743,DEN,32,21,11,160,9,26,0.346,23,5,10,0.5,0.442
2020-21,202954,Brad Wanamaker,1610612766,CHA,61,29,32,1053,25,90,0.278,55,5,35,0.143,0.306
2020-21,203078,Bradley Beal,1610612764,WAS,60,32,28,2147,226,541,0.418,505,53,172,0.308,0.467
2020-21,1629634,Brandon Clarke,1610612763,MEM,59,32,27,1415,14,40,0.35,28,0,0,,0.35
2020-21,1629164,Brandon Goodwin,1610612737,ATL,47,25,22,620,26,74,0.351,64,12,38,0.316,0.432
2020-21,1627742,Brandon Ingram,1610612740,NOP,61,29,32,2092,248,574,0.432,538,42,139,0.302,0.469
2020-21,1628968,Brian Bowen II,1610612754,IND,6,1,5,15,0,1,0,0,0,0,,0
2020-21,1630271,Brodric Thomas,1610612739,CLE,32,6,26,399,6,29,0.207,15,3,13,0.231,0.259
2020-21,201572,Brook Lopez,1610612749,MIL,70,46,24,1902,28,64,0.438,63,7,18,0.389,0.492
2020-21,1628971,Bruce Brown,1610612751,BKN,65,45,20,1451,9,24,0.375,18,0,0,,0.375
2020-21,203998,Bruno Caboclo,1610612745,HOU,6,1,5,36,0,1,0,0,0,1,0,0
2020-21,1628981,Bruno Fernando,1610612737,ATL,33,20,13,226,1,3,0.333,2,0,0,,0.333
2020-21,1627854,Bryn Forbes,1610612749,MIL,70,45,25,1354,84,173,0.486,189,21,53,0.396,0.546
2020-21,1627741,Buddy Hield,1610612758,SAC,71,31,40,2433,159,403,0.395,422,104,271,0.384,0.524
2020-21,1629604,CJ Elleby,1610612757,POR,30,19,11,192,7,21,0.333,16,2,10,0.2,0.381
2020-21,203468,CJ McCollum,1610612757,POR,47,28,19,1600,214,511,0.419,527,99,270,0.367,0.516
2020-21,1628997,Caleb Martin,1610612766,CHA,53,23,30,818,13,39,0.333,30,4,19,0.211,0.385
2020-21,1629629,Cam Reddish,1610612737,ATL,26,10,16,750,13,63,0.206,32,6,30,0.2,0.254
2020-21,1629244,Cam Reynolds,1610612745,HOU,5,3,2,40,1,2,0.5,3,1,1,1,0.75
2020-21,1629661,Cameron Johnson,1610612756,PHX,60,43,17,1437,20,59,0.339,44,4,20,0.2,0.373
2020-21,1628419,Cameron Oliver,1610612745,HOU,4,1,3,87,0,1,0,0,0,0,,0
2020-21,1626166,Cameron Payne,1610612756,PHX,60,42,18,1079,55,127,0.433,135,25,67,0.373,0.531
2020-21,1627747,Caris LeVert,1610612754,IND,47,24,23,1485,149,380,0.392,348,50,154,0.325,0.458
2020-21,2546,Carmelo Anthony,1610612757,POR,69,39,30,1690,182,431,0.422,403,39,99,0.394,0.468
2020-21,1629035,Carsen Edwards,1610612738,BOS,31,14,17,276,15,36,0.417,37,7,19,0.368,0.514
2020-21,1630199,Cassius Stanley,1610612754,IND,24,10,14,93,0,2,0,0,0,1,0,0
2020-21,1630216,Cassius Winston,1610612764,WAS,22,10,12,98,5,16,0.313,11,1,4,0.25,0.344
2020-21,1626224,Cedi Osman,1610612739,CLE,59,17,42,1511,36,127,0.283,89,17,72,0.236,0.35
2020-21,1628990,Chandler Hutchison,1610612764,WAS,25,11,14,346,3,14,0.214,7,1,2,0.5,0.25
2020-21,1629718,Charlie Brown Jr.,1610612760,OKC,9,1,8,152,2,9,0.222,4,0,4,0,0.222
2020-21,1626184,Chasson Randle,1610612753,ORL,41,10,31,837,28,92,0.304,75,19,59,0.322,0.408
2020-21,1629002,Chimezie Metu,1610612758,SAC,36,14,22,488,12,32,0.375,25,1,4,0.25,0.391
2020-21,1628449,Chris Boucher,1610612761,TOR,60,25,35,1453,14,28,0.5,32,4,9,0.444,0.571
2020-21,1629185,Chris Chiozza,1610612751,BKN,22,12,10,232,13,41,0.317,34,8,23,0.348,0.415
2020-21,101108,Chris Paul,1610612756,PHX,70,49,21,2200,320,663,0.483,708,68,183,0.372,0.534
2020-21,1629735,Chris Silva,1610612758,SAC,15,8,7,92,0,1,0,0,0,0,,0
2020-21,1626174,Christian Wood,1610612745,HOU,41,12,29,1326,38,93,0.409,90,14,34,0.412,0.484
2020-21,1629643,Chuma Okeke,1610612753,ORL,45,15,30,1133,38,101,0.376,80,4,26,0.154,0.396
2020-21,203991,Clint Capela,1610612737,ATL,63,34,29,1898,2,6,0.333,4,,,,0.333
2020-21,1629632,Coby White,1610612741,CHI,69,30,39,2156,105,277,0.379,252,42,121,0.347,0.455
2020-21,1628998,Cody Martin,1610612766,CHA,52,26,26,849,11,27,0.407,24,2,4,0.5,0.444
2020-21,203469,Cody Zeller,1610612766,CHA,48,21,27,1005,5,10,0.5,11,1,2,0.5,0.55
2020-21,1630175,Cole Anthony,1610612753,ORL,47,13,34,1273,75,197,0.381,175,25,72,0.347,0.444
2020-21,1629012,Collin Sexton,1610612739,CLE,60,18,42,2115,170,419,0.406,375,35,112,0.313,0.447
2020-21,202709,Cory Joseph,1610612765,DET,63,25,38,1446,45,113,0.398,97,7,16,0.438,0.429
2020-21,1626245,Cristiano Felicio,1610612741,CHI,18,6,12,84,0,1,0,0,0,1,0,0
2020-21,1626156,D'Angelo Russell,1610612750,MIN,42,16,26,1196,127,328,0.387,310,56,149,0.376,0.473
2020-21,201571,D.J. Augustin,1610612745,HOU,57,28,29,1129,45,129,0.349,121,31,93,0.333,0.469
2020-21,1628391,D.J. Wilson,1610612745,HOU,35,13,22,433,9,24,0.375,22,4,10,0.4,0.458
2020-21,1629610,DaQuan Jeffries,1610612759,SAS,31,6,25,493,7,18,0.389,16,2,9,0.222,0.444
2020-21,1629751,Dakota Mathias,1610612755,PHI,8,4,4,123,9,22,0.409,19,1,6,0.167,0.432
2020-21,1627745,Damian Jones,1610612758,SAC,39,24,15,546,0,0,,0,0,0,,
2020-21,203081,Damian Lillard,1610612757,POR,67,39,28,2398,280,728,0.385,761,201,542,0.371,0.523
2020-21,1627814,Damion Lee,1610612744,GSW,57,28,29,1079,19,43,0.442,45,7,19,0.368,0.523
2020-21,1628422,Damyean Dotson,1610612739,CLE,46,14,32,907,31,98,0.316,71,9,46,0.196,0.362
2020-21,1629655,Daniel Gafford,1610612764,WAS,54,31,23,791,0,0,,0,,,,
2020-21,1630187,Daniel Oturu,1610612746,LAC,30,21,9,161,1,5,0.2,2,0,0,,0.2
2020-21,1628464,Daniel Theis,1610612741,CHI,65,28,37,1601,11,24,0.458,25,3,13,0.231,0.521
2020-21,201568,Danilo Gallinari,1610612737,ATL,51,29,22,1222,61,131,0.466,139,17,41,0.415,0.531
2020-21,201980,Danny Green,1610612755,PHI,69,46,23,1934,37,101,0.366,93,19,62,0.306,0.46
2020-21,203957,Dante Exum,1610612745,HOU,6,3,3,116,2,5,0.4,5,1,2,0.5,0.5
2020-21,1627863,Danuel House Jr.,1610612745,HOU,36,8,28,932,26,71,0.366,69,17,49,0.347,0.486
2020-21,203967,Dario Saric,1610612756,PHX,50,37,13,870,3,15,0.2,7,1,4,0.25,0.233
2020-21,1629647,Darius Bazley,1610612760,OKC,55,16,39,1714,40,128,0.313,106,26,80,0.325,0.414
2020-21,1629636,Darius Garland,1610612739,CLE,54,18,36,1790,111,299,0.371,268,46,129,0.357,0.448
2020-21,203121,Darius Miller,1610612760,OKC,18,5,13,197,8,18,0.444,21,5,14,0.357,0.583
2020-21,1628021,David Nwaba,1610612745,HOU,30,8,22,679,0,7,0,0,0,4,0,0
2020-21,202722,Davis Bertans,1610612764,WAS,57,29,28,1464,13,50,0.26,37,11,39,0.282,0.37
2020-21,1628368,De'Aaron Fox,1610612758,SAC,58,24,34,2036,194,507,0.383,455,67,223,0.3,0.449
2020-21,1629631,De'Andre Hunter,1610612737,ATL,23,12,11,678,29,71,0.408,63,5,19,0.263,0.444
2020-21,1629001,De'Anthony Melton,1610612763,MEM,52,27,25,1045,44,106,0.415,109,21,58,0.362,0.514
2020-21,201599,DeAndre Jordan,1610612751,BKN,57,37,20,1246,0,1,0,0,0,0,,0
2020-21,1627761,DeAndre' Bembry,1610612761,TOR,51,23,28,972,4,17,0.235,10,2,8,0.25,0.294
2020-21,201942,DeMar DeRozan,1610612759,SAS,61,27,34,2056,195,397,0.491,391,1,11,0.091,0.492
2020-21,202326,DeMarcus Cousins,1610612746,LAC,41,22,19,713,3,5,0.6,8,2,2,1,0.8
2020-21,1629731,Dean Wade,1610612739,CLE,63,19,44,1212,8,22,0.364,18,2,8,0.25,0.409
2020-21,1629028,Deandre Ayton,1610612756,PHX,69,48,21,2115,11,35,0.314,22,0,0,,0.314
2020-21,1629686,Deividas Sirvydis,1610612765,DET,20,8,12,133,5,8,0.625,15,5,6,0.833,0.938
2020-21,1627749,Dejounte Murray,1610612759,SAS,67,32,35,2139,202,443,0.456,413,9,27,0.333,0.466
2020-21,1626153,Delon Wright,1610612758,SAC,63,21,42,1748,29,102,0.284,74,16,61,0.262,0.363
2020-21,1630166,Deni Avdija,1610612764,WAS,54,25,29,1257,9,29,0.31,20,2,7,0.286,0.345
2020-21,203471,Dennis Schröder,1610612747,LAL,61,38,23,1956,94,242,0.388,196,8,40,0.2,0.405
2020-21,1628372,Dennis Smith Jr.,1610612765,DET,23,7,16,420,20,55,0.364,49,9,23,0.391,0.445
2020-21,1627756,Denzel Valentine,1610612741,CHI,62,26,36,1036,50,141,0.355,116,16,54,0.296,0.411
2020-21,202324,Derrick Favors,1610612762,UTA,68,49,19,1039,0,0,,0,0,0,,
2020-21,1627884,Derrick Jones Jr.,1610612757,POR,58,32,26,1318,3,11,0.273,9,3,11,0.273,0.409
2020-21,201565,Derrick Rose,1610612752,NYK,50,28,22,1279,118,248,0.476,251,15,45,0.333,0.506
2020-21,1628401,Derrick White,1610612759,SAS,36,18,18,1064,33,111,0.297,81,15,57,0.263,0.365
2020-21,1630217,Desmond Bane,1610612763,MEM,68,36,32,1519,46,127,0.362,112,20,57,0.351,0.441
2020-21,1626164,Devin Booker,1610612756,PHX,67,48,19,2270,273,618,0.442,603,57,185,0.308,0.488
2020-21,1629962,Devin Cannady,1610612753,ORL,8,0,8,74,4,11,0.364,9,1,5,0.2,0.409
2020-21,1630170,Devin Vassell,1610612759,SAS,62,30,32,1056,40,98,0.408,84,4,11,0.364,0.429
2020-21,1629653,Devon Dotson,1610612741,CHI,11,4,7,50,2,7,0.286,4,0,4,0,0.286
2020-21,1629719,Devontae Cacok,1610612747,LAL,20,8,12,98,0,0,,0,,,,
2020-21,1628984,Devonte' Graham,1610612766,CHA,55,23,32,1659,96,294,0.327,245,53,180,0.294,0.417
2020-21,203473,Dewayne Dedmon,1610612748,MIA,16,11,5,210,0,0,,0,0,0,,
2020-21,1629712,Didi Louzada,1610612740,NOP,3,0,3,56,0,1,0,0,0,0,,0
2020-21,1628415,Dillon Brooks,1610612763,MEM,67,36,31,1997,165,434,0.38,358,28,112,0.25,0.412
2020-21,1627734,Domantas Sabonis,1610612754,IND,62,29,33,2231,31,86,0.36,65,3,10,0.3,0.378
2020-21,1628378,Donovan Mitchell,1610612762,UTA,53,39,14,1771,207,521,0.397,519,105,289,0.363,0.498
2020-21,1629743,Donta Hall,1610612753,ORL,13,3,10,179,0,0,,0,,,,
2020-21,1628978,Donte DiVincenzo,1610612749,MIL,66,44,22,1815,54,149,0.362,145,37,99,0.374,0.487
2020-21,1627827,Dorian Finney-Smith,1610612742,DAL,60,36,24,1921,12,40,0.3,33,9,26,0.346,0.413
2020-21,203926,Doug McDermott,1610612754,IND,66,32,34,1619,37,89,0.416,103,29,69,0.42,0.579
2020-21,203110,Draymond Green,1610612744,GSW,63,35,28,1982,4,36,0.111,8,0,9,0,0.111
2020-21,1629234,Drew Eubanks,1610612759,SAS,54,21,33,755,2,3,0.667,4,0,0,,0.667
2020-21,1629130,Duncan Robinson,1610612748,MIA,72,40,32,2262,68,177,0.384,194,58,153,0.379,0.548
2020-21,1628407,Dwayne Bacon,1610612753,ORL,72,21,51,1853,99,279,0.355,226,28,92,0.304,0.405
2020-21,2730,Dwight Howard,1610612755,PHI,69,46,23,1196,0,2,0,0,0,1,0,0
2020-21,203939,Dwight Powell,1610612742,DAL,58,36,22,966,1,1,1,3,1,1,1,1.5
2020-21,1629685,Dylan Windler,1610612739,CLE,31,11,20,513,3,7,0.429,7,1,1,1,0.5
2020-21,202734,E'Twaun Moore,1610612756,PHX,27,20,7,389,19,33,0.576,41,3,6,0.5,0.621
2020-21,202334,Ed Davis,1610612750,MIN,23,5,18,299,0,0,,0,,,,
2020-21,1628410,Edmond Sumner,1610612754,IND,53,23,30,861,8,24,0.333,21,5,11,0.455,0.438
2020-21,203901,Elfrid Payton,1610612752,NYK,63,36,27,1484,35,102,0.343,71,1,8,0.125,0.348
2020-21,1629091,Elijah Bryant,1610612749,MIL,1,0,1,32,1,2,0.5,2,0,1,0,0.5
2020-21,1630190,Elijah Hughes,1610612762,UTA,18,14,4,64,2,12,0.167,5,1,9,0.111,0.208
2020-21,202683,Enes Freedom,1610612757,POR,72,42,30,1757,1,5,0.2,2,0,0,,0.2
2020-21,202339,Eric Bledsoe,1610612740,NOP,71,31,40,2112,80,219,0.365,183,23,77,0.299,0.418
2020-21,201569,Eric Gordon,1610612745,HOU,27,10,17,789,24,73,0.329,70,22,64,0.344,0.479
2020-21,1629672,Eric Paschall,1610612744,GSW,40,20,20,695,39,75,0.52,80,2,3,0.667,0.533
2020-21,101141,Ersan Ilyasova,1610612762,UTA,17,14,3,148,2,12,0.167,6,2,9,0.222,0.25
2020-21,203095,Evan Fournier,1610612738,BOS,42,18,24,1259,100,236,0.424,252,52,129,0.403,0.534
2020-21,1630267,Facundo Campazzo,1610612743,DEN,65,43,22,1425,22,93,0.237,62,18,66,0.273,0.333
2020-21,1628402,Frank Jackson,1610612765,DET,40,13,27,738,18,60,0.3,41,5,25,0.2,0.342
2020-21,1626163,Frank Kaminsky,1610612756,PHX,47,33,14,715,2,14,0.143,5,1,4,0.25,0.179
2020-21,1628412,Frank Mason III,1610612753,ORL,4,1,3,79,0,3,0,0,0,2,0,0
2020-21,1628373,Frank Ntilikina,1610612752,NYK,33,23,10,322,10,34,0.294,26,6,13,0.462,0.382
2020-21,1627832,Fred VanVleet,1610612761,TOR,52,22,30,1899,130,351,0.37,336,76,215,0.353,0.479
2020-21,1630273,Freddie Gillespie,1610612761,TOR,20,7,13,392,1,4,0.25,2,,,,0.25
2020-21,1627788,Furkan Korkmaz,1610612755,PHI,55,39,16,1062,43,128,0.336,108,22,70,0.314,0.422
2020-21,1629216,Gabe Vincent,1610612748,MIA,50,27,23,655,18,54,0.333,49,13,37,0.351,0.454
2020-21,1630466,Gabriel Deck,1610612760,OKC,10,1,9,212,9,17,0.529,18,0,3,0,0.529
2020-21,202066,Garrett Temple,1610612741,CHI,56,25,31,1528,32,83,0.386,73,9,29,0.31,0.44
2020-21,1629726,Garrison Mathews,1610612764,WAS,64,32,32,1038,17,41,0.415,45,11,30,0.367,0.549
2020-21,1629109,Gary Clark,1610612755,PHI,39,12,27,654,1,9,0.111,3,1,5,0.2,0.167
2020-21,203914,Gary Harris,1610612753,ORL,39,15,24,1080,29,93,0.312,69,11,41,0.268,0.371
2020-21,1627780,Gary Payton II,1610612744,GSW,10,7,3,40,0,0,,0,0,0,,
2020-21,1629018,Gary Trent Jr.,1610612761,TOR,58,29,29,1802,143,379,0.377,351,65,183,0.355,0.463
2020-21,201588,George Hill,1610612755,PHI,30,16,14,672,27,64,0.422,61,7,24,0.292,0.477
2020-21,1627777,Georges Niang,1610612762,UTA,72,52,20,1154,16,57,0.281,38,6,26,0.231,0.333
2020-21,203507,Giannis Antetokounmpo,1610612749,MIL,61,40,21,2013,121,358,0.338,298,56,178,0.315,0.416
2020-21,203922,Glenn Robinson III,1610612758,SAC,23,9,14,369,6,16,0.375,13,1,5,0.2,0.406
2020-21,1629048,Goga Bitadze,1610612754,IND,45,19,26,561,1,5,0.2,2,0,2,0,0.2
2020-21,201609,Goran Dragic,1610612748,MIA,50,30,20,1336,72,190,0.379,170,26,82,0.317,0.447
2020-21,202330,Gordon Hayward,1610612766,CHA,44,24,20,1496,97,228,0.425,214,20,63,0.317,0.469
2020-21,203476,Gorgui Dieng,1610612759,SAS,38,14,24,553,10,24,0.417,23,3,6,0.5,0.479
2020-21,1630203,Grant Riller,1610612766,CHA,7,2,5,27,3,6,0.5,6,0,1,0,0.5
2020-21,1629684,Grant Williams,1610612738,BOS,63,30,33,1138,7,24,0.292,17,3,7,0.429,0.354
2020-21,1628960,Grayson Allen,1610612763,MEM,50,26,24,1259,42,112,0.375,108,24,67,0.358,0.482
2020-21,204222,Greg Whittington,1610612743,DEN,4,3,1,12,0,1,0,0,0,0,,0
2020-21,1628977,Hamidou Diallo,1610612765,DET,52,18,34,1226,34,104,0.327,75,7,16,0.438,0.361
2020-21,203084,Harrison Barnes,1610612758,SAC,58,25,33,2102,36,106,0.34,99,27,77,0.351,0.467
2020-21,1628385,Harry Giles III,1610612757,POR,38,23,15,348,7,16,0.438,16,2,5,0.4,0.5
2020-21,202355,Hassan Whiteside,1610612758,SAC,36,16,20,546,2,12,0.167,4,0,1,0,0.167
2020-21,1627740,Henry Ellenson,1610612761,TOR,2,0,2,38,1,2,0.5,3,1,2,0.5,0.75
2020-21,1629649,Ignas Brazdeikis,1610612753,ORL,13,3,10,249,3,13,0.231,7,1,5,0.2,0.269
2020-21,202697,Iman Shumpert,1610612751,BKN,2,1,1,11,1,3,0.333,2,0,2,0,0.333
2020-21,1630193,Immanuel Quickley,1610612752,NYK,64,37,27,1243,112,332,0.337,283,59,178,0.331,0.426
2020-21,1629067,Isaac Bonga,1610612764,WAS,40,16,24,432,1,2,0.5,3,1,1,1,0.75
2020-21,1630171,Isaac Okoro,1610612739,CLE,67,20,47,2173,15,69,0.217,41,11,42,0.262,0.297
2020-21,1628392,Isaiah Hartenstein,1610612739,CLE,46,20,26,559,1,4,0.25,3,1,1,1,0.375
2020-21,1630198,Isaiah Joe,1610612755,PHI,41,22,19,383,13,30,0.433,32,6,12,0.5,0.533
2020-21,1629676,Isaiah Roby,1610612760,OKC,61,19,42,1425,16,45,0.356,41,9,26,0.346,0.456
2020-21,1630191,Isaiah Stewart,1610612765,DET,68,20,48,1455,3,7,0.429,6,0,1,0,0.429
2020-21,202738,Isaiah Thomas,1610612740,NOP,3,1,2,48,4,10,0.4,9,1,3,0.333,0.45
2020-21,202397,Ish Smith,1610612764,WAS,44,23,21,924,52,142,0.366,105,1,8,0.125,0.37
2020-21,1627826,Ivica Zubac,1610612746,LAC,72,47,25,1608,1,1,1,2,0,0,,1
2020-21,200755,JJ Redick,1610612742,DAL,44,22,22,723,49,125,0.392,120,22,61,0.361,0.48
2020-21,1629630,Ja Morant,1610612763,MEM,63,33,30,2053,92,264,0.348,222,38,126,0.302,0.42
2020-21,203960,JaKarr Sampson,1610612754,IND,29,14,15,316,0,3,0,0,0,0,,0
2020-21,203210,JaMychal Green,1610612743,DEN,58,38,20,1120,2,17,0.118,4,0,8,0,0.118
2020-21,201580,JaVale McGee,1610612743,DEN,46,21,25,678,7,33,0.212,14,0,4,0,0.212
2020-21,203953,Jabari Parker,1610612738,BOS,13,4,9,165,3,13,0.231,6,0,3,0,0.231
2020-21,1630183,Jaden McDaniels,1610612750,MIN,63,18,45,1511,20,53,0.377,45,5,16,0.313,0.425
2020-21,203109,Jae Crowder,1610612756,PHX,60,42,18,1648,21,69,0.304,58,16,45,0.356,0.42
2020-21,1630256,Jae'Sean Tate,1610612745,HOU,70,17,53,2043,3,26,0.115,8,2,10,0.2,0.154
2020-21,1626143,Jahlil Okafor,1610612765,DET,27,5,22,347,4,8,0.5,8,0,1,0,0.5
2020-21,1630186,Jahmi'us Ramsey,1610612758,SAC,13,5,8,94,1,9,0.111,3,1,5,0.2,0.167
2020-21,1627774,Jake Layman,1610612750,MIN,45,12,33,627,6,21,0.286,15,3,14,0.214,0.357
2020-21,1627751,Jakob Poeltl,1610612759,SAS,69,32,37,1845,1,5,0.2,2,,,,0.2
2020-21,1628973,Jalen Brunson,1610612742,DAL,68,40,28,1697,98,212,0.462,215,19,57,0.333,0.507
2020-21,1630223,Jalen Harris,1610612761,TOR,13,3,10,172,6,15,0.4,14,2,7,0.286,0.467
2020-21,1629665,Jalen Lecque,1610612754,IND,4,2,2,12,0,4,0,0,0,1,0,0
2020-21,1629667,Jalen McDaniels,1610612766,CHA,47,18,29,904,11,29,0.379,22,0,5,0,0.379
2020-21,1630188,Jalen Smith,1610612756,PHX,27,19,8,156,0,0,,0,0,0,,
2020-21,1627750,Jamal Murray,1610612743,DEN,48,31,17,1704,186,451,0.412,447,75,192,0.391,0.496
2020-21,203516,James Ennis III,1610612753,ORL,41,12,29,986,20,47,0.426,47,7,23,0.304,0.5
2020-21,201935,James Harden,1610612751,BKN,44,31,13,1609,125,336,0.372,355,105,291,0.361,0.528
2020-21,201949,James Johnson,1610612740,NOP,51,21,30,1043,12,40,0.3,27,3,19,0.158,0.338
2020-21,203263,James Nunnally,1610612740,NOP,9,3,6,48,0,1,0,0,0,1,0,0
2020-21,1630164,James Wiseman,1610612744,GSW,39,18,21,836,8,33,0.242,18,2,8,0.25,0.273
2020-21,201162,Jared Dudley,1610612747,LAL,12,7,5,81,1,3,0.333,3,1,2,0.5,0.5
2020-21,1629607,Jared Harper,1610612752,NYK,8,5,3,16,0,4,0,0,0,1,0,0
2020-21,1628991,Jaren Jackson Jr.,1610612763,MEM,11,4,7,258,0,10,0,0,0,5,0,0
2020-21,1629020,Jarred Vanderbilt,1610612750,MIN,64,18,46,1139,0,4,0,0,0,2,0,0
2020-21,1629714,Jarrell Brantley,1610612762,UTA,28,23,5,138,2,3,0.667,5,1,2,0.5,0.833
2020-21,1628386,Jarrett Allen,1610612739,CLE,63,20,43,1864,0,3,0,0,0,0,,0
2020-21,1629633,Jarrett Culver,1610612750,MIN,34,7,27,499,3,16,0.188,7,1,10,0.1,0.219
2020-21,1629750,Javonte Green,1610612741,CHI,41,19,22,474,3,6,0.5,6,0,0,,0.5
2020-21,1629637,Jaxson Hayes,1610612740,NOP,60,24,36,964,4,13,0.308,9,1,3,0.333,0.346
2020-21,1630206,Jay Scrubb,1610612746,LAC,4,2,2,84,1,5,0.2,2,0,1,0,0.2
2020-21,1629121,Jaylen Adams,1610612749,MIL,7,5,2,18,1,3,0.333,2,0,1,0,0.333
2020-21,1627759,Jaylen Brown,1610612738,BOS,58,30,28,1999,158,372,0.425,358,42,134,0.313,0.481
2020-21,1629658,Jaylen Hoard,1610612760,OKC,19,1,18,320,0,4,0,0,0,3,0,0
2020-21,1629669,Jaylen Nowell,1610612750,MIN,42,10,32,759,47,111,0.423,108,14,43,0.326,0.486
2020-21,1628369,Jayson Tatum,1610612738,BOS,64,34,30,2290,220,615,0.358,565,125,344,0.363,0.459
2020-21,201145,Jeff Green,1610612751,BKN,68,44,24,1835,19,61,0.311,41,3,19,0.158,0.336
2020-21,201952,Jeff Teague,1610612749,MIL,55,27,28,950,37,96,0.385,92,18,40,0.45,0.479
2020-21,203924,Jerami Grant,1610612765,DET,54,15,39,1829,89,262,0.34,192,14,52,0.269,0.366
2020-21,1629725,Jeremiah Martin,1610612739,CLE,9,0,9,75,3,9,0.333,7,1,5,0.2,0.389
2020-21,203087,Jeremy Lamb,1610612754,IND,36,16,20,765,49,107,0.458,115,17,43,0.395,0.537
2020-21,1629010,Jerome Robinson,1610612764,WAS,17,5,12,305,12,34,0.353,26,2,6,0.333,0.382
2020-21,1628975,Jevon Carter,1610612756,PHX,60,42,18,717,29,66,0.439,65,7,24,0.292,0.492
2020-21,202710,Jimmy Butler III,1610612748,MIA,52,33,19,1745,78,205,0.38,163,7,41,0.171,0.398
2020-21,203925,Joe Harris,1610612751,BKN,69,45,24,2142,64,165,0.388,156,28,89,0.315,0.473
2020-21,204060,Joe Ingles,1610612762,UTA,67,47,20,1867,84,201,0.418,243,75,182,0.412,0.604
2020-21,203954,Joel Embiid,1610612755,PHI,51,39,12,1585,129,282,0.457,272,14,32,0.438,0.482
2020-21,1628381,John Collins,1610612737,ATL,63,34,29,1848,36,66,0.545,73,1,5,0.2,0.553
2020-21,1629723,John Konchar,1610612763,MEM,43,23,20,575,6,7,0.857,14,2,2,1,1
2020-21,202322,John Wall,1610612745,HOU,40,12,28,1288,80,268,0.299,188,28,108,0.259,0.351
2020-21,202685,Jonas Valanciunas,1610612763,MEM,62,32,30,1755,12,28,0.429,25,1,1,1,0.446
2020-21,1629007,Jontay Porter,1610612763,MEM,11,7,4,54,1,2,0.5,2,0,0,,0.5
2020-21,1628395,Jordan Bell,1610612744,GSW,6,3,3,82,1,2,0.5,2,0,0,,0.5
2020-21,1629648,Jordan Bone,1610612753,ORL,14,2,12,196,12,25,0.48,29,5,11,0.455,0.58
2020-21,203903,Jordan Clarkson,1610612762,UTA,68,49,19,1818,153,432,0.354,413,107,321,0.333,0.478
2020-21,1629162,Jordan McLaughlin,1610612750,MIN,51,15,36,938,10,39,0.256,26,6,27,0.222,0.333
2020-21,1629670,Jordan Nwora,1610612749,MIL,30,19,11,274,27,52,0.519,69,15,22,0.682,0.663
2020-21,1629673,Jordan Poole,1610612744,GSW,51,28,23,988,51,138,0.37,123,21,72,0.292,0.446
2020-21,1630182,Josh Green,1610612742,DAL,39,20,19,445,6,15,0.4,12,0,2,0,0.4
2020-21,1630221,Josh Hall,1610612760,OKC,21,2,19,336,4,17,0.235,9,1,5,0.2,0.265
2020-21,1628404,Josh Hart,1610612740,NOP,47,21,26,1350,13,32,0.406,30,4,11,0.364,0.469
2020-21,1628367,Josh Jackson,1610612765,DET,62,16,46,1560,59,150,0.393,129,11,43,0.256,0.43
2020-21,1629006,Josh Okogie,1610612750,MIN,59,21,38,1197,5,22,0.227,15,5,15,0.333,0.341
2020-21,1626196,Josh Richardson,1610612742,DAL,59,35,24,1790,88,204,0.431,189,13,42,0.31,0.463
2020-21,201950,Jrue Holiday,1610612749,MIL,59,41,18,1907,136,297,0.458,338,66,164,0.402,0.569
2020-21,1629308,Juan Toscano-Anderson,1610612744,GSW,53,28,25,1107,2,11,0.182,6,2,10,0.2,0.273
2020-21,1627823,Juancho Hernangomez,1610612750,MIN,52,19,33,900,0,4,0,0,0,4,0,0
2020-21,203944,Julius Randle,1610612752,NYK,71,40,31,2667,238,573,0.415,520,44,110,0.4,0.454
2020-21,203200,Justin Holiday,1610612754,IND,72,34,38,2183,49,123,0.398,130,32,80,0.4,0.528
2020-21,1628382,Justin Jackson,1610612749,MIL,34,12,22,577,25,66,0.379,59,9,25,0.36,0.447
2020-21,1629713,Justin James,1610612758,SAC,36,15,21,310,10,21,0.476,20,0,3,0,0.476
2020-21,1628383,Justin Patton,1610612745,HOU,13,1,12,247,0,4,0,0,0,2,0,0
2020-21,1629620,Justin Robinson,1610612760,OKC,9,0,9,88,1,5,0.2,3,1,2,0.5,0.3
2020-21,1626159,Justise Winslow,1610612763,MEM,26,13,13,507,15,52,0.288,30,0,2,0,0.288
2020-21,203994,Jusuf Nurkić,1610612757,POR,37,22,15,880,2,7,0.286,6,2,3,0.667,0.429
2020-21,1629752,Juwan Morgan,1610612762,UTA,29,24,5,147,1,1,1,3,1,1,1,1.5
2020-21,1630231,KJ Martin,1610612745,HOU,45,10,35,1068,3,12,0.25,8,2,7,0.286,0.333
2020-21,1629644,KZ Okpala,1610612748,MIA,37,22,15,447,2,5,0.4,6,2,3,0.667,0.6
2020-21,1630211,Karim Mane,1610612753,ORL,10,2,8,88,0,2,0,0,0,1,0,0
2020-21,1626157,Karl-Anthony Towns,1610612750,MIN,50,19,31,1689,28,102,0.275,67,11,43,0.256,0.328
2020-21,202695,Kawhi Leonard,1610612746,LAC,52,36,16,1772,194,448,0.433,426,38,116,0.328,0.475
2020-21,1628966,Keita Bates-Diop,1610612759,SAS,30,13,17,245,2,8,0.25,5,1,2,0.5,0.313
2020-21,1629103,Kelan Martin,1610612754,IND,35,16,19,323,16,32,0.5,39,7,11,0.636,0.609
2020-21,1629640,Keldon Johnson,1610612759,SAS,69,32,37,1968,33,83,0.398,74,8,30,0.267,0.446
2020-21,1629833,Keljin Blevins,1610612757,POR,17,11,6,75,0,3,0,0,0,2,0,0
2020-21,203482,Kelly Olynyk,1610612745,HOU,70,26,44,1997,22,78,0.282,63,19,55,0.345,0.404
2020-21,1626162,Kelly Oubre Jr.,1610612744,GSW,55,27,28,1688,36,115,0.313,83,11,44,0.25,0.361
2020-21,202689,Kemba Walker,1610612760,OKC,43,22,21,1369,133,367,0.362,348,82,236,0.347,0.474
2020-21,1629134,Kendrick Nunn,1610612748,MIA,56,31,25,1650,70,184,0.38,162,22,83,0.265,0.44
2020-21,1629026,Kenrich Williams,1610612760,OKC,66,21,45,1426,41,93,0.441,89,7,17,0.412,0.478
2020-21,203145,Kent Bazemore,1610612744,GSW,67,35,32,1334,20,74,0.27,47,7,22,0.318,0.318
2020-21,203484,Kentavious Caldwell-Pope,1610612747,LAL,67,39,28,1902,34,101,0.337,84,16,38,0.421,0.416
2020-21,201142,Kevin Durant,1610612751,BKN,35,23,12,1157,138,285,0.484,311,35,76,0.461,0.546
2020-21,1628989,Kevin Huerter,1610612737,ATL,69,40,29,2126,98,226,0.434,228,32,98,0.327,0.504
2020-21,1628995,Kevin Knox II,1610612752,NYK,42,26,16,464,4,22,0.182,9,1,8,0.125,0.205
2020-21,201567,Kevin Love,1610612739,CLE,25,7,18,622,18,42,0.429,49,13,24,0.542,0.583
2020-21,1629645,Kevin Porter Jr.,1610612745,HOU,26,4,22,835,53,152,0.349,135,29,98,0.296,0.444
2020-21,1626172,Kevon Looney,1610612744,GSW,61,34,27,1161,4,9,0.444,8,0,0,,0.444
2020-21,203920,Khem Birch,1610612761,TOR,67,23,44,1529,7,19,0.368,14,0,2,0,0.368
2020-21,203114,Khris Middleton,1610612749,MIL,68,45,23,2269,240,536,0.448,553,73,177,0.412,0.516
2020-21,1629017,Khyri Thomas,1610612745,HOU,5,1,4,153,7,20,0.35,17,3,9,0.333,0.425
2020-21,1630165,Killian Hayes,1610612765,DET,26,6,20,670,28,83,0.337,61,5,24,0.208,0.367
2020-21,1629681,Killian Tillie,1610612763,MEM,18,11,7,182,4,5,0.8,9,1,1,1,0.9
2020-21,1630184,Kira Lewis Jr.,1610612740,NOP,54,23,31,904,18,83,0.217,45,9,35,0.257,0.271
2020-21,1628961,Kostas Antetokounmpo,1610612747,LAL,15,6,9,56,0,0,,0,,,,
2020-21,1627739,Kris Dunn,1610612737,ATL,4,1,3,45,0,1,0,0,0,0,,0
2020-21,204001,Kristaps Porziņģis,1610612742,DAL,43,26,17,1327,47,123,0.382,102,8,23,0.348,0.415
2020-21,203937,Kyle Anderson,1610612763,MEM,69,36,33,1887,85,184,0.462,190,20,47,0.426,0.516
2020-21,1629657,Kyle Guy,1610612758,SAC,31,11,20,235,10,22,0.455,24,4,9,0.444,0.545
2020-21,1628398,Kyle Kuzma,1610612747,LAL,68,40,28,1954,45,155,0.29,107,17,59,0.288,0.345
2020-21,200768,Kyle Lowry,1610612761,TOR,46,15,31,1601,104,278,0.374,274,66,175,0.377,0.493
2020-21,202681,Kyrie Irving,1610612751,BKN,54,36,18,1886,235,496,0.474,541,71,191,0.372,0.545
2020-21,200746,LaMarcus Aldridge,1610612751,BKN,26,15,11,674,22,51,0.431,46,2,5,0.4,0.451
2020-21,1630163,LaMelo Ball,1610612766,CHA,51,23,28,1469,81,215,0.377,196,34,106,0.321,0.456
2020-21,1630205,Lamar Stevens,1610612739,CLE,40,13,27,499,13,41,0.317,26,0,2,0,0.317
2020-21,1629013,Landry Shamet,1610612751,BKN,61,39,22,1403,35,114,0.307,89,19,73,0.26,0.39
2020-21,204038,Langston Galloway,1610612756,PHX,40,29,11,438,17,39,0.436,35,1,5,0.2,0.449
2020-21,1626204,Larry Nance Jr.,1610612739,CLE,35,13,22,1091,6,15,0.4,14,2,4,0.5,0.467
2020-21,1628374,Lauri Markkanen,1610612741,CHI,51,20,31,1317,10,27,0.37,21,1,5,0.2,0.389
2020-21,2544,LeBron James,1610612747,LAL,45,30,15,1504,115,306,0.376,288,58,154,0.377,0.471
2020-21,1629022,Lonnie Walker IV,1610612759,SAS,60,28,32,1522,66,187,0.353,151,19,71,0.268,0.404
2020-21,1628366,Lonzo Ball,1610612740,NOP,55,23,32,1747,80,234,0.342,201,41,131,0.313,0.429
2020-21,101150,Lou Williams,1610612737,ATL,66,44,22,1423,133,351,0.379,303,37,88,0.42,0.432
2020-21,1629663,Louis King,1610612758,SAC,6,3,3,85,4,11,0.364,10,2,3,0.667,0.455
2020-21,1629652,Luguentz Dort,1610612760,OKC,52,18,34,1543,30,100,0.3,76,16,65,0.246,0.38
2020-21,1629029,Luka Dončić,1610612742,DAL,66,40,26,2262,324,769,0.421,808,160,450,0.356,0.525
2020-21,1629677,Luka Samanic,1610612759,SAS,33,14,19,308,2,9,0.222,4,0,4,0,0.222
2020-21,1628379,Luke Kennard,1610612746,LAC,63,44,19,1232,67,149,0.45,158,24,51,0.471,0.53
2020-21,1628436,Luke Kornet,1610612738,BOS,31,13,18,347,0,0,,0,0,0,,
2020-21,1630201,Malachi Flynn,1610612761,TOR,47,21,26,928,53,167,0.317,132,26,84,0.31,0.395
2020-21,1627763,Malcolm Brogdon,1610612754,IND,56,27,29,1930,163,405,0.402,395,69,200,0.345,0.488
2020-21,1627736,Malik Beasley,1610612750,MIN,37,8,29,1214,63,158,0.399,158,32,84,0.381,0.5
2020-21,1630238,Malik Fitts,1610612746,LAC,3,3,0,11,0,0,,0,0,0,,
2020-21,1628370,Malik Monk,1610612766,CHA,42,19,23,878,48,136,0.353,128,32,86,0.372,0.471
2020-21,1629603,Mamadi Diakite,1610612749,MIL,14,7,7,141,0,6,0,0,0,2,0,0
2020-21,201188,Marc Gasol,1610612747,LAL,52,32,20,993,4,17,0.235,8,0,1,0,0.235
2020-21,202694,Marcus Morris Sr.,1610612746,LAC,57,38,19,1502,89,207,0.43,186,8,36,0.222,0.449
2020-21,203935,Marcus Smart,1610612738,BOS,48,24,24,1581,57,153,0.373,140,26,78,0.333,0.458
2020-21,1628365,Markelle Fultz,1610612753,ORL,8,6,2,215,9,42,0.214,20,2,9,0.222,0.238
2020-21,202693,Markieff Morris,1610612747,LAL,61,32,29,1200,23,69,0.333,49,3,16,0.188,0.355
2020-21,1630210,Markus Howard,1610612743,DEN,37,24,13,205,19,46,0.413,46,8,28,0.286,0.5
2020-21,1629716,Marques Bolden,1610612739,CLE,6,2,4,29,0,0,,0,,,,
2020-21,1627737,Marquese Chriss,1610612744,GSW,2,0,2,27,0,0,,0,0,0,,
2020-21,1628963,Marvin Bagley III,1610612758,SAC,43,20,23,1112,9,22,0.409,23,5,9,0.556,0.523
2020-21,1630222,Mason Jones,1610612755,PHI,32,10,22,334,19,51,0.373,50,12,35,0.343,0.49
2020-21,203486,Mason Plumlee,1610612765,DET,56,14,42,1499,6,21,0.286,12,0,0,,0.286
2020-21,1629680,Matisse Thybulle,1610612755,PHI,65,46,19,1298,4,13,0.308,10,2,6,0.333,0.385
2020-21,1629744,Matt Thomas,1610612762,UTA,45,27,18,327,26,59,0.441,62,10,28,0.357,0.525
2020-21,203521,Matthew Dellavedova,1610612739,CLE,13,4,9,224,3,19,0.158,7,1,8,0.125,0.184
2020-21,203090,Maurice Harkless,1610612758,SAC,37,16,21,772,7,15,0.467,16,2,4,0.5,0.533
2020-21,1629622,Max Strus,1610612748,MIA,39,14,25,507,2,14,0.143,6,2,13,0.154,0.214
2020-21,1628467,Maxi Kleber,1610612742,DAL,50,31,19,1341,7,26,0.269,15,1,9,0.111,0.288
2020-21,203086,Meyers Leonard,1610612748,MIA,3,2,1,29,0,0,,0,0,0,,
2020-21,1629662,Mfiondu Kabengele,1610612739,CLE,39,20,19,280,0,2,0,0,0,2,0,0
2020-21,203487,Michael Carter-Williams,1610612753,ORL,31,12,19,800,14,53,0.264,30,2,10,0.2,0.283
2020-21,1629008,Michael Porter Jr.,1610612743,DEN,61,40,21,1912,81,184,0.44,193,31,85,0.365,0.524
2020-21,1628969,Mikal Bridges,1610612756,PHX,72,51,21,2348,48,93,0.516,105,9,14,0.643,0.565
2020-21,201144,Mike Conley,1610612762,UTA,51,37,14,1498,134,315,0.425,353,85,205,0.415,0.56
2020-21,1628455,Mike James,1610612751,BKN,13,9,4,236,15,45,0.333,36,6,19,0.316,0.4
2020-21,203488,Mike Muscala,1610612760,OKC,35,15,20,645,11,14,0.786,25,3,4,0.75,0.893
2020-21,203118,Mike Scott,1610612755,PHI,51,35,16,852,8,27,0.296,16,0,3,0,0.296
2020-21,1628970,Miles Bridges,1610612766,CHA,66,31,35,1932,40,104,0.385,115,35,81,0.432,0.553
2020-21,1629011,Mitchell Robinson,1610612752,NYK,31,15,16,853,0,0,,0,,,,
2020-21,1629671,Miye Oni,1610612762,UTA,54,45,9,519,1,5,0.2,3,1,5,0.2,0.3
2020-21,1628964,Mo Bamba,1610612753,ORL,46,11,35,725,9,22,0.409,18,0,2,0,0.409
2020-21,1628420,Monte Morris,1610612743,DEN,47,30,17,1196,55,126,0.437,123,13,34,0.382,0.488
2020-21,1626149,Montrezl Harrell,1610612747,LAL,69,41,28,1580,24,68,0.353,48,0,4,0,0.353
2020-21,1629021,Moritz Wagner,1610612753,ORL,45,19,26,722,1,4,0.25,3,1,2,0.5,0.375
2020-21,1629650,Moses Brown,1610612738,BOS,43,8,35,920,0,0,,0,,,,
2020-21,1628539,Mychal Mulder,1610612744,GSW,60,33,27,766,9,18,0.5,27,9,16,0.563,0.75
2020-21,1626167,Myles Turner,1610612754,IND,47,22,25,1455,5,25,0.2,12,2,9,0.222,0.24
2020-21,1630230,Naji Marshall,1610612740,NOP,32,14,18,700,6,35,0.171,13,1,11,0.091,0.186
2020-21,1629642,Nassir Little,1610612757,POR,48,27,21,640,14,43,0.326,33,5,20,0.25,0.384
2020-21,1630268,Nate Darling,1610612766,CHA,7,3,4,26,0,0,,0,0,0,,
2020-21,1630207,Nate Hinton,1610612742,DAL,21,11,10,93,7,17,0.412,14,0,5,0,0.412
2020-21,1630233,Nathan Knight,1610612737,ATL,33,21,12,279,0,7,0,0,0,6,0,0
2020-21,1629675,Naz Reid,1610612750,MIN,70,22,48,1347,2,15,0.133,4,0,3,0,0.133
2020-21,202357,Nemanja Bjelica,1610612748,MIA,37,16,21,595,5,17,0.294,12,2,9,0.222,0.353
2020-21,203457,Nerlens Noel,1610612752,NYK,64,35,29,1547,1,7,0.143,2,0,1,0,0.143
2020-21,1629651,Nic Claxton,1610612751,BKN,32,23,9,594,0,1,0,0,0,0,,0
2020-21,1630208,Nick Richards,1610612766,CHA,18,9,9,63,0,0,,0,0,0,,
2020-21,1629638,Nickeil Alexander-Walker,1610612740,NOP,46,20,26,1007,40,97,0.412,92,12,36,0.333,0.474
2020-21,1630185,Nico Mannion,1610612744,GSW,30,17,13,364,14,48,0.292,38,10,22,0.455,0.396
2020-21,201587,Nicolas Batum,1610612746,LAC,67,44,23,1835,22,54,0.407,51,7,15,0.467,0.472
2020-21,1629740,Nicolo Melli,1610612742,DAL,45,26,19,566,7,21,0.333,15,1,5,0.2,0.357
2020-21,203999,Nikola Jokić,1610612743,DEN,72,47,25,2488,71,152,0.467,148,6,16,0.375,0.487
2020-21,202696,Nikola Vučević,1610612741,CHI,70,26,44,2348,70,177,0.395,141,1,1,1,0.398
2020-21,203943,Noah Vonleh,1610612751,BKN,4,3,1,11,0,1,0,0,0,1,0,0
2020-21,1626181,Norman Powell,1610612757,POR,69,32,37,2205,90,234,0.385,233,53,144,0.368,0.498
2020-21,203658,Norvel Pelle,1610612752,NYK,13,8,5,83,0,0,,0,,,,
2020-21,1628384,OG Anunoby,1610612761,TOR,43,18,25,1433,19,68,0.279,44,6,30,0.2,0.324
2020-21,1630167,Obi Toppin,1610612752,NYK,62,36,26,683,5,12,0.417,10,0,1,0,0.417
2020-21,1630168,Onyeka Okongwu,1610612737,ATL,50,31,19,601,2,5,0.4,4,0,1,0,0.4
2020-21,1629052,Oshae Brissett,1610612754,IND,21,10,11,519,2,6,0.333,6,2,2,1,0.5
2020-21,203490,Otto Porter Jr.,1610612753,ORL,28,12,16,607,27,68,0.397,55,1,10,0.1,0.404
2020-21,200782,P.J. Tucker,1610612749,MIL,52,27,25,1356,1,3,0.333,2,0,0,,0.333
2020-21,1629023,P.J. Washington,1610612766,CHA,64,31,33,1954,19,67,0.284,49,11,37,0.297,0.366
2020-21,1628408,PJ Dozier,1610612743,DEN,50,36,14,1088,28,84,0.333,66,10,33,0.303,0.393
2020-21,1627783,Pascal Siakam,1610612761,TOR,56,21,35,2006,75,220,0.341,164,14,59,0.237,0.373
2020-21,1626192,Pat Connaughton,1610612749,MIL,69,44,25,1575,1,17,0.059,3,1,11,0.091,0.088
2020-21,201976,Patrick Beverley,1610612746,LAC,37,25,12,832,12,36,0.333,34,10,27,0.37,0.472
2020-21,1627775,Patrick McCaw,1610612761,TOR,5,2,3,33,0,0,,0,,,,
2020-21,202335,Patrick Patterson,1610612746,LAC,38,26,12,582,3,6,0.5,6,0,0,,0.5
2020-21,1630172,Patrick Williams,1610612741,CHI,71,30,41,1983,63,148,0.426,130,4,12,0.333,0.439
2020-21,201988,Patty Mills,1610612759,SAS,68,31,37,1685,91,250,0.364,234,52,165,0.315,0.468
2020-21,202331,Paul George,1610612746,LAC,54,38,16,1821,161,385,0.418,393,71,176,0.403,0.51
2020-21,200794,Paul Millsap,1610612743,DEN,56,38,18,1162,15,40,0.375,33,3,6,0.5,0.413
2020-21,1630194,Paul Reed,1610612755,PHI,26,17,9,177,2,6,0.333,4,0,0,,0.333
2020-21,1628778,Paul Watson,1610612761,TOR,27,13,14,297,5,12,0.417,15,5,10,0.5,0.625
2020-21,1630202,Payton Pritchard,1610612738,BOS,66,33,33,1268,42,124,0.339,109,25,81,0.309,0.44
2020-21,1630173,Precious Achiuwa,1610612748,MIA,61,31,30,737,5,11,0.455,10,0,0,,0.455
2020-21,1626188,Quinn Cook,1610612739,CLE,23,13,10,157,16,33,0.485,39,7,14,0.5,0.591
2020-21,1629683,Quinndary Weatherspoon,1610612759,SAS,20,8,12,121,3,11,0.273,7,1,3,0.333,0.318
2020-21,1630181,R.J. Hampton,1610612753,ORL,51,20,31,888,28,84,0.333,58,2,22,0.091,0.345
2020-21,1629628,RJ Barrett,1610612752,NYK,72,41,31,2511,64,192,0.333,134,6,20,0.3,0.349
2020-21,200765,Rajon Rondo,1610612746,LAC,45,28,17,769,24,61,0.393,64,16,41,0.39,0.525
2020-21,203526,Raul Neto,1610612764,WAS,64,30,34,1403,41,98,0.418,92,10,33,0.303,0.469
2020-21,1629034,Ray Spalding,1610612745,HOU,2,0,2,19,0,0,,0,0,0,,
2020-21,1629730,Rayjon Tucker,1610612755,PHI,14,8,6,68,1,3,0.333,3,1,2,0.5,0.5
2020-21,203493,Reggie Bullock Jr.,1610612752,NYK,65,38,27,1949,48,112,0.429,104,8,32,0.25,0.464
2020-21,202704,Reggie Jackson,1610612746,LAC,67,43,24,1544,67,183,0.366,161,27,78,0.346,0.44
2020-21,1629617,Reggie Perry,1610612751,BKN,26,18,8,211,0,3,0,0,0,1,0,0
2020-21,1626158,Richaun Holmes,1610612758,SAC,61,29,32,1781,8,15,0.533,16,0,1,0,0.533
2020-21,201937,Ricky Rubio,1610612750,MIN,68,23,45,1772,50,152,0.329,113,13,46,0.283,0.372
2020-21,203496,Robert Covington,1610612757,POR,70,42,28,2243,24,59,0.407,64,16,39,0.41,0.542
2020-21,1629606,Robert Franks,1610612753,ORL,7,0,7,101,0,2,0,0,0,1,0,0
2020-21,1629057,Robert Williams III,1610612738,BOS,52,29,23,985,2,7,0.286,4,0,1,0,0.286
2020-21,1630218,Robert Woodard II,1610612758,SAC,13,3,10,45,2,6,0.333,5,1,3,0.333,0.417
2020-21,201577,Robin Lopez,1610612764,WAS,71,34,37,1354,7,11,0.636,14,0,0,,0.636
2020-21,1629066,Rodions Kurucs,1610612749,MIL,21,10,11,125,0,1,0,0,0,0,,0
2020-21,203918,Rodney Hood,1610612761,TOR,55,29,26,943,50,129,0.388,116,16,38,0.421,0.45
2020-21,203585,Rodney McGruder,1610612765,DET,16,3,13,194,3,10,0.3,6,0,1,0,0.3
2020-21,1629641,Romeo Langford,1610612738,BOS,18,9,9,283,2,10,0.2,6,2,3,0.667,0.3
2020-21,1626178,Rondae Hollis-Jefferson,1610612757,POR,11,6,5,107,1,1,1,2,0,0,,1
2020-21,1626220,Royce O'Neale,1610612762,UTA,71,51,20,2240,10,33,0.303,28,8,25,0.32,0.424
2020-21,200752,Rudy Gay,1610612759,SAS,63,29,34,1358,89,231,0.385,193,15,46,0.326,0.418
2020-21,203497,Rudy Gobert,1610612762,UTA,71,52,19,2187,0,3,0,0,0,2,0,0
2020-21,1629060,Rui Hachimura,1610612764,WAS,57,29,28,1797,65,165,0.394,130,0,2,0,0.394
2020-21,201566,Russell Westbrook,1610612764,WAS,65,30,35,2369,195,527,0.37,426,36,127,0.283,0.404
2020-21,1627853,Ryan Arcidiacono,1610612741,CHI,44,20,24,450,13,36,0.361,29,3,12,0.25,0.403
2020-21,1630240,Saben Lee,1610612765,DET,48,14,34,781,7,29,0.241,14,0,7,0,0.241
2020-21,1630180,Saddiq Bey,1610612765,DET,70,19,51,1909,40,135,0.296,105,25,84,0.298,0.389
2020-21,1630241,Sam Merrill,1610612749,MIL,30,18,12,233,10,20,0.5,25,5,11,0.455,0.625
2020-21,1630253,Sean McDermott,1610612763,MEM,18,10,8,158,0,2,0,0,0,1,0,0
2020-21,1629635,Sekou Doumbouya,1610612765,DET,56,15,41,869,1,15,0.067,3,1,5,0.2,0.1
2020-21,1628400,Semi Ojeleye,1610612738,BOS,56,28,28,950,3,25,0.12,8,2,13,0.154,0.16
2020-21,201586,Serge Ibaka,1610612746,LAC,41,24,17,955,4,16,0.25,9,1,5,0.2,0.281
2020-21,203552,Seth Curry,1610612755,PHI,57,39,18,1638,111,253,0.439,258,36,95,0.379,0.51
2020-21,1628983,Shai Gilgeous-Alexander,1610612760,OKC,35,16,19,1180,95,228,0.417,244,54,132,0.409,0.535
2020-21,1629003,Shake Milton,1610612755,PHI,63,46,17,1461,110,264,0.417,238,18,68,0.265,0.451
2020-21,1627885,Shaquille Harrison,1610612743,DEN,34,27,7,332,3,9,0.333,6,0,3,0,0.333
2020-21,1628414,Sindarius Thornwell,1610612753,ORL,21,7,14,217,0,3,0,0,0,0,,0
2020-21,1630219,Skylar Mays,1610612737,ATL,33,19,14,269,6,17,0.353,15,3,8,0.375,0.441
2020-21,203524,Solomon Hill,1610612737,ATL,71,41,30,1514,8,21,0.381,21,5,12,0.417,0.5
2020-21,203915,Spencer Dinwiddie,1610612751,BKN,3,2,1,64,0,2,0,0,0,2,0,0
2020-21,1626169,Stanley Johnson,1610612761,TOR,61,25,36,1006,11,35,0.314,30,8,24,0.333,0.429
2020-21,201939,Stephen Curry,1610612744,GSW,63,37,26,2152,260,615,0.423,705,185,452,0.409,0.573
2020-21,1628425,Sterling Brown,1610612745,HOU,51,14,37,1229,18,45,0.4,51,15,32,0.469,0.567
2020-21,203500,Steven Adams,1610612740,NOP,58,26,32,1604,2,7,0.286,4,0,1,0,0.286
2020-21,1629004,Svi Mykhailiuk,1610612760,OKC,66,13,53,1324,48,130,0.369,127,31,89,0.348,0.488
2020-21,1628388,T.J. Leaf,1610612757,POR,7,6,1,35,0,1,0,0,,,,0
2020-21,204456,T.J. McConnell,1610612754,IND,69,33,36,1796,79,143,0.552,162,4,11,0.364,0.566
2020-21,203933,T.J. Warren,1610612754,IND,4,3,1,117,9,20,0.45,18,0,0,,0.45
2020-21,1629605,Tacko Fall,1610612738,BOS,19,13,6,136,0,0,,0,,,,
2020-21,201959,Taj Gibson,1610612752,NYK,45,29,16,936,2,6,0.333,4,0,1,0,0.333
2020-21,1629659,Talen Horton-Tucker,1610612747,LAL,65,39,26,1304,40,110,0.364,96,16,54,0.296,0.436
2020-21,1627752,Taurean Prince,1610612739,CLE,41,15,26,905,40,97,0.412,100,20,45,0.444,0.515
2020-21,1629611,Terance Mann,1610612746,LAC,67,45,22,1263,25,73,0.342,59,9,21,0.429,0.404
2020-21,1629056,Terence Davis,1610612758,SAC,61,26,35,1074,30,106,0.283,82,22,84,0.262,0.387
2020-21,1628390,Terrance Ferguson,1610612755,PHI,13,10,3,49,0,1,0,0,0,0,,0
2020-21,203082,Terrence Ross,1610612753,ORL,46,16,30,1346,128,327,0.391,286,30,103,0.291,0.437
2020-21,1626179,Terry Rozier,1610612766,CHA,69,32,37,2383,162,391,0.414,383,59,191,0.309,0.49
2020-21,201152,Thaddeus Young,1610612741,CHI,68,30,38,1652,5,26,0.192,10,0,3,0,0.192
2020-21,203648,Thanasis Antetokounmpo,1610612749,MIL,57,37,20,551,6,17,0.353,17,5,13,0.385,0.5
2020-21,1630177,Theo Maledon,1610612760,OKC,65,20,45,1778,74,210,0.352,182,34,108,0.315,0.433
2020-21,1629033,Theo Pinson,1610612752,NYK,17,9,8,34,1,2,0.5,2,0,1,0,0.5
2020-21,1628418,Thomas Bryant,1610612764,WAS,10,2,8,271,2,5,0.4,4,0,0,,0.4
2020-21,1627748,Thon Maker,1610612739,CLE,8,3,5,76,1,2,0.5,2,0,0,,0.5
2020-21,204025,Tim Frazier,1610612763,MEM,5,5,0,62,1,11,0.091,2,0,4,0,0.091
2020-21,203501,Tim Hardaway Jr.,1610612742,DAL,70,42,28,1985,115,307,0.375,283,53,154,0.344,0.461
2020-21,1627789,Timothe Luwawu-Cabarrot,1610612751,BKN,58,38,20,1050,9,37,0.243,21,3,18,0.167,0.284
2020-21,202699,Tobias Harris,1610612755,PHI,62,44,18,2014,137,309,0.443,292,18,59,0.305,0.472
2020-21,203107,Tomas Satoransky,1610612741,CHI,58,25,33,1307,35,72,0.486,73,3,14,0.214,0.507
2020-21,1628396,Tony Bradley,1610612760,OKC,42,15,27,684,0,1,0,0,0,0,,0
2020-21,203503,Tony Snell,1610612737,ATL,47,29,18,992,7,20,0.35,14,0,3,0,0.35
2020-21,1628470,Torrey Craig,1610612756,PHX,50,33,17,803,14,31,0.452,34,6,11,0.545,0.548
2020-21,1629027,Trae Young,1610612737,ATL,63,36,27,2125,236,604,0.391,576,104,310,0.335,0.477
2020-21,1630200,Tre Jones,1610612759,SAS,37,15,22,269,8,19,0.421,18,2,2,1,0.474
2020-21,1629682,Tremont Waters,1610612738,BOS,26,13,13,238,15,38,0.395,40,10,24,0.417,0.526
2020-21,1630235,Trent Forrest,1610612762,UTA,30,22,8,302,7,13,0.538,14,0,4,0,0.538
2020-21,2772,Trevor Ariza,1610612748,MIA,30,17,13,841,7,29,0.241,19,5,20,0.25,0.328
2020-21,203504,Trey Burke,1610612742,DAL,62,35,27,911,57,126,0.452,125,11,29,0.379,0.496
2020-21,1626168,Trey Lyles,1610612759,SAS,23,10,13,358,4,19,0.211,9,1,7,0.143,0.237
2020-21,202684,Tristan Thompson,1610612738,BOS,54,27,27,1287,3,10,0.3,6,0,2,0,0.3
2020-21,1628972,Troy Brown Jr.,1610612741,CHI,34,10,24,523,13,32,0.406,28,2,8,0.25,0.438
2020-21,1629660,Ty Jerome,1610612760,OKC,33,7,26,788,39,92,0.424,101,23,53,0.434,0.549
2020-21,1630234,Ty-Shon Alexander,1610612756,PHX,15,11,4,47,1,4,0.25,3,1,2,0.5,0.375
2020-21,1630189,Tyler Bey,1610612742,DAL,18,11,7,71,1,5,0.2,3,1,2,0.5,0.3
2020-21,1629076,Tyler Cook,1610612765,DET,32,11,21,437,0,1,0,0,0,0,,0
2020-21,1629639,Tyler Herro,1610612748,MIA,54,29,25,1635,121,319,0.379,289,47,143,0.329,0.453
2020-21,204020,Tyler Johnson,1610612751,BKN,39,29,10,684,14,37,0.378,34,6,15,0.4,0.459
2020-21,1630179,Tyrell Terry,1610612742,DAL,11,2,9,56,0,6,0,0,0,4,0,0
2020-21,1630169,Tyrese Haliburton,1610612758,SAC,58,25,33,1746,118,280,0.421,284,48,128,0.375,0.507
2020-21,1630178,Tyrese Maxey,1610612755,PHI,61,41,20,936,72,163,0.442,153,9,35,0.257,0.469
2020-21,1626145,Tyus Jones,1610612763,MEM,70,36,34,1223,80,180,0.444,169,9,31,0.29,0.469
2020-21,1628962,Udoka Azubuike,1610612762,UTA,15,13,2,57,0,0,,0,,,,
2020-21,2617,Udonis Haslem,1610612748,MIA,1,1,0,3,0,0,,0,,,,
2020-21,1630176,Vernon Carey Jr.,1610612766,CHA,19,9,10,115,0,1,0,0,0,0,,0
2020-21,203506,Victor Oladipo,1610612748,MIA,33,13,20,1080,67,226,0.296,166,32,113,0.283,0.367
2020-21,1629738,Vincent Poirier,1610612755,PHI,10,8,2,39,0,2,0,0,0,0,,0
2020-21,1628427,Vlatko Cancar,1610612743,DEN,41,28,13,281,1,5,0.2,2,0,3,0,0.2
2020-21,201961,Wayne Ellington,1610612765,DET,46,13,33,1012,54,114,0.474,153,45,91,0.495,0.671
2020-21,1628976,Wendell Carter Jr.,1610612753,ORL,54,21,33,1375,4,20,0.2,8,0,0,,0.2
2020-21,1629117,Wenyen Gabriel,1610612740,NOP,21,9,12,241,1,3,0.333,2,0,2,0,0.333
2020-21,1628411,Wes Iwundu,1610612740,NOP,41,17,24,539,2,8,0.25,4,0,3,0,0.25
2020-21,202083,Wesley Matthews,1610612747,LAL,58,33,25,1130,13,46,0.283,34,8,27,0.296,0.37
2020-21,203115,Will Barton,1610612743,DEN,56,37,19,1736,66,176,0.375,164,32,92,0.348,0.466
2020-21,1630266,Will Magnay,1610612740,NOP,1,1,0,3,0,0,,0,0,0,,
2020-21,1626161,Willie Cauley-Stein,1610612742,DAL,53,29,24,906,3,6,0.5,6,0,0,,0.5
2020-21,1626195,Willy Hernangomez,1610612740,NOP,47,20,27,846,1,4,0.25,2,0,2,0,0.25
2020-21,1630214,Xavier Tillman,1610612763,MEM,59,31,28,1085,13,22,0.591,26,0,2,0,0.591
2020-21,1627812,Yogi Ferrell,1610612746,LAC,10,4,6,137,9,31,0.29,21,3,15,0.2,0.339
2020-21,1629139,Yuta Watanabe,1610612761,TOR,50,24,26,723,7,28,0.25,16,2,5,0.4,0.286
2020-21,203897,Zach LaVine,1610612741,CHI,58,26,32,2034,209,496,0.421,541,123,315,0.39,0.545
2020-21,1630192,Zeke Nnaji,1610612743,DEN,42,30,12,397,2,5,0.4,5,1,1,1,0.5
2020-21,1629627,Zion Williamson,1610612740,NOP,61,29,32,2026,5,22,0.227,10,0,5,0,0.227
2021-22,203932,Aaron Gordon,1610612743,DEN,75,46,29,2375,58,157,0.369,131,15,50,0.3,0.417
2021-22,1630565,Aaron Henry,1610612755,PHI,6,6,0,17,0,2,0,0,0,1,0,0
2021-22,1628988,Aaron Holiday,1610612756,PHX,63,34,29,1021,41,103,0.398,95,13,29,0.448,0.461
2021-22,1630174,Aaron Nesmith,1610612738,BOS,52,32,20,574,11,33,0.333,25,3,17,0.176,0.379
2021-22,1630598,Aaron Wiggins,1610612760,OKC,50,13,37,1209,5,19,0.263,12,2,10,0.2,0.316
2021-22,1627846,Abdel Nader,1610612756,PHX,14,11,3,145,0,3,0,0,0,3,0,0
2021-22,1630278,Ade Murkey,1610612758,SAC,1,0,1,1,0,0,,0,,,,
2021-22,1629678,Admiral Schofield,1610612753,ORL,38,10,28,469,3,9,0.333,8,2,7,0.286,0.444
2021-22,1629958,Ahmad Caver,1610612754,IND,1,0,1,1,0,0,,0,,,,
2021-22,201143,Al Horford,1610612738,BOS,69,46,23,2005,11,21,0.524,26,4,4,1,0.619
2021-22,202692,Alec Burks,1610612752,NYK,81,37,44,2318,103,284,0.363,262,56,145,0.386,0.461
2021-22,1630758,Aleem Ford,1610612753,ORL,5,2,3,74,0,0,,0,0,0,,
2021-22,1630197,Aleksej Pokusevski,1610612760,OKC,61,19,42,1233,23,83,0.277,51,5,26,0.192,0.307
2021-22,1627936,Alex Caruso,1610612741,CHI,41,24,17,1147,17,53,0.321,39,5,23,0.217,0.368
2021-22,203458,Alex Len,1610612758,SAC,39,17,22,620,1,5,0.2,2,0,0,,0.2
2021-22,1628035,Alfonzo McKinnie,1610612741,CHI,17,8,9,206,2,10,0.2,4,0,2,0,0.2
2021-22,1628993,Alize Johnson,1610612740,NOP,23,14,9,167,0,1,0,0,0,0,,0
2021-22,1630578,Alperen Sengun,1610612745,HOU,72,18,54,1489,8,38,0.211,18,2,16,0.125,0.237
2021-22,1629599,Amir Coffey,1610612746,LAC,69,33,36,1567,34,89,0.382,78,10,35,0.286,0.438
2021-22,203083,Andre Drummond,1610612751,BKN,73,42,31,1437,3,8,0.375,6,0,2,0,0.375
2021-22,2738,Andre Iguodala,1610612744,GSW,31,20,11,603,2,17,0.118,5,1,11,0.091,0.147
2021-22,203952,Andrew Wiggins,1610612744,GSW,73,47,26,2330,102,282,0.362,228,24,71,0.338,0.404
2021-22,1629014,Anfernee Simons,1610612757,POR,57,25,32,1681,161,397,0.406,392,70,208,0.337,0.494
2021-22,203076,Anthony Davis,1610612747,LAL,40,17,23,1404,49,157,0.312,100,2,4,0.5,0.318
2021-22,1630162,Anthony Edwards,1610612750,MIN,72,39,33,2466,160,492,0.325,439,119,366,0.325,0.446
2021-22,1630264,Anthony Gill,1610612764,WAS,44,15,29,463,0,0,,0,0,0,,
2021-22,1630237,Anthony Lamb,1610612745,HOU,2,0,2,8,0,0,,0,0,0,,
2021-22,1629717,Armoni Brooks,1610612761,TOR,54,20,34,844,30,104,0.288,88,28,96,0.292,0.423
2021-22,1629083,Arnoldas Kulboka,1610612766,CHA,2,2,0,5,0,0,,0,0,0,,
2021-22,1630559,Austin Reaves,1610612747,LAL,61,28,33,1418,22,68,0.324,49,5,34,0.147,0.36
2021-22,203085,Austin Rivers,1610612743,DEN,67,41,26,1480,14,66,0.212,40,12,54,0.222,0.303
2021-22,202340,Avery Bradley,1610612747,LAL,62,27,35,1406,29,78,0.372,71,13,31,0.419,0.455
2021-22,1630245,Ayo Dosunmu,1610612741,CHI,77,42,35,2110,53,105,0.505,108,2,9,0.222,0.514
2021-22,1629168,BJ Johnson,1610612753,ORL,4,2,2,65,3,6,0.5,6,0,1,0,0.5
2021-22,1628389,Bam Adebayo,1610612748,MIA,56,36,20,1825,49,139,0.353,98,0,4,0,0.353
2021-22,203463,Ben McLemore,1610612757,POR,64,20,44,1285,38,111,0.342,98,22,78,0.282,0.441
2021-22,202687,Bismack Biyombo,1610612756,PHX,36,30,6,506,0,3,0,0,,,,0
2021-22,201933,Blake Griffin,1610612751,BKN,56,29,27,958,11,31,0.355,28,6,20,0.3,0.452
2021-22,1626246,Boban Marjanovic,1610612742,DAL,23,15,8,128,8,14,0.571,16,0,0,,0.571
2021-22,1626171,Bobby Portis Jr.,1610612749,MIL,72,46,26,2028,61,136,0.449,128,6,12,0.5,0.471
2021-22,203992,Bogdan Bogdanović,1610612737,ATL,63,33,30,1849,124,295,0.42,304,56,157,0.357,0.515
2021-22,202711,Bojan Bogdanovic,1610612762,UTA,69,45,24,2131,76,210,0.362,189,37,98,0.378,0.45
2021-22,1629626,Bol Bol,1610612753,ORL,14,5,9,81,2,8,0.25,4,0,0,,0.25
2021-22,1630538,Bones Hyland,1610612743,DEN,69,41,28,1310,78,211,0.37,208,52,141,0.369,0.493
2021-22,202954,Brad Wanamaker,1610612764,WAS,23,10,13,320,11,33,0.333,22,0,9,0,0.333
2021-22,203078,Bradley Beal,1610612764,WAS,40,17,23,1439,132,322,0.41,295,31,100,0.31,0.458
2021-22,1630527,Brandon Boston Jr.,1610612746,LAC,51,26,25,760,48,141,0.34,113,17,55,0.309,0.401
2021-22,1629634,Brandon Clarke,1610612763,MEM,64,44,20,1246,9,25,0.36,18,0,0,,0.36
2021-22,1629164,Brandon Goodwin,1610612739,CLE,36,19,17,502,20,55,0.364,48,8,24,0.333,0.436
2021-22,1627742,Brandon Ingram,1610612740,NOP,55,29,26,1869,193,443,0.436,396,10,47,0.213,0.447
2021-22,202688,Brandon Knight,1610612742,DAL,5,2,3,65,1,9,0.111,3,1,8,0.125,0.167
2021-22,1630314,Brandon Williams,1610612757,POR,24,2,22,640,30,96,0.313,70,10,45,0.222,0.365
2021-22,1630296,Braxton Key,1610612765,DET,11,5,6,197,2,11,0.182,5,1,4,0.25,0.227
2021-22,1630271,Brodric Thomas,1610612738,BOS,12,8,4,60,1,3,0.333,3,1,3,0.333,0.5
2021-22,201572,Brook Lopez,1610612749,MIL,13,10,3,298,3,15,0.2,8,2,6,0.333,0.267
2021-22,1628971,Bruce Brown,1610612751,BKN,72,37,35,1774,8,32,0.25,17,1,3,0.333,0.266
2021-22,1628981,Bruno Fernando,1610612745,HOU,30,15,15,153,1,1,1,2,0,0,,1
2021-22,1627854,Bryn Forbes,1610612743,DEN,75,36,39,1286,74,183,0.404,167,19,50,0.38,0.456
2021-22,1627741,Buddy Hield,1610612754,IND,81,26,55,2499,132,381,0.346,339,75,242,0.31,0.445
2021-22,1629604,CJ Elleby,1610612757,POR,58,17,41,1174,9,35,0.257,18,0,7,0,0.257
2021-22,203468,CJ McCollum,1610612740,NOP,62,28,34,2145,261,609,0.429,612,90,257,0.35,0.502
2021-22,101139,CJ Miles,1610612738,BOS,1,1,0,2,0,0,,0,,,,
2021-22,1630595,Cade Cunningham,1610612765,DET,64,20,44,2088,115,325,0.354,268,38,126,0.302,0.412
2021-22,1628997,Caleb Martin,1610612748,MIA,60,37,23,1372,24,59,0.407,60,12,28,0.429,0.508
2021-22,1629629,Cam Reddish,1610612752,NYK,49,20,29,1012,41,135,0.304,96,14,51,0.275,0.356
2021-22,1630560,Cam Thomas,1610612751,BKN,67,32,35,1176,125,282,0.443,270,20,79,0.253,0.479
2021-22,1629661,Cameron Johnson,1610612756,PHX,66,50,16,1730,16,72,0.222,39,7,24,0.292,0.271
2021-22,1630787,Cameron McGriff,1610612757,POR,3,0,3,46,2,4,0.5,6,2,2,1,0.75
2021-22,1628419,Cameron Oliver,1610612737,ATL,2,1,1,43,1,1,1,2,0,0,,1
2021-22,1626166,Cameron Payne,1610612756,PHX,58,46,12,1278,72,198,0.364,173,29,97,0.299,0.437
2021-22,1627747,Caris LeVert,1610612739,CLE,58,23,35,1780,137,381,0.36,313,39,149,0.262,0.411
2021-22,1630637,Carlik Jones,1610612743,DEN,5,3,2,23,0,4,0,0,0,0,,0
2021-22,2546,Carmelo Anthony,1610612747,LAL,69,27,42,1793,106,225,0.471,230,18,47,0.383,0.511
2021-22,1629035,Carsen Edwards,1610612765,DET,4,1,3,79,6,14,0.429,15,3,9,0.333,0.536
2021-22,1630199,Cassius Stanley,1610612765,DET,9,3,6,155,1,6,0.167,2,0,2,0,0.167
2021-22,1630216,Cassius Winston,1610612764,WAS,7,1,6,39,2,5,0.4,4,0,2,0,0.4
2021-22,1627760,Cat Barber,1610612737,ATL,3,0,3,13,0,2,0,0,,,,0
2021-22,1626224,Cedi Osman,1610612739,CLE,66,37,29,1462,40,107,0.374,110,30,75,0.4,0.514
2021-22,1628990,Chandler Hutchison,1610612756,PHX,6,4,2,22,0,0,,0,,,,
2021-22,1629646,Charles Bassey,1610612755,PHI,23,11,12,168,1,2,0.5,2,0,1,0,0.5
2021-22,1629718,Charlie Brown Jr.,1610612755,PHI,22,16,6,178,0,3,0,0,0,0,,0
2021-22,1630602,Chaundee Brown Jr.,1610612737,ATL,5,1,4,104,2,7,0.286,5,1,2,0.5,0.357
2021-22,1627767,Cheick Diallo,1610612765,DET,3,0,3,31,0,0,,0,,,,
2021-22,1629002,Chimezie Metu,1610612758,SAC,60,23,37,1279,24,67,0.358,52,4,18,0.222,0.388
2021-22,1628449,Chris Boucher,1610612761,TOR,80,48,32,1690,6,36,0.167,14,2,11,0.182,0.194
2021-22,1629185,Chris Chiozza,1610612744,GSW,34,21,13,372,6,23,0.261,15,3,14,0.214,0.326
2021-22,1630537,Chris Duarte,1610612754,IND,55,21,34,1541,95,260,0.365,224,34,108,0.315,0.431
2021-22,101108,Chris Paul,1610612756,PHX,65,53,12,2139,267,555,0.481,576,42,139,0.302,0.519
2021-22,1629735,Chris Silva,1610612748,MIA,10,7,3,91,0,0,,0,,,,
2021-22,1626174,Christian Wood,1610612745,HOU,68,19,49,2094,46,134,0.343,122,30,80,0.375,0.455
2021-22,1629643,Chuma Okeke,1610612753,ORL,70,21,49,1749,29,110,0.264,74,16,61,0.262,0.336
2021-22,203991,Clint Capela,1610612737,ATL,74,40,34,2042,1,3,0.333,2,0,0,,0.333
2021-22,1629632,Coby White,1610612741,CHI,61,32,29,1675,64,177,0.362,151,23,74,0.311,0.427
2021-22,1628998,Cody Martin,1610612766,CHA,71,41,30,1866,17,54,0.315,42,8,17,0.471,0.389
2021-22,203469,Cody Zeller,1610612757,POR,27,13,14,355,0,1,0,0,0,1,0,0
2021-22,1630175,Cole Anthony,1610612753,ORL,65,18,47,2059,123,359,0.343,291,45,156,0.288,0.405
2021-22,1629012,Collin Sexton,1610612739,CLE,11,7,4,316,10,38,0.263,23,3,12,0.25,0.303
2021-22,1630557,Corey Kispert,1610612764,WAS,77,31,46,1801,18,58,0.31,39,3,18,0.167,0.336
2021-22,202709,Cory Joseph,1610612765,DET,65,19,46,1600,37,114,0.325,85,11,35,0.314,0.373
2021-22,1628591,Craig Sword,1610612764,WAS,3,1,2,19,0,0,,0,0,0,,
2021-22,1626156,D'Angelo Russell,1610612750,MIN,65,39,26,2077,162,450,0.36,405,81,246,0.329,0.45
2021-22,201571,D.J. Augustin,1610612747,LAL,55,15,40,883,22,73,0.301,63,19,63,0.302,0.432
2021-22,1628391,D.J. Wilson,1610612761,TOR,4,2,2,54,3,6,0.5,6,0,1,0,0.5
2021-22,1629610,DaQuan Jeffries,1610612763,MEM,3,3,0,9,0,0,,0,0,0,,
2021-22,1630227,Daishen Nix,1610612745,HOU,24,3,21,261,3,13,0.231,9,3,11,0.273,0.346
2021-22,1629751,Dakota Mathias,1610612763,MEM,6,5,1,16,0,1,0,0,0,1,0,0
2021-22,1630625,Dalano Banton,1610612761,TOR,64,37,27,696,17,51,0.333,39,5,13,0.385,0.382
2021-22,1627745,Damian Jones,1610612758,SAC,56,19,37,1017,3,13,0.231,6,0,2,0,0.231
2021-22,203081,Damian Lillard,1610612757,POR,29,12,17,1056,105,302,0.348,273,63,207,0.304,0.452
2021-22,1627814,Damion Lee,1610612744,GSW,63,41,22,1257,25,79,0.316,58,8,18,0.444,0.367
2021-22,1628422,Damyean Dotson,1610612752,NYK,2,1,1,21,1,2,0.5,2,0,0,,0.5
2021-22,1629655,Daniel Gafford,1610612764,WAS,72,30,42,1444,1,1,1,2,0,0,,1
2021-22,1630187,Daniel Oturu,1610612761,TOR,3,1,2,27,0,0,,0,0,0,,
2021-22,1628464,Daniel Theis,1610612738,BOS,47,20,27,977,1,8,0.125,2,0,1,0,0.125
2021-22,201568,Danilo Gallinari,1610612737,ATL,66,35,31,1672,65,189,0.344,140,10,52,0.192,0.37
2021-22,201980,Danny Green,1610612755,PHI,62,37,25,1353,11,49,0.224,29,7,40,0.175,0.296
2021-22,1627863,Danuel House Jr.,1610612762,UTA,42,18,24,727,12,34,0.353,30,6,19,0.316,0.441
2021-22,1629647,Darius Bazley,1610612760,OKC,69,19,50,1924,12,49,0.245,31,7,34,0.206,0.316
2021-22,1629636,Darius Garland,1610612739,CLE,68,37,31,2430,229,528,0.434,563,105,259,0.405,0.533
2021-22,201954,Darren Collison,1610612747,LAL,3,1,2,37,0,2,0,0,0,0,,0
2021-22,1630561,David Duke Jr.,1610612751,BKN,22,10,12,341,2,12,0.167,4,0,5,0,0.167
2021-22,1630525,David Johnson,1610612761,TOR,2,2,0,2,0,0,,0,0,0,,
2021-22,1628021,David Nwaba,1610612745,HOU,46,6,40,609,3,4,0.75,7,1,2,0.5,0.875
2021-22,1630558,Davion Mitchell,1610612758,SAC,75,28,47,2076,137,384,0.357,314,40,141,0.284,0.409
2021-22,202722,Davis Bertans,1610612742,DAL,56,32,24,806,9,26,0.346,26,8,23,0.348,0.5
2021-22,1628432,Davon Reed,1610612743,DEN,48,29,19,668,27,49,0.551,60,6,17,0.353,0.612
2021-22,1630549,Day'Ron Sharpe,1610612751,BKN,32,12,20,391,0,0,,0,0,0,,
2021-22,1628368,De'Aaron Fox,1610612758,SAC,59,22,37,2083,210,514,0.409,462,42,155,0.271,0.449
2021-22,1629631,De'Andre Hunter,1610612737,ATL,53,28,25,1577,57,151,0.377,119,5,18,0.278,0.394
2021-22,1629001,De'Anthony Melton,1610612763,MEM,73,49,24,1657,61,192,0.318,153,31,101,0.307,0.398
2021-22,201599,DeAndre Jordan,1610612755,PHI,48,26,22,622,0,1,0,0,,,,0
2021-22,1627761,DeAndre' Bembry,1610612749,MIL,56,31,25,1026,0,3,0,0,0,0,,0
2021-22,1630610,DeJon Jarreau,1610612754,IND,1,0,1,1,0,0,,0,,,,
2021-22,201942,DeMar DeRozan,1610612741,CHI,76,43,33,2743,458,929,0.493,923,7,23,0.304,0.497
2021-22,202326,DeMarcus Cousins,1610612743,DEN,48,33,15,717,2,9,0.222,5,1,6,0.167,0.278
2021-22,1629731,Dean Wade,1610612739,CLE,51,27,24,980,9,22,0.409,19,1,4,0.25,0.432
2021-22,1629028,Deandre Ayton,1610612756,PHX,58,46,12,1713,16,31,0.516,32,0,2,0,0.516
2021-22,1629686,Deividas Sirvydis,1610612765,DET,3,1,2,27,0,1,0,0,0,1,0,0
2021-22,1627749,Dejounte Murray,1610612759,SAS,68,30,38,2366,236,572,0.413,505,33,118,0.28,0.441
2021-22,1626153,Delon Wright,1610612737,ATL,77,42,35,1453,21,51,0.412,55,13,34,0.382,0.539
2021-22,1630166,Deni Avdija,1610612764,WAS,82,35,47,1984,18,58,0.31,45,9,27,0.333,0.388
2021-22,203471,Dennis Schröder,1610612745,HOU,64,32,32,1837,97,250,0.388,214,20,62,0.323,0.428
2021-22,1628372,Dennis Smith Jr.,1610612757,POR,37,15,22,639,14,44,0.318,31,3,11,0.273,0.352
2021-22,1627756,Denzel Valentine,1610612762,UTA,24,14,10,222,2,13,0.154,5,1,7,0.143,0.192
2021-22,202324,Derrick Favors,1610612760,OKC,39,15,24,652,3,5,0.6,6,0,0,,0.6
2021-22,1627884,Derrick Jones Jr.,1610612741,CHI,51,28,23,899,1,2,0.5,3,1,2,0.5,0.75
2021-22,201565,Derrick Rose,1610612752,NYK,26,11,15,636,32,94,0.34,77,13,34,0.382,0.41
2021-22,1628476,Derrick Walton Jr.,1610612765,DET,3,1,2,108,1,8,0.125,2,0,2,0,0.125
2021-22,1628401,Derrick White,1610612738,BOS,75,40,35,2199,79,209,0.378,183,25,87,0.287,0.438
2021-22,1630217,Desmond Bane,1610612763,MEM,76,53,23,2266,190,456,0.417,477,97,225,0.431,0.523
2021-22,1626164,Devin Booker,1610612756,PHX,68,56,12,2345,354,800,0.443,799,91,255,0.357,0.499
2021-22,1629962,Devin Cannady,1610612753,ORL,5,2,3,145,1,7,0.143,3,1,4,0.25,0.214
2021-22,1630170,Devin Vassell,1610612759,SAS,71,29,42,1937,90,233,0.386,189,9,41,0.22,0.406
2021-22,1629653,Devon Dotson,1610612741,CHI,11,5,6,85,0,3,0,0,0,0,,0
2021-22,1629719,Devontae Cacok,1610612759,SAS,15,5,10,121,1,2,0.5,2,,,,0.5
2021-22,1628984,Devonte' Graham,1610612740,NOP,76,34,42,2162,105,349,0.301,265,55,214,0.257,0.38
2021-22,203473,Dewayne Dedmon,1610612748,MIA,67,43,24,1065,1,5,0.2,2,0,2,0,0.2
2021-22,1629712,Didi Louzada,1610612757,POR,9,0,9,129,3,5,0.6,8,2,3,0.667,0.8
2021-22,1628415,Dillon Brooks,1610612763,MEM,32,22,10,885,85,229,0.371,189,19,66,0.288,0.413
2021-22,1627734,Domantas Sabonis,1610612758,SAC,62,21,41,2136,6,33,0.182,13,1,5,0.2,0.197
2021-22,1628378,Donovan Mitchell,1610612762,UTA,67,41,26,2266,250,635,0.394,647,147,413,0.356,0.509
2021-22,1628978,Donte DiVincenzo,1610612758,SAC,42,21,21,1005,19,78,0.244,53,15,54,0.278,0.34
2021-22,1627827,Dorian Finney-Smith,1610612742,DAL,80,51,29,2644,16,52,0.308,40,8,28,0.286,0.385
2021-22,203926,Doug McDermott,1610612759,SAS,51,21,30,1223,33,74,0.446,85,19,44,0.432,0.574
2021-22,203110,Draymond Green,1610612744,GSW,46,34,12,1329,3,15,0.2,6,0,2,0,0.2
2021-22,1629234,Drew Eubanks,1610612757,POR,71,19,52,1245,11,19,0.579,22,0,0,,0.579
2021-22,1630613,Duane Washington Jr.,1610612754,IND,48,12,36,968,40,114,0.351,96,16,57,0.281,0.421
2021-22,1629130,Duncan Robinson,1610612748,MIA,79,52,27,2043,72,159,0.453,209,65,144,0.451,0.657
2021-22,2730,Dwight Howard,1610612747,LAL,60,21,39,971,1,3,0.333,3,1,2,0.5,0.5
2021-22,203939,Dwight Powell,1610612742,DAL,82,52,30,1798,2,6,0.333,4,0,3,0,0.333
2021-22,1629685,Dylan Windler,1610612739,CLE,50,28,22,459,1,6,0.167,3,1,4,0.25,0.25
2021-22,202334,Ed Davis,1610612739,CLE,31,15,16,201,0,0,,0,,,,
2021-22,203901,Elfrid Payton,1610612756,PHX,50,39,11,549,8,28,0.286,17,1,3,0.333,0.304
2021-22,1630190,Elijah Hughes,1610612757,POR,36,15,21,434,13,40,0.325,34,8,19,0.421,0.425
2021-22,1629150,Emanuel Terry,1610612756,PHX,3,2,1,18,0,0,,0,,,,
2021-22,1626144,Emmanuel Mudiay,1610612758,SAC,2,0,2,11,0,2,0,0,,,,0
2021-22,202683,Enes Freedom,1610612738,BOS,35,20,15,411,1,2,0.5,3,1,1,1,0.75
2021-22,202339,Eric Bledsoe,1610612757,POR,54,27,27,1361,42,144,0.292,90,6,38,0.158,0.313
2021-22,201569,Eric Gordon,1610612745,HOU,57,19,38,1670,48,126,0.381,136,40,107,0.374,0.54
2021-22,1629672,Eric Paschall,1610612762,UTA,58,36,22,737,3,8,0.375,6,0,2,0,0.375
2021-22,1630647,Eugene Omoruyi,1610612742,DAL,4,1,3,18,0,2,0,0,0,0,,0
2021-22,203095,Evan Fournier,1610612752,NYK,80,36,44,2358,145,372,0.39,366,76,218,0.349,0.492
2021-22,1630596,Evan Mobley,1610612739,CLE,69,40,29,2331,55,147,0.374,111,1,8,0.125,0.378
2021-22,1630267,Facundo Campazzo,1610612743,DEN,65,38,27,1184,24,83,0.289,65,17,64,0.266,0.392
2021-22,1630624,Feron Hunt,1610612752,NYK,2,2,0,8,0,0,,0,,,,
2021-22,1628402,Frank Jackson,1610612765,DET,53,9,44,1164,43,116,0.371,102,16,64,0.25,0.44
2021-22,1626163,Frank Kaminsky,1610612756,PHX,9,8,1,181,3,5,0.6,6,0,0,,0.6
2021-22,1628373,Frank Ntilikina,1610612742,DAL,58,34,24,685,22,64,0.344,49,5,21,0.238,0.383
2021-22,1630532,Franz Wagner,1610612753,ORL,79,21,58,2429,55,161,0.342,144,34,105,0.324,0.447
2021-22,1627832,Fred VanVleet,1610612761,TOR,65,39,26,2462,213,571,0.373,537,111,335,0.331,0.47
2021-22,1630273,Freddie Gillespie,1610612753,ORL,9,1,8,119,1,1,1,2,0,0,,1
2021-22,1627788,Furkan Korkmaz,1610612755,PHI,67,44,23,1414,43,141,0.305,108,22,83,0.265,0.383
2021-22,1629216,Gabe Vincent,1610612748,MIA,68,47,21,1589,71,195,0.364,181,39,120,0.325,0.464
2021-22,1628221,Gabe York,1610612754,IND,2,0,2,21,0,1,0,0,0,1,0,0
2021-22,1630466,Gabriel Deck,1610612760,OKC,7,2,5,56,2,3,0.667,4,0,0,,0.667
2021-22,1630994,Gabriel Lundberg,1610612756,PHX,4,1,3,44,3,11,0.273,7,1,4,0.25,0.318
2021-22,202066,Garrett Temple,1610612740,NOP,59,23,36,1098,12,57,0.211,29,5,23,0.217,0.254
2021-22,1629726,Garrison Mathews,1610612745,HOU,65,19,46,1712,19,58,0.328,56,18,55,0.327,0.483
2021-22,1629109,Gary Clark,1610612740,NOP,38,20,18,378,4,9,0.444,12,4,8,0.5,0.667
2021-22,203914,Gary Harris,1610612753,ORL,61,16,45,1730,36,133,0.271,84,12,54,0.222,0.316
2021-22,1627780,Gary Payton II,1610612744,GSW,71,47,24,1248,1,5,0.2,2,0,1,0,0.2
2021-22,1629018,Gary Trent Jr.,1610612761,TOR,70,44,26,2448,208,527,0.395,489,73,211,0.346,0.464
2021-22,201588,George Hill,1610612749,MIL,54,36,18,1253,12,55,0.218,27,3,27,0.111,0.245
2021-22,1628994,George King,1610612742,DAL,4,2,2,19,0,0,,0,0,0,,
2021-22,1627777,Georges Niang,1610612755,PHI,76,48,28,1736,15,45,0.333,38,8,17,0.471,0.422
2021-22,1630686,Georgios Kalaitzakis,1610612760,OKC,13,8,5,213,3,12,0.25,7,1,3,0.333,0.292
2021-22,203507,Giannis Antetokounmpo,1610612749,MIL,67,45,22,2204,159,439,0.362,367,49,178,0.275,0.418
2021-22,1629048,Goga Bitadze,1610612754,IND,50,17,33,729,1,8,0.125,2,0,3,0,0.125
2021-22,201609,Goran Dragic,1610612751,BKN,21,10,11,497,12,48,0.25,26,2,14,0.143,0.271
2021-22,202330,Gordon Hayward,1610612766,CHA,49,26,23,1564,82,187,0.439,181,17,40,0.425,0.484
2021-22,203476,Gorgui Dieng,1610612737,ATL,44,23,21,371,15,27,0.556,38,8,13,0.615,0.704
2021-22,1629684,Grant Williams,1610612738,BOS,77,49,28,1875,9,31,0.29,25,7,18,0.389,0.403
2021-22,1628960,Grayson Allen,1610612749,MIL,66,43,23,1805,52,118,0.441,139,35,81,0.432,0.589
2021-22,1630535,Greg Brown III,1610612757,POR,48,14,34,640,3,19,0.158,8,2,5,0.4,0.211
2021-22,202328,Greg Monroe,1610612750,MIN,14,7,7,195,0,1,0,0,,,,0
2021-22,1628977,Hamidou Diallo,1610612765,DET,58,14,44,1269,44,107,0.411,92,4,9,0.444,0.43
2021-22,203084,Harrison Barnes,1610612758,SAC,77,27,50,2587,50,141,0.355,126,26,82,0.317,0.447
2021-22,202355,Hassan Whiteside,1610612762,UTA,65,40,25,1162,1,10,0.1,2,,,,0.1
2021-22,1629755,Hassani Gravett,1610612753,ORL,8,2,6,171,6,16,0.375,14,2,11,0.182,0.438
2021-22,1629312,Haywood Highsmith,1610612748,MIA,19,13,6,163,1,3,0.333,2,0,1,0,0.333
2021-22,1630529,Herbert Jones,1610612740,NOP,78,36,42,2335,7,24,0.292,14,0,6,0,0.292
2021-22,1629649,Ignas Brazdeikis,1610612753,ORL,42,9,33,536,9,26,0.346,22,4,15,0.267,0.423
2021-22,1630193,Immanuel Quickley,1610612752,NYK,78,35,43,1802,150,417,0.36,391,91,259,0.351,0.469
2021-22,1629067,Isaac Bonga,1610612761,TOR,15,9,6,69,0,0,,0,0,0,,
2021-22,1630171,Isaac Okoro,1610612739,CLE,67,34,33,1981,1,19,0.053,2,0,10,0,0.053
2021-22,1628392,Isaiah Hartenstein,1610612746,LAC,68,37,31,1216,5,18,0.278,12,2,5,0.4,0.333
2021-22,1630543,Isaiah Jackson,1610612754,IND,36,9,27,541,2,11,0.182,5,1,2,0.5,0.227
2021-22,1630198,Isaiah Joe,1610612755,PHI,55,35,20,609,9,41,0.22,20,2,17,0.118,0.244
2021-22,1630587,Isaiah Livers,1610612765,DET,19,8,11,383,5,13,0.385,11,1,3,0.333,0.423
2021-22,1629676,Isaiah Roby,1610612760,OKC,45,10,35,948,13,24,0.542,36,10,15,0.667,0.75
2021-22,1630191,Isaiah Stewart,1610612765,DET,71,21,50,1816,1,9,0.111,3,1,2,0.5,0.167
2021-22,202738,Isaiah Thomas,1610612766,CHA,22,12,10,333,31,71,0.437,73,11,33,0.333,0.514
2021-22,1630225,Isaiah Todd,1610612764,WAS,12,1,11,74,0,2,0,0,0,0,,0
2021-22,202397,Ish Smith,1610612764,WAS,65,27,38,1126,107,251,0.426,226,12,41,0.293,0.45
2021-22,1630688,Ish Wainright,1610612756,PHX,45,36,9,359,0,2,0,0,0,0,,0
2021-22,1627826,Ivica Zubac,1610612746,LAC,76,40,36,1852,3,4,0.75,6,,,,0.75
2021-22,1630550,JT Thor,1610612766,CHA,33,18,15,262,2,8,0.25,4,0,3,0,0.25
2021-22,1629630,Ja Morant,1610612763,MEM,57,36,21,1889,133,360,0.369,312,46,136,0.338,0.433
2021-22,203210,JaMychal Green,1610612743,DEN,67,36,31,1085,4,10,0.4,8,0,2,0,0.4
2021-22,1630605,JaQuori McLaughlin,1610612742,DAL,4,2,2,11,0,2,0,0,0,1,0,0
2021-22,201580,JaVale McGee,1610612756,PHX,74,57,17,1172,11,26,0.423,23,1,2,0.5,0.442
2021-22,203953,Jabari Parker,1610612738,BOS,12,4,8,112,3,8,0.375,7,1,2,0.5,0.438
2021-22,1630183,Jaden McDaniels,1610612750,MIN,70,40,30,1803,28,62,0.452,62,6,17,0.353,0.5
2021-22,1630531,Jaden Springer,1610612755,PHI,2,2,0,6,0,0,,0,,,,
2021-22,203109,Jae Crowder,1610612756,PHX,67,54,13,1886,43,120,0.358,100,14,53,0.264,0.417
2021-22,1630256,Jae'Sean Tate,1610612745,HOU,78,19,59,2056,8,26,0.308,24,8,20,0.4,0.462
2021-22,1630186,Jahmi'us Ramsey,1610612758,SAC,19,2,17,134,5,12,0.417,11,1,2,0.5,0.458
2021-22,1630693,Jaime Echenique,1610612764,WAS,1,1,0,3,0,0,,0,,,,
2021-22,1627774,Jake Layman,1610612750,MIN,34,20,14,231,3,9,0.333,6,0,4,0,0.333
2021-22,1627751,Jakob Poeltl,1610612759,SAS,68,30,38,1970,10,25,0.4,21,1,1,1,0.42
2021-22,1628973,Jalen Brunson,1610612742,DAL,79,50,29,2524,186,412,0.451,397,25,80,0.313,0.482
2021-22,1630224,Jalen Green,1610612745,HOU,67,12,55,2138,110,316,0.348,288,68,199,0.342,0.456
2021-22,1630552,Jalen Johnson,1610612737,ATL,22,14,8,120,0,6,0,0,0,1,0,0
2021-22,1629667,Jalen McDaniels,1610612766,CHA,55,34,21,895,7,17,0.412,15,1,3,0.333,0.441
2021-22,1630188,Jalen Smith,1610612754,IND,51,29,22,924,3,17,0.176,6,0,2,0,0.176
2021-22,1630591,Jalen Suggs,1610612753,ORL,48,16,32,1307,39,167,0.234,94,16,84,0.19,0.281
2021-22,1630547,James Bouknight,1610612766,CHA,31,15,16,304,10,34,0.294,28,8,22,0.364,0.412
2021-22,203516,James Ennis III,1610612743,DEN,7,3,4,56,0,1,0,0,0,0,,0
2021-22,201935,James Harden,1610612755,PHI,65,40,25,2420,166,483,0.344,457,125,376,0.332,0.473
2021-22,201949,James Johnson,1610612751,BKN,62,30,32,1191,7,36,0.194,17,3,18,0.167,0.236
2021-22,1630691,Jamorko Pickett,1610612765,DET,13,4,9,176,2,6,0.333,6,2,2,1,0.5
2021-22,1630215,Jared Butler,1610612762,UTA,42,31,11,360,28,73,0.384,73,17,55,0.309,0.5
2021-22,1629607,Jared Harper,1610612740,NOP,5,2,3,43,7,11,0.636,16,2,4,0.5,0.727
2021-22,1628991,Jaren Jackson Jr.,1610612763,MEM,78,53,25,2126,17,58,0.293,40,6,24,0.25,0.345
2021-22,1629020,Jarred Vanderbilt,1610612750,MIN,74,41,33,1881,1,3,0.333,2,0,1,0,0.333
2021-22,1628386,Jarrett Allen,1610612739,CLE,56,35,21,1810,3,7,0.429,7,1,2,0.5,0.5
2021-22,1629633,Jarrett Culver,1610612763,MEM,37,28,9,338,12,36,0.333,27,3,12,0.25,0.375
2021-22,1629600,Jarron Cumberland,1610612757,POR,3,0,3,12,0,0,,0,0,0,,
2021-22,1629602,Javin DeLaurier,1610612749,MIL,1,1,0,3,0,0,,0,,,,
2021-22,1629750,Javonte Green,1610612741,CHI,65,38,27,1519,5,11,0.455,11,1,2,0.5,0.5
2021-22,1630606,Javonte Smart,1610612748,MIA,17,11,6,200,5,22,0.227,12,2,10,0.2,0.273
2021-22,1629637,Jaxson Hayes,1610612740,NOP,70,29,41,1398,2,13,0.154,5,1,5,0.2,0.192
2021-22,1630643,Jay Huff,1610612747,LAL,4,0,4,20,0,0,,0,0,0,,
2021-22,1630206,Jay Scrubb,1610612746,LAC,18,8,10,121,6,13,0.462,14,2,5,0.4,0.538
2021-22,1627759,Jaylen Brown,1610612738,BOS,66,43,23,2220,146,367,0.398,348,56,161,0.348,0.474
2021-22,1629658,Jaylen Hoard,1610612760,OKC,7,2,5,240,3,10,0.3,7,1,4,0.25,0.35
2021-22,1628537,Jaylen Morris,1610612759,SAS,3,0,3,16,0,1,0,0,0,1,0,0
2021-22,1629669,Jaylen Nowell,1610612750,MIN,62,37,25,975,56,124,0.452,131,19,46,0.413,0.528
2021-22,1629873,Jaysean Paige,1610612765,DET,1,1,0,7,0,1,0,0,0,0,,0
2021-22,1628369,Jayson Tatum,1610612738,BOS,76,49,27,2731,220,625,0.352,568,128,383,0.334,0.454
2021-22,1630288,Jeff Dowtin Jr.,1610612753,ORL,9,4,5,108,3,9,0.333,6,0,2,0,0.333
2021-22,201145,Jeff Green,1610612743,DEN,75,44,31,1849,18,56,0.321,39,3,9,0.333,0.348
2021-22,1629203,Jemerrio Jones,1610612747,LAL,2,0,2,15,0,0,,0,,,,
2021-22,203924,Jerami Grant,1610612765,DET,47,11,36,1500,71,197,0.36,148,6,20,0.3,0.376
2021-22,1630526,Jeremiah Robinson-Earl,1610612760,OKC,49,15,34,1087,3,11,0.273,6,0,3,0,0.273
2021-22,203087,Jeremy Lamb,1610612758,SAC,56,23,33,935,49,132,0.371,116,18,55,0.327,0.439
2021-22,1630579,Jericho Sims,1610612752,NYK,41,19,22,555,0,1,0,0,,,,0
2021-22,1628975,Jevon Carter,1610612749,MIL,66,39,27,905,48,109,0.44,120,24,53,0.453,0.55
2021-22,202710,Jimmy Butler III,1610612748,MIA,57,38,19,1931,98,250,0.392,204,8,42,0.19,0.408
2021-22,1629111,Jock Landale,1610612759,SAS,54,24,30,589,3,7,0.429,7,1,3,0.333,0.5
2021-22,203925,Joe Harris,1610612751,BKN,14,10,4,423,7,16,0.438,17,3,7,0.429,0.531
2021-22,204060,Joe Ingles,1610612757,POR,45,28,17,1122,25,81,0.309,72,22,74,0.297,0.444
2021-22,2207,Joe Johnson,1610612738,BOS,1,1,0,2,1,1,1,2,,,,1
2021-22,1630580,Joe Wieskamp,1610612759,SAS,29,11,18,205,4,15,0.267,11,3,11,0.273,0.367
2021-22,1630555,Joel Ayayi,1610612764,WAS,7,1,6,20,1,5,0.2,2,0,1,0,0.2
2021-22,203954,Joel Embiid,1610612755,PHI,68,45,23,2296,204,496,0.411,440,32,90,0.356,0.444
2021-22,1628381,John Collins,1610612737,ATL,54,26,28,1663,22,54,0.407,45,1,3,0.333,0.417
2021-22,1629723,John Konchar,1610612763,MEM,72,48,24,1292,10,33,0.303,24,4,11,0.364,0.364
2021-22,1630257,Jon Teske,1610612763,MEM,3,3,0,8,0,0,,0,,,,
2021-22,202685,Jonas Valanciunas,1610612740,NOP,74,34,40,2240,22,67,0.328,44,0,0,,0.328
2021-22,1630228,Jonathan Kuminga,1610612744,GSW,70,44,26,1185,10,37,0.27,23,3,16,0.188,0.311
2021-22,1628395,Jordan Bell,1610612741,CHI,1,1,0,2,0,0,,0,,,,
2021-22,203903,Jordan Clarkson,1610612762,UTA,79,47,32,2141,147,392,0.375,388,94,283,0.332,0.495
2021-22,1630692,Jordan Goodwin,1610612764,WAS,2,1,1,6,0,1,0,0,0,0,,0
2021-22,1629162,Jordan McLaughlin,1610612750,MIN,62,36,26,902,11,36,0.306,29,7,24,0.292,0.403
2021-22,1629670,Jordan Nwora,1610612749,MIL,62,34,28,1185,51,154,0.331,124,22,62,0.355,0.403
2021-22,1629673,Jordan Poole,1610612744,GSW,76,49,27,2283,136,359,0.379,347,75,219,0.342,0.483
2021-22,1630648,Jordan Schakel,1610612764,WAS,4,1,3,30,0,1,0,0,0,0,,0
2021-22,1630631,Jose Alvarado,1610612740,NOP,54,25,29,834,24,68,0.353,50,2,22,0.091,0.368
2021-22,1630528,Josh Christopher,1610612745,HOU,74,18,56,1334,46,134,0.343,109,17,61,0.279,0.407
2021-22,1630581,Josh Giddey,1610612760,OKC,54,17,37,1700,62,180,0.344,140,16,49,0.327,0.389
2021-22,1630182,Josh Green,1610612742,DAL,67,44,23,1039,14,39,0.359,29,1,3,0.333,0.372
2021-22,1628404,Josh Hart,1610612757,POR,54,20,34,1791,49,127,0.386,122,24,64,0.375,0.48
2021-22,1628367,Josh Jackson,1610612758,SAC,51,12,39,830,20,65,0.308,45,5,21,0.238,0.346
2021-22,1629006,Josh Okogie,1610612750,MIN,49,23,26,516,1,1,1,3,1,1,1,1.5
2021-22,1626196,Josh Richardson,1610612759,SAS,65,38,27,1600,57,138,0.413,120,6,15,0.4,0.435
2021-22,1630563,Joshua Primo,1610612759,SAS,50,22,28,965,13,44,0.295,31,5,16,0.313,0.352
2021-22,201950,Jrue Holiday,1610612749,MIL,67,47,20,2207,191,417,0.458,473,91,224,0.406,0.567
2021-22,1629308,Juan Toscano-Anderson,1610612744,GSW,73,51,22,994,7,17,0.412,19,5,13,0.385,0.559
2021-22,1627823,Juancho Hernangomez,1610612762,UTA,40,20,20,445,0,1,0,0,0,1,0,0
2021-22,203944,Julius Randle,1610612752,NYK,72,32,40,2544,171,494,0.346,389,47,141,0.333,0.394
2021-22,1626147,Justin Anderson,1610612754,IND,16,3,13,316,10,20,0.5,23,3,6,0.5,0.575
2021-22,1630551,Justin Champagnie,1610612761,TOR,36,21,15,281,0,0,,0,0,0,,
2021-22,203200,Justin Holiday,1610612758,SAC,74,25,49,2057,61,157,0.389,153,31,86,0.36,0.487
2021-22,1628382,Justin Jackson,1610612756,PHX,7,6,1,36,1,5,0.2,2,0,0,,0.2
2021-22,1629620,Justin Robinson,1610612765,DET,25,13,12,304,8,31,0.258,19,3,12,0.25,0.306
2021-22,1626159,Justise Winslow,1610612757,POR,48,24,24,775,7,31,0.226,15,1,3,0.333,0.242
2021-22,203994,Jusuf Nurkić,1610612757,POR,56,25,31,1578,4,16,0.25,10,2,4,0.5,0.313
2021-22,1629752,Juwan Morgan,1610612738,BOS,2,1,1,31,0,0,,0,0,0,,
2021-22,1630231,KJ Martin,1610612745,HOU,79,20,59,1656,2,7,0.286,6,2,5,0.4,0.429
2021-22,1629644,KZ Okpala,1610612748,MIA,21,14,7,244,1,3,0.333,2,0,1,0,0.333
2021-22,1630539,Kai Jones,1610612766,CHA,21,14,7,63,0,2,0,0,0,0,,0
2021-22,1626157,Karl-Anthony Towns,1610612750,MIN,74,44,30,2475,51,127,0.402,127,25,55,0.455,0.5
2021-22,1626208,Keifer Sykes,1610612754,IND,32,6,26,566,20,79,0.253,45,5,28,0.179,0.285
2021-22,1628966,Keita Bates-Diop,1610612759,SAS,59,23,36,957,5,17,0.294,11,1,5,0.2,0.324
2021-22,1629103,Kelan Martin,1610612738,BOS,30,14,16,450,20,56,0.357,42,2,15,0.133,0.375
2021-22,1629640,Keldon Johnson,1610612759,SAS,75,33,42,2392,43,131,0.328,94,8,37,0.216,0.359
2021-22,1629833,Keljin Blevins,1610612757,POR,31,4,27,349,8,28,0.286,21,5,18,0.278,0.375
2021-22,203482,Kelly Olynyk,1610612765,DET,40,13,27,764,15,58,0.259,39,9,35,0.257,0.336
2021-22,1626162,Kelly Oubre Jr.,1610612766,CHA,76,39,37,1999,61,178,0.343,162,40,116,0.345,0.455
2021-22,202689,Kemba Walker,1610612752,NYK,37,16,21,948,73,202,0.361,192,46,132,0.348,0.475
2021-22,1629026,Kenrich Williams,1610612760,OKC,49,17,32,1072,27,73,0.37,62,8,24,0.333,0.425
2021-22,203145,Kent Bazemore,1610612747,LAL,39,16,23,545,10,36,0.278,28,8,17,0.471,0.389
2021-22,203484,Kentavious Caldwell-Pope,1610612764,WAS,77,34,43,2329,120,299,0.401,269,29,93,0.312,0.45
2021-22,1630553,Keon Johnson,1610612757,POR,37,8,29,696,23,88,0.261,63,17,42,0.405,0.358
2021-22,1630556,Kessler Edwards,1610612751,BKN,48,22,26,987,14,29,0.483,28,0,2,0,0.483
2021-22,201142,Kevin Durant,1610612751,BKN,55,36,19,2047,307,629,0.488,676,62,154,0.403,0.537
2021-22,1628989,Kevin Huerter,1610612737,ATL,74,40,34,2188,107,255,0.42,243,29,97,0.299,0.476
2021-22,1628995,Kevin Knox II,1610612737,ATL,30,18,12,222,2,11,0.182,5,1,6,0.167,0.227
2021-22,201567,Kevin Love,1610612739,CLE,74,38,36,1665,49,139,0.353,127,29,79,0.367,0.457
2021-22,1630698,Kevin Pangos,1610612739,CLE,24,16,8,166,7,16,0.438,18,4,10,0.4,0.563
2021-22,1629645,Kevin Porter Jr.,1610612745,HOU,61,16,45,1907,132,398,0.332,361,97,292,0.332,0.454
2021-22,1626172,Kevon Looney,1610612744,GSW,82,53,29,1732,4,22,0.182,8,0,0,,0.182
2021-22,203920,Khem Birch,1610612761,TOR,55,34,21,991,4,12,0.333,8,0,0,,0.333
2021-22,203114,Khris Middleton,1610612749,MIL,66,44,22,2141,217,525,0.413,512,78,216,0.361,0.488
2021-22,1630165,Killian Hayes,1610612765,DET,66,21,45,1647,38,137,0.277,80,4,32,0.125,0.292
2021-22,1629681,Killian Tillie,1610612763,MEM,36,27,9,461,2,7,0.286,5,1,4,0.25,0.357
2021-22,1630184,Kira Lewis Jr.,1610612740,NOP,24,6,18,341,13,47,0.277,30,4,21,0.19,0.319
2021-22,202691,Klay Thompson,1610612744,GSW,32,17,15,941,105,233,0.451,248,38,84,0.452,0.532
2021-22,1627739,Kris Dunn,1610612757,POR,14,1,13,336,11,30,0.367,22,0,3,0,0.367
2021-22,204001,Kristaps Porziņģis,1610612764,WAS,51,26,25,1481,62,143,0.434,126,2,17,0.118,0.441
2021-22,203937,Kyle Anderson,1610612763,MEM,69,46,23,1484,33,96,0.344,69,3,13,0.231,0.359
2021-22,1629657,Kyle Guy,1610612748,MIA,19,15,4,186,7,18,0.389,16,2,10,0.2,0.444
2021-22,1628398,Kyle Kuzma,1610612764,WAS,66,29,37,2204,84,253,0.332,191,23,84,0.274,0.377
2021-22,200768,Kyle Lowry,1610612748,MIA,63,41,22,2133,125,298,0.419,319,69,181,0.381,0.535
2021-22,202681,Kyrie Irving,1610612751,BKN,29,14,15,1092,139,316,0.44,325,47,108,0.435,0.514
2021-22,200746,LaMarcus Aldridge,1610612751,BKN,47,26,21,1050,46,94,0.489,92,0,1,0,0.489
2021-22,1630163,LaMelo Ball,1610612766,CHA,75,39,36,2422,173,469,0.369,423,77,226,0.341,0.451
2021-22,1630205,Lamar Stevens,1610612739,CLE,63,35,28,1015,29,72,0.403,58,0,2,0,0.403
2021-22,202362,Lance Stephenson,1610612754,IND,46,11,35,814,54,142,0.38,119,11,33,0.333,0.419
2021-22,1629013,Landry Shamet,1610612756,PHX,69,53,16,1437,40,121,0.331,98,18,65,0.277,0.405
2021-22,204038,Langston Galloway,1610612749,MIL,7,4,3,107,4,7,0.571,9,1,1,1,0.643
2021-22,1626204,Larry Nance Jr.,1610612740,NOP,46,19,27,1040,2,11,0.182,4,0,4,0,0.182
2021-22,1628374,Lauri Markkanen,1610612739,CLE,61,32,29,1878,17,64,0.266,34,0,12,0,0.266
2021-22,2544,LeBron James,1610612747,LAL,56,25,31,2084,148,396,0.374,371,75,223,0.336,0.468
2021-22,1630195,Leandro Bolmaro,1610612750,MIN,35,19,16,241,3,12,0.25,7,1,3,0.333,0.292
2021-22,1629623,Lindell Wigginton,1610612749,MIL,19,11,8,199,2,7,0.286,6,2,7,0.286,0.429
2021-22,1630322,Lindy Waters III,1610612760,OKC,25,6,19,465,14,32,0.438,41,13,29,0.448,0.641
2021-22,1629022,Lonnie Walker IV,1610612759,SAS,70,27,43,1612,94,270,0.348,210,22,84,0.262,0.389
2021-22,1628366,Lonzo Ball,1610612741,CHI,35,22,13,1212,37,109,0.339,100,26,63,0.413,0.459
2021-22,101150,Lou Williams,1610612737,ATL,56,33,23,799,63,179,0.352,143,17,48,0.354,0.399
2021-22,1629663,Louis King,1610612758,SAC,10,2,8,104,7,22,0.318,17,3,8,0.375,0.386
2021-22,1629652,Luguentz Dort,1610612760,OKC,51,17,34,1665,51,140,0.364,140,38,96,0.396,0.5
2021-22,1629029,Luka Dončić,1610612742,DAL,65,44,21,2301,315,839,0.375,806,176,492,0.358,0.48
2021-22,1630568,Luka Garza,1610612765,DET,32,3,29,389,3,9,0.333,6,0,1,0,0.333
2021-22,1628379,Luke Kennard,1610612746,LAC,70,35,35,1919,87,215,0.405,210,36,91,0.396,0.488
2021-22,1628436,Luke Kornet,1610612738,BOS,15,11,4,103,0,0,,0,0,0,,
2021-22,1630640,MJ Walker,1610612756,PHX,2,1,1,8,0,1,0,0,0,0,,0
2021-22,1630644,Mac McClung,1610612747,LAL,2,2,0,24,1,2,0.5,2,0,1,0,0.5
2021-22,1630201,Malachi Flynn,1610612761,TOR,44,25,19,537,24,79,0.304,55,7,34,0.206,0.348
2021-22,1627763,Malcolm Brogdon,1610612754,IND,36,14,22,1206,71,196,0.362,170,28,94,0.298,0.434
2021-22,1630792,Malcolm Hill,1610612741,CHI,19,8,11,212,3,6,0.5,8,2,4,0.5,0.667
2021-22,1627736,Malik Beasley,1610612750,MIN,79,46,33,1976,66,192,0.344,175,43,121,0.355,0.456
2021-22,1630238,Malik Fitts,1610612738,BOS,15,13,2,63,0,1,0,0,0,0,,0
2021-22,1628370,Malik Monk,1610612747,LAL,76,32,44,2138,86,241,0.357,231,59,171,0.345,0.479
2021-22,1629005,Malik Newman,1610612739,CLE,1,0,1,8,2,4,0.5,4,0,1,0,0.5
2021-22,1629603,Mamadi Diakite,1610612760,OKC,13,4,9,188,0,1,0,0,0,0,,0
2021-22,1630585,Marcus Garrett,1610612748,MIA,12,11,1,128,1,3,0.333,2,0,0,,0.333
2021-22,202694,Marcus Morris Sr.,1610612746,LAC,54,26,28,1564,145,330,0.439,303,13,47,0.277,0.459
2021-22,203935,Marcus Smart,1610612738,BOS,71,47,24,2296,29,110,0.264,71,13,59,0.22,0.323
2021-22,1628365,Markelle Fultz,1610612753,ORL,18,6,12,360,32,81,0.395,66,2,7,0.286,0.407
2021-22,202693,Markieff Morris,1610612748,MIA,17,10,7,298,9,25,0.36,18,0,2,0,0.36
2021-22,1630250,Marko Simonovic,1610612741,CHI,9,4,5,35,0,0,,0,0,0,,
2021-22,1630210,Markus Howard,1610612743,DEN,31,17,14,176,15,48,0.313,42,12,38,0.316,0.438
2021-22,1627737,Marquese Chriss,1610612742,DAL,34,24,10,346,1,4,0.25,3,1,4,0.25,0.375
2021-22,1628963,Marvin Bagley III,1610612765,DET,48,17,31,1146,6,26,0.231,13,1,4,0.25,0.25
2021-22,1630222,Mason Jones,1610612747,LAL,4,2,2,51,2,5,0.4,5,1,3,0.333,0.5
2021-22,203486,Mason Plumlee,1610612766,CHA,73,40,33,1793,3,11,0.273,6,0,1,0,0.273
2021-22,1629680,Matisse Thybulle,1610612755,PHI,66,43,23,1685,6,15,0.4,17,5,10,0.5,0.567
2021-22,1629760,Matt Mooney,1610612752,NYK,1,1,0,2,0,0,,0,0,0,,
2021-22,1630346,Matt Ryan,1610612738,BOS,1,1,0,5,0,0,,0,0,0,,
2021-22,1629744,Matt Thomas,1610612741,CHI,40,23,17,460,28,61,0.459,66,10,25,0.4,0.541
2021-22,203090,Maurice Harkless,1610612758,SAC,47,15,32,863,2,11,0.182,5,1,7,0.143,0.227
2021-22,1629622,Max Strus,1610612748,MIA,68,46,22,1587,34,90,0.378,96,28,73,0.384,0.533
2021-22,1628467,Maxi Kleber,1610612742,DAL,59,36,23,1450,5,29,0.172,11,1,5,0.2,0.19
2021-22,1630593,McKinley Wright IV,1610612750,MIN,5,3,2,19,1,2,0.5,3,1,2,0.5,0.75
2021-22,1628982,Melvin Frazier Jr.,1610612760,OKC,3,0,3,120,0,1,0,0,0,1,0,0
2021-22,1630695,Micah Potter,1610612765,DET,3,2,1,31,0,0,,0,0,0,,
2021-22,1629008,Michael Porter Jr.,1610612743,DEN,9,5,4,265,12,35,0.343,28,4,16,0.25,0.4
2021-22,1628969,Mikal Bridges,1610612756,PHX,82,64,18,2854,98,207,0.473,205,9,29,0.31,0.495
2021-22,201144,Mike Conley,1610612762,UTA,72,44,28,2058,160,388,0.412,434,114,279,0.409,0.559
2021-22,203488,Mike Muscala,1610612760,OKC,43,15,28,593,5,8,0.625,11,1,2,0.5,0.688
2021-22,1628970,Miles Bridges,1610612766,CHA,80,41,39,2837,71,240,0.296,187,45,161,0.28,0.39
2021-22,1630540,Miles McBride,1610612752,NYK,40,19,21,372,12,45,0.267,31,7,30,0.233,0.344
2021-22,1629011,Mitchell Robinson,1610612752,NYK,72,32,40,1848,0,0,,0,,,,
2021-22,1629671,Miye Oni,1610612762,UTA,16,15,1,44,0,1,0,0,0,1,0,0
2021-22,1628964,Mo Bamba,1610612753,ORL,71,19,52,1824,12,46,0.261,25,1,10,0.1,0.272
2021-22,1628420,Monte Morris,1610612743,DEN,75,44,31,2239,130,292,0.445,283,23,71,0.324,0.485
2021-22,1626149,Montrezl Harrell,1610612766,CHA,71,36,35,1640,15,47,0.319,32,2,7,0.286,0.34
2021-22,1629021,Moritz Wagner,1610612753,ORL,63,16,47,960,1,8,0.125,3,1,7,0.143,0.188
2021-22,1629650,Moses Brown,1610612739,CLE,40,19,21,344,0,0,,0,,,,
2021-22,1630541,Moses Moody,1610612744,GSW,52,35,17,607,10,24,0.417,24,4,10,0.4,0.5
2021-22,1630589,Moses Wright,1610612742,DAL,4,4,0,15,0,1,0,0,0,0,,0
2021-22,1628539,Mychal Mulder,1610612748,MIA,17,3,14,240,3,10,0.3,8,2,6,0.333,0.4
2021-22,1629619,Myles Powell,1610612755,PHI,11,8,3,52,1,7,0.143,3,1,5,0.2,0.214
2021-22,1626167,Myles Turner,1610612754,IND,42,15,27,1235,13,29,0.448,29,3,11,0.273,0.5
2021-22,1630230,Naji Marshall,1610612740,NOP,55,23,32,736,14,38,0.368,31,3,9,0.333,0.408
2021-22,1629642,Nassir Little,1610612757,POR,42,19,23,1088,21,55,0.382,51,9,26,0.346,0.464
2021-22,1630207,Nate Hinton,1610612754,IND,2,0,2,2,0,0,,0,,,,
2021-22,1630233,Nathan Knight,1610612750,MIN,37,22,15,267,0,2,0,0,0,1,0,0
2021-22,1629675,Naz Reid,1610612750,MIN,77,42,35,1215,1,8,0.125,3,1,5,0.2,0.188
2021-22,1629674,Neemias Queta,1610612758,SAC,15,4,11,120,1,2,0.5,2,,,,0.5
2021-22,202357,Nemanja Bjelica,1610612744,GSW,71,48,23,1142,6,20,0.3,16,4,11,0.364,0.4
2021-22,203457,Nerlens Noel,1610612752,NYK,25,10,15,562,3,6,0.5,6,0,1,0,0.5
2021-22,1629651,Nic Claxton,1610612751,BKN,47,24,23,974,1,1,1,2,,,,1
2021-22,1630208,Nick Richards,1610612766,CHA,50,25,25,367,3,3,1,6,,,,1
2021-22,1629638,Nickeil Alexander-Walker,1610612762,UTA,65,29,36,1466,50,169,0.296,124,24,82,0.293,0.367
2021-22,201587,Nicolas Batum,1610612746,LAC,59,31,28,1463,18,53,0.34,45,9,26,0.346,0.425
2021-22,203917,Nik Stauskas,1610612738,BOS,8,7,1,39,2,7,0.286,5,1,4,0.25,0.357
2021-22,203999,Nikola Jokić,1610612743,DEN,74,46,28,2476,48,108,0.444,107,11,34,0.324,0.495
2021-22,202696,Nikola Vučević,1610612741,CHI,73,41,32,2418,31,76,0.408,63,1,3,0.333,0.414
2021-22,1626181,Norman Powell,1610612746,LAC,45,15,30,1458,69,170,0.406,169,31,88,0.352,0.497
2021-22,203658,Norvel Pelle,1610612762,UTA,3,0,3,19,0,0,,0,,,,
2021-22,1628384,OG Anunoby,1610612761,TOR,48,31,17,1728,56,187,0.299,132,20,75,0.267,0.353
2021-22,1630167,Obi Toppin,1610612752,NYK,72,32,40,1230,3,16,0.188,6,0,6,0,0.188
2021-22,1630846,Olivier Sarr,1610612760,OKC,22,6,16,421,2,5,0.4,4,0,0,,0.4
2021-22,1630209,Omer Yurtseven,1610612748,MIA,56,39,17,706,3,12,0.25,6,0,0,,0.25
2021-22,1630168,Onyeka Okongwu,1610612737,ATL,48,26,22,992,2,3,0.667,4,,,,0.667
2021-22,1629052,Oshae Brissett,1610612754,IND,67,19,48,1564,9,42,0.214,23,5,21,0.238,0.274
2021-22,203490,Otto Porter Jr.,1610612744,GSW,63,41,22,1395,30,63,0.476,69,9,16,0.563,0.548
2021-22,200782,P.J. Tucker,1610612748,MIA,71,45,26,1981,11,28,0.393,25,3,5,0.6,0.446
2021-22,1629023,P.J. Washington,1610612766,CHA,65,33,32,1768,12,40,0.3,36,12,34,0.353,0.45
2021-22,1628408,PJ Dozier,1610612743,DEN,18,9,9,340,11,35,0.314,25,3,14,0.214,0.357
2021-22,1628238,Paris Bass,1610612756,PHX,2,2,0,7,0,0,,0,0,0,,
2021-22,1627783,Pascal Siakam,1610612761,TOR,68,40,28,2578,134,343,0.391,277,9,35,0.257,0.404
2021-22,1626192,Pat Connaughton,1610612749,MIL,65,41,24,1691,9,21,0.429,22,4,13,0.308,0.524
2021-22,201976,Patrick Beverley,1610612750,MIN,58,33,25,1476,31,115,0.27,80,18,72,0.25,0.348
2021-22,1630172,Patrick Williams,1610612741,CHI,17,9,8,422,16,35,0.457,34,2,4,0.5,0.486
2021-22,201988,Patty Mills,1610612751,BKN,81,44,37,2346,94,271,0.347,231,43,129,0.333,0.426
2021-22,202331,Paul George,1610612746,LAC,31,18,13,1077,128,353,0.363,307,51,157,0.325,0.435
2021-22,200794,Paul Millsap,1610612755,PHI,33,22,11,376,1,8,0.125,2,0,2,0,0.125
2021-22,1630194,Paul Reed,1610612755,PHI,38,21,17,303,0,5,0,0,0,0,,0
2021-22,1628778,Paul Watson,1610612760,OKC,9,2,7,156,1,4,0.25,2,0,3,0,0.25
2021-22,1630202,Payton Pritchard,1610612738,BOS,71,46,25,1001,52,124,0.419,133,29,74,0.392,0.536
2021-22,1627822,Petr Cornelie,1610612743,DEN,13,3,10,38,0,1,0,0,0,1,0,0
2021-22,1630173,Precious Achiuwa,1610612761,TOR,73,46,27,1725,23,76,0.303,48,2,11,0.182,0.316
2021-22,1629656,Quentin Grimes,1610612752,NYK,46,21,25,786,15,55,0.273,39,9,35,0.257,0.355
2021-22,1629683,Quinndary Weatherspoon,1610612744,GSW,11,8,3,73,0,3,0,0,0,2,0,0
2021-22,1630181,R.J. Hampton,1610612753,ORL,64,15,49,1402,17,82,0.207,44,10,48,0.208,0.268
2021-22,1629628,RJ Barrett,1610612752,NYK,70,33,37,2417,61,215,0.284,145,23,91,0.253,0.337
2021-22,1630612,RJ Nembhard Jr.,1610612739,CLE,14,6,8,63,0,4,0,0,0,1,0,0
2021-22,200765,Rajon Rondo,1610612739,CLE,39,16,23,698,12,47,0.255,30,6,25,0.24,0.319
2021-22,203526,Raul Neto,1610612764,WAS,70,29,41,1372,60,137,0.438,136,16,42,0.381,0.496
2021-22,1629730,Rayjon Tucker,1610612749,MIL,5,2,3,71,2,5,0.4,6,2,3,0.667,0.6
2021-22,203493,Reggie Bullock Jr.,1610612742,DAL,68,44,24,1902,21,59,0.356,48,6,30,0.2,0.407
2021-22,202704,Reggie Jackson,1610612746,LAC,75,38,37,2337,198,558,0.355,474,78,234,0.333,0.425
2021-22,1629617,Reggie Perry,1610612757,POR,10,0,10,187,3,9,0.333,6,0,2,0,0.333
2021-22,1626158,Richaun Holmes,1610612758,SAC,45,16,29,1074,3,9,0.333,6,0,0,,0.333
2021-22,201937,Ricky Rubio,1610612754,IND,34,20,14,970,64,178,0.36,157,29,81,0.358,0.441
2021-22,1630306,Rob Edwards,1610612760,OKC,2,0,2,11,1,2,0.5,3,1,2,0.5,0.75
2021-22,203496,Robert Covington,1610612746,LAC,71,34,37,1939,19,47,0.404,51,13,27,0.481,0.543
2021-22,1629057,Robert Williams III,1610612738,BOS,61,40,21,1804,3,3,1,6,0,0,,1
2021-22,1630218,Robert Woodard II,1610612759,SAS,12,0,12,42,0,5,0,0,0,1,0,0
2021-22,201577,Robin Lopez,1610612753,ORL,36,9,27,612,2,11,0.182,4,0,1,0,0.182
2021-22,203918,Rodney Hood,1610612746,LAC,52,30,22,709,17,51,0.333,41,7,20,0.35,0.402
2021-22,203585,Rodney McGruder,1610612765,DET,51,13,38,754,9,29,0.31,23,5,18,0.278,0.397
2021-22,1629641,Romeo Langford,1610612759,SAS,48,24,24,771,13,28,0.464,30,4,9,0.444,0.536
2021-22,1626220,Royce O'Neale,1610612762,UTA,77,46,31,2406,14,34,0.412,41,13,29,0.448,0.603
2021-22,200752,Rudy Gay,1610612762,UTA,55,34,21,1038,35,102,0.343,82,12,36,0.333,0.402
2021-22,203497,Rudy Gobert,1610612762,UTA,66,42,24,2120,1,6,0.167,2,0,0,,0.167
2021-22,1629060,Rui Hachimura,1610612764,WAS,42,16,26,944,41,114,0.36,83,1,6,0.167,0.364
2021-22,201566,Russell Westbrook,1610612747,LAL,78,31,47,2678,140,398,0.352,313,33,109,0.303,0.393
2021-22,1627853,Ryan Arcidiacono,1610612752,NYK,10,8,2,76,2,4,0.5,5,1,2,0.5,0.625
2021-22,1630240,Saben Lee,1610612765,DET,37,8,29,604,6,36,0.167,16,4,28,0.143,0.222
2021-22,1630180,Saddiq Bey,1610612765,DET,82,23,59,2704,98,312,0.314,234,38,150,0.253,0.375
2021-22,1626155,Sam Dekker,1610612761,TOR,1,1,0,1,0,0,,0,,,,
2021-22,1630573,Sam Hauser,1610612738,BOS,26,20,6,158,3,7,0.429,9,3,7,0.429,0.643
2021-22,1630241,Sam Merrill,1610612763,MEM,6,2,4,58,2,8,0.25,6,2,8,0.25,0.375
2021-22,1630572,Sandro Mamukelashvili,1610612749,MIL,41,22,19,407,2,6,0.333,5,1,3,0.333,0.417
2021-22,1630583,Santi Aldama,1610612763,MEM,32,20,12,360,2,14,0.143,4,0,3,0,0.143
2021-22,1630567,Scottie Barnes,1610612761,TOR,74,43,31,2617,64,170,0.376,138,10,32,0.313,0.406
2021-22,1630575,Scottie Lewis,1610612766,CHA,2,1,1,7,0,0,,0,,,,
2021-22,203816,Scotty Hopson,1610612760,OKC,1,0,1,18,2,2,1,4,0,0,,1
2021-22,1629635,Sekou Doumbouya,1610612747,LAL,2,0,2,16,0,0,,0,0,0,,
2021-22,1628400,Semi Ojeleye,1610612746,LAC,30,14,16,406,8,20,0.4,19,3,7,0.429,0.475
2021-22,201586,Serge Ibaka,1610612749,MIL,54,30,24,878,5,16,0.313,12,2,3,0.667,0.375
2021-22,203552,Seth Curry,1610612751,BKN,64,38,26,2134,182,384,0.474,411,47,135,0.348,0.535
2021-22,1628983,Shai Gilgeous-Alexander,1610612760,OKC,56,16,40,1942,162,461,0.351,391,67,245,0.273,0.424
2021-22,1629003,Shake Milton,1610612755,PHI,55,34,21,1179,48,137,0.35,107,11,38,0.289,0.391
2021-22,1629783,Shaq Buchanan,1610612763,MEM,2,2,0,10,0,1,0,0,0,1,0,0
2021-22,1627885,Shaquille Harrison,1610612751,BKN,2,1,1,23,0,1,0,0,0,0,,0
2021-22,1630536,Sharife Cooper,1610612737,ATL,13,8,5,39,1,3,0.333,3,1,3,0.333,0.5
2021-22,1630219,Skylar Mays,1610612737,ATL,28,17,11,220,3,8,0.375,6,0,2,0,0.375
2021-22,203524,Solomon Hill,1610612737,ATL,13,7,6,139,0,1,0,0,0,1,0,0
2021-22,203915,Spencer Dinwiddie,1610612742,DAL,67,38,29,1980,101,299,0.338,258,56,178,0.315,0.431
2021-22,1626169,Stanley Johnson,1610612747,LAL,48,16,32,1094,19,31,0.613,43,5,8,0.625,0.694
2021-22,201939,Stephen Curry,1610612744,GSW,64,45,19,2211,226,579,0.39,608,156,417,0.374,0.525
2021-22,1628425,Sterling Brown,1610612742,DAL,49,31,18,628,10,26,0.385,24,4,10,0.4,0.462
2021-22,203500,Steven Adams,1610612763,MEM,76,51,25,1999,1,5,0.2,2,0,1,0,0.2
2021-22,1629004,Svi Mykhailiuk,1610612761,TOR,56,29,27,716,18,60,0.3,47,11,38,0.289,0.392
2021-22,204456,T.J. McConnell,1610612754,IND,27,9,18,652,31,64,0.484,65,3,8,0.375,0.508
2021-22,1629605,Tacko Fall,1610612739,CLE,11,4,7,59,0,0,,0,,,,
2021-22,201959,Taj Gibson,1610612752,NYK,52,24,28,946,2,7,0.286,4,0,2,0,0.286
2021-22,1629659,Talen Horton-Tucker,1610612747,LAL,60,23,37,1511,51,159,0.321,121,19,71,0.268,0.381
2021-22,1627752,Taurean Prince,1610612750,MIN,69,40,29,1177,29,72,0.403,68,10,32,0.313,0.472
2021-22,1629611,Terance Mann,1610612746,LAC,81,41,40,2317,79,228,0.346,179,21,78,0.269,0.393
2021-22,1629056,Terence Davis,1610612758,SAC,30,11,19,536,26,73,0.356,73,21,59,0.356,0.5
2021-22,203082,Terrence Ross,1610612753,ORL,63,14,49,1448,94,250,0.376,212,24,91,0.264,0.424
2021-22,1626179,Terry Rozier,1610612766,CHA,73,38,35,2458,158,385,0.41,379,63,182,0.346,0.492
2021-22,1630678,Terry Taylor,1610612754,IND,33,7,26,714,5,13,0.385,11,1,4,0.25,0.423
2021-22,201152,Thaddeus Young,1610612761,TOR,52,27,25,845,5,17,0.294,11,1,6,0.167,0.324
2021-22,203648,Thanasis Antetokounmpo,1610612749,MIL,48,26,22,473,2,9,0.222,5,1,5,0.2,0.278
2021-22,1630177,Theo Maledon,1610612760,OKC,51,14,37,908,23,65,0.354,60,14,37,0.378,0.462
2021-22,1629033,Theo Pinson,1610612742,DAL,19,14,5,148,4,12,0.333,9,1,6,0.167,0.375
2021-22,1628418,Thomas Bryant,1610612764,WAS,27,8,19,439,3,7,0.429,6,0,1,0,0.429
2021-22,204025,Tim Frazier,1610612739,CLE,12,1,11,208,5,21,0.238,13,3,7,0.429,0.31
2021-22,203501,Tim Hardaway Jr.,1610612742,DAL,42,24,18,1245,78,214,0.364,185,29,91,0.319,0.432
2021-22,1627789,Timothe Luwawu-Cabarrot,1610612737,ATL,52,30,22,685,8,16,0.5,21,5,8,0.625,0.656
2021-22,202699,Tobias Harris,1610612755,PHI,73,45,28,2543,109,262,0.416,236,18,41,0.439,0.45
2021-22,203107,Tomas Satoransky,1610612764,WAS,55,21,34,906,17,57,0.298,36,2,9,0.222,0.316
2021-22,1628396,Tony Bradley,1610612741,CHI,55,28,27,549,1,2,0.5,2,,,,0.5
2021-22,203503,Tony Snell,1610612740,NOP,53,19,34,822,7,18,0.389,16,2,7,0.286,0.444
2021-22,1628470,Torrey Craig,1610612756,PHX,78,36,42,1596,20,65,0.308,46,6,20,0.3,0.354
2021-22,1629027,Trae Young,1610612737,ATL,76,40,36,2652,387,913,0.424,968,194,525,0.37,0.53
2021-22,1629309,Trayvon Palmer,1610612765,DET,1,0,1,17,0,0,,0,,,,
2021-22,1630200,Tre Jones,1610612759,SAS,69,32,37,1148,47,105,0.448,96,2,15,0.133,0.457
2021-22,1630544,Tre Mann,1610612760,OKC,60,17,43,1367,102,268,0.381,256,52,152,0.342,0.478
2021-22,1629682,Tremont Waters,1610612764,WAS,3,0,3,50,2,10,0.2,5,1,8,0.125,0.25
2021-22,1630570,Trendon Watford,1610612757,POR,48,16,32,869,8,29,0.276,16,0,2,0,0.276
2021-22,1630235,Trent Forrest,1610612762,UTA,60,36,24,766,7,18,0.389,15,1,5,0.2,0.417
2021-22,1630243,Trevelin Queen,1610612745,HOU,10,1,9,74,5,11,0.455,15,5,11,0.455,0.682
2021-22,1630286,Trevon Scott,1610612739,CLE,2,1,1,11,0,1,0,0,0,0,,0
2021-22,2772,Trevor Ariza,1610612747,LAL,24,8,16,462,1,8,0.125,3,1,6,0.167,0.188
2021-22,203504,Trey Burke,1610612742,DAL,42,24,18,441,35,104,0.337,77,7,27,0.259,0.37
2021-22,1626168,Trey Lyles,1610612758,SAC,75,19,56,1536,18,64,0.281,38,2,16,0.125,0.297
2021-22,1630530,Trey Murphy III,1610612740,NOP,62,31,31,864,4,22,0.182,11,3,11,0.273,0.25
2021-22,202684,Tristan Thompson,1610612741,CHI,57,20,37,896,3,8,0.375,6,0,1,0,0.375
2021-22,1628972,Troy Brown Jr.,1610612741,CHI,66,37,29,1055,8,27,0.296,18,2,8,0.25,0.333
2021-22,1629660,Ty Jerome,1610612760,OKC,48,15,33,801,35,99,0.354,82,12,49,0.245,0.414
2021-22,1629076,Tyler Cook,1610612741,CHI,20,13,7,200,0,0,,0,,,,
2021-22,1629788,Tyler Hall,1610612752,NYK,1,1,0,2,0,0,,0,,,,
2021-22,1629639,Tyler Herro,1610612748,MIA,66,44,22,2151,207,539,0.384,498,84,224,0.375,0.462
2021-22,204020,Tyler Johnson,1610612759,SAS,6,2,4,91,1,6,0.167,2,0,1,0,0.167
2021-22,1630179,Tyrell Terry,1610612763,MEM,2,2,0,3,1,1,1,2,,,,1
2021-22,1630169,Tyrese Haliburton,1610612754,IND,77,26,51,2694,214,493,0.434,523,95,235,0.404,0.53
2021-22,1630178,Tyrese Maxey,1610612755,PHI,75,45,30,2650,157,391,0.402,372,58,144,0.403,0.476
2021-22,1627820,Tyrone Wallace,1610612740,NOP,6,4,2,75,0,3,0,0,0,1,0,0
2021-22,1626145,Tyus Jones,1610612763,MEM,73,51,22,1549,102,250,0.408,218,14,46,0.304,0.436
2021-22,1628962,Udoka Azubuike,1610612762,UTA,17,11,6,195,0,0,,0,,,,
2021-22,2617,Udonis Haslem,1610612748,MIA,13,10,3,83,1,3,0.333,2,0,0,,0.333
2021-22,1630586,Usman Garuba,1610612745,HOU,24,2,22,239,0,2,0,0,0,2,0,0
2021-22,1630176,Vernon Carey Jr.,1610612764,WAS,7,3,4,44,1,1,1,2,,,,1
2021-22,203506,Victor Oladipo,1610612748,MIA,8,4,4,173,13,30,0.433,33,7,16,0.438,0.55
2021-22,1628427,Vlatko Cancar,1610612743,DEN,15,7,8,176,2,3,0.667,5,1,1,1,0.833
2021-22,1630249,Vít Krejčí,1610612760,OKC,30,8,22,690,9,27,0.333,24,6,17,0.353,0.444
2021-22,201961,Wayne Ellington,1610612747,LAL,43,15,28,810,18,61,0.295,51,15,51,0.294,0.418
2021-22,1627782,Wayne Selden,1610612752,NYK,3,2,1,19,1,1,1,3,1,1,1,1.5
2021-22,1628976,Wendell Carter Jr.,1610612753,ORL,62,16,46,1852,35,67,0.522,72,2,7,0.286,0.537
2021-22,1629117,Wenyen Gabriel,1610612747,LAL,26,8,18,359,1,2,0.5,3,1,1,1,0.75
2021-22,1628411,Wes Iwundu,1610612737,ATL,3,2,1,82,1,3,0.333,2,0,0,,0.333
2021-22,202083,Wesley Matthews,1610612749,MIL,49,33,16,1002,4,23,0.174,10,2,18,0.111,0.217
2021-22,203115,Will Barton,1610612743,DEN,71,41,30,2276,107,284,0.377,268,54,160,0.338,0.472
2021-22,1626161,Willie Cauley-Stein,1610612755,PHI,20,12,8,183,1,1,1,2,0,0,,1
2021-22,1626195,Willy Hernangomez,1610612740,NOP,50,22,28,839,2,8,0.25,5,1,4,0.25,0.313
2021-22,1629875,Xavier Moon,1610612746,LAC,10,7,3,137,17,28,0.607,36,2,5,0.4,0.643
2021-22,1630270,Xavier Sneed,1610612762,UTA,9,7,2,39,0,2,0,0,0,1,0,0
2021-22,1630214,Xavier Tillman,1610612763,MEM,53,35,18,701,9,24,0.375,19,1,4,0.25,0.396
2021-22,1629139,Yuta Watanabe,1610612761,TOR,38,21,17,445,5,17,0.294,10,0,3,0,0.294
2021-22,1630582,Yves Pons,1610612763,MEM,12,9,3,71,0,0,,0,0,0,,
2021-22,1628380,Zach Collins,1610612759,SAS,28,14,14,502,4,5,0.8,8,0,0,,0.8
2021-22,203897,Zach LaVine,1610612741,CHI,67,37,30,2328,208,568,0.366,512,96,288,0.333,0.451
2021-22,1630285,Zavier Simpson,1610612760,OKC,4,1,3,174,4,12,0.333,8,0,3,0,0.333
2021-22,1630192,Zeke Nnaji,1610612743,DEN,41,24,17,698,0,3,0,0,0,0,,0
2021-22,1630533,Ziaire Williams,1610612763,MEM,62,41,21,1346,31,87,0.356,68,6,25,0.24,0.391
2021-22,1629597,Zylan Cheatham,1610612762,UTA,1,0,1,5,0,0,,0,0,0,,
2022-23,1630639,A.J. Lawson,1610612742,DAL,15,5,10,108,0,3,0,0,0,2,0,0
2022-23,1631260,AJ Green,1610612749,MIL,35,27,8,345,14,36,0.389,36,8,23,0.348,0.5
2022-23,1631100,AJ Griffin,1610612737,ATL,72,34,38,1401,89,182,0.489,206,28,60,0.467,0.566
2022-23,203932,Aaron Gordon,1610612743,DEN,68,45,23,2055,40,114,0.351,103,23,59,0.39,0.452
2022-23,1628988,Aaron Holiday,1610612737,ATL,63,32,31,845,27,71,0.38,63,9,26,0.346,0.444
2022-23,1630174,Aaron Nesmith,1610612754,IND,73,30,43,1816,37,85,0.435,93,19,43,0.442,0.547
2022-23,1630598,Aaron Wiggins,1610612760,OKC,70,37,33,1297,6,17,0.353,16,4,8,0.5,0.471
2022-23,1629678,Admiral Schofield,1610612753,ORL,37,14,23,451,1,7,0.143,3,1,6,0.167,0.214
2022-23,201143,Al Horford,1610612738,BOS,63,44,19,1921,8,20,0.4,19,3,7,0.429,0.475
2022-23,202692,Alec Burks,1610612765,DET,51,12,39,1122,101,237,0.426,246,44,111,0.396,0.519
2022-23,1630197,Aleksej Pokusevski,1610612760,OKC,34,16,18,701,5,18,0.278,11,1,5,0.2,0.306
2022-23,1627936,Alex Caruso,1610612741,CHI,67,33,34,1575,6,29,0.207,15,3,13,0.231,0.259
2022-23,203458,Alex Len,1610612758,SAC,26,15,11,161,1,1,1,2,0,0,,1
2022-23,1628993,Alize Johnson,1610612759,SAS,4,1,3,30,0,1,0,0,0,1,0,0
2022-23,1631214,Alondes Williams,1610612751,BKN,1,1,0,5,0,0,,0,,,,
2022-23,1630578,Alperen Sengun,1610612745,HOU,75,18,57,2171,15,37,0.405,30,0,4,0,0.405
2022-23,1629599,Amir Coffey,1610612746,LAC,50,26,24,625,10,35,0.286,21,1,6,0.167,0.3
2022-23,203083,Andre Drummond,1610612741,CHI,67,32,35,849,1,2,0.5,2,0,0,,0.5
2022-23,2738,Andre Iguodala,1610612744,GSW,8,3,5,113,0,1,0,0,0,1,0,0
2022-23,1629614,Andrew Nembhard,1610612754,IND,75,32,43,2074,79,220,0.359,177,19,66,0.288,0.402
2022-23,203952,Andrew Wiggins,1610612744,GSW,37,19,18,1190,39,115,0.339,85,7,29,0.241,0.37
2022-23,1629014,Anfernee Simons,1610612757,POR,62,27,35,2171,182,461,0.395,455,91,256,0.355,0.493
2022-23,203076,Anthony Davis,1610612747,LAL,56,31,25,1905,70,166,0.422,140,0,4,0,0.422
2022-23,1630162,Anthony Edwards,1610612750,MIN,79,40,39,2841,220,627,0.351,562,122,361,0.338,0.448
2022-23,1630264,Anthony Gill,1610612764,WAS,59,21,38,625,1,8,0.125,2,0,4,0,0.125
2022-23,1630237,Anthony Lamb,1610612744,GSW,62,36,26,1195,5,20,0.25,14,4,13,0.308,0.35
2022-23,1630559,Austin Reaves,1610612747,LAL,64,35,29,1843,75,159,0.472,170,20,50,0.4,0.535
2022-23,203085,Austin Rivers,1610612750,MIN,52,25,27,1016,3,21,0.143,9,3,16,0.188,0.214
2022-23,1630245,Ayo Dosunmu,1610612741,CHI,80,40,40,2098,28,75,0.373,58,2,5,0.4,0.387
2022-23,1628389,Bam Adebayo,1610612748,MIA,75,40,35,2598,106,239,0.444,212,0,4,0,0.444
2022-23,1627732,Ben Simmons,1610612751,BKN,42,24,18,1105,4,17,0.235,8,0,2,0,0.235
2022-23,1631097,Bennedict Mathurin,1610612754,IND,78,33,45,2222,82,235,0.349,208,44,126,0.349,0.443
2022-23,202687,Bismack Biyombo,1610612756,PHX,61,33,28,874,1,2,0.5,2,,,,0.5
2022-23,201933,Blake Griffin,1610612738,BOS,41,27,14,569,1,8,0.125,3,1,8,0.125,0.188
2022-23,1631104,Blake Wesley,1610612759,SAS,37,9,28,669,11,60,0.183,25,3,8,0.375,0.208
2022-23,1626246,Boban Marjanovic,1610612745,HOU,31,7,24,171,4,9,0.444,8,0,0,,0.444
2022-23,1626171,Bobby Portis Jr.,1610612749,MIL,70,47,23,1818,56,146,0.384,113,1,7,0.143,0.387
2022-23,203992,Bogdan Bogdanović,1610612737,ATL,54,27,27,1509,85,207,0.411,211,41,95,0.432,0.51
2022-23,202711,Bojan Bogdanovic,1610612765,DET,59,15,44,1893,142,325,0.437,317,33,101,0.327,0.488
2022-23,1629626,Bol Bol,1610612753,ORL,70,26,44,1505,42,127,0.331,95,11,45,0.244,0.374
2022-23,1630538,Bones Hyland,1610612746,LAC,56,36,20,1085,82,230,0.357,220,56,154,0.364,0.478
2022-23,203078,Bradley Beal,1610612764,WAS,50,24,26,1673,161,364,0.442,358,36,109,0.33,0.492
2022-23,1630527,Brandon Boston Jr.,1610612746,LAC,22,9,13,248,20,51,0.392,47,7,15,0.467,0.461
2022-23,1629634,Brandon Clarke,1610612763,MEM,56,32,24,1090,8,13,0.615,16,0,0,,0.615
2022-23,1627742,Brandon Ingram,1610612740,NOP,45,23,22,1538,188,432,0.435,390,14,43,0.326,0.451
2022-23,1630296,Braxton Key,1610612765,DET,3,0,3,9,1,1,1,2,,,,1
2022-23,201572,Brook Lopez,1610612749,MIL,78,57,21,2372,33,84,0.393,74,8,25,0.32,0.44
2022-23,1628971,Bruce Brown,1610612743,DEN,80,53,27,2279,44,128,0.344,96,8,32,0.25,0.375
2022-23,1628981,Bruno Fernando,1610612737,ATL,39,13,26,405,1,2,0.5,2,0,0,,0.5
2022-23,1631121,Bryce McGowens,1610612766,CHA,46,16,30,787,8,32,0.25,20,4,13,0.308,0.313
2022-23,1627854,Bryn Forbes,1610612750,MIN,25,9,16,268,12,32,0.375,28,4,14,0.286,0.438
2022-23,1631205,Buddy Boeheim,1610612765,DET,10,2,8,90,0,1,0,0,0,1,0,0
2022-23,1627741,Buddy Hield,1610612754,IND,80,35,45,2482,132,306,0.431,349,85,194,0.438,0.57
2022-23,203468,CJ McCollum,1610612740,NOP,75,38,37,2649,259,618,0.419,596,78,219,0.356,0.482
2022-23,1630595,Cade Cunningham,1610612765,DET,12,3,9,400,44,106,0.415,96,8,33,0.242,0.453
2022-23,1631216,Caleb Houstan,1610612753,ORL,51,20,31,812,4,10,0.4,11,3,6,0.5,0.55
2022-23,1628997,Caleb Martin,1610612748,MIA,71,38,33,2078,46,99,0.465,107,15,36,0.417,0.54
2022-23,1629629,Cam Reddish,1610612757,POR,40,14,26,990,18,55,0.327,46,10,31,0.323,0.418
2022-23,1630560,Cam Thomas,1610612751,BKN,57,30,27,948,93,246,0.378,218,32,87,0.368,0.443
2022-23,1629661,Cameron Johnson,1610612751,BKN,42,25,17,1200,46,106,0.434,102,10,29,0.345,0.481
2022-23,1626166,Cameron Payne,1610612756,PHX,48,27,21,968,74,179,0.413,179,31,73,0.425,0.5
2022-23,1627747,Caris LeVert,1610612739,CLE,74,45,29,2237,84,236,0.356,212,44,113,0.389,0.449
2022-23,1630637,Carlik Jones,1610612741,CHI,7,4,3,56,2,5,0.4,4,0,1,0,0.4
2022-23,1626224,Cedi Osman,1610612739,CLE,77,48,29,1548,23,72,0.319,66,20,53,0.377,0.458
2022-23,1628435,Chance Comanche,1610612757,POR,1,0,1,21,0,0,,0,,,,
2022-23,1629646,Charles Bassey,1610612759,SAS,35,9,26,508,6,10,0.6,14,2,3,0.667,0.7
2022-23,1631320,Chima Moneke,1610612758,SAC,2,1,1,8,0,0,,0,,,,
2022-23,1629002,Chimezie Metu,1610612758,SAC,66,41,25,689,2,14,0.143,4,0,4,0,0.143
2022-23,1628449,Chris Boucher,1610612761,TOR,76,39,37,1523,11,30,0.367,24,2,10,0.2,0.4
2022-23,1630537,Chris Duarte,1610612754,IND,46,19,27,897,41,138,0.297,102,20,71,0.282,0.37
2022-23,101108,Chris Paul,1610612756,PHX,59,33,26,1889,208,488,0.426,467,51,169,0.302,0.478
2022-23,1629735,Chris Silva,1610612737,ATL,1,1,0,3,0,0,,0,,,,
2022-23,1631128,Christian Braun,1610612743,DEN,76,49,27,1181,9,33,0.273,24,6,15,0.4,0.364
2022-23,1631132,Christian Koloko,1610612761,TOR,58,29,29,802,0,0,,0,0,0,,
2022-23,1626174,Christian Wood,1610612742,DAL,67,33,34,1738,28,100,0.28,65,9,46,0.196,0.325
2022-23,1629643,Chuma Okeke,1610612753,ORL,27,8,19,518,4,20,0.2,10,2,10,0.2,0.25
2022-23,203991,Clint Capela,1610612737,ATL,65,35,30,1730,0,1,0,0,0,0,,0
2022-23,1629632,Coby White,1610612741,CHI,74,37,37,1730,48,134,0.358,112,16,58,0.276,0.418
2022-23,1628998,Cody Martin,1610612766,CHA,7,2,5,134,1,10,0.1,2,0,5,0,0.1
2022-23,203469,Cody Zeller,1610612748,MIA,15,6,9,217,0,3,0,0,0,0,,0
2022-23,1630175,Cole Anthony,1610612753,ORL,60,28,32,1552,103,227,0.454,228,22,57,0.386,0.502
2022-23,1631306,Cole Swider,1610612747,LAL,7,2,5,41,0,3,0,0,0,2,0,0
2022-23,1629012,Collin Sexton,1610612762,UTA,48,24,24,1145,49,104,0.471,118,20,43,0.465,0.567
2022-23,1630557,Corey Kispert,1610612764,WAS,74,31,43,2093,20,52,0.385,53,13,33,0.394,0.51
2022-23,202709,Cory Joseph,1610612765,DET,62,12,50,1227,50,136,0.368,121,21,63,0.333,0.445
2022-23,1626156,D'Angelo Russell,1610612747,LAL,71,39,32,2304,184,430,0.428,450,82,214,0.383,0.523
2022-23,1630227,Daishen Nix,1610612745,HOU,57,15,42,914,18,53,0.34,52,16,47,0.34,0.491
2022-23,1630625,Dalano Banton,1610612761,TOR,31,17,14,279,5,33,0.152,12,2,12,0.167,0.182
2022-23,1631207,Dalen Terry,1610612741,CHI,38,19,19,214,6,14,0.429,15,3,8,0.375,0.536
2022-23,1627745,Damian Jones,1610612762,UTA,41,12,29,477,0,0,,0,0,0,,
2022-23,203081,Damian Lillard,1610612757,POR,58,27,31,2107,227,561,0.405,613,159,427,0.372,0.546
2022-23,1627814,Damion Lee,1610612756,PHX,74,40,34,1506,29,93,0.312,60,2,16,0.125,0.323
2022-23,1629655,Daniel Gafford,1610612764,WAS,78,32,46,1604,6,9,0.667,12,,,,0.667
2022-23,1628464,Daniel Theis,1610612754,IND,7,1,6,109,0,0,,0,0,0,,
2022-23,201980,Danny Green,1610612739,CLE,11,6,5,139,5,11,0.455,12,2,7,0.286,0.545
2022-23,1627863,Danuel House Jr.,1610612755,PHI,56,38,18,807,22,52,0.423,57,13,37,0.351,0.548
2022-23,203967,Dario Saric,1610612760,OKC,57,26,31,806,7,26,0.269,15,1,5,0.2,0.288
2022-23,1629647,Darius Bazley,1610612756,PHX,43,19,24,616,2,12,0.167,5,1,2,0.5,0.208
2022-23,1630620,Darius Days,1610612745,HOU,4,0,4,25,0,0,,0,0,0,,
2022-23,1629636,Darius Garland,1610612739,CLE,69,40,29,2447,210,499,0.421,511,91,233,0.391,0.512
2022-23,1630561,David Duke Jr.,1610612751,BKN,23,10,13,228,3,8,0.375,6,0,1,0,0.375
2022-23,1631223,David Roddy,1610612763,MEM,70,44,26,1259,13,31,0.419,29,3,13,0.231,0.468
2022-23,1630558,Davion Mitchell,1610612758,SAC,80,47,33,1447,47,133,0.353,110,16,61,0.262,0.414
2022-23,202722,Davis Bertans,1610612742,DAL,45,20,25,492,6,14,0.429,17,5,13,0.385,0.607
2022-23,1628432,Davon Reed,1610612743,DEN,43,29,14,343,10,29,0.345,24,4,6,0.667,0.414
2022-23,1630549,Day'Ron Sharpe,1610612751,BKN,48,22,26,552,1,1,1,3,1,1,1,1.5
2022-23,1628368,De'Aaron Fox,1610612758,SAC,73,44,29,2435,258,630,0.41,575,59,196,0.301,0.456
2022-23,1629631,De'Andre Hunter,1610612737,ATL,67,35,32,2126,134,263,0.51,282,14,36,0.389,0.536
2022-23,1629001,De'Anthony Melton,1610612755,PHI,77,50,27,2150,45,142,0.317,122,32,100,0.32,0.43
2022-23,201599,DeAndre Jordan,1610612743,DEN,39,23,16,586,1,1,1,2,0,0,,1
2022-23,201942,DeMar DeRozan,1610612741,CHI,74,37,37,2682,352,745,0.472,712,8,26,0.308,0.478
2022-23,1629731,Dean Wade,1610612739,CLE,44,30,14,892,2,8,0.25,5,1,2,0.5,0.313
2022-23,1629028,Deandre Ayton,1610612756,PHX,67,36,31,2035,33,71,0.465,68,2,2,1,0.479
2022-23,1627749,Dejounte Murray,1610612737,ATL,74,38,36,2693,292,630,0.463,632,48,132,0.364,0.502
2022-23,1626153,Delon Wright,1610612764,WAS,50,26,24,1221,26,69,0.377,67,15,43,0.349,0.486
2022-23,1630166,Deni Avdija,1610612764,WAS,76,33,43,2020,10,57,0.175,27,7,37,0.189,0.237
2022-23,203471,Dennis Schröder,1610612747,LAL,66,37,29,1986,90,214,0.421,188,8,33,0.242,0.439
2022-23,1628372,Dennis Smith Jr.,1610612766,CHA,54,19,35,1390,31,123,0.252,63,1,19,0.053,0.256
2022-23,1629126,Deonte Burton,1610612758,SAC,2,1,1,6,0,0,,0,0,0,,
2022-23,1631220,Dereon Seabron,1610612740,NOP,5,2,3,12,0,0,,0,,,,
2022-23,1627884,Derrick Jones Jr.,1610612741,CHI,64,29,35,893,2,3,0.667,5,1,2,0.5,0.833
2022-23,201565,Derrick Rose,1610612752,NYK,27,12,15,338,24,58,0.414,58,10,26,0.385,0.5
2022-23,1628401,Derrick White,1610612738,BOS,82,57,25,2319,68,154,0.442,163,27,77,0.351,0.529
2022-23,1630217,Desmond Bane,1610612763,MEM,58,38,20,1841,131,312,0.42,339,77,192,0.401,0.543
2022-23,1626164,Devin Booker,1610612756,PHX,53,34,19,1835,258,583,0.443,579,63,204,0.309,0.497
2022-23,1630170,Devin Vassell,1610612759,SAS,38,12,26,1178,106,265,0.4,234,22,78,0.282,0.442
2022-23,1629653,Devon Dotson,1610612764,WAS,6,1,5,53,0,3,0,0,0,0,,0
2022-23,1628984,Devonte' Graham,1610612759,SAS,73,31,42,1338,64,181,0.354,174,46,140,0.329,0.481
2022-23,203473,Dewayne Dedmon,1610612755,PHI,38,23,15,426,9,14,0.643,20,2,2,1,0.714
2022-23,1628415,Dillon Brooks,1610612763,MEM,73,46,27,2214,127,368,0.345,296,42,155,0.271,0.402
2022-23,1627734,Domantas Sabonis,1610612758,SAC,79,47,32,2736,9,20,0.45,18,0,2,0,0.45
2022-23,1631230,Dominick Barlow,1610612759,SAS,28,5,23,408,1,1,1,2,0,0,,1
2022-23,1628378,Donovan Mitchell,1610612739,CLE,68,44,24,2432,279,652,0.428,710,152,388,0.392,0.544
2022-23,1631495,Donovan Williams,1610612737,ATL,2,1,1,4,0,1,0,0,0,1,0,0
2022-23,1628978,Donte DiVincenzo,1610612744,GSW,72,42,30,1894,17,72,0.236,46,12,53,0.226,0.319
2022-23,1627827,Dorian Finney-Smith,1610612751,BKN,66,31,35,2009,6,26,0.231,18,6,21,0.286,0.346
2022-23,203926,Doug McDermott,1610612759,SAS,64,19,45,1314,41,104,0.394,102,20,47,0.426,0.49
2022-23,203110,Draymond Green,1610612744,GSW,73,41,32,2298,3,13,0.231,7,1,3,0.333,0.269
2022-23,1629234,Drew Eubanks,1610612757,POR,78,31,47,1584,10,23,0.435,20,0,0,,0.435
2022-23,1630696,Dru Smith,1610612751,BKN,15,7,8,158,5,15,0.333,10,0,5,0,0.333
2022-23,1630613,Duane Washington Jr.,1610612752,NYK,31,17,14,394,42,107,0.393,104,20,46,0.435,0.486
2022-23,1629130,Duncan Robinson,1610612748,MIA,42,19,23,690,27,67,0.403,74,20,53,0.377,0.552
2022-23,203939,Dwight Powell,1610612742,DAL,76,37,39,1458,1,3,0.333,2,0,1,0,0.333
2022-23,1629685,Dylan Windler,1610612739,CLE,3,3,0,10,0,0,,0,0,0,,
2022-23,1630700,Dyson Daniels,1610612740,NOP,59,33,26,1042,8,29,0.276,19,3,15,0.2,0.328
2022-23,1628410,Edmond Sumner,1610612751,BKN,53,33,20,736,14,36,0.389,32,4,13,0.308,0.444
2022-23,201569,Eric Gordon,1610612746,LAC,69,25,44,1966,42,116,0.362,118,34,88,0.386,0.509
2022-23,1630647,Eugene Omoruyi,1610612765,DET,40,10,30,645,3,10,0.3,9,3,7,0.429,0.45
2022-23,203095,Evan Fournier,1610612752,NYK,27,15,12,459,23,76,0.303,59,13,49,0.265,0.388
2022-23,1630596,Evan Mobley,1610612739,CLE,79,48,31,2715,45,115,0.391,91,1,1,1,0.396
2022-23,1630267,Facundo Campazzo,1610612742,DAL,8,2,6,52,1,5,0.2,3,1,5,0.2,0.3
2022-23,1628402,Frank Jackson,1610612756,PHX,1,0,1,5,0,1,0,0,0,0,,0
2022-23,1626163,Frank Kaminsky,1610612745,HOU,36,13,23,235,1,5,0.2,2,0,0,,0.2
2022-23,1628373,Frank Ntilikina,1610612742,DAL,47,20,27,608,14,30,0.467,31,3,11,0.273,0.517
2022-23,1630532,Franz Wagner,1610612753,ORL,80,33,47,2609,87,252,0.345,215,41,141,0.291,0.427
2022-23,1627832,Fred VanVleet,1610612761,TOR,69,34,35,2535,198,517,0.383,499,103,307,0.336,0.483
2022-23,1627788,Furkan Korkmaz,1610612755,PHI,37,24,13,353,12,32,0.375,29,5,13,0.385,0.453
2022-23,1629216,Gabe Vincent,1610612748,MIA,68,37,31,1759,89,214,0.416,218,40,123,0.325,0.509
2022-23,1628221,Gabe York,1610612754,IND,3,1,2,56,0,4,0,0,0,4,0,0
2022-23,202066,Garrett Temple,1610612740,NOP,25,16,9,162,2,8,0.25,6,2,5,0.4,0.375
2022-23,1629726,Garrison Mathews,1610612737,ATL,54,16,38,686,12,34,0.353,35,11,31,0.355,0.515
2022-23,203914,Gary Harris,1610612753,ORL,48,22,26,1184,19,47,0.404,52,14,31,0.452,0.553
2022-23,1627780,Gary Payton II,1610612744,GSW,22,13,9,368,0,0,,0,0,0,,
2022-23,1629018,Gary Trent Jr.,1610612761,TOR,66,31,35,2118,153,392,0.39,349,43,144,0.299,0.445
2022-23,201588,George Hill,1610612754,IND,46,27,19,833,17,42,0.405,40,6,23,0.261,0.476
2022-23,1627777,Georges Niang,1610612755,PHI,78,51,27,1512,14,44,0.318,35,7,29,0.241,0.398
2022-23,203507,Giannis Antetokounmpo,1610612749,MIL,63,47,16,2024,98,303,0.323,218,22,96,0.229,0.36
2022-23,1629048,Goga Bitadze,1610612753,ORL,38,13,25,457,1,2,0.5,3,1,2,0.5,0.75
2022-23,201609,Goran Dragic,1610612749,MIL,58,27,31,870,46,130,0.354,99,7,40,0.175,0.381
2022-23,202330,Gordon Hayward,1610612766,CHA,50,20,30,1577,108,247,0.437,226,10,36,0.278,0.457
2022-23,203476,Gorgui Dieng,1610612759,SAS,31,3,28,358,8,32,0.25,19,3,21,0.143,0.297
2022-23,1629684,Grant Williams,1610612738,BOS,79,55,24,2045,32,79,0.405,88,24,52,0.462,0.557
2022-23,1628960,Grayson Allen,1610612749,MIL,72,53,19,1972,40,121,0.331,114,34,94,0.362,0.471
2022-23,1630535,Greg Brown III,1610612757,POR,16,10,6,93,0,2,0,0,0,1,0,0
2022-23,1628977,Hamidou Diallo,1610612765,DET,56,12,44,996,29,69,0.42,60,2,4,0.5,0.435
2022-23,203084,Harrison Barnes,1610612758,SAC,82,48,34,2662,43,107,0.402,109,23,55,0.418,0.509
2022-23,1629312,Haywood Highsmith,1610612748,MIA,54,28,26,969,5,16,0.313,12,2,5,0.4,0.375
2022-23,1630529,Herbert Jones,1610612740,NOP,66,31,35,1951,4,13,0.308,9,1,3,0.333,0.346
2022-23,1630193,Immanuel Quickley,1610612752,NYK,81,47,34,2344,149,392,0.38,369,71,206,0.345,0.471
2022-23,1630171,Isaac Okoro,1610612739,CLE,76,48,28,1653,3,9,0.333,9,3,7,0.429,0.5
2022-23,1628392,Isaiah Hartenstein,1610612752,NYK,82,47,35,1628,3,8,0.375,6,0,0,,0.375
2022-23,1630543,Isaiah Jackson,1610612754,IND,63,24,39,1042,6,13,0.462,12,0,2,0,0.462
2022-23,1630198,Isaiah Joe,1610612760,OKC,73,36,37,1395,62,144,0.431,153,29,84,0.345,0.531
2022-23,1630587,Isaiah Livers,1610612765,DET,52,10,42,1199,26,64,0.406,61,9,23,0.391,0.477
2022-23,1630600,Isaiah Mobley,1610612739,CLE,12,8,4,84,0,1,0,0,0,0,,0
2022-23,1629676,Isaiah Roby,1610612752,NYK,42,9,33,474,8,27,0.296,20,4,14,0.286,0.37
2022-23,1630191,Isaiah Stewart,1610612765,DET,50,12,38,1414,1,6,0.167,2,0,5,0,0.167
2022-23,1630225,Isaiah Todd,1610612764,WAS,6,2,4,61,1,1,1,2,0,0,,1
2022-23,202397,Ish Smith,1610612743,DEN,43,25,18,398,31,88,0.352,62,0,6,0,0.352
2022-23,1630688,Ish Wainright,1610612756,PHX,60,33,27,915,5,14,0.357,14,4,12,0.333,0.5
2022-23,1627826,Ivica Zubac,1610612746,LAC,76,43,33,2169,0,2,0,0,0,0,,0
2022-23,1631120,JD Davison,1610612738,BOS,12,11,1,66,2,7,0.286,4,0,1,0,0.286
2022-23,1630550,JT Thor,1610612766,CHA,69,22,47,969,8,29,0.276,16,0,4,0,0.276
2022-23,1629630,Ja Morant,1610612763,MEM,61,40,21,1948,166,431,0.385,389,57,191,0.298,0.451
2022-23,203210,JaMychal Green,1610612744,GSW,57,30,27,797,0,2,0,0,0,1,0,0
2022-23,201580,JaVale McGee,1610612742,DAL,42,20,22,355,1,4,0.25,2,0,1,0,0.25
2022-23,1631095,Jabari Smith Jr.,1610612745,HOU,79,21,58,2451,99,255,0.388,223,25,67,0.373,0.437
2022-23,1631133,Jabari Walker,1610612757,POR,56,21,35,619,2,11,0.182,4,0,3,0,0.182
2022-23,1631298,Jack White,1610612743,DEN,17,13,4,66,0,0,,0,0,0,,
2022-23,1631367,Jacob Gilyard,1610612763,MEM,1,0,1,41,0,1,0,0,0,1,0,0
2022-23,1630702,Jaden Hardy,1610612742,DAL,48,20,28,708,37,99,0.374,96,22,57,0.386,0.485
2022-23,1631093,Jaden Ivey,1610612765,DET,74,16,58,2304,137,377,0.363,325,51,167,0.305,0.431
2022-23,1630183,Jaden McDaniels,1610612750,MIN,79,41,38,2416,44,108,0.407,96,8,19,0.421,0.444
2022-23,1630531,Jaden Springer,1610612755,PHI,16,13,3,89,3,9,0.333,7,1,1,1,0.389
2022-23,203109,Jae Crowder,1610612749,MIL,18,13,5,340,11,28,0.393,26,4,11,0.364,0.464
2022-23,1630256,Jae'Sean Tate,1610612745,HOU,31,7,24,677,4,16,0.25,9,1,5,0.2,0.281
2022-23,1631222,Jake LaRavia,1610612763,MEM,35,22,13,414,3,12,0.25,8,2,11,0.182,0.333
2022-23,1627751,Jakob Poeltl,1610612761,TOR,72,26,46,1906,17,31,0.548,34,0,1,0,0.548
2022-23,1628973,Jalen Brunson,1610612752,NYK,68,40,28,2379,251,561,0.447,575,73,192,0.38,0.512
2022-23,1631105,Jalen Duren,1610612765,DET,67,16,51,1670,4,12,0.333,8,0,0,,0.333
2022-23,1630224,Jalen Green,1610612745,HOU,76,20,56,2602,201,552,0.364,501,99,303,0.327,0.454
2022-23,1630552,Jalen Johnson,1610612737,ATL,70,35,35,1042,9,29,0.31,18,0,7,0,0.31
2022-23,1629667,Jalen McDaniels,1610612755,PHI,80,31,49,1913,25,75,0.333,52,2,8,0.25,0.347
2022-23,1630188,Jalen Smith,1610612754,IND,68,31,37,1279,8,24,0.333,19,3,5,0.6,0.396
2022-23,1630591,Jalen Suggs,1610612753,ORL,53,20,33,1246,53,156,0.34,133,27,89,0.303,0.426
2022-23,1631114,Jalen Williams,1610612760,OKC,75,36,39,2276,58,147,0.395,127,11,33,0.333,0.432
2022-23,1631288,Jamal Cain,1610612748,MIA,18,10,8,240,1,7,0.143,2,0,2,0,0.143
2022-23,1627750,Jamal Murray,1610612743,DEN,65,43,22,2133,221,551,0.401,538,96,244,0.393,0.488
2022-23,1631123,Jamaree Bouyea,1610612748,MIA,5,2,3,71,1,4,0.25,3,1,3,0.333,0.375
2022-23,1630547,James Bouknight,1610612766,CHA,34,9,25,515,23,71,0.324,58,12,44,0.273,0.408
2022-23,201935,James Harden,1610612755,PHI,58,39,19,2135,175,443,0.395,465,115,306,0.376,0.525
2022-23,201949,James Johnson,1610612754,IND,18,7,11,162,5,11,0.455,11,1,4,0.25,0.5
2022-23,1630164,James Wiseman,1610612765,DET,45,11,34,867,5,25,0.2,10,0,0,,0.2
2022-23,1630215,Jared Butler,1610612760,OKC,6,3,3,77,3,8,0.375,8,2,5,0.4,0.5
2022-23,1631197,Jared Rhoden,1610612765,DET,14,2,12,198,2,6,0.333,4,0,1,0,0.333
2022-23,1628991,Jaren Jackson Jr.,1610612763,MEM,63,41,22,1788,15,47,0.319,38,8,24,0.333,0.404
2022-23,1629020,Jarred Vanderbilt,1610612747,LAL,78,43,35,1880,4,16,0.25,9,1,2,0.5,0.281
2022-23,1629714,Jarrell Brantley,1610612762,UTA,4,0,4,39,0,1,0,0,0,1,0,0
2022-23,1628386,Jarrett Allen,1610612739,CLE,68,44,24,2220,2,4,0.5,4,0,0,,0.5
2022-23,1629633,Jarrett Culver,1610612737,ATL,10,5,5,137,3,8,0.375,6,0,2,0,0.375
2022-23,1630554,Jason Preston,1610612746,LAC,14,4,10,124,6,16,0.375,13,1,4,0.25,0.406
2022-23,1629750,Javonte Green,1610612741,CHI,32,13,19,480,2,5,0.4,5,1,1,1,0.5
2022-23,1629637,Jaxson Hayes,1610612740,NOP,47,22,25,610,0,2,0,0,0,0,,0
2022-23,1630643,Jay Huff,1610612764,WAS,7,2,5,95,1,3,0.333,2,0,0,,0.333
2022-23,1630206,Jay Scrubb,1610612753,ORL,2,1,1,30,1,1,1,3,1,1,1,1.5
2022-23,1627759,Jaylen Brown,1610612738,BOS,67,46,21,2405,173,429,0.403,401,55,173,0.318,0.467
2022-23,1629669,Jaylen Nowell,1610612750,MIN,65,34,31,1252,84,195,0.431,196,28,92,0.304,0.503
2022-23,1631119,Jaylin Williams,1610612760,OKC,49,23,26,914,2,3,0.667,5,1,1,1,0.833
2022-23,1628369,Jayson Tatum,1610612738,BOS,74,52,22,2732,153,507,0.302,410,104,357,0.291,0.404
2022-23,1630288,Jeff Dowtin Jr.,1610612761,TOR,25,17,8,259,8,23,0.348,17,1,3,0.333,0.37
2022-23,201145,Jeff Green,1610612743,DEN,56,33,23,1091,12,43,0.279,28,4,14,0.286,0.326
2022-23,203924,Jerami Grant,1610612757,POR,63,28,35,2246,71,176,0.403,154,12,27,0.444,0.438
2022-23,1630526,Jeremiah Robinson-Earl,1610612760,OKC,43,16,27,814,2,3,0.667,5,1,2,0.5,0.833
2022-23,1631110,Jeremy Sochan,1610612759,SAS,56,15,41,1458,30,76,0.395,65,5,15,0.333,0.428
2022-23,1630579,Jericho Sims,1610612752,NYK,52,31,21,812,0,3,0,0,0,1,0,0
2022-23,1628975,Jevon Carter,1610612749,MIL,81,57,24,1812,112,269,0.416,277,53,135,0.393,0.515
2022-23,202710,Jimmy Butler III,1610612748,MIA,64,35,29,2138,96,225,0.427,201,9,32,0.281,0.447
2022-23,1629111,Jock Landale,1610612756,PHX,69,35,34,978,1,11,0.091,2,0,3,0,0.091
2022-23,203925,Joe Harris,1610612751,BKN,74,40,34,1527,24,60,0.4,66,18,42,0.429,0.55
2022-23,204060,Joe Ingles,1610612749,MIL,46,32,14,1043,34,71,0.479,98,30,64,0.469,0.69
2022-23,1630580,Joe Wieskamp,1610612761,TOR,9,6,3,50,0,1,0,0,0,1,0,0
2022-23,203954,Joel Embiid,1610612755,PHI,66,43,23,2284,202,464,0.435,421,17,76,0.224,0.454
2022-23,1631219,John Butler Jr.,1610612757,POR,19,4,15,221,1,5,0.2,2,0,1,0,0.2
2022-23,1628381,John Collins,1610612737,ATL,71,37,34,2130,23,61,0.377,46,0,4,0,0.377
2022-23,1629723,John Konchar,1610612763,MEM,72,45,27,1494,9,25,0.36,25,7,19,0.368,0.5
2022-23,202322,John Wall,1610612746,LAC,34,15,19,755,28,105,0.267,57,1,20,0.05,0.271
2022-23,1631098,Johnny Davis,1610612764,WAS,28,10,18,423,20,60,0.333,41,1,13,0.077,0.342
2022-23,1630548,Johnny Juzang,1610612762,UTA,18,6,12,232,13,32,0.406,30,4,13,0.308,0.469
2022-23,202685,Jonas Valanciunas,1610612740,NOP,79,40,39,1968,8,31,0.258,16,0,1,0,0.258
2022-23,1628371,Jonathan Isaac,1610612753,ORL,11,8,3,124,1,6,0.167,2,0,0,,0.167
2022-23,1630228,Jonathan Kuminga,1610612744,GSW,67,38,29,1394,24,55,0.436,55,7,16,0.438,0.5
2022-23,203903,Jordan Clarkson,1610612762,UTA,61,30,31,1988,144,363,0.397,361,73,213,0.343,0.497
2022-23,1630692,Jordan Goodwin,1610612764,WAS,62,22,40,1105,46,118,0.39,102,10,38,0.263,0.432
2022-23,1631160,Jordan Hall,1610612759,SAS,9,1,8,83,4,9,0.444,10,2,3,0.667,0.556
2022-23,1629162,Jordan McLaughlin,1610612750,MIN,43,22,21,678,12,33,0.364,31,7,23,0.304,0.47
2022-23,1629670,Jordan Nwora,1610612754,IND,62,36,26,1188,31,100,0.31,75,13,43,0.302,0.375
2022-23,1629673,Jordan Poole,1610612744,GSW,82,44,38,2458,162,476,0.34,410,86,284,0.303,0.431
2022-23,1630648,Jordan Schakel,1610612764,WAS,2,0,2,6,1,1,1,3,1,1,1,1.5
2022-23,1630631,Jose Alvarado,1610612740,NOP,61,30,31,1310,24,73,0.329,58,10,31,0.323,0.397
2022-23,1630528,Josh Christopher,1610612745,HOU,64,16,48,786,46,113,0.407,102,10,37,0.27,0.451
2022-23,1630581,Josh Giddey,1610612760,OKC,76,34,42,2367,73,181,0.403,150,4,23,0.174,0.414
2022-23,1630182,Josh Green,1610612742,DAL,60,27,33,1539,13,31,0.419,28,2,8,0.25,0.452
2022-23,1628404,Josh Hart,1610612752,NYK,76,42,34,2454,19,64,0.297,39,1,15,0.067,0.305
2022-23,1631169,Josh Minott,1610612750,MIN,15,7,8,96,0,2,0,0,0,1,0,0
2022-23,1629006,Josh Okogie,1610612756,PHX,72,38,34,1351,17,64,0.266,43,9,31,0.29,0.336
2022-23,1626196,Josh Richardson,1610612740,NOP,65,24,41,1530,82,189,0.434,175,11,33,0.333,0.463
2022-23,1630563,Joshua Primo,1610612759,SAS,4,3,1,93,4,9,0.444,9,1,3,0.333,0.5
2022-23,201950,Jrue Holiday,1610612749,MIL,67,50,17,2183,195,486,0.401,493,103,285,0.361,0.507
2022-23,1629308,Juan Toscano-Anderson,1610612762,UTA,52,19,33,700,5,18,0.278,10,0,5,0,0.278
2022-23,1627823,Juancho Hernangomez,1610612761,TOR,42,20,22,613,0,4,0,0,0,3,0,0
2022-23,1630577,Julian Champagnie,1610612759,SAS,17,7,10,320,4,8,0.5,9,1,3,0.333,0.563
2022-23,203944,Julius Randle,1610612752,NYK,77,44,33,2737,201,512,0.393,480,78,233,0.335,0.469
2022-23,1630551,Justin Champagnie,1610612738,BOS,5,4,1,34,1,1,1,3,1,1,1,1.5
2022-23,203200,Justin Holiday,1610612742,DAL,46,18,28,706,14,49,0.286,35,7,24,0.292,0.357
2022-23,1628382,Justin Jackson,1610612738,BOS,23,15,8,107,1,5,0.2,3,1,2,0.5,0.3
2022-23,1631303,Justin Minaya,1610612757,POR,4,0,4,89,0,2,0,0,0,1,0,0
2022-23,1626159,Justise Winslow,1610612757,POR,29,15,14,776,9,28,0.321,18,0,1,0,0.321
2022-23,203994,Jusuf Nurkić,1610612757,POR,52,24,28,1391,3,11,0.273,7,1,3,0.333,0.318
2022-23,1630231,KJ Martin,1610612745,HOU,82,22,60,2292,1,8,0.125,2,0,5,0,0.125
2022-23,1629644,KZ Okpala,1610612758,SAC,35,19,16,248,1,2,0.5,2,0,0,,0.5
2022-23,1630539,Kai Jones,1610612766,CHA,46,13,33,550,3,14,0.214,6,0,1,0,0.214
2022-23,1626157,Karl-Anthony Towns,1610612750,MIN,29,15,14,957,17,47,0.362,41,7,17,0.412,0.436
2022-23,202695,Kawhi Leonard,1610612746,LAC,52,33,19,1747,211,438,0.482,465,43,107,0.402,0.531
2022-23,1631099,Keegan Murray,1610612758,SAC,80,47,33,2382,37,84,0.44,88,14,35,0.4,0.524
2022-23,1628966,Keita Bates-Diop,1610612759,SAS,67,18,49,1453,11,34,0.324,22,0,4,0,0.324
2022-23,1629640,Keldon Johnson,1610612759,SAS,63,17,46,2063,53,181,0.293,127,21,79,0.266,0.351
2022-23,203482,Kelly Olynyk,1610612762,UTA,68,28,40,1942,32,76,0.421,77,13,29,0.448,0.507
2022-23,1626162,Kelly Oubre Jr.,1610612766,CHA,48,16,32,1548,72,182,0.396,166,22,72,0.306,0.456
2022-23,202689,Kemba Walker,1610612742,DAL,9,5,4,144,13,31,0.419,33,7,21,0.333,0.532
2022-23,1631112,Kendall Brown,1610612754,IND,6,1,5,40,1,1,1,2,0,0,,1
2022-23,1629134,Kendrick Nunn,1610612764,WAS,70,30,40,963,70,176,0.398,174,34,88,0.386,0.494
2022-23,1631113,Kennedy Chandler,1610612763,MEM,36,22,14,282,8,18,0.444,16,0,4,0,0.444
2022-23,1631254,Kenneth Lofton Jr.,1610612763,MEM,24,15,9,176,3,16,0.188,7,1,3,0.333,0.219
2022-23,1629026,Kenrich Williams,1610612760,OKC,53,26,27,1206,25,64,0.391,54,4,14,0.286,0.422
2022-23,203484,Kentavious Caldwell-Pope,1610612743,DEN,76,51,25,2381,73,178,0.41,162,16,50,0.32,0.455
2022-23,1631165,Keon Ellis,1610612758,SAC,16,7,9,71,3,7,0.429,9,3,5,0.6,0.643
2022-23,1630553,Keon Johnson,1610612757,POR,40,13,27,416,19,61,0.311,51,13,32,0.406,0.418
2022-23,1630556,Kessler Edwards,1610612758,SAC,36,17,19,386,2,8,0.25,4,0,2,0,0.25
2022-23,201142,Kevin Durant,1610612756,PHX,47,34,13,1672,257,469,0.548,551,37,100,0.37,0.587
2022-23,1628989,Kevin Huerter,1610612758,SAC,75,44,31,2203,113,265,0.426,293,67,161,0.416,0.553
2022-23,1628995,Kevin Knox II,1610612757,POR,63,12,51,952,19,61,0.311,43,5,27,0.185,0.352
2022-23,201567,Kevin Love,1610612748,MIA,62,35,27,1239,20,60,0.333,52,12,43,0.279,0.433
2022-23,1629645,Kevin Porter Jr.,1610612745,HOU,59,18,41,2024,165,428,0.386,418,88,261,0.337,0.488
2022-23,1630284,Kevon Harris,1610612753,ORL,34,12,22,457,3,16,0.188,8,2,11,0.182,0.25
2022-23,1626172,Kevon Looney,1610612744,GSW,82,44,38,1958,0,7,0,0,0,0,,0
2022-23,203920,Khem Birch,1610612759,SAS,20,9,11,162,0,0,,0,0,0,,
2022-23,203114,Khris Middleton,1610612749,MIL,33,25,8,801,80,194,0.412,187,27,81,0.333,0.482
2022-23,1630165,Killian Hayes,1610612765,DET,76,16,60,2154,158,419,0.377,338,22,90,0.244,0.403
2022-23,1630184,Kira Lewis Jr.,1610612740,NOP,25,11,14,235,10,21,0.476,23,3,6,0.5,0.548
2022-23,202691,Klay Thompson,1610612744,GSW,69,38,31,2279,170,428,0.397,414,74,185,0.4,0.484
2022-23,1628424,Kobi Simmons,1610612766,CHA,5,1,4,28,1,3,0.333,3,1,3,0.333,0.5
2022-23,1627739,Kris Dunn,1610612762,UTA,22,8,14,568,11,21,0.524,26,4,7,0.571,0.619
2022-23,204001,Kristaps Porziņģis,1610612764,WAS,65,27,38,2120,101,232,0.435,213,11,36,0.306,0.459
2022-23,203937,Kyle Anderson,1610612750,MIN,69,36,33,1957,31,74,0.419,69,7,17,0.412,0.466
2022-23,1628398,Kyle Kuzma,1610612764,WAS,64,29,35,2239,94,287,0.328,235,47,147,0.32,0.409
2022-23,200768,Kyle Lowry,1610612748,MIA,55,30,25,1718,65,166,0.392,167,37,107,0.346,0.503
2022-23,202681,Kyrie Irving,1610612742,DAL,60,32,28,2241,256,555,0.461,612,100,265,0.377,0.551
2022-23,1630163,LaMelo Ball,1610612766,CHA,36,13,23,1268,108,294,0.367,280,64,184,0.348,0.476
2022-23,1630205,Lamar Stevens,1610612739,CLE,62,39,23,1120,18,53,0.34,36,0,2,0,0.34
2022-23,1629013,Landry Shamet,1610612756,PHX,40,19,21,807,29,101,0.287,78,20,63,0.317,0.386
2022-23,1626204,Larry Nance Jr.,1610612740,NOP,65,34,31,1381,4,13,0.308,8,0,1,0,0.308
2022-23,1628374,Lauri Markkanen,1610612762,UTA,66,32,34,2272,56,144,0.389,128,16,54,0.296,0.444
2022-23,2544,LeBron James,1610612747,LAL,55,30,25,1954,118,358,0.33,285,49,155,0.316,0.398
2022-23,1630195,Leandro Bolmaro,1610612762,UTA,14,8,6,68,2,5,0.4,4,0,0,,0.4
2022-23,1631311,Lester Quiñones,1610612744,GSW,4,4,0,18,1,2,0.5,3,1,2,0.5,0.75
2022-23,1629623,Lindell Wigginton,1610612749,MIL,7,4,3,87,2,8,0.25,4,0,5,0,0.25
2022-23,1630322,Lindy Waters III,1610612760,OKC,41,20,21,531,10,29,0.345,27,7,26,0.269,0.466
2022-23,1629022,Lonnie Walker IV,1610612747,LAL,56,27,29,1297,43,122,0.352,99,13,46,0.283,0.406
2022-23,1629663,Louis King,1610612755,PHI,1,1,0,29,4,6,0.667,10,2,4,0.5,0.833
2022-23,1629652,Luguentz Dort,1610612760,OKC,74,36,38,2272,41,116,0.353,103,21,66,0.318,0.444
2022-23,1629029,Luka Dončić,1610612742,DAL,66,33,33,2390,302,766,0.394,762,158,459,0.344,0.497
2022-23,1630568,Luka Garza,1610612750,MIN,28,15,13,243,2,3,0.667,4,0,0,,0.667
2022-23,1629677,Luka Samanic,1610612762,UTA,7,2,5,161,0,3,0,0,0,1,0,0
2022-23,1628379,Luke Kennard,1610612763,MEM,59,37,22,1315,48,113,0.425,117,21,56,0.375,0.518
2022-23,1628436,Luke Kornet,1610612738,BOS,69,45,24,804,2,4,0.5,5,1,2,0.5,0.625
2022-23,1630644,Mac McClung,1610612755,PHI,2,2,0,41,1,3,0.333,3,1,2,0.5,0.5
2022-23,1630201,Malachi Flynn,1610612761,TOR,53,29,24,691,27,90,0.3,67,13,41,0.317,0.372
2022-23,1631103,Malaki Branham,1610612759,SAS,66,15,51,1550,83,187,0.444,176,10,46,0.217,0.471
2022-23,1627763,Malcolm Brogdon,1610612738,BOS,67,46,21,1744,117,259,0.452,294,60,134,0.448,0.568
2022-23,1630792,Malcolm Hill,1610612741,CHI,5,4,1,9,0,0,,0,0,0,,
2022-23,1627736,Malik Beasley,1610612747,LAL,81,45,36,2093,107,288,0.372,275,61,169,0.361,0.477
2022-23,1628370,Malik Monk,1610612758,SAC,77,47,30,1719,78,215,0.363,201,45,139,0.324,0.467
2022-23,1629603,Mamadi Diakite,1610612739,CLE,22,15,7,176,2,5,0.4,5,1,2,0.5,0.5
2022-23,1630699,MarJon Beauchamp,1610612749,MIL,52,34,18,701,21,61,0.344,54,12,35,0.343,0.443
2022-23,202694,Marcus Morris Sr.,1610612746,LAC,65,35,30,1825,114,258,0.442,244,16,44,0.364,0.473
2022-23,203935,Marcus Smart,1610612738,BOS,61,43,18,1957,34,107,0.318,88,20,68,0.294,0.411
2022-23,1631109,Mark Williams,1610612766,CHA,43,18,25,828,1,1,1,2,,,,1
2022-23,1628365,Markelle Fultz,1610612753,ORL,60,29,31,1778,95,215,0.442,197,7,18,0.389,0.458
2022-23,202693,Markieff Morris,1610612742,DAL,35,17,18,355,12,25,0.48,26,2,3,0.667,0.52
2022-23,1630250,Marko Simonovic,1610612741,CHI,7,3,4,20,0,0,,0,0,0,,
2022-23,1628963,Marvin Bagley III,1610612765,DET,42,7,35,990,12,40,0.3,26,2,11,0.182,0.325
2022-23,203486,Mason Plumlee,1610612746,LAC,79,28,51,2053,9,17,0.529,18,,,,0.529
2022-23,1629680,Matisse Thybulle,1610612757,POR,71,38,33,1200,6,14,0.429,17,5,11,0.455,0.607
2022-23,1630346,Matt Ryan,1610612750,MIN,34,15,19,310,5,20,0.25,13,3,8,0.375,0.325
2022-23,203521,Matthew Dellavedova,1610612758,SAC,32,19,13,213,4,14,0.286,10,2,5,0.4,0.357
2022-23,1631108,Max Christie,1610612747,LAL,41,19,22,512,10,21,0.476,22,2,3,0.667,0.524
2022-23,1629622,Max Strus,1610612748,MIA,80,42,38,2272,35,111,0.315,95,25,84,0.298,0.428
2022-23,1628467,Maxi Kleber,1610612742,DAL,37,18,19,930,3,8,0.375,6,0,3,0,0.375
2022-23,1630593,McKinley Wright IV,1610612742,DAL,27,14,13,335,11,30,0.367,24,2,10,0.2,0.4
2022-23,203086,Meyers Leonard,1610612749,MIL,9,6,3,114,0,0,,0,0,0,,
2022-23,1629662,Mfiondu Kabengele,1610612738,BOS,4,3,1,36,0,0,,0,0,0,,
2022-23,1630695,Micah Potter,1610612762,UTA,7,4,3,52,0,0,,0,0,0,,
2022-23,203487,Michael Carter-Williams,1610612753,ORL,4,1,3,44,0,1,0,0,0,0,,0
2022-23,1630701,Michael Foster Jr.,1610612755,PHI,1,1,0,1,0,0,,0,,,,
2022-23,1629008,Michael Porter Jr.,1610612743,DEN,62,41,21,1798,80,215,0.372,200,40,111,0.36,0.465
2022-23,1628969,Mikal Bridges,1610612751,BKN,83,42,41,2963,222,489,0.454,472,28,78,0.359,0.483
2022-23,201144,Mike Conley,1610612750,MIN,67,34,33,2028,100,280,0.357,264,64,193,0.332,0.471
2022-23,203488,Mike Muscala,1610612738,BOS,63,32,31,945,13,21,0.619,34,8,11,0.727,0.81
2022-23,1630540,Miles McBride,1610612752,NYK,64,36,28,760,13,56,0.232,31,5,27,0.185,0.277
2022-23,1629011,Mitchell Robinson,1610612752,NYK,59,35,24,1589,0,1,0,0,,,,0
2022-23,1628964,Mo Bamba,1610612747,LAL,49,25,24,768,1,9,0.111,3,1,6,0.167,0.167
2022-23,1628420,Monte Morris,1610612764,WAS,62,28,34,1696,102,221,0.462,229,25,69,0.362,0.518
2022-23,1626149,Montrezl Harrell,1610612755,PHI,57,35,22,681,1,11,0.091,2,0,2,0,0.091
2022-23,1629021,Moritz Wagner,1610612753,ORL,57,27,30,1109,0,7,0,0,0,3,0,0
2022-23,1629650,Moses Brown,1610612746,LAC,36,17,19,294,0,0,,0,,,,
2022-23,1630541,Moses Moody,1610612744,GSW,63,37,26,817,10,23,0.435,24,4,12,0.333,0.522
2022-23,1631217,Moussa Diabaté,1610612746,LAC,22,10,12,195,0,2,0,0,0,0,,0
2022-23,1626167,Myles Turner,1610612754,IND,62,29,33,1825,22,56,0.393,51,7,21,0.333,0.455
2022-23,1630230,Naji Marshall,1610612740,NOP,77,40,37,1792,28,86,0.326,58,2,20,0.1,0.337
2022-23,1629642,Nassir Little,1610612757,POR,54,22,32,976,36,87,0.414,86,14,36,0.389,0.494
2022-23,1631466,Nate Williams,1610612757,POR,5,1,4,127,0,0,,0,0,0,,
2022-23,1630233,Nathan Knight,1610612750,MIN,38,19,19,291,1,6,0.167,3,1,4,0.25,0.25
2022-23,1629675,Naz Reid,1610612750,MIN,68,32,36,1251,5,25,0.2,12,2,14,0.143,0.24
2022-23,1629674,Neemias Queta,1610612758,SAC,5,1,4,29,0,0,,0,,,,
2022-23,203457,Nerlens Noel,1610612751,BKN,17,4,13,195,1,4,0.25,2,0,0,,0.25
2022-23,1629651,Nic Claxton,1610612751,BKN,76,41,35,2271,3,5,0.6,6,0,1,0,0.6
2022-23,1630208,Nick Richards,1610612766,CHA,65,21,44,1218,0,6,0,0,0,0,,0
2022-23,1629638,Nickeil Alexander-Walker,1610612750,MIN,59,29,30,884,35,83,0.422,90,20,49,0.408,0.542
2022-23,201587,Nicolas Batum,1610612746,LAC,78,44,34,1710,8,17,0.471,23,7,12,0.583,0.676
2022-23,203999,Nikola Jokić,1610612743,DEN,69,48,21,2323,36,78,0.462,81,9,22,0.409,0.519
2022-23,1631107,Nikola Jović,1610612748,MIA,15,7,8,204,0,3,0,0,0,0,,0
2022-23,202696,Nikola Vučević,1610612741,CHI,82,40,42,2746,24,78,0.308,48,0,0,,0.308
2022-23,203943,Noah Vonleh,1610612738,BOS,23,17,6,172,1,3,0.333,2,0,1,0,0.333
2022-23,1626181,Norman Powell,1610612746,LAC,60,31,29,1567,74,190,0.389,178,30,89,0.337,0.468
2022-23,1628384,OG Anunoby,1610612761,TOR,67,33,34,2386,58,158,0.367,131,15,48,0.313,0.415
2022-23,1630167,Obi Toppin,1610612752,NYK,67,37,30,1051,10,32,0.313,28,8,20,0.4,0.438
2022-23,1630534,Ochai Agbaji,1610612762,UTA,59,29,30,1209,15,52,0.288,38,8,34,0.235,0.365
2022-23,1630846,Olivier Sarr,1610612760,OKC,9,5,4,114,0,0,,0,0,0,,
2022-23,1630209,Omer Yurtseven,1610612748,MIA,9,5,4,83,0,1,0,0,0,0,,0
2022-23,1630168,Onyeka Okongwu,1610612737,ATL,80,41,39,1849,2,6,0.333,4,0,1,0,0.333
2022-23,1631115,Orlando Robinson,1610612748,MIA,31,18,13,425,0,0,,0,0,0,,
2022-23,1629052,Oshae Brissett,1610612754,IND,65,27,38,1083,4,19,0.211,11,3,10,0.3,0.289
2022-23,203490,Otto Porter Jr.,1610612761,TOR,8,4,4,146,2,6,0.333,4,0,1,0,0.333
2022-23,1631172,Ousmane Dieng,1610612760,OKC,39,20,19,569,4,24,0.167,9,1,13,0.077,0.188
2022-23,200782,P.J. Tucker,1610612755,PHI,75,48,27,1920,1,8,0.125,3,1,3,0.333,0.188
2022-23,1629023,P.J. Washington,1610612766,CHA,73,24,49,2380,65,172,0.378,155,25,67,0.373,0.451
2022-23,1628408,PJ Dozier,1610612758,SAC,16,11,5,79,4,14,0.286,9,1,5,0.2,0.321
2022-23,1631094,Paolo Banchero,1610612753,ORL,72,31,41,2430,142,404,0.351,317,33,126,0.262,0.392
2022-23,1627783,Pascal Siakam,1610612761,TOR,71,35,36,2652,182,437,0.416,384,20,73,0.274,0.439
2022-23,1626192,Pat Connaughton,1610612749,MIL,61,43,18,1443,9,18,0.5,25,7,15,0.467,0.694
2022-23,1631116,Patrick Baldwin Jr.,1610612744,GSW,31,15,16,226,3,11,0.273,8,2,3,0.667,0.364
2022-23,201976,Patrick Beverley,1610612741,CHI,67,34,33,1817,23,56,0.411,58,12,37,0.324,0.518
2022-23,1630172,Patrick Williams,1610612741,CHI,82,40,42,2323,65,158,0.411,137,7,19,0.368,0.434
2022-23,201988,Patty Mills,1610612751,BKN,40,18,22,567,32,77,0.416,76,12,29,0.414,0.494
2022-23,202331,Paul George,1610612746,LAC,56,32,24,1939,179,455,0.393,434,76,211,0.36,0.477
2022-23,1630194,Paul Reed,1610612755,PHI,69,44,25,755,1,4,0.25,2,0,0,,0.25
2022-23,1630202,Payton Pritchard,1610612738,BOS,48,32,16,643,24,71,0.338,65,17,52,0.327,0.458
2022-23,1631212,Peyton Watson,1610612743,DEN,23,13,10,186,1,6,0.167,2,0,1,0,0.167
2022-23,1630173,Precious Achiuwa,1610612761,TOR,55,30,25,1141,6,30,0.2,14,2,11,0.182,0.233
2022-23,1629656,Quentin Grimes,1610612752,NYK,71,41,30,2121,19,73,0.26,54,16,55,0.291,0.37
2022-23,1631245,Quenton Jackson,1610612764,WAS,9,3,6,135,3,6,0.5,6,0,2,0,0.5
2022-23,1630181,R.J. Hampton,1610612765,DET,47,9,38,750,17,52,0.327,41,7,25,0.28,0.394
2022-23,1629628,RJ Barrett,1610612752,NYK,73,40,33,2475,39,157,0.248,88,10,51,0.196,0.28
2022-23,1630564,RaiQuan Gray,1610612751,BKN,1,0,1,35,0,0,,0,0,0,,
2022-23,203526,Raul Neto,1610612739,CLE,48,31,17,505,13,23,0.565,28,2,9,0.222,0.609
2022-23,203493,Reggie Bullock Jr.,1610612742,DAL,78,37,41,2364,10,40,0.25,23,3,20,0.15,0.288
2022-23,202704,Reggie Jackson,1610612743,DEN,68,36,32,1657,80,223,0.359,178,18,82,0.22,0.399
2022-23,1626158,Richaun Holmes,1610612758,SAC,42,22,20,348,0,0,,0,0,0,,
2022-23,201937,Ricky Rubio,1610612739,CLE,33,23,10,566,33,80,0.413,71,5,24,0.208,0.444
2022-23,203496,Robert Covington,1610612746,LAC,48,20,28,779,7,20,0.35,17,3,10,0.3,0.425
2022-23,1629057,Robert Williams III,1610612738,BOS,35,24,11,824,0,2,0,0,0,0,,0
2022-23,201577,Robin Lopez,1610612739,CLE,37,25,12,298,1,1,1,2,0,0,,1
2022-23,203585,Rodney McGruder,1610612765,DET,32,4,28,524,11,25,0.44,30,8,14,0.571,0.6
2022-23,1629641,Romeo Langford,1610612759,SAS,43,14,29,844,20,43,0.465,40,0,4,0,0.465
2022-23,1631199,Ron Harper Jr.,1610612761,TOR,9,6,3,48,0,1,0,0,0,1,0,0
2022-23,1626220,Royce O'Neale,1610612751,BKN,76,42,34,2409,28,81,0.346,80,24,65,0.369,0.494
2022-23,200752,Rudy Gay,1610612762,UTA,56,29,27,816,38,93,0.409,82,6,19,0.316,0.441
2022-23,203497,Rudy Gobert,1610612750,MIN,70,34,36,2148,1,6,0.167,2,0,1,0,0.167
2022-23,1629060,Rui Hachimura,1610612747,LAL,63,38,25,1466,85,170,0.5,170,0,3,0,0.5
2022-23,201566,Russell Westbrook,1610612746,LAC,73,36,37,2126,97,276,0.351,222,28,96,0.292,0.402
2022-23,1627853,Ryan Arcidiacono,1610612752,NYK,20,9,11,172,1,12,0.083,3,1,5,0.2,0.125
2022-23,1631157,Ryan Rollins,1610612744,GSW,12,5,7,62,0,2,0,0,0,1,0,0
2022-23,1630240,Saben Lee,1610612756,PHX,25,15,10,374,6,24,0.25,15,3,11,0.273,0.313
2022-23,1630180,Saddiq Bey,1610612737,ATL,77,24,53,2129,59,187,0.316,152,34,110,0.309,0.406
2022-23,1630573,Sam Hauser,1610612738,BOS,80,55,25,1290,11,35,0.314,31,9,28,0.321,0.443
2022-23,1630241,Sam Merrill,1610612739,CLE,5,4,1,59,4,8,0.5,11,3,7,0.429,0.688
2022-23,1630572,Sandro Mamukelashvili,1610612759,SAS,43,23,20,660,4,11,0.364,9,1,2,0.5,0.409
2022-23,1630583,Santi Aldama,1610612763,MEM,77,47,30,1682,11,40,0.275,30,8,26,0.308,0.375
2022-23,1630567,Scottie Barnes,1610612761,TOR,77,38,39,2678,72,226,0.319,156,12,56,0.214,0.345
2022-23,1630590,Scotty Pippen Jr.,1610612747,LAL,6,1,5,32,1,5,0.2,3,1,2,0.5,0.3
2022-23,201586,Serge Ibaka,1610612749,MIL,16,11,5,185,2,5,0.4,4,0,0,,0.4
2022-23,203552,Seth Curry,1610612751,BKN,61,37,24,1211,105,214,0.491,238,28,68,0.412,0.556
2022-23,1631101,Shaedon Sharpe,1610612757,POR,80,32,48,1779,75,232,0.323,182,32,128,0.25,0.392
2022-23,1628983,Shai Gilgeous-Alexander,1610612760,OKC,68,33,35,2416,283,612,0.462,608,42,118,0.356,0.497
2022-23,1629003,Shake Milton,1610612755,PHI,76,52,24,1567,45,129,0.349,100,10,33,0.303,0.388
2022-23,1627885,Shaquille Harrison,1610612747,LAL,5,1,4,120,2,8,0.25,5,1,3,0.333,0.313
2022-23,1631323,Simone Fontecchio,1610612762,UTA,52,25,27,766,27,76,0.355,64,10,37,0.27,0.421
2022-23,1630219,Skylar Mays,1610612757,POR,6,1,5,189,14,24,0.583,33,5,7,0.714,0.688
2022-23,203915,Spencer Dinwiddie,1610612751,BKN,79,41,38,2725,157,436,0.36,407,93,278,0.335,0.467
2022-23,1626169,Stanley Johnson,1610612762,UTA,30,5,25,469,10,22,0.455,22,2,5,0.4,0.5
2022-23,1630649,Stanley Umude,1610612765,DET,1,0,1,2,0,0,,0,0,0,,
2022-23,201939,Stephen Curry,1610612744,GSW,56,30,26,1941,223,491,0.454,598,152,337,0.451,0.609
2022-23,1628425,Sterling Brown,1610612747,LAL,4,2,2,24,0,0,,0,0,0,,
2022-23,203500,Steven Adams,1610612763,MEM,42,28,14,1133,0,1,0,0,0,0,,0
2022-23,1629004,Svi Mykhailiuk,1610612766,CHA,32,16,16,468,24,64,0.375,65,17,42,0.405,0.508
2022-23,204456,T.J. McConnell,1610612754,IND,75,31,44,1526,83,150,0.553,176,10,16,0.625,0.587
2022-23,203933,T.J. Warren,1610612756,PHX,42,26,16,687,48,104,0.462,97,1,8,0.125,0.466
2022-23,201959,Taj Gibson,1610612764,WAS,49,21,28,480,5,10,0.5,10,0,2,0,0.5
2022-23,1629659,Talen Horton-Tucker,1610612762,UTA,65,30,35,1313,62,182,0.341,150,26,93,0.28,0.412
2022-23,1631106,Tari Eason,1610612745,HOU,82,22,60,1767,7,33,0.212,15,1,10,0.1,0.227
2022-23,1627752,Taurean Prince,1610612750,MIN,54,31,23,1193,28,74,0.378,64,8,33,0.242,0.432
2022-23,1629611,Terance Mann,1610612746,LAC,81,44,37,1872,46,113,0.407,112,20,54,0.37,0.496
2022-23,1629056,Terence Davis,1610612758,SAC,64,38,26,841,32,86,0.372,89,25,64,0.391,0.517
2022-23,203082,Terrence Ross,1610612756,PHX,63,27,36,1331,80,178,0.449,173,13,48,0.271,0.486
2022-23,1626179,Terry Rozier,1610612766,CHA,63,19,44,2221,194,520,0.373,474,86,274,0.314,0.456
2022-23,1630678,Terry Taylor,1610612741,CHI,31,13,18,263,1,5,0.2,2,0,1,0,0.2
2022-23,201152,Thaddeus Young,1610612761,TOR,54,23,31,795,3,9,0.333,6,0,1,0,0.333
2022-23,203648,Thanasis Antetokounmpo,1610612749,MIL,37,25,12,206,0,4,0,0,0,2,0,0
2022-23,1630177,Theo Maledon,1610612766,CHA,44,14,30,854,28,85,0.329,64,8,40,0.2,0.376
2022-23,1629033,Theo Pinson,1610612742,DAL,40,19,21,323,5,11,0.455,14,4,9,0.444,0.636
2022-23,1628418,Thomas Bryant,1610612743,DEN,59,33,26,1081,3,10,0.3,6,0,1,0,0.3
2022-23,203501,Tim Hardaway Jr.,1610612742,DAL,71,37,34,2152,90,245,0.367,224,44,123,0.358,0.457
2022-23,202699,Tobias Harris,1610612755,PHI,74,47,27,2436,68,154,0.442,150,14,35,0.4,0.487
2022-23,1628396,Tony Bradley,1610612741,CHI,12,5,7,33,0,0,,0,0,0,,
2022-23,1628470,Torrey Craig,1610612756,PHX,79,44,35,1948,12,47,0.255,26,2,10,0.2,0.277
2022-23,1629027,Trae Young,1610612737,ATL,73,38,35,2541,286,739,0.387,692,120,367,0.327,0.468
2022-23,1630200,Tre Jones,1610612759,SAS,68,20,48,1984,104,266,0.391,214,6,32,0.188,0.402
2022-23,1630544,Tre Mann,1610612760,OKC,67,31,36,1183,84,234,0.359,214,46,151,0.305,0.457
2022-23,1630570,Trendon Watford,1610612757,POR,62,26,36,1182,14,28,0.5,28,0,1,0,0.5
2022-23,1630235,Trent Forrest,1610612737,ATL,23,9,14,277,7,14,0.5,14,0,1,0,0.5
2022-23,1630243,Trevelin Queen,1610612755,PHI,7,2,5,70,1,11,0.091,3,1,10,0.1,0.136
2022-23,1631309,Trevor Hudgins,1610612745,HOU,5,0,5,28,0,5,0,0,0,5,0,0
2022-23,1631211,Trevor Keels,1610612752,NYK,3,3,0,8,0,0,,0,0,0,,
2022-23,1626168,Trey Lyles,1610612758,SAC,74,43,31,1247,7,26,0.269,19,5,21,0.238,0.365
2022-23,1630530,Trey Murphy III,1610612740,NOP,79,39,40,2448,28,80,0.35,75,19,48,0.396,0.469
2022-23,1628972,Troy Brown Jr.,1610612747,LAL,76,40,36,1860,22,67,0.328,54,10,32,0.313,0.403
2022-23,1629660,Ty Jerome,1610612744,GSW,45,22,23,816,37,83,0.446,85,11,27,0.407,0.512
2022-23,1631102,TyTy Washington Jr.,1610612745,HOU,31,6,25,433,26,74,0.351,57,5,23,0.217,0.385
2022-23,1628416,Tyler Dorsey,1610612742,DAL,3,2,1,8,3,3,1,6,0,0,,1
2022-23,1629639,Tyler Herro,1610612748,MIA,67,37,30,2335,212,539,0.393,520,96,260,0.369,0.482
2022-23,1630169,Tyrese Haliburton,1610612754,IND,56,28,28,1883,174,417,0.417,470,122,307,0.397,0.564
2022-23,1631213,Tyrese Martin,1610612737,ATL,16,10,6,66,3,5,0.6,7,1,1,1,0.7
2022-23,1630178,Tyrese Maxey,1610612755,PHI,60,39,21,2016,140,336,0.417,340,60,155,0.387,0.506
2022-23,1626145,Tyus Jones,1610612763,MEM,80,51,29,1939,140,315,0.444,315,35,96,0.365,0.5
2022-23,1628962,Udoka Azubuike,1610612762,UTA,36,17,19,359,0,0,,0,,,,
2022-23,2617,Udonis Haslem,1610612748,MIA,7,4,3,72,2,4,0.5,4,0,0,,0.5
2022-23,1630586,Usman Garuba,1610612745,HOU,75,21,54,970,0,1,0,0,0,1,0,0
2022-23,1630176,Vernon Carey Jr.,1610612762,UTA,11,8,3,28,0,0,,0,,,,
2022-23,203506,Victor Oladipo,1610612748,MIA,42,23,19,1106,65,161,0.404,163,33,89,0.371,0.506
2022-23,1631246,Vince Williams Jr.,1610612763,MEM,15,7,8,105,0,1,0,0,0,1,0,0
2022-23,1628427,Vlatko Cancar,1610612743,DEN,60,38,22,889,4,14,0.286,11,3,8,0.375,0.393
2022-23,1630249,Vít Krejčí,1610612737,ATL,29,15,14,165,3,7,0.429,8,2,5,0.4,0.571
2022-23,1631117,Walker Kessler,1610612762,UTA,74,34,40,1703,0,0,,0,0,0,,
2022-23,1628976,Wendell Carter Jr.,1610612753,ORL,57,26,31,1690,25,64,0.391,51,1,6,0.167,0.398
2022-23,1631111,Wendell Moore Jr.,1610612750,MIN,29,16,13,153,1,5,0.2,3,1,2,0.5,0.3
2022-23,1629117,Wenyen Gabriel,1610612747,LAL,68,37,31,1024,1,2,0.5,3,1,2,0.5,0.75
2022-23,202083,Wesley Matthews,1610612749,MIL,52,37,15,820,6,22,0.273,16,4,15,0.267,0.364
2022-23,203115,Will Barton,1610612761,TOR,56,27,29,993,45,137,0.328,114,24,76,0.316,0.416
2022-23,1626195,Willy Hernangomez,1610612740,NOP,38,23,15,458,0,1,0,0,0,0,,0
2022-23,1641645,Xavier Cooks,1610612764,WAS,10,2,8,126,0,2,0,0,0,1,0,0
2022-23,1629875,Xavier Moon,1610612746,LAC,4,2,2,20,1,6,0.167,2,0,1,0,0.167
2022-23,1630270,Xavier Sneed,1610612766,CHA,4,0,4,48,0,1,0,0,0,0,,0
2022-23,1630214,Xavier Tillman,1610612763,MEM,61,40,21,1180,9,19,0.474,18,0,3,0,0.474
2022-23,1629139,Yuta Watanabe,1610612751,BKN,58,30,28,928,4,18,0.222,8,0,4,0,0.222
2022-23,1628380,Zach Collins,1610612759,SAS,63,20,43,1441,4,19,0.211,9,1,5,0.2,0.237
2022-23,203897,Zach LaVine,1610612741,CHI,77,38,39,2768,228,589,0.387,558,102,298,0.342,0.474
2022-23,1630192,Zeke Nnaji,1610612743,DEN,53,34,19,728,0,5,0,0,0,4,0,0
2022-23,1630533,Ziaire Williams,1610612763,MEM,37,21,16,561,20,46,0.435,47,7,16,0.438,0.511
2022-23,1629627,Zion Williamson,1610612740,NOP,29,17,12,956,7,22,0.318,15,1,4,0.25,0.341
2023-24,1630639,A.J. Lawson,1610612742,DAL,42,27,15,311,0,2,0,0,0,1,0,0
2023-24,1631260,AJ Green,1610612749,MIL,56,35,21,614,16,45,0.356,42,10,29,0.345,0.467
2023-24,1631100,AJ Griffin,1610612737,ATL,20,8,12,171,8,23,0.348,21,5,16,0.313,0.457
2023-24,203932,Aaron Gordon,1610612743,DEN,73,49,24,2297,21,78,0.269,53,11,41,0.268,0.34
2023-24,1628988,Aaron Holiday,1610612745,HOU,78,39,39,1269,57,135,0.422,132,18,59,0.305,0.489
2023-24,1630174,Aaron Nesmith,1610612754,IND,72,41,31,1995,31,74,0.419,76,14,40,0.35,0.514
2023-24,1630598,Aaron Wiggins,1610612760,OKC,78,55,23,1228,16,33,0.485,39,7,10,0.7,0.591
2023-24,1641745,Adam Flagler,1610612760,OKC,2,2,0,14,1,4,0.25,3,1,4,0.25,0.375
2023-24,1641766,Adama Sanogo,1610612741,CHI,9,3,6,66,0,0,,0,,,,
2023-24,1629678,Admiral Schofield,1610612753,ORL,23,15,8,84,2,5,0.4,5,1,2,0.5,0.5
2023-24,201143,Al Horford,1610612738,BOS,65,51,14,1740,4,10,0.4,11,3,8,0.375,0.55
2023-24,202692,Alec Burks,1610612752,NYK,66,18,48,1212,86,249,0.345,213,41,126,0.325,0.428
2023-24,1630197,Aleksej Pokusevski,1610612766,CHA,28,14,14,405,4,21,0.19,10,2,8,0.25,0.238
2023-24,1627936,Alex Caruso,1610612741,CHI,71,34,37,2040,41,86,0.477,107,25,55,0.455,0.622
2023-24,1641788,Alex Fudge,1610612742,DAL,6,1,5,40,1,2,0.5,2,0,0,,0.5
2023-24,203458,Alex Len,1610612758,SAC,48,24,24,444,0,0,,0,0,0,,
2023-24,1631214,Alondes Williams,1610612748,MIA,7,5,2,16,0,0,,0,0,0,,
2023-24,1630578,Alperen Sengun,1610612745,HOU,63,29,34,2046,22,53,0.415,45,1,8,0.125,0.425
2023-24,1641735,Amari Bailey,1610612766,CHA,10,1,9,65,1,6,0.167,2,0,1,0,0.167
2023-24,1641708,Amen Thompson,1610612745,HOU,62,30,32,1389,14,50,0.28,28,0,11,0,0.28
2023-24,1629599,Amir Coffey,1610612746,LAC,70,46,24,1461,35,82,0.427,74,4,17,0.235,0.451
2023-24,203083,Andre Drummond,1610612741,CHI,79,37,42,1351,1,2,0.5,2,0,0,,0.5
2023-24,1641748,Andre Jackson Jr.,1610612749,MIL,57,33,24,572,4,10,0.4,10,2,7,0.286,0.5
2023-24,1641847,Andrew Funk,1610612741,CHI,5,3,2,13,0,0,,0,0,0,,
2023-24,1629614,Andrew Nembhard,1610612754,IND,68,41,27,1697,88,189,0.466,184,8,36,0.222,0.487
2023-24,203952,Andrew Wiggins,1610612744,GSW,71,38,33,1920,58,154,0.377,128,12,31,0.387,0.416
2023-24,1629014,Anfernee Simons,1610612757,POR,46,11,35,1582,145,384,0.378,368,78,224,0.348,0.479
2023-24,1641710,Anthony Black,1610612753,ORL,69,39,30,1164,12,40,0.3,28,4,9,0.444,0.35
2023-24,203076,Anthony Davis,1610612747,LAL,76,45,31,2700,64,170,0.376,133,5,16,0.313,0.391
2023-24,1630162,Anthony Edwards,1610612750,MIN,79,54,25,2770,268,741,0.362,656,120,359,0.334,0.443
2023-24,1630264,Anthony Gill,1610612764,WAS,50,9,41,466,4,7,0.571,9,1,2,0.5,0.643
2023-24,1629717,Armoni Brooks,1610612751,BKN,10,3,7,104,1,7,0.143,3,1,6,0.167,0.214
2023-24,1630204,Ashton Hagans,1610612757,POR,19,3,16,316,1,4,0.25,2,0,2,0,0.25
2023-24,1641709,Ausar Thompson,1610612765,DET,63,10,53,1583,14,49,0.286,30,2,11,0.182,0.306
2023-24,1630559,Austin Reaves,1610612747,LAL,82,47,35,2629,150,356,0.421,360,60,161,0.373,0.506
2023-24,1630245,Ayo Dosunmu,1610612741,CHI,76,37,39,2212,52,116,0.448,120,16,42,0.381,0.517
2023-24,1628389,Bam Adebayo,1610612748,MIA,71,40,31,2416,99,243,0.407,200,2,9,0.222,0.412
2023-24,1641767,Ben Sheppard,1610612754,IND,57,32,25,814,7,16,0.438,17,3,11,0.273,0.531
2023-24,1627732,Ben Simmons,1610612751,BKN,15,7,8,359,1,3,0.333,2,,,,0.333
2023-24,1631097,Bennedict Mathurin,1610612754,IND,59,33,26,1538,82,208,0.394,207,43,118,0.364,0.498
2023-24,1641731,Bilal Coulibaly,1610612764,WAS,63,11,52,1715,14,45,0.311,35,7,16,0.438,0.389
2023-24,202687,Bismack Biyombo,1610612760,OKC,40,20,20,791,0,1,0,0,,,,0
2023-24,1631104,Blake Wesley,1610612759,SAS,61,19,42,876,8,29,0.276,16,0,8,0,0.276
2023-24,1626246,Boban Marjanovic,1610612745,HOU,14,9,5,71,0,5,0,0,0,1,0,0
2023-24,1626171,Bobby Portis Jr.,1610612749,MIL,82,49,33,2008,101,231,0.437,206,4,7,0.571,0.446
2023-24,203992,Bogdan Bogdanović,1610612737,ATL,79,35,44,2401,119,278,0.428,290,52,142,0.366,0.522
2023-24,202711,Bojan Bogdanovic,1610612752,NYK,57,20,37,1478,101,231,0.437,235,33,87,0.379,0.509
2023-24,1629626,Bol Bol,1610612756,PHX,43,28,15,469,17,34,0.5,37,3,9,0.333,0.544
2023-24,1630538,Bones Hyland,1610612746,LAC,37,20,17,540,32,103,0.311,85,21,69,0.304,0.413
2023-24,203078,Bradley Beal,1610612756,PHX,53,33,20,1767,97,228,0.425,217,23,59,0.39,0.476
2023-24,1641764,Brandin Podziemski,1610612744,GSW,74,41,33,1968,51,128,0.398,132,30,66,0.455,0.516
2023-24,1630527,Brandon Boston Jr.,1610612746,LAC,32,17,15,345,28,74,0.378,62,6,26,0.231,0.419
2023-24,1629634,Brandon Clarke,1610612763,MEM,6,2,4,134,4,6,0.667,8,0,0,,0.667
2023-24,1627742,Brandon Ingram,1610612740,NOP,64,38,26,2103,241,525,0.459,509,27,80,0.338,0.485
2023-24,1641706,Brandon Miller,1610612766,CHA,74,18,56,2383,156,360,0.433,348,36,105,0.343,0.483
2023-24,1630314,Brandon Williams,1610612742,DAL,17,10,7,113,7,18,0.389,16,2,7,0.286,0.444
2023-24,1630296,Braxton Key,1610612743,DEN,20,14,6,60,1,2,0.5,2,0,1,0,0.5
2023-24,1641729,Brice Sensabaugh,1610612762,UTA,32,8,24,584,24,69,0.348,57,9,32,0.281,0.413
2023-24,201572,Brook Lopez,1610612749,MIL,79,48,31,2411,17,68,0.25,41,7,30,0.233,0.301
2023-24,1628971,Bruce Brown,1610612761,TOR,67,26,41,1865,45,122,0.369,96,6,23,0.261,0.393
2023-24,1628981,Bruno Fernando,1610612737,ATL,45,20,25,682,2,5,0.4,4,0,0,,0.4
2023-24,1631121,Bryce McGowens,1610612766,CHA,59,11,48,882,12,31,0.387,28,4,11,0.364,0.452
2023-24,1631205,Buddy Boeheim,1610612765,DET,10,0,10,84,1,5,0.2,2,0,3,0,0.2
2023-24,1627741,Buddy Hield,1610612755,PHI,84,46,38,2160,71,217,0.327,190,48,159,0.302,0.438
2023-24,203468,CJ McCollum,1610612740,NOP,66,42,24,2159,210,458,0.459,522,102,236,0.432,0.57
2023-24,1630595,Cade Cunningham,1610612765,DET,62,9,53,2074,193,443,0.436,426,40,123,0.325,0.481
2023-24,1631216,Caleb Houstan,1610612753,ORL,59,31,28,815,4,9,0.444,9,1,5,0.2,0.5
2023-24,1628997,Caleb Martin,1610612748,MIA,64,36,28,1757,34,104,0.327,82,14,39,0.359,0.394
2023-24,1629629,Cam Reddish,1610612747,LAL,48,27,21,984,4,17,0.235,11,3,6,0.5,0.324
2023-24,1630560,Cam Thomas,1610612751,BKN,66,23,43,2075,220,566,0.389,504,64,209,0.306,0.445
2023-24,1641715,Cam Whitmore,1610612745,HOU,47,19,28,880,31,110,0.282,81,19,81,0.235,0.368
2023-24,1629661,Cameron Johnson,1610612751,BKN,58,21,37,1599,47,142,0.331,110,16,66,0.242,0.387
2023-24,1626166,Cameron Payne,1610612755,PHI,78,46,32,1304,73,161,0.453,188,42,98,0.429,0.584
2023-24,1627747,Caris LeVert,1610612739,CLE,68,38,30,1958,83,257,0.323,204,38,138,0.275,0.397
2023-24,1641717,Cason Wallace,1610612760,OKC,82,57,25,1692,30,77,0.39,67,7,27,0.259,0.435
2023-24,1626224,Cedi Osman,1610612759,SAS,72,17,55,1269,12,45,0.267,28,4,21,0.19,0.311
2023-24,1629646,Charles Bassey,1610612759,SAS,19,3,16,205,0,2,0,0,0,1,0,0
2023-24,1629718,Charlie Brown Jr.,1610612752,NYK,8,2,6,37,0,0,,0,0,0,,
2023-24,1631096,Chet Holmgren,1610612760,OKC,82,57,25,2413,56,132,0.424,116,4,24,0.167,0.439
2023-24,1629002,Chimezie Metu,1610612765,DET,51,24,27,859,20,37,0.541,44,4,11,0.364,0.595
2023-24,1628449,Chris Boucher,1610612761,TOR,50,16,34,705,1,5,0.2,2,0,2,0,0.2
2023-24,1630537,Chris Duarte,1610612758,SAC,59,35,24,720,18,53,0.34,48,12,31,0.387,0.453
2023-24,1641753,Chris Livingston,1610612749,MIL,21,13,8,91,0,0,,0,0,0,,
2023-24,101108,Chris Paul,1610612744,GSW,58,33,25,1531,123,294,0.418,275,29,94,0.309,0.468
2023-24,1631128,Christian Braun,1610612743,DEN,82,57,25,1656,23,67,0.343,60,14,38,0.368,0.448
2023-24,1626174,Christian Wood,1610612747,LAL,50,28,22,872,7,14,0.5,16,2,5,0.4,0.571
2023-24,1629643,Chuma Okeke,1610612753,ORL,47,24,23,432,2,15,0.133,6,2,12,0.167,0.2
2023-24,203991,Clint Capela,1610612737,ATL,73,33,40,1883,1,2,0.5,2,0,1,0,0.5
2023-24,1629632,Coby White,1610612741,CHI,79,37,42,2881,130,321,0.405,319,59,146,0.404,0.497
2023-24,1628998,Cody Martin,1610612766,CHA,28,7,21,753,21,63,0.333,52,10,21,0.476,0.413
2023-24,203469,Cody Zeller,1610612740,NOP,43,26,17,320,0,1,0,0,0,0,,0
2023-24,1641732,Colby Jones,1610612758,SAC,30,15,15,192,7,14,0.5,14,0,2,0,0.5
2023-24,1630175,Cole Anthony,1610612753,ORL,81,47,34,1817,91,236,0.386,194,12,49,0.245,0.411
2023-24,1631306,Cole Swider,1610612748,MIA,18,8,10,87,3,10,0.3,7,1,6,0.167,0.35
2023-24,1630658,Colin Castleton,1610612747,LAL,16,9,7,59,0,1,0,0,,,,0
2023-24,1631221,Collin Gillespie,1610612743,DEN,24,15,9,225,11,25,0.44,27,5,12,0.417,0.54
2023-24,1629012,Collin Sexton,1610612762,UTA,78,29,49,2075,102,268,0.381,250,46,141,0.326,0.466
2023-24,1630557,Corey Kispert,1610612764,WAS,80,15,65,2067,43,113,0.381,111,25,75,0.333,0.491
2023-24,202709,Cory Joseph,1610612744,GSW,26,10,16,296,3,15,0.2,6,0,5,0,0.2
2023-24,1641854,Craig Porter Jr.,1610612739,CLE,51,30,21,649,43,94,0.457,96,10,27,0.37,0.511
2023-24,1626156,D'Angelo Russell,1610612747,LAL,76,46,30,2484,164,417,0.393,412,84,215,0.391,0.494
2023-24,1641793,D'Moi Hodge,1610612747,LAL,7,1,6,41,1,2,0.5,2,0,1,0,0.5
2023-24,1630618,D.J. Carton,1610612761,TOR,4,2,2,36,0,0,,0,0,0,,
2023-24,1628391,D.J. Wilson,1610612753,ORL,2,1,1,15,0,0,,0,0,0,,
2023-24,1629610,DaQuan Jeffries,1610612752,NYK,17,11,6,46,1,4,0.25,2,0,1,0,0.25
2023-24,1630227,Daishen Nix,1610612750,MIN,15,11,4,50,3,6,0.5,9,3,6,0.5,0.75
2023-24,1630625,Dalano Banton,1610612757,POR,54,24,30,1047,21,101,0.208,52,10,55,0.182,0.257
2023-24,1631207,Dalen Terry,1610612741,CHI,59,27,32,681,1,12,0.083,3,1,8,0.125,0.125
2023-24,1627745,Damian Jones,1610612739,CLE,39,24,15,270,3,5,0.6,6,0,0,,0.6
2023-24,203081,Damian Lillard,1610612749,MIL,73,48,25,2578,241,628,0.384,633,151,414,0.365,0.504
2023-24,1629655,Daniel Gafford,1610612742,DAL,74,30,44,1814,1,4,0.25,2,,,,0.25
2023-24,1628464,Daniel Theis,1610612746,LAC,60,38,22,1015,8,12,0.667,17,1,5,0.2,0.708
2023-24,201568,Danilo Gallinari,1610612749,MIL,49,15,34,629,22,54,0.407,47,3,14,0.214,0.435
2023-24,201980,Danny Green,1610612755,PHI,2,1,1,18,0,1,0,0,0,0,,0
2023-24,203957,Dante Exum,1610612742,DAL,55,36,19,1088,14,32,0.438,31,3,8,0.375,0.484
2023-24,1627863,Danuel House Jr.,1610612755,PHI,34,21,13,509,5,20,0.25,13,3,14,0.214,0.325
2023-24,203967,Dario Saric,1610612744,GSW,64,35,29,1098,4,18,0.222,11,3,11,0.273,0.306
2023-24,1641727,Dariq Whitehead,1610612751,BKN,2,1,1,24,1,1,1,2,0,0,,1
2023-24,1629647,Darius Bazley,1610612762,UTA,9,2,7,152,1,4,0.25,2,0,2,0,0.25
2023-24,1629636,Darius Garland,1610612739,CLE,57,31,26,1900,156,368,0.424,393,81,209,0.388,0.534
2023-24,1630561,David Duke Jr.,1610612759,SAS,4,3,1,51,2,4,0.5,5,1,1,1,0.625
2023-24,1631223,David Roddy,1610612756,PHX,65,25,40,1177,8,39,0.205,18,2,13,0.154,0.231
2023-24,1630558,Davion Mitchell,1610612758,SAC,72,41,31,1101,31,85,0.365,73,11,34,0.324,0.429
2023-24,202722,Davis Bertans,1610612766,CHA,43,20,23,674,9,29,0.31,25,7,26,0.269,0.431
2023-24,1630549,Day'Ron Sharpe,1610612751,BKN,61,25,36,921,0,3,0,0,0,0,,0
2023-24,1628368,De'Aaron Fox,1610612758,SAC,74,42,32,2659,285,723,0.394,690,120,337,0.356,0.477
2023-24,1629631,De'Andre Hunter,1610612737,ATL,57,26,31,1681,82,198,0.414,186,22,66,0.333,0.47
2023-24,1629001,De'Anthony Melton,1610612755,PHI,38,25,13,1023,32,90,0.356,88,24,63,0.381,0.489
2023-24,201599,DeAndre Jordan,1610612743,DEN,36,24,12,396,0,0,,0,,,,
2023-24,1630610,DeJon Jarreau,1610612763,MEM,9,2,7,150,1,15,0.067,2,0,3,0,0.067
2023-24,201942,DeMar DeRozan,1610612741,CHI,79,37,42,2989,291,643,0.453,596,14,47,0.298,0.463
2023-24,1629731,Dean Wade,1610612739,CLE,54,36,18,1108,8,12,0.667,21,5,6,0.833,0.875
2023-24,1629028,Deandre Ayton,1610612757,POR,55,14,41,1783,44,104,0.423,88,0,0,,0.423
2023-24,1627749,Dejounte Murray,1610612737,ATL,78,34,44,2783,274,628,0.436,630,82,256,0.32,0.502
2023-24,1626153,Delon Wright,1610612748,MIA,47,16,31,742,8,37,0.216,20,4,17,0.235,0.27
2023-24,1630166,Deni Avdija,1610612764,WAS,75,14,61,2257,36,119,0.303,94,22,68,0.324,0.395
2023-24,203471,Dennis Schröder,1610612751,BKN,80,30,50,2486,117,293,0.399,259,25,74,0.338,0.442
2023-24,1628372,Dennis Smith Jr.,1610612751,BKN,56,19,37,1059,19,69,0.275,44,6,25,0.24,0.319
2023-24,1641726,Dereck Lively II,1610612742,DAL,55,35,20,1294,0,1,0,0,0,0,,0
2023-24,1631220,Dereon Seabron,1610612740,NOP,6,3,3,55,2,3,0.667,5,1,1,1,0.833
2023-24,1627884,Derrick Jones Jr.,1610612742,DAL,76,47,29,1783,9,25,0.36,21,3,11,0.273,0.42
2023-24,201565,Derrick Rose,1610612763,MEM,24,6,18,399,27,47,0.574,60,6,11,0.545,0.638
2023-24,1628401,Derrick White,1610612738,BOS,73,58,15,2381,93,232,0.401,237,51,145,0.352,0.511
2023-24,1630217,Desmond Bane,1610612763,MEM,42,14,28,1443,130,340,0.382,335,75,217,0.346,0.493
2023-24,1626164,Devin Booker,1610612756,PHX,68,43,25,2447,344,748,0.46,785,97,268,0.362,0.525
2023-24,1630170,Devin Vassell,1610612759,SAS,68,17,51,2248,196,472,0.415,445,53,160,0.331,0.471
2023-24,1628984,Devonte' Graham,1610612759,SAS,23,8,15,313,16,49,0.327,43,11,39,0.282,0.439
2023-24,1641926,Dexter Dennis,1610612742,DAL,4,1,3,30,2,4,0.5,4,0,0,,0.5
2023-24,1628415,Dillon Brooks,1610612745,HOU,72,36,36,2227,69,177,0.39,172,34,91,0.374,0.486
2023-24,1631376,Dmytro Skapintsev,1610612752,NYK,2,0,2,2,0,0,,0,,,,
2023-24,1627734,Domantas Sabonis,1610612758,SAC,82,46,36,2928,22,47,0.468,48,4,6,0.667,0.511
2023-24,1631230,Dominick Barlow,1610612759,SAS,33,7,26,420,2,6,0.333,4,0,0,,0.333
2023-24,1628378,Donovan Mitchell,1610612739,CLE,55,36,19,1943,212,541,0.392,536,112,320,0.35,0.495
2023-24,1628978,Donte DiVincenzo,1610612752,NYK,81,50,31,2360,61,147,0.415,163,41,108,0.38,0.554
2023-24,1627827,Dorian Finney-Smith,1610612751,BKN,68,28,40,1935,10,33,0.303,27,7,26,0.269,0.409
2023-24,203926,Doug McDermott,1610612754,IND,64,22,42,904,16,35,0.457,43,11,23,0.478,0.614
2023-24,203110,Draymond Green,1610612744,GSW,55,33,22,1490,3,11,0.273,7,1,1,1,0.318
2023-24,1629234,Drew Eubanks,1610612756,PHX,75,42,33,1169,3,10,0.3,6,0,0,,0.3
2023-24,1641809,Drew Peterson,1610612738,BOS,3,3,0,23,0,0,,0,0,0,,
2023-24,1630696,Dru Smith,1610612748,MIA,9,7,2,131,1,6,0.167,3,1,3,0.333,0.25
2023-24,1629130,Duncan Robinson,1610612748,MIA,68,38,30,1905,73,176,0.415,208,62,152,0.408,0.591
2023-24,1641871,Duop Reath,1610612757,POR,68,17,51,1214,5,15,0.333,13,3,9,0.333,0.433
2023-24,203939,Dwight Powell,1610612742,DAL,63,38,25,836,0,0,,0,0,0,,
2023-24,1629685,Dylan Windler,1610612737,ATL,17,9,8,108,3,5,0.6,9,3,4,0.75,0.9
2023-24,1630700,Dyson Daniels,1610612740,NOP,61,34,27,1359,16,45,0.356,36,4,14,0.286,0.4
2023-24,1630604,E.J. Liddell,1610612740,NOP,8,3,5,23,0,0,,0,0,0,,
2023-24,1641734,Emoni Bates,1610612739,CLE,15,8,7,133,7,21,0.333,19,5,14,0.357,0.452
2023-24,201569,Eric Gordon,1610612756,PHX,68,41,27,1893,28,68,0.412,74,18,50,0.36,0.544
2023-24,1630647,Eugene Omoruyi,1610612764,WAS,43,5,38,393,4,12,0.333,8,0,5,0,0.333
2023-24,203095,Evan Fournier,1610612765,DET,32,8,24,580,36,92,0.391,81,9,41,0.22,0.44
2023-24,1630596,Evan Mobley,1610612739,CLE,50,29,21,1532,8,30,0.267,17,1,1,1,0.283
2023-24,1630196,Filip Petrusev,1610612755,PHI,3,2,1,9,0,0,,0,,,,
2023-24,1628373,Frank Ntilikina,1610612766,CHA,5,0,5,43,0,1,0,0,0,0,,0
2023-24,1630532,Franz Wagner,1610612753,ORL,72,44,28,2337,56,190,0.295,145,33,123,0.268,0.382
2023-24,1627832,Fred VanVleet,1610612745,HOU,73,38,35,2684,230,561,0.41,587,127,349,0.364,0.523
2023-24,1627788,Furkan Korkmaz,1610612755,PHI,35,22,13,300,7,21,0.333,19,5,12,0.417,0.452
2023-24,1641713,GG Jackson,1610612763,MEM,48,14,34,1233,31,104,0.298,81,19,60,0.317,0.389
2023-24,1629216,Gabe Vincent,1610612747,LAL,11,7,4,218,6,23,0.261,13,1,13,0.077,0.283
2023-24,202066,Garrett Temple,1610612761,TOR,27,5,22,289,1,12,0.083,3,1,8,0.125,0.125
2023-24,1629726,Garrison Mathews,1610612737,ATL,66,29,37,992,22,42,0.524,57,13,28,0.464,0.679
2023-24,203914,Gary Harris,1610612753,ORL,54,35,19,1297,14,30,0.467,34,6,15,0.4,0.567
2023-24,1627780,Gary Payton II,1610612744,GSW,44,27,17,680,0,1,0,0,0,0,,0
2023-24,1629018,Gary Trent Jr.,1610612761,TOR,71,24,47,1994,103,301,0.342,243,37,120,0.308,0.404
2023-24,1627777,Georges Niang,1610612739,CLE,82,48,34,1831,35,87,0.402,85,15,50,0.3,0.489
2023-24,203507,Giannis Antetokounmpo,1610612749,MIL,73,45,28,2567,86,273,0.315,194,22,81,0.272,0.355
2023-24,1629048,Goga Bitadze,1610612753,ORL,62,34,28,957,0,2,0,0,0,0,,0
2023-24,202330,Gordon Hayward,1610612760,OKC,51,25,26,1245,44,117,0.376,92,4,14,0.286,0.393
2023-24,1641711,Gradey Dick,1610612761,TOR,60,18,42,1268,29,94,0.309,69,11,43,0.256,0.367
2023-24,1629684,Grant Williams,1610612766,CHA,76,34,42,2130,28,75,0.373,64,8,26,0.308,0.427
2023-24,1628960,Grayson Allen,1610612756,PHX,75,45,30,2513,41,85,0.482,113,31,63,0.492,0.665
2023-24,1630535,Greg Brown III,1610612742,DAL,6,3,3,40,0,0,,0,0,0,,
2023-24,1630611,Gui Santos,1610612744,GSW,23,17,6,192,0,3,0,0,0,3,0,0
2023-24,1628977,Hamidou Diallo,1610612764,WAS,2,1,1,5,0,0,,0,,,,
2023-24,203084,Harrison Barnes,1610612758,SAC,82,46,36,2381,53,109,0.486,128,22,53,0.415,0.587
2023-24,1628385,Harry Giles III,1610612747,LAL,23,11,12,100,0,3,0,0,0,1,0,0
2023-24,1629312,Haywood Highsmith,1610612748,MIA,66,39,27,1366,10,21,0.476,23,3,9,0.333,0.548
2023-24,1630929,Henri Drell,1610612741,CHI,4,2,2,30,0,0,,0,0,0,,
2023-24,1630529,Herbert Jones,1610612740,NOP,76,46,30,2321,7,29,0.241,17,3,8,0.375,0.293
2023-24,1641816,Hunter Tyson,1610612743,DEN,18,14,4,48,1,3,0.333,2,0,2,0,0.333
2023-24,1630641,Ibou Badji,1610612757,POR,22,5,17,226,0,0,,0,,,,
2023-24,1630193,Immanuel Quickley,1610612761,TOR,68,28,40,1985,145,383,0.379,370,80,213,0.376,0.483
2023-24,1630171,Isaac Okoro,1610612739,CLE,69,41,28,1887,7,16,0.438,19,5,14,0.357,0.594
2023-24,1628392,Isaiah Hartenstein,1610612752,NYK,75,47,28,1896,6,10,0.6,13,1,1,1,0.65
2023-24,1630543,Isaiah Jackson,1610612754,IND,60,37,23,771,2,6,0.333,4,0,1,0,0.333
2023-24,1630198,Isaiah Joe,1610612760,OKC,78,54,24,1445,49,127,0.386,120,22,65,0.338,0.472
2023-24,1630587,Isaiah Livers,1610612765,DET,23,1,22,469,5,19,0.263,12,2,10,0.2,0.316
2023-24,1630600,Isaiah Mobley,1610612739,CLE,10,2,8,72,0,2,0,0,0,0,,0
2023-24,1630191,Isaiah Stewart,1610612765,DET,46,9,37,1423,6,12,0.5,16,4,6,0.667,0.667
2023-24,202738,Isaiah Thomas,1610612756,PHX,6,4,2,19,1,2,0.5,3,1,2,0.5,0.75
2023-24,1631209,Isaiah Wong,1610612754,IND,1,1,0,4,1,1,1,2,0,0,,1
2023-24,202397,Ish Smith,1610612766,CHA,43,6,37,741,33,91,0.363,69,3,7,0.429,0.379
2023-24,1630688,Ish Wainright,1610612756,PHX,11,2,9,62,1,3,0.333,3,1,2,0.5,0.5
2023-24,1627826,Ivica Zubac,1610612746,LAC,68,42,26,1794,1,2,0.5,2,,,,0.5
2023-24,1631167,Izaiah Brockington,1610612740,NOP,1,1,0,3,0,2,0,0,0,1,0,0
2023-24,1631120,JD Davison,1610612738,BOS,8,8,0,39,3,6,0.5,8,2,4,0.5,0.667
2023-24,1630550,JT Thor,1610612766,CHA,63,16,47,781,1,11,0.091,2,0,3,0,0.091
2023-24,1629630,Ja Morant,1610612763,MEM,9,6,3,318,16,54,0.296,40,8,29,0.276,0.37
2023-24,201580,JaVale McGee,1610612758,SAC,46,28,18,339,0,3,0,0,0,1,0,0
2023-24,1631095,Jabari Smith Jr.,1610612745,HOU,76,39,37,2424,87,216,0.403,189,15,52,0.288,0.438
2023-24,1631133,Jabari Walker,1610612757,POR,72,18,54,1701,6,27,0.222,13,1,4,0.25,0.241
2023-24,1631298,Jack White,1610612760,OKC,4,0,4,64,0,1,0,0,0,0,,0
2023-24,1631367,Jacob Gilyard,1610612751,BKN,41,12,29,698,19,49,0.388,52,14,36,0.389,0.531
2023-24,1631210,Jacob Toppin,1610612752,NYK,9,2,7,38,2,3,0.667,5,1,2,0.5,0.833
2023-24,1630702,Jaden Hardy,1610612742,DAL,73,44,29,989,64,174,0.368,148,20,68,0.294,0.425
2023-24,1631093,Jaden Ivey,1610612765,DET,77,14,63,2217,88,267,0.33,209,33,109,0.303,0.391
2023-24,1630183,Jaden McDaniels,1610612750,MIN,72,48,24,2105,41,111,0.369,88,6,25,0.24,0.396
2023-24,1630531,Jaden Springer,1610612738,BOS,49,32,17,507,8,26,0.308,16,0,4,0,0.308
2023-24,203109,Jae Crowder,1610612749,MIL,50,25,25,1156,16,38,0.421,41,9,21,0.429,0.539
2023-24,1630256,Jae'Sean Tate,1610612745,HOU,65,32,33,1031,0,9,0,0,0,6,0,0
2023-24,1630186,Jahmi'us Ramsey,1610612761,TOR,7,0,7,121,4,6,0.667,9,1,3,0.333,0.75
2023-24,1631170,Jaime Jaquez Jr.,1610612748,MIA,75,44,31,2113,20,58,0.345,42,2,15,0.133,0.362
2023-24,1631222,Jake LaRavia,1610612763,MEM,35,8,27,806,22,61,0.361,57,13,41,0.317,0.467
2023-24,1627751,Jakob Poeltl,1610612761,TOR,50,21,29,1319,1,6,0.167,2,,,,0.167
2023-24,1628973,Jalen Brunson,1610612752,NYK,77,49,28,2726,373,838,0.445,869,123,329,0.374,0.518
2023-24,1630622,Jalen Crutcher,1610612740,NOP,1,1,0,3,0,0,,0,,,,
2023-24,1631105,Jalen Duren,1610612765,DET,61,13,48,1777,8,32,0.25,16,0,3,0,0.25
2023-24,1630224,Jalen Green,1610612745,HOU,82,41,41,2601,198,559,0.354,510,114,340,0.335,0.456
2023-24,1641720,Jalen Hood-Schifino,1610612747,LAL,21,10,11,109,4,24,0.167,9,1,10,0.1,0.188
2023-24,1630552,Jalen Johnson,1610612737,ATL,56,27,29,1889,29,73,0.397,63,5,20,0.25,0.432
2023-24,1629667,Jalen McDaniels,1610612761,TOR,50,12,38,538,6,25,0.24,13,1,8,0.125,0.26
2023-24,1629618,Jalen Pickett,1610612743,DEN,27,20,7,122,6,23,0.261,15,3,16,0.188,0.326
2023-24,1641771,Jalen Slawson,1610612758,SAC,12,8,4,37,1,1,1,2,0,0,,1
2023-24,1630188,Jalen Smith,1610612754,IND,61,36,25,1047,8,16,0.5,20,4,8,0.5,0.625
2023-24,1630591,Jalen Suggs,1610612753,ORL,75,43,32,2025,64,178,0.36,165,37,98,0.378,0.463
2023-24,1631114,Jalen Williams,1610612760,OKC,71,51,20,2224,184,367,0.501,408,40,95,0.421,0.556
2023-24,1630592,Jalen Wilson,1610612751,BKN,43,14,29,665,4,21,0.19,8,0,4,0,0.19
2023-24,1631288,Jamal Cain,1610612748,MIA,26,14,12,259,5,9,0.556,12,2,3,0.667,0.667
2023-24,1627750,Jamal Murray,1610612743,DEN,59,44,15,1861,221,492,0.449,520,78,184,0.424,0.528
2023-24,1631123,Jamaree Bouyea,1610612759,SAS,9,2,7,95,2,8,0.25,4,0,4,0,0.25
2023-24,1630547,James Bouknight,1610612766,CHA,14,0,14,81,7,18,0.389,21,7,15,0.467,0.583
2023-24,201935,James Harden,1610612746,LAC,72,46,26,2470,172,436,0.394,469,125,325,0.385,0.538
2023-24,201949,James Johnson,1610612754,IND,9,4,5,47,1,3,0.333,2,0,0,,0.333
2023-24,1630164,James Wiseman,1610612765,DET,63,9,54,1091,4,17,0.235,8,0,0,,0.235
2023-24,1641716,Jarace Walker,1610612754,IND,33,18,15,340,17,37,0.459,41,7,17,0.412,0.554
2023-24,1630215,Jared Butler,1610612764,WAS,40,6,34,566,22,56,0.393,56,12,37,0.324,0.5
2023-24,1631197,Jared Rhoden,1610612765,DET,17,2,15,245,13,27,0.481,28,2,5,0.4,0.519
2023-24,1628991,Jaren Jackson Jr.,1610612763,MEM,66,22,44,2124,36,125,0.288,86,14,62,0.226,0.344
2023-24,1629020,Jarred Vanderbilt,1610612747,LAL,29,14,15,581,0,2,0,0,0,1,0,0
2023-24,1628386,Jarrett Allen,1610612739,CLE,77,46,31,2442,3,13,0.231,6,0,2,0,0.231
2023-24,1630554,Jason Preston,1610612762,UTA,7,2,5,71,2,7,0.286,4,0,1,0,0.286
2023-24,1631241,Javon Freeman-Liberty,1610612761,TOR,22,3,19,403,10,27,0.37,21,1,12,0.083,0.389
2023-24,1629750,Javonte Green,1610612741,CHI,9,5,4,230,0,2,0,0,0,0,,0
2023-24,1630606,Javonte Smart,1610612755,PHI,1,1,0,1,0,0,,0,,,,
2023-24,1629637,Jaxson Hayes,1610612747,LAL,70,41,29,877,0,1,0,0,0,1,0,0
2023-24,1630643,Jay Huff,1610612743,DEN,20,16,4,49,0,0,,0,0,0,,
2023-24,1627759,Jaylen Brown,1610612738,BOS,70,52,18,2343,175,413,0.424,409,59,168,0.351,0.495
2023-24,1629669,Jaylen Nowell,1610612758,SAC,13,3,10,214,16,32,0.5,33,1,8,0.125,0.516
2023-24,1631119,Jaylin Williams,1610612760,OKC,69,48,21,897,1,9,0.111,2,0,4,0,0.111
2023-24,1628369,Jayson Tatum,1610612738,BOS,74,57,17,2645,234,645,0.363,613,145,416,0.349,0.475
2023-24,1630288,Jeff Dowtin Jr.,1610612755,PHI,12,7,5,142,6,15,0.4,17,5,13,0.385,0.567
2023-24,201145,Jeff Green,1610612745,HOU,78,39,39,1307,18,51,0.353,41,5,16,0.313,0.402
2023-24,203924,Jerami Grant,1610612757,POR,54,17,37,1830,66,161,0.41,133,1,15,0.067,0.413
2023-24,1630526,Jeremiah Robinson-Earl,1610612740,NOP,39,22,17,334,3,6,0.5,6,0,1,0,0.5
2023-24,1631110,Jeremy Sochan,1610612759,SAS,74,18,56,2193,22,105,0.21,52,8,41,0.195,0.248
2023-24,1630579,Jericho Sims,1610612752,NYK,45,30,15,585,0,0,,0,,,,
2023-24,1631257,Jermaine Samuels Jr.,1610612745,HOU,14,8,6,60,0,0,,0,0,0,,
2023-24,1629010,Jerome Robinson,1610612744,GSW,22,17,5,81,0,3,0,0,0,2,0,0
2023-24,1641724,Jett Howard,1610612753,ORL,18,9,9,67,3,13,0.231,8,2,11,0.182,0.308
2023-24,1628975,Jevon Carter,1610612741,CHI,72,35,37,1004,66,176,0.375,155,23,85,0.271,0.44
2023-24,202710,Jimmy Butler III,1610612748,MIA,60,33,27,2042,75,191,0.393,169,19,48,0.396,0.442
2023-24,1629111,Jock Landale,1610612745,HOU,56,28,28,763,2,7,0.286,4,0,1,0,0.286
2023-24,203925,Joe Harris,1610612765,DET,16,4,12,170,0,2,0,0,0,2,0,0
2023-24,204060,Joe Ingles,1610612753,ORL,68,42,26,1169,12,53,0.226,35,11,50,0.22,0.33
2023-24,203954,Joel Embiid,1610612755,PHI,39,31,8,1309,142,329,0.432,295,11,60,0.183,0.448
2023-24,1628381,John Collins,1610612762,UTA,68,27,41,1901,18,48,0.375,37,1,6,0.167,0.385
2023-24,1629723,John Konchar,1610612763,MEM,55,18,37,1174,0,13,0,0,0,11,0,0
2023-24,1631098,Johnny Davis,1610612764,WAS,50,8,42,613,7,29,0.241,15,1,4,0.25,0.259
2023-24,1630548,Johnny Juzang,1610612762,UTA,20,5,15,372,3,15,0.2,8,2,9,0.222,0.267
2023-24,202685,Jonas Valanciunas,1610612740,NOP,82,49,33,1925,13,22,0.591,26,0,1,0,0.591
2023-24,1628371,Jonathan Isaac,1610612753,ORL,58,35,23,915,9,29,0.31,19,1,5,0.2,0.328
2023-24,1630228,Jonathan Kuminga,1610612744,GSW,74,40,34,1950,53,140,0.379,114,8,26,0.308,0.407
2023-24,1629007,Jontay Porter,1610612765,DET,26,6,20,360,1,6,0.167,2,0,2,0,0.167
2023-24,203903,Jordan Clarkson,1610612762,UTA,55,22,33,1682,100,286,0.35,236,36,144,0.25,0.413
2023-24,1630259,Jordan Ford,1610612758,SAC,6,2,4,22,2,4,0.5,5,1,1,1,0.625
2023-24,1630692,Jordan Goodwin,1610612763,MEM,57,30,27,1056,39,118,0.331,89,11,42,0.262,0.377
2023-24,1641722,Jordan Hawkins,1610612740,NOP,67,38,29,1161,44,125,0.352,102,14,50,0.28,0.408
2023-24,1629162,Jordan McLaughlin,1610612750,MIN,56,35,21,626,9,21,0.429,25,7,15,0.467,0.595
2023-24,1641757,Jordan Miller,1610612746,LAC,8,5,3,28,0,2,0,0,0,0,,0
2023-24,1629670,Jordan Nwora,1610612761,TOR,52,14,38,711,22,67,0.328,54,10,37,0.27,0.403
2023-24,1629673,Jordan Poole,1610612764,WAS,78,15,63,2346,172,497,0.346,426,82,270,0.304,0.429
2023-24,1641775,Jordan Walsh,1610612738,BOS,9,9,0,83,0,0,,0,0,0,,
2023-24,1630631,Jose Alvarado,1610612740,NOP,56,38,18,1028,20,60,0.333,53,13,37,0.351,0.442
2023-24,1630581,Josh Giddey,1610612760,OKC,80,56,24,2012,47,104,0.452,97,3,15,0.2,0.466
2023-24,1630182,Josh Green,1610612742,DAL,57,32,25,1505,14,36,0.389,32,4,11,0.364,0.444
2023-24,1628404,Josh Hart,1610612752,NYK,81,49,32,2707,52,164,0.317,122,18,68,0.265,0.372
2023-24,1631169,Josh Minott,1610612750,MIN,32,23,9,91,0,1,0,0,0,1,0,0
2023-24,1629006,Josh Okogie,1610612756,PHX,60,37,23,960,6,16,0.375,13,1,5,0.2,0.406
2023-24,1626196,Josh Richardson,1610612748,MIA,43,24,19,1103,27,74,0.365,57,3,14,0.214,0.385
2023-24,1630563,Joshua Primo,1610612746,LAC,2,2,0,10,0,0,,0,,,,
2023-24,201950,Jrue Holiday,1610612738,BOS,69,53,16,2263,97,243,0.399,253,59,150,0.393,0.521
2023-24,1629308,Juan Toscano-Anderson,1610612758,SAC,11,7,4,53,0,0,,0,0,0,,
2023-24,1631262,Jules Bernard,1610612764,WAS,19,2,17,149,5,11,0.455,14,4,9,0.444,0.636
2023-24,1630577,Julian Champagnie,1610612759,SAS,74,19,55,1468,7,17,0.412,19,5,10,0.5,0.559
2023-24,1641763,Julian Phillips,1610612741,CHI,40,20,20,323,0,0,,0,0,0,,
2023-24,1631124,Julian Strawther,1610612743,DEN,50,34,16,545,16,43,0.372,38,6,19,0.316,0.442
2023-24,203944,Julius Randle,1610612752,NYK,46,29,17,1630,85,233,0.365,193,23,94,0.245,0.414
2023-24,1630551,Justin Champagnie,1610612764,WAS,15,3,12,235,2,7,0.286,6,2,6,0.333,0.429
2023-24,203200,Justin Holiday,1610612743,DEN,58,38,20,862,16,36,0.444,38,6,13,0.462,0.528
2023-24,1628382,Justin Jackson,1610612750,MIN,2,2,0,1,0,0,,0,,,,
2023-24,1631303,Justin Minaya,1610612757,POR,34,3,31,381,2,3,0.667,6,2,3,0.667,1
2023-24,203994,Jusuf Nurkić,1610612756,PHX,76,48,28,2078,3,11,0.273,6,0,3,0,0.273
2023-24,1630231,KJ Martin,1610612755,PHI,60,33,27,746,0,2,0,0,0,0,,0
2023-24,1629232,Kaiser Gates,1610612740,NOP,1,0,1,7,0,0,,0,0,0,,
2023-24,1626157,Karl-Anthony Towns,1610612750,MIN,62,42,20,2026,47,124,0.379,107,13,42,0.31,0.431
2023-24,202695,Kawhi Leonard,1610612746,LAC,68,44,24,2330,243,535,0.454,541,55,142,0.387,0.506
2023-24,1631099,Keegan Murray,1610612758,SAC,77,43,34,2589,97,242,0.401,214,20,77,0.26,0.442
2023-24,1628966,Keita Bates-Diop,1610612751,BKN,53,29,24,665,3,8,0.375,7,1,3,0.333,0.438
2023-24,1629640,Keldon Johnson,1610612759,SAS,69,17,52,2038,37,113,0.327,94,20,70,0.286,0.416
2023-24,203482,Kelly Olynyk,1610612761,TOR,78,31,47,1759,18,56,0.321,38,2,21,0.095,0.339
2023-24,1626162,Kelly Oubre Jr.,1610612755,PHI,68,40,28,2055,55,169,0.325,138,28,89,0.315,0.408
2023-24,1631112,Kendall Brown,1610612754,IND,15,10,5,63,0,1,0,0,0,0,,0
2023-24,1631254,Kenneth Lofton Jr.,1610612762,UTA,21,7,14,198,5,10,0.5,11,1,3,0.333,0.55
2023-24,1629026,Kenrich Williams,1610612760,OKC,69,49,20,1029,8,35,0.229,19,3,12,0.25,0.271
2023-24,203484,Kentavious Caldwell-Pope,1610612743,DEN,76,54,22,2402,75,161,0.466,173,23,51,0.451,0.537
2023-24,1631165,Keon Ellis,1610612758,SAC,57,33,24,978,29,71,0.408,78,20,49,0.408,0.549
2023-24,1630553,Keon Johnson,1610612751,BKN,5,0,5,61,1,7,0.143,2,0,4,0,0.143
2023-24,1630556,Kessler Edwards,1610612758,SAC,54,32,22,275,2,5,0.4,5,1,3,0.333,0.5
2023-24,201142,Kevin Durant,1610612756,PHX,75,44,31,2791,318,686,0.464,678,42,121,0.347,0.494
2023-24,1628989,Kevin Huerter,1610612758,SAC,64,37,27,1562,52,124,0.419,136,32,77,0.416,0.548
2023-24,1628995,Kevin Knox II,1610612757,POR,31,4,27,560,11,27,0.407,24,2,9,0.222,0.444
2023-24,201567,Kevin Love,1610612748,MIA,55,31,24,924,9,27,0.333,26,8,20,0.4,0.481
2023-24,1630284,Kevon Harris,1610612753,ORL,2,1,1,6,1,2,0.5,2,,,,0.5
2023-24,1626172,Kevon Looney,1610612744,GSW,74,43,31,1194,4,12,0.333,8,,,,0.333
2023-24,1641749,Keyontae Johnson,1610612760,OKC,9,7,2,66,1,2,0.5,2,0,0,,0.5
2023-24,1641718,Keyonte George,1610612762,UTA,75,27,48,2023,116,319,0.364,303,71,206,0.345,0.475
2023-24,203114,Khris Middleton,1610612749,MIL,55,31,24,1487,162,329,0.492,365,41,114,0.36,0.555
2023-24,1630165,Killian Hayes,1610612765,DET,42,7,35,1008,65,152,0.428,135,5,16,0.313,0.444
2023-24,1630184,Kira Lewis Jr.,1610612762,UTA,28,10,18,264,6,23,0.261,13,1,7,0.143,0.283
2023-24,202691,Klay Thompson,1610612744,GSW,77,41,36,2284,142,320,0.444,332,48,116,0.414,0.519
2023-24,1641738,Kobe Brown,1610612746,LAC,44,27,17,394,2,5,0.4,4,0,1,0,0.4
2023-24,1641723,Kobe Bufkin,1610612737,ATL,17,8,9,196,22,51,0.431,49,5,17,0.294,0.48
2023-24,1628424,Kobi Simmons,1610612761,TOR,4,0,4,67,4,5,0.8,9,1,1,1,0.9
2023-24,1627739,Kris Dunn,1610612762,UTA,66,25,41,1249,13,32,0.406,30,4,13,0.308,0.469
2023-24,1631200,Kris Murray,1610612757,POR,62,12,50,1348,5,24,0.208,13,3,19,0.158,0.271
2023-24,204001,Kristaps Porziņģis,1610612738,BOS,57,43,14,1690,39,103,0.379,82,4,15,0.267,0.398
2023-24,203937,Kyle Anderson,1610612750,MIN,79,55,24,1782,33,78,0.423,67,1,7,0.143,0.429
2023-24,1628398,Kyle Kuzma,1610612764,WAS,70,13,57,2281,121,358,0.338,289,47,154,0.305,0.404
2023-24,200768,Kyle Lowry,1610612755,PHI,60,32,28,1690,50,132,0.379,133,33,85,0.388,0.504
2023-24,202681,Kyrie Irving,1610612742,DAL,58,39,19,2030,223,497,0.449,529,83,210,0.395,0.532
2023-24,1630163,LaMelo Ball,1610612766,CHA,22,7,15,711,49,147,0.333,132,34,98,0.347,0.449
2023-24,1630205,Lamar Stevens,1610612763,MEM,38,22,16,559,23,61,0.377,46,0,1,0,0.377
2023-24,1629013,Landry Shamet,1610612764,WAS,46,6,40,726,27,70,0.386,60,6,33,0.182,0.429
2023-24,1626204,Larry Nance Jr.,1610612740,NOP,61,34,27,1216,5,11,0.455,11,1,3,0.333,0.5
2023-24,1628374,Lauri Markkanen,1610612762,UTA,55,22,33,1820,34,104,0.327,75,7,33,0.212,0.361
2023-24,2544,LeBron James,1610612747,LAL,71,41,30,2504,113,328,0.345,277,51,152,0.336,0.422
2023-24,1641778,Leaky Black,1610612766,CHA,26,2,24,284,2,5,0.4,4,0,0,,0.4
2023-24,1631159,Leonard Miller,1610612750,MIN,17,13,4,52,3,3,1,6,0,0,,1
2023-24,1631311,Lester Quiñones,1610612744,GSW,37,24,13,394,14,37,0.378,37,9,24,0.375,0.5
2023-24,1629623,Lindell Wigginton,1610612749,MIL,3,3,0,8,0,0,,0,0,0,,
2023-24,1630322,Lindy Waters III,1610612760,OKC,38,25,13,280,8,26,0.308,24,8,21,0.381,0.462
2023-24,1629022,Lonnie Walker IV,1610612751,BKN,58,23,35,1011,60,168,0.357,157,37,94,0.394,0.467
2023-24,1629652,Luguentz Dort,1610612760,OKC,79,54,25,2246,40,97,0.412,95,15,41,0.366,0.49
2023-24,1629029,Luka Dončić,1610612742,DAL,70,46,24,2624,410,992,0.413,1041,221,585,0.378,0.525
2023-24,1630568,Luka Garza,1610612750,MIN,25,17,8,122,3,6,0.5,7,1,2,0.5,0.583
2023-24,1629677,Luka Samanic,1610612762,UTA,43,15,28,404,1,3,0.333,2,0,2,0,0.333
2023-24,1628379,Luke Kennard,1610612763,MEM,39,15,24,999,30,92,0.326,75,15,49,0.306,0.408
2023-24,1628436,Luke Kornet,1610612738,BOS,63,48,15,983,0,0,,0,0,0,,
2023-24,1630201,Malachi Flynn,1610612765,DET,69,28,41,877,53,131,0.405,131,25,76,0.329,0.5
2023-24,1631103,Malaki Branham,1610612759,SAS,75,18,57,1594,54,160,0.338,121,13,47,0.277,0.378
2023-24,1627763,Malcolm Brogdon,1610612757,POR,39,15,24,1121,71,208,0.341,165,23,80,0.288,0.397
2023-24,1630608,Malcolm Cazalon,1610612765,DET,1,0,1,3,0,0,,0,,,,
2023-24,1627736,Malik Beasley,1610612749,MIL,79,46,33,2337,66,167,0.395,173,41,115,0.357,0.518
2023-24,1628370,Malik Monk,1610612758,SAC,72,42,30,1872,128,326,0.393,313,57,177,0.322,0.48
2023-24,1642013,Malik Williams,1610612761,TOR,7,2,5,107,1,1,1,2,0,0,,1
2023-24,1629603,Mamadi Diakite,1610612752,NYK,6,5,1,24,0,0,,0,0,0,,
2023-24,1641970,Maozinha Pereira,1610612763,MEM,7,2,5,122,0,2,0,0,0,1,0,0
2023-24,1630699,MarJon Beauchamp,1610612749,MIL,48,30,18,608,17,44,0.386,40,6,25,0.24,0.455
2023-24,202694,Marcus Morris Sr.,1610612739,CLE,49,26,23,817,42,104,0.404,89,5,16,0.313,0.428
2023-24,1631204,Marcus Sasser,1610612765,DET,71,11,60,1351,121,300,0.403,294,52,138,0.377,0.49
2023-24,203935,Marcus Smart,1610612763,MEM,20,7,13,605,23,62,0.371,52,6,29,0.207,0.419
2023-24,1631109,Mark Williams,1610612766,CHA,19,7,12,508,0,0,,0,,,,
2023-24,1628365,Markelle Fultz,1610612753,ORL,43,25,18,910,31,84,0.369,62,0,4,0,0.369
2023-24,202693,Markieff Morris,1610612742,DAL,26,15,11,216,6,19,0.316,15,3,5,0.6,0.395
2023-24,1641806,Markquis Nowell,1610612761,TOR,1,0,1,4,0,0,,0,,,,
2023-24,1629716,Marques Bolden,1610612766,CHA,11,5,6,121,1,2,0.5,2,0,0,,0.5
2023-24,1628963,Marvin Bagley III,1610612764,WAS,50,7,43,1053,5,12,0.417,10,0,1,0,0.417
2023-24,1630222,Mason Jones,1610612758,SAC,5,3,2,28,0,4,0,0,0,4,0,0
2023-24,203486,Mason Plumlee,1610612746,LAC,46,29,17,674,0,2,0,0,0,1,0,0
2023-24,1629680,Matisse Thybulle,1610612757,POR,65,18,47,1487,5,26,0.192,13,3,21,0.143,0.25
2023-24,1630562,Matt Hurt,1610612763,MEM,8,2,6,113,2,5,0.4,5,1,2,0.5,0.5
2023-24,1630346,Matt Ryan,1610612740,NOP,28,14,14,390,6,22,0.273,16,4,9,0.444,0.364
2023-24,1631108,Max Christie,1610612747,LAL,67,38,29,944,24,61,0.393,53,5,22,0.227,0.434
2023-24,1629622,Max Strus,1610612739,CLE,70,43,27,2239,20,69,0.29,53,13,54,0.241,0.384
2023-24,1628467,Maxi Kleber,1610612742,DAL,43,27,16,871,7,14,0.5,14,0,2,0,0.5
2023-24,1641721,Maxwell Lewis,1610612747,LAL,34,18,16,103,1,7,0.143,2,0,4,0,0.143
2023-24,1630695,Micah Potter,1610612762,UTA,16,3,13,186,1,3,0.333,3,1,2,0.5,0.5
2023-24,1629008,Michael Porter Jr.,1610612743,DEN,81,57,24,2565,123,310,0.397,288,42,138,0.304,0.465
2023-24,1628969,Mikal Bridges,1610612751,BKN,82,32,50,2854,163,423,0.385,369,43,127,0.339,0.436
2023-24,201144,Mike Conley,1610612750,MIN,76,53,23,2193,124,293,0.423,343,95,208,0.457,0.585
2023-24,203488,Mike Muscala,1610612760,OKC,53,17,36,600,2,8,0.25,5,1,4,0.25,0.313
2023-24,1628970,Miles Bridges,1610612766,CHA,69,17,52,2581,99,310,0.319,242,44,151,0.291,0.39
2023-24,1630540,Miles McBride,1610612752,NYK,68,42,26,1328,65,157,0.414,159,29,78,0.372,0.506
2023-24,1629011,Mitchell Robinson,1610612752,NYK,31,19,12,768,0,0,,0,,,,
2023-24,1628964,Mo Bamba,1610612755,PHI,57,30,27,740,0,4,0,0,0,3,0,0
2023-24,1628420,Monte Morris,1610612750,MIN,33,21,12,476,24,67,0.358,51,3,18,0.167,0.381
2023-24,1629021,Moritz Wagner,1610612753,ORL,80,46,34,1415,1,8,0.125,2,0,2,0,0.125
2023-24,1629650,Moses Brown,1610612757,POR,22,4,18,200,0,0,,0,,,,
2023-24,1630541,Moses Moody,1610612744,GSW,66,38,28,1156,25,61,0.41,62,12,23,0.522,0.508
2023-24,1631338,Mouhamadou Gueye,1610612761,TOR,11,0,11,120,1,1,1,2,0,0,,1
2023-24,1631243,Mouhamed Gueye,1610612737,ATL,6,2,4,73,0,1,0,0,0,0,,0
2023-24,1631217,Moussa Diabaté,1610612746,LAC,11,7,4,64,0,0,,0,,,,
2023-24,1626167,Myles Turner,1610612754,IND,77,45,32,2076,27,64,0.422,56,2,17,0.118,0.438
2023-24,1630230,Naji Marshall,1610612740,NOP,66,41,25,1257,15,49,0.306,33,3,14,0.214,0.337
2023-24,1629642,Nassir Little,1610612756,PHX,45,28,17,458,6,15,0.4,14,2,7,0.286,0.467
2023-24,1630207,Nate Hinton,1610612745,HOU,15,8,7,75,4,7,0.571,12,4,5,0.8,0.857
2023-24,1631466,Nate Williams,1610612745,HOU,22,11,11,129,0,1,0,0,0,0,,0
2023-24,1641877,Nathan Mensah,1610612766,CHA,25,3,22,307,0,1,0,0,,,,0
2023-24,1629675,Naz Reid,1610612750,MIN,81,56,25,1964,18,46,0.391,39,3,13,0.231,0.424
2023-24,1629674,Neemias Queta,1610612738,BOS,28,24,4,333,0,0,,0,,,,
2023-24,1629651,Nic Claxton,1610612751,BKN,71,27,44,2116,0,9,0,0,0,1,0,0
2023-24,1630208,Nick Richards,1610612766,CHA,67,14,53,1759,3,5,0.6,6,0,0,,0.6
2023-24,1641733,Nick Smith Jr.,1610612766,CHA,51,9,42,729,38,121,0.314,89,13,38,0.342,0.368
2023-24,1629638,Nickeil Alexander-Walker,1610612750,MIN,82,56,26,1921,37,111,0.333,94,20,70,0.286,0.423
2023-24,201587,Nicolas Batum,1610612755,PHI,60,36,24,1530,8,22,0.364,22,6,16,0.375,0.5
2023-24,203999,Nikola Jokić,1610612743,DEN,79,55,24,2737,68,168,0.405,152,16,54,0.296,0.452
2023-24,1631107,Nikola Jović,1610612748,MIA,46,24,22,896,12,31,0.387,34,10,22,0.455,0.548
2023-24,202696,Nikola Vučević,1610612741,CHI,76,36,40,2610,46,100,0.46,92,0,0,,0.46
2023-24,1641730,Noah Clowney,1610612751,BKN,23,10,13,370,0,1,0,0,0,1,0,0
2023-24,1626181,Norman Powell,1610612746,LAC,76,48,28,1990,88,223,0.395,211,35,113,0.31,0.473
2023-24,1628384,OG Anunoby,1610612752,NYK,50,31,19,1702,38,98,0.388,84,8,33,0.242,0.429
2023-24,1630167,Obi Toppin,1610612754,IND,82,47,35,1731,14,37,0.378,38,10,24,0.417,0.514
2023-24,1630534,Ochai Agbaji,1610612761,TOR,78,31,47,1642,16,47,0.34,41,9,27,0.333,0.436
2023-24,1630846,Olivier Sarr,1610612760,OKC,15,8,7,98,0,0,,0,0,0,,
2023-24,1641765,Olivier-Maxence Prosper,1610612742,DAL,40,24,16,336,3,8,0.375,7,1,2,0.5,0.438
2023-24,1630209,Omer Yurtseven,1610612762,UTA,48,17,31,545,2,5,0.4,4,0,1,0,0.4
2023-24,1641931,Onuralp Bitim,1610612741,CHI,23,11,12,268,5,16,0.313,11,1,5,0.2,0.344
2023-24,1630168,Onyeka Okongwu,1610612737,ATL,55,23,32,1405,1,1,1,2,0,0,,1
2023-24,1631115,Orlando Robinson,1610612748,MIA,36,20,16,304,0,2,0,0,0,0,,0
2023-24,1631131,Oscar Tshiebwe,1610612754,IND,8,2,6,42,0,0,,0,,,,
2023-24,1629052,Oshae Brissett,1610612738,BOS,55,46,9,630,3,13,0.231,6,0,6,0,0.231
2023-24,203490,Otto Porter Jr.,1610612761,TOR,15,6,9,174,0,2,0,0,0,1,0,0
2023-24,1631172,Ousmane Dieng,1610612760,OKC,33,21,12,365,5,22,0.227,11,1,11,0.091,0.25
2023-24,200782,P.J. Tucker,1610612746,LAC,31,13,18,486,0,0,,0,0,0,,
2023-24,1629023,P.J. Washington,1610612742,DAL,73,30,43,2221,26,92,0.283,64,12,54,0.222,0.348
2023-24,1631094,Paolo Banchero,1610612753,ORL,80,46,34,2799,231,604,0.382,528,66,205,0.322,0.437
2023-24,1627783,Pascal Siakam,1610612754,IND,80,38,42,2658,117,272,0.43,236,2,19,0.105,0.434
2023-24,1626192,Pat Connaughton,1610612749,MIL,76,45,31,1676,11,24,0.458,32,10,22,0.455,0.667
2023-24,1630311,Pat Spencer,1610612744,GSW,6,4,2,26,0,0,,0,0,0,,
2023-24,1631116,Patrick Baldwin Jr.,1610612764,WAS,38,6,32,494,2,18,0.111,5,1,11,0.091,0.139
2023-24,201976,Patrick Beverley,1610612749,MIL,73,43,30,1463,29,90,0.322,73,15,48,0.313,0.406
2023-24,1630172,Patrick Williams,1610612741,CHI,43,19,24,1174,42,92,0.457,91,7,14,0.5,0.495
2023-24,201988,Patty Mills,1610612748,MIA,32,15,17,415,17,41,0.415,39,5,17,0.294,0.476
2023-24,202331,Paul George,1610612746,LAC,74,48,26,2502,212,519,0.408,512,88,246,0.358,0.493
2023-24,1630194,Paul Reed,1610612755,PHI,82,47,35,1590,11,33,0.333,25,3,6,0.5,0.379
2023-24,1630202,Payton Pritchard,1610612738,BOS,82,64,18,1826,80,197,0.406,194,34,111,0.306,0.492
2023-24,1631250,Pete Nance,1610612739,CLE,8,3,5,27,0,2,0,0,0,0,,0
2023-24,1631212,Peyton Watson,1610612743,DEN,80,56,24,1488,27,63,0.429,56,2,12,0.167,0.444
2023-24,1630173,Precious Achiuwa,1610612752,NYK,74,40,34,1624,6,31,0.194,13,1,5,0.2,0.21
2023-24,1629656,Quentin Grimes,1610612765,DET,51,32,19,1025,17,66,0.258,49,15,52,0.288,0.371
2023-24,1631245,Quenton Jackson,1610612754,IND,3,3,0,11,0,0,,0,,,,
2023-24,1630181,R.J. Hampton,1610612748,MIA,8,3,5,76,1,2,0.5,2,0,0,,0.5
2023-24,1629628,RJ Barrett,1610612761,TOR,58,26,32,1838,20,64,0.313,43,3,13,0.231,0.336
2023-24,1630564,RaiQuan Gray,1610612759,SAS,3,2,1,39,1,2,0.5,2,0,0,,0.5
2023-24,1641712,Rayan Rupert,1610612757,POR,39,7,32,633,8,27,0.296,23,7,15,0.467,0.426
2023-24,203493,Reggie Bullock Jr.,1610612745,HOU,44,24,20,417,5,12,0.417,14,4,8,0.5,0.583
2023-24,202704,Reggie Jackson,1610612743,DEN,82,57,25,1817,93,265,0.351,219,33,105,0.314,0.413
2023-24,1626158,Richaun Holmes,1610612764,WAS,40,13,27,554,0,3,0,0,0,0,,0
2023-24,1641741,Ricky Council IV,1610612755,PHI,32,15,17,289,5,13,0.385,11,1,5,0.2,0.423
2023-24,203496,Robert Covington,1610612755,PHI,29,20,9,488,3,6,0.5,9,3,5,0.6,0.75
2023-24,1629057,Robert Williams III,1610612757,POR,6,2,4,119,0,0,,0,,,,
2023-24,201577,Robin Lopez,1610612749,MIL,16,10,6,65,0,0,,0,0,0,,
2023-24,1631199,Ron Harper Jr.,1610612761,TOR,1,1,0,4,0,0,,0,,,,
2023-24,1626220,Royce O'Neale,1610612756,PHX,79,38,41,1954,33,92,0.359,95,29,85,0.341,0.516
2023-24,203497,Rudy Gobert,1610612750,MIN,76,53,23,2593,0,3,0,0,0,0,,0
2023-24,1629060,Rui Hachimura,1610612747,LAL,68,40,28,1825,44,104,0.423,90,2,4,0.5,0.433
2023-24,201566,Russell Westbrook,1610612746,LAC,68,45,23,1529,41,114,0.36,93,11,35,0.314,0.408
2023-24,1627853,Ryan Arcidiacono,1610612752,NYK,20,15,5,45,0,0,,0,0,0,,
2023-24,1631157,Ryan Rollins,1610612749,MIL,13,1,12,78,3,7,0.429,7,1,1,1,0.5
2023-24,1630240,Saben Lee,1610612756,PHX,24,15,9,185,2,6,0.333,4,0,3,0,0.333
2023-24,1630180,Saddiq Bey,1610612737,ATL,63,28,35,2062,28,99,0.283,77,21,69,0.304,0.389
2023-24,1630573,Sam Hauser,1610612738,BOS,79,62,17,1741,29,61,0.475,76,18,43,0.419,0.623
2023-24,1630241,Sam Merrill,1610612739,CLE,61,36,25,1069,24,89,0.27,71,23,80,0.288,0.399
2023-24,1630572,Sandro Mamukelashvili,1610612759,SAS,46,12,34,451,9,15,0.6,22,4,7,0.571,0.733
2023-24,1630583,Santi Aldama,1610612763,MEM,61,23,38,1618,20,68,0.294,49,9,35,0.257,0.36
2023-24,1628426,Sasha Vezenkov,1610612758,SAC,42,22,20,511,5,18,0.278,14,4,13,0.308,0.389
2023-24,1630703,Scoot Henderson,1610612757,POR,62,18,44,1765,130,343,0.379,307,47,141,0.333,0.448
2023-24,1630567,Scottie Barnes,1610612761,TOR,60,22,38,2094,58,183,0.317,127,11,63,0.175,0.347
2023-24,1630590,Scotty Pippen Jr.,1610612763,MEM,21,5,16,527,20,52,0.385,48,8,21,0.381,0.462
2023-24,203552,Seth Curry,1610612766,CHA,44,25,19,615,24,77,0.312,53,5,19,0.263,0.344
2023-24,1641754,Seth Lundy,1610612737,ATL,9,2,7,52,1,1,1,2,0,0,,1
2023-24,1631101,Shaedon Sharpe,1610612757,POR,32,8,24,1059,64,187,0.342,160,32,108,0.296,0.428
2023-24,1628983,Shai Gilgeous-Alexander,1610612760,OKC,75,55,20,2553,356,748,0.476,781,69,194,0.356,0.522
2023-24,1629003,Shake Milton,1610612752,NYK,48,32,16,581,25,65,0.385,54,4,17,0.235,0.415
2023-24,1627885,Shaquille Harrison,1610612763,MEM,3,1,2,6,0,0,,0,,,,
2023-24,1631321,Sidy Cissoko,1610612759,SAS,12,5,7,141,0,1,0,0,0,0,,0
2023-24,1631323,Simone Fontecchio,1610612765,DET,66,29,37,1644,17,57,0.298,43,9,31,0.29,0.377
2023-24,1630219,Skylar Mays,1610612747,LAL,38,14,24,433,21,50,0.42,46,4,13,0.308,0.46
2023-24,203915,Spencer Dinwiddie,1610612747,LAL,76,38,38,2152,56,188,0.298,146,34,131,0.26,0.388
2023-24,1630649,Stanley Umude,1610612765,DET,24,4,20,307,3,11,0.273,7,1,2,0.5,0.318
2023-24,201939,Stephen Curry,1610612744,GSW,74,43,31,2422,250,658,0.38,667,167,448,0.373,0.507
2023-24,1629004,Svi Mykhailiuk,1610612738,BOS,41,32,9,413,15,36,0.417,43,13,27,0.481,0.597
2023-24,204456,T.J. McConnell,1610612754,IND,71,40,31,1291,83,173,0.48,172,6,14,0.429,0.497
2023-24,203933,T.J. Warren,1610612750,MIN,11,7,4,125,3,10,0.3,6,0,0,,0.3
2023-24,201959,Taj Gibson,1610612765,DET,20,8,12,205,1,1,1,2,0,0,,1
2023-24,1629659,Talen Horton-Tucker,1610612762,UTA,51,14,37,1009,35,134,0.261,90,20,71,0.282,0.336
2023-24,1631106,Tari Eason,1610612745,HOU,22,12,10,480,9,15,0.6,18,0,1,0,0.6
2023-24,1627752,Taurean Prince,1610612747,LAL,78,44,34,2108,38,98,0.388,96,20,54,0.37,0.49
2023-24,1641707,Taylor Hendricks,1610612762,UTA,40,13,27,856,7,23,0.304,16,2,9,0.222,0.348
2023-24,1631386,Taze Moore,1610612757,POR,4,1,3,40,0,0,,0,0,0,,
2023-24,1629611,Terance Mann,1610612746,LAC,75,47,28,1873,33,80,0.413,78,12,34,0.353,0.488
2023-24,1631173,Terquavion Smith,1610612755,PHI,16,8,8,84,2,12,0.167,6,2,9,0.222,0.25
2023-24,1626179,Terry Rozier,1610612748,MIA,61,22,39,2040,184,447,0.412,454,86,229,0.376,0.508
2023-24,1630678,Terry Taylor,1610612741,CHI,31,12,19,188,0,1,0,0,0,1,0,0
2023-24,201152,Thaddeus Young,1610612756,PHX,33,12,21,440,2,3,0.667,4,0,0,,0.667
2023-24,203648,Thanasis Antetokounmpo,1610612749,MIL,34,21,13,155,0,2,0,0,0,1,0,0
2023-24,1630177,Theo Maledon,1610612756,PHX,17,5,12,213,3,16,0.188,7,1,8,0.125,0.219
2023-24,1628418,Thomas Bryant,1610612748,MIA,38,22,16,441,1,7,0.143,2,0,3,0,0.143
2023-24,203501,Tim Hardaway Jr.,1610612742,DAL,79,49,30,2120,134,350,0.383,329,61,177,0.345,0.47
2023-24,1641851,Timmy Allen,1610612763,MEM,5,0,5,125,4,11,0.364,8,0,0,,0.364
2023-24,202699,Tobias Harris,1610612755,PHI,70,41,29,2368,107,249,0.43,227,13,49,0.265,0.456
2023-24,1628470,Torrey Craig,1610612741,CHI,53,22,31,1049,10,21,0.476,26,6,10,0.6,0.619
2023-24,1641787,Tosan Evbuomwan,1610612765,DET,17,1,16,367,1,1,1,2,0,0,,1
2023-24,1641739,Toumani Camara,1610612757,POR,70,19,51,1739,5,20,0.25,14,4,12,0.333,0.35
2023-24,1629027,Trae Young,1610612737,ATL,54,22,32,1942,228,564,0.404,587,131,351,0.373,0.52
2023-24,1631218,Trayce Jackson-Davis,1610612744,GSW,68,39,29,1130,0,1,0,0,0,1,0,0
2023-24,1630200,Tre Jones,1610612759,SAS,77,21,56,2138,43,133,0.323,96,10,42,0.238,0.361
2023-24,1630544,Tre Mann,1610612766,CHA,41,21,20,987,41,116,0.353,103,21,62,0.339,0.444
2023-24,1630570,Trendon Watford,1610612751,BKN,63,25,38,857,11,27,0.407,24,2,5,0.4,0.444
2023-24,1630235,Trent Forrest,1610612737,ATL,38,18,20,414,5,18,0.278,10,0,3,0,0.278
2023-24,1630243,Trevelin Queen,1610612753,ORL,14,5,9,165,2,11,0.182,5,1,8,0.125,0.227
2023-24,1641998,Trey Jemison III,1610612763,MEM,25,5,20,574,6,15,0.4,12,,,,0.4
2023-24,1626168,Trey Lyles,1610612758,SAC,58,33,25,1158,5,23,0.217,12,2,13,0.154,0.261
2023-24,1630530,Trey Murphy III,1610612740,NOP,57,35,22,1690,47,121,0.388,130,36,93,0.387,0.537
2023-24,202684,Tristan Thompson,1610612739,CLE,49,28,21,549,0,2,0,0,0,1,0,0
2023-24,1641774,Tristan Vukcevic,1610612764,WAS,10,3,7,153,3,8,0.375,7,1,4,0.25,0.438
2023-24,1628972,Troy Brown Jr.,1610612765,DET,59,30,29,827,17,48,0.354,40,6,21,0.286,0.417
2023-24,1629660,Ty Jerome,1610612739,CLE,2,1,1,15,0,0,,0,0,0,,
2023-24,1631102,TyTy Washington Jr.,1610612749,MIL,11,5,6,56,2,11,0.182,4,0,1,0,0.182
2023-24,1629639,Tyler Herro,1610612748,MIA,42,23,19,1407,141,330,0.427,339,57,154,0.37,0.514
2023-24,1630169,Tyrese Haliburton,1610612754,IND,69,40,29,2224,234,579,0.404,606,138,399,0.346,0.523
2023-24,1630178,Tyrese Maxey,1610612755,PHI,70,43,27,2626,202,583,0.346,516,112,341,0.328,0.443
2023-24,1626145,Tyus Jones,1610612764,WAS,66,11,55,1933,109,243,0.449,247,29,75,0.387,0.508
2023-24,1628962,Udoka Azubuike,1610612756,PHX,16,12,4,113,0,0,,0,,,,
2023-24,1630586,Usman Garuba,1610612744,GSW,6,5,1,18,0,0,,0,0,0,,
2023-24,203995,Vasilije Micic,1610612766,CHA,60,34,26,1176,48,146,0.329,119,23,83,0.277,0.408
2023-24,1641705,Victor Wembanyama,1610612759,SAS,71,19,52,2106,101,294,0.344,265,63,168,0.375,0.451
2023-24,1631246,Vince Williams Jr.,1610612763,MEM,52,18,34,1437,20,56,0.357,52,12,35,0.343,0.464
2023-24,1630249,Vít Krejčí,1610612737,ATL,22,9,13,541,8,23,0.348,20,4,15,0.267,0.435
2023-24,1631117,Walker Kessler,1610612762,UTA,64,26,38,1493,0,0,,0,0,0,,
2023-24,1628976,Wendell Carter Jr.,1610612753,ORL,55,30,25,1406,4,11,0.364,9,1,4,0.25,0.409
2023-24,1631111,Wendell Moore Jr.,1610612750,MIN,25,18,7,75,1,5,0.2,2,0,2,0,0.2
2023-24,1629117,Wenyen Gabriel,1610612738,BOS,5,1,4,81,0,4,0,0,0,2,0,0
2023-24,202083,Wesley Matthews,1610612737,ATL,36,11,25,413,5,22,0.227,15,5,16,0.313,0.341
2023-24,1629875,Xavier Moon,1610612746,LAC,14,7,7,119,12,23,0.522,26,2,6,0.333,0.565
2023-24,1630214,Xavier Tillman,1610612738,BOS,54,30,24,975,1,8,0.125,2,0,3,0,0.125
2023-24,1629139,Yuta Watanabe,1610612763,MEM,34,18,16,464,3,13,0.231,6,0,4,0,0.231
2023-24,1628380,Zach Collins,1610612759,SAS,69,19,50,1526,15,33,0.455,31,1,5,0.2,0.47
2023-24,203897,Zach LaVine,1610612741,CHI,25,10,15,872,70,173,0.405,179,39,107,0.364,0.517
2023-24,1630285,Zavier Simpson,1610612765,DET,7,1,6,161,3,15,0.2,7,1,5,0.2,0.233
2023-24,1630192,Zeke Nnaji,1610612743,DEN,58,41,17,576,1,5,0.2,2,0,1,0,0.2
2023-24,1630533,Ziaire Williams,1610612763,MEM,51,20,31,1038,25,84,0.298,55,5,32,0.156,0.327
2023-24,1629627,Zion Williamson,1610612740,NOP,70,42,28,2207,9,34,0.265,19,1,4,0.25,0.279
2024-25,1630639,A.J. Lawson,1610612761,TOR,26,14,12,486,4,11,0.364,12,4,9,0.444,0.545
2024-25,1631260,AJ Green,1610612749,MIL,73,44,29,1659,50,126,0.397,132,32,85,0.376,0.524
2024-25,1642358,AJ Johnson,1610612764,WAS,29,8,21,638,10,44,0.227,30,10,40,0.25,0.341
2024-25,203932,Aaron Gordon,1610612743,DEN,51,33,18,1447,41,101,0.406,101,19,52,0.365,0.5
2024-25,1628988,Aaron Holiday,1610612745,HOU,62,39,23,792,32,82,0.39,82,18,50,0.36,0.5
2024-25,1630174,Aaron Nesmith,1610612754,IND,45,29,16,1122,24,68,0.353,58,10,32,0.313,0.426
2024-25,1630598,Aaron Wiggins,1610612760,OKC,76,62,14,1744,35,99,0.354,88,18,53,0.34,0.444
2024-25,1641745,Adam Flagler,1610612760,OKC,37,34,3,203,12,36,0.333,29,5,22,0.227,0.403
2024-25,1641766,Adama Sanogo,1610612741,CHI,4,2,2,21,0,0,,0,,,,
2024-25,1641737,Adem Bona,1610612755,PHI,58,12,46,905,0,0,,0,0,0,,
2024-25,1642349,Ajay Mitchell,1610612760,OKC,36,31,5,597,13,31,0.419,28,2,9,0.222,0.452
2024-25,201143,Al Horford,1610612738,BOS,60,44,16,1659,2,9,0.222,5,1,5,0.2,0.278
2024-25,202692,Alec Burks,1610612748,MIA,49,26,23,863,26,62,0.419,66,14,40,0.35,0.532
2024-25,1627936,Alex Caruso,1610612760,OKC,54,44,10,1041,9,35,0.257,22,4,21,0.19,0.314
2024-25,1642505,Alex Ducas,1610612760,OKC,21,20,1,125,1,2,0.5,2,0,0,,0.5
2024-25,203458,Alex Len,1610612747,LAL,46,21,25,380,2,2,1,5,1,1,1,1.25
2024-25,1642024,Alex Reese,1610612755,PHI,15,4,11,216,0,1,0,0,0,1,0,0
2024-25,1642259,Alex Sarr,1610612764,WAS,67,13,54,1814,22,75,0.293,47,3,15,0.2,0.313
2024-25,1631214,Alondes Williams,1610612746,LAC,1,0,1,4,0,0,,0,0,0,,
2024-25,1630578,Alperen Sengun,1610612745,HOU,76,52,24,2395,37,93,0.398,74,0,8,0,0.398
2024-25,1641708,Amen Thompson,1610612745,HOU,69,43,26,2226,29,90,0.322,60,2,14,0.143,0.333
2024-25,1629599,Amir Coffey,1610612746,LAC,72,41,31,1748,54,123,0.439,115,7,27,0.259,0.467
2024-25,203083,Andre Drummond,1610612755,PHI,40,12,28,751,1,3,0.333,2,0,2,0,0.333
2024-25,1641748,Andre Jackson Jr.,1610612749,MIL,67,39,28,980,9,24,0.375,22,4,11,0.364,0.458
2024-25,1629614,Andrew Nembhard,1610612754,IND,65,44,21,1881,83,188,0.441,178,12,44,0.273,0.473
2024-25,203952,Andrew Wiggins,1610612748,MIA,60,27,33,1842,79,211,0.374,191,33,99,0.333,0.453
2024-25,1629014,Anfernee Simons,1610612757,POR,70,28,42,2292,185,475,0.389,469,99,286,0.346,0.494
2024-25,1641710,Anthony Black,1610612753,ORL,78,39,39,1887,41,131,0.313,96,14,51,0.275,0.366
2024-25,203076,Anthony Davis,1610612742,DAL,51,30,21,1705,63,166,0.38,130,4,20,0.2,0.392
2024-25,1630162,Anthony Edwards,1610612750,MIN,79,48,31,2871,316,848,0.373,858,226,589,0.384,0.506
2024-25,1630264,Anthony Gill,1610612764,WAS,51,7,44,398,0,4,0,0,0,1,0,0
2024-25,1641817,Anton Watson,1610612752,NYK,9,5,4,22,0,0,,0,0,0,,
2024-25,1641810,Antonio Reeves,1610612740,NOP,44,6,38,660,29,77,0.377,69,11,36,0.306,0.448
2024-25,1630574,Ariel Hukporti,1610612752,NYK,25,17,8,217,1,1,1,2,,,,1
2024-25,1642422,Armel Traore,1610612747,LAL,9,5,4,67,0,0,,0,0,0,,
2024-25,1641709,Ausar Thompson,1610612765,DET,59,34,25,1328,4,24,0.167,8,0,6,0,0.167
2024-25,1630559,Austin Reaves,1610612747,LAL,73,46,27,2550,142,376,0.378,367,83,238,0.349,0.488
2024-25,1630245,Ayo Dosunmu,1610612741,CHI,46,17,29,1394,18,58,0.31,45,9,36,0.25,0.388
2024-25,1628389,Bam Adebayo,1610612748,MIA,78,36,42,2674,88,236,0.373,187,11,42,0.262,0.396
2024-25,1631248,Baylor Scheierman,1610612738,BOS,31,27,4,384,8,23,0.348,22,6,15,0.4,0.478
2024-25,1641767,Ben Sheppard,1610612754,IND,63,40,23,1230,9,29,0.31,22,4,23,0.174,0.379
2024-25,1627732,Ben Simmons,1610612746,LAC,51,26,25,1120,7,20,0.35,14,,,,0.35
2024-25,1631097,Bennedict Mathurin,1610612754,IND,72,43,29,2149,83,269,0.309,213,47,163,0.288,0.396
2024-25,1641731,Bilal Coulibaly,1610612764,WAS,59,13,46,1948,34,113,0.301,79,11,35,0.314,0.35
2024-25,202687,Bismack Biyombo,1610612759,SAS,28,10,18,527,0,1,0,0,,,,0
2024-25,1631104,Blake Wesley,1610612759,SAS,58,23,35,683,6,22,0.273,13,1,5,0.2,0.295
2024-25,1626171,Bobby Portis Jr.,1610612749,MIL,49,30,19,1244,47,115,0.409,99,5,10,0.5,0.43
2024-25,1641752,Bobi Klintman,1610612765,DET,8,4,4,42,1,1,1,3,1,1,1,1.5
2024-25,203992,Bogdan Bogdanović,1610612746,LAC,54,33,21,1348,63,154,0.409,154,28,81,0.346,0.5
2024-25,1629626,Bol Bol,1610612756,PHX,36,10,26,449,25,55,0.455,55,5,21,0.238,0.5
2024-25,1630538,Bones Hyland,1610612750,MIN,24,11,13,239,28,75,0.373,79,23,59,0.39,0.527
2024-25,203078,Bradley Beal,1610612756,PHX,53,22,31,1703,99,240,0.413,222,24,76,0.316,0.463
2024-25,1642382,Branden Carlson,1610612760,OKC,32,29,3,246,1,2,0.5,2,0,1,0,0.5
2024-25,1641764,Brandin Podziemski,1610612744,GSW,64,38,26,1716,91,238,0.382,218,36,114,0.316,0.458
2024-25,1630527,Brandon Boston Jr.,1610612740,NOP,42,8,34,993,59,160,0.369,132,14,55,0.255,0.413
2024-25,1629634,Brandon Clarke,1610612763,MEM,64,40,24,1207,5,12,0.417,10,0,0,,0.417
2024-25,1627742,Brandon Ingram,1610612761,TOR,18,5,13,595,69,158,0.437,150,12,39,0.308,0.475
2024-25,1641706,Brandon Miller,1610612766,CHA,27,8,19,924,52,166,0.313,137,33,104,0.317,0.413
2024-25,1630314,Brandon Williams,1610612742,DAL,33,15,18,487,15,38,0.395,36,6,23,0.261,0.474
2024-25,1630296,Braxton Key,1610612744,GSW,3,3,0,11,0,0,,0,0,0,,
2024-25,1641729,Brice Sensabaugh,1610612762,UTA,71,14,57,1432,65,173,0.376,164,34,101,0.337,0.474
2024-25,1642355,Bronny James,1610612747,LAL,27,17,10,181,8,28,0.286,22,6,16,0.375,0.393
2024-25,201572,Brook Lopez,1610612749,MIL,80,47,33,2546,28,65,0.431,60,4,11,0.364,0.462
2024-25,1628971,Bruce Brown,1610612740,NOP,41,15,26,922,17,50,0.34,35,1,5,0.2,0.35
2024-25,1628981,Bruno Fernando,1610612761,TOR,17,2,15,147,0,1,0,0,,,,0
2024-25,1631121,Bryce McGowens,1610612757,POR,13,8,5,32,0,3,0,0,0,2,0,0
2024-25,1642267,Bub Carrington,1610612764,WAS,82,18,64,2458,153,367,0.417,376,70,198,0.354,0.512
2024-25,1627741,Buddy Hield,1610612744,GSW,82,48,34,1863,75,220,0.341,203,53,158,0.335,0.461
2024-25,203468,CJ McCollum,1610612740,NOP,56,17,39,1832,164,432,0.38,405,77,228,0.338,0.469
2024-25,1630595,Cade Cunningham,1610612765,DET,70,38,32,2452,225,545,0.413,539,89,264,0.337,0.494
2024-25,1631216,Caleb Houstan,1610612753,ORL,58,29,29,788,10,22,0.455,24,4,11,0.364,0.545
2024-25,1628997,Caleb Martin,1610612742,DAL,45,17,28,1218,25,68,0.368,50,0,12,0,0.368
2024-25,1642353,Cam Christie,1610612746,LAC,13,10,3,59,0,6,0,0,0,5,0,0
2024-25,1629629,Cam Reddish,1610612747,LAL,33,15,18,589,2,7,0.286,4,0,3,0,0.286
2024-25,1642285,Cam Spencer,1610612763,MEM,25,14,11,252,7,20,0.35,18,4,10,0.4,0.45
2024-25,1630560,Cam Thomas,1610612751,BKN,25,8,17,781,91,226,0.403,225,43,127,0.339,0.498
2024-25,1641715,Cam Whitmore,1610612745,HOU,51,30,21,827,45,115,0.391,118,28,81,0.346,0.513
2024-25,1629661,Cameron Johnson,1610612751,BKN,57,21,36,1800,82,209,0.392,207,43,114,0.377,0.495
2024-25,1626166,Cameron Payne,1610612752,NYK,72,46,26,1090,80,187,0.428,207,47,116,0.405,0.553
2024-25,1627747,Caris LeVert,1610612737,ATL,64,46,18,1596,57,156,0.365,150,36,94,0.383,0.481
2024-25,1641717,Cason Wallace,1610612760,OKC,68,55,13,1876,18,59,0.305,42,6,22,0.273,0.356
2024-25,1629646,Charles Bassey,1610612759,SAS,36,14,22,376,0,2,0,0,,,,0
2024-25,1631096,Chet Holmgren,1610612760,OKC,32,26,6,877,16,48,0.333,38,6,12,0.5,0.396
2024-25,1628449,Chris Boucher,1610612761,TOR,50,18,32,862,11,38,0.289,26,4,21,0.19,0.342
2024-25,1630537,Chris Duarte,1610612741,CHI,17,4,13,74,2,8,0.25,6,2,8,0.25,0.375
2024-25,1641753,Chris Livingston,1610612749,MIL,21,15,6,106,0,0,,0,0,0,,
2024-25,101108,Chris Paul,1610612759,SAS,82,34,48,2292,166,399,0.416,417,85,231,0.368,0.523
2024-25,1631128,Christian Braun,1610612743,DEN,79,48,31,2675,34,75,0.453,84,16,37,0.432,0.56
2024-25,1631132,Christian Koloko,1610612747,LAL,37,23,14,342,1,2,0.5,2,0,1,0,0.5
2024-25,1629643,Chuma Okeke,1610612739,CLE,9,2,7,197,1,4,0.25,3,1,4,0.25,0.375
2024-25,203991,Clint Capela,1610612737,ATL,55,27,28,1177,0,1,0,0,0,0,,0
2024-25,1629632,Coby White,1610612741,CHI,74,35,39,2450,138,362,0.381,362,86,247,0.348,0.5
2024-25,1628998,Cody Martin,1610612756,PHX,53,16,37,1173,24,79,0.304,57,9,27,0.333,0.361
2024-25,1642262,Cody Williams,1610612762,UTA,50,9,41,1060,6,33,0.182,13,1,6,0.167,0.197
2024-25,1641732,Colby Jones,1610612764,WAS,39,12,27,515,16,43,0.372,40,8,19,0.421,0.465
2024-25,1630175,Cole Anthony,1610612763,MEM,67,35,32,1234,55,159,0.346,126,16,49,0.327,0.396
2024-25,1631306,Cole Swider,1610612754,IND,10,5,5,169,7,17,0.412,16,2,9,0.222,0.471
2024-25,1630658,Colin Castleton,1610612761,TOR,26,15,11,432,0,1,0,0,0,0,,0
2024-25,1631221,Collin Gillespie,1610612756,PHX,33,12,21,461,19,49,0.388,50,12,28,0.429,0.51
2024-25,1629012,Collin Sexton,1610612762,UTA,63,14,49,1758,125,298,0.419,308,58,149,0.389,0.517
2024-25,1630557,Corey Kispert,1610612764,WAS,61,14,47,1602,22,71,0.31,59,15,45,0.333,0.415
2024-25,202709,Cory Joseph,1610612753,ORL,50,26,24,612,13,34,0.382,31,5,17,0.294,0.456
2024-25,1641854,Craig Porter Jr.,1610612739,CLE,51,40,11,513,18,46,0.391,49,13,31,0.419,0.533
2024-25,1642385,Cui Cui,1610612751,BKN,5,2,3,10,0,0,,0,0,0,,
2024-25,1626156,D'Angelo Russell,1610612751,BKN,58,26,32,1480,96,270,0.356,251,59,168,0.351,0.465
2024-25,1630618,D.J. Carton,1610612761,TOR,4,1,3,33,0,0,,0,0,0,,
2024-25,1629610,DaQuan Jeffries,1610612766,CHA,47,9,38,1072,11,28,0.393,26,4,14,0.286,0.464
2024-25,1631342,Daeqwon Plowden,1610612737,ATL,6,3,3,72,1,1,1,2,0,0,,1
2024-25,1630227,Daishen Nix,1610612750,MIN,3,3,0,13,0,0,,0,0,0,,
2024-25,1630625,Dalano Banton,1610612757,POR,67,28,39,1120,27,103,0.262,68,14,55,0.255,0.33
2024-25,1631207,Dalen Terry,1610612741,CHI,73,33,40,987,2,12,0.167,5,1,8,0.125,0.208
2024-25,1642261,Dalton Knecht,1610612747,LAL,78,47,31,1494,51,121,0.421,125,23,59,0.39,0.517
2024-25,203081,Damian Lillard,1610612749,MIL,58,32,26,2093,191,478,0.4,487,105,302,0.348,0.509
2024-25,1641878,Damion Baugh,1610612766,CHA,15,1,14,370,2,14,0.143,5,1,10,0.1,0.179
2024-25,1627814,Damion Lee,1610612756,PHX,25,6,19,144,9,22,0.409,19,1,7,0.143,0.432
2024-25,1629655,Daniel Gafford,1610612742,DAL,57,28,29,1226,1,2,0.5,2,,,,0.5
2024-25,1628464,Daniel Theis,1610612740,NOP,38,10,28,621,4,8,0.5,8,0,1,0,0.5
2024-25,1642450,Daniss Jenkins,1610612765,DET,7,3,4,23,1,3,0.333,3,1,3,0.333,0.5
2024-25,203957,Dante Exum,1610612742,DAL,20,7,13,372,9,28,0.321,20,2,11,0.182,0.357
2024-25,203967,Dario Saric,1610612743,DEN,16,7,9,210,1,3,0.333,3,1,2,0.5,0.5
2024-25,1641727,Dariq Whitehead,1610612751,BKN,20,6,14,246,1,13,0.077,3,1,9,0.111,0.115
2024-25,1629636,Darius Garland,1610612739,CLE,75,60,15,2301,208,513,0.405,529,113,291,0.388,0.516
2024-25,1630561,David Duke Jr.,1610612759,SAS,6,0,6,34,0,1,0,0,0,0,,0
2024-25,1631223,David Roddy,1610612745,HOU,33,9,24,410,6,17,0.353,17,5,13,0.385,0.5
2024-25,1630558,Davion Mitchell,1610612748,MIA,74,25,49,2028,36,99,0.364,97,25,63,0.397,0.49
2024-25,1630549,Day'Ron Sharpe,1610612751,BKN,50,14,36,907,3,11,0.273,6,0,2,0,0.273
2024-25,1628368,De'Aaron Fox,1610612759,SAS,62,27,35,2241,195,482,0.405,445,55,177,0.311,0.462
2024-25,1629631,De'Andre Hunter,1610612739,CLE,64,38,26,1740,77,171,0.45,185,31,75,0.413,0.541
2024-25,1629001,De'Anthony Melton,1610612751,BKN,6,4,2,121,1,8,0.125,3,1,7,0.143,0.188
2024-25,201599,DeAndre Jordan,1610612743,DEN,56,37,19,691,0,0,,0,,,,
2024-25,201942,DeMar DeRozan,1610612758,SAC,77,38,39,2768,344,725,0.474,708,20,71,0.282,0.488
2024-25,1629731,Dean Wade,1610612739,CLE,59,47,12,1252,5,14,0.357,13,3,8,0.375,0.464
2024-25,1629028,Deandre Ayton,1610612757,POR,40,17,23,1206,14,32,0.438,28,0,0,,0.438
2024-25,1627749,Dejounte Murray,1610612740,NOP,31,9,22,1012,84,233,0.361,192,24,84,0.286,0.412
2024-25,1626153,Delon Wright,1610612752,NYK,40,22,18,634,3,22,0.136,8,2,17,0.118,0.182
2024-25,1630166,Deni Avdija,1610612757,POR,72,33,39,2161,44,112,0.393,117,29,69,0.42,0.522
2024-25,203471,Dennis Schröder,1610612765,DET,75,37,38,2105,112,287,0.39,259,35,110,0.318,0.451
2024-25,1641726,Dereck Lively II,1610612742,DAL,36,21,15,833,0,1,0,0,,,,0
2024-25,1627884,Derrick Jones Jr.,1610612746,LAC,77,48,29,1874,8,35,0.229,18,2,14,0.143,0.257
2024-25,1628401,Derrick White,1610612738,BOS,76,58,18,2574,107,294,0.364,289,75,226,0.332,0.491
2024-25,1630217,Desmond Bane,1610612753,ORL,69,38,31,2205,149,364,0.409,383,85,228,0.373,0.526
2024-25,1626164,Devin Booker,1610612756,PHX,75,35,40,2795,309,715,0.432,708,90,297,0.303,0.495
2024-25,1642269,Devin Carter,1610612758,SAC,36,18,18,396,6,33,0.182,16,4,23,0.174,0.242
2024-25,1630170,Devin Vassell,1610612759,SAS,64,24,40,1983,152,352,0.432,348,44,118,0.373,0.494
2024-25,1628415,Dillon Brooks,1610612745,HOU,75,49,26,2389,101,258,0.391,231,29,87,0.333,0.448
2024-25,1641794,Dillon Jones,1610612760,OKC,54,45,9,551,5,17,0.294,11,1,7,0.143,0.324
2024-25,1627734,Domantas Sabonis,1610612758,SAC,70,36,34,2429,9,26,0.346,20,2,4,0.5,0.385
2024-25,1631230,Dominick Barlow,1610612737,ATL,35,13,22,375,0,3,0,0,0,1,0,0
2024-25,1642270,Donovan Clingan,1610612757,POR,67,29,38,1324,0,5,0,0,0,4,0,0
2024-25,1628378,Donovan Mitchell,1610612739,CLE,71,55,16,2232,227,608,0.373,587,133,387,0.344,0.483
2024-25,1628978,Donte DiVincenzo,1610612750,MIN,62,37,25,1606,48,137,0.35,139,43,123,0.35,0.507
2024-25,1627827,Dorian Finney-Smith,1610612747,LAL,63,36,27,1819,5,18,0.278,13,3,9,0.333,0.361
2024-25,203926,Doug McDermott,1610612758,SAC,42,21,21,342,5,15,0.333,13,3,10,0.3,0.433
2024-25,203110,Draymond Green,1610612744,GSW,68,42,26,1983,8,30,0.267,17,1,7,0.143,0.283
2024-25,1629234,Drew Eubanks,1610612746,LAC,61,25,36,746,5,11,0.455,11,1,2,0.5,0.5
2024-25,1641809,Drew Peterson,1610612738,BOS,25,17,8,186,8,14,0.571,22,6,12,0.5,0.786
2024-25,1631166,Drew Timme,1610612751,BKN,9,3,6,254,1,6,0.167,3,1,3,0.333,0.25
2024-25,1630696,Dru Smith,1610612748,MIA,14,8,6,268,2,10,0.2,6,2,6,0.333,0.3
2024-25,1629130,Duncan Robinson,1610612748,MIA,74,30,44,1786,79,194,0.407,229,71,176,0.403,0.59
2024-25,1641871,Duop Reath,1610612757,POR,46,19,27,469,1,5,0.2,3,1,3,0.333,0.3
2024-25,203939,Dwight Powell,1610612742,DAL,55,25,30,551,0,0,,0,0,0,,
2024-25,1630700,Dyson Daniels,1610612737,ATL,76,37,39,2571,26,90,0.289,60,8,34,0.235,0.333
2024-25,1630604,E.J. Liddell,1610612741,CHI,12,6,6,53,0,1,0,0,0,1,0,0
2024-25,203901,Elfrid Payton,1610612740,NOP,24,3,21,511,12,43,0.279,25,1,4,0.25,0.291
2024-25,1641989,Elijah Harkless,1610612762,UTA,10,1,9,138,1,5,0.2,3,1,3,0.333,0.3
2024-25,1641801,Emanuel Miller,1610612741,CHI,6,4,2,25,0,0,,0,0,0,,
2024-25,1641734,Emoni Bates,1610612739,CLE,10,9,1,75,4,10,0.4,12,4,9,0.444,0.6
2024-25,1642402,Enrique Freeman,1610612754,IND,22,7,15,181,0,1,0,0,0,0,,0
2024-25,201569,Eric Gordon,1610612755,PHI,39,12,27,768,7,19,0.368,18,4,11,0.364,0.474
2024-25,1630596,Evan Mobley,1610612739,CLE,71,58,13,2167,17,70,0.243,44,10,37,0.27,0.314
2024-25,1630532,Franz Wagner,1610612753,ORL,60,33,27,2023,107,315,0.34,259,45,156,0.288,0.411
2024-25,1627832,Fred VanVleet,1610612745,HOU,60,41,19,2111,133,377,0.353,341,75,239,0.314,0.452
2024-25,1641713,GG Jackson,1610612763,MEM,29,19,10,459,7,24,0.292,18,4,16,0.25,0.375
2024-25,1629216,Gabe Vincent,1610612747,LAL,72,46,26,1527,43,115,0.374,108,22,74,0.297,0.47
2024-25,202066,Garrett Temple,1610612761,TOR,28,11,17,227,3,13,0.231,7,1,6,0.167,0.269
2024-25,1629726,Garrison Mathews,1610612737,ATL,47,21,26,830,14,46,0.304,39,11,37,0.297,0.424
2024-25,203914,Gary Harris,1610612753,ORL,48,28,20,711,6,14,0.429,16,4,8,0.5,0.571
2024-25,1627780,Gary Payton II,1610612744,GSW,62,36,26,927,2,5,0.4,5,1,3,0.333,0.5
2024-25,1629018,Gary Trent Jr.,1610612749,MIL,74,44,30,1893,92,218,0.422,229,45,107,0.421,0.525
2024-25,1627777,Georges Niang,1610612737,ATL,79,55,24,1697,16,40,0.4,39,7,20,0.35,0.488
2024-25,203507,Giannis Antetokounmpo,1610612749,MIL,67,40,27,2289,153,365,0.419,317,11,44,0.25,0.434
2024-25,1629048,Goga Bitadze,1610612753,ORL,70,38,32,1430,0,3,0,0,0,1,0,0
2024-25,1641711,Gradey Dick,1610612761,TOR,54,15,39,1588,56,161,0.348,131,19,76,0.25,0.407
2024-25,1629684,Grant Williams,1610612766,CHA,16,6,10,479,9,25,0.36,22,4,13,0.308,0.44
2024-25,1628960,Grayson Allen,1610612756,PHX,64,29,35,1544,24,72,0.333,69,21,56,0.375,0.479
2024-25,1627824,Guerschon Yabusele,1610612755,PHI,70,23,47,1895,5,21,0.238,12,2,12,0.167,0.286
2024-25,1630611,Gui Santos,1610612744,GSW,56,36,20,762,2,10,0.2,5,1,7,0.143,0.25
2024-25,203084,Harrison Barnes,1610612759,SAS,82,34,48,2230,28,66,0.424,72,16,44,0.364,0.545
2024-25,1631127,Harrison Ingram,1610612759,SAS,5,0,5,35,0,0,,0,0,0,,
2024-25,1629312,Haywood Highsmith,1610612748,MIA,74,35,39,1818,10,25,0.4,25,5,13,0.385,0.5
2024-25,1630529,Herbert Jones,1610612740,NOP,20,5,15,648,2,9,0.222,4,0,4,0,0.222
2024-25,1641816,Hunter Tyson,1610612743,DEN,51,30,21,400,4,15,0.267,9,1,8,0.125,0.3
2024-25,1630193,Immanuel Quickley,1610612761,TOR,33,12,21,918,66,168,0.393,173,41,106,0.387,0.515
2024-25,1642403,Isaac Jones,1610612758,SAC,40,19,21,304,0,1,0,0,0,0,,0
2024-25,1630171,Isaac Okoro,1610612739,CLE,55,44,11,1053,1,11,0.091,3,1,10,0.1,0.136
2024-25,1642268,Isaiah Collier,1610612762,UTA,71,14,57,1839,33,143,0.231,83,17,79,0.215,0.29
2024-25,1642384,Isaiah Crawford,1610612758,SAC,15,7,8,46,2,3,0.667,5,1,1,1,0.833
2024-25,1628392,Isaiah Hartenstein,1610612760,OKC,57,49,8,1590,9,21,0.429,18,0,0,,0.429
2024-25,1630543,Isaiah Jackson,1610612754,IND,5,1,4,84,0,0,,0,,,,
2024-25,1630198,Isaiah Joe,1610612760,OKC,74,63,11,1604,52,172,0.302,141,37,127,0.291,0.41
2024-25,1630600,Isaiah Mobley,1610612755,PHI,1,0,1,17,0,0,,0,0,0,,
2024-25,1641815,Isaiah Stevens,1610612748,MIA,3,3,0,6,0,2,0,0,0,1,0,0
2024-25,1630191,Isaiah Stewart,1610612765,DET,72,38,34,1434,3,12,0.25,6,0,4,0,0.25
2024-25,1631209,Isaiah Wong,1610612766,CHA,20,2,18,266,19,43,0.442,44,6,16,0.375,0.512
2024-25,1627826,Ivica Zubac,1610612746,LAC,80,50,30,2624,4,10,0.4,8,,,,0.4
2024-25,1631120,JD Davison,1610612738,BOS,16,13,3,93,4,13,0.308,10,2,6,0.333,0.385
2024-25,1630550,JT Thor,1610612764,WAS,20,10,10,249,4,9,0.444,8,0,1,0,0.444
2024-25,1629630,Ja Morant,1610612763,MEM,50,30,20,1519,89,260,0.342,217,39,136,0.287,0.417
2024-25,1642266,Ja'Kobe Walter,1610612761,TOR,52,19,33,1103,25,71,0.352,56,6,29,0.207,0.394
2024-25,1631095,Jabari Smith Jr.,1610612745,HOU,57,40,17,1716,51,135,0.378,110,8,33,0.242,0.407
2024-25,1631133,Jabari Walker,1610612757,POR,60,23,37,749,3,7,0.429,7,1,3,0.333,0.5
2024-25,1629098,Jack McVeigh,1610612745,HOU,9,5,4,43,1,4,0.25,2,0,2,0,0.25
2024-25,1642050,Jackson Rowe,1610612744,GSW,6,4,2,52,1,2,0.5,3,1,2,0.5,0.75
2024-25,1631210,Jacob Toppin,1610612737,ATL,17,13,4,75,1,1,1,2,0,0,,1
2024-25,1630702,Jaden Hardy,1610612742,DAL,57,30,27,907,53,122,0.434,122,16,47,0.34,0.5
2024-25,1631093,Jaden Ivey,1610612765,DET,30,14,16,898,43,122,0.352,107,21,61,0.344,0.439
2024-25,1630183,Jaden McDaniels,1610612750,MIN,82,49,33,2615,64,157,0.408,141,13,41,0.317,0.449
2024-25,1630531,Jaden Springer,1610612762,UTA,43,22,21,365,6,18,0.333,15,3,10,0.3,0.417
2024-25,203109,Jae Crowder,1610612758,SAC,9,3,6,103,0,2,0,0,0,1,0,0
2024-25,1630256,Jae'Sean Tate,1610612745,HOU,52,38,14,588,0,6,0,0,0,4,0,0
2024-25,1626143,Jahlil Okafor,1610612754,IND,1,0,1,3,0,0,,0,,,,
2024-25,1642443,Jahmir Young,1610612741,CHI,6,4,2,30,0,0,,0,0,0,,
2024-25,1631170,Jaime Jaquez Jr.,1610612748,MIA,66,32,34,1368,7,35,0.2,17,3,17,0.176,0.243
2024-25,1631222,Jake LaRavia,1610612758,SAC,66,40,26,1349,13,41,0.317,36,10,28,0.357,0.439
2024-25,1627751,Jakob Poeltl,1610612761,TOR,57,21,36,1686,3,10,0.3,6,0,2,0,0.3
2024-25,1641779,Jalen Bridges,1610612756,PHX,8,1,7,30,0,1,0,0,0,1,0,0
2024-25,1628973,Jalen Brunson,1610612752,NYK,65,40,25,2301,245,576,0.425,583,93,260,0.358,0.506
2024-25,1631105,Jalen Duren,1610612765,DET,78,43,35,2034,0,4,0,0,,,,0
2024-25,1630224,Jalen Green,1610612745,HOU,82,52,30,2697,207,621,0.333,535,121,380,0.318,0.431
2024-25,1641720,Jalen Hood-Schifino,1610612755,PHI,15,3,12,315,24,62,0.387,57,9,31,0.29,0.46
2024-25,1630552,Jalen Johnson,1610612737,ATL,36,18,18,1284,11,54,0.204,26,4,16,0.25,0.241
2024-25,1629667,Jalen McDaniels,1610612758,SAC,4,2,2,7,0,0,,0,,,,
2024-25,1629618,Jalen Pickett,1610612743,DEN,49,31,18,666,25,61,0.41,65,15,26,0.577,0.533
2024-25,1630188,Jalen Smith,1610612741,CHI,64,28,36,962,6,14,0.429,15,3,8,0.375,0.536
2024-25,1630591,Jalen Suggs,1610612753,ORL,35,20,15,1003,60,178,0.337,144,24,90,0.267,0.404
2024-25,1631114,Jalen Williams,1610612760,OKC,69,55,14,2237,189,435,0.434,412,34,112,0.304,0.474
2024-25,1630592,Jalen Wilson,1610612751,BKN,79,25,54,2031,7,39,0.179,17,3,23,0.13,0.218
2024-25,1631288,Jamal Cain,1610612740,NOP,37,6,31,502,7,24,0.292,19,5,13,0.385,0.396
2024-25,1627750,Jamal Murray,1610612743,DEN,67,41,26,2418,236,540,0.437,555,83,207,0.401,0.514
2024-25,1642347,Jamal Shead,1610612761,TOR,75,28,47,1467,37,130,0.285,89,15,63,0.238,0.342
2024-25,1631123,Jamaree Bouyea,1610612749,MIL,5,4,1,62,2,4,0.5,5,1,2,0.5,0.625
2024-25,201935,James Harden,1610612746,LAC,79,50,29,2789,268,747,0.359,719,183,542,0.338,0.481
2024-25,201949,James Johnson,1610612754,IND,12,5,7,37,1,4,0.25,2,0,0,,0.25
2024-25,1630164,James Wiseman,1610612754,IND,1,1,0,5,0,0,,0,0,0,,
2024-25,1642419,Jamison Battle,1610612761,TOR,59,21,38,1042,23,53,0.434,60,14,33,0.424,0.566
2024-25,1641716,Jarace Walker,1610612754,IND,75,45,30,1187,43,97,0.443,110,24,57,0.421,0.567
2024-25,1630215,Jared Butler,1610612755,PHI,60,6,54,1044,54,140,0.386,129,21,68,0.309,0.461
2024-25,1642272,Jared McCain,1610612755,PHI,23,7,16,592,48,101,0.475,112,16,49,0.327,0.554
2024-25,1631197,Jared Rhoden,1610612761,TOR,14,8,6,226,4,12,0.333,11,3,7,0.429,0.458
2024-25,1628991,Jaren Jackson Jr.,1610612763,MEM,74,42,32,2207,68,163,0.417,153,17,62,0.274,0.469
2024-25,1629020,Jarred Vanderbilt,1610612747,LAL,36,25,11,581,0,4,0,0,0,2,0,0
2024-25,1628386,Jarrett Allen,1610612739,CLE,82,64,18,2296,0,5,0,0,0,0,,0
2024-25,1629750,Javonte Green,1610612739,CLE,68,24,44,1258,3,13,0.231,7,1,6,0.167,0.269
2024-25,1629637,Jaxson Hayes,1610612747,LAL,56,38,18,1093,0,0,,0,0,0,,
2024-25,1630643,Jay Huff,1610612763,MEM,64,37,27,748,4,9,0.444,12,4,6,0.667,0.667
2024-25,1627759,Jaylen Brown,1610612738,BOS,63,46,17,2158,135,378,0.357,321,51,167,0.305,0.425
2024-25,1641740,Jaylen Clark,1610612750,MIN,40,28,12,522,2,8,0.25,5,1,4,0.25,0.313
2024-25,1641798,Jaylen Martin,1610612764,WAS,16,3,13,239,2,7,0.286,5,1,1,1,0.357
2024-25,1629669,Jaylen Nowell,1610612764,WAS,8,1,7,168,6,24,0.25,12,0,7,0,0.25
2024-25,1631301,Jaylen Sims,1610612766,CHA,6,0,6,112,2,6,0.333,6,2,4,0.5,0.5
2024-25,1642377,Jaylen Wells,1610612763,MEM,79,47,32,2043,47,122,0.385,118,24,66,0.364,0.484
2024-25,1631119,Jaylin Williams,1610612760,OKC,47,40,7,784,5,9,0.556,12,2,2,1,0.667
2024-25,1642281,Jaylon Tyson,1610612739,CLE,47,37,10,453,6,12,0.5,15,3,5,0.6,0.625
2024-25,1628369,Jayson Tatum,1610612738,BOS,72,53,19,2624,257,739,0.348,679,165,514,0.321,0.459
2024-25,1641789,Jazian Gortman,1610612742,DAL,16,8,8,57,4,8,0.5,10,2,4,0.5,0.625
2024-25,1630288,Jeff Dowtin Jr.,1610612755,PHI,41,10,31,621,45,98,0.459,107,17,40,0.425,0.546
2024-25,201145,Jeff Green,1610612745,HOU,32,20,12,396,11,20,0.55,23,1,6,0.167,0.575
2024-25,203924,Jerami Grant,1610612757,POR,47,22,25,1524,29,86,0.337,64,6,16,0.375,0.372
2024-25,1630526,Jeremiah Robinson-Earl,1610612740,NOP,66,17,49,1239,15,40,0.375,32,2,13,0.154,0.4
2024-25,1631110,Jeremy Sochan,1610612759,SAS,54,21,33,1364,2,19,0.105,5,1,6,0.167,0.132
2024-25,1630579,Jericho Sims,1610612749,MIL,53,34,19,631,0,1,0,0,,,,0
2024-25,1642399,Jesse Edwards,1610612750,MIN,2,2,0,5,0,0,,0,,,,
2024-25,1641724,Jett Howard,1610612753,ORL,60,29,31,701,20,66,0.303,49,9,42,0.214,0.371
2024-25,1628975,Jevon Carter,1610612741,CHI,36,13,23,321,23,64,0.359,61,15,49,0.306,0.477
2024-25,202710,Jimmy Butler III,1610612744,GSW,55,36,19,1746,38,110,0.345,80,4,17,0.235,0.364
2024-25,1629111,Jock Landale,1610612745,HOU,42,26,16,500,5,10,0.5,12,2,4,0.5,0.6
2024-25,204060,Joe Ingles,1610612750,MIN,19,12,7,114,1,9,0.111,3,1,7,0.143,0.167
2024-25,203954,Joel Embiid,1610612755,PHI,19,8,11,574,30,77,0.39,60,0,6,0,0.39
2024-25,1628381,John Collins,1610612762,UTA,40,12,28,1220,24,54,0.444,51,3,9,0.333,0.472
2024-25,1629723,John Konchar,1610612763,MEM,46,26,20,558,0,4,0,0,0,3,0,0
2024-25,1631098,Johnny Davis,1610612764,WAS,34,4,30,242,5,17,0.294,12,2,8,0.25,0.353
2024-25,1642277,Johnny Furphy,1610612754,IND,50,31,19,380,0,4,0,0,0,3,0,0
2024-25,1630548,Johnny Juzang,1610612762,UTA,64,15,49,1270,39,103,0.379,93,15,56,0.268,0.451
2024-25,202685,Jonas Valanciunas,1610612758,SAC,81,23,58,1524,8,23,0.348,16,0,0,,0.348
2024-25,1628371,Jonathan Isaac,1610612753,ORL,71,35,36,1090,5,28,0.179,10,0,7,0,0.179
2024-25,1630228,Jonathan Kuminga,1610612744,GSW,47,28,19,1144,38,123,0.309,81,5,34,0.147,0.329
2024-25,1642367,Jonathan Mogbo,1610612761,TOR,63,18,45,1286,8,38,0.211,17,1,8,0.125,0.224
2024-25,203903,Jordan Clarkson,1610612762,UTA,37,10,27,962,65,173,0.376,171,41,115,0.357,0.494
2024-25,1630692,Jordan Goodwin,1610612747,LAL,29,17,12,543,13,33,0.394,28,2,10,0.2,0.424
2024-25,1641722,Jordan Hawkins,1610612740,NOP,56,18,38,1320,82,226,0.363,194,30,97,0.309,0.429
2024-25,1629162,Jordan McLaughlin,1610612759,SAS,46,17,29,314,15,27,0.556,40,10,19,0.526,0.741
2024-25,1641757,Jordan Miller,1610612746,LAC,37,21,16,420,4,18,0.222,8,0,6,0,0.222
2024-25,1629673,Jordan Poole,1610612764,WAS,68,15,53,2001,169,439,0.385,467,129,336,0.384,0.532
2024-25,1641775,Jordan Walsh,1610612738,BOS,52,39,13,403,1,6,0.167,3,1,6,0.167,0.25
2024-25,1630631,Jose Alvarado,1610612740,NOP,56,19,37,1366,60,154,0.39,159,39,104,0.375,0.516
2024-25,1630528,Josh Christopher,1610612748,MIA,14,9,5,69,1,4,0.25,2,0,3,0,0.25
2024-25,1630581,Josh Giddey,1610612741,CHI,70,33,37,2117,47,133,0.353,113,19,55,0.345,0.425
2024-25,1630182,Josh Green,1610612766,CHA,68,17,51,1888,14,56,0.25,31,3,15,0.2,0.277
2024-25,1628404,Josh Hart,1610612752,NYK,77,48,29,2897,50,143,0.35,122,22,71,0.31,0.427
2024-25,1631169,Josh Minott,1610612750,MIN,46,32,14,276,0,2,0,0,0,2,0,0
2024-25,1629006,Josh Okogie,1610612766,CHA,40,11,29,625,7,19,0.368,18,4,11,0.364,0.474
2024-25,1626196,Josh Richardson,1610612748,MIA,8,4,4,149,0,3,0,0,0,1,0,0
2024-25,201950,Jrue Holiday,1610612738,BOS,62,47,15,1896,49,155,0.316,126,28,105,0.267,0.406
2024-25,1630577,Julian Champagnie,1610612759,SAS,82,34,48,1932,27,72,0.375,75,21,59,0.356,0.521
2024-25,1641763,Julian Phillips,1610612741,CHI,79,37,42,1123,0,5,0,0,0,2,0,0
2024-25,1631124,Julian Strawther,1610612743,DEN,65,41,24,1384,44,114,0.386,106,18,54,0.333,0.465
2024-25,203944,Julius Randle,1610612750,MIN,69,44,25,2226,82,209,0.392,187,23,76,0.303,0.447
2024-25,1630551,Justin Champagnie,1610612764,WAS,62,16,46,1341,2,23,0.087,6,2,19,0.105,0.13
2024-25,1642348,Justin Edwards,1610612755,PHI,44,11,33,1155,39,87,0.448,87,9,30,0.3,0.5
2024-25,1631303,Justin Minaya,1610612757,POR,19,8,11,101,0,0,,0,0,0,,
2024-25,203994,Jusuf Nurkić,1610612766,CHA,51,18,33,1063,2,16,0.125,6,2,12,0.167,0.188
2024-25,1630231,KJ Martin,1610612762,UTA,43,11,32,911,0,2,0,0,0,1,0,0
2024-25,1642354,KJ Simpson,1610612766,CHA,36,3,33,842,24,93,0.258,62,14,50,0.28,0.333
2024-25,1630539,Kai Jones,1610612742,DAL,40,20,20,468,4,16,0.25,9,1,4,0.25,0.281
2024-25,1626157,Karl-Anthony Towns,1610612752,NYK,72,46,26,2517,24,94,0.255,55,7,33,0.212,0.293
2024-25,1631255,Karlo Matković,1610612740,NOP,42,12,30,791,3,5,0.6,8,2,4,0.5,0.8
2024-25,202695,Kawhi Leonard,1610612746,LAC,37,26,11,1180,111,270,0.411,249,27,73,0.37,0.461
2024-25,1630811,Keaton Wallace,1610612737,ATL,31,15,16,501,18,63,0.286,41,5,22,0.227,0.325
2024-25,1631099,Keegan Murray,1610612758,SAC,76,36,40,2610,45,132,0.341,99,9,49,0.184,0.375
2024-25,1631232,Keion Brooks Jr.,1610612740,NOP,14,2,12,332,9,17,0.529,19,1,4,0.25,0.559
2024-25,1642276,Kel'el Ware,1610612748,MIA,64,28,36,1422,7,25,0.28,14,0,3,0,0.28
2024-25,1629640,Keldon Johnson,1610612759,SAS,77,31,46,1838,21,61,0.344,58,16,45,0.356,0.475
2024-25,203482,Kelly Olynyk,1610612740,NOP,44,12,32,891,13,33,0.394,30,4,10,0.4,0.455
2024-25,1626162,Kelly Oubre Jr.,1610612755,PHI,60,21,39,2078,21,90,0.233,48,6,44,0.136,0.267
2024-25,1629026,Kenrich Williams,1610612760,OKC,69,58,11,1132,18,54,0.333,41,5,21,0.238,0.38
2024-25,203484,Kentavious Caldwell-Pope,1610612763,MEM,77,38,39,2279,71,160,0.444,160,18,60,0.3,0.5
2024-25,1631165,Keon Ellis,1610612758,SAC,80,39,41,1948,29,79,0.367,79,21,50,0.42,0.5
2024-25,1630553,Keon Johnson,1610612751,BKN,79,25,54,1925,30,130,0.231,75,15,82,0.183,0.288
2024-25,1642352,Keshad Johnson,1610612748,MIA,16,10,6,98,0,1,0,0,0,0,,0
2024-25,1630556,Kessler Edwards,1610612742,DAL,40,17,23,608,3,14,0.214,7,1,4,0.25,0.25
2024-25,201142,Kevin Durant,1610612756,PHX,62,33,29,2265,232,479,0.484,489,25,78,0.321,0.51
2024-25,1628989,Kevin Huerter,1610612741,CHI,69,39,30,1679,50,125,0.4,134,34,89,0.382,0.536
2024-25,1628995,Kevin Knox II,1610612744,GSW,14,11,3,84,3,4,0.75,7,1,1,1,0.875
2024-25,201567,Kevin Love,1610612748,MIA,23,13,10,251,6,13,0.462,17,5,10,0.5,0.654
2024-25,1641755,Kevin McCullar Jr.,1610612752,NYK,4,4,0,29,0,3,0,0,0,0,,0
2024-25,1629645,Kevin Porter Jr.,1610612749,MIL,75,43,32,1482,126,314,0.401,284,32,102,0.314,0.452
2024-25,1626172,Kevon Looney,1610612744,GSW,76,45,31,1142,3,9,0.333,6,0,1,0,0.333
2024-25,1641718,Keyonte George,1610612762,UTA,67,13,54,2108,117,343,0.341,319,85,255,0.333,0.465
2024-25,203114,Khris Middleton,1610612764,WAS,37,18,19,843,81,175,0.463,181,19,63,0.302,0.517
2024-25,1630165,Killian Hayes,1610612751,BKN,6,1,5,162,3,10,0.3,7,1,5,0.2,0.35
2024-25,202691,Klay Thompson,1610612742,DAL,72,33,39,1965,107,296,0.361,258,44,141,0.312,0.436
2024-25,1641738,Kobe Brown,1610612746,LAC,40,25,15,272,0,5,0,0,0,3,0,0
2024-25,1641723,Kobe Bufkin,1610612737,ATL,10,6,4,124,4,15,0.267,9,1,5,0.2,0.3
2024-25,1627739,Kris Dunn,1610612746,LAC,74,45,29,1783,20,42,0.476,48,8,19,0.421,0.571
2024-25,1631200,Kris Murray,1610612757,POR,69,31,38,1040,3,18,0.167,9,3,16,0.188,0.25
2024-25,204001,Kristaps Porziņģis,1610612738,BOS,42,30,12,1210,20,64,0.313,43,3,13,0.231,0.336
2024-25,203937,Kyle Anderson,1610612748,MIA,61,30,31,1002,17,48,0.354,39,5,16,0.313,0.406
2024-25,1642271,Kyle Filipowski,1610612762,UTA,72,13,59,1522,11,32,0.344,26,4,17,0.235,0.406
2024-25,1628398,Kyle Kuzma,1610612749,MIL,65,25,40,1936,55,172,0.32,135,25,87,0.287,0.392
2024-25,200768,Kyle Lowry,1610612755,PHI,35,14,21,659,11,33,0.333,29,7,24,0.292,0.439
2024-25,1630283,Kylor Kelley,1610612747,LAL,11,3,8,126,0,0,,0,,,,
2024-25,202681,Kyrie Irving,1610612742,DAL,50,28,22,1804,139,351,0.396,337,59,171,0.345,0.48
2024-25,1642273,Kyshawn George,1610612764,WAS,68,15,53,1802,32,121,0.264,89,25,96,0.26,0.368
2024-25,1630163,LaMelo Ball,1610612766,CHA,47,16,31,1505,141,416,0.339,377,95,301,0.316,0.453
2024-25,1630205,Lamar Stevens,1610612763,MEM,17,7,10,156,5,8,0.625,11,1,3,0.333,0.688
2024-25,1629013,Landry Shamet,1610612752,NYK,50,30,20,762,26,62,0.419,62,10,38,0.263,0.5
2024-25,1626204,Larry Nance Jr.,1610612737,ATL,24,10,14,463,1,4,0.25,2,0,1,0,0.25
2024-25,1628374,Lauri Markkanen,1610612762,UTA,47,9,38,1476,24,75,0.32,56,8,35,0.229,0.373
2024-25,2544,LeBron James,1610612747,LAL,70,44,26,2444,149,398,0.374,350,52,161,0.323,0.44
2024-25,1631159,Leonard Miller,1610612750,MIN,13,11,2,32,0,3,0,0,0,2,0,0
2024-25,1631311,Lester Quiñones,1610612740,NOP,13,3,10,183,4,23,0.174,12,4,18,0.222,0.261
2024-25,1641857,Liam Robbins,1610612749,MIL,13,8,5,57,0,0,,0,0,0,,
2024-25,1630322,Lindy Waters III,1610612765,DET,52,27,25,778,19,46,0.413,51,13,31,0.419,0.554
2024-25,1629022,Lonnie Walker IV,1610612755,PHI,20,3,17,477,23,67,0.343,59,13,42,0.31,0.44
2024-25,1628366,Lonzo Ball,1610612741,CHI,35,16,19,777,25,67,0.373,68,18,46,0.391,0.507
2024-25,1629652,Luguentz Dort,1610612760,OKC,71,57,14,2073,44,112,0.393,108,20,56,0.357,0.482
2024-25,1629029,Luka Dončić,1610612747,LAL,50,31,19,1769,191,544,0.351,494,112,322,0.348,0.454
2024-25,1630568,Luka Garza,1610612750,MIN,39,28,11,219,0,3,0,0,0,1,0,0
2024-25,1628379,Luke Kennard,1610612763,MEM,65,37,28,1472,56,130,0.431,132,20,59,0.339,0.508
2024-25,1628436,Luke Kornet,1610612738,BOS,73,53,20,1361,3,7,0.429,6,0,2,0,0.429
2024-25,1631247,Luke Travers,1610612739,CLE,12,10,2,88,0,2,0,0,0,2,0,0
2024-25,1630644,Mac McClung,1610612753,ORL,2,1,1,10,0,1,0,0,0,0,,0
2024-25,1630201,Malachi Flynn,1610612759,SAS,4,2,2,44,1,4,0.25,2,0,0,,0.25
2024-25,1631103,Malaki Branham,1610612759,SAS,47,18,29,427,19,53,0.358,45,7,20,0.35,0.425
2024-25,1627763,Malcolm Brogdon,1610612764,WAS,24,6,18,564,25,74,0.338,53,3,20,0.15,0.358
2024-25,1642502,Malevy Leons,1610612760,OKC,6,6,0,21,0,0,,0,0,0,,
2024-25,1627736,Malik Beasley,1610612765,DET,82,44,38,2283,104,290,0.359,273,65,180,0.361,0.471
2024-25,1628370,Malik Monk,1610612758,SAC,65,36,29,2054,111,301,0.369,271,49,172,0.285,0.45
2024-25,1630699,MarJon Beauchamp,1610612752,NYK,35,19,16,156,12,31,0.387,32,8,17,0.471,0.516
2024-25,1630542,Marcus Bagley,1610612755,PHI,10,1,9,253,0,6,0,0,0,4,0,0
2024-25,1630585,Marcus Garrett,1610612766,CHA,4,1,3,79,1,5,0.2,2,0,1,0,0.2
2024-25,1631204,Marcus Sasser,1610612765,DET,57,30,27,811,58,135,0.43,150,34,87,0.391,0.556
2024-25,203935,Marcus Smart,1610612764,WAS,34,17,17,680,25,59,0.424,63,13,37,0.351,0.534
2024-25,1631109,Mark Williams,1610612766,CHA,44,9,35,1171,2,8,0.25,4,0,1,0,0.25
2024-25,1628365,Markelle Fultz,1610612758,SAC,21,9,12,184,12,31,0.387,24,0,1,0,0.387
2024-25,202693,Markieff Morris,1610612747,LAL,15,7,8,164,5,21,0.238,10,0,6,0,0.238
2024-25,1628963,Marvin Bagley III,1610612763,MEM,31,7,24,265,1,3,0.333,2,0,0,,0.333
2024-25,1630222,Mason Jones,1610612758,SAC,10,4,6,45,2,3,0.667,4,0,1,0,0.667
2024-25,203486,Mason Plumlee,1610612756,PHX,74,33,41,1300,0,5,0,0,0,3,0,0
2024-25,1641824,Matas Buzelis,1610612741,CHI,80,39,41,1511,12,37,0.324,31,7,19,0.368,0.419
2024-25,1629680,Matisse Thybulle,1610612757,POR,15,8,7,312,3,7,0.429,9,3,6,0.5,0.643
2024-25,1630346,Matt Ryan,1610612740,NOP,19,14,5,68,2,7,0.286,5,1,4,0.25,0.357
2024-25,1631108,Max Christie,1610612742,DAL,78,40,38,2127,31,123,0.252,68,6,44,0.136,0.276
2024-25,1629622,Max Strus,1610612739,CLE,50,39,11,1273,14,55,0.255,41,13,51,0.255,0.373
2024-25,1628467,Maxi Kleber,1610612747,LAL,34,18,16,637,7,12,0.583,15,1,2,0.5,0.625
2024-25,1641721,Maxwell Lewis,1610612751,BKN,28,9,19,328,11,29,0.379,27,5,17,0.294,0.466
2024-25,1630695,Micah Potter,1610612762,UTA,38,10,28,705,1,5,0.2,3,1,5,0.2,0.3
2024-25,1629008,Michael Porter Jr.,1610612743,DEN,77,47,30,2593,98,248,0.395,239,43,126,0.341,0.482
2024-25,1628969,Mikal Bridges,1610612752,NYK,82,51,31,3036,169,370,0.457,354,16,58,0.276,0.478
2024-25,201144,Mike Conley,1610612750,MIN,71,44,27,1756,70,201,0.348,196,56,145,0.386,0.488
2024-25,1628970,Miles Bridges,1610612766,CHA,64,16,48,2029,72,268,0.269,190,46,187,0.246,0.354
2024-25,1630540,Miles McBride,1610612752,NYK,64,39,25,1594,82,211,0.389,198,34,112,0.304,0.469
2024-25,1641936,Miles Norris,1610612738,BOS,3,2,1,35,0,0,,0,0,0,,
2024-25,1629011,Mitchell Robinson,1610612752,NYK,17,10,7,290,0,0,,0,,,,
2024-25,1628964,Mo Bamba,1610612740,NOP,32,19,13,413,0,1,0,0,0,0,,0
2024-25,1628420,Monte Morris,1610612756,PHX,45,21,24,571,22,61,0.361,47,3,15,0.2,0.385
2024-25,1629021,Moritz Wagner,1610612753,ORL,30,18,12,564,1,5,0.2,2,0,2,0,0.2
2024-25,1629650,Moses Brown,1610612742,DAL,13,5,8,119,0,0,,0,,,,
2024-25,1630541,Moses Moody,1610612744,GSW,74,45,29,1649,25,77,0.325,66,16,44,0.364,0.429
2024-25,1631243,Mouhamed Gueye,1610612737,ATL,33,15,18,533,2,8,0.25,4,0,3,0,0.25
2024-25,1631217,Moussa Diabaté,1610612766,CHA,71,15,56,1241,4,10,0.4,8,0,3,0,0.4
2024-25,1626167,Myles Turner,1610612754,IND,72,44,28,2174,22,68,0.324,54,10,30,0.333,0.397
2024-25,1642368,N'Faly Dante,1610612745,HOU,4,0,4,51,0,1,0,0,,,,0
2024-25,1641772,Nae'Qwan Tomlin,1610612739,CLE,5,4,1,63,0,4,0,0,0,3,0,0
2024-25,1630230,Naji Marshall,1610612742,DAL,69,32,37,1919,34,103,0.33,70,2,33,0.061,0.34
2024-25,1631466,Nate Williams,1610612745,HOU,20,14,6,147,0,4,0,0,0,2,0,0
2024-25,1629675,Naz Reid,1610612750,MIN,80,47,33,2200,45,116,0.388,125,35,83,0.422,0.539
2024-25,1629674,Neemias Queta,1610612738,BOS,62,46,16,863,0,0,,0,0,0,,
2024-25,1629651,Nic Claxton,1610612751,BKN,70,20,50,1882,9,25,0.36,18,0,1,0,0.36
2024-25,1630208,Nick Richards,1610612756,PHX,57,17,40,1256,1,4,0.25,2,0,1,0,0.25
2024-25,1641733,Nick Smith Jr.,1610612766,CHA,60,14,46,1369,86,214,0.402,198,26,80,0.325,0.463
2024-25,1629638,Nickeil Alexander-Walker,1610612750,MIN,82,49,33,2073,44,139,0.317,109,21,82,0.256,0.392
2024-25,201587,Nicolas Batum,1610612746,LAC,78,47,31,1367,3,13,0.231,8,2,10,0.2,0.308
2024-25,203999,Nikola Jokić,1610612743,DEN,70,46,24,2571,42,123,0.341,105,21,63,0.333,0.427
2024-25,1631107,Nikola Jović,1610612748,MIA,46,21,25,1156,11,32,0.344,30,8,21,0.381,0.469
2024-25,202696,Nikola Vučević,1610612741,CHI,73,34,39,2278,36,77,0.468,73,1,5,0.2,0.474
2024-25,1641730,Noah Clowney,1610612751,BKN,46,11,35,1042,6,25,0.24,17,5,17,0.294,0.34
2024-25,1626181,Norman Powell,1610612746,LAC,60,39,21,1958,111,293,0.379,289,67,181,0.37,0.493
2024-25,1628384,OG Anunoby,1610612752,NYK,74,45,29,2706,50,163,0.307,122,22,67,0.328,0.374
2024-25,1630167,Obi Toppin,1610612754,IND,79,48,31,1545,18,64,0.281,49,13,40,0.325,0.383
2024-25,1630534,Ochai Agbaji,1610612761,TOR,64,19,45,1739,17,36,0.472,44,10,20,0.5,0.611
2024-25,1641765,Olivier-Maxence Prosper,1610612742,DAL,52,27,25,584,0,15,0,0,0,7,0,0
2024-25,1630168,Onyeka Okongwu,1610612737,ATL,74,35,39,2064,7,17,0.412,14,0,3,0,0.412
2024-25,1631115,Orlando Robinson,1610612761,TOR,44,23,21,770,0,6,0,0,0,2,0,0
2024-25,1631131,Oscar Tshiebwe,1610612762,UTA,14,3,11,255,0,1,0,0,,,,0
2024-25,1629052,Oshae Brissett,1610612755,PHI,6,1,5,142,2,2,1,6,2,2,1,1.5
2024-25,1642345,Oso Ighodaro,1610612756,PHX,61,25,36,1046,10,15,0.667,20,0,2,0,0.667
2024-25,1631172,Ousmane Dieng,1610612760,OKC,37,30,7,405,5,20,0.25,12,2,13,0.154,0.3
2024-25,200782,P.J. Tucker,1610612752,NYK,3,1,2,58,0,2,0,0,0,2,0,0
2024-25,1629023,P.J. Washington,1610612742,DAL,57,31,26,1835,29,103,0.282,75,17,58,0.293,0.364
2024-25,1628408,PJ Dozier,1610612750,MIN,9,7,2,35,0,0,,0,0,0,,
2024-25,1641790,PJ Hall,1610612743,DEN,19,12,7,66,0,0,,0,0,0,,
2024-25,1642359,Pacôme Dadiet,1610612752,NYK,18,14,4,111,1,5,0.2,2,0,1,0,0.2
2024-25,1631094,Paolo Banchero,1610612753,ORL,46,21,25,1582,155,409,0.379,362,52,175,0.297,0.443
2024-25,1627783,Pascal Siakam,1610612754,IND,78,47,31,2548,107,260,0.412,222,8,23,0.348,0.427
2024-25,1626192,Pat Connaughton,1610612749,MIL,41,19,22,603,8,21,0.381,21,5,18,0.278,0.5
2024-25,1630311,Pat Spencer,1610612744,GSW,39,24,15,250,6,17,0.353,12,0,7,0,0.353
2024-25,1631116,Patrick Baldwin Jr.,1610612746,LAC,24,3,21,107,1,6,0.167,3,1,6,0.167,0.25
2024-25,1630172,Patrick Williams,1610612741,CHI,63,31,32,1576,45,140,0.321,111,21,73,0.288,0.396
2024-25,201988,Patty Mills,1610612746,LAC,29,12,17,321,14,36,0.389,36,8,25,0.32,0.5
2024-25,202331,Paul George,1610612755,PHI,41,15,26,1334,108,279,0.387,259,43,127,0.339,0.464
2024-25,1630194,Paul Reed,1610612765,DET,45,22,23,438,1,8,0.125,2,0,4,0,0.125
2024-25,1630202,Payton Pritchard,1610612738,BOS,80,59,21,2271,110,295,0.373,294,74,227,0.326,0.498
2024-25,1641796,Pelle Larsson,1610612748,MIA,55,24,31,782,3,17,0.176,9,3,13,0.231,0.265
2024-25,1631250,Pete Nance,1610612749,MIL,13,8,5,138,1,4,0.25,2,0,2,0,0.25
2024-25,1631212,Peyton Watson,1610612743,DEN,68,40,28,1656,5,24,0.208,12,2,6,0.333,0.25
2024-25,1630762,Phillip Wheeler,1610612755,PHI,5,0,5,44,0,4,0,0,0,4,0,0
2024-25,1630173,Precious Achiuwa,1610612752,NYK,57,36,21,1170,11,29,0.379,22,0,2,0,0.379
2024-25,1629656,Quentin Grimes,1610612755,PHI,75,29,46,2013,106,280,0.379,272,60,159,0.377,0.486
2024-25,1631245,Quenton Jackson,1610612754,IND,28,14,14,381,6,21,0.286,17,5,15,0.333,0.405
2024-25,1642439,Quincy Olivari,1610612747,LAL,2,1,1,10,0,1,0,0,0,1,0,0
2024-25,1642366,Quinten Post,1610612744,GSW,42,26,16,686,4,12,0.333,11,3,8,0.375,0.458
2024-25,1629628,RJ Barrett,1610612761,TOR,58,23,35,1869,31,90,0.344,69,7,31,0.226,0.383
2024-25,1642484,RayJ Dennis,1610612754,IND,11,7,4,70,5,13,0.385,13,3,8,0.375,0.5
2024-25,1641712,Rayan Rupert,1610612757,POR,52,23,29,460,6,23,0.261,15,3,16,0.188,0.326
2024-25,1641736,Reece Beekman,1610612751,BKN,36,13,23,469,2,19,0.105,4,0,5,0,0.105
2024-25,1642263,Reed Sheppard,1610612745,HOU,52,30,22,654,22,80,0.275,53,9,34,0.265,0.331
2024-25,202704,Reggie Jackson,1610612755,PHI,31,11,20,384,14,41,0.341,35,7,19,0.368,0.427
2024-25,1626158,Richaun Holmes,1610612764,WAS,31,9,22,534,0,5,0,0,0,1,0,0
2024-25,1641741,Ricky Council IV,1610612755,PHI,73,16,57,1250,27,107,0.252,65,11,62,0.177,0.304
2024-25,1642434,Riley Minix,1610612759,SAS,1,0,1,7,0,0,,0,0,0,,
2024-25,1642265,Rob Dillingham,1610612750,MIN,49,30,19,516,27,76,0.355,68,14,38,0.368,0.447
2024-25,1629057,Robert Williams III,1610612757,POR,20,7,13,351,0,1,0,0,0,0,,0
2024-25,1631199,Ron Harper Jr.,1610612765,DET,1,0,1,17,0,0,,0,0,0,,
2024-25,1641842,Ronald Holland II,1610612765,DET,81,44,37,1266,16,45,0.356,38,6,24,0.25,0.422
2024-25,1626220,Royce O'Neale,1610612756,PHX,75,33,42,1837,25,81,0.309,68,18,59,0.305,0.42
2024-25,203497,Rudy Gobert,1610612750,MIN,72,43,29,2389,0,3,0,0,,,,0
2024-25,1629060,Rui Hachimura,1610612747,LAL,59,37,22,1869,22,57,0.386,45,1,5,0.2,0.395
2024-25,201566,Russell Westbrook,1610612743,DEN,75,43,32,2092,51,178,0.287,121,19,68,0.279,0.34
2024-25,1642346,Ryan Dunn,1610612756,PHX,74,32,42,1410,9,30,0.3,22,4,15,0.267,0.367
2024-25,1631157,Ryan Rollins,1610612749,MIL,56,30,26,820,19,55,0.345,43,5,18,0.278,0.391
2024-25,1630573,Sam Hauser,1610612738,BOS,71,52,19,1541,47,97,0.485,125,31,74,0.419,0.644
2024-25,1630241,Sam Merrill,1610612739,CLE,71,54,17,1401,20,64,0.313,59,19,60,0.317,0.461
2024-25,1630572,Sandro Mamukelashvili,1610612759,SAS,61,23,38,681,8,18,0.444,21,5,14,0.357,0.583
2024-25,1630583,Santi Aldama,1610612763,MEM,65,38,27,1660,29,64,0.453,71,13,30,0.433,0.555
2024-25,1630703,Scoot Henderson,1610612757,POR,66,30,36,1759,77,208,0.37,198,44,124,0.355,0.476
2024-25,1630567,Scottie Barnes,1610612761,TOR,65,26,39,2134,137,350,0.391,298,24,94,0.255,0.426
2024-25,1630590,Scotty Pippen Jr.,1610612763,MEM,79,46,33,1683,17,65,0.262,37,3,24,0.125,0.285
2024-25,203552,Seth Curry,1610612766,CHA,68,17,51,1062,59,124,0.476,137,19,40,0.475,0.552
2024-25,1631101,Shaedon Sharpe,1610612757,POR,72,32,40,2252,174,449,0.388,420,72,230,0.313,0.468
2024-25,1628983,Shai Gilgeous-Alexander,1610612760,OKC,76,63,13,2598,383,862,0.444,895,129,357,0.361,0.519
2024-25,1629003,Shake Milton,1610612747,LAL,57,29,28,836,26,69,0.377,59,7,25,0.28,0.428
2024-25,1631321,Sidy Cissoko,1610612757,POR,22,11,11,114,0,3,0,0,0,2,0,0
2024-25,1631323,Simone Fontecchio,1610612765,DET,75,38,37,1237,17,58,0.293,42,8,32,0.25,0.362
2024-25,1627746,Skal Labissiere,1610612758,SAC,4,2,2,12,0,0,,0,0,0,,
2024-25,203915,Spencer Dinwiddie,1610612742,DAL,79,37,42,2136,94,254,0.37,244,56,172,0.326,0.48
2024-25,1642461,Spencer Jones,1610612743,DEN,20,13,7,125,1,2,0.5,2,0,0,,0.5
2024-25,1630649,Stanley Umude,1610612749,MIL,22,15,7,86,0,4,0,0,0,0,,0
2024-25,201939,Stephen Curry,1610612744,GSW,70,41,29,2252,227,560,0.405,609,155,415,0.373,0.544
2024-25,1642264,Stephon Castle,1610612759,SAS,81,33,48,2162,69,241,0.286,164,26,112,0.232,0.34
2024-25,203500,Steven Adams,1610612745,HOU,58,38,20,794,1,2,0.5,2,0,0,,0.5
2024-25,1629004,Svi Mykhailiuk,1610612762,UTA,38,6,32,760,41,132,0.311,112,30,103,0.291,0.424
2024-25,204456,T.J. McConnell,1610612754,IND,79,49,30,1415,90,190,0.474,185,5,13,0.385,0.487
2024-25,201959,Taj Gibson,1610612766,CHA,37,10,27,409,1,4,0.25,2,0,0,,0.25
2024-25,1629659,Talen Horton-Tucker,1610612741,CHI,58,26,32,724,11,39,0.282,29,7,28,0.25,0.372
2024-25,1631106,Tari Eason,1610612745,HOU,57,36,21,1420,20,63,0.317,42,2,14,0.143,0.333
2024-25,1627752,Taurean Prince,1610612749,MIL,80,46,34,2166,21,88,0.239,56,14,61,0.23,0.318
2024-25,1641707,Taylor Hendricks,1610612762,UTA,3,0,3,75,0,3,0,0,0,0,,0
2024-25,1631386,Taze Moore,1610612757,POR,2,0,2,20,0,2,0,0,0,1,0,0
2024-25,1629611,Terance Mann,1610612737,ATL,67,37,30,1414,42,124,0.339,96,12,53,0.226,0.387
2024-25,1629056,Terence Davis,1610612758,SAC,1,1,0,8,0,1,0,0,0,0,,0
2024-25,1630545,Terrence Shannon Jr,1610612750,MIN,32,21,11,339,3,13,0.231,7,1,3,0.333,0.269
2024-25,1626179,Terry Rozier,1610612748,MIA,64,27,37,1658,73,226,0.323,182,36,140,0.257,0.403
2024-25,1630678,Terry Taylor,1610612758,SAC,3,1,2,6,0,0,,0,,,,
2024-25,1628418,Thomas Bryant,1610612754,IND,66,44,22,963,5,15,0.333,12,2,10,0.2,0.4
2024-25,1642275,Tidjane Salaün,1610612766,CHA,60,12,48,1245,17,66,0.258,50,16,53,0.302,0.379
2024-25,203501,Tim Hardaway Jr.,1610612765,DET,77,41,36,2153,57,165,0.345,141,27,76,0.355,0.427
2024-25,202699,Tobias Harris,1610612765,DET,73,40,33,2306,77,207,0.372,158,4,29,0.138,0.382
2024-25,1642449,Tolu Smith,1610612765,DET,1,0,1,22,0,0,,0,,,,
2024-25,1628396,Tony Bradley,1610612754,IND,14,11,3,113,0,0,,0,0,0,,
2024-25,1628470,Torrey Craig,1610612738,BOS,26,16,10,314,2,6,0.333,5,1,4,0.25,0.417
2024-25,1641787,Tosan Evbuomwan,1610612751,BKN,28,8,20,665,13,32,0.406,29,3,7,0.429,0.453
2024-25,1641739,Toumani Camara,1610612757,POR,78,33,45,2548,11,35,0.314,32,10,31,0.323,0.457
2024-25,1629027,Trae Young,1610612737,ATL,76,36,40,2739,294,792,0.371,768,180,526,0.342,0.485
2024-25,1631218,Trayce Jackson-Davis,1610612744,GSW,62,33,29,967,0,3,0,0,0,0,,0
2024-25,1630200,Tre Jones,1610612741,CHI,46,21,25,905,5,19,0.263,11,1,4,0.25,0.289
2024-25,1630544,Tre Mann,1610612766,CHA,13,6,7,319,23,57,0.404,57,11,31,0.355,0.5
2024-25,1630570,Trendon Watford,1610612751,BKN,44,16,28,913,11,34,0.324,26,4,18,0.222,0.382
2024-25,1642280,Trentyn Flowers,1610612746,LAC,6,4,2,27,1,2,0.5,2,0,0,,0.5
2024-25,1630243,Trevelin Queen,1610612753,ORL,31,15,16,430,10,39,0.256,28,8,31,0.258,0.359
2024-25,1641725,Trey Alexander,1610612743,DEN,24,14,10,117,6,16,0.375,12,0,2,0,0.375
2024-25,1641998,Trey Jemison III,1610612747,LAL,38,17,21,392,1,2,0.5,2,,,,0.5
2024-25,1626168,Trey Lyles,1610612758,SAC,69,34,35,1350,4,20,0.2,9,1,13,0.077,0.225
2024-25,1630530,Trey Murphy III,1610612740,NOP,53,14,39,1855,63,210,0.3,168,42,150,0.28,0.4
2024-25,202684,Tristan Thompson,1610612739,CLE,40,31,9,328,1,7,0.143,2,0,1,0,0.143
2024-25,1641774,Tristan Vukcevic,1610612764,WAS,35,7,28,513,13,33,0.394,28,2,13,0.154,0.424
2024-25,1641783,Tristan da Silva,1610612753,ORL,74,35,39,1629,18,55,0.327,47,11,35,0.314,0.427
2024-25,1641803,Tristen Newton,1610612750,MIN,8,2,6,16,0,2,0,0,0,1,0,0
2024-25,1629660,Ty Jerome,1610612739,CLE,70,55,15,1392,114,244,0.467,282,54,132,0.409,0.578
2024-25,1631102,TyTy Washington Jr.,1610612756,PHX,16,4,12,118,6,21,0.286,13,1,7,0.143,0.31
2024-25,1629639,Tyler Herro,1610612748,MIA,77,37,40,2725,222,543,0.409,557,113,327,0.346,0.513
2024-25,1642278,Tyler Kolek,1610612752,NYK,41,27,14,296,3,20,0.15,6,0,10,0,0.15
2024-25,1641890,Tyler Smith,1610612749,MIL,23,12,11,122,1,2,0.5,3,1,1,1,0.75
2024-25,1630169,Tyrese Haliburton,1610612754,IND,73,46,27,2451,250,604,0.414,656,156,415,0.376,0.543
2024-25,1631213,Tyrese Martin,1610612751,BKN,60,16,44,1315,31,89,0.348,74,12,47,0.255,0.416
2024-25,1630178,Tyrese Maxey,1610612755,PHI,52,20,32,1960,176,461,0.382,452,100,303,0.33,0.49
2024-25,1630623,Tyson Etienne,1610612751,BKN,7,1,6,151,1,5,0.2,2,0,4,0,0.2
2024-25,1626145,Tyus Jones,1610612756,PHX,81,36,45,2174,74,192,0.385,170,22,70,0.314,0.443
2024-25,1642279,Ulrich Chomche,1610612761,TOR,7,3,4,32,0,0,,0,,,,
2024-25,203995,Vasilije Micic,1610612756,PHX,41,8,33,785,47,146,0.322,122,28,79,0.354,0.418
2024-25,1641705,Victor Wembanyama,1610612759,SAS,46,21,25,1527,76,229,0.332,190,38,125,0.304,0.415
2024-25,1631246,Vince Williams Jr.,1610612763,MEM,27,10,17,499,7,19,0.368,18,4,14,0.286,0.474
2024-25,1628427,Vlatko Cancar,1610612743,DEN,13,2,11,136,0,0,,0,0,0,,
2024-25,1630249,Vít Krejčí,1610612737,ATL,57,28,29,1153,24,56,0.429,64,16,45,0.356,0.571
2024-25,1631117,Walker Kessler,1610612762,UTA,58,14,44,1740,0,2,0,0,0,0,,0
2024-25,1628976,Wendell Carter Jr.,1610612753,ORL,68,31,37,1758,13,39,0.333,26,0,3,0,0.333
2024-25,1631111,Wendell Moore Jr.,1610612766,CHA,36,11,25,499,4,17,0.235,9,1,6,0.167,0.265
2024-25,1630214,Xavier Tillman,1610612738,BOS,33,26,7,231,0,1,0,0,0,1,0,0
2024-25,1642530,Yuki Kawamura,1610612763,MEM,22,17,5,93,4,12,0.333,10,2,8,0.25,0.417
2024-25,1641879,Yuri Collins,1610612744,GSW,2,2,0,16,1,3,0.333,2,,,,0.333
2024-25,1642274,Yves Missi,1610612740,NOP,73,19,54,1956,0,5,0,0,0,0,,0
2024-25,1642258,Zaccharie Risacher,1610612737,ATL,75,38,37,1843,18,62,0.29,45,9,36,0.25,0.363
2024-25,1628380,Zach Collins,1610612741,CHI,64,34,30,977,2,7,0.286,4,0,1,0,0.286
2024-25,1641744,Zach Edey,1610612763,MEM,66,35,31,1416,3,6,0.5,6,0,1,0,0.5
2024-25,203897,Zach LaVine,1610612758,SAC,74,32,42,2602,227,538,0.422,592,138,320,0.431,0.55
2024-25,1630192,Zeke Nnaji,1610612743,DEN,57,36,21,608,0,1,0,0,0,0,,0
2024-25,1630533,Ziaire Williams,1610612751,BKN,63,22,41,1541,13,53,0.245,30,4,28,0.143,0.283
2024-25,1629627,Zion Williamson,1610612740,NOP,30,10,20,857,11,27,0.407,23,1,6,0.167,0.426
2024-25,1642389,Zyon Pullin,1610612763,MEM,3,1,2,3,0,0,,0,,,,
