SEASON,PLAY_TYPE,SEASON_ID,TEAM_ID,TEAM_ABBREVIATION,TEAM_NAME,TYPE_GROUPING,PERCENTILE,GP,POSS_PCT,PPP,FG_PCT,FT_POSS_PCT,TOV_POSS_PCT,SF_POSS_PCT,PLUSONE_POSS_PCT,SCORE_POSS_PCT,EFG_PCT,POSS,PTS,FGM,FGA,FGMX
2015-16,Isolation,22015,1610612766,CHA,Charlotte Hornets,Defensive,0.966,82,0.055,0.771,0.356,0.099,0.089,0.091,0.021,0.371,0.375,485,374,144,404,260
2015-16,Isolation,22015,1610612763,MEM,Memphis Grizzlies,Defensive,0.517,82,0.059,0.83,0.377,0.133,0.102,0.121,0.023,0.396,0.408,512,425,152,403,251
2015-16,Isolation,22015,1610612761,TOR,Toronto Raptors,Defensive,0.345,82,0.062,0.841,0.377,0.152,0.096,0.133,0.028,0.415,0.399,533,448,157,416,259
2015-16,Isolation,22015,1610612754,IND,Indiana Pacers,Defensive,0.379,82,0.06,0.836,0.387,0.123,0.099,0.108,0.02,0.398,0.423,538,450,166,429,263
2015-16,Isolation,22015,1610612753,ORL,Orlando Magic,Defensive,0.448,82,0.062,0.834,0.415,0.144,0.141,0.119,0.018,0.422,0.428,554,462,168,405,237
2015-16,Isolation,22015,1610612757,POR,Portland Trail Blazers,Defensive,0.759,82,0.065,0.807,0.377,0.136,0.123,0.121,0.033,0.385,0.396,579,467,168,446,278
2015-16,Isolation,22015,1610612737,ATL,Atlanta Hawks,Defensive,0.897,82,0.067,0.772,0.367,0.089,0.101,0.078,0.013,0.375,0.391,606,468,183,499,316
2015-16,Isolation,22015,1610612748,MIA,Miami Heat,Defensive,0.414,82,0.065,0.836,0.381,0.109,0.096,0.098,0.027,0.393,0.408,562,470,176,462,286
2015-16,Isolation,22015,1610612755,PHI,Philadelphia 76ers,Defensive,0.621,82,0.063,0.822,0.373,0.138,0.106,0.119,0.033,0.396,0.393,578,475,170,456,286
2015-16,Isolation,22015,1610612739,CLE,Cleveland Cavaliers,Defensive,1,82,0.074,0.761,0.348,0.101,0.087,0.097,0.011,0.37,0.37,632,481,181,520,339
2015-16,Isolation,22015,1610612756,PHX,Phoenix Suns,Defensive,0.793,82,0.067,0.806,0.355,0.162,0.105,0.139,0.023,0.396,0.381,598,482,160,451,291
2015-16,Isolation,22015,1610612749,MIL,Milwaukee Bucks,Defensive,0.483,82,0.066,0.833,0.374,0.146,0.124,0.126,0.02,0.401,0.396,588,490,165,441,276
2015-16,Isolation,22015,1610612759,SAS,San Antonio Spurs,Defensive,0.552,82,0.071,0.827,0.395,0.114,0.097,0.092,0.013,0.41,0.413,607,502,192,486,294
2015-16,Isolation,22015,1610612742,DAL,Dallas Mavericks,Defensive,0.931,82,0.074,0.771,0.356,0.117,0.095,0.108,0.024,0.374,0.375,660,509,191,536,345
2015-16,Isolation,22015,1610612751,BKN,Brooklyn Nets,Defensive,0,82,0.064,0.934,0.424,0.133,0.084,0.12,0.03,0.443,0.456,558,521,192,453,261
2015-16,Isolation,22015,1610612758,SAC,Sacramento Kings,Defensive,0.31,82,0.068,0.844,0.385,0.125,0.115,0.106,0.011,0.404,0.428,633,534,188,488,300
2015-16,Isolation,22015,1610612752,NYK,New York Knicks,Defensive,0.586,82,0.075,0.826,0.38,0.126,0.077,0.115,0.02,0.408,0.405,650,537,201,529,328
2015-16,Isolation,22015,1610612743,DEN,Denver Nuggets,Defensive,0.276,82,0.075,0.852,0.389,0.112,0.086,0.089,0.026,0.402,0.417,661,563,213,547,334
2015-16,Isolation,22015,1610612747,LAL,Los Angeles Lakers,Defensive,0.034,82,0.07,0.927,0.419,0.141,0.092,0.135,0.026,0.439,0.454,617,572,204,487,283
2015-16,Isolation,22015,1610612750,MIN,Minnesota Timberwolves,Defensive,0.241,82,0.075,0.868,0.392,0.125,0.081,0.101,0.024,0.415,0.417,665,577,213,544,331
2015-16,Isolation,22015,1610612765,DET,Detroit Pistons,Defensive,0.069,82,0.073,0.916,0.431,0.118,0.093,0.106,0.017,0.445,0.451,633,580,220,510,290
2015-16,Isolation,22015,1610612762,UTA,Utah Jazz,Defensive,0.172,82,0.077,0.891,0.408,0.118,0.064,0.109,0.018,0.436,0.436,652,581,222,544,322
2015-16,Isolation,22015,1610612746,LAC,LA Clippers,Defensive,0.828,82,0.082,0.788,0.357,0.128,0.114,0.106,0.018,0.381,0.39,737,581,204,572,368
2015-16,Isolation,22015,1610612741,CHI,Chicago Bulls,Defensive,0.655,82,0.079,0.817,0.378,0.112,0.083,0.106,0.027,0.396,0.397,715,584,225,595,370
2015-16,Isolation,22015,1610612745,HOU,Houston Rockets,Defensive,0.207,82,0.073,0.884,0.389,0.118,0.086,0.103,0.019,0.415,0.426,672,594,213,547,334
2015-16,Isolation,22015,1610612738,BOS,Boston Celtics,Defensive,0.724,82,0.083,0.809,0.368,0.137,0.106,0.116,0.015,0.401,0.392,758,613,215,585,370
2015-16,Isolation,22015,1610612760,OKC,Oklahoma City Thunder,Defensive,0.69,82,0.085,0.811,0.348,0.121,0.061,0.113,0.025,0.381,0.378,769,624,225,647,422
2015-16,Isolation,22015,1610612764,WAS,Washington Wizards,Defensive,0.103,82,0.077,0.913,0.433,0.135,0.112,0.119,0.014,0.448,0.46,690,630,229,529,300
2015-16,Isolation,22015,1610612740,NOP,New Orleans Pelicans,Defensive,0.138,82,0.084,0.911,0.408,0.114,0.076,0.095,0.019,0.43,0.439,738,672,249,611,362
2015-16,Isolation,22015,1610612744,GSW,Golden State Warriors,Defensive,0.862,82,0.101,0.783,0.346,0.115,0.092,0.106,0.019,0.373,0.373,941,737,264,764,500
2015-16,Transition,22015,1610612765,DET,Detroit Pistons,Defensive,1,82,0.119,1.025,0.509,0.138,0.147,0.124,0.022,0.482,0.569,1033,1059,386,758,372
2015-16,Transition,22015,1610612766,CHA,Charlotte Hornets,Defensive,0.759,82,0.122,1.068,0.517,0.137,0.116,0.126,0.029,0.502,0.569,1070,1143,429,829,400
2015-16,Transition,22015,1610612759,SAS,San Antonio Spurs,Defensive,0.897,82,0.129,1.042,0.528,0.13,0.147,0.115,0.021,0.492,0.582,1105,1151,434,822,388
2015-16,Transition,22015,1610612746,LAC,LA Clippers,Defensive,0.828,82,0.124,1.058,0.512,0.161,0.128,0.141,0.033,0.501,0.565,1119,1184,426,832,406
2015-16,Transition,22015,1610612737,ATL,Atlanta Hawks,Defensive,0.862,82,0.124,1.056,0.512,0.132,0.121,0.114,0.022,0.497,0.561,1133,1197,446,871,425
2015-16,Transition,22015,1610612740,NOP,New Orleans Pelicans,Defensive,0.345,82,0.121,1.129,0.555,0.152,0.145,0.135,0.034,0.524,0.62,1065,1202,436,785,349
2015-16,Transition,22015,1610612757,POR,Portland Trail Blazers,Defensive,0.586,82,0.128,1.089,0.517,0.168,0.125,0.149,0.033,0.502,0.584,1137,1238,433,837,404
2015-16,Transition,22015,1610612762,UTA,Utah Jazz,Defensive,0.69,82,0.136,1.077,0.548,0.143,0.136,0.118,0.029,0.517,0.592,1152,1241,473,863,390
2015-16,Transition,22015,1610612738,BOS,Boston Celtics,Defensive,0.724,82,0.126,1.077,0.537,0.146,0.146,0.128,0.036,0.499,0.596,1154,1243,461,858,397
2015-16,Transition,22015,1610612761,TOR,Toronto Raptors,Defensive,0.655,82,0.136,1.085,0.527,0.121,0.127,0.101,0.02,0.502,0.591,1167,1266,475,901,426
2015-16,Transition,22015,1610612741,CHI,Chicago Bulls,Defensive,0.931,82,0.137,1.031,0.507,0.144,0.115,0.132,0.027,0.494,0.551,1239,1278,482,950,468
2015-16,Transition,22015,1610612739,CLE,Cleveland Cavaliers,Defensive,0.414,82,0.135,1.112,0.538,0.152,0.121,0.137,0.028,0.522,0.6,1157,1287,470,873,403
2015-16,Transition,22015,1610612754,IND,Indiana Pacers,Defensive,0.966,82,0.139,1.028,0.504,0.121,0.134,0.104,0.026,0.476,0.56,1255,1290,487,966,479
2015-16,Transition,22015,1610612764,WAS,Washington Wizards,Defensive,0.793,82,0.135,1.065,0.532,0.147,0.149,0.128,0.024,0.501,0.584,1215,1294,470,883,413
2015-16,Transition,22015,1610612748,MIA,Miami Heat,Defensive,0.621,82,0.138,1.086,0.532,0.13,0.131,0.116,0.028,0.503,0.594,1198,1301,488,917,429
2015-16,Transition,22015,1610612743,DEN,Denver Nuggets,Defensive,0.552,82,0.139,1.091,0.523,0.156,0.121,0.128,0.029,0.51,0.575,1227,1339,482,922,440
2015-16,Transition,22015,1610612763,MEM,Memphis Grizzlies,Defensive,0.448,82,0.141,1.11,0.548,0.158,0.137,0.125,0.025,0.52,0.616,1215,1349,486,887,401
2015-16,Transition,22015,1610612744,GSW,Golden State Warriors,Defensive,0.379,82,0.131,1.121,0.551,0.144,0.127,0.122,0.034,0.522,0.605,1217,1364,510,925,415
2015-16,Transition,22015,1610612749,MIL,Milwaukee Bucks,Defensive,0,82,0.134,1.167,0.566,0.168,0.112,0.152,0.029,0.556,0.623,1188,1386,503,888,385
2015-16,Transition,22015,1610612753,ORL,Orlando Magic,Defensive,0.069,82,0.134,1.165,0.58,0.138,0.13,0.127,0.028,0.542,0.644,1191,1388,524,903,379
2015-16,Transition,22015,1610612750,MIN,Minnesota Timberwolves,Defensive,0.103,82,0.135,1.163,0.594,0.132,0.14,0.117,0.029,0.544,0.648,1200,1395,539,908,369
2015-16,Transition,22015,1610612752,NYK,New York Knicks,Defensive,0.276,82,0.141,1.135,0.544,0.13,0.088,0.114,0.032,0.532,0.594,1234,1401,545,1001,456
2015-16,Transition,22015,1610612760,OKC,Oklahoma City Thunder,Defensive,0.483,82,0.141,1.109,0.535,0.133,0.109,0.117,0.032,0.518,0.592,1279,1419,540,1009,469
2015-16,Transition,22015,1610612742,DAL,Dallas Mavericks,Defensive,0.207,82,0.141,1.147,0.561,0.147,0.125,0.124,0.039,0.528,0.621,1249,1432,538,959,421
2015-16,Transition,22015,1610612751,BKN,Brooklyn Nets,Defensive,0.172,82,0.148,1.148,0.582,0.129,0.138,0.117,0.029,0.539,0.637,1299,1491,576,990,414
2015-16,Transition,22015,1610612745,HOU,Houston Rockets,Defensive,0.241,82,0.149,1.141,0.577,0.128,0.127,0.112,0.026,0.536,0.632,1366,1558,605,1049,444
2015-16,Transition,22015,1610612755,PHI,Philadelphia 76ers,Defensive,0.517,82,0.156,1.107,0.538,0.159,0.134,0.137,0.03,0.52,0.597,1427,1579,565,1050,485
2015-16,Transition,22015,1610612747,LAL,Los Angeles Lakers,Defensive,0.034,82,0.154,1.166,0.588,0.148,0.114,0.125,0.033,0.559,0.64,1364,1591,618,1051,433
2015-16,Transition,22015,1610612758,SAC,Sacramento Kings,Defensive,0.31,82,0.157,1.134,0.559,0.133,0.138,0.11,0.033,0.52,0.626,1460,1655,621,1111,490
2015-16,Transition,22015,1610612756,PHX,Phoenix Suns,Defensive,0.138,82,0.165,1.15,0.571,0.154,0.133,0.128,0.026,0.537,0.635,1481,1703,624,1092,468
2015-16,PRBallHandler,22015,1610612749,MIL,Milwaukee Bucks,Defensive,1,82,0.119,0.716,0.423,0.091,0.292,0.069,0.008,0.346,0.458,1056,756,279,660,381
2015-16,PRBallHandler,22015,1610612745,HOU,Houston Rockets,Defensive,0.966,82,0.134,0.731,0.411,0.107,0.264,0.086,0.018,0.349,0.452,1228,898,327,795,468
2015-16,PRBallHandler,22015,1610612753,ORL,Orlando Magic,Defensive,0.414,82,0.146,0.822,0.436,0.103,0.19,0.087,0.019,0.397,0.463,1295,1064,410,940,530
2015-16,PRBallHandler,22015,1610612742,DAL,Dallas Mavericks,Defensive,0.483,82,0.149,0.81,0.419,0.083,0.177,0.068,0.013,0.384,0.451,1327,1075,418,998,580
2015-16,PRBallHandler,22015,1610612743,DEN,Denver Nuggets,Defensive,0.241,82,0.146,0.842,0.428,0.095,0.157,0.081,0.019,0.398,0.461,1288,1084,423,988,565
2015-16,PRBallHandler,22015,1610612760,OKC,Oklahoma City Thunder,Defensive,0.655,82,0.152,0.791,0.385,0.118,0.154,0.097,0.017,0.38,0.415,1375,1087,394,1023,629
2015-16,PRBallHandler,22015,1610612762,UTA,Utah Jazz,Defensive,0.828,82,0.167,0.78,0.395,0.082,0.159,0.072,0.012,0.373,0.422,1412,1101,429,1087,658
2015-16,PRBallHandler,22015,1610612761,TOR,Toronto Raptors,Defensive,0.862,82,0.17,0.758,0.388,0.091,0.174,0.078,0.014,0.364,0.41,1453,1102,421,1085,664
2015-16,PRBallHandler,22015,1610612737,ATL,Atlanta Hawks,Defensive,0.897,82,0.162,0.751,0.391,0.075,0.188,0.065,0.012,0.355,0.422,1478,1110,432,1105,673
2015-16,PRBallHandler,22015,1610612738,BOS,Boston Celtics,Defensive,0.724,82,0.155,0.788,0.408,0.11,0.188,0.089,0.015,0.385,0.433,1423,1122,416,1020,604
2015-16,PRBallHandler,22015,1610612746,LAC,LA Clippers,Defensive,0.931,82,0.168,0.741,0.377,0.087,0.171,0.077,0.012,0.355,0.405,1523,1129,432,1145,713
2015-16,PRBallHandler,22015,1610612751,BKN,Brooklyn Nets,Defensive,0,82,0.146,0.885,0.455,0.081,0.167,0.065,0.014,0.409,0.498,1285,1137,448,985,537
2015-16,PRBallHandler,22015,1610612766,CHA,Charlotte Hornets,Defensive,0.448,82,0.161,0.813,0.419,0.099,0.178,0.085,0.02,0.387,0.448,1409,1145,438,1045,607
2015-16,PRBallHandler,22015,1610612763,MEM,Memphis Grizzlies,Defensive,0.276,82,0.162,0.838,0.421,0.11,0.193,0.092,0.017,0.389,0.475,1396,1170,418,992,574
2015-16,PRBallHandler,22015,1610612747,LAL,Los Angeles Lakers,Defensive,0.379,82,0.161,0.823,0.422,0.087,0.154,0.08,0.018,0.394,0.448,1425,1173,466,1105,639
2015-16,PRBallHandler,22015,1610612759,SAS,San Antonio Spurs,Defensive,0.793,82,0.179,0.784,0.401,0.079,0.155,0.069,0.012,0.376,0.423,1533,1202,478,1192,714
2015-16,PRBallHandler,22015,1610612739,CLE,Cleveland Cavaliers,Defensive,0.517,82,0.177,0.809,0.406,0.084,0.145,0.074,0.02,0.382,0.436,1517,1228,487,1200,713
2015-16,PRBallHandler,22015,1610612758,SAC,Sacramento Kings,Defensive,0.345,82,0.161,0.828,0.426,0.089,0.172,0.07,0.018,0.39,0.463,1491,1234,481,1129,648
2015-16,PRBallHandler,22015,1610612740,NOP,New Orleans Pelicans,Defensive,0.103,82,0.163,0.861,0.434,0.11,0.174,0.091,0.015,0.406,0.47,1435,1235,455,1049,594
2015-16,PRBallHandler,22015,1610612741,CHI,Chicago Bulls,Defensive,0.552,82,0.174,0.805,0.401,0.088,0.133,0.08,0.017,0.388,0.426,1568,1262,501,1248,747
2015-16,PRBallHandler,22015,1610612754,IND,Indiana Pacers,Defensive,0.621,82,0.177,0.792,0.41,0.104,0.187,0.09,0.017,0.383,0.434,1601,1268,476,1160,684
2015-16,PRBallHandler,22015,1610612764,WAS,Washington Wizards,Defensive,0.586,82,0.179,0.799,0.415,0.08,0.184,0.072,0.016,0.372,0.452,1606,1283,500,1205,705
2015-16,PRBallHandler,22015,1610612752,NYK,New York Knicks,Defensive,0.31,82,0.179,0.832,0.399,0.084,0.117,0.07,0.014,0.394,0.43,1557,1296,505,1265,760
2015-16,PRBallHandler,22015,1610612756,PHX,Phoenix Suns,Defensive,0.138,82,0.17,0.851,0.428,0.088,0.148,0.072,0.019,0.399,0.463,1532,1303,513,1200,687
2015-16,PRBallHandler,22015,1610612750,MIN,Minnesota Timberwolves,Defensive,0.069,82,0.169,0.865,0.427,0.113,0.16,0.097,0.023,0.406,0.468,1509,1305,482,1128,646
2015-16,PRBallHandler,22015,1610612744,GSW,Golden State Warriors,Defensive,0.759,82,0.179,0.788,0.394,0.086,0.161,0.076,0.017,0.368,0.429,1666,1313,504,1280,776
2015-16,PRBallHandler,22015,1610612748,MIA,Miami Heat,Defensive,0.69,82,0.192,0.789,0.388,0.087,0.128,0.076,0.016,0.379,0.41,1666,1314,517,1333,816
2015-16,PRBallHandler,22015,1610612755,PHI,Philadelphia 76ers,Defensive,0.207,82,0.175,0.848,0.411,0.107,0.122,0.092,0.014,0.413,0.43,1592,1350,513,1249,736
2015-16,PRBallHandler,22015,1610612757,POR,Portland Trail Blazers,Defensive,0.034,82,0.184,0.869,0.421,0.09,0.12,0.08,0.016,0.411,0.454,1629,1416,552,1312,760
2015-16,PRBallHandler,22015,1610612765,DET,Detroit Pistons,Defensive,0.172,82,0.205,0.849,0.427,0.096,0.142,0.08,0.018,0.408,0.452,1785,1516,593,1390,797
2015-16,PRRollMan,22015,1610612749,MIL,Milwaukee Bucks,Defensive,0.966,82,0.059,0.931,0.454,0.107,0.086,0.102,0.031,0.452,0.479,522,486,198,436,238
2015-16,PRRollMan,22015,1610612745,HOU,Houston Rockets,Defensive,0.793,82,0.058,0.976,0.476,0.105,0.084,0.093,0.006,0.482,0.505,535,522,208,437,229
2015-16,PRRollMan,22015,1610612756,PHX,Phoenix Suns,Defensive,0.414,82,0.057,1.033,0.507,0.145,0.083,0.13,0.035,0.504,0.535,516,533,210,414,204
2015-16,PRRollMan,22015,1610612746,LAC,LA Clippers,Defensive,0.552,82,0.06,1.015,0.503,0.096,0.091,0.083,0.02,0.494,0.533,539,547,226,449,223
2015-16,PRRollMan,22015,1610612742,DAL,Dallas Mavericks,Defensive,0.724,82,0.062,0.996,0.488,0.133,0.085,0.132,0.032,0.486,0.523,555,553,220,451,231
2015-16,PRRollMan,22015,1610612763,MEM,Memphis Grizzlies,Defensive,0.517,82,0.063,1.022,0.506,0.132,0.092,0.121,0.035,0.497,0.527,545,557,223,441,218
2015-16,PRRollMan,22015,1610612748,MIA,Miami Heat,Defensive,0.897,82,0.07,0.947,0.465,0.096,0.076,0.094,0.015,0.461,0.492,607,575,238,512,274
2015-16,PRRollMan,22015,1610612760,OKC,Oklahoma City Thunder,Defensive,0.931,82,0.067,0.946,0.464,0.107,0.064,0.104,0.023,0.472,0.475,608,575,240,517,277
2015-16,PRRollMan,22015,1610612738,BOS,Boston Celtics,Defensive,0.828,82,0.066,0.965,0.458,0.105,0.071,0.1,0.021,0.464,0.493,608,587,235,513,278
2015-16,PRRollMan,22015,1610612759,SAS,San Antonio Spurs,Defensive,1,82,0.077,0.912,0.439,0.109,0.076,0.103,0.02,0.447,0.458,662,604,243,553,310
2015-16,PRRollMan,22015,1610612758,SAC,Sacramento Kings,Defensive,0.31,82,0.062,1.048,0.527,0.128,0.095,0.114,0.031,0.516,0.549,578,606,246,467,221
2015-16,PRRollMan,22015,1610612762,UTA,Utah Jazz,Defensive,0.862,82,0.075,0.96,0.448,0.125,0.082,0.122,0.017,0.463,0.48,631,606,229,511,282
2015-16,PRRollMan,22015,1610612744,GSW,Golden State Warriors,Defensive,0.172,82,0.062,1.061,0.545,0.138,0.089,0.136,0.035,0.524,0.567,572,607,252,462,210
2015-16,PRRollMan,22015,1610612753,ORL,Orlando Magic,Defensive,0.448,82,0.066,1.031,0.499,0.132,0.066,0.124,0.025,0.503,0.528,590,608,243,487,244
2015-16,PRRollMan,22015,1610612747,LAL,Los Angeles Lakers,Defensive,0.655,82,0.069,1.008,0.498,0.153,0.069,0.145,0.035,0.506,0.514,607,612,245,492,247
2015-16,PRRollMan,22015,1610612761,TOR,Toronto Raptors,Defensive,0.241,82,0.068,1.058,0.507,0.117,0.069,0.11,0.031,0.503,0.543,582,616,249,491,242
2015-16,PRRollMan,22015,1610612737,ATL,Atlanta Hawks,Defensive,0.69,82,0.068,0.998,0.473,0.112,0.074,0.109,0.021,0.477,0.513,623,622,246,520,274
2015-16,PRRollMan,22015,1610612743,DEN,Denver Nuggets,Defensive,0.103,82,0.067,1.07,0.536,0.131,0.088,0.119,0.036,0.523,0.56,589,630,258,481,223
2015-16,PRRollMan,22015,1610612750,MIN,Minnesota Timberwolves,Defensive,0.345,82,0.068,1.045,0.518,0.122,0.088,0.117,0.038,0.499,0.546,605,632,259,500,241
2015-16,PRRollMan,22015,1610612752,NYK,New York Knicks,Defensive,0.621,82,0.073,1.009,0.484,0.107,0.052,0.1,0.019,0.49,0.511,637,643,265,547,282
2015-16,PRRollMan,22015,1610612764,WAS,Washington Wizards,Defensive,0.069,82,0.068,1.072,0.521,0.126,0.08,0.123,0.033,0.516,0.552,611,655,263,505,242
2015-16,PRRollMan,22015,1610612751,BKN,Brooklyn Nets,Defensive,0.138,82,0.072,1.062,0.544,0.114,0.103,0.105,0.022,0.524,0.565,630,669,276,507,231
2015-16,PRRollMan,22015,1610612757,POR,Portland Trail Blazers,Defensive,0.483,82,0.074,1.029,0.494,0.134,0.058,0.129,0.017,0.511,0.52,659,678,269,544,275
2015-16,PRRollMan,22015,1610612766,CHA,Charlotte Hornets,Defensive,0.759,82,0.078,0.991,0.47,0.094,0.078,0.09,0.017,0.468,0.507,688,682,272,579,307
2015-16,PRRollMan,22015,1610612741,CHI,Chicago Bulls,Defensive,0.276,82,0.072,1.055,0.518,0.097,0.06,0.094,0.02,0.515,0.552,651,687,291,562,271
2015-16,PRRollMan,22015,1610612755,PHI,Philadelphia 76ers,Defensive,0,82,0.069,1.098,0.529,0.111,0.06,0.101,0.029,0.531,0.555,631,693,286,541,255
2015-16,PRRollMan,22015,1610612740,NOP,New Orleans Pelicans,Defensive,0.586,82,0.079,1.014,0.489,0.122,0.085,0.108,0.023,0.487,0.526,696,706,277,567,290
2015-16,PRRollMan,22015,1610612754,IND,Indiana Pacers,Defensive,0.379,82,0.075,1.044,0.502,0.119,0.077,0.112,0.025,0.501,0.543,678,708,282,562,280
2015-16,PRRollMan,22015,1610612739,CLE,Cleveland Cavaliers,Defensive,0.034,82,0.078,1.074,0.526,0.113,0.057,0.105,0.024,0.524,0.546,666,715,299,568,269
2015-16,PRRollMan,22015,1610612765,DET,Detroit Pistons,Defensive,0.207,82,0.092,1.059,0.511,0.112,0.066,0.103,0.019,0.517,0.541,802,849,344,673,329
2015-16,Postup,22015,1610612761,TOR,Toronto Raptors,Defensive,1,82,0.055,0.756,0.393,0.14,0.136,0.13,0.038,0.384,0.393,471,356,141,359,218
2015-16,Postup,22015,1610612749,MIL,Milwaukee Bucks,Defensive,0.793,82,0.062,0.826,0.433,0.149,0.143,0.12,0.02,0.429,0.433,552,456,174,402,228
2015-16,Postup,22015,1610612745,HOU,Houston Rockets,Defensive,0.448,82,0.061,0.865,0.428,0.159,0.117,0.117,0.023,0.443,0.428,555,480,177,414,237
2015-16,Postup,22015,1610612756,PHX,Phoenix Suns,Defensive,0.172,82,0.061,0.894,0.441,0.185,0.136,0.148,0.038,0.452,0.441,546,488,173,392,219
2015-16,Postup,22015,1610612747,LAL,Los Angeles Lakers,Defensive,0.759,82,0.067,0.829,0.426,0.123,0.122,0.106,0.01,0.432,0.426,592,491,193,453,260
2015-16,Postup,22015,1610612759,SAS,San Antonio Spurs,Defensive,0.828,82,0.069,0.825,0.452,0.118,0.156,0.097,0.017,0.425,0.452,595,491,200,442,242
2015-16,Postup,22015,1610612762,UTA,Utah Jazz,Defensive,0.31,82,0.068,0.88,0.445,0.132,0.125,0.096,0.026,0.444,0.445,574,505,196,440,244
2015-16,Postup,22015,1610612764,WAS,Washington Wizards,Defensive,0.655,82,0.068,0.836,0.435,0.148,0.15,0.1,0.016,0.429,0.435,608,508,190,437,247
2015-16,Postup,22015,1610612753,ORL,Orlando Magic,Defensive,0.69,82,0.069,0.834,0.407,0.151,0.109,0.127,0.033,0.424,0.407,615,513,193,474,281
2015-16,Postup,22015,1610612750,MIN,Minnesota Timberwolves,Defensive,0.345,82,0.068,0.879,0.466,0.154,0.146,0.126,0.03,0.459,0.466,604,531,205,440,235
2015-16,Postup,22015,1610612763,MEM,Memphis Grizzlies,Defensive,0.138,82,0.068,0.914,0.465,0.189,0.136,0.146,0.027,0.471,0.465,582,532,190,409,219
2015-16,Postup,22015,1610612752,NYK,New York Knicks,Defensive,0.931,82,0.076,0.814,0.42,0.115,0.106,0.103,0.029,0.417,0.42,662,539,224,533,309
2015-16,Postup,22015,1610612737,ATL,Atlanta Hawks,Defensive,0.897,82,0.073,0.815,0.431,0.131,0.146,0.113,0.03,0.412,0.431,665,542,216,501,285
2015-16,Postup,22015,1610612758,SAC,Sacramento Kings,Defensive,0.621,82,0.07,0.838,0.438,0.144,0.153,0.124,0.029,0.428,0.438,654,548,210,479,269
2015-16,Postup,22015,1610612760,OKC,Oklahoma City Thunder,Defensive,0.966,82,0.078,0.803,0.379,0.142,0.093,0.123,0.021,0.407,0.379,702,564,209,551,342
2015-16,Postup,22015,1610612751,BKN,Brooklyn Nets,Defensive,0.241,82,0.073,0.89,0.47,0.123,0.135,0.1,0.026,0.449,0.47,643,572,232,494,262
2015-16,Postup,22015,1610612739,CLE,Cleveland Cavaliers,Defensive,0.552,82,0.08,0.845,0.445,0.119,0.124,0.092,0.02,0.438,0.445,683,577,236,530,294
2015-16,Postup,22015,1610612754,IND,Indiana Pacers,Defensive,0.414,82,0.074,0.87,0.448,0.141,0.127,0.12,0.022,0.45,0.448,667,580,225,502,277
2015-16,Postup,22015,1610612741,CHI,Chicago Bulls,Defensive,0.724,82,0.077,0.831,0.427,0.104,0.109,0.086,0.021,0.426,0.427,699,581,241,565,324
2015-16,Postup,22015,1610612766,CHA,Charlotte Hornets,Defensive,0.586,82,0.079,0.839,0.427,0.16,0.134,0.14,0.029,0.435,0.427,694,582,218,510,292
2015-16,Postup,22015,1610612765,DET,Detroit Pistons,Defensive,0.276,82,0.077,0.882,0.455,0.109,0.101,0.095,0.033,0.446,0.455,671,592,251,552,301
2015-16,Postup,22015,1610612746,LAC,LA Clippers,Defensive,0.517,82,0.077,0.852,0.436,0.163,0.136,0.126,0.032,0.438,0.436,698,595,223,511,288
2015-16,Postup,22015,1610612748,MIA,Miami Heat,Defensive,0,82,0.078,0.957,0.494,0.134,0.105,0.114,0.025,0.493,0.494,677,648,263,532,269
2015-16,Postup,22015,1610612740,NOP,New Orleans Pelicans,Defensive,0.207,82,0.083,0.894,0.451,0.153,0.114,0.125,0.031,0.458,0.451,734,656,253,561,308
2015-16,Postup,22015,1610612744,GSW,Golden State Warriors,Defensive,0.862,82,0.089,0.816,0.422,0.135,0.136,0.115,0.019,0.423,0.422,825,673,261,618,357
2015-16,Postup,22015,1610612738,BOS,Boston Celtics,Defensive,0.483,82,0.09,0.854,0.444,0.129,0.117,0.103,0.03,0.433,0.444,823,703,286,644,358
2015-16,Postup,22015,1610612742,DAL,Dallas Mavericks,Defensive,0.379,82,0.093,0.877,0.461,0.129,0.137,0.112,0.022,0.448,0.461,823,722,287,622,335
2015-16,Postup,22015,1610612755,PHI,Philadelphia 76ers,Defensive,0.069,82,0.086,0.93,0.477,0.147,0.115,0.121,0.029,0.474,0.477,783,728,285,598,313
2015-16,Postup,22015,1610612743,DEN,Denver Nuggets,Defensive,0.103,82,0.093,0.916,0.458,0.147,0.112,0.121,0.02,0.471,0.458,818,749,285,622,337
2015-16,Postup,22015,1610612757,POR,Portland Trail Blazers,Defensive,0.034,82,0.093,0.938,0.482,0.164,0.133,0.141,0.038,0.476,0.482,824,773,294,610,316
2015-16,Spotup,22015,1610612765,DET,Detroit Pistons,Defensive,0.586,82,0.159,0.966,0.386,0.041,0.064,0.038,0.01,0.381,0.5,1381,1334,483,1250,767
2015-16,Spotup,22015,1610612752,NYK,New York Knicks,Defensive,0.724,82,0.165,0.937,0.372,0.053,0.053,0.047,0.003,0.376,0.481,1440,1349,481,1292,811
2015-16,Spotup,22015,1610612748,MIA,Miami Heat,Defensive,0.897,82,0.171,0.924,0.371,0.05,0.059,0.045,0.005,0.373,0.472,1481,1368,492,1326,834
2015-16,Spotup,22015,1610612757,POR,Portland Trail Blazers,Defensive,0.241,82,0.165,0.998,0.397,0.044,0.059,0.042,0.009,0.393,0.515,1467,1464,527,1329,802
2015-16,Spotup,22015,1610612759,SAS,San Antonio Spurs,Defensive,1,82,0.189,0.902,0.374,0.031,0.063,0.026,0.004,0.367,0.467,1623,1464,552,1475,923
2015-16,Spotup,22015,1610612744,GSW,Golden State Warriors,Defensive,0.69,82,0.167,0.944,0.368,0.06,0.05,0.055,0.008,0.38,0.473,1554,1467,512,1393,881
2015-16,Spotup,22015,1610612755,PHI,Philadelphia 76ers,Defensive,0.034,82,0.156,1.036,0.403,0.065,0.053,0.056,0.011,0.41,0.529,1421,1472,512,1269,757
2015-16,Spotup,22015,1610612739,CLE,Cleveland Cavaliers,Defensive,0.552,82,0.181,0.968,0.382,0.052,0.052,0.046,0.012,0.384,0.493,1552,1503,538,1409,871
2015-16,Spotup,22015,1610612754,IND,Indiana Pacers,Defensive,0.966,82,0.185,0.915,0.357,0.05,0.06,0.045,0.008,0.361,0.47,1676,1534,536,1503,967
2015-16,Spotup,22015,1610612747,LAL,Los Angeles Lakers,Defensive,0.379,82,0.177,0.987,0.386,0.039,0.049,0.036,0.008,0.385,0.506,1567,1547,557,1443,886
2015-16,Spotup,22015,1610612762,UTA,Utah Jazz,Defensive,0.31,82,0.186,0.995,0.399,0.043,0.059,0.038,0.006,0.395,0.517,1571,1563,566,1418,852
2015-16,Spotup,22015,1610612738,BOS,Boston Celtics,Defensive,0.931,82,0.186,0.918,0.364,0.046,0.061,0.041,0.006,0.367,0.469,1705,1565,558,1531,973
2015-16,Spotup,22015,1610612750,MIN,Minnesota Timberwolves,Defensive,0.793,82,0.191,0.934,0.367,0.039,0.055,0.034,0.009,0.366,0.479,1700,1588,571,1556,985
2015-16,Spotup,22015,1610612746,LAC,LA Clippers,Defensive,0.759,82,0.188,0.937,0.374,0.054,0.056,0.047,0.012,0.377,0.476,1704,1596,576,1539,963
2015-16,Spotup,22015,1610612741,CHI,Chicago Bulls,Defensive,0.345,82,0.181,0.992,0.392,0.043,0.044,0.041,0.007,0.396,0.504,1634,1621,588,1501,913
2015-16,Spotup,22015,1610612760,OKC,Oklahoma City Thunder,Defensive,0.414,82,0.185,0.982,0.396,0.053,0.056,0.05,0.013,0.394,0.504,1675,1645,600,1516,916
2015-16,Spotup,22015,1610612756,PHX,Phoenix Suns,Defensive,0.483,82,0.192,0.972,0.386,0.043,0.059,0.038,0.009,0.381,0.503,1723,1675,603,1562,959
2015-16,Spotup,22015,1610612764,WAS,Washington Wizards,Defensive,0.207,82,0.189,1.005,0.401,0.041,0.065,0.036,0.004,0.396,0.524,1696,1704,610,1521,911
2015-16,Spotup,22015,1610612742,DAL,Dallas Mavericks,Defensive,0.828,82,0.209,0.932,0.359,0.042,0.048,0.037,0.005,0.363,0.476,1857,1731,610,1699,1089
2015-16,Spotup,22015,1610612740,NOP,New Orleans Pelicans,Defensive,0,82,0.19,1.061,0.415,0.053,0.042,0.048,0.011,0.42,0.538,1669,1771,635,1530,895
2015-16,Spotup,22015,1610612737,ATL,Atlanta Hawks,Defensive,0.621,82,0.202,0.966,0.388,0.05,0.057,0.047,0.012,0.388,0.493,1842,1779,646,1666,1020
2015-16,Spotup,22015,1610612763,MEM,Memphis Grizzlies,Defensive,0.276,82,0.208,0.998,0.392,0.051,0.071,0.045,0.007,0.391,0.518,1794,1790,622,1587,965
2015-16,Spotup,22015,1610612743,DEN,Denver Nuggets,Defensive,0.069,82,0.197,1.03,0.401,0.043,0.063,0.039,0.006,0.398,0.533,1740,1793,629,1567,938
2015-16,Spotup,22015,1610612758,SAC,Sacramento Kings,Defensive,0.103,82,0.192,1.018,0.398,0.041,0.055,0.039,0.011,0.393,0.526,1784,1816,649,1632,983
2015-16,Spotup,22015,1610612766,CHA,Charlotte Hornets,Defensive,0.862,82,0.222,0.932,0.366,0.044,0.053,0.041,0.013,0.362,0.478,1949,1816,653,1784,1131
2015-16,Spotup,22015,1610612751,BKN,Brooklyn Nets,Defensive,0.138,82,0.206,1.009,0.399,0.034,0.052,0.033,0.009,0.391,0.521,1812,1829,666,1670,1004
2015-16,Spotup,22015,1610612761,TOR,Toronto Raptors,Defensive,0.172,82,0.22,1.007,0.399,0.046,0.055,0.043,0.005,0.398,0.52,1880,1893,677,1696,1019
2015-16,Spotup,22015,1610612745,HOU,Houston Rockets,Defensive,0.517,82,0.219,0.971,0.381,0.042,0.062,0.035,0.007,0.377,0.502,2000,1942,688,1806,1118
2015-16,Spotup,22015,1610612753,ORL,Orlando Magic,Defensive,0.655,82,0.233,0.953,0.373,0.051,0.065,0.044,0.008,0.373,0.494,2074,1976,690,1849,1159
2015-16,Spotup,22015,1610612749,MIL,Milwaukee Bucks,Defensive,0.448,82,0.255,0.978,0.389,0.05,0.058,0.046,0.009,0.389,0.503,2260,2210,792,2036,1244
2015-16,Handoff,22015,1610612745,HOU,Houston Rockets,Defensive,0.828,82,0.033,0.8,0.377,0.072,0.161,0.049,0.01,0.351,0.443,305,244,89,236,147
2015-16,Handoff,22015,1610612755,PHI,Philadelphia 76ers,Defensive,0.966,82,0.036,0.752,0.354,0.073,0.13,0.061,0.015,0.342,0.397,330,248,95,268,173
2015-16,Handoff,22015,1610612758,SAC,Sacramento Kings,Defensive,0.862,82,0.035,0.789,0.354,0.067,0.116,0.058,0.012,0.346,0.411,327,258,96,271,175
2015-16,Handoff,22015,1610612762,UTA,Utah Jazz,Defensive,0.931,82,0.041,0.783,0.373,0.061,0.142,0.055,0.012,0.351,0.434,345,270,104,279,175
2015-16,Handoff,22015,1610612737,ATL,Atlanta Hawks,Defensive,1,82,0.041,0.742,0.343,0.066,0.138,0.059,0.011,0.332,0.393,376,279,104,303,199
2015-16,Handoff,22015,1610612743,DEN,Denver Nuggets,Defensive,0.552,82,0.037,0.862,0.377,0.104,0.125,0.104,0.024,0.379,0.437,327,282,98,260,162
2015-16,Handoff,22015,1610612742,DAL,Dallas Mavericks,Defensive,0.621,82,0.037,0.858,0.398,0.048,0.109,0.033,0.003,0.381,0.464,331,284,111,279,168
2015-16,Handoff,22015,1610612753,ORL,Orlando Magic,Defensive,0.414,82,0.037,0.873,0.43,0.094,0.167,0.067,0.015,0.4,0.482,330,288,107,249,142
2015-16,Handoff,22015,1610612763,MEM,Memphis Grizzlies,Defensive,0.793,82,0.04,0.825,0.381,0.089,0.16,0.069,0.009,0.367,0.449,349,288,101,265,164
2015-16,Handoff,22015,1610612739,CLE,Cleveland Cavaliers,Defensive,0.345,82,0.039,0.885,0.404,0.097,0.142,0.091,0.009,0.396,0.475,331,293,103,255,152
2015-16,Handoff,22015,1610612751,BKN,Brooklyn Nets,Defensive,0.759,82,0.04,0.838,0.37,0.074,0.111,0.065,0.014,0.366,0.433,352,295,108,292,184
2015-16,Handoff,22015,1610612761,TOR,Toronto Raptors,Defensive,0.483,82,0.041,0.869,0.41,0.066,0.114,0.049,0.017,0.391,0.464,350,304,120,293,173
2015-16,Handoff,22015,1610612748,MIA,Miami Heat,Defensive,0.897,82,0.045,0.786,0.352,0.079,0.094,0.074,0.005,0.361,0.394,393,309,115,327,212
2015-16,Handoff,22015,1610612738,BOS,Boston Celtics,Defensive,0.69,82,0.041,0.851,0.409,0.074,0.152,0.051,0.013,0.383,0.466,376,320,121,296,175
2015-16,Handoff,22015,1610612759,SAS,San Antonio Spurs,Defensive,0.448,82,0.043,0.871,0.407,0.083,0.137,0.065,0.013,0.392,0.458,372,324,120,295,175
2015-16,Handoff,22015,1610612746,LAC,LA Clippers,Defensive,0.724,82,0.042,0.848,0.391,0.071,0.134,0.065,0.008,0.377,0.456,382,324,120,307,187
2015-16,Handoff,22015,1610612749,MIL,Milwaukee Bucks,Defensive,0.276,82,0.041,0.906,0.399,0.1,0.111,0.092,0.019,0.403,0.464,360,326,116,291,175
2015-16,Handoff,22015,1610612754,IND,Indiana Pacers,Defensive,0.586,82,0.042,0.861,0.423,0.073,0.12,0.063,0.008,0.408,0.468,382,329,131,310,179
2015-16,Handoff,22015,1610612760,OKC,Oklahoma City Thunder,Defensive,0.655,82,0.044,0.854,0.387,0.073,0.113,0.058,0.01,0.379,0.444,398,340,127,328,201
2015-16,Handoff,22015,1610612765,DET,Detroit Pistons,Defensive,0.517,82,0.046,0.866,0.4,0.071,0.093,0.06,0.02,0.393,0.437,397,344,136,340,204
2015-16,Handoff,22015,1610612740,NOP,New Orleans Pelicans,Defensive,0.241,82,0.043,0.908,0.421,0.047,0.099,0.037,0.005,0.403,0.482,382,347,138,328,190
2015-16,Handoff,22015,1610612750,MIN,Minnesota Timberwolves,Defensive,0.103,82,0.041,0.941,0.423,0.073,0.103,0.068,0.019,0.405,0.5,370,348,132,312,180
2015-16,Handoff,22015,1610612764,WAS,Washington Wizards,Defensive,0.172,82,0.044,0.916,0.389,0.087,0.102,0.074,0.008,0.395,0.463,392,359,125,321,196
2015-16,Handoff,22015,1610612741,CHI,Chicago Bulls,Defensive,0.207,82,0.044,0.911,0.383,0.096,0.068,0.086,0.023,0.4,0.445,395,360,130,339,209
2015-16,Handoff,22015,1610612744,GSW,Golden State Warriors,Defensive,0.379,82,0.044,0.878,0.395,0.066,0.093,0.061,0.005,0.388,0.458,410,360,137,347,210
2015-16,Handoff,22015,1610612766,CHA,Charlotte Hornets,Defensive,0.069,82,0.044,0.941,0.453,0.075,0.119,0.067,0.013,0.432,0.508,387,364,143,316,173
2015-16,Handoff,22015,1610612752,NYK,New York Knicks,Defensive,0.31,82,0.047,0.902,0.402,0.086,0.069,0.086,0.025,0.408,0.45,407,367,142,353,211
2015-16,Handoff,22015,1610612756,PHX,Phoenix Suns,Defensive,0.034,82,0.045,0.941,0.441,0.088,0.125,0.074,0.007,0.425,0.508,407,383,142,322,180
2015-16,Handoff,22015,1610612747,LAL,Los Angeles Lakers,Defensive,0.138,82,0.048,0.934,0.423,0.066,0.092,0.059,0.012,0.415,0.486,426,398,154,364,210
2015-16,Handoff,22015,1610612757,POR,Portland Trail Blazers,Defensive,0,82,0.049,1.016,0.44,0.087,0.075,0.08,0.016,0.443,0.523,438,445,164,373,209
2015-16,Cut,22015,1610612757,POR,Portland Trail Blazers,Defensive,0.69,82,0.066,1.182,0.603,0.197,0.071,0.187,0.058,0.605,0.603,588,695,279,463,184
2015-16,Cut,22015,1610612739,CLE,Cleveland Cavaliers,Defensive,0.897,82,0.073,1.16,0.587,0.185,0.056,0.177,0.04,0.601,0.587,626,726,293,499,206
2015-16,Cut,22015,1610612765,DET,Detroit Pistons,Defensive,0.069,82,0.067,1.284,0.658,0.131,0.06,0.129,0.026,0.644,0.658,582,747,319,485,166
2015-16,Cut,22015,1610612752,NYK,New York Knicks,Defensive,0.655,82,0.072,1.189,0.583,0.194,0.049,0.176,0.045,0.604,0.583,629,748,294,504,210
2015-16,Cut,22015,1610612762,UTA,Utah Jazz,Defensive,0.966,82,0.078,1.139,0.582,0.168,0.062,0.156,0.029,0.586,0.582,662,754,308,529,221
2015-16,Cut,22015,1610612754,IND,Indiana Pacers,Defensive,0.483,82,0.07,1.202,0.624,0.172,0.076,0.169,0.04,0.61,0.624,629,756,310,497,187
2015-16,Cut,22015,1610612759,SAS,San Antonio Spurs,Defensive,0.793,82,0.078,1.168,0.6,0.143,0.065,0.137,0.041,0.589,0.6,666,778,333,555,222
2015-16,Cut,22015,1610612748,MIA,Miami Heat,Defensive,0.724,82,0.077,1.175,0.591,0.155,0.075,0.154,0.045,0.584,0.591,664,780,320,541,221
2015-16,Cut,22015,1610612738,BOS,Boston Celtics,Defensive,0.862,82,0.074,1.162,0.606,0.166,0.081,0.159,0.046,0.589,0.606,681,791,329,543,214
2015-16,Cut,22015,1610612760,OKC,Oklahoma City Thunder,Defensive,0.172,82,0.07,1.256,0.639,0.156,0.057,0.148,0.041,0.637,0.639,633,795,335,524,189
2015-16,Cut,22015,1610612742,DAL,Dallas Mavericks,Defensive,0.379,82,0.073,1.225,0.648,0.138,0.084,0.133,0.029,0.62,0.648,653,800,341,526,185
2015-16,Cut,22015,1610612750,MIN,Minnesota Timberwolves,Defensive,0.414,82,0.074,1.223,0.644,0.123,0.062,0.114,0.035,0.616,0.644,659,806,360,559,199
2015-16,Cut,22015,1610612743,DEN,Denver Nuggets,Defensive,0.207,82,0.073,1.255,0.645,0.142,0.062,0.136,0.039,0.635,0.645,646,811,347,538,191
2015-16,Cut,22015,1610612744,GSW,Golden State Warriors,Defensive,0.586,82,0.074,1.194,0.609,0.169,0.07,0.168,0.039,0.603,0.609,686,819,334,548,214
2015-16,Cut,22015,1610612741,CHI,Chicago Bulls,Defensive,0.621,82,0.076,1.191,0.6,0.158,0.062,0.151,0.042,0.599,0.6,690,822,340,567,227
2015-16,Cut,22015,1610612737,ATL,Atlanta Hawks,Defensive,0.759,82,0.077,1.172,0.606,0.192,0.082,0.179,0.045,0.598,0.606,704,825,329,543,214
2015-16,Cut,22015,1610612755,PHI,Philadelphia 76ers,Defensive,0.517,82,0.076,1.201,0.607,0.168,0.074,0.162,0.043,0.606,0.607,690,829,335,552,217
2015-16,Cut,22015,1610612746,LAC,LA Clippers,Defensive,1,82,0.082,1.118,0.586,0.152,0.089,0.14,0.023,0.572,0.586,745,833,341,582,241
2015-16,Cut,22015,1610612763,MEM,Memphis Grizzlies,Defensive,0.276,82,0.079,1.236,0.634,0.178,0.074,0.162,0.041,0.628,0.634,678,838,338,533,195
2015-16,Cut,22015,1610612764,WAS,Washington Wizards,Defensive,0.448,82,0.077,1.213,0.633,0.167,0.081,0.157,0.036,0.614,0.633,695,843,346,547,201
2015-16,Cut,22015,1610612756,PHX,Phoenix Suns,Defensive,0.241,82,0.075,1.249,0.627,0.201,0.053,0.186,0.041,0.634,0.627,678,847,335,534,199
2015-16,Cut,22015,1610612740,NOP,New Orleans Pelicans,Defensive,0,82,0.073,1.317,0.68,0.166,0.071,0.157,0.037,0.658,0.68,644,848,350,515,165
2015-16,Cut,22015,1610612766,CHA,Charlotte Hornets,Defensive,0.103,82,0.077,1.279,0.644,0.159,0.045,0.152,0.034,0.654,0.644,673,861,360,559,199
2015-16,Cut,22015,1610612758,SAC,Sacramento Kings,Defensive,0.931,82,0.081,1.157,0.597,0.132,0.068,0.125,0.029,0.591,0.597,751,869,371,621,250
2015-16,Cut,22015,1610612761,TOR,Toronto Raptors,Defensive,0.828,82,0.088,1.165,0.599,0.157,0.061,0.156,0.043,0.593,0.599,751,875,369,616,247
2015-16,Cut,22015,1610612751,BKN,Brooklyn Nets,Defensive,0.034,82,0.078,1.294,0.656,0.125,0.052,0.119,0.041,0.645,0.656,687,889,389,593,204
2015-16,Cut,22015,1610612747,LAL,Los Angeles Lakers,Defensive,0.138,82,0.084,1.267,0.643,0.169,0.047,0.167,0.034,0.645,0.643,744,943,389,605,216
2015-16,Cut,22015,1610612753,ORL,Orlando Magic,Defensive,0.345,82,0.09,1.226,0.628,0.168,0.059,0.158,0.036,0.623,0.628,798,978,405,645,240
2015-16,Cut,22015,1610612749,MIL,Milwaukee Bucks,Defensive,0.552,82,0.093,1.196,0.611,0.145,0.064,0.134,0.038,0.609,0.611,826,988,418,684,266
2015-16,Cut,22015,1610612745,HOU,Houston Rockets,Defensive,0.31,82,0.089,1.233,0.628,0.138,0.058,0.135,0.031,0.627,0.628,812,1001,426,678,252
2015-16,OffScreen,22015,1610612744,GSW,Golden State Warriors,Defensive,0.966,82,0.046,0.845,0.348,0.08,0.054,0.073,0.007,0.376,0.406,425,359,129,371,242
2015-16,OffScreen,22015,1610612761,TOR,Toronto Raptors,Defensive,0.931,82,0.052,0.849,0.388,0.04,0.086,0.032,0.011,0.372,0.449,444,377,153,394,241
2015-16,OffScreen,22015,1610612764,WAS,Washington Wizards,Defensive,0.724,82,0.049,0.918,0.395,0.06,0.073,0.05,0.005,0.396,0.466,437,401,151,382,231
2015-16,OffScreen,22015,1610612759,SAS,San Antonio Spurs,Defensive,0.828,82,0.053,0.886,0.401,0.07,0.092,0.064,0.013,0.393,0.463,456,404,156,389,233
2015-16,OffScreen,22015,1610612753,ORL,Orlando Magic,Defensive,0.793,82,0.051,0.888,0.403,0.07,0.105,0.061,0.015,0.395,0.462,456,405,154,382,228
2015-16,OffScreen,22015,1610612741,CHI,Chicago Bulls,Defensive,0.862,82,0.053,0.856,0.371,0.06,0.073,0.063,0.025,0.367,0.437,479,410,158,426,268
2015-16,OffScreen,22015,1610612738,BOS,Boston Celtics,Defensive,0.69,82,0.049,0.925,0.398,0.07,0.084,0.057,0.009,0.397,0.479,453,419,155,389,234
2015-16,OffScreen,22015,1610612745,HOU,Houston Rockets,Defensive,0.276,82,0.047,0.977,0.402,0.06,0.076,0.048,0.002,0.406,0.499,433,423,149,371,222
2015-16,OffScreen,22015,1610612739,CLE,Cleveland Cavaliers,Defensive,0.241,82,0.051,0.984,0.422,0.07,0.085,0.064,0.009,0.421,0.503,437,430,158,374,216
2015-16,OffScreen,22015,1610612742,DAL,Dallas Mavericks,Defensive,0.103,82,0.047,1.036,0.437,0.06,0.057,0.057,0.014,0.435,0.524,418,433,164,375,211
2015-16,OffScreen,22015,1610612762,UTA,Utah Jazz,Defensive,0.655,82,0.055,0.925,0.402,0.06,0.081,0.047,0.009,0.393,0.485,468,433,164,408,244
2015-16,OffScreen,22015,1610612749,MIL,Milwaukee Bucks,Defensive,0.345,82,0.051,0.96,0.425,0.07,0.112,0.064,0.013,0.412,0.512,454,436,159,374,215
2015-16,OffScreen,22015,1610612737,ATL,Atlanta Hawks,Defensive,0.897,82,0.056,0.852,0.357,0.06,0.07,0.054,0.018,0.356,0.43,514,438,163,457,294
2015-16,OffScreen,22015,1610612746,LAC,LA Clippers,Defensive,0.517,82,0.052,0.941,0.398,0.08,0.059,0.065,0.011,0.411,0.476,474,446,165,415,250
2015-16,OffScreen,22015,1610612740,NOP,New Orleans Pelicans,Defensive,0.379,82,0.053,0.957,0.403,0.06,0.057,0.055,0.011,0.411,0.479,470,450,169,419,250
2015-16,OffScreen,22015,1610612754,IND,Indiana Pacers,Defensive,1,82,0.061,0.835,0.37,0.06,0.093,0.051,0.002,0.369,0.437,550,459,173,468,295
2015-16,OffScreen,22015,1610612760,OKC,Oklahoma City Thunder,Defensive,0.759,82,0.058,0.894,0.389,0.06,0.059,0.055,0.013,0.395,0.451,527,471,183,470,287
2015-16,OffScreen,22015,1610612757,POR,Portland Trail Blazers,Defensive,0.483,82,0.057,0.942,0.402,0.06,0.054,0.054,0.002,0.412,0.48,502,473,179,445,266
2015-16,OffScreen,22015,1610612758,SAC,Sacramento Kings,Defensive,0.172,82,0.053,0.992,0.429,0.06,0.1,0.053,0.014,0.408,0.523,490,486,180,420,240
2015-16,OffScreen,22015,1610612763,MEM,Memphis Grizzlies,Defensive,0.034,82,0.054,1.052,0.438,0.08,0.073,0.067,0.017,0.437,0.539,465,489,176,402,226
2015-16,OffScreen,22015,1610612765,DET,Detroit Pistons,Defensive,0.586,82,0.06,0.933,0.412,0.07,0.08,0.067,0.019,0.408,0.475,524,489,187,454,267
2015-16,OffScreen,22015,1610612748,MIA,Miami Heat,Defensive,0.621,82,0.061,0.928,0.388,0.07,0.051,0.07,0.017,0.395,0.465,531,493,184,474,290
2015-16,OffScreen,22015,1610612747,LAL,Los Angeles Lakers,Defensive,0.448,82,0.059,0.952,0.405,0.06,0.054,0.065,0.017,0.403,0.487,523,498,190,469,279
2015-16,OffScreen,22015,1610612755,PHI,Philadelphia 76ers,Defensive,0.31,82,0.056,0.975,0.432,0.06,0.074,0.052,0.01,0.429,0.498,515,502,195,451,256
2015-16,OffScreen,22015,1610612756,PHX,Phoenix Suns,Defensive,0,82,0.052,1.072,0.464,0.06,0.066,0.058,0.013,0.456,0.559,469,503,192,414,222
2015-16,OffScreen,22015,1610612743,DEN,Denver Nuggets,Defensive,0.552,82,0.061,0.94,0.418,0.05,0.086,0.041,0.007,0.404,0.499,535,503,195,466,271
2015-16,OffScreen,22015,1610612750,MIN,Minnesota Timberwolves,Defensive,0.069,82,0.055,1.036,0.446,0.04,0.057,0.036,0.006,0.437,0.538,494,512,201,451,250
2015-16,OffScreen,22015,1610612751,BKN,Brooklyn Nets,Defensive,0.414,82,0.062,0.954,0.423,0.07,0.094,0.067,0.011,0.41,0.508,541,516,194,459,265
2015-16,OffScreen,22015,1610612766,CHA,Charlotte Hornets,Defensive,0.207,82,0.061,0.985,0.43,0.06,0.066,0.055,0.009,0.429,0.501,532,524,202,470,268
2015-16,OffScreen,22015,1610612752,NYK,New York Knicks,Defensive,0.138,82,0.06,1.006,0.435,0.06,0.063,0.055,0.01,0.436,0.511,523,526,202,464,262
2015-16,OffRebound,22015,1610612759,SAS,San Antonio Spurs,Defensive,1,82,0.051,0.946,0.479,0.116,0.075,0.104,0.011,0.483,0.483,441,417,173,361,188
2015-16,OffRebound,22015,1610612761,TOR,Toronto Raptors,Defensive,0.931,82,0.051,0.991,0.501,0.138,0.064,0.131,0.028,0.506,0.506,435,431,180,359,179
2015-16,OffRebound,22015,1610612762,UTA,Utah Jazz,Defensive,0.586,82,0.05,1.059,0.529,0.129,0.059,0.118,0.033,0.529,0.535,425,450,190,359,169
2015-16,OffRebound,22015,1610612740,NOP,New Orleans Pelicans,Defensive,0.345,82,0.047,1.084,0.552,0.151,0.07,0.127,0.038,0.553,0.552,416,451,187,339,152
2015-16,OffRebound,22015,1610612763,MEM,Memphis Grizzlies,Defensive,0.966,82,0.054,0.968,0.488,0.127,0.069,0.107,0.017,0.496,0.492,466,451,187,383,196
2015-16,OffRebound,22015,1610612766,CHA,Charlotte Hornets,Defensive,0.103,82,0.047,1.115,0.552,0.141,0.051,0.117,0.032,0.561,0.561,410,457,190,344,154
2015-16,OffRebound,22015,1610612739,CLE,Cleveland Cavaliers,Defensive,0.241,82,0.049,1.092,0.567,0.127,0.073,0.104,0.033,0.557,0.575,424,463,200,353,153
2015-16,OffRebound,22015,1610612765,DET,Detroit Pistons,Defensive,0.414,82,0.05,1.074,0.561,0.09,0.062,0.074,0.005,0.547,0.563,433,465,206,367,161
2015-16,OffRebound,22015,1610612756,PHX,Phoenix Suns,Defensive,0.276,82,0.048,1.088,0.553,0.118,0.067,0.104,0.025,0.552,0.556,433,471,202,365,163
2015-16,OffRebound,22015,1610612743,DEN,Denver Nuggets,Defensive,0.448,82,0.051,1.069,0.537,0.156,0.071,0.118,0.022,0.55,0.546,449,480,191,356,165
2015-16,OffRebound,22015,1610612748,MIA,Miami Heat,Defensive,0.069,82,0.049,1.121,0.57,0.128,0.065,0.11,0.028,0.566,0.574,429,481,204,358,154
2015-16,OffRebound,22015,1610612764,WAS,Washington Wizards,Defensive,0.138,82,0.049,1.112,0.555,0.158,0.05,0.137,0.037,0.564,0.558,438,487,201,362,161
2015-16,OffRebound,22015,1610612753,ORL,Orlando Magic,Defensive,0.379,82,0.052,1.082,0.544,0.13,0.048,0.114,0.017,0.559,0.548,463,501,211,388,177
2015-16,OffRebound,22015,1610612751,BKN,Brooklyn Nets,Defensive,0.828,82,0.056,1.032,0.519,0.109,0.053,0.089,0.016,0.528,0.519,494,510,219,422,203
2015-16,OffRebound,22015,1610612757,POR,Portland Trail Blazers,Defensive,0.862,82,0.056,1.03,0.527,0.139,0.059,0.133,0.034,0.521,0.533,495,510,217,412,195
2015-16,OffRebound,22015,1610612742,DAL,Dallas Mavericks,Defensive,0.483,82,0.054,1.069,0.539,0.146,0.05,0.127,0.027,0.556,0.539,480,513,214,397,183
2015-16,OffRebound,22015,1610612754,IND,Indiana Pacers,Defensive,0.552,82,0.056,1.065,0.538,0.133,0.059,0.127,0.022,0.543,0.544,510,543,227,422,195
2015-16,OffRebound,22015,1610612752,NYK,New York Knicks,Defensive,0.759,82,0.06,1.04,0.515,0.142,0.059,0.126,0.023,0.531,0.516,522,543,221,429,208
2015-16,OffRebound,22015,1610612741,CHI,Chicago Bulls,Defensive,0.724,82,0.059,1.041,0.509,0.142,0.026,0.124,0.024,0.528,0.512,534,556,232,456,224
2015-16,OffRebound,22015,1610612744,GSW,Golden State Warriors,Defensive,0.897,82,0.059,1.024,0.504,0.121,0.053,0.106,0.022,0.517,0.508,545,558,233,462,229
2015-16,OffRebound,22015,1610612737,ATL,Atlanta Hawks,Defensive,0.793,82,0.059,1.035,0.532,0.13,0.072,0.12,0.017,0.535,0.537,540,559,233,438,205
2015-16,OffRebound,22015,1610612758,SAC,Sacramento Kings,Defensive,0.621,82,0.058,1.05,0.535,0.127,0.067,0.115,0.02,0.54,0.54,537,564,237,443,206
2015-16,OffRebound,22015,1610612755,PHI,Philadelphia 76ers,Defensive,0.172,82,0.056,1.101,0.55,0.15,0.076,0.124,0.029,0.555,0.557,515,567,227,413,186
2015-16,OffRebound,22015,1610612760,OKC,Oklahoma City Thunder,Defensive,0.655,82,0.06,1.048,0.526,0.112,0.048,0.099,0.024,0.528,0.53,544,570,246,468,222
2015-16,OffRebound,22015,1610612738,BOS,Boston Celtics,Defensive,0.207,82,0.057,1.095,0.546,0.13,0.044,0.118,0.021,0.554,0.547,525,575,242,443,201
2015-16,OffRebound,22015,1610612750,MIN,Minnesota Timberwolves,Defensive,0.034,82,0.057,1.127,0.585,0.123,0.068,0.106,0.018,0.577,0.588,511,576,245,419,174
2015-16,OffRebound,22015,1610612749,MIL,Milwaukee Bucks,Defensive,0.517,82,0.061,1.067,0.539,0.12,0.059,0.115,0.026,0.537,0.541,540,576,246,456,210
2015-16,OffRebound,22015,1610612746,LAC,LA Clippers,Defensive,0.31,82,0.059,1.084,0.57,0.109,0.069,0.097,0.013,0.558,0.573,534,579,254,446,192
2015-16,OffRebound,22015,1610612747,LAL,Los Angeles Lakers,Defensive,0,82,0.057,1.17,0.606,0.135,0.053,0.127,0.03,0.6,0.611,505,591,257,424,167
2015-16,OffRebound,22015,1610612745,HOU,Houston Rockets,Defensive,0.69,82,0.063,1.045,0.528,0.104,0.064,0.093,0.014,0.528,0.531,578,604,258,489,231
2015-16,Misc,22015,1610612744,GSW,Golden State Warriors,Defensive,0.931,82,0.049,0.427,0.328,0.178,0.54,0.042,0.007,0.242,0.34,454,194,43,131,88
2015-16,Misc,22015,1610612759,SAS,San Antonio Spurs,Defensive,0.966,82,0.06,0.42,0.325,0.168,0.596,0.029,0.004,0.225,0.35,512,215,40,123,83
2015-16,Misc,22015,1610612766,CHA,Charlotte Hornets,Defensive,0.828,82,0.054,0.492,0.339,0.195,0.569,0.032,0.006,0.252,0.391,476,234,39,115,76
2015-16,Misc,22015,1610612751,BKN,Brooklyn Nets,Defensive,0.793,82,0.055,0.492,0.393,0.202,0.567,0.023,0.002,0.273,0.42,480,236,44,112,68
2015-16,Misc,22015,1610612741,CHI,Chicago Bulls,Defensive,0.172,82,0.046,0.585,0.4,0.257,0.499,0.029,0.007,0.324,0.429,417,244,42,105,63
2015-16,Misc,22015,1610612754,IND,Indiana Pacers,Defensive,0.897,82,0.061,0.45,0.321,0.204,0.555,0.029,0.007,0.259,0.328,555,250,44,137,93
2015-16,Misc,22015,1610612753,ORL,Orlando Magic,Defensive,0.862,82,0.059,0.489,0.349,0.208,0.559,0.031,0.008,0.273,0.369,524,256,44,126,82
2015-16,Misc,22015,1610612737,ATL,Atlanta Hawks,Defensive,1,82,0.069,0.414,0.291,0.195,0.573,0.016,0.005,0.241,0.314,626,259,43,148,105
2015-16,Misc,22015,1610612748,MIA,Miami Heat,Defensive,0.414,82,0.054,0.558,0.411,0.22,0.513,0.028,0.009,0.301,0.442,468,261,53,129,76
2015-16,Misc,22015,1610612752,NYK,New York Knicks,Defensive,0.276,82,0.053,0.575,0.304,0.278,0.503,0.024,0.002,0.33,0.324,461,265,31,102,71
2015-16,Misc,22015,1610612765,DET,Detroit Pistons,Defensive,0.138,82,0.052,0.587,0.475,0.218,0.527,0.031,0.009,0.319,0.513,455,267,57,120,63
2015-16,Misc,22015,1610612749,MIL,Milwaukee Bucks,Defensive,0.69,82,0.059,0.528,0.299,0.226,0.512,0.021,0.002,0.29,0.332,521,275,41,137,96
2015-16,Misc,22015,1610612747,LAL,Los Angeles Lakers,Defensive,0.103,82,0.055,0.596,0.395,0.267,0.51,0.027,0.01,0.331,0.43,490,292,45,114,69
2015-16,Misc,22015,1610612760,OKC,Oklahoma City Thunder,Defensive,0.586,82,0.06,0.535,0.341,0.234,0.526,0.024,0.005,0.29,0.381,548,293,46,135,89
2015-16,Misc,22015,1610612762,UTA,Utah Jazz,Defensive,0.655,82,0.066,0.529,0.33,0.273,0.541,0.025,0.007,0.302,0.363,556,294,35,106,71
2015-16,Misc,22015,1610612742,DAL,Dallas Mavericks,Defensive,0.483,82,0.06,0.556,0.382,0.277,0.479,0.024,0.002,0.324,0.416,534,297,50,131,81
2015-16,Misc,22015,1610612757,POR,Portland Trail Blazers,Defensive,0.552,82,0.062,0.542,0.378,0.285,0.489,0.029,0.005,0.325,0.398,554,300,48,127,79
2015-16,Misc,22015,1610612758,SAC,Sacramento Kings,Defensive,0.621,82,0.062,0.53,0.353,0.221,0.549,0.033,0.003,0.287,0.391,574,304,47,133,86
2015-16,Misc,22015,1610612739,CLE,Cleveland Cavaliers,Defensive,0.379,82,0.064,0.565,0.364,0.259,0.506,0.031,0.002,0.316,0.395,545,308,47,129,82
2015-16,Misc,22015,1610612761,TOR,Toronto Raptors,Defensive,0,82,0.058,0.631,0.422,0.27,0.501,0.043,0.006,0.349,0.466,493,311,49,116,67
2015-16,Misc,22015,1610612743,DEN,Denver Nuggets,Defensive,0.241,82,0.061,0.581,0.38,0.258,0.482,0.026,0.004,0.336,0.415,542,315,54,142,88
2015-16,Misc,22015,1610612755,PHI,Philadelphia 76ers,Defensive,0.759,82,0.07,0.501,0.419,0.211,0.566,0.022,0.008,0.275,0.456,641,321,62,148,86
2015-16,Misc,22015,1610612764,WAS,Washington Wizards,Defensive,0.517,82,0.065,0.553,0.469,0.195,0.541,0.031,0.01,0.296,0.506,584,323,75,160,85
2015-16,Misc,22015,1610612763,MEM,Memphis Grizzlies,Defensive,0.724,82,0.072,0.523,0.341,0.237,0.557,0.027,0.003,0.288,0.368,619,324,44,129,85
2015-16,Misc,22015,1610612746,LAC,LA Clippers,Defensive,0.448,82,0.065,0.557,0.327,0.255,0.497,0.026,0.003,0.316,0.344,585,326,48,147,99
2015-16,Misc,22015,1610612740,NOP,New Orleans Pelicans,Defensive,0.069,82,0.063,0.599,0.38,0.23,0.49,0.02,0.005,0.327,0.427,553,331,60,158,98
2015-16,Misc,22015,1610612750,MIN,Minnesota Timberwolves,Defensive,0.207,82,0.067,0.581,0.444,0.229,0.542,0.017,0.007,0.312,0.493,602,350,63,142,79
2015-16,Misc,22015,1610612756,PHX,Phoenix Suns,Defensive,0.034,82,0.068,0.601,0.425,0.284,0.517,0.026,0.01,0.338,0.461,609,366,54,127,73
2015-16,Misc,22015,1610612745,HOU,Houston Rockets,Defensive,0.345,82,0.073,0.568,0.396,0.273,0.509,0.021,0.006,0.327,0.423,664,377,59,149,90
2015-16,Misc,22015,1610612738,BOS,Boston Celtics,Defensive,0.31,82,0.073,0.568,0.371,0.272,0.525,0.033,0.009,0.32,0.395,674,383,53,143,90
2016-17,Isolation,22016,1610612754,IND,Indiana Pacers,Defensive,0.931,82,0.06,0.801,0.358,0.132,0.101,0.119,0.017,0.389,0.381,537,430,150,419,269
2016-17,Isolation,22016,1610612748,MIA,Miami Heat,Defensive,0.793,82,0.06,0.834,0.388,0.11,0.095,0.102,0.019,0.403,0.41,529,441,167,430,263
2016-17,Isolation,22016,1610612758,SAC,Sacramento Kings,Defensive,0.759,82,0.064,0.838,0.388,0.126,0.103,0.123,0.028,0.4,0.413,562,471,174,448,274
2016-17,Isolation,22016,1610612766,CHA,Charlotte Hornets,Defensive,0.31,82,0.06,0.917,0.411,0.099,0.053,0.095,0.019,0.431,0.445,527,483,188,457,269
2016-17,Isolation,22016,1610612761,TOR,Toronto Raptors,Defensive,0.69,82,0.065,0.852,0.373,0.148,0.102,0.135,0.026,0.409,0.402,569,485,165,442,277
2016-17,Isolation,22016,1610612750,MIN,Minnesota Timberwolves,Defensive,0.966,82,0.071,0.796,0.375,0.119,0.108,0.113,0.021,0.392,0.398,622,495,185,493,308
2016-17,Isolation,22016,1610612746,LAC,LA Clippers,Defensive,1,82,0.073,0.78,0.368,0.114,0.108,0.108,0.017,0.384,0.387,641,500,187,508,321
2016-17,Isolation,22016,1610612763,MEM,Memphis Grizzlies,Defensive,0.828,82,0.073,0.826,0.378,0.136,0.099,0.132,0.029,0.404,0.405,619,511,185,490,305
2016-17,Isolation,22016,1610612737,ATL,Atlanta Hawks,Defensive,0.552,82,0.066,0.874,0.407,0.099,0.099,0.097,0.015,0.41,0.444,597,522,198,487,289
2016-17,Isolation,22016,1610612752,NYK,New York Knicks,Defensive,0.345,82,0.064,0.911,0.421,0.105,0.082,0.098,0.026,0.43,0.452,582,530,205,487,282
2016-17,Isolation,22016,1610612765,DET,Detroit Pistons,Defensive,0.138,82,0.067,0.934,0.442,0.117,0.078,0.108,0.026,0.452,0.463,575,537,211,477,266
2016-17,Isolation,22016,1610612759,SAS,San Antonio Spurs,Defensive,0.897,82,0.08,0.807,0.399,0.104,0.134,0.096,0.026,0.39,0.416,700,565,220,551,331
2016-17,Isolation,22016,1610612742,DAL,Dallas Mavericks,Defensive,0.586,82,0.079,0.856,0.405,0.129,0.142,0.112,0.027,0.405,0.438,667,571,204,504,300
2016-17,Isolation,22016,1610612740,NOP,New Orleans Pelicans,Defensive,0.621,82,0.073,0.855,0.394,0.106,0.1,0.102,0.024,0.401,0.428,668,571,215,545,330
2016-17,Isolation,22016,1610612739,CLE,Cleveland Cavaliers,Defensive,0.862,82,0.08,0.822,0.374,0.091,0.063,0.091,0.015,0.39,0.4,713,586,229,613,384
2016-17,Isolation,22016,1610612741,CHI,Chicago Bulls,Defensive,0.655,82,0.079,0.853,0.401,0.099,0.092,0.093,0.029,0.401,0.428,699,596,235,586,351
2016-17,Isolation,22016,1610612753,ORL,Orlando Magic,Defensive,0.103,82,0.072,0.937,0.419,0.147,0.08,0.139,0.036,0.44,0.45,638,598,216,515,299
2016-17,Isolation,22016,1610612749,MIL,Milwaukee Bucks,Defensive,0.207,82,0.075,0.93,0.426,0.139,0.088,0.134,0.032,0.444,0.458,657,611,224,526,302
2016-17,Isolation,22016,1610612751,BKN,Brooklyn Nets,Defensive,0.241,82,0.071,0.926,0.431,0.122,0.09,0.116,0.021,0.446,0.459,663,614,231,536,305
2016-17,Isolation,22016,1610612757,POR,Portland Trail Blazers,Defensive,0.448,82,0.078,0.892,0.404,0.135,0.078,0.13,0.026,0.434,0.434,702,626,230,569,339
2016-17,Isolation,22016,1610612738,BOS,Boston Celtics,Defensive,0.276,82,0.076,0.922,0.42,0.124,0.085,0.113,0.019,0.444,0.447,683,630,232,552,320
2016-17,Isolation,22016,1610612747,LAL,Los Angeles Lakers,Defensive,0.034,82,0.072,0.965,0.425,0.139,0.069,0.124,0.029,0.457,0.455,654,631,228,537,309
2016-17,Isolation,22016,1610612764,WAS,Washington Wizards,Defensive,0.414,82,0.078,0.902,0.425,0.098,0.088,0.091,0.024,0.426,0.454,705,636,251,591,340
2016-17,Isolation,22016,1610612762,UTA,Utah Jazz,Defensive,0.517,82,0.087,0.876,0.391,0.14,0.074,0.133,0.027,0.426,0.412,728,638,231,591,360
2016-17,Isolation,22016,1610612756,PHX,Phoenix Suns,Defensive,0.379,82,0.077,0.903,0.403,0.158,0.105,0.14,0.029,0.433,0.429,713,644,220,546,326
2016-17,Isolation,22016,1610612743,DEN,Denver Nuggets,Defensive,0.172,82,0.08,0.931,0.424,0.106,0.074,0.097,0.024,0.438,0.456,715,666,255,602,347
2016-17,Isolation,22016,1610612755,PHI,Philadelphia 76ers,Defensive,0,82,0.077,0.996,0.468,0.13,0.098,0.116,0.03,0.473,0.497,706,703,265,566,301
2016-17,Isolation,22016,1610612744,GSW,Golden State Warriors,Defensive,0.724,82,0.09,0.843,0.384,0.122,0.114,0.11,0.023,0.399,0.414,835,704,252,657,405
2016-17,Isolation,22016,1610612760,OKC,Oklahoma City Thunder,Defensive,0.483,82,0.092,0.877,0.394,0.121,0.073,0.113,0.028,0.417,0.421,824,723,270,686,416
2016-17,Isolation,22016,1610612745,HOU,Houston Rockets,Defensive,0.069,82,0.087,0.955,0.428,0.13,0.084,0.116,0.026,0.449,0.464,800,764,278,649,371
2016-17,Transition,22016,1610612765,DET,Detroit Pistons,Defensive,0.345,82,0.116,1.128,0.552,0.133,0.13,0.127,0.024,0.517,0.626,989,1116,413,748,335
2016-17,Transition,22016,1610612762,UTA,Utah Jazz,Defensive,0.483,82,0.125,1.114,0.542,0.146,0.117,0.12,0.029,0.523,0.597,1051,1171,435,803,368
2016-17,Transition,22016,1610612742,DAL,Dallas Mavericks,Defensive,0.517,82,0.126,1.106,0.554,0.137,0.157,0.125,0.026,0.51,0.626,1067,1180,432,780,348
2016-17,Transition,22016,1610612760,OKC,Oklahoma City Thunder,Defensive,0.862,82,0.128,1.042,0.484,0.144,0.098,0.134,0.029,0.483,0.542,1142,1190,434,897,463
2016-17,Transition,22016,1610612754,IND,Indiana Pacers,Defensive,0.793,82,0.128,1.051,0.527,0.125,0.167,0.119,0.03,0.473,0.594,1139,1197,442,839,397
2016-17,Transition,22016,1610612749,MIL,Milwaukee Bucks,Defensive,0.172,82,0.12,1.145,0.539,0.165,0.104,0.154,0.04,0.531,0.598,1056,1209,438,812,374
2016-17,Transition,22016,1610612766,CHA,Charlotte Hornets,Defensive,0.621,82,0.128,1.089,0.514,0.106,0.104,0.103,0.026,0.492,0.577,1111,1210,465,905,440
2016-17,Transition,22016,1610612759,SAS,San Antonio Spurs,Defensive,0.828,82,0.135,1.044,0.503,0.12,0.118,0.111,0.02,0.488,0.555,1173,1225,461,916,455
2016-17,Transition,22016,1610612748,MIA,Miami Heat,Defensive,0.966,82,0.141,1.028,0.486,0.132,0.137,0.121,0.023,0.471,0.553,1243,1278,454,935,481
2016-17,Transition,22016,1610612740,NOP,New Orleans Pelicans,Defensive,0.552,82,0.128,1.102,0.541,0.103,0.135,0.091,0.021,0.5,0.618,1165,1284,493,912,419
2016-17,Transition,22016,1610612753,ORL,Orlando Magic,Defensive,0.276,82,0.129,1.13,0.523,0.141,0.105,0.125,0.028,0.517,0.591,1148,1297,470,898,428
2016-17,Transition,22016,1610612757,POR,Portland Trail Blazers,Defensive,0.414,82,0.13,1.12,0.52,0.157,0.113,0.15,0.029,0.512,0.589,1169,1309,460,885,425
2016-17,Transition,22016,1610612737,ATL,Atlanta Hawks,Defensive,0.931,82,0.14,1.041,0.503,0.12,0.132,0.114,0.026,0.474,0.567,1271,1323,494,983,489
2016-17,Transition,22016,1610612763,MEM,Memphis Grizzlies,Defensive,0.379,82,0.139,1.127,0.547,0.156,0.134,0.139,0.037,0.52,0.617,1185,1335,483,883,400
2016-17,Transition,22016,1610612738,BOS,Boston Celtics,Defensive,0.724,82,0.138,1.073,0.521,0.136,0.139,0.121,0.029,0.494,0.588,1246,1337,489,939,450
2016-17,Transition,22016,1610612764,WAS,Washington Wizards,Defensive,1,82,0.146,1.024,0.493,0.158,0.141,0.147,0.029,0.479,0.551,1311,1343,471,955,484
2016-17,Transition,22016,1610612744,GSW,Golden State Warriors,Defensive,0.759,82,0.137,1.064,0.515,0.12,0.116,0.11,0.022,0.493,0.576,1278,1360,517,1004,487
2016-17,Transition,22016,1610612746,LAC,LA Clippers,Defensive,0.207,82,0.136,1.137,0.535,0.153,0.118,0.139,0.027,0.524,0.602,1205,1370,487,910,423
2016-17,Transition,22016,1610612751,BKN,Brooklyn Nets,Defensive,0.897,82,0.14,1.042,0.492,0.138,0.125,0.132,0.03,0.479,0.555,1316,1371,495,1007,512
2016-17,Transition,22016,1610612761,TOR,Toronto Raptors,Defensive,0.448,82,0.141,1.115,0.532,0.134,0.123,0.123,0.033,0.508,0.598,1239,1382,510,959,449
2016-17,Transition,22016,1610612741,CHI,Chicago Bulls,Defensive,0.655,82,0.146,1.089,0.546,0.121,0.13,0.117,0.03,0.509,0.598,1285,1399,544,996,452
2016-17,Transition,22016,1610612743,DEN,Denver Nuggets,Defensive,0.31,82,0.143,1.129,0.536,0.128,0.106,0.112,0.023,0.524,0.599,1278,1443,541,1009,468
2016-17,Transition,22016,1610612755,PHI,Philadelphia 76ers,Defensive,0.69,82,0.149,1.079,0.536,0.153,0.152,0.144,0.027,0.507,0.602,1362,1470,526,981,455
2016-17,Transition,22016,1610612752,NYK,New York Knicks,Defensive,0.586,82,0.151,1.092,0.523,0.141,0.117,0.128,0.022,0.512,0.585,1362,1487,544,1040,496
2016-17,Transition,22016,1610612745,HOU,Houston Rockets,Defensive,0.241,82,0.147,1.132,0.576,0.119,0.135,0.113,0.028,0.53,0.631,1360,1540,604,1049,445
2016-17,Transition,22016,1610612739,CLE,Cleveland Cavaliers,Defensive,0,82,0.147,1.175,0.563,0.121,0.114,0.118,0.024,0.537,0.632,1319,1550,585,1039,454
2016-17,Transition,22016,1610612758,SAC,Sacramento Kings,Defensive,0.103,82,0.153,1.158,0.557,0.141,0.125,0.131,0.025,0.529,0.632,1341,1553,565,1014,449
2016-17,Transition,22016,1610612750,MIN,Minnesota Timberwolves,Defensive,0.034,82,0.153,1.172,0.567,0.116,0.116,0.112,0.026,0.535,0.636,1341,1572,603,1064,461
2016-17,Transition,22016,1610612756,PHX,Phoenix Suns,Defensive,0.138,82,0.149,1.154,0.56,0.159,0.136,0.141,0.041,0.523,0.636,1380,1592,575,1027,452
2016-17,Transition,22016,1610612747,LAL,Los Angeles Lakers,Defensive,0.069,82,0.153,1.165,0.586,0.121,0.141,0.114,0.03,0.533,0.652,1378,1606,619,1057,438
2016-17,PRBallHandler,22016,1610612749,MIL,Milwaukee Bucks,Defensive,0.931,82,0.141,0.804,0.444,0.095,0.23,0.076,0.018,0.378,0.481,1237,995,380,856,476
2016-17,PRBallHandler,22016,1610612745,HOU,Houston Rockets,Defensive,1,82,0.141,0.783,0.385,0.098,0.183,0.085,0.019,0.36,0.429,1307,1024,371,964,593
2016-17,PRBallHandler,22016,1610612760,OKC,Oklahoma City Thunder,Defensive,0.759,82,0.145,0.83,0.446,0.103,0.203,0.094,0.02,0.396,0.475,1293,1073,412,923,511
2016-17,PRBallHandler,22016,1610612761,TOR,Toronto Raptors,Defensive,0.31,82,0.153,0.863,0.436,0.124,0.184,0.109,0.019,0.409,0.474,1346,1161,417,957,540
2016-17,PRBallHandler,22016,1610612741,CHI,Chicago Bulls,Defensive,0.897,82,0.166,0.805,0.416,0.083,0.163,0.077,0.021,0.382,0.445,1464,1179,471,1132,661
2016-17,PRBallHandler,22016,1610612747,LAL,Los Angeles Lakers,Defensive,0.655,82,0.156,0.842,0.428,0.104,0.166,0.095,0.023,0.4,0.46,1409,1186,452,1056,604
2016-17,PRBallHandler,22016,1610612766,CHA,Charlotte Hornets,Defensive,0.69,82,0.163,0.841,0.44,0.094,0.197,0.086,0.019,0.392,0.481,1424,1197,455,1035,580
2016-17,PRBallHandler,22016,1610612758,SAC,Sacramento Kings,Defensive,0.586,82,0.163,0.851,0.415,0.111,0.181,0.096,0.02,0.389,0.467,1428,1215,431,1038,607
2016-17,PRBallHandler,22016,1610612740,NOP,New Orleans Pelicans,Defensive,0.448,82,0.157,0.857,0.421,0.099,0.171,0.09,0.015,0.393,0.462,1429,1224,447,1063,616
2016-17,PRBallHandler,22016,1610612763,MEM,Memphis Grizzlies,Defensive,0.276,82,0.167,0.864,0.419,0.124,0.177,0.1,0.013,0.404,0.467,1423,1230,425,1015,590
2016-17,PRBallHandler,22016,1610612753,ORL,Orlando Magic,Defensive,0.862,82,0.174,0.808,0.416,0.089,0.168,0.085,0.015,0.385,0.443,1544,1248,486,1167,681
2016-17,PRBallHandler,22016,1610612746,LAC,LA Clippers,Defensive,0.966,82,0.182,0.795,0.377,0.103,0.148,0.091,0.017,0.372,0.414,1609,1279,464,1232,768
2016-17,PRBallHandler,22016,1610612750,MIN,Minnesota Timberwolves,Defensive,0.345,82,0.17,0.861,0.429,0.116,0.168,0.108,0.021,0.404,0.464,1487,1280,468,1092,624
2016-17,PRBallHandler,22016,1610612744,GSW,Golden State Warriors,Defensive,0.828,82,0.17,0.811,0.405,0.1,0.177,0.096,0.018,0.377,0.443,1579,1281,472,1166,694
2016-17,PRBallHandler,22016,1610612742,DAL,Dallas Mavericks,Defensive,0.517,82,0.18,0.855,0.422,0.084,0.156,0.074,0.016,0.395,0.461,1523,1302,498,1181,683
2016-17,PRBallHandler,22016,1610612764,WAS,Washington Wizards,Defensive,0.724,82,0.173,0.838,0.427,0.109,0.19,0.095,0.023,0.392,0.469,1555,1303,481,1126,645
2016-17,PRBallHandler,22016,1610612765,DET,Detroit Pistons,Defensive,0.379,82,0.178,0.858,0.421,0.107,0.158,0.097,0.019,0.404,0.452,1523,1306,483,1147,664
2016-17,PRBallHandler,22016,1610612759,SAS,San Antonio Spurs,Defensive,0.793,82,0.183,0.828,0.413,0.087,0.152,0.077,0.018,0.389,0.441,1591,1318,511,1238,727
2016-17,PRBallHandler,22016,1610612754,IND,Indiana Pacers,Defensive,0.414,82,0.172,0.857,0.424,0.135,0.173,0.123,0.019,0.412,0.453,1539,1319,462,1089,627
2016-17,PRBallHandler,22016,1610612738,BOS,Boston Celtics,Defensive,0.483,82,0.172,0.856,0.423,0.12,0.159,0.103,0.022,0.406,0.454,1546,1323,484,1145,661
2016-17,PRBallHandler,22016,1610612752,NYK,New York Knicks,Defensive,0.621,82,0.177,0.849,0.409,0.1,0.134,0.091,0.018,0.401,0.446,1597,1356,511,1250,739
2016-17,PRBallHandler,22016,1610612739,CLE,Cleveland Cavaliers,Defensive,0.138,82,0.17,0.891,0.439,0.094,0.143,0.083,0.023,0.412,0.48,1525,1359,525,1197,672
2016-17,PRBallHandler,22016,1610612755,PHI,Philadelphia 76ers,Defensive,0.552,82,0.176,0.854,0.423,0.106,0.141,0.098,0.017,0.411,0.451,1609,1374,522,1235,713
2016-17,PRBallHandler,22016,1610612737,ATL,Atlanta Hawks,Defensive,0.069,82,0.17,0.897,0.445,0.096,0.161,0.089,0.019,0.413,0.487,1544,1385,522,1174,652
2016-17,PRBallHandler,22016,1610612762,UTA,Utah Jazz,Defensive,0.207,82,0.205,0.877,0.418,0.094,0.125,0.085,0.02,0.404,0.455,1717,1505,574,1373,799
2016-17,PRBallHandler,22016,1610612756,PHX,Phoenix Suns,Defensive,0.034,82,0.184,0.906,0.428,0.123,0.135,0.103,0.02,0.425,0.468,1708,1547,557,1301,744
2016-17,PRBallHandler,22016,1610612748,MIA,Miami Heat,Defensive,0.241,82,0.208,0.865,0.419,0.1,0.127,0.09,0.02,0.41,0.447,1826,1580,606,1447,841
2016-17,PRBallHandler,22016,1610612743,DEN,Denver Nuggets,Defensive,0.103,82,0.197,0.896,0.439,0.095,0.131,0.084,0.014,0.423,0.474,1765,1582,610,1391,781
2016-17,PRBallHandler,22016,1610612751,BKN,Brooklyn Nets,Defensive,0.172,82,0.195,0.882,0.418,0.095,0.109,0.088,0.015,0.416,0.453,1827,1612,618,1477,859
2016-17,PRBallHandler,22016,1610612757,POR,Portland Trail Blazers,Defensive,0,82,0.198,0.908,0.438,0.112,0.133,0.101,0.019,0.429,0.473,1781,1618,603,1376,773
2016-17,PRRollMan,22016,1610612763,MEM,Memphis Grizzlies,Defensive,0.966,82,0.061,0.971,0.468,0.132,0.106,0.124,0.023,0.458,0.516,517,502,190,406,216
2016-17,PRRollMan,22016,1610612744,GSW,Golden State Warriors,Defensive,0.759,82,0.056,1.006,0.507,0.116,0.1,0.108,0.031,0.486,0.532,518,521,214,422,208
2016-17,PRRollMan,22016,1610612746,LAC,LA Clippers,Defensive,0.931,82,0.06,0.992,0.461,0.125,0.063,0.127,0.025,0.471,0.498,526,522,202,438,236
2016-17,PRRollMan,22016,1610612749,MIL,Milwaukee Bucks,Defensive,0.586,82,0.062,1.019,0.495,0.12,0.1,0.115,0.022,0.491,0.535,540,550,214,432,218
2016-17,PRRollMan,22016,1610612756,PHX,Phoenix Suns,Defensive,0.241,82,0.056,1.075,0.496,0.147,0.084,0.132,0.034,0.501,0.543,523,562,208,419,211
2016-17,PRRollMan,22016,1610612742,DAL,Dallas Mavericks,Defensive,0.103,82,0.062,1.088,0.535,0.144,0.083,0.144,0.035,0.525,0.566,520,566,224,419,195
2016-17,PRRollMan,22016,1610612745,HOU,Houston Rockets,Defensive,0,82,0.052,1.185,0.567,0.123,0.063,0.11,0.029,0.567,0.601,480,569,230,406,176
2016-17,PRRollMan,22016,1610612761,TOR,Toronto Raptors,Defensive,0.379,82,0.062,1.055,0.501,0.109,0.07,0.109,0.028,0.503,0.536,541,571,230,459,229
2016-17,PRRollMan,22016,1610612738,BOS,Boston Celtics,Defensive,1,82,0.068,0.941,0.45,0.103,0.093,0.096,0.013,0.45,0.491,614,578,226,502,276
2016-17,PRRollMan,22016,1610612747,LAL,Los Angeles Lakers,Defensive,0.448,82,0.064,1.042,0.488,0.132,0.066,0.135,0.023,0.503,0.52,577,601,231,473,242
2016-17,PRRollMan,22016,1610612755,PHI,Philadelphia 76ers,Defensive,0.621,82,0.065,1.015,0.479,0.133,0.067,0.132,0.035,0.489,0.509,593,602,237,495,258
2016-17,PRRollMan,22016,1610612750,MIN,Minnesota Timberwolves,Defensive,0.897,82,0.07,0.995,0.466,0.109,0.075,0.106,0.019,0.468,0.512,616,613,240,515,275
2016-17,PRRollMan,22016,1610612740,NOP,New Orleans Pelicans,Defensive,0.724,82,0.067,1.01,0.475,0.1,0.067,0.1,0.025,0.478,0.511,609,615,248,522,274
2016-17,PRRollMan,22016,1610612757,POR,Portland Trail Blazers,Defensive,0.276,82,0.064,1.064,0.502,0.143,0.071,0.143,0.031,0.511,0.538,579,616,237,472,235
2016-17,PRRollMan,22016,1610612759,SAS,San Antonio Spurs,Defensive,0.414,82,0.068,1.052,0.507,0.111,0.071,0.108,0.025,0.503,0.54,595,626,254,501,247
2016-17,PRRollMan,22016,1610612741,CHI,Chicago Bulls,Defensive,0.483,82,0.069,1.036,0.481,0.078,0.05,0.076,0.02,0.486,0.522,605,627,260,540,280
2016-17,PRRollMan,22016,1610612758,SAC,Sacramento Kings,Defensive,0.034,82,0.065,1.113,0.524,0.132,0.062,0.118,0.03,0.53,0.563,568,632,249,475,226
2016-17,PRRollMan,22016,1610612739,CLE,Cleveland Cavaliers,Defensive,0.069,82,0.065,1.096,0.537,0.105,0.079,0.105,0.029,0.527,0.572,581,637,263,490,227
2016-17,PRRollMan,22016,1610612762,UTA,Utah Jazz,Defensive,0.69,82,0.075,1.011,0.462,0.106,0.043,0.101,0.028,0.476,0.502,632,639,257,556,299
2016-17,PRRollMan,22016,1610612752,NYK,New York Knicks,Defensive,0.793,82,0.071,1,0.46,0.124,0.053,0.113,0.019,0.481,0.497,646,646,250,543,293
2016-17,PRRollMan,22016,1610612751,BKN,Brooklyn Nets,Defensive,0.828,82,0.069,0.998,0.464,0.106,0.055,0.098,0.023,0.475,0.497,650,649,260,560,300
2016-17,PRRollMan,22016,1610612764,WAS,Washington Wizards,Defensive,0.172,82,0.067,1.076,0.532,0.136,0.093,0.132,0.033,0.519,0.571,605,651,259,487,228
2016-17,PRRollMan,22016,1610612737,ATL,Atlanta Hawks,Defensive,0.862,82,0.073,0.995,0.464,0.091,0.071,0.086,0.021,0.464,0.51,660,657,263,567,304
2016-17,PRRollMan,22016,1610612748,MIA,Miami Heat,Defensive,0.138,82,0.07,1.086,0.507,0.138,0.049,0.131,0.029,0.524,0.538,617,670,263,519,256
2016-17,PRRollMan,22016,1610612766,CHA,Charlotte Hornets,Defensive,0.31,82,0.073,1.062,0.52,0.089,0.092,0.089,0.022,0.495,0.573,632,671,276,531,255
2016-17,PRRollMan,22016,1610612753,ORL,Orlando Magic,Defensive,0.345,82,0.076,1.056,0.516,0.107,0.065,0.104,0.025,0.51,0.547,674,712,296,574,278
2016-17,PRRollMan,22016,1610612743,DEN,Denver Nuggets,Defensive,0.207,82,0.075,1.075,0.529,0.085,0.07,0.084,0.021,0.519,0.56,668,718,305,577,272
2016-17,PRRollMan,22016,1610612765,DET,Detroit Pistons,Defensive,0.655,82,0.085,1.014,0.481,0.102,0.073,0.098,0.024,0.474,0.522,723,733,295,613,318
2016-17,PRRollMan,22016,1610612760,OKC,Oklahoma City Thunder,Defensive,0.552,82,0.081,1.023,0.486,0.133,0.084,0.132,0.04,0.481,0.518,727,744,290,597,307
2016-17,PRRollMan,22016,1610612754,IND,Indiana Pacers,Defensive,0.517,82,0.083,1.028,0.498,0.113,0.085,0.114,0.028,0.487,0.538,745,766,307,616,309
2016-17,Postup,22016,1610612749,MIL,Milwaukee Bucks,Defensive,0.966,82,0.049,0.827,0.423,0.148,0.143,0.126,0.026,0.426,0.423,427,353,132,312,180
2016-17,Postup,22016,1610612750,MIN,Minnesota Timberwolves,Defensive,0.69,82,0.058,0.846,0.464,0.112,0.157,0.1,0.016,0.437,0.464,508,430,174,375,201
2016-17,Postup,22016,1610612737,ATL,Atlanta Hawks,Defensive,1,82,0.059,0.804,0.418,0.136,0.147,0.127,0.017,0.418,0.418,536,431,164,392,228
2016-17,Postup,22016,1610612741,CHI,Chicago Bulls,Defensive,0.517,82,0.057,0.879,0.447,0.119,0.099,0.101,0.022,0.449,0.447,503,442,180,403,223
2016-17,Postup,22016,1610612759,SAS,San Antonio Spurs,Defensive,0.793,82,0.061,0.841,0.427,0.156,0.15,0.131,0.028,0.429,0.427,527,443,162,379,217
2016-17,Postup,22016,1610612763,MEM,Memphis Grizzlies,Defensive,0.448,82,0.059,0.886,0.453,0.178,0.156,0.158,0.041,0.454,0.453,507,449,162,358,196
2016-17,Postup,22016,1610612765,DET,Detroit Pistons,Defensive,0.345,82,0.058,0.912,0.468,0.122,0.11,0.106,0.024,0.462,0.468,498,454,184,393,209
2016-17,Postup,22016,1610612761,TOR,Toronto Raptors,Defensive,0.759,82,0.062,0.842,0.433,0.136,0.126,0.114,0.026,0.427,0.433,546,460,180,416,236
2016-17,Postup,22016,1610612739,CLE,Cleveland Cavaliers,Defensive,0.621,82,0.062,0.861,0.438,0.13,0.12,0.116,0.021,0.434,0.438,560,482,189,432,243
2016-17,Postup,22016,1610612744,GSW,Golden State Warriors,Defensive,0.862,82,0.062,0.834,0.441,0.142,0.174,0.13,0.022,0.428,0.441,579,483,180,408,228
2016-17,Postup,22016,1610612762,UTA,Utah Jazz,Defensive,0.931,82,0.069,0.831,0.432,0.11,0.122,0.1,0.019,0.422,0.432,581,483,197,456,259
2016-17,Postup,22016,1610612766,CHA,Charlotte Hornets,Defensive,0.138,82,0.06,0.96,0.495,0.134,0.115,0.126,0.038,0.483,0.495,522,501,204,412,208
2016-17,Postup,22016,1610612752,NYK,New York Knicks,Defensive,0.034,82,0.057,0.975,0.493,0.184,0.122,0.153,0.035,0.497,0.493,515,502,185,375,190
2016-17,Postup,22016,1610612758,SAC,Sacramento Kings,Defensive,0.379,82,0.063,0.907,0.451,0.169,0.122,0.14,0.034,0.458,0.451,557,505,186,412,226
2016-17,Postup,22016,1610612738,BOS,Boston Celtics,Defensive,0.897,82,0.071,0.834,0.423,0.144,0.122,0.133,0.02,0.429,0.423,639,533,204,482,278
2016-17,Postup,22016,1610612756,PHX,Phoenix Suns,Defensive,0.172,82,0.061,0.951,0.507,0.171,0.161,0.145,0.046,0.481,0.507,566,538,205,404,199
2016-17,Postup,22016,1610612746,LAC,LA Clippers,Defensive,0.724,82,0.073,0.846,0.445,0.129,0.142,0.107,0.028,0.431,0.445,643,544,216,485,269
2016-17,Postup,22016,1610612753,ORL,Orlando Magic,Defensive,0.241,82,0.066,0.94,0.486,0.166,0.123,0.14,0.032,0.486,0.486,586,551,212,436,224
2016-17,Postup,22016,1610612751,BKN,Brooklyn Nets,Defensive,0.483,82,0.067,0.882,0.455,0.148,0.123,0.128,0.035,0.45,0.455,627,553,217,477,260
2016-17,Postup,22016,1610612747,LAL,Los Angeles Lakers,Defensive,0.552,82,0.072,0.877,0.452,0.159,0.131,0.14,0.035,0.449,0.452,648,568,218,482,264
2016-17,Postup,22016,1610612743,DEN,Denver Nuggets,Defensive,0.207,82,0.07,0.941,0.47,0.148,0.111,0.14,0.037,0.469,0.47,623,586,228,485,257
2016-17,Postup,22016,1610612764,WAS,Washington Wizards,Defensive,0.414,82,0.073,0.903,0.461,0.137,0.132,0.124,0.026,0.455,0.461,659,595,230,499,269
2016-17,Postup,22016,1610612760,OKC,Oklahoma City Thunder,Defensive,0.276,82,0.072,0.924,0.449,0.136,0.08,0.127,0.029,0.464,0.449,647,598,235,523,288
2016-17,Postup,22016,1610612754,IND,Indiana Pacers,Defensive,0,82,0.07,0.979,0.52,0.162,0.136,0.143,0.024,0.505,0.52,624,611,235,452,217
2016-17,Postup,22016,1610612748,MIA,Miami Heat,Defensive,0.103,82,0.073,0.961,0.486,0.121,0.081,0.106,0.026,0.487,0.486,643,618,257,529,272
2016-17,Postup,22016,1610612755,PHI,Philadelphia 76ers,Defensive,0.069,82,0.072,0.963,0.5,0.141,0.112,0.116,0.026,0.493,0.5,653,629,252,504,252
2016-17,Postup,22016,1610612742,DAL,Dallas Mavericks,Defensive,0.655,82,0.09,0.856,0.456,0.142,0.156,0.131,0.029,0.443,0.456,756,647,252,553,301
2016-17,Postup,22016,1610612740,NOP,New Orleans Pelicans,Defensive,0.828,82,0.086,0.836,0.428,0.122,0.119,0.109,0.019,0.426,0.428,781,653,260,607,347
2016-17,Postup,22016,1610612757,POR,Portland Trail Blazers,Defensive,0.31,82,0.083,0.913,0.469,0.165,0.126,0.156,0.039,0.467,0.469,745,680,260,554,294
2016-17,Postup,22016,1610612745,HOU,Houston Rockets,Defensive,0.586,82,0.094,0.866,0.459,0.132,0.147,0.114,0.03,0.44,0.459,871,754,300,653,353
2016-17,Spotup,22016,1610612748,MIA,Miami Heat,Defensive,0.897,82,0.155,0.946,0.375,0.056,0.052,0.05,0.014,0.378,0.48,1363,1290,463,1234,771
2016-17,Spotup,22016,1610612762,UTA,Utah Jazz,Defensive,0.241,82,0.164,1.028,0.404,0.057,0.052,0.053,0.012,0.406,0.523,1373,1412,501,1240,739
2016-17,Spotup,22016,1610612757,POR,Portland Trail Blazers,Defensive,0.483,82,0.172,1.005,0.391,0.054,0.059,0.051,0.011,0.39,0.515,1550,1558,544,1392,848
2016-17,Spotup,22016,1610612738,BOS,Boston Celtics,Defensive,0.931,82,0.186,0.934,0.361,0.049,0.046,0.049,0.009,0.369,0.47,1679,1568,554,1533,979
2016-17,Spotup,22016,1610612759,SAS,San Antonio Spurs,Defensive,0.862,82,0.19,0.95,0.379,0.039,0.054,0.035,0.004,0.378,0.491,1651,1569,569,1502,933
2016-17,Spotup,22016,1610612755,PHI,Philadelphia 76ers,Defensive,0.655,82,0.176,0.978,0.376,0.056,0.062,0.048,0.009,0.38,0.498,1608,1572,539,1433,894
2016-17,Spotup,22016,1610612764,WAS,Washington Wizards,Defensive,0.276,82,0.177,1.024,0.406,0.043,0.063,0.041,0.008,0.398,0.537,1594,1633,582,1435,853
2016-17,Spotup,22016,1610612741,CHI,Chicago Bulls,Defensive,0.759,82,0.192,0.966,0.372,0.049,0.046,0.048,0.008,0.378,0.489,1690,1633,574,1543,969
2016-17,Spotup,22016,1610612746,LAC,LA Clippers,Defensive,0.517,82,0.185,0.999,0.391,0.048,0.053,0.045,0.011,0.391,0.511,1638,1636,583,1491,908
2016-17,Spotup,22016,1610612744,GSW,Golden State Warriors,Defensive,1,82,0.199,0.9,0.35,0.054,0.058,0.05,0.01,0.355,0.454,1857,1672,583,1666,1083
2016-17,Spotup,22016,1610612743,DEN,Denver Nuggets,Defensive,0.034,82,0.175,1.082,0.42,0.052,0.05,0.047,0.006,0.425,0.556,1569,1698,595,1418,823
2016-17,Spotup,22016,1610612756,PHX,Phoenix Suns,Defensive,0.207,82,0.176,1.043,0.408,0.056,0.052,0.05,0.009,0.412,0.533,1628,1698,598,1465,867
2016-17,Spotup,22016,1610612739,CLE,Cleveland Cavaliers,Defensive,0.724,82,0.196,0.968,0.373,0.045,0.045,0.043,0.005,0.379,0.492,1761,1705,600,1609,1009
2016-17,Spotup,22016,1610612742,DAL,Dallas Mavericks,Defensive,0.172,82,0.194,1.05,0.41,0.053,0.07,0.048,0.008,0.406,0.549,1636,1717,593,1448,855
2016-17,Spotup,22016,1610612750,MIN,Minnesota Timberwolves,Defensive,0.069,82,0.186,1.062,0.412,0.06,0.055,0.056,0.012,0.417,0.544,1625,1726,601,1457,856
2016-17,Spotup,22016,1610612751,BKN,Brooklyn Nets,Defensive,0.103,82,0.175,1.054,0.413,0.047,0.061,0.046,0.011,0.408,0.546,1645,1733,612,1482,870
2016-17,Spotup,22016,1610612760,OKC,Oklahoma City Thunder,Defensive,0.586,82,0.199,0.992,0.389,0.055,0.061,0.052,0.014,0.39,0.504,1774,1759,620,1593,973
2016-17,Spotup,22016,1610612752,NYK,New York Knicks,Defensive,0.345,82,0.191,1.02,0.394,0.05,0.049,0.048,0.01,0.397,0.518,1727,1762,620,1573,953
2016-17,Spotup,22016,1610612763,MEM,Memphis Grizzlies,Defensive,0.828,82,0.218,0.953,0.365,0.064,0.062,0.059,0.01,0.374,0.484,1858,1770,600,1642,1042
2016-17,Spotup,22016,1610612740,NOP,New Orleans Pelicans,Defensive,0.69,82,0.208,0.969,0.373,0.042,0.049,0.041,0.007,0.376,0.492,1893,1835,646,1733,1087
2016-17,Spotup,22016,1610612758,SAC,Sacramento Kings,Defensive,0.31,82,0.206,1.02,0.399,0.04,0.059,0.039,0.012,0.391,0.529,1810,1847,658,1650,992
2016-17,Spotup,22016,1610612745,HOU,Houston Rockets,Defensive,0.621,82,0.207,0.982,0.381,0.054,0.058,0.048,0.008,0.384,0.503,1909,1874,652,1711,1059
2016-17,Spotup,22016,1610612737,ATL,Atlanta Hawks,Defensive,0.793,82,0.214,0.965,0.382,0.033,0.068,0.033,0.008,0.371,0.506,1942,1875,673,1760,1087
2016-17,Spotup,22016,1610612747,LAL,Los Angeles Lakers,Defensive,0,82,0.191,1.088,0.425,0.043,0.049,0.041,0.009,0.421,0.56,1725,1877,672,1580,908
2016-17,Spotup,22016,1610612765,DET,Detroit Pistons,Defensive,0.448,82,0.219,1.005,0.395,0.06,0.057,0.059,0.016,0.399,0.512,1868,1878,662,1675,1013
2016-17,Spotup,22016,1610612761,TOR,Toronto Raptors,Defensive,0.966,82,0.232,0.927,0.366,0.044,0.067,0.039,0.007,0.362,0.484,2041,1893,669,1828,1159
2016-17,Spotup,22016,1610612753,ORL,Orlando Magic,Defensive,0.138,82,0.203,1.052,0.408,0.048,0.054,0.044,0.008,0.407,0.541,1800,1894,664,1629,965
2016-17,Spotup,22016,1610612754,IND,Indiana Pacers,Defensive,0.414,82,0.214,1.014,0.385,0.045,0.054,0.044,0.01,0.385,0.52,1913,1939,671,1741,1070
2016-17,Spotup,22016,1610612766,CHA,Charlotte Hornets,Defensive,0.379,82,0.251,1.017,0.397,0.04,0.052,0.039,0.012,0.391,0.523,2190,2228,800,2015,1215
2016-17,Spotup,22016,1610612749,MIL,Milwaukee Bucks,Defensive,0.552,82,0.26,0.996,0.402,0.048,0.074,0.044,0.009,0.393,0.523,2283,2275,812,2022,1210
2016-17,Handoff,22016,1610612749,MIL,Milwaukee Bucks,Defensive,1,82,0.037,0.801,0.345,0.07,0.101,0.061,0.012,0.346,0.407,327,262,95,275,180
2016-17,Handoff,22016,1610612742,DAL,Dallas Mavericks,Defensive,0.931,82,0.04,0.835,0.393,0.068,0.132,0.05,0.003,0.374,0.452,340,284,107,272,165
2016-17,Handoff,22016,1610612763,MEM,Memphis Grizzlies,Defensive,0.207,82,0.038,0.951,0.404,0.117,0.108,0.102,0.012,0.417,0.486,324,308,103,255,152
2016-17,Handoff,22016,1610612761,TOR,Toronto Raptors,Defensive,0.483,82,0.039,0.915,0.429,0.087,0.149,0.082,0.02,0.399,0.494,343,314,115,268,153
2016-17,Handoff,22016,1610612744,GSW,Golden State Warriors,Defensive,0.966,82,0.042,0.819,0.399,0.078,0.173,0.08,0.01,0.364,0.464,387,317,117,293,176
2016-17,Handoff,22016,1610612747,LAL,Los Angeles Lakers,Defensive,0.241,82,0.037,0.949,0.429,0.071,0.125,0.068,0.015,0.408,0.515,336,319,118,275,157
2016-17,Handoff,22016,1610612743,DEN,Denver Nuggets,Defensive,0.276,82,0.039,0.937,0.436,0.063,0.114,0.063,0.02,0.41,0.495,351,329,129,296,167
2016-17,Handoff,22016,1610612750,MIN,Minnesota Timberwolves,Defensive,0.345,82,0.041,0.927,0.404,0.101,0.101,0.098,0.02,0.403,0.474,357,331,118,292,174
2016-17,Handoff,22016,1610612764,WAS,Washington Wizards,Defensive,0.724,82,0.042,0.886,0.389,0.066,0.093,0.064,0.008,0.387,0.458,377,334,124,319,195
2016-17,Handoff,22016,1610612737,ATL,Atlanta Hawks,Defensive,0.655,82,0.041,0.898,0.39,0.061,0.104,0.059,0.008,0.38,0.475,374,336,123,315,192
2016-17,Handoff,22016,1610612745,HOU,Houston Rockets,Defensive,0.414,82,0.04,0.921,0.406,0.082,0.093,0.079,0.014,0.403,0.479,367,338,125,308,183
2016-17,Handoff,22016,1610612759,SAS,San Antonio Spurs,Defensive,0.759,82,0.044,0.881,0.396,0.091,0.117,0.088,0.034,0.384,0.462,385,339,126,318,192
2016-17,Handoff,22016,1610612762,UTA,Utah Jazz,Defensive,0.897,82,0.048,0.842,0.389,0.042,0.091,0.039,0.012,0.369,0.444,406,342,139,357,218
2016-17,Handoff,22016,1610612751,BKN,Brooklyn Nets,Defensive,0.517,82,0.04,0.915,0.412,0.063,0.095,0.061,0.013,0.402,0.474,378,346,133,323,190
2016-17,Handoff,22016,1610612741,CHI,Chicago Bulls,Defensive,0.621,82,0.044,0.899,0.399,0.083,0.111,0.075,0.018,0.391,0.473,386,347,127,318,191
2016-17,Handoff,22016,1610612752,NYK,New York Knicks,Defensive,0.793,82,0.044,0.874,0.375,0.098,0.131,0.095,0.015,0.367,0.444,398,348,117,312,195
2016-17,Handoff,22016,1610612755,PHI,Philadelphia 76ers,Defensive,0.103,82,0.039,0.972,0.439,0.089,0.117,0.078,0.011,0.426,0.514,359,349,127,289,162
2016-17,Handoff,22016,1610612756,PHX,Phoenix Suns,Defensive,0.862,82,0.044,0.864,0.365,0.082,0.099,0.074,0.012,0.371,0.434,404,349,122,334,212
2016-17,Handoff,22016,1610612760,OKC,Oklahoma City Thunder,Defensive,0.379,82,0.043,0.921,0.431,0.113,0.141,0.102,0.016,0.424,0.493,382,352,125,290,165
2016-17,Handoff,22016,1610612754,IND,Indiana Pacers,Defensive,0.552,82,0.044,0.905,0.392,0.105,0.103,0.095,0.018,0.401,0.455,389,352,123,314,191
2016-17,Handoff,22016,1610612753,ORL,Orlando Magic,Defensive,0.69,82,0.045,0.89,0.409,0.063,0.105,0.058,0.01,0.393,0.467,399,355,137,335,198
2016-17,Handoff,22016,1610612757,POR,Portland Trail Blazers,Defensive,0.828,82,0.047,0.869,0.379,0.071,0.102,0.069,0.019,0.373,0.449,421,366,135,356,221
2016-17,Handoff,22016,1610612758,SAC,Sacramento Kings,Defensive,0.448,82,0.045,0.92,0.389,0.09,0.078,0.085,0.005,0.404,0.463,399,367,130,334,204
2016-17,Handoff,22016,1610612766,CHA,Charlotte Hornets,Defensive,0.138,82,0.044,0.966,0.422,0.079,0.108,0.079,0.024,0.404,0.511,381,368,135,320,185
2016-17,Handoff,22016,1610612748,MIA,Miami Heat,Defensive,0.069,82,0.044,0.974,0.438,0.085,0.085,0.08,0.018,0.433,0.497,388,378,144,329,185
2016-17,Handoff,22016,1610612746,LAC,LA Clippers,Defensive,0.586,82,0.048,0.901,0.386,0.094,0.099,0.083,0.019,0.394,0.449,424,382,135,350,215
2016-17,Handoff,22016,1610612765,DET,Detroit Pistons,Defensive,0.31,82,0.048,0.934,0.422,0.1,0.127,0.092,0.022,0.414,0.479,411,384,138,327,189
2016-17,Handoff,22016,1610612740,NOP,New Orleans Pelicans,Defensive,0.172,82,0.045,0.951,0.435,0.079,0.128,0.071,0.02,0.408,0.511,407,387,144,331,187
2016-17,Handoff,22016,1610612739,CLE,Cleveland Cavaliers,Defensive,0.034,82,0.045,1.06,0.444,0.055,0.063,0.053,0.015,0.438,0.541,400,424,159,358,199
2016-17,Handoff,22016,1610612738,BOS,Boston Celtics,Defensive,0,82,0.045,1.16,0.509,0.087,0.085,0.082,0.015,0.499,0.597,401,465,171,336,165
2016-17,Cut,22016,1610612762,UTA,Utah Jazz,Defensive,0.966,82,0.065,1.166,0.586,0.138,0.048,0.14,0.03,0.594,0.586,542,632,267,456,189
2016-17,Cut,22016,1610612757,POR,Portland Trail Blazers,Defensive,0.172,82,0.058,1.29,0.64,0.181,0.059,0.177,0.061,0.645,0.64,524,676,275,430,155
2016-17,Cut,22016,1610612766,CHA,Charlotte Hornets,Defensive,0.655,82,0.066,1.229,0.621,0.147,0.053,0.145,0.046,0.616,0.621,571,702,300,483,183
2016-17,Cut,22016,1610612748,MIA,Miami Heat,Defensive,0.586,82,0.065,1.246,0.631,0.165,0.046,0.162,0.04,0.64,0.631,569,709,297,471,174
2016-17,Cut,22016,1610612754,IND,Indiana Pacers,Defensive,0.759,82,0.068,1.213,0.619,0.162,0.074,0.156,0.034,0.608,0.619,610,740,301,486,185
2016-17,Cut,22016,1610612743,DEN,Denver Nuggets,Defensive,0.345,82,0.066,1.269,0.655,0.141,0.063,0.138,0.039,0.644,0.655,587,745,321,490,169
2016-17,Cut,22016,1610612739,CLE,Cleveland Cavaliers,Defensive,0.897,82,0.071,1.185,0.603,0.148,0.054,0.145,0.035,0.604,0.603,634,751,317,526,209
2016-17,Cut,22016,1610612737,ATL,Atlanta Hawks,Defensive,0.828,82,0.071,1.203,0.629,0.134,0.088,0.133,0.036,0.606,0.629,640,770,327,520,193
2016-17,Cut,22016,1610612742,DAL,Dallas Mavericks,Defensive,0.517,82,0.073,1.256,0.645,0.182,0.078,0.178,0.041,0.632,0.645,614,771,309,479,170
2016-17,Cut,22016,1610612763,MEM,Memphis Grizzlies,Defensive,0.862,82,0.076,1.193,0.628,0.165,0.071,0.162,0.034,0.612,0.628,649,774,323,514,191
2016-17,Cut,22016,1610612738,BOS,Boston Celtics,Defensive,0.31,82,0.068,1.269,0.658,0.151,0.057,0.148,0.034,0.649,0.658,616,782,335,509,174
2016-17,Cut,22016,1610612745,HOU,Houston Rockets,Defensive,0.207,82,0.067,1.282,0.677,0.12,0.074,0.121,0.023,0.647,0.677,618,792,346,511,165
2016-17,Cut,22016,1610612765,DET,Detroit Pistons,Defensive,0.69,82,0.076,1.217,0.637,0.13,0.07,0.132,0.029,0.62,0.637,653,795,344,540,196
2016-17,Cut,22016,1610612764,WAS,Washington Wizards,Defensive,0.241,82,0.071,1.281,0.682,0.159,0.067,0.159,0.034,0.651,0.682,641,821,351,515,164
2016-17,Cut,22016,1610612752,NYK,New York Knicks,Defensive,0.448,82,0.073,1.262,0.656,0.133,0.074,0.132,0.042,0.629,0.656,661,834,362,552,190
2016-17,Cut,22016,1610612741,CHI,Chicago Bulls,Defensive,0.724,82,0.078,1.217,0.634,0.118,0.071,0.118,0.031,0.617,0.634,686,835,366,577,211
2016-17,Cut,22016,1610612759,SAS,San Antonio Spurs,Defensive,0.931,82,0.082,1.17,0.603,0.166,0.063,0.162,0.031,0.604,0.603,717,839,347,575,228
2016-17,Cut,22016,1610612755,PHI,Philadelphia 76ers,Defensive,0.621,82,0.075,1.246,0.63,0.188,0.051,0.185,0.049,0.631,0.63,680,847,346,549,203
2016-17,Cut,22016,1610612740,NOP,New Orleans Pelicans,Defensive,0.379,82,0.074,1.268,0.657,0.142,0.058,0.139,0.037,0.643,0.657,675,856,371,565,194
2016-17,Cut,22016,1610612758,SAC,Sacramento Kings,Defensive,0.034,82,0.074,1.323,0.674,0.171,0.052,0.165,0.022,0.679,0.674,648,857,348,516,168
2016-17,Cut,22016,1610612761,TOR,Toronto Raptors,Defensive,0.276,82,0.077,1.271,0.644,0.144,0.059,0.141,0.041,0.637,0.644,680,864,367,570,203
2016-17,Cut,22016,1610612760,OKC,Oklahoma City Thunder,Defensive,0.138,82,0.076,1.297,0.677,0.159,0.056,0.16,0.039,0.662,0.677,674,874,375,554,179
2016-17,Cut,22016,1610612756,PHX,Phoenix Suns,Defensive,0.793,82,0.08,1.205,0.609,0.156,0.05,0.154,0.043,0.61,0.609,738,889,375,616,241
2016-17,Cut,22016,1610612744,GSW,Golden State Warriors,Defensive,1,82,0.082,1.16,0.596,0.15,0.061,0.146,0.04,0.593,0.596,767,890,379,636,257
2016-17,Cut,22016,1610612750,MIN,Minnesota Timberwolves,Defensive,0.069,82,0.078,1.317,0.697,0.169,0.081,0.167,0.047,0.664,0.697,681,897,378,542,164
2016-17,Cut,22016,1610612753,ORL,Orlando Magic,Defensive,0.483,82,0.08,1.258,0.637,0.147,0.053,0.141,0.046,0.626,0.637,714,898,385,604,219
2016-17,Cut,22016,1610612746,LAC,LA Clippers,Defensive,0.103,82,0.078,1.297,0.673,0.147,0.062,0.146,0.042,0.657,0.673,693,899,387,575,188
2016-17,Cut,22016,1610612751,BKN,Brooklyn Nets,Defensive,0,82,0.073,1.324,0.714,0.148,0.08,0.144,0.025,0.676,0.714,689,912,391,548,157
2016-17,Cut,22016,1610612747,LAL,Los Angeles Lakers,Defensive,0.414,82,0.083,1.265,0.669,0.161,0.065,0.162,0.031,0.648,0.669,752,951,403,602,199
2016-17,Cut,22016,1610612749,MIL,Milwaukee Bucks,Defensive,0.552,82,0.097,1.246,0.643,0.169,0.068,0.165,0.04,0.632,0.643,848,1057,438,681,243
2016-17,OffScreen,22016,1610612744,GSW,Golden State Warriors,Defensive,0.966,82,0.047,0.864,0.359,0.075,0.102,0.066,0.005,0.367,0.448,441,381,131,365,234
2016-17,OffScreen,22016,1610612749,MIL,Milwaukee Bucks,Defensive,0.621,82,0.047,0.937,0.391,0.073,0.073,0.066,0.005,0.401,0.472,411,385,138,353,215
2016-17,OffScreen,22016,1610612761,TOR,Toronto Raptors,Defensive,0.552,82,0.049,0.946,0.394,0.084,0.093,0.079,0.016,0.399,0.483,429,406,142,360,218
2016-17,OffScreen,22016,1610612745,HOU,Houston Rockets,Defensive,0.931,82,0.051,0.868,0.355,0.053,0.07,0.049,0.013,0.356,0.441,469,407,148,417,269
2016-17,OffScreen,22016,1610612759,SAS,San Antonio Spurs,Defensive,0.655,82,0.051,0.93,0.401,0.074,0.093,0.065,0.009,0.4,0.481,443,412,149,372,223
2016-17,OffScreen,22016,1610612755,PHI,Philadelphia 76ers,Defensive,1,82,0.054,0.862,0.368,0.061,0.077,0.057,0.01,0.37,0.442,492,424,158,429,271
2016-17,OffScreen,22016,1610612762,UTA,Utah Jazz,Defensive,0.897,82,0.057,0.892,0.385,0.069,0.094,0.065,0.015,0.377,0.462,480,428,157,408,251
2016-17,OffScreen,22016,1610612737,ATL,Atlanta Hawks,Defensive,0.862,82,0.054,0.892,0.369,0.055,0.078,0.055,0.008,0.367,0.457,490,437,158,428,270
2016-17,OffScreen,22016,1610612739,CLE,Cleveland Cavaliers,Defensive,0.483,82,0.052,0.948,0.389,0.06,0.054,0.056,0.011,0.397,0.473,463,439,161,414,253
2016-17,OffScreen,22016,1610612742,DAL,Dallas Mavericks,Defensive,0,82,0.051,1.028,0.432,0.051,0.058,0.049,0.009,0.43,0.523,430,442,167,387,220
2016-17,OffScreen,22016,1610612752,NYK,New York Knicks,Defensive,0.793,82,0.056,0.892,0.381,0.056,0.072,0.05,0.012,0.378,0.461,502,448,169,444,275
2016-17,OffScreen,22016,1610612746,LAC,LA Clippers,Defensive,0.345,82,0.052,0.987,0.431,0.048,0.064,0.048,0.009,0.419,0.515,456,450,176,408,232
2016-17,OffScreen,22016,1610612758,SAC,Sacramento Kings,Defensive,0.759,82,0.056,0.921,0.378,0.047,0.055,0.047,0.01,0.376,0.47,492,453,169,447,278
2016-17,OffScreen,22016,1610612763,MEM,Memphis Grizzlies,Defensive,0.069,82,0.054,1.009,0.412,0.083,0.068,0.074,0.018,0.418,0.508,457,461,163,396,233
2016-17,OffScreen,22016,1610612754,IND,Indiana Pacers,Defensive,0.448,82,0.055,0.949,0.404,0.049,0.092,0.045,0.008,0.391,0.5,488,463,171,423,252
2016-17,OffScreen,22016,1610612756,PHX,Phoenix Suns,Defensive,0.207,82,0.051,0.996,0.402,0.091,0.051,0.08,0.013,0.426,0.487,474,472,166,413,247
2016-17,OffScreen,22016,1610612753,ORL,Orlando Magic,Defensive,0.414,82,0.057,0.949,0.407,0.069,0.079,0.061,0.006,0.413,0.478,509,483,178,437,259
2016-17,OffScreen,22016,1610612750,MIN,Minnesota Timberwolves,Defensive,0.241,82,0.056,0.992,0.443,0.041,0.093,0.039,0.006,0.42,0.533,493,489,190,429,239
2016-17,OffScreen,22016,1610612751,BKN,Brooklyn Nets,Defensive,0.724,82,0.057,0.923,0.395,0.047,0.051,0.045,0.024,0.388,0.467,534,493,195,494,299
2016-17,OffScreen,22016,1610612764,WAS,Washington Wizards,Defensive,0.103,82,0.056,1,0.415,0.044,0.062,0.042,0.008,0.406,0.519,500,500,187,451,264
2016-17,OffScreen,22016,1610612748,MIA,Miami Heat,Defensive,0.828,82,0.064,0.892,0.371,0.089,0.067,0.082,0.028,0.383,0.44,564,503,182,491,309
2016-17,OffScreen,22016,1610612738,BOS,Boston Celtics,Defensive,0.69,82,0.06,0.93,0.411,0.066,0.092,0.063,0.009,0.405,0.488,543,505,190,462,272
2016-17,OffScreen,22016,1610612766,CHA,Charlotte Hornets,Defensive,0.138,82,0.059,0.998,0.408,0.063,0.051,0.063,0.012,0.413,0.504,511,510,187,458,271
2016-17,OffScreen,22016,1610612743,DEN,Denver Nuggets,Defensive,0.172,82,0.057,0.996,0.432,0.049,0.07,0.047,0.012,0.423,0.511,513,511,198,458,260
2016-17,OffScreen,22016,1610612741,CHI,Chicago Bulls,Defensive,0.31,82,0.059,0.99,0.434,0.06,0.065,0.058,0.017,0.429,0.508,520,515,201,463,262
2016-17,OffScreen,22016,1610612760,OKC,Oklahoma City Thunder,Defensive,0.034,82,0.057,1.014,0.443,0.082,0.086,0.08,0.012,0.44,0.53,511,518,191,431,240
2016-17,OffScreen,22016,1610612740,NOP,New Orleans Pelicans,Defensive,0.517,82,0.06,0.947,0.4,0.047,0.051,0.044,0.016,0.394,0.481,548,519,201,503,302
2016-17,OffScreen,22016,1610612747,LAL,Los Angeles Lakers,Defensive,0.586,82,0.061,0.946,0.41,0.08,0.08,0.076,0.027,0.405,0.488,553,523,197,480,283
2016-17,OffScreen,22016,1610612757,POR,Portland Trail Blazers,Defensive,0.379,82,0.062,0.986,0.439,0.066,0.064,0.061,0.011,0.438,0.506,559,551,215,490,275
2016-17,OffScreen,22016,1610612765,DET,Detroit Pistons,Defensive,0.276,82,0.068,0.991,0.429,0.066,0.055,0.06,0.021,0.428,0.502,579,574,223,520,297
2016-17,OffRebound,22016,1610612765,DET,Detroit Pistons,Defensive,0.552,82,0.04,1.073,0.536,0.117,0.058,0.117,0.026,0.542,0.54,343,368,155,289,134
2016-17,OffRebound,22016,1610612762,UTA,Utah Jazz,Defensive,1,82,0.051,0.958,0.49,0.094,0.059,0.094,0.012,0.481,0.493,426,408,179,365,186
2016-17,OffRebound,22016,1610612763,MEM,Memphis Grizzlies,Defensive,0.828,82,0.05,1.04,0.517,0.137,0.054,0.135,0.026,0.527,0.523,423,440,182,352,170
2016-17,OffRebound,22016,1610612766,CHA,Charlotte Hornets,Defensive,0.379,82,0.047,1.097,0.546,0.141,0.066,0.136,0.036,0.55,0.553,411,451,185,339,154
2016-17,OffRebound,22016,1610612742,DAL,Dallas Mavericks,Defensive,0.172,82,0.048,1.131,0.612,0.121,0.084,0.116,0.02,0.579,0.615,404,457,200,327,127
2016-17,OffRebound,22016,1610612759,SAS,San Antonio Spurs,Defensive,0.759,82,0.052,1.051,0.525,0.147,0.071,0.138,0.031,0.529,0.529,450,473,192,366,174
2016-17,OffRebound,22016,1610612760,OKC,Oklahoma City Thunder,Defensive,0.31,82,0.048,1.122,0.573,0.117,0.056,0.11,0.026,0.57,0.575,428,480,209,365,156
2016-17,OffRebound,22016,1610612757,POR,Portland Trail Blazers,Defensive,0.862,82,0.051,1.039,0.517,0.145,0.065,0.138,0.022,0.536,0.521,463,481,193,373,180
2016-17,OffRebound,22016,1610612737,ATL,Atlanta Hawks,Defensive,0.897,82,0.052,1.023,0.524,0.136,0.068,0.129,0.03,0.525,0.528,472,483,204,389,185
2016-17,OffRebound,22016,1610612743,DEN,Denver Nuggets,Defensive,0.276,82,0.048,1.125,0.554,0.137,0.032,0.118,0.032,0.573,0.555,431,485,205,370,165
2016-17,OffRebound,22016,1610612761,TOR,Toronto Raptors,Defensive,0.931,82,0.054,1.017,0.513,0.126,0.067,0.119,0.021,0.515,0.516,478,486,203,396,193
2016-17,OffRebound,22016,1610612749,MIL,Milwaukee Bucks,Defensive,0.966,82,0.056,0.994,0.502,0.132,0.061,0.132,0.024,0.51,0.506,492,489,204,406,202
2016-17,OffRebound,22016,1610612758,SAC,Sacramento Kings,Defensive,0.448,82,0.052,1.086,0.54,0.161,0.064,0.148,0.026,0.561,0.544,453,492,196,363,167
2016-17,OffRebound,22016,1610612756,PHX,Phoenix Suns,Defensive,0.655,82,0.051,1.061,0.545,0.105,0.076,0.095,0.021,0.536,0.554,474,503,217,398,181
2016-17,OffRebound,22016,1610612740,NOP,New Orleans Pelicans,Defensive,0.517,82,0.051,1.079,0.579,0.128,0.088,0.12,0.019,0.56,0.581,468,505,217,375,158
2016-17,OffRebound,22016,1610612753,ORL,Orlando Magic,Defensive,0.103,82,0.051,1.14,0.578,0.134,0.042,0.125,0.022,0.584,0.58,449,512,219,379,160
2016-17,OffRebound,22016,1610612755,PHI,Philadelphia 76ers,Defensive,0.793,82,0.054,1.049,0.535,0.147,0.067,0.123,0.025,0.536,0.535,489,513,212,396,184
2016-17,OffRebound,22016,1610612754,IND,Indiana Pacers,Defensive,0.345,82,0.053,1.1,0.543,0.132,0.058,0.119,0.032,0.55,0.549,469,516,214,394,180
2016-17,OffRebound,22016,1610612747,LAL,Los Angeles Lakers,Defensive,0.483,82,0.053,1.086,0.561,0.136,0.061,0.14,0.027,0.561,0.563,478,519,221,394,173
2016-17,OffRebound,22016,1610612748,MIA,Miami Heat,Defensive,0.207,82,0.053,1.13,0.583,0.128,0.077,0.121,0.036,0.568,0.586,470,531,228,391,163
2016-17,OffRebound,22016,1610612741,CHI,Chicago Bulls,Defensive,0.414,82,0.056,1.089,0.555,0.101,0.067,0.099,0.036,0.54,0.557,494,538,238,429,191
2016-17,OffRebound,22016,1610612750,MIN,Minnesota Timberwolves,Defensive,0.069,82,0.054,1.141,0.575,0.114,0.063,0.11,0.032,0.574,0.578,474,541,233,405,172
2016-17,OffRebound,22016,1610612751,BKN,Brooklyn Nets,Defensive,0.69,82,0.054,1.061,0.529,0.125,0.061,0.12,0.022,0.537,0.535,510,541,225,425,200
2016-17,OffRebound,22016,1610612738,BOS,Boston Celtics,Defensive,0.138,82,0.056,1.132,0.568,0.148,0.052,0.144,0.046,0.566,0.569,500,566,239,421,182
2016-17,OffRebound,22016,1610612746,LAC,LA Clippers,Defensive,0.034,82,0.056,1.156,0.59,0.126,0.061,0.112,0.037,0.579,0.592,492,569,246,417,171
2016-17,OffRebound,22016,1610612739,CLE,Cleveland Cavaliers,Defensive,0.586,82,0.06,1.071,0.535,0.103,0.049,0.09,0.022,0.539,0.539,534,572,249,465,216
2016-17,OffRebound,22016,1610612752,NYK,New York Knicks,Defensive,0.621,82,0.062,1.063,0.547,0.12,0.064,0.107,0.021,0.543,0.549,560,595,256,468,212
2016-17,OffRebound,22016,1610612745,HOU,Houston Rockets,Defensive,0.241,82,0.058,1.127,0.573,0.09,0.052,0.091,0.022,0.562,0.576,536,604,270,471,201
2016-17,OffRebound,22016,1610612764,WAS,Washington Wizards,Defensive,0,82,0.057,1.177,0.6,0.142,0.053,0.128,0.037,0.595,0.604,514,605,259,432,173
2016-17,OffRebound,22016,1610612744,GSW,Golden State Warriors,Defensive,0.724,82,0.063,1.054,0.53,0.134,0.051,0.129,0.032,0.532,0.535,590,622,264,498,234
2016-17,Misc,22016,1610612765,DET,Detroit Pistons,Defensive,0.724,82,0.044,0.488,0.344,0.193,0.567,0.026,0.008,0.261,0.392,379,185,32,93,61
2016-17,Misc,22016,1610612759,SAS,San Antonio Spurs,Defensive,1,82,0.054,0.395,0.321,0.156,0.618,0.025,0.004,0.219,0.353,474,187,35,109,74
2016-17,Misc,22016,1610612766,CHA,Charlotte Hornets,Defensive,0.828,82,0.05,0.48,0.331,0.18,0.55,0.018,0.002,0.263,0.36,433,208,39,118,79
2016-17,Misc,22016,1610612739,CLE,Cleveland Cavaliers,Defensive,0.966,82,0.053,0.443,0.378,0.165,0.57,0.023,0.004,0.244,0.421,472,209,48,127,79
2016-17,Misc,22016,1610612753,ORL,Orlando Magic,Defensive,0.621,82,0.047,0.507,0.356,0.21,0.55,0.04,0.007,0.279,0.385,420,213,37,104,67
2016-17,Misc,22016,1610612744,GSW,Golden State Warriors,Defensive,0.897,82,0.052,0.459,0.346,0.125,0.505,0.033,0.008,0.239,0.374,481,221,63,182,119
2016-17,Misc,22016,1610612762,UTA,Utah Jazz,Defensive,0.655,82,0.055,0.491,0.342,0.205,0.546,0.026,0.007,0.271,0.393,458,225,40,117,77
2016-17,Misc,22016,1610612740,NOP,New Orleans Pelicans,Defensive,0.862,82,0.052,0.475,0.287,0.2,0.521,0.036,0.006,0.252,0.327,476,226,39,136,97
2016-17,Misc,22016,1610612754,IND,Indiana Pacers,Defensive,0.793,82,0.053,0.485,0.266,0.213,0.525,0.03,0.008,0.266,0.301,474,230,34,128,94
2016-17,Misc,22016,1610612741,CHI,Chicago Bulls,Defensive,0.69,82,0.054,0.488,0.358,0.201,0.579,0.027,0.002,0.27,0.396,477,233,38,106,68
2016-17,Misc,22016,1610612737,ATL,Atlanta Hawks,Defensive,0.931,82,0.059,0.449,0.36,0.168,0.581,0.032,0.009,0.239,0.396,535,240,50,139,89
2016-17,Misc,22016,1610612749,MIL,Milwaukee Bucks,Defensive,0.483,82,0.055,0.523,0.295,0.233,0.521,0.039,0.004,0.284,0.307,486,254,36,122,86
2016-17,Misc,22016,1610612745,HOU,Houston Rockets,Defensive,0.759,82,0.057,0.487,0.336,0.2,0.529,0.027,0.004,0.267,0.364,524,255,48,143,95
2016-17,Misc,22016,1610612747,LAL,Los Angeles Lakers,Defensive,0.552,82,0.058,0.514,0.381,0.219,0.577,0.03,0.011,0.276,0.42,525,270,43,113,70
2016-17,Misc,22016,1610612738,BOS,Boston Celtics,Defensive,0.586,82,0.06,0.511,0.295,0.243,0.489,0.02,0.007,0.285,0.315,540,276,44,149,105
2016-17,Misc,22016,1610612742,DAL,Dallas Mavericks,Defensive,0.276,82,0.058,0.569,0.402,0.239,0.542,0.033,0.01,0.307,0.455,489,278,45,112,67
2016-17,Misc,22016,1610612750,MIN,Minnesota Timberwolves,Defensive,0.414,82,0.062,0.53,0.336,0.226,0.516,0.031,0.006,0.295,0.374,545,289,48,143,95
2016-17,Misc,22016,1610612743,DEN,Denver Nuggets,Defensive,0,82,0.05,0.651,0.426,0.248,0.452,0.027,0.004,0.353,0.467,447,291,58,136,78
2016-17,Misc,22016,1610612758,SAC,Sacramento Kings,Defensive,0.31,82,0.059,0.565,0.35,0.258,0.522,0.037,0.014,0.303,0.396,515,291,42,120,78
2016-17,Misc,22016,1610612752,NYK,New York Knicks,Defensive,0.172,82,0.054,0.598,0.342,0.277,0.496,0.027,0,0.338,0.383,488,292,38,111,73
2016-17,Misc,22016,1610612764,WAS,Washington Wizards,Defensive,0.379,82,0.06,0.542,0.338,0.226,0.504,0.026,0.007,0.298,0.371,544,295,51,151,100
2016-17,Misc,22016,1610612748,MIA,Miami Heat,Defensive,0.517,82,0.066,0.516,0.353,0.233,0.566,0.028,0.005,0.286,0.395,580,299,42,119,77
2016-17,Misc,22016,1610612760,OKC,Oklahoma City Thunder,Defensive,0.207,82,0.059,0.574,0.374,0.25,0.503,0.031,0.004,0.317,0.412,523,300,49,131,82
2016-17,Misc,22016,1610612755,PHI,Philadelphia 76ers,Defensive,0.448,82,0.063,0.526,0.353,0.216,0.551,0.038,0.009,0.286,0.385,574,302,49,139,90
2016-17,Misc,22016,1610612746,LAC,LA Clippers,Defensive,0.138,82,0.058,0.606,0.442,0.204,0.467,0.041,0.008,0.324,0.485,510,309,76,172,96
2016-17,Misc,22016,1610612757,POR,Portland Trail Blazers,Defensive,0.034,82,0.056,0.618,0.336,0.256,0.467,0.04,0.004,0.334,0.361,503,311,47,140,93
2016-17,Misc,22016,1610612761,TOR,Toronto Raptors,Defensive,0.345,82,0.065,0.558,0.368,0.259,0.509,0.024,0.005,0.322,0.382,572,319,50,136,86
2016-17,Misc,22016,1610612763,MEM,Memphis Grizzlies,Defensive,0.241,82,0.067,0.573,0.291,0.285,0.471,0.025,0.004,0.338,0.323,571,327,41,141,100
2016-17,Misc,22016,1610612751,BKN,Brooklyn Nets,Defensive,0.069,82,0.059,0.612,0.304,0.31,0.493,0.034,0.007,0.343,0.335,554,339,34,112,78
2016-17,Misc,22016,1610612756,PHX,Phoenix Suns,Defensive,0.103,82,0.071,0.607,0.368,0.284,0.512,0.018,0.005,0.335,0.397,654,397,50,136,86
2017-18,Isolation,22017,1610612737,ATL,Atlanta Hawks,Defensive,0.931,82,0.041,0.827,0.391,0.13,0.119,0.111,0.019,0.404,0.426,369,305,111,284,173
2017-18,Isolation,22017,1610612752,NYK,New York Knicks,Defensive,1,82,0.057,0.756,0.327,0.116,0.071,0.096,0.012,0.362,0.36,508,384,137,419,282
2017-18,Isolation,22017,1610612751,BKN,Brooklyn Nets,Defensive,0.103,82,0.05,0.95,0.442,0.114,0.079,0.105,0.035,0.446,0.475,457,434,170,385,215
2017-18,Isolation,22017,1610612765,DET,Detroit Pistons,Defensive,0.414,82,0.056,0.915,0.418,0.105,0.087,0.101,0.026,0.426,0.456,493,451,172,411,239
2017-18,Isolation,22017,1610612758,SAC,Sacramento Kings,Defensive,0.793,82,0.062,0.844,0.374,0.125,0.091,0.123,0.02,0.401,0.41,538,454,162,433,271
2017-18,Isolation,22017,1610612754,IND,Indiana Pacers,Defensive,0.862,82,0.063,0.841,0.379,0.132,0.081,0.125,0.027,0.409,0.411,553,465,170,448,278
2017-18,Isolation,22017,1610612748,MIA,Miami Heat,Defensive,0.759,82,0.062,0.856,0.385,0.117,0.099,0.1,0.016,0.407,0.419,548,469,169,439,270
2017-18,Isolation,22017,1610612766,CHA,Charlotte Hornets,Defensive,0.034,82,0.055,0.982,0.44,0.117,0.084,0.115,0.041,0.442,0.484,489,480,181,411,230
2017-18,Isolation,22017,1610612756,PHX,Phoenix Suns,Defensive,0.276,82,0.058,0.925,0.425,0.118,0.094,0.111,0.026,0.436,0.464,532,492,184,433,249
2017-18,Isolation,22017,1610612763,MEM,Memphis Grizzlies,Defensive,0.69,82,0.067,0.863,0.378,0.162,0.101,0.143,0.031,0.412,0.411,582,502,169,447,278
2017-18,Isolation,22017,1610612753,ORL,Orlando Magic,Defensive,0.517,82,0.063,0.888,0.41,0.123,0.091,0.118,0.023,0.431,0.44,569,505,188,459,271
2017-18,Isolation,22017,1610612759,SAS,San Antonio Spurs,Defensive,0.724,82,0.068,0.859,0.383,0.116,0.092,0.111,0.024,0.398,0.422,588,505,184,480,296
2017-18,Isolation,22017,1610612757,POR,Portland Trail Blazers,Defensive,0.207,82,0.063,0.934,0.415,0.123,0.07,0.116,0.029,0.435,0.456,559,522,194,467,273
2017-18,Isolation,22017,1610612742,DAL,Dallas Mavericks,Defensive,0.655,82,0.07,0.864,0.386,0.129,0.093,0.112,0.021,0.403,0.428,605,523,187,484,297
2017-18,Isolation,22017,1610612740,NOP,New Orleans Pelicans,Defensive,0.483,82,0.063,0.9,0.408,0.093,0.069,0.085,0.012,0.426,0.445,591,532,205,502,297
2017-18,Isolation,22017,1610612750,MIN,Minnesota Timberwolves,Defensive,0.31,82,0.067,0.922,0.424,0.109,0.092,0.1,0.017,0.435,0.458,589,543,204,481,277
2017-18,Isolation,22017,1610612761,TOR,Toronto Raptors,Defensive,0.345,82,0.069,0.918,0.414,0.137,0.082,0.124,0.023,0.44,0.445,620,569,206,498,292
2017-18,Isolation,22017,1610612738,BOS,Boston Celtics,Defensive,0.448,82,0.073,0.914,0.423,0.111,0.079,0.106,0.026,0.435,0.453,642,587,227,537,310
2017-18,Isolation,22017,1610612762,UTA,Utah Jazz,Defensive,0.586,82,0.078,0.883,0.4,0.119,0.085,0.11,0.028,0.416,0.433,681,601,225,562,337
2017-18,Isolation,22017,1610612743,DEN,Denver Nuggets,Defensive,0.379,82,0.074,0.916,0.418,0.105,0.088,0.099,0.018,0.429,0.458,657,602,226,541,315
2017-18,Isolation,22017,1610612741,CHI,Chicago Bulls,Defensive,0.241,82,0.073,0.932,0.422,0.106,0.069,0.089,0.028,0.437,0.456,650,606,234,554,320
2017-18,Isolation,22017,1610612749,MIL,Milwaukee Bucks,Defensive,0.897,82,0.083,0.839,0.379,0.122,0.083,0.107,0.022,0.401,0.406,739,620,229,604,375
2017-18,Isolation,22017,1610612760,OKC,Oklahoma City Thunder,Defensive,0.966,82,0.087,0.825,0.373,0.104,0.099,0.09,0.012,0.39,0.41,766,632,230,617,387
2017-18,Isolation,22017,1610612764,WAS,Washington Wizards,Defensive,0.172,82,0.078,0.938,0.428,0.115,0.094,0.109,0.038,0.427,0.472,689,646,244,570,326
2017-18,Isolation,22017,1610612755,PHI,Philadelphia 76ers,Defensive,0.552,82,0.083,0.886,0.401,0.118,0.081,0.106,0.02,0.42,0.432,761,674,250,624,374
2017-18,Isolation,22017,1610612746,LAC,LA Clippers,Defensive,0.069,82,0.079,0.958,0.429,0.136,0.076,0.122,0.026,0.45,0.471,720,690,251,585,334
2017-18,Isolation,22017,1610612747,LAL,Los Angeles Lakers,Defensive,0.138,82,0.083,0.948,0.415,0.119,0.081,0.108,0.022,0.435,0.463,767,727,262,631,369
2017-18,Isolation,22017,1610612744,GSW,Golden State Warriors,Defensive,0.621,82,0.092,0.868,0.401,0.111,0.086,0.105,0.02,0.414,0.437,848,736,280,698,418
2017-18,Isolation,22017,1610612739,CLE,Cleveland Cavaliers,Defensive,0,82,0.082,1.012,0.447,0.122,0.062,0.11,0.027,0.472,0.497,738,747,278,622,344
2017-18,Isolation,22017,1610612745,HOU,Houston Rockets,Defensive,0.828,82,0.112,0.842,0.39,0.093,0.088,0.089,0.021,0.394,0.423,989,833,323,829,506
2017-18,Transition,22017,1610612762,UTA,Utah Jazz,Defensive,0.586,82,0.124,1.083,0.534,0.138,0.132,0.123,0.02,0.506,0.596,1083,1173,433,811,378
2017-18,Transition,22017,1610612749,MIL,Milwaukee Bucks,Defensive,0.069,82,0.123,1.144,0.544,0.151,0.125,0.13,0.027,0.526,0.612,1092,1249,446,820,374
2017-18,Transition,22017,1610612742,DAL,Dallas Mavericks,Defensive,0.621,82,0.14,1.081,0.536,0.119,0.148,0.108,0.025,0.497,0.6,1217,1316,494,922,428
2017-18,Transition,22017,1610612757,POR,Portland Trail Blazers,Defensive,0.655,82,0.14,1.079,0.507,0.142,0.126,0.135,0.029,0.49,0.58,1234,1331,475,936,461
2017-18,Transition,22017,1610612738,BOS,Boston Celtics,Defensive,0.897,82,0.146,1.042,0.508,0.125,0.139,0.112,0.029,0.478,0.574,1291,1345,501,986,485
2017-18,Transition,22017,1610612760,OKC,Oklahoma City Thunder,Defensive,0.138,82,0.136,1.128,0.535,0.123,0.122,0.111,0.034,0.503,0.612,1203,1357,507,947,440
2017-18,Transition,22017,1610612766,CHA,Charlotte Hornets,Defensive,0.207,82,0.136,1.127,0.535,0.125,0.119,0.112,0.041,0.507,0.604,1208,1362,515,962,447
2017-18,Transition,22017,1610612754,IND,Indiana Pacers,Defensive,0.828,82,0.147,1.048,0.52,0.109,0.145,0.098,0.027,0.48,0.587,1299,1362,522,1003,481
2017-18,Transition,22017,1610612765,DET,Detroit Pistons,Defensive,0.724,82,0.145,1.074,0.518,0.121,0.136,0.11,0.038,0.482,0.585,1269,1363,512,988,476
2017-18,Transition,22017,1610612759,SAS,San Antonio Spurs,Defensive,0.793,82,0.149,1.063,0.522,0.119,0.13,0.111,0.026,0.49,0.581,1294,1376,523,1001,478
2017-18,Transition,22017,1610612761,TOR,Toronto Raptors,Defensive,1,82,0.15,1.028,0.499,0.133,0.131,0.116,0.027,0.476,0.561,1341,1378,509,1021,512
2017-18,Transition,22017,1610612748,MIA,Miami Heat,Defensive,0.69,82,0.146,1.076,0.504,0.129,0.119,0.114,0.025,0.49,0.571,1282,1380,501,995,494
2017-18,Transition,22017,1610612751,BKN,Brooklyn Nets,Defensive,0.966,82,0.146,1.039,0.499,0.133,0.118,0.122,0.032,0.481,0.551,1332,1384,518,1039,521
2017-18,Transition,22017,1610612741,CHI,Chicago Bulls,Defensive,0,82,0.139,1.154,0.556,0.138,0.125,0.128,0.036,0.522,0.63,1230,1420,528,950,422
2017-18,Transition,22017,1610612763,MEM,Memphis Grizzlies,Defensive,0.414,82,0.149,1.105,0.54,0.139,0.148,0.116,0.032,0.505,0.61,1289,1424,517,958,441
2017-18,Transition,22017,1610612737,ATL,Atlanta Hawks,Defensive,0.862,82,0.152,1.045,0.512,0.112,0.153,0.105,0.031,0.468,0.583,1367,1428,536,1047,511
2017-18,Transition,22017,1610612747,LAL,Los Angeles Lakers,Defensive,0.448,82,0.141,1.099,0.535,0.139,0.137,0.127,0.031,0.503,0.607,1303,1432,525,982,457
2017-18,Transition,22017,1610612758,SAC,Sacramento Kings,Defensive,0.276,82,0.151,1.123,0.548,0.144,0.136,0.129,0.032,0.518,0.623,1306,1467,538,982,444
2017-18,Transition,22017,1610612753,ORL,Orlando Magic,Defensive,0.172,82,0.145,1.128,0.538,0.143,0.122,0.135,0.042,0.514,0.607,1308,1475,546,1015,469
2017-18,Transition,22017,1610612764,WAS,Washington Wizards,Defensive,0.759,82,0.156,1.071,0.517,0.133,0.121,0.128,0.032,0.496,0.574,1386,1485,555,1074,519
2017-18,Transition,22017,1610612743,DEN,Denver Nuggets,Defensive,0.034,82,0.148,1.152,0.567,0.11,0.129,0.098,0.03,0.523,0.638,1322,1523,593,1045,452
2017-18,Transition,22017,1610612755,PHI,Philadelphia 76ers,Defensive,0.931,82,0.16,1.041,0.482,0.161,0.123,0.146,0.032,0.48,0.548,1468,1528,529,1098,569
2017-18,Transition,22017,1610612752,NYK,New York Knicks,Defensive,0.552,82,0.159,1.085,0.52,0.143,0.123,0.132,0.036,0.502,0.582,1424,1545,570,1096,526
2017-18,Transition,22017,1610612744,GSW,Golden State Warriors,Defensive,0.517,82,0.154,1.091,0.514,0.123,0.11,0.112,0.03,0.498,0.583,1421,1551,581,1131,550
2017-18,Transition,22017,1610612746,LAC,LA Clippers,Defensive,0.379,82,0.156,1.106,0.525,0.137,0.116,0.127,0.025,0.513,0.587,1420,1570,573,1092,519
2017-18,Transition,22017,1610612740,NOP,New Orleans Pelicans,Defensive,0.241,82,0.15,1.124,0.537,0.126,0.127,0.108,0.036,0.504,0.611,1402,1576,588,1095,507
2017-18,Transition,22017,1610612739,CLE,Cleveland Cavaliers,Defensive,0.345,82,0.159,1.11,0.54,0.101,0.124,0.092,0.02,0.505,0.613,1422,1578,610,1130,520
2017-18,Transition,22017,1610612745,HOU,Houston Rockets,Defensive,0.483,82,0.163,1.096,0.535,0.115,0.128,0.102,0.036,0.499,0.595,1444,1582,611,1143,532
2017-18,Transition,22017,1610612750,MIN,Minnesota Timberwolves,Defensive,0.31,82,0.168,1.115,0.552,0.126,0.14,0.113,0.03,0.51,0.617,1482,1652,625,1132,507
2017-18,Transition,22017,1610612756,PHX,Phoenix Suns,Defensive,0.103,82,0.163,1.135,0.541,0.142,0.124,0.123,0.032,0.516,0.611,1496,1698,620,1146,526
2017-18,PRBallHandler,22017,1610612760,OKC,Oklahoma City Thunder,Defensive,1,82,0.124,0.771,0.414,0.096,0.242,0.077,0.013,0.36,0.459,1101,849,307,741,434
2017-18,PRBallHandler,22017,1610612765,DET,Detroit Pistons,Defensive,0.931,82,0.14,0.79,0.429,0.094,0.214,0.077,0.017,0.379,0.455,1224,967,372,867,495
2017-18,PRBallHandler,22017,1610612745,HOU,Houston Rockets,Defensive,0.621,82,0.133,0.831,0.427,0.084,0.183,0.069,0.014,0.385,0.475,1174,976,374,875,501
2017-18,PRBallHandler,22017,1610612749,MIL,Milwaukee Bucks,Defensive,0.862,82,0.149,0.798,0.418,0.095,0.212,0.073,0.022,0.37,0.46,1323,1056,395,945,550
2017-18,PRBallHandler,22017,1610612739,CLE,Cleveland Cavaliers,Defensive,0.586,82,0.143,0.834,0.413,0.08,0.157,0.07,0.021,0.38,0.463,1285,1072,416,1007,591
2017-18,PRBallHandler,22017,1610612741,CHI,Chicago Bulls,Defensive,0.552,82,0.149,0.838,0.422,0.09,0.181,0.073,0.018,0.386,0.464,1318,1104,415,984,569
2017-18,PRBallHandler,22017,1610612746,LAC,LA Clippers,Defensive,0.759,82,0.156,0.805,0.388,0.087,0.152,0.07,0.013,0.371,0.432,1415,1139,425,1095,670
2017-18,PRBallHandler,22017,1610612764,WAS,Washington Wizards,Defensive,0.414,82,0.154,0.844,0.422,0.1,0.176,0.084,0.018,0.391,0.467,1366,1153,427,1013,586
2017-18,PRBallHandler,22017,1610612754,IND,Indiana Pacers,Defensive,0.724,82,0.164,0.811,0.417,0.09,0.185,0.076,0.017,0.379,0.452,1446,1173,447,1073,626
2017-18,PRBallHandler,22017,1610612744,GSW,Golden State Warriors,Defensive,0.793,82,0.16,0.799,0.387,0.103,0.16,0.087,0.022,0.368,0.432,1477,1180,434,1121,687
2017-18,PRBallHandler,22017,1610612743,DEN,Denver Nuggets,Defensive,0.172,82,0.157,0.874,0.448,0.091,0.17,0.072,0.015,0.408,0.49,1396,1220,471,1052,581
2017-18,PRBallHandler,22017,1610612738,BOS,Boston Celtics,Defensive,0.966,82,0.18,0.777,0.382,0.085,0.148,0.076,0.016,0.365,0.416,1586,1233,474,1241,767
2017-18,PRBallHandler,22017,1610612752,NYK,New York Knicks,Defensive,0.517,82,0.165,0.838,0.409,0.1,0.15,0.087,0.018,0.392,0.448,1476,1237,462,1130,668
2017-18,PRBallHandler,22017,1610612750,MIN,Minnesota Timberwolves,Defensive,0.448,82,0.166,0.843,0.433,0.096,0.18,0.086,0.02,0.397,0.471,1470,1239,474,1095,621
2017-18,PRBallHandler,22017,1610612758,SAC,Sacramento Kings,Defensive,0.103,82,0.165,0.905,0.452,0.108,0.178,0.097,0.02,0.414,0.51,1426,1290,472,1045,573
2017-18,PRBallHandler,22017,1610612761,TOR,Toronto Raptors,Defensive,0.69,82,0.176,0.823,0.414,0.086,0.157,0.078,0.018,0.385,0.452,1576,1297,505,1220,715
2017-18,PRBallHandler,22017,1610612747,LAL,Los Angeles Lakers,Defensive,0.276,82,0.166,0.861,0.427,0.093,0.134,0.085,0.021,0.406,0.46,1536,1322,520,1219,699
2017-18,PRBallHandler,22017,1610612763,MEM,Memphis Grizzlies,Defensive,0.241,82,0.177,0.866,0.419,0.111,0.155,0.088,0.012,0.407,0.46,1528,1323,477,1139,662
2017-18,PRBallHandler,22017,1610612740,NOP,New Orleans Pelicans,Defensive,0.897,82,0.181,0.794,0.4,0.08,0.16,0.065,0.012,0.373,0.434,1696,1347,523,1309,786
2017-18,PRBallHandler,22017,1610612759,SAS,San Antonio Spurs,Defensive,0.379,82,0.186,0.845,0.426,0.063,0.131,0.054,0.011,0.399,0.459,1613,1363,561,1318,757
2017-18,PRBallHandler,22017,1610612753,ORL,Orlando Magic,Defensive,0.345,82,0.178,0.851,0.433,0.082,0.159,0.078,0.014,0.401,0.47,1604,1365,537,1239,702
2017-18,PRBallHandler,22017,1610612762,UTA,Utah Jazz,Defensive,0.828,82,0.196,0.798,0.401,0.08,0.157,0.072,0.016,0.373,0.437,1710,1365,534,1333,799
2017-18,PRBallHandler,22017,1610612755,PHI,Philadelphia 76ers,Defensive,0.483,82,0.177,0.84,0.413,0.101,0.138,0.088,0.015,0.403,0.447,1629,1369,522,1263,741
2017-18,PRBallHandler,22017,1610612737,ATL,Atlanta Hawks,Defensive,0,82,0.167,0.914,0.459,0.089,0.151,0.075,0.021,0.425,0.495,1502,1373,538,1172,634
2017-18,PRBallHandler,22017,1610612742,DAL,Dallas Mavericks,Defensive,0.034,82,0.177,0.906,0.441,0.094,0.135,0.082,0.016,0.421,0.487,1540,1396,534,1211,677
2017-18,PRBallHandler,22017,1610612748,MIA,Miami Heat,Defensive,0.655,82,0.197,0.825,0.411,0.092,0.141,0.083,0.02,0.393,0.443,1730,1428,559,1360,801
2017-18,PRBallHandler,22017,1610612766,CHA,Charlotte Hornets,Defensive,0.207,82,0.186,0.872,0.453,0.079,0.162,0.066,0.014,0.413,0.486,1652,1440,579,1278,699
2017-18,PRBallHandler,22017,1610612756,PHX,Phoenix Suns,Defensive,0.138,82,0.18,0.884,0.437,0.088,0.135,0.075,0.016,0.415,0.479,1650,1458,572,1308,736
2017-18,PRBallHandler,22017,1610612757,POR,Portland Trail Blazers,Defensive,0.31,82,0.207,0.859,0.421,0.092,0.119,0.079,0.015,0.412,0.448,1827,1570,618,1467,849
2017-18,PRBallHandler,22017,1610612751,BKN,Brooklyn Nets,Defensive,0.069,82,0.223,0.906,0.437,0.08,0.094,0.072,0.015,0.429,0.469,2042,1850,749,1715,966
2017-18,PRRollMan,22017,1610612745,HOU,Houston Rockets,Defensive,0.069,82,0.041,1.148,0.567,0.132,0.06,0.121,0.036,0.563,0.593,364,418,174,307,133
2017-18,PRRollMan,22017,1610612742,DAL,Dallas Mavericks,Defensive,0.414,82,0.054,1.091,0.531,0.132,0.1,0.127,0.051,0.51,0.576,471,514,205,386,181
2017-18,PRRollMan,22017,1610612744,GSW,Golden State Warriors,Defensive,0.31,82,0.052,1.105,0.525,0.132,0.061,0.126,0.036,0.532,0.556,476,526,210,400,190
2017-18,PRRollMan,22017,1610612755,PHI,Philadelphia 76ers,Defensive,1,82,0.062,0.944,0.446,0.108,0.07,0.103,0.012,0.459,0.484,573,541,213,478,265
2017-18,PRRollMan,22017,1610612764,WAS,Washington Wizards,Defensive,0.655,82,0.058,1.06,0.524,0.164,0.094,0.148,0.043,0.519,0.558,513,544,211,403,192
2017-18,PRRollMan,22017,1610612760,OKC,Oklahoma City Thunder,Defensive,0.793,82,0.06,1.036,0.498,0.121,0.094,0.119,0.032,0.489,0.543,530,549,215,432,217
2017-18,PRRollMan,22017,1610612746,LAC,LA Clippers,Defensive,0.379,82,0.056,1.092,0.53,0.114,0.073,0.106,0.033,0.518,0.563,510,557,229,432,203
2017-18,PRRollMan,22017,1610612749,MIL,Milwaukee Bucks,Defensive,0.759,82,0.061,1.039,0.515,0.12,0.102,0.116,0.037,0.492,0.543,541,562,227,441,214
2017-18,PRRollMan,22017,1610612756,PHX,Phoenix Suns,Defensive,0.862,82,0.06,1.022,0.48,0.108,0.061,0.108,0.016,0.492,0.512,555,567,225,469,244
2017-18,PRRollMan,22017,1610612747,LAL,Los Angeles Lakers,Defensive,0.724,82,0.061,1.05,0.515,0.089,0.08,0.084,0.02,0.501,0.549,561,589,246,478,232
2017-18,PRRollMan,22017,1610612761,TOR,Toronto Raptors,Defensive,0.966,82,0.067,0.992,0.469,0.113,0.072,0.105,0.022,0.478,0.498,600,595,235,501,266
2017-18,PRRollMan,22017,1610612763,MEM,Memphis Grizzlies,Defensive,0.138,82,0.061,1.135,0.541,0.146,0.068,0.131,0.04,0.548,0.584,526,597,235,434,199
2017-18,PRRollMan,22017,1610612757,POR,Portland Trail Blazers,Defensive,0.828,82,0.069,1.03,0.485,0.113,0.074,0.112,0.021,0.488,0.537,608,626,246,507,261
2017-18,PRRollMan,22017,1610612759,SAS,San Antonio Spurs,Defensive,0.483,82,0.067,1.08,0.502,0.123,0.053,0.12,0.024,0.52,0.542,585,632,249,496,247
2017-18,PRRollMan,22017,1610612738,BOS,Boston Celtics,Defensive,0.621,82,0.068,1.064,0.518,0.124,0.087,0.119,0.039,0.505,0.554,596,634,255,492,237
2017-18,PRRollMan,22017,1610612750,MIN,Minnesota Timberwolves,Defensive,0.345,82,0.066,1.101,0.516,0.124,0.067,0.12,0.033,0.522,0.559,582,641,253,490,237
2017-18,PRRollMan,22017,1610612758,SAC,Sacramento Kings,Defensive,0.448,82,0.069,1.082,0.496,0.13,0.071,0.128,0.03,0.5,0.553,594,643,244,492,248
2017-18,PRRollMan,22017,1610612753,ORL,Orlando Magic,Defensive,0.276,82,0.067,1.109,0.536,0.117,0.077,0.113,0.025,0.53,0.567,608,674,270,504,234
2017-18,PRRollMan,22017,1610612743,DEN,Denver Nuggets,Defensive,0.517,82,0.072,1.072,0.525,0.122,0.091,0.117,0.019,0.517,0.567,640,686,271,516,245
2017-18,PRRollMan,22017,1610612741,CHI,Chicago Bulls,Defensive,0.034,82,0.067,1.159,0.542,0.126,0.062,0.115,0.029,0.545,0.592,593,687,270,498,228
2017-18,PRRollMan,22017,1610612739,CLE,Cleveland Cavaliers,Defensive,0,82,0.064,1.192,0.601,0.132,0.092,0.132,0.029,0.581,0.635,577,688,279,464,185
2017-18,PRRollMan,22017,1610612754,IND,Indiana Pacers,Defensive,0.552,82,0.073,1.07,0.526,0.093,0.089,0.098,0.028,0.5,0.571,644,689,285,542,257
2017-18,PRRollMan,22017,1610612762,UTA,Utah Jazz,Defensive,0.931,82,0.079,1.006,0.466,0.1,0.057,0.094,0.031,0.468,0.506,688,692,280,601,321
2017-18,PRRollMan,22017,1610612740,NOP,New Orleans Pelicans,Defensive,0.586,82,0.071,1.065,0.499,0.115,0.074,0.116,0.03,0.496,0.55,663,706,277,555,278
2017-18,PRRollMan,22017,1610612752,NYK,New York Knicks,Defensive,0.241,82,0.073,1.113,0.529,0.127,0.087,0.121,0.026,0.523,0.58,654,728,281,531,250
2017-18,PRRollMan,22017,1610612737,ATL,Atlanta Hawks,Defensive,0.897,82,0.08,1.014,0.474,0.091,0.075,0.087,0.018,0.468,0.526,724,734,292,616,324
2017-18,PRRollMan,22017,1610612751,BKN,Brooklyn Nets,Defensive,0.207,82,0.072,1.122,0.523,0.116,0.059,0.113,0.04,0.527,0.564,657,737,297,568,271
2017-18,PRRollMan,22017,1610612765,DET,Detroit Pistons,Defensive,0.69,82,0.08,1.06,0.507,0.092,0.1,0.082,0.03,0.484,0.555,699,741,297,586,289
2017-18,PRRollMan,22017,1610612766,CHA,Charlotte Hornets,Defensive,0.172,82,0.078,1.124,0.535,0.083,0.069,0.076,0.023,0.519,0.586,696,782,324,606,282
2017-18,PRRollMan,22017,1610612748,MIA,Miami Heat,Defensive,0.103,82,0.078,1.147,0.525,0.145,0.06,0.14,0.038,0.542,0.567,685,786,300,571,271
2017-18,Postup,22017,1610612766,CHA,Charlotte Hornets,Defensive,0.931,82,0.044,0.817,0.433,0.1,0.131,0.082,0.015,0.424,0.433,389,318,132,305,173
2017-18,Postup,22017,1610612750,MIN,Minnesota Timberwolves,Defensive,0.586,82,0.048,0.878,0.478,0.16,0.178,0.146,0.028,0.446,0.478,426,374,140,293,153
2017-18,Postup,22017,1610612759,SAS,San Antonio Spurs,Defensive,0.966,82,0.055,0.805,0.433,0.11,0.143,0.091,0.027,0.41,0.433,481,387,161,372,211
2017-18,Postup,22017,1610612752,NYK,New York Knicks,Defensive,0.724,82,0.051,0.85,0.44,0.139,0.139,0.105,0.017,0.436,0.44,459,390,149,339,190
2017-18,Postup,22017,1610612760,OKC,Oklahoma City Thunder,Defensive,0.793,82,0.053,0.84,0.442,0.128,0.143,0.111,0.03,0.427,0.442,468,393,156,353,197
2017-18,Postup,22017,1610612763,MEM,Memphis Grizzlies,Defensive,0.69,82,0.056,0.863,0.415,0.199,0.117,0.166,0.051,0.441,0.415,488,421,149,359,210
2017-18,Postup,22017,1610612754,IND,Indiana Pacers,Defensive,0.621,82,0.056,0.874,0.47,0.108,0.132,0.094,0.029,0.44,0.47,491,429,182,387,205
2017-18,Postup,22017,1610612737,ATL,Atlanta Hawks,Defensive,0.069,82,0.052,0.946,0.5,0.151,0.131,0.134,0.037,0.483,0.5,464,439,175,350,175
2017-18,Postup,22017,1610612748,MIA,Miami Heat,Defensive,0.897,82,0.061,0.821,0.42,0.151,0.134,0.13,0.03,0.421,0.42,537,441,168,400,232
2017-18,Postup,22017,1610612765,DET,Detroit Pistons,Defensive,0.828,82,0.06,0.839,0.449,0.098,0.129,0.087,0.025,0.422,0.449,528,443,189,421,232
2017-18,Postup,22017,1610612762,UTA,Utah Jazz,Defensive,0.759,82,0.061,0.844,0.448,0.146,0.152,0.126,0.032,0.433,0.448,533,450,175,391,216
2017-18,Postup,22017,1610612758,SAC,Sacramento Kings,Defensive,0.138,82,0.057,0.927,0.484,0.145,0.122,0.124,0.024,0.475,0.484,491,455,180,372,192
2017-18,Postup,22017,1610612753,ORL,Orlando Magic,Defensive,0.448,82,0.058,0.888,0.463,0.139,0.127,0.131,0.038,0.452,0.463,527,468,188,406,218
2017-18,Postup,22017,1610612749,MIL,Milwaukee Bucks,Defensive,0.103,82,0.057,0.929,0.484,0.18,0.13,0.15,0.038,0.482,0.484,506,470,177,366,189
2017-18,Postup,22017,1610612755,PHI,Philadelphia 76ers,Defensive,0.345,82,0.058,0.91,0.458,0.175,0.121,0.142,0.037,0.461,0.458,536,488,182,397,215
2017-18,Postup,22017,1610612746,LAC,LA Clippers,Defensive,1,82,0.067,0.799,0.413,0.126,0.154,0.11,0.023,0.404,0.413,611,488,187,453,266
2017-18,Postup,22017,1610612744,GSW,Golden State Warriors,Defensive,0.862,82,0.065,0.828,0.434,0.138,0.16,0.11,0.018,0.425,0.434,600,497,187,431,244
2017-18,Postup,22017,1610612739,CLE,Cleveland Cavaliers,Defensive,0.483,82,0.064,0.887,0.464,0.116,0.127,0.099,0.024,0.455,0.464,576,511,209,450,241
2017-18,Postup,22017,1610612761,TOR,Toronto Raptors,Defensive,0.517,82,0.065,0.883,0.459,0.138,0.126,0.121,0.024,0.455,0.459,580,512,202,440,238
2017-18,Postup,22017,1610612738,BOS,Boston Celtics,Defensive,0.414,82,0.066,0.893,0.458,0.123,0.116,0.1,0.028,0.45,0.458,578,516,209,456,247
2017-18,Postup,22017,1610612764,WAS,Washington Wizards,Defensive,0.31,82,0.065,0.913,0.483,0.129,0.13,0.106,0.035,0.459,0.483,575,525,214,443,229
2017-18,Postup,22017,1610612751,BKN,Brooklyn Nets,Defensive,0.241,82,0.065,0.914,0.464,0.145,0.108,0.12,0.02,0.471,0.464,592,541,210,453,243
2017-18,Postup,22017,1610612741,CHI,Chicago Bulls,Defensive,0,82,0.065,0.972,0.497,0.136,0.099,0.113,0.026,0.492,0.497,573,557,225,453,228
2017-18,Postup,22017,1610612743,DEN,Denver Nuggets,Defensive,0.379,82,0.07,0.896,0.472,0.155,0.147,0.137,0.041,0.456,0.472,627,562,219,464,245
2017-18,Postup,22017,1610612757,POR,Portland Trail Blazers,Defensive,0.207,82,0.073,0.921,0.462,0.155,0.102,0.141,0.02,0.473,0.462,647,596,228,493,265
2017-18,Postup,22017,1610612740,NOP,New Orleans Pelicans,Defensive,0.172,82,0.069,0.924,0.471,0.128,0.106,0.119,0.034,0.469,0.471,648,599,244,518,274
2017-18,Postup,22017,1610612747,LAL,Los Angeles Lakers,Defensive,0.655,82,0.075,0.863,0.456,0.135,0.14,0.115,0.026,0.441,0.456,694,599,237,520,283
2017-18,Postup,22017,1610612756,PHX,Phoenix Suns,Defensive,0.034,82,0.071,0.955,0.496,0.16,0.121,0.132,0.025,0.495,0.496,651,622,240,484,244
2017-18,Postup,22017,1610612745,HOU,Houston Rockets,Defensive,0.552,82,0.089,0.88,0.478,0.114,0.141,0.096,0.029,0.447,0.478,789,694,292,611,319
2017-18,Postup,22017,1610612742,DAL,Dallas Mavericks,Defensive,0.276,82,0.096,0.914,0.486,0.144,0.137,0.125,0.026,0.466,0.486,833,761,301,619,318
2017-18,Spotup,22017,1610612751,BKN,Brooklyn Nets,Defensive,0,82,0.137,1.066,0.421,0.053,0.05,0.05,0.016,0.42,0.545,1249,1332,480,1139,659
2017-18,Spotup,22017,1610612757,POR,Portland Trail Blazers,Defensive,0.621,82,0.17,0.999,0.392,0.046,0.063,0.045,0.012,0.385,0.52,1503,1502,532,1357,825
2017-18,Spotup,22017,1610612762,UTA,Utah Jazz,Defensive,0.138,82,0.17,1.043,0.408,0.05,0.061,0.045,0.009,0.406,0.536,1479,1543,542,1328,786
2017-18,Spotup,22017,1610612748,MIA,Miami Heat,Defensive,0.483,82,0.175,1.014,0.398,0.063,0.07,0.058,0.009,0.4,0.524,1539,1560,535,1345,810
2017-18,Spotup,22017,1610612759,SAS,San Antonio Spurs,Defensive,0.793,82,0.188,0.988,0.385,0.042,0.05,0.036,0.011,0.383,0.505,1631,1611,577,1498,921
2017-18,Spotup,22017,1610612738,BOS,Boston Celtics,Defensive,1,82,0.191,0.957,0.373,0.052,0.064,0.048,0.011,0.372,0.494,1686,1613,563,1508,945
2017-18,Spotup,22017,1610612761,TOR,Toronto Raptors,Defensive,0.724,82,0.183,0.993,0.395,0.053,0.062,0.045,0.009,0.396,0.513,1637,1625,579,1464,885
2017-18,Spotup,22017,1610612755,PHI,Philadelphia 76ers,Defensive,0.966,82,0.185,0.958,0.372,0.042,0.059,0.039,0.01,0.369,0.493,1703,1631,575,1547,972
2017-18,Spotup,22017,1610612742,DAL,Dallas Mavericks,Defensive,0.69,82,0.194,0.995,0.388,0.037,0.06,0.036,0.009,0.379,0.518,1686,1677,597,1538,941
2017-18,Spotup,22017,1610612753,ORL,Orlando Magic,Defensive,0.897,82,0.194,0.971,0.385,0.045,0.075,0.042,0.007,0.378,0.512,1752,1701,599,1555,956
2017-18,Spotup,22017,1610612740,NOP,New Orleans Pelicans,Defensive,0.448,82,0.181,1.014,0.398,0.044,0.064,0.04,0.004,0.394,0.528,1700,1724,607,1524,917
2017-18,Spotup,22017,1610612764,WAS,Washington Wizards,Defensive,0.862,82,0.2,0.974,0.382,0.051,0.068,0.046,0.011,0.378,0.507,1780,1734,607,1587,980
2017-18,Spotup,22017,1610612747,LAL,Los Angeles Lakers,Defensive,0.931,82,0.195,0.969,0.375,0.055,0.06,0.051,0.014,0.375,0.495,1811,1754,611,1628,1017
2017-18,Spotup,22017,1610612750,MIN,Minnesota Timberwolves,Defensive,0.517,82,0.199,1.013,0.396,0.026,0.056,0.025,0.006,0.384,0.529,1758,1781,642,1623,981
2017-18,Spotup,22017,1610612756,PHX,Phoenix Suns,Defensive,0.241,82,0.19,1.035,0.396,0.046,0.046,0.038,0.007,0.399,0.529,1744,1805,632,1595,963
2017-18,Spotup,22017,1610612763,MEM,Memphis Grizzlies,Defensive,0.31,82,0.204,1.029,0.4,0.067,0.07,0.061,0.013,0.4,0.536,1767,1818,619,1548,929
2017-18,Spotup,22017,1610612744,GSW,Golden State Warriors,Defensive,0.655,82,0.2,0.996,0.388,0.055,0.055,0.05,0.011,0.393,0.505,1844,1837,645,1662,1017
2017-18,Spotup,22017,1610612745,HOU,Houston Rockets,Defensive,0.414,82,0.205,1.02,0.397,0.055,0.055,0.052,0.012,0.399,0.524,1808,1844,647,1629,982
2017-18,Spotup,22017,1610612737,ATL,Atlanta Hawks,Defensive,0.586,82,0.206,1.006,0.387,0.038,0.059,0.034,0.009,0.381,0.52,1858,1870,657,1696,1039
2017-18,Spotup,22017,1610612758,SAC,Sacramento Kings,Defensive,0.207,82,0.209,1.039,0.404,0.046,0.061,0.043,0.008,0.4,0.538,1807,1877,658,1628,970
2017-18,Spotup,22017,1610612746,LAC,LA Clippers,Defensive,0.379,82,0.203,1.022,0.403,0.042,0.067,0.038,0.01,0.393,0.534,1846,1886,669,1662,993
2017-18,Spotup,22017,1610612766,CHA,Charlotte Hornets,Defensive,0.345,82,0.209,1.023,0.397,0.048,0.058,0.044,0.011,0.395,0.526,1851,1894,666,1676,1010
2017-18,Spotup,22017,1610612749,MIL,Milwaukee Bucks,Defensive,0.552,82,0.216,1.008,0.4,0.047,0.076,0.043,0.01,0.389,0.529,1916,1931,680,1699,1019
2017-18,Spotup,22017,1610612754,IND,Indiana Pacers,Defensive,0.276,82,0.214,1.032,0.404,0.05,0.062,0.046,0.012,0.398,0.535,1889,1950,686,1699,1013
2017-18,Spotup,22017,1610612743,DEN,Denver Nuggets,Defensive,0.069,82,0.207,1.06,0.419,0.05,0.056,0.047,0.012,0.415,0.547,1845,1956,700,1670,970
2017-18,Spotup,22017,1610612752,NYK,New York Knicks,Defensive,0.172,82,0.212,1.042,0.406,0.042,0.067,0.036,0.008,0.397,0.543,1900,1979,693,1709,1016
2017-18,Spotup,22017,1610612739,CLE,Cleveland Cavaliers,Defensive,0.103,82,0.212,1.045,0.413,0.048,0.065,0.046,0.012,0.406,0.541,1900,1985,705,1707,1002
2017-18,Spotup,22017,1610612765,DET,Detroit Pistons,Defensive,0.828,82,0.245,0.976,0.377,0.042,0.07,0.039,0.008,0.37,0.509,2149,2098,727,1926,1199
2017-18,Spotup,22017,1610612760,OKC,Oklahoma City Thunder,Defensive,0.759,82,0.242,0.992,0.385,0.044,0.059,0.04,0.011,0.381,0.51,2140,2122,749,1944,1195
2017-18,Spotup,22017,1610612741,CHI,Chicago Bulls,Defensive,0.034,82,0.233,1.064,0.409,0.043,0.055,0.041,0.013,0.403,0.548,2060,2191,770,1884,1114
2017-18,Handoff,22017,1610612745,HOU,Houston Rockets,Defensive,0.966,82,0.041,0.816,0.364,0.047,0.126,0.044,0.011,0.335,0.451,364,297,111,305,194
2017-18,Handoff,22017,1610612760,OKC,Oklahoma City Thunder,Defensive,1,82,0.045,0.795,0.381,0.063,0.165,0.058,0.013,0.342,0.452,395,314,118,310,192
2017-18,Handoff,22017,1610612743,DEN,Denver Nuggets,Defensive,0.897,82,0.042,0.84,0.378,0.077,0.136,0.069,0.011,0.363,0.453,375,315,113,299,186
2017-18,Handoff,22017,1610612765,DET,Detroit Pistons,Defensive,0.31,82,0.04,0.937,0.447,0.08,0.151,0.071,0.011,0.417,0.516,350,328,122,273,151
2017-18,Handoff,22017,1610612752,NYK,New York Knicks,Defensive,0.759,82,0.045,0.86,0.378,0.076,0.094,0.067,0.017,0.374,0.446,406,349,130,344,214
2017-18,Handoff,22017,1610612747,LAL,Los Angeles Lakers,Defensive,0.828,82,0.045,0.85,0.38,0.06,0.093,0.053,0.014,0.368,0.445,419,356,137,361,224
2017-18,Handoff,22017,1610612741,CHI,Chicago Bulls,Defensive,0.862,82,0.048,0.844,0.373,0.069,0.123,0.064,0.012,0.357,0.444,423,357,129,346,217
2017-18,Handoff,22017,1610612754,IND,Indiana Pacers,Defensive,0.621,82,0.047,0.871,0.401,0.066,0.131,0.061,0.002,0.379,0.471,412,359,133,332,199
2017-18,Handoff,22017,1610612746,LAC,LA Clippers,Defensive,0.172,82,0.042,0.945,0.449,0.092,0.136,0.079,0.024,0.423,0.515,381,360,136,303,167
2017-18,Handoff,22017,1610612755,PHI,Philadelphia 76ers,Defensive,0.69,82,0.045,0.866,0.363,0.103,0.094,0.086,0.022,0.374,0.439,417,361,125,344,219
2017-18,Handoff,22017,1610612761,TOR,Toronto Raptors,Defensive,0.655,82,0.047,0.868,0.394,0.09,0.113,0.078,0.012,0.389,0.45,424,368,135,343,208
2017-18,Handoff,22017,1610612749,MIL,Milwaukee Bucks,Defensive,0.483,82,0.047,0.9,0.4,0.079,0.103,0.065,0.019,0.395,0.463,418,376,140,350,210
2017-18,Handoff,22017,1610612744,GSW,Golden State Warriors,Defensive,0.793,82,0.048,0.853,0.374,0.054,0.081,0.048,0.007,0.369,0.439,442,377,144,385,241
2017-18,Handoff,22017,1610612750,MIN,Minnesota Timberwolves,Defensive,0.414,82,0.047,0.928,0.436,0.06,0.133,0.058,0.01,0.403,0.506,414,384,147,337,190
2017-18,Handoff,22017,1610612759,SAS,San Antonio Spurs,Defensive,0.241,82,0.048,0.942,0.454,0.068,0.133,0.065,0.017,0.419,0.515,413,389,152,335,183
2017-18,Handoff,22017,1610612738,BOS,Boston Celtics,Defensive,0.724,82,0.052,0.862,0.387,0.072,0.109,0.068,0.015,0.38,0.446,458,395,148,382,234
2017-18,Handoff,22017,1610612739,CLE,Cleveland Cavaliers,Defensive,0.207,82,0.047,0.943,0.408,0.045,0.105,0.038,0.007,0.388,0.504,420,396,147,360,213
2017-18,Handoff,22017,1610612748,MIA,Miami Heat,Defensive,0.517,82,0.052,0.884,0.393,0.097,0.105,0.092,0.015,0.396,0.45,455,402,145,369,224
2017-18,Handoff,22017,1610612756,PHX,Phoenix Suns,Defensive,0.138,82,0.047,0.951,0.421,0.093,0.093,0.077,0.012,0.427,0.484,429,408,149,354,205
2017-18,Handoff,22017,1610612764,WAS,Washington Wizards,Defensive,0.448,82,0.05,0.915,0.419,0.089,0.136,0.083,0.025,0.397,0.494,448,410,150,358,208
2017-18,Handoff,22017,1610612742,DAL,Dallas Mavericks,Defensive,0,82,0.045,1.059,0.483,0.066,0.105,0.054,0.018,0.458,0.566,391,414,160,331,171
2017-18,Handoff,22017,1610612763,MEM,Memphis Grizzlies,Defensive,0.069,82,0.048,1.012,0.432,0.112,0.103,0.1,0.021,0.437,0.509,419,424,146,338,192
2017-18,Handoff,22017,1610612753,ORL,Orlando Magic,Defensive,0.379,82,0.051,0.931,0.425,0.084,0.119,0.069,0.013,0.413,0.487,463,431,159,374,215
2017-18,Handoff,22017,1610612740,NOP,New Orleans Pelicans,Defensive,0.931,82,0.056,0.825,0.379,0.057,0.099,0.051,0.017,0.366,0.431,527,435,172,454,282
2017-18,Handoff,22017,1610612762,UTA,Utah Jazz,Defensive,0.276,82,0.054,0.938,0.411,0.072,0.104,0.066,0.015,0.4,0.489,470,441,162,394,232
2017-18,Handoff,22017,1610612757,POR,Portland Trail Blazers,Defensive,0.552,82,0.058,0.883,0.408,0.057,0.106,0.051,0.016,0.386,0.47,511,451,178,436,258
2017-18,Handoff,22017,1610612758,SAC,Sacramento Kings,Defensive,0.034,82,0.052,1.018,0.461,0.046,0.117,0.026,0.007,0.426,0.559,453,461,176,382,206
2017-18,Handoff,22017,1610612737,ATL,Atlanta Hawks,Defensive,0.103,82,0.054,0.982,0.441,0.088,0.097,0.088,0.014,0.437,0.517,487,478,178,404,226
2017-18,Handoff,22017,1610612766,CHA,Charlotte Hornets,Defensive,0.586,82,0.063,0.882,0.4,0.08,0.129,0.077,0.016,0.386,0.465,560,494,181,452,271
2017-18,Handoff,22017,1610612751,BKN,Brooklyn Nets,Defensive,0.345,82,0.06,0.935,0.406,0.085,0.071,0.076,0.013,0.417,0.463,552,516,192,473,281
2017-18,Cut,22017,1610612757,POR,Portland Trail Blazers,Defensive,0.931,82,0.059,1.181,0.59,0.189,0.058,0.181,0.044,0.607,0.59,519,613,245,415,170
2017-18,Cut,22017,1610612748,MIA,Miami Heat,Defensive,0.966,82,0.062,1.169,0.618,0.144,0.092,0.136,0.037,0.587,0.618,543,635,268,434,166
2017-18,Cut,22017,1610612738,BOS,Boston Celtics,Defensive,0.517,82,0.06,1.263,0.656,0.175,0.077,0.167,0.043,0.641,0.656,532,672,276,421,145
2017-18,Cut,22017,1610612762,UTA,Utah Jazz,Defensive,0.828,82,0.065,1.214,0.632,0.141,0.078,0.134,0.03,0.618,0.632,566,687,290,459,169
2017-18,Cut,22017,1610612745,HOU,Houston Rockets,Defensive,0.379,82,0.064,1.287,0.653,0.126,0.044,0.124,0.034,0.647,0.653,564,726,318,487,169
2017-18,Cut,22017,1610612755,PHI,Philadelphia 76ers,Defensive,0.586,82,0.064,1.251,0.644,0.203,0.059,0.195,0.047,0.642,0.644,590,738,299,464,165
2017-18,Cut,22017,1610612742,DAL,Dallas Mavericks,Defensive,0.345,82,0.066,1.297,0.684,0.155,0.077,0.148,0.054,0.649,0.684,573,743,322,471,149
2017-18,Cut,22017,1610612751,BKN,Brooklyn Nets,Defensive,0.552,82,0.065,1.255,0.635,0.165,0.052,0.158,0.044,0.634,0.635,595,747,312,491,179
2017-18,Cut,22017,1610612743,DEN,Denver Nuggets,Defensive,1,82,0.073,1.161,0.601,0.118,0.063,0.116,0.024,0.592,0.601,654,759,332,552,220
2017-18,Cut,22017,1610612740,NOP,New Orleans Pelicans,Defensive,0.897,82,0.068,1.213,0.619,0.135,0.068,0.131,0.035,0.611,0.619,635,770,327,528,201
2017-18,Cut,22017,1610612758,SAC,Sacramento Kings,Defensive,0.276,82,0.068,1.311,0.665,0.148,0.063,0.145,0.053,0.648,0.665,588,771,329,495,166
2017-18,Cut,22017,1610612739,CLE,Cleveland Cavaliers,Defensive,0.655,82,0.071,1.234,0.641,0.125,0.063,0.123,0.027,0.627,0.641,633,781,339,529,190
2017-18,Cut,22017,1610612766,CHA,Charlotte Hornets,Defensive,0.793,82,0.072,1.215,0.621,0.101,0.054,0.1,0.023,0.61,0.621,643,781,346,557,211
2017-18,Cut,22017,1610612754,IND,Indiana Pacers,Defensive,0.172,82,0.068,1.32,0.681,0.156,0.069,0.152,0.054,0.657,0.681,597,788,337,495,158
2017-18,Cut,22017,1610612759,SAS,San Antonio Spurs,Defensive,0.69,82,0.074,1.229,0.619,0.162,0.056,0.161,0.047,0.621,0.619,641,788,328,530,202
2017-18,Cut,22017,1610612764,WAS,Washington Wizards,Defensive,0.034,82,0.07,1.35,0.698,0.172,0.068,0.165,0.04,0.681,0.698,618,834,345,494,149
2017-18,Cut,22017,1610612763,MEM,Memphis Grizzlies,Defensive,0.241,82,0.073,1.314,0.688,0.186,0.069,0.173,0.035,0.671,0.688,636,836,342,497,155
2017-18,Cut,22017,1610612750,MIN,Minnesota Timberwolves,Defensive,0.448,82,0.075,1.272,0.651,0.134,0.053,0.135,0.029,0.642,0.651,659,838,360,553,193
2017-18,Cut,22017,1610612744,GSW,Golden State Warriors,Defensive,0.621,82,0.074,1.244,0.65,0.135,0.07,0.132,0.032,0.633,0.65,684,851,367,565,198
2017-18,Cut,22017,1610612761,TOR,Toronto Raptors,Defensive,0.724,82,0.077,1.229,0.621,0.148,0.062,0.141,0.029,0.625,0.621,694,853,353,568,215
2017-18,Cut,22017,1610612752,NYK,New York Knicks,Defensive,0.103,82,0.073,1.328,0.674,0.168,0.049,0.163,0.045,0.675,0.674,649,862,362,537,175
2017-18,Cut,22017,1610612741,CHI,Chicago Bulls,Defensive,0.31,82,0.075,1.306,0.67,0.142,0.054,0.136,0.045,0.657,0.67,661,863,375,560,185
2017-18,Cut,22017,1610612756,PHX,Phoenix Suns,Defensive,0,82,0.069,1.359,0.68,0.163,0.041,0.157,0.055,0.68,0.68,638,867,368,541,173
2017-18,Cut,22017,1610612747,LAL,Los Angeles Lakers,Defensive,0.862,82,0.078,1.214,0.635,0.136,0.069,0.134,0.039,0.616,0.635,726,881,384,605,221
2017-18,Cut,22017,1610612737,ATL,Atlanta Hawks,Defensive,0.483,82,0.077,1.27,0.653,0.154,0.076,0.151,0.053,0.631,0.653,697,885,374,573,199
2017-18,Cut,22017,1610612765,DET,Detroit Pistons,Defensive,0.759,82,0.083,1.224,0.641,0.126,0.071,0.12,0.027,0.62,0.641,728,891,387,604,217
2017-18,Cut,22017,1610612746,LAC,LA Clippers,Defensive,0.414,82,0.079,1.278,0.664,0.158,0.063,0.152,0.029,0.654,0.664,716,915,384,578,194
2017-18,Cut,22017,1610612753,ORL,Orlando Magic,Defensive,0.138,82,0.077,1.325,0.669,0.146,0.049,0.146,0.045,0.665,0.669,693,918,394,589,195
2017-18,Cut,22017,1610612760,OKC,Oklahoma City Thunder,Defensive,0.207,82,0.082,1.316,0.694,0.129,0.068,0.123,0.039,0.658,0.694,722,950,421,607,186
2017-18,Cut,22017,1610612749,MIL,Milwaukee Bucks,Defensive,0.069,82,0.091,1.333,0.662,0.154,0.042,0.148,0.037,0.67,0.662,805,1073,448,677,229
2017-18,OffScreen,22017,1610612745,HOU,Houston Rockets,Defensive,0.931,82,0.043,0.912,0.376,0.061,0.08,0.051,0.011,0.378,0.471,376,343,123,327,204
2017-18,OffScreen,22017,1610612744,GSW,Golden State Warriors,Defensive,0.897,82,0.046,0.932,0.384,0.078,0.097,0.073,0.021,0.382,0.481,424,395,138,359,221
2017-18,OffScreen,22017,1610612759,SAS,San Antonio Spurs,Defensive,0.759,82,0.05,0.947,0.398,0.081,0.072,0.076,0.009,0.412,0.477,432,409,147,369,222
2017-18,OffScreen,22017,1610612761,TOR,Toronto Raptors,Defensive,0.966,82,0.052,0.886,0.372,0.08,0.082,0.071,0.017,0.378,0.445,465,412,148,398,250
2017-18,OffScreen,22017,1610612746,LAC,LA Clippers,Defensive,1,82,0.055,0.88,0.383,0.038,0.098,0.034,0.008,0.362,0.471,500,440,167,436,269
2017-18,OffScreen,22017,1610612739,CLE,Cleveland Cavaliers,Defensive,0.793,82,0.054,0.938,0.382,0.048,0.066,0.039,0.004,0.384,0.477,482,452,164,429,265
2017-18,OffScreen,22017,1610612764,WAS,Washington Wizards,Defensive,0.724,82,0.054,0.95,0.383,0.067,0.067,0.062,0.019,0.387,0.479,481,457,163,426,263
2017-18,OffScreen,22017,1610612738,BOS,Boston Celtics,Defensive,0.862,82,0.056,0.935,0.39,0.076,0.071,0.065,0.02,0.396,0.467,490,458,167,428,261
2017-18,OffScreen,22017,1610612749,MIL,Milwaukee Bucks,Defensive,0.448,82,0.052,1,0.419,0.074,0.092,0.065,0.017,0.41,0.526,459,459,164,391,227
2017-18,OffScreen,22017,1610612760,OKC,Oklahoma City Thunder,Defensive,0.31,82,0.051,1.022,0.41,0.08,0.06,0.073,0.013,0.425,0.508,452,462,162,395,233
2017-18,OffScreen,22017,1610612747,LAL,Los Angeles Lakers,Defensive,0.586,82,0.051,0.985,0.405,0.055,0.068,0.049,0.011,0.402,0.502,470,463,169,417,248
2017-18,OffScreen,22017,1610612762,UTA,Utah Jazz,Defensive,0.69,82,0.057,0.951,0.404,0.059,0.087,0.057,0.012,0.395,0.496,494,470,173,428,255
2017-18,OffScreen,22017,1610612750,MIN,Minnesota Timberwolves,Defensive,0.379,82,0.053,1.017,0.413,0.054,0.071,0.052,0.011,0.409,0.522,465,473,170,412,242
2017-18,OffScreen,22017,1610612754,IND,Indiana Pacers,Defensive,0.828,82,0.058,0.935,0.394,0.071,0.085,0.065,0.016,0.388,0.489,508,475,172,436,264
2017-18,OffScreen,22017,1610612756,PHX,Phoenix Suns,Defensive,0.138,82,0.051,1.052,0.426,0.082,0.049,0.069,0.015,0.439,0.524,465,489,175,411,236
2017-18,OffScreen,22017,1610612763,MEM,Memphis Grizzlies,Defensive,0.069,82,0.053,1.063,0.392,0.086,0.041,0.076,0.009,0.421,0.509,463,492,160,408,248
2017-18,OffScreen,22017,1610612743,DEN,Denver Nuggets,Defensive,0.172,82,0.053,1.048,0.45,0.048,0.061,0.044,0.013,0.44,0.542,475,498,193,429,236
2017-18,OffScreen,22017,1610612741,CHI,Chicago Bulls,Defensive,0.552,82,0.057,0.99,0.404,0.054,0.087,0.05,0.008,0.395,0.514,504,499,176,436,260
2017-18,OffScreen,22017,1610612752,NYK,New York Knicks,Defensive,0.483,82,0.056,0.998,0.4,0.082,0.06,0.072,0.014,0.417,0.492,501,500,175,437,262
2017-18,OffScreen,22017,1610612755,PHI,Philadelphia 76ers,Defensive,0.517,82,0.055,0.996,0.401,0.073,0.057,0.059,0.02,0.41,0.49,505,503,180,449,269
2017-18,OffScreen,22017,1610612765,DET,Detroit Pistons,Defensive,0.414,82,0.057,1.014,0.421,0.066,0.06,0.064,0.024,0.419,0.516,499,506,188,447,259
2017-18,OffScreen,22017,1610612757,POR,Portland Trail Blazers,Defensive,0.621,82,0.059,0.983,0.406,0.075,0.066,0.068,0.021,0.411,0.496,518,509,185,456,271
2017-18,OffScreen,22017,1610612742,DAL,Dallas Mavericks,Defensive,0.034,82,0.055,1.079,0.446,0.048,0.077,0.044,0.012,0.432,0.563,482,520,191,428,237
2017-18,OffScreen,22017,1610612753,ORL,Orlando Magic,Defensive,0.276,82,0.056,1.036,0.431,0.069,0.055,0.065,0.012,0.44,0.518,507,525,194,450,256
2017-18,OffScreen,22017,1610612740,NOP,New Orleans Pelicans,Defensive,0.655,82,0.058,0.971,0.397,0.048,0.05,0.044,0.009,0.4,0.49,545,529,197,496,299
2017-18,OffScreen,22017,1610612758,SAC,Sacramento Kings,Defensive,0.103,82,0.058,1.058,0.418,0.073,0.052,0.062,0.012,0.431,0.526,504,533,187,447,260
2017-18,OffScreen,22017,1610612748,MIA,Miami Heat,Defensive,0.345,82,0.061,1.02,0.414,0.076,0.054,0.072,0.007,0.426,0.506,540,551,196,474,278
2017-18,OffScreen,22017,1610612737,ATL,Atlanta Hawks,Defensive,0,82,0.056,1.149,0.469,0.08,0.068,0.072,0.012,0.467,0.589,503,578,204,435,231
2017-18,OffScreen,22017,1610612766,CHA,Charlotte Hornets,Defensive,0.241,82,0.064,1.039,0.427,0.051,0.065,0.053,0.014,0.42,0.532,569,591,218,510,292
2017-18,OffScreen,22017,1610612751,BKN,Brooklyn Nets,Defensive,0.207,82,0.063,1.045,0.428,0.07,0.042,0.064,0.014,0.438,0.517,575,601,222,519,297
2017-18,OffRebound,22017,1610612766,CHA,Charlotte Hornets,Defensive,0.207,82,0.04,1.162,0.583,0.109,0.059,0.109,0.034,0.578,0.587,358,416,180,309,129
2017-18,OffRebound,22017,1610612742,DAL,Dallas Mavericks,Defensive,0.552,82,0.044,1.089,0.548,0.16,0.058,0.134,0.029,0.555,0.548,382,416,170,310,140
2017-18,OffRebound,22017,1610612762,UTA,Utah Jazz,Defensive,0.966,82,0.047,1.019,0.527,0.136,0.085,0.127,0.024,0.523,0.532,411,419,174,330,156
2017-18,OffRebound,22017,1610612765,DET,Detroit Pistons,Defensive,0.517,82,0.045,1.097,0.563,0.094,0.066,0.087,0.031,0.546,0.565,392,430,192,341,149
2017-18,OffRebound,22017,1610612763,MEM,Memphis Grizzlies,Defensive,0.862,82,0.048,1.058,0.561,0.148,0.1,0.136,0.027,0.536,0.561,412,436,179,319,140
2017-18,OffRebound,22017,1610612741,CHI,Chicago Bulls,Defensive,0.241,82,0.043,1.158,0.579,0.132,0.063,0.119,0.029,0.58,0.581,379,439,183,316,133
2017-18,OffRebound,22017,1610612758,SAC,Sacramento Kings,Defensive,0.724,82,0.048,1.068,0.531,0.147,0.051,0.143,0.014,0.543,0.536,414,442,179,337,158
2017-18,OffRebound,22017,1610612757,POR,Portland Trail Blazers,Defensive,0.345,82,0.045,1.124,0.56,0.116,0.048,0.101,0.03,0.561,0.56,396,445,192,343,151
2017-18,OffRebound,22017,1610612743,DEN,Denver Nuggets,Defensive,1,82,0.05,1.004,0.525,0.092,0.074,0.08,0.011,0.513,0.528,448,450,199,379,180
2017-18,OffRebound,22017,1610612759,SAS,San Antonio Spurs,Defensive,0.69,82,0.05,1.069,0.545,0.136,0.072,0.125,0.03,0.545,0.545,433,463,194,356,162
2017-18,OffRebound,22017,1610612756,PHX,Phoenix Suns,Defensive,0.897,82,0.049,1.053,0.53,0.116,0.062,0.102,0.036,0.528,0.535,449,473,204,385,181
2017-18,OffRebound,22017,1610612748,MIA,Miami Heat,Defensive,0.586,82,0.05,1.085,0.549,0.137,0.066,0.117,0.025,0.554,0.549,437,474,197,359,162
2017-18,OffRebound,22017,1610612738,BOS,Boston Celtics,Defensive,0.793,82,0.052,1.065,0.541,0.117,0.065,0.112,0.017,0.542,0.547,463,493,209,386,177
2017-18,OffRebound,22017,1610612755,PHI,Philadelphia 76ers,Defensive,0.621,82,0.05,1.08,0.554,0.152,0.078,0.143,0.033,0.544,0.561,461,498,205,370,165
2017-18,OffRebound,22017,1610612737,ATL,Atlanta Hawks,Defensive,0.414,82,0.051,1.108,0.561,0.13,0.061,0.124,0.026,0.57,0.564,461,511,216,385,169
2017-18,OffRebound,22017,1610612753,ORL,Orlando Magic,Defensive,0.931,82,0.055,1.032,0.519,0.095,0.044,0.093,0.022,0.521,0.522,497,513,228,439,211
2017-18,OffRebound,22017,1610612745,HOU,Houston Rockets,Defensive,0.069,82,0.049,1.187,0.605,0.125,0.055,0.122,0.035,0.598,0.612,433,514,224,370,146
2017-18,OffRebound,22017,1610612764,WAS,Washington Wizards,Defensive,0.379,82,0.052,1.11,0.578,0.117,0.071,0.11,0.039,0.557,0.578,463,514,227,393,166
2017-18,OffRebound,22017,1610612761,TOR,Toronto Raptors,Defensive,0.448,82,0.052,1.107,0.554,0.137,0.068,0.124,0.036,0.556,0.555,468,518,215,388,173
2017-18,OffRebound,22017,1610612747,LAL,Los Angeles Lakers,Defensive,0.276,82,0.049,1.148,0.577,0.122,0.051,0.113,0.024,0.58,0.582,452,519,222,385,163
2017-18,OffRebound,22017,1610612746,LAC,LA Clippers,Defensive,0.655,82,0.054,1.08,0.545,0.123,0.06,0.109,0.023,0.552,0.548,487,526,223,409,186
2017-18,OffRebound,22017,1610612740,NOP,New Orleans Pelicans,Defensive,0.483,82,0.052,1.103,0.571,0.109,0.068,0.109,0.023,0.559,0.574,485,535,233,408,175
2017-18,OffRebound,22017,1610612750,MIN,Minnesota Timberwolves,Defensive,0.103,82,0.052,1.179,0.596,0.126,0.052,0.122,0.031,0.597,0.597,459,541,233,391,158
2017-18,OffRebound,22017,1610612751,BKN,Brooklyn Nets,Defensive,0.828,82,0.056,1.059,0.52,0.158,0.059,0.146,0.027,0.545,0.524,512,542,216,415,199
2017-18,OffRebound,22017,1610612760,OKC,Oklahoma City Thunder,Defensive,0.034,82,0.052,1.19,0.618,0.117,0.071,0.11,0.015,0.608,0.618,462,550,236,382,146
2017-18,OffRebound,22017,1610612754,IND,Indiana Pacers,Defensive,0,82,0.052,1.2,0.616,0.118,0.059,0.1,0.033,0.597,0.617,459,551,242,393,151
2017-18,OffRebound,22017,1610612739,CLE,Cleveland Cavaliers,Defensive,0.31,82,0.055,1.129,0.58,0.139,0.059,0.133,0.027,0.571,0.583,489,552,235,405,170
2017-18,OffRebound,22017,1610612744,GSW,Golden State Warriors,Defensive,0.759,82,0.058,1.067,0.558,0.107,0.073,0.101,0.026,0.543,0.562,534,570,252,452,200
2017-18,OffRebound,22017,1610612752,NYK,New York Knicks,Defensive,0.138,82,0.055,1.167,0.579,0.12,0.055,0.108,0.026,0.583,0.585,492,574,242,418,176
2017-18,OffRebound,22017,1610612749,MIL,Milwaukee Bucks,Defensive,0.172,82,0.056,1.163,0.573,0.129,0.032,0.123,0.03,0.583,0.579,496,577,247,431,184
2017-18,Misc,22017,1610612739,CLE,Cleveland Cavaliers,Defensive,0.828,82,0.049,0.467,0.342,0.18,0.556,0.03,0.005,0.253,0.368,439,205,40,117,77
2017-18,Misc,22017,1610612759,SAS,San Antonio Spurs,Defensive,1,82,0.065,0.397,0.338,0.132,0.603,0.021,0.004,0.21,0.371,562,223,51,151,100
2017-18,Misc,22017,1610612741,CHI,Chicago Bulls,Defensive,0.759,82,0.053,0.484,0.383,0.187,0.566,0.032,0.011,0.26,0.408,465,225,46,120,74
2017-18,Misc,22017,1610612744,GSW,Golden State Warriors,Defensive,0.793,82,0.053,0.469,0.325,0.146,0.516,0.027,0.01,0.237,0.352,486,228,55,169,114
2017-18,Misc,22017,1610612757,POR,Portland Trail Blazers,Defensive,0.862,82,0.056,0.46,0.299,0.193,0.516,0.032,0.004,0.263,0.313,498,229,44,147,103
2017-18,Misc,22017,1610612765,DET,Detroit Pistons,Defensive,0.483,82,0.05,0.523,0.397,0.208,0.541,0.023,0.011,0.278,0.461,442,231,46,116,70
2017-18,Misc,22017,1610612745,HOU,Houston Rockets,Defensive,0.931,82,0.06,0.448,0.359,0.188,0.574,0.019,0.002,0.259,0.371,533,239,46,128,82
2017-18,Misc,22017,1610612766,CHA,Charlotte Hornets,Defensive,0.414,82,0.052,0.527,0.383,0.191,0.534,0.026,0.002,0.286,0.434,461,243,49,128,79
2017-18,Misc,22017,1610612748,MIA,Miami Heat,Defensive,0.724,82,0.057,0.484,0.363,0.199,0.582,0.032,0.006,0.265,0.412,502,243,41,113,72
2017-18,Misc,22017,1610612738,BOS,Boston Celtics,Defensive,0.655,82,0.057,0.488,0.283,0.227,0.52,0.032,0.002,0.273,0.323,502,245,36,127,91
2017-18,Misc,22017,1610612740,NOP,New Orleans Pelicans,Defensive,0.517,82,0.051,0.514,0.345,0.184,0.524,0.033,0.01,0.267,0.376,479,246,50,145,95
2017-18,Misc,22017,1610612755,PHI,Philadelphia 76ers,Defensive,0.966,82,0.061,0.443,0.25,0.208,0.545,0.025,0.004,0.251,0.282,558,247,35,140,105
2017-18,Misc,22017,1610612753,ORL,Orlando Magic,Defensive,0.448,82,0.053,0.523,0.392,0.197,0.544,0.017,0,0.284,0.428,482,252,49,125,76
2017-18,Misc,22017,1610612758,SAC,Sacramento Kings,Defensive,0.586,82,0.059,0.495,0.365,0.193,0.548,0.029,0.01,0.271,0.398,509,252,50,137,87
2017-18,Misc,22017,1610612754,IND,Indiana Pacers,Defensive,0.69,82,0.06,0.487,0.381,0.176,0.576,0.021,0.006,0.258,0.407,528,257,51,134,83
2017-18,Misc,22017,1610612737,ATL,Atlanta Hawks,Defensive,0.897,82,0.063,0.459,0.368,0.185,0.587,0.021,0.011,0.251,0.412,569,261,50,136,86
2017-18,Misc,22017,1610612752,NYK,New York Knicks,Defensive,0.31,82,0.054,0.551,0.282,0.26,0.516,0.021,0.004,0.304,0.318,481,265,31,110,79
2017-18,Misc,22017,1610612743,DEN,Denver Nuggets,Defensive,0.103,82,0.053,0.581,0.426,0.209,0.481,0.026,0.004,0.317,0.463,470,273,63,148,85
2017-18,Misc,22017,1610612746,LAC,LA Clippers,Defensive,0.207,82,0.054,0.564,0.343,0.217,0.507,0.029,0.004,0.294,0.391,489,276,47,137,90
2017-18,Misc,22017,1610612750,MIN,Minnesota Timberwolves,Defensive,0.379,82,0.06,0.528,0.393,0.206,0.566,0.032,0.004,0.288,0.447,528,279,48,122,74
2017-18,Misc,22017,1610612762,UTA,Utah Jazz,Defensive,0.621,82,0.068,0.494,0.417,0.164,0.575,0.03,0.005,0.261,0.452,591,292,65,156,91
2017-18,Misc,22017,1610612747,LAL,Los Angeles Lakers,Defensive,0.241,82,0.057,0.56,0.385,0.211,0.537,0.032,0.006,0.295,0.433,525,294,52,135,83
2017-18,Misc,22017,1610612742,DAL,Dallas Mavericks,Defensive,0.034,82,0.059,0.584,0.357,0.25,0.479,0.031,0.008,0.318,0.385,512,299,51,143,92
2017-18,Misc,22017,1610612763,MEM,Memphis Grizzlies,Defensive,0.172,82,0.063,0.565,0.392,0.239,0.53,0.022,0.007,0.309,0.431,547,309,51,130,79
2017-18,Misc,22017,1610612760,OKC,Oklahoma City Thunder,Defensive,0.552,82,0.069,0.51,0.347,0.218,0.541,0.03,0.005,0.28,0.39,610,311,52,150,98
2017-18,Misc,22017,1610612764,WAS,Washington Wizards,Defensive,0.276,82,0.063,0.556,0.353,0.249,0.508,0.037,0.004,0.311,0.385,563,313,49,139,90
2017-18,Misc,22017,1610612751,BKN,Brooklyn Nets,Defensive,0.345,82,0.063,0.543,0.343,0.236,0.533,0.017,0.002,0.295,0.392,576,313,46,134,88
2017-18,Misc,22017,1610612761,TOR,Toronto Raptors,Defensive,0,82,0.063,0.59,0.351,0.251,0.481,0.03,0.007,0.33,0.386,561,331,54,154,100
2017-18,Misc,22017,1610612749,MIL,Milwaukee Bucks,Defensive,0.138,82,0.065,0.58,0.406,0.247,0.536,0.029,0.005,0.313,0.449,578,335,52,128,76
2017-18,Misc,22017,1610612756,PHX,Phoenix Suns,Defensive,0.069,82,0.063,0.582,0.38,0.261,0.498,0.029,0.005,0.328,0.408,582,339,54,142,88
2018-19,Isolation,22018,1610612751,BKN,Brooklyn Nets,Defensive,0.931,82,0.053,0.812,0.368,0.106,0.082,0.102,0.024,0.388,0.397,500,406,154,418,264
2018-19,Isolation,22018,1610612761,TOR,Toronto Raptors,Defensive,0.379,82,0.052,0.899,0.411,0.12,0.101,0.089,0.021,0.424,0.448,484,435,159,387,228
2018-19,Isolation,22018,1610612765,DET,Detroit Pistons,Defensive,0.207,82,0.053,0.928,0.423,0.13,0.096,0.113,0.032,0.437,0.462,471,437,160,378,218
2018-19,Isolation,22018,1610612737,ATL,Atlanta Hawks,Defensive,0.966,81,0.059,0.809,0.355,0.121,0.081,0.103,0.018,0.381,0.387,554,448,160,451,291
2018-19,Isolation,22018,1610612749,MIL,Milwaukee Bucks,Defensive,0.793,82,0.057,0.841,0.396,0.096,0.115,0.083,0.022,0.388,0.441,541,455,174,439,265
2018-19,Isolation,22018,1610612754,IND,Indiana Pacers,Defensive,0.897,82,0.061,0.832,0.36,0.119,0.09,0.108,0.018,0.385,0.397,553,460,161,447,286
2018-19,Isolation,22018,1610612759,SAS,San Antonio Spurs,Defensive,0.552,82,0.059,0.868,0.383,0.099,0.071,0.088,0.024,0.392,0.427,536,465,175,457,282
2018-19,Isolation,22018,1610612748,MIA,Miami Heat,Defensive,0.241,82,0.056,0.925,0.388,0.153,0.088,0.143,0.022,0.426,0.441,509,471,154,397,243
2018-19,Isolation,22018,1610612740,NOP,New Orleans Pelicans,Defensive,1,82,0.062,0.802,0.34,0.125,0.081,0.112,0.031,0.366,0.383,590,473,165,486,321
2018-19,Isolation,22018,1610612763,MEM,Memphis Grizzlies,Defensive,0.759,82,0.063,0.851,0.352,0.139,0.087,0.132,0.025,0.393,0.389,562,478,158,449,291
2018-19,Isolation,22018,1610612750,MIN,Minnesota Timberwolves,Defensive,0.862,82,0.061,0.839,0.377,0.094,0.101,0.084,0.016,0.383,0.428,572,480,177,469,292
2018-19,Isolation,22018,1610612753,ORL,Orlando Magic,Defensive,0.138,82,0.057,0.949,0.42,0.115,0.082,0.103,0.023,0.435,0.469,513,487,178,424,246
2018-19,Isolation,22018,1610612766,CHA,Charlotte Hornets,Defensive,0.724,82,0.063,0.854,0.393,0.102,0.09,0.094,0.019,0.403,0.431,576,492,187,476,289
2018-19,Isolation,22018,1610612739,CLE,Cleveland Cavaliers,Defensive,0,82,0.057,1.006,0.446,0.14,0.082,0.126,0.036,0.461,0.504,499,502,181,406,225
2018-19,Isolation,22018,1610612757,POR,Portland Trail Blazers,Defensive,0.345,82,0.061,0.906,0.393,0.161,0.079,0.148,0.025,0.437,0.426,554,502,171,435,264
2018-19,Isolation,22018,1610612756,PHX,Phoenix Suns,Defensive,0.172,82,0.061,0.934,0.417,0.128,0.08,0.106,0.021,0.436,0.463,576,538,195,468,273
2018-19,Isolation,22018,1610612746,LAC,LA Clippers,Defensive,0.517,82,0.067,0.876,0.37,0.133,0.086,0.111,0.022,0.403,0.413,630,552,187,505,318
2018-19,Isolation,22018,1610612743,DEN,Denver Nuggets,Defensive,0.448,82,0.072,0.895,0.376,0.125,0.061,0.115,0.02,0.412,0.429,641,574,201,535,334
2018-19,Isolation,22018,1610612741,CHI,Chicago Bulls,Defensive,0.034,82,0.064,0.988,0.462,0.106,0.092,0.095,0.034,0.451,0.506,587,580,227,491,264
2018-19,Isolation,22018,1610612742,DAL,Dallas Mavericks,Defensive,0.655,82,0.074,0.866,0.384,0.092,0.076,0.08,0.016,0.399,0.428,672,582,219,570,351
2018-19,Isolation,22018,1610612738,BOS,Boston Celtics,Defensive,0.828,82,0.076,0.841,0.377,0.115,0.097,0.107,0.029,0.391,0.413,698,587,215,570,355
2018-19,Isolation,22018,1610612764,WAS,Washington Wizards,Defensive,0.483,82,0.071,0.892,0.38,0.131,0.084,0.117,0.026,0.408,0.431,666,594,205,540,335
2018-19,Isolation,22018,1610612762,UTA,Utah Jazz,Defensive,0.414,82,0.073,0.898,0.411,0.106,0.099,0.088,0.03,0.413,0.455,669,601,227,552,325
2018-19,Isolation,22018,1610612747,LAL,Los Angeles Lakers,Defensive,0.31,82,0.071,0.911,0.401,0.129,0.086,0.12,0.028,0.419,0.451,675,615,220,549,329
2018-19,Isolation,22018,1610612752,NYK,New York Knicks,Defensive,0.103,82,0.073,0.962,0.425,0.123,0.065,0.108,0.027,0.448,0.465,676,650,241,567,326
2018-19,Isolation,22018,1610612760,OKC,Oklahoma City Thunder,Defensive,0.621,81,0.082,0.867,0.392,0.12,0.1,0.108,0.029,0.402,0.437,759,658,240,612,372
2018-19,Isolation,22018,1610612758,SAC,Sacramento Kings,Defensive,0.069,82,0.073,0.981,0.414,0.126,0.066,0.113,0.027,0.439,0.479,697,684,241,582,341
2018-19,Isolation,22018,1610612755,PHI,Philadelphia 76ers,Defensive,0.276,82,0.08,0.912,0.396,0.112,0.055,0.105,0.024,0.425,0.436,751,685,255,644,389
2018-19,Isolation,22018,1610612744,GSW,Golden State Warriors,Defensive,0.586,82,0.102,0.867,0.385,0.104,0.081,0.094,0.016,0.406,0.426,958,831,306,794,488
2018-19,Isolation,22018,1610612745,HOU,Houston Rockets,Defensive,0.69,82,0.108,0.863,0.395,0.12,0.099,0.102,0.023,0.407,0.426,987,852,314,794,480
2018-19,Transition,22018,1610612749,MIL,Milwaukee Bucks,Defensive,1,82,0.137,0.965,0.453,0.122,0.129,0.117,0.026,0.437,0.519,1298,1252,454,1003,549
2018-19,Transition,22018,1610612753,ORL,Orlando Magic,Defensive,0.793,82,0.136,1.068,0.519,0.107,0.13,0.095,0.019,0.491,0.587,1219,1302,494,952,458
2018-19,Transition,22018,1610612754,IND,Indiana Pacers,Defensive,0.966,82,0.149,1.038,0.51,0.116,0.145,0.105,0.027,0.471,0.578,1347,1398,526,1032,506
2018-19,Transition,22018,1610612760,OKC,Oklahoma City Thunder,Defensive,0.759,81,0.141,1.071,0.509,0.132,0.134,0.109,0.028,0.483,0.589,1316,1409,510,1002,492
2018-19,Transition,22018,1610612762,UTA,Utah Jazz,Defensive,0.069,82,0.134,1.155,0.542,0.15,0.111,0.128,0.029,0.532,0.617,1225,1415,508,938,430
2018-19,Transition,22018,1610612741,CHI,Chicago Bulls,Defensive,0.276,82,0.143,1.114,0.534,0.13,0.13,0.115,0.025,0.508,0.606,1308,1457,533,999,466
2018-19,Transition,22018,1610612757,POR,Portland Trail Blazers,Defensive,0.828,82,0.152,1.063,0.5,0.128,0.127,0.118,0.029,0.478,0.575,1386,1473,535,1071,536
2018-19,Transition,22018,1610612738,BOS,Boston Celtics,Defensive,0.586,82,0.147,1.091,0.526,0.132,0.131,0.123,0.026,0.499,0.597,1359,1482,546,1038,492
2018-19,Transition,22018,1610612766,CHA,Charlotte Hornets,Defensive,0.69,82,0.152,1.078,0.509,0.113,0.113,0.105,0.029,0.488,0.575,1384,1492,565,1110,545
2018-19,Transition,22018,1610612763,MEM,Memphis Grizzlies,Defensive,0.621,82,0.157,1.083,0.522,0.129,0.13,0.108,0.024,0.495,0.593,1397,1513,558,1069,511
2018-19,Transition,22018,1610612748,MIA,Miami Heat,Defensive,0.862,82,0.159,1.059,0.494,0.143,0.137,0.132,0.029,0.479,0.577,1434,1519,531,1074,543
2018-19,Transition,22018,1610612743,DEN,Denver Nuggets,Defensive,0.172,82,0.152,1.123,0.545,0.12,0.115,0.113,0.029,0.513,0.606,1360,1527,588,1078,490
2018-19,Transition,22018,1610612744,GSW,Golden State Warriors,Defensive,0.897,82,0.155,1.058,0.485,0.123,0.112,0.108,0.028,0.474,0.563,1449,1533,556,1147,591
2018-19,Transition,22018,1610612746,LAC,LA Clippers,Defensive,0.448,82,0.148,1.099,0.523,0.144,0.114,0.119,0.035,0.508,0.586,1401,1539,568,1086,518
2018-19,Transition,22018,1610612765,DET,Detroit Pistons,Defensive,0.655,82,0.161,1.082,0.542,0.137,0.134,0.121,0.028,0.505,0.598,1433,1551,587,1084,497
2018-19,Transition,22018,1610612742,DAL,Dallas Mavericks,Defensive,0.31,82,0.157,1.112,0.527,0.138,0.123,0.122,0.04,0.502,0.6,1428,1588,585,1110,525
2018-19,Transition,22018,1610612752,NYK,New York Knicks,Defensive,0.483,82,0.157,1.096,0.511,0.14,0.116,0.128,0.038,0.496,0.584,1450,1589,580,1134,554
2018-19,Transition,22018,1610612761,TOR,Toronto Raptors,Defensive,0.414,82,0.156,1.105,0.537,0.115,0.141,0.105,0.032,0.498,0.612,1444,1595,602,1121,519
2018-19,Transition,22018,1610612759,SAS,San Antonio Spurs,Defensive,0,82,0.149,1.187,0.554,0.128,0.106,0.119,0.036,0.532,0.632,1348,1600,599,1081,482
2018-19,Transition,22018,1610612751,BKN,Brooklyn Nets,Defensive,0.724,82,0.16,1.071,0.493,0.142,0.108,0.129,0.03,0.488,0.563,1507,1614,579,1175,596
2018-19,Transition,22018,1610612740,NOP,New Orleans Pelicans,Defensive,0.379,82,0.155,1.11,0.544,0.108,0.134,0.098,0.028,0.501,0.616,1472,1634,629,1156,527
2018-19,Transition,22018,1610612745,HOU,Houston Rockets,Defensive,0.345,82,0.166,1.111,0.554,0.127,0.144,0.11,0.027,0.508,0.623,1516,1684,633,1143,510
2018-19,Transition,22018,1610612739,CLE,Cleveland Cavaliers,Defensive,0.034,82,0.161,1.185,0.561,0.131,0.11,0.116,0.038,0.535,0.631,1423,1686,634,1131,497
2018-19,Transition,22018,1610612747,LAL,Los Angeles Lakers,Defensive,0.138,82,0.158,1.125,0.526,0.121,0.112,0.108,0.023,0.507,0.602,1500,1688,622,1183,561
2018-19,Transition,22018,1610612758,SAC,Sacramento Kings,Defensive,0.552,82,0.163,1.093,0.526,0.128,0.127,0.116,0.036,0.496,0.591,1551,1696,638,1212,574
2018-19,Transition,22018,1610612755,PHI,Philadelphia 76ers,Defensive,0.931,82,0.173,1.053,0.503,0.153,0.138,0.14,0.029,0.487,0.567,1619,1705,600,1193,593
2018-19,Transition,22018,1610612750,MIN,Minnesota Timberwolves,Defensive,0.517,82,0.168,1.095,0.528,0.117,0.138,0.109,0.029,0.493,0.608,1568,1717,641,1213,572
2018-19,Transition,22018,1610612764,WAS,Washington Wizards,Defensive,0.241,82,0.165,1.116,0.539,0.126,0.129,0.123,0.028,0.511,0.612,1557,1738,649,1203,554
2018-19,Transition,22018,1610612756,PHX,Phoenix Suns,Defensive,0.207,82,0.166,1.117,0.549,0.154,0.141,0.134,0.026,0.52,0.622,1562,1745,626,1141,515
2018-19,Transition,22018,1610612737,ATL,Atlanta Hawks,Defensive,0.103,81,0.177,1.143,0.54,0.156,0.124,0.139,0.034,0.522,0.618,1675,1914,682,1263,581
2018-19,PRBallHandler,22018,1610612745,HOU,Houston Rockets,Defensive,0.586,82,0.123,0.86,0.428,0.108,0.174,0.09,0.019,0.4,0.473,1126,968,355,829,474
2018-19,PRBallHandler,22018,1610612743,DEN,Denver Nuggets,Defensive,0.862,82,0.138,0.83,0.429,0.097,0.192,0.084,0.019,0.386,0.475,1232,1022,386,900,514
2018-19,PRBallHandler,22018,1610612754,IND,Indiana Pacers,Defensive,1,82,0.158,0.759,0.396,0.103,0.206,0.087,0.024,0.358,0.427,1429,1085,404,1021,617
2018-19,PRBallHandler,22018,1610612760,OKC,Oklahoma City Thunder,Defensive,0.966,81,0.158,0.793,0.417,0.113,0.221,0.092,0.019,0.372,0.461,1472,1168,420,1008,588
2018-19,PRBallHandler,22018,1610612738,BOS,Boston Celtics,Defensive,0.931,82,0.159,0.799,0.399,0.099,0.183,0.087,0.022,0.369,0.443,1463,1169,431,1081,650
2018-19,PRBallHandler,22018,1610612744,GSW,Golden State Warriors,Defensive,0.828,82,0.153,0.831,0.403,0.105,0.164,0.087,0.024,0.38,0.452,1437,1194,436,1083,647
2018-19,PRBallHandler,22018,1610612764,WAS,Washington Wizards,Defensive,0.897,82,0.155,0.818,0.421,0.087,0.184,0.068,0.016,0.382,0.464,1466,1199,460,1093,633
2018-19,PRBallHandler,22018,1610612752,NYK,New York Knicks,Defensive,0.552,82,0.153,0.861,0.422,0.103,0.163,0.093,0.024,0.397,0.468,1411,1215,452,1070,618
2018-19,PRBallHandler,22018,1610612740,NOP,New Orleans Pelicans,Defensive,0.621,82,0.156,0.858,0.425,0.103,0.156,0.087,0.02,0.404,0.467,1486,1275,480,1130,650
2018-19,PRBallHandler,22018,1610612766,CHA,Charlotte Hornets,Defensive,0.241,82,0.161,0.896,0.441,0.08,0.132,0.07,0.017,0.414,0.482,1458,1306,518,1174,656
2018-19,PRBallHandler,22018,1610612763,MEM,Memphis Grizzlies,Defensive,0.345,82,0.169,0.885,0.443,0.115,0.18,0.09,0.017,0.412,0.488,1502,1329,480,1084,604
2018-19,PRBallHandler,22018,1610612748,MIA,Miami Heat,Defensive,0.759,82,0.177,0.834,0.411,0.086,0.148,0.07,0.012,0.392,0.448,1598,1332,511,1242,731
2018-19,PRBallHandler,22018,1610612750,MIN,Minnesota Timberwolves,Defensive,0.483,82,0.166,0.863,0.432,0.101,0.157,0.088,0.022,0.404,0.471,1552,1340,512,1184,672
2018-19,PRBallHandler,22018,1610612747,LAL,Los Angeles Lakers,Defensive,0.448,82,0.164,0.865,0.42,0.095,0.141,0.079,0.017,0.403,0.461,1562,1351,512,1219,707
2018-19,PRBallHandler,22018,1610612761,TOR,Toronto Raptors,Defensive,0.793,82,0.179,0.833,0.417,0.084,0.132,0.071,0.016,0.398,0.442,1666,1387,555,1331,776
2018-19,PRBallHandler,22018,1610612741,CHI,Chicago Bulls,Defensive,0.172,82,0.17,0.899,0.428,0.084,0.128,0.071,0.017,0.41,0.483,1552,1395,535,1249,714
2018-19,PRBallHandler,22018,1610612742,DAL,Dallas Mavericks,Defensive,0.276,82,0.172,0.893,0.431,0.103,0.141,0.087,0.017,0.414,0.477,1569,1401,522,1211,689
2018-19,PRBallHandler,22018,1610612756,PHX,Phoenix Suns,Defensive,0.517,82,0.174,0.861,0.425,0.105,0.165,0.091,0.02,0.401,0.468,1637,1410,521,1226,705
2018-19,PRBallHandler,22018,1610612758,SAC,Sacramento Kings,Defensive,0.655,82,0.173,0.858,0.422,0.099,0.165,0.083,0.022,0.392,0.471,1646,1412,526,1246,720
2018-19,PRBallHandler,22018,1610612737,ATL,Atlanta Hawks,Defensive,0.069,81,0.164,0.928,0.458,0.099,0.15,0.077,0.023,0.429,0.503,1551,1439,550,1201,651
2018-19,PRBallHandler,22018,1610612739,CLE,Cleveland Cavaliers,Defensive,0.034,82,0.184,0.932,0.457,0.091,0.133,0.079,0.02,0.431,0.503,1628,1517,592,1295,703
2018-19,PRBallHandler,22018,1610612765,DET,Detroit Pistons,Defensive,0.207,82,0.195,0.896,0.446,0.107,0.146,0.088,0.021,0.421,0.485,1734,1554,594,1332,738
2018-19,PRBallHandler,22018,1610612753,ORL,Orlando Magic,Defensive,0.31,82,0.196,0.888,0.439,0.09,0.133,0.078,0.019,0.416,0.472,1754,1557,612,1394,782
2018-19,PRBallHandler,22018,1610612755,PHI,Philadelphia 76ers,Defensive,0.379,82,0.193,0.879,0.411,0.085,0.108,0.075,0.016,0.406,0.453,1813,1593,614,1493,879
2018-19,PRBallHandler,22018,1610612759,SAS,San Antonio Spurs,Defensive,0.414,82,0.205,0.871,0.427,0.072,0.109,0.064,0.012,0.412,0.461,1846,1607,655,1533,878
2018-19,PRBallHandler,22018,1610612749,MIL,Milwaukee Bucks,Defensive,0.724,82,0.206,0.846,0.399,0.085,0.115,0.075,0.016,0.392,0.439,1947,1647,634,1587,953
2018-19,PRBallHandler,22018,1610612746,LAC,LA Clippers,Defensive,0.103,82,0.193,0.924,0.435,0.106,0.115,0.086,0.023,0.429,0.478,1824,1686,636,1463,827
2018-19,PRBallHandler,22018,1610612762,UTA,Utah Jazz,Defensive,0.69,82,0.217,0.857,0.42,0.101,0.144,0.088,0.022,0.402,0.457,1983,1699,646,1539,893
2018-19,PRBallHandler,22018,1610612757,POR,Portland Trail Blazers,Defensive,0.138,82,0.212,0.904,0.432,0.097,0.101,0.082,0.013,0.431,0.466,1932,1747,678,1570,892
2018-19,PRBallHandler,22018,1610612751,BKN,Brooklyn Nets,Defensive,0,82,0.201,0.935,0.444,0.076,0.099,0.066,0.011,0.432,0.489,1893,1770,702,1581,879
2018-19,PRRollMan,22018,1610612745,HOU,Houston Rockets,Defensive,0.276,82,0.039,1.144,0.544,0.167,0.062,0.15,0.042,0.558,0.573,353,404,156,287,131
2018-19,PRRollMan,22018,1610612766,CHA,Charlotte Hornets,Defensive,0.724,82,0.049,1.059,0.504,0.144,0.07,0.138,0.016,0.526,0.539,443,469,179,355,176
2018-19,PRRollMan,22018,1610612742,DAL,Dallas Mavericks,Defensive,0.379,82,0.049,1.133,0.548,0.097,0.054,0.09,0.023,0.545,0.584,442,501,211,385,174
2018-19,PRRollMan,22018,1610612751,BKN,Brooklyn Nets,Defensive,0.414,82,0.048,1.132,0.537,0.105,0.057,0.101,0.033,0.529,0.582,456,516,213,397,184
2018-19,PRRollMan,22018,1610612761,TOR,Toronto Raptors,Defensive,0.103,82,0.048,1.179,0.584,0.109,0.095,0.109,0.029,0.548,0.636,442,521,213,365,152
2018-19,PRRollMan,22018,1610612748,MIA,Miami Heat,Defensive,1,82,0.062,0.963,0.451,0.102,0.077,0.102,0.012,0.458,0.498,561,540,211,468,257
2018-19,PRRollMan,22018,1610612747,LAL,Los Angeles Lakers,Defensive,0.897,82,0.055,1.03,0.493,0.124,0.078,0.118,0.032,0.495,0.522,525,541,215,436,221
2018-19,PRRollMan,22018,1610612759,SAS,San Antonio Spurs,Defensive,0.931,82,0.06,1.015,0.481,0.119,0.076,0.114,0.024,0.486,0.522,537,545,214,445,231
2018-19,PRRollMan,22018,1610612755,PHI,Philadelphia 76ers,Defensive,0.759,82,0.058,1.051,0.498,0.119,0.051,0.117,0.029,0.5,0.534,546,574,233,468,235
2018-19,PRRollMan,22018,1610612741,CHI,Chicago Bulls,Defensive,0.69,82,0.059,1.07,0.519,0.123,0.083,0.12,0.029,0.506,0.556,543,581,232,447,215
2018-19,PRRollMan,22018,1610612764,WAS,Washington Wizards,Defensive,0.138,82,0.053,1.175,0.587,0.133,0.093,0.127,0.038,0.565,0.62,497,584,237,404,167
2018-19,PRRollMan,22018,1610612757,POR,Portland Trail Blazers,Defensive,0.862,82,0.064,1.041,0.479,0.104,0.055,0.099,0.024,0.488,0.523,584,608,242,505,263
2018-19,PRRollMan,22018,1610612744,GSW,Golden State Warriors,Defensive,0.069,82,0.055,1.189,0.582,0.146,0.086,0.146,0.033,0.571,0.621,513,610,238,409,171
2018-19,PRRollMan,22018,1610612738,BOS,Boston Celtics,Defensive,0.448,82,0.059,1.131,0.539,0.143,0.09,0.136,0.029,0.539,0.584,544,615,233,432,199
2018-19,PRRollMan,22018,1610612737,ATL,Atlanta Hawks,Defensive,0.241,81,0.057,1.162,0.549,0.168,0.073,0.158,0.026,0.562,0.597,537,624,231,421,190
2018-19,PRRollMan,22018,1610612763,MEM,Memphis Grizzlies,Defensive,0.655,82,0.066,1.07,0.511,0.137,0.094,0.135,0.038,0.503,0.562,584,625,240,470,230
2018-19,PRRollMan,22018,1610612739,CLE,Cleveland Cavaliers,Defensive,0.172,82,0.061,1.172,0.566,0.111,0.067,0.109,0.024,0.558,0.61,541,634,259,458,199
2018-19,PRRollMan,22018,1610612758,SAC,Sacramento Kings,Defensive,0.034,82,0.056,1.197,0.567,0.141,0.071,0.131,0.036,0.567,0.612,533,638,249,439,190
2018-19,PRRollMan,22018,1610612750,MIN,Minnesota Timberwolves,Defensive,0.517,82,0.062,1.115,0.526,0.137,0.071,0.13,0.031,0.534,0.577,575,641,249,473,224
2018-19,PRRollMan,22018,1610612743,DEN,Denver Nuggets,Defensive,0.345,82,0.065,1.139,0.546,0.118,0.063,0.106,0.026,0.55,0.58,576,656,266,487,221
2018-19,PRRollMan,22018,1610612746,LAC,LA Clippers,Defensive,0.483,82,0.063,1.117,0.515,0.14,0.058,0.139,0.025,0.531,0.557,599,669,255,495,240
2018-19,PRRollMan,22018,1610612756,PHX,Phoenix Suns,Defensive,0.207,82,0.062,1.165,0.555,0.156,0.05,0.144,0.038,0.575,0.585,583,679,269,485,216
2018-19,PRRollMan,22018,1610612752,NYK,New York Knicks,Defensive,0,82,0.061,1.206,0.591,0.144,0.069,0.138,0.044,0.578,0.63,564,680,277,469,192
2018-19,PRRollMan,22018,1610612765,DET,Detroit Pistons,Defensive,0.586,82,0.07,1.104,0.53,0.12,0.07,0.109,0.029,0.529,0.57,626,691,278,525,247
2018-19,PRRollMan,22018,1610612740,NOP,New Orleans Pelicans,Defensive,0.621,82,0.066,1.101,0.504,0.117,0.043,0.112,0.033,0.519,0.539,632,696,278,552,274
2018-19,PRRollMan,22018,1610612754,IND,Indiana Pacers,Defensive,0.828,82,0.074,1.048,0.495,0.128,0.078,0.122,0.029,0.494,0.543,666,698,271,548,277
2018-19,PRRollMan,22018,1610612753,ORL,Orlando Magic,Defensive,0.793,82,0.075,1.051,0.483,0.119,0.067,0.118,0.03,0.494,0.527,672,706,274,567,293
2018-19,PRRollMan,22018,1610612762,UTA,Utah Jazz,Defensive,0.966,82,0.08,0.974,0.448,0.1,0.047,0.093,0.023,0.462,0.487,728,709,286,638,352
2018-19,PRRollMan,22018,1610612760,OKC,Oklahoma City Thunder,Defensive,0.31,81,0.067,1.144,0.573,0.114,0.087,0.103,0.026,0.55,0.612,624,714,295,515,220
2018-19,PRRollMan,22018,1610612749,MIL,Milwaukee Bucks,Defensive,0.552,82,0.078,1.111,0.495,0.103,0.051,0.099,0.034,0.492,0.565,738,820,321,649,328
2018-19,Postup,22018,1610612749,MIL,Milwaukee Bucks,Defensive,1,82,0.034,0.794,0.403,0.16,0.123,0.12,0.031,0.412,0.403,325,258,98,243,145
2018-19,Postup,22018,1610612748,MIA,Miami Heat,Defensive,0.759,82,0.04,0.895,0.479,0.15,0.157,0.11,0.03,0.463,0.479,363,325,126,263,137
2018-19,Postup,22018,1610612750,MIN,Minnesota Timberwolves,Defensive,0.931,82,0.05,0.828,0.445,0.12,0.155,0.09,0.017,0.427,0.445,466,386,154,346,192
2018-19,Postup,22018,1610612761,TOR,Toronto Raptors,Defensive,0.966,82,0.054,0.8,0.407,0.13,0.13,0.1,0.034,0.403,0.407,501,401,157,386,229
2018-19,Postup,22018,1610612765,DET,Detroit Pistons,Defensive,0.69,82,0.05,0.921,0.478,0.14,0.127,0.13,0.041,0.456,0.478,441,406,162,339,177
2018-19,Postup,22018,1610612754,IND,Indiana Pacers,Defensive,0.897,82,0.053,0.849,0.458,0.14,0.161,0.1,0.044,0.425,0.458,478,406,163,356,193
2018-19,Postup,22018,1610612759,SAS,San Antonio Spurs,Defensive,0.414,82,0.049,0.944,0.517,0.13,0.143,0.11,0.02,0.491,0.517,446,421,172,333,161
2018-19,Postup,22018,1610612753,ORL,Orlando Magic,Defensive,0.103,82,0.048,0.984,0.498,0.15,0.109,0.14,0.032,0.499,0.498,433,426,166,333,167
2018-19,Postup,22018,1610612737,ATL,Atlanta Hawks,Defensive,0.172,81,0.047,0.97,0.513,0.18,0.15,0.15,0.034,0.5,0.513,440,427,158,308,150
2018-19,Postup,22018,1610612763,MEM,Memphis Grizzlies,Defensive,0.655,82,0.054,0.927,0.485,0.18,0.152,0.15,0.031,0.484,0.485,481,446,163,336,173
2018-19,Postup,22018,1610612739,CLE,Cleveland Cavaliers,Defensive,0.552,82,0.059,0.935,0.483,0.13,0.104,0.1,0.036,0.472,0.483,521,487,201,416,215
2018-19,Postup,22018,1610612760,OKC,Oklahoma City Thunder,Defensive,0.793,81,0.059,0.889,0.445,0.18,0.13,0.13,0.036,0.458,0.445,552,491,179,402,223
2018-19,Postup,22018,1610612762,UTA,Utah Jazz,Defensive,0.276,82,0.056,0.963,0.504,0.12,0.1,0.09,0.029,0.488,0.504,512,493,208,413,205
2018-19,Postup,22018,1610612741,CHI,Chicago Bulls,Defensive,0.621,82,0.059,0.933,0.47,0.17,0.113,0.14,0.035,0.478,0.47,538,502,191,406,215
2018-19,Postup,22018,1610612743,DEN,Denver Nuggets,Defensive,0.241,82,0.06,0.965,0.497,0.18,0.126,0.16,0.026,0.499,0.497,539,520,194,390,196
2018-19,Postup,22018,1610612757,POR,Portland Trail Blazers,Defensive,0.345,82,0.061,0.948,0.498,0.13,0.126,0.11,0.027,0.48,0.498,554,525,212,426,214
2018-19,Postup,22018,1610612747,LAL,Los Angeles Lakers,Defensive,0.483,82,0.062,0.939,0.481,0.14,0.112,0.11,0.029,0.474,0.481,589,553,220,457,237
2018-19,Postup,22018,1610612738,BOS,Boston Celtics,Defensive,0.724,82,0.066,0.918,0.485,0.16,0.127,0.13,0.033,0.472,0.485,612,562,222,458,236
2018-19,Postup,22018,1610612744,GSW,Golden State Warriors,Defensive,0.828,82,0.07,0.875,0.44,0.16,0.127,0.14,0.027,0.449,0.44,655,573,212,482,270
2018-19,Postup,22018,1610612752,NYK,New York Knicks,Defensive,0.379,82,0.066,0.947,0.491,0.17,0.123,0.13,0.021,0.494,0.491,609,577,219,446,227
2018-19,Postup,22018,1610612764,WAS,Washington Wizards,Defensive,0.069,82,0.062,0.986,0.523,0.15,0.143,0.13,0.029,0.497,0.523,588,580,226,432,206
2018-19,Postup,22018,1610612758,SAC,Sacramento Kings,Defensive,0.31,82,0.065,0.951,0.501,0.16,0.136,0.13,0.021,0.484,0.501,616,586,223,445,222
2018-19,Postup,22018,1610612746,LAC,LA Clippers,Defensive,0.517,82,0.068,0.935,0.479,0.16,0.116,0.11,0.025,0.481,0.479,644,602,232,484,252
2018-19,Postup,22018,1610612751,BKN,Brooklyn Nets,Defensive,0.034,82,0.065,0.992,0.54,0.14,0.146,0.11,0.026,0.505,0.54,608,603,244,452,208
2018-19,Postup,22018,1610612755,PHI,Philadelphia 76ers,Defensive,0,82,0.065,1,0.495,0.18,0.086,0.14,0.031,0.513,0.495,606,606,230,465,235
2018-19,Postup,22018,1610612756,PHX,Phoenix Suns,Defensive,0.586,82,0.072,0.934,0.493,0.18,0.148,0.14,0.031,0.482,0.493,677,632,236,479,243
2018-19,Postup,22018,1610612766,CHA,Charlotte Hornets,Defensive,0.207,82,0.074,0.97,0.492,0.16,0.125,0.13,0.024,0.491,0.492,674,654,246,500,254
2018-19,Postup,22018,1610612740,NOP,New Orleans Pelicans,Defensive,0.138,82,0.072,0.978,0.508,0.15,0.111,0.13,0.022,0.501,0.508,686,671,263,518,255
2018-19,Postup,22018,1610612742,DAL,Dallas Mavericks,Defensive,0.448,82,0.08,0.942,0.492,0.14,0.121,0.11,0.027,0.478,0.492,728,686,276,561,285
2018-19,Postup,22018,1610612745,HOU,Houston Rockets,Defensive,0.862,82,0.097,0.856,0.451,0.14,0.147,0.11,0.024,0.439,0.451,883,756,293,649,356
2018-19,Spotup,22018,1610612762,UTA,Utah Jazz,Defensive,0.897,82,0.145,0.961,0.372,0.043,0.049,0.042,0.011,0.373,0.489,1321,1270,451,1212,761
2018-19,Spotup,22018,1610612755,PHI,Philadelphia 76ers,Defensive,0.621,82,0.152,0.997,0.385,0.048,0.047,0.044,0.008,0.386,0.509,1421,1417,499,1297,798
2018-19,Spotup,22018,1610612757,POR,Portland Trail Blazers,Defensive,0.552,82,0.169,1.005,0.385,0.043,0.047,0.04,0.01,0.385,0.514,1539,1547,545,1415,870
2018-19,Spotup,22018,1610612746,LAC,LA Clippers,Defensive,0.862,82,0.174,0.964,0.369,0.055,0.054,0.049,0.012,0.375,0.491,1640,1581,546,1480,934
2018-19,Spotup,22018,1610612751,BKN,Brooklyn Nets,Defensive,1,82,0.177,0.956,0.37,0.044,0.055,0.043,0.008,0.371,0.488,1663,1589,558,1510,952
2018-19,Spotup,22018,1610612765,DET,Detroit Pistons,Defensive,0.586,82,0.182,1,0.39,0.054,0.058,0.048,0.014,0.39,0.512,1623,1623,571,1464,893
2018-19,Spotup,22018,1610612753,ORL,Orlando Magic,Defensive,0.69,82,0.188,0.99,0.38,0.057,0.064,0.052,0.011,0.384,0.504,1681,1665,569,1498,929
2018-19,Spotup,22018,1610612756,PHX,Phoenix Suns,Defensive,0.138,82,0.171,1.047,0.4,0.053,0.06,0.046,0.01,0.401,0.536,1609,1685,577,1443,866
2018-19,Spotup,22018,1610612742,DAL,Dallas Mavericks,Defensive,0.483,82,0.196,1.013,0.389,0.047,0.057,0.042,0.012,0.388,0.522,1787,1810,632,1624,992
2018-19,Spotup,22018,1610612738,BOS,Boston Celtics,Defensive,0.931,82,0.205,0.961,0.364,0.043,0.057,0.039,0.004,0.367,0.494,1890,1817,622,1707,1085
2018-19,Spotup,22018,1610612745,HOU,Houston Rockets,Defensive,0.759,82,0.202,0.99,0.39,0.048,0.059,0.044,0.011,0.388,0.511,1838,1820,649,1662,1013
2018-19,Spotup,22018,1610612744,GSW,Golden State Warriors,Defensive,0.828,82,0.201,0.975,0.374,0.051,0.049,0.045,0.009,0.379,0.496,1881,1834,640,1709,1069
2018-19,Spotup,22018,1610612758,SAC,Sacramento Kings,Defensive,0.517,82,0.196,1.012,0.387,0.064,0.055,0.061,0.013,0.393,0.515,1865,1887,645,1668,1023
2018-19,Spotup,22018,1610612760,OKC,Oklahoma City Thunder,Defensive,0.655,81,0.206,0.991,0.383,0.045,0.058,0.038,0.009,0.38,0.509,1915,1898,664,1735,1071
2018-19,Spotup,22018,1610612739,CLE,Cleveland Cavaliers,Defensive,0,82,0.199,1.084,0.42,0.047,0.056,0.043,0.013,0.414,0.558,1754,1901,670,1595,925
2018-19,Spotup,22018,1610612759,SAS,San Antonio Spurs,Defensive,0.241,82,0.205,1.032,0.388,0.048,0.041,0.045,0.008,0.394,0.522,1848,1908,660,1699,1039
2018-19,Spotup,22018,1610612747,LAL,Los Angeles Lakers,Defensive,0.724,82,0.205,0.99,0.377,0.044,0.056,0.04,0.009,0.375,0.506,1950,1931,667,1771,1104
2018-19,Spotup,22018,1610612752,NYK,New York Knicks,Defensive,0.31,82,0.206,1.028,0.388,0.051,0.05,0.046,0.011,0.39,0.525,1895,1949,670,1726,1056
2018-19,Spotup,22018,1610612761,TOR,Toronto Raptors,Defensive,0.966,82,0.222,0.96,0.371,0.053,0.065,0.048,0.013,0.371,0.494,2062,1980,684,1845,1161
2018-19,Spotup,22018,1610612743,DEN,Denver Nuggets,Defensive,0.793,82,0.227,0.987,0.384,0.044,0.059,0.041,0.012,0.38,0.508,2023,1996,707,1839,1132
2018-19,Spotup,22018,1610612763,MEM,Memphis Grizzlies,Defensive,0.379,82,0.219,1.027,0.386,0.06,0.058,0.051,0.01,0.393,0.523,1954,2006,673,1744,1071
2018-19,Spotup,22018,1610612741,CHI,Chicago Bulls,Defensive,0.172,82,0.211,1.044,0.406,0.051,0.059,0.046,0.01,0.404,0.54,1926,2010,704,1732,1028
2018-19,Spotup,22018,1610612754,IND,Indiana Pacers,Defensive,0.448,82,0.22,1.017,0.386,0.051,0.05,0.047,0.009,0.39,0.519,1983,2017,695,1799,1104
2018-19,Spotup,22018,1610612750,MIN,Minnesota Timberwolves,Defensive,0.207,82,0.21,1.038,0.395,0.039,0.054,0.037,0.01,0.39,0.535,1957,2031,709,1794,1085
2018-19,Spotup,22018,1610612748,MIA,Miami Heat,Defensive,0.414,82,0.224,1.025,0.391,0.05,0.06,0.046,0.012,0.387,0.529,2023,2073,714,1824,1110
2018-19,Spotup,22018,1610612737,ATL,Atlanta Hawks,Defensive,0.276,81,0.214,1.029,0.402,0.055,0.065,0.047,0.01,0.401,0.534,2022,2080,723,1799,1076
2018-19,Spotup,22018,1610612749,MIL,Milwaukee Bucks,Defensive,0.345,82,0.215,1.027,0.394,0.04,0.055,0.037,0.008,0.39,0.534,2027,2082,729,1850,1121
2018-19,Spotup,22018,1610612740,NOP,New Orleans Pelicans,Defensive,0.069,82,0.205,1.079,0.41,0.047,0.047,0.043,0.014,0.408,0.55,1954,2108,737,1799,1062
2018-19,Spotup,22018,1610612764,WAS,Washington Wizards,Defensive,0.103,82,0.211,1.073,0.413,0.052,0.059,0.048,0.009,0.412,0.553,1992,2137,738,1789,1051
2018-19,Spotup,22018,1610612766,CHA,Charlotte Hornets,Defensive,0.034,82,0.226,1.081,0.415,0.036,0.061,0.034,0.008,0.405,0.561,2048,2214,774,1866,1092
2018-19,Handoff,22018,1610612745,HOU,Houston Rockets,Defensive,0.379,82,0.039,0.961,0.433,0.084,0.117,0.075,0.017,0.421,0.498,359,345,127,293,166
2018-19,Handoff,22018,1610612747,LAL,Los Angeles Lakers,Defensive,1,82,0.048,0.772,0.358,0.055,0.112,0.055,0.011,0.344,0.412,457,353,138,386,248
2018-19,Handoff,22018,1610612743,DEN,Denver Nuggets,Defensive,0.655,82,0.045,0.893,0.392,0.115,0.127,0.097,0.012,0.397,0.458,401,358,121,309,188
2018-19,Handoff,22018,1610612761,TOR,Toronto Raptors,Defensive,0.897,82,0.047,0.844,0.386,0.085,0.094,0.062,0.011,0.383,0.439,436,368,140,363,223
2018-19,Handoff,22018,1610612750,MIN,Minnesota Timberwolves,Defensive,0.759,82,0.046,0.869,0.399,0.092,0.122,0.075,0.019,0.387,0.462,426,370,137,343,206
2018-19,Handoff,22018,1610612763,MEM,Memphis Grizzlies,Defensive,0.931,82,0.05,0.835,0.37,0.081,0.138,0.068,0.018,0.357,0.448,443,370,131,354,223
2018-19,Handoff,22018,1610612748,MIA,Miami Heat,Defensive,0.966,82,0.05,0.819,0.37,0.079,0.121,0.066,0.015,0.366,0.427,454,372,137,370,233
2018-19,Handoff,22018,1610612760,OKC,Oklahoma City Thunder,Defensive,0.828,81,0.048,0.853,0.406,0.063,0.154,0.05,0.009,0.373,0.473,442,377,142,350,208
2018-19,Handoff,22018,1610612758,SAC,Sacramento Kings,Defensive,0.31,82,0.042,0.962,0.43,0.068,0.113,0.06,0.005,0.415,0.517,398,383,141,328,187
2018-19,Handoff,22018,1610612766,CHA,Charlotte Hornets,Defensive,0.586,82,0.049,0.907,0.385,0.088,0.111,0.077,0.018,0.385,0.468,441,400,139,361,222
2018-19,Handoff,22018,1610612765,DET,Detroit Pistons,Defensive,0.793,82,0.053,0.855,0.386,0.081,0.106,0.066,0.009,0.389,0.439,470,402,149,386,237
2018-19,Handoff,22018,1610612756,PHX,Phoenix Suns,Defensive,0.448,82,0.047,0.935,0.445,0.063,0.142,0.049,0.022,0.402,0.523,445,416,162,364,202
2018-19,Handoff,22018,1610612764,WAS,Washington Wizards,Defensive,0.103,82,0.046,0.986,0.444,0.076,0.104,0.069,0.025,0.419,0.522,434,428,163,367,204
2018-19,Handoff,22018,1610612752,NYK,New York Knicks,Defensive,0.517,82,0.051,0.921,0.401,0.089,0.102,0.077,0.019,0.402,0.469,470,433,156,389,233
2018-19,Handoff,22018,1610612740,NOP,New Orleans Pelicans,Defensive,0.414,82,0.049,0.942,0.418,0.082,0.11,0.069,0.013,0.409,0.491,464,437,159,380,221
2018-19,Handoff,22018,1610612751,BKN,Brooklyn Nets,Defensive,0.69,82,0.052,0.888,0.386,0.067,0.055,0.065,0.012,0.394,0.443,492,437,169,438,269
2018-19,Handoff,22018,1610612737,ATL,Atlanta Hawks,Defensive,0.172,81,0.048,0.973,0.428,0.089,0.111,0.082,0.016,0.42,0.503,450,438,157,367,210
2018-19,Handoff,22018,1610612742,DAL,Dallas Mavericks,Defensive,0.483,82,0.052,0.935,0.411,0.076,0.107,0.072,0.013,0.404,0.485,475,444,162,394,232
2018-19,Handoff,22018,1610612746,LAC,LA Clippers,Defensive,0.552,82,0.052,0.914,0.402,0.078,0.102,0.071,0.022,0.394,0.481,490,448,166,413,247
2018-19,Handoff,22018,1610612749,MIL,Milwaukee Bucks,Defensive,0.862,82,0.057,0.849,0.367,0.071,0.093,0.061,0.011,0.367,0.438,537,456,167,455,288
2018-19,Handoff,22018,1610612738,BOS,Boston Celtics,Defensive,0.724,82,0.057,0.886,0.386,0.067,0.116,0.063,0.015,0.373,0.467,526,466,169,438,269
2018-19,Handoff,22018,1610612744,GSW,Golden State Warriors,Defensive,0.207,82,0.053,0.966,0.426,0.081,0.139,0.077,0.008,0.406,0.526,495,478,166,390,224
2018-19,Handoff,22018,1610612759,SAS,San Antonio Spurs,Defensive,0.069,82,0.055,1.01,0.452,0.052,0.101,0.052,0.01,0.429,0.545,496,501,192,425,233
2018-19,Handoff,22018,1610612754,IND,Indiana Pacers,Defensive,0.138,82,0.058,0.979,0.453,0.087,0.127,0.075,0.015,0.428,0.534,519,508,188,415,227
2018-19,Handoff,22018,1610612757,POR,Portland Trail Blazers,Defensive,0.621,82,0.062,0.904,0.4,0.073,0.089,0.073,0.018,0.397,0.469,562,508,192,480,288
2018-19,Handoff,22018,1610612739,CLE,Cleveland Cavaliers,Defensive,0,82,0.057,1.042,0.456,0.076,0.082,0.076,0.02,0.447,0.54,503,524,198,434,236
2018-19,Handoff,22018,1610612755,PHI,Philadelphia 76ers,Defensive,0.276,82,0.058,0.963,0.426,0.09,0.071,0.075,0.027,0.428,0.489,547,527,202,474,272
2018-19,Handoff,22018,1610612741,CHI,Chicago Bulls,Defensive,0.034,82,0.058,1.011,0.445,0.068,0.085,0.058,0.015,0.433,0.531,531,537,204,458,254
2018-19,Handoff,22018,1610612753,ORL,Orlando Magic,Defensive,0.241,82,0.065,0.964,0.431,0.075,0.089,0.067,0.019,0.422,0.504,586,565,216,501,285
2018-19,Handoff,22018,1610612762,UTA,Utah Jazz,Defensive,0.345,82,0.072,0.962,0.424,0.076,0.092,0.066,0.014,0.418,0.502,655,630,235,554,319
2018-19,Cut,22018,1610612763,MEM,Memphis Grizzlies,Defensive,0.793,82,0.065,1.227,0.641,0.145,0.079,0.138,0.022,0.628,0.641,581,713,297,463,166
2018-19,Cut,22018,1610612762,UTA,Utah Jazz,Defensive,0.931,82,0.066,1.182,0.619,0.144,0.069,0.137,0.028,0.611,0.619,606,716,306,494,188
2018-19,Cut,22018,1610612758,SAC,Sacramento Kings,Defensive,0.552,82,0.06,1.275,0.653,0.107,0.06,0.107,0.037,0.635,0.653,570,727,324,496,172
2018-19,Cut,22018,1610612749,MIL,Milwaukee Bucks,Defensive,1,82,0.068,1.155,0.604,0.133,0.076,0.133,0.04,0.587,0.604,646,746,324,536,212
2018-19,Cut,22018,1610612738,BOS,Boston Celtics,Defensive,0.862,82,0.068,1.205,0.635,0.156,0.082,0.148,0.034,0.618,0.635,623,751,315,496,181
2018-19,Cut,22018,1610612742,DAL,Dallas Mavericks,Defensive,0.207,82,0.063,1.325,0.687,0.149,0.058,0.139,0.028,0.671,0.687,569,754,321,467,146
2018-19,Cut,22018,1610612753,ORL,Orlando Magic,Defensive,0.621,82,0.068,1.245,0.647,0.127,0.059,0.127,0.035,0.627,0.647,608,757,334,516,182
2018-19,Cut,22018,1610612757,POR,Portland Trail Blazers,Defensive,0.241,82,0.063,1.323,0.671,0.148,0.045,0.141,0.038,0.668,0.671,575,761,326,486,160
2018-19,Cut,22018,1610612754,IND,Indiana Pacers,Defensive,0.483,82,0.066,1.277,0.672,0.138,0.083,0.133,0.05,0.638,0.672,600,766,334,497,163
2018-19,Cut,22018,1610612740,NOP,New Orleans Pelicans,Defensive,0.724,82,0.067,1.238,0.629,0.158,0.058,0.152,0.044,0.624,0.629,639,791,333,529,196
2018-19,Cut,22018,1610612739,CLE,Cleveland Cavaliers,Defensive,0,82,0.063,1.448,0.743,0.127,0.04,0.123,0.031,0.729,0.743,553,801,355,478,123
2018-19,Cut,22018,1610612744,GSW,Golden State Warriors,Defensive,0.69,82,0.07,1.241,0.632,0.151,0.064,0.144,0.043,0.629,0.632,655,813,342,541,199
2018-19,Cut,22018,1610612765,DET,Detroit Pistons,Defensive,0.448,82,0.071,1.298,0.665,0.146,0.052,0.143,0.036,0.66,0.665,635,824,353,531,178
2018-19,Cut,22018,1610612759,SAS,San Antonio Spurs,Defensive,0.379,82,0.07,1.318,0.677,0.179,0.054,0.177,0.038,0.668,0.677,633,834,344,508,164
2018-19,Cut,22018,1610612745,HOU,Houston Rockets,Defensive,0.345,82,0.07,1.318,0.674,0.142,0.053,0.142,0.035,0.662,0.674,636,838,359,533,174
2018-19,Cut,22018,1610612755,PHI,Philadelphia 76ers,Defensive,0.172,82,0.068,1.327,0.691,0.153,0.058,0.145,0.034,0.675,0.691,640,849,363,525,162
2018-19,Cut,22018,1610612741,CHI,Chicago Bulls,Defensive,0.586,82,0.074,1.263,0.652,0.167,0.06,0.164,0.039,0.643,0.652,672,849,356,546,190
2018-19,Cut,22018,1610612748,MIA,Miami Heat,Defensive,0.759,82,0.076,1.232,0.626,0.152,0.054,0.148,0.042,0.628,0.626,690,850,361,577,216
2018-19,Cut,22018,1610612743,DEN,Denver Nuggets,Defensive,0.966,82,0.082,1.162,0.595,0.154,0.076,0.146,0.039,0.588,0.595,735,854,354,595,241
2018-19,Cut,22018,1610612747,LAL,Los Angeles Lakers,Defensive,0.655,82,0.073,1.244,0.633,0.148,0.067,0.136,0.033,0.628,0.633,697,867,361,570,209
2018-19,Cut,22018,1610612737,ATL,Atlanta Hawks,Defensive,0.517,81,0.072,1.276,0.655,0.194,0.054,0.186,0.041,0.651,0.655,681,869,353,539,186
2018-19,Cut,22018,1610612750,MIN,Minnesota Timberwolves,Defensive,0.31,82,0.071,1.318,0.683,0.16,0.067,0.154,0.029,0.675,0.683,661,871,362,530,168
2018-19,Cut,22018,1610612746,LAC,LA Clippers,Defensive,0.069,82,0.069,1.334,0.689,0.163,0.069,0.159,0.037,0.674,0.689,656,875,364,528,164
2018-19,Cut,22018,1610612752,NYK,New York Knicks,Defensive,0.138,82,0.073,1.327,0.681,0.157,0.06,0.154,0.06,0.662,0.681,669,888,384,564,180
2018-19,Cut,22018,1610612764,WAS,Washington Wizards,Defensive,0.276,82,0.071,1.322,0.684,0.131,0.062,0.12,0.042,0.662,0.684,674,891,391,572,181
2018-19,Cut,22018,1610612761,TOR,Toronto Raptors,Defensive,0.897,82,0.08,1.203,0.614,0.157,0.071,0.147,0.032,0.61,0.614,747,899,369,601,232
2018-19,Cut,22018,1610612751,BKN,Brooklyn Nets,Defensive,0.828,82,0.079,1.215,0.616,0.133,0.059,0.13,0.042,0.608,0.616,744,904,389,631,242
2018-19,Cut,22018,1610612766,CHA,Charlotte Hornets,Defensive,0.034,82,0.074,1.378,0.714,0.13,0.054,0.13,0.04,0.693,0.714,670,923,409,573,164
2018-19,Cut,22018,1610612756,PHX,Phoenix Suns,Defensive,0.103,82,0.074,1.332,0.675,0.18,0.049,0.175,0.057,0.675,0.675,701,934,391,579,188
2018-19,Cut,22018,1610612760,OKC,Oklahoma City Thunder,Defensive,0.414,81,0.078,1.317,0.672,0.128,0.054,0.126,0.044,0.658,0.672,725,955,420,625,205
2018-19,OffScreen,22018,1610612751,BKN,Brooklyn Nets,Defensive,0.586,82,0.039,0.948,0.387,0.063,0.046,0.049,0.011,0.398,0.47,367,348,128,331,203
2018-19,OffScreen,22018,1610612744,GSW,Golden State Warriors,Defensive,0.828,82,0.041,0.907,0.376,0.054,0.059,0.047,0.013,0.38,0.455,387,351,131,348,217
2018-19,OffScreen,22018,1610612748,MIA,Miami Heat,Defensive,0.966,82,0.044,0.875,0.362,0.075,0.092,0.07,0.015,0.364,0.444,401,351,123,340,217
2018-19,OffScreen,22018,1610612745,HOU,Houston Rockets,Defensive,0.069,82,0.038,1.04,0.408,0.057,0.046,0.046,0.009,0.413,0.528,349,363,129,316,187
2018-19,OffScreen,22018,1610612764,WAS,Washington Wizards,Defensive,0.759,82,0.045,0.919,0.401,0.057,0.092,0.055,0.007,0.391,0.485,422,388,145,362,217
2018-19,OffScreen,22018,1610612749,MIL,Milwaukee Bucks,Defensive,0.862,82,0.046,0.906,0.363,0.044,0.078,0.037,0.005,0.357,0.47,434,393,139,383,244
2018-19,OffScreen,22018,1610612766,CHA,Charlotte Hornets,Defensive,0.483,82,0.045,0.966,0.408,0.051,0.11,0.051,0.01,0.385,0.513,410,396,142,348,206
2018-19,OffScreen,22018,1610612759,SAS,San Antonio Spurs,Defensive,0.931,82,0.05,0.885,0.375,0.04,0.064,0.038,0.009,0.368,0.457,451,399,153,408,255
2018-19,OffScreen,22018,1610612742,DAL,Dallas Mavericks,Defensive,1,82,0.054,0.845,0.366,0.041,0.078,0.037,0.018,0.35,0.443,489,413,161,440,279
2018-19,OffScreen,22018,1610612762,UTA,Utah Jazz,Defensive,0.69,82,0.05,0.936,0.397,0.051,0.082,0.044,0.013,0.387,0.486,452,423,158,398,240
2018-19,OffScreen,22018,1610612754,IND,Indiana Pacers,Defensive,0.897,82,0.052,0.894,0.381,0.055,0.099,0.053,0.008,0.37,0.476,473,423,154,404,250
2018-19,OffScreen,22018,1610612743,DEN,Denver Nuggets,Defensive,0.655,82,0.051,0.939,0.396,0.057,0.09,0.053,0.009,0.389,0.489,457,429,156,394,238
2018-19,OffScreen,22018,1610612755,PHI,Philadelphia 76ers,Defensive,0.034,82,0.043,1.064,0.433,0.047,0.059,0.042,0.015,0.426,0.549,404,430,159,367,208
2018-19,OffScreen,22018,1610612760,OKC,Oklahoma City Thunder,Defensive,0.552,81,0.048,0.96,0.414,0.058,0.071,0.053,0.009,0.412,0.49,451,433,164,396,232
2018-19,OffScreen,22018,1610612763,MEM,Memphis Grizzlies,Defensive,0.345,82,0.049,0.991,0.403,0.061,0.077,0.057,0.018,0.398,0.506,440,436,156,387,231
2018-19,OffScreen,22018,1610612746,LAC,LA Clippers,Defensive,0.793,82,0.051,0.917,0.387,0.054,0.062,0.044,0.015,0.387,0.465,481,441,167,432,265
2018-19,OffScreen,22018,1610612737,ATL,Atlanta Hawks,Defensive,0.724,81,0.051,0.934,0.379,0.073,0.064,0.064,0.008,0.386,0.47,482,450,159,420,261
2018-19,OffScreen,22018,1610612747,LAL,Los Angeles Lakers,Defensive,0.138,82,0.046,1.025,0.398,0.054,0.048,0.05,0.009,0.406,0.514,441,452,159,400,241
2018-19,OffScreen,22018,1610612761,TOR,Toronto Raptors,Defensive,0.207,82,0.048,1.011,0.422,0.087,0.073,0.085,0.031,0.421,0.508,449,454,165,391,226
2018-19,OffScreen,22018,1610612741,CHI,Chicago Bulls,Defensive,0.379,82,0.051,0.989,0.431,0.041,0.077,0.034,0.011,0.415,0.522,465,460,179,415,236
2018-19,OffScreen,22018,1610612752,NYK,New York Knicks,Defensive,0.448,82,0.051,0.979,0.406,0.055,0.066,0.055,0.013,0.4,0.507,472,462,171,421,250
2018-19,OffScreen,22018,1610612739,CLE,Cleveland Cavaliers,Defensive,0.241,82,0.052,1.009,0.404,0.072,0.054,0.065,0.02,0.411,0.505,460,464,166,411,245
2018-19,OffScreen,22018,1610612765,DET,Detroit Pistons,Defensive,0.517,82,0.055,0.965,0.401,0.069,0.065,0.065,0.026,0.398,0.486,492,475,176,439,263
2018-19,OffScreen,22018,1610612756,PHX,Phoenix Suns,Defensive,0.286,82,0.051,1,0.418,0.049,0.089,0.043,0.006,0.406,0.533,485,485,176,421,245
2018-19,OffScreen,22018,1610612738,BOS,Boston Celtics,Defensive,0.103,82,0.051,1.025,0.423,0.044,0.059,0.042,0.006,0.418,0.527,474,486,181,428,247
2018-19,OffScreen,22018,1610612758,SAC,Sacramento Kings,Defensive,0.286,82,0.052,1,0.417,0.06,0.077,0.056,0.012,0.409,0.522,496,496,181,434,253
2018-19,OffScreen,22018,1610612757,POR,Portland Trail Blazers,Defensive,0.414,82,0.057,0.988,0.397,0.091,0.07,0.081,0.014,0.412,0.493,517,511,175,441,266
2018-19,OffScreen,22018,1610612753,ORL,Orlando Magic,Defensive,0.621,82,0.062,0.942,0.38,0.063,0.065,0.061,0.009,0.389,0.471,553,521,185,487,302
2018-19,OffScreen,22018,1610612740,NOP,New Orleans Pelicans,Defensive,0.172,82,0.057,1.013,0.428,0.067,0.063,0.061,0.019,0.425,0.514,539,546,205,479,274
2018-19,OffScreen,22018,1610612750,MIN,Minnesota Timberwolves,Defensive,0,82,0.057,1.079,0.456,0.056,0.085,0.053,0.019,0.438,0.565,532,574,213,467,254
2018-19,OffRebound,22018,1610612763,MEM,Memphis Grizzlies,Defensive,0.862,82,0.048,1.014,0.528,0.114,0.093,0.109,0.026,0.507,0.531,430,436,186,352,166
2018-19,OffRebound,22018,1610612753,ORL,Orlando Magic,Defensive,0.897,82,0.049,1.007,0.515,0.096,0.068,0.087,0.016,0.505,0.519,438,441,192,373,181
2018-19,OffRebound,22018,1610612765,DET,Detroit Pistons,Defensive,0.724,82,0.048,1.05,0.519,0.125,0.054,0.113,0.033,0.526,0.522,424,445,188,362,174
2018-19,OffRebound,22018,1610612762,UTA,Utah Jazz,Defensive,0.966,82,0.05,0.985,0.512,0.104,0.08,0.104,0.022,0.5,0.515,452,445,193,377,184
2018-19,OffRebound,22018,1610612760,OKC,Oklahoma City Thunder,Defensive,0.793,81,0.048,1.038,0.525,0.107,0.069,0.098,0.027,0.522,0.525,450,467,201,383,182
2018-19,OffRebound,22018,1610612759,SAS,San Antonio Spurs,Defensive,0.172,82,0.046,1.136,0.569,0.155,0.063,0.153,0.029,0.578,0.575,412,468,190,334,144
2018-19,OffRebound,22018,1610612761,TOR,Toronto Raptors,Defensive,1,82,0.053,0.965,0.499,0.112,0.089,0.112,0.026,0.484,0.505,492,475,202,405,203
2018-19,OffRebound,22018,1610612742,DAL,Dallas Mavericks,Defensive,0.655,82,0.051,1.056,0.529,0.12,0.06,0.118,0.032,0.533,0.53,467,493,210,397,187
2018-19,OffRebound,22018,1610612755,PHI,Philadelphia 76ers,Defensive,0.931,82,0.053,0.988,0.5,0.1,0.062,0.094,0.022,0.501,0.501,501,495,215,430,215
2018-19,OffRebound,22018,1610612743,DEN,Denver Nuggets,Defensive,0.379,82,0.051,1.102,0.556,0.109,0.058,0.1,0.053,0.541,0.561,451,497,222,399,177
2018-19,OffRebound,22018,1610612739,CLE,Cleveland Cavaliers,Defensive,0.241,82,0.052,1.123,0.561,0.108,0.068,0.103,0.026,0.556,0.57,455,511,217,387,170
2018-19,OffRebound,22018,1610612749,MIL,Milwaukee Bucks,Defensive,0.138,82,0.048,1.144,0.582,0.133,0.058,0.124,0.029,0.583,0.586,451,516,220,378,158
2018-19,OffRebound,22018,1610612744,GSW,Golden State Warriors,Defensive,0.69,82,0.052,1.055,0.537,0.126,0.075,0.116,0.02,0.536,0.546,491,518,216,402,186
2018-19,OffRebound,22018,1610612757,POR,Portland Trail Blazers,Defensive,0.103,82,0.05,1.146,0.586,0.135,0.066,0.124,0.026,0.581,0.591,453,519,219,374,155
2018-19,OffRebound,22018,1610612754,IND,Indiana Pacers,Defensive,0.828,82,0.057,1.021,0.544,0.09,0.102,0.08,0.014,0.514,0.55,512,523,229,421,192
2018-19,OffRebound,22018,1610612766,CHA,Charlotte Hornets,Defensive,0.586,82,0.054,1.084,0.544,0.118,0.059,0.116,0.031,0.546,0.548,491,532,228,419,191
2018-19,OffRebound,22018,1610612748,MIA,Miami Heat,Defensive,0.483,82,0.055,1.089,0.544,0.12,0.063,0.114,0.02,0.547,0.55,492,536,224,412,188
2018-19,OffRebound,22018,1610612745,HOU,Houston Rockets,Defensive,0.759,82,0.057,1.042,0.524,0.112,0.071,0.106,0.025,0.52,0.53,519,541,229,437,208
2018-19,OffRebound,22018,1610612737,ATL,Atlanta Hawks,Defensive,0.31,81,0.051,1.122,0.566,0.148,0.076,0.14,0.037,0.559,0.571,485,544,223,394,171
2018-19,OffRebound,22018,1610612740,NOP,New Orleans Pelicans,Defensive,0.414,82,0.053,1.095,0.562,0.089,0.065,0.081,0.016,0.549,0.567,506,554,245,436,191
2018-19,OffRebound,22018,1610612752,NYK,New York Knicks,Defensive,0.552,82,0.056,1.085,0.526,0.144,0.048,0.125,0.037,0.542,0.533,520,564,231,439,208
2018-19,OffRebound,22018,1610612758,SAC,Sacramento Kings,Defensive,0.345,82,0.054,1.102,0.549,0.131,0.058,0.116,0.029,0.556,0.552,518,571,239,435,196
2018-19,OffRebound,22018,1610612741,CHI,Chicago Bulls,Defensive,0.069,82,0.054,1.153,0.578,0.116,0.052,0.106,0.034,0.576,0.586,498,574,249,431,182
2018-19,OffRebound,22018,1610612746,LAC,LA Clippers,Defensive,0.034,82,0.053,1.154,0.572,0.127,0.042,0.113,0.024,0.584,0.573,505,583,247,432,185
2018-19,OffRebound,22018,1610612750,MIN,Minnesota Timberwolves,Defensive,0.276,82,0.056,1.123,0.561,0.134,0.059,0.119,0.023,0.569,0.566,522,586,243,433,190
2018-19,OffRebound,22018,1610612751,BKN,Brooklyn Nets,Defensive,0.517,82,0.058,1.085,0.555,0.127,0.053,0.109,0.027,0.56,0.559,550,597,258,465,207
2018-19,OffRebound,22018,1610612738,BOS,Boston Celtics,Defensive,0,82,0.056,1.161,0.59,0.128,0.074,0.11,0.031,0.582,0.598,517,600,253,429,176
2018-19,OffRebound,22018,1610612747,LAL,Los Angeles Lakers,Defensive,0.621,82,0.059,1.083,0.551,0.094,0.059,0.09,0.014,0.55,0.555,564,611,268,486,218
2018-19,OffRebound,22018,1610612764,WAS,Washington Wizards,Defensive,0.448,82,0.06,1.09,0.548,0.113,0.067,0.103,0.034,0.538,0.553,565,616,264,482,218
2018-19,OffRebound,22018,1610612756,PHX,Phoenix Suns,Defensive,0.207,82,0.06,1.13,0.568,0.13,0.065,0.129,0.035,0.567,0.575,568,642,271,477,206
2018-19,Misc,22018,1610612759,SAS,San Antonio Spurs,Defensive,1,82,0.052,0.471,0.356,0.177,0.542,0.028,0.002,0.262,0.386,469,221,47,132,85
2018-19,Misc,22018,1610612766,CHA,Charlotte Hornets,Defensive,0.966,82,0.053,0.509,0.362,0.21,0.54,0.045,0.019,0.276,0.385,485,247,47,130,83
2018-19,Misc,22018,1610612743,DEN,Denver Nuggets,Defensive,0.897,82,0.057,0.512,0.312,0.22,0.478,0.02,0.004,0.286,0.341,504,258,48,154,106
2018-19,Misc,22018,1610612757,POR,Portland Trail Blazers,Defensive,0.69,82,0.052,0.545,0.396,0.2,0.505,0.034,0.011,0.291,0.441,475,259,57,144,87
2018-19,Misc,22018,1610612754,IND,Indiana Pacers,Defensive,0.448,82,0.052,0.568,0.4,0.209,0.527,0.017,0.004,0.305,0.452,465,264,50,125,75
2018-19,Misc,22018,1610612748,MIA,Miami Heat,Defensive,0.793,82,0.055,0.533,0.303,0.225,0.489,0.034,0.006,0.288,0.334,497,265,44,145,101
2018-19,Misc,22018,1610612738,BOS,Boston Celtics,Defensive,0.828,82,0.055,0.522,0.36,0.198,0.535,0.029,0.006,0.275,0.396,510,266,50,139,89
2018-19,Misc,22018,1610612762,UTA,Utah Jazz,Defensive,0.862,82,0.058,0.52,0.404,0.207,0.537,0.036,0.011,0.287,0.436,527,274,57,141,84
2018-19,Misc,22018,1610612753,ORL,Orlando Magic,Defensive,0.586,82,0.055,0.554,0.364,0.222,0.484,0.028,0.01,0.298,0.391,496,275,55,151,96
2018-19,Misc,22018,1610612739,CLE,Cleveland Cavaliers,Defensive,0.345,82,0.056,0.571,0.455,0.206,0.527,0.024,0.006,0.304,0.5,490,280,61,134,73
2018-19,Misc,22018,1610612752,NYK,New York Knicks,Defensive,0.138,82,0.051,0.597,0.382,0.227,0.51,0.04,0.015,0.31,0.412,471,281,50,131,81
2018-19,Misc,22018,1610612749,MIL,Milwaukee Bucks,Defensive,0.483,82,0.053,0.565,0.404,0.21,0.509,0.03,0.01,0.293,0.459,501,283,59,146,87
2018-19,Misc,22018,1610612747,LAL,Los Angeles Lakers,Defensive,0.759,82,0.057,0.538,0.372,0.203,0.516,0.026,0.005,0.293,0.417,546,294,58,156,98
2018-19,Misc,22018,1610612742,DAL,Dallas Mavericks,Defensive,0.069,82,0.052,0.627,0.369,0.251,0.443,0.034,0.008,0.344,0.389,474,297,55,149,94
2018-19,Misc,22018,1610612750,MIN,Minnesota Timberwolves,Defensive,0.172,82,0.054,0.587,0.405,0.228,0.526,0.026,0.004,0.311,0.452,508,298,51,126,75
2018-19,Misc,22018,1610612741,CHI,Chicago Bulls,Defensive,0.31,82,0.057,0.572,0.362,0.232,0.503,0.033,0.006,0.313,0.401,521,298,51,141,90
2018-19,Misc,22018,1610612763,MEM,Memphis Grizzlies,Defensive,0.552,82,0.06,0.561,0.297,0.259,0.507,0.022,0.004,0.313,0.309,537,301,38,128,90
2018-19,Misc,22018,1610612765,DET,Detroit Pistons,Defensive,0.655,82,0.062,0.545,0.359,0.246,0.525,0.022,0.004,0.306,0.398,552,301,46,128,82
2018-19,Misc,22018,1610612755,PHI,Philadelphia 76ers,Defensive,0.414,82,0.057,0.57,0.329,0.232,0.492,0.036,0.006,0.306,0.369,530,302,49,149,100
2018-19,Misc,22018,1610612744,GSW,Golden State Warriors,Defensive,0,82,0.049,0.666,0.417,0.22,0.415,0.057,0.004,0.352,0.467,455,303,70,168,98
2018-19,Misc,22018,1610612761,TOR,Toronto Raptors,Defensive,0.724,82,0.06,0.545,0.354,0.223,0.516,0.023,0.002,0.296,0.391,560,305,52,147,95
2018-19,Misc,22018,1610612745,HOU,Houston Rockets,Defensive,0.207,82,0.061,0.583,0.429,0.225,0.507,0.024,0.011,0.313,0.474,552,322,66,154,88
2018-19,Misc,22018,1610612737,ATL,Atlanta Hawks,Defensive,0.517,81,0.062,0.562,0.371,0.256,0.507,0.027,0.003,0.326,0.411,582,327,52,140,88
2018-19,Misc,22018,1610612758,SAC,Sacramento Kings,Defensive,0.931,82,0.067,0.511,0.378,0.214,0.559,0.034,0.005,0.28,0.426,640,327,56,148,92
2018-19,Misc,22018,1610612760,OKC,Oklahoma City Thunder,Defensive,0.621,81,0.064,0.554,0.338,0.242,0.515,0.037,0.005,0.299,0.385,596,330,50,148,98
2018-19,Misc,22018,1610612746,LAC,LA Clippers,Defensive,0.241,82,0.061,0.578,0.31,0.252,0.462,0.026,0.005,0.318,0.339,576,333,52,168,116
2018-19,Misc,22018,1610612756,PHX,Phoenix Suns,Defensive,0.379,82,0.063,0.571,0.387,0.264,0.502,0.029,0.005,0.326,0.423,592,338,55,142,87
2018-19,Misc,22018,1610612740,NOP,New Orleans Pelicans,Defensive,0.034,82,0.057,0.64,0.352,0.296,0.444,0.033,0.007,0.359,0.4,541,346,51,145,94
2018-19,Misc,22018,1610612764,WAS,Washington Wizards,Defensive,0.103,82,0.061,0.612,0.431,0.225,0.499,0.057,0.014,0.319,0.482,577,353,72,167,95
2018-19,Misc,22018,1610612751,BKN,Brooklyn Nets,Defensive,0.276,82,0.068,0.575,0.362,0.222,0.506,0.028,0.005,0.305,0.401,640,368,64,177,113
2019-20,Isolation,22019,1610612749,MIL,Milwaukee Bucks,Defensive,1,73,0.042,0.779,0.333,0.109,0.118,0.101,0.025,0.347,0.388,357,278,95,285,190
2019-20,Isolation,22019,1610612761,TOR,Toronto Raptors,Defensive,0.966,72,0.049,0.809,0.388,0.144,0.166,0.129,0.02,0.392,0.413,403,326,111,286,175
2019-20,Isolation,22019,1610612739,CLE,Cleveland Cavaliers,Defensive,0.414,65,0.054,0.919,0.401,0.091,0.073,0.075,0.026,0.408,0.464,385,354,133,332,199
2019-20,Isolation,22019,1610612765,DET,Detroit Pistons,Defensive,0.103,66,0.053,0.997,0.443,0.136,0.084,0.12,0.026,0.457,0.489,383,382,137,309,172
2019-20,Isolation,22019,1610612748,MIA,Miami Heat,Defensive,0.931,73,0.058,0.822,0.34,0.128,0.096,0.12,0.013,0.377,0.394,467,384,125,368,243
2019-20,Isolation,22019,1610612751,BKN,Brooklyn Nets,Defensive,0.828,72,0.057,0.848,0.385,0.115,0.094,0.103,0.021,0.4,0.422,468,397,146,379,233
2019-20,Isolation,22019,1610612766,CHA,Charlotte Hornets,Defensive,0.759,65,0.067,0.861,0.401,0.111,0.103,0.111,0.023,0.41,0.434,476,410,154,384,230
2019-20,Isolation,22019,1610612753,ORL,Orlando Magic,Defensive,0.207,73,0.055,0.949,0.44,0.14,0.103,0.131,0.032,0.448,0.478,435,413,151,343,192
2019-20,Isolation,22019,1610612759,SAS,San Antonio Spurs,Defensive,0.69,71,0.062,0.878,0.376,0.13,0.084,0.118,0.03,0.397,0.432,499,438,153,407,254
2019-20,Isolation,22019,1610612755,PHI,Philadelphia 76ers,Defensive,0.586,73,0.063,0.887,0.396,0.145,0.075,0.135,0.032,0.428,0.428,505,448,162,409,247
2019-20,Isolation,22019,1610612754,IND,Indiana Pacers,Defensive,0.069,73,0.055,1.004,0.441,0.123,0.078,0.112,0.022,0.461,0.496,447,449,162,367,205
2019-20,Isolation,22019,1610612757,POR,Portland Trail Blazers,Defensive,0.552,74,0.06,0.892,0.387,0.124,0.092,0.112,0.029,0.404,0.448,510,455,160,413,253
2019-20,Isolation,22019,1610612743,DEN,Denver Nuggets,Defensive,0.724,73,0.065,0.87,0.391,0.124,0.101,0.12,0.027,0.405,0.437,524,456,164,419,255
2019-20,Isolation,22019,1610612741,CHI,Chicago Bulls,Defensive,0.345,65,0.069,0.934,0.424,0.133,0.119,0.119,0.03,0.427,0.478,497,464,164,387,223
2019-20,Isolation,22019,1610612750,MIN,Minnesota Timberwolves,Defensive,0.241,64,0.066,0.947,0.425,0.124,0.087,0.112,0.024,0.441,0.471,492,466,170,400,230
2019-20,Isolation,22019,1610612740,NOP,New Orleans Pelicans,Defensive,0.483,72,0.061,0.91,0.381,0.125,0.08,0.111,0.025,0.41,0.438,512,466,160,420,260
2019-20,Isolation,22019,1610612763,MEM,Memphis Grizzlies,Defensive,0.31,73,0.06,0.934,0.392,0.127,0.078,0.123,0.018,0.427,0.446,503,470,160,408,248
2019-20,Isolation,22019,1610612762,UTA,Utah Jazz,Defensive,0.793,72,0.071,0.855,0.385,0.1,0.091,0.089,0.025,0.393,0.431,560,479,180,467,287
2019-20,Isolation,22019,1610612746,LAC,LA Clippers,Defensive,0.862,72,0.07,0.831,0.368,0.136,0.098,0.131,0.031,0.383,0.415,579,481,169,459,290
2019-20,Isolation,22019,1610612760,OKC,Oklahoma City Thunder,Defensive,0.655,72,0.068,0.885,0.412,0.11,0.117,0.106,0.02,0.413,0.455,547,484,179,434,255
2019-20,Isolation,22019,1610612738,BOS,Boston Celtics,Defensive,0.621,72,0.069,0.887,0.397,0.144,0.102,0.126,0.041,0.411,0.432,557,494,176,443,267
2019-20,Isolation,22019,1610612752,NYK,New York Knicks,Defensive,0.379,66,0.074,0.924,0.393,0.12,0.08,0.109,0.02,0.417,0.45,540,499,174,443,269
2019-20,Isolation,22019,1610612744,GSW,Golden State Warriors,Defensive,0.276,65,0.073,0.938,0.407,0.129,0.097,0.118,0.03,0.422,0.457,535,502,175,430,255
2019-20,Isolation,22019,1610612737,ATL,Atlanta Hawks,Defensive,0.138,67,0.066,0.992,0.431,0.154,0.09,0.135,0.021,0.46,0.485,513,509,172,399,227
2019-20,Isolation,22019,1610612747,LAL,Los Angeles Lakers,Defensive,0.517,71,0.073,0.898,0.411,0.125,0.111,0.101,0.016,0.421,0.451,577,518,185,450,265
2019-20,Isolation,22019,1610612764,WAS,Washington Wizards,Defensive,0.034,72,0.064,1.011,0.442,0.158,0.079,0.143,0.03,0.475,0.482,533,539,187,423,236
2019-20,Isolation,22019,1610612758,SAC,Sacramento Kings,Defensive,0,72,0.064,1.057,0.47,0.138,0.092,0.115,0.033,0.48,0.532,513,542,193,411,218
2019-20,Isolation,22019,1610612742,DAL,Dallas Mavericks,Defensive,0.448,75,0.073,0.918,0.398,0.101,0.054,0.1,0.028,0.417,0.442,611,561,212,533,321
2019-20,Isolation,22019,1610612745,HOU,Houston Rockets,Defensive,0.897,72,0.082,0.829,0.369,0.123,0.113,0.109,0.019,0.391,0.412,690,572,199,540,341
2019-20,Isolation,22019,1610612756,PHX,Phoenix Suns,Defensive,0.172,73,0.08,0.976,0.426,0.147,0.078,0.133,0.046,0.443,0.477,655,639,229,538,309
2019-20,Transition,22019,1610612766,CHA,Charlotte Hornets,Defensive,0.448,65,0.153,1.109,0.539,0.119,0.122,0.106,0.031,0.506,0.603,1080,1198,460,854,394
2019-20,Transition,22019,1610612741,CHI,Chicago Bulls,Defensive,0.724,65,0.154,1.079,0.523,0.161,0.15,0.148,0.033,0.495,0.592,1114,1202,421,805,384
2019-20,Transition,22019,1610612753,ORL,Orlando Magic,Defensive,0.621,73,0.138,1.101,0.534,0.112,0.129,0.101,0.033,0.496,0.606,1099,1210,464,869,405
2019-20,Transition,22019,1610612746,LAC,LA Clippers,Defensive,0.862,72,0.138,1.069,0.508,0.139,0.13,0.128,0.026,0.488,0.581,1135,1213,435,857,422
2019-20,Transition,22019,1610612748,MIA,Miami Heat,Defensive,0.517,73,0.141,1.108,0.525,0.139,0.127,0.123,0.036,0.499,0.594,1133,1255,458,872,414
2019-20,Transition,22019,1610612765,DET,Detroit Pistons,Defensive,0.759,66,0.162,1.079,0.524,0.116,0.124,0.107,0.031,0.494,0.584,1165,1257,483,921,438
2019-20,Transition,22019,1610612754,IND,Indiana Pacers,Defensive,0.966,73,0.147,1.054,0.501,0.139,0.125,0.129,0.025,0.489,0.562,1198,1263,456,910,454
2019-20,Transition,22019,1610612738,BOS,Boston Celtics,Defensive,0.69,72,0.146,1.083,0.499,0.14,0.118,0.121,0.025,0.489,0.576,1179,1277,451,903,452
2019-20,Transition,22019,1610612758,SAC,Sacramento Kings,Defensive,0.414,72,0.144,1.116,0.519,0.123,0.109,0.107,0.029,0.501,0.589,1149,1282,475,916,441
2019-20,Transition,22019,1610612760,OKC,Oklahoma City Thunder,Defensive,0.31,72,0.143,1.131,0.526,0.109,0.122,0.1,0.031,0.492,0.613,1148,1298,483,919,436
2019-20,Transition,22019,1610612762,UTA,Utah Jazz,Defensive,0.172,72,0.143,1.145,0.552,0.128,0.114,0.114,0.026,0.522,0.621,1136,1301,489,886,397
2019-20,Transition,22019,1610612744,GSW,Golden State Warriors,Defensive,0.241,65,0.158,1.136,0.528,0.117,0.12,0.103,0.031,0.498,0.613,1155,1312,484,917,433
2019-20,Transition,22019,1610612759,SAS,San Antonio Spurs,Defensive,0.103,71,0.142,1.158,0.542,0.132,0.107,0.117,0.031,0.522,0.614,1140,1320,489,903,414
2019-20,Transition,22019,1610612761,TOR,Toronto Raptors,Defensive,1,72,0.155,1.041,0.503,0.109,0.148,0.098,0.026,0.461,0.583,1273,1325,492,978,486
2019-20,Transition,22019,1610612752,NYK,New York Knicks,Defensive,0,66,0.156,1.175,0.558,0.155,0.119,0.14,0.032,0.536,0.638,1139,1338,482,864,382
2019-20,Transition,22019,1610612750,MIN,Minnesota Timberwolves,Defensive,0.345,64,0.162,1.123,0.549,0.156,0.148,0.148,0.036,0.513,0.624,1200,1348,482,878,396
2019-20,Transition,22019,1610612756,PHX,Phoenix Suns,Defensive,0.931,73,0.158,1.062,0.508,0.124,0.138,0.11,0.03,0.481,0.579,1296,1376,505,994,489
2019-20,Transition,22019,1610612743,DEN,Denver Nuggets,Defensive,0.379,73,0.154,1.121,0.522,0.128,0.099,0.113,0.028,0.513,0.59,1234,1383,516,988,472
2019-20,Transition,22019,1610612755,PHI,Philadelphia 76ers,Defensive,0.483,73,0.156,1.108,0.532,0.159,0.129,0.141,0.033,0.514,0.606,1248,1383,494,929,435
2019-20,Transition,22019,1610612763,MEM,Memphis Grizzlies,Defensive,0.897,73,0.156,1.064,0.513,0.126,0.143,0.11,0.034,0.478,0.588,1310,1394,514,1001,487
2019-20,Transition,22019,1610612751,BKN,Brooklyn Nets,Defensive,0.828,72,0.158,1.075,0.505,0.121,0.122,0.104,0.026,0.489,0.579,1308,1406,517,1023,506
2019-20,Transition,22019,1610612749,MIL,Milwaukee Bucks,Defensive,0.793,73,0.154,1.078,0.499,0.118,0.132,0.11,0.027,0.473,0.59,1310,1412,506,1015,509
2019-20,Transition,22019,1610612764,WAS,Washington Wizards,Defensive,0.276,72,0.157,1.132,0.548,0.158,0.144,0.137,0.036,0.518,0.623,1298,1469,522,952,430
2019-20,Transition,22019,1610612739,CLE,Cleveland Cavaliers,Defensive,0.034,65,0.179,1.168,0.562,0.096,0.119,0.087,0.025,0.523,0.639,1277,1491,582,1035,453
2019-20,Transition,22019,1610612747,LAL,Los Angeles Lakers,Defensive,0.586,71,0.17,1.102,0.51,0.126,0.124,0.119,0.025,0.492,0.594,1353,1491,535,1048,513
2019-20,Transition,22019,1610612740,NOP,New Orleans Pelicans,Defensive,0.069,72,0.156,1.158,0.56,0.127,0.124,0.114,0.031,0.528,0.636,1302,1508,568,1014,446
2019-20,Transition,22019,1610612757,POR,Portland Trail Blazers,Defensive,0.655,74,0.163,1.096,0.492,0.133,0.103,0.123,0.032,0.486,0.576,1380,1512,540,1098,558
2019-20,Transition,22019,1610612742,DAL,Dallas Mavericks,Defensive,0.552,75,0.164,1.107,0.508,0.121,0.111,0.113,0.03,0.488,0.589,1378,1526,557,1097,540
2019-20,Transition,22019,1610612737,ATL,Atlanta Hawks,Defensive,0.138,67,0.174,1.147,0.54,0.152,0.121,0.136,0.038,0.52,0.611,1362,1562,562,1041,479
2019-20,Transition,22019,1610612745,HOU,Houston Rockets,Defensive,0.207,72,0.178,1.145,0.556,0.118,0.123,0.105,0.029,0.518,0.629,1500,1717,655,1179,524
2019-20,PRBallHandler,22019,1610612741,CHI,Chicago Bulls,Defensive,1,65,0.123,0.714,0.437,0.122,0.33,0.091,0.013,0.346,0.477,891,636,218,499,281
2019-20,PRBallHandler,22019,1610612766,CHA,Charlotte Hornets,Defensive,0.414,65,0.136,0.896,0.47,0.065,0.183,0.057,0.021,0.406,0.52,957,857,347,739,392
2019-20,PRBallHandler,22019,1610612761,TOR,Toronto Raptors,Defensive,0.69,72,0.138,0.866,0.418,0.116,0.16,0.093,0.021,0.406,0.461,1128,977,351,840,489
2019-20,PRBallHandler,22019,1610612745,HOU,Houston Rockets,Defensive,0.828,72,0.146,0.843,0.412,0.091,0.166,0.075,0.02,0.381,0.466,1226,1033,385,934,549
2019-20,PRBallHandler,22019,1610612743,DEN,Denver Nuggets,Defensive,0.793,73,0.157,0.844,0.419,0.103,0.177,0.087,0.014,0.391,0.471,1258,1062,386,922,536
2019-20,PRBallHandler,22019,1610612752,NYK,New York Knicks,Defensive,0.724,66,0.179,0.862,0.4,0.098,0.132,0.083,0.014,0.394,0.457,1307,1127,409,1022,613
2019-20,PRBallHandler,22019,1610612744,GSW,Golden State Warriors,Defensive,0.345,65,0.174,0.896,0.437,0.101,0.146,0.089,0.016,0.419,0.482,1273,1140,427,978,551
2019-20,PRBallHandler,22019,1610612748,MIA,Miami Heat,Defensive,0.448,73,0.16,0.891,0.423,0.121,0.169,0.1,0.024,0.404,0.478,1284,1144,398,942,544
2019-20,PRBallHandler,22019,1610612758,SAC,Sacramento Kings,Defensive,0.552,72,0.166,0.875,0.436,0.12,0.181,0.105,0.025,0.407,0.478,1323,1157,417,956,539
2019-20,PRBallHandler,22019,1610612747,LAL,Los Angeles Lakers,Defensive,0.897,71,0.176,0.83,0.422,0.109,0.179,0.095,0.019,0.393,0.461,1399,1161,430,1020,590
2019-20,PRBallHandler,22019,1610612738,BOS,Boston Celtics,Defensive,0.759,72,0.181,0.855,0.422,0.103,0.172,0.087,0.021,0.392,0.472,1458,1246,458,1085,627
2019-20,PRBallHandler,22019,1610612737,ATL,Atlanta Hawks,Defensive,0.31,67,0.18,0.897,0.441,0.092,0.135,0.081,0.015,0.421,0.477,1404,1260,487,1105,618
2019-20,PRBallHandler,22019,1610612739,CLE,Cleveland Cavaliers,Defensive,0.069,65,0.191,0.928,0.456,0.088,0.131,0.075,0.012,0.433,0.501,1369,1270,496,1087,591
2019-20,PRBallHandler,22019,1610612765,DET,Detroit Pistons,Defensive,0.621,66,0.203,0.87,0.439,0.09,0.152,0.078,0.015,0.41,0.477,1465,1275,497,1132,635
2019-20,PRBallHandler,22019,1610612754,IND,Indiana Pacers,Defensive,0.931,73,0.192,0.824,0.404,0.098,0.158,0.085,0.022,0.383,0.444,1570,1294,486,1202,716
2019-20,PRBallHandler,22019,1610612742,DAL,Dallas Mavericks,Defensive,0.655,75,0.179,0.869,0.413,0.076,0.116,0.064,0.011,0.397,0.462,1505,1308,509,1231,722
2019-20,PRBallHandler,22019,1610612753,ORL,Orlando Magic,Defensive,0.862,73,0.199,0.831,0.417,0.086,0.159,0.069,0.018,0.389,0.453,1589,1321,512,1229,717
2019-20,PRBallHandler,22019,1610612756,PHX,Phoenix Suns,Defensive,0.138,73,0.189,0.918,0.437,0.115,0.138,0.097,0.025,0.425,0.483,1554,1427,525,1201,676
2019-20,PRBallHandler,22019,1610612760,OKC,Oklahoma City Thunder,Defensive,0.207,72,0.196,0.907,0.433,0.093,0.125,0.082,0.018,0.419,0.476,1574,1428,545,1259,714
2019-20,PRBallHandler,22019,1610612759,SAS,San Antonio Spurs,Defensive,0.483,71,0.202,0.886,0.42,0.095,0.128,0.077,0.017,0.408,0.466,1616,1432,539,1283,744
2019-20,PRBallHandler,22019,1610612750,MIN,Minnesota Timberwolves,Defensive,0.241,64,0.214,0.903,0.439,0.1,0.138,0.091,0.018,0.421,0.478,1590,1435,544,1239,695
2019-20,PRBallHandler,22019,1610612763,MEM,Memphis Grizzlies,Defensive,0.586,73,0.197,0.872,0.412,0.103,0.134,0.09,0.018,0.404,0.456,1654,1443,532,1290,758
2019-20,PRBallHandler,22019,1610612764,WAS,Washington Wizards,Defensive,0,72,0.188,0.936,0.443,0.122,0.138,0.101,0.023,0.431,0.495,1555,1455,524,1184,660
2019-20,PRBallHandler,22019,1610612757,POR,Portland Trail Blazers,Defensive,0.276,74,0.193,0.899,0.417,0.102,0.124,0.085,0.018,0.409,0.466,1634,1469,538,1291,753
2019-20,PRBallHandler,22019,1610612746,LAC,LA Clippers,Defensive,0.172,72,0.196,0.916,0.429,0.097,0.122,0.086,0.019,0.417,0.479,1612,1477,552,1288,736
2019-20,PRBallHandler,22019,1610612749,MIL,Milwaukee Bucks,Defensive,0.966,73,0.218,0.816,0.384,0.073,0.119,0.064,0.015,0.373,0.424,1853,1512,585,1524,939
2019-20,PRBallHandler,22019,1610612740,NOP,New Orleans Pelicans,Defensive,0.103,72,0.21,0.926,0.434,0.112,0.128,0.101,0.018,0.427,0.483,1753,1624,590,1361,771
2019-20,PRBallHandler,22019,1610612762,UTA,Utah Jazz,Defensive,0.379,72,0.23,0.896,0.422,0.094,0.101,0.082,0.019,0.416,0.462,1828,1637,635,1506,871
2019-20,PRBallHandler,22019,1610612755,PHI,Philadelphia 76ers,Defensive,0.517,73,0.234,0.875,0.406,0.091,0.112,0.082,0.017,0.403,0.447,1873,1638,618,1521,903
2019-20,PRBallHandler,22019,1610612751,BKN,Brooklyn Nets,Defensive,0.034,72,0.217,0.933,0.425,0.088,0.096,0.077,0.017,0.423,0.477,1794,1673,635,1494,859
2019-20,PRRollMan,22019,1610612761,TOR,Toronto Raptors,Defensive,1,72,0.041,0.941,0.459,0.116,0.113,0.113,0.033,0.436,0.507,337,317,124,270,146
2019-20,PRRollMan,22019,1610612745,HOU,Houston Rockets,Defensive,0.276,72,0.041,1.172,0.582,0.131,0.099,0.128,0.044,0.558,0.613,344,403,163,280,117
2019-20,PRRollMan,22019,1610612766,CHA,Charlotte Hornets,Defensive,0.759,65,0.057,1.082,0.543,0.114,0.109,0.106,0.025,0.52,0.582,404,437,176,324,148
2019-20,PRRollMan,22019,1610612744,GSW,Golden State Warriors,Defensive,0.621,65,0.056,1.098,0.524,0.127,0.098,0.117,0.037,0.511,0.577,409,449,174,332,158
2019-20,PRRollMan,22019,1610612751,BKN,Brooklyn Nets,Defensive,0.931,72,0.055,1.018,0.468,0.107,0.049,0.107,0.02,0.482,0.514,450,458,182,389,207
2019-20,PRRollMan,22019,1610612748,MIA,Miami Heat,Defensive,0.586,73,0.051,1.127,0.52,0.122,0.071,0.119,0.029,0.526,0.581,411,463,179,344,165
2019-20,PRRollMan,22019,1610612737,ATL,Atlanta Hawks,Defensive,0.138,67,0.053,1.192,0.546,0.173,0.056,0.161,0.044,0.562,0.6,411,490,183,335,152
2019-20,PRRollMan,22019,1610612738,BOS,Boston Celtics,Defensive,0.897,72,0.059,1.025,0.495,0.119,0.09,0.113,0.027,0.484,0.536,479,491,193,390,197
2019-20,PRRollMan,22019,1610612747,LAL,Los Angeles Lakers,Defensive,0.241,71,0.052,1.18,0.564,0.106,0.082,0.101,0.026,0.544,0.628,417,492,197,349,152
2019-20,PRRollMan,22019,1610612752,NYK,New York Knicks,Defensive,0.862,66,0.065,1.036,0.492,0.128,0.082,0.122,0.027,0.491,0.546,475,492,191,388,197
2019-20,PRRollMan,22019,1610612750,MIN,Minnesota Timberwolves,Defensive,0.793,64,0.062,1.075,0.509,0.103,0.08,0.097,0.017,0.504,0.561,464,499,197,387,190
2019-20,PRRollMan,22019,1610612756,PHX,Phoenix Suns,Defensive,0.103,73,0.053,1.197,0.573,0.116,0.076,0.111,0.035,0.558,0.627,432,517,208,363,155
2019-20,PRRollMan,22019,1610612742,DAL,Dallas Mavericks,Defensive,0.31,75,0.056,1.167,0.552,0.099,0.053,0.093,0.021,0.552,0.596,473,552,227,411,184
2019-20,PRRollMan,22019,1610612763,MEM,Memphis Grizzlies,Defensive,0.724,73,0.061,1.082,0.506,0.109,0.07,0.103,0.016,0.512,0.561,514,556,217,429,212
2019-20,PRRollMan,22019,1610612746,LAC,LA Clippers,Defensive,0.414,72,0.06,1.153,0.546,0.149,0.09,0.145,0.041,0.539,0.605,490,565,214,392,178
2019-20,PRRollMan,22019,1610612759,SAS,San Antonio Spurs,Defensive,0.345,71,0.061,1.16,0.551,0.135,0.076,0.129,0.033,0.547,0.599,488,566,221,401,180
2019-20,PRRollMan,22019,1610612758,SAC,Sacramento Kings,Defensive,0.034,72,0.059,1.214,0.573,0.186,0.075,0.175,0.047,0.579,0.62,468,568,211,368,157
2019-20,PRRollMan,22019,1610612755,PHI,Philadelphia 76ers,Defensive,0.655,73,0.065,1.09,0.531,0.107,0.067,0.106,0.015,0.526,0.573,521,568,232,437,205
2019-20,PRRollMan,22019,1610612741,CHI,Chicago Bulls,Defensive,0.828,65,0.075,1.059,0.517,0.105,0.103,0.094,0.026,0.498,0.563,542,574,229,443,214
2019-20,PRRollMan,22019,1610612765,DET,Detroit Pistons,Defensive,0.172,66,0.067,1.185,0.563,0.121,0.064,0.121,0.037,0.556,0.607,486,576,233,414,181
2019-20,PRRollMan,22019,1610612739,CLE,Cleveland Cavaliers,Defensive,0.069,65,0.068,1.213,0.566,0.089,0.06,0.085,0.023,0.555,0.627,483,586,239,422,183
2019-20,PRRollMan,22019,1610612764,WAS,Washington Wizards,Defensive,0,72,0.058,1.237,0.59,0.12,0.066,0.122,0.029,0.573,0.649,482,596,239,405,166
2019-20,PRRollMan,22019,1610612740,NOP,New Orleans Pelicans,Defensive,0.552,72,0.064,1.131,0.534,0.129,0.066,0.122,0.019,0.543,0.576,534,604,235,440,205
2019-20,PRRollMan,22019,1610612762,UTA,Utah Jazz,Defensive,0.517,72,0.067,1.144,0.518,0.123,0.047,0.117,0.032,0.526,0.576,529,605,236,456,220
2019-20,PRRollMan,22019,1610612760,OKC,Oklahoma City Thunder,Defensive,0.483,72,0.067,1.144,0.542,0.084,0.071,0.077,0.022,0.526,0.602,534,611,251,463,212
2019-20,PRRollMan,22019,1610612743,DEN,Denver Nuggets,Defensive,0.69,73,0.071,1.087,0.546,0.12,0.09,0.113,0.021,0.529,0.581,565,614,250,458,208
2019-20,PRRollMan,22019,1610612757,POR,Portland Trail Blazers,Defensive,0.207,74,0.064,1.181,0.549,0.122,0.052,0.117,0.022,0.546,0.608,540,638,251,457,206
2019-20,PRRollMan,22019,1610612754,IND,Indiana Pacers,Defensive,0.448,73,0.071,1.148,0.537,0.093,0.05,0.084,0.028,0.538,0.579,580,666,275,512,237
2019-20,PRRollMan,22019,1610612753,ORL,Orlando Magic,Defensive,0.379,73,0.073,1.154,0.537,0.095,0.066,0.093,0.026,0.527,0.603,579,668,269,501,232
2019-20,PRRollMan,22019,1610612749,MIL,Milwaukee Bucks,Defensive,0.966,73,0.082,0.978,0.425,0.088,0.053,0.088,0.017,0.44,0.487,697,682,259,610,351
2019-20,Postup,22019,1610612749,MIL,Milwaukee Bucks,Defensive,0.793,73,0.029,0.879,0.451,0.173,0.169,0.137,0.04,0.444,0.451,248,218,78,173,95
2019-20,Postup,22019,1610612761,TOR,Toronto Raptors,Defensive,1,72,0.036,0.779,0.416,0.217,0.194,0.14,0.047,0.415,0.416,299,233,79,190,111
2019-20,Postup,22019,1610612755,PHI,Philadelphia 76ers,Defensive,0.31,73,0.034,0.956,0.469,0.2,0.122,0.174,0.033,0.493,0.469,270,258,90,192,102
2019-20,Postup,22019,1610612753,ORL,Orlando Magic,Defensive,0.759,73,0.037,0.882,0.457,0.142,0.128,0.125,0.017,0.459,0.457,296,261,101,221,120
2019-20,Postup,22019,1610612766,CHA,Charlotte Hornets,Defensive,0.414,65,0.042,0.946,0.529,0.122,0.16,0.116,0.048,0.473,0.529,294,278,119,225,106
2019-20,Postup,22019,1610612765,DET,Detroit Pistons,Defensive,0.069,66,0.042,0.977,0.516,0.141,0.141,0.112,0.016,0.497,0.516,304,297,115,223,108
2019-20,Postup,22019,1610612757,POR,Portland Trail Blazers,Defensive,0.966,74,0.043,0.811,0.416,0.134,0.126,0.112,0.025,0.415,0.416,366,297,116,279,163
2019-20,Postup,22019,1610612748,MIA,Miami Heat,Defensive,0.655,73,0.042,0.904,0.474,0.164,0.14,0.149,0.042,0.466,0.474,335,303,117,247,130
2019-20,Postup,22019,1610612747,LAL,Los Angeles Lakers,Defensive,0.621,71,0.042,0.905,0.464,0.161,0.134,0.131,0.039,0.455,0.464,336,304,116,250,134
2019-20,Postup,22019,1610612739,CLE,Cleveland Cavaliers,Defensive,0.241,65,0.045,0.962,0.51,0.134,0.128,0.116,0.034,0.488,0.51,320,308,126,247,121
2019-20,Postup,22019,1610612752,NYK,New York Knicks,Defensive,0.552,66,0.046,0.926,0.476,0.176,0.131,0.143,0.045,0.473,0.476,336,311,118,248,130
2019-20,Postup,22019,1610612763,MEM,Memphis Grizzlies,Defensive,0.345,73,0.04,0.952,0.52,0.179,0.17,0.125,0.03,0.49,0.52,335,319,118,227,109
2019-20,Postup,22019,1610612743,DEN,Denver Nuggets,Defensive,0.69,73,0.044,0.901,0.47,0.149,0.132,0.13,0.031,0.462,0.47,355,320,125,266,141
2019-20,Postup,22019,1610612754,IND,Indiana Pacers,Defensive,0.862,73,0.045,0.87,0.441,0.144,0.141,0.122,0.019,0.44,0.441,368,320,119,270,151
2019-20,Postup,22019,1610612744,GSW,Golden State Warriors,Defensive,0.103,65,0.045,0.976,0.548,0.166,0.187,0.136,0.045,0.497,0.548,332,324,126,230,104
2019-20,Postup,22019,1610612762,UTA,Utah Jazz,Defensive,0.724,72,0.046,0.888,0.45,0.132,0.115,0.099,0.014,0.455,0.45,365,324,126,280,154
2019-20,Postup,22019,1610612746,LAC,LA Clippers,Defensive,0.897,72,0.048,0.846,0.416,0.164,0.124,0.124,0.028,0.434,0.416,396,335,122,293,171
2019-20,Postup,22019,1610612751,BKN,Brooklyn Nets,Defensive,0.034,72,0.042,1.009,0.54,0.127,0.136,0.101,0.029,0.506,0.54,346,349,143,265,122
2019-20,Postup,22019,1610612758,SAC,Sacramento Kings,Defensive,0.828,72,0.053,0.872,0.443,0.154,0.137,0.116,0.024,0.452,0.443,423,369,137,309,172
2019-20,Postup,22019,1610612750,MIN,Minnesota Timberwolves,Defensive,0.172,64,0.052,0.969,0.529,0.156,0.151,0.133,0.021,0.508,0.529,384,372,145,274,129
2019-20,Postup,22019,1610612756,PHX,Phoenix Suns,Defensive,0.586,73,0.049,0.921,0.47,0.153,0.146,0.126,0.04,0.459,0.47,405,373,141,300,159
2019-20,Postup,22019,1610612764,WAS,Washington Wizards,Defensive,0.448,72,0.049,0.936,0.495,0.161,0.146,0.136,0.012,0.49,0.495,404,378,141,285,144
2019-20,Postup,22019,1610612759,SAS,San Antonio Spurs,Defensive,0.483,71,0.052,0.935,0.477,0.164,0.121,0.147,0.034,0.478,0.477,414,387,148,310,162
2019-20,Postup,22019,1610612737,ATL,Atlanta Hawks,Defensive,0,67,0.051,1.015,0.542,0.183,0.158,0.143,0.055,0.51,0.542,400,406,155,286,131
2019-20,Postup,22019,1610612741,CHI,Chicago Bulls,Defensive,0.207,65,0.058,0.967,0.505,0.138,0.114,0.109,0.019,0.499,0.505,421,407,163,323,160
2019-20,Postup,22019,1610612738,BOS,Boston Celtics,Defensive,0.379,72,0.059,0.952,0.504,0.16,0.152,0.14,0.029,0.483,0.504,480,457,173,343,170
2019-20,Postup,22019,1610612760,OKC,Oklahoma City Thunder,Defensive,0.276,72,0.06,0.956,0.513,0.134,0.142,0.111,0.027,0.482,0.513,479,458,184,359,175
2019-20,Postup,22019,1610612740,NOP,New Orleans Pelicans,Defensive,0.138,72,0.059,0.97,0.487,0.139,0.105,0.125,0.028,0.489,0.487,497,482,189,388,199
2019-20,Postup,22019,1610612745,HOU,Houston Rockets,Defensive,0.931,72,0.07,0.834,0.437,0.153,0.161,0.129,0.025,0.432,0.437,590,492,183,419,236
2019-20,Postup,22019,1610612742,DAL,Dallas Mavericks,Defensive,0.517,75,0.067,0.929,0.481,0.13,0.1,0.116,0.027,0.473,0.481,560,520,214,445,231
2019-20,Spotup,22019,1610612762,UTA,Utah Jazz,Defensive,0.621,72,0.159,0.992,0.381,0.044,0.049,0.042,0.008,0.383,0.508,1259,1249,439,1152,713
2019-20,Spotup,22019,1610612750,MIN,Minnesota Timberwolves,Defensive,0.448,64,0.172,1.027,0.39,0.055,0.056,0.049,0.009,0.395,0.522,1281,1315,448,1149,701
2019-20,Spotup,22019,1610612755,PHI,Philadelphia 76ers,Defensive,0.241,73,0.16,1.042,0.404,0.049,0.048,0.048,0.015,0.402,0.532,1279,1333,474,1173,699
2019-20,Spotup,22019,1610612739,CLE,Cleveland Cavaliers,Defensive,0.138,65,0.177,1.058,0.415,0.038,0.059,0.035,0.009,0.407,0.551,1263,1336,478,1152,674
2019-20,Spotup,22019,1610612760,OKC,Oklahoma City Thunder,Defensive,0.966,72,0.19,0.926,0.353,0.041,0.058,0.039,0.008,0.351,0.478,1524,1411,489,1385,896
2019-20,Spotup,22019,1610612765,DET,Detroit Pistons,Defensive,0.103,66,0.189,1.079,0.422,0.04,0.055,0.036,0.012,0.413,0.558,1364,1472,527,1249,722
2019-20,Spotup,22019,1610612751,BKN,Brooklyn Nets,Defensive,0.828,72,0.194,0.973,0.368,0.04,0.046,0.038,0.011,0.367,0.497,1599,1556,543,1477,934
2019-20,Spotup,22019,1610612740,NOP,New Orleans Pelicans,Defensive,0.345,72,0.183,1.039,0.394,0.043,0.054,0.04,0.006,0.396,0.533,1527,1586,547,1388,841
2019-20,Spotup,22019,1610612737,ATL,Atlanta Hawks,Defensive,0.172,67,0.193,1.054,0.405,0.058,0.06,0.054,0.014,0.405,0.543,1506,1588,546,1348,802
2019-20,Spotup,22019,1610612741,CHI,Chicago Bulls,Defensive,0.69,65,0.225,0.986,0.386,0.057,0.084,0.051,0.012,0.381,0.515,1632,1609,549,1422,873
2019-20,Spotup,22019,1610612746,LAC,LA Clippers,Defensive,1,72,0.213,0.917,0.348,0.045,0.066,0.042,0.01,0.348,0.473,1755,1609,549,1576,1027
2019-20,Spotup,22019,1610612752,NYK,New York Knicks,Defensive,0,66,0.202,1.108,0.421,0.06,0.061,0.057,0.012,0.42,0.574,1473,1632,551,1309,758
2019-20,Spotup,22019,1610612756,PHX,Phoenix Suns,Defensive,0.552,73,0.197,1.007,0.39,0.06,0.069,0.054,0.014,0.389,0.517,1622,1634,560,1435,875
2019-20,Spotup,22019,1610612738,BOS,Boston Celtics,Defensive,0.897,72,0.215,0.945,0.358,0.046,0.065,0.044,0.008,0.357,0.488,1733,1638,556,1555,999
2019-20,Spotup,22019,1610612747,LAL,Los Angeles Lakers,Defensive,0.793,71,0.212,0.974,0.374,0.048,0.059,0.043,0.01,0.372,0.501,1684,1641,568,1519,951
2019-20,Spotup,22019,1610612754,IND,Indiana Pacers,Defensive,0.862,73,0.214,0.959,0.362,0.045,0.063,0.042,0.007,0.362,0.494,1750,1678,570,1575,1005
2019-20,Spotup,22019,1610612764,WAS,Washington Wizards,Defensive,0.483,72,0.2,1.022,0.402,0.048,0.076,0.041,0.011,0.393,0.537,1653,1689,590,1466,876
2019-20,Spotup,22019,1610612742,DAL,Dallas Mavericks,Defensive,0.517,75,0.202,1.011,0.389,0.043,0.047,0.04,0.01,0.39,0.518,1692,1711,605,1555,950
2019-20,Spotup,22019,1610612757,POR,Portland Trail Blazers,Defensive,0.207,74,0.194,1.049,0.39,0.052,0.057,0.049,0.008,0.393,0.54,1640,1720,575,1474,899
2019-20,Spotup,22019,1610612763,MEM,Memphis Grizzlies,Defensive,0.655,73,0.207,0.992,0.381,0.053,0.064,0.048,0.009,0.382,0.514,1744,1730,592,1555,963
2019-20,Spotup,22019,1610612744,GSW,Golden State Warriors,Defensive,0.069,65,0.224,1.085,0.419,0.037,0.064,0.036,0.012,0.406,0.566,1639,1779,625,1493,868
2019-20,Spotup,22019,1610612749,MIL,Milwaukee Bucks,Defensive,0.759,73,0.216,0.975,0.366,0.04,0.058,0.038,0.009,0.363,0.502,1835,1789,612,1672,1060
2019-20,Spotup,22019,1610612745,HOU,Houston Rockets,Defensive,0.586,72,0.215,1.003,0.39,0.045,0.064,0.042,0.013,0.382,0.52,1807,1813,637,1632,995
2019-20,Spotup,22019,1610612753,ORL,Orlando Magic,Defensive,0.414,73,0.221,1.036,0.406,0.053,0.074,0.051,0.016,0.395,0.542,1759,1822,635,1565,930
2019-20,Spotup,22019,1610612759,SAS,San Antonio Spurs,Defensive,0.034,71,0.21,1.092,0.412,0.04,0.051,0.038,0.007,0.411,0.559,1682,1837,636,1542,906
2019-20,Spotup,22019,1610612743,DEN,Denver Nuggets,Defensive,0.379,73,0.236,1.038,0.405,0.043,0.068,0.04,0.008,0.398,0.541,1887,1958,685,1690,1005
2019-20,Spotup,22019,1610612766,CHA,Charlotte Hornets,Defensive,0.276,65,0.269,1.041,0.401,0.047,0.066,0.043,0.012,0.395,0.54,1896,1973,684,1704,1020
2019-20,Spotup,22019,1610612758,SAC,Sacramento Kings,Defensive,0.31,72,0.243,1.04,0.401,0.045,0.061,0.042,0.009,0.397,0.538,1931,2008,698,1742,1044
2019-20,Spotup,22019,1610612748,MIA,Miami Heat,Defensive,0.724,73,0.277,0.977,0.372,0.055,0.059,0.051,0.012,0.375,0.499,2231,2179,745,2004,1259
2019-20,Spotup,22019,1610612761,TOR,Toronto Raptors,Defensive,0.931,72,0.303,0.943,0.36,0.038,0.068,0.035,0.009,0.352,0.49,2488,2345,809,2246,1437
2019-20,Handoff,22019,1610612761,TOR,Toronto Raptors,Defensive,0.793,72,0.034,0.874,0.405,0.101,0.158,0.09,0.032,0.381,0.47,278,243,87,215,128
2019-20,Handoff,22019,1610612766,CHA,Charlotte Hornets,Defensive,0.759,65,0.043,0.875,0.374,0.079,0.115,0.066,0.003,0.378,0.451,304,266,92,246,154
2019-20,Handoff,22019,1610612741,CHI,Chicago Bulls,Defensive,0.379,65,0.047,0.929,0.406,0.088,0.135,0.068,0.006,0.397,0.504,340,316,108,266,158
2019-20,Handoff,22019,1610612738,BOS,Boston Celtics,Defensive,1,72,0.048,0.826,0.352,0.092,0.133,0.082,0.018,0.353,0.429,391,323,109,310,201
2019-20,Handoff,22019,1610612743,DEN,Denver Nuggets,Defensive,0.966,73,0.048,0.848,0.38,0.092,0.154,0.086,0.021,0.361,0.453,382,324,112,295,183
2019-20,Handoff,22019,1610612752,NYK,New York Knicks,Defensive,0.931,66,0.052,0.853,0.384,0.084,0.139,0.079,0.013,0.372,0.452,382,326,116,302,186
2019-20,Handoff,22019,1610612748,MIA,Miami Heat,Defensive,0.345,73,0.045,0.937,0.386,0.105,0.118,0.099,0.022,0.386,0.474,363,340,112,290,178
2019-20,Handoff,22019,1610612758,SAC,Sacramento Kings,Defensive,0.724,72,0.049,0.881,0.391,0.106,0.15,0.088,0.016,0.382,0.473,387,341,115,294,179
2019-20,Handoff,22019,1610612745,HOU,Houston Rockets,Defensive,0.862,72,0.047,0.867,0.385,0.068,0.098,0.065,0.015,0.372,0.456,398,345,130,338,208
2019-20,Handoff,22019,1610612765,DET,Detroit Pistons,Defensive,0.483,66,0.053,0.916,0.407,0.084,0.119,0.084,0.026,0.393,0.481,379,347,127,312,185
2019-20,Handoff,22019,1610612737,ATL,Atlanta Hawks,Defensive,0.552,67,0.05,0.898,0.396,0.061,0.097,0.059,0.013,0.384,0.47,393,353,133,336,203
2019-20,Handoff,22019,1610612740,NOP,New Orleans Pelicans,Defensive,0.897,72,0.049,0.859,0.383,0.075,0.092,0.066,0.012,0.383,0.439,412,354,133,347,214
2019-20,Handoff,22019,1610612744,GSW,Golden State Warriors,Defensive,0,65,0.044,1.109,0.484,0.106,0.113,0.088,0.025,0.472,0.578,320,355,125,258,133
2019-20,Handoff,22019,1610612747,LAL,Los Angeles Lakers,Defensive,0.69,71,0.054,0.883,0.406,0.089,0.16,0.077,0.009,0.387,0.475,426,376,131,323,192
2019-20,Handoff,22019,1610612760,OKC,Oklahoma City Thunder,Defensive,0.828,72,0.054,0.868,0.38,0.076,0.102,0.069,0.025,0.372,0.447,433,376,139,366,227
2019-20,Handoff,22019,1610612759,SAS,San Antonio Spurs,Defensive,0.31,71,0.051,0.941,0.411,0.057,0.089,0.049,0.007,0.401,0.494,406,382,144,350,206
2019-20,Handoff,22019,1610612746,LAC,LA Clippers,Defensive,0.517,72,0.051,0.905,0.388,0.085,0.109,0.078,0.012,0.386,0.472,422,382,134,345,211
2019-20,Handoff,22019,1610612756,PHX,Phoenix Suns,Defensive,0.138,73,0.047,0.995,0.45,0.096,0.119,0.08,0.016,0.44,0.526,386,384,139,309,170
2019-20,Handoff,22019,1610612742,DAL,Dallas Mavericks,Defensive,0.241,75,0.049,0.957,0.436,0.087,0.123,0.082,0.022,0.417,0.516,415,397,147,337,190
2019-20,Handoff,22019,1610612754,IND,Indiana Pacers,Defensive,0.621,73,0.056,0.888,0.399,0.09,0.123,0.084,0.009,0.394,0.465,454,403,144,361,217
2019-20,Handoff,22019,1610612763,MEM,Memphis Grizzlies,Defensive,0.586,73,0.054,0.893,0.37,0.092,0.096,0.088,0.018,0.374,0.456,457,408,140,378,238
2019-20,Handoff,22019,1610612751,BKN,Brooklyn Nets,Defensive,0.655,72,0.056,0.884,0.382,0.079,0.082,0.071,0.021,0.386,0.443,466,412,153,401,248
2019-20,Handoff,22019,1610612764,WAS,Washington Wizards,Defensive,0.034,72,0.049,1.02,0.461,0.077,0.123,0.069,0.025,0.43,0.552,405,413,154,334,180
2019-20,Handoff,22019,1610612750,MIN,Minnesota Timberwolves,Defensive,0.103,64,0.057,1,0.435,0.108,0.11,0.099,0.033,0.43,0.514,426,426,151,347,196
2019-20,Handoff,22019,1610612755,PHI,Philadelphia 76ers,Defensive,0.414,73,0.058,0.928,0.408,0.102,0.095,0.098,0.015,0.416,0.469,461,428,153,375,222
2019-20,Handoff,22019,1610612753,ORL,Orlando Magic,Defensive,0.448,73,0.058,0.923,0.418,0.054,0.125,0.047,0.013,0.387,0.505,465,429,162,388,226
2019-20,Handoff,22019,1610612739,CLE,Cleveland Cavaliers,Defensive,0.207,65,0.063,0.98,0.436,0.08,0.088,0.077,0.015,0.431,0.507,452,443,167,383,216
2019-20,Handoff,22019,1610612749,MIL,Milwaukee Bucks,Defensive,0.276,73,0.058,0.945,0.412,0.082,0.098,0.065,0.012,0.408,0.49,490,463,168,408,240
2019-20,Handoff,22019,1610612757,POR,Portland Trail Blazers,Defensive,0.172,74,0.056,0.985,0.444,0.072,0.108,0.059,0.015,0.426,0.524,472,465,175,394,219
2019-20,Handoff,22019,1610612762,UTA,Utah Jazz,Defensive,0.069,72,0.068,1.017,0.455,0.063,0.094,0.061,0.013,0.439,0.536,542,551,211,464,253
2019-20,Cut,22019,1610612749,MIL,Milwaukee Bucks,Defensive,1,73,0.055,1.106,0.544,0.159,0.04,0.155,0.017,0.576,0.544,472,522,210,386,176
2019-20,Cut,22019,1610612762,UTA,Utah Jazz,Defensive,0.897,72,0.058,1.199,0.621,0.129,0.076,0.12,0.046,0.594,0.621,458,549,239,385,146
2019-20,Cut,22019,1610612750,MIN,Minnesota Timberwolves,Defensive,0.103,64,0.058,1.347,0.711,0.14,0.067,0.137,0.028,0.681,0.711,430,579,251,353,102
2019-20,Cut,22019,1610612752,NYK,New York Knicks,Defensive,0.655,66,0.066,1.27,0.668,0.191,0.081,0.183,0.044,0.651,0.668,481,611,248,371,123
2019-20,Cut,22019,1610612739,CLE,Cleveland Cavaliers,Defensive,0.31,65,0.066,1.313,0.685,0.132,0.058,0.134,0.032,0.667,0.685,469,616,270,394,124
2019-20,Cut,22019,1610612760,OKC,Oklahoma City Thunder,Defensive,0.724,72,0.062,1.261,0.643,0.127,0.062,0.129,0.034,0.629,0.643,498,628,270,420,150
2019-20,Cut,22019,1610612738,BOS,Boston Celtics,Defensive,0.448,72,0.06,1.296,0.665,0.167,0.051,0.158,0.035,0.66,0.665,486,630,264,397,133
2019-20,Cut,22019,1610612744,GSW,Golden State Warriors,Defensive,0.414,65,0.067,1.297,0.681,0.122,0.069,0.118,0.016,0.66,0.681,491,637,276,405,129
2019-20,Cut,22019,1610612754,IND,Indiana Pacers,Defensive,0.483,73,0.061,1.292,0.674,0.153,0.056,0.151,0.028,0.665,0.674,496,641,273,405,132
2019-20,Cut,22019,1610612742,DAL,Dallas Mavericks,Defensive,0.517,75,0.06,1.289,0.647,0.16,0.045,0.154,0.04,0.65,0.647,506,652,273,422,149
2019-20,Cut,22019,1610612740,NOP,New Orleans Pelicans,Defensive,0.828,72,0.063,1.242,0.633,0.161,0.07,0.151,0.04,0.626,0.633,529,657,271,428,157
2019-20,Cut,22019,1610612757,POR,Portland Trail Blazers,Defensive,0.793,74,0.064,1.247,0.635,0.16,0.059,0.154,0.048,0.627,0.635,539,672,284,447,163
2019-20,Cut,22019,1610612755,PHI,Philadelphia 76ers,Defensive,0.69,73,0.067,1.27,0.671,0.13,0.073,0.128,0.047,0.637,0.671,537,682,304,453,149
2019-20,Cut,22019,1610612753,ORL,Orlando Magic,Defensive,0.276,73,0.066,1.316,0.687,0.126,0.074,0.124,0.034,0.657,0.687,525,691,301,438,137
2019-20,Cut,22019,1610612747,LAL,Los Angeles Lakers,Defensive,0.931,71,0.073,1.193,0.618,0.146,0.069,0.138,0.036,0.613,0.618,581,693,295,477,182
2019-20,Cut,22019,1610612759,SAS,San Antonio Spurs,Defensive,0.138,71,0.065,1.339,0.679,0.175,0.044,0.168,0.05,0.682,0.679,519,695,292,430,138
2019-20,Cut,22019,1610612765,DET,Detroit Pistons,Defensive,0.552,66,0.076,1.288,0.65,0.123,0.046,0.121,0.046,0.644,0.65,545,702,310,477,167
2019-20,Cut,22019,1610612751,BKN,Brooklyn Nets,Defensive,0.862,72,0.071,1.207,0.615,0.164,0.075,0.164,0.038,0.608,0.615,584,705,286,465,179
2019-20,Cut,22019,1610612763,MEM,Memphis Grizzlies,Defensive,0.621,73,0.066,1.279,0.647,0.169,0.05,0.168,0.041,0.649,0.647,555,710,295,456,161
2019-20,Cut,22019,1610612737,ATL,Atlanta Hawks,Defensive,0.241,67,0.07,1.317,0.665,0.191,0.053,0.184,0.06,0.667,0.665,549,723,298,448,150
2019-20,Cut,22019,1610612756,PHX,Phoenix Suns,Defensive,0,73,0.061,1.443,0.742,0.173,0.046,0.167,0.052,0.73,0.742,503,726,311,419,108
2019-20,Cut,22019,1610612764,WAS,Washington Wizards,Defensive,0.207,72,0.067,1.321,0.691,0.151,0.082,0.145,0.052,0.658,0.691,558,737,316,457,141
2019-20,Cut,22019,1610612745,HOU,Houston Rockets,Defensive,0.345,72,0.067,1.308,0.677,0.181,0.064,0.173,0.05,0.664,0.677,565,739,308,455,147
2019-20,Cut,22019,1610612746,LAC,LA Clippers,Defensive,0.586,72,0.07,1.282,0.661,0.151,0.066,0.145,0.043,0.647,0.661,578,741,316,478,162
2019-20,Cut,22019,1610612758,SAC,Sacramento Kings,Defensive,0.069,72,0.068,1.363,0.709,0.167,0.077,0.15,0.039,0.692,0.709,545,743,307,433,126
2019-20,Cut,22019,1610612748,MIA,Miami Heat,Defensive,0.172,73,0.069,1.332,0.667,0.201,0.045,0.194,0.07,0.672,0.667,558,743,306,459,153
2019-20,Cut,22019,1610612743,DEN,Denver Nuggets,Defensive,0.759,73,0.075,1.251,0.652,0.144,0.077,0.144,0.04,0.63,0.652,597,747,318,488,170
2019-20,Cut,22019,1610612766,CHA,Charlotte Hornets,Defensive,0.379,65,0.082,1.302,0.669,0.131,0.058,0.129,0.046,0.653,0.669,582,758,334,499,165
2019-20,Cut,22019,1610612741,CHI,Chicago Bulls,Defensive,0.034,65,0.084,1.375,0.723,0.16,0.068,0.157,0.04,0.693,0.723,606,833,355,491,136
2019-20,Cut,22019,1610612761,TOR,Toronto Raptors,Defensive,0.966,72,0.089,1.158,0.594,0.176,0.095,0.165,0.043,0.589,0.594,728,843,334,562,228
2019-20,OffScreen,22019,1610612766,CHA,Charlotte Hornets,Defensive,0.621,65,0.041,0.952,0.395,0.052,0.062,0.042,0.017,0.391,0.492,289,275,103,261,158
2019-20,OffScreen,22019,1610612747,LAL,Los Angeles Lakers,Defensive,1,71,0.044,0.783,0.313,0.054,0.066,0.048,0.011,0.322,0.388,351,275,98,313,215
2019-20,OffScreen,22019,1610612744,GSW,Golden State Warriors,Defensive,0.966,65,0.045,0.839,0.372,0.027,0.109,0.033,0.006,0.339,0.465,330,277,106,285,179
2019-20,OffScreen,22019,1610612761,TOR,Toronto Raptors,Defensive,0.931,72,0.043,0.842,0.357,0.076,0.104,0.062,0.017,0.355,0.438,355,299,106,297,191
2019-20,OffScreen,22019,1610612765,DET,Detroit Pistons,Defensive,0.897,66,0.049,0.864,0.367,0.08,0.08,0.077,0.026,0.366,0.444,352,304,112,305,193
2019-20,OffScreen,22019,1610612745,HOU,Houston Rockets,Defensive,0.103,72,0.034,1.062,0.447,0.052,0.079,0.045,0.017,0.431,0.554,290,308,115,257,142
2019-20,OffScreen,22019,1610612746,LAC,LA Clippers,Defensive,0.793,72,0.046,0.897,0.345,0.066,0.053,0.063,0.003,0.366,0.446,380,341,116,336,220
2019-20,OffScreen,22019,1610612737,ATL,Atlanta Hawks,Defensive,0.345,67,0.044,1.003,0.417,0.065,0.067,0.056,0.012,0.419,0.522,341,342,125,300,175
2019-20,OffScreen,22019,1610612751,BKN,Brooklyn Nets,Defensive,0.379,72,0.042,1.003,0.415,0.061,0.073,0.055,0.006,0.411,0.522,343,344,124,299,175
2019-20,OffScreen,22019,1610612743,DEN,Denver Nuggets,Defensive,0.172,73,0.044,1.028,0.417,0.065,0.074,0.057,0.017,0.415,0.526,352,362,129,309,180
2019-20,OffScreen,22019,1610612760,OKC,Oklahoma City Thunder,Defensive,0.828,72,0.052,0.877,0.387,0.06,0.087,0.06,0.022,0.372,0.453,414,363,140,362,222
2019-20,OffScreen,22019,1610612748,MIA,Miami Heat,Defensive,0.862,73,0.052,0.868,0.346,0.05,0.074,0.05,0.01,0.347,0.446,418,363,128,370,242
2019-20,OffScreen,22019,1610612741,CHI,Chicago Bulls,Defensive,0.034,65,0.047,1.073,0.447,0.085,0.091,0.076,0.026,0.439,0.555,342,367,130,291,161
2019-20,OffScreen,22019,1610612742,DAL,Dallas Mavericks,Defensive,0.586,75,0.046,0.958,0.377,0.07,0.06,0.063,0.01,0.392,0.475,383,367,127,337,210
2019-20,OffScreen,22019,1610612758,SAC,Sacramento Kings,Defensive,0.483,72,0.048,0.987,0.421,0.079,0.095,0.063,0.011,0.418,0.519,380,375,134,318,184
2019-20,OffScreen,22019,1610612749,MIL,Milwaukee Bucks,Defensive,0.448,73,0.045,0.997,0.393,0.068,0.045,0.063,0.013,0.408,0.5,380,379,134,341,207
2019-20,OffScreen,22019,1610612754,IND,Indiana Pacers,Defensive,0.759,73,0.05,0.927,0.387,0.056,0.092,0.049,0.007,0.381,0.482,412,382,137,354,217
2019-20,OffScreen,22019,1610612738,BOS,Boston Celtics,Defensive,0.724,72,0.051,0.932,0.368,0.063,0.068,0.061,0.017,0.372,0.475,411,383,134,364,230
2019-20,OffScreen,22019,1610612739,CLE,Cleveland Cavaliers,Defensive,0.414,65,0.054,0.997,0.409,0.047,0.059,0.039,0.016,0.401,0.51,387,386,144,352,208
2019-20,OffScreen,22019,1610612740,NOP,New Orleans Pelicans,Defensive,0.276,72,0.047,1.018,0.433,0.063,0.081,0.063,0.023,0.418,0.533,397,404,151,349,198
2019-20,OffScreen,22019,1610612759,SAS,San Antonio Spurs,Defensive,0.655,71,0.053,0.946,0.385,0.061,0.073,0.056,0.009,0.389,0.481,427,404,144,374,230
2019-20,OffScreen,22019,1610612755,PHI,Philadelphia 76ers,Defensive,0.31,73,0.05,1.018,0.411,0.075,0.07,0.07,0.008,0.422,0.51,398,405,141,343,202
2019-20,OffScreen,22019,1610612762,UTA,Utah Jazz,Defensive,0.69,72,0.054,0.944,0.384,0.07,0.065,0.063,0.016,0.392,0.474,431,407,146,380,234
2019-20,OffScreen,22019,1610612752,NYK,New York Knicks,Defensive,0.552,66,0.058,0.976,0.394,0.071,0.081,0.062,0.007,0.395,0.503,420,410,141,358,217
2019-20,OffScreen,22019,1610612750,MIN,Minnesota Timberwolves,Defensive,0.069,64,0.052,1.072,0.443,0.075,0.057,0.067,0.018,0.45,0.538,387,415,152,343,191
2019-20,OffScreen,22019,1610612757,POR,Portland Trail Blazers,Defensive,0.207,74,0.048,1.025,0.412,0.084,0.064,0.084,0.022,0.421,0.511,406,416,146,354,208
2019-20,OffScreen,22019,1610612764,WAS,Washington Wizards,Defensive,0,72,0.047,1.074,0.447,0.071,0.071,0.069,0.031,0.434,0.553,392,421,155,347,192
2019-20,OffScreen,22019,1610612753,ORL,Orlando Magic,Defensive,0.517,73,0.055,0.982,0.395,0.087,0.087,0.084,0.023,0.4,0.499,438,430,147,372,225
2019-20,OffScreen,22019,1610612756,PHX,Phoenix Suns,Defensive,0.138,73,0.051,1.048,0.414,0.081,0.071,0.071,0.012,0.425,0.532,421,441,150,362,212
2019-20,OffScreen,22019,1610612763,MEM,Memphis Grizzlies,Defensive,0.241,73,0.053,1.023,0.408,0.061,0.068,0.057,0.011,0.407,0.526,442,452,159,390,231
2019-20,OffRebound,22019,1610612753,ORL,Orlando Magic,Defensive,0.897,73,0.046,1.032,0.537,0.092,0.081,0.086,0.019,0.511,0.548,370,382,168,313,145
2019-20,OffRebound,22019,1610612749,MIL,Milwaukee Bucks,Defensive,0.966,73,0.045,0.995,0.502,0.138,0.078,0.138,0.029,0.497,0.508,384,382,156,311,155
2019-20,OffRebound,22019,1610612752,NYK,New York Knicks,Defensive,0.276,66,0.048,1.129,0.565,0.152,0.066,0.138,0.029,0.576,0.572,349,394,160,283,123
2019-20,OffRebound,22019,1610612758,SAC,Sacramento Kings,Defensive,0.69,72,0.047,1.07,0.548,0.116,0.065,0.097,0.019,0.546,0.553,372,398,171,312,141
2019-20,OffRebound,22019,1610612747,LAL,Los Angeles Lakers,Defensive,0.448,71,0.046,1.124,0.594,0.072,0.085,0.061,0.006,0.567,0.601,363,408,183,308,125
2019-20,OffRebound,22019,1610612739,CLE,Cleveland Cavaliers,Defensive,0.172,65,0.05,1.139,0.561,0.15,0.053,0.147,0.025,0.578,0.569,360,410,166,296,130
2019-20,OffRebound,22019,1610612744,GSW,Golden State Warriors,Defensive,0.759,65,0.054,1.056,0.564,0.122,0.089,0.12,0.031,0.536,0.57,392,414,181,321,140
2019-20,OffRebound,22019,1610612750,MIN,Minnesota Timberwolves,Defensive,0.138,64,0.049,1.142,0.587,0.088,0.063,0.079,0.022,0.57,0.593,365,417,186,317,131
2019-20,OffRebound,22019,1610612755,PHI,Philadelphia 76ers,Defensive,0.345,73,0.047,1.128,0.572,0.118,0.056,0.107,0.029,0.572,0.578,374,422,183,320,137
2019-20,OffRebound,22019,1610612765,DET,Detroit Pistons,Defensive,0.207,66,0.052,1.133,0.599,0.117,0.091,0.109,0.032,0.573,0.602,375,425,185,309,124
2019-20,OffRebound,22019,1610612761,TOR,Toronto Raptors,Defensive,1,72,0.054,0.982,0.49,0.146,0.099,0.139,0.043,0.491,0.494,446,438,174,355,181
2019-20,OffRebound,22019,1610612746,LAC,LA Clippers,Defensive,0.862,72,0.052,1.035,0.54,0.119,0.101,0.108,0.035,0.518,0.547,427,442,188,348,160
2019-20,OffRebound,22019,1610612766,CHA,Charlotte Hornets,Defensive,0.483,65,0.056,1.118,0.574,0.116,0.05,0.106,0.028,0.565,0.576,398,445,197,343,146
2019-20,OffRebound,22019,1610612756,PHX,Phoenix Suns,Defensive,0.724,73,0.051,1.069,0.552,0.126,0.083,0.111,0.033,0.54,0.555,422,451,192,348,156
2019-20,OffRebound,22019,1610612759,SAS,San Antonio Spurs,Defensive,0,71,0.046,1.24,0.639,0.131,0.054,0.123,0.03,0.629,0.647,367,455,198,310,112
2019-20,OffRebound,22019,1610612741,CHI,Chicago Bulls,Defensive,0.241,65,0.056,1.129,0.556,0.141,0.035,0.134,0.025,0.583,0.56,403,455,190,342,152
2019-20,OffRebound,22019,1610612751,BKN,Brooklyn Nets,Defensive,0.793,72,0.053,1.048,0.532,0.141,0.067,0.134,0.03,0.528,0.537,434,455,189,355,166
2019-20,OffRebound,22019,1610612740,NOP,New Orleans Pelicans,Defensive,0.586,72,0.05,1.093,0.538,0.129,0.053,0.122,0.024,0.547,0.544,419,458,190,353,163
2019-20,OffRebound,22019,1610612762,UTA,Utah Jazz,Defensive,0.069,72,0.049,1.179,0.613,0.115,0.077,0.11,0.021,0.592,0.619,390,460,198,323,125
2019-20,OffRebound,22019,1610612743,DEN,Denver Nuggets,Defensive,0.828,73,0.055,1.045,0.534,0.125,0.077,0.118,0.03,0.525,0.54,440,460,194,363,169
2019-20,OffRebound,22019,1610612760,OKC,Oklahoma City Thunder,Defensive,0.621,72,0.053,1.087,0.561,0.083,0.073,0.083,0.021,0.54,0.565,424,461,206,367,161
2019-20,OffRebound,22019,1610612748,MIA,Miami Heat,Defensive,0.034,73,0.049,1.203,0.625,0.127,0.076,0.117,0.028,0.604,0.629,394,474,203,325,122
2019-20,OffRebound,22019,1610612738,BOS,Boston Celtics,Defensive,0.655,72,0.055,1.075,0.547,0.15,0.063,0.147,0.039,0.544,0.55,441,474,198,362,164
2019-20,OffRebound,22019,1610612763,MEM,Memphis Grizzlies,Defensive,0.379,73,0.051,1.128,0.568,0.166,0.089,0.149,0.037,0.562,0.574,429,484,191,336,145
2019-20,OffRebound,22019,1610612754,IND,Indiana Pacers,Defensive,0.552,73,0.055,1.099,0.559,0.087,0.074,0.085,0.016,0.547,0.564,446,490,213,381,168
2019-20,OffRebound,22019,1610612742,DAL,Dallas Mavericks,Defensive,0.517,75,0.054,1.104,0.578,0.113,0.069,0.1,0.009,0.571,0.582,452,499,216,374,158
2019-20,OffRebound,22019,1610612745,HOU,Houston Rockets,Defensive,0.931,72,0.059,1.014,0.501,0.133,0.066,0.124,0.026,0.516,0.506,498,505,206,411,205
2019-20,OffRebound,22019,1610612737,ATL,Atlanta Hawks,Defensive,0.31,67,0.059,1.129,0.584,0.148,0.072,0.135,0.028,0.575,0.584,459,518,216,370,154
2019-20,OffRebound,22019,1610612764,WAS,Washington Wizards,Defensive,0.414,72,0.056,1.127,0.589,0.118,0.092,0.109,0.036,0.562,0.592,466,525,226,384,158
2019-20,OffRebound,22019,1610612757,POR,Portland Trail Blazers,Defensive,0.103,74,0.058,1.143,0.592,0.092,0.059,0.086,0.018,0.578,0.596,488,558,250,422,172
2019-20,Misc,22019,1610612766,CHA,Charlotte Hornets,Defensive,0.621,65,0.053,0.524,0.394,0.197,0.521,0.027,0.008,0.29,0.422,376,197,43,109,66
2019-20,Misc,22019,1610612754,IND,Indiana Pacers,Defensive,0.897,73,0.054,0.484,0.347,0.189,0.541,0.018,0.002,0.264,0.384,444,215,42,121,79
2019-20,Misc,22019,1610612752,NYK,New York Knicks,Defensive,0.345,66,0.053,0.574,0.382,0.245,0.499,0.021,0.008,0.32,0.412,387,222,39,102,63
2019-20,Misc,22019,1610612747,LAL,Los Angeles Lakers,Defensive,0.966,71,0.059,0.471,0.262,0.204,0.535,0.03,0.006,0.255,0.298,471,222,33,126,93
2019-20,Misc,22019,1610612762,UTA,Utah Jazz,Defensive,0.69,72,0.055,0.515,0.254,0.233,0.497,0.021,0.002,0.279,0.288,433,223,30,118,88
2019-20,Misc,22019,1610612765,DET,Detroit Pistons,Defensive,0.276,66,0.054,0.577,0.358,0.235,0.497,0.026,0.003,0.314,0.401,392,226,38,106,68
2019-20,Misc,22019,1610612759,SAS,San Antonio Spurs,Defensive,0.793,71,0.056,0.507,0.385,0.202,0.565,0.027,0,0.278,0.438,446,226,40,104,64
2019-20,Misc,22019,1610612749,MIL,Milwaukee Bucks,Defensive,1,73,0.057,0.465,0.27,0.204,0.521,0.016,0.006,0.257,0.303,486,226,37,137,100
2019-20,Misc,22019,1610612750,MIN,Minnesota Timberwolves,Defensive,0.414,64,0.055,0.555,0.333,0.227,0.528,0.022,0.005,0.296,0.368,409,227,34,102,68
2019-20,Misc,22019,1610612737,ATL,Atlanta Hawks,Defensive,0.931,67,0.062,0.474,0.231,0.24,0.542,0.027,0.006,0.267,0.255,483,229,25,108,83
2019-20,Misc,22019,1610612739,CLE,Cleveland Cavaliers,Defensive,0.103,65,0.054,0.604,0.452,0.219,0.522,0.031,0.008,0.319,0.51,389,235,47,104,57
2019-20,Misc,22019,1610612743,DEN,Denver Nuggets,Defensive,0.379,73,0.052,0.562,0.33,0.246,0.5,0.029,0.007,0.304,0.376,418,235,36,109,73
2019-20,Misc,22019,1610612741,CHI,Chicago Bulls,Defensive,0.655,65,0.063,0.52,0.386,0.247,0.535,0.026,0.004,0.295,0.416,454,236,39,101,62
2019-20,Misc,22019,1610612758,SAC,Sacramento Kings,Defensive,0.759,72,0.059,0.51,0.336,0.221,0.558,0.03,0.006,0.28,0.374,471,240,36,107,71
2019-20,Misc,22019,1610612753,ORL,Orlando Magic,Defensive,0.241,73,0.052,0.586,0.363,0.239,0.52,0.024,0.005,0.316,0.402,415,243,37,102,65
2019-20,Misc,22019,1610612744,GSW,Golden State Warriors,Defensive,0.448,65,0.06,0.555,0.395,0.216,0.53,0.025,0.005,0.298,0.443,440,244,45,114,69
2019-20,Misc,22019,1610612740,NOP,New Orleans Pelicans,Defensive,0.828,72,0.058,0.506,0.368,0.205,0.56,0.035,0.008,0.276,0.402,482,244,43,117,74
2019-20,Misc,22019,1610612760,OKC,Oklahoma City Thunder,Defensive,0.552,72,0.056,0.541,0.392,0.208,0.534,0.02,0.009,0.291,0.425,453,245,47,120,73
2019-20,Misc,22019,1610612761,TOR,Toronto Raptors,Defensive,0.586,72,0.057,0.537,0.425,0.203,0.546,0.03,0.006,0.296,0.475,467,251,51,120,69
2019-20,Misc,22019,1610612742,DAL,Dallas Mavericks,Defensive,0.069,75,0.05,0.617,0.418,0.243,0.471,0.033,0.005,0.333,0.463,420,259,51,122,71
2019-20,Misc,22019,1610612756,PHX,Phoenix Suns,Defensive,0.862,73,0.065,0.499,0.4,0.203,0.586,0.026,0.006,0.275,0.417,531,265,46,115,69
2019-20,Misc,22019,1610612738,BOS,Boston Celtics,Defensive,0.31,72,0.057,0.576,0.414,0.232,0.519,0.024,0.002,0.323,0.457,462,266,48,116,68
2019-20,Misc,22019,1610612746,LAC,LA Clippers,Defensive,0.172,72,0.056,0.596,0.392,0.252,0.487,0.041,0.011,0.328,0.452,460,274,49,125,76
2019-20,Misc,22019,1610612751,BKN,Brooklyn Nets,Defensive,0.207,72,0.056,0.593,0.423,0.225,0.494,0.039,0.015,0.323,0.445,462,274,58,137,79
2019-20,Misc,22019,1610612755,PHI,Philadelphia 76ers,Defensive,0.724,73,0.067,0.513,0.402,0.23,0.56,0.03,0.009,0.279,0.457,534,274,47,117,70
2019-20,Misc,22019,1610612745,HOU,Houston Rockets,Defensive,0.517,72,0.061,0.546,0.397,0.219,0.523,0.033,0.008,0.299,0.438,511,279,54,136,82
2019-20,Misc,22019,1610612763,MEM,Memphis Grizzlies,Defensive,0.138,73,0.056,0.602,0.398,0.235,0.521,0.04,0.006,0.314,0.462,472,284,47,118,71
2019-20,Misc,22019,1610612748,MIA,Miami Heat,Defensive,0,73,0.056,0.636,0.541,0.217,0.545,0.02,0.004,0.33,0.601,451,287,59,109,50
2019-20,Misc,22019,1610612764,WAS,Washington Wizards,Defensive,0.483,72,0.065,0.55,0.381,0.232,0.541,0.026,0.007,0.296,0.444,538,296,48,126,78
2019-20,Misc,22019,1610612757,POR,Portland Trail Blazers,Defensive,0.034,74,0.057,0.62,0.348,0.271,0.459,0.041,0.014,0.339,0.38,484,300,48,138,90
2020-21,Isolation,22020,1610612760,OKC,Oklahoma City Thunder,Defensive,1,72,0.047,0.811,0.354,0.11,0.081,0.1,0.021,0.383,0.392,381,309,112,316,204
2020-21,Isolation,22020,1610612752,NYK,New York Knicks,Defensive,0.862,72,0.051,0.84,0.391,0.095,0.11,0.078,0.008,0.398,0.433,399,335,125,320,195
2020-21,Isolation,22020,1610612755,PHI,Philadelphia 76ers,Defensive,0.828,72,0.052,0.842,0.387,0.124,0.093,0.098,0.022,0.409,0.418,418,352,130,336,206
2020-21,Isolation,22020,1610612763,MEM,Memphis Grizzlies,Defensive,0.897,72,0.056,0.832,0.357,0.108,0.077,0.097,0.015,0.387,0.393,452,376,134,375,241
2020-21,Isolation,22020,1610612762,UTA,Utah Jazz,Defensive,0.966,72,0.058,0.815,0.364,0.084,0.08,0.084,0.024,0.366,0.416,464,378,145,398,253
2020-21,Isolation,22020,1610612761,TOR,Toronto Raptors,Defensive,0.931,72,0.059,0.815,0.382,0.144,0.148,0.127,0.034,0.388,0.409,466,380,132,346,214
2020-21,Isolation,22020,1610612740,NOP,New Orleans Pelicans,Defensive,0.172,72,0.049,0.977,0.43,0.091,0.068,0.086,0.008,0.443,0.494,395,386,144,335,191
2020-21,Isolation,22020,1610612739,CLE,Cleveland Cavaliers,Defensive,0.517,72,0.056,0.886,0.388,0.128,0.089,0.13,0.034,0.407,0.417,437,387,138,356,218
2020-21,Isolation,22020,1610612753,ORL,Orlando Magic,Defensive,0.034,72,0.05,1.005,0.452,0.117,0.084,0.109,0.025,0.457,0.514,394,396,147,325,178
2020-21,Isolation,22020,1610612741,CHI,Chicago Bulls,Defensive,0.69,72,0.059,0.862,0.411,0.09,0.105,0.075,0.022,0.406,0.445,465,401,158,384,226
2020-21,Isolation,22020,1610612750,MIN,Minnesota Timberwolves,Defensive,0.793,72,0.058,0.854,0.387,0.146,0.136,0.131,0.028,0.403,0.415,472,403,136,351,215
2020-21,Isolation,22020,1610612747,LAL,Los Angeles Lakers,Defensive,0.552,72,0.061,0.879,0.433,0.1,0.132,0.09,0.008,0.428,0.466,479,421,161,372,211
2020-21,Isolation,22020,1610612743,DEN,Denver Nuggets,Defensive,0.759,72,0.064,0.857,0.381,0.123,0.105,0.107,0.012,0.406,0.42,495,424,148,388,240
2020-21,Isolation,22020,1610612759,SAS,San Antonio Spurs,Defensive,0.621,72,0.062,0.87,0.398,0.124,0.108,0.1,0.014,0.415,0.437,499,434,155,389,234
2020-21,Isolation,22020,1610612765,DET,Detroit Pistons,Defensive,0.241,72,0.058,0.957,0.425,0.149,0.097,0.134,0.022,0.455,0.472,462,442,152,358,206
2020-21,Isolation,22020,1610612754,IND,Indiana Pacers,Defensive,0.483,72,0.061,0.889,0.378,0.155,0.089,0.141,0.026,0.425,0.415,504,448,149,394,245
2020-21,Isolation,22020,1610612744,GSW,Golden State Warriors,Defensive,0.655,72,0.063,0.87,0.395,0.115,0.113,0.098,0.019,0.404,0.442,522,454,163,413,250
2020-21,Isolation,22020,1610612738,BOS,Boston Celtics,Defensive,0.724,72,0.068,0.86,0.391,0.121,0.106,0.11,0.015,0.407,0.437,536,461,165,422,257
2020-21,Isolation,22020,1610612748,MIA,Miami Heat,Defensive,0.414,72,0.068,0.913,0.412,0.129,0.117,0.125,0.03,0.418,0.469,529,483,171,415,244
2020-21,Isolation,22020,1610612749,MIL,Milwaukee Bucks,Defensive,0.103,72,0.061,0.982,0.449,0.089,0.085,0.087,0.02,0.449,0.502,497,488,189,421,232
2020-21,Isolation,22020,1610612764,WAS,Washington Wizards,Defensive,0.586,72,0.067,0.879,0.398,0.118,0.095,0.104,0.016,0.418,0.434,560,492,179,450,271
2020-21,Isolation,22020,1610612757,POR,Portland Trail Blazers,Defensive,0,72,0.062,1.018,0.441,0.146,0.067,0.136,0.032,0.473,0.498,493,502,178,404,226
2020-21,Isolation,22020,1610612766,CHA,Charlotte Hornets,Defensive,0.379,72,0.069,0.921,0.443,0.116,0.117,0.103,0.02,0.435,0.486,545,502,190,429,239
2020-21,Isolation,22020,1610612745,HOU,Houston Rockets,Defensive,0.448,72,0.07,0.899,0.426,0.103,0.12,0.097,0.018,0.421,0.467,565,508,191,448,257
2020-21,Isolation,22020,1610612746,LAC,LA Clippers,Defensive,0.345,72,0.073,0.936,0.42,0.12,0.086,0.12,0.036,0.429,0.459,560,524,195,464,269
2020-21,Isolation,22020,1610612737,ATL,Atlanta Hawks,Defensive,0.069,72,0.068,0.985,0.448,0.128,0.095,0.115,0.024,0.462,0.491,537,529,192,429,237
2020-21,Isolation,22020,1610612758,SAC,Sacramento Kings,Defensive,0.31,72,0.072,0.943,0.429,0.122,0.096,0.113,0.022,0.44,0.475,582,549,201,468,267
2020-21,Isolation,22020,1610612742,DAL,Dallas Mavericks,Defensive,0.276,72,0.075,0.952,0.421,0.114,0.066,0.111,0.029,0.437,0.469,588,560,210,499,289
2020-21,Isolation,22020,1610612756,PHX,Phoenix Suns,Defensive,0.138,72,0.079,0.977,0.45,0.123,0.084,0.108,0.034,0.46,0.489,618,604,230,511,281
2020-21,Isolation,22020,1610612751,BKN,Brooklyn Nets,Defensive,0.207,72,0.086,0.959,0.427,0.124,0.087,0.114,0.029,0.439,0.48,699,670,244,571,327
2020-21,Transition,22020,1610612746,LAC,LA Clippers,Defensive,0.586,72,0.142,1.105,0.53,0.123,0.126,0.11,0.039,0.495,0.598,1094,1209,457,863,406
2020-21,Transition,22020,1610612741,CHI,Chicago Bulls,Defensive,0.724,72,0.14,1.097,0.521,0.152,0.111,0.138,0.034,0.509,0.591,1102,1209,443,850,407
2020-21,Transition,22020,1610612752,NYK,New York Knicks,Defensive,0.966,72,0.148,1.053,0.496,0.138,0.111,0.122,0.025,0.488,0.554,1148,1209,441,890,449
2020-21,Transition,22020,1610612749,MIL,Milwaukee Bucks,Defensive,0.897,72,0.141,1.059,0.486,0.121,0.117,0.112,0.031,0.468,0.564,1150,1218,444,913,469
2020-21,Transition,22020,1610612748,MIA,Miami Heat,Defensive,0.793,72,0.146,1.09,0.494,0.134,0.116,0.12,0.03,0.483,0.578,1137,1239,438,886,448
2020-21,Transition,22020,1610612738,BOS,Boston Celtics,Defensive,0.621,72,0.146,1.105,0.537,0.131,0.143,0.124,0.03,0.499,0.61,1155,1276,468,872,404
2020-21,Transition,22020,1610612742,DAL,Dallas Mavericks,Defensive,0.207,72,0.14,1.165,0.539,0.155,0.12,0.14,0.027,0.525,0.628,1096,1277,444,824,380
2020-21,Transition,22020,1610612762,UTA,Utah Jazz,Defensive,0.655,72,0.147,1.105,0.517,0.135,0.089,0.121,0.027,0.517,0.579,1165,1287,483,934,451
2020-21,Transition,22020,1610612756,PHX,Phoenix Suns,Defensive,0.276,72,0.145,1.141,0.527,0.142,0.109,0.135,0.025,0.518,0.605,1138,1298,463,878,415
2020-21,Transition,22020,1610612759,SAS,San Antonio Spurs,Defensive,0.931,72,0.153,1.057,0.503,0.135,0.131,0.122,0.033,0.48,0.57,1229,1299,473,941,468
2020-21,Transition,22020,1610612751,BKN,Brooklyn Nets,Defensive,0.828,72,0.151,1.073,0.51,0.127,0.131,0.117,0.029,0.479,0.588,1225,1314,479,940,461
2020-21,Transition,22020,1610612747,LAL,Los Angeles Lakers,Defensive,1,72,0.162,1.038,0.502,0.117,0.14,0.112,0.03,0.466,0.574,1279,1327,494,985,491
2020-21,Transition,22020,1610612740,NOP,New Orleans Pelicans,Defensive,0.069,72,0.141,1.182,0.555,0.12,0.119,0.109,0.037,0.522,0.633,1129,1334,500,901,401
2020-21,Transition,22020,1610612744,GSW,Golden State Warriors,Defensive,0.862,72,0.154,1.072,0.499,0.134,0.124,0.118,0.024,0.489,0.574,1271,1362,486,973,487
2020-21,Transition,22020,1610612763,MEM,Memphis Grizzlies,Defensive,0.517,72,0.153,1.107,0.542,0.136,0.152,0.122,0.034,0.5,0.617,1239,1372,501,924,423
2020-21,Transition,22020,1610612754,IND,Indiana Pacers,Defensive,0.483,72,0.149,1.116,0.54,0.12,0.127,0.104,0.024,0.51,0.606,1238,1381,519,962,443
2020-21,Transition,22020,1610612761,TOR,Toronto Raptors,Defensive,0.345,72,0.153,1.134,0.533,0.13,0.126,0.113,0.02,0.513,0.62,1219,1382,496,930,434
2020-21,Transition,22020,1610612757,POR,Portland Trail Blazers,Defensive,0.759,72,0.161,1.096,0.506,0.138,0.114,0.128,0.027,0.496,0.58,1277,1399,500,988,488
2020-21,Transition,22020,1610612737,ATL,Atlanta Hawks,Defensive,0.172,72,0.151,1.169,0.53,0.129,0.085,0.118,0.03,0.528,0.603,1198,1400,517,975,458
2020-21,Transition,22020,1610612755,PHI,Philadelphia 76ers,Defensive,0.69,72,0.158,1.104,0.527,0.143,0.127,0.128,0.03,0.509,0.599,1269,1401,508,964,456
2020-21,Transition,22020,1610612765,DET,Detroit Pistons,Defensive,0.414,72,0.159,1.13,0.541,0.116,0.112,0.1,0.029,0.509,0.612,1255,1418,544,1005,461
2020-21,Transition,22020,1610612758,SAC,Sacramento Kings,Defensive,0.103,72,0.152,1.172,0.563,0.113,0.126,0.103,0.024,0.527,0.642,1226,1437,540,959,419
2020-21,Transition,22020,1610612764,WAS,Washington Wizards,Defensive,0.552,72,0.157,1.106,0.507,0.144,0.123,0.132,0.032,0.495,0.583,1315,1455,509,1004,495
2020-21,Transition,22020,1610612760,OKC,Oklahoma City Thunder,Defensive,0.379,72,0.161,1.131,0.532,0.121,0.113,0.111,0.027,0.511,0.608,1305,1476,550,1034,484
2020-21,Transition,22020,1610612766,CHA,Charlotte Hornets,Defensive,0.448,72,0.166,1.12,0.543,0.109,0.119,0.101,0.019,0.509,0.624,1321,1479,566,1043,477
2020-21,Transition,22020,1610612753,ORL,Orlando Magic,Defensive,0.034,72,0.154,1.213,0.567,0.126,0.107,0.119,0.035,0.539,0.649,1221,1481,555,979,424
2020-21,Transition,22020,1610612743,DEN,Denver Nuggets,Defensive,0,72,0.159,1.216,0.573,0.141,0.118,0.128,0.04,0.544,0.655,1238,1506,554,966,412
2020-21,Transition,22020,1610612739,CLE,Cleveland Cavaliers,Defensive,0.31,72,0.173,1.135,0.554,0.12,0.124,0.109,0.021,0.523,0.627,1353,1536,582,1051,469
2020-21,Transition,22020,1610612750,MIN,Minnesota Timberwolves,Defensive,0.138,72,0.169,1.169,0.565,0.131,0.132,0.116,0.03,0.526,0.645,1383,1617,600,1062,462
2020-21,Transition,22020,1610612745,HOU,Houston Rockets,Defensive,0.241,72,0.184,1.147,0.536,0.125,0.115,0.116,0.032,0.513,0.619,1492,1712,631,1177,546
2020-21,PRBallHandler,22020,1610612766,CHA,Charlotte Hornets,Defensive,0.759,72,0.107,0.872,0.432,0.085,0.162,0.078,0.021,0.393,0.489,850,741,284,658,374
2020-21,PRBallHandler,22020,1610612748,MIA,Miami Heat,Defensive,0.931,72,0.116,0.843,0.45,0.098,0.225,0.082,0.018,0.39,0.501,898,757,281,624,343
2020-21,PRBallHandler,22020,1610612761,TOR,Toronto Raptors,Defensive,0.621,72,0.137,0.883,0.436,0.122,0.187,0.102,0.019,0.41,0.482,1086,959,336,770,434
2020-21,PRBallHandler,22020,1610612743,DEN,Denver Nuggets,Defensive,1,72,0.156,0.84,0.432,0.1,0.197,0.081,0.019,0.389,0.48,1216,1021,379,878,499
2020-21,PRBallHandler,22020,1610612747,LAL,Los Angeles Lakers,Defensive,0.897,72,0.17,0.85,0.417,0.098,0.17,0.086,0.016,0.394,0.465,1344,1143,420,1006,586
2020-21,PRBallHandler,22020,1610612752,NYK,New York Knicks,Defensive,0.586,72,0.169,0.883,0.426,0.114,0.149,0.099,0.02,0.412,0.471,1313,1160,423,992,569
2020-21,PRBallHandler,22020,1610612745,HOU,Houston Rockets,Defensive,0.448,72,0.16,0.901,0.433,0.092,0.151,0.08,0.018,0.408,0.492,1299,1170,436,1006,570
2020-21,PRBallHandler,22020,1610612738,BOS,Boston Celtics,Defensive,0.862,72,0.174,0.865,0.42,0.101,0.157,0.087,0.017,0.398,0.469,1373,1188,437,1041,604
2020-21,PRBallHandler,22020,1610612754,IND,Indiana Pacers,Defensive,0.828,72,0.165,0.869,0.432,0.109,0.153,0.09,0.022,0.411,0.466,1376,1196,451,1045,594
2020-21,PRBallHandler,22020,1610612751,BKN,Brooklyn Nets,Defensive,0.345,72,0.167,0.905,0.405,0.094,0.112,0.084,0.018,0.403,0.467,1357,1228,446,1100,654
2020-21,PRBallHandler,22020,1610612765,DET,Detroit Pistons,Defensive,0.655,72,0.183,0.882,0.429,0.096,0.144,0.08,0.019,0.409,0.47,1444,1274,482,1124,642
2020-21,PRBallHandler,22020,1610612740,NOP,New Orleans Pelicans,Defensive,0.724,72,0.181,0.882,0.424,0.106,0.158,0.097,0.022,0.399,0.478,1445,1274,464,1094,630
2020-21,PRBallHandler,22020,1610612757,POR,Portland Trail Blazers,Defensive,0.138,72,0.178,0.916,0.438,0.108,0.145,0.099,0.025,0.42,0.483,1410,1291,476,1086,610
2020-21,PRBallHandler,22020,1610612753,ORL,Orlando Magic,Defensive,0.276,72,0.182,0.907,0.444,0.081,0.137,0.07,0.018,0.417,0.488,1442,1308,512,1152,640
2020-21,PRBallHandler,22020,1610612756,PHX,Phoenix Suns,Defensive,0.966,72,0.199,0.84,0.407,0.089,0.135,0.079,0.014,0.394,0.449,1566,1316,504,1238,734
2020-21,PRBallHandler,22020,1610612744,GSW,Golden State Warriors,Defensive,0.517,72,0.182,0.894,0.434,0.109,0.142,0.094,0.025,0.416,0.476,1496,1337,502,1156,654
2020-21,PRBallHandler,22020,1610612739,CLE,Cleveland Cavaliers,Defensive,0.034,72,0.184,0.929,0.458,0.09,0.157,0.078,0.015,0.424,0.512,1441,1338,507,1106,599
2020-21,PRBallHandler,22020,1610612737,ATL,Atlanta Hawks,Defensive,0.241,72,0.188,0.908,0.433,0.094,0.133,0.082,0.025,0.412,0.483,1493,1355,515,1190,675
2020-21,PRBallHandler,22020,1610612750,MIN,Minnesota Timberwolves,Defensive,0.483,72,0.186,0.898,0.43,0.089,0.136,0.082,0.025,0.406,0.482,1526,1371,524,1219,695
2020-21,PRBallHandler,22020,1610612763,MEM,Memphis Grizzlies,Defensive,0.379,72,0.188,0.904,0.438,0.099,0.147,0.09,0.018,0.417,0.488,1519,1373,513,1171,658
2020-21,PRBallHandler,22020,1610612742,DAL,Dallas Mavericks,Defensive,0.172,72,0.195,0.912,0.437,0.087,0.13,0.079,0.021,0.415,0.491,1522,1388,534,1221,687
2020-21,PRBallHandler,22020,1610612758,SAC,Sacramento Kings,Defensive,0.207,72,0.19,0.909,0.429,0.093,0.13,0.082,0.013,0.416,0.481,1532,1392,520,1211,691
2020-21,PRBallHandler,22020,1610612759,SAS,San Antonio Spurs,Defensive,0.414,72,0.196,0.901,0.442,0.078,0.12,0.071,0.02,0.416,0.485,1573,1418,572,1293,721
2020-21,PRBallHandler,22020,1610612755,PHI,Philadelphia 76ers,Defensive,0.793,72,0.203,0.87,0.422,0.106,0.156,0.097,0.025,0.399,0.466,1634,1421,526,1245,719
2020-21,PRBallHandler,22020,1610612746,LAC,LA Clippers,Defensive,0,72,0.2,0.938,0.444,0.087,0.11,0.076,0.014,0.433,0.495,1544,1449,560,1260,700
2020-21,PRBallHandler,22020,1610612749,MIL,Milwaukee Bucks,Defensive,0.552,72,0.204,0.892,0.427,0.078,0.126,0.071,0.013,0.408,0.479,1671,1490,577,1350,773
2020-21,PRBallHandler,22020,1610612760,OKC,Oklahoma City Thunder,Defensive,0.069,72,0.2,0.923,0.447,0.079,0.12,0.07,0.013,0.425,0.493,1617,1492,588,1315,727
2020-21,PRBallHandler,22020,1610612764,WAS,Washington Wizards,Defensive,0.31,72,0.204,0.905,0.44,0.095,0.123,0.084,0.014,0.428,0.482,1710,1548,599,1360,761
2020-21,PRBallHandler,22020,1610612762,UTA,Utah Jazz,Defensive,0.69,72,0.224,0.882,0.42,0.081,0.109,0.074,0.019,0.408,0.458,1780,1570,619,1475,856
2020-21,PRBallHandler,22020,1610612741,CHI,Chicago Bulls,Defensive,0.103,72,0.217,0.922,0.443,0.105,0.128,0.094,0.026,0.426,0.484,1708,1575,600,1354,754
2020-21,PRRollMan,22020,1610612766,CHA,Charlotte Hornets,Defensive,1,72,0.037,1.03,0.511,0.144,0.121,0.138,0.034,0.49,0.555,298,307,117,229,112
2020-21,PRRollMan,22020,1610612751,BKN,Brooklyn Nets,Defensive,0.862,72,0.044,1.051,0.474,0.116,0.048,0.11,0.04,0.486,0.515,354,372,147,310,163
2020-21,PRRollMan,22020,1610612748,MIA,Miami Heat,Defensive,0.828,72,0.047,1.06,0.503,0.101,0.09,0.096,0.03,0.486,0.557,366,388,154,306,152
2020-21,PRRollMan,22020,1610612745,HOU,Houston Rockets,Defensive,0.379,72,0.042,1.152,0.559,0.12,0.076,0.12,0.029,0.551,0.601,343,395,160,286,126
2020-21,PRRollMan,22020,1610612761,TOR,Toronto Raptors,Defensive,0.31,72,0.049,1.171,0.563,0.127,0.122,0.117,0.031,0.531,0.632,386,452,170,302,132
2020-21,PRRollMan,22020,1610612750,MIN,Minnesota Timberwolves,Defensive,0.586,72,0.051,1.096,0.51,0.103,0.072,0.098,0.026,0.511,0.561,417,457,181,355,174
2020-21,PRRollMan,22020,1610612743,DEN,Denver Nuggets,Defensive,0.655,72,0.058,1.077,0.522,0.148,0.104,0.141,0.04,0.511,0.563,454,489,187,358,171
2020-21,PRRollMan,22020,1610612756,PHX,Phoenix Suns,Defensive,0.069,72,0.053,1.203,0.558,0.133,0.063,0.123,0.031,0.558,0.617,414,498,193,346,153
2020-21,PRRollMan,22020,1610612744,GSW,Golden State Warriors,Defensive,0.621,72,0.058,1.088,0.504,0.176,0.08,0.17,0.036,0.527,0.546,476,518,187,371,184
2020-21,PRRollMan,22020,1610612755,PHI,Philadelphia 76ers,Defensive,0.897,72,0.063,1.038,0.477,0.119,0.067,0.113,0.022,0.486,0.53,504,523,201,421,220
2020-21,PRRollMan,22020,1610612737,ATL,Atlanta Hawks,Defensive,0.207,72,0.056,1.178,0.552,0.101,0.061,0.099,0.025,0.544,0.611,445,524,212,384,172
2020-21,PRRollMan,22020,1610612765,DET,Detroit Pistons,Defensive,0.793,72,0.062,1.065,0.516,0.124,0.075,0.122,0.037,0.516,0.543,492,524,212,411,199
2020-21,PRRollMan,22020,1610612739,CLE,Cleveland Cavaliers,Defensive,0.172,72,0.057,1.184,0.546,0.096,0.049,0.092,0.029,0.549,0.599,446,528,215,394,179
2020-21,PRRollMan,22020,1610612749,MIL,Milwaukee Bucks,Defensive,0.966,72,0.063,1.033,0.463,0.084,0.051,0.084,0.016,0.47,0.524,511,528,208,449,241
2020-21,PRRollMan,22020,1610612764,WAS,Washington Wizards,Defensive,0.759,72,0.06,1.07,0.512,0.144,0.072,0.138,0.032,0.518,0.55,500,535,209,408,199
2020-21,PRRollMan,22020,1610612757,POR,Portland Trail Blazers,Defensive,0.276,72,0.059,1.172,0.533,0.123,0.056,0.121,0.034,0.539,0.59,464,544,211,396,185
2020-21,PRRollMan,22020,1610612738,BOS,Boston Celtics,Defensive,0.448,72,0.062,1.121,0.528,0.121,0.084,0.115,0.021,0.523,0.59,486,545,209,396,187
2020-21,PRRollMan,22020,1610612760,OKC,Oklahoma City Thunder,Defensive,0.483,72,0.061,1.114,0.506,0.12,0.057,0.118,0.024,0.515,0.572,491,547,210,415,205
2020-21,PRRollMan,22020,1610612746,LAC,LA Clippers,Defensive,0.241,72,0.061,1.175,0.553,0.132,0.07,0.13,0.023,0.554,0.597,469,551,213,385,172
2020-21,PRRollMan,22020,1610612758,SAC,Sacramento Kings,Defensive,0,72,0.053,1.313,0.617,0.147,0.051,0.143,0.037,0.619,0.675,428,562,221,358,137
2020-21,PRRollMan,22020,1610612762,UTA,Utah Jazz,Defensive,0.931,72,0.07,1.036,0.48,0.094,0.061,0.088,0.016,0.481,0.535,555,575,229,477,248
2020-21,PRRollMan,22020,1610612752,NYK,New York Knicks,Defensive,0.517,72,0.067,1.107,0.52,0.107,0.061,0.106,0.025,0.518,0.575,521,577,232,446,214
2020-21,PRRollMan,22020,1610612742,DAL,Dallas Mavericks,Defensive,0.414,72,0.066,1.131,0.52,0.099,0.058,0.096,0.031,0.515,0.583,513,580,233,448,215
2020-21,PRRollMan,22020,1610612759,SAS,San Antonio Spurs,Defensive,0.103,72,0.062,1.2,0.556,0.111,0.057,0.109,0.022,0.555,0.618,494,593,234,421,187
2020-21,PRRollMan,22020,1610612753,ORL,Orlando Magic,Defensive,0.138,72,0.064,1.197,0.557,0.109,0.064,0.107,0.028,0.549,0.622,503,602,239,429,190
2020-21,PRRollMan,22020,1610612754,IND,Indiana Pacers,Defensive,0.724,72,0.069,1.07,0.501,0.126,0.056,0.121,0.035,0.508,0.539,571,611,244,487,243
2020-21,PRRollMan,22020,1610612763,MEM,Memphis Grizzlies,Defensive,0.345,72,0.065,1.164,0.549,0.125,0.078,0.115,0.036,0.539,0.616,529,616,242,441,199
2020-21,PRRollMan,22020,1610612747,LAL,Los Angeles Lakers,Defensive,0.552,72,0.075,1.102,0.522,0.119,0.076,0.119,0.029,0.516,0.572,589,649,256,490,234
2020-21,PRRollMan,22020,1610612740,NOP,New Orleans Pelicans,Defensive,0.69,72,0.076,1.073,0.499,0.119,0.102,0.112,0.03,0.489,0.561,605,649,244,489,245
2020-21,PRRollMan,22020,1610612741,CHI,Chicago Bulls,Defensive,0.034,72,0.077,1.248,0.571,0.127,0.051,0.125,0.048,0.571,0.626,608,759,302,529,227
2020-21,Postup,22020,1610612755,PHI,Philadelphia 76ers,Defensive,1,72,0.032,0.829,0.458,0.144,0.191,0.132,0.035,0.42,0.458,257,213,82,179,97
2020-21,Postup,22020,1610612746,LAC,LA Clippers,Defensive,0.966,72,0.04,0.873,0.482,0.137,0.16,0.108,0.023,0.451,0.482,306,267,107,222,115
2020-21,Postup,22020,1610612752,NYK,New York Knicks,Defensive,0.379,72,0.037,0.944,0.492,0.212,0.156,0.184,0.045,0.479,0.492,288,272,96,195,99
2020-21,Postup,22020,1610612753,ORL,Orlando Magic,Defensive,0.586,72,0.04,0.928,0.494,0.138,0.116,0.107,0.019,0.481,0.494,318,295,120,243,123
2020-21,Postup,22020,1610612747,LAL,Los Angeles Lakers,Defensive,0.759,72,0.041,0.917,0.47,0.139,0.133,0.127,0.04,0.454,0.47,324,297,117,249,132
2020-21,Postup,22020,1610612739,CLE,Cleveland Cavaliers,Defensive,0.552,72,0.041,0.928,0.488,0.146,0.121,0.121,0.019,0.48,0.488,321,298,117,240,123
2020-21,Postup,22020,1610612737,ATL,Atlanta Hawks,Defensive,0.862,72,0.043,0.894,0.47,0.118,0.15,0.097,0.015,0.454,0.47,339,303,119,253,134
2020-21,Postup,22020,1610612765,DET,Detroit Pistons,Defensive,0.724,72,0.043,0.921,0.494,0.147,0.141,0.123,0.023,0.475,0.494,341,314,124,251,127
2020-21,Postup,22020,1610612740,NOP,New Orleans Pelicans,Defensive,0.276,72,0.04,0.981,0.48,0.162,0.103,0.146,0.031,0.489,0.48,321,315,118,246,128
2020-21,Postup,22020,1610612748,MIA,Miami Heat,Defensive,0.931,72,0.047,0.873,0.486,0.16,0.19,0.122,0.03,0.453,0.486,369,322,122,251,129
2020-21,Postup,22020,1610612743,DEN,Denver Nuggets,Defensive,0.655,72,0.045,0.926,0.474,0.16,0.126,0.146,0.046,0.466,0.474,350,324,126,266,140
2020-21,Postup,22020,1610612764,WAS,Washington Wizards,Defensive,0.897,72,0.044,0.878,0.491,0.119,0.165,0.103,0.027,0.446,0.491,370,325,135,275,140
2020-21,Postup,22020,1610612763,MEM,Memphis Grizzlies,Defensive,0,72,0.039,1.051,0.535,0.183,0.122,0.157,0.042,0.526,0.535,312,328,123,230,107
2020-21,Postup,22020,1610612761,TOR,Toronto Raptors,Defensive,0.448,72,0.044,0.943,0.492,0.149,0.135,0.129,0.043,0.473,0.492,349,329,130,264,134
2020-21,Postup,22020,1610612749,MIL,Milwaukee Bucks,Defensive,0.69,72,0.044,0.924,0.461,0.132,0.115,0.12,0.036,0.459,0.461,357,330,130,282,152
2020-21,Postup,22020,1610612762,UTA,Utah Jazz,Defensive,0.241,72,0.043,0.982,0.494,0.147,0.115,0.118,0.041,0.491,0.494,340,334,131,265,134
2020-21,Postup,22020,1610612741,CHI,Chicago Bulls,Defensive,0.414,72,0.047,0.943,0.486,0.141,0.133,0.12,0.03,0.476,0.486,368,347,135,278,143
2020-21,Postup,22020,1610612759,SAS,San Antonio Spurs,Defensive,0.621,72,0.047,0.926,0.498,0.142,0.14,0.135,0.034,0.47,0.498,379,351,142,285,143
2020-21,Postup,22020,1610612744,GSW,Golden State Warriors,Defensive,0.828,72,0.048,0.898,0.454,0.168,0.14,0.137,0.025,0.461,0.454,393,353,128,282,154
2020-21,Postup,22020,1610612760,OKC,Oklahoma City Thunder,Defensive,0.138,72,0.045,1.011,0.534,0.132,0.124,0.118,0.03,0.51,0.534,363,367,149,279,130
2020-21,Postup,22020,1610612754,IND,Indiana Pacers,Defensive,0.172,72,0.045,1.003,0.531,0.135,0.116,0.106,0.013,0.511,0.531,378,379,153,288,135
2020-21,Postup,22020,1610612766,CHA,Charlotte Hornets,Defensive,0.207,72,0.049,0.99,0.525,0.117,0.119,0.104,0.023,0.505,0.525,386,382,159,303,144
2020-21,Postup,22020,1610612742,DAL,Dallas Mavericks,Defensive,0.103,72,0.05,1.013,0.548,0.126,0.123,0.103,0.028,0.512,0.548,389,394,166,303,137
2020-21,Postup,22020,1610612757,POR,Portland Trail Blazers,Defensive,0.517,72,0.054,0.932,0.498,0.162,0.146,0.151,0.024,0.482,0.498,425,396,151,303,152
2020-21,Postup,22020,1610612756,PHX,Phoenix Suns,Defensive,0.345,72,0.056,0.952,0.521,0.134,0.152,0.111,0.027,0.484,0.521,440,419,170,326,156
2020-21,Postup,22020,1610612738,BOS,Boston Celtics,Defensive,0.793,72,0.059,0.912,0.482,0.157,0.159,0.133,0.021,0.472,0.482,466,425,158,328,170
2020-21,Postup,22020,1610612758,SAC,Sacramento Kings,Defensive,0.069,72,0.055,1.013,0.542,0.148,0.139,0.126,0.031,0.509,0.542,446,452,180,332,152
2020-21,Postup,22020,1610612750,MIN,Minnesota Timberwolves,Defensive,0.034,72,0.054,1.018,0.495,0.207,0.101,0.173,0.052,0.512,0.495,445,453,164,331,167
2020-21,Postup,22020,1610612751,BKN,Brooklyn Nets,Defensive,0.483,72,0.068,0.937,0.502,0.134,0.134,0.125,0.027,0.478,0.502,552,517,210,418,208
2020-21,Postup,22020,1610612745,HOU,Houston Rockets,Defensive,0.31,72,0.067,0.961,0.489,0.157,0.119,0.141,0.037,0.485,0.489,540,519,201,411,210
2020-21,Spotup,22020,1610612762,UTA,Utah Jazz,Defensive,0.966,72,0.177,0.96,0.367,0.031,0.043,0.03,0.01,0.362,0.493,1403,1347,482,1314,832
2020-21,Spotup,22020,1610612741,CHI,Chicago Bulls,Defensive,0.655,72,0.197,1.023,0.387,0.049,0.055,0.046,0.006,0.392,0.526,1545,1581,540,1394,854
2020-21,Spotup,22020,1610612755,PHI,Philadelphia 76ers,Defensive,0.379,72,0.198,1.043,0.393,0.048,0.053,0.041,0.009,0.393,0.534,1592,1660,567,1444,877
2020-21,Spotup,22020,1610612756,PHX,Phoenix Suns,Defensive,0.897,72,0.213,0.995,0.387,0.041,0.066,0.036,0.009,0.381,0.516,1673,1664,585,1510,925
2020-21,Spotup,22020,1610612746,LAC,LA Clippers,Defensive,0.828,72,0.22,1.004,0.391,0.047,0.071,0.044,0.01,0.382,0.525,1698,1705,592,1515,923
2020-21,Spotup,22020,1610612758,SAC,Sacramento Kings,Defensive,0.345,72,0.202,1.045,0.4,0.051,0.051,0.049,0.01,0.4,0.534,1636,1709,594,1484,890
2020-21,Spotup,22020,1610612765,DET,Detroit Pistons,Defensive,0.414,72,0.211,1.042,0.406,0.055,0.052,0.05,0.015,0.406,0.534,1665,1735,614,1512,898
2020-21,Spotup,22020,1610612742,DAL,Dallas Mavericks,Defensive,0.586,72,0.219,1.029,0.385,0.052,0.046,0.047,0.004,0.395,0.523,1711,1761,597,1550,953
2020-21,Spotup,22020,1610612763,MEM,Memphis Grizzlies,Defensive,0.931,72,0.227,0.973,0.373,0.038,0.068,0.037,0.009,0.364,0.509,1832,1783,617,1653,1036
2020-21,Spotup,22020,1610612739,CLE,Cleveland Cavaliers,Defensive,0.172,72,0.213,1.071,0.408,0.052,0.059,0.05,0.013,0.403,0.553,1673,1791,615,1509,894
2020-21,Spotup,22020,1610612747,LAL,Los Angeles Lakers,Defensive,0.793,72,0.226,1.008,0.398,0.045,0.073,0.04,0.013,0.386,0.529,1785,1799,635,1597,962
2020-21,Spotup,22020,1610612737,ATL,Atlanta Hawks,Defensive,0.862,72,0.229,0.999,0.383,0.048,0.053,0.044,0.014,0.383,0.508,1811,1810,633,1653,1020
2020-21,Spotup,22020,1610612745,HOU,Houston Rockets,Defensive,0.483,72,0.217,1.042,0.395,0.051,0.068,0.049,0.011,0.391,0.54,1758,1831,620,1568,948
2020-21,Spotup,22020,1610612760,OKC,Oklahoma City Thunder,Defensive,0.276,72,0.216,1.051,0.393,0.041,0.043,0.04,0.007,0.396,0.535,1754,1843,637,1619,982
2020-21,Spotup,22020,1610612764,WAS,Washington Wizards,Defensive,0.069,72,0.202,1.088,0.421,0.061,0.066,0.059,0.015,0.418,0.562,1695,1844,633,1503,870
2020-21,Spotup,22020,1610612759,SAS,San Antonio Spurs,Defensive,0.103,72,0.212,1.087,0.415,0.047,0.051,0.045,0.008,0.414,0.56,1699,1847,641,1546,905
2020-21,Spotup,22020,1610612751,BKN,Brooklyn Nets,Defensive,0.724,72,0.225,1.013,0.387,0.04,0.054,0.035,0.006,0.385,0.523,1830,1854,645,1668,1023
2020-21,Spotup,22020,1610612738,BOS,Boston Celtics,Defensive,0.207,72,0.229,1.062,0.403,0.044,0.049,0.043,0.008,0.403,0.547,1810,1923,667,1656,989
2020-21,Spotup,22020,1610612757,POR,Portland Trail Blazers,Defensive,0.138,72,0.225,1.084,0.416,0.042,0.052,0.039,0.007,0.41,0.559,1776,1926,674,1622,948
2020-21,Spotup,22020,1610612752,NYK,New York Knicks,Defensive,1,72,0.261,0.957,0.358,0.046,0.051,0.041,0.01,0.362,0.488,2029,1942,664,1853,1189
2020-21,Spotup,22020,1610612753,ORL,Orlando Magic,Defensive,0.552,72,0.239,1.032,0.394,0.045,0.056,0.043,0.012,0.39,0.529,1891,1952,679,1722,1043
2020-21,Spotup,22020,1610612744,GSW,Golden State Warriors,Defensive,0.621,72,0.232,1.025,0.395,0.052,0.068,0.049,0.01,0.393,0.529,1906,1954,670,1697,1027
2020-21,Spotup,22020,1610612750,MIN,Minnesota Timberwolves,Defensive,0.034,72,0.213,1.123,0.429,0.05,0.054,0.045,0.013,0.426,0.579,1748,1963,681,1587,906
2020-21,Spotup,22020,1610612740,NOP,New Orleans Pelicans,Defensive,0.31,72,0.243,1.046,0.396,0.036,0.052,0.034,0.008,0.391,0.541,1942,2032,708,1786,1078
2020-21,Spotup,22020,1610612754,IND,Indiana Pacers,Defensive,0.448,72,0.236,1.042,0.401,0.047,0.054,0.042,0.009,0.4,0.535,1963,2045,715,1782,1067
2020-21,Spotup,22020,1610612749,MIL,Milwaukee Bucks,Defensive,0,72,0.222,1.128,0.421,0.041,0.046,0.038,0.008,0.419,0.579,1818,2050,706,1675,969
2020-21,Spotup,22020,1610612743,DEN,Denver Nuggets,Defensive,0.241,72,0.264,1.059,0.411,0.051,0.061,0.045,0.01,0.408,0.548,2053,2174,757,1842,1085
2020-21,Spotup,22020,1610612761,TOR,Toronto Raptors,Defensive,0.517,72,0.3,1.038,0.391,0.051,0.069,0.046,0.007,0.39,0.538,2386,2477,828,2116,1288
2020-21,Spotup,22020,1610612748,MIA,Miami Heat,Defensive,0.759,72,0.324,1.012,0.389,0.048,0.071,0.044,0.011,0.382,0.526,2518,2548,873,2246,1373
2020-21,Spotup,22020,1610612766,CHA,Charlotte Hornets,Defensive,0.69,72,0.318,1.017,0.39,0.038,0.063,0.035,0.006,0.382,0.531,2528,2572,893,2289,1396
2020-21,Handoff,22020,1610612761,TOR,Toronto Raptors,Defensive,1,72,0.032,0.791,0.348,0.083,0.142,0.063,0.016,0.343,0.42,254,201,70,201,131
2020-21,Handoff,22020,1610612766,CHA,Charlotte Hornets,Defensive,0.379,72,0.032,0.976,0.417,0.067,0.142,0.059,0.016,0.387,0.537,253,247,85,204,119
2020-21,Handoff,22020,1610612743,DEN,Denver Nuggets,Defensive,0.931,72,0.046,0.804,0.358,0.07,0.101,0.07,0.006,0.358,0.421,358,288,107,299,192
2020-21,Handoff,22020,1610612754,IND,Indiana Pacers,Defensive,0.897,72,0.043,0.814,0.401,0.08,0.161,0.066,0.008,0.374,0.451,361,294,111,277,166
2020-21,Handoff,22020,1610612747,LAL,Los Angeles Lakers,Defensive,0.966,72,0.05,0.803,0.371,0.072,0.128,0.056,0.013,0.361,0.428,391,314,118,318,200
2020-21,Handoff,22020,1610612748,MIA,Miami Heat,Defensive,0.241,72,0.043,0.985,0.431,0.13,0.154,0.114,0.024,0.422,0.53,332,327,106,246,140
2020-21,Handoff,22020,1610612744,GSW,Golden State Warriors,Defensive,0.862,72,0.048,0.881,0.364,0.096,0.089,0.079,0.008,0.388,0.44,394,347,118,324,206
2020-21,Handoff,22020,1610612746,LAC,LA Clippers,Defensive,0.759,72,0.051,0.887,0.402,0.071,0.118,0.055,0.01,0.388,0.475,397,352,131,326,195
2020-21,Handoff,22020,1610612737,ATL,Atlanta Hawks,Defensive,0.414,72,0.046,0.964,0.417,0.096,0.101,0.085,0.022,0.413,0.498,366,353,126,302,176
2020-21,Handoff,22020,1610612756,PHX,Phoenix Suns,Defensive,0.621,72,0.049,0.92,0.392,0.088,0.106,0.08,0.013,0.391,0.481,386,355,124,316,192
2020-21,Handoff,22020,1610612750,MIN,Minnesota Timberwolves,Defensive,0.793,72,0.052,0.884,0.399,0.074,0.105,0.072,0.012,0.393,0.462,430,380,143,358,215
2020-21,Handoff,22020,1610612752,NYK,New York Knicks,Defensive,0.69,72,0.055,0.91,0.389,0.085,0.104,0.073,0.009,0.394,0.465,424,386,135,347,212
2020-21,Handoff,22020,1610612739,CLE,Cleveland Cavaliers,Defensive,0.31,72,0.05,0.982,0.462,0.069,0.119,0.061,0.013,0.434,0.534,394,387,150,325,175
2020-21,Handoff,22020,1610612745,HOU,Houston Rockets,Defensive,0.069,72,0.046,1.054,0.459,0.062,0.103,0.054,0.014,0.438,0.557,370,390,144,314,170
2020-21,Handoff,22020,1610612751,BKN,Brooklyn Nets,Defensive,0.345,72,0.049,0.98,0.433,0.063,0.098,0.06,0.01,0.42,0.521,398,390,146,337,191
2020-21,Handoff,22020,1610612738,BOS,Boston Celtics,Defensive,0.103,72,0.048,1.029,0.447,0.06,0.084,0.055,0.013,0.43,0.539,381,392,148,331,183
2020-21,Handoff,22020,1610612765,DET,Detroit Pistons,Defensive,0.517,72,0.053,0.95,0.433,0.057,0.103,0.048,0.017,0.407,0.507,418,397,155,358,203
2020-21,Handoff,22020,1610612742,DAL,Dallas Mavericks,Defensive,0.655,72,0.057,0.916,0.398,0.102,0.106,0.093,0.016,0.405,0.472,442,405,142,357,215
2020-21,Handoff,22020,1610612758,SAC,Sacramento Kings,Defensive,0.724,72,0.055,0.906,0.389,0.078,0.078,0.072,0.025,0.387,0.459,447,405,151,388,237
2020-21,Handoff,22020,1610612759,SAS,San Antonio Spurs,Defensive,0.172,72,0.052,1.022,0.454,0.084,0.07,0.077,0.012,0.462,0.517,416,425,162,357,195
2020-21,Handoff,22020,1610612763,MEM,Memphis Grizzlies,Defensive,0.586,72,0.057,0.937,0.422,0.092,0.114,0.074,0.015,0.416,0.492,457,428,156,370,214
2020-21,Handoff,22020,1610612757,POR,Portland Trail Blazers,Defensive,0.552,72,0.058,0.941,0.421,0.091,0.104,0.085,0.015,0.414,0.489,461,434,159,378,219
2020-21,Handoff,22020,1610612755,PHI,Philadelphia 76ers,Defensive,0.828,72,0.061,0.883,0.385,0.091,0.115,0.085,0.016,0.383,0.461,494,436,154,400,246
2020-21,Handoff,22020,1610612741,CHI,Chicago Bulls,Defensive,0.207,72,0.056,1.011,0.455,0.07,0.111,0.063,0.02,0.431,0.538,441,446,168,369,201
2020-21,Handoff,22020,1610612764,WAS,Washington Wizards,Defensive,0.276,72,0.055,0.983,0.423,0.088,0.103,0.073,0.015,0.419,0.508,465,457,162,383,221
2020-21,Handoff,22020,1610612760,OKC,Oklahoma City Thunder,Defensive,0.034,72,0.054,1.057,0.456,0.085,0.076,0.08,0.028,0.453,0.54,435,460,172,377,205
2020-21,Handoff,22020,1610612749,MIL,Milwaukee Bucks,Defensive,0.483,72,0.06,0.955,0.406,0.084,0.084,0.077,0.014,0.407,0.492,491,469,169,416,247
2020-21,Handoff,22020,1610612753,ORL,Orlando Magic,Defensive,0.138,72,0.059,1.028,0.44,0.086,0.097,0.077,0.017,0.433,0.539,466,479,171,389,218
2020-21,Handoff,22020,1610612740,NOP,New Orleans Pelicans,Defensive,0,72,0.058,1.069,0.441,0.086,0.086,0.082,0.009,0.444,0.547,466,498,172,390,218
2020-21,Handoff,22020,1610612762,UTA,Utah Jazz,Defensive,0.448,72,0.067,0.962,0.425,0.077,0.075,0.07,0.011,0.431,0.485,531,511,194,456,262
2020-21,Cut,22020,1610612742,DAL,Dallas Mavericks,Defensive,0.448,72,0.055,1.286,0.661,0.159,0.056,0.157,0.037,0.653,0.661,427,549,232,351,119
2020-21,Cut,22020,1610612749,MIL,Milwaukee Bucks,Defensive,0.966,72,0.06,1.182,0.623,0.109,0.074,0.107,0.023,0.596,0.623,488,577,255,409,154
2020-21,Cut,22020,1610612762,UTA,Utah Jazz,Defensive,1,72,0.066,1.144,0.596,0.098,0.071,0.098,0.023,0.577,0.596,522,597,266,446,180
2020-21,Cut,22020,1610612738,BOS,Boston Celtics,Defensive,0.828,72,0.062,1.251,0.637,0.169,0.067,0.163,0.055,0.627,0.637,491,614,256,402,146
2020-21,Cut,22020,1610612760,OKC,Oklahoma City Thunder,Defensive,0.207,72,0.059,1.317,0.698,0.123,0.084,0.123,0.046,0.656,0.698,479,631,280,401,121
2020-21,Cut,22020,1610612753,ORL,Orlando Magic,Defensive,0.483,72,0.063,1.283,0.654,0.127,0.064,0.129,0.052,0.631,0.654,498,639,280,428,148
2020-21,Cut,22020,1610612741,CHI,Chicago Bulls,Defensive,0.138,72,0.062,1.331,0.674,0.161,0.05,0.157,0.035,0.671,0.674,484,644,269,399,130
2020-21,Cut,22020,1610612757,POR,Portland Trail Blazers,Defensive,0.379,72,0.064,1.287,0.663,0.145,0.048,0.147,0.034,0.657,0.663,505,650,281,424,143
2020-21,Cut,22020,1610612755,PHI,Philadelphia 76ers,Defensive,0.931,72,0.067,1.201,0.627,0.137,0.07,0.137,0.033,0.605,0.627,542,651,281,448,167
2020-21,Cut,22020,1610612750,MIN,Minnesota Timberwolves,Defensive,0.621,72,0.064,1.269,0.672,0.137,0.084,0.134,0.036,0.637,0.672,524,665,287,427,140
2020-21,Cut,22020,1610612740,NOP,New Orleans Pelicans,Defensive,0.172,72,0.064,1.32,0.699,0.151,0.073,0.149,0.026,0.68,0.699,509,672,285,408,123
2020-21,Cut,22020,1610612752,NYK,New York Knicks,Defensive,0.517,72,0.068,1.279,0.638,0.156,0.04,0.154,0.04,0.648,0.638,531,679,286,448,162
2020-21,Cut,22020,1610612748,MIA,Miami Heat,Defensive,0.724,72,0.07,1.257,0.653,0.131,0.081,0.131,0.05,0.628,0.653,541,680,296,453,157
2020-21,Cut,22020,1610612756,PHX,Phoenix Suns,Defensive,0,72,0.063,1.407,0.726,0.165,0.051,0.163,0.041,0.713,0.726,491,691,294,405,111
2020-21,Cut,22020,1610612746,LAC,LA Clippers,Defensive,0.862,72,0.072,1.242,0.616,0.15,0.048,0.148,0.061,0.61,0.616,559,694,297,482,185
2020-21,Cut,22020,1610612744,GSW,Golden State Warriors,Defensive,0.897,72,0.069,1.222,0.64,0.191,0.077,0.171,0.04,0.629,0.64,572,699,283,442,159
2020-21,Cut,22020,1610612743,DEN,Denver Nuggets,Defensive,0.655,72,0.072,1.266,0.657,0.137,0.061,0.128,0.036,0.643,0.657,561,710,309,470,161
2020-21,Cut,22020,1610612765,DET,Detroit Pistons,Defensive,0.552,72,0.072,1.278,0.665,0.162,0.072,0.155,0.044,0.64,0.665,569,727,306,460,154
2020-21,Cut,22020,1610612764,WAS,Washington Wizards,Defensive,0.414,72,0.069,1.286,0.661,0.184,0.063,0.179,0.05,0.655,0.661,576,741,306,463,157
2020-21,Cut,22020,1610612759,SAS,San Antonio Spurs,Defensive,0.103,72,0.069,1.338,0.674,0.174,0.041,0.169,0.052,0.671,0.674,557,745,314,466,152
2020-21,Cut,22020,1610612747,LAL,Los Angeles Lakers,Defensive,0.31,72,0.074,1.299,0.66,0.146,0.05,0.143,0.04,0.656,0.66,582,756,324,491,167
2020-21,Cut,22020,1610612737,ATL,Atlanta Hawks,Defensive,0.793,72,0.076,1.251,0.654,0.137,0.073,0.134,0.025,0.64,0.654,606,758,323,494,171
2020-21,Cut,22020,1610612745,HOU,Houston Rockets,Defensive,0.241,72,0.072,1.317,0.687,0.16,0.072,0.158,0.048,0.664,0.687,583,768,327,476,149
2020-21,Cut,22020,1610612751,BKN,Brooklyn Nets,Defensive,0.069,72,0.071,1.366,0.701,0.159,0.049,0.15,0.042,0.691,0.701,573,783,335,478,143
2020-21,Cut,22020,1610612758,SAC,Sacramento Kings,Defensive,0.034,72,0.07,1.389,0.725,0.133,0.064,0.131,0.044,0.694,0.725,566,786,348,480,132
2020-21,Cut,22020,1610612763,MEM,Memphis Grizzlies,Defensive,0.586,72,0.077,1.272,0.64,0.146,0.055,0.145,0.035,0.637,0.64,622,791,332,519,187
2020-21,Cut,22020,1610612739,CLE,Cleveland Cavaliers,Defensive,0.276,72,0.077,1.313,0.686,0.134,0.066,0.134,0.043,0.658,0.686,603,792,347,506,159
2020-21,Cut,22020,1610612761,TOR,Toronto Raptors,Defensive,0.69,72,0.082,1.258,0.645,0.156,0.063,0.154,0.038,0.638,0.645,654,823,345,535,190
2020-21,Cut,22020,1610612754,IND,Indiana Pacers,Defensive,0.759,72,0.079,1.252,0.635,0.132,0.056,0.126,0.027,0.634,0.635,658,824,350,551,201
2020-21,Cut,22020,1610612766,CHA,Charlotte Hornets,Defensive,0.345,72,0.085,1.291,0.671,0.137,0.067,0.137,0.022,0.655,0.671,673,869,369,550,181
2020-21,OffScreen,22020,1610612766,CHA,Charlotte Hornets,Defensive,0.966,72,0.028,0.894,0.378,0.04,0.093,0.04,0,0.363,0.48,226,202,74,196,122
2020-21,OffScreen,22020,1610612761,TOR,Toronto Raptors,Defensive,0.69,72,0.032,0.945,0.391,0.051,0.107,0.051,0.01,0.375,0.505,253,239,84,215,131
2020-21,OffScreen,22020,1610612754,IND,Indiana Pacers,Defensive,0.655,72,0.032,0.955,0.39,0.067,0.056,0.059,0.02,0.394,0.477,269,257,94,241,147
2020-21,OffScreen,22020,1610612737,ATL,Atlanta Hawks,Defensive,1,72,0.041,0.891,0.362,0.059,0.037,0.05,0.01,0.38,0.437,321,286,106,293,187
2020-21,OffScreen,22020,1610612746,LAC,LA Clippers,Defensive,0.517,72,0.038,0.99,0.398,0.079,0.066,0.079,0.02,0.407,0.484,290,287,101,254,153
2020-21,OffScreen,22020,1610612744,GSW,Golden State Warriors,Defensive,0.793,72,0.037,0.935,0.378,0.078,0.088,0.075,0.02,0.383,0.481,308,288,99,262,163
2020-21,OffScreen,22020,1610612751,BKN,Brooklyn Nets,Defensive,0.448,72,0.036,0.997,0.397,0.079,0.062,0.079,0.01,0.412,0.5,291,290,100,252,152
2020-21,OffScreen,22020,1610612739,CLE,Cleveland Cavaliers,Defensive,0.828,72,0.04,0.933,0.377,0.057,0.07,0.057,0.01,0.382,0.464,314,293,104,276,172
2020-21,OffScreen,22020,1610612752,NYK,New York Knicks,Defensive,0.897,72,0.042,0.904,0.356,0.071,0.065,0.074,0.02,0.367,0.451,324,293,101,284,183
2020-21,OffScreen,22020,1610612747,LAL,Los Angeles Lakers,Defensive,0.931,72,0.042,0.895,0.392,0.054,0.102,0.057,0.01,0.377,0.47,332,297,111,283,172
2020-21,OffScreen,22020,1610612756,PHX,Phoenix Suns,Defensive,0.483,72,0.039,0.994,0.409,0.045,0.071,0.042,0.02,0.397,0.516,310,308,114,279,165
2020-21,OffScreen,22020,1610612742,DAL,Dallas Mavericks,Defensive,0.379,72,0.04,1.006,0.397,0.078,0.061,0.071,0.02,0.408,0.498,309,311,108,272,164
2020-21,OffScreen,22020,1610612748,MIA,Miami Heat,Defensive,0.069,72,0.039,1.066,0.446,0.06,0.063,0.053,0.01,0.444,0.546,302,322,120,269,149
2020-21,OffScreen,22020,1610612758,SAC,Sacramento Kings,Defensive,0.103,72,0.038,1.055,0.415,0.091,0.068,0.074,0.02,0.424,0.534,309,326,110,265,155
2020-21,OffScreen,22020,1610612763,MEM,Memphis Grizzlies,Defensive,0.034,72,0.038,1.074,0.443,0.051,0.087,0.045,0.02,0.421,0.571,311,334,121,273,152
2020-21,OffScreen,22020,1610612757,POR,Portland Trail Blazers,Defensive,0.345,72,0.042,1.018,0.425,0.054,0.073,0.051,0.01,0.417,0.529,331,337,124,292,168
2020-21,OffScreen,22020,1610612743,DEN,Denver Nuggets,Defensive,0.414,72,0.043,1.003,0.389,0.077,0.083,0.074,0.01,0.395,0.511,337,338,111,285,174
2020-21,OffScreen,22020,1610612762,UTA,Utah Jazz,Defensive,0.862,72,0.046,0.921,0.389,0.038,0.065,0.041,0.01,0.379,0.478,369,340,130,334,204
2020-21,OffScreen,22020,1610612745,HOU,Houston Rockets,Defensive,0.241,72,0.04,1.046,0.438,0.061,0.07,0.055,0.02,0.427,0.541,328,343,128,292,164
2020-21,OffScreen,22020,1610612750,MIN,Minnesota Timberwolves,Defensive,0,72,0.039,1.088,0.441,0.085,0.072,0.082,0.01,0.442,0.551,319,347,120,272,152
2020-21,OffScreen,22020,1610612738,BOS,Boston Celtics,Defensive,0.552,72,0.045,0.986,0.418,0.087,0.089,0.075,0.03,0.413,0.507,358,353,127,304,177
2020-21,OffScreen,22020,1610612741,CHI,Chicago Bulls,Defensive,0.759,72,0.049,0.937,0.404,0.06,0.081,0.058,0.02,0.394,0.481,381,357,135,334,199
2020-21,OffScreen,22020,1610612749,MIL,Milwaukee Bucks,Defensive,0.138,72,0.042,1.05,0.428,0.044,0.067,0.044,0,0.424,0.544,342,359,130,304,174
2020-21,OffScreen,22020,1610612759,SAS,San Antonio Spurs,Defensive,0.31,72,0.043,1.041,0.424,0.067,0.043,0.061,0.01,0.438,0.521,345,359,131,309,178
2020-21,OffScreen,22020,1610612764,WAS,Washington Wizards,Defensive,0.172,72,0.042,1.048,0.439,0.059,0.07,0.056,0.01,0.435,0.54,356,373,138,314,176
2020-21,OffScreen,22020,1610612765,DET,Detroit Pistons,Defensive,0.207,72,0.046,1.046,0.436,0.071,0.087,0.06,0.01,0.425,0.553,367,384,136,312,176
2020-21,OffScreen,22020,1610612755,PHI,Philadelphia 76ers,Defensive,0.586,72,0.049,0.975,0.418,0.063,0.088,0.058,0.01,0.413,0.51,397,387,142,340,198
2020-21,OffScreen,22020,1610612753,ORL,Orlando Magic,Defensive,0.724,72,0.052,0.939,0.371,0.053,0.061,0.049,0,0.379,0.471,412,387,136,367,231
2020-21,OffScreen,22020,1610612740,NOP,New Orleans Pelicans,Defensive,0.621,72,0.051,0.963,0.383,0.084,0.067,0.079,0.02,0.398,0.48,405,390,134,350,216
2020-21,OffScreen,22020,1610612760,OKC,Oklahoma City Thunder,Defensive,0.276,72,0.057,1.041,0.426,0.065,0.065,0.063,0.01,0.425,0.535,461,480,172,404,232
2020-21,OffRebound,22020,1610612743,DEN,Denver Nuggets,Defensive,0.828,72,0.042,1.06,0.541,0.136,0.088,0.13,0.039,0.523,0.55,331,351,146,270,124
2020-21,OffRebound,22020,1610612753,ORL,Orlando Magic,Defensive,1,72,0.05,0.946,0.483,0.112,0.092,0.107,0.023,0.477,0.49,392,371,155,321,166
2020-21,OffRebound,22020,1610612752,NYK,New York Knicks,Defensive,0.897,72,0.05,1.044,0.544,0.105,0.067,0.1,0.023,0.533,0.55,390,407,180,331,151
2020-21,OffRebound,22020,1610612740,NOP,New Orleans Pelicans,Defensive,0.483,72,0.046,1.137,0.592,0.104,0.058,0.107,0.019,0.581,0.6,365,415,184,311,127
2020-21,OffRebound,22020,1610612747,LAL,Los Angeles Lakers,Defensive,0.759,72,0.049,1.083,0.571,0.106,0.08,0.096,0.021,0.552,0.57,386,418,184,322,138
2020-21,OffRebound,22020,1610612763,MEM,Memphis Grizzlies,Defensive,0.966,72,0.051,1.017,0.534,0.138,0.111,0.135,0.031,0.512,0.54,414,421,172,322,150
2020-21,OffRebound,22020,1610612764,WAS,Washington Wizards,Defensive,0.69,72,0.047,1.094,0.568,0.135,0.074,0.132,0.03,0.551,0.57,394,431,183,322,139
2020-21,OffRebound,22020,1610612746,LAC,LA Clippers,Defensive,0.379,72,0.049,1.139,0.563,0.145,0.066,0.129,0.042,0.566,0.57,380,433,178,316,138
2020-21,OffRebound,22020,1610612741,CHI,Chicago Bulls,Defensive,0.414,72,0.049,1.139,0.586,0.113,0.066,0.105,0.029,0.57,0.59,381,434,190,324,134
2020-21,OffRebound,22020,1610612755,PHI,Philadelphia 76ers,Defensive,0.931,72,0.052,1.031,0.534,0.095,0.083,0.093,0.01,0.523,0.54,421,434,187,350,163
2020-21,OffRebound,22020,1610612749,MIL,Milwaukee Bucks,Defensive,0.724,72,0.049,1.085,0.559,0.125,0.07,0.125,0.027,0.546,0.56,401,435,186,333,147
2020-21,OffRebound,22020,1610612742,DAL,Dallas Mavericks,Defensive,0.517,72,0.05,1.132,0.558,0.17,0.053,0.158,0.036,0.573,0.56,393,445,178,319,141
2020-21,OffRebound,22020,1610612737,ATL,Atlanta Hawks,Defensive,0.655,72,0.051,1.098,0.553,0.133,0.071,0.13,0.022,0.553,0.56,407,447,184,333,149
2020-21,OffRebound,22020,1610612759,SAS,San Antonio Spurs,Defensive,0.793,72,0.052,1.075,0.534,0.115,0.063,0.113,0.026,0.536,0.54,416,447,188,352,164
2020-21,OffRebound,22020,1610612738,BOS,Boston Celtics,Defensive,0.034,72,0.049,1.188,0.575,0.154,0.042,0.143,0.023,0.602,0.58,384,456,183,318,135
2020-21,OffRebound,22020,1610612748,MIA,Miami Heat,Defensive,0.207,72,0.051,1.151,0.593,0.123,0.083,0.121,0.04,0.57,0.6,398,458,197,332,135
2020-21,OffRebound,22020,1610612761,TOR,Toronto Raptors,Defensive,0.552,72,0.051,1.128,0.566,0.16,0.084,0.15,0.047,0.56,0.57,407,459,185,327,142
2020-21,OffRebound,22020,1610612739,CLE,Cleveland Cavaliers,Defensive,0.862,72,0.055,1.057,0.526,0.11,0.06,0.099,0.023,0.533,0.53,435,460,195,371,176
2020-21,OffRebound,22020,1610612766,CHA,Charlotte Hornets,Defensive,0.621,72,0.053,1.102,0.584,0.126,0.09,0.123,0.009,0.564,0.59,422,465,195,334,139
2020-21,OffRebound,22020,1610612762,UTA,Utah Jazz,Defensive,0.31,72,0.052,1.141,0.575,0.112,0.061,0.1,0.032,0.569,0.58,411,469,203,353,150
2020-21,OffRebound,22020,1610612757,POR,Portland Trail Blazers,Defensive,0.069,72,0.051,1.187,0.597,0.122,0.052,0.117,0.035,0.591,0.6,401,476,206,345,139
2020-21,OffRebound,22020,1610612745,HOU,Houston Rockets,Defensive,0.172,72,0.051,1.168,0.586,0.149,0.063,0.139,0.022,0.595,0.59,410,479,194,331,137
2020-21,OffRebound,22020,1610612756,PHX,Phoenix Suns,Defensive,0.103,72,0.052,1.182,0.596,0.157,0.069,0.143,0.034,0.6,0.6,407,481,196,329,133
2020-21,OffRebound,22020,1610612750,MIN,Minnesota Timberwolves,Defensive,0.276,72,0.052,1.144,0.593,0.142,0.083,0.139,0.028,0.582,0.59,423,484,201,339,138
2020-21,OffRebound,22020,1610612765,DET,Detroit Pistons,Defensive,0.241,72,0.054,1.15,0.583,0.113,0.063,0.101,0.014,0.585,0.59,426,490,208,357,149
2020-21,OffRebound,22020,1610612760,OKC,Oklahoma City Thunder,Defensive,0.138,72,0.052,1.169,0.606,0.155,0.087,0.151,0.042,0.588,0.61,425,497,206,340,134
2020-21,OffRebound,22020,1610612751,BKN,Brooklyn Nets,Defensive,0.448,72,0.054,1.139,0.566,0.148,0.059,0.132,0.032,0.575,0.57,440,501,205,362,157
2020-21,OffRebound,22020,1610612758,SAC,Sacramento Kings,Defensive,0.586,72,0.057,1.111,0.584,0.111,0.091,0.104,0.02,0.566,0.59,461,512,220,377,157
2020-21,OffRebound,22020,1610612744,GSW,Golden State Warriors,Defensive,0,72,0.052,1.22,0.608,0.144,0.053,0.142,0.039,0.61,0.62,431,526,220,362,142
2020-21,OffRebound,22020,1610612754,IND,Indiana Pacers,Defensive,0.345,72,0.056,1.141,0.569,0.13,0.053,0.124,0.036,0.573,0.57,468,534,227,399,172
2020-21,Misc,22020,1610612760,OKC,Oklahoma City Thunder,Defensive,0.862,72,0.048,0.486,0.479,0.161,0.614,0.031,0.015,0.251,0.511,391,190,45,94,49
2020-21,Misc,22020,1610612759,SAS,San Antonio Spurs,Defensive,0.966,72,0.051,0.472,0.395,0.156,0.57,0.037,0.005,0.249,0.43,409,193,45,114,69
2020-21,Misc,22020,1610612756,PHX,Phoenix Suns,Defensive,0.931,72,0.052,0.479,0.352,0.191,0.553,0.027,0.007,0.254,0.394,409,196,38,108,70
2020-21,Misc,22020,1610612763,MEM,Memphis Grizzlies,Defensive,0.759,72,0.049,0.505,0.336,0.191,0.536,0.043,0.008,0.268,0.377,392,198,37,110,73
2020-21,Misc,22020,1610612766,CHA,Charlotte Hornets,Defensive,1,72,0.057,0.446,0.364,0.173,0.603,0.038,0.013,0.242,0.393,451,201,39,107,68
2020-21,Misc,22020,1610612753,ORL,Orlando Magic,Defensive,0.552,72,0.047,0.551,0.424,0.188,0.551,0.035,0.005,0.288,0.475,372,205,42,99,57
2020-21,Misc,22020,1610612742,DAL,Dallas Mavericks,Defensive,0.828,72,0.054,0.488,0.316,0.21,0.524,0.042,0.012,0.269,0.35,424,207,37,117,80
2020-21,Misc,22020,1610612747,LAL,Los Angeles Lakers,Defensive,0.621,72,0.05,0.544,0.374,0.21,0.524,0.038,0.005,0.294,0.393,395,215,40,107,67
2020-21,Misc,22020,1610612737,ATL,Atlanta Hawks,Defensive,0.586,72,0.051,0.546,0.381,0.209,0.514,0.032,0.007,0.304,0.407,401,219,43,113,70
2020-21,Misc,22020,1610612744,GSW,Golden State Warriors,Defensive,0.897,72,0.056,0.479,0.328,0.181,0.555,0.024,0.006,0.251,0.368,463,222,41,125,84
2020-21,Misc,22020,1610612748,MIA,Miami Heat,Defensive,0.276,72,0.049,0.587,0.486,0.171,0.545,0.037,0.003,0.297,0.546,380,223,53,109,56
2020-21,Misc,22020,1610612749,MIL,Milwaukee Bucks,Defensive,0.793,72,0.055,0.497,0.381,0.151,0.541,0.033,0.004,0.261,0.432,449,223,53,139,86
2020-21,Misc,22020,1610612741,CHI,Chicago Bulls,Defensive,0.172,72,0.047,0.606,0.385,0.251,0.507,0.03,0.003,0.332,0.44,371,225,35,91,56
2020-21,Misc,22020,1610612757,POR,Portland Trail Blazers,Defensive,0.138,72,0.046,0.62,0.4,0.219,0.475,0.052,0.011,0.32,0.452,366,227,46,115,69
2020-21,Misc,22020,1610612739,CLE,Cleveland Cavaliers,Defensive,0.69,72,0.054,0.533,0.415,0.171,0.556,0.038,0.007,0.27,0.487,426,227,49,118,69
2020-21,Misc,22020,1610612752,NYK,New York Knicks,Defensive,0.345,72,0.052,0.577,0.434,0.218,0.527,0.022,0.007,0.312,0.467,404,233,46,106,60
2020-21,Misc,22020,1610612751,BKN,Brooklyn Nets,Defensive,0.31,72,0.05,0.579,0.418,0.193,0.49,0.042,0.015,0.302,0.463,404,234,56,134,78
2020-21,Misc,22020,1610612745,HOU,Houston Rockets,Defensive,0.379,72,0.051,0.568,0.414,0.221,0.541,0.034,0.005,0.296,0.49,412,234,41,99,58
2020-21,Misc,22020,1610612746,LAC,LA Clippers,Defensive,0.517,72,0.055,0.553,0.391,0.198,0.494,0.031,0.005,0.304,0.436,425,235,52,133,81
2020-21,Misc,22020,1610612762,UTA,Utah Jazz,Defensive,0.103,72,0.051,0.626,0.464,0.19,0.507,0.017,0.005,0.323,0.52,406,254,58,125,67
2020-21,Misc,22020,1610612755,PHI,Philadelphia 76ers,Defensive,0.724,72,0.063,0.508,0.406,0.178,0.561,0.03,0.002,0.275,0.444,506,257,54,133,79
2020-21,Misc,22020,1610612764,WAS,Washington Wizards,Defensive,0.241,72,0.053,0.587,0.438,0.217,0.542,0.025,0.011,0.3,0.491,443,260,49,112,63
2020-21,Misc,22020,1610612765,DET,Detroit Pistons,Defensive,0.414,72,0.059,0.564,0.391,0.242,0.523,0.024,0.002,0.313,0.418,463,261,43,110,67
2020-21,Misc,22020,1610612743,DEN,Denver Nuggets,Defensive,0.034,72,0.051,0.67,0.433,0.219,0.471,0.045,0.01,0.338,0.5,397,266,55,127,72
2020-21,Misc,22020,1610612740,NOP,New Orleans Pelicans,Defensive,0.069,72,0.052,0.635,0.48,0.205,0.499,0.031,0.007,0.337,0.516,419,266,61,127,66
2020-21,Misc,22020,1610612758,SAC,Sacramento Kings,Defensive,0.207,72,0.055,0.6,0.449,0.241,0.525,0.025,0.004,0.324,0.514,448,269,48,107,59
2020-21,Misc,22020,1610612761,TOR,Toronto Raptors,Defensive,0.483,72,0.062,0.556,0.333,0.271,0.558,0.03,0.004,0.307,0.368,495,275,29,87,58
2020-21,Misc,22020,1610612754,IND,Indiana Pacers,Defensive,0.655,72,0.064,0.535,0.399,0.2,0.537,0.028,0.006,0.286,0.441,531,284,57,143,86
2020-21,Misc,22020,1610612750,MIN,Minnesota Timberwolves,Defensive,0.448,72,0.063,0.557,0.472,0.208,0.559,0.035,0.006,0.299,0.508,515,287,58,123,65
2020-21,Misc,22020,1610612738,BOS,Boston Celtics,Defensive,0,72,0.058,0.741,0.483,0.285,0.463,0.046,0.011,0.393,0.525,456,338,58,120,62
2021-22,Isolation,22021,1610612760,OKC,Oklahoma City Thunder,Defensive,0.966,82,0.052,0.828,0.377,0.105,0.082,0.096,0.027,0.386,0.414,477,395,151,401,250
2021-22,Isolation,22021,1610612752,NYK,New York Knicks,Defensive,0.414,82,0.056,0.913,0.392,0.162,0.103,0.148,0.026,0.432,0.433,493,450,147,375,228
2021-22,Isolation,22021,1610612740,NOP,New Orleans Pelicans,Defensive,0.483,82,0.059,0.91,0.396,0.122,0.09,0.099,0.027,0.415,0.446,525,478,169,427,258
2021-22,Isolation,22021,1610612739,CLE,Cleveland Cavaliers,Defensive,0.828,82,0.062,0.872,0.391,0.116,0.083,0.101,0.02,0.408,0.429,554,483,178,455,277
2021-22,Isolation,22021,1610612756,PHX,Phoenix Suns,Defensive,0.931,82,0.064,0.835,0.368,0.136,0.087,0.117,0.029,0.391,0.402,583,487,173,470,297
2021-22,Isolation,22021,1610612763,MEM,Memphis Grizzlies,Defensive,0.621,82,0.06,0.89,0.384,0.112,0.09,0.095,0.023,0.404,0.443,555,494,175,456,281
2021-22,Isolation,22021,1610612741,CHI,Chicago Bulls,Defensive,0.241,82,0.059,0.953,0.426,0.121,0.082,0.12,0.015,0.448,0.467,527,502,182,427,245
2021-22,Isolation,22021,1610612755,PHI,Philadelphia 76ers,Defensive,0.862,82,0.067,0.861,0.391,0.12,0.103,0.1,0.01,0.418,0.43,591,509,182,465,283
2021-22,Isolation,22021,1610612753,ORL,Orlando Magic,Defensive,0.448,82,0.063,0.911,0.395,0.129,0.087,0.124,0.023,0.416,0.444,574,523,183,463,280
2021-22,Isolation,22021,1610612762,UTA,Utah Jazz,Defensive,0.138,82,0.062,0.956,0.431,0.095,0.073,0.08,0.022,0.437,0.483,549,525,202,469,267
2021-22,Isolation,22021,1610612750,MIN,Minnesota Timberwolves,Defensive,0.31,82,0.062,0.934,0.44,0.15,0.14,0.126,0.022,0.45,0.492,580,542,187,425,238
2021-22,Isolation,22021,1610612761,TOR,Toronto Raptors,Defensive,0.897,82,0.072,0.851,0.389,0.125,0.107,0.113,0.019,0.406,0.42,638,543,195,501,306
2021-22,Isolation,22021,1610612758,SAC,Sacramento Kings,Defensive,0.517,82,0.066,0.904,0.413,0.104,0.092,0.089,0.02,0.419,0.456,606,548,206,499,293
2021-22,Isolation,22021,1610612742,DAL,Dallas Mavericks,Defensive,0.69,82,0.071,0.883,0.396,0.092,0.087,0.077,0.014,0.407,0.443,622,549,206,520,314
2021-22,Isolation,22021,1610612766,CHA,Charlotte Hornets,Defensive,0.552,82,0.065,0.903,0.412,0.111,0.095,0.093,0.021,0.425,0.452,610,551,205,497,292
2021-22,Isolation,22021,1610612737,ATL,Atlanta Hawks,Defensive,0.724,82,0.07,0.879,0.401,0.097,0.084,0.089,0.019,0.412,0.441,628,552,211,526,315
2021-22,Isolation,22021,1610612743,DEN,Denver Nuggets,Defensive,0,82,0.06,1.039,0.439,0.152,0.073,0.131,0.024,0.478,0.495,533,554,187,426,239
2021-22,Isolation,22021,1610612759,SAS,San Antonio Spurs,Defensive,0.586,82,0.068,0.897,0.418,0.092,0.089,0.083,0.016,0.414,0.465,630,565,220,526,306
2021-22,Isolation,22021,1610612746,LAC,LA Clippers,Defensive,0.793,82,0.073,0.877,0.402,0.102,0.102,0.09,0.026,0.404,0.439,664,582,219,545,326
2021-22,Isolation,22021,1610612757,POR,Portland Trail Blazers,Defensive,0.034,82,0.066,0.995,0.447,0.135,0.113,0.11,0.029,0.455,0.503,593,590,207,463,256
2021-22,Isolation,22021,1610612747,LAL,Los Angeles Lakers,Defensive,0.207,82,0.067,0.954,0.423,0.134,0.088,0.115,0.027,0.444,0.468,628,599,214,506,292
2021-22,Isolation,22021,1610612749,MIL,Milwaukee Bucks,Defensive,0.069,82,0.067,0.993,0.446,0.12,0.097,0.113,0.026,0.452,0.501,608,604,219,491,272
2021-22,Isolation,22021,1610612748,MIA,Miami Heat,Defensive,0.759,82,0.078,0.878,0.381,0.116,0.116,0.103,0.029,0.388,0.435,689,605,209,549,340
2021-22,Isolation,22021,1610612744,GSW,Golden State Warriors,Defensive,0.103,82,0.07,0.957,0.417,0.139,0.082,0.131,0.038,0.438,0.469,634,607,216,518,302
2021-22,Isolation,22021,1610612764,WAS,Washington Wizards,Defensive,0.276,82,0.072,0.941,0.409,0.13,0.062,0.119,0.034,0.44,0.448,645,607,222,543,321
2021-22,Isolation,22021,1610612754,IND,Indiana Pacers,Defensive,0.379,82,0.077,0.917,0.408,0.124,0.073,0.115,0.029,0.427,0.446,695,637,236,578,342
2021-22,Isolation,22021,1610612738,BOS,Boston Celtics,Defensive,1,82,0.089,0.796,0.369,0.101,0.104,0.087,0.017,0.379,0.397,804,640,241,653,412
2021-22,Isolation,22021,1610612751,BKN,Brooklyn Nets,Defensive,0.345,82,0.078,0.934,0.4,0.12,0.079,0.112,0.035,0.418,0.458,723,675,241,602,361
2021-22,Isolation,22021,1610612765,DET,Detroit Pistons,Defensive,0.655,82,0.084,0.887,0.402,0.135,0.102,0.118,0.026,0.417,0.446,761,675,241,600,359
2021-22,Isolation,22021,1610612745,HOU,Houston Rockets,Defensive,0.172,82,0.079,0.955,0.444,0.115,0.09,0.104,0.035,0.444,0.48,737,704,271,611,340
2021-22,Transition,22021,1610612749,MIL,Milwaukee Bucks,Defensive,0.69,82,0.136,1.1,0.52,0.125,0.117,0.12,0.029,0.494,0.597,1241,1365,507,975,468
2021-22,Transition,22021,1610612740,NOP,New Orleans Pelicans,Defensive,1,82,0.153,1.034,0.5,0.12,0.15,0.107,0.027,0.468,0.576,1356,1402,517,1024,507
2021-22,Transition,22021,1610612742,DAL,Dallas Mavericks,Defensive,0.586,82,0.152,1.104,0.52,0.134,0.116,0.118,0.031,0.499,0.59,1324,1462,532,1031,499
2021-22,Transition,22021,1610612764,WAS,Washington Wizards,Defensive,0.793,82,0.15,1.094,0.51,0.148,0.112,0.133,0.035,0.5,0.57,1343,1469,526,1041,515
2021-22,Transition,22021,1610612741,CHI,Chicago Bulls,Defensive,0.207,82,0.141,1.169,0.56,0.132,0.121,0.121,0.027,0.531,0.635,1261,1474,546,973,427
2021-22,Transition,22021,1610612744,GSW,Golden State Warriors,Defensive,0.724,82,0.15,1.098,0.51,0.147,0.134,0.138,0.036,0.492,0.591,1353,1486,521,1019,498
2021-22,Transition,22021,1610612763,MEM,Memphis Grizzlies,Defensive,0.931,82,0.154,1.064,0.52,0.127,0.137,0.117,0.028,0.488,0.575,1413,1503,556,1077,521
2021-22,Transition,22021,1610612746,LAC,LA Clippers,Defensive,0.862,82,0.154,1.074,0.52,0.114,0.119,0.102,0.028,0.492,0.575,1407,1511,577,1115,538
2021-22,Transition,22021,1610612752,NYK,New York Knicks,Defensive,0.103,82,0.146,1.178,0.56,0.143,0.107,0.128,0.031,0.542,0.627,1284,1513,558,999,441
2021-22,Transition,22021,1610612738,BOS,Boston Celtics,Defensive,0.897,82,0.157,1.073,0.52,0.134,0.14,0.123,0.025,0.492,0.586,1411,1514,547,1057,510
2021-22,Transition,22021,1610612759,SAS,San Antonio Spurs,Defensive,0.517,82,0.15,1.112,0.52,0.14,0.117,0.129,0.023,0.511,0.596,1390,1546,554,1064,510
2021-22,Transition,22021,1610612762,UTA,Utah Jazz,Defensive,0.31,82,0.151,1.154,0.53,0.14,0.105,0.121,0.033,0.517,0.615,1345,1552,566,1060,494
2021-22,Transition,22021,1610612761,TOR,Toronto Raptors,Defensive,0.828,82,0.163,1.081,0.53,0.118,0.135,0.102,0.031,0.491,0.593,1447,1564,593,1124,531
2021-22,Transition,22021,1610612743,DEN,Denver Nuggets,Defensive,0.414,82,0.155,1.138,0.54,0.128,0.1,0.112,0.03,0.521,0.608,1379,1569,599,1106,507
2021-22,Transition,22021,1610612756,PHX,Phoenix Suns,Defensive,0.966,82,0.161,1.059,0.5,0.132,0.121,0.119,0.028,0.483,0.568,1482,1570,570,1148,578
2021-22,Transition,22021,1610612748,MIA,Miami Heat,Defensive,0.448,82,0.158,1.13,0.53,0.142,0.132,0.13,0.034,0.504,0.613,1391,1572,560,1056,496
2021-22,Transition,22021,1610612753,ORL,Orlando Magic,Defensive,0.552,82,0.156,1.111,0.52,0.152,0.116,0.138,0.025,0.513,0.596,1421,1579,558,1074,516
2021-22,Transition,22021,1610612754,IND,Indiana Pacers,Defensive,0.034,82,0.148,1.19,0.55,0.144,0.101,0.126,0.034,0.541,0.631,1337,1591,584,1053,469
2021-22,Transition,22021,1610612760,OKC,Oklahoma City Thunder,Defensive,0.276,82,0.151,1.154,0.54,0.132,0.108,0.122,0.038,0.522,0.612,1380,1593,596,1102,506
2021-22,Transition,22021,1610612737,ATL,Atlanta Hawks,Defensive,0,82,0.15,1.2,0.57,0.125,0.113,0.104,0.03,0.541,0.653,1342,1610,608,1062,454
2021-22,Transition,22021,1610612739,CLE,Cleveland Cavaliers,Defensive,0.655,82,0.165,1.101,0.53,0.116,0.126,0.11,0.022,0.498,0.6,1468,1616,602,1143,541
2021-22,Transition,22021,1610612765,DET,Detroit Pistons,Defensive,0.379,82,0.157,1.14,0.54,0.142,0.111,0.131,0.034,0.523,0.603,1419,1618,597,1108,511
2021-22,Transition,22021,1610612755,PHI,Philadelphia 76ers,Defensive,0.069,82,0.157,1.186,0.57,0.135,0.11,0.125,0.027,0.544,0.641,1395,1654,616,1087,471
2021-22,Transition,22021,1610612757,POR,Portland Trail Blazers,Defensive,0.241,82,0.16,1.167,0.53,0.154,0.116,0.136,0.033,0.519,0.619,1439,1679,580,1095,515
2021-22,Transition,22021,1610612751,BKN,Brooklyn Nets,Defensive,0.759,82,0.167,1.096,0.53,0.12,0.129,0.102,0.027,0.498,0.598,1537,1684,631,1193,562
2021-22,Transition,22021,1610612758,SAC,Sacramento Kings,Defensive,0.138,82,0.158,1.17,0.56,0.122,0.116,0.113,0.021,0.531,0.633,1450,1696,630,1135,505
2021-22,Transition,22021,1610612766,CHA,Charlotte Hornets,Defensive,0.345,82,0.162,1.151,0.55,0.12,0.118,0.104,0.023,0.518,0.628,1512,1740,648,1187,539
2021-22,Transition,22021,1610612750,MIN,Minnesota Timberwolves,Defensive,0.621,82,0.171,1.103,0.52,0.126,0.132,0.115,0.023,0.5,0.601,1599,1763,641,1224,583
2021-22,Transition,22021,1610612747,LAL,Los Angeles Lakers,Defensive,0.483,82,0.172,1.124,0.53,0.124,0.108,0.114,0.026,0.512,0.604,1601,1800,670,1269,599
2021-22,Transition,22021,1610612745,HOU,Houston Rockets,Defensive,0.172,82,0.189,1.169,0.55,0.14,0.114,0.124,0.043,0.523,0.628,1752,2048,757,1382,625
2021-22,PRBallHandler,22021,1610612761,TOR,Toronto Raptors,Defensive,0.966,82,0.136,0.8,0.412,0.098,0.211,0.079,0.015,0.371,0.45,1209,967,352,854,502
2021-22,PRBallHandler,22021,1610612748,MIA,Miami Heat,Defensive,0.724,82,0.136,0.853,0.42,0.099,0.176,0.083,0.02,0.388,0.472,1197,1021,374,891,517
2021-22,PRBallHandler,22021,1610612750,MIN,Minnesota Timberwolves,Defensive,0.897,82,0.131,0.842,0.423,0.12,0.208,0.093,0.025,0.385,0.476,1219,1027,359,849,490
2021-22,PRBallHandler,22021,1610612757,POR,Portland Trail Blazers,Defensive,0.552,82,0.134,0.869,0.443,0.098,0.193,0.074,0.022,0.398,0.494,1203,1046,390,880,490
2021-22,PRBallHandler,22021,1610612744,GSW,Golden State Warriors,Defensive,1,82,0.157,0.784,0.402,0.078,0.173,0.066,0.018,0.367,0.435,1414,1108,437,1086,649
2021-22,PRBallHandler,22021,1610612766,CHA,Charlotte Hornets,Defensive,0.103,82,0.134,0.91,0.44,0.091,0.162,0.072,0.017,0.406,0.504,1248,1136,419,953,534
2021-22,PRBallHandler,22021,1610612742,DAL,Dallas Mavericks,Defensive,0.793,82,0.167,0.848,0.407,0.106,0.145,0.096,0.027,0.393,0.445,1462,1240,461,1133,672
2021-22,PRBallHandler,22021,1610612743,DEN,Denver Nuggets,Defensive,0.828,82,0.168,0.847,0.431,0.085,0.167,0.074,0.016,0.395,0.473,1491,1263,491,1138,647
2021-22,PRBallHandler,22021,1610612765,DET,Detroit Pistons,Defensive,0.034,82,0.148,0.949,0.448,0.12,0.133,0.102,0.023,0.44,0.495,1342,1273,463,1033,570
2021-22,PRBallHandler,22021,1610612745,HOU,Houston Rockets,Defensive,0.069,82,0.147,0.937,0.445,0.109,0.152,0.094,0.024,0.422,0.507,1366,1280,463,1041,578
2021-22,PRBallHandler,22021,1610612749,MIL,Milwaukee Bucks,Defensive,0.172,82,0.156,0.906,0.449,0.074,0.153,0.065,0.017,0.409,0.507,1424,1290,504,1123,619
2021-22,PRBallHandler,22021,1610612760,OKC,Oklahoma City Thunder,Defensive,0.931,82,0.169,0.841,0.409,0.077,0.145,0.067,0.018,0.382,0.459,1548,1302,503,1231,728
2021-22,PRBallHandler,22021,1610612747,LAL,Los Angeles Lakers,Defensive,0.655,82,0.165,0.861,0.425,0.106,0.164,0.092,0.027,0.398,0.469,1536,1322,494,1162,668
2021-22,PRBallHandler,22021,1610612746,LAC,LA Clippers,Defensive,0.276,82,0.166,0.882,0.432,0.079,0.137,0.066,0.013,0.407,0.479,1516,1337,522,1209,687
2021-22,PRBallHandler,22021,1610612738,BOS,Boston Celtics,Defensive,0.448,82,0.171,0.875,0.407,0.075,0.121,0.067,0.019,0.39,0.463,1542,1350,516,1268,752
2021-22,PRBallHandler,22021,1610612751,BKN,Brooklyn Nets,Defensive,0.379,82,0.167,0.878,0.409,0.102,0.124,0.083,0.016,0.405,0.458,1545,1356,498,1219,721
2021-22,PRBallHandler,22021,1610612739,CLE,Cleveland Cavaliers,Defensive,0.517,82,0.179,0.87,0.428,0.091,0.142,0.073,0.018,0.404,0.469,1585,1379,533,1244,711
2021-22,PRBallHandler,22021,1610612753,ORL,Orlando Magic,Defensive,0.31,82,0.175,0.881,0.429,0.065,0.131,0.053,0.014,0.398,0.482,1599,1409,561,1308,747
2021-22,PRBallHandler,22021,1610612764,WAS,Washington Wizards,Defensive,0.345,82,0.179,0.879,0.425,0.084,0.134,0.073,0.016,0.404,0.473,1607,1412,545,1282,737
2021-22,PRBallHandler,22021,1610612763,MEM,Memphis Grizzlies,Defensive,0.414,82,0.176,0.878,0.429,0.089,0.157,0.08,0.02,0.4,0.478,1617,1419,536,1250,714
2021-22,PRBallHandler,22021,1610612754,IND,Indiana Pacers,Defensive,0,82,0.165,0.957,0.468,0.085,0.151,0.07,0.013,0.434,0.523,1490,1426,542,1159,617
2021-22,PRBallHandler,22021,1610612752,NYK,New York Knicks,Defensive,0.69,82,0.19,0.856,0.406,0.092,0.135,0.082,0.023,0.388,0.452,1677,1435,541,1333,792
2021-22,PRBallHandler,22021,1610612737,ATL,Atlanta Hawks,Defensive,0.241,82,0.182,0.896,0.436,0.083,0.142,0.073,0.019,0.408,0.486,1632,1463,564,1294,730
2021-22,PRBallHandler,22021,1610612740,NOP,New Orleans Pelicans,Defensive,0.207,82,0.186,0.904,0.444,0.083,0.148,0.073,0.01,0.417,0.496,1653,1495,572,1288,716
2021-22,PRBallHandler,22021,1610612758,SAC,Sacramento Kings,Defensive,0.138,82,0.182,0.906,0.446,0.08,0.139,0.072,0.014,0.418,0.495,1670,1513,592,1328,736
2021-22,PRBallHandler,22021,1610612756,PHX,Phoenix Suns,Defensive,0.862,82,0.195,0.846,0.406,0.084,0.15,0.074,0.017,0.383,0.458,1792,1516,569,1402,833
2021-22,PRBallHandler,22021,1610612755,PHI,Philadelphia 76ers,Defensive,0.621,82,0.199,0.865,0.418,0.1,0.153,0.086,0.016,0.399,0.469,1763,1525,562,1343,781
2021-22,PRBallHandler,22021,1610612741,CHI,Chicago Bulls,Defensive,0.586,82,0.2,0.866,0.421,0.105,0.151,0.09,0.017,0.405,0.462,1796,1555,575,1367,792
2021-22,PRBallHandler,22021,1610612762,UTA,Utah Jazz,Defensive,0.759,82,0.209,0.852,0.413,0.073,0.122,0.066,0.013,0.392,0.459,1856,1581,626,1517,891
2021-22,PRBallHandler,22021,1610612759,SAS,San Antonio Spurs,Defensive,0.483,82,0.198,0.871,0.427,0.079,0.125,0.073,0.017,0.406,0.466,1840,1602,639,1495,856
2021-22,PRRollMan,22021,1610612748,MIA,Miami Heat,Defensive,0.966,82,0.045,1.051,0.481,0.136,0.104,0.129,0.033,0.48,0.549,396,416,151,314,163
2021-22,PRRollMan,22021,1610612761,TOR,Toronto Raptors,Defensive,0.828,82,0.045,1.085,0.527,0.128,0.12,0.12,0.028,0.504,0.579,399,433,164,311,147
2021-22,PRRollMan,22021,1610612765,DET,Detroit Pistons,Defensive,0.483,82,0.05,1.118,0.544,0.151,0.085,0.147,0.042,0.543,0.577,457,511,199,366,167
2021-22,PRRollMan,22021,1610612738,BOS,Boston Celtics,Defensive,0.862,82,0.054,1.074,0.477,0.137,0.051,0.133,0.039,0.498,0.528,488,524,198,415,217
2021-22,PRRollMan,22021,1610612766,CHA,Charlotte Hornets,Defensive,0.103,82,0.047,1.199,0.569,0.135,0.071,0.132,0.03,0.566,0.619,438,525,205,360,155
2021-22,PRRollMan,22021,1610612751,BKN,Brooklyn Nets,Defensive,0.069,82,0.047,1.203,0.551,0.142,0.037,0.139,0.037,0.564,0.6,438,527,207,376,169
2021-22,PRRollMan,22021,1610612753,ORL,Orlando Magic,Defensive,0.69,82,0.053,1.1,0.523,0.106,0.052,0.102,0.027,0.526,0.561,481,529,218,417,199
2021-22,PRRollMan,22021,1610612745,HOU,Houston Rockets,Defensive,0.586,82,0.053,1.109,0.518,0.113,0.074,0.109,0.025,0.517,0.566,487,540,211,407,196
2021-22,PRRollMan,22021,1610612744,GSW,Golden State Warriors,Defensive,0.931,82,0.059,1.061,0.499,0.135,0.083,0.125,0.04,0.493,0.554,527,559,216,433,217
2021-22,PRRollMan,22021,1610612757,POR,Portland Trail Blazers,Defensive,0.207,82,0.054,1.174,0.586,0.12,0.087,0.116,0.039,0.558,0.628,484,568,236,403,167
2021-22,PRRollMan,22021,1610612750,MIN,Minnesota Timberwolves,Defensive,0.517,82,0.056,1.114,0.545,0.15,0.08,0.146,0.034,0.534,0.591,526,586,230,422,192
2021-22,PRRollMan,22021,1610612737,ATL,Atlanta Hawks,Defensive,0.759,82,0.06,1.091,0.511,0.093,0.073,0.095,0.024,0.501,0.563,537,586,235,460,225
2021-22,PRRollMan,22021,1610612756,PHX,Phoenix Suns,Defensive,0.172,82,0.055,1.183,0.539,0.159,0.044,0.155,0.042,0.558,0.59,504,596,228,423,195
2021-22,PRRollMan,22021,1610612742,DAL,Dallas Mavericks,Defensive,0.793,82,0.064,1.091,0.521,0.093,0.079,0.091,0.021,0.508,0.57,559,610,247,474,227
2021-22,PRRollMan,22021,1610612760,OKC,Oklahoma City Thunder,Defensive,0.414,82,0.059,1.127,0.528,0.147,0.085,0.142,0.033,0.535,0.578,544,613,230,436,206
2021-22,PRRollMan,22021,1610612755,PHI,Philadelphia 76ers,Defensive,1,82,0.069,1.013,0.482,0.09,0.087,0.088,0.025,0.465,0.538,611,619,249,517,268
2021-22,PRRollMan,22021,1610612746,LAC,LA Clippers,Defensive,0.379,82,0.061,1.128,0.523,0.11,0.059,0.105,0.027,0.526,0.577,555,626,249,476,227
2021-22,PRRollMan,22021,1610612752,NYK,New York Knicks,Defensive,0.655,82,0.065,1.103,0.494,0.133,0.061,0.122,0.031,0.507,0.561,572,631,236,478,242
2021-22,PRRollMan,22021,1610612763,MEM,Memphis Grizzlies,Defensive,0.621,82,0.062,1.107,0.513,0.131,0.065,0.126,0.042,0.518,0.557,571,632,248,483,235
2021-22,PRRollMan,22021,1610612764,WAS,Washington Wizards,Defensive,0.138,82,0.06,1.183,0.548,0.124,0.057,0.12,0.028,0.545,0.604,541,640,251,458,207
2021-22,PRRollMan,22021,1610612743,DEN,Denver Nuggets,Defensive,0.724,82,0.066,1.099,0.524,0.126,0.087,0.124,0.043,0.518,0.565,587,645,255,487,232
2021-22,PRRollMan,22021,1610612762,UTA,Utah Jazz,Defensive,0.897,82,0.068,1.069,0.48,0.106,0.038,0.104,0.017,0.504,0.533,605,647,253,527,274
2021-22,PRRollMan,22021,1610612754,IND,Indiana Pacers,Defensive,0,82,0.057,1.259,0.587,0.143,0.058,0.139,0.021,0.6,0.637,517,651,249,424,175
2021-22,PRRollMan,22021,1610612739,CLE,Cleveland Cavaliers,Defensive,0.552,82,0.067,1.111,0.513,0.111,0.061,0.11,0.02,0.518,0.576,593,659,257,501,244
2021-22,PRRollMan,22021,1610612758,SAC,Sacramento Kings,Defensive,0.241,82,0.063,1.162,0.543,0.125,0.075,0.117,0.038,0.533,0.602,574,667,261,481,220
2021-22,PRRollMan,22021,1610612740,NOP,New Orleans Pelicans,Defensive,0.276,82,0.065,1.161,0.535,0.138,0.066,0.13,0.042,0.54,0.588,578,671,259,484,225
2021-22,PRRollMan,22021,1610612749,MIL,Milwaukee Bucks,Defensive,0.448,82,0.067,1.126,0.511,0.131,0.059,0.127,0.039,0.515,0.566,613,690,266,521,255
2021-22,PRRollMan,22021,1610612747,LAL,Los Angeles Lakers,Defensive,0.034,82,0.063,1.239,0.611,0.133,0.077,0.133,0.034,0.58,0.666,586,726,294,481,187
2021-22,PRRollMan,22021,1610612741,CHI,Chicago Bulls,Defensive,0.31,82,0.072,1.146,0.527,0.11,0.059,0.11,0.023,0.53,0.581,645,739,290,550,260
2021-22,PRRollMan,22021,1610612759,SAS,San Antonio Spurs,Defensive,0.345,82,0.07,1.133,0.535,0.11,0.057,0.107,0.02,0.541,0.582,653,740,298,557,259
2021-22,Postup,22021,1610612762,UTA,Utah Jazz,Defensive,0.828,82,0.03,0.91,0.497,0.142,0.175,0.112,0.037,0.455,0.497,268,244,96,193,97
2021-22,Postup,22021,1610612752,NYK,New York Knicks,Defensive,0.172,82,0.032,1,0.517,0.189,0.128,0.157,0.036,0.505,0.517,281,281,104,201,97
2021-22,Postup,22021,1610612755,PHI,Philadelphia 76ers,Defensive,0.483,82,0.035,0.951,0.48,0.16,0.13,0.147,0.039,0.476,0.48,307,292,110,229,119
2021-22,Postup,22021,1610612763,MEM,Memphis Grizzlies,Defensive,0.759,82,0.036,0.919,0.52,0.15,0.186,0.111,0.018,0.48,0.52,333,306,118,227,109
2021-22,Postup,22021,1610612750,MIN,Minnesota Timberwolves,Defensive,0.379,82,0.034,0.965,0.511,0.173,0.154,0.16,0.044,0.494,0.511,318,307,116,227,111
2021-22,Postup,22021,1610612746,LAC,LA Clippers,Defensive,0.793,82,0.037,0.912,0.456,0.171,0.133,0.13,0.035,0.457,0.456,339,309,113,248,135
2021-22,Postup,22021,1610612756,PHX,Phoenix Suns,Defensive,1,82,0.04,0.866,0.45,0.164,0.15,0.142,0.025,0.443,0.45,366,317,117,260,143
2021-22,Postup,22021,1610612758,SAC,Sacramento Kings,Defensive,0.31,82,0.036,0.975,0.524,0.126,0.138,0.107,0.031,0.491,0.524,326,318,131,250,119
2021-22,Postup,22021,1610612743,DEN,Denver Nuggets,Defensive,0.345,82,0.037,0.967,0.5,0.17,0.109,0.131,0.033,0.505,0.5,329,318,124,248,124
2021-22,Postup,22021,1610612761,TOR,Toronto Raptors,Defensive,0.414,82,0.038,0.964,0.482,0.213,0.141,0.183,0.039,0.491,0.482,334,322,110,228,118
2021-22,Postup,22021,1610612739,CLE,Cleveland Cavaliers,Defensive,0.69,82,0.04,0.932,0.485,0.125,0.137,0.117,0.031,0.464,0.485,351,327,131,270,139
2021-22,Postup,22021,1610612747,LAL,Los Angeles Lakers,Defensive,0.655,82,0.038,0.932,0.516,0.161,0.163,0.152,0.034,0.479,0.516,355,331,130,252,122
2021-22,Postup,22021,1610612742,DAL,Dallas Mavericks,Defensive,0.448,82,0.04,0.952,0.504,0.131,0.131,0.108,0.017,0.484,0.504,351,334,133,264,131
2021-22,Postup,22021,1610612749,MIL,Milwaukee Bucks,Defensive,0.931,82,0.042,0.89,0.493,0.141,0.157,0.123,0.024,0.461,0.493,382,340,136,276,140
2021-22,Postup,22021,1610612737,ATL,Atlanta Hawks,Defensive,0.862,82,0.043,0.91,0.447,0.15,0.109,0.111,0.023,0.463,0.447,387,352,132,295,163
2021-22,Postup,22021,1610612740,NOP,New Orleans Pelicans,Defensive,0.103,82,0.04,1.008,0.526,0.154,0.112,0.134,0.036,0.504,0.526,357,360,144,274,130
2021-22,Postup,22021,1610612766,CHA,Charlotte Hornets,Defensive,0.517,82,0.043,0.95,0.502,0.178,0.145,0.143,0.038,0.476,0.502,399,379,143,285,142
2021-22,Postup,22021,1610612748,MIA,Miami Heat,Defensive,0.724,82,0.047,0.925,0.486,0.153,0.148,0.112,0.017,0.479,0.486,411,380,143,294,151
2021-22,Postup,22021,1610612760,OKC,Oklahoma City Thunder,Defensive,0,82,0.04,1.049,0.571,0.187,0.162,0.168,0.06,0.525,0.571,364,382,148,259,111
2021-22,Postup,22021,1610612744,GSW,Golden State Warriors,Defensive,0.966,82,0.051,0.869,0.45,0.166,0.148,0.142,0.041,0.448,0.45,458,398,150,333,183
2021-22,Postup,22021,1610612757,POR,Portland Trail Blazers,Defensive,0.207,82,0.045,0.995,0.509,0.214,0.134,0.164,0.037,0.512,0.509,402,400,141,277,136
2021-22,Postup,22021,1610612741,CHI,Chicago Bulls,Defensive,0.552,82,0.05,0.946,0.491,0.164,0.121,0.15,0.034,0.487,0.491,446,422,164,334,170
2021-22,Postup,22021,1610612759,SAS,San Antonio Spurs,Defensive,0.069,82,0.045,1.017,0.523,0.175,0.125,0.144,0.029,0.524,0.523,416,423,158,302,144
2021-22,Postup,22021,1610612738,BOS,Boston Celtics,Defensive,0.586,82,0.051,0.941,0.479,0.149,0.145,0.125,0.024,0.473,0.479,455,428,159,332,173
2021-22,Postup,22021,1610612751,BKN,Brooklyn Nets,Defensive,0.621,82,0.05,0.935,0.468,0.165,0.124,0.146,0.046,0.47,0.468,460,430,163,348,185
2021-22,Postup,22021,1610612753,ORL,Orlando Magic,Defensive,0.276,82,0.049,0.976,0.475,0.2,0.116,0.169,0.027,0.507,0.475,450,439,152,320,168
2021-22,Postup,22021,1610612754,IND,Indiana Pacers,Defensive,0.034,82,0.05,1.031,0.529,0.156,0.103,0.107,0.026,0.529,0.529,456,470,185,350,165
2021-22,Postup,22021,1610612765,DET,Detroit Pistons,Defensive,0.897,82,0.058,0.907,0.492,0.164,0.164,0.133,0.021,0.472,0.492,525,476,179,364,185
2021-22,Postup,22021,1610612745,HOU,Houston Rockets,Defensive,0.241,82,0.057,0.979,0.509,0.159,0.125,0.135,0.032,0.497,0.509,527,516,200,393,193
2021-22,Postup,22021,1610612764,WAS,Washington Wizards,Defensive,0.138,82,0.064,1.003,0.491,0.168,0.096,0.147,0.037,0.505,0.491,572,574,217,442,225
2021-22,Spotup,22021,1610612762,UTA,Utah Jazz,Defensive,1,82,0.19,0.948,0.362,0.037,0.04,0.033,0.01,0.362,0.483,1684,1597,568,1570,1002
2021-22,Spotup,22021,1610612755,PHI,Philadelphia 76ers,Defensive,0.724,82,0.208,0.998,0.384,0.05,0.052,0.045,0.012,0.385,0.51,1841,1838,643,1676,1033
2021-22,Spotup,22021,1610612756,PHX,Phoenix Suns,Defensive,0.931,82,0.214,0.967,0.381,0.043,0.054,0.039,0.007,0.38,0.499,1968,1903,683,1791,1108
2021-22,Spotup,22021,1610612764,WAS,Washington Wizards,Defensive,0.207,82,0.202,1.051,0.403,0.053,0.048,0.05,0.014,0.407,0.531,1812,1904,666,1652,986
2021-22,Spotup,22021,1610612738,BOS,Boston Celtics,Defensive,0.966,82,0.224,0.959,0.367,0.038,0.047,0.035,0.006,0.368,0.491,2020,1938,683,1861,1178
2021-22,Spotup,22021,1610612739,CLE,Cleveland Cavaliers,Defensive,0.621,82,0.221,1.003,0.385,0.041,0.055,0.038,0.011,0.381,0.517,1965,1971,692,1797,1105
2021-22,Spotup,22021,1610612759,SAS,San Antonio Spurs,Defensive,0.138,82,0.203,1.055,0.401,0.05,0.051,0.046,0.011,0.402,0.539,1884,1988,687,1714,1027
2021-22,Spotup,22021,1610612745,HOU,Houston Rockets,Defensive,0.379,82,0.21,1.023,0.391,0.048,0.057,0.044,0.012,0.39,0.525,1951,1995,692,1769,1077
2021-22,Spotup,22021,1610612741,CHI,Chicago Bulls,Defensive,0.103,82,0.215,1.064,0.407,0.049,0.047,0.044,0.009,0.41,0.542,1925,2049,714,1756,1042
2021-22,Spotup,22021,1610612747,LAL,Los Angeles Lakers,Defensive,0.759,82,0.224,0.998,0.385,0.04,0.055,0.038,0.01,0.383,0.514,2086,2081,735,1907,1172
2021-22,Spotup,22021,1610612737,ATL,Atlanta Hawks,Defensive,0.448,82,0.23,1.016,0.387,0.042,0.051,0.038,0.005,0.389,0.523,2059,2092,727,1877,1150
2021-22,Spotup,22021,1610612746,LAC,LA Clippers,Defensive,0.862,82,0.233,0.982,0.379,0.038,0.054,0.034,0.005,0.377,0.506,2133,2095,738,1946,1208
2021-22,Spotup,22021,1610612754,IND,Indiana Pacers,Defensive,0.517,82,0.234,1.007,0.387,0.059,0.056,0.055,0.014,0.39,0.516,2110,2124,733,1895,1162
2021-22,Spotup,22021,1610612758,SAC,Sacramento Kings,Defensive,0.069,82,0.218,1.064,0.408,0.047,0.047,0.044,0.013,0.403,0.545,2001,2130,749,1838,1089
2021-22,Spotup,22021,1610612751,BKN,Brooklyn Nets,Defensive,0.483,82,0.228,1.013,0.382,0.051,0.049,0.049,0.01,0.386,0.515,2102,2130,730,1910,1180
2021-22,Spotup,22021,1610612742,DAL,Dallas Mavericks,Defensive,0.552,82,0.247,1.005,0.398,0.057,0.062,0.05,0.012,0.396,0.519,2155,2165,765,1924,1159
2021-22,Spotup,22021,1610612763,MEM,Memphis Grizzlies,Defensive,0.586,82,0.236,1.004,0.384,0.05,0.058,0.049,0.014,0.382,0.514,2171,2179,754,1966,1212
2021-22,Spotup,22021,1610612740,NOP,New Orleans Pelicans,Defensive,0.034,82,0.234,1.072,0.412,0.051,0.066,0.048,0.012,0.407,0.556,2073,2223,764,1853,1089
2021-22,Spotup,22021,1610612744,GSW,Golden State Warriors,Defensive,0.897,82,0.252,0.981,0.376,0.049,0.062,0.044,0.009,0.375,0.507,2267,2225,766,2038,1272
2021-22,Spotup,22021,1610612743,DEN,Denver Nuggets,Defensive,0.414,82,0.248,1.018,0.395,0.053,0.057,0.049,0.014,0.393,0.522,2206,2245,788,1993,1205
2021-22,Spotup,22021,1610612752,NYK,New York Knicks,Defensive,0.69,82,0.256,1.001,0.377,0.043,0.051,0.042,0.008,0.378,0.514,2253,2256,776,2059,1283
2021-22,Spotup,22021,1610612765,DET,Detroit Pistons,Defensive,0.172,82,0.237,1.053,0.411,0.047,0.067,0.044,0.012,0.402,0.55,2144,2257,791,1925,1134
2021-22,Spotup,22021,1610612753,ORL,Orlando Magic,Defensive,0,82,0.239,1.074,0.41,0.052,0.055,0.049,0.014,0.408,0.552,2179,2340,810,1976,1166
2021-22,Spotup,22021,1610612750,MIN,Minnesota Timberwolves,Defensive,0.793,82,0.267,0.997,0.38,0.045,0.058,0.038,0.005,0.381,0.513,2493,2486,855,2250,1395
2021-22,Spotup,22021,1610612760,OKC,Oklahoma City Thunder,Defensive,0.345,82,0.267,1.025,0.389,0.044,0.05,0.043,0.011,0.388,0.525,2444,2504,872,2241,1369
2021-22,Spotup,22021,1610612749,MIL,Milwaukee Bucks,Defensive,0.31,82,0.268,1.031,0.389,0.039,0.049,0.038,0.011,0.387,0.529,2448,2524,878,2259,1381
2021-22,Spotup,22021,1610612748,MIA,Miami Heat,Defensive,0.828,82,0.291,0.993,0.382,0.054,0.068,0.048,0.012,0.379,0.514,2564,2545,873,2283,1410
2021-22,Spotup,22021,1610612757,POR,Portland Trail Blazers,Defensive,0.241,82,0.274,1.041,0.4,0.057,0.06,0.052,0.014,0.399,0.538,2464,2565,883,2208,1325
2021-22,Spotup,22021,1610612766,CHA,Charlotte Hornets,Defensive,0.655,82,0.275,1.002,0.381,0.038,0.055,0.035,0.008,0.377,0.517,2575,2581,898,2355,1457
2021-22,Spotup,22021,1610612761,TOR,Toronto Raptors,Defensive,0.276,82,0.287,1.032,0.396,0.04,0.058,0.036,0.009,0.392,0.532,2554,2636,921,2326,1405
2021-22,Handoff,22021,1610612766,CHA,Charlotte Hornets,Defensive,0.897,82,0.033,0.834,0.369,0.059,0.134,0.055,0.013,0.345,0.458,307,256,93,252,159
2021-22,Handoff,22021,1610612761,TOR,Toronto Raptors,Defensive,0.241,82,0.033,0.955,0.455,0.086,0.161,0.079,0.014,0.421,0.54,292,279,102,224,122
2021-22,Handoff,22021,1610612748,MIA,Miami Heat,Defensive,0.931,82,0.04,0.806,0.352,0.089,0.117,0.074,0.017,0.354,0.419,350,282,100,284,184
2021-22,Handoff,22021,1610612742,DAL,Dallas Mavericks,Defensive,1,82,0.048,0.793,0.376,0.069,0.129,0.064,0.021,0.355,0.429,420,333,130,346,216
2021-22,Handoff,22021,1610612745,HOU,Houston Rockets,Defensive,0.138,82,0.038,0.983,0.412,0.089,0.089,0.077,0.02,0.414,0.5,350,344,121,294,173
2021-22,Handoff,22021,1610612750,MIN,Minnesota Timberwolves,Defensive,0.966,82,0.046,0.796,0.34,0.095,0.104,0.086,0.019,0.352,0.397,432,344,120,353,233
2021-22,Handoff,22021,1610612757,POR,Portland Trail Blazers,Defensive,0.483,82,0.043,0.9,0.372,0.1,0.095,0.09,0.01,0.386,0.457,389,350,118,317,199
2021-22,Handoff,22021,1610612752,NYK,New York Knicks,Defensive,0.69,82,0.047,0.863,0.37,0.096,0.108,0.084,0.014,0.381,0.442,417,360,125,338,213
2021-22,Handoff,22021,1610612765,DET,Detroit Pistons,Defensive,0.448,82,0.045,0.908,0.382,0.101,0.111,0.087,0.017,0.389,0.454,404,367,124,325,201
2021-22,Handoff,22021,1610612739,CLE,Cleveland Cavaliers,Defensive,0.655,82,0.049,0.866,0.385,0.074,0.093,0.074,0.009,0.387,0.442,432,374,140,364,224
2021-22,Handoff,22021,1610612743,DEN,Denver Nuggets,Defensive,0.759,82,0.05,0.85,0.376,0.067,0.123,0.065,0.018,0.36,0.457,447,380,139,370,231
2021-22,Handoff,22021,1610612744,GSW,Golden State Warriors,Defensive,0.586,82,0.05,0.882,0.388,0.089,0.121,0.085,0.033,0.373,0.463,448,395,143,369,226
2021-22,Handoff,22021,1610612755,PHI,Philadelphia 76ers,Defensive,0.793,82,0.053,0.845,0.378,0.083,0.123,0.077,0.023,0.366,0.445,470,397,145,384,239
2021-22,Handoff,22021,1610612740,NOP,New Orleans Pelicans,Defensive,0.552,82,0.052,0.882,0.371,0.066,0.081,0.061,0.013,0.372,0.446,457,403,147,396,249
2021-22,Handoff,22021,1610612763,MEM,Memphis Grizzlies,Defensive,0.724,82,0.051,0.858,0.391,0.083,0.117,0.081,0.023,0.377,0.456,472,405,152,389,237
2021-22,Handoff,22021,1610612746,LAC,LA Clippers,Defensive,0.862,82,0.053,0.837,0.361,0.064,0.101,0.062,0.023,0.349,0.436,484,405,150,415,265
2021-22,Handoff,22021,1610612738,BOS,Boston Celtics,Defensive,0.621,82,0.052,0.876,0.36,0.058,0.083,0.051,0.011,0.358,0.447,469,411,147,408,261
2021-22,Handoff,22021,1610612760,OKC,Oklahoma City Thunder,Defensive,0.345,82,0.049,0.936,0.402,0.089,0.091,0.08,0.02,0.402,0.483,450,421,152,378,226
2021-22,Handoff,22021,1610612751,BKN,Brooklyn Nets,Defensive,0.276,82,0.049,0.949,0.405,0.096,0.107,0.078,0.02,0.407,0.49,450,427,149,368,219
2021-22,Handoff,22021,1610612741,CHI,Chicago Bulls,Defensive,0.828,82,0.058,0.845,0.369,0.09,0.096,0.086,0.008,0.38,0.426,521,440,158,428,270
2021-22,Handoff,22021,1610612756,PHX,Phoenix Suns,Defensive,0.379,82,0.052,0.932,0.425,0.082,0.116,0.074,0.015,0.41,0.503,473,441,164,386,222
2021-22,Handoff,22021,1610612737,ATL,Atlanta Hawks,Defensive,0.172,82,0.05,0.982,0.427,0.067,0.087,0.058,0.022,0.413,0.508,450,442,167,391,224
2021-22,Handoff,22021,1610612758,SAC,Sacramento Kings,Defensive,0.517,82,0.054,0.891,0.392,0.078,0.097,0.07,0.022,0.386,0.466,497,443,165,421,256
2021-22,Handoff,22021,1610612754,IND,Indiana Pacers,Defensive,0.103,82,0.05,0.991,0.438,0.076,0.08,0.069,0.022,0.429,0.512,448,444,170,388,218
2021-22,Handoff,22021,1610612747,LAL,Los Angeles Lakers,Defensive,0.414,82,0.052,0.928,0.421,0.078,0.132,0.072,0.014,0.398,0.499,485,450,164,390,226
2021-22,Handoff,22021,1610612749,MIL,Milwaukee Bucks,Defensive,0.207,82,0.051,0.976,0.416,0.043,0.066,0.041,0.004,0.407,0.512,467,456,174,418,244
2021-22,Handoff,22021,1610612753,ORL,Orlando Magic,Defensive,0.034,82,0.051,0.994,0.431,0.071,0.078,0.069,0.024,0.425,0.509,464,461,175,406,231
2021-22,Handoff,22021,1610612759,SAS,San Antonio Spurs,Defensive,0,82,0.05,1.049,0.468,0.06,0.079,0.056,0.009,0.457,0.547,468,491,190,406,216
2021-22,Handoff,22021,1610612764,WAS,Washington Wizards,Defensive,0.31,82,0.059,0.943,0.404,0.078,0.074,0.076,0.021,0.408,0.48,525,495,184,456,272
2021-22,Handoff,22021,1610612762,UTA,Utah Jazz,Defensive,0.069,82,0.07,0.992,0.433,0.052,0.087,0.05,0.015,0.414,0.522,618,613,234,541,307
2021-22,Cut,22021,1610612738,BOS,Boston Celtics,Defensive,0.793,82,0.058,1.219,0.629,0.173,0.065,0.165,0.04,0.624,0.629,526,641,265,421,156
2021-22,Cut,22021,1610612759,SAS,San Antonio Spurs,Defensive,1,82,0.065,1.154,0.604,0.127,0.075,0.122,0.032,0.579,0.604,599,691,300,497,197
2021-22,Cut,22021,1610612756,PHX,Phoenix Suns,Defensive,0.724,82,0.064,1.254,0.655,0.162,0.083,0.157,0.031,0.637,0.655,587,736,302,461,159
2021-22,Cut,22021,1610612753,ORL,Orlando Magic,Defensive,0.828,82,0.067,1.218,0.63,0.166,0.074,0.158,0.053,0.612,0.63,609,742,312,495,183
2021-22,Cut,22021,1610612752,NYK,New York Knicks,Defensive,0.138,82,0.064,1.329,0.676,0.167,0.048,0.167,0.06,0.667,0.676,562,747,321,475,154
2021-22,Cut,22021,1610612760,OKC,Oklahoma City Thunder,Defensive,0.655,82,0.064,1.276,0.66,0.18,0.08,0.177,0.056,0.641,0.66,588,750,308,467,159
2021-22,Cut,22021,1610612751,BKN,Brooklyn Nets,Defensive,0.483,82,0.064,1.279,0.658,0.158,0.069,0.152,0.039,0.645,0.658,594,760,317,482,165
2021-22,Cut,22021,1610612755,PHI,Philadelphia 76ers,Defensive,0.379,82,0.066,1.313,0.665,0.158,0.051,0.158,0.051,0.654,0.665,584,767,327,492,165
2021-22,Cut,22021,1610612744,GSW,Golden State Warriors,Defensive,0.897,82,0.071,1.205,0.606,0.166,0.07,0.164,0.03,0.612,0.606,639,770,307,507,200
2021-22,Cut,22021,1610612749,MIL,Milwaukee Bucks,Defensive,0.862,82,0.07,1.206,0.623,0.154,0.069,0.153,0.04,0.615,0.623,642,774,327,525,198
2021-22,Cut,22021,1610612762,UTA,Utah Jazz,Defensive,0.931,82,0.073,1.202,0.6,0.127,0.056,0.127,0.037,0.598,0.6,644,774,330,550,220
2021-22,Cut,22021,1610612740,NOP,New Orleans Pelicans,Defensive,0.069,82,0.064,1.373,0.711,0.156,0.062,0.15,0.039,0.69,0.711,565,776,330,464,134
2021-22,Cut,22021,1610612739,CLE,Cleveland Cavaliers,Defensive,0.69,82,0.07,1.265,0.661,0.145,0.068,0.144,0.053,0.635,0.661,619,783,343,519,176
2021-22,Cut,22021,1610612741,CHI,Chicago Bulls,Defensive,0,82,0.062,1.407,0.728,0.145,0.05,0.143,0.038,0.708,0.728,558,785,342,470,128
2021-22,Cut,22021,1610612746,LAC,LA Clippers,Defensive,0.966,82,0.072,1.191,0.625,0.132,0.079,0.129,0.035,0.605,0.625,660,786,340,544,204
2021-22,Cut,22021,1610612748,MIA,Miami Heat,Defensive,0.345,82,0.068,1.321,0.684,0.17,0.062,0.169,0.045,0.664,0.684,599,791,333,487,154
2021-22,Cut,22021,1610612763,MEM,Memphis Grizzlies,Defensive,0.517,82,0.069,1.279,0.662,0.153,0.057,0.15,0.038,0.652,0.662,635,812,347,524,177
2021-22,Cut,22021,1610612742,DAL,Dallas Mavericks,Defensive,0.552,82,0.073,1.278,0.661,0.174,0.064,0.163,0.046,0.651,0.661,637,814,340,514,174
2021-22,Cut,22021,1610612737,ATL,Atlanta Hawks,Defensive,0.103,82,0.067,1.362,0.69,0.145,0.053,0.142,0.045,0.681,0.69,599,816,350,507,157
2021-22,Cut,22021,1610612765,DET,Detroit Pistons,Defensive,0.207,82,0.069,1.324,0.676,0.154,0.045,0.151,0.027,0.682,0.676,629,833,352,521,169
2021-22,Cut,22021,1610612747,LAL,Los Angeles Lakers,Defensive,0.621,82,0.071,1.276,0.653,0.144,0.039,0.138,0.032,0.654,0.653,659,841,365,559,194
2021-22,Cut,22021,1610612764,WAS,Washington Wizards,Defensive,0.034,82,0.068,1.382,0.705,0.156,0.061,0.154,0.054,0.682,0.705,610,843,359,509,150
2021-22,Cut,22021,1610612754,IND,Indiana Pacers,Defensive,0.31,82,0.072,1.322,0.672,0.123,0.051,0.118,0.037,0.666,0.672,650,859,377,561,184
2021-22,Cut,22021,1610612745,HOU,Houston Rockets,Defensive,0.276,82,0.071,1.322,0.678,0.155,0.053,0.153,0.035,0.669,0.678,658,870,368,543,175
2021-22,Cut,22021,1610612761,TOR,Toronto Raptors,Defensive,0.759,82,0.079,1.246,0.637,0.157,0.064,0.154,0.041,0.632,0.637,706,880,369,579,210
2021-22,Cut,22021,1610612758,SAC,Sacramento Kings,Defensive,0.448,82,0.074,1.309,0.662,0.148,0.054,0.142,0.038,0.66,0.662,683,894,378,571,193
2021-22,Cut,22021,1610612743,DEN,Denver Nuggets,Defensive,0.414,82,0.079,1.31,0.679,0.158,0.058,0.155,0.04,0.666,0.679,704,922,394,580,186
2021-22,Cut,22021,1610612750,MIN,Minnesota Timberwolves,Defensive,0.241,82,0.076,1.324,0.675,0.175,0.052,0.165,0.037,0.676,0.675,710,940,388,575,187
2021-22,Cut,22021,1610612766,CHA,Charlotte Hornets,Defensive,0.586,82,0.08,1.277,0.66,0.152,0.059,0.146,0.028,0.654,0.66,748,955,403,611,208
2021-22,Cut,22021,1610612757,POR,Portland Trail Blazers,Defensive,0.172,82,0.084,1.325,0.682,0.153,0.061,0.146,0.037,0.668,0.682,753,998,423,620,197
2021-22,OffScreen,22021,1610612746,LAC,LA Clippers,Defensive,1,82,0.034,0.795,0.333,0.042,0.068,0.049,0.013,0.328,0.408,308,245,92,276,184
2021-22,OffScreen,22021,1610612748,MIA,Miami Heat,Defensive,0.966,82,0.035,0.814,0.319,0.067,0.064,0.061,0.006,0.34,0.397,312,254,87,273,186
2021-22,OffScreen,22021,1610612761,TOR,Toronto Raptors,Defensive,0.621,82,0.033,0.925,0.376,0.089,0.106,0.072,0.007,0.387,0.475,292,270,89,237,148
2021-22,OffScreen,22021,1610612766,CHA,Charlotte Hornets,Defensive,0.69,82,0.032,0.915,0.371,0.051,0.075,0.041,0.003,0.369,0.465,295,270,96,259,163
2021-22,OffScreen,22021,1610612744,GSW,Golden State Warriors,Defensive,0.552,82,0.034,0.931,0.393,0.03,0.079,0.023,0,0.376,0.491,303,282,106,270,164
2021-22,OffScreen,22021,1610612751,BKN,Brooklyn Nets,Defensive,0.931,82,0.036,0.854,0.367,0.06,0.093,0.048,0.006,0.364,0.449,335,286,105,286,181
2021-22,OffScreen,22021,1610612738,BOS,Boston Celtics,Defensive,0.379,82,0.033,0.976,0.4,0.064,0.078,0.058,0.024,0.393,0.502,295,288,104,260,156
2021-22,OffScreen,22021,1610612742,DAL,Dallas Mavericks,Defensive,0.897,82,0.038,0.875,0.368,0.061,0.07,0.061,0.006,0.377,0.443,329,288,106,288,182
2021-22,OffScreen,22021,1610612743,DEN,Denver Nuggets,Defensive,0.793,82,0.037,0.904,0.375,0.051,0.069,0.033,0.018,0.363,0.472,333,301,112,299,187
2021-22,OffScreen,22021,1610612752,NYK,New York Knicks,Defensive,0.862,82,0.039,0.883,0.375,0.032,0.076,0.029,0.003,0.364,0.463,343,303,115,307,192
2021-22,OffScreen,22021,1610612749,MIL,Milwaukee Bucks,Defensive,0.828,82,0.04,0.904,0.362,0.049,0.082,0.044,0.005,0.36,0.464,364,329,115,318,203
2021-22,OffScreen,22021,1610612750,MIN,Minnesota Timberwolves,Defensive,0.276,82,0.036,0.985,0.399,0.115,0.094,0.103,0.012,0.424,0.5,340,335,109,273,164
2021-22,OffScreen,22021,1610612754,IND,Indiana Pacers,Defensive,0.517,82,0.039,0.949,0.395,0.07,0.087,0.065,0.011,0.396,0.484,356,338,120,304,184
2021-22,OffScreen,22021,1610612759,SAS,San Antonio Spurs,Defensive,0.655,82,0.041,0.916,0.393,0.052,0.081,0.052,0.01,0.384,0.481,383,351,132,336,204
2021-22,OffScreen,22021,1610612739,CLE,Cleveland Cavaliers,Defensive,0.724,82,0.044,0.91,0.391,0.067,0.09,0.059,0.01,0.388,0.476,387,352,129,330,201
2021-22,OffScreen,22021,1610612756,PHX,Phoenix Suns,Defensive,0.483,82,0.041,0.955,0.389,0.05,0.053,0.04,0.005,0.388,0.484,379,362,133,342,209
2021-22,OffScreen,22021,1610612757,POR,Portland Trail Blazers,Defensive,0,82,0.037,1.105,0.452,0.063,0.069,0.054,0.006,0.449,0.579,332,367,131,290,159
2021-22,OffScreen,22021,1610612764,WAS,Washington Wizards,Defensive,0.448,82,0.042,0.973,0.393,0.045,0.056,0.042,0.019,0.387,0.497,377,367,136,346,210
2021-22,OffScreen,22021,1610612755,PHI,Philadelphia 76ers,Defensive,0.586,82,0.045,0.928,0.388,0.107,0.067,0.094,0.012,0.417,0.454,403,374,131,338,207
2021-22,OffScreen,22021,1610612747,LAL,Los Angeles Lakers,Defensive,0.321,82,0.041,0.979,0.402,0.078,0.091,0.06,0.01,0.404,0.511,384,376,130,323,193
2021-22,OffScreen,22021,1610612753,ORL,Orlando Magic,Defensive,0.321,82,0.042,0.979,0.407,0.063,0.078,0.063,0.01,0.406,0.501,384,376,136,334,198
2021-22,OffScreen,22021,1610612765,DET,Detroit Pistons,Defensive,0.069,82,0.039,1.08,0.452,0.074,0.069,0.069,0.011,0.453,0.55,349,377,137,303,166
2021-22,OffScreen,22021,1610612763,MEM,Memphis Grizzlies,Defensive,0.759,82,0.047,0.906,0.374,0.089,0.094,0.078,0.011,0.388,0.46,436,395,135,361,226
2021-22,OffScreen,22021,1610612740,NOP,New Orleans Pelicans,Defensive,0.138,82,0.043,1.042,0.431,0.047,0.068,0.042,0.01,0.419,0.54,382,398,147,341,194
2021-22,OffScreen,22021,1610612758,SAC,Sacramento Kings,Defensive,0.172,82,0.042,1.034,0.419,0.049,0.054,0.041,0.013,0.415,0.524,386,399,147,351,204
2021-22,OffScreen,22021,1610612762,UTA,Utah Jazz,Defensive,0.207,82,0.045,1.005,0.402,0.053,0.043,0.045,0.013,0.406,0.508,399,401,147,366,219
2021-22,OffScreen,22021,1610612745,HOU,Houston Rockets,Defensive,0.241,82,0.045,0.995,0.414,0.036,0.055,0.034,0.012,0.405,0.513,415,413,158,382,224
2021-22,OffScreen,22021,1610612737,ATL,Atlanta Hawks,Defensive,0.034,82,0.042,1.095,0.457,0.056,0.066,0.05,0.013,0.45,0.568,378,414,154,337,183
2021-22,OffScreen,22021,1610612760,OKC,Oklahoma City Thunder,Defensive,0.414,82,0.047,0.974,0.401,0.044,0.072,0.042,0.009,0.385,0.505,429,418,153,382,229
2021-22,OffScreen,22021,1610612741,CHI,Chicago Bulls,Defensive,0.103,82,0.045,1.059,0.44,0.064,0.061,0.059,0.017,0.439,0.537,408,432,160,364,204
2021-22,OffRebound,22021,1610612752,NYK,New York Knicks,Defensive,0.931,82,0.05,0.995,0.508,0.123,0.068,0.107,0.023,0.514,0.512,438,436,185,364,179
2021-22,OffRebound,22021,1610612739,CLE,Cleveland Cavaliers,Defensive,1,82,0.052,0.959,0.472,0.102,0.074,0.097,0.019,0.474,0.481,462,443,184,390,206
2021-22,OffRebound,22021,1610612765,DET,Detroit Pistons,Defensive,0.966,82,0.051,0.987,0.524,0.133,0.103,0.127,0.03,0.505,0.527,465,459,193,368,175
2021-22,OffRebound,22021,1610612740,NOP,New Orleans Pelicans,Defensive,0.241,82,0.046,1.146,0.591,0.17,0.083,0.158,0.032,0.586,0.595,411,471,189,320,131
2021-22,OffRebound,22021,1610612744,GSW,Golden State Warriors,Defensive,0.793,82,0.049,1.065,0.535,0.153,0.065,0.142,0.036,0.542,0.543,443,472,193,361,168
2021-22,OffRebound,22021,1610612753,ORL,Orlando Magic,Defensive,0.897,82,0.051,1.011,0.509,0.111,0.084,0.109,0.032,0.501,0.513,467,472,199,391,192
2021-22,OffRebound,22021,1610612743,DEN,Denver Nuggets,Defensive,0.69,82,0.05,1.086,0.563,0.124,0.086,0.115,0.029,0.552,0.566,444,482,205,364,159
2021-22,OffRebound,22021,1610612749,MIL,Milwaukee Bucks,Defensive,0.724,82,0.049,1.08,0.578,0.131,0.089,0.12,0.022,0.557,0.578,449,485,208,360,152
2021-22,OffRebound,22021,1610612748,MIA,Miami Heat,Defensive,0.207,82,0.048,1.149,0.589,0.191,0.075,0.182,0.059,0.578,0.591,424,487,198,336,138
2021-22,OffRebound,22021,1610612741,CHI,Chicago Bulls,Defensive,0.448,82,0.049,1.111,0.57,0.105,0.075,0.095,0.03,0.55,0.571,440,489,213,374,161
2021-22,OffRebound,22021,1610612757,POR,Portland Trail Blazers,Defensive,0.345,82,0.05,1.118,0.558,0.158,0.076,0.15,0.038,0.56,0.567,448,501,201,360,159
2021-22,OffRebound,22021,1610612764,WAS,Washington Wizards,Defensive,0.759,82,0.052,1.077,0.549,0.092,0.069,0.092,0.022,0.533,0.556,465,501,219,399,180
2021-22,OffRebound,22021,1610612755,PHI,Philadelphia 76ers,Defensive,0.828,82,0.054,1.048,0.535,0.098,0.063,0.09,0.029,0.525,0.538,480,503,223,417,194
2021-22,OffRebound,22021,1610612762,UTA,Utah Jazz,Defensive,0,82,0.047,1.239,0.635,0.116,0.075,0.106,0.029,0.617,0.641,415,514,221,348,127
2021-22,OffRebound,22021,1610612738,BOS,Boston Celtics,Defensive,0.483,82,0.052,1.11,0.573,0.116,0.065,0.112,0.022,0.565,0.582,464,515,223,389,166
2021-22,OffRebound,22021,1610612754,IND,Indiana Pacers,Defensive,0.138,82,0.05,1.174,0.614,0.111,0.078,0.107,0.024,0.59,0.617,449,527,229,373,144
2021-22,OffRebound,22021,1610612742,DAL,Dallas Mavericks,Defensive,0.069,82,0.051,1.197,0.61,0.11,0.065,0.105,0.038,0.595,0.613,447,535,235,385,150
2021-22,OffRebound,22021,1610612763,MEM,Memphis Grizzlies,Defensive,0.276,82,0.052,1.131,0.572,0.145,0.063,0.133,0.025,0.577,0.572,475,537,222,388,166
2021-22,OffRebound,22021,1610612747,LAL,Los Angeles Lakers,Defensive,0.517,82,0.053,1.103,0.557,0.114,0.063,0.108,0.032,0.554,0.563,493,544,235,422,187
2021-22,OffRebound,22021,1610612737,ATL,Atlanta Hawks,Defensive,0.379,82,0.055,1.115,0.568,0.149,0.076,0.145,0.037,0.556,0.572,489,545,225,396,171
2021-22,OffRebound,22021,1610612756,PHX,Phoenix Suns,Defensive,0.621,82,0.054,1.094,0.55,0.143,0.068,0.135,0.032,0.558,0.556,498,545,225,409,184
2021-22,OffRebound,22021,1610612761,TOR,Toronto Raptors,Defensive,0.103,82,0.053,1.195,0.634,0.133,0.096,0.124,0.036,0.6,0.639,467,558,239,377,138
2021-22,OffRebound,22021,1610612758,SAC,Sacramento Kings,Defensive,0.172,82,0.053,1.152,0.591,0.13,0.068,0.121,0.027,0.584,0.594,486,560,238,403,165
2021-22,OffRebound,22021,1610612751,BKN,Brooklyn Nets,Defensive,0.862,82,0.06,1.02,0.506,0.117,0.069,0.112,0.038,0.507,0.514,554,565,238,470,232
2021-22,OffRebound,22021,1610612760,OKC,Oklahoma City Thunder,Defensive,0.414,82,0.056,1.114,0.577,0.094,0.069,0.096,0.016,0.565,0.583,510,568,250,433,183
2021-22,OffRebound,22021,1610612750,MIN,Minnesota Timberwolves,Defensive,0.586,82,0.056,1.098,0.546,0.12,0.06,0.116,0.021,0.556,0.548,518,569,238,436,198
2021-22,OffRebound,22021,1610612759,SAS,San Antonio Spurs,Defensive,0.31,82,0.058,1.122,0.563,0.139,0.07,0.133,0.044,0.563,0.568,540,606,254,451,197
2021-22,OffRebound,22021,1610612746,LAC,LA Clippers,Defensive,0.552,82,0.061,1.102,0.554,0.118,0.056,0.116,0.039,0.548,0.561,558,615,267,482,215
2021-22,OffRebound,22021,1610612766,CHA,Charlotte Hornets,Defensive,0.655,82,0.061,1.087,0.546,0.145,0.058,0.14,0.032,0.56,0.551,566,615,256,469,213
2021-22,OffRebound,22021,1610612745,HOU,Houston Rockets,Defensive,0.034,82,0.057,1.198,0.621,0.126,0.076,0.118,0.021,0.607,0.625,524,628,266,428,162
2021-22,Misc,22021,1610612742,DAL,Dallas Mavericks,Defensive,1,82,0.049,0.451,0.336,0.189,0.556,0.023,0.009,0.257,0.381,428,193,38,113,75
2021-22,Misc,22021,1610612760,OKC,Oklahoma City Thunder,Defensive,0.793,82,0.045,0.487,0.389,0.186,0.598,0.022,0.002,0.259,0.444,413,201,35,90,55
2021-22,Misc,22021,1610612759,SAS,San Antonio Spurs,Defensive,0.931,82,0.052,0.475,0.385,0.171,0.585,0.038,0.01,0.24,0.43,480,228,47,122,75
2021-22,Misc,22021,1610612748,MIA,Miami Heat,Defensive,0.759,82,0.055,0.489,0.403,0.185,0.575,0.023,0.004,0.263,0.445,487,238,48,119,71
2021-22,Misc,22021,1610612739,CLE,Cleveland Cavaliers,Defensive,0.724,82,0.052,0.524,0.318,0.186,0.528,0.022,0.002,0.266,0.367,458,240,42,132,90
2021-22,Misc,22021,1610612741,CHI,Chicago Bulls,Defensive,0.552,82,0.05,0.553,0.376,0.19,0.521,0.029,0.009,0.286,0.414,447,247,50,133,83
2021-22,Misc,22021,1610612756,PHX,Phoenix Suns,Defensive,0.966,82,0.059,0.462,0.336,0.172,0.562,0.029,0.004,0.245,0.387,546,252,49,146,97
2021-22,Misc,22021,1610612763,MEM,Memphis Grizzlies,Defensive,0.828,82,0.057,0.484,0.403,0.19,0.558,0.029,0.004,0.274,0.444,525,254,54,134,80
2021-22,Misc,22021,1610612738,BOS,Boston Celtics,Defensive,0.897,82,0.059,0.476,0.338,0.178,0.537,0.03,0.004,0.26,0.367,534,254,52,154,102
2021-22,Misc,22021,1610612755,PHI,Philadelphia 76ers,Defensive,0.069,82,0.047,0.622,0.443,0.203,0.484,0.046,0.005,0.332,0.504,413,257,58,131,73
2021-22,Misc,22021,1610612761,TOR,Toronto Raptors,Defensive,0.862,82,0.062,0.478,0.362,0.182,0.558,0.027,0.011,0.256,0.413,550,263,54,149,95
2021-22,Misc,22021,1610612758,SAC,Sacramento Kings,Defensive,0.621,82,0.053,0.545,0.389,0.19,0.518,0.027,0.002,0.292,0.42,490,267,56,144,88
2021-22,Misc,22021,1610612749,MIL,Milwaukee Bucks,Defensive,0.586,82,0.053,0.549,0.333,0.211,0.48,0.027,0.004,0.293,0.379,488,268,51,153,102
2021-22,Misc,22021,1610612737,ATL,Atlanta Hawks,Defensive,0.241,82,0.052,0.594,0.396,0.217,0.509,0.036,0.013,0.311,0.433,466,277,53,134,81
2021-22,Misc,22021,1610612752,NYK,New York Knicks,Defensive,0.31,82,0.055,0.578,0.358,0.257,0.504,0.027,0.014,0.317,0.407,486,281,44,123,79
2021-22,Misc,22021,1610612764,WAS,Washington Wizards,Defensive,0.103,82,0.052,0.61,0.358,0.214,0.474,0.037,0.009,0.31,0.419,462,282,53,148,95
2021-22,Misc,22021,1610612753,ORL,Orlando Magic,Defensive,0.517,82,0.055,0.558,0.323,0.25,0.515,0.032,0.01,0.311,0.363,505,282,40,124,84
2021-22,Misc,22021,1610612745,HOU,Houston Rockets,Defensive,0.414,82,0.055,0.568,0.429,0.217,0.54,0.022,0.006,0.304,0.464,507,288,54,126,72
2021-22,Misc,22021,1610612762,UTA,Utah Jazz,Defensive,0.276,82,0.056,0.584,0.395,0.219,0.469,0.022,0.004,0.324,0.439,497,290,62,157,95
2021-22,Misc,22021,1610612740,NOP,New Orleans Pelicans,Defensive,0.345,82,0.058,0.572,0.424,0.2,0.547,0.033,0.004,0.292,0.489,514,294,56,132,76
2021-22,Misc,22021,1610612744,GSW,Golden State Warriors,Defensive,0.379,82,0.057,0.571,0.353,0.24,0.466,0.037,0.002,0.311,0.399,517,295,54,153,99
2021-22,Misc,22021,1610612751,BKN,Brooklyn Nets,Defensive,0.138,82,0.053,0.602,0.39,0.228,0.482,0.026,0.006,0.325,0.421,492,296,57,146,89
2021-22,Misc,22021,1610612746,LAC,LA Clippers,Defensive,0.448,82,0.058,0.563,0.428,0.205,0.518,0.036,0.011,0.303,0.467,531,299,65,152,87
2021-22,Misc,22021,1610612747,LAL,Los Angeles Lakers,Defensive,0.207,82,0.054,0.598,0.355,0.233,0.472,0.034,0.008,0.321,0.388,502,300,54,152,98
2021-22,Misc,22021,1610612743,DEN,Denver Nuggets,Defensive,0,82,0.05,0.685,0.438,0.221,0.432,0.04,0.011,0.351,0.481,447,306,70,160,90
2021-22,Misc,22021,1610612750,MIN,Minnesota Timberwolves,Defensive,0.69,82,0.064,0.524,0.4,0.206,0.58,0.03,0.005,0.282,0.446,593,311,52,130,78
2021-22,Misc,22021,1610612757,POR,Portland Trail Blazers,Defensive,0.034,82,0.054,0.647,0.463,0.26,0.496,0.045,0.01,0.353,0.508,484,313,57,123,66
2021-22,Misc,22021,1610612754,IND,Indiana Pacers,Defensive,0.172,82,0.058,0.599,0.448,0.225,0.529,0.027,0.01,0.321,0.478,524,314,60,134,74
2021-22,Misc,22021,1610612765,DET,Detroit Pistons,Defensive,0.483,82,0.062,0.559,0.379,0.252,0.523,0.044,0.009,0.312,0.398,564,315,50,132,82
2021-22,Misc,22021,1610612766,CHA,Charlotte Hornets,Defensive,0.655,82,0.07,0.538,0.451,0.194,0.563,0.031,0.006,0.289,0.503,650,350,73,162,89
2022-23,Isolation,22022,1610612752,NYK,New York Knicks,Defensive,0.586,82,0.051,0.931,0.388,0.145,0.071,0.14,0.037,0.423,0.431,463,431,147,379,232
2022-23,Isolation,22022,1610612741,CHI,Chicago Bulls,Defensive,1,82,0.061,0.812,0.376,0.12,0.122,0.111,0.018,0.387,0.406,548,445,160,425,265
2022-23,Isolation,22022,1610612763,MEM,Memphis Grizzlies,Defensive,0.966,82,0.059,0.837,0.376,0.125,0.139,0.114,0.02,0.389,0.416,552,462,157,417,260
2022-23,Isolation,22022,1610612745,HOU,Houston Rockets,Defensive,0.759,82,0.06,0.913,0.404,0.136,0.085,0.134,0.033,0.431,0.443,543,496,178,441,263
2022-23,Isolation,22022,1610612760,OKC,Oklahoma City Thunder,Defensive,0.793,82,0.058,0.912,0.414,0.176,0.121,0.154,0.037,0.44,0.445,546,498,167,403,236
2022-23,Isolation,22022,1610612766,CHA,Charlotte Hornets,Defensive,0.138,82,0.056,0.998,0.457,0.15,0.085,0.139,0.037,0.478,0.487,519,518,190,416,226
2022-23,Isolation,22022,1610612764,WAS,Washington Wizards,Defensive,0.517,82,0.064,0.936,0.419,0.144,0.087,0.131,0.042,0.439,0.453,578,541,196,468,272
2022-23,Isolation,22022,1610612739,CLE,Cleveland Cavaliers,Defensive,0.931,82,0.072,0.855,0.396,0.132,0.112,0.12,0.025,0.408,0.426,635,543,196,495,299
2022-23,Isolation,22022,1610612750,MIN,Minnesota Timberwolves,Defensive,0.69,82,0.063,0.922,0.424,0.154,0.114,0.136,0.039,0.437,0.458,590,544,192,453,261
2022-23,Isolation,22022,1610612747,LAL,Los Angeles Lakers,Defensive,0.069,82,0.058,1.004,0.457,0.131,0.088,0.122,0.026,0.473,0.497,543,545,200,438,238
2022-23,Isolation,22022,1610612749,MIL,Milwaukee Bucks,Defensive,0.103,82,0.059,1,0.46,0.141,0.086,0.136,0.024,0.479,0.502,545,545,199,433,234
2022-23,Isolation,22022,1610612748,MIA,Miami Heat,Defensive,0.828,82,0.07,0.907,0.419,0.146,0.135,0.143,0.049,0.417,0.457,616,559,198,472,274
2022-23,Isolation,22022,1610612759,SAS,San Antonio Spurs,Defensive,0.172,82,0.061,0.989,0.448,0.144,0.081,0.132,0.032,0.467,0.49,568,562,205,458,253
2022-23,Isolation,22022,1610612757,POR,Portland Trail Blazers,Defensive,0.552,82,0.067,0.932,0.422,0.17,0.109,0.148,0.036,0.446,0.452,607,566,194,460,266
2022-23,Isolation,22022,1610612746,LAC,LA Clippers,Defensive,0.345,82,0.066,0.957,0.423,0.152,0.088,0.142,0.038,0.439,0.474,599,573,202,477,275
2022-23,Isolation,22022,1610612756,PHX,Phoenix Suns,Defensive,0.655,82,0.069,0.923,0.397,0.167,0.103,0.147,0.04,0.425,0.44,624,576,191,481,290
2022-23,Isolation,22022,1610612755,PHI,Philadelphia 76ers,Defensive,0.621,82,0.071,0.925,0.433,0.151,0.119,0.141,0.033,0.445,0.467,629,582,208,480,272
2022-23,Isolation,22022,1610612761,TOR,Toronto Raptors,Defensive,0.379,82,0.071,0.942,0.438,0.142,0.131,0.129,0.029,0.442,0.48,626,590,207,473,266
2022-23,Isolation,22022,1610612758,SAC,Sacramento Kings,Defensive,0.31,82,0.067,0.96,0.451,0.118,0.097,0.11,0.027,0.452,0.488,619,594,227,503,276
2022-23,Isolation,22022,1610612740,NOP,New Orleans Pelicans,Defensive,0.448,82,0.07,0.938,0.42,0.136,0.103,0.126,0.028,0.431,0.466,633,594,210,500,290
2022-23,Isolation,22022,1610612753,ORL,Orlando Magic,Defensive,0.483,82,0.071,0.938,0.425,0.112,0.078,0.104,0.028,0.437,0.464,643,603,229,539,310
2022-23,Isolation,22022,1610612742,DAL,Dallas Mavericks,Defensive,0.724,82,0.074,0.921,0.412,0.15,0.1,0.13,0.03,0.439,0.444,660,608,212,515,303
2022-23,Isolation,22022,1610612744,GSW,Golden State Warriors,Defensive,0.862,82,0.072,0.9,0.414,0.132,0.109,0.123,0.028,0.426,0.449,681,613,222,536,314
2022-23,Isolation,22022,1610612743,DEN,Denver Nuggets,Defensive,0.207,82,0.07,0.979,0.435,0.151,0.073,0.134,0.025,0.472,0.468,629,616,219,504,285
2022-23,Isolation,22022,1610612754,IND,Indiana Pacers,Defensive,0.414,82,0.07,0.941,0.412,0.141,0.074,0.129,0.026,0.446,0.445,661,622,221,536,315
2022-23,Isolation,22022,1610612762,UTA,Utah Jazz,Defensive,0,82,0.067,1.018,0.45,0.165,0.078,0.149,0.027,0.486,0.489,626,637,221,491,270
2022-23,Isolation,22022,1610612737,ATL,Atlanta Hawks,Defensive,0.276,82,0.073,0.962,0.451,0.136,0.099,0.127,0.028,0.459,0.482,684,658,244,541,297
2022-23,Isolation,22022,1610612765,DET,Detroit Pistons,Defensive,0.034,82,0.077,1.016,0.466,0.15,0.102,0.138,0.034,0.472,0.514,708,719,258,554,296
2022-23,Isolation,22022,1610612751,BKN,Brooklyn Nets,Defensive,0.897,82,0.097,0.893,0.401,0.119,0.081,0.113,0.021,0.421,0.436,885,790,291,725,434
2022-23,Isolation,22022,1610612738,BOS,Boston Celtics,Defensive,0.241,82,0.092,0.968,0.433,0.145,0.096,0.135,0.038,0.443,0.479,840,813,290,669,379
2022-23,Transition,22022,1610612741,CHI,Chicago Bulls,Defensive,0.69,82,0.147,1.111,0.531,0.128,0.122,0.123,0.031,0.502,0.609,1330,1478,550,1035,485
2022-23,Transition,22022,1610612758,SAC,Sacramento Kings,Defensive,0.621,82,0.148,1.118,0.541,0.133,0.127,0.124,0.032,0.512,0.608,1359,1519,568,1049,481
2022-23,Transition,22022,1610612742,DAL,Dallas Mavericks,Defensive,0.862,82,0.158,1.094,0.516,0.142,0.113,0.129,0.034,0.5,0.58,1411,1544,566,1096,530
2022-23,Transition,22022,1610612739,CLE,Cleveland Cavaliers,Defensive,0.793,82,0.16,1.096,0.534,0.123,0.133,0.112,0.022,0.503,0.605,1411,1547,577,1080,503
2022-23,Transition,22022,1610612766,CHA,Charlotte Hornets,Defensive,0.966,82,0.153,1.088,0.518,0.133,0.124,0.122,0.034,0.499,0.582,1433,1559,576,1113,537
2022-23,Transition,22022,1610612751,BKN,Brooklyn Nets,Defensive,0.897,82,0.159,1.093,0.507,0.145,0.109,0.131,0.039,0.494,0.576,1461,1597,581,1146,565
2022-23,Transition,22022,1610612748,MIA,Miami Heat,Defensive,0.448,82,0.162,1.146,0.533,0.142,0.131,0.132,0.029,0.51,0.619,1420,1627,572,1074,502
2022-23,Transition,22022,1610612743,DEN,Denver Nuggets,Defensive,0.517,82,0.16,1.138,0.537,0.153,0.096,0.144,0.04,0.528,0.591,1440,1638,610,1136,526
2022-23,Transition,22022,1610612760,OKC,Oklahoma City Thunder,Defensive,0.655,82,0.156,1.117,0.539,0.133,0.139,0.124,0.03,0.506,0.615,1479,1652,603,1119,516
2022-23,Transition,22022,1610612749,MIL,Milwaukee Bucks,Defensive,0.828,82,0.162,1.096,0.51,0.129,0.106,0.119,0.029,0.498,0.581,1508,1653,609,1194,585
2022-23,Transition,22022,1610612738,BOS,Boston Celtics,Defensive,1,82,0.175,1.056,0.498,0.126,0.107,0.12,0.03,0.483,0.562,1588,1677,628,1262,634
2022-23,Transition,22022,1610612756,PHX,Phoenix Suns,Defensive,0.931,82,0.17,1.091,0.507,0.154,0.124,0.14,0.034,0.495,0.576,1541,1681,591,1165,574
2022-23,Transition,22022,1610612763,MEM,Memphis Grizzlies,Defensive,0.724,82,0.164,1.102,0.527,0.141,0.126,0.129,0.038,0.504,0.59,1537,1694,623,1182,559
2022-23,Transition,22022,1610612752,NYK,New York Knicks,Defensive,0.552,82,0.166,1.133,0.529,0.137,0.106,0.123,0.029,0.518,0.602,1499,1698,622,1175,553
2022-23,Transition,22022,1610612744,GSW,Golden State Warriors,Defensive,0.759,82,0.167,1.101,0.534,0.129,0.129,0.112,0.026,0.503,0.607,1570,1728,643,1203,560
2022-23,Transition,22022,1610612746,LAC,LA Clippers,Defensive,0.414,82,0.169,1.153,0.539,0.126,0.091,0.118,0.023,0.534,0.607,1529,1763,664,1231,567
2022-23,Transition,22022,1610612740,NOP,New Orleans Pelicans,Defensive,0.586,82,0.174,1.118,0.541,0.141,0.131,0.133,0.039,0.512,0.606,1579,1766,653,1208,555
2022-23,Transition,22022,1610612753,ORL,Orlando Magic,Defensive,0.345,82,0.17,1.159,0.559,0.158,0.139,0.142,0.038,0.528,0.632,1544,1789,640,1144,504
2022-23,Transition,22022,1610612737,ATL,Atlanta Hawks,Defensive,0.276,82,0.168,1.159,0.55,0.13,0.106,0.12,0.022,0.533,0.616,1571,1821,678,1233,555
2022-23,Transition,22022,1610612765,DET,Detroit Pistons,Defensive,0.103,82,0.169,1.178,0.551,0.132,0.102,0.12,0.034,0.534,0.623,1548,1824,681,1236,555
2022-23,Transition,22022,1610612761,TOR,Toronto Raptors,Defensive,0.034,82,0.174,1.197,0.575,0.121,0.124,0.114,0.027,0.538,0.656,1536,1838,689,1198,509
2022-23,Transition,22022,1610612755,PHI,Philadelphia 76ers,Defensive,0.172,82,0.177,1.167,0.567,0.133,0.126,0.123,0.032,0.532,0.641,1582,1846,690,1217,527
2022-23,Transition,22022,1610612750,MIN,Minnesota Timberwolves,Defensive,0.483,82,0.173,1.144,0.552,0.137,0.125,0.129,0.031,0.523,0.628,1622,1856,687,1245,558
2022-23,Transition,22022,1610612757,POR,Portland Trail Blazers,Defensive,0.31,82,0.177,1.159,0.538,0.145,0.105,0.133,0.034,0.527,0.611,1604,1859,677,1258,581
2022-23,Transition,22022,1610612754,IND,Indiana Pacers,Defensive,0.241,82,0.171,1.16,0.547,0.148,0.11,0.138,0.029,0.536,0.614,1605,1861,676,1236,560
2022-23,Transition,22022,1610612764,WAS,Washington Wizards,Defensive,0.069,82,0.177,1.186,0.555,0.154,0.102,0.142,0.05,0.538,0.622,1601,1899,705,1270,565
2022-23,Transition,22022,1610612747,LAL,Los Angeles Lakers,Defensive,0.379,82,0.176,1.155,0.541,0.115,0.116,0.111,0.035,0.513,0.62,1658,1915,721,1332,611
2022-23,Transition,22022,1610612759,SAS,San Antonio Spurs,Defensive,0.207,82,0.181,1.163,0.566,0.135,0.114,0.127,0.035,0.533,0.632,1691,1967,751,1326,575
2022-23,Transition,22022,1610612762,UTA,Utah Jazz,Defensive,0.138,82,0.193,1.177,0.545,0.151,0.092,0.139,0.033,0.541,0.615,1803,2122,775,1422,647
2022-23,Transition,22022,1610612745,HOU,Houston Rockets,Defensive,0,82,0.205,1.198,0.563,0.139,0.113,0.13,0.039,0.539,0.639,1860,2229,822,1460,638
2022-23,PRBallHandler,22022,1610612748,MIA,Miami Heat,Defensive,0.793,82,0.132,0.884,0.456,0.097,0.194,0.078,0.023,0.402,0.511,1160,1026,387,849,462
2022-23,PRBallHandler,22022,1610612761,TOR,Toronto Raptors,Defensive,0.483,82,0.14,0.909,0.478,0.112,0.194,0.091,0.019,0.434,0.516,1240,1127,423,885,462
2022-23,PRBallHandler,22022,1610612757,POR,Portland Trail Blazers,Defensive,0.276,82,0.142,0.929,0.447,0.098,0.139,0.085,0.019,0.425,0.496,1287,1195,449,1005,556
2022-23,PRBallHandler,22022,1610612753,ORL,Orlando Magic,Defensive,0.552,82,0.151,0.903,0.444,0.106,0.171,0.096,0.031,0.406,0.498,1367,1235,456,1028,572
2022-23,PRBallHandler,22022,1610612754,IND,Indiana Pacers,Defensive,0.586,82,0.147,0.903,0.442,0.111,0.167,0.099,0.014,0.419,0.492,1379,1245,448,1014,566
2022-23,PRBallHandler,22022,1610612743,DEN,Denver Nuggets,Defensive,0.655,82,0.155,0.9,0.455,0.112,0.17,0.098,0.023,0.421,0.496,1396,1257,470,1033,563
2022-23,PRBallHandler,22022,1610612763,MEM,Memphis Grizzlies,Defensive,1,82,0.163,0.831,0.393,0.104,0.141,0.091,0.016,0.386,0.44,1526,1268,462,1175,713
2022-23,PRBallHandler,22022,1610612751,BKN,Brooklyn Nets,Defensive,0.517,82,0.154,0.906,0.434,0.107,0.142,0.101,0.026,0.412,0.485,1411,1279,476,1096,620
2022-23,PRBallHandler,22022,1610612740,NOP,New Orleans Pelicans,Defensive,0.897,82,0.165,0.869,0.432,0.113,0.177,0.106,0.026,0.401,0.482,1493,1298,473,1095,622
2022-23,PRBallHandler,22022,1610612760,OKC,Oklahoma City Thunder,Defensive,0.759,82,0.156,0.885,0.439,0.103,0.155,0.088,0.018,0.415,0.481,1473,1303,491,1119,628
2022-23,PRBallHandler,22022,1610612741,CHI,Chicago Bulls,Defensive,0.931,82,0.168,0.867,0.427,0.11,0.179,0.095,0.025,0.394,0.48,1521,1318,478,1119,641
2022-23,PRBallHandler,22022,1610612742,DAL,Dallas Mavericks,Defensive,0.138,82,0.158,0.942,0.453,0.12,0.13,0.108,0.021,0.447,0.489,1413,1331,494,1090,596
2022-23,PRBallHandler,22022,1610612744,GSW,Golden State Warriors,Defensive,0.862,82,0.163,0.881,0.422,0.107,0.138,0.089,0.02,0.409,0.47,1535,1352,501,1186,685
2022-23,PRBallHandler,22022,1610612746,LAC,LA Clippers,Defensive,0.69,82,0.167,0.897,0.425,0.103,0.127,0.096,0.021,0.414,0.474,1508,1353,506,1191,685
2022-23,PRBallHandler,22022,1610612758,SAC,Sacramento Kings,Defensive,0.207,82,0.159,0.938,0.467,0.119,0.165,0.101,0.027,0.436,0.512,1458,1367,506,1083,577
2022-23,PRBallHandler,22022,1610612764,WAS,Washington Wizards,Defensive,0.724,82,0.169,0.894,0.436,0.098,0.143,0.091,0.026,0.413,0.477,1533,1371,525,1203,678
2022-23,PRBallHandler,22022,1610612765,DET,Detroit Pistons,Defensive,0.034,82,0.157,0.974,0.457,0.134,0.136,0.113,0.025,0.449,0.514,1437,1400,495,1084,589
2022-23,PRBallHandler,22022,1610612739,CLE,Cleveland Cavaliers,Defensive,0.828,82,0.182,0.884,0.442,0.103,0.173,0.089,0.029,0.406,0.487,1609,1422,534,1209,675
2022-23,PRBallHandler,22022,1610612755,PHI,Philadelphia 76ers,Defensive,0.31,82,0.175,0.925,0.45,0.114,0.151,0.102,0.024,0.427,0.498,1565,1448,535,1188,653
2022-23,PRBallHandler,22022,1610612745,HOU,Houston Rockets,Defensive,0,82,0.163,0.995,0.464,0.111,0.13,0.102,0.024,0.446,0.533,1478,1470,536,1155,619
2022-23,PRBallHandler,22022,1610612756,PHX,Phoenix Suns,Defensive,0.966,82,0.191,0.862,0.417,0.109,0.144,0.101,0.02,0.404,0.458,1727,1488,551,1320,769
2022-23,PRBallHandler,22022,1610612762,UTA,Utah Jazz,Defensive,0.241,82,0.177,0.929,0.436,0.095,0.112,0.086,0.02,0.424,0.486,1657,1539,586,1345,759
2022-23,PRBallHandler,22022,1610612737,ATL,Atlanta Hawks,Defensive,0.448,82,0.184,0.91,0.452,0.102,0.146,0.094,0.021,0.428,0.489,1721,1566,601,1330,729
2022-23,PRBallHandler,22022,1610612750,MIN,Minnesota Timberwolves,Defensive,0.414,82,0.185,0.913,0.447,0.121,0.151,0.1,0.022,0.43,0.491,1734,1583,581,1301,720
2022-23,PRBallHandler,22022,1610612738,BOS,Boston Celtics,Defensive,0.379,82,0.192,0.914,0.433,0.086,0.109,0.077,0.025,0.419,0.478,1746,1595,627,1447,820
2022-23,PRBallHandler,22022,1610612747,LAL,Los Angeles Lakers,Defensive,0.621,82,0.191,0.902,0.428,0.09,0.102,0.084,0.019,0.422,0.466,1798,1622,636,1487,851
2022-23,PRBallHandler,22022,1610612752,NYK,New York Knicks,Defensive,0.172,82,0.193,0.942,0.45,0.111,0.117,0.1,0.028,0.439,0.494,1745,1643,627,1394,767
2022-23,PRBallHandler,22022,1610612766,CHA,Charlotte Hornets,Defensive,0.069,82,0.186,0.956,0.472,0.113,0.142,0.099,0.026,0.446,0.513,1736,1660,631,1338,707
2022-23,PRBallHandler,22022,1610612759,SAS,San Antonio Spurs,Defensive,0.103,82,0.195,0.95,0.467,0.093,0.122,0.084,0.022,0.446,0.504,1824,1733,687,1471,784
2022-23,PRBallHandler,22022,1610612749,MIL,Milwaukee Bucks,Defensive,0.345,82,0.236,0.917,0.426,0.086,0.099,0.079,0.018,0.419,0.477,2198,2016,780,1830,1050
2022-23,PRRollMan,22022,1610612748,MIA,Miami Heat,Defensive,0.759,82,0.041,1.118,0.553,0.118,0.091,0.118,0.039,0.529,0.595,363,406,166,300,134
2022-23,PRRollMan,22022,1610612751,BKN,Brooklyn Nets,Defensive,0.448,82,0.041,1.158,0.556,0.126,0.078,0.121,0.046,0.539,0.596,373,432,174,313,139
2022-23,PRRollMan,22022,1610612760,OKC,Oklahoma City Thunder,Defensive,0.931,82,0.043,1.103,0.543,0.118,0.091,0.115,0.039,0.529,0.575,408,450,184,339,155
2022-23,PRRollMan,22022,1610612753,ORL,Orlando Magic,Defensive,0,82,0.04,1.3,0.598,0.139,0.056,0.131,0.033,0.597,0.659,360,468,180,301,121
2022-23,PRRollMan,22022,1610612762,UTA,Utah Jazz,Defensive,0.724,82,0.045,1.12,0.517,0.12,0.067,0.112,0.043,0.514,0.571,418,468,185,358,173
2022-23,PRRollMan,22022,1610612742,DAL,Dallas Mavericks,Defensive,0.586,82,0.05,1.139,0.544,0.111,0.062,0.113,0.033,0.535,0.584,452,515,211,388,177
2022-23,PRRollMan,22022,1610612745,HOU,Houston Rockets,Defensive,0.379,82,0.049,1.173,0.55,0.137,0.07,0.137,0.031,0.548,0.604,445,522,202,367,165
2022-23,PRRollMan,22022,1610612754,IND,Indiana Pacers,Defensive,0.207,82,0.047,1.196,0.586,0.153,0.079,0.138,0.034,0.58,0.628,443,530,208,355,147
2022-23,PRRollMan,22022,1610612755,PHI,Philadelphia 76ers,Defensive,0.862,82,0.054,1.106,0.528,0.133,0.077,0.133,0.029,0.525,0.572,482,533,208,394,186
2022-23,PRRollMan,22022,1610612765,DET,Detroit Pistons,Defensive,0.241,82,0.049,1.194,0.57,0.15,0.062,0.15,0.044,0.574,0.603,453,541,215,377,162
2022-23,PRRollMan,22022,1610612761,TOR,Toronto Raptors,Defensive,0.414,82,0.053,1.162,0.548,0.149,0.092,0.145,0.038,0.544,0.603,469,545,205,374,169
2022-23,PRRollMan,22022,1610612746,LAC,LA Clippers,Defensive,0.621,82,0.054,1.133,0.539,0.11,0.065,0.11,0.035,0.531,0.576,490,555,227,421,194
2022-23,PRRollMan,22022,1610612747,LAL,Los Angeles Lakers,Defensive,0.897,82,0.054,1.105,0.522,0.115,0.056,0.111,0.026,0.525,0.566,503,556,224,429,205
2022-23,PRRollMan,22022,1610612738,BOS,Boston Celtics,Defensive,0.483,82,0.053,1.158,0.528,0.108,0.052,0.104,0.023,0.531,0.593,482,558,219,415,196
2022-23,PRRollMan,22022,1610612757,POR,Portland Trail Blazers,Defensive,0.793,82,0.055,1.118,0.548,0.122,0.072,0.118,0.03,0.542,0.583,500,559,229,418,189
2022-23,PRRollMan,22022,1610612752,NYK,New York Knicks,Defensive,0.655,82,0.056,1.126,0.507,0.136,0.073,0.124,0.043,0.509,0.57,509,573,215,424,209
2022-23,PRRollMan,22022,1610612756,PHX,Phoenix Suns,Defensive,0.138,82,0.053,1.206,0.567,0.163,0.058,0.158,0.033,0.581,0.618,480,579,221,390,169
2022-23,PRRollMan,22022,1610612740,NOP,New Orleans Pelicans,Defensive,0.552,82,0.056,1.145,0.549,0.148,0.084,0.146,0.043,0.541,0.592,512,586,228,415,187
2022-23,PRRollMan,22022,1610612744,GSW,Golden State Warriors,Defensive,0.517,82,0.055,1.151,0.54,0.119,0.076,0.117,0.036,0.53,0.593,523,602,237,439,202
2022-23,PRRollMan,22022,1610612764,WAS,Washington Wizards,Defensive,0.966,82,0.063,1.07,0.499,0.129,0.07,0.127,0.035,0.506,0.541,573,613,239,479,240
2022-23,PRRollMan,22022,1610612750,MIN,Minnesota Timberwolves,Defensive,0.31,82,0.056,1.193,0.563,0.136,0.091,0.127,0.043,0.548,0.627,529,631,243,432,189
2022-23,PRRollMan,22022,1610612743,DEN,Denver Nuggets,Defensive,0.103,82,0.058,1.212,0.569,0.145,0.059,0.143,0.048,0.568,0.613,523,634,251,441,190
2022-23,PRRollMan,22022,1610612763,MEM,Memphis Grizzlies,Defensive,0.172,82,0.057,1.2,0.568,0.104,0.06,0.1,0.015,0.564,0.627,530,636,256,451,195
2022-23,PRRollMan,22022,1610612758,SAC,Sacramento Kings,Defensive,0.828,82,0.063,1.112,0.536,0.15,0.083,0.143,0.04,0.538,0.572,580,645,251,468,217
2022-23,PRRollMan,22022,1610612739,CLE,Cleveland Cavaliers,Defensive,0.034,82,0.06,1.225,0.562,0.123,0.064,0.115,0.043,0.552,0.629,529,648,254,452,198
2022-23,PRRollMan,22022,1610612766,CHA,Charlotte Hornets,Defensive,0.69,82,0.062,1.121,0.521,0.112,0.066,0.107,0.024,0.526,0.563,580,650,256,491,235
2022-23,PRRollMan,22022,1610612737,ATL,Atlanta Hawks,Defensive,0.069,82,0.059,1.222,0.575,0.144,0.068,0.137,0.04,0.571,0.626,555,678,264,459,195
2022-23,PRRollMan,22022,1610612759,SAS,San Antonio Spurs,Defensive,0.345,82,0.061,1.19,0.563,0.145,0.052,0.138,0.028,0.565,0.61,573,682,268,476,208
2022-23,PRRollMan,22022,1610612741,CHI,Chicago Bulls,Defensive,0.276,82,0.064,1.194,0.586,0.143,0.105,0.134,0.034,0.558,0.644,582,695,268,457,189
2022-23,PRRollMan,22022,1610612749,MIL,Milwaukee Bucks,Defensive,1,82,0.075,1.043,0.491,0.083,0.049,0.083,0.019,0.495,0.534,701,731,305,621,316
2022-23,Postup,22022,1610612761,TOR,Toronto Raptors,Defensive,1,82,0.032,0.819,0.439,0.167,0.181,0.157,0.018,0.427,0.439,281,230,82,187,105
2022-23,Postup,22022,1610612763,MEM,Memphis Grizzlies,Defensive,0.517,82,0.026,0.988,0.526,0.202,0.158,0.186,0.061,0.498,0.526,247,244,91,173,82
2022-23,Postup,22022,1610612755,PHI,Philadelphia 76ers,Defensive,0.034,82,0.03,1.075,0.532,0.172,0.112,0.153,0.049,0.53,0.532,268,288,109,205,96
2022-23,Postup,22022,1610612766,CHA,Charlotte Hornets,Defensive,0.828,82,0.034,0.936,0.504,0.121,0.121,0.109,0.019,0.479,0.504,313,293,122,242,120
2022-23,Postup,22022,1610612752,NYK,New York Knicks,Defensive,0.862,82,0.036,0.914,0.454,0.16,0.096,0.142,0.037,0.466,0.454,324,296,114,251,137
2022-23,Postup,22022,1610612739,CLE,Cleveland Cavaliers,Defensive,0.931,82,0.037,0.909,0.455,0.14,0.11,0.122,0.034,0.46,0.455,328,298,117,257,140
2022-23,Postup,22022,1610612749,MIL,Milwaukee Bucks,Defensive,0.586,82,0.033,0.984,0.489,0.188,0.105,0.164,0.059,0.493,0.489,304,299,114,233,119
2022-23,Postup,22022,1610612740,NOP,New Orleans Pelicans,Defensive,0.897,82,0.036,0.909,0.487,0.146,0.161,0.131,0.033,0.462,0.487,329,299,116,238,122
2022-23,Postup,22022,1610612750,MIN,Minnesota Timberwolves,Defensive,0.621,82,0.034,0.981,0.504,0.165,0.109,0.14,0.028,0.5,0.504,322,316,122,242,120
2022-23,Postup,22022,1610612737,ATL,Atlanta Hawks,Defensive,0.793,82,0.036,0.938,0.502,0.165,0.156,0.145,0.044,0.475,0.502,339,318,123,245,122
2022-23,Postup,22022,1610612746,LAC,LA Clippers,Defensive,0.966,82,0.042,0.888,0.463,0.17,0.146,0.16,0.04,0.455,0.463,376,334,126,272,146
2022-23,Postup,22022,1610612743,DEN,Denver Nuggets,Defensive,0.655,82,0.041,0.981,0.48,0.167,0.099,0.137,0.03,0.496,0.48,365,358,134,279,145
2022-23,Postup,22022,1610612748,MIA,Miami Heat,Defensive,0.276,82,0.041,1.023,0.549,0.161,0.158,0.146,0.037,0.518,0.549,355,363,140,255,115
2022-23,Postup,22022,1610612742,DAL,Dallas Mavericks,Defensive,0.552,82,0.041,0.984,0.533,0.129,0.129,0.116,0.027,0.496,0.533,371,365,152,285,133
2022-23,Postup,22022,1610612741,CHI,Chicago Bulls,Defensive,0.759,82,0.043,0.941,0.493,0.129,0.119,0.113,0.026,0.479,0.493,388,365,148,300,152
2022-23,Postup,22022,1610612756,PHX,Phoenix Suns,Defensive,0.69,82,0.042,0.969,0.496,0.163,0.129,0.144,0.029,0.493,0.496,381,369,139,280,141
2022-23,Postup,22022,1610612764,WAS,Washington Wizards,Defensive,0.379,82,0.042,1.003,0.5,0.156,0.085,0.124,0.029,0.508,0.5,378,379,149,298,149
2022-23,Postup,22022,1610612759,SAS,San Antonio Spurs,Defensive,0.31,82,0.04,1.019,0.551,0.169,0.161,0.158,0.038,0.517,0.551,373,380,145,263,118
2022-23,Postup,22022,1610612758,SAC,Sacramento Kings,Defensive,0.138,82,0.039,1.066,0.541,0.141,0.089,0.125,0.05,0.529,0.541,361,385,160,296,136
2022-23,Postup,22022,1610612744,GSW,Golden State Warriors,Defensive,0.724,82,0.043,0.953,0.473,0.184,0.103,0.147,0.027,0.499,0.473,407,388,142,300,158
2022-23,Postup,22022,1610612747,LAL,Los Angeles Lakers,Defensive,0.069,82,0.039,1.073,0.584,0.168,0.143,0.151,0.038,0.554,0.584,370,397,157,269,112
2022-23,Postup,22022,1610612757,POR,Portland Trail Blazers,Defensive,0.414,82,0.045,1.002,0.53,0.189,0.147,0.157,0.044,0.505,0.53,408,409,152,287,135
2022-23,Postup,22022,1610612745,HOU,Houston Rockets,Defensive,0,82,0.041,1.088,0.581,0.204,0.133,0.191,0.053,0.544,0.581,377,410,155,267,112
2022-23,Postup,22022,1610612762,UTA,Utah Jazz,Defensive,0.207,82,0.043,1.035,0.519,0.2,0.101,0.163,0.037,0.535,0.519,404,418,154,297,143
2022-23,Postup,22022,1610612760,OKC,Oklahoma City Thunder,Defensive,0.345,82,0.045,1.016,0.548,0.184,0.151,0.162,0.047,0.52,0.548,425,432,166,303,137
2022-23,Postup,22022,1610612754,IND,Indiana Pacers,Defensive,0.241,82,0.046,1.028,0.527,0.143,0.115,0.122,0.032,0.514,0.527,434,446,177,336,159
2022-23,Postup,22022,1610612753,ORL,Orlando Magic,Defensive,0.483,82,0.05,0.993,0.497,0.151,0.082,0.136,0.045,0.503,0.497,449,446,181,364,183
2022-23,Postup,22022,1610612738,BOS,Boston Celtics,Defensive,0.172,82,0.05,1.053,0.568,0.161,0.13,0.15,0.042,0.536,0.568,453,477,193,340,147
2022-23,Postup,22022,1610612765,DET,Detroit Pistons,Defensive,0.103,82,0.05,1.07,0.546,0.198,0.102,0.157,0.035,0.553,0.546,459,491,184,337,153
2022-23,Postup,22022,1610612751,BKN,Brooklyn Nets,Defensive,0.448,82,0.064,0.995,0.502,0.186,0.107,0.148,0.029,0.513,0.502,587,584,217,432,215
2022-23,Spotup,22022,1610612749,MIL,Milwaukee Bucks,Defensive,0.966,82,0.172,0.983,0.378,0.031,0.047,0.029,0.007,0.374,0.502,1601,1573,562,1488,926
2022-23,Spotup,22022,1610612738,BOS,Boston Celtics,Defensive,0.69,82,0.208,1.025,0.401,0.049,0.055,0.048,0.013,0.399,0.526,1893,1941,690,1719,1029
2022-23,Spotup,22022,1610612762,UTA,Utah Jazz,Defensive,0.724,82,0.205,1.025,0.389,0.048,0.049,0.045,0.013,0.39,0.523,1912,1959,680,1750,1070
2022-23,Spotup,22022,1610612756,PHX,Phoenix Suns,Defensive,0.345,82,0.208,1.044,0.397,0.059,0.048,0.054,0.014,0.402,0.53,1883,1966,677,1707,1030
2022-23,Spotup,22022,1610612750,MIN,Minnesota Timberwolves,Defensive,1,82,0.217,0.981,0.376,0.063,0.07,0.057,0.013,0.379,0.504,2036,1997,674,1791,1117
2022-23,Spotup,22022,1610612755,PHI,Philadelphia 76ers,Defensive,0.931,82,0.231,0.988,0.382,0.058,0.07,0.054,0.015,0.38,0.51,2062,2038,699,1828,1129
2022-23,Spotup,22022,1610612747,LAL,Los Angeles Lakers,Defensive,0.828,82,0.215,1.013,0.384,0.047,0.046,0.045,0.014,0.386,0.516,2018,2045,713,1859,1146
2022-23,Spotup,22022,1610612751,BKN,Brooklyn Nets,Defensive,0.414,82,0.217,1.042,0.397,0.05,0.053,0.047,0.012,0.397,0.535,1988,2071,718,1807,1089
2022-23,Spotup,22022,1610612737,ATL,Atlanta Hawks,Defensive,0.862,82,0.22,1.011,0.393,0.049,0.069,0.048,0.009,0.389,0.524,2054,2077,719,1830,1111
2022-23,Spotup,22022,1610612739,CLE,Cleveland Cavaliers,Defensive,0.207,82,0.225,1.06,0.416,0.055,0.067,0.053,0.012,0.411,0.549,1990,2109,736,1769,1033
2022-23,Spotup,22022,1610612759,SAS,San Antonio Spurs,Defensive,0,82,0.195,1.157,0.44,0.061,0.054,0.058,0.009,0.442,0.596,1824,2111,717,1630,913
2022-23,Spotup,22022,1610612765,DET,Detroit Pistons,Defensive,0.517,82,0.225,1.036,0.399,0.054,0.045,0.047,0.014,0.403,0.525,2064,2139,753,1888,1135
2022-23,Spotup,22022,1610612764,WAS,Washington Wizards,Defensive,0.138,82,0.221,1.072,0.411,0.047,0.053,0.047,0.008,0.408,0.551,2004,2149,747,1818,1071
2022-23,Spotup,22022,1610612746,LAC,LA Clippers,Defensive,0.483,82,0.229,1.039,0.403,0.046,0.058,0.043,0.006,0.402,0.536,2069,2150,752,1865,1113
2022-23,Spotup,22022,1610612745,HOU,Houston Rockets,Defensive,0.655,82,0.234,1.031,0.383,0.047,0.054,0.044,0.009,0.385,0.527,2128,2193,741,1934,1193
2022-23,Spotup,22022,1610612740,NOP,New Orleans Pelicans,Defensive,0.793,82,0.241,1.016,0.392,0.048,0.06,0.045,0.012,0.388,0.525,2190,2225,776,1980,1204
2022-23,Spotup,22022,1610612766,CHA,Charlotte Hornets,Defensive,0.241,82,0.234,1.056,0.405,0.049,0.062,0.044,0.012,0.401,0.544,2187,2310,797,1970,1173
2022-23,Spotup,22022,1610612743,DEN,Denver Nuggets,Defensive,0.759,82,0.255,1.017,0.401,0.048,0.067,0.045,0.012,0.394,0.528,2293,2332,825,2058,1233
2022-23,Spotup,22022,1610612744,GSW,Golden State Warriors,Defensive,0.31,82,0.236,1.051,0.401,0.053,0.055,0.049,0.01,0.402,0.537,2226,2340,805,2008,1203
2022-23,Spotup,22022,1610612752,NYK,New York Knicks,Defensive,0.448,82,0.25,1.039,0.394,0.049,0.05,0.048,0.011,0.395,0.531,2259,2348,812,2059,1247
2022-23,Spotup,22022,1610612757,POR,Portland Trail Blazers,Defensive,0.034,82,0.239,1.096,0.418,0.06,0.06,0.054,0.011,0.419,0.564,2167,2374,807,1930,1123
2022-23,Spotup,22022,1610612763,MEM,Memphis Grizzlies,Defensive,0.897,82,0.254,1.002,0.377,0.053,0.057,0.049,0.01,0.381,0.512,2381,2386,807,2140,1333
2022-23,Spotup,22022,1610612753,ORL,Orlando Magic,Defensive,0.621,82,0.259,1.034,0.399,0.046,0.066,0.043,0.01,0.394,0.537,2350,2431,843,2111,1268
2022-23,Spotup,22022,1610612742,DAL,Dallas Mavericks,Defensive,0.172,82,0.258,1.061,0.416,0.062,0.065,0.06,0.013,0.413,0.546,2313,2453,851,2046,1195
2022-23,Spotup,22022,1610612754,IND,Indiana Pacers,Defensive,0.103,82,0.243,1.081,0.415,0.06,0.054,0.056,0.015,0.415,0.554,2285,2471,853,2057,1204
2022-23,Spotup,22022,1610612741,CHI,Chicago Bulls,Defensive,0.276,82,0.261,1.055,0.4,0.047,0.056,0.044,0.011,0.398,0.54,2362,2493,859,2145,1286
2022-23,Spotup,22022,1610612761,TOR,Toronto Raptors,Defensive,0.379,82,0.274,1.043,0.411,0.054,0.076,0.05,0.013,0.402,0.546,2426,2531,881,2143,1262
2022-23,Spotup,22022,1610612758,SAC,Sacramento Kings,Defensive,0.069,82,0.256,1.082,0.415,0.06,0.057,0.056,0.015,0.416,0.554,2353,2545,877,2111,1234
2022-23,Spotup,22022,1610612760,OKC,Oklahoma City Thunder,Defensive,0.552,82,0.263,1.036,0.399,0.058,0.068,0.055,0.014,0.394,0.535,2488,2577,881,2210,1329
2022-23,Spotup,22022,1610612748,MIA,Miami Heat,Defensive,0.586,82,0.289,1.036,0.404,0.042,0.071,0.041,0.007,0.395,0.544,2534,2624,915,2264,1349
2022-23,Handoff,22022,1610612761,TOR,Toronto Raptors,Defensive,0.931,82,0.033,0.855,0.398,0.071,0.149,0.068,0.017,0.372,0.468,296,253,94,236,142
2022-23,Handoff,22022,1610612748,MIA,Miami Heat,Defensive,0.379,82,0.035,1,0.448,0.134,0.137,0.121,0.023,0.443,0.546,307,307,103,230,127
2022-23,Handoff,22022,1610612753,ORL,Orlando Magic,Defensive,1,82,0.046,0.823,0.376,0.058,0.138,0.058,0.022,0.344,0.45,413,340,128,340,212
2022-23,Handoff,22022,1610612751,BKN,Brooklyn Nets,Defensive,0.759,82,0.042,0.924,0.401,0.083,0.091,0.068,0.018,0.398,0.48,384,355,130,324,194
2022-23,Handoff,22022,1610612760,OKC,Oklahoma City Thunder,Defensive,0.724,82,0.042,0.928,0.428,0.08,0.148,0.075,0.028,0.395,0.508,400,371,137,320,183
2022-23,Handoff,22022,1610612743,DEN,Denver Nuggets,Defensive,0.448,82,0.043,0.984,0.447,0.06,0.12,0.06,0.026,0.41,0.536,383,377,144,322,178
2022-23,Handoff,22022,1610612755,PHI,Philadelphia 76ers,Defensive,0.893,82,0.049,0.867,0.382,0.083,0.106,0.083,0.009,0.384,0.452,435,377,136,356,220
2022-23,Handoff,22022,1610612740,NOP,New Orleans Pelicans,Defensive,0.483,82,0.042,0.982,0.433,0.078,0.109,0.07,0.021,0.413,0.526,385,378,139,321,182
2022-23,Handoff,22022,1610612739,CLE,Cleveland Cavaliers,Defensive,0.793,82,0.048,0.896,0.403,0.094,0.141,0.085,0.012,0.395,0.474,425,381,133,330,197
2022-23,Handoff,22022,1610612764,WAS,Washington Wizards,Defensive,0.966,82,0.05,0.84,0.373,0.053,0.101,0.048,0.013,0.356,0.445,455,382,146,391,245
2022-23,Handoff,22022,1610612752,NYK,New York Knicks,Defensive,0.517,82,0.044,0.97,0.43,0.092,0.124,0.08,0.015,0.42,0.512,402,390,138,321,183
2022-23,Handoff,22022,1610612754,IND,Indiana Pacers,Defensive,0.276,82,0.042,1.003,0.443,0.095,0.118,0.087,0.026,0.43,0.525,391,392,141,318,177
2022-23,Handoff,22022,1610612744,GSW,Golden State Warriors,Defensive,0.621,82,0.044,0.962,0.407,0.084,0.082,0.077,0.017,0.411,0.489,416,400,144,354,210
2022-23,Handoff,22022,1610612738,BOS,Boston Celtics,Defensive,0.893,82,0.051,0.867,0.372,0.069,0.08,0.06,0.015,0.374,0.438,465,403,150,403,253
2022-23,Handoff,22022,1610612742,DAL,Dallas Mavericks,Defensive,0.241,82,0.046,1.005,0.474,0.095,0.117,0.085,0.022,0.451,0.532,412,414,158,333,175
2022-23,Handoff,22022,1610612757,POR,Portland Trail Blazers,Defensive,0.31,82,0.046,1.002,0.44,0.107,0.107,0.092,0.005,0.45,0.517,413,414,144,327,183
2022-23,Handoff,22022,1610612766,CHA,Charlotte Hornets,Defensive,0.69,82,0.048,0.937,0.422,0.103,0.115,0.099,0.027,0.413,0.479,445,417,152,360,208
2022-23,Handoff,22022,1610612741,CHI,Chicago Bulls,Defensive,0.552,82,0.048,0.966,0.427,0.113,0.136,0.11,0.028,0.409,0.515,435,420,144,337,193
2022-23,Handoff,22022,1610612737,ATL,Atlanta Hawks,Defensive,0.586,82,0.048,0.964,0.427,0.083,0.114,0.078,0.022,0.408,0.512,446,430,157,368,211
2022-23,Handoff,22022,1610612765,DET,Detroit Pistons,Defensive,0,82,0.045,1.038,0.449,0.123,0.084,0.106,0.026,0.457,0.522,416,432,153,341,188
2022-23,Handoff,22022,1610612763,MEM,Memphis Grizzlies,Defensive,0.655,82,0.049,0.956,0.409,0.077,0.109,0.077,0.024,0.394,0.503,457,437,156,381,225
2022-23,Handoff,22022,1610612745,HOU,Houston Rockets,Defensive,0.034,82,0.047,1.033,0.439,0.095,0.107,0.091,0.023,0.43,0.542,430,444,155,353,198
2022-23,Handoff,22022,1610612762,UTA,Utah Jazz,Defensive,0.172,82,0.049,1.011,0.409,0.101,0.077,0.099,0.018,0.426,0.5,455,460,156,381,225
2022-23,Handoff,22022,1610612758,SAC,Sacramento Kings,Defensive,0.414,82,0.052,0.996,0.459,0.082,0.13,0.075,0.025,0.423,0.541,477,475,178,388,210
2022-23,Handoff,22022,1610612747,LAL,Los Angeles Lakers,Defensive,0.828,82,0.058,0.886,0.385,0.072,0.083,0.065,0.015,0.386,0.453,542,480,179,465,286
2022-23,Handoff,22022,1610612756,PHX,Phoenix Suns,Defensive,0.103,82,0.052,1.025,0.438,0.093,0.068,0.087,0.032,0.443,0.509,472,484,180,411,231
2022-23,Handoff,22022,1610612746,LAC,LA Clippers,Defensive,0.069,82,0.055,1.026,0.46,0.111,0.103,0.103,0.02,0.455,0.545,494,507,183,398,215
2022-23,Handoff,22022,1610612759,SAS,San Antonio Spurs,Defensive,0.207,82,0.054,1.008,0.436,0.093,0.099,0.091,0.014,0.437,0.519,504,508,180,413,233
2022-23,Handoff,22022,1610612750,MIN,Minnesota Timberwolves,Defensive,0.138,82,0.054,1.012,0.448,0.089,0.113,0.081,0.02,0.432,0.542,505,511,185,413,228
2022-23,Handoff,22022,1610612749,MIL,Milwaukee Bucks,Defensive,0.345,82,0.061,1.002,0.432,0.064,0.08,0.06,0.007,0.43,0.519,565,566,211,488,277
2022-23,Cut,22022,1610612738,BOS,Boston Celtics,Defensive,0.517,82,0.05,1.302,0.673,0.109,0.057,0.109,0.028,0.654,0.673,457,595,265,394,129
2022-23,Cut,22022,1610612749,MIL,Milwaukee Bucks,Defensive,1,82,0.059,1.202,0.607,0.131,0.061,0.131,0.029,0.605,0.607,544,654,277,456,179
2022-23,Cut,22022,1610612745,HOU,Houston Rockets,Defensive,0.621,82,0.058,1.28,0.658,0.17,0.07,0.165,0.038,0.65,0.658,528,676,277,421,144
2022-23,Cut,22022,1610612747,LAL,Los Angeles Lakers,Defensive,0.931,82,0.061,1.229,0.64,0.131,0.068,0.131,0.033,0.621,0.64,573,704,306,478,172
2022-23,Cut,22022,1610612752,NYK,New York Knicks,Defensive,0.448,82,0.059,1.316,0.691,0.16,0.076,0.158,0.059,0.651,0.691,538,708,306,443,137
2022-23,Cut,22022,1610612756,PHX,Phoenix Suns,Defensive,0.103,82,0.057,1.379,0.703,0.144,0.046,0.144,0.035,0.696,0.703,520,717,308,438,130
2022-23,Cut,22022,1610612739,CLE,Cleveland Cavaliers,Defensive,0.966,82,0.069,1.219,0.623,0.147,0.058,0.142,0.035,0.619,0.623,607,740,314,504,190
2022-23,Cut,22022,1610612762,UTA,Utah Jazz,Defensive,0.552,82,0.065,1.284,0.666,0.127,0.067,0.119,0.031,0.647,0.666,612,786,341,512,171
2022-23,Cut,22022,1610612750,MIN,Minnesota Timberwolves,Defensive,0.862,82,0.068,1.231,0.64,0.158,0.07,0.153,0.039,0.627,0.64,641,789,333,520,187
2022-23,Cut,22022,1610612764,WAS,Washington Wizards,Defensive,0.897,82,0.071,1.231,0.627,0.156,0.073,0.154,0.036,0.618,0.627,642,790,324,517,193
2022-23,Cut,22022,1610612751,BKN,Brooklyn Nets,Defensive,0.586,82,0.07,1.283,0.66,0.165,0.068,0.163,0.057,0.641,0.66,637,817,346,524,178
2022-23,Cut,22022,1610612755,PHI,Philadelphia 76ers,Defensive,0.483,82,0.07,1.315,0.664,0.164,0.053,0.162,0.04,0.662,0.664,622,818,340,512,172
2022-23,Cut,22022,1610612760,OKC,Oklahoma City Thunder,Defensive,0.345,82,0.065,1.342,0.705,0.201,0.072,0.191,0.056,0.686,0.705,611,820,337,478,141
2022-23,Cut,22022,1610612766,CHA,Charlotte Hornets,Defensive,0.69,82,0.07,1.271,0.646,0.16,0.052,0.157,0.045,0.643,0.646,649,825,349,540,191
2022-23,Cut,22022,1610612746,LAC,LA Clippers,Defensive,0.655,82,0.072,1.279,0.645,0.154,0.054,0.149,0.042,0.644,0.645,649,830,349,541,192
2022-23,Cut,22022,1610612741,CHI,Chicago Bulls,Defensive,0.172,82,0.067,1.369,0.709,0.16,0.061,0.16,0.051,0.687,0.709,607,831,356,502,146
2022-23,Cut,22022,1610612765,DET,Detroit Pistons,Defensive,0,82,0.065,1.413,0.725,0.158,0.05,0.155,0.049,0.713,0.725,595,841,362,499,137
2022-23,Cut,22022,1610612753,ORL,Orlando Magic,Defensive,0.31,82,0.069,1.346,0.703,0.162,0.064,0.158,0.046,0.68,0.703,628,845,362,515,153
2022-23,Cut,22022,1610612740,NOP,New Orleans Pelicans,Defensive,0.241,82,0.069,1.352,0.708,0.163,0.069,0.159,0.048,0.684,0.708,627,848,362,511,149
2022-23,Cut,22022,1610612744,GSW,Golden State Warriors,Defensive,0.379,82,0.067,1.338,0.689,0.157,0.061,0.154,0.042,0.673,0.689,636,851,361,524,163
2022-23,Cut,22022,1610612742,DAL,Dallas Mavericks,Defensive,0.207,82,0.072,1.367,0.706,0.189,0.064,0.178,0.053,0.688,0.706,641,876,362,513,151
2022-23,Cut,22022,1610612763,MEM,Memphis Grizzlies,Defensive,0.724,82,0.074,1.269,0.653,0.132,0.067,0.13,0.033,0.641,0.653,691,877,377,577,200
2022-23,Cut,22022,1610612759,SAS,San Antonio Spurs,Defensive,0.034,82,0.067,1.411,0.721,0.178,0.046,0.176,0.05,0.709,0.721,625,882,372,516,144
2022-23,Cut,22022,1610612737,ATL,Atlanta Hawks,Defensive,0.138,82,0.069,1.372,0.695,0.148,0.039,0.146,0.033,0.692,0.695,643,882,378,544,166
2022-23,Cut,22022,1610612758,SAC,Sacramento Kings,Defensive,0.069,82,0.07,1.381,0.713,0.138,0.05,0.134,0.038,0.698,0.713,640,884,387,543,156
2022-23,Cut,22022,1610612743,DEN,Denver Nuggets,Defensive,0.828,82,0.08,1.24,0.648,0.117,0.063,0.115,0.027,0.63,0.648,716,888,392,605,213
2022-23,Cut,22022,1610612754,IND,Indiana Pacers,Defensive,0.759,82,0.08,1.262,0.647,0.138,0.057,0.132,0.028,0.644,0.647,749,945,404,624,220
2022-23,Cut,22022,1610612761,TOR,Toronto Raptors,Defensive,0.276,82,0.082,1.348,0.712,0.163,0.082,0.163,0.047,0.673,0.712,722,973,410,576,166
2022-23,Cut,22022,1610612757,POR,Portland Trail Blazers,Defensive,0.414,82,0.084,1.322,0.676,0.138,0.051,0.136,0.043,0.662,0.676,763,1009,439,649,210
2022-23,Cut,22022,1610612748,MIA,Miami Heat,Defensive,0.793,82,0.091,1.261,0.652,0.125,0.07,0.123,0.035,0.631,0.652,800,1009,438,672,234
2022-23,OffScreen,22022,1610612739,CLE,Cleveland Cavaliers,Defensive,0.828,82,0.029,0.895,0.368,0.066,0.062,0.062,0.012,0.376,0.45,258,231,84,228,144
2022-23,OffScreen,22022,1610612761,TOR,Toronto Raptors,Defensive,0.69,82,0.029,0.95,0.435,0.066,0.128,0.062,0.023,0.403,0.519,258,245,93,214,121
2022-23,OffScreen,22022,1610612738,BOS,Boston Celtics,Defensive,0.552,82,0.031,0.975,0.396,0.064,0.06,0.05,0.014,0.402,0.488,281,274,99,250,151
2022-23,OffScreen,22022,1610612748,MIA,Miami Heat,Defensive,0.207,82,0.032,1.025,0.414,0.092,0.063,0.092,0.032,0.423,0.506,284,291,103,249,146
2022-23,OffScreen,22022,1610612754,IND,Indiana Pacers,Defensive,0.345,82,0.031,1,0.414,0.099,0.113,0.075,0.027,0.403,0.521,293,293,99,239,140
2022-23,OffScreen,22022,1610612742,DAL,Dallas Mavericks,Defensive,0.655,82,0.035,0.953,0.421,0.06,0.079,0.057,0.003,0.411,0.504,316,301,115,273,158
2022-23,OffScreen,22022,1610612764,WAS,Washington Wizards,Defensive,0.897,82,0.038,0.872,0.359,0.043,0.064,0.043,0.012,0.354,0.447,345,301,112,312,200
2022-23,OffScreen,22022,1610612762,UTA,Utah Jazz,Defensive,0.931,82,0.038,0.867,0.353,0.079,0.059,0.076,0.011,0.373,0.422,354,307,109,309,200
2022-23,OffScreen,22022,1610612757,POR,Portland Trail Blazers,Defensive,0.034,82,0.032,1.072,0.456,0.048,0.085,0.038,0.017,0.433,0.571,293,314,118,259,141
2022-23,OffScreen,22022,1610612746,LAC,LA Clippers,Defensive,0.241,82,0.035,1.019,0.409,0.075,0.044,0.069,0.019,0.425,0.495,318,324,117,286,169
2022-23,OffScreen,22022,1610612756,PHX,Phoenix Suns,Defensive,0.586,82,0.038,0.968,0.399,0.076,0.088,0.074,0.026,0.391,0.502,340,329,117,293,176
2022-23,OffScreen,22022,1610612743,DEN,Denver Nuggets,Defensive,0.517,82,0.037,0.985,0.396,0.084,0.084,0.072,0.021,0.4,0.498,335,330,113,285,172
2022-23,OffScreen,22022,1610612740,NOP,New Orleans Pelicans,Defensive,0.966,82,0.043,0.853,0.349,0.075,0.09,0.072,0.023,0.351,0.435,388,331,116,332,216
2022-23,OffScreen,22022,1610612755,PHI,Philadelphia 76ers,Defensive,0.862,82,0.044,0.884,0.364,0.07,0.08,0.062,0.013,0.369,0.449,388,343,122,335,213
2022-23,OffScreen,22022,1610612751,BKN,Brooklyn Nets,Defensive,0.379,82,0.038,0.997,0.42,0.055,0.066,0.055,0.009,0.415,0.516,347,346,129,307,178
2022-23,OffScreen,22022,1610612747,LAL,Los Angeles Lakers,Defensive,1,82,0.044,0.852,0.36,0.041,0.073,0.039,0.012,0.353,0.442,411,350,133,369,236
2022-23,OffScreen,22022,1610612753,ORL,Orlando Magic,Defensive,0.793,82,0.043,0.896,0.367,0.069,0.081,0.066,0.008,0.376,0.451,394,353,124,338,214
2022-23,OffScreen,22022,1610612752,NYK,New York Knicks,Defensive,0.483,82,0.04,0.986,0.396,0.078,0.064,0.075,0.014,0.409,0.495,359,354,124,313,189
2022-23,OffScreen,22022,1610612765,DET,Detroit Pistons,Defensive,0.759,82,0.043,0.901,0.386,0.068,0.101,0.063,0.023,0.375,0.469,395,356,130,337,207
2022-23,OffScreen,22022,1610612741,CHI,Chicago Bulls,Defensive,0.414,82,0.041,0.995,0.414,0.079,0.095,0.071,0.016,0.411,0.508,367,365,128,309,181
2022-23,OffScreen,22022,1610612750,MIN,Minnesota Timberwolves,Defensive,0.724,82,0.042,0.929,0.376,0.074,0.079,0.061,0.013,0.384,0.466,393,365,127,338,211
2022-23,OffScreen,22022,1610612758,SAC,Sacramento Kings,Defensive,0.103,82,0.04,1.046,0.441,0.082,0.074,0.082,0.03,0.437,0.523,366,383,141,320,179
2022-23,OffScreen,22022,1610612749,MIL,Milwaukee Bucks,Defensive,0.448,82,0.042,0.992,0.411,0.078,0.062,0.073,0.01,0.422,0.504,386,383,138,336,198
2022-23,OffScreen,22022,1610612763,MEM,Memphis Grizzlies,Defensive,0.276,82,0.041,1.016,0.425,0.082,0.089,0.082,0.018,0.421,0.519,380,386,137,322,185
2022-23,OffScreen,22022,1610612745,HOU,Houston Rockets,Defensive,0.172,82,0.042,1.029,0.409,0.06,0.073,0.05,0.008,0.41,0.534,383,394,137,335,198
2022-23,OffScreen,22022,1610612737,ATL,Atlanta Hawks,Defensive,0.069,82,0.041,1.071,0.425,0.085,0.069,0.082,0.019,0.434,0.537,378,405,139,327,188
2022-23,OffScreen,22022,1610612744,GSW,Golden State Warriors,Defensive,0,82,0.04,1.079,0.435,0.082,0.061,0.074,0.011,0.449,0.547,379,409,143,329,186
2022-23,OffScreen,22022,1610612766,CHA,Charlotte Hornets,Defensive,0.31,82,0.045,1.014,0.424,0.053,0.067,0.041,0.014,0.415,0.525,419,425,159,375,216
2022-23,OffScreen,22022,1610612760,OKC,Oklahoma City Thunder,Defensive,0.621,82,0.047,0.962,0.39,0.076,0.094,0.076,0.009,0.394,0.499,447,430,146,374,228
2022-23,OffScreen,22022,1610612759,SAS,San Antonio Spurs,Defensive,0.138,82,0.045,1.036,0.426,0.077,0.072,0.074,0.026,0.424,0.526,417,432,156,366,210
2022-23,OffRebound,22022,1610612761,TOR,Toronto Raptors,Defensive,0.862,82,0.046,1.061,0.527,0.151,0.073,0.146,0.027,0.538,0.535,411,436,174,330,156
2022-23,OffRebound,22022,1610612741,CHI,Chicago Bulls,Defensive,0.966,82,0.048,1.042,0.53,0.111,0.076,0.109,0.037,0.522,0.533,433,451,195,368,173
2022-23,OffRebound,22022,1610612739,CLE,Cleveland Cavaliers,Defensive,0.931,82,0.049,1.046,0.523,0.124,0.067,0.115,0.028,0.525,0.525,436,456,191,365,174
2022-23,OffRebound,22022,1610612752,NYK,New York Knicks,Defensive,0.69,82,0.048,1.106,0.558,0.134,0.069,0.132,0.025,0.559,0.559,433,479,198,355,157
2022-23,OffRebound,22022,1610612738,BOS,Boston Celtics,Defensive,0.793,82,0.048,1.091,0.565,0.134,0.082,0.134,0.036,0.552,0.57,440,480,203,359,156
2022-23,OffRebound,22022,1610612755,PHI,Philadelphia 76ers,Defensive,0.448,82,0.048,1.15,0.586,0.113,0.077,0.11,0.019,0.573,0.595,426,490,207,353,146
2022-23,OffRebound,22022,1610612748,MIA,Miami Heat,Defensive,0.103,82,0.047,1.201,0.669,0.148,0.126,0.141,0.039,0.604,0.678,412,495,210,314,104
2022-23,OffRebound,22022,1610612753,ORL,Orlando Magic,Defensive,0,82,0.045,1.247,0.608,0.171,0.059,0.166,0.042,0.621,0.617,409,510,202,332,130
2022-23,OffRebound,22022,1610612743,DEN,Denver Nuggets,Defensive,0.655,82,0.052,1.111,0.571,0.12,0.071,0.12,0.024,0.558,0.58,468,520,222,389,167
2022-23,OffRebound,22022,1610612744,GSW,Golden State Warriors,Defensive,1,82,0.054,1.037,0.536,0.124,0.089,0.122,0.03,0.525,0.537,507,526,222,414,192
2022-23,OffRebound,22022,1610612763,MEM,Memphis Grizzlies,Defensive,0.897,82,0.054,1.049,0.544,0.14,0.095,0.134,0.03,0.534,0.547,506,531,218,401,183
2022-23,OffRebound,22022,1610612749,MIL,Milwaukee Bucks,Defensive,0.724,82,0.053,1.102,0.561,0.117,0.08,0.119,0.041,0.545,0.566,488,538,230,410,180
2022-23,OffRebound,22022,1610612745,HOU,Houston Rockets,Defensive,0.414,82,0.051,1.152,0.595,0.12,0.071,0.124,0.013,0.588,0.601,468,539,228,383,155
2022-23,OffRebound,22022,1610612758,SAC,Sacramento Kings,Defensive,0.207,82,0.05,1.176,0.607,0.115,0.065,0.109,0.017,0.597,0.608,459,540,233,384,151
2022-23,OffRebound,22022,1610612746,LAC,LA Clippers,Defensive,0.621,82,0.053,1.123,0.581,0.108,0.083,0.102,0.025,0.563,0.586,481,540,233,401,168
2022-23,OffRebound,22022,1610612766,CHA,Charlotte Hornets,Defensive,0.828,82,0.054,1.09,0.545,0.146,0.062,0.136,0.03,0.559,0.546,501,546,224,411,187
2022-23,OffRebound,22022,1610612740,NOP,New Orleans Pelicans,Defensive,0.034,82,0.049,1.232,0.624,0.143,0.06,0.141,0.031,0.621,0.628,448,552,231,370,139
2022-23,OffRebound,22022,1610612759,SAS,San Antonio Spurs,Defensive,0.517,82,0.052,1.138,0.58,0.134,0.075,0.128,0.035,0.574,0.585,491,559,235,405,170
2022-23,OffRebound,22022,1610612737,ATL,Atlanta Hawks,Defensive,0.276,82,0.052,1.173,0.598,0.119,0.067,0.11,0.033,0.586,0.603,481,564,244,408,164
2022-23,OffRebound,22022,1610612750,MIN,Minnesota Timberwolves,Defensive,0.483,82,0.053,1.143,0.576,0.116,0.062,0.108,0.022,0.576,0.586,498,569,242,420,178
2022-23,OffRebound,22022,1610612765,DET,Detroit Pistons,Defensive,0.345,82,0.054,1.159,0.588,0.147,0.06,0.135,0.03,0.586,0.591,498,577,241,410,169
2022-23,OffRebound,22022,1610612764,WAS,Washington Wizards,Defensive,0.241,82,0.055,1.173,0.585,0.113,0.04,0.107,0.028,0.589,0.591,496,582,254,434,180
2022-23,OffRebound,22022,1610612757,POR,Portland Trail Blazers,Defensive,0.552,82,0.057,1.137,0.568,0.125,0.061,0.117,0.027,0.568,0.573,512,582,245,431,186
2022-23,OffRebound,22022,1610612756,PHX,Phoenix Suns,Defensive,0.31,82,0.056,1.171,0.596,0.145,0.065,0.143,0.031,0.595,0.601,509,596,248,416,168
2022-23,OffRebound,22022,1610612742,DAL,Dallas Mavericks,Defensive,0.138,82,0.057,1.2,0.611,0.163,0.073,0.163,0.053,0.601,0.617,509,611,253,414,161
2022-23,OffRebound,22022,1610612751,BKN,Brooklyn Nets,Defensive,0.759,82,0.062,1.094,0.554,0.136,0.081,0.129,0.032,0.543,0.562,565,618,255,460,205
2022-23,OffRebound,22022,1610612747,LAL,Los Angeles Lakers,Defensive,0.172,82,0.056,1.195,0.628,0.105,0.071,0.094,0.021,0.605,0.631,524,626,278,443,165
2022-23,OffRebound,22022,1610612762,UTA,Utah Jazz,Defensive,0.379,82,0.059,1.155,0.574,0.109,0.049,0.102,0.029,0.573,0.581,550,635,275,479,204
2022-23,OffRebound,22022,1610612754,IND,Indiana Pacers,Defensive,0.586,82,0.062,1.125,0.585,0.11,0.08,0.098,0.012,0.574,0.591,584,657,281,480,199
2022-23,OffRebound,22022,1610612760,OKC,Oklahoma City Thunder,Defensive,0.069,82,0.059,1.203,0.593,0.155,0.047,0.144,0.036,0.606,0.599,556,669,275,464,189
2022-23,Misc,22022,1610612743,DEN,Denver Nuggets,Defensive,1,82,0.051,0.449,0.355,0.195,0.571,0.035,0.007,0.256,0.373,457,205,39,110,71
2022-23,Misc,22022,1610612748,MIA,Miami Heat,Defensive,0.931,82,0.058,0.462,0.391,0.172,0.576,0.036,0.01,0.25,0.421,507,234,52,133,81
2022-23,Misc,22022,1610612759,SAS,San Antonio Spurs,Defensive,0.793,82,0.05,0.511,0.473,0.147,0.583,0.015,0.004,0.257,0.527,470,240,61,129,68
2022-23,Misc,22022,1610612737,ATL,Atlanta Hawks,Defensive,0.552,82,0.049,0.531,0.385,0.177,0.561,0.028,0.004,0.273,0.451,458,243,47,122,75
2022-23,Misc,22022,1610612741,CHI,Chicago Bulls,Defensive,0.724,82,0.053,0.513,0.369,0.182,0.527,0.029,0.004,0.272,0.411,478,245,52,141,89
2022-23,Misc,22022,1610612749,MIL,Milwaukee Bucks,Defensive,0.517,82,0.049,0.543,0.365,0.176,0.508,0.026,0.009,0.27,0.432,455,247,54,148,94
2022-23,Misc,22022,1610612747,LAL,Los Angeles Lakers,Defensive,0.31,82,0.049,0.56,0.437,0.207,0.532,0.039,0.013,0.294,0.484,459,257,55,126,71
2022-23,Misc,22022,1610612753,ORL,Orlando Magic,Defensive,0.621,82,0.056,0.519,0.369,0.214,0.568,0.03,0.004,0.281,0.423,505,262,41,111,70
2022-23,Misc,22022,1610612738,BOS,Boston Celtics,Defensive,0.138,82,0.05,0.591,0.444,0.195,0.52,0.038,0.009,0.308,0.508,452,267,59,133,74
2022-23,Misc,22022,1610612742,DAL,Dallas Mavericks,Defensive,0.172,82,0.051,0.585,0.434,0.249,0.509,0.024,0.004,0.33,0.469,458,268,49,113,64
2022-23,Misc,22022,1610612751,BKN,Brooklyn Nets,Defensive,0.759,82,0.057,0.512,0.354,0.237,0.551,0.031,0.004,0.291,0.389,523,268,40,113,73
2022-23,Misc,22022,1610612754,IND,Indiana Pacers,Defensive,0.862,82,0.06,0.476,0.317,0.211,0.568,0.025,0.002,0.265,0.333,565,269,40,126,86
2022-23,Misc,22022,1610612740,NOP,New Orleans Pelicans,Defensive,0.448,82,0.054,0.553,0.386,0.22,0.518,0.039,0.006,0.295,0.413,492,272,51,132,81
2022-23,Misc,22022,1610612755,PHI,Philadelphia 76ers,Defensive,0.103,82,0.051,0.595,0.421,0.229,0.508,0.035,0.011,0.318,0.46,459,273,53,126,73
2022-23,Misc,22022,1610612750,MIN,Minnesota Timberwolves,Defensive,0.586,82,0.055,0.525,0.35,0.233,0.546,0.029,0.006,0.288,0.389,520,273,41,117,76
2022-23,Misc,22022,1610612763,MEM,Memphis Grizzlies,Defensive,0.828,82,0.059,0.495,0.372,0.211,0.55,0.036,0.009,0.276,0.398,551,273,51,137,86
2022-23,Misc,22022,1610612745,HOU,Houston Rockets,Defensive,0.069,82,0.049,0.616,0.451,0.252,0.529,0.02,0.009,0.326,0.525,448,276,46,102,56
2022-23,Misc,22022,1610612761,TOR,Toronto Raptors,Defensive,0.897,82,0.066,0.475,0.352,0.211,0.581,0.033,0.007,0.266,0.372,583,277,44,125,81
2022-23,Misc,22022,1610612758,SAC,Sacramento Kings,Defensive,0.276,82,0.055,0.561,0.417,0.197,0.535,0.028,0.008,0.294,0.453,503,282,58,139,81
2022-23,Misc,22022,1610612757,POR,Portland Trail Blazers,Defensive,0.345,82,0.056,0.557,0.441,0.19,0.536,0.036,0.008,0.292,0.483,506,282,63,143,80
2022-23,Misc,22022,1610612762,UTA,Utah Jazz,Defensive,0.69,82,0.059,0.514,0.419,0.193,0.541,0.036,0.014,0.273,0.474,553,284,65,155,90
2022-23,Misc,22022,1610612760,OKC,Oklahoma City Thunder,Defensive,0.966,82,0.066,0.458,0.387,0.214,0.602,0.027,0.006,0.264,0.403,626,287,46,119,73
2022-23,Misc,22022,1610612746,LAC,LA Clippers,Defensive,0.379,82,0.058,0.556,0.42,0.171,0.533,0.05,0.015,0.279,0.481,520,289,68,162,94
2022-23,Misc,22022,1610612752,NYK,New York Knicks,Defensive,0.207,82,0.057,0.569,0.317,0.262,0.513,0.035,0.006,0.312,0.375,520,296,38,120,82
2022-23,Misc,22022,1610612756,PHX,Phoenix Suns,Defensive,0.655,82,0.063,0.517,0.396,0.211,0.561,0.031,0.007,0.284,0.437,574,297,53,134,81
2022-23,Misc,22022,1610612764,WAS,Washington Wizards,Defensive,0,82,0.051,0.668,0.469,0.19,0.47,0.037,0.009,0.334,0.515,464,310,76,162,86
2022-23,Misc,22022,1610612744,GSW,Golden State Warriors,Defensive,0.241,82,0.058,0.566,0.406,0.254,0.5,0.035,0.005,0.323,0.446,548,310,56,138,82
2022-23,Misc,22022,1610612765,DET,Detroit Pistons,Defensive,0.483,82,0.065,0.546,0.372,0.226,0.529,0.03,0.003,0.3,0.409,597,326,55,148,93
2022-23,Misc,22022,1610612739,CLE,Cleveland Cavaliers,Defensive,0.414,82,0.068,0.553,0.387,0.223,0.53,0.047,0.012,0.302,0.432,600,332,60,155,95
2022-23,Misc,22022,1610612766,CHA,Charlotte Hornets,Defensive,0.034,82,0.06,0.631,0.485,0.243,0.529,0.04,0.011,0.335,0.538,556,351,64,132,68
2023-24,Isolation,22023,1610612752,NYK,New York Knicks,Defensive,0.862,81,0.054,0.883,0.402,0.134,0.1,0.111,0.038,0.411,0.44,470,415,152,378,226
2023-24,Isolation,22023,1610612760,OKC,Oklahoma City Thunder,Defensive,1,82,0.058,0.837,0.375,0.133,0.096,0.122,0.02,0.402,0.411,540,452,160,427,267
2023-24,Isolation,22023,1610612759,SAS,San Antonio Spurs,Defensive,0.552,82,0.053,0.921,0.4,0.126,0.086,0.114,0.031,0.42,0.445,491,452,161,402,241
2023-24,Isolation,22023,1610612766,CHA,Charlotte Hornets,Defensive,0.414,82,0.057,0.946,0.44,0.126,0.097,0.123,0.029,0.447,0.471,514,486,182,414,232
2023-24,Isolation,22023,1610612762,UTA,Utah Jazz,Defensive,0.276,82,0.055,0.968,0.422,0.154,0.097,0.138,0.026,0.452,0.464,507,491,166,393,227
2023-24,Isolation,22023,1610612750,MIN,Minnesota Timberwolves,Defensive,0.966,82,0.065,0.857,0.384,0.151,0.107,0.126,0.029,0.41,0.416,588,504,174,453,279
2023-24,Isolation,22023,1610612755,PHI,Philadelphia 76ers,Defensive,0.483,82,0.059,0.937,0.433,0.135,0.104,0.119,0.019,0.447,0.467,539,505,182,420,238
2023-24,Isolation,22023,1610612740,NOP,New Orleans Pelicans,Defensive,0.931,81,0.066,0.88,0.402,0.118,0.113,0.108,0.029,0.41,0.434,583,513,187,465,278
2023-24,Isolation,22023,1610612748,MIA,Miami Heat,Defensive,0.828,82,0.067,0.885,0.4,0.111,0.098,0.11,0.022,0.411,0.443,593,525,193,482,289
2023-24,Isolation,22023,1610612741,CHI,Chicago Bulls,Defensive,0.586,82,0.066,0.91,0.404,0.144,0.107,0.134,0.022,0.425,0.457,590,537,184,455,271
2023-24,Isolation,22023,1610612737,ATL,Atlanta Hawks,Defensive,0.345,82,0.061,0.964,0.435,0.165,0.089,0.156,0.043,0.46,0.468,559,539,192,441,249
2023-24,Isolation,22023,1610612756,PHX,Phoenix Suns,Defensive,0.897,81,0.069,0.881,0.392,0.106,0.087,0.103,0.021,0.406,0.432,620,546,201,513,312
2023-24,Isolation,22023,1610612744,GSW,Golden State Warriors,Defensive,0.621,82,0.066,0.905,0.409,0.123,0.105,0.11,0.044,0.411,0.449,611,553,204,499,295
2023-24,Isolation,22023,1610612757,POR,Portland Trail Blazers,Defensive,0.724,82,0.069,0.895,0.394,0.159,0.106,0.147,0.031,0.425,0.425,621,556,187,475,288
2023-24,Isolation,22023,1610612743,DEN,Denver Nuggets,Defensive,0.448,82,0.067,0.942,0.418,0.159,0.075,0.149,0.035,0.454,0.448,603,568,202,483,281
2023-24,Isolation,22023,1610612758,SAC,Sacramento Kings,Defensive,0.793,81,0.072,0.889,0.384,0.144,0.091,0.136,0.031,0.416,0.42,640,569,196,510,314
2023-24,Isolation,22023,1610612761,TOR,Toronto Raptors,Defensive,0.241,82,0.063,0.976,0.448,0.118,0.091,0.11,0.034,0.45,0.488,584,570,216,482,266
2023-24,Isolation,22023,1610612746,LAC,LA Clippers,Defensive,0.379,82,0.068,0.948,0.44,0.134,0.111,0.111,0.025,0.451,0.48,610,578,209,475,266
2023-24,Isolation,22023,1610612764,WAS,Washington Wizards,Defensive,0.138,82,0.063,0.987,0.465,0.127,0.102,0.122,0.035,0.463,0.496,598,590,224,482,258
2023-24,Isolation,22023,1610612763,MEM,Memphis Grizzlies,Defensive,0.31,82,0.068,0.967,0.434,0.148,0.106,0.137,0.018,0.458,0.475,613,593,203,468,265
2023-24,Isolation,22023,1610612753,ORL,Orlando Magic,Defensive,0.172,82,0.07,0.98,0.436,0.138,0.091,0.119,0.039,0.452,0.476,615,603,217,498,281
2023-24,Isolation,22023,1610612742,DAL,Dallas Mavericks,Defensive,0.517,82,0.071,0.93,0.422,0.127,0.087,0.117,0.029,0.436,0.46,656,610,226,535,309
2023-24,Isolation,22023,1610612738,BOS,Boston Celtics,Defensive,0.655,81,0.076,0.903,0.424,0.106,0.092,0.097,0.028,0.424,0.46,682,616,240,566,326
2023-24,Isolation,22023,1610612747,LAL,Los Angeles Lakers,Defensive,0.103,81,0.068,0.99,0.446,0.113,0.076,0.108,0.03,0.456,0.486,631,625,237,531,294
2023-24,Isolation,22023,1610612739,CLE,Cleveland Cavaliers,Defensive,0.69,82,0.079,0.901,0.406,0.101,0.088,0.094,0.026,0.411,0.449,704,634,239,589,350
2023-24,Isolation,22023,1610612749,MIL,Milwaukee Bucks,Defensive,0.069,81,0.07,0.997,0.452,0.133,0.083,0.119,0.019,0.469,0.493,639,637,232,513,281
2023-24,Isolation,22023,1610612765,DET,Detroit Pistons,Defensive,0.034,82,0.069,1.009,0.433,0.156,0.054,0.134,0.028,0.476,0.471,635,641,225,520,295
2023-24,Isolation,22023,1610612745,HOU,Houston Rockets,Defensive,0.759,82,0.079,0.893,0.404,0.134,0.11,0.116,0.021,0.421,0.443,730,652,229,567,338
2023-24,Isolation,22023,1610612754,IND,Indiana Pacers,Defensive,0,81,0.075,1.08,0.487,0.145,0.071,0.132,0.026,0.512,0.529,689,744,272,558,286
2023-24,Isolation,22023,1610612751,BKN,Brooklyn Nets,Defensive,0.207,82,0.086,0.979,0.438,0.119,0.074,0.112,0.017,0.457,0.485,775,759,280,639,359
2023-24,Transition,22023,1610612760,OKC,Oklahoma City Thunder,Defensive,0.966,82,0.152,1.059,0.512,0.132,0.145,0.128,0.027,0.482,0.581,1424,1508,547,1068,521
2023-24,Transition,22023,1610612758,SAC,Sacramento Kings,Defensive,0.31,81,0.146,1.16,0.544,0.145,0.118,0.131,0.03,0.529,0.615,1302,1510,543,999,456
2023-24,Transition,22023,1610612748,MIA,Miami Heat,Defensive,0.931,82,0.161,1.076,0.496,0.121,0.109,0.114,0.032,0.482,0.571,1416,1523,564,1136,572
2023-24,Transition,22023,1610612738,BOS,Boston Celtics,Defensive,1,81,0.168,1.046,0.481,0.107,0.112,0.1,0.023,0.468,0.555,1497,1566,580,1205,625
2023-24,Transition,22023,1610612741,CHI,Chicago Bulls,Defensive,0.241,82,0.152,1.166,0.55,0.144,0.122,0.135,0.034,0.529,0.625,1358,1584,574,1043,469
2023-24,Transition,22023,1610612745,HOU,Houston Rockets,Defensive,0.897,82,0.159,1.084,0.501,0.133,0.107,0.12,0.03,0.494,0.569,1464,1587,580,1157,577
2023-24,Transition,22023,1610612750,MIN,Minnesota Timberwolves,Defensive,0.862,82,0.166,1.085,0.518,0.125,0.127,0.108,0.023,0.495,0.589,1490,1616,595,1149,554
2023-24,Transition,22023,1610612766,CHA,Charlotte Hornets,Defensive,0.448,82,0.162,1.146,0.533,0.116,0.112,0.108,0.032,0.509,0.613,1449,1660,621,1165,544
2023-24,Transition,22023,1610612749,MIL,Milwaukee Bucks,Defensive,0.793,81,0.168,1.097,0.504,0.119,0.092,0.108,0.03,0.498,0.569,1522,1670,628,1247,619
2023-24,Transition,22023,1610612743,DEN,Denver Nuggets,Defensive,0.69,82,0.168,1.121,0.527,0.151,0.114,0.138,0.027,0.519,0.596,1502,1683,603,1145,542
2023-24,Transition,22023,1610612752,NYK,New York Knicks,Defensive,0.655,81,0.176,1.125,0.539,0.111,0.125,0.104,0.022,0.505,0.621,1523,1713,646,1198,552
2023-24,Transition,22023,1610612739,CLE,Cleveland Cavaliers,Defensive,0.379,82,0.167,1.149,0.543,0.139,0.107,0.128,0.025,0.531,0.61,1496,1719,633,1165,532
2023-24,Transition,22023,1610612765,DET,Detroit Pistons,Defensive,0.345,82,0.164,1.152,0.55,0.14,0.112,0.131,0.034,0.533,0.611,1496,1724,644,1171,527
2023-24,Transition,22023,1610612754,IND,Indiana Pacers,Defensive,0.517,81,0.165,1.136,0.523,0.161,0.109,0.15,0.037,0.517,0.595,1528,1736,614,1173,559
2023-24,Transition,22023,1610612761,TOR,Toronto Raptors,Defensive,0.138,82,0.161,1.171,0.56,0.107,0.115,0.099,0.03,0.527,0.636,1491,1746,675,1205,530
2023-24,Transition,22023,1610612740,NOP,New Orleans Pelicans,Defensive,0.724,81,0.178,1.119,0.517,0.124,0.112,0.117,0.023,0.501,0.598,1574,1761,640,1239,599
2023-24,Transition,22023,1610612753,ORL,Orlando Magic,Defensive,0.586,82,0.177,1.134,0.545,0.137,0.137,0.121,0.035,0.514,0.618,1565,1775,648,1190,542
2023-24,Transition,22023,1610612742,DAL,Dallas Mavericks,Defensive,0.621,82,0.171,1.131,0.54,0.127,0.135,0.117,0.032,0.503,0.622,1579,1786,657,1217,560
2023-24,Transition,22023,1610612756,PHX,Phoenix Suns,Defensive,0.759,81,0.185,1.107,0.514,0.121,0.089,0.114,0.029,0.506,0.58,1665,1843,701,1363,662
2023-24,Transition,22023,1610612763,MEM,Memphis Grizzlies,Defensive,0.828,82,0.188,1.093,0.532,0.128,0.135,0.122,0.028,0.502,0.604,1706,1864,694,1305,611
2023-24,Transition,22023,1610612751,BKN,Brooklyn Nets,Defensive,0.207,82,0.179,1.167,0.549,0.137,0.108,0.125,0.032,0.529,0.625,1601,1868,691,1259,568
2023-24,Transition,22023,1610612755,PHI,Philadelphia 76ers,Defensive,0.483,82,0.181,1.138,0.539,0.128,0.118,0.118,0.028,0.517,0.611,1644,1871,692,1285,593
2023-24,Transition,22023,1610612759,SAS,San Antonio Spurs,Defensive,0.414,82,0.176,1.147,0.559,0.122,0.119,0.109,0.024,0.526,0.624,1646,1888,720,1289,569
2023-24,Transition,22023,1610612744,GSW,Golden State Warriors,Defensive,0.172,82,0.176,1.169,0.541,0.128,0.107,0.123,0.033,0.52,0.626,1615,1888,698,1290,592
2023-24,Transition,22023,1610612746,LAC,LA Clippers,Defensive,0.069,82,0.178,1.19,0.558,0.122,0.104,0.114,0.03,0.534,0.636,1610,1916,722,1295,573
2023-24,Transition,22023,1610612764,WAS,Washington Wizards,Defensive,0.034,82,0.17,1.194,0.575,0.141,0.116,0.132,0.04,0.546,0.645,1616,1930,728,1265,537
2023-24,Transition,22023,1610612747,LAL,Los Angeles Lakers,Defensive,0.552,81,0.185,1.135,0.527,0.113,0.105,0.107,0.031,0.503,0.607,1709,1940,732,1390,658
2023-24,Transition,22023,1610612737,ATL,Atlanta Hawks,Defensive,0,82,0.178,1.218,0.58,0.126,0.114,0.118,0.038,0.547,0.656,1640,1997,759,1308,549
2023-24,Transition,22023,1610612757,POR,Portland Trail Blazers,Defensive,0.103,82,0.188,1.19,0.573,0.144,0.12,0.134,0.038,0.543,0.644,1697,2019,753,1313,560
2023-24,Transition,22023,1610612762,UTA,Utah Jazz,Defensive,0.276,82,0.208,1.161,0.541,0.118,0.107,0.107,0.024,0.521,0.624,1919,2228,830,1533,703
2023-24,PRBallHandler,22023,1610612740,NOP,New Orleans Pelicans,Defensive,0.828,81,0.141,0.868,0.426,0.103,0.187,0.093,0.018,0.389,0.493,1248,1083,387,909,522
2023-24,PRBallHandler,22023,1610612748,MIA,Miami Heat,Defensive,0.793,82,0.145,0.869,0.441,0.09,0.173,0.082,0.019,0.402,0.492,1272,1106,424,962,538
2023-24,PRBallHandler,22023,1610612743,DEN,Denver Nuggets,Defensive,0.897,82,0.153,0.842,0.414,0.085,0.154,0.08,0.023,0.382,0.46,1369,1153,444,1073,629
2023-24,PRBallHandler,22023,1610612763,MEM,Memphis Grizzlies,Defensive,0.172,82,0.136,0.935,0.458,0.086,0.152,0.077,0.022,0.421,0.515,1238,1158,444,970,526
2023-24,PRBallHandler,22023,1610612766,CHA,Charlotte Hornets,Defensive,0.759,82,0.148,0.878,0.441,0.101,0.184,0.094,0.025,0.402,0.488,1324,1163,432,979,547
2023-24,PRBallHandler,22023,1610612739,CLE,Cleveland Cavaliers,Defensive,1,82,0.163,0.8,0.393,0.097,0.167,0.082,0.019,0.371,0.431,1459,1167,433,1101,668
2023-24,PRBallHandler,22023,1610612760,OKC,Oklahoma City Thunder,Defensive,0.862,82,0.146,0.863,0.424,0.104,0.166,0.093,0.017,0.403,0.471,1370,1182,433,1022,589
2023-24,PRBallHandler,22023,1610612741,CHI,Chicago Bulls,Defensive,0.69,82,0.152,0.884,0.435,0.097,0.171,0.08,0.023,0.399,0.493,1358,1200,446,1025,579
2023-24,PRBallHandler,22023,1610612744,GSW,Golden State Warriors,Defensive,0.724,82,0.149,0.882,0.428,0.106,0.156,0.096,0.031,0.402,0.475,1369,1207,451,1053,602
2023-24,PRBallHandler,22023,1610612755,PHI,Philadelphia 76ers,Defensive,0.931,82,0.167,0.839,0.413,0.098,0.162,0.086,0.02,0.388,0.455,1513,1270,474,1149,675
2023-24,PRBallHandler,22023,1610612758,SAC,Sacramento Kings,Defensive,0.207,81,0.155,0.935,0.483,0.12,0.195,0.102,0.022,0.434,0.534,1383,1293,473,979,506
2023-24,PRBallHandler,22023,1610612751,BKN,Brooklyn Nets,Defensive,0.414,82,0.158,0.915,0.437,0.082,0.132,0.074,0.011,0.416,0.497,1415,1295,493,1127,634
2023-24,PRBallHandler,22023,1610612737,ATL,Atlanta Hawks,Defensive,0.586,82,0.158,0.896,0.444,0.09,0.163,0.074,0.02,0.409,0.497,1458,1307,496,1118,622
2023-24,PRBallHandler,22023,1610612762,UTA,Utah Jazz,Defensive,0.034,82,0.146,0.972,0.459,0.1,0.129,0.088,0.02,0.439,0.52,1348,1310,489,1066,577
2023-24,PRBallHandler,22023,1610612742,DAL,Dallas Mavericks,Defensive,0.483,82,0.159,0.901,0.435,0.087,0.141,0.077,0.019,0.411,0.488,1464,1319,504,1158,654
2023-24,PRBallHandler,22023,1610612761,TOR,Toronto Raptors,Defensive,0.345,82,0.156,0.923,0.447,0.093,0.143,0.072,0.015,0.424,0.497,1442,1331,502,1124,622
2023-24,PRBallHandler,22023,1610612757,POR,Portland Trail Blazers,Defensive,0.655,82,0.167,0.891,0.434,0.094,0.132,0.086,0.018,0.418,0.473,1504,1340,517,1191,674
2023-24,PRBallHandler,22023,1610612746,LAC,LA Clippers,Defensive,0.552,82,0.167,0.897,0.428,0.099,0.143,0.085,0.024,0.405,0.478,1512,1356,507,1184,677
2023-24,PRBallHandler,22023,1610612756,PHX,Phoenix Suns,Defensive,0.241,81,0.164,0.932,0.457,0.094,0.154,0.083,0.021,0.426,0.514,1477,1376,522,1142,620
2023-24,PRBallHandler,22023,1610612764,WAS,Washington Wizards,Defensive,0.138,82,0.153,0.947,0.46,0.109,0.14,0.095,0.022,0.44,0.509,1460,1383,519,1129,610
2023-24,PRBallHandler,22023,1610612750,MIN,Minnesota Timberwolves,Defensive,0.966,82,0.188,0.828,0.405,0.088,0.157,0.079,0.018,0.38,0.449,1686,1396,528,1303,775
2023-24,PRBallHandler,22023,1610612747,LAL,Los Angeles Lakers,Defensive,0.517,81,0.175,0.898,0.436,0.075,0.135,0.073,0.02,0.404,0.485,1612,1447,569,1306,737
2023-24,PRBallHandler,22023,1610612752,NYK,New York Knicks,Defensive,0.31,81,0.182,0.924,0.45,0.098,0.15,0.094,0.022,0.421,0.498,1576,1456,550,1221,671
2023-24,PRBallHandler,22023,1610612738,BOS,Boston Celtics,Defensive,0.621,81,0.185,0.896,0.428,0.073,0.117,0.067,0.016,0.407,0.477,1655,1483,585,1367,782
2023-24,PRBallHandler,22023,1610612745,HOU,Houston Rockets,Defensive,0.448,82,0.178,0.914,0.426,0.111,0.127,0.102,0.02,0.42,0.479,1632,1492,544,1277,733
2023-24,PRBallHandler,22023,1610612753,ORL,Orlando Magic,Defensive,0.379,82,0.187,0.917,0.448,0.107,0.152,0.093,0.024,0.42,0.499,1653,1516,566,1264,698
2023-24,PRBallHandler,22023,1610612765,DET,Detroit Pistons,Defensive,0.103,82,0.18,0.953,0.457,0.101,0.13,0.089,0.019,0.44,0.506,1649,1572,594,1300,706
2023-24,PRBallHandler,22023,1610612749,MIL,Milwaukee Bucks,Defensive,0.069,81,0.184,0.956,0.453,0.089,0.119,0.077,0.019,0.434,0.507,1667,1593,612,1351,739
2023-24,PRBallHandler,22023,1610612759,SAS,San Antonio Spurs,Defensive,0.276,82,0.187,0.927,0.448,0.088,0.126,0.081,0.019,0.426,0.493,1747,1619,630,1407,777
2023-24,PRBallHandler,22023,1610612754,IND,Indiana Pacers,Defensive,0,81,0.188,0.992,0.485,0.113,0.129,0.099,0.028,0.465,0.525,1735,1721,661,1364,703
2023-24,PRRollMan,22023,1610612751,BKN,Brooklyn Nets,Defensive,0.138,82,0.038,1.211,0.545,0.117,0.041,0.111,0.032,0.561,0.602,342,414,163,299,136
2023-24,PRRollMan,22023,1610612763,MEM,Memphis Grizzlies,Defensive,1,82,0.051,1.026,0.476,0.116,0.077,0.113,0.03,0.475,0.52,467,479,186,391,205
2023-24,PRRollMan,22023,1610612746,LAC,LA Clippers,Defensive,0.931,82,0.051,1.05,0.5,0.108,0.085,0.104,0.022,0.495,0.551,461,484,191,382,191
2023-24,PRRollMan,22023,1610612742,DAL,Dallas Mavericks,Defensive,0.966,82,0.056,1.048,0.488,0.129,0.069,0.121,0.025,0.494,0.535,520,545,210,430,220
2023-24,PRRollMan,22023,1610612760,OKC,Oklahoma City Thunder,Defensive,0.862,82,0.054,1.073,0.478,0.143,0.075,0.136,0.035,0.493,0.534,509,546,199,416,217
2023-24,PRRollMan,22023,1610612755,PHI,Philadelphia 76ers,Defensive,0.483,82,0.054,1.131,0.54,0.135,0.078,0.131,0.039,0.532,0.589,489,553,218,404,186
2023-24,PRRollMan,22023,1610612748,MIA,Miami Heat,Defensive,0.724,82,0.058,1.097,0.508,0.105,0.071,0.103,0.02,0.508,0.561,506,555,217,427,210
2023-24,PRRollMan,22023,1610612740,NOP,New Orleans Pelicans,Defensive,0.414,81,0.055,1.159,0.562,0.118,0.088,0.112,0.041,0.543,0.608,490,568,230,409,179
2023-24,PRRollMan,22023,1610612745,HOU,Houston Rockets,Defensive,0.448,82,0.054,1.152,0.559,0.119,0.091,0.115,0.026,0.547,0.608,495,570,226,404,178
2023-24,PRRollMan,22023,1610612747,LAL,Los Angeles Lakers,Defensive,0.379,81,0.053,1.165,0.541,0.096,0.065,0.096,0.031,0.53,0.604,491,572,231,427,196
2023-24,PRRollMan,22023,1610612753,ORL,Orlando Magic,Defensive,0.276,82,0.055,1.181,0.545,0.124,0.06,0.118,0.045,0.538,0.605,485,573,228,418,190
2023-24,PRRollMan,22023,1610612738,BOS,Boston Celtics,Defensive,0.897,81,0.061,1.064,0.468,0.108,0.046,0.104,0.026,0.482,0.534,546,581,223,476,253
2023-24,PRRollMan,22023,1610612756,PHX,Phoenix Suns,Defensive,0.759,81,0.059,1.094,0.509,0.119,0.073,0.117,0.028,0.512,0.56,531,581,226,444,218
2023-24,PRRollMan,22023,1610612744,GSW,Golden State Warriors,Defensive,0.586,82,0.057,1.118,0.526,0.122,0.078,0.116,0.017,0.53,0.576,526,588,226,430,204
2023-24,PRRollMan,22023,1610612739,CLE,Cleveland Cavaliers,Defensive,0.69,82,0.06,1.103,0.51,0.082,0.069,0.077,0.022,0.502,0.571,534,589,237,465,228
2023-24,PRRollMan,22023,1610612761,TOR,Toronto Raptors,Defensive,0.793,82,0.059,1.09,0.528,0.113,0.075,0.108,0.026,0.519,0.572,547,596,242,458,216
2023-24,PRRollMan,22023,1610612764,WAS,Washington Wizards,Defensive,0.345,82,0.054,1.171,0.561,0.11,0.069,0.104,0.024,0.557,0.602,510,597,242,431,189
2023-24,PRRollMan,22023,1610612757,POR,Portland Trail Blazers,Defensive,0.103,82,0.054,1.221,0.549,0.147,0.047,0.131,0.029,0.575,0.608,489,597,224,408,184
2023-24,PRRollMan,22023,1610612758,SAC,Sacramento Kings,Defensive,0.552,81,0.061,1.122,0.524,0.1,0.078,0.094,0.03,0.513,0.584,540,606,241,460,219
2023-24,PRRollMan,22023,1610612754,IND,Indiana Pacers,Defensive,0.207,81,0.056,1.195,0.567,0.152,0.066,0.148,0.043,0.567,0.613,513,613,240,423,183
2023-24,PRRollMan,22023,1610612752,NYK,New York Knicks,Defensive,0.621,81,0.064,1.114,0.526,0.119,0.088,0.119,0.032,0.51,0.586,555,618,241,458,217
2023-24,PRRollMan,22023,1610612749,MIL,Milwaukee Bucks,Defensive,0.828,81,0.064,1.082,0.505,0.096,0.051,0.096,0.026,0.51,0.546,584,632,259,513,254
2023-24,PRRollMan,22023,1610612737,ATL,Atlanta Hawks,Defensive,0.241,82,0.058,1.194,0.578,0.127,0.084,0.12,0.03,0.557,0.631,535,639,253,438,185
2023-24,PRRollMan,22023,1610612743,DEN,Denver Nuggets,Defensive,0.655,82,0.066,1.109,0.531,0.11,0.066,0.105,0.037,0.521,0.572,589,653,269,507,238
2023-24,PRRollMan,22023,1610612766,CHA,Charlotte Hornets,Defensive,0,82,0.058,1.279,0.603,0.116,0.069,0.11,0.039,0.584,0.667,519,664,267,443,176
2023-24,PRRollMan,22023,1610612762,UTA,Utah Jazz,Defensive,0.517,82,0.066,1.124,0.518,0.117,0.056,0.112,0.02,0.527,0.572,607,682,266,514,248
2023-24,PRRollMan,22023,1610612741,CHI,Chicago Bulls,Defensive,0.034,82,0.061,1.259,0.565,0.14,0.047,0.133,0.042,0.577,0.626,549,691,265,469,204
2023-24,PRRollMan,22023,1610612750,MIN,Minnesota Timberwolves,Defensive,0.172,82,0.066,1.203,0.552,0.111,0.065,0.107,0.022,0.55,0.618,596,717,278,504,226
2023-24,PRRollMan,22023,1610612759,SAS,San Antonio Spurs,Defensive,0.31,82,0.069,1.177,0.535,0.103,0.031,0.102,0.028,0.548,0.587,640,753,306,572,266
2023-24,PRRollMan,22023,1610612765,DET,Detroit Pistons,Defensive,0.069,82,0.066,1.247,0.579,0.138,0.063,0.133,0.038,0.58,0.637,607,757,294,508,214
2023-24,Postup,22023,1610612749,MIL,Milwaukee Bucks,Defensive,0.966,81,0.032,0.899,0.436,0.16,0.108,0.125,0.028,0.463,0.436,287,258,95,218,123
2023-24,Postup,22023,1610612747,LAL,Los Angeles Lakers,Defensive,1,81,0.033,0.857,0.462,0.114,0.146,0.104,0.019,0.438,0.462,308,264,108,234,126
2023-24,Postup,22023,1610612750,MIN,Minnesota Timberwolves,Defensive,0.207,82,0.031,1.014,0.507,0.184,0.106,0.152,0.042,0.509,0.507,283,287,108,213,105
2023-24,Postup,22023,1610612746,LAC,LA Clippers,Defensive,0.621,82,0.033,0.967,0.495,0.179,0.119,0.139,0.033,0.497,0.495,302,292,110,222,112
2023-24,Postup,22023,1610612752,NYK,New York Knicks,Defensive,0.862,81,0.037,0.925,0.464,0.131,0.112,0.1,0.028,0.461,0.464,321,297,117,252,135
2023-24,Postup,22023,1610612740,NOP,New Orleans Pelicans,Defensive,0.931,81,0.037,0.906,0.481,0.152,0.136,0.142,0.024,0.47,0.481,330,299,117,243,126
2023-24,Postup,22023,1610612755,PHI,Philadelphia 76ers,Defensive,0.345,82,0.034,0.99,0.542,0.167,0.173,0.138,0.019,0.503,0.542,312,309,115,212,97
2023-24,Postup,22023,1610612748,MIA,Miami Heat,Defensive,0.828,82,0.038,0.937,0.477,0.168,0.132,0.159,0.021,0.485,0.477,334,313,115,241,126
2023-24,Postup,22023,1610612739,CLE,Cleveland Cavaliers,Defensive,0.655,82,0.038,0.965,0.489,0.127,0.103,0.118,0.032,0.484,0.489,339,327,133,272,139
2023-24,Postup,22023,1610612757,POR,Portland Trail Blazers,Defensive,0.103,82,0.034,1.08,0.571,0.193,0.145,0.164,0.042,0.55,0.571,311,336,125,219,94
2023-24,Postup,22023,1610612761,TOR,Toronto Raptors,Defensive,0.379,82,0.037,0.988,0.529,0.135,0.132,0.114,0.023,0.503,0.529,342,338,137,259,122
2023-24,Postup,22023,1610612756,PHX,Phoenix Suns,Defensive,0.69,81,0.039,0.963,0.494,0.159,0.119,0.136,0.04,0.49,0.494,353,340,133,269,136
2023-24,Postup,22023,1610612759,SAS,San Antonio Spurs,Defensive,0.586,82,0.04,0.97,0.505,0.146,0.105,0.132,0.03,0.499,0.505,371,360,146,289,143
2023-24,Postup,22023,1610612737,ATL,Atlanta Hawks,Defensive,0.31,82,0.039,0.994,0.509,0.157,0.11,0.146,0.044,0.5,0.509,362,360,143,281,138
2023-24,Postup,22023,1610612758,SAC,Sacramento Kings,Defensive,0.448,81,0.041,0.981,0.498,0.16,0.117,0.138,0.027,0.501,0.498,369,362,138,277,139
2023-24,Postup,22023,1610612753,ORL,Orlando Magic,Defensive,0.241,82,0.041,1.014,0.526,0.144,0.122,0.136,0.028,0.511,0.526,360,365,144,274,130
2023-24,Postup,22023,1610612742,DAL,Dallas Mavericks,Defensive,0.414,82,0.041,0.981,0.518,0.144,0.136,0.128,0.029,0.503,0.518,376,369,146,282,136
2023-24,Postup,22023,1610612763,MEM,Memphis Grizzlies,Defensive,0.897,82,0.045,0.916,0.505,0.167,0.175,0.138,0.02,0.483,0.505,406,372,139,275,136
2023-24,Postup,22023,1610612741,CHI,Chicago Bulls,Defensive,0.724,82,0.043,0.959,0.502,0.178,0.139,0.165,0.036,0.492,0.502,388,372,140,279,139
2023-24,Postup,22023,1610612766,CHA,Charlotte Hornets,Defensive,0.069,82,0.039,1.088,0.553,0.193,0.114,0.179,0.051,0.551,0.553,352,383,145,262,117
2023-24,Postup,22023,1610612738,BOS,Boston Celtics,Defensive,0.552,81,0.046,0.973,0.497,0.123,0.096,0.115,0.025,0.494,0.497,407,396,163,328,165
2023-24,Postup,22023,1610612762,UTA,Utah Jazz,Defensive,0.172,82,0.043,1.017,0.536,0.18,0.125,0.147,0.025,0.526,0.536,401,408,155,289,134
2023-24,Postup,22023,1610612743,DEN,Denver Nuggets,Defensive,0.517,82,0.047,0.976,0.488,0.14,0.097,0.135,0.017,0.504,0.488,421,411,160,328,168
2023-24,Postup,22023,1610612751,BKN,Brooklyn Nets,Defensive,0.483,82,0.049,0.979,0.512,0.141,0.116,0.125,0.018,0.508,0.512,439,430,171,334,163
2023-24,Postup,22023,1610612760,OKC,Oklahoma City Thunder,Defensive,0.759,82,0.048,0.958,0.524,0.166,0.175,0.142,0.022,0.494,0.524,451,432,161,307,146
2023-24,Postup,22023,1610612744,GSW,Golden State Warriors,Defensive,0.793,82,0.051,0.938,0.495,0.134,0.13,0.125,0.04,0.469,0.495,471,442,181,366,185
2023-24,Postup,22023,1610612745,HOU,Houston Rockets,Defensive,0.276,82,0.054,0.996,0.52,0.195,0.133,0.171,0.044,0.517,0.52,497,495,185,356,171
2023-24,Postup,22023,1610612765,DET,Detroit Pistons,Defensive,0,82,0.048,1.155,0.569,0.203,0.077,0.178,0.052,0.585,0.569,439,507,193,339,146
2023-24,Postup,22023,1610612764,WAS,Washington Wizards,Defensive,0.034,82,0.05,1.09,0.547,0.188,0.092,0.154,0.04,0.557,0.547,479,522,199,364,165
2023-24,Postup,22023,1610612754,IND,Indiana Pacers,Defensive,0.138,81,0.055,1.065,0.535,0.171,0.089,0.157,0.036,0.538,0.535,504,537,209,391,182
2023-24,Spotup,22023,1610612754,IND,Indiana Pacers,Defensive,0.621,81,0.183,1.03,0.4,0.058,0.051,0.053,0.015,0.402,0.521,1695,1746,614,1536,922
2023-24,Spotup,22023,1610612753,ORL,Orlando Magic,Defensive,0.931,82,0.216,1.008,0.396,0.05,0.067,0.049,0.013,0.392,0.522,1902,1918,675,1704,1029
2023-24,Spotup,22023,1610612750,MIN,Minnesota Timberwolves,Defensive,0.966,82,0.218,0.993,0.376,0.051,0.05,0.047,0.012,0.381,0.504,1963,1950,672,1787,1115
2023-24,Spotup,22023,1610612757,POR,Portland Trail Blazers,Defensive,0.483,82,0.218,1.038,0.399,0.059,0.057,0.055,0.016,0.401,0.529,1965,2040,706,1768,1062
2023-24,Spotup,22023,1610612759,SAS,San Antonio Spurs,Defensive,0.345,82,0.209,1.063,0.407,0.039,0.053,0.038,0.006,0.404,0.549,1952,2074,726,1782,1056
2023-24,Spotup,22023,1610612765,DET,Detroit Pistons,Defensive,0.379,82,0.218,1.049,0.402,0.055,0.05,0.051,0.014,0.406,0.534,1994,2091,728,1812,1084
2023-24,Spotup,22023,1610612752,NYK,New York Knicks,Defensive,0.69,81,0.237,1.026,0.393,0.047,0.052,0.044,0.009,0.392,0.527,2049,2103,733,1865,1132
2023-24,Spotup,22023,1610612738,BOS,Boston Celtics,Defensive,0.517,81,0.229,1.034,0.395,0.04,0.049,0.038,0.011,0.393,0.528,2044,2114,745,1884,1139
2023-24,Spotup,22023,1610612751,BKN,Brooklyn Nets,Defensive,0.586,82,0.23,1.032,0.392,0.04,0.049,0.035,0.007,0.391,0.528,2062,2129,742,1894,1152
2023-24,Spotup,22023,1610612745,HOU,Houston Rockets,Defensive,0.552,82,0.224,1.034,0.396,0.049,0.049,0.047,0.012,0.397,0.527,2060,2130,747,1884,1137
2023-24,Spotup,22023,1610612743,DEN,Denver Nuggets,Defensive,1,82,0.244,0.989,0.388,0.056,0.058,0.053,0.014,0.388,0.506,2178,2155,761,1960,1199
2023-24,Spotup,22023,1610612749,MIL,Milwaukee Bucks,Defensive,0.069,81,0.218,1.09,0.422,0.047,0.056,0.043,0.013,0.417,0.561,1981,2160,761,1804,1043
2023-24,Spotup,22023,1610612756,PHX,Phoenix Suns,Defensive,0.448,81,0.234,1.039,0.395,0.05,0.053,0.045,0.012,0.396,0.533,2106,2188,756,1915,1159
2023-24,Spotup,22023,1610612746,LAC,LA Clippers,Defensive,0.724,82,0.24,1.023,0.395,0.042,0.06,0.04,0.006,0.389,0.53,2171,2221,775,1963,1188
2023-24,Spotup,22023,1610612739,CLE,Cleveland Cavaliers,Defensive,0.414,82,0.239,1.043,0.399,0.045,0.057,0.043,0.007,0.397,0.541,2141,2232,772,1937,1165
2023-24,Spotup,22023,1610612747,LAL,Los Angeles Lakers,Defensive,0.207,81,0.224,1.083,0.414,0.035,0.044,0.035,0.006,0.412,0.555,2068,2239,794,1916,1122
2023-24,Spotup,22023,1610612742,DAL,Dallas Mavericks,Defensive,0.793,82,0.241,1.021,0.386,0.047,0.044,0.045,0.011,0.389,0.517,2223,2270,789,2046,1257
2023-24,Spotup,22023,1610612755,PHI,Philadelphia 76ers,Defensive,0.862,82,0.248,1.016,0.384,0.061,0.06,0.056,0.014,0.388,0.515,2249,2284,772,2008,1236
2023-24,Spotup,22023,1610612764,WAS,Washington Wizards,Defensive,0.828,82,0.237,1.019,0.395,0.046,0.055,0.04,0.014,0.392,0.523,2255,2298,814,2060,1246
2023-24,Spotup,22023,1610612762,UTA,Utah Jazz,Defensive,0.034,82,0.226,1.113,0.418,0.045,0.045,0.043,0.007,0.418,0.572,2090,2327,800,1915,1115
2023-24,Spotup,22023,1610612744,GSW,Golden State Warriors,Defensive,0.897,82,0.251,1.013,0.386,0.05,0.046,0.047,0.01,0.389,0.517,2304,2335,812,2105,1293
2023-24,Spotup,22023,1610612740,NOP,New Orleans Pelicans,Defensive,0.759,81,0.267,1.021,0.394,0.042,0.059,0.039,0.01,0.39,0.528,2362,2412,846,2145,1299
2023-24,Spotup,22023,1610612763,MEM,Memphis Grizzlies,Defensive,0.276,82,0.251,1.075,0.413,0.043,0.06,0.04,0.008,0.406,0.561,2281,2453,853,2066,1213
2023-24,Spotup,22023,1610612737,ATL,Atlanta Hawks,Defensive,0,82,0.244,1.134,0.428,0.044,0.045,0.042,0.013,0.424,0.581,2252,2554,891,2081,1190
2023-24,Spotup,22023,1610612761,TOR,Toronto Raptors,Defensive,0.138,82,0.258,1.085,0.418,0.047,0.05,0.044,0.011,0.416,0.559,2384,2587,911,2181,1270
2023-24,Spotup,22023,1610612741,CHI,Chicago Bulls,Defensive,0.31,82,0.275,1.063,0.4,0.042,0.051,0.036,0.008,0.399,0.548,2462,2618,901,2252,1351
2023-24,Spotup,22023,1610612758,SAC,Sacramento Kings,Defensive,0.172,81,0.273,1.084,0.416,0.054,0.054,0.048,0.015,0.416,0.555,2428,2632,915,2202,1287
2023-24,Spotup,22023,1610612760,OKC,Oklahoma City Thunder,Defensive,0.655,82,0.275,1.027,0.39,0.048,0.059,0.044,0.007,0.391,0.53,2582,2653,906,2323,1417
2023-24,Spotup,22023,1610612748,MIA,Miami Heat,Defensive,0.241,82,0.286,1.081,0.424,0.048,0.061,0.043,0.014,0.415,0.561,2516,2720,965,2277,1312
2023-24,Spotup,22023,1610612766,CHA,Charlotte Hornets,Defensive,0.103,82,0.284,1.09,0.424,0.055,0.059,0.053,0.013,0.421,0.562,2543,2772,968,2285,1317
2023-24,Handoff,22023,1610612748,MIA,Miami Heat,Defensive,0.966,82,0.04,0.815,0.367,0.073,0.107,0.073,0.014,0.36,0.421,356,290,109,297,188
2023-24,Handoff,22023,1610612763,MEM,Memphis Grizzlies,Defensive,1,82,0.049,0.789,0.355,0.073,0.118,0.066,0.009,0.354,0.406,441,348,128,361,233
2023-24,Handoff,22023,1610612755,PHI,Philadelphia 76ers,Defensive,0.759,82,0.043,0.891,0.406,0.084,0.122,0.069,0.018,0.393,0.473,394,351,130,320,190
2023-24,Handoff,22023,1610612752,NYK,New York Knicks,Defensive,0.517,81,0.045,0.92,0.425,0.085,0.122,0.083,0.018,0.407,0.495,386,355,133,313,180
2023-24,Handoff,22023,1610612740,NOP,New Orleans Pelicans,Defensive,0.793,81,0.046,0.877,0.36,0.074,0.098,0.074,0.017,0.361,0.451,407,357,124,344,220
2023-24,Handoff,22023,1610612737,ATL,Atlanta Hawks,Defensive,0.862,82,0.045,0.865,0.403,0.058,0.143,0.051,0.01,0.374,0.481,414,358,135,335,200
2023-24,Handoff,22023,1610612751,BKN,Brooklyn Nets,Defensive,0.724,82,0.045,0.891,0.37,0.072,0.087,0.059,0.015,0.374,0.448,404,360,128,346,218
2023-24,Handoff,22023,1610612764,WAS,Washington Wizards,Defensive,0.69,82,0.043,0.893,0.381,0.088,0.095,0.08,0.015,0.39,0.446,410,366,130,341,211
2023-24,Handoff,22023,1610612766,CHA,Charlotte Hornets,Defensive,0.414,82,0.043,0.946,0.426,0.072,0.101,0.067,0.026,0.407,0.497,388,367,141,331,190
2023-24,Handoff,22023,1610612762,UTA,Utah Jazz,Defensive,0.828,82,0.046,0.872,0.382,0.057,0.088,0.055,0.007,0.379,0.456,422,368,139,364,225
2023-24,Handoff,22023,1610612758,SAC,Sacramento Kings,Defensive,0.276,81,0.043,0.974,0.415,0.117,0.083,0.107,0.016,0.432,0.486,384,374,130,313,183
2023-24,Handoff,22023,1610612746,LAC,LA Clippers,Defensive,0.931,82,0.05,0.843,0.368,0.079,0.124,0.073,0.02,0.355,0.447,453,382,136,370,234
2023-24,Handoff,22023,1610612761,TOR,Toronto Raptors,Defensive,0.483,82,0.044,0.942,0.442,0.068,0.129,0.056,0.012,0.416,0.513,411,387,148,335,187
2023-24,Handoff,22023,1610612756,PHX,Phoenix Suns,Defensive,0.897,81,0.05,0.861,0.377,0.066,0.099,0.062,0.015,0.369,0.448,453,390,145,385,240
2023-24,Handoff,22023,1610612741,CHI,Chicago Bulls,Defensive,0.207,82,0.047,0.998,0.459,0.053,0.139,0.048,0.014,0.414,0.565,418,417,158,344,186
2023-24,Handoff,22023,1610612744,GSW,Golden State Warriors,Defensive,0.379,82,0.047,0.965,0.404,0.088,0.085,0.083,0.018,0.411,0.481,433,418,148,366,218
2023-24,Handoff,22023,1610612760,OKC,Oklahoma City Thunder,Defensive,0.621,82,0.05,0.902,0.415,0.062,0.128,0.055,0.015,0.387,0.486,470,424,161,388,227
2023-24,Handoff,22023,1610612743,DEN,Denver Nuggets,Defensive,0.103,82,0.047,1.009,0.43,0.08,0.087,0.073,0.009,0.433,0.515,423,427,153,356,203
2023-24,Handoff,22023,1610612739,CLE,Cleveland Cavaliers,Defensive,0.138,82,0.048,1.007,0.432,0.117,0.096,0.112,0.035,0.437,0.511,428,431,152,352,200
2023-24,Handoff,22023,1610612753,ORL,Orlando Magic,Defensive,0.586,82,0.055,0.902,0.401,0.093,0.131,0.087,0.017,0.386,0.48,482,435,153,382,229
2023-24,Handoff,22023,1610612742,DAL,Dallas Mavericks,Defensive,0.069,82,0.046,1.019,0.466,0.087,0.096,0.084,0.021,0.452,0.535,427,435,167,358,191
2023-24,Handoff,22023,1610612738,BOS,Boston Celtics,Defensive,0.172,81,0.05,1,0.445,0.05,0.077,0.05,0.014,0.431,0.528,443,443,175,393,218
2023-24,Handoff,22023,1610612745,HOU,Houston Rockets,Defensive,0.448,82,0.053,0.945,0.425,0.077,0.118,0.073,0.014,0.409,0.499,491,464,171,402,231
2023-24,Handoff,22023,1610612765,DET,Detroit Pistons,Defensive,0.31,82,0.053,0.969,0.428,0.075,0.101,0.064,0.012,0.418,0.51,483,468,173,404,231
2023-24,Handoff,22023,1610612749,MIL,Milwaukee Bucks,Defensive,0.655,81,0.058,0.894,0.401,0.072,0.095,0.07,0.021,0.394,0.459,528,472,181,451,270
2023-24,Handoff,22023,1610612750,MIN,Minnesota Timberwolves,Defensive,0.552,82,0.058,0.912,0.408,0.105,0.105,0.082,0.013,0.411,0.461,525,479,172,422,250
2023-24,Handoff,22023,1610612747,LAL,Los Angeles Lakers,Defensive,0.241,81,0.054,0.99,0.433,0.077,0.105,0.073,0.01,0.425,0.516,494,489,177,409,232
2023-24,Handoff,22023,1610612754,IND,Indiana Pacers,Defensive,0.345,81,0.057,0.966,0.431,0.102,0.112,0.098,0.025,0.42,0.506,529,511,185,429,244
2023-24,Handoff,22023,1610612757,POR,Portland Trail Blazers,Defensive,0,82,0.051,1.121,0.473,0.089,0.076,0.078,0.015,0.474,0.575,462,518,186,393,207
2023-24,Handoff,22023,1610612759,SAS,San Antonio Spurs,Defensive,0.034,82,0.054,1.042,0.456,0.072,0.084,0.066,0.006,0.448,0.545,500,521,194,425,231
2023-24,Cut,22023,1610612753,ORL,Orlando Magic,Defensive,0.31,82,0.055,1.345,0.7,0.143,0.06,0.136,0.041,0.68,0.7,484,651,284,406,122
2023-24,Cut,22023,1610612738,BOS,Boston Celtics,Defensive,0.862,81,0.059,1.247,0.638,0.146,0.049,0.142,0.034,0.636,0.638,527,657,282,442,160
2023-24,Cut,22023,1610612745,HOU,Houston Rockets,Defensive,0.276,82,0.055,1.347,0.696,0.183,0.061,0.174,0.036,0.69,0.696,507,683,279,401,122
2023-24,Cut,22023,1610612752,NYK,New York Knicks,Defensive,0.379,81,0.062,1.333,0.683,0.142,0.05,0.134,0.05,0.669,0.683,537,716,315,461,146
2023-24,Cut,22023,1610612756,PHX,Phoenix Suns,Defensive,0.655,81,0.063,1.3,0.669,0.145,0.057,0.14,0.039,0.655,0.669,566,736,317,474,157
2023-24,Cut,22023,1610612750,MIN,Minnesota Timberwolves,Defensive,0.966,82,0.067,1.228,0.623,0.155,0.053,0.153,0.038,0.626,0.623,601,738,311,499,188
2023-24,Cut,22023,1610612741,CHI,Chicago Bulls,Defensive,0.241,82,0.062,1.351,0.684,0.137,0.042,0.134,0.036,0.678,0.684,553,747,324,474,150
2023-24,Cut,22023,1610612747,LAL,Los Angeles Lakers,Defensive,0.897,81,0.067,1.244,0.629,0.134,0.053,0.134,0.037,0.627,0.629,619,770,331,526,195
2023-24,Cut,22023,1610612754,IND,Indiana Pacers,Defensive,0.724,81,0.065,1.288,0.665,0.125,0.055,0.117,0.03,0.652,0.665,600,773,339,510,171
2023-24,Cut,22023,1610612751,BKN,Brooklyn Nets,Defensive,0.69,82,0.067,1.294,0.643,0.131,0.046,0.131,0.033,0.647,0.643,603,780,332,516,184
2023-24,Cut,22023,1610612765,DET,Detroit Pistons,Defensive,0,82,0.061,1.399,0.713,0.165,0.055,0.15,0.043,0.701,0.713,559,782,328,460,132
2023-24,Cut,22023,1610612749,MIL,Milwaukee Bucks,Defensive,0.931,81,0.071,1.234,0.621,0.146,0.053,0.138,0.039,0.624,0.621,646,797,337,543,206
2023-24,Cut,22023,1610612746,LAC,LA Clippers,Defensive,1,82,0.074,1.202,0.606,0.141,0.058,0.14,0.03,0.609,0.606,673,809,339,559,220
2023-24,Cut,22023,1610612743,DEN,Denver Nuggets,Defensive,0.759,82,0.072,1.275,0.642,0.142,0.05,0.136,0.042,0.634,0.642,640,816,349,544,195
2023-24,Cut,22023,1610612744,GSW,Golden State Warriors,Defensive,0.793,82,0.07,1.269,0.641,0.145,0.056,0.144,0.049,0.629,0.641,647,821,352,549,197
2023-24,Cut,22023,1610612759,SAS,San Antonio Spurs,Defensive,0.517,82,0.067,1.313,0.669,0.144,0.053,0.139,0.043,0.657,0.669,627,823,355,531,176
2023-24,Cut,22023,1610612739,CLE,Cleveland Cavaliers,Defensive,0.448,82,0.07,1.325,0.682,0.164,0.062,0.158,0.041,0.67,0.682,628,832,349,512,163
2023-24,Cut,22023,1610612763,MEM,Memphis Grizzlies,Defensive,0.034,82,0.067,1.38,0.698,0.163,0.048,0.162,0.041,0.696,0.698,606,836,351,503,152
2023-24,Cut,22023,1610612748,MIA,Miami Heat,Defensive,0.414,82,0.072,1.332,0.683,0.146,0.058,0.142,0.033,0.671,0.683,635,846,359,526,167
2023-24,Cut,22023,1610612762,UTA,Utah Jazz,Defensive,0.828,82,0.073,1.261,0.642,0.149,0.058,0.146,0.052,0.631,0.642,678,855,368,573,205
2023-24,Cut,22023,1610612760,OKC,Oklahoma City Thunder,Defensive,0.345,82,0.069,1.337,0.677,0.158,0.051,0.152,0.042,0.674,0.677,644,861,363,536,173
2023-24,Cut,22023,1610612766,CHA,Charlotte Hornets,Defensive,0.103,82,0.072,1.361,0.701,0.139,0.061,0.133,0.036,0.681,0.701,640,871,375,535,160
2023-24,Cut,22023,1610612742,DAL,Dallas Mavericks,Defensive,0.621,82,0.074,1.304,0.683,0.146,0.063,0.145,0.032,0.668,0.683,678,884,381,558,177
2023-24,Cut,22023,1610612757,POR,Portland Trail Blazers,Defensive,0.172,82,0.073,1.353,0.697,0.146,0.059,0.139,0.04,0.682,0.697,657,889,382,548,166
2023-24,Cut,22023,1610612758,SAC,Sacramento Kings,Defensive,0.552,81,0.076,1.311,0.678,0.146,0.062,0.138,0.041,0.66,0.678,679,890,384,566,182
2023-24,Cut,22023,1610612740,NOP,New Orleans Pelicans,Defensive,0.069,81,0.074,1.375,0.705,0.131,0.044,0.13,0.037,0.69,0.705,654,899,397,563,166
2023-24,Cut,22023,1610612761,TOR,Toronto Raptors,Defensive,0.207,82,0.073,1.351,0.682,0.15,0.055,0.147,0.039,0.679,0.682,675,912,384,563,179
2023-24,Cut,22023,1610612737,ATL,Atlanta Hawks,Defensive,0.138,82,0.075,1.356,0.69,0.161,0.061,0.155,0.038,0.679,0.69,689,934,388,562,174
2023-24,Cut,22023,1610612764,WAS,Washington Wizards,Defensive,0.586,82,0.077,1.308,0.694,0.15,0.076,0.147,0.046,0.663,0.694,734,960,418,602,184
2023-24,Cut,22023,1610612755,PHI,Philadelphia 76ers,Defensive,0.483,82,0.081,1.314,0.673,0.169,0.061,0.161,0.038,0.665,0.673,732,962,398,591,193
2023-24,OffScreen,22023,1610612738,BOS,Boston Celtics,Defensive,0.828,81,0.028,0.952,0.399,0.036,0.083,0.028,0.004,0.381,0.513,252,240,89,223,134
2023-24,OffScreen,22023,1610612755,PHI,Philadelphia 76ers,Defensive,0.793,82,0.029,0.954,0.397,0.073,0.1,0.069,0.011,0.395,0.502,261,249,87,219,132
2023-24,OffScreen,22023,1610612748,MIA,Miami Heat,Defensive,0.931,82,0.032,0.899,0.369,0.072,0.068,0.068,0.018,0.374,0.455,278,250,90,244,154
2023-24,OffScreen,22023,1610612753,ORL,Orlando Magic,Defensive,0.966,82,0.035,0.874,0.342,0.068,0.061,0.042,0.01,0.359,0.43,309,270,93,272,179
2023-24,OffScreen,22023,1610612746,LAC,LA Clippers,Defensive,0.586,82,0.031,0.986,0.409,0.06,0.074,0.06,0.011,0.408,0.502,282,278,101,247,146
2023-24,OffScreen,22023,1610612737,ATL,Atlanta Hawks,Defensive,1,82,0.035,0.861,0.353,0.04,0.062,0.037,0.012,0.346,0.439,324,279,104,295,191
2023-24,OffScreen,22023,1610612752,NYK,New York Knicks,Defensive,0.897,81,0.036,0.946,0.377,0.077,0.077,0.077,0.013,0.385,0.478,312,295,101,268,167
2023-24,OffScreen,22023,1610612744,GSW,Golden State Warriors,Defensive,0.214,82,0.031,1.067,0.403,0.07,0.056,0.067,0.014,0.414,0.528,285,304,102,253,151
2023-24,OffScreen,22023,1610612743,DEN,Denver Nuggets,Defensive,0.69,82,0.036,0.972,0.408,0.072,0.088,0.072,0.013,0.401,0.507,319,310,111,272,161
2023-24,OffScreen,22023,1610612757,POR,Portland Trail Blazers,Defensive,0.448,82,0.034,1.04,0.436,0.063,0.056,0.056,0.02,0.432,0.527,303,315,119,273,154
2023-24,OffScreen,22023,1610612739,CLE,Cleveland Cavaliers,Defensive,0.276,82,0.033,1.061,0.437,0.081,0.101,0.067,0.013,0.431,0.559,297,315,108,247,139
2023-24,OffScreen,22023,1610612763,MEM,Memphis Grizzlies,Defensive,0.517,82,0.034,1.019,0.432,0.039,0.071,0.035,0.01,0.418,0.538,311,317,121,280,159
2023-24,OffScreen,22023,1610612740,NOP,New Orleans Pelicans,Defensive,0.552,81,0.036,1.009,0.39,0.066,0.054,0.066,0.028,0.392,0.502,316,319,112,287,175
2023-24,OffScreen,22023,1610612745,HOU,Houston Rockets,Defensive,0.214,82,0.033,1.067,0.433,0.07,0.077,0.07,0.023,0.423,0.559,300,320,114,263,149
2023-24,OffScreen,22023,1610612760,OKC,Oklahoma City Thunder,Defensive,0.759,82,0.036,0.965,0.392,0.064,0.088,0.056,0.018,0.383,0.512,342,330,116,296,180
2023-24,OffScreen,22023,1610612758,SAC,Sacramento Kings,Defensive,0.379,81,0.035,1.051,0.431,0.086,0.057,0.073,0.022,0.439,0.527,314,330,119,276,157
2023-24,OffScreen,22023,1610612751,BKN,Brooklyn Nets,Defensive,0.621,82,0.037,0.985,0.401,0.077,0.071,0.074,0.009,0.414,0.498,336,331,116,289,173
2023-24,OffScreen,22023,1610612741,CHI,Chicago Bulls,Defensive,0.862,82,0.04,0.947,0.374,0.087,0.064,0.081,0.017,0.391,0.471,358,339,116,310,194
2023-24,OffScreen,22023,1610612766,CHA,Charlotte Hornets,Defensive,0.069,82,0.034,1.13,0.45,0.083,0.067,0.077,0.017,0.457,0.563,300,339,117,260,143
2023-24,OffScreen,22023,1610612749,MIL,Milwaukee Bucks,Defensive,0.483,81,0.036,1.03,0.423,0.06,0.048,0.057,0.015,0.429,0.522,331,341,127,300,173
2023-24,OffScreen,22023,1610612750,MIN,Minnesota Timberwolves,Defensive,0.724,82,0.04,0.966,0.412,0.065,0.073,0.062,0.011,0.41,0.497,356,344,128,311,183
2023-24,OffScreen,22023,1610612756,PHX,Phoenix Suns,Defensive,0.103,81,0.035,1.088,0.435,0.057,0.072,0.053,0.019,0.425,0.562,318,346,123,283,160
2023-24,OffScreen,22023,1610612761,TOR,Toronto Raptors,Defensive,0.414,82,0.037,1.041,0.427,0.059,0.067,0.047,0.012,0.422,0.533,341,355,129,302,173
2023-24,OffScreen,22023,1610612762,UTA,Utah Jazz,Defensive,0.31,82,0.037,1.058,0.421,0.064,0.058,0.055,0.017,0.42,0.534,345,365,130,309,179
2023-24,OffScreen,22023,1610612765,DET,Detroit Pistons,Defensive,0.172,82,0.038,1.071,0.449,0.074,0.086,0.066,0.026,0.437,0.558,350,375,136,303,167
2023-24,OffScreen,22023,1610612759,SAS,San Antonio Spurs,Defensive,0.655,82,0.041,0.979,0.419,0.054,0.07,0.052,0.008,0.415,0.509,386,378,143,341,198
2023-24,OffScreen,22023,1610612754,IND,Indiana Pacers,Defensive,0.138,81,0.039,1.075,0.458,0.103,0.067,0.1,0.019,0.472,0.538,360,387,140,306,166
2023-24,OffScreen,22023,1610612742,DAL,Dallas Mavericks,Defensive,0,82,0.037,1.141,0.474,0.059,0.065,0.047,0.012,0.465,0.591,340,388,143,302,159
2023-24,OffScreen,22023,1610612764,WAS,Washington Wizards,Defensive,0.345,82,0.041,1.056,0.436,0.066,0.056,0.061,0.018,0.439,0.535,394,416,154,353,199
2023-24,OffScreen,22023,1610612747,LAL,Los Angeles Lakers,Defensive,0.034,81,0.044,1.132,0.444,0.061,0.039,0.059,0.012,0.454,0.566,410,464,166,374,208
2023-24,OffRebound,22023,1610612758,SAC,Sacramento Kings,Defensive,1,81,0.044,1.033,0.525,0.113,0.074,0.1,0.02,0.519,0.529,391,404,171,326,155
2023-24,OffRebound,22023,1610612750,MIN,Minnesota Timberwolves,Defensive,0.828,82,0.049,1.064,0.524,0.13,0.057,0.124,0.039,0.538,0.527,437,465,195,372,177
2023-24,OffRebound,22023,1610612741,CHI,Chicago Bulls,Defensive,0.655,82,0.05,1.095,0.571,0.148,0.08,0.137,0.022,0.569,0.577,452,495,205,359,154
2023-24,OffRebound,22023,1610612740,NOP,New Orleans Pelicans,Defensive,0.69,81,0.052,1.073,0.538,0.145,0.071,0.13,0.015,0.553,0.539,463,497,199,370,171
2023-24,OffRebound,22023,1610612739,CLE,Cleveland Cavaliers,Defensive,0.931,82,0.054,1.035,0.539,0.105,0.091,0.095,0.021,0.519,0.545,484,501,215,399,184
2023-24,OffRebound,22023,1610612743,DEN,Denver Nuggets,Defensive,0.897,82,0.055,1.041,0.536,0.106,0.067,0.102,0.02,0.532,0.54,489,509,222,414,192
2023-24,OffRebound,22023,1610612749,MIL,Milwaukee Bucks,Defensive,0.552,81,0.05,1.114,0.571,0.096,0.081,0.096,0.028,0.551,0.576,457,509,222,389,167
2023-24,OffRebound,22023,1610612755,PHI,Philadelphia 76ers,Defensive,0.724,82,0.053,1.071,0.557,0.123,0.098,0.113,0.025,0.538,0.565,478,512,214,384,170
2023-24,OffRebound,22023,1610612765,DET,Detroit Pistons,Defensive,0.276,82,0.048,1.166,0.573,0.157,0.048,0.141,0.032,0.592,0.577,439,512,208,363,155
2023-24,OffRebound,22023,1610612753,ORL,Orlando Magic,Defensive,0.172,82,0.05,1.175,0.61,0.132,0.075,0.121,0.032,0.595,0.617,439,516,221,362,141
2023-24,OffRebound,22023,1610612748,MIA,Miami Heat,Defensive,0.138,82,0.05,1.188,0.606,0.135,0.071,0.133,0.039,0.594,0.614,436,518,220,363,143
2023-24,OffRebound,22023,1610612756,PHX,Phoenix Suns,Defensive,0.759,81,0.054,1.068,0.555,0.109,0.074,0.107,0.029,0.533,0.558,486,519,228,411,183
2023-24,OffRebound,22023,1610612747,LAL,Los Angeles Lakers,Defensive,0.621,81,0.051,1.104,0.567,0.11,0.07,0.106,0.021,0.549,0.574,472,521,225,397,172
2023-24,OffRebound,22023,1610612752,NYK,New York Knicks,Defensive,0.966,81,0.058,1.034,0.534,0.135,0.079,0.131,0.03,0.525,0.535,505,522,220,412,192
2023-24,OffRebound,22023,1610612763,MEM,Memphis Grizzlies,Defensive,0.862,82,0.055,1.062,0.543,0.121,0.091,0.117,0.03,0.527,0.552,497,528,221,407,186
2023-24,OffRebound,22023,1610612745,HOU,Houston Rockets,Defensive,0.793,82,0.054,1.066,0.545,0.139,0.076,0.131,0.034,0.539,0.549,497,530,222,407,185
2023-24,OffRebound,22023,1610612757,POR,Portland Trail Blazers,Defensive,0.379,82,0.052,1.142,0.576,0.137,0.064,0.131,0.032,0.579,0.576,466,532,223,387,164
2023-24,OffRebound,22023,1610612751,BKN,Brooklyn Nets,Defensive,0.586,82,0.056,1.112,0.556,0.116,0.072,0.112,0.024,0.551,0.561,501,557,233,419,186
2023-24,OffRebound,22023,1610612744,GSW,Golden State Warriors,Defensive,0.345,82,0.054,1.148,0.582,0.134,0.081,0.119,0.032,0.569,0.589,494,567,235,404,169
2023-24,OffRebound,22023,1610612762,UTA,Utah Jazz,Defensive,0.31,82,0.053,1.157,0.582,0.106,0.061,0.1,0.035,0.574,0.59,491,568,248,426,178
2023-24,OffRebound,22023,1610612738,BOS,Boston Celtics,Defensive,0.483,81,0.056,1.136,0.591,0.118,0.082,0.112,0.024,0.579,0.592,501,569,244,413,169
2023-24,OffRebound,22023,1610612742,DAL,Dallas Mavericks,Defensive,0.414,82,0.055,1.139,0.597,0.143,0.09,0.128,0.033,0.57,0.598,509,580,243,407,164
2023-24,OffRebound,22023,1610612737,ATL,Atlanta Hawks,Defensive,0.207,82,0.054,1.175,0.599,0.127,0.072,0.124,0.034,0.59,0.607,498,585,249,416,167
2023-24,OffRebound,22023,1610612759,SAS,San Antonio Spurs,Defensive,0.103,82,0.053,1.189,0.605,0.11,0.057,0.1,0.02,0.596,0.608,492,585,254,420,166
2023-24,OffRebound,22023,1610612746,LAC,LA Clippers,Defensive,0.448,82,0.057,1.139,0.579,0.116,0.058,0.11,0.039,0.571,0.582,517,589,259,447,188
2023-24,OffRebound,22023,1610612766,CHA,Charlotte Hornets,Defensive,0,82,0.056,1.221,0.625,0.11,0.058,0.106,0.03,0.61,0.631,498,608,268,429,161
2023-24,OffRebound,22023,1610612761,TOR,Toronto Raptors,Defensive,0.069,82,0.056,1.193,0.613,0.099,0.079,0.097,0.027,0.584,0.624,517,617,269,439,170
2023-24,OffRebound,22023,1610612754,IND,Indiana Pacers,Defensive,0.241,81,0.057,1.17,0.6,0.121,0.061,0.112,0.025,0.591,0.604,528,618,267,445,178
2023-24,OffRebound,22023,1610612760,OKC,Oklahoma City Thunder,Defensive,0.517,82,0.059,1.132,0.563,0.153,0.068,0.142,0.041,0.564,0.566,555,628,256,455,199
2023-24,OffRebound,22023,1610612764,WAS,Washington Wizards,Defensive,0.034,82,0.057,1.202,0.614,0.109,0.063,0.107,0.026,0.604,0.617,540,649,283,461,178
2023-24,Misc,22023,1610612738,BOS,Boston Celtics,Defensive,1,81,0.042,0.344,0.274,0.121,0.57,0.013,0.005,0.18,0.312,372,128,32,117,85
2023-24,Misc,22023,1610612747,LAL,Los Angeles Lakers,Defensive,0.966,81,0.045,0.348,0.321,0.11,0.635,0.017,0.007,0.18,0.349,417,145,35,109,74
2023-24,Misc,22023,1610612750,MIN,Minnesota Timberwolves,Defensive,0.862,82,0.052,0.42,0.366,0.181,0.612,0.028,0.011,0.235,0.401,464,195,37,101,64
2023-24,Misc,22023,1610612760,OKC,Oklahoma City Thunder,Defensive,0.931,82,0.053,0.406,0.307,0.191,0.637,0.018,0.006,0.237,0.33,493,200,27,88,61
2023-24,Misc,22023,1610612748,MIA,Miami Heat,Defensive,0.828,82,0.052,0.438,0.356,0.162,0.613,0.026,0.002,0.234,0.385,457,200,37,104,67
2023-24,Misc,22023,1610612740,NOP,New Orleans Pelicans,Defensive,0.793,81,0.049,0.464,0.366,0.186,0.582,0.016,0.002,0.255,0.386,431,200,37,101,64
2023-24,Misc,22023,1610612752,NYK,New York Knicks,Defensive,0.724,81,0.049,0.489,0.36,0.173,0.558,0.029,0.002,0.254,0.408,421,206,41,114,73
2023-24,Misc,22023,1610612753,ORL,Orlando Magic,Defensive,0.897,82,0.059,0.42,0.302,0.189,0.592,0.036,0.002,0.242,0.332,524,220,35,116,81
2023-24,Misc,22023,1610612766,CHA,Charlotte Hornets,Defensive,0.552,82,0.047,0.531,0.4,0.218,0.574,0.026,0.007,0.289,0.456,418,222,36,90,54
2023-24,Misc,22023,1610612755,PHI,Philadelphia 76ers,Defensive,0.621,82,0.05,0.512,0.343,0.22,0.554,0.033,0.013,0.271,0.366,451,231,37,108,71
2023-24,Misc,22023,1610612739,CLE,Cleveland Cavaliers,Defensive,0.586,82,0.051,0.525,0.356,0.174,0.508,0.026,0.004,0.274,0.387,453,238,52,146,94
2023-24,Misc,22023,1610612759,SAS,San Antonio Spurs,Defensive,0.69,82,0.052,0.499,0.407,0.201,0.584,0.027,0.008,0.277,0.421,483,241,44,108,64
2023-24,Misc,22023,1610612742,DAL,Dallas Mavericks,Defensive,0.448,82,0.049,0.544,0.445,0.193,0.549,0.029,0.007,0.291,0.5,450,245,53,119,66
2023-24,Misc,22023,1610612743,DEN,Denver Nuggets,Defensive,0.172,82,0.045,0.609,0.44,0.216,0.478,0.047,0.005,0.336,0.468,402,245,55,125,70
2023-24,Misc,22023,1610612756,PHX,Phoenix Suns,Defensive,0.414,81,0.049,0.562,0.383,0.203,0.498,0.037,0.005,0.299,0.417,438,246,51,133,82
2023-24,Misc,22023,1610612763,MEM,Memphis Grizzlies,Defensive,0.655,82,0.056,0.502,0.396,0.212,0.592,0.025,0.002,0.282,0.431,510,256,40,101,61
2023-24,Misc,22023,1610612762,UTA,Utah Jazz,Defensive,0.138,82,0.046,0.61,0.469,0.195,0.507,0.038,0.007,0.314,0.535,420,256,60,128,68
2023-24,Misc,22023,1610612744,GSW,Golden State Warriors,Defensive,0.207,82,0.047,0.607,0.406,0.26,0.515,0.041,0.007,0.329,0.45,435,264,41,101,60
2023-24,Misc,22023,1610612741,CHI,Chicago Bulls,Defensive,0.345,82,0.052,0.568,0.444,0.213,0.549,0.036,0.011,0.306,0.496,470,267,52,117,65
2023-24,Misc,22023,1610612757,POR,Portland Trail Blazers,Defensive,0.759,82,0.061,0.487,0.449,0.175,0.596,0.024,0.002,0.264,0.5,550,268,57,127,70
2023-24,Misc,22023,1610612737,ATL,Atlanta Hawks,Defensive,0.517,82,0.055,0.532,0.393,0.226,0.546,0.018,0.004,0.304,0.432,504,268,46,117,71
2023-24,Misc,22023,1610612749,MIL,Milwaukee Bucks,Defensive,0,81,0.048,0.622,0.375,0.26,0.491,0.028,0.009,0.329,0.42,434,270,42,112,70
2023-24,Misc,22023,1610612761,TOR,Toronto Raptors,Defensive,0.483,82,0.055,0.543,0.415,0.198,0.543,0.022,0.008,0.291,0.437,505,274,56,135,79
2023-24,Misc,22023,1610612758,SAC,Sacramento Kings,Defensive,0.276,81,0.053,0.585,0.435,0.214,0.536,0.028,0.015,0.31,0.48,468,274,54,124,70
2023-24,Misc,22023,1610612746,LAC,LA Clippers,Defensive,0.034,82,0.049,0.619,0.457,0.217,0.479,0.041,0.011,0.325,0.511,443,274,64,140,76
2023-24,Misc,22023,1610612765,DET,Detroit Pistons,Defensive,0.241,82,0.054,0.587,0.444,0.243,0.509,0.029,0.006,0.333,0.472,489,287,55,124,69
2023-24,Misc,22023,1610612745,HOU,Houston Rockets,Defensive,0.31,82,0.056,0.575,0.4,0.259,0.522,0.027,0.006,0.31,0.465,510,293,46,115,69
2023-24,Misc,22023,1610612751,BKN,Brooklyn Nets,Defensive,0.069,82,0.055,0.614,0.472,0.227,0.522,0.035,0.008,0.327,0.528,490,301,60,127,67
2023-24,Misc,22023,1610612764,WAS,Washington Wizards,Defensive,0.103,82,0.054,0.612,0.48,0.249,0.527,0.041,0.014,0.336,0.524,518,317,59,123,64
2023-24,Misc,22023,1610612754,IND,Indiana Pacers,Defensive,0.379,81,0.061,0.568,0.459,0.21,0.555,0.027,0.005,0.306,0.5,562,319,62,135,73
2024-25,Isolation,22024,1610612752,NYK,New York Knicks,Defensive,0.759,82,0.058,0.865,0.391,0.118,0.089,0.112,0.017,0.412,0.427,527,456,167,427,260
2024-25,Isolation,22024,1610612760,OKC,Oklahoma City Thunder,Defensive,1,82,0.062,0.812,0.368,0.145,0.136,0.134,0.029,0.386,0.402,581,472,160,435,275
2024-25,Isolation,22024,1610612763,MEM,Memphis Grizzlies,Defensive,0.966,82,0.064,0.817,0.345,0.151,0.118,0.144,0.031,0.381,0.384,611,499,161,466,305
2024-25,Isolation,22024,1610612755,PHI,Philadelphia 76ers,Defensive,0.414,82,0.059,0.93,0.456,0.144,0.157,0.131,0.02,0.448,0.49,542,504,178,390,212
2024-25,Isolation,22024,1610612748,MIA,Miami Heat,Defensive,0.931,82,0.069,0.824,0.38,0.105,0.105,0.095,0.021,0.393,0.41,619,510,191,502,311
2024-25,Isolation,22024,1610612759,SAS,San Antonio Spurs,Defensive,0.69,82,0.063,0.888,0.412,0.107,0.097,0.104,0.031,0.414,0.444,587,521,200,485,285
2024-25,Isolation,22024,1610612749,MIL,Milwaukee Bucks,Defensive,0.828,82,0.067,0.851,0.375,0.147,0.109,0.136,0.026,0.402,0.414,617,525,178,475,297
2024-25,Isolation,22024,1610612751,BKN,Brooklyn Nets,Defensive,0.897,82,0.073,0.826,0.375,0.122,0.116,0.109,0.026,0.385,0.408,649,536,192,512,320
2024-25,Isolation,22024,1610612766,CHA,Charlotte Hornets,Defensive,0.103,82,0.061,0.973,0.425,0.148,0.083,0.139,0.027,0.456,0.474,555,540,188,442,254
2024-25,Isolation,22024,1610612756,PHX,Phoenix Suns,Defensive,0.655,82,0.067,0.888,0.4,0.13,0.105,0.126,0.018,0.422,0.441,609,541,191,477,286
2024-25,Isolation,22024,1610612741,CHI,Chicago Bulls,Defensive,0.345,82,0.061,0.932,0.415,0.122,0.067,0.108,0.022,0.443,0.446,584,544,202,487,285
2024-25,Isolation,22024,1610612758,SAC,Sacramento Kings,Defensive,0.31,82,0.065,0.934,0.408,0.131,0.098,0.129,0.02,0.431,0.456,589,550,190,466,276
2024-25,Isolation,22024,1610612746,LAC,LA Clippers,Defensive,0.862,82,0.074,0.845,0.38,0.136,0.13,0.13,0.024,0.397,0.42,660,558,190,500,310
2024-25,Isolation,22024,1610612757,POR,Portland Trail Blazers,Defensive,0.621,82,0.071,0.89,0.403,0.142,0.119,0.127,0.029,0.419,0.436,656,584,203,504,301
2024-25,Isolation,22024,1610612754,IND,Indiana Pacers,Defensive,0.138,82,0.065,0.962,0.451,0.12,0.086,0.107,0.028,0.455,0.491,607,584,225,499,274
2024-25,Isolation,22024,1610612740,NOP,New Orleans Pelicans,Defensive,0.448,82,0.069,0.926,0.405,0.135,0.1,0.121,0.025,0.428,0.453,638,591,204,504,300
2024-25,Isolation,22024,1610612737,ATL,Atlanta Hawks,Defensive,0.552,82,0.069,0.913,0.423,0.124,0.101,0.118,0.029,0.43,0.459,653,596,222,525,303
2024-25,Isolation,22024,1610612764,WAS,Washington Wizards,Defensive,0.034,82,0.063,1.008,0.442,0.163,0.092,0.153,0.025,0.473,0.49,596,601,203,459,256
2024-25,Isolation,22024,1610612765,DET,Detroit Pistons,Defensive,0.276,82,0.07,0.936,0.422,0.118,0.086,0.112,0.025,0.437,0.467,643,602,223,528,305
2024-25,Isolation,22024,1610612750,MIN,Minnesota Timberwolves,Defensive,0.207,82,0.07,0.95,0.432,0.153,0.096,0.14,0.03,0.448,0.474,634,602,214,495,281
2024-25,Isolation,22024,1610612761,TOR,Toronto Raptors,Defensive,0.172,82,0.069,0.961,0.44,0.15,0.081,0.132,0.031,0.46,0.469,642,617,226,514,288
2024-25,Isolation,22024,1610612743,DEN,Denver Nuggets,Defensive,0.483,82,0.072,0.924,0.403,0.135,0.08,0.128,0.031,0.43,0.443,672,621,221,548,327
2024-25,Isolation,22024,1610612762,UTA,Utah Jazz,Defensive,0,82,0.064,1.04,0.476,0.137,0.09,0.125,0.028,0.487,0.529,600,624,229,481,252
2024-25,Isolation,22024,1610612747,LAL,Los Angeles Lakers,Defensive,0.793,82,0.08,0.86,0.394,0.128,0.112,0.119,0.026,0.407,0.432,729,627,226,573,347
2024-25,Isolation,22024,1610612744,GSW,Golden State Warriors,Defensive,0.724,82,0.08,0.873,0.398,0.14,0.108,0.128,0.021,0.421,0.428,724,632,223,560,337
2024-25,Isolation,22024,1610612753,ORL,Orlando Magic,Defensive,0.586,82,0.081,0.898,0.405,0.123,0.112,0.119,0.021,0.419,0.446,714,641,227,561,334
2024-25,Isolation,22024,1610612745,HOU,Houston Rockets,Defensive,0.241,82,0.077,0.946,0.424,0.13,0.091,0.125,0.025,0.441,0.464,706,668,241,568,327
2024-25,Isolation,22024,1610612738,BOS,Boston Celtics,Defensive,0.379,82,0.082,0.931,0.414,0.114,0.088,0.109,0.031,0.426,0.456,735,684,252,609,357
2024-25,Isolation,22024,1610612742,DAL,Dallas Mavericks,Defensive,0.069,82,0.08,0.977,0.446,0.154,0.08,0.142,0.028,0.475,0.475,746,729,264,592,328
2024-25,Isolation,22024,1610612739,CLE,Cleveland Cavaliers,Defensive,0.517,82,0.092,0.92,0.419,0.118,0.088,0.111,0.027,0.43,0.456,854,786,294,701,407
2024-25,Transition,22024,1610612760,OKC,Oklahoma City Thunder,Defensive,0.931,82,0.163,1.064,0.511,0.149,0.16,0.135,0.03,0.481,0.591,1521,1618,561,1097,536
2024-25,Transition,22024,1610612758,SAC,Sacramento Kings,Defensive,0.483,82,0.165,1.137,0.523,0.139,0.102,0.133,0.031,0.513,0.598,1492,1696,617,1179,562
2024-25,Transition,22024,1610612738,BOS,Boston Celtics,Defensive,1,82,0.184,1.046,0.496,0.111,0.126,0.101,0.027,0.468,0.569,1648,1723,645,1301,656
2024-25,Transition,22024,1610612748,MIA,Miami Heat,Defensive,0.379,82,0.172,1.145,0.544,0.115,0.109,0.109,0.025,0.519,0.621,1541,1765,671,1234,563
2024-25,Transition,22024,1610612765,DET,Detroit Pistons,Defensive,0.793,82,0.178,1.088,0.504,0.13,0.122,0.121,0.031,0.487,0.582,1637,1781,643,1275,632
2024-25,Transition,22024,1610612741,CHI,Chicago Bulls,Defensive,0.828,82,0.172,1.087,0.515,0.131,0.103,0.124,0.024,0.508,0.572,1639,1782,666,1294,628
2024-25,Transition,22024,1610612753,ORL,Orlando Magic,Defensive,0.724,82,0.185,1.109,0.534,0.145,0.139,0.129,0.027,0.507,0.608,1625,1802,645,1207,562
2024-25,Transition,22024,1610612742,DAL,Dallas Mavericks,Defensive,0.966,82,0.184,1.054,0.489,0.122,0.115,0.113,0.025,0.479,0.557,1715,1807,660,1351,691
2024-25,Transition,22024,1610612744,GSW,Golden State Warriors,Defensive,0.862,82,0.183,1.086,0.514,0.116,0.133,0.108,0.026,0.485,0.598,1665,1808,665,1295,630
2024-25,Transition,22024,1610612746,LAC,LA Clippers,Defensive,0.621,82,0.181,1.127,0.551,0.122,0.128,0.113,0.027,0.516,0.624,1625,1831,696,1263,567
2024-25,Transition,22024,1610612739,CLE,Cleveland Cavaliers,Defensive,0.897,82,0.184,1.082,0.528,0.12,0.13,0.109,0.021,0.499,0.592,1714,1855,698,1322,624
2024-25,Transition,22024,1610612754,IND,Indiana Pacers,Defensive,0.31,82,0.174,1.149,0.532,0.132,0.104,0.126,0.026,0.518,0.609,1622,1863,681,1281,600
2024-25,Transition,22024,1610612745,HOU,Houston Rockets,Defensive,0.69,82,0.184,1.114,0.537,0.112,0.122,0.104,0.024,0.504,0.61,1674,1864,710,1322,612
2024-25,Transition,22024,1610612750,MIN,Minnesota Timberwolves,Defensive,0.448,82,0.183,1.139,0.542,0.118,0.128,0.109,0.025,0.51,0.627,1658,1889,700,1292,592
2024-25,Transition,22024,1610612752,NYK,New York Knicks,Defensive,0.586,82,0.186,1.129,0.54,0.106,0.135,0.096,0.024,0.502,0.622,1678,1894,710,1314,604
2024-25,Transition,22024,1610612749,MIL,Milwaukee Bucks,Defensive,0.138,82,0.179,1.159,0.528,0.126,0.096,0.117,0.031,0.518,0.606,1646,1908,703,1332,629
2024-25,Transition,22024,1610612743,DEN,Denver Nuggets,Defensive,0.414,82,0.18,1.139,0.522,0.119,0.099,0.109,0.026,0.51,0.6,1685,1920,710,1361,651
2024-25,Transition,22024,1610612737,ATL,Atlanta Hawks,Defensive,0.345,82,0.178,1.145,0.551,0.125,0.142,0.115,0.026,0.515,0.635,1684,1929,703,1277,574
2024-25,Transition,22024,1610612759,SAS,San Antonio Spurs,Defensive,0.276,82,0.184,1.149,0.527,0.108,0.107,0.098,0.029,0.506,0.615,1705,1959,732,1388,656
2024-25,Transition,22024,1610612766,CHA,Charlotte Hornets,Defensive,0.241,82,0.188,1.15,0.541,0.124,0.12,0.115,0.033,0.514,0.619,1704,1960,728,1346,618
2024-25,Transition,22024,1610612761,TOR,Toronto Raptors,Defensive,0.552,82,0.188,1.133,0.562,0.129,0.141,0.112,0.026,0.521,0.63,1750,1982,743,1323,580
2024-25,Transition,22024,1610612755,PHI,Philadelphia 76ers,Defensive,0.069,82,0.189,1.166,0.55,0.122,0.12,0.112,0.034,0.516,0.633,1718,2003,748,1361,613
2024-25,Transition,22024,1610612747,LAL,Los Angeles Lakers,Defensive,0.655,82,0.198,1.115,0.528,0.117,0.119,0.108,0.021,0.507,0.608,1798,2005,745,1411,666
2024-25,Transition,22024,1610612757,POR,Portland Trail Blazers,Defensive,0.759,82,0.207,1.094,0.521,0.133,0.128,0.126,0.019,0.501,0.594,1915,2095,756,1452,696
2024-25,Transition,22024,1610612756,PHX,Phoenix Suns,Defensive,0.034,82,0.197,1.177,0.546,0.129,0.102,0.119,0.028,0.531,0.624,1797,2115,782,1433,651
2024-25,Transition,22024,1610612763,MEM,Memphis Grizzlies,Defensive,0.517,82,0.194,1.136,0.55,0.129,0.13,0.121,0.032,0.516,0.625,1863,2116,792,1439,647
2024-25,Transition,22024,1610612751,BKN,Brooklyn Nets,Defensive,0.172,82,0.207,1.156,0.551,0.131,0.127,0.12,0.034,0.519,0.631,1839,2126,787,1428,641
2024-25,Transition,22024,1610612764,WAS,Washington Wizards,Defensive,0.103,82,0.193,1.163,0.533,0.121,0.097,0.112,0.028,0.521,0.614,1829,2127,789,1481,692
2024-25,Transition,22024,1610612740,NOP,New Orleans Pelicans,Defensive,0,82,0.198,1.185,0.559,0.136,0.107,0.128,0.027,0.54,0.636,1836,2175,804,1439,635
2024-25,Transition,22024,1610612762,UTA,Utah Jazz,Defensive,0.207,82,0.226,1.154,0.539,0.123,0.101,0.118,0.023,0.525,0.616,2112,2438,909,1688,779
2024-25,PRBallHandler,22024,1610612751,BKN,Brooklyn Nets,Defensive,0.862,82,0.113,0.845,0.426,0.134,0.209,0.115,0.021,0.396,0.482,1003,848,290,680,390
2024-25,PRBallHandler,22024,1610612762,UTA,Utah Jazz,Defensive,0.655,82,0.126,0.877,0.418,0.093,0.137,0.08,0.014,0.406,0.47,1181,1036,387,925,538
2024-25,PRBallHandler,22024,1610612747,LAL,Los Angeles Lakers,Defensive,1,82,0.151,0.812,0.379,0.078,0.149,0.07,0.012,0.36,0.439,1378,1119,409,1080,671
2024-25,PRBallHandler,22024,1610612744,GSW,Golden State Warriors,Defensive,0.828,82,0.145,0.852,0.443,0.102,0.214,0.092,0.026,0.388,0.495,1321,1125,415,937,522
2024-25,PRBallHandler,22024,1610612739,CLE,Cleveland Cavaliers,Defensive,0.69,82,0.142,0.871,0.415,0.086,0.151,0.079,0.014,0.39,0.474,1321,1150,426,1027,601
2024-25,PRBallHandler,22024,1610612740,NOP,New Orleans Pelicans,Defensive,0.586,82,0.142,0.884,0.425,0.101,0.158,0.088,0.018,0.401,0.484,1311,1159,422,994,572
2024-25,PRBallHandler,22024,1610612760,OKC,Oklahoma City Thunder,Defensive,0.931,82,0.153,0.831,0.396,0.11,0.178,0.099,0.018,0.378,0.454,1424,1184,411,1039,628
2024-25,PRBallHandler,22024,1610612743,DEN,Denver Nuggets,Defensive,0.897,82,0.152,0.837,0.404,0.097,0.174,0.089,0.018,0.378,0.461,1423,1191,430,1064,634
2024-25,PRBallHandler,22024,1610612742,DAL,Dallas Mavericks,Defensive,0.276,82,0.143,0.919,0.44,0.079,0.14,0.071,0.015,0.412,0.501,1334,1226,467,1062,595
2024-25,PRBallHandler,22024,1610612746,LAC,LA Clippers,Defensive,0.966,82,0.173,0.831,0.407,0.103,0.181,0.09,0.02,0.378,0.461,1549,1287,464,1140,676
2024-25,PRBallHandler,22024,1610612758,SAC,Sacramento Kings,Defensive,0.103,82,0.152,0.932,0.457,0.106,0.168,0.099,0.022,0.422,0.515,1382,1288,472,1033,561
2024-25,PRBallHandler,22024,1610612755,PHI,Philadelphia 76ers,Defensive,0.207,82,0.155,0.924,0.465,0.101,0.198,0.092,0.014,0.418,0.529,1416,1308,471,1012,541
2024-25,PRBallHandler,22024,1610612754,IND,Indiana Pacers,Defensive,0.793,82,0.165,0.853,0.421,0.117,0.178,0.102,0.02,0.398,0.465,1538,1312,469,1115,646
2024-25,PRBallHandler,22024,1610612759,SAS,San Antonio Spurs,Defensive,0.483,82,0.157,0.902,0.436,0.086,0.153,0.08,0.015,0.405,0.495,1455,1313,492,1129,637
2024-25,PRBallHandler,22024,1610612748,MIA,Miami Heat,Defensive,0.414,82,0.165,0.908,0.43,0.084,0.148,0.077,0.02,0.4,0.499,1476,1340,500,1162,662
2024-25,PRBallHandler,22024,1610612766,CHA,Charlotte Hornets,Defensive,0.241,82,0.162,0.921,0.418,0.094,0.107,0.085,0.024,0.413,0.476,1464,1348,503,1204,701
2024-25,PRBallHandler,22024,1610612764,WAS,Washington Wizards,Defensive,0.31,82,0.155,0.918,0.423,0.11,0.132,0.102,0.02,0.417,0.481,1469,1349,483,1142,659
2024-25,PRBallHandler,22024,1610612761,TOR,Toronto Raptors,Defensive,0.621,82,0.167,0.878,0.406,0.127,0.155,0.109,0.016,0.407,0.465,1554,1365,463,1141,678
2024-25,PRBallHandler,22024,1610612753,ORL,Orlando Magic,Defensive,0.724,82,0.181,0.869,0.425,0.088,0.156,0.081,0.02,0.393,0.481,1586,1378,524,1232,708
2024-25,PRBallHandler,22024,1610612756,PHX,Phoenix Suns,Defensive,0.069,82,0.164,0.933,0.423,0.105,0.123,0.096,0.023,0.414,0.486,1492,1392,502,1187,685
2024-25,PRBallHandler,22024,1610612749,MIL,Milwaukee Bucks,Defensive,0.345,82,0.166,0.918,0.439,0.096,0.149,0.086,0.017,0.413,0.498,1526,1401,517,1178,661
2024-25,PRBallHandler,22024,1610612757,POR,Portland Trail Blazers,Defensive,0,82,0.158,0.963,0.462,0.091,0.131,0.084,0.019,0.438,0.512,1457,1403,536,1161,625
2024-25,PRBallHandler,22024,1610612763,MEM,Memphis Grizzlies,Defensive,0.448,82,0.163,0.904,0.426,0.106,0.135,0.089,0.019,0.413,0.485,1561,1411,517,1215,698
2024-25,PRBallHandler,22024,1610612737,ATL,Atlanta Hawks,Defensive,0.138,82,0.163,0.925,0.455,0.113,0.182,0.101,0.025,0.418,0.513,1536,1421,510,1121,611
2024-25,PRBallHandler,22024,1610612738,BOS,Boston Celtics,Defensive,0.172,82,0.172,0.925,0.437,0.077,0.125,0.071,0.012,0.417,0.501,1539,1423,544,1246,702
2024-25,PRBallHandler,22024,1610612750,MIN,Minnesota Timberwolves,Defensive,0.517,82,0.176,0.892,0.433,0.093,0.143,0.083,0.019,0.408,0.482,1597,1425,542,1251,709
2024-25,PRBallHandler,22024,1610612741,CHI,Chicago Bulls,Defensive,0.552,82,0.172,0.886,0.429,0.091,0.164,0.085,0.023,0.394,0.488,1632,1446,537,1253,716
2024-25,PRBallHandler,22024,1610612765,DET,Detroit Pistons,Defensive,0.034,82,0.174,0.949,0.461,0.111,0.157,0.102,0.022,0.431,0.522,1602,1521,557,1208,651
2024-25,PRBallHandler,22024,1610612745,HOU,Houston Rockets,Defensive,0.759,82,0.194,0.864,0.402,0.094,0.136,0.084,0.019,0.39,0.46,1766,1526,560,1394,834
2024-25,PRBallHandler,22024,1610612752,NYK,New York Knicks,Defensive,0.379,82,0.207,0.918,0.444,0.094,0.142,0.089,0.018,0.42,0.499,1863,1710,648,1458,810
2024-25,PRRollMan,22024,1610612739,CLE,Cleveland Cavaliers,Defensive,0.793,82,0.044,1.034,0.48,0.096,0.074,0.084,0.02,0.479,0.529,407,421,166,346,180
2024-25,PRRollMan,22024,1610612747,LAL,Los Angeles Lakers,Defensive,0.31,82,0.046,1.121,0.532,0.109,0.071,0.107,0.026,0.528,0.573,422,473,190,357,167
2024-25,PRRollMan,22024,1610612757,POR,Portland Trail Blazers,Defensive,0.724,82,0.049,1.062,0.499,0.121,0.055,0.119,0.026,0.508,0.535,455,483,193,387,194
2024-25,PRRollMan,22024,1610612746,LAC,LA Clippers,Defensive,0.759,82,0.054,1.039,0.494,0.091,0.095,0.089,0.017,0.48,0.547,483,502,198,401,203
2024-25,PRRollMan,22024,1610612738,BOS,Boston Celtics,Defensive,1,82,0.056,1.012,0.452,0.092,0.05,0.09,0.01,0.468,0.513,500,506,196,434,238
2024-25,PRRollMan,22024,1610612744,GSW,Golden State Warriors,Defensive,0.655,82,0.054,1.075,0.515,0.099,0.095,0.099,0.028,0.488,0.575,494,531,212,412,200
2024-25,PRRollMan,22024,1610612760,OKC,Oklahoma City Thunder,Defensive,0.862,82,0.056,1.029,0.48,0.113,0.096,0.106,0.027,0.473,0.542,520,535,204,425,221
2024-25,PRRollMan,22024,1610612762,UTA,Utah Jazz,Defensive,0.586,82,0.054,1.079,0.485,0.127,0.067,0.115,0.034,0.494,0.551,504,544,205,423,218
2024-25,PRRollMan,22024,1610612766,CHA,Charlotte Hornets,Defensive,0.483,82,0.055,1.09,0.488,0.112,0.058,0.112,0.02,0.501,0.548,499,544,207,424,217
2024-25,PRRollMan,22024,1610612748,MIA,Miami Heat,Defensive,0.966,82,0.06,1.017,0.466,0.097,0.069,0.091,0.02,0.466,0.523,537,546,214,459,245
2024-25,PRRollMan,22024,1610612753,ORL,Orlando Magic,Defensive,0.621,82,0.058,1.079,0.508,0.13,0.079,0.126,0.032,0.503,0.562,507,547,212,417,205
2024-25,PRRollMan,22024,1610612742,DAL,Dallas Mavericks,Defensive,0.276,82,0.052,1.126,0.52,0.119,0.068,0.115,0.031,0.519,0.572,486,547,213,410,197
2024-25,PRRollMan,22024,1610612761,TOR,Toronto Raptors,Defensive,0.552,82,0.056,1.08,0.489,0.117,0.061,0.111,0.025,0.502,0.548,522,564,216,442,226
2024-25,PRRollMan,22024,1610612745,HOU,Houston Rockets,Defensive,0.207,82,0.055,1.135,0.521,0.102,0.064,0.098,0.026,0.514,0.589,502,570,225,432,207
2024-25,PRRollMan,22024,1610612751,BKN,Brooklyn Nets,Defensive,0.069,82,0.054,1.197,0.552,0.135,0.054,0.131,0.031,0.556,0.601,482,577,224,406,182
2024-25,PRRollMan,22024,1610612740,NOP,New Orleans Pelicans,Defensive,0,82,0.05,1.251,0.601,0.104,0.087,0.1,0.019,0.571,0.671,462,578,230,383,153
2024-25,PRRollMan,22024,1610612756,PHX,Phoenix Suns,Defensive,0.69,82,0.06,1.064,0.49,0.115,0.058,0.111,0.035,0.492,0.539,549,584,232,473,241
2024-25,PRRollMan,22024,1610612749,MIL,Milwaukee Bucks,Defensive,0.931,82,0.064,1.019,0.456,0.081,0.068,0.078,0.025,0.45,0.522,591,602,236,518,282
2024-25,PRRollMan,22024,1610612759,SAS,San Antonio Spurs,Defensive,0.241,82,0.058,1.13,0.533,0.115,0.071,0.112,0.028,0.527,0.583,537,607,241,452,211
2024-25,PRRollMan,22024,1610612758,SAC,Sacramento Kings,Defensive,0.345,82,0.061,1.111,0.523,0.14,0.096,0.136,0.038,0.512,0.588,551,612,231,442,211
2024-25,PRRollMan,22024,1610612750,MIN,Minnesota Timberwolves,Defensive,0.897,82,0.067,1.025,0.482,0.105,0.066,0.1,0.027,0.478,0.525,602,617,248,515,267
2024-25,PRRollMan,22024,1610612737,ATL,Atlanta Hawks,Defensive,0.828,82,0.063,1.03,0.483,0.104,0.09,0.093,0.023,0.474,0.538,599,617,240,497,257
2024-25,PRRollMan,22024,1610612763,MEM,Memphis Grizzlies,Defensive,0.414,82,0.059,1.093,0.495,0.113,0.06,0.104,0.026,0.498,0.564,568,621,240,485,245
2024-25,PRRollMan,22024,1610612743,DEN,Denver Nuggets,Defensive,0.379,82,0.061,1.103,0.529,0.097,0.071,0.096,0.037,0.518,0.575,575,634,264,499,235
2024-25,PRRollMan,22024,1610612765,DET,Detroit Pistons,Defensive,0.517,82,0.064,1.09,0.493,0.13,0.069,0.12,0.025,0.508,0.553,592,645,241,489,248
2024-25,PRRollMan,22024,1610612764,WAS,Washington Wizards,Defensive,0.103,82,0.058,1.188,0.557,0.104,0.062,0.102,0.027,0.551,0.617,548,651,263,472,209
2024-25,PRRollMan,22024,1610612754,IND,Indiana Pacers,Defensive,0.138,82,0.061,1.156,0.524,0.121,0.069,0.115,0.025,0.528,0.59,564,652,247,471,224
2024-25,PRRollMan,22024,1610612755,PHI,Philadelphia 76ers,Defensive,0.034,82,0.06,1.233,0.578,0.115,0.09,0.108,0.022,0.56,0.657,546,673,258,446,188
2024-25,PRRollMan,22024,1610612752,NYK,New York Knicks,Defensive,0.448,82,0.07,1.093,0.514,0.094,0.079,0.093,0.019,0.502,0.574,635,694,276,537,261
2024-25,PRRollMan,22024,1610612741,CHI,Chicago Bulls,Defensive,0.172,82,0.075,1.139,0.506,0.1,0.045,0.096,0.017,0.525,0.565,718,818,317,626,309
2024-25,Postup,22024,1610612749,MIL,Milwaukee Bucks,Defensive,0.759,82,0.027,0.918,0.483,0.167,0.135,0.135,0.02,0.49,0.483,245,225,85,176,91
2024-25,Postup,22024,1610612750,MIN,Minnesota Timberwolves,Defensive,0.69,82,0.027,0.963,0.503,0.123,0.119,0.099,0.029,0.481,0.503,243,234,96,191,95
2024-25,Postup,22024,1610612763,MEM,Memphis Grizzlies,Defensive,0.862,82,0.029,0.903,0.463,0.151,0.144,0.133,0.018,0.464,0.463,278,251,93,201,108
2024-25,Postup,22024,1610612746,LAC,LA Clippers,Defensive,0.828,82,0.031,0.91,0.437,0.195,0.123,0.191,0.036,0.466,0.437,277,252,87,199,112
2024-25,Postup,22024,1610612765,DET,Detroit Pistons,Defensive,1,82,0.036,0.83,0.403,0.142,0.115,0.127,0.024,0.421,0.403,330,274,102,253,151
2024-25,Postup,22024,1610612755,PHI,Philadelphia 76ers,Defensive,0.621,82,0.031,0.972,0.515,0.16,0.156,0.142,0.025,0.489,0.515,282,274,103,200,97
2024-25,Postup,22024,1610612743,DEN,Denver Nuggets,Defensive,0.897,82,0.033,0.899,0.455,0.146,0.11,0.14,0.042,0.451,0.455,308,277,110,242,132
2024-25,Postup,22024,1610612752,NYK,New York Knicks,Defensive,0.655,82,0.032,0.969,0.5,0.15,0.101,0.136,0.014,0.5,0.5,286,277,109,218,109
2024-25,Postup,22024,1610612761,TOR,Toronto Raptors,Defensive,0.31,82,0.03,1.047,0.508,0.226,0.115,0.197,0.047,0.527,0.508,279,292,100,197,97
2024-25,Postup,22024,1610612745,HOU,Houston Rockets,Defensive,0.966,82,0.037,0.89,0.449,0.169,0.125,0.134,0.027,0.454,0.449,337,300,111,247,136
2024-25,Postup,22024,1610612757,POR,Portland Trail Blazers,Defensive,0.586,82,0.034,0.978,0.498,0.153,0.131,0.127,0.025,0.497,0.498,314,307,116,233,117
2024-25,Postup,22024,1610612754,IND,Indiana Pacers,Defensive,0.345,82,0.032,1.03,0.54,0.127,0.107,0.12,0.03,0.517,0.54,300,309,129,239,110
2024-25,Postup,22024,1610612758,SAC,Sacramento Kings,Defensive,0.724,82,0.037,0.932,0.475,0.139,0.118,0.124,0.036,0.467,0.475,338,315,125,263,138
2024-25,Postup,22024,1610612748,MIA,Miami Heat,Defensive,0,82,0.031,1.143,0.583,0.168,0.093,0.147,0.043,0.57,0.583,279,319,127,218,91
2024-25,Postup,22024,1610612747,LAL,Los Angeles Lakers,Defensive,0.379,82,0.034,1.022,0.529,0.192,0.144,0.169,0.048,0.514,0.529,313,320,118,223,105
2024-25,Postup,22024,1610612740,NOP,New Orleans Pelicans,Defensive,0.034,82,0.032,1.113,0.593,0.178,0.14,0.154,0.051,0.558,0.593,292,325,127,214,87
2024-25,Postup,22024,1610612738,BOS,Boston Celtics,Defensive,0.552,82,0.037,0.988,0.504,0.136,0.099,0.123,0.036,0.497,0.504,332,328,134,266,132
2024-25,Postup,22024,1610612737,ATL,Atlanta Hawks,Defensive,0.103,82,0.032,1.11,0.583,0.156,0.123,0.123,0.043,0.551,0.583,301,334,134,230,96
2024-25,Postup,22024,1610612756,PHX,Phoenix Suns,Defensive,0.241,82,0.035,1.063,0.541,0.156,0.108,0.143,0.032,0.533,0.541,315,335,131,242,111
2024-25,Postup,22024,1610612744,GSW,Golden State Warriors,Defensive,0.138,82,0.034,1.08,0.548,0.173,0.106,0.16,0.051,0.545,0.548,312,337,132,241,109
2024-25,Postup,22024,1610612760,OKC,Oklahoma City Thunder,Defensive,0.483,82,0.037,1.003,0.512,0.169,0.12,0.137,0.041,0.507,0.512,343,344,132,258,126
2024-25,Postup,22024,1610612762,UTA,Utah Jazz,Defensive,0.414,82,0.037,1.018,0.523,0.155,0.108,0.129,0.018,0.526,0.523,342,348,135,258,123
2024-25,Postup,22024,1610612739,CLE,Cleveland Cavaliers,Defensive,0.931,82,0.042,0.891,0.488,0.139,0.149,0.122,0.041,0.453,0.488,395,352,145,297,152
2024-25,Postup,22024,1610612751,BKN,Brooklyn Nets,Defensive,0.069,82,0.036,1.113,0.575,0.235,0.113,0.185,0.056,0.564,0.575,319,355,130,226,96
2024-25,Postup,22024,1610612764,WAS,Washington Wizards,Defensive,0.793,82,0.042,0.916,0.469,0.175,0.129,0.155,0.036,0.467,0.469,394,361,135,288,153
2024-25,Postup,22024,1610612742,DAL,Dallas Mavericks,Defensive,0.517,82,0.041,1.003,0.536,0.131,0.141,0.123,0.037,0.501,0.536,383,384,157,293,136
2024-25,Postup,22024,1610612766,CHA,Charlotte Hornets,Defensive,0.448,82,0.043,1.005,0.517,0.153,0.124,0.127,0.039,0.503,0.517,386,388,152,294,142
2024-25,Postup,22024,1610612753,ORL,Orlando Magic,Defensive,0.207,82,0.042,1.071,0.556,0.177,0.114,0.147,0.038,0.554,0.556,368,394,153,275,122
2024-25,Postup,22024,1610612741,CHI,Chicago Bulls,Defensive,0.172,82,0.039,1.073,0.541,0.196,0.097,0.175,0.043,0.546,0.541,372,399,151,279,128
2024-25,Postup,22024,1610612759,SAS,San Antonio Spurs,Defensive,0.276,82,0.042,1.058,0.559,0.147,0.122,0.129,0.028,0.536,0.559,394,417,167,299,132
2024-25,Spotup,22024,1610612753,ORL,Orlando Magic,Defensive,0.655,82,0.191,1.041,0.399,0.059,0.061,0.054,0.011,0.4,0.534,1677,1746,596,1493,897
2024-25,Spotup,22024,1610612745,HOU,Houston Rockets,Defensive,0.897,82,0.201,0.998,0.382,0.047,0.059,0.042,0.007,0.383,0.515,1835,1831,631,1652,1021
2024-25,Spotup,22024,1610612752,NYK,New York Knicks,Defensive,0.172,82,0.193,1.082,0.41,0.041,0.059,0.04,0.009,0.403,0.561,1738,1880,648,1580,932
2024-25,Spotup,22024,1610612750,MIN,Minnesota Timberwolves,Defensive,0.966,82,0.215,0.996,0.382,0.039,0.057,0.037,0.009,0.377,0.516,1942,1934,678,1773,1095
2024-25,Spotup,22024,1610612738,BOS,Boston Celtics,Defensive,1,82,0.231,0.975,0.371,0.035,0.048,0.032,0.006,0.37,0.498,2060,2009,705,1902,1197
2024-25,Spotup,22024,1610612757,POR,Portland Trail Blazers,Defensive,0.276,82,0.206,1.063,0.396,0.047,0.046,0.044,0.008,0.399,0.54,1904,2023,691,1744,1053
2024-25,Spotup,22024,1610612765,DET,Detroit Pistons,Defensive,0.793,82,0.214,1.034,0.384,0.05,0.052,0.042,0.01,0.387,0.529,1977,2044,690,1796,1106
2024-25,Spotup,22024,1610612766,CHA,Charlotte Hornets,Defensive,0.448,82,0.218,1.053,0.395,0.032,0.047,0.031,0.008,0.39,0.542,1975,2079,724,1834,1110
2024-25,Spotup,22024,1610612756,PHX,Phoenix Suns,Defensive,0,82,0.208,1.127,0.421,0.04,0.039,0.037,0.011,0.419,0.577,1899,2141,745,1769,1024
2024-25,Spotup,22024,1610612746,LAC,LA Clippers,Defensive,0.586,82,0.233,1.042,0.396,0.043,0.053,0.04,0.008,0.394,0.537,2085,2172,754,1902,1148
2024-25,Spotup,22024,1610612749,MIL,Milwaukee Bucks,Defensive,0.621,82,0.232,1.041,0.393,0.043,0.045,0.039,0.01,0.392,0.534,2131,2219,773,1965,1192
2024-25,Spotup,22024,1610612761,TOR,Toronto Raptors,Defensive,0.759,82,0.231,1.034,0.384,0.057,0.043,0.054,0.009,0.394,0.522,2153,2226,752,1957,1205
2024-25,Spotup,22024,1610612754,IND,Indiana Pacers,Defensive,0.828,82,0.232,1.034,0.398,0.041,0.053,0.037,0.01,0.394,0.533,2163,2236,789,1983,1194
2024-25,Spotup,22024,1610612764,WAS,Washington Wizards,Defensive,0.517,82,0.226,1.047,0.392,0.049,0.045,0.043,0.007,0.396,0.534,2142,2243,767,1956,1189
2024-25,Spotup,22024,1610612747,LAL,Los Angeles Lakers,Defensive,0.414,82,0.234,1.053,0.403,0.044,0.052,0.041,0.007,0.402,0.542,2132,2246,783,1942,1159
2024-25,Spotup,22024,1610612742,DAL,Dallas Mavericks,Defensive,0.345,82,0.23,1.056,0.404,0.038,0.044,0.035,0.007,0.402,0.541,2143,2264,800,1982,1182
2024-25,Spotup,22024,1610612748,MIA,Miami Heat,Defensive,0.862,82,0.25,1.017,0.394,0.039,0.064,0.037,0.011,0.383,0.531,2236,2275,800,2029,1229
2024-25,Spotup,22024,1610612741,CHI,Chicago Bulls,Defensive,0.552,82,0.231,1.043,0.393,0.039,0.042,0.039,0.006,0.394,0.531,2193,2288,796,2027,1231
2024-25,Spotup,22024,1610612763,MEM,Memphis Grizzlies,Defensive,0.31,82,0.228,1.058,0.392,0.05,0.049,0.045,0.01,0.397,0.537,2184,2310,780,1989,1209
2024-25,Spotup,22024,1610612755,PHI,Philadelphia 76ers,Defensive,0.69,82,0.246,1.035,0.387,0.04,0.057,0.038,0.007,0.384,0.535,2245,2323,791,2043,1252
2024-25,Spotup,22024,1610612762,UTA,Utah Jazz,Defensive,0.241,82,0.231,1.074,0.4,0.05,0.036,0.045,0.01,0.406,0.541,2164,2324,799,2000,1201
2024-25,Spotup,22024,1610612759,SAS,San Antonio Spurs,Defensive,0.103,82,0.229,1.092,0.416,0.031,0.043,0.029,0.007,0.411,0.561,2129,2324,826,1987,1161
2024-25,Spotup,22024,1610612737,ATL,Atlanta Hawks,Defensive,0.138,82,0.229,1.089,0.414,0.045,0.056,0.044,0.011,0.409,0.563,2160,2352,814,1965,1151
2024-25,Spotup,22024,1610612739,CLE,Cleveland Cavaliers,Defensive,0.724,82,0.244,1.034,0.389,0.043,0.047,0.038,0.007,0.389,0.531,2276,2354,812,2088,1276
2024-25,Spotup,22024,1610612744,GSW,Golden State Warriors,Defensive,0.207,82,0.247,1.078,0.411,0.045,0.05,0.041,0.008,0.411,0.553,2242,2416,842,2047,1205
2024-25,Spotup,22024,1610612751,BKN,Brooklyn Nets,Defensive,0.379,82,0.259,1.055,0.398,0.048,0.055,0.044,0.012,0.396,0.539,2298,2424,831,2088,1257
2024-25,Spotup,22024,1610612740,NOP,New Orleans Pelicans,Defensive,0.483,82,0.251,1.05,0.394,0.042,0.049,0.039,0.011,0.392,0.538,2320,2437,841,2135,1294
2024-25,Spotup,22024,1610612760,OKC,Oklahoma City Thunder,Defensive,0.931,82,0.265,0.997,0.381,0.049,0.06,0.047,0.009,0.381,0.516,2466,2459,845,2219,1374
2024-25,Spotup,22024,1610612743,DEN,Denver Nuggets,Defensive,0.069,82,0.244,1.094,0.422,0.05,0.048,0.048,0.013,0.421,0.56,2282,2496,882,2090,1208
2024-25,Spotup,22024,1610612758,SAC,Sacramento Kings,Defensive,0.034,82,0.263,1.103,0.411,0.051,0.05,0.046,0.012,0.412,0.561,2383,2628,892,2172,1280
2024-25,Handoff,22024,1610612751,BKN,Brooklyn Nets,Defensive,0.897,82,0.037,0.856,0.373,0.096,0.129,0.081,0.015,0.372,0.435,333,285,98,263,165
2024-25,Handoff,22024,1610612755,PHI,Philadelphia 76ers,Defensive,0.724,82,0.04,0.904,0.42,0.079,0.159,0.077,0.022,0.384,0.503,365,330,120,286,166
2024-25,Handoff,22024,1610612744,GSW,Golden State Warriors,Defensive,1,82,0.048,0.823,0.377,0.073,0.143,0.066,0.027,0.349,0.45,441,363,135,358,223
2024-25,Handoff,22024,1610612760,OKC,Oklahoma City Thunder,Defensive,0.931,82,0.047,0.834,0.355,0.1,0.105,0.089,0.014,0.369,0.42,439,366,126,355,229
2024-25,Handoff,22024,1610612746,LAC,LA Clippers,Defensive,0.828,82,0.048,0.876,0.391,0.097,0.15,0.094,0.018,0.376,0.469,434,380,131,335,204
2024-25,Handoff,22024,1610612763,MEM,Memphis Grizzlies,Defensive,0.966,82,0.048,0.833,0.364,0.087,0.11,0.084,0.017,0.368,0.426,462,385,138,379,241
2024-25,Handoff,22024,1610612753,ORL,Orlando Magic,Defensive,0.621,82,0.049,0.92,0.425,0.092,0.134,0.073,0.021,0.406,0.496,426,392,144,339,195
2024-25,Handoff,22024,1610612750,MIN,Minnesota Timberwolves,Defensive,0.793,82,0.049,0.885,0.39,0.086,0.099,0.086,0.011,0.396,0.459,444,393,143,367,224
2024-25,Handoff,22024,1610612752,NYK,New York Knicks,Defensive,0.862,82,0.051,0.873,0.384,0.072,0.092,0.068,0.026,0.377,0.441,456,398,151,393,242
2024-25,Handoff,22024,1610612749,MIL,Milwaukee Bucks,Defensive,0.759,82,0.05,0.888,0.381,0.09,0.092,0.079,0.02,0.385,0.452,457,406,146,383,237
2024-25,Handoff,22024,1610612745,HOU,Houston Rockets,Defensive,0.586,82,0.048,0.921,0.419,0.073,0.109,0.063,0.02,0.401,0.492,441,406,155,370,215
2024-25,Handoff,22024,1610612737,ATL,Atlanta Hawks,Defensive,0.69,82,0.048,0.905,0.392,0.084,0.108,0.079,0.02,0.38,0.475,453,410,147,375,228
2024-25,Handoff,22024,1610612739,CLE,Cleveland Cavaliers,Defensive,0.517,82,0.048,0.927,0.392,0.1,0.111,0.091,0.011,0.391,0.482,450,417,141,360,219
2024-25,Handoff,22024,1610612738,BOS,Boston Celtics,Defensive,0.172,82,0.048,0.981,0.43,0.077,0.075,0.073,0.019,0.429,0.5,427,419,159,370,211
2024-25,Handoff,22024,1610612742,DAL,Dallas Mavericks,Defensive,0.345,82,0.048,0.956,0.445,0.084,0.118,0.082,0.016,0.427,0.514,450,430,163,366,203
2024-25,Handoff,22024,1610612740,NOP,New Orleans Pelicans,Defensive,0.103,82,0.046,1.019,0.428,0.099,0.099,0.094,0.019,0.427,0.522,424,432,149,348,199
2024-25,Handoff,22024,1610612748,MIA,Miami Heat,Defensive,0.241,82,0.05,0.965,0.41,0.102,0.106,0.1,0.02,0.415,0.493,451,435,150,366,216
2024-25,Handoff,22024,1610612762,UTA,Utah Jazz,Defensive,0.034,82,0.045,1.046,0.424,0.091,0.077,0.084,0.005,0.439,0.529,417,436,148,349,201
2024-25,Handoff,22024,1610612758,SAC,Sacramento Kings,Defensive,0.207,82,0.051,0.974,0.427,0.103,0.1,0.096,0.022,0.426,0.504,458,446,160,375,215
2024-25,Handoff,22024,1610612754,IND,Indiana Pacers,Defensive,0.276,82,0.05,0.957,0.43,0.09,0.105,0.086,0.021,0.424,0.5,467,447,166,386,220
2024-25,Handoff,22024,1610612757,POR,Portland Trail Blazers,Defensive,0.655,82,0.053,0.914,0.404,0.063,0.102,0.057,0.014,0.392,0.484,490,448,168,416,248
2024-25,Handoff,22024,1610612756,PHX,Phoenix Suns,Defensive,0.448,82,0.053,0.938,0.388,0.087,0.089,0.079,0.017,0.395,0.472,484,454,158,407,249
2024-25,Handoff,22024,1610612765,DET,Detroit Pistons,Defensive,0.379,82,0.052,0.954,0.428,0.082,0.103,0.071,0.015,0.418,0.508,478,456,170,397,227
2024-25,Handoff,22024,1610612743,DEN,Denver Nuggets,Defensive,0.552,82,0.053,0.924,0.401,0.091,0.101,0.087,0.014,0.406,0.472,497,459,164,409,245
2024-25,Handoff,22024,1610612759,SAS,San Antonio Spurs,Defensive,0.483,82,0.054,0.93,0.41,0.06,0.114,0.056,0.004,0.396,0.492,500,465,170,415,245
2024-25,Handoff,22024,1610612764,WAS,Washington Wizards,Defensive,0.414,82,0.053,0.952,0.418,0.07,0.106,0.062,0.024,0.401,0.496,499,475,177,423,246
2024-25,Handoff,22024,1610612747,LAL,Los Angeles Lakers,Defensive,0.138,82,0.052,1.017,0.437,0.083,0.098,0.074,0.036,0.42,0.524,471,479,176,403,227
2024-25,Handoff,22024,1610612741,CHI,Chicago Bulls,Defensive,0.31,82,0.053,0.956,0.396,0.107,0.069,0.099,0.016,0.416,0.475,505,483,168,424,256
2024-25,Handoff,22024,1610612766,CHA,Charlotte Hornets,Defensive,0.069,82,0.052,1.025,0.447,0.087,0.125,0.076,0.011,0.431,0.554,473,485,169,378,209
2024-25,Handoff,22024,1610612761,TOR,Toronto Raptors,Defensive,0,82,0.053,1.086,0.455,0.106,0.074,0.098,0.025,0.458,0.544,489,531,188,413,225
2024-25,Cut,22024,1610612738,BOS,Boston Celtics,Defensive,0.655,82,0.059,1.279,0.658,0.128,0.054,0.126,0.027,0.656,0.658,523,669,291,442,151
2024-25,Cut,22024,1610612753,ORL,Orlando Magic,Defensive,0.69,82,0.061,1.277,0.668,0.153,0.072,0.149,0.036,0.653,0.668,531,678,288,431,143
2024-25,Cut,22024,1610612761,TOR,Toronto Raptors,Defensive,0.345,82,0.058,1.313,0.671,0.147,0.054,0.146,0.041,0.664,0.671,536,704,302,450,148
2024-25,Cut,22024,1610612752,NYK,New York Knicks,Defensive,0,82,0.059,1.376,0.7,0.157,0.043,0.142,0.036,0.693,0.7,534,735,312,446,134
2024-25,Cut,22024,1610612745,HOU,Houston Rockets,Defensive,0.897,82,0.065,1.24,0.65,0.151,0.069,0.148,0.035,0.629,0.65,596,739,316,486,170
2024-25,Cut,22024,1610612760,OKC,Oklahoma City Thunder,Defensive,0.586,82,0.062,1.287,0.645,0.193,0.043,0.189,0.055,0.652,0.645,581,748,307,476,169
2024-25,Cut,22024,1610612766,CHA,Charlotte Hornets,Defensive,0.483,82,0.065,1.295,0.657,0.125,0.038,0.119,0.022,0.655,0.657,586,759,331,504,173
2024-25,Cut,22024,1610612744,GSW,Golden State Warriors,Defensive,0.966,82,0.07,1.214,0.633,0.142,0.082,0.138,0.042,0.61,0.633,636,772,330,521,191
2024-25,Cut,22024,1610612750,MIN,Minnesota Timberwolves,Defensive,0.862,82,0.069,1.241,0.634,0.152,0.061,0.146,0.042,0.628,0.634,623,773,327,516,189
2024-25,Cut,22024,1610612759,SAS,San Antonio Spurs,Defensive,0.724,82,0.067,1.27,0.656,0.12,0.061,0.118,0.024,0.642,0.656,618,785,342,521,179
2024-25,Cut,22024,1610612756,PHX,Phoenix Suns,Defensive,0.31,82,0.067,1.318,0.663,0.138,0.044,0.137,0.038,0.664,0.663,607,800,344,519,175
2024-25,Cut,22024,1610612763,MEM,Memphis Grizzlies,Defensive,0.517,82,0.066,1.289,0.645,0.176,0.046,0.17,0.037,0.655,0.645,629,811,330,512,182
2024-25,Cut,22024,1610612748,MIA,Miami Heat,Defensive,0.379,82,0.069,1.311,0.672,0.123,0.056,0.123,0.035,0.656,0.672,620,813,357,531,174
2024-25,Cut,22024,1610612739,CLE,Cleveland Cavaliers,Defensive,0.759,82,0.07,1.256,0.638,0.149,0.052,0.146,0.04,0.635,0.638,652,819,349,547,198
2024-25,Cut,22024,1610612747,LAL,Los Angeles Lakers,Defensive,0.207,82,0.067,1.343,0.696,0.144,0.067,0.141,0.039,0.673,0.696,612,822,353,507,154
2024-25,Cut,22024,1610612762,UTA,Utah Jazz,Defensive,1,82,0.074,1.206,0.624,0.114,0.054,0.114,0.013,0.62,0.624,690,832,364,583,219
2024-25,Cut,22024,1610612749,MIL,Milwaukee Bucks,Defensive,0.931,82,0.073,1.24,0.634,0.115,0.046,0.11,0.024,0.626,0.634,672,833,368,580,212
2024-25,Cut,22024,1610612746,LAC,LA Clippers,Defensive,0.621,82,0.073,1.285,0.642,0.137,0.042,0.132,0.034,0.648,0.642,650,835,357,556,199
2024-25,Cut,22024,1610612765,DET,Detroit Pistons,Defensive,0.276,82,0.069,1.324,0.68,0.173,0.064,0.17,0.052,0.664,0.68,636,842,352,518,166
2024-25,Cut,22024,1610612758,SAC,Sacramento Kings,Defensive,0.241,82,0.07,1.341,0.687,0.132,0.046,0.132,0.03,0.68,0.687,634,850,371,540,169
2024-25,Cut,22024,1610612740,NOP,New Orleans Pelicans,Defensive,0.069,82,0.068,1.362,0.713,0.136,0.07,0.13,0.043,0.683,0.713,625,851,373,523,150
2024-25,Cut,22024,1610612743,DEN,Denver Nuggets,Defensive,0.793,82,0.074,1.256,0.65,0.138,0.059,0.138,0.039,0.635,0.65,696,874,381,586,205
2024-25,Cut,22024,1610612741,CHI,Chicago Bulls,Defensive,0.172,82,0.068,1.347,0.68,0.133,0.04,0.133,0.045,0.675,0.68,649,874,385,566,181
2024-25,Cut,22024,1610612754,IND,Indiana Pacers,Defensive,0.448,82,0.073,1.306,0.668,0.132,0.05,0.126,0.029,0.665,0.668,680,888,385,576,191
2024-25,Cut,22024,1610612757,POR,Portland Trail Blazers,Defensive,0.828,82,0.077,1.253,0.637,0.156,0.068,0.146,0.042,0.632,0.637,711,891,371,582,211
2024-25,Cut,22024,1610612742,DAL,Dallas Mavericks,Defensive,0.552,82,0.074,1.288,0.671,0.127,0.056,0.124,0.022,0.653,0.671,692,891,389,580,191
2024-25,Cut,22024,1610612764,WAS,Washington Wizards,Defensive,0.103,82,0.07,1.355,0.683,0.161,0.058,0.155,0.041,0.68,0.683,660,894,371,543,172
2024-25,Cut,22024,1610612751,BKN,Brooklyn Nets,Defensive,0.034,82,0.079,1.367,0.699,0.146,0.046,0.136,0.031,0.689,0.699,700,957,411,588,177
2024-25,Cut,22024,1610612737,ATL,Atlanta Hawks,Defensive,0.138,82,0.077,1.35,0.682,0.154,0.053,0.148,0.045,0.678,0.682,729,984,417,611,194
2024-25,Cut,22024,1610612755,PHI,Philadelphia 76ers,Defensive,0.414,82,0.083,1.309,0.672,0.135,0.061,0.131,0.036,0.655,0.672,753,986,425,632,207
2024-25,OffScreen,22024,1610612751,BKN,Brooklyn Nets,Defensive,0.828,82,0.027,0.939,0.377,0.074,0.102,0.053,0.012,0.377,0.478,244,229,77,204,127
2024-25,OffScreen,22024,1610612755,PHI,Philadelphia 76ers,Defensive,0.241,82,0.027,1.025,0.433,0.07,0.102,0.07,0.025,0.414,0.536,244,250,90,208,118
2024-25,OffScreen,22024,1610612744,GSW,Golden State Warriors,Defensive,1,82,0.033,0.85,0.379,0.06,0.106,0.05,0.017,0.355,0.453,301,256,97,256,159
2024-25,OffScreen,22024,1610612738,BOS,Boston Celtics,Defensive,0.379,82,0.029,1.004,0.423,0.055,0.094,0.055,0.012,0.408,0.525,255,256,93,220,127
2024-25,OffScreen,22024,1610612745,HOU,Houston Rockets,Defensive,0.931,82,0.033,0.88,0.375,0.067,0.073,0.063,0.01,0.377,0.454,300,264,98,261,163
2024-25,OffScreen,22024,1610612739,CLE,Cleveland Cavaliers,Defensive,0.621,82,0.03,0.957,0.377,0.058,0.065,0.058,0.011,0.381,0.486,278,266,93,247,154
2024-25,OffScreen,22024,1610612747,LAL,Los Angeles Lakers,Defensive,0.966,82,0.036,0.877,0.372,0.063,0.087,0.06,0.018,0.364,0.455,332,291,107,288,181
2024-25,OffScreen,22024,1610612746,LAC,LA Clippers,Defensive,0.31,82,0.032,1.014,0.422,0.059,0.11,0.055,0.028,0.393,0.546,290,294,105,249,144
2024-25,OffScreen,22024,1610612748,MIA,Miami Heat,Defensive,0.103,82,0.033,1.048,0.418,0.072,0.041,0.069,0.01,0.433,0.519,291,305,109,261,152
2024-25,OffScreen,22024,1610612754,IND,Indiana Pacers,Defensive,0.586,82,0.035,0.966,0.396,0.068,0.08,0.065,0.006,0.401,0.496,324,313,110,278,168
2024-25,OffScreen,22024,1610612761,TOR,Toronto Raptors,Defensive,0.793,82,0.037,0.945,0.38,0.082,0.064,0.064,0.02,0.391,0.473,343,324,114,300,186
2024-25,OffScreen,22024,1610612740,NOP,New Orleans Pelicans,Defensive,0.724,82,0.037,0.953,0.379,0.053,0.068,0.053,0.006,0.382,0.48,340,324,114,301,187
2024-25,OffScreen,22024,1610612760,OKC,Oklahoma City Thunder,Defensive,0.655,82,0.037,0.956,0.375,0.064,0.067,0.056,0.012,0.38,0.49,342,327,113,301,188
2024-25,OffScreen,22024,1610612765,DET,Detroit Pistons,Defensive,0.345,82,0.035,1.012,0.395,0.058,0.071,0.046,0.009,0.397,0.519,325,329,113,286,173
2024-25,OffScreen,22024,1610612764,WAS,Washington Wizards,Defensive,0.897,82,0.039,0.897,0.367,0.046,0.082,0.041,0.008,0.359,0.465,368,330,119,324,205
2024-25,OffScreen,22024,1610612752,NYK,New York Knicks,Defensive,0.759,82,0.039,0.946,0.386,0.051,0.08,0.046,0.011,0.38,0.494,350,331,119,308,189
2024-25,OffScreen,22024,1610612757,POR,Portland Trail Blazers,Defensive,0.034,82,0.033,1.082,0.438,0.069,0.078,0.059,0.013,0.435,0.56,306,331,116,265,149
2024-25,OffScreen,22024,1610612758,SAC,Sacramento Kings,Defensive,0.138,82,0.035,1.047,0.432,0.069,0.075,0.056,0.013,0.425,0.552,320,335,120,278,158
2024-25,OffScreen,22024,1610612759,SAS,San Antonio Spurs,Defensive,0.862,82,0.041,0.93,0.369,0.068,0.073,0.06,0.018,0.373,0.469,383,356,124,336,212
2024-25,OffScreen,22024,1610612749,MIL,Milwaukee Bucks,Defensive,0.448,82,0.04,0.992,0.399,0.063,0.068,0.057,0.022,0.396,0.502,366,363,130,326,196
2024-25,OffScreen,22024,1610612737,ATL,Atlanta Hawks,Defensive,0.483,82,0.039,0.989,0.408,0.065,0.073,0.06,0.005,0.408,0.513,368,364,130,319,189
2024-25,OffScreen,22024,1610612743,DEN,Denver Nuggets,Defensive,0.276,82,0.039,1.014,0.412,0.055,0.091,0.053,0.008,0.399,0.535,361,366,128,311,183
2024-25,OffScreen,22024,1610612763,MEM,Memphis Grizzlies,Defensive,0.517,82,0.039,0.976,0.378,0.098,0.053,0.093,0.024,0.402,0.471,376,367,124,328,204
2024-25,OffScreen,22024,1610612753,ORL,Orlando Magic,Defensive,0.414,82,0.042,1,0.408,0.079,0.079,0.068,0.024,0.405,0.514,368,368,130,319,189
2024-25,OffScreen,22024,1610612742,DAL,Dallas Mavericks,Defensive,0.69,82,0.042,0.954,0.398,0.093,0.075,0.093,0.023,0.407,0.48,388,370,132,332,200
2024-25,OffScreen,22024,1610612741,CHI,Chicago Bulls,Defensive,0.069,82,0.037,1.06,0.434,0.072,0.08,0.072,0.017,0.43,0.546,349,370,131,302,171
2024-25,OffScreen,22024,1610612750,MIN,Minnesota Timberwolves,Defensive,0.172,82,0.039,1.039,0.399,0.076,0.05,0.067,0.025,0.406,0.514,357,371,128,321,193
2024-25,OffScreen,22024,1610612756,PHX,Phoenix Suns,Defensive,0.552,82,0.044,0.975,0.387,0.078,0.075,0.07,0.013,0.395,0.499,400,390,133,344,211
2024-25,OffScreen,22024,1610612766,CHA,Charlotte Hornets,Defensive,0.207,82,0.043,1.036,0.423,0.062,0.075,0.057,0.005,0.422,0.537,389,403,143,338,195
2024-25,OffScreen,22024,1610612762,UTA,Utah Jazz,Defensive,0,82,0.046,1.173,0.46,0.069,0.055,0.065,0.025,0.456,0.593,434,509,180,391,211
2024-25,OffRebound,22024,1610612753,ORL,Orlando Magic,Defensive,0.931,82,0.044,1.023,0.528,0.131,0.098,0.121,0.018,0.53,0.531,389,398,162,307,145
2024-25,OffRebound,22024,1610612746,LAC,LA Clippers,Defensive,0.517,82,0.047,1.095,0.553,0.131,0.074,0.129,0.038,0.547,0.564,419,459,193,349,156
2024-25,OffRebound,22024,1610612765,DET,Detroit Pistons,Defensive,0.759,82,0.047,1.067,0.555,0.122,0.088,0.113,0.025,0.536,0.559,433,462,196,353,157
2024-25,OffRebound,22024,1610612758,SAC,Sacramento Kings,Defensive,0.172,82,0.047,1.118,0.574,0.113,0.076,0.113,0.021,0.567,0.578,423,473,202,352,150
2024-25,OffRebound,22024,1610612737,ATL,Atlanta Hawks,Defensive,0.552,82,0.046,1.092,0.553,0.133,0.078,0.124,0.03,0.552,0.559,435,475,197,356,159
2024-25,OffRebound,22024,1610612750,MIN,Minnesota Timberwolves,Defensive,0.897,82,0.05,1.058,0.549,0.111,0.098,0.107,0.027,0.531,0.557,450,476,202,368,166
2024-25,OffRebound,22024,1610612763,MEM,Memphis Grizzlies,Defensive,0.966,82,0.051,1.008,0.547,0.107,0.111,0.097,0.014,0.512,0.552,494,498,215,393,178
2024-25,OffRebound,22024,1610612751,BKN,Brooklyn Nets,Defensive,0.414,82,0.051,1.101,0.564,0.129,0.074,0.12,0.022,0.556,0.572,457,503,211,374,163
2024-25,OffRebound,22024,1610612739,CLE,Cleveland Cavaliers,Defensive,1,82,0.054,1.006,0.53,0.089,0.103,0.085,0.014,0.505,0.535,505,508,220,415,195
2024-25,OffRebound,22024,1610612757,POR,Portland Trail Blazers,Defensive,0.483,82,0.05,1.097,0.575,0.108,0.088,0.103,0.015,0.553,0.584,465,510,219,381,162
2024-25,OffRebound,22024,1610612748,MIA,Miami Heat,Defensive,0.31,82,0.052,1.105,0.547,0.111,0.049,0.105,0.024,0.553,0.554,468,517,221,404,183
2024-25,OffRebound,22024,1610612766,CHA,Charlotte Hornets,Defensive,0.793,82,0.055,1.064,0.535,0.116,0.082,0.106,0.036,0.526,0.542,498,530,223,417,194
2024-25,OffRebound,22024,1610612743,DEN,Denver Nuggets,Defensive,0.69,82,0.053,1.079,0.548,0.122,0.093,0.114,0.022,0.535,0.56,493,532,218,398,180
2024-25,OffRebound,22024,1610612749,MIL,Milwaukee Bucks,Defensive,0.345,82,0.053,1.103,0.559,0.105,0.076,0.099,0.017,0.552,0.562,484,534,226,404,178
2024-25,OffRebound,22024,1610612745,HOU,Houston Rockets,Defensive,0.103,82,0.052,1.131,0.589,0.118,0.082,0.108,0.032,0.57,0.595,474,536,232,394,162
2024-25,OffRebound,22024,1610612754,IND,Indiana Pacers,Defensive,0.724,82,0.054,1.068,0.551,0.119,0.083,0.113,0.026,0.541,0.556,503,537,228,414,186
2024-25,OffRebound,22024,1610612741,CHI,Chicago Bulls,Defensive,0.241,82,0.051,1.116,0.584,0.106,0.085,0.1,0.015,0.558,0.593,482,538,232,397,165
2024-25,OffRebound,22024,1610612744,GSW,Golden State Warriors,Defensive,0.138,82,0.053,1.122,0.573,0.139,0.079,0.13,0.031,0.565,0.578,483,542,225,393,168
2024-25,OffRebound,22024,1610612752,NYK,New York Knicks,Defensive,0.586,82,0.055,1.09,0.568,0.092,0.08,0.088,0.018,0.54,0.572,498,543,239,421,182
2024-25,OffRebound,22024,1610612747,LAL,Los Angeles Lakers,Defensive,0.621,82,0.056,1.086,0.552,0.139,0.083,0.134,0.029,0.552,0.558,509,553,227,411,184
2024-25,OffRebound,22024,1610612761,TOR,Toronto Raptors,Defensive,0.448,82,0.054,1.097,0.548,0.159,0.069,0.147,0.036,0.552,0.55,504,553,223,407,184
2024-25,OffRebound,22024,1610612738,BOS,Boston Celtics,Defensive,0.276,82,0.056,1.106,0.561,0.125,0.072,0.114,0.032,0.556,0.566,502,555,235,419,184
2024-25,OffRebound,22024,1610612760,OKC,Oklahoma City Thunder,Defensive,0.862,82,0.057,1.059,0.533,0.154,0.087,0.146,0.028,0.541,0.536,527,558,221,415,194
2024-25,OffRebound,22024,1610612764,WAS,Washington Wizards,Defensive,0.655,82,0.055,1.081,0.559,0.114,0.083,0.106,0.025,0.544,0.57,518,560,240,429,189
2024-25,OffRebound,22024,1610612755,PHI,Philadelphia 76ers,Defensive,0.207,82,0.056,1.118,0.565,0.116,0.069,0.11,0.031,0.559,0.572,508,568,243,430,187
2024-25,OffRebound,22024,1610612762,UTA,Utah Jazz,Defensive,0,82,0.05,1.208,0.619,0.123,0.055,0.117,0.032,0.607,0.626,471,569,249,402,153
2024-25,OffRebound,22024,1610612756,PHX,Phoenix Suns,Defensive,0.379,82,0.057,1.103,0.558,0.126,0.075,0.117,0.031,0.553,0.562,523,577,242,434,192
2024-25,OffRebound,22024,1610612742,DAL,Dallas Mavericks,Defensive,0.828,82,0.06,1.059,0.538,0.133,0.077,0.125,0.025,0.539,0.543,558,591,245,455,210
2024-25,OffRebound,22024,1610612759,SAS,San Antonio Spurs,Defensive,0.069,82,0.058,1.143,0.581,0.128,0.063,0.121,0.022,0.579,0.586,537,614,259,446,187
2024-25,OffRebound,22024,1610612740,NOP,New Orleans Pelicans,Defensive,0.034,82,0.057,1.162,0.596,0.118,0.085,0.107,0.041,0.573,0.602,532,618,266,446,180
2024-25,Misc,22024,1610612748,MIA,Miami Heat,Defensive,0.897,82,0.047,0.423,0.433,0.135,0.641,0.014,0.005,0.225,0.485,423,179,42,97,55
2024-25,Misc,22024,1610612738,BOS,Boston Celtics,Defensive,0.828,82,0.047,0.44,0.368,0.13,0.572,0.019,0.002,0.226,0.412,416,183,46,125,79
2024-25,Misc,22024,1610612759,SAS,San Antonio Spurs,Defensive,0.966,82,0.048,0.416,0.326,0.139,0.566,0.022,0.002,0.225,0.348,445,185,43,132,89
2024-25,Misc,22024,1610612760,OKC,Oklahoma City Thunder,Defensive,1,82,0.061,0.328,0.252,0.144,0.661,0.019,0,0.186,0.279,570,187,28,111,83
2024-25,Misc,22024,1610612743,DEN,Denver Nuggets,Defensive,0.345,82,0.039,0.522,0.372,0.167,0.508,0.022,0.005,0.273,0.421,366,191,45,121,76
2024-25,Misc,22024,1610612742,DAL,Dallas Mavericks,Defensive,0.483,82,0.043,0.489,0.427,0.179,0.588,0.032,0.005,0.266,0.479,403,197,41,96,55
2024-25,Misc,22024,1610612752,NYK,New York Knicks,Defensive,0.759,82,0.05,0.455,0.319,0.2,0.602,0.037,0.002,0.251,0.363,455,207,29,91,62
2024-25,Misc,22024,1610612756,PHX,Phoenix Suns,Defensive,0.552,82,0.048,0.48,0.314,0.21,0.554,0.028,0.007,0.27,0.324,433,208,33,105,72
2024-25,Misc,22024,1610612749,MIL,Milwaukee Bucks,Defensive,0.621,82,0.048,0.478,0.359,0.159,0.524,0.025,0.005,0.263,0.394,441,211,51,142,91
2024-25,Misc,22024,1610612750,MIN,Minnesota Timberwolves,Defensive,0.862,82,0.055,0.428,0.325,0.161,0.596,0.028,0.002,0.229,0.35,502,215,40,123,83
2024-25,Misc,22024,1610612741,CHI,Chicago Bulls,Defensive,0.103,82,0.041,0.563,0.412,0.188,0.499,0.046,0.023,0.285,0.458,389,219,54,131,77
2024-25,Misc,22024,1610612758,SAC,Sacramento Kings,Defensive,0.793,82,0.055,0.454,0.276,0.214,0.579,0.028,0.004,0.258,0.329,496,225,29,105,76
2024-25,Misc,22024,1610612739,CLE,Cleveland Cavaliers,Defensive,0.448,82,0.05,0.496,0.312,0.212,0.554,0.013,0.002,0.271,0.353,462,229,34,109,75
2024-25,Misc,22024,1610612747,LAL,Los Angeles Lakers,Defensive,0.069,82,0.045,0.571,0.438,0.167,0.522,0.032,0.005,0.291,0.504,406,232,56,128,72
2024-25,Misc,22024,1610612755,PHI,Philadelphia 76ers,Defensive,0.586,82,0.054,0.479,0.383,0.196,0.576,0.02,0.004,0.259,0.422,495,237,44,115,71
2024-25,Misc,22024,1610612744,GSW,Golden State Warriors,Defensive,0.414,82,0.052,0.501,0.358,0.236,0.543,0.025,0.008,0.284,0.376,475,238,39,109,70
2024-25,Misc,22024,1610612757,POR,Portland Trail Blazers,Defensive,0.931,82,0.061,0.423,0.348,0.179,0.625,0.023,0.007,0.234,0.387,565,239,40,115,75
2024-25,Misc,22024,1610612764,WAS,Washington Wizards,Defensive,0.172,82,0.047,0.553,0.347,0.247,0.533,0.034,0.007,0.301,0.366,445,246,35,101,66
2024-25,Misc,22024,1610612761,TOR,Toronto Raptors,Defensive,0.655,82,0.058,0.469,0.433,0.193,0.619,0.022,0.004,0.265,0.476,540,253,45,104,59
2024-25,Misc,22024,1610612762,UTA,Utah Jazz,Defensive,0.034,82,0.047,0.578,0.402,0.224,0.507,0.023,0.009,0.317,0.434,438,253,49,122,73
2024-25,Misc,22024,1610612745,HOU,Houston Rockets,Defensive,0.31,82,0.053,0.526,0.365,0.215,0.551,0.019,0.004,0.277,0.422,483,254,42,115,73
2024-25,Misc,22024,1610612740,NOP,New Orleans Pelicans,Defensive,0.241,82,0.052,0.531,0.42,0.201,0.531,0.023,0.006,0.297,0.447,478,254,55,131,76
2024-25,Misc,22024,1610612753,ORL,Orlando Magic,Defensive,0.724,82,0.065,0.457,0.402,0.205,0.613,0.025,0.005,0.256,0.449,571,261,43,107,64
2024-25,Misc,22024,1610612737,ATL,Atlanta Hawks,Defensive,0.379,82,0.055,0.509,0.4,0.193,0.584,0.031,0.008,0.27,0.442,519,264,48,120,72
2024-25,Misc,22024,1610612754,IND,Indiana Pacers,Defensive,0.517,82,0.059,0.485,0.455,0.167,0.597,0.022,0.009,0.262,0.485,546,265,61,134,73
2024-25,Misc,22024,1610612763,MEM,Memphis Grizzlies,Defensive,0.69,82,0.06,0.466,0.325,0.206,0.579,0.017,0.005,0.255,0.369,573,267,41,126,85
2024-25,Misc,22024,1610612746,LAC,LA Clippers,Defensive,0,82,0.055,0.582,0.444,0.198,0.516,0.022,0.008,0.306,0.503,490,285,64,144,80
2024-25,Misc,22024,1610612766,CHA,Charlotte Hornets,Defensive,0.207,82,0.059,0.546,0.322,0.245,0.538,0.024,0.004,0.295,0.373,535,292,38,118,80
2024-25,Misc,22024,1610612765,DET,Detroit Pistons,Defensive,0.276,82,0.061,0.529,0.342,0.255,0.556,0.019,0.007,0.303,0.387,565,299,38,111,73
2024-25,Misc,22024,1610612751,BKN,Brooklyn Nets,Defensive,0.138,82,0.063,0.555,0.455,0.199,0.553,0.028,0.005,0.294,0.497,564,313,65,143,78
