SEASON,PLAY_TYPE,SEASON_ID,TEAM_ID,TEAM_ABBREVIATION,TEAM_NAME,TYPE_GROUPING,PERCENTILE,GP,POSS_PCT,PPP,FG_PCT,FT_POSS_PCT,TOV_POSS_PCT,SF_POSS_PCT,PLUSONE_POSS_PCT,SCORE_POSS_PCT,EFG_PCT,POSS,PTS,FGM,FGA,FGMX
2015-16,Isolation,22015,1610612746,LAC,LA Clippers,Offensive,0.966,82,0.095,0.921,0.401,0.126,0.058,0.105,0.022,0.436,0.432,828,763,278,694,416
2015-16,Isolation,22015,1610612745,HOU,Houston Rockets,Offensive,0.655,82,0.094,0.871,0.366,0.142,0.103,0.131,0.022,0.396,0.423,858,747,244,666,422
2015-16,Isolation,22015,1610612752,NYK,New York Knicks,Offensive,0.931,82,0.093,0.916,0.418,0.135,0.072,0.121,0.026,0.449,0.439,808,740,277,662,385
2015-16,Isolation,22015,1610612747,LAL,Los Angeles Lakers,Offensive,0.138,82,0.106,0.774,0.323,0.122,0.078,0.119,0.02,0.363,0.352,943,730,249,772,523
2015-16,Isolation,22015,1610612739,CLE,Cleveland Cavaliers,Offensive,0.448,82,0.089,0.845,0.382,0.114,0.065,0.097,0.023,0.408,0.409,774,654,249,652,403
2015-16,Isolation,22015,1610612760,OKC,Oklahoma City Thunder,Offensive,0.552,82,0.082,0.859,0.397,0.11,0.111,0.098,0.013,0.408,0.436,757,650,237,597,360
2015-16,Isolation,22015,1610612757,POR,Portland Trail Blazers,Offensive,0.724,82,0.082,0.875,0.389,0.126,0.092,0.106,0.018,0.412,0.43,736,644,228,586,358
2015-16,Isolation,22015,1610612749,MIL,Milwaukee Bucks,Offensive,0.517,82,0.085,0.858,0.402,0.157,0.101,0.131,0.032,0.429,0.421,741,636,231,574,343
2015-16,Isolation,22015,1610612761,TOR,Toronto Raptors,Offensive,0.69,82,0.081,0.873,0.385,0.163,0.084,0.153,0.02,0.432,0.402,699,610,208,540,332
2015-16,Isolation,22015,1610612763,MEM,Memphis Grizzlies,Offensive,0.586,82,0.077,0.862,0.415,0.113,0.098,0.109,0.024,0.423,0.427,672,579,226,545,319
2015-16,Isolation,22015,1610612755,PHI,Philadelphia 76ers,Offensive,0.034,82,0.085,0.735,0.36,0.127,0.141,0.115,0.021,0.365,0.38,765,562,207,575,368
2015-16,Isolation,22015,1610612750,MIN,Minnesota Timberwolves,Offensive,0.828,82,0.071,0.887,0.395,0.156,0.081,0.124,0.023,0.432,0.419,621,551,193,488,295
2015-16,Isolation,22015,1610612758,SAC,Sacramento Kings,Offensive,0.103,82,0.076,0.763,0.364,0.126,0.121,0.113,0.029,0.374,0.38,700,534,199,547,348
2015-16,Isolation,22015,1610612744,GSW,Golden State Warriors,Offensive,1,82,0.063,0.927,0.433,0.115,0.092,0.11,0.023,0.44,0.471,573,531,202,467,265
2015-16,Isolation,22015,1610612740,NOP,New Orleans Pelicans,Offensive,0.31,82,0.073,0.797,0.354,0.125,0.088,0.108,0.023,0.382,0.38,646,515,185,523,338
2015-16,Isolation,22015,1610612765,DET,Detroit Pistons,Offensive,0.207,82,0.07,0.78,0.356,0.121,0.104,0.099,0.016,0.381,0.379,637,497,179,503,324
2015-16,Isolation,22015,1610612751,BKN,Brooklyn Nets,Offensive,0.414,82,0.068,0.823,0.381,0.093,0.095,0.088,0.015,0.386,0.412,603,496,190,499,309
2015-16,Isolation,22015,1610612748,MIA,Miami Heat,Offensive,0.483,82,0.067,0.849,0.407,0.093,0.083,0.088,0.014,0.413,0.423,581,493,198,486,288
2015-16,Isolation,22015,1610612762,UTA,Utah Jazz,Offensive,0.897,82,0.063,0.913,0.427,0.128,0.112,0.11,0.019,0.442,0.467,538,491,179,419,240
2015-16,Isolation,22015,1610612742,DAL,Dallas Mavericks,Offensive,0.793,82,0.063,0.885,0.403,0.124,0.091,0.112,0.015,0.424,0.429,547,484,176,437,261
2015-16,Isolation,22015,1610612741,CHI,Chicago Bulls,Offensive,0.379,82,0.064,0.815,0.401,0.109,0.104,0.095,0.012,0.412,0.411,577,470,185,461,276
2015-16,Isolation,22015,1610612756,PHX,Phoenix Suns,Offensive,0.241,82,0.064,0.783,0.349,0.124,0.097,0.1,0.019,0.372,0.379,589,461,164,470,306
2015-16,Isolation,22015,1610612754,IND,Indiana Pacers,Offensive,0.172,82,0.066,0.777,0.36,0.109,0.111,0.09,0.019,0.374,0.382,588,457,169,470,301
2015-16,Isolation,22015,1610612753,ORL,Orlando Magic,Offensive,0.759,82,0.053,0.882,0.406,0.12,0.09,0.105,0.027,0.42,0.434,476,420,158,389,231
2015-16,Isolation,22015,1610612759,SAS,San Antonio Spurs,Offensive,0.862,82,0.051,0.908,0.44,0.119,0.094,0.101,0.018,0.453,0.452,437,397,155,352,197
2015-16,Isolation,22015,1610612743,DEN,Denver Nuggets,Offensive,0,82,0.062,0.71,0.303,0.113,0.086,0.091,0.02,0.342,0.324,559,397,139,458,319
2015-16,Isolation,22015,1610612737,ATL,Atlanta Hawks,Offensive,0.345,82,0.056,0.803,0.394,0.126,0.138,0.114,0.024,0.398,0.414,492,395,147,373,226
2015-16,Isolation,22015,1610612764,WAS,Washington Wizards,Offensive,0.621,82,0.049,0.864,0.403,0.134,0.111,0.125,0.036,0.408,0.432,441,381,140,347,207
2015-16,Isolation,22015,1610612738,BOS,Boston Celtics,Offensive,0.276,82,0.052,0.783,0.346,0.125,0.092,0.106,0.019,0.38,0.366,479,375,133,384,251
2015-16,Isolation,22015,1610612766,CHA,Charlotte Hornets,Offensive,0.069,82,0.052,0.752,0.338,0.11,0.099,0.092,0.02,0.357,0.369,456,343,125,370,245
2015-16,Transition,22015,1610612745,HOU,Houston Rockets,Offensive,0.483,82,0.19,1.107,0.532,0.149,0.121,0.134,0.028,0.511,0.604,1740,1927,699,1315,616
2015-16,Transition,22015,1610612758,SAC,Sacramento Kings,Offensive,0.345,82,0.185,1.086,0.565,0.127,0.158,0.108,0.023,0.512,0.622,1718,1865,714,1263,549
2015-16,Transition,22015,1610612764,WAS,Washington Wizards,Offensive,0.414,82,0.189,1.101,0.53,0.166,0.108,0.146,0.033,0.523,0.586,1693,1864,679,1280,601
2015-16,Transition,22015,1610612744,GSW,Golden State Warriors,Offensive,0.931,82,0.175,1.158,0.576,0.107,0.142,0.095,0.019,0.524,0.658,1597,1849,707,1228,521
2015-16,Transition,22015,1610612760,OKC,Oklahoma City Thunder,Offensive,0.655,82,0.16,1.133,0.56,0.175,0.135,0.149,0.041,0.534,0.612,1476,1672,604,1078,474
2015-16,Transition,22015,1610612738,BOS,Boston Celtics,Offensive,0.448,82,0.163,1.102,0.529,0.132,0.114,0.114,0.026,0.513,0.583,1514,1669,624,1180,556
2015-16,Transition,22015,1610612754,IND,Indiana Pacers,Offensive,0.552,82,0.155,1.109,0.549,0.156,0.129,0.141,0.038,0.523,0.598,1386,1537,572,1042,470
2015-16,Transition,22015,1610612737,ATL,Atlanta Hawks,Offensive,0.586,82,0.149,1.118,0.564,0.117,0.139,0.103,0.03,0.516,0.623,1313,1468,572,1015,443
2015-16,Transition,22015,1610612756,PHX,Phoenix Suns,Offensive,0.241,82,0.145,1.077,0.536,0.136,0.135,0.116,0.027,0.503,0.592,1332,1435,539,1006,467
2015-16,Transition,22015,1610612755,PHI,Philadelphia 76ers,Offensive,0.138,82,0.152,1.051,0.506,0.121,0.13,0.103,0.026,0.478,0.581,1365,1435,535,1058,523
2015-16,Transition,22015,1610612749,MIL,Milwaukee Bucks,Offensive,0.759,82,0.138,1.138,0.589,0.163,0.141,0.147,0.033,0.548,0.626,1209,1376,518,880,362
2015-16,Transition,22015,1610612739,CLE,Cleveland Cavaliers,Offensive,0.966,82,0.132,1.196,0.59,0.149,0.124,0.131,0.034,0.554,0.661,1147,1372,513,869,356
2015-16,Transition,22015,1610612743,DEN,Denver Nuggets,Offensive,0.621,82,0.134,1.133,0.554,0.161,0.116,0.143,0.035,0.542,0.591,1206,1366,506,914,408
2015-16,Transition,22015,1610612750,MIN,Minnesota Timberwolves,Offensive,0.69,82,0.135,1.136,0.595,0.175,0.149,0.158,0.033,0.555,0.622,1186,1347,499,839,340
2015-16,Transition,22015,1610612753,ORL,Orlando Magic,Offensive,0.517,82,0.134,1.109,0.557,0.155,0.125,0.135,0.033,0.531,0.604,1197,1327,501,900,399
2015-16,Transition,22015,1610612740,NOP,New Orleans Pelicans,Offensive,0.793,82,0.128,1.14,0.554,0.129,0.118,0.109,0.027,0.523,0.62,1133,1292,488,881,393
2015-16,Transition,22015,1610612765,DET,Detroit Pistons,Offensive,0.276,82,0.131,1.079,0.516,0.146,0.121,0.124,0.035,0.495,0.578,1184,1277,469,909,440
2015-16,Transition,22015,1610612746,LAC,LA Clippers,Offensive,0.828,82,0.128,1.144,0.555,0.148,0.133,0.124,0.024,0.526,0.629,1113,1273,459,827,368
2015-16,Transition,22015,1610612761,TOR,Toronto Raptors,Offensive,1,82,0.116,1.211,0.566,0.185,0.107,0.154,0.036,0.567,0.634,1002,1213,422,746,324
2015-16,Transition,22015,1610612751,BKN,Brooklyn Nets,Offensive,0.207,82,0.126,1.067,0.55,0.113,0.137,0.103,0.021,0.506,0.597,1112,1186,471,857,386
2015-16,Transition,22015,1610612757,POR,Portland Trail Blazers,Offensive,0.103,82,0.125,1.05,0.523,0.134,0.146,0.115,0.025,0.491,0.583,1120,1176,436,834,398
2015-16,Transition,22015,1610612748,MIA,Miami Heat,Offensive,0.31,82,0.126,1.08,0.557,0.137,0.13,0.124,0.027,0.524,0.594,1081,1168,457,821,364
2015-16,Transition,22015,1610612747,LAL,Los Angeles Lakers,Offensive,0.034,82,0.129,1.001,0.503,0.122,0.151,0.113,0.017,0.474,0.557,1141,1142,426,847,421
2015-16,Transition,22015,1610612766,CHA,Charlotte Hornets,Offensive,0.862,82,0.107,1.151,0.535,0.153,0.105,0.125,0.029,0.531,0.603,934,1075,385,720,335
2015-16,Transition,22015,1610612763,MEM,Memphis Grizzlies,Offensive,0.172,82,0.115,1.063,0.531,0.146,0.127,0.121,0.036,0.507,0.572,1002,1065,405,763,358
2015-16,Transition,22015,1610612741,CHI,Chicago Bulls,Offensive,0,82,0.117,0.995,0.489,0.117,0.133,0.108,0.016,0.468,0.543,1055,1050,396,809,413
2015-16,Transition,22015,1610612762,UTA,Utah Jazz,Offensive,0.724,82,0.105,1.136,0.586,0.151,0.141,0.116,0.035,0.544,0.629,903,1026,392,669,277
2015-16,Transition,22015,1610612759,SAS,San Antonio Spurs,Offensive,0.379,82,0.108,1.093,0.541,0.115,0.118,0.091,0.031,0.509,0.586,921,1007,397,734,337
2015-16,Transition,22015,1610612752,NYK,New York Knicks,Offensive,0.069,82,0.112,1.019,0.471,0.145,0.117,0.129,0.028,0.469,0.535,976,995,351,745,394
2015-16,Transition,22015,1610612742,DAL,Dallas Mavericks,Offensive,0.897,82,0.096,1.155,0.508,0.155,0.08,0.132,0.024,0.524,0.583,840,970,336,661,325
2015-16,PRBallHandler,22015,1610612747,LAL,Los Angeles Lakers,Offensive,0.759,82,0.22,0.847,0.406,0.113,0.151,0.106,0.017,0.397,0.447,1951,1652,594,1463,869
2015-16,PRBallHandler,22015,1610612761,TOR,Toronto Raptors,Offensive,0.966,82,0.207,0.902,0.441,0.136,0.131,0.12,0.02,0.444,0.463,1782,1607,592,1341,749
2015-16,PRBallHandler,22015,1610612757,POR,Portland Trail Blazers,Offensive,0.897,82,0.204,0.875,0.42,0.085,0.134,0.073,0.018,0.402,0.465,1826,1598,612,1457,845
2015-16,PRBallHandler,22015,1610612740,NOP,New Orleans Pelicans,Offensive,0.793,82,0.205,0.847,0.415,0.08,0.138,0.066,0.016,0.394,0.454,1822,1544,603,1452,849
2015-16,PRBallHandler,22015,1610612765,DET,Detroit Pistons,Offensive,0.552,82,0.203,0.817,0.417,0.079,0.151,0.072,0.02,0.386,0.447,1838,1501,604,1450,846
2015-16,PRBallHandler,22015,1610612766,CHA,Charlotte Hornets,Offensive,0.828,82,0.198,0.856,0.417,0.106,0.151,0.085,0.017,0.402,0.458,1732,1483,548,1313,765
2015-16,PRBallHandler,22015,1610612746,LAC,LA Clippers,Offensive,0.931,82,0.184,0.879,0.44,0.083,0.145,0.058,0.013,0.413,0.474,1599,1405,553,1256,703
2015-16,PRBallHandler,22015,1610612741,CHI,Chicago Bulls,Offensive,0.621,82,0.183,0.829,0.413,0.09,0.133,0.081,0.019,0.396,0.436,1645,1364,541,1310,769
2015-16,PRBallHandler,22015,1610612760,OKC,Oklahoma City Thunder,Offensive,0.724,82,0.17,0.846,0.428,0.11,0.189,0.097,0.021,0.395,0.468,1571,1329,485,1132,647
2015-16,PRBallHandler,22015,1610612739,CLE,Cleveland Cavaliers,Offensive,0.517,82,0.179,0.816,0.426,0.065,0.161,0.059,0.014,0.386,0.459,1553,1268,521,1222,701
2015-16,PRBallHandler,22015,1610612764,WAS,Washington Wizards,Offensive,0.31,82,0.181,0.778,0.411,0.074,0.157,0.066,0.015,0.377,0.432,1619,1260,521,1268,747
2015-16,PRBallHandler,22015,1610612742,DAL,Dallas Mavericks,Offensive,0.483,82,0.178,0.801,0.411,0.086,0.166,0.071,0.018,0.378,0.444,1550,1242,488,1188,700
2015-16,PRBallHandler,22015,1610612754,IND,Indiana Pacers,Offensive,0.379,82,0.176,0.783,0.387,0.082,0.147,0.068,0.014,0.369,0.419,1580,1237,480,1239,759
2015-16,PRBallHandler,22015,1610612762,UTA,Utah Jazz,Offensive,0.448,82,0.18,0.787,0.392,0.107,0.173,0.087,0.017,0.375,0.423,1547,1217,446,1137,691
2015-16,PRBallHandler,22015,1610612748,MIA,Miami Heat,Offensive,0.586,82,0.17,0.819,0.449,0.099,0.179,0.087,0.015,0.411,0.457,1461,1196,483,1075,592
2015-16,PRBallHandler,22015,1610612756,PHX,Phoenix Suns,Offensive,0.241,82,0.165,0.771,0.395,0.092,0.191,0.076,0.014,0.361,0.433,1514,1168,436,1105,669
2015-16,PRBallHandler,22015,1610612743,DEN,Denver Nuggets,Offensive,0.207,82,0.172,0.754,0.389,0.092,0.198,0.081,0.015,0.354,0.426,1547,1166,436,1120,684
2015-16,PRBallHandler,22015,1610612737,ATL,Atlanta Hawks,Offensive,0.034,82,0.167,0.733,0.379,0.093,0.187,0.081,0.016,0.354,0.403,1474,1080,411,1085,674
2015-16,PRBallHandler,22015,1610612753,ORL,Orlando Magic,Offensive,0.103,82,0.163,0.741,0.39,0.097,0.183,0.082,0.016,0.364,0.41,1457,1079,419,1073,654
2015-16,PRBallHandler,22015,1610612763,MEM,Memphis Grizzlies,Offensive,0.655,82,0.147,0.83,0.402,0.123,0.141,0.103,0.017,0.406,0.428,1280,1062,387,963,576
2015-16,PRBallHandler,22015,1610612738,BOS,Boston Celtics,Offensive,0.345,82,0.143,0.781,0.388,0.101,0.17,0.077,0.014,0.372,0.419,1322,1032,381,982,601
2015-16,PRBallHandler,22015,1610612759,SAS,San Antonio Spurs,Offensive,0.862,82,0.139,0.859,0.462,0.084,0.165,0.061,0.014,0.42,0.479,1182,1015,417,903,486
2015-16,PRBallHandler,22015,1610612745,HOU,Houston Rockets,Offensive,0.69,82,0.133,0.832,0.411,0.122,0.207,0.108,0.015,0.388,0.45,1217,1013,342,833,491
2015-16,PRBallHandler,22015,1610612751,BKN,Brooklyn Nets,Offensive,0.172,82,0.152,0.752,0.398,0.09,0.193,0.071,0.013,0.364,0.419,1339,1007,388,976,588
2015-16,PRBallHandler,22015,1610612750,MIN,Minnesota Timberwolves,Offensive,0.138,82,0.15,0.741,0.372,0.118,0.172,0.098,0.016,0.368,0.389,1317,976,354,952,598
2015-16,PRBallHandler,22015,1610612744,GSW,Golden State Warriors,Offensive,1,82,0.105,0.98,0.458,0.081,0.156,0.074,0.022,0.417,0.545,960,941,344,751,407
2015-16,PRBallHandler,22015,1610612758,SAC,Sacramento Kings,Offensive,0.414,82,0.12,0.783,0.44,0.072,0.204,0.06,0.011,0.378,0.466,1115,873,360,819,459
2015-16,PRBallHandler,22015,1610612755,PHI,Philadelphia 76ers,Offensive,0,82,0.138,0.676,0.373,0.061,0.21,0.054,0.012,0.321,0.402,1236,836,342,916,574
2015-16,PRBallHandler,22015,1610612749,MIL,Milwaukee Bucks,Offensive,0.069,82,0.125,0.736,0.418,0.073,0.205,0.065,0.016,0.363,0.431,1089,801,335,802,467
2015-16,PRBallHandler,22015,1610612752,NYK,New York Knicks,Offensive,0.276,82,0.108,0.776,0.39,0.083,0.149,0.072,0.015,0.37,0.415,935,726,285,730,445
2015-16,PRRollMan,22015,1610612751,BKN,Brooklyn Nets,Offensive,0.172,82,0.097,0.97,0.495,0.104,0.072,0.102,0.034,0.483,0.499,859,833,365,737,372
2015-16,PRRollMan,22015,1610612760,OKC,Oklahoma City Thunder,Offensive,0.586,82,0.086,1.029,0.531,0.094,0.092,0.089,0.018,0.511,0.542,796,819,351,661,310
2015-16,PRRollMan,22015,1610612753,ORL,Orlando Magic,Offensive,0.448,82,0.088,1.01,0.494,0.073,0.07,0.072,0.018,0.483,0.523,783,791,338,684,346
2015-16,PRRollMan,22015,1610612740,NOP,New Orleans Pelicans,Offensive,0.724,82,0.086,1.034,0.486,0.134,0.072,0.129,0.021,0.5,0.519,762,788,302,621,319
2015-16,PRRollMan,22015,1610612737,ATL,Atlanta Hawks,Offensive,0.621,82,0.086,1.029,0.477,0.079,0.067,0.07,0.021,0.47,0.53,756,778,315,661,346
2015-16,PRRollMan,22015,1610612748,MIA,Miami Heat,Offensive,1,82,0.076,1.172,0.545,0.164,0.058,0.158,0.043,0.561,0.583,652,764,291,534,243
2015-16,PRRollMan,22015,1610612746,LAC,LA Clippers,Offensive,0.793,82,0.083,1.047,0.53,0.124,0.064,0.115,0.026,0.519,0.558,719,753,319,602,283
2015-16,PRRollMan,22015,1610612743,DEN,Denver Nuggets,Offensive,0.759,82,0.077,1.045,0.506,0.146,0.065,0.138,0.036,0.516,0.523,694,725,290,573,283
2015-16,PRRollMan,22015,1610612750,MIN,Minnesota Timberwolves,Offensive,0.241,82,0.084,0.974,0.476,0.118,0.1,0.111,0.032,0.468,0.498,740,721,287,603,316
2015-16,PRRollMan,22015,1610612766,CHA,Charlotte Hornets,Offensive,0.931,82,0.072,1.097,0.493,0.119,0.052,0.113,0.024,0.512,0.547,631,692,265,538,273
2015-16,PRRollMan,22015,1610612742,DAL,Dallas Mavericks,Offensive,0.69,82,0.075,1.034,0.481,0.126,0.069,0.112,0.021,0.497,0.526,652,674,259,539,280
2015-16,PRRollMan,22015,1610612764,WAS,Washington Wizards,Offensive,0.897,82,0.068,1.068,0.528,0.101,0.068,0.097,0.021,0.52,0.551,606,647,273,517,244
2015-16,PRRollMan,22015,1610612738,BOS,Boston Celtics,Offensive,0.103,82,0.073,0.956,0.459,0.107,0.077,0.095,0.025,0.454,0.493,676,646,261,569,308
2015-16,PRRollMan,22015,1610612739,CLE,Cleveland Cavaliers,Offensive,0.966,82,0.063,1.158,0.55,0.138,0.062,0.134,0.018,0.559,0.6,551,638,248,451,203
2015-16,PRRollMan,22015,1610612762,UTA,Utah Jazz,Offensive,0.862,82,0.066,1.061,0.531,0.167,0.079,0.147,0.032,0.537,0.544,570,605,238,448,210
2015-16,PRRollMan,22015,1610612759,SAS,San Antonio Spurs,Offensive,0.034,82,0.074,0.948,0.475,0.098,0.073,0.095,0.022,0.473,0.485,634,601,256,539,283
2015-16,PRRollMan,22015,1610612757,POR,Portland Trail Blazers,Offensive,0.345,82,0.067,0.99,0.484,0.153,0.118,0.145,0.037,0.473,0.531,601,595,222,459,237
2015-16,PRRollMan,22015,1610612754,IND,Indiana Pacers,Offensive,0.207,82,0.067,0.97,0.484,0.116,0.065,0.11,0.025,0.488,0.495,602,584,246,508,262
2015-16,PRRollMan,22015,1610612758,SAC,Sacramento Kings,Offensive,0.31,82,0.063,0.981,0.47,0.129,0.07,0.126,0.029,0.48,0.491,587,576,229,487,258
2015-16,PRRollMan,22015,1610612763,MEM,Memphis Grizzlies,Offensive,0.414,82,0.065,1.007,0.499,0.1,0.074,0.088,0.014,0.502,0.509,568,572,238,477,239
2015-16,PRRollMan,22015,1610612741,CHI,Chicago Bulls,Offensive,0.276,82,0.065,0.979,0.472,0.101,0.069,0.088,0.01,0.479,0.498,582,570,231,489,258
2015-16,PRRollMan,22015,1610612755,PHI,Philadelphia 76ers,Offensive,0.069,82,0.066,0.949,0.48,0.128,0.114,0.121,0.024,0.474,0.507,588,558,221,460,239
2015-16,PRRollMan,22015,1610612765,DET,Detroit Pistons,Offensive,0.483,82,0.06,1.017,0.502,0.127,0.072,0.119,0.018,0.498,0.536,544,553,222,442,220
2015-16,PRRollMan,22015,1610612756,PHX,Phoenix Suns,Offensive,0.655,82,0.056,1.033,0.477,0.106,0.069,0.102,0.027,0.48,0.532,519,536,210,440,230
2015-16,PRRollMan,22015,1610612761,TOR,Toronto Raptors,Offensive,0.828,82,0.054,1.056,0.508,0.125,0.075,0.116,0.026,0.511,0.543,464,490,194,382,188
2015-16,PRRollMan,22015,1610612752,NYK,New York Knicks,Offensive,0.138,82,0.055,0.965,0.472,0.094,0.089,0.089,0.01,0.466,0.506,481,464,187,396,209
2015-16,PRRollMan,22015,1610612744,GSW,Golden State Warriors,Offensive,0.379,82,0.051,0.993,0.47,0.139,0.089,0.134,0.022,0.475,0.516,461,458,171,364,193
2015-16,PRRollMan,22015,1610612745,HOU,Houston Rockets,Offensive,0.552,82,0.048,1.027,0.541,0.147,0.106,0.131,0.045,0.506,0.568,443,455,190,351,161
2015-16,PRRollMan,22015,1610612749,MIL,Milwaukee Bucks,Offensive,0.517,82,0.05,1.018,0.532,0.103,0.085,0.101,0.018,0.51,0.537,437,445,193,363,170
2015-16,PRRollMan,22015,1610612747,LAL,Los Angeles Lakers,Offensive,0,82,0.052,0.929,0.457,0.108,0.069,0.099,0.024,0.467,0.464,465,432,180,394,214
2015-16,Postup,22015,1610612759,SAS,San Antonio Spurs,Offensive,0.966,82,0.143,0.991,0.503,0.148,0.107,0.129,0.029,0.502,0.503,1224,1213,476,947,471
2015-16,Postup,22015,1610612752,NYK,New York Knicks,Offensive,0.69,82,0.143,0.877,0.446,0.137,0.135,0.112,0.033,0.443,0.446,1241,1088,421,944,523
2015-16,Postup,22015,1610612763,MEM,Memphis Grizzlies,Offensive,0.414,82,0.121,0.835,0.41,0.143,0.117,0.11,0.024,0.427,0.41,1058,883,331,807,476
2015-16,Postup,22015,1610612751,BKN,Brooklyn Nets,Offensive,0.759,82,0.1,0.889,0.473,0.134,0.148,0.113,0.03,0.447,0.473,880,782,311,658,347
2015-16,Postup,22015,1610612750,MIN,Minnesota Timberwolves,Offensive,0.862,82,0.095,0.908,0.442,0.172,0.107,0.138,0.025,0.471,0.442,839,762,277,626,349
2015-16,Postup,22015,1610612749,MIL,Milwaukee Bucks,Offensive,0.448,82,0.101,0.836,0.446,0.12,0.142,0.099,0.024,0.428,0.446,883,738,300,673,373
2015-16,Postup,22015,1610612742,DAL,Dallas Mavericks,Offensive,0.897,82,0.08,0.941,0.452,0.143,0.1,0.123,0.024,0.47,0.452,700,659,247,547,300
2015-16,Postup,22015,1610612765,DET,Detroit Pistons,Offensive,0.276,82,0.085,0.824,0.427,0.127,0.087,0.11,0.02,0.431,0.427,766,631,263,616,353
2015-16,Postup,22015,1610612739,CLE,Cleveland Cavaliers,Offensive,0.724,82,0.081,0.886,0.453,0.14,0.126,0.111,0.031,0.449,0.453,701,621,243,537,294
2015-16,Postup,22015,1610612760,OKC,Oklahoma City Thunder,Offensive,1,82,0.066,1.003,0.513,0.163,0.123,0.139,0.021,0.51,0.513,612,614,231,450,219
2015-16,Postup,22015,1610612741,CHI,Chicago Bulls,Offensive,0.207,82,0.082,0.809,0.419,0.134,0.134,0.1,0.032,0.411,0.419,740,599,237,566,329
2015-16,Postup,22015,1610612758,SAC,Sacramento Kings,Offensive,0.828,82,0.067,0.905,0.47,0.189,0.14,0.148,0.031,0.474,0.47,620,561,204,434,230
2015-16,Postup,22015,1610612753,ORL,Orlando Magic,Offensive,0.793,82,0.07,0.896,0.475,0.091,0.113,0.061,0.013,0.458,0.475,626,561,240,505,265
2015-16,Postup,22015,1610612756,PHX,Phoenix Suns,Offensive,0,82,0.081,0.747,0.382,0.156,0.174,0.12,0.016,0.389,0.382,743,555,194,508,314
2015-16,Postup,22015,1610612748,MIA,Miami Heat,Offensive,0.379,82,0.077,0.831,0.438,0.107,0.132,0.098,0.024,0.421,0.438,661,549,227,518,291
2015-16,Postup,22015,1610612747,LAL,Los Angeles Lakers,Offensive,0.034,82,0.081,0.766,0.365,0.152,0.109,0.137,0.026,0.395,0.365,717,549,200,548,348
2015-16,Postup,22015,1610612743,DEN,Denver Nuggets,Offensive,0.655,82,0.068,0.874,0.444,0.144,0.119,0.113,0.033,0.44,0.444,612,535,209,471,262
2015-16,Postup,22015,1610612737,ATL,Atlanta Hawks,Offensive,0.931,82,0.057,0.97,0.499,0.159,0.133,0.137,0.03,0.487,0.499,503,488,184,369,185
2015-16,Postup,22015,1610612745,HOU,Houston Rockets,Offensive,0.31,82,0.064,0.83,0.452,0.168,0.144,0.144,0.045,0.428,0.452,582,483,192,425,233
2015-16,Postup,22015,1610612755,PHI,Philadelphia 76ers,Offensive,0.586,82,0.063,0.855,0.458,0.175,0.159,0.143,0.036,0.45,0.458,560,479,180,393,213
2015-16,Postup,22015,1610612738,BOS,Boston Celtics,Offensive,0.621,82,0.059,0.869,0.44,0.131,0.111,0.108,0.022,0.445,0.44,548,476,188,427,239
2015-16,Postup,22015,1610612766,CHA,Charlotte Hornets,Offensive,0.552,82,0.064,0.851,0.43,0.129,0.093,0.113,0.029,0.435,0.43,558,475,193,449,256
2015-16,Postup,22015,1610612740,NOP,New Orleans Pelicans,Offensive,0.345,82,0.064,0.83,0.41,0.128,0.121,0.098,0.014,0.426,0.41,571,474,179,437,258
2015-16,Postup,22015,1610612761,TOR,Toronto Raptors,Offensive,0.172,82,0.064,0.805,0.421,0.121,0.142,0.112,0.029,0.413,0.421,555,447,179,425,246
2015-16,Postup,22015,1610612744,GSW,Golden State Warriors,Offensive,0.138,82,0.061,0.801,0.42,0.134,0.13,0.114,0.031,0.415,0.42,554,444,178,424,246
2015-16,Postup,22015,1610612754,IND,Indiana Pacers,Offensive,0.069,82,0.059,0.775,0.416,0.104,0.136,0.087,0.019,0.4,0.416,530,411,172,413,241
2015-16,Postup,22015,1610612764,WAS,Washington Wizards,Offensive,0.517,82,0.052,0.84,0.472,0.138,0.138,0.117,0.017,0.438,0.472,463,389,162,343,181
2015-16,Postup,22015,1610612746,LAC,LA Clippers,Offensive,0.241,82,0.044,0.815,0.419,0.164,0.115,0.143,0.018,0.443,0.419,384,313,119,284,165
2015-16,Postup,22015,1610612762,UTA,Utah Jazz,Offensive,0.483,82,0.041,0.838,0.429,0.145,0.128,0.111,0.028,0.435,0.429,352,295,114,266,152
2015-16,Postup,22015,1610612757,POR,Portland Trail Blazers,Offensive,0.103,82,0.029,0.785,0.428,0.121,0.168,0.09,0.02,0.406,0.428,256,201,80,187,107
2015-16,Spotup,22015,1610612742,DAL,Dallas Mavericks,Offensive,0.793,82,0.221,1.012,0.393,0.041,0.046,0.033,0.006,0.396,0.518,1925,1948,696,1769,1073
2015-16,Spotup,22015,1610612762,UTA,Utah Jazz,Offensive,0.586,82,0.231,0.97,0.388,0.046,0.064,0.04,0.009,0.385,0.504,1983,1923,692,1782,1090
2015-16,Spotup,22015,1610612759,SAS,San Antonio Spurs,Offensive,0.931,82,0.214,1.045,0.428,0.044,0.061,0.04,0.009,0.421,0.539,1826,1908,707,1651,944
2015-16,Spotup,22015,1610612766,CHA,Charlotte Hornets,Offensive,0.69,82,0.218,0.985,0.376,0.049,0.051,0.044,0.005,0.384,0.502,1903,1875,646,1720,1074
2015-16,Spotup,22015,1610612755,PHI,Philadelphia 76ers,Offensive,0.241,82,0.221,0.937,0.366,0.07,0.066,0.062,0.012,0.372,0.48,1980,1855,634,1733,1099
2015-16,Spotup,22015,1610612739,CLE,Cleveland Cavaliers,Offensive,0.966,82,0.202,1.054,0.394,0.04,0.044,0.035,0.009,0.394,0.539,1756,1851,640,1623,983
2015-16,Spotup,22015,1610612741,CHI,Chicago Bulls,Offensive,0.897,82,0.198,1.025,0.404,0.05,0.044,0.047,0.011,0.409,0.513,1782,1827,660,1633,973
2015-16,Spotup,22015,1610612737,ATL,Atlanta Hawks,Offensive,0.655,82,0.21,0.978,0.393,0.045,0.068,0.038,0.009,0.386,0.514,1856,1816,653,1662,1009
2015-16,Spotup,22015,1610612753,ORL,Orlando Magic,Offensive,0.517,82,0.209,0.959,0.384,0.04,0.048,0.036,0.01,0.382,0.49,1869,1793,662,1723,1061
2015-16,Spotup,22015,1610612745,HOU,Houston Rockets,Offensive,0.552,82,0.203,0.961,0.37,0.042,0.053,0.038,0.005,0.371,0.493,1852,1780,624,1686,1062
2015-16,Spotup,22015,1610612761,TOR,Toronto Raptors,Offensive,0.724,82,0.203,1.007,0.401,0.041,0.07,0.038,0.006,0.39,0.532,1750,1762,627,1563,936
2015-16,Spotup,22015,1610612738,BOS,Boston Celtics,Offensive,0.207,82,0.199,0.937,0.366,0.062,0.051,0.059,0.012,0.377,0.468,1845,1728,607,1659,1052
2015-16,Spotup,22015,1610612758,SAC,Sacramento Kings,Offensive,0.31,82,0.196,0.945,0.383,0.057,0.077,0.049,0.01,0.379,0.492,1820,1719,610,1593,983
2015-16,Spotup,22015,1610612765,DET,Detroit Pistons,Offensive,0.759,82,0.187,1.011,0.391,0.049,0.064,0.044,0.009,0.388,0.524,1689,1707,592,1514,922
2015-16,Spotup,22015,1610612757,POR,Portland Trail Blazers,Offensive,0.828,82,0.185,1.021,0.395,0.043,0.062,0.038,0.008,0.39,0.532,1663,1698,593,1502,909
2015-16,Spotup,22015,1610612748,MIA,Miami Heat,Offensive,0.483,82,0.205,0.957,0.387,0.053,0.057,0.051,0.009,0.389,0.491,1762,1686,612,1582,970
2015-16,Spotup,22015,1610612764,WAS,Washington Wizards,Offensive,0.621,82,0.193,0.976,0.383,0.048,0.063,0.045,0.01,0.381,0.504,1725,1683,595,1552,957
2015-16,Spotup,22015,1610612744,GSW,Golden State Warriors,Offensive,1,82,0.166,1.097,0.421,0.047,0.048,0.043,0.008,0.422,0.561,1511,1657,580,1379,799
2015-16,Spotup,22015,1610612752,NYK,New York Knicks,Offensive,0.448,82,0.196,0.957,0.376,0.038,0.049,0.033,0.008,0.375,0.487,1705,1631,591,1572,981
2015-16,Spotup,22015,1610612756,PHX,Phoenix Suns,Offensive,0.379,82,0.183,0.953,0.378,0.049,0.063,0.041,0.005,0.378,0.495,1679,1600,566,1499,933
2015-16,Spotup,22015,1610612743,DEN,Denver Nuggets,Offensive,0.069,82,0.194,0.904,0.358,0.047,0.057,0.043,0.007,0.361,0.465,1749,1581,566,1580,1014
2015-16,Spotup,22015,1610612740,NOP,New Orleans Pelicans,Offensive,0.103,82,0.189,0.932,0.381,0.058,0.057,0.051,0.013,0.384,0.478,1679,1565,574,1505,931
2015-16,Spotup,22015,1610612751,BKN,Brooklyn Nets,Offensive,0.276,82,0.187,0.939,0.379,0.047,0.061,0.04,0.009,0.376,0.485,1652,1552,563,1487,924
2015-16,Spotup,22015,1610612746,LAC,LA Clippers,Offensive,0.862,82,0.17,1.023,0.393,0.038,0.057,0.036,0.007,0.389,0.527,1482,1516,530,1350,820
2015-16,Spotup,22015,1610612760,OKC,Oklahoma City Thunder,Offensive,0.414,82,0.166,0.956,0.372,0.029,0.052,0.026,0.005,0.366,0.493,1537,1469,528,1420,892
2015-16,Spotup,22015,1610612749,MIL,Milwaukee Bucks,Offensive,0,82,0.181,0.897,0.375,0.049,0.062,0.046,0.01,0.375,0.456,1579,1416,533,1420,887
2015-16,Spotup,22015,1610612763,MEM,Memphis Grizzlies,Offensive,0.034,82,0.179,0.898,0.361,0.039,0.047,0.035,0.01,0.359,0.459,1568,1408,523,1447,924
2015-16,Spotup,22015,1610612750,MIN,Minnesota Timberwolves,Offensive,0.138,82,0.165,0.933,0.396,0.039,0.07,0.034,0.007,0.383,0.488,1453,1355,517,1304,787
2015-16,Spotup,22015,1610612754,IND,Indiana Pacers,Offensive,0.345,82,0.152,0.95,0.372,0.041,0.045,0.038,0.003,0.378,0.482,1358,1290,463,1246,783
2015-16,Spotup,22015,1610612747,LAL,Los Angeles Lakers,Offensive,0.172,82,0.146,0.933,0.363,0.044,0.036,0.042,0.008,0.371,0.466,1293,1206,435,1199,764
2015-16,Handoff,22015,1610612762,UTA,Utah Jazz,Offensive,0.172,82,0.077,0.837,0.4,0.064,0.141,0.053,0.009,0.374,0.462,658,551,211,528,317
2015-16,Handoff,22015,1610612738,BOS,Boston Celtics,Offensive,0.414,82,0.066,0.862,0.393,0.094,0.122,0.079,0.01,0.396,0.444,609,525,190,484,294
2015-16,Handoff,22015,1610612766,CHA,Charlotte Hornets,Offensive,0.897,82,0.054,0.931,0.402,0.103,0.09,0.097,0.019,0.414,0.467,476,443,158,393,235
2015-16,Handoff,22015,1610612757,POR,Portland Trail Blazers,Offensive,0.552,82,0.054,0.875,0.397,0.068,0.098,0.057,0.014,0.387,0.455,488,427,164,413,249
2015-16,Handoff,22015,1610612755,PHI,Philadelphia 76ers,Offensive,0.793,82,0.053,0.901,0.422,0.089,0.146,0.07,0.011,0.404,0.488,473,426,155,367,212
2015-16,Handoff,22015,1610612746,LAC,LA Clippers,Offensive,0.31,82,0.056,0.85,0.392,0.074,0.101,0.064,0.012,0.388,0.44,487,414,159,406,247
2015-16,Handoff,22015,1610612743,DEN,Denver Nuggets,Offensive,0.69,82,0.05,0.894,0.403,0.075,0.139,0.059,0.011,0.385,0.49,454,406,146,362,216
2015-16,Handoff,22015,1610612741,CHI,Chicago Bulls,Offensive,0.586,82,0.051,0.877,0.411,0.068,0.138,0.057,0.018,0.379,0.474,456,400,152,370,218
2015-16,Handoff,22015,1610612747,LAL,Los Angeles Lakers,Offensive,0.655,82,0.045,0.885,0.362,0.105,0.098,0.098,0.02,0.376,0.431,399,353,118,326,208
2015-16,Handoff,22015,1610612737,ATL,Atlanta Hawks,Offensive,0.862,82,0.043,0.929,0.455,0.074,0.145,0.069,0.018,0.414,0.518,379,352,138,303,165
2015-16,Handoff,22015,1610612750,MIN,Minnesota Timberwolves,Offensive,0.966,82,0.041,0.951,0.422,0.082,0.082,0.069,0.011,0.429,0.484,364,346,130,308,178
2015-16,Handoff,22015,1610612753,ORL,Orlando Magic,Offensive,0.448,82,0.045,0.865,0.427,0.055,0.128,0.038,0.013,0.396,0.468,399,345,141,330,189
2015-16,Handoff,22015,1610612749,MIL,Milwaukee Bucks,Offensive,0.759,82,0.044,0.898,0.407,0.068,0.105,0.055,0.008,0.394,0.476,381,342,129,317,188
2015-16,Handoff,22015,1610612754,IND,Indiana Pacers,Offensive,0.069,82,0.045,0.799,0.36,0.077,0.109,0.067,0.015,0.356,0.419,402,321,120,333,213
2015-16,Handoff,22015,1610612740,NOP,New Orleans Pelicans,Offensive,0.828,82,0.037,0.914,0.425,0.064,0.104,0.055,0.003,0.413,0.487,327,299,116,273,157
2015-16,Handoff,22015,1610612759,SAS,San Antonio Spurs,Offensive,0.276,82,0.04,0.848,0.392,0.076,0.096,0.07,0.012,0.394,0.429,343,291,113,288,175
2015-16,Handoff,22015,1610612748,MIA,Miami Heat,Offensive,0.138,82,0.041,0.818,0.394,0.094,0.097,0.088,0.02,0.395,0.418,352,288,115,292,177
2015-16,Handoff,22015,1610612758,SAC,Sacramento Kings,Offensive,0.621,82,0.035,0.884,0.39,0.088,0.103,0.081,0.031,0.381,0.448,320,283,105,269,164
2015-16,Handoff,22015,1610612744,GSW,Golden State Warriors,Offensive,1,82,0.028,1.066,0.471,0.093,0.12,0.069,0.015,0.456,0.57,259,276,98,208,110
2015-16,Handoff,22015,1610612763,MEM,Memphis Grizzlies,Offensive,0.379,82,0.036,0.861,0.385,0.098,0.095,0.089,0.006,0.405,0.43,316,272,99,257,158
2015-16,Handoff,22015,1610612756,PHX,Phoenix Suns,Offensive,0,82,0.042,0.706,0.318,0.057,0.132,0.042,0.016,0.304,0.376,385,272,101,318,217
2015-16,Handoff,22015,1610612752,NYK,New York Knicks,Offensive,0.345,82,0.036,0.854,0.405,0.045,0.073,0.038,0.006,0.395,0.444,314,268,113,279,166
2015-16,Handoff,22015,1610612742,DAL,Dallas Mavericks,Offensive,0.483,82,0.035,0.868,0.397,0.039,0.115,0.03,0,0.375,0.477,304,264,102,257,155
2015-16,Handoff,22015,1610612745,HOU,Houston Rockets,Offensive,0.517,82,0.031,0.874,0.405,0.077,0.161,0.07,0.011,0.375,0.486,285,249,89,220,131
2015-16,Handoff,22015,1610612761,TOR,Toronto Raptors,Offensive,0.931,82,0.031,0.936,0.387,0.133,0.083,0.114,0.019,0.424,0.443,264,247,82,212,130
2015-16,Handoff,22015,1610612739,CLE,Cleveland Cavaliers,Offensive,0.724,82,0.032,0.895,0.365,0.058,0.072,0.051,0.004,0.373,0.448,276,247,88,241,153
2015-16,Handoff,22015,1610612764,WAS,Washington Wizards,Offensive,0.241,82,0.028,0.843,0.406,0.083,0.154,0.079,0.012,0.386,0.459,254,214,80,197,117
2015-16,Handoff,22015,1610612765,DET,Detroit Pistons,Offensive,0.034,82,0.03,0.753,0.345,0.059,0.133,0.063,0.018,0.325,0.408,271,204,77,223,146
2015-16,Handoff,22015,1610612751,BKN,Brooklyn Nets,Offensive,0.103,82,0.026,0.807,0.407,0.06,0.112,0.052,0.004,0.395,0.441,233,188,79,194,115
2015-16,Handoff,22015,1610612760,OKC,Oklahoma City Thunder,Offensive,0.207,82,0.022,0.839,0.404,0.085,0.166,0.065,0.01,0.382,0.457,199,167,61,151,90
2015-16,Cut,22015,1610612744,GSW,Golden State Warriors,Offensive,0.759,82,0.107,1.249,0.645,0.14,0.066,0.135,0.038,0.629,0.645,981,1225,526,815,289
2015-16,Cut,22015,1610612749,MIL,Milwaukee Bucks,Offensive,0.103,82,0.111,1.155,0.591,0.168,0.07,0.156,0.034,0.593,0.591,970,1120,456,771,315
2015-16,Cut,22015,1610612764,WAS,Washington Wizards,Offensive,0.414,82,0.088,1.215,0.621,0.153,0.061,0.143,0.036,0.617,0.621,783,951,399,643,244
2015-16,Cut,22015,1610612754,IND,Indiana Pacers,Offensive,0.828,82,0.084,1.253,0.658,0.152,0.079,0.144,0.031,0.637,0.658,750,940,395,600,205
2015-16,Cut,22015,1610612743,DEN,Denver Nuggets,Offensive,0.31,82,0.087,1.19,0.617,0.151,0.066,0.138,0.034,0.603,0.617,783,932,395,640,245
2015-16,Cut,22015,1610612751,BKN,Brooklyn Nets,Offensive,0.172,82,0.089,1.175,0.6,0.137,0.075,0.13,0.027,0.593,0.6,782,919,382,637,255
2015-16,Cut,22015,1610612762,UTA,Utah Jazz,Offensive,0.069,82,0.093,1.14,0.592,0.16,0.081,0.157,0.041,0.579,0.592,801,913,379,640,261
2015-16,Cut,22015,1610612737,ATL,Atlanta Hawks,Offensive,0.517,82,0.084,1.216,0.625,0.127,0.069,0.119,0.026,0.61,0.625,741,901,384,614,230
2015-16,Cut,22015,1610612742,DAL,Dallas Mavericks,Offensive,0.724,82,0.082,1.242,0.641,0.171,0.074,0.169,0.038,0.63,0.641,718,892,365,569,204
2015-16,Cut,22015,1610612760,OKC,Oklahoma City Thunder,Offensive,0.586,82,0.079,1.23,0.659,0.134,0.087,0.132,0.03,0.625,0.659,725,892,385,584,199
2015-16,Cut,22015,1610612758,SAC,Sacramento Kings,Offensive,0.138,82,0.081,1.169,0.608,0.134,0.061,0.129,0.023,0.602,0.608,751,878,377,620,243
2015-16,Cut,22015,1610612741,CHI,Chicago Bulls,Offensive,0.448,82,0.079,1.215,0.61,0.14,0.062,0.134,0.041,0.608,0.61,707,859,362,593,231
2015-16,Cut,22015,1610612757,POR,Portland Trail Blazers,Offensive,0.483,82,0.077,1.216,0.632,0.188,0.069,0.184,0.042,0.617,0.632,695,845,343,543,200
2015-16,Cut,22015,1610612763,MEM,Memphis Grizzlies,Offensive,0.379,82,0.079,1.206,0.604,0.162,0.058,0.152,0.026,0.616,0.604,691,833,336,556,220
2015-16,Cut,22015,1610612759,SAS,San Antonio Spurs,Offensive,0.931,82,0.076,1.268,0.626,0.138,0.051,0.138,0.056,0.624,0.626,646,819,350,559,209
2015-16,Cut,22015,1610612755,PHI,Philadelphia 76ers,Offensive,0,82,0.084,1.075,0.548,0.156,0.065,0.147,0.027,0.558,0.548,749,805,330,602,272
2015-16,Cut,22015,1610612745,HOU,Houston Rockets,Offensive,0.241,82,0.074,1.181,0.631,0.19,0.074,0.176,0.043,0.609,0.631,680,803,333,528,195
2015-16,Cut,22015,1610612750,MIN,Minnesota Timberwolves,Offensive,1,82,0.068,1.341,0.671,0.203,0.05,0.188,0.05,0.672,0.671,595,798,316,471,155
2015-16,Cut,22015,1610612738,BOS,Boston Celtics,Offensive,0.862,82,0.068,1.258,0.629,0.138,0.043,0.133,0.033,0.636,0.629,632,795,339,539,200
2015-16,Cut,22015,1610612752,NYK,New York Knicks,Offensive,0.207,82,0.077,1.181,0.586,0.17,0.064,0.163,0.043,0.592,0.586,669,790,315,538,223
2015-16,Cut,22015,1610612748,MIA,Miami Heat,Offensive,0.69,82,0.073,1.24,0.623,0.181,0.063,0.178,0.052,0.619,0.623,630,781,317,509,192
2015-16,Cut,22015,1610612756,PHX,Phoenix Suns,Offensive,0.034,82,0.074,1.119,0.573,0.154,0.073,0.142,0.045,0.567,0.573,682,763,319,557,238
2015-16,Cut,22015,1610612739,CLE,Cleveland Cavaliers,Offensive,0.552,82,0.07,1.227,0.637,0.171,0.075,0.164,0.053,0.614,0.637,604,741,311,488,177
2015-16,Cut,22015,1610612753,ORL,Orlando Magic,Offensive,0.276,82,0.069,1.183,0.584,0.16,0.044,0.152,0.047,0.596,0.584,619,732,305,522,217
2015-16,Cut,22015,1610612766,CHA,Charlotte Hornets,Offensive,0.345,82,0.068,1.195,0.578,0.181,0.049,0.178,0.045,0.604,0.578,596,712,281,486,205
2015-16,Cut,22015,1610612746,LAC,LA Clippers,Offensive,0.966,82,0.06,1.302,0.714,0.191,0.076,0.184,0.055,0.679,0.714,523,681,294,412,118
2015-16,Cut,22015,1610612747,LAL,Los Angeles Lakers,Offensive,0.655,82,0.061,1.239,0.628,0.163,0.067,0.158,0.03,0.622,0.628,539,668,270,430,160
2015-16,Cut,22015,1610612761,TOR,Toronto Raptors,Offensive,0.793,82,0.061,1.251,0.638,0.16,0.065,0.147,0.04,0.634,0.638,525,657,273,428,155
2015-16,Cut,22015,1610612740,NOP,New Orleans Pelicans,Offensive,0.621,82,0.06,1.236,0.639,0.172,0.07,0.153,0.026,0.638,0.639,530,655,266,416,150
2015-16,Cut,22015,1610612765,DET,Detroit Pistons,Offensive,0.897,82,0.052,1.258,0.64,0.211,0.042,0.199,0.047,0.647,0.64,473,595,240,375,135
2015-16,OffScreen,22015,1610612744,GSW,Golden State Warriors,Offensive,0.966,82,0.118,1.062,0.438,0.051,0.073,0.048,0.014,0.426,0.551,1073,1139,418,954,536
2015-16,OffScreen,22015,1610612754,IND,Indiana Pacers,Offensive,0.759,82,0.083,0.978,0.403,0.073,0.083,0.071,0.009,0.406,0.5,744,728,255,633,378
2015-16,OffScreen,22015,1610612746,LAC,LA Clippers,Offensive,0.931,82,0.068,1.046,0.451,0.049,0.066,0.046,0.012,0.44,0.543,588,615,237,526,289
2015-16,OffScreen,22015,1610612766,CHA,Charlotte Hornets,Offensive,0.897,82,0.068,1.035,0.448,0.074,0.083,0.069,0.015,0.442,0.535,593,614,228,509,281
2015-16,OffScreen,22015,1610612750,MIN,Minnesota Timberwolves,Offensive,0.31,82,0.072,0.896,0.417,0.096,0.077,0.092,0.022,0.423,0.454,633,567,224,537,313
2015-16,OffScreen,22015,1610612738,BOS,Boston Celtics,Offensive,0.655,82,0.061,0.952,0.412,0.051,0.059,0.043,0.009,0.413,0.486,564,537,209,507,298
2015-16,OffScreen,22015,1610612742,DAL,Dallas Mavericks,Offensive,0.103,82,0.07,0.869,0.387,0.047,0.069,0.041,0.005,0.385,0.447,611,531,210,543,333
2015-16,OffScreen,22015,1610612761,TOR,Toronto Raptors,Offensive,0.207,82,0.069,0.878,0.384,0.072,0.069,0.07,0.01,0.393,0.441,598,525,199,518,319
2015-16,OffScreen,22015,1610612737,ATL,Atlanta Hawks,Offensive,0.69,82,0.061,0.959,0.398,0.032,0.078,0.032,0.009,0.381,0.508,536,514,192,482,290
2015-16,OffScreen,22015,1610612758,SAC,Sacramento Kings,Offensive,0.552,82,0.06,0.929,0.416,0.101,0.065,0.09,0.024,0.427,0.465,553,514,197,474,277
2015-16,OffScreen,22015,1610612757,POR,Portland Trail Blazers,Offensive,0.414,82,0.06,0.909,0.392,0.046,0.078,0.039,0.006,0.387,0.464,538,489,186,474,288
2015-16,OffScreen,22015,1610612756,PHX,Phoenix Suns,Offensive,0.517,82,0.056,0.929,0.415,0.056,0.077,0.046,0.006,0.408,0.482,519,482,188,453,265
2015-16,OffScreen,22015,1610612740,NOP,New Orleans Pelicans,Offensive,1,82,0.05,1.07,0.468,0.073,0.059,0.066,0.016,0.466,0.55,440,471,182,389,207
2015-16,OffScreen,22015,1610612752,NYK,New York Knicks,Offensive,0.241,82,0.061,0.887,0.39,0.056,0.043,0.055,0.008,0.403,0.437,531,471,188,482,294
2015-16,OffScreen,22015,1610612759,SAS,San Antonio Spurs,Offensive,0.793,82,0.053,0.982,0.431,0.055,0.064,0.046,0.011,0.429,0.504,455,447,175,406,231
2015-16,OffScreen,22015,1610612764,WAS,Washington Wizards,Offensive,0.276,82,0.054,0.893,0.397,0.052,0.087,0.048,0.012,0.386,0.47,484,432,168,423,255
2015-16,OffScreen,22015,1610612760,OKC,Oklahoma City Thunder,Offensive,0.586,82,0.047,0.943,0.436,0.067,0.11,0.06,0.007,0.42,0.503,436,411,158,362,204
2015-16,OffScreen,22015,1610612739,CLE,Cleveland Cavaliers,Offensive,0.828,82,0.047,1.015,0.42,0.045,0.054,0.04,0.007,0.416,0.519,404,410,154,367,213
2015-16,OffScreen,22015,1610612753,ORL,Orlando Magic,Offensive,0.483,82,0.049,0.919,0.424,0.052,0.093,0.05,0.007,0.41,0.488,442,406,161,380,219
2015-16,OffScreen,22015,1610612747,LAL,Los Angeles Lakers,Offensive,0.138,82,0.051,0.874,0.359,0.057,0.051,0.051,0.013,0.368,0.437,454,397,147,410,263
2015-16,OffScreen,22015,1610612763,MEM,Memphis Grizzlies,Offensive,0.448,82,0.047,0.915,0.396,0.065,0.075,0.061,0.017,0.392,0.468,413,378,143,361,218
2015-16,OffScreen,22015,1610612748,MIA,Miami Heat,Offensive,0.345,82,0.046,0.904,0.44,0.073,0.084,0.068,0.015,0.435,0.463,395,357,149,339,190
2015-16,OffScreen,22015,1610612749,MIL,Milwaukee Bucks,Offensive,0.379,82,0.044,0.906,0.407,0.058,0.094,0.05,0.013,0.395,0.476,382,346,134,329,195
2015-16,OffScreen,22015,1610612751,BKN,Brooklyn Nets,Offensive,0.069,82,0.043,0.862,0.389,0.081,0.102,0.068,0.003,0.391,0.446,384,331,122,314,192
2015-16,OffScreen,22015,1610612741,CHI,Chicago Bulls,Offensive,0.621,82,0.038,0.944,0.375,0.068,0.044,0.05,0.006,0.397,0.467,340,321,114,304,190
2015-16,OffScreen,22015,1610612745,HOU,Houston Rockets,Offensive,0.724,82,0.033,0.964,0.391,0.075,0.098,0.069,0.013,0.384,0.504,305,294,100,256,156
2015-16,OffScreen,22015,1610612743,DEN,Denver Nuggets,Offensive,0.862,82,0.029,1.023,0.414,0.084,0.095,0.068,0.015,0.414,0.523,263,269,91,220,129
2015-16,OffScreen,22015,1610612755,PHI,Philadelphia 76ers,Offensive,0.172,82,0.033,0.877,0.362,0.068,0.109,0.065,0.017,0.352,0.459,293,257,89,246,157
2015-16,OffScreen,22015,1610612765,DET,Detroit Pistons,Offensive,0,82,0.035,0.774,0.314,0.06,0.05,0.053,0.009,0.326,0.385,319,247,90,287,197
2015-16,OffScreen,22015,1610612762,UTA,Utah Jazz,Offensive,0.034,82,0.029,0.835,0.33,0.056,0.068,0.052,0.004,0.337,0.422,249,208,72,218,146
2015-16,OffRebound,22015,1610612765,DET,Detroit Pistons,Offensive,0.241,82,0.079,1.015,0.526,0.114,0.048,0.104,0.027,0.515,0.529,712,723,324,616,292
2015-16,OffRebound,22015,1610612760,OKC,Oklahoma City Thunder,Offensive,0.621,82,0.065,1.075,0.545,0.128,0.062,0.113,0.023,0.549,0.547,601,646,273,501,228
2015-16,OffRebound,22015,1610612756,PHX,Phoenix Suns,Offensive,0.69,82,0.063,1.092,0.548,0.131,0.055,0.116,0.04,0.55,0.551,578,631,269,491,222
2015-16,OffRebound,22015,1610612748,MIA,Miami Heat,Offensive,0.931,82,0.061,1.192,0.618,0.163,0.063,0.15,0.035,0.616,0.619,521,621,259,419,160
2015-16,OffRebound,22015,1610612763,MEM,Memphis Grizzlies,Offensive,0.379,82,0.069,1.027,0.517,0.121,0.055,0.106,0.02,0.527,0.52,603,619,262,507,245
2015-16,OffRebound,22015,1610612750,MIN,Minnesota Timberwolves,Offensive,0.966,82,0.057,1.207,0.61,0.157,0.072,0.133,0.032,0.606,0.61,498,601,244,400,156
2015-16,OffRebound,22015,1610612743,DEN,Denver Nuggets,Offensive,0.345,82,0.064,1.021,0.515,0.127,0.061,0.113,0.028,0.517,0.518,574,586,248,482,234
2015-16,OffRebound,22015,1610612749,MIL,Milwaukee Bucks,Offensive,0.655,82,0.062,1.082,0.545,0.115,0.045,0.104,0.013,0.559,0.547,538,582,250,459,209
2015-16,OffRebound,22015,1610612752,NYK,New York Knicks,Offensive,0.862,82,0.058,1.158,0.583,0.12,0.054,0.102,0.016,0.585,0.589,501,580,246,422,176
2015-16,OffRebound,22015,1610612753,ORL,Orlando Magic,Offensive,0.724,82,0.059,1.101,0.553,0.112,0.053,0.103,0.023,0.56,0.556,525,578,249,450,201
2015-16,OffRebound,22015,1610612757,POR,Portland Trail Blazers,Offensive,0.759,82,0.057,1.104,0.571,0.132,0.061,0.114,0.024,0.561,0.58,508,561,240,420,180
2015-16,OffRebound,22015,1610612758,SAC,Sacramento Kings,Offensive,0.586,82,0.056,1.069,0.54,0.123,0.063,0.102,0.029,0.542,0.542,522,558,237,439,202
2015-16,OffRebound,22015,1610612741,CHI,Chicago Bulls,Offensive,0.138,82,0.063,0.988,0.483,0.108,0.05,0.098,0.016,0.501,0.488,563,556,233,482,249
2015-16,OffRebound,22015,1610612745,HOU,Houston Rockets,Offensive,0.483,82,0.056,1.039,0.551,0.16,0.058,0.146,0.023,0.538,0.555,513,533,226,410,184
2015-16,OffRebound,22015,1610612755,PHI,Philadelphia 76ers,Offensive,0.793,82,0.053,1.123,0.577,0.151,0.057,0.136,0.034,0.567,0.582,471,529,224,388,164
2015-16,OffRebound,22015,1610612738,BOS,Boston Celtics,Offensive,0.276,82,0.056,1.017,0.519,0.088,0.062,0.077,0.01,0.521,0.525,520,529,232,447,215
2015-16,OffRebound,22015,1610612751,BKN,Brooklyn Nets,Offensive,0.172,82,0.06,0.992,0.5,0.139,0.058,0.13,0.034,0.503,0.503,531,527,221,442,221
2015-16,OffRebound,22015,1610612754,IND,Indiana Pacers,Offensive,0.897,82,0.049,1.169,0.593,0.122,0.072,0.108,0.02,0.587,0.598,443,518,217,366,149
2015-16,OffRebound,22015,1610612762,UTA,Utah Jazz,Offensive,0.552,82,0.056,1.067,0.546,0.158,0.067,0.131,0.015,0.563,0.547,481,513,207,379,172
2015-16,OffRebound,22015,1610612759,SAS,San Antonio Spurs,Offensive,1,82,0.047,1.282,0.648,0.161,0.06,0.139,0.03,0.65,0.651,397,509,208,321,113
2015-16,OffRebound,22015,1610612747,LAL,Los Angeles Lakers,Offensive,0.414,82,0.055,1.031,0.502,0.133,0.065,0.131,0.027,0.51,0.512,490,505,203,404,201
2015-16,OffRebound,22015,1610612740,NOP,New Orleans Pelicans,Offensive,0.207,82,0.053,1.002,0.511,0.101,0.059,0.097,0.013,0.512,0.515,473,474,205,401,196
2015-16,OffRebound,22015,1610612761,TOR,Toronto Raptors,Offensive,0.034,82,0.055,0.96,0.471,0.164,0.053,0.134,0.019,0.5,0.473,476,457,180,382,202
2015-16,OffRebound,22015,1610612766,CHA,Charlotte Hornets,Offensive,0.828,82,0.041,1.127,0.56,0.116,0.047,0.105,0.022,0.565,0.563,361,407,173,309,136
2015-16,OffRebound,22015,1610612744,GSW,Golden State Warriors,Offensive,0,82,0.048,0.914,0.451,0.109,0.059,0.1,0.02,0.463,0.457,441,403,169,375,206
2015-16,OffRebound,22015,1610612739,CLE,Cleveland Cavaliers,Offensive,0.31,82,0.045,1.021,0.511,0.149,0.082,0.131,0.031,0.514,0.518,389,397,159,311,152
2015-16,OffRebound,22015,1610612746,LAC,LA Clippers,Offensive,0.448,82,0.04,1.037,0.531,0.121,0.055,0.107,0.02,0.533,0.536,347,360,155,292,137
2015-16,OffRebound,22015,1610612764,WAS,Washington Wizards,Offensive,0.103,82,0.04,0.983,0.516,0.09,0.065,0.079,0.014,0.507,0.521,355,349,157,304,147
2015-16,OffRebound,22015,1610612742,DAL,Dallas Mavericks,Offensive,0.069,82,0.039,0.982,0.496,0.122,0.086,0.101,0.015,0.501,0.5,337,331,135,272,137
2015-16,OffRebound,22015,1610612737,ATL,Atlanta Hawks,Offensive,0.517,82,0.034,1.046,0.517,0.139,0.076,0.093,0.017,0.536,0.521,302,316,125,242,117
2015-16,Misc,22015,1610612744,GSW,Golden State Warriors,Offensive,0.759,82,0.079,0.575,0.489,0.201,0.556,0.018,0.004,0.301,0.551,718,413,87,178,91
2015-16,Misc,22015,1610612746,LAC,LA Clippers,Offensive,0.931,82,0.073,0.606,0.352,0.413,0.42,0.016,0.002,0.389,0.398,640,388,38,108,70
2015-16,Misc,22015,1610612745,HOU,Houston Rockets,Offensive,0.69,82,0.072,0.564,0.344,0.306,0.472,0.03,0.008,0.324,0.387,661,373,52,151,99
2015-16,Misc,22015,1610612765,DET,Detroit Pistons,Offensive,0.793,82,0.068,0.582,0.324,0.356,0.419,0.021,0.005,0.352,0.37,620,361,46,142,96
2015-16,Misc,22015,1610612763,MEM,Memphis Grizzlies,Offensive,0.897,82,0.065,0.595,0.403,0.254,0.516,0.039,0.009,0.332,0.429,566,337,54,134,80
2015-16,Misc,22015,1610612743,DEN,Denver Nuggets,Offensive,0.862,82,0.063,0.593,0.38,0.225,0.489,0.039,0.002,0.324,0.42,568,337,62,163,101
2015-16,Misc,22015,1610612761,TOR,Toronto Raptors,Offensive,1,82,0.059,0.635,0.364,0.29,0.46,0.02,0.004,0.359,0.399,507,322,47,129,82
2015-16,Misc,22015,1610612742,DAL,Dallas Mavericks,Offensive,0.966,82,0.06,0.613,0.393,0.276,0.525,0.031,0.006,0.339,0.421,522,320,42,107,65
2015-16,Misc,22015,1610612738,BOS,Boston Celtics,Offensive,0.655,82,0.06,0.564,0.379,0.239,0.513,0.025,0.004,0.307,0.404,557,314,53,140,87
2015-16,Misc,22015,1610612758,SAC,Sacramento Kings,Offensive,0.552,82,0.061,0.551,0.343,0.282,0.48,0.034,0.005,0.323,0.369,564,311,47,137,90
2015-16,Misc,22015,1610612750,MIN,Minnesota Timberwolves,Offensive,0.483,82,0.064,0.541,0.394,0.212,0.559,0.036,0.007,0.292,0.424,562,304,52,132,80
2015-16,Misc,22015,1610612754,IND,Indiana Pacers,Offensive,0.379,82,0.064,0.522,0.4,0.224,0.56,0.037,0.01,0.285,0.435,575,300,52,130,78
2015-16,Misc,22015,1610612757,POR,Portland Trail Blazers,Offensive,0.586,82,0.06,0.553,0.398,0.232,0.527,0.03,0.006,0.308,0.432,539,298,53,133,80
2015-16,Misc,22015,1610612756,PHX,Phoenix Suns,Offensive,0.069,82,0.071,0.447,0.342,0.183,0.579,0.034,0.008,0.244,0.366,655,293,55,161,106
2015-16,Misc,22015,1610612766,CHA,Charlotte Hornets,Offensive,0.828,82,0.057,0.59,0.277,0.287,0.511,0.024,0.002,0.335,0.312,495,292,28,101,73
2015-16,Misc,22015,1610612760,OKC,Oklahoma City Thunder,Offensive,0.621,82,0.057,0.556,0.396,0.229,0.526,0.021,0.01,0.305,0.414,525,292,53,134,81
2015-16,Misc,22015,1610612753,ORL,Orlando Magic,Offensive,0.517,82,0.06,0.543,0.413,0.197,0.528,0.028,0.013,0.297,0.426,538,292,64,155,91
2015-16,Misc,22015,1610612764,WAS,Washington Wizards,Offensive,0.448,82,0.058,0.534,0.404,0.194,0.546,0.041,0.016,0.28,0.429,515,275,57,141,84
2015-16,Misc,22015,1610612739,CLE,Cleveland Cavaliers,Offensive,0.31,82,0.06,0.511,0.362,0.239,0.569,0.021,0.008,0.281,0.405,524,268,38,105,67
2015-16,Misc,22015,1610612749,MIL,Milwaukee Bucks,Offensive,0.241,82,0.061,0.505,0.422,0.164,0.565,0.024,0.006,0.267,0.439,531,268,62,147,85
2015-16,Misc,22015,1610612737,ATL,Atlanta Hawks,Offensive,0.724,82,0.053,0.572,0.383,0.225,0.531,0.03,0.002,0.308,0.422,467,267,44,115,71
2015-16,Misc,22015,1610612741,CHI,Chicago Bulls,Offensive,0.172,82,0.06,0.491,0.353,0.197,0.559,0.011,0.002,0.273,0.365,542,266,47,133,86
2015-16,Misc,22015,1610612752,NYK,New York Knicks,Offensive,0.207,82,0.061,0.5,0.413,0.2,0.606,0.023,0.004,0.268,0.428,526,263,43,104,61
2015-16,Misc,22015,1610612748,MIA,Miami Heat,Offensive,0.276,82,0.06,0.51,0.342,0.233,0.531,0.021,0,0.296,0.358,514,262,41,120,79
2015-16,Misc,22015,1610612740,NOP,New Orleans Pelicans,Offensive,0.345,82,0.056,0.519,0.384,0.204,0.555,0.03,0.008,0.281,0.432,501,260,48,125,77
2015-16,Misc,22015,1610612747,LAL,Los Angeles Lakers,Offensive,0.414,82,0.055,0.523,0.333,0.193,0.504,0.027,0.006,0.282,0.367,486,254,50,150,100
2015-16,Misc,22015,1610612751,BKN,Brooklyn Nets,Offensive,0.138,82,0.051,0.479,0.348,0.19,0.565,0.029,0.009,0.258,0.37,453,217,40,115,75
2015-16,Misc,22015,1610612759,SAS,San Antonio Spurs,Offensive,0.103,82,0.055,0.459,0.341,0.224,0.596,0.024,0.002,0.269,0.376,468,215,29,85,56
2015-16,Misc,22015,1610612762,UTA,Utah Jazz,Offensive,0,82,0.059,0.413,0.245,0.221,0.573,0.022,0.004,0.247,0.259,506,209,26,106,80
2015-16,Misc,22015,1610612755,PHI,Philadelphia 76ers,Offensive,0.034,82,0.053,0.425,0.357,0.14,0.569,0.028,0.006,0.225,0.393,471,200,50,140,90
2016-17,Isolation,22016,1610612739,CLE,Cleveland Cavaliers,Offensive,1,82,0.119,0.99,0.438,0.112,0.068,0.104,0.028,0.454,0.488,1051,1040,390,891,501
2016-17,Isolation,22016,1610612746,LAC,LA Clippers,Offensive,0.724,82,0.106,0.915,0.407,0.093,0.066,0.082,0.018,0.421,0.451,929,850,325,799,474
2016-17,Isolation,22016,1610612745,HOU,Houston Rockets,Offensive,0.897,82,0.094,0.947,0.384,0.138,0.099,0.131,0.016,0.416,0.451,870,824,260,677,417
2016-17,Isolation,22016,1610612752,NYK,New York Knicks,Offensive,0.621,82,0.097,0.897,0.415,0.125,0.074,0.121,0.025,0.434,0.437,877,787,299,721,422
2016-17,Isolation,22016,1610612742,DAL,Dallas Mavericks,Offensive,0.586,82,0.105,0.88,0.418,0.1,0.085,0.094,0.018,0.428,0.437,873,768,304,727,423
2016-17,Isolation,22016,1610612761,TOR,Toronto Raptors,Offensive,0.966,82,0.085,0.982,0.448,0.154,0.085,0.146,0.022,0.48,0.463,742,729,260,580,320
2016-17,Isolation,22016,1610612757,POR,Portland Trail Blazers,Offensive,0.931,82,0.08,0.95,0.416,0.156,0.085,0.141,0.033,0.446,0.443,717,681,236,567,331
2016-17,Isolation,22016,1610612754,IND,Indiana Pacers,Offensive,0.862,82,0.081,0.942,0.432,0.142,0.089,0.127,0.024,0.458,0.453,710,669,242,560,318
2016-17,Isolation,22016,1610612747,LAL,Los Angeles Lakers,Offensive,0.517,82,0.083,0.874,0.413,0.136,0.097,0.128,0.028,0.427,0.438,756,661,248,600,352
2016-17,Isolation,22016,1610612760,OKC,Oklahoma City Thunder,Offensive,0.69,82,0.077,0.904,0.395,0.105,0.076,0.103,0.027,0.408,0.439,711,643,237,600,363
2016-17,Isolation,22016,1610612764,WAS,Washington Wizards,Offensive,0.414,82,0.079,0.866,0.419,0.116,0.116,0.11,0.016,0.427,0.438,707,612,232,554,322
2016-17,Isolation,22016,1610612758,SAC,Sacramento Kings,Offensive,0.448,82,0.078,0.866,0.407,0.125,0.112,0.117,0.035,0.41,0.433,678,587,220,541,321
2016-17,Isolation,22016,1610612756,PHX,Phoenix Suns,Offensive,0.345,82,0.071,0.851,0.373,0.144,0.098,0.137,0.039,0.396,0.405,672,572,199,534,335
2016-17,Isolation,22016,1610612743,DEN,Denver Nuggets,Offensive,0.828,82,0.064,0.941,0.419,0.136,0.076,0.116,0.027,0.451,0.448,594,559,203,484,281
2016-17,Isolation,22016,1610612740,NOP,New Orleans Pelicans,Offensive,0.31,82,0.074,0.849,0.419,0.104,0.115,0.101,0.024,0.412,0.438,655,556,221,528,307
2016-17,Isolation,22016,1610612765,DET,Detroit Pistons,Offensive,0.759,82,0.068,0.917,0.442,0.093,0.061,0.088,0.025,0.447,0.453,602,552,231,523,292
2016-17,Isolation,22016,1610612751,BKN,Brooklyn Nets,Offensive,0.655,82,0.067,0.9,0.414,0.139,0.105,0.131,0.029,0.435,0.444,612,551,199,481,282
2016-17,Isolation,22016,1610612748,MIA,Miami Heat,Offensive,0.276,82,0.069,0.846,0.397,0.105,0.082,0.097,0.028,0.409,0.424,611,517,204,514,310
2016-17,Isolation,22016,1610612763,MEM,Memphis Grizzlies,Offensive,0.069,82,0.074,0.794,0.367,0.125,0.112,0.117,0.016,0.391,0.396,642,510,183,499,316
2016-17,Isolation,22016,1610612741,CHI,Chicago Bulls,Offensive,0.138,82,0.068,0.818,0.377,0.111,0.091,0.104,0.026,0.394,0.399,614,502,191,506,315
2016-17,Isolation,22016,1610612744,GSW,Golden State Warriors,Offensive,0.793,82,0.057,0.938,0.418,0.121,0.067,0.108,0.031,0.438,0.449,520,488,183,438,255
2016-17,Isolation,22016,1610612755,PHI,Philadelphia 76ers,Offensive,0.241,82,0.064,0.836,0.424,0.106,0.13,0.099,0.016,0.413,0.447,578,483,191,450,259
2016-17,Isolation,22016,1610612737,ATL,Atlanta Hawks,Offensive,0.379,82,0.06,0.852,0.418,0.135,0.122,0.131,0.026,0.423,0.438,542,462,174,416,242
2016-17,Isolation,22016,1610612749,MIL,Milwaukee Bucks,Offensive,0,82,0.072,0.735,0.366,0.109,0.13,0.095,0.016,0.371,0.373,623,458,177,483,306
2016-17,Isolation,22016,1610612762,UTA,Utah Jazz,Offensive,0.103,82,0.066,0.813,0.368,0.105,0.081,0.095,0.023,0.389,0.397,555,451,171,465,294
2016-17,Isolation,22016,1610612750,MIN,Minnesota Timberwolves,Offensive,0.034,82,0.066,0.753,0.341,0.116,0.092,0.111,0.017,0.369,0.361,586,441,161,472,311
2016-17,Isolation,22016,1610612738,BOS,Boston Celtics,Offensive,0.552,82,0.055,0.876,0.367,0.145,0.083,0.126,0.041,0.4,0.409,483,423,144,392,248
2016-17,Isolation,22016,1610612759,SAS,San Antonio Spurs,Offensive,0.172,82,0.059,0.821,0.389,0.129,0.113,0.119,0.018,0.404,0.403,513,421,154,396,242
2016-17,Isolation,22016,1610612753,ORL,Orlando Magic,Offensive,0.483,82,0.051,0.869,0.417,0.122,0.113,0.117,0.035,0.418,0.432,452,393,151,362,211
2016-17,Isolation,22016,1610612766,CHA,Charlotte Hornets,Offensive,0.207,82,0.041,0.823,0.37,0.11,0.07,0.107,0.028,0.394,0.39,355,292,111,300,189
2016-17,Transition,22016,1610612744,GSW,Golden State Warriors,Offensive,0.966,82,0.185,1.207,0.566,0.117,0.122,0.107,0.019,0.538,0.657,1678,2025,740,1308,568
2016-17,Transition,22016,1610612756,PHX,Phoenix Suns,Offensive,0.621,82,0.172,1.124,0.544,0.145,0.111,0.133,0.032,0.527,0.596,1618,1818,682,1254,572
2016-17,Transition,22016,1610612745,HOU,Houston Rockets,Offensive,0.448,82,0.18,1.082,0.508,0.109,0.136,0.104,0.025,0.472,0.603,1658,1794,656,1291,635
2016-17,Transition,22016,1610612764,WAS,Washington Wizards,Offensive,0.931,82,0.156,1.189,0.563,0.132,0.106,0.122,0.031,0.539,0.634,1402,1667,624,1109,485
2016-17,Transition,22016,1610612739,CLE,Cleveland Cavaliers,Offensive,0.862,82,0.163,1.155,0.562,0.139,0.136,0.126,0.029,0.523,0.651,1437,1660,606,1079,473
2016-17,Transition,22016,1610612760,OKC,Oklahoma City Thunder,Offensive,0.276,82,0.163,1.075,0.537,0.161,0.137,0.148,0.028,0.516,0.584,1512,1626,591,1100,509
2016-17,Transition,22016,1610612749,MIL,Milwaukee Bucks,Offensive,0.897,82,0.149,1.16,0.564,0.173,0.13,0.158,0.032,0.546,0.625,1281,1486,526,933,407
2016-17,Transition,22016,1610612751,BKN,Brooklyn Nets,Offensive,0.31,82,0.151,1.077,0.518,0.157,0.147,0.141,0.035,0.493,0.585,1379,1485,521,1006,485
2016-17,Transition,22016,1610612753,ORL,Orlando Magic,Offensive,0.379,82,0.153,1.08,0.527,0.144,0.117,0.14,0.028,0.51,0.581,1371,1481,553,1050,497
2016-17,Transition,22016,1610612747,LAL,Los Angeles Lakers,Offensive,0.207,82,0.147,1.063,0.535,0.12,0.137,0.117,0.037,0.49,0.586,1342,1426,559,1044,485
2016-17,Transition,22016,1610612740,NOP,New Orleans Pelicans,Offensive,0.241,82,0.149,1.063,0.513,0.131,0.113,0.123,0.038,0.492,0.57,1332,1416,542,1056,514
2016-17,Transition,22016,1610612755,PHI,Philadelphia 76ers,Offensive,0,82,0.152,1.009,0.485,0.117,0.143,0.109,0.022,0.456,0.556,1380,1392,510,1052,542
2016-17,Transition,22016,1610612743,DEN,Denver Nuggets,Offensive,0.138,82,0.143,1.052,0.515,0.126,0.151,0.11,0.033,0.477,0.581,1314,1382,511,992,481
2016-17,Transition,22016,1610612765,DET,Detroit Pistons,Offensive,0.483,82,0.142,1.083,0.522,0.102,0.109,0.096,0.025,0.494,0.588,1260,1365,535,1024,489
2016-17,Transition,22016,1610612750,MIN,Minnesota Timberwolves,Offensive,0.586,82,0.136,1.115,0.59,0.161,0.154,0.15,0.035,0.543,0.616,1204,1343,509,862,353
2016-17,Transition,22016,1610612761,TOR,Toronto Raptors,Offensive,0.759,82,0.134,1.13,0.534,0.15,0.117,0.141,0.021,0.525,0.598,1175,1328,473,885,412
2016-17,Transition,22016,1610612754,IND,Indiana Pacers,Offensive,0.345,82,0.139,1.077,0.527,0.139,0.141,0.128,0.023,0.502,0.584,1216,1310,475,902,427
2016-17,Transition,22016,1610612748,MIA,Miami Heat,Offensive,0.724,82,0.13,1.128,0.54,0.145,0.102,0.136,0.031,0.525,0.601,1146,1293,484,897,413
2016-17,Transition,22016,1610612741,CHI,Chicago Bulls,Offensive,0.552,82,0.128,1.115,0.536,0.142,0.115,0.135,0.032,0.524,0.586,1152,1284,479,893,414
2016-17,Transition,22016,1610612746,LAC,LA Clippers,Offensive,0.828,82,0.124,1.155,0.55,0.14,0.111,0.119,0.027,0.528,0.624,1084,1252,460,836,376
2016-17,Transition,22016,1610612758,SAC,Sacramento Kings,Offensive,0.414,82,0.133,1.081,0.532,0.123,0.133,0.116,0.025,0.497,0.595,1158,1252,472,887,415
2016-17,Transition,22016,1610612738,BOS,Boston Celtics,Offensive,0.172,82,0.13,1.059,0.502,0.139,0.126,0.127,0.029,0.487,0.564,1147,1215,437,870,433
2016-17,Transition,22016,1610612752,NYK,New York Knicks,Offensive,0.069,82,0.129,1.025,0.49,0.11,0.124,0.105,0.02,0.468,0.556,1174,1203,451,921,470
2016-17,Transition,22016,1610612737,ATL,Atlanta Hawks,Offensive,0.034,82,0.129,1.021,0.507,0.126,0.141,0.115,0.022,0.476,0.564,1165,1189,446,879,433
2016-17,Transition,22016,1610612757,POR,Portland Trail Blazers,Offensive,0.793,82,0.115,1.153,0.555,0.128,0.118,0.117,0.029,0.527,0.626,1028,1185,446,804,358
2016-17,Transition,22016,1610612759,SAS,San Antonio Spurs,Offensive,0.69,82,0.12,1.128,0.547,0.108,0.131,0.102,0.019,0.511,0.625,1043,1176,444,811,367
2016-17,Transition,22016,1610612763,MEM,Memphis Grizzlies,Offensive,0.517,82,0.106,1.11,0.518,0.146,0.113,0.127,0.021,0.509,0.595,918,1019,361,697,336
2016-17,Transition,22016,1610612766,CHA,Charlotte Hornets,Offensive,0.655,82,0.097,1.125,0.519,0.162,0.103,0.152,0.026,0.529,0.57,848,954,335,646,311
2016-17,Transition,22016,1610612762,UTA,Utah Jazz,Offensive,1,82,0.09,1.217,0.614,0.137,0.129,0.125,0.032,0.571,0.674,757,921,355,578,223
2016-17,Transition,22016,1610612742,DAL,Dallas Mavericks,Offensive,0.103,82,0.088,1.029,0.459,0.116,0.114,0.114,0.023,0.453,0.54,731,752,266,580,314
2016-17,PRBallHandler,22016,1610612761,TOR,Toronto Raptors,Offensive,0.966,82,0.242,0.948,0.461,0.132,0.122,0.123,0.025,0.459,0.489,2123,2013,753,1633,880
2016-17,PRBallHandler,22016,1610612756,PHX,Phoenix Suns,Offensive,0.517,82,0.226,0.841,0.412,0.104,0.138,0.092,0.018,0.405,0.433,2131,1793,680,1652,972
2016-17,PRBallHandler,22016,1610612766,CHA,Charlotte Hornets,Offensive,0.655,82,0.229,0.877,0.409,0.096,0.13,0.087,0.02,0.399,0.461,1992,1747,645,1578,933
2016-17,PRBallHandler,22016,1610612757,POR,Portland Trail Blazers,Offensive,1,82,0.204,0.948,0.434,0.11,0.114,0.099,0.022,0.43,0.48,1825,1731,631,1455,824
2016-17,PRBallHandler,22016,1610612747,LAL,Los Angeles Lakers,Offensive,0.379,82,0.209,0.834,0.402,0.097,0.159,0.089,0.022,0.378,0.447,1915,1597,588,1462,874
2016-17,PRBallHandler,22016,1610612765,DET,Detroit Pistons,Offensive,0.552,82,0.208,0.849,0.431,0.07,0.122,0.064,0.014,0.408,0.454,1849,1569,653,1516,863
2016-17,PRBallHandler,22016,1610612762,UTA,Utah Jazz,Offensive,0.862,82,0.205,0.912,0.446,0.113,0.155,0.099,0.024,0.423,0.492,1719,1568,578,1296,718
2016-17,PRBallHandler,22016,1610612745,HOU,Houston Rockets,Offensive,0.931,82,0.182,0.934,0.418,0.152,0.192,0.149,0.017,0.413,0.483,1676,1565,469,1121,652
2016-17,PRBallHandler,22016,1610612746,LAC,LA Clippers,Offensive,0.897,82,0.178,0.919,0.471,0.092,0.16,0.068,0.018,0.434,0.508,1561,1434,562,1194,632
2016-17,PRBallHandler,22016,1610612741,CHI,Chicago Bulls,Offensive,0.241,82,0.189,0.809,0.391,0.135,0.15,0.124,0.023,0.396,0.408,1696,1372,488,1249,761
2016-17,PRBallHandler,22016,1610612764,WAS,Washington Wizards,Offensive,0.586,82,0.179,0.85,0.44,0.096,0.157,0.083,0.02,0.409,0.465,1612,1371,544,1236,692
2016-17,PRBallHandler,22016,1610612748,MIA,Miami Heat,Offensive,0.207,82,0.189,0.807,0.417,0.102,0.174,0.095,0.013,0.393,0.441,1666,1345,511,1224,713
2016-17,PRBallHandler,22016,1610612754,IND,Indiana Pacers,Offensive,0.724,82,0.173,0.885,0.435,0.131,0.177,0.12,0.02,0.417,0.467,1514,1340,468,1076,608
2016-17,PRBallHandler,22016,1610612760,OKC,Oklahoma City Thunder,Offensive,0.345,82,0.17,0.822,0.392,0.114,0.155,0.101,0.015,0.387,0.43,1577,1297,461,1175,714
2016-17,PRBallHandler,22016,1610612737,ATL,Atlanta Hawks,Offensive,0.103,82,0.177,0.783,0.419,0.072,0.167,0.062,0.015,0.379,0.44,1602,1254,520,1241,721
2016-17,PRBallHandler,22016,1610612739,CLE,Cleveland Cavaliers,Offensive,0.793,82,0.156,0.9,0.452,0.094,0.15,0.091,0.022,0.419,0.496,1378,1240,484,1070,586
2016-17,PRBallHandler,22016,1610612740,NOP,New Orleans Pelicans,Offensive,0.172,82,0.175,0.795,0.406,0.074,0.168,0.071,0.014,0.369,0.449,1559,1240,488,1202,714
2016-17,PRBallHandler,22016,1610612759,SAS,San Antonio Spurs,Offensive,0.621,82,0.159,0.875,0.445,0.109,0.169,0.097,0.017,0.415,0.477,1385,1212,454,1021,567
2016-17,PRBallHandler,22016,1610612750,MIN,Minnesota Timberwolves,Offensive,0.276,82,0.166,0.812,0.41,0.112,0.164,0.099,0.014,0.398,0.431,1475,1198,446,1087,641
2016-17,PRBallHandler,22016,1610612753,ORL,Orlando Magic,Offensive,0.414,82,0.157,0.834,0.409,0.108,0.146,0.089,0.021,0.395,0.44,1406,1173,441,1077,636
2016-17,PRBallHandler,22016,1610612738,BOS,Boston Celtics,Offensive,0.828,82,0.146,0.904,0.418,0.11,0.154,0.099,0.017,0.406,0.478,1287,1164,404,967,563
2016-17,PRBallHandler,22016,1610612751,BKN,Brooklyn Nets,Offensive,0.069,82,0.162,0.783,0.391,0.121,0.205,0.104,0.024,0.366,0.431,1482,1160,404,1033,629
2016-17,PRBallHandler,22016,1610612742,DAL,Dallas Mavericks,Offensive,0.448,82,0.165,0.836,0.424,0.071,0.172,0.062,0.015,0.379,0.475,1375,1149,449,1060,611
2016-17,PRBallHandler,22016,1610612743,DEN,Denver Nuggets,Offensive,0.483,82,0.144,0.841,0.425,0.095,0.181,0.078,0.019,0.389,0.467,1328,1117,419,986,567
2016-17,PRBallHandler,22016,1610612752,NYK,New York Knicks,Offensive,0.138,82,0.155,0.795,0.403,0.096,0.152,0.085,0.019,0.384,0.425,1405,1117,436,1082,646
2016-17,PRBallHandler,22016,1610612763,MEM,Memphis Grizzlies,Offensive,0.759,82,0.136,0.897,0.416,0.127,0.163,0.116,0.022,0.403,0.475,1180,1059,358,861,503
2016-17,PRBallHandler,22016,1610612758,SAC,Sacramento Kings,Offensive,0.31,82,0.135,0.815,0.427,0.094,0.182,0.084,0.016,0.39,0.456,1175,958,371,868,497
2016-17,PRBallHandler,22016,1610612749,MIL,Milwaukee Bucks,Offensive,0.034,82,0.134,0.767,0.416,0.083,0.19,0.072,0.017,0.371,0.438,1150,882,356,856,500
2016-17,PRBallHandler,22016,1610612744,GSW,Golden State Warriors,Offensive,0.69,82,0.109,0.883,0.448,0.094,0.184,0.081,0.019,0.402,0.501,993,877,329,734,405
2016-17,PRBallHandler,22016,1610612755,PHI,Philadelphia 76ers,Offensive,0,82,0.123,0.732,0.395,0.063,0.205,0.055,0.011,0.342,0.427,1119,819,328,831,503
2016-17,PRRollMan,22016,1610612740,NOP,New Orleans Pelicans,Offensive,0.759,82,0.088,1.076,0.511,0.132,0.051,0.129,0.041,0.514,0.536,788,848,345,675,330
2016-17,PRRollMan,22016,1610612745,HOU,Houston Rockets,Offensive,0.931,82,0.076,1.134,0.545,0.134,0.067,0.133,0.034,0.542,0.591,701,795,318,583,265
2016-17,PRRollMan,22016,1610612746,LAC,LA Clippers,Offensive,1,82,0.077,1.149,0.54,0.154,0.053,0.151,0.041,0.547,0.584,676,777,304,563,259
2016-17,PRRollMan,22016,1610612754,IND,Indiana Pacers,Offensive,0.241,82,0.088,0.991,0.485,0.07,0.068,0.07,0.022,0.473,0.51,769,762,329,679,350
2016-17,PRRollMan,22016,1610612742,DAL,Dallas Mavericks,Offensive,0.724,82,0.084,1.073,0.5,0.086,0.047,0.085,0.017,0.505,0.542,695,746,306,612,306
2016-17,PRRollMan,22016,1610612760,OKC,Oklahoma City Thunder,Offensive,0.448,82,0.077,1.046,0.514,0.119,0.081,0.118,0.021,0.508,0.541,713,746,300,584,284
2016-17,PRRollMan,22016,1610612750,MIN,Minnesota Timberwolves,Offensive,0.966,82,0.073,1.141,0.534,0.145,0.091,0.138,0.023,0.536,0.583,647,738,272,509,237
2016-17,PRRollMan,22016,1610612751,BKN,Brooklyn Nets,Offensive,0.828,82,0.069,1.09,0.49,0.111,0.074,0.111,0.016,0.498,0.556,632,689,257,524,267
2016-17,PRRollMan,22016,1610612753,ORL,Orlando Magic,Offensive,0.034,82,0.081,0.931,0.442,0.079,0.068,0.078,0.022,0.437,0.482,721,671,279,631,352
2016-17,PRRollMan,22016,1610612759,SAS,San Antonio Spurs,Offensive,0.172,82,0.078,0.974,0.483,0.094,0.082,0.087,0.022,0.475,0.499,680,662,277,574,297
2016-17,PRRollMan,22016,1610612766,CHA,Charlotte Hornets,Offensive,0.517,82,0.072,1.053,0.484,0.126,0.065,0.117,0.027,0.49,0.535,626,659,253,523,270
2016-17,PRRollMan,22016,1610612738,BOS,Boston Celtics,Offensive,0.483,82,0.068,1.048,0.488,0.065,0.075,0.063,0.015,0.473,0.555,601,630,256,525,269
2016-17,PRRollMan,22016,1610612763,MEM,Memphis Grizzlies,Offensive,0.207,82,0.074,0.983,0.462,0.102,0.067,0.091,0.03,0.469,0.489,639,628,254,550,296
2016-17,PRRollMan,22016,1610612764,WAS,Washington Wizards,Offensive,0.69,82,0.065,1.072,0.529,0.134,0.067,0.133,0.028,0.525,0.551,581,623,254,480,226
2016-17,PRRollMan,22016,1610612758,SAC,Sacramento Kings,Offensive,0.414,82,0.068,1.034,0.483,0.13,0.08,0.129,0.02,0.492,0.526,591,611,231,478,247
2016-17,PRRollMan,22016,1610612755,PHI,Philadelphia 76ers,Offensive,0.345,82,0.065,1.007,0.458,0.099,0.064,0.093,0.022,0.465,0.513,593,597,233,509,276
2016-17,PRRollMan,22016,1610612741,CHI,Chicago Bulls,Offensive,0.069,82,0.071,0.936,0.459,0.083,0.063,0.08,0.016,0.466,0.477,638,597,255,555,300
2016-17,PRRollMan,22016,1610612739,CLE,Cleveland Cavaliers,Offensive,0.655,82,0.062,1.071,0.476,0.143,0.056,0.131,0.024,0.495,0.536,551,590,216,454,238
2016-17,PRRollMan,22016,1610612737,ATL,Atlanta Hawks,Offensive,0,82,0.071,0.911,0.435,0.107,0.097,0.098,0.02,0.435,0.473,642,585,228,524,296
2016-17,PRRollMan,22016,1610612743,DEN,Denver Nuggets,Offensive,0.793,82,0.059,1.08,0.51,0.111,0.087,0.094,0.022,0.5,0.561,540,583,227,445,218
2016-17,PRRollMan,22016,1610612749,MIL,Milwaukee Bucks,Offensive,0.897,82,0.06,1.122,0.53,0.112,0.064,0.114,0.031,0.518,0.581,517,580,233,440,207
2016-17,PRRollMan,22016,1610612765,DET,Detroit Pistons,Offensive,0.276,82,0.065,0.995,0.483,0.105,0.071,0.102,0.021,0.482,0.509,581,578,237,491,254
2016-17,PRRollMan,22016,1610612762,UTA,Utah Jazz,Offensive,0.621,82,0.064,1.063,0.529,0.168,0.078,0.168,0.05,0.529,0.546,537,571,228,431,203
2016-17,PRRollMan,22016,1610612761,TOR,Toronto Raptors,Offensive,0.862,82,0.058,1.118,0.54,0.108,0.08,0.1,0.02,0.535,0.577,510,570,229,424,195
2016-17,PRRollMan,22016,1610612752,NYK,New York Knicks,Offensive,0.379,82,0.06,1.027,0.484,0.119,0.069,0.115,0.037,0.486,0.517,547,562,224,463,239
2016-17,PRRollMan,22016,1610612748,MIA,Miami Heat,Offensive,0.586,82,0.057,1.061,0.509,0.149,0.079,0.145,0.038,0.511,0.539,505,536,208,409,201
2016-17,PRRollMan,22016,1610612747,LAL,Los Angeles Lakers,Offensive,0.31,82,0.058,0.996,0.521,0.104,0.104,0.104,0.021,0.499,0.535,527,525,223,428,205
2016-17,PRRollMan,22016,1610612757,POR,Portland Trail Blazers,Offensive,0.138,82,0.059,0.945,0.449,0.128,0.1,0.126,0.03,0.443,0.496,530,501,190,423,233
2016-17,PRRollMan,22016,1610612756,PHX,Phoenix Suns,Offensive,0.552,82,0.047,1.059,0.5,0.152,0.07,0.152,0.034,0.515,0.528,441,467,179,358,179
2016-17,PRRollMan,22016,1610612744,GSW,Golden State Warriors,Offensive,0.103,82,0.04,0.936,0.472,0.144,0.102,0.149,0.03,0.464,0.488,362,339,133,282,149
2016-17,Postup,22016,1610612763,MEM,Memphis Grizzlies,Offensive,0.448,82,0.116,0.896,0.457,0.129,0.109,0.115,0.021,0.459,0.457,1006,901,357,782,425
2016-17,Postup,22016,1610612750,MIN,Minnesota Timberwolves,Offensive,0.931,82,0.101,0.96,0.485,0.134,0.101,0.112,0.028,0.484,0.485,898,862,344,710,366
2016-17,Postup,22016,1610612760,OKC,Oklahoma City Thunder,Offensive,0.345,82,0.101,0.868,0.483,0.136,0.181,0.128,0.025,0.446,0.483,937,813,320,662,342
2016-17,Postup,22016,1610612759,SAS,San Antonio Spurs,Offensive,0.379,82,0.093,0.87,0.437,0.134,0.106,0.125,0.026,0.443,0.437,813,707,278,636,358
2016-17,Postup,22016,1610612743,DEN,Denver Nuggets,Offensive,0.966,82,0.078,0.961,0.495,0.166,0.132,0.142,0.029,0.487,0.495,718,690,260,525,265
2016-17,Postup,22016,1610612758,SAC,Sacramento Kings,Offensive,0.655,82,0.083,0.924,0.465,0.186,0.144,0.154,0.033,0.471,0.465,720,665,234,503,269
2016-17,Postup,22016,1610612749,MIL,Milwaukee Bucks,Offensive,0.793,82,0.081,0.931,0.484,0.148,0.134,0.135,0.039,0.469,0.484,695,647,254,525,271
2016-17,Postup,22016,1610612741,CHI,Chicago Bulls,Offensive,0.621,82,0.077,0.921,0.466,0.126,0.098,0.117,0.027,0.468,0.466,693,638,259,556,297
2016-17,Postup,22016,1610612765,DET,Detroit Pistons,Offensive,0.172,82,0.086,0.829,0.431,0.105,0.084,0.088,0.02,0.424,0.431,765,634,274,636,362
2016-17,Postup,22016,1610612751,BKN,Brooklyn Nets,Offensive,0.724,82,0.074,0.926,0.504,0.145,0.173,0.13,0.039,0.464,0.504,675,625,244,484,240
2016-17,Postup,22016,1610612754,IND,Indiana Pacers,Offensive,0.828,82,0.072,0.932,0.467,0.104,0.074,0.088,0.025,0.468,0.467,634,591,251,537,286
2016-17,Postup,22016,1610612755,PHI,Philadelphia 76ers,Offensive,0.31,82,0.071,0.853,0.453,0.176,0.172,0.158,0.036,0.442,0.453,647,552,201,444,243
2016-17,Postup,22016,1610612742,DAL,Dallas Mavericks,Offensive,0.69,82,0.071,0.924,0.452,0.13,0.086,0.111,0.029,0.461,0.452,592,547,217,480,263
2016-17,Postup,22016,1610612739,CLE,Cleveland Cavaliers,Offensive,0.586,82,0.067,0.916,0.453,0.178,0.129,0.146,0.04,0.464,0.453,595,545,197,435,238
2016-17,Postup,22016,1610612753,ORL,Orlando Magic,Offensive,0.103,82,0.073,0.814,0.436,0.072,0.117,0.056,0.014,0.412,0.436,656,534,236,541,305
2016-17,Postup,22016,1610612738,BOS,Boston Celtics,Offensive,0.759,82,0.065,0.93,0.486,0.136,0.133,0.119,0.04,0.466,0.486,573,533,215,442,227
2016-17,Postup,22016,1610612752,NYK,New York Knicks,Offensive,0.276,82,0.067,0.845,0.409,0.152,0.129,0.142,0.018,0.433,0.409,605,511,182,445,263
2016-17,Postup,22016,1610612737,ATL,Atlanta Hawks,Offensive,0.483,82,0.062,0.896,0.459,0.254,0.136,0.222,0.038,0.483,0.459,559,501,166,362,196
2016-17,Postup,22016,1610612740,NOP,New Orleans Pelicans,Offensive,0.517,82,0.062,0.898,0.427,0.185,0.127,0.165,0.036,0.453,0.427,550,494,169,396,227
2016-17,Postup,22016,1610612761,TOR,Toronto Raptors,Offensive,1,82,0.057,0.976,0.482,0.141,0.09,0.139,0.032,0.492,0.482,498,486,192,398,206
2016-17,Postup,22016,1610612746,LAC,LA Clippers,Offensive,0.897,82,0.059,0.947,0.497,0.146,0.127,0.131,0.025,0.486,0.497,512,485,191,384,193
2016-17,Postup,22016,1610612764,WAS,Washington Wizards,Offensive,0.414,82,0.055,0.879,0.453,0.125,0.117,0.111,0.024,0.455,0.453,495,435,175,386,211
2016-17,Postup,22016,1610612747,LAL,Los Angeles Lakers,Offensive,0.034,82,0.056,0.77,0.378,0.146,0.135,0.129,0.029,0.394,0.378,513,395,145,384,239
2016-17,Postup,22016,1610612766,CHA,Charlotte Hornets,Offensive,0.862,82,0.047,0.946,0.46,0.163,0.099,0.151,0.037,0.472,0.46,405,383,144,313,169
2016-17,Postup,22016,1610612748,MIA,Miami Heat,Offensive,0.207,82,0.051,0.83,0.457,0.119,0.15,0.107,0.029,0.427,0.457,447,371,155,339,184
2016-17,Postup,22016,1610612744,GSW,Golden State Warriors,Offensive,0.069,82,0.051,0.779,0.434,0.119,0.19,0.104,0.019,0.398,0.434,462,360,142,327,185
2016-17,Postup,22016,1610612757,POR,Portland Trail Blazers,Offensive,0.552,82,0.043,0.899,0.496,0.145,0.158,0.119,0.034,0.466,0.496,386,347,140,282,142
2016-17,Postup,22016,1610612762,UTA,Utah Jazz,Offensive,0.241,82,0.048,0.84,0.46,0.13,0.17,0.118,0.023,0.43,0.46,400,336,132,287,155
2016-17,Postup,22016,1610612756,PHX,Phoenix Suns,Offensive,0,82,0.046,0.759,0.399,0.151,0.176,0.123,0.028,0.392,0.399,431,327,120,301,181
2016-17,Postup,22016,1610612745,HOU,Houston Rockets,Offensive,0.138,82,0.021,0.817,0.452,0.122,0.147,0.112,0.01,0.431,0.452,197,161,66,146,80
2016-17,Spotup,22016,1610612759,SAS,San Antonio Spurs,Offensive,0.931,82,0.227,1.07,0.425,0.058,0.06,0.053,0.011,0.426,0.546,1973,2111,749,1762,1013
2016-17,Spotup,22016,1610612738,BOS,Boston Celtics,Offensive,0.862,82,0.223,1.054,0.403,0.06,0.05,0.058,0.013,0.407,0.537,1965,2072,714,1773,1059
2016-17,Spotup,22016,1610612751,BKN,Brooklyn Nets,Offensive,0.103,82,0.237,0.934,0.37,0.061,0.077,0.059,0.012,0.369,0.487,2167,2023,700,1894,1194
2016-17,Spotup,22016,1610612755,PHI,Philadelphia 76ers,Offensive,0.207,82,0.23,0.946,0.381,0.06,0.087,0.054,0.012,0.375,0.497,2094,1980,690,1811,1121
2016-17,Spotup,22016,1610612758,SAC,Sacramento Kings,Offensive,0.759,82,0.212,1.049,0.408,0.064,0.053,0.06,0.016,0.413,0.532,1838,1928,673,1651,978
2016-17,Spotup,22016,1610612745,HOU,Houston Rockets,Offensive,0.69,82,0.202,1.03,0.38,0.039,0.049,0.036,0.008,0.379,0.529,1864,1920,652,1714,1062
2016-17,Spotup,22016,1610612742,DAL,Dallas Mavericks,Offensive,0.724,82,0.223,1.036,0.392,0.054,0.042,0.051,0.009,0.402,0.519,1852,1919,663,1690,1027
2016-17,Spotup,22016,1610612739,CLE,Cleveland Cavaliers,Offensive,0.966,82,0.197,1.088,0.407,0.043,0.061,0.041,0.006,0.402,0.563,1738,1891,638,1568,930
2016-17,Spotup,22016,1610612740,NOP,New Orleans Pelicans,Offensive,0.448,82,0.214,0.991,0.392,0.051,0.057,0.046,0.008,0.393,0.51,1907,1890,673,1716,1043
2016-17,Spotup,22016,1610612748,MIA,Miami Heat,Offensive,0.345,82,0.217,0.975,0.373,0.042,0.056,0.037,0.009,0.372,0.502,1909,1861,650,1741,1091
2016-17,Spotup,22016,1610612749,MIL,Milwaukee Bucks,Offensive,0.621,82,0.213,1.016,0.399,0.046,0.055,0.044,0.009,0.397,0.523,1828,1857,663,1660,997
2016-17,Spotup,22016,1610612743,DEN,Denver Nuggets,Offensive,0.586,82,0.198,1.013,0.386,0.055,0.059,0.049,0.005,0.392,0.521,1826,1849,628,1626,998
2016-17,Spotup,22016,1610612752,NYK,New York Knicks,Offensive,0.483,82,0.202,0.992,0.392,0.041,0.047,0.04,0.007,0.394,0.505,1832,1818,659,1682,1023
2016-17,Spotup,22016,1610612766,CHA,Charlotte Hornets,Offensive,0.31,82,0.214,0.972,0.383,0.051,0.043,0.049,0.011,0.388,0.487,1860,1808,653,1704,1051
2016-17,Spotup,22016,1610612762,UTA,Utah Jazz,Offensive,0.379,82,0.221,0.977,0.394,0.041,0.081,0.036,0.006,0.381,0.52,1847,1805,644,1634,990
2016-17,Spotup,22016,1610612741,CHI,Chicago Bulls,Offensive,0.414,82,0.203,0.987,0.397,0.043,0.055,0.044,0.007,0.395,0.506,1826,1802,658,1656,998
2016-17,Spotup,22016,1610612737,ATL,Atlanta Hawks,Offensive,0.517,82,0.196,0.993,0.391,0.057,0.07,0.052,0.009,0.389,0.515,1777,1764,612,1567,955
2016-17,Spotup,22016,1610612746,LAC,LA Clippers,Offensive,0.897,82,0.186,1.065,0.416,0.057,0.063,0.053,0.013,0.415,0.545,1628,1734,606,1455,849
2016-17,Spotup,22016,1610612761,TOR,Toronto Raptors,Offensive,0.552,82,0.195,0.998,0.383,0.05,0.047,0.048,0.009,0.386,0.508,1715,1712,599,1564,965
2016-17,Spotup,22016,1610612750,MIN,Minnesota Timberwolves,Offensive,0.241,82,0.201,0.96,0.387,0.054,0.056,0.051,0.012,0.388,0.492,1780,1709,621,1604,983
2016-17,Spotup,22016,1610612757,POR,Portland Trail Blazers,Offensive,0.655,82,0.184,1.018,0.397,0.044,0.061,0.041,0.007,0.393,0.529,1647,1677,590,1485,895
2016-17,Spotup,22016,1610612763,MEM,Memphis Grizzlies,Offensive,0.276,82,0.197,0.961,0.373,0.051,0.049,0.047,0.012,0.379,0.487,1713,1646,583,1562,979
2016-17,Spotup,22016,1610612744,GSW,Golden State Warriors,Offensive,1,82,0.164,1.099,0.419,0.046,0.05,0.043,0.005,0.419,0.56,1489,1636,566,1352,786
2016-17,Spotup,22016,1610612764,WAS,Washington Wizards,Offensive,0.793,82,0.173,1.052,0.407,0.048,0.053,0.047,0.014,0.404,0.539,1553,1634,577,1416,839
2016-17,Spotup,22016,1610612753,ORL,Orlando Magic,Offensive,0,82,0.187,0.915,0.358,0.04,0.039,0.036,0.008,0.361,0.463,1671,1529,556,1551,995
2016-17,Spotup,22016,1610612754,IND,Indiana Pacers,Offensive,0.828,82,0.16,1.053,0.409,0.036,0.041,0.033,0.008,0.407,0.537,1406,1480,535,1307,772
2016-17,Spotup,22016,1610612760,OKC,Oklahoma City Thunder,Offensive,0.172,82,0.164,0.939,0.359,0.036,0.047,0.034,0.007,0.357,0.484,1525,1432,505,1407,902
2016-17,Spotup,22016,1610612765,DET,Detroit Pistons,Offensive,0.034,82,0.175,0.916,0.368,0.037,0.061,0.036,0.01,0.361,0.476,1555,1425,522,1417,895
2016-17,Spotup,22016,1610612756,PHX,Phoenix Suns,Offensive,0.069,82,0.155,0.922,0.367,0.048,0.062,0.041,0.009,0.367,0.473,1465,1351,483,1316,833
2016-17,Spotup,22016,1610612747,LAL,Los Angeles Lakers,Offensive,0.138,82,0.148,0.936,0.369,0.053,0.057,0.052,0.011,0.371,0.476,1350,1263,448,1215,767
2016-17,Handoff,22016,1610612747,LAL,Los Angeles Lakers,Offensive,0.931,82,0.061,1.005,0.427,0.082,0.095,0.073,0.013,0.419,0.519,559,562,199,466,267
2016-17,Handoff,22016,1610612743,DEN,Denver Nuggets,Offensive,0.586,82,0.062,0.934,0.419,0.089,0.105,0.073,0.017,0.409,0.494,572,534,197,470,273
2016-17,Handoff,22016,1610612738,BOS,Boston Celtics,Offensive,0.483,82,0.065,0.917,0.41,0.085,0.129,0.08,0.014,0.398,0.474,575,527,188,459,271
2016-17,Handoff,22016,1610612757,POR,Portland Trail Blazers,Offensive,0.552,82,0.059,0.928,0.419,0.106,0.123,0.096,0.025,0.413,0.477,530,492,177,422,245
2016-17,Handoff,22016,1610612766,CHA,Charlotte Hornets,Offensive,0.966,82,0.055,1.013,0.407,0.128,0.084,0.128,0.027,0.429,0.484,476,482,157,386,229
2016-17,Handoff,22016,1610612748,MIA,Miami Heat,Offensive,0.276,82,0.057,0.884,0.396,0.06,0.086,0.054,0.008,0.387,0.468,501,443,171,432,261
2016-17,Handoff,22016,1610612755,PHI,Philadelphia 76ers,Offensive,0.138,82,0.057,0.85,0.39,0.069,0.146,0.063,0.01,0.363,0.47,520,442,161,413,252
2016-17,Handoff,22016,1610612762,UTA,Utah Jazz,Offensive,0.517,82,0.057,0.921,0.391,0.079,0.1,0.071,0.013,0.392,0.471,479,441,156,399,243
2016-17,Handoff,22016,1610612749,MIL,Milwaukee Bucks,Offensive,0.897,82,0.048,0.99,0.435,0.051,0.083,0.049,0.01,0.42,0.525,412,408,157,361,204
2016-17,Handoff,22016,1610612753,ORL,Orlando Magic,Offensive,0.31,82,0.05,0.9,0.404,0.093,0.116,0.084,0.022,0.398,0.471,450,405,148,366,218
2016-17,Handoff,22016,1610612746,LAC,LA Clippers,Offensive,0.448,82,0.048,0.913,0.421,0.069,0.125,0.071,0.024,0.388,0.499,423,386,147,349,202
2016-17,Handoff,22016,1610612765,DET,Detroit Pistons,Offensive,0.655,82,0.044,0.944,0.401,0.084,0.086,0.084,0.015,0.404,0.462,394,372,133,332,199
2016-17,Handoff,22016,1610612759,SAS,San Antonio Spurs,Offensive,0.379,82,0.047,0.91,0.422,0.088,0.11,0.073,0.017,0.413,0.47,409,372,141,334,193
2016-17,Handoff,22016,1610612751,BKN,Brooklyn Nets,Offensive,0.759,82,0.041,0.968,0.425,0.088,0.133,0.08,0.019,0.406,0.522,377,365,128,301,173
2016-17,Handoff,22016,1610612750,MIN,Minnesota Timberwolves,Offensive,0.724,82,0.043,0.958,0.438,0.085,0.116,0.082,0.016,0.426,0.515,378,362,135,308,173
2016-17,Handoff,22016,1610612737,ATL,Atlanta Hawks,Offensive,0.034,82,0.044,0.803,0.358,0.097,0.12,0.085,0.017,0.364,0.403,401,322,115,321,206
2016-17,Handoff,22016,1610612763,MEM,Memphis Grizzlies,Offensive,0.69,82,0.038,0.948,0.393,0.091,0.076,0.085,0.006,0.415,0.462,328,311,108,275,167
2016-17,Handoff,22016,1610612741,CHI,Chicago Bulls,Offensive,0.069,82,0.042,0.813,0.37,0.079,0.111,0.079,0.008,0.368,0.42,380,309,115,311,196
2016-17,Handoff,22016,1610612752,NYK,New York Knicks,Offensive,0.621,82,0.035,0.944,0.452,0.063,0.106,0.063,0.019,0.428,0.498,320,302,123,272,149
2016-17,Handoff,22016,1610612740,NOP,New Orleans Pelicans,Offensive,1,82,0.03,1.07,0.472,0.1,0.063,0.093,0.019,0.481,0.53,270,289,109,231,122
2016-17,Handoff,22016,1610612758,SAC,Sacramento Kings,Offensive,0.414,82,0.036,0.911,0.413,0.083,0.096,0.086,0.01,0.415,0.465,313,285,107,259,152
2016-17,Handoff,22016,1610612745,HOU,Houston Rockets,Offensive,0.345,82,0.033,0.907,0.371,0.066,0.129,0.07,0.01,0.358,0.486,302,274,91,245,154
2016-17,Handoff,22016,1610612744,GSW,Golden State Warriors,Offensive,0.862,82,0.031,0.975,0.432,0.068,0.115,0.061,0.007,0.417,0.526,278,271,99,229,130
2016-17,Handoff,22016,1610612754,IND,Indiana Pacers,Offensive,0.241,82,0.031,0.884,0.425,0.069,0.145,0.069,0.014,0.391,0.486,276,244,94,221,127
2016-17,Handoff,22016,1610612760,OKC,Oklahoma City Thunder,Offensive,0.103,82,0.031,0.827,0.389,0.074,0.12,0.074,0.018,0.364,0.449,283,234,91,234,143
2016-17,Handoff,22016,1610612742,DAL,Dallas Mavericks,Offensive,0.793,82,0.029,0.971,0.43,0.042,0.075,0.046,0.017,0.41,0.507,239,232,92,214,122
2016-17,Handoff,22016,1610612739,CLE,Cleveland Cavaliers,Offensive,0.828,82,0.025,0.973,0.399,0.091,0.109,0.077,0.009,0.405,0.489,220,214,71,178,107
2016-17,Handoff,22016,1610612761,TOR,Toronto Raptors,Offensive,0.172,82,0.028,0.856,0.397,0.078,0.107,0.066,0.025,0.387,0.441,243,208,81,204,123
2016-17,Handoff,22016,1610612756,PHX,Phoenix Suns,Offensive,0,82,0.029,0.71,0.344,0.069,0.138,0.058,0.007,0.333,0.382,276,196,76,221,145
2016-17,Handoff,22016,1610612764,WAS,Washington Wizards,Offensive,0.207,82,0.024,0.866,0.398,0.055,0.106,0.055,0.023,0.373,0.457,217,188,74,186,112
2016-17,Cut,22016,1610612744,GSW,Golden State Warriors,Offensive,0.931,82,0.123,1.333,0.699,0.159,0.066,0.154,0.041,0.675,0.699,1114,1485,635,908,273
2016-17,Cut,22016,1610612743,DEN,Denver Nuggets,Offensive,0.966,82,0.092,1.335,0.69,0.169,0.063,0.168,0.043,0.673,0.69,846,1129,472,684,212
2016-17,Cut,22016,1610612749,MIL,Milwaukee Bucks,Offensive,0.793,82,0.098,1.298,0.664,0.18,0.057,0.175,0.048,0.661,0.664,841,1092,452,681,229
2016-17,Cut,22016,1610612745,HOU,Houston Rockets,Offensive,1,82,0.074,1.382,0.732,0.165,0.067,0.165,0.066,0.685,0.732,683,944,416,568,152
2016-17,Cut,22016,1610612762,UTA,Utah Jazz,Offensive,0.414,82,0.09,1.236,0.629,0.188,0.06,0.188,0.048,0.626,0.629,754,932,378,601,223
2016-17,Cut,22016,1610612766,CHA,Charlotte Hornets,Offensive,0.69,82,0.082,1.286,0.633,0.175,0.045,0.173,0.042,0.644,0.633,710,913,369,583,214
2016-17,Cut,22016,1610612755,PHI,Philadelphia 76ers,Offensive,0.621,82,0.079,1.267,0.651,0.143,0.063,0.14,0.022,0.647,0.651,719,911,382,587,205
2016-17,Cut,22016,1610612737,ATL,Atlanta Hawks,Offensive,0.655,82,0.077,1.268,0.671,0.158,0.062,0.154,0.033,0.652,0.671,695,881,379,565,186
2016-17,Cut,22016,1610612738,BOS,Boston Celtics,Offensive,0.828,82,0.075,1.316,0.669,0.146,0.047,0.145,0.032,0.667,0.669,664,874,372,556,184
2016-17,Cut,22016,1610612754,IND,Indiana Pacers,Offensive,0.586,82,0.078,1.265,0.641,0.157,0.063,0.153,0.039,0.634,0.641,688,870,360,562,202
2016-17,Cut,22016,1610612758,SAC,Sacramento Kings,Offensive,0.069,82,0.086,1.149,0.6,0.114,0.07,0.111,0.031,0.587,0.6,745,856,378,630,252
2016-17,Cut,22016,1610612752,NYK,New York Knicks,Offensive,0.276,82,0.078,1.2,0.631,0.119,0.077,0.119,0.028,0.604,0.631,705,846,369,585,216
2016-17,Cut,22016,1610612757,POR,Portland Trail Blazers,Offensive,0.138,82,0.081,1.173,0.622,0.148,0.085,0.151,0.031,0.596,0.622,721,846,356,572,216
2016-17,Cut,22016,1610612760,OKC,Oklahoma City Thunder,Offensive,0.241,82,0.075,1.187,0.63,0.136,0.079,0.136,0.032,0.601,0.63,696,826,358,568,210
2016-17,Cut,22016,1610612764,WAS,Washington Wizards,Offensive,0.379,82,0.074,1.229,0.622,0.127,0.058,0.123,0.03,0.618,0.622,668,821,351,564,213
2016-17,Cut,22016,1610612756,PHX,Phoenix Suns,Offensive,0.448,82,0.069,1.237,0.629,0.184,0.052,0.181,0.038,0.637,0.629,653,808,329,523,194
2016-17,Cut,22016,1610612747,LAL,Los Angeles Lakers,Offensive,0,82,0.076,1.113,0.57,0.123,0.063,0.123,0.025,0.566,0.57,693,771,330,579,249
2016-17,Cut,22016,1610612753,ORL,Orlando Magic,Offensive,0.517,82,0.067,1.26,0.644,0.156,0.045,0.155,0.044,0.634,0.644,595,750,322,500,178
2016-17,Cut,22016,1610612748,MIA,Miami Heat,Offensive,0.172,82,0.072,1.18,0.624,0.131,0.071,0.128,0.033,0.599,0.624,634,748,328,526,198
2016-17,Cut,22016,1610612750,MIN,Minnesota Timberwolves,Offensive,0.483,82,0.068,1.242,0.646,0.13,0.073,0.133,0.045,0.62,0.646,600,745,325,503,178
2016-17,Cut,22016,1610612759,SAS,San Antonio Spurs,Offensive,0.552,82,0.067,1.264,0.642,0.152,0.06,0.152,0.041,0.642,0.642,587,742,312,486,174
2016-17,Cut,22016,1610612763,MEM,Memphis Grizzlies,Offensive,0.103,82,0.072,1.161,0.602,0.136,0.069,0.133,0.024,0.597,0.602,626,727,309,513,204
2016-17,Cut,22016,1610612751,BKN,Brooklyn Nets,Offensive,0.207,82,0.063,1.185,0.605,0.15,0.076,0.145,0.031,0.603,0.605,579,686,282,466,184
2016-17,Cut,22016,1610612739,CLE,Cleveland Cavaliers,Offensive,0.862,82,0.059,1.317,0.709,0.147,0.081,0.143,0.044,0.668,0.709,518,682,300,423,123
2016-17,Cut,22016,1610612740,NOP,New Orleans Pelicans,Offensive,0.31,82,0.063,1.208,0.611,0.173,0.06,0.165,0.039,0.616,0.611,562,679,277,453,176
2016-17,Cut,22016,1610612741,CHI,Chicago Bulls,Offensive,0.034,82,0.066,1.141,0.589,0.12,0.077,0.114,0.025,0.577,0.589,594,678,290,492,202
2016-17,Cut,22016,1610612765,DET,Detroit Pistons,Offensive,0.724,82,0.056,1.294,0.653,0.183,0.044,0.181,0.042,0.659,0.653,496,642,264,404,140
2016-17,Cut,22016,1610612746,LAC,LA Clippers,Offensive,0.897,82,0.055,1.323,0.702,0.235,0.071,0.225,0.056,0.685,0.702,480,635,252,359,107
2016-17,Cut,22016,1610612742,DAL,Dallas Mavericks,Offensive,0.759,82,0.057,1.294,0.653,0.176,0.049,0.176,0.036,0.661,0.653,472,611,250,383,133
2016-17,Cut,22016,1610612761,TOR,Toronto Raptors,Offensive,0.345,82,0.049,1.222,0.636,0.125,0.051,0.125,0.028,0.624,0.636,433,529,234,368,134
2016-17,OffScreen,22016,1610612744,GSW,Golden State Warriors,Offensive,0.931,82,0.13,1.036,0.447,0.063,0.07,0.059,0.017,0.439,0.533,1182,1224,467,1045,578
2016-17,OffScreen,22016,1610612742,DAL,Dallas Mavericks,Offensive,0.207,82,0.091,0.932,0.387,0.049,0.061,0.048,0.012,0.385,0.479,753,702,263,679,416
2016-17,OffScreen,22016,1610612764,WAS,Washington Wizards,Offensive,0.759,82,0.08,0.973,0.436,0.056,0.067,0.056,0.017,0.426,0.501,716,697,278,638,360
2016-17,OffScreen,22016,1610612754,IND,Indiana Pacers,Offensive,0.241,82,0.078,0.933,0.392,0.056,0.062,0.054,0.018,0.386,0.475,682,636,240,613,373
2016-17,OffScreen,22016,1610612766,CHA,Charlotte Hornets,Offensive,0.724,82,0.075,0.969,0.392,0.081,0.063,0.075,0.017,0.406,0.479,655,635,224,572,348
2016-17,OffScreen,22016,1610612753,ORL,Orlando Magic,Offensive,0.172,82,0.072,0.908,0.387,0.078,0.086,0.073,0.016,0.392,0.461,643,584,212,548,336
2016-17,OffScreen,22016,1610612738,BOS,Boston Celtics,Offensive,0.793,82,0.066,0.99,0.402,0.06,0.055,0.051,0.007,0.408,0.501,586,580,210,523,313
2016-17,OffScreen,22016,1610612757,POR,Portland Trail Blazers,Offensive,0.483,82,0.067,0.95,0.419,0.056,0.071,0.058,0.012,0.415,0.492,603,573,223,532,309
2016-17,OffScreen,22016,1610612737,ATL,Atlanta Hawks,Offensive,0.552,82,0.065,0.954,0.412,0.061,0.094,0.063,0.019,0.397,0.5,587,560,208,505,297
2016-17,OffScreen,22016,1610612763,MEM,Memphis Grizzlies,Offensive,0.621,82,0.061,0.962,0.388,0.057,0.059,0.046,0.013,0.392,0.484,526,506,183,472,289
2016-17,OffScreen,22016,1610612762,UTA,Utah Jazz,Offensive,1,82,0.055,1.046,0.455,0.059,0.096,0.057,0.013,0.435,0.559,457,478,178,391,213
2016-17,OffScreen,22016,1610612752,NYK,New York Knicks,Offensive,0.276,82,0.056,0.933,0.42,0.051,0.067,0.045,0.008,0.416,0.478,507,473,189,450,261
2016-17,OffScreen,22016,1610612739,CLE,Cleveland Cavaliers,Offensive,0.897,82,0.052,1.022,0.402,0.037,0.053,0.035,0.009,0.392,0.529,457,467,169,420,251
2016-17,OffScreen,22016,1610612747,LAL,Los Angeles Lakers,Offensive,0.828,82,0.048,0.998,0.398,0.057,0.045,0.045,0.007,0.405,0.504,442,441,159,400,241
2016-17,OffScreen,22016,1610612758,SAC,Sacramento Kings,Offensive,0.517,82,0.053,0.95,0.433,0.075,0.086,0.071,0.022,0.42,0.501,464,441,172,397,225
2016-17,OffScreen,22016,1610612746,LAC,LA Clippers,Offensive,0.379,82,0.053,0.935,0.377,0.076,0.06,0.065,0.006,0.397,0.459,463,433,152,403,251
2016-17,OffScreen,22016,1610612756,PHX,Phoenix Suns,Offensive,0.138,82,0.052,0.871,0.37,0.088,0.072,0.076,0.008,0.389,0.431,488,425,153,414,261
2016-17,OffScreen,22016,1610612748,MIA,Miami Heat,Offensive,0.966,82,0.046,1.039,0.457,0.039,0.071,0.037,0.012,0.436,0.553,408,424,168,368,200
2016-17,OffScreen,22016,1610612761,TOR,Toronto Raptors,Offensive,0.69,82,0.046,0.963,0.402,0.082,0.067,0.079,0.007,0.417,0.474,403,388,139,346,207
2016-17,OffScreen,22016,1610612759,SAS,San Antonio Spurs,Offensive,0.586,82,0.046,0.957,0.407,0.063,0.07,0.053,0.008,0.411,0.491,399,382,142,349,207
2016-17,OffScreen,22016,1610612755,PHI,Philadelphia 76ers,Offensive,0.103,82,0.045,0.845,0.364,0.077,0.131,0.075,0.012,0.356,0.45,413,349,121,332,211
2016-17,OffScreen,22016,1610612740,NOP,New Orleans Pelicans,Offensive,0.069,82,0.049,0.8,0.35,0.06,0.065,0.058,0.007,0.359,0.398,434,347,134,383,249
2016-17,OffScreen,22016,1610612743,DEN,Denver Nuggets,Offensive,0.31,82,0.039,0.934,0.379,0.061,0.072,0.058,0.017,0.38,0.478,361,337,121,319,198
2016-17,OffScreen,22016,1610612745,HOU,Houston Rockets,Offensive,0.655,82,0.037,0.962,0.416,0.049,0.101,0.046,0.009,0.397,0.514,345,332,123,296,173
2016-17,OffScreen,22016,1610612750,MIN,Minnesota Timberwolves,Offensive,0.862,82,0.035,1.01,0.409,0.08,0.045,0.083,0.025,0.42,0.496,314,317,115,281,166
2016-17,OffScreen,22016,1610612749,MIL,Milwaukee Bucks,Offensive,0.414,82,0.038,0.942,0.425,0.067,0.076,0.067,0.015,0.422,0.484,327,308,121,285,164
2016-17,OffScreen,22016,1610612741,CHI,Chicago Bulls,Offensive,0.345,82,0.035,0.934,0.371,0.091,0.053,0.091,0.034,0.382,0.451,319,298,105,283,178
2016-17,OffScreen,22016,1610612751,BKN,Brooklyn Nets,Offensive,0,82,0.041,0.79,0.344,0.075,0.116,0.067,0.005,0.348,0.414,371,293,104,302,198
2016-17,OffScreen,22016,1610612765,DET,Detroit Pistons,Offensive,0.034,82,0.035,0.793,0.341,0.042,0.055,0.036,0,0.343,0.4,309,245,95,279,184
2016-17,OffScreen,22016,1610612760,OKC,Oklahoma City Thunder,Offensive,0.448,82,0.026,0.946,0.437,0.063,0.083,0.05,0.004,0.425,0.502,240,227,90,206,116
2016-17,OffRebound,22016,1610612756,PHX,Phoenix Suns,Offensive,0.931,82,0.066,1.167,0.584,0.119,0.039,0.103,0.024,0.591,0.587,623,727,314,538,224
2016-17,OffRebound,22016,1610612765,DET,Detroit Pistons,Offensive,0.276,82,0.071,1.044,0.54,0.137,0.062,0.131,0.039,0.528,0.541,633,661,287,531,244
2016-17,OffRebound,22016,1610612743,DEN,Denver Nuggets,Offensive,0.448,82,0.064,1.077,0.558,0.095,0.066,0.089,0.02,0.54,0.559,587,632,281,504,223
2016-17,OffRebound,22016,1610612741,CHI,Chicago Bulls,Offensive,0.483,82,0.065,1.077,0.544,0.102,0.053,0.098,0.026,0.542,0.549,581,626,274,504,230
2016-17,OffRebound,22016,1610612748,MIA,Miami Heat,Offensive,0.793,82,0.061,1.135,0.593,0.142,0.057,0.137,0.028,0.586,0.596,541,614,264,445,181
2016-17,OffRebound,22016,1610612747,LAL,Los Angeles Lakers,Offensive,0.897,82,0.057,1.156,0.605,0.106,0.071,0.104,0.023,0.583,0.611,518,599,263,435,172
2016-17,OffRebound,22016,1610612750,MIN,Minnesota Timberwolves,Offensive,0.759,82,0.059,1.133,0.571,0.131,0.062,0.127,0.037,0.568,0.573,519,588,250,438,188
2016-17,OffRebound,22016,1610612763,MEM,Memphis Grizzlies,Offensive,0.172,82,0.066,1.024,0.502,0.138,0.056,0.14,0.038,0.515,0.507,573,587,242,482,240
2016-17,OffRebound,22016,1610612760,OKC,Oklahoma City Thunder,Offensive,0,82,0.063,1.002,0.509,0.132,0.067,0.123,0.021,0.515,0.513,585,586,244,479,235
2016-17,OffRebound,22016,1610612752,NYK,New York Knicks,Offensive,0.138,82,0.063,1.021,0.514,0.095,0.058,0.098,0.025,0.511,0.516,570,582,254,494,240
2016-17,OffRebound,22016,1610612759,SAS,San Antonio Spurs,Offensive,0.966,82,0.053,1.171,0.593,0.139,0.056,0.128,0.024,0.597,0.598,461,540,226,381,155
2016-17,OffRebound,22016,1610612764,WAS,Washington Wizards,Offensive,0.655,82,0.054,1.103,0.556,0.093,0.06,0.087,0.019,0.55,0.562,484,534,233,419,186
2016-17,OffRebound,22016,1610612755,PHI,Philadelphia 76ers,Offensive,0.414,82,0.055,1.062,0.535,0.131,0.056,0.12,0.022,0.55,0.538,502,533,224,419,195
2016-17,OffRebound,22016,1610612737,ATL,Atlanta Hawks,Offensive,0.345,82,0.055,1.06,0.543,0.176,0.06,0.17,0.036,0.545,0.55,501,531,217,400,183
2016-17,OffRebound,22016,1610612761,TOR,Toronto Raptors,Offensive,0.103,82,0.056,1.012,0.514,0.121,0.067,0.115,0.022,0.517,0.516,489,495,209,407,198
2016-17,OffRebound,22016,1610612757,POR,Portland Trail Blazers,Offensive,0.241,82,0.053,1.034,0.527,0.135,0.069,0.122,0.017,0.531,0.53,475,491,203,385,182
2016-17,OffRebound,22016,1610612746,LAC,LA Clippers,Offensive,0.586,82,0.051,1.099,0.561,0.152,0.056,0.15,0.022,0.565,0.561,446,490,203,362,159
2016-17,OffRebound,22016,1610612753,ORL,Orlando Magic,Offensive,0.379,82,0.052,1.061,0.532,0.143,0.059,0.134,0.026,0.54,0.536,461,489,202,380,178
2016-17,OffRebound,22016,1610612749,MIL,Milwaukee Bucks,Offensive,0.724,82,0.05,1.131,0.563,0.134,0.045,0.129,0.04,0.57,0.566,426,482,206,366,160
2016-17,OffRebound,22016,1610612745,HOU,Houston Rockets,Offensive,0.517,82,0.047,1.08,0.549,0.133,0.064,0.124,0.034,0.547,0.555,437,472,201,366,165
2016-17,OffRebound,22016,1610612751,BKN,Brooklyn Nets,Offensive,0.862,82,0.045,1.154,0.582,0.147,0.066,0.14,0.039,0.586,0.585,408,471,196,337,141
2016-17,OffRebound,22016,1610612740,NOP,New Orleans Pelicans,Offensive,0.828,82,0.046,1.142,0.583,0.139,0.068,0.125,0.032,0.577,0.585,409,467,196,336,140
2016-17,OffRebound,22016,1610612762,UTA,Utah Jazz,Offensive,0.31,82,0.052,1.057,0.537,0.153,0.064,0.142,0.023,0.548,0.537,438,463,188,350,162
2016-17,OffRebound,22016,1610612758,SAC,Sacramento Kings,Offensive,0.207,82,0.049,1.028,0.508,0.104,0.057,0.092,0.024,0.512,0.508,422,434,185,364,179
2016-17,OffRebound,22016,1610612754,IND,Indiana Pacers,Offensive,0.552,82,0.045,1.092,0.555,0.112,0.074,0.102,0.028,0.543,0.558,392,428,183,330,147
2016-17,OffRebound,22016,1610612738,BOS,Boston Celtics,Offensive,0.621,82,0.042,1.103,0.549,0.1,0.038,0.089,0.019,0.559,0.557,370,408,179,326,147
2016-17,OffRebound,22016,1610612766,CHA,Charlotte Hornets,Offensive,1,82,0.037,1.188,0.593,0.123,0.052,0.117,0.028,0.59,0.6,324,385,163,275,112
2016-17,OffRebound,22016,1610612739,CLE,Cleveland Cavaliers,Offensive,0.034,82,0.042,1.005,0.52,0.152,0.093,0.139,0.037,0.515,0.524,375,377,153,294,141
2016-17,OffRebound,22016,1610612744,GSW,Golden State Warriors,Offensive,0.069,82,0.041,1.005,0.495,0.118,0.064,0.112,0.032,0.497,0.502,374,376,157,317,160
2016-17,OffRebound,22016,1610612742,DAL,Dallas Mavericks,Offensive,0.69,82,0.03,1.104,0.603,0.131,0.116,0.116,0.02,0.57,0.611,251,277,117,194,77
2016-17,Misc,22016,1610612737,ATL,Atlanta Hawks,Offensive,0.897,82,0.064,0.586,0.397,0.248,0.529,0.028,0.003,0.324,0.431,580,340,52,131,79
2016-17,Misc,22016,1610612738,BOS,Boston Celtics,Offensive,0.931,82,0.065,0.592,0.311,0.272,0.494,0.025,0.004,0.336,0.337,569,337,42,135,93
2016-17,Misc,22016,1610612746,LAC,LA Clippers,Offensive,0.966,82,0.062,0.612,0.333,0.335,0.46,0.02,0.004,0.363,0.39,546,334,38,114,76
2016-17,Misc,22016,1610612744,GSW,Golden State Warriors,Offensive,0.414,82,0.07,0.522,0.377,0.181,0.538,0.022,0.006,0.267,0.432,636,332,69,183,114
2016-17,Misc,22016,1610612745,HOU,Houston Rockets,Offensive,1,82,0.052,0.639,0.38,0.239,0.477,0.04,0.004,0.334,0.449,476,304,52,137,85
2016-17,Misc,22016,1610612764,WAS,Washington Wizards,Offensive,0.69,82,0.061,0.55,0.333,0.248,0.534,0.049,0.013,0.293,0.373,549,302,42,126,84
2016-17,Misc,22016,1610612758,SAC,Sacramento Kings,Offensive,0.345,82,0.067,0.516,0.371,0.212,0.54,0.027,0.01,0.285,0.411,585,302,56,151,95
2016-17,Misc,22016,1610612756,PHX,Phoenix Suns,Offensive,0.103,82,0.066,0.473,0.368,0.201,0.572,0.04,0.006,0.267,0.385,626,296,53,144,91
2016-17,Misc,22016,1610612752,NYK,New York Knicks,Offensive,0.655,82,0.059,0.544,0.431,0.211,0.561,0.043,0.017,0.284,0.465,531,289,56,130,74
2016-17,Misc,22016,1610612755,PHI,Philadelphia 76ers,Offensive,0.621,82,0.058,0.541,0.331,0.233,0.533,0.036,0.004,0.306,0.351,523,283,41,124,83
2016-17,Misc,22016,1610612747,LAL,Los Angeles Lakers,Offensive,0.379,82,0.058,0.521,0.4,0.191,0.543,0.052,0.007,0.27,0.445,534,278,58,145,87
2016-17,Misc,22016,1610612743,DEN,Denver Nuggets,Offensive,0.448,82,0.057,0.523,0.317,0.221,0.504,0.029,0.002,0.294,0.341,524,274,46,145,99
2016-17,Misc,22016,1610612751,BKN,Brooklyn Nets,Offensive,0.828,82,0.052,0.567,0.412,0.176,0.508,0.033,0.004,0.293,0.454,478,271,63,153,90
2016-17,Misc,22016,1610612741,CHI,Chicago Bulls,Offensive,0.552,82,0.056,0.531,0.422,0.204,0.549,0.034,0.008,0.287,0.457,501,266,54,128,74
2016-17,Misc,22016,1610612740,NOP,New Orleans Pelicans,Offensive,0.862,82,0.05,0.582,0.336,0.225,0.443,0.027,0.004,0.321,0.386,445,259,50,149,99
2016-17,Misc,22016,1610612763,MEM,Memphis Grizzlies,Offensive,0.172,82,0.062,0.483,0.275,0.203,0.539,0.021,0.007,0.257,0.306,536,259,39,142,103
2016-17,Misc,22016,1610612766,CHA,Charlotte Hornets,Offensive,0.793,82,0.052,0.566,0.31,0.254,0.527,0.011,0.002,0.314,0.34,452,256,31,100,69
2016-17,Misc,22016,1610612742,DAL,Dallas Mavericks,Offensive,0.483,82,0.058,0.529,0.312,0.231,0.517,0.031,0.006,0.291,0.348,484,256,39,125,86
2016-17,Misc,22016,1610612739,CLE,Cleveland Cavaliers,Offensive,0.276,82,0.057,0.506,0.331,0.217,0.518,0.032,0.004,0.279,0.346,506,256,45,136,91
2016-17,Misc,22016,1610612761,TOR,Toronto Raptors,Offensive,0.759,82,0.051,0.556,0.377,0.223,0.542,0.036,0.004,0.292,0.443,448,249,40,106,66
2016-17,Misc,22016,1610612750,MIN,Minnesota Timberwolves,Offensive,0.517,82,0.053,0.53,0.333,0.215,0.513,0.039,0.011,0.285,0.356,466,247,44,132,88
2016-17,Misc,22016,1610612760,OKC,Oklahoma City Thunder,Offensive,0.241,82,0.053,0.497,0.271,0.241,0.497,0.032,0.008,0.278,0.301,493,245,36,133,97
2016-17,Misc,22016,1610612759,SAS,San Antonio Spurs,Offensive,0.724,82,0.051,0.555,0.367,0.227,0.532,0.02,0.007,0.302,0.404,440,244,40,109,69
2016-17,Misc,22016,1610612748,MIA,Miami Heat,Offensive,0.586,82,0.05,0.535,0.406,0.213,0.497,0.031,0.009,0.303,0.421,445,238,54,133,79
2016-17,Misc,22016,1610612749,MIL,Milwaukee Bucks,Offensive,0.138,82,0.058,0.481,0.309,0.218,0.566,0.026,0.006,0.269,0.332,495,238,34,110,76
2016-17,Misc,22016,1610612753,ORL,Orlando Magic,Offensive,0.034,82,0.058,0.462,0.294,0.21,0.546,0.019,0,0.266,0.306,515,238,37,126,89
2016-17,Misc,22016,1610612757,POR,Portland Trail Blazers,Offensive,0.207,82,0.054,0.492,0.375,0.217,0.573,0.019,0.006,0.277,0.413,480,236,39,104,65
2016-17,Misc,22016,1610612762,UTA,Utah Jazz,Offensive,0.31,82,0.052,0.513,0.309,0.286,0.531,0.025,0.005,0.312,0.34,433,222,25,81,56
2016-17,Misc,22016,1610612754,IND,Indiana Pacers,Offensive,0,82,0.056,0.437,0.28,0.181,0.554,0.027,0.006,0.232,0.314,487,213,37,132,95
2016-17,Misc,22016,1610612765,DET,Detroit Pistons,Offensive,0.069,82,0.05,0.47,0.281,0.223,0.507,0.009,0.005,0.264,0.302,440,207,34,121,87
2017-18,Isolation,22017,1610612745,HOU,Houston Rockets,Offensive,1,82,0.145,1.122,0.434,0.162,0.062,0.146,0.03,0.477,0.527,1279,1435,447,1030,583
2017-18,Isolation,22017,1610612739,CLE,Cleveland Cavaliers,Offensive,0.724,82,0.101,0.911,0.424,0.091,0.078,0.08,0.026,0.421,0.467,895,815,325,767,442
2017-18,Isolation,22017,1610612760,OKC,Oklahoma City Thunder,Offensive,0.207,82,0.105,0.825,0.373,0.115,0.08,0.107,0.023,0.393,0.407,959,791,296,793,497
2017-18,Isolation,22017,1610612746,LAC,LA Clippers,Offensive,0.966,82,0.079,1.003,0.442,0.113,0.072,0.103,0.019,0.458,0.503,719,721,265,599,334
2017-18,Isolation,22017,1610612757,POR,Portland Trail Blazers,Offensive,0.759,82,0.086,0.913,0.383,0.143,0.092,0.13,0.017,0.425,0.419,762,696,228,596,368
2017-18,Isolation,22017,1610612742,DAL,Dallas Mavericks,Offensive,0.276,82,0.095,0.828,0.38,0.107,0.083,0.095,0.022,0.394,0.409,822,681,260,684,424
2017-18,Isolation,22017,1610612738,BOS,Boston Celtics,Offensive,0.862,82,0.083,0.929,0.412,0.108,0.06,0.097,0.014,0.439,0.449,732,680,255,619,364
2017-18,Isolation,22017,1610612750,MIN,Minnesota Timberwolves,Offensive,0.483,82,0.087,0.875,0.392,0.111,0.066,0.101,0.017,0.421,0.421,774,677,255,650,395
2017-18,Isolation,22017,1610612751,BKN,Brooklyn Nets,Offensive,0.655,82,0.076,0.907,0.41,0.155,0.101,0.142,0.041,0.432,0.447,690,626,222,541,319
2017-18,Isolation,22017,1610612749,MIL,Milwaukee Bucks,Offensive,0.793,82,0.075,0.917,0.425,0.126,0.094,0.118,0.035,0.433,0.45,651,597,226,532,306
2017-18,Isolation,22017,1610612764,WAS,Washington Wizards,Offensive,0.69,82,0.073,0.908,0.434,0.143,0.095,0.132,0.031,0.449,0.453,650,590,223,514,291
2017-18,Isolation,22017,1610612740,NOP,New Orleans Pelicans,Offensive,0.448,82,0.07,0.873,0.417,0.097,0.088,0.091,0.027,0.418,0.442,636,555,223,535,312
2017-18,Isolation,22017,1610612744,GSW,Golden State Warriors,Offensive,0.897,82,0.064,0.949,0.425,0.102,0.088,0.088,0.016,0.433,0.471,568,539,199,468,269
2017-18,Isolation,22017,1610612752,NYK,New York Knicks,Offensive,0.103,82,0.073,0.804,0.373,0.09,0.084,0.087,0.017,0.386,0.399,658,529,207,555,348
2017-18,Isolation,22017,1610612761,TOR,Toronto Raptors,Offensive,0.931,82,0.059,0.996,0.442,0.135,0.078,0.128,0.034,0.462,0.483,524,522,190,430,240
2017-18,Isolation,22017,1610612758,SAC,Sacramento Kings,Offensive,0.621,82,0.066,0.9,0.426,0.108,0.082,0.098,0.023,0.437,0.456,572,515,203,476,273
2017-18,Isolation,22017,1610612747,LAL,Los Angeles Lakers,Offensive,0.552,82,0.062,0.882,0.422,0.132,0.115,0.125,0.026,0.422,0.45,576,508,189,448,259
2017-18,Isolation,22017,1610612763,MEM,Memphis Grizzlies,Offensive,0.517,82,0.065,0.877,0.39,0.099,0.078,0.097,0.023,0.404,0.431,567,497,187,479,292
2017-18,Isolation,22017,1610612743,DEN,Denver Nuggets,Offensive,0.034,82,0.066,0.8,0.36,0.118,0.093,0.105,0.017,0.38,0.391,600,480,174,483,309
2017-18,Isolation,22017,1610612754,IND,Indiana Pacers,Offensive,0.379,82,0.062,0.864,0.398,0.093,0.069,0.084,0.013,0.418,0.429,550,475,186,467,281
2017-18,Isolation,22017,1610612737,ATL,Atlanta Hawks,Offensive,0.828,82,0.056,0.928,0.415,0.124,0.08,0.114,0.03,0.435,0.449,499,463,171,412,241
2017-18,Isolation,22017,1610612756,PHX,Phoenix Suns,Offensive,0.138,82,0.062,0.811,0.365,0.125,0.087,0.122,0.016,0.401,0.392,566,459,166,455,289
2017-18,Isolation,22017,1610612765,DET,Detroit Pistons,Offensive,0.31,82,0.059,0.829,0.376,0.133,0.072,0.128,0.029,0.398,0.407,525,435,162,431,269
2017-18,Isolation,22017,1610612766,CHA,Charlotte Hornets,Offensive,0.586,82,0.052,0.898,0.405,0.115,0.06,0.104,0.026,0.428,0.433,470,422,162,400,238
2017-18,Isolation,22017,1610612753,ORL,Orlando Magic,Offensive,0.414,82,0.051,0.864,0.418,0.116,0.125,0.108,0.02,0.42,0.442,455,393,148,354,206
2017-18,Isolation,22017,1610612762,UTA,Utah Jazz,Offensive,0.345,82,0.053,0.835,0.383,0.093,0.113,0.087,0.028,0.373,0.43,461,385,145,379,234
2017-18,Isolation,22017,1610612741,CHI,Chicago Bulls,Offensive,0,82,0.052,0.782,0.375,0.093,0.095,0.08,0.017,0.381,0.399,473,370,147,392,245
2017-18,Isolation,22017,1610612748,MIA,Miami Heat,Offensive,0.172,82,0.05,0.813,0.383,0.109,0.116,0.091,0.023,0.39,0.416,439,357,134,350,216
2017-18,Isolation,22017,1610612759,SAS,San Antonio Spurs,Offensive,0.241,82,0.046,0.826,0.408,0.109,0.102,0.102,0.02,0.412,0.422,403,333,133,326,193
2017-18,Isolation,22017,1610612755,PHI,Philadelphia 76ers,Offensive,0.069,82,0.039,0.801,0.428,0.094,0.124,0.08,0.019,0.412,0.433,362,290,124,290,166
2017-18,Transition,22017,1610612747,LAL,Los Angeles Lakers,Offensive,0.276,82,0.195,1.057,0.526,0.14,0.142,0.127,0.033,0.493,0.583,1815,1919,715,1360,645
2017-18,Transition,22017,1610612744,GSW,Golden State Warriors,Offensive,0.931,82,0.186,1.155,0.569,0.128,0.151,0.119,0.028,0.52,0.651,1655,1911,704,1237,533
2017-18,Transition,22017,1610612749,MIL,Milwaukee Bucks,Offensive,0.655,82,0.194,1.109,0.546,0.151,0.137,0.142,0.036,0.515,0.603,1684,1868,687,1258,571
2017-18,Transition,22017,1610612739,CLE,Cleveland Cavaliers,Offensive,0.793,82,0.175,1.131,0.531,0.158,0.13,0.144,0.034,0.51,0.608,1546,1749,611,1151,540
2017-18,Transition,22017,1610612740,NOP,New Orleans Pelicans,Offensive,0.345,82,0.174,1.072,0.533,0.105,0.138,0.096,0.025,0.492,0.595,1592,1706,662,1242,580
2017-18,Transition,22017,1610612755,PHI,Philadelphia 76ers,Offensive,0.31,82,0.172,1.065,0.505,0.099,0.134,0.086,0.019,0.47,0.591,1578,1681,626,1239,613
2017-18,Transition,22017,1610612756,PHX,Phoenix Suns,Offensive,0.103,82,0.172,1.035,0.519,0.149,0.14,0.134,0.038,0.49,0.566,1578,1634,614,1182,568
2017-18,Transition,22017,1610612760,OKC,Oklahoma City Thunder,Offensive,0.517,82,0.163,1.088,0.528,0.14,0.12,0.126,0.037,0.502,0.59,1497,1629,611,1158,547
2017-18,Transition,22017,1610612754,IND,Indiana Pacers,Offensive,0.862,82,0.161,1.138,0.558,0.12,0.126,0.11,0.028,0.524,0.621,1413,1608,616,1104,488
2017-18,Transition,22017,1610612745,HOU,Houston Rockets,Offensive,1,82,0.15,1.199,0.533,0.103,0.111,0.093,0.026,0.504,0.649,1324,1588,573,1076,503
2017-18,Transition,22017,1610612761,TOR,Toronto Raptors,Offensive,0.759,82,0.155,1.13,0.529,0.117,0.108,0.106,0.033,0.508,0.599,1383,1563,590,1115,525
2017-18,Transition,22017,1610612764,WAS,Washington Wizards,Offensive,0.897,82,0.148,1.149,0.54,0.153,0.115,0.132,0.032,0.522,0.619,1316,1512,543,1005,462
2017-18,Transition,22017,1610612753,ORL,Orlando Magic,Offensive,0.483,82,0.156,1.085,0.54,0.121,0.137,0.113,0.029,0.501,0.601,1392,1511,578,1070,492
2017-18,Transition,22017,1610612765,DET,Detroit Pistons,Offensive,0.586,82,0.155,1.1,0.532,0.101,0.124,0.09,0.023,0.497,0.607,1371,1508,581,1092,511
2017-18,Transition,22017,1610612743,DEN,Denver Nuggets,Offensive,0.621,82,0.145,1.108,0.54,0.129,0.143,0.119,0.031,0.503,0.615,1305,1446,536,992,456
2017-18,Transition,22017,1610612746,LAC,LA Clippers,Offensive,0.138,82,0.149,1.043,0.533,0.164,0.152,0.147,0.032,0.508,0.571,1350,1408,515,967,452
2017-18,Transition,22017,1610612741,CHI,Chicago Bulls,Offensive,0.241,82,0.143,1.057,0.505,0.131,0.121,0.119,0.034,0.485,0.567,1294,1368,511,1012,501
2017-18,Transition,22017,1610612762,UTA,Utah Jazz,Offensive,0.828,82,0.137,1.134,0.552,0.139,0.145,0.124,0.029,0.515,0.622,1189,1348,488,884,396
2017-18,Transition,22017,1610612758,SAC,Sacramento Kings,Offensive,0.69,82,0.138,1.11,0.537,0.117,0.114,0.111,0.034,0.51,0.6,1201,1333,517,963,446
2017-18,Transition,22017,1610612766,CHA,Charlotte Hornets,Offensive,0.966,82,0.123,1.183,0.535,0.168,0.1,0.154,0.045,0.533,0.608,1113,1317,462,864,402
2017-18,Transition,22017,1610612751,BKN,Brooklyn Nets,Offensive,0,82,0.144,1.002,0.468,0.13,0.14,0.116,0.038,0.447,0.541,1303,1305,467,998,531
2017-18,Transition,22017,1610612763,MEM,Memphis Grizzlies,Offensive,0.172,82,0.14,1.049,0.522,0.151,0.127,0.141,0.043,0.497,0.566,1218,1278,484,928,444
2017-18,Transition,22017,1610612738,BOS,Boston Celtics,Offensive,0.207,82,0.138,1.049,0.488,0.149,0.122,0.132,0.028,0.479,0.56,1212,1272,448,918,470
2017-18,Transition,22017,1610612752,NYK,New York Knicks,Offensive,0.414,82,0.13,1.08,0.522,0.103,0.121,0.093,0.032,0.489,0.58,1166,1259,491,941,450
2017-18,Transition,22017,1610612750,MIN,Minnesota Timberwolves,Offensive,0.724,82,0.125,1.12,0.541,0.14,0.117,0.125,0.031,0.522,0.587,1109,1242,464,858,394
2017-18,Transition,22017,1610612748,MIA,Miami Heat,Offensive,0.552,82,0.127,1.091,0.531,0.116,0.127,0.106,0.032,0.5,0.588,1113,1214,466,878,412
2017-18,Transition,22017,1610612737,ATL,Atlanta Hawks,Offensive,0.448,82,0.12,1.085,0.519,0.116,0.132,0.103,0.019,0.493,0.598,1068,1159,427,822,395
2017-18,Transition,22017,1610612759,SAS,San Antonio Spurs,Offensive,0.379,82,0.112,1.077,0.507,0.12,0.116,0.101,0.021,0.488,0.578,979,1054,389,768,379
2017-18,Transition,22017,1610612742,DAL,Dallas Mavericks,Offensive,0.069,82,0.108,1.034,0.487,0.104,0.126,0.093,0.019,0.466,0.572,938,970,360,739,379
2017-18,Transition,22017,1610612757,POR,Portland Trail Blazers,Offensive,0.034,82,0.105,1.018,0.503,0.118,0.13,0.099,0.027,0.479,0.548,933,950,365,726,361
2017-18,PRBallHandler,22017,1610612757,POR,Portland Trail Blazers,Offensive,0.966,82,0.216,0.955,0.436,0.094,0.118,0.078,0.017,0.427,0.495,1920,1833,675,1547,872
2017-18,PRBallHandler,22017,1610612766,CHA,Charlotte Hornets,Offensive,0.897,82,0.195,0.907,0.407,0.115,0.126,0.1,0.024,0.408,0.463,1766,1601,562,1381,819
2017-18,PRBallHandler,22017,1610612746,LAC,LA Clippers,Offensive,0.448,82,0.207,0.84,0.406,0.094,0.147,0.074,0.014,0.392,0.45,1878,1577,589,1451,862
2017-18,PRBallHandler,22017,1610612762,UTA,Utah Jazz,Offensive,0.103,82,0.219,0.78,0.396,0.08,0.179,0.063,0.014,0.363,0.434,1907,1488,570,1441,871
2017-18,PRBallHandler,22017,1610612761,TOR,Toronto Raptors,Offensive,0.793,82,0.188,0.88,0.413,0.131,0.142,0.117,0.025,0.415,0.451,1678,1477,522,1263,741
2017-18,PRBallHandler,22017,1610612737,ATL,Atlanta Hawks,Offensive,0.034,82,0.217,0.762,0.395,0.088,0.178,0.073,0.014,0.366,0.425,1939,1477,573,1449,876
2017-18,PRBallHandler,22017,1610612745,HOU,Houston Rockets,Offensive,0.931,82,0.176,0.934,0.435,0.122,0.173,0.094,0.021,0.415,0.504,1553,1451,490,1127,637
2017-18,PRBallHandler,22017,1610612750,MIN,Minnesota Timberwolves,Offensive,0.621,82,0.19,0.852,0.423,0.101,0.14,0.087,0.017,0.41,0.448,1684,1435,553,1308,755
2017-18,PRBallHandler,22017,1610612756,PHX,Phoenix Suns,Offensive,0.207,82,0.194,0.803,0.401,0.099,0.155,0.086,0.016,0.383,0.43,1781,1430,544,1356,812
2017-18,PRBallHandler,22017,1610612760,OKC,Oklahoma City Thunder,Offensive,0.69,82,0.18,0.862,0.439,0.095,0.164,0.08,0.02,0.406,0.477,1656,1428,553,1260,707
2017-18,PRBallHandler,22017,1610612754,IND,Indiana Pacers,Offensive,0.724,82,0.183,0.872,0.448,0.075,0.144,0.067,0.014,0.414,0.479,1608,1402,572,1277,705
2017-18,PRBallHandler,22017,1610612763,MEM,Memphis Grizzlies,Offensive,0.552,82,0.187,0.845,0.419,0.097,0.157,0.083,0.017,0.395,0.461,1635,1382,522,1245,723
2017-18,PRBallHandler,22017,1610612748,MIA,Miami Heat,Offensive,0.414,82,0.175,0.83,0.441,0.1,0.166,0.086,0.022,0.406,0.46,1533,1272,512,1160,648
2017-18,PRBallHandler,22017,1610612741,CHI,Chicago Bulls,Offensive,0.241,82,0.172,0.806,0.407,0.068,0.158,0.063,0.014,0.371,0.451,1554,1252,499,1225,726
2017-18,PRBallHandler,22017,1610612753,ORL,Orlando Magic,Offensive,0.345,82,0.169,0.822,0.421,0.099,0.176,0.086,0.021,0.386,0.459,1504,1236,471,1120,649
2017-18,PRBallHandler,22017,1610612742,DAL,Dallas Mavericks,Offensive,0.276,82,0.176,0.806,0.397,0.08,0.148,0.071,0.013,0.376,0.44,1522,1227,474,1195,721
2017-18,PRBallHandler,22017,1610612749,MIL,Milwaukee Bucks,Offensive,0.828,82,0.159,0.882,0.452,0.109,0.16,0.091,0.016,0.427,0.478,1378,1215,465,1029,564
2017-18,PRBallHandler,22017,1610612751,BKN,Brooklyn Nets,Offensive,0.31,82,0.166,0.807,0.395,0.092,0.174,0.076,0.015,0.371,0.443,1505,1214,445,1128,683
2017-18,PRBallHandler,22017,1610612739,CLE,Cleveland Cavaliers,Offensive,0.862,82,0.15,0.905,0.458,0.107,0.164,0.094,0.019,0.428,0.505,1323,1197,452,987,535
2017-18,PRBallHandler,22017,1610612765,DET,Detroit Pistons,Offensive,0.483,82,0.155,0.842,0.425,0.069,0.126,0.068,0.013,0.402,0.451,1377,1159,479,1126,647
2017-18,PRBallHandler,22017,1610612758,SAC,Sacramento Kings,Offensive,0.069,82,0.171,0.769,0.405,0.069,0.176,0.056,0.015,0.36,0.439,1486,1143,464,1145,681
2017-18,PRBallHandler,22017,1610612759,SAS,San Antonio Spurs,Offensive,0.172,82,0.163,0.799,0.43,0.072,0.181,0.06,0.009,0.386,0.455,1430,1142,465,1081,616
2017-18,PRBallHandler,22017,1610612738,BOS,Boston Celtics,Offensive,0.759,82,0.147,0.878,0.439,0.074,0.164,0.066,0.009,0.401,0.493,1290,1133,437,995,558
2017-18,PRBallHandler,22017,1610612752,NYK,New York Knicks,Offensive,0.138,82,0.16,0.781,0.408,0.068,0.154,0.059,0.013,0.376,0.432,1440,1125,464,1137,673
2017-18,PRBallHandler,22017,1610612764,WAS,Washington Wizards,Offensive,0.379,82,0.146,0.824,0.432,0.079,0.173,0.067,0.021,0.389,0.462,1298,1069,431,997,566
2017-18,PRBallHandler,22017,1610612743,DEN,Denver Nuggets,Offensive,0.655,82,0.131,0.856,0.421,0.089,0.152,0.08,0.028,0.388,0.465,1181,1011,390,927,537
2017-18,PRBallHandler,22017,1610612747,LAL,Los Angeles Lakers,Offensive,0,82,0.145,0.743,0.389,0.086,0.17,0.077,0.014,0.359,0.417,1349,1002,398,1022,624
2017-18,PRBallHandler,22017,1610612740,NOP,New Orleans Pelicans,Offensive,0.517,82,0.13,0.844,0.466,0.054,0.183,0.045,0.011,0.401,0.497,1183,998,426,915,489
2017-18,PRBallHandler,22017,1610612744,GSW,Golden State Warriors,Offensive,1,82,0.109,0.964,0.446,0.091,0.143,0.075,0.018,0.423,0.519,970,935,339,760,421
2017-18,PRBallHandler,22017,1610612755,PHI,Philadelphia 76ers,Offensive,0.586,82,0.108,0.852,0.457,0.078,0.145,0.071,0.014,0.415,0.476,990,843,357,781,424
2017-18,PRRollMan,22017,1610612754,IND,Indiana Pacers,Offensive,0.138,82,0.115,0.991,0.48,0.109,0.091,0.105,0.031,0.47,0.513,1016,1007,405,843,438
2017-18,PRRollMan,22017,1610612745,HOU,Houston Rockets,Offensive,0.759,82,0.083,1.115,0.546,0.149,0.068,0.148,0.048,0.534,0.583,730,814,331,606,275
2017-18,PRRollMan,22017,1610612752,NYK,New York Knicks,Offensive,0.483,82,0.082,1.081,0.531,0.091,0.092,0.088,0.024,0.509,0.571,737,797,329,620,291
2017-18,PRRollMan,22017,1610612741,CHI,Chicago Bulls,Offensive,0.31,82,0.081,1.06,0.487,0.091,0.057,0.087,0.018,0.495,0.535,733,777,310,636,326
2017-18,PRRollMan,22017,1610612751,BKN,Brooklyn Nets,Offensive,0.586,82,0.079,1.085,0.503,0.14,0.071,0.141,0.034,0.518,0.544,714,775,295,586,291
2017-18,PRRollMan,22017,1610612737,ATL,Atlanta Hawks,Offensive,0.448,82,0.077,1.08,0.522,0.099,0.08,0.089,0.028,0.51,0.562,684,739,303,580,277
2017-18,PRRollMan,22017,1610612761,TOR,Toronto Raptors,Offensive,0.793,82,0.073,1.121,0.556,0.115,0.084,0.11,0.038,0.539,0.587,655,734,305,549,244
2017-18,PRRollMan,22017,1610612760,OKC,Oklahoma City Thunder,Offensive,0.828,82,0.07,1.141,0.543,0.16,0.074,0.15,0.031,0.554,0.586,639,729,277,510,233
2017-18,PRRollMan,22017,1610612763,MEM,Memphis Grizzlies,Offensive,0.276,82,0.079,1.051,0.498,0.094,0.079,0.089,0.023,0.494,0.543,693,728,293,588,295
2017-18,PRRollMan,22017,1610612742,DAL,Dallas Mavericks,Offensive,0.862,82,0.072,1.149,0.525,0.088,0.043,0.083,0.016,0.53,0.582,624,717,290,552,262
2017-18,PRRollMan,22017,1610612750,MIN,Minnesota Timberwolves,Offensive,0.724,82,0.072,1.103,0.512,0.163,0.078,0.155,0.039,0.527,0.546,640,706,261,510,249
2017-18,PRRollMan,22017,1610612759,SAS,San Antonio Spurs,Offensive,0.621,82,0.072,1.093,0.513,0.104,0.044,0.101,0.033,0.522,0.542,634,693,287,560,273
2017-18,PRRollMan,22017,1610612757,POR,Portland Trail Blazers,Offensive,0.241,82,0.074,1.024,0.504,0.104,0.092,0.101,0.036,0.488,0.54,662,678,280,556,276
2017-18,PRRollMan,22017,1610612746,LAC,LA Clippers,Offensive,1,82,0.056,1.267,0.612,0.157,0.057,0.149,0.039,0.601,0.66,509,645,257,420,163
2017-18,PRRollMan,22017,1610612758,SAC,Sacramento Kings,Offensive,0.034,82,0.074,0.972,0.475,0.087,0.056,0.082,0.014,0.476,0.496,645,627,267,562,295
2017-18,PRRollMan,22017,1610612740,NOP,New Orleans Pelicans,Offensive,0.897,82,0.058,1.161,0.531,0.135,0.058,0.124,0.032,0.549,0.573,534,620,238,448,210
2017-18,PRRollMan,22017,1610612738,BOS,Boston Celtics,Offensive,0.379,82,0.066,1.069,0.51,0.087,0.083,0.087,0.021,0.497,0.554,578,618,251,492,241
2017-18,PRRollMan,22017,1610612743,DEN,Denver Nuggets,Offensive,0.414,82,0.062,1.072,0.521,0.081,0.099,0.079,0.023,0.486,0.582,556,596,244,468,224
2017-18,PRRollMan,22017,1610612748,MIA,Miami Heat,Offensive,0.517,82,0.062,1.082,0.527,0.13,0.086,0.123,0.037,0.515,0.57,546,591,236,448,212
2017-18,PRRollMan,22017,1610612762,UTA,Utah Jazz,Offensive,0.655,82,0.061,1.096,0.539,0.189,0.086,0.182,0.053,0.546,0.556,533,584,223,414,191
2017-18,PRRollMan,22017,1610612753,ORL,Orlando Magic,Offensive,0.172,82,0.065,0.998,0.449,0.085,0.057,0.085,0.016,0.452,0.511,578,577,226,503,277
2017-18,PRRollMan,22017,1610612764,WAS,Washington Wizards,Offensive,0.103,82,0.066,0.976,0.48,0.1,0.112,0.093,0.025,0.464,0.521,591,577,231,481,250
2017-18,PRRollMan,22017,1610612747,LAL,Los Angeles Lakers,Offensive,0.345,82,0.057,1.068,0.51,0.126,0.092,0.121,0.03,0.498,0.565,530,566,219,429,210
2017-18,PRRollMan,22017,1610612766,CHA,Charlotte Hornets,Offensive,0.207,82,0.06,1.019,0.478,0.144,0.08,0.133,0.031,0.48,0.529,540,550,208,435,227
2017-18,PRRollMan,22017,1610612739,CLE,Cleveland Cavaliers,Offensive,0.931,82,0.052,1.17,0.53,0.105,0.057,0.1,0.031,0.533,0.587,458,536,211,398,187
2017-18,PRRollMan,22017,1610612749,MIL,Milwaukee Bucks,Offensive,0.966,82,0.049,1.179,0.569,0.12,0.064,0.12,0.016,0.562,0.616,425,501,201,353,152
2017-18,PRRollMan,22017,1610612756,PHX,Phoenix Suns,Offensive,0.552,82,0.045,1.084,0.503,0.163,0.072,0.159,0.038,0.524,0.542,416,451,168,334,166
2017-18,PRRollMan,22017,1610612744,GSW,Golden State Warriors,Offensive,0.69,82,0.044,1.101,0.563,0.124,0.124,0.119,0.018,0.537,0.595,395,435,171,304,133
2017-18,PRRollMan,22017,1610612765,DET,Detroit Pistons,Offensive,0,82,0.041,0.967,0.454,0.101,0.052,0.104,0.025,0.46,0.494,365,353,144,317,173
2017-18,PRRollMan,22017,1610612755,PHI,Philadelphia 76ers,Offensive,0.069,82,0.038,0.975,0.456,0.105,0.082,0.082,0.02,0.45,0.507,353,344,134,294,160
2017-18,Postup,22017,1610612759,SAS,San Antonio Spurs,Offensive,0.862,82,0.116,0.945,0.459,0.139,0.079,0.118,0.028,0.477,0.459,1018,962,379,826,447
2017-18,Postup,22017,1610612750,MIN,Minnesota Timberwolves,Offensive,1,82,0.091,0.99,0.515,0.13,0.111,0.121,0.027,0.498,0.515,810,802,327,635,308
2017-18,Postup,22017,1610612755,PHI,Philadelphia 76ers,Offensive,0.586,82,0.096,0.896,0.478,0.182,0.176,0.161,0.027,0.463,0.478,883,791,281,588,307
2017-18,Postup,22017,1610612752,NYK,New York Knicks,Offensive,0.759,82,0.087,0.926,0.48,0.137,0.132,0.121,0.041,0.463,0.48,780,722,289,602,313
2017-18,Postup,22017,1610612766,CHA,Charlotte Hornets,Offensive,0.31,82,0.091,0.833,0.443,0.171,0.138,0.145,0.028,0.438,0.443,826,688,262,592,330
2017-18,Postup,22017,1610612743,DEN,Denver Nuggets,Offensive,0.69,82,0.08,0.912,0.462,0.17,0.123,0.138,0.031,0.472,0.462,718,655,245,530,285
2017-18,Postup,22017,1610612740,NOP,New Orleans Pelicans,Offensive,0.621,82,0.078,0.908,0.471,0.162,0.146,0.131,0.038,0.462,0.471,710,645,244,518,274
2017-18,Postup,22017,1610612747,LAL,Los Angeles Lakers,Offensive,0.483,82,0.076,0.886,0.468,0.138,0.133,0.116,0.034,0.45,0.468,709,628,253,541,288
2017-18,Postup,22017,1610612738,BOS,Boston Celtics,Offensive,0.207,82,0.084,0.823,0.424,0.132,0.122,0.107,0.03,0.423,0.424,740,609,243,573,330
2017-18,Postup,22017,1610612758,SAC,Sacramento Kings,Offensive,0.138,82,0.085,0.817,0.427,0.122,0.12,0.106,0.028,0.415,0.427,739,604,248,581,333
2017-18,Postup,22017,1610612739,CLE,Cleveland Cavaliers,Offensive,0.897,82,0.072,0.947,0.49,0.127,0.127,0.108,0.025,0.477,0.49,637,603,240,490,250
2017-18,Postup,22017,1610612742,DAL,Dallas Mavericks,Offensive,0.931,82,0.068,0.951,0.469,0.162,0.107,0.143,0.031,0.481,0.469,588,559,210,448,238
2017-18,Postup,22017,1610612760,OKC,Oklahoma City Thunder,Offensive,0.724,82,0.064,0.913,0.472,0.156,0.117,0.136,0.031,0.469,0.472,588,537,210,445,235
2017-18,Postup,22017,1610612746,LAC,LA Clippers,Offensive,0.517,82,0.062,0.889,0.468,0.17,0.146,0.146,0.043,0.45,0.468,560,498,190,406,216
2017-18,Postup,22017,1610612754,IND,Indiana Pacers,Offensive,0.655,82,0.06,0.911,0.488,0.1,0.123,0.092,0.023,0.466,0.488,530,483,207,424,217
2017-18,Postup,22017,1610612741,CHI,Chicago Bulls,Offensive,0.552,82,0.059,0.889,0.475,0.101,0.122,0.092,0.026,0.448,0.475,533,474,203,427,224
2017-18,Postup,22017,1610612744,GSW,Golden State Warriors,Offensive,0.414,82,0.061,0.867,0.476,0.119,0.157,0.107,0.019,0.446,0.476,540,468,190,399,209
2017-18,Postup,22017,1610612757,POR,Portland Trail Blazers,Offensive,0.103,82,0.065,0.792,0.43,0.106,0.149,0.09,0.014,0.411,0.43,577,457,188,437,249
2017-18,Postup,22017,1610612749,MIL,Milwaukee Bucks,Offensive,0.793,82,0.055,0.938,0.505,0.114,0.122,0.085,0.025,0.475,0.505,482,452,192,380,188
2017-18,Postup,22017,1610612763,MEM,Memphis Grizzlies,Offensive,0.034,82,0.063,0.776,0.393,0.135,0.159,0.111,0.022,0.396,0.393,548,425,157,399,242
2017-18,Postup,22017,1610612765,DET,Detroit Pistons,Offensive,0.379,82,0.055,0.855,0.439,0.135,0.127,0.115,0.02,0.442,0.439,489,418,163,371,208
2017-18,Postup,22017,1610612764,WAS,Washington Wizards,Offensive,0.448,82,0.052,0.881,0.465,0.108,0.113,0.095,0.022,0.455,0.465,462,407,172,370,198
2017-18,Postup,22017,1610612761,TOR,Toronto Raptors,Offensive,0.966,82,0.043,0.964,0.488,0.145,0.119,0.129,0.036,0.478,0.488,387,373,146,299,153
2017-18,Postup,22017,1610612753,ORL,Orlando Magic,Offensive,0.069,82,0.052,0.788,0.42,0.1,0.134,0.08,0.022,0.398,0.42,462,364,153,364,211
2017-18,Postup,22017,1610612748,MIA,Miami Heat,Offensive,0.172,82,0.046,0.821,0.431,0.143,0.16,0.125,0.034,0.418,0.431,407,334,128,297,169
2017-18,Postup,22017,1610612756,PHX,Phoenix Suns,Offensive,0.241,82,0.043,0.826,0.457,0.141,0.162,0.116,0.033,0.427,0.457,396,327,132,289,157
2017-18,Postup,22017,1610612751,BKN,Brooklyn Nets,Offensive,0.345,82,0.032,0.847,0.451,0.139,0.142,0.115,0.031,0.431,0.451,288,244,97,215,118
2017-18,Postup,22017,1610612745,HOU,Houston Rockets,Offensive,0.828,82,0.024,0.944,0.506,0.144,0.139,0.13,0.019,0.486,0.506,216,204,80,158,78
2017-18,Postup,22017,1610612762,UTA,Utah Jazz,Offensive,0.276,82,0.02,0.83,0.438,0.152,0.158,0.105,0.018,0.444,0.438,171,142,53,121,68
2017-18,Postup,22017,1610612737,ATL,Atlanta Hawks,Offensive,0,82,0.012,0.683,0.338,0.163,0.173,0.135,0.048,0.346,0.338,104,71,25,74,49
2017-18,Spotup,22017,1610612751,BKN,Brooklyn Nets,Offensive,0.931,82,0.234,1.063,0.415,0.058,0.068,0.052,0.015,0.409,0.552,2117,2251,780,1880,1100
2017-18,Spotup,22017,1610612759,SAS,San Antonio Spurs,Offensive,0.103,82,0.242,0.969,0.393,0.059,0.071,0.055,0.011,0.392,0.5,2122,2057,734,1870,1136
2017-18,Spotup,22017,1610612761,TOR,Toronto Raptors,Offensive,0.586,82,0.225,1.016,0.396,0.044,0.07,0.041,0.012,0.386,0.53,2007,2040,713,1800,1087
2017-18,Spotup,22017,1610612743,DEN,Denver Nuggets,Offensive,0.828,82,0.21,1.052,0.407,0.046,0.063,0.045,0.013,0.399,0.545,1897,1995,696,1712,1016
2017-18,Spotup,22017,1610612762,UTA,Utah Jazz,Offensive,0.724,82,0.222,1.034,0.41,0.054,0.07,0.048,0.008,0.408,0.539,1928,1994,698,1702,1004
2017-18,Spotup,22017,1610612740,NOP,New Orleans Pelicans,Offensive,0.621,82,0.211,1.024,0.404,0.045,0.059,0.043,0.013,0.399,0.529,1926,1973,707,1749,1042
2017-18,Spotup,22017,1610612741,CHI,Chicago Bulls,Offensive,0.034,82,0.224,0.961,0.378,0.053,0.065,0.049,0.014,0.372,0.499,2019,1940,683,1809,1126
2017-18,Spotup,22017,1610612753,ORL,Orlando Magic,Offensive,0.517,82,0.216,1.008,0.399,0.048,0.066,0.046,0.01,0.392,0.524,1922,1938,687,1722,1035
2017-18,Spotup,22017,1610612742,DAL,Dallas Mavericks,Offensive,0.862,82,0.21,1.052,0.403,0.031,0.046,0.025,0.005,0.399,0.54,1818,1912,681,1688,1007
2017-18,Spotup,22017,1610612738,BOS,Boston Celtics,Offensive,0.897,82,0.204,1.058,0.412,0.05,0.058,0.046,0.008,0.41,0.546,1794,1898,665,1616,951
2017-18,Spotup,22017,1610612749,MIL,Milwaukee Bucks,Offensive,0.483,82,0.215,1.004,0.4,0.054,0.059,0.05,0.013,0.4,0.512,1866,1874,670,1676,1006
2017-18,Spotup,22017,1610612755,PHI,Philadelphia 76ers,Offensive,0.379,82,0.202,1.003,0.392,0.047,0.074,0.042,0.009,0.384,0.526,1857,1863,647,1649,1002
2017-18,Spotup,22017,1610612766,CHA,Charlotte Hornets,Offensive,0.207,82,0.206,0.974,0.394,0.051,0.06,0.048,0.012,0.391,0.502,1863,1814,661,1677,1016
2017-18,Spotup,22017,1610612737,ATL,Atlanta Hawks,Offensive,0.138,82,0.208,0.972,0.381,0.045,0.079,0.04,0.01,0.371,0.513,1853,1801,625,1639,1014
2017-18,Spotup,22017,1610612748,MIA,Miami Heat,Offensive,0.345,82,0.205,1.001,0.389,0.038,0.059,0.033,0.011,0.38,0.521,1797,1798,639,1642,1003
2017-18,Spotup,22017,1610612765,DET,Detroit Pistons,Offensive,0.966,82,0.189,1.07,0.406,0.048,0.053,0.046,0.014,0.403,0.548,1674,1792,621,1530,909
2017-18,Spotup,22017,1610612745,HOU,Houston Rockets,Offensive,0.552,82,0.199,1.016,0.377,0.047,0.067,0.043,0.009,0.374,0.526,1753,1781,591,1567,976
2017-18,Spotup,22017,1610612747,LAL,Los Angeles Lakers,Offensive,0.276,82,0.192,0.994,0.385,0.053,0.062,0.05,0.01,0.387,0.514,1787,1777,615,1598,983
2017-18,Spotup,22017,1610612763,MEM,Memphis Grizzlies,Offensive,0.069,82,0.209,0.967,0.385,0.048,0.071,0.042,0.005,0.38,0.505,1822,1762,622,1614,992
2017-18,Spotup,22017,1610612764,WAS,Washington Wizards,Offensive,0.69,82,0.191,1.033,0.4,0.042,0.047,0.039,0.008,0.399,0.526,1703,1759,625,1564,939
2017-18,Spotup,22017,1610612750,MIN,Minnesota Timberwolves,Offensive,0.759,82,0.19,1.037,0.414,0.048,0.049,0.043,0.011,0.413,0.531,1686,1749,637,1539,902
2017-18,Spotup,22017,1610612739,CLE,Cleveland Cavaliers,Offensive,1,82,0.181,1.077,0.398,0.042,0.042,0.038,0.005,0.402,0.547,1601,1725,587,1474,887
2017-18,Spotup,22017,1610612760,OKC,Oklahoma City Thunder,Offensive,0.448,82,0.186,1.004,0.377,0.047,0.059,0.042,0.011,0.375,0.518,1708,1714,583,1545,962
2017-18,Spotup,22017,1610612746,LAC,LA Clippers,Offensive,0.241,82,0.187,0.987,0.39,0.06,0.063,0.054,0.012,0.392,0.509,1693,1671,586,1504,918
2017-18,Spotup,22017,1610612758,SAC,Sacramento Kings,Offensive,0.31,82,0.184,0.995,0.39,0.051,0.058,0.046,0.011,0.391,0.51,1602,1594,563,1445,882
2017-18,Spotup,22017,1610612754,IND,Indiana Pacers,Offensive,0.655,82,0.17,1.03,0.41,0.037,0.062,0.035,0.01,0.4,0.536,1495,1540,559,1362,803
2017-18,Spotup,22017,1610612752,NYK,New York Knicks,Offensive,0.172,82,0.175,0.972,0.389,0.041,0.062,0.038,0.008,0.383,0.506,1574,1530,553,1423,870
2017-18,Spotup,22017,1610612757,POR,Portland Trail Blazers,Offensive,0.414,82,0.171,1.003,0.385,0.03,0.052,0.03,0.006,0.38,0.516,1519,1524,540,1403,863
2017-18,Spotup,22017,1610612756,PHX,Phoenix Suns,Offensive,0,82,0.166,0.918,0.356,0.039,0.067,0.037,0.007,0.348,0.482,1529,1404,490,1378,888
2017-18,Spotup,22017,1610612744,GSW,Golden State Warriors,Offensive,0.793,82,0.147,1.042,0.41,0.045,0.055,0.044,0.018,0.404,0.533,1306,1361,491,1198,707
2017-18,Handoff,22017,1610612748,MIA,Miami Heat,Offensive,0.69,82,0.106,0.944,0.389,0.062,0.08,0.054,0.015,0.384,0.485,932,880,316,813,497
2017-18,Handoff,22017,1610612765,DET,Detroit Pistons,Offensive,0.172,82,0.109,0.85,0.39,0.08,0.108,0.071,0.01,0.386,0.445,968,823,310,795,485
2017-18,Handoff,22017,1610612743,DEN,Denver Nuggets,Offensive,0.793,82,0.07,0.967,0.442,0.081,0.101,0.073,0.011,0.431,0.504,633,612,232,525,293
2017-18,Handoff,22017,1610612755,PHI,Philadelphia 76ers,Offensive,0.517,82,0.07,0.909,0.422,0.059,0.119,0.052,0.014,0.397,0.487,640,582,226,535,309
2017-18,Handoff,22017,1610612737,ATL,Atlanta Hawks,Offensive,0.759,82,0.058,0.958,0.425,0.102,0.117,0.088,0.029,0.417,0.493,520,498,179,421,242
2017-18,Handoff,22017,1610612762,UTA,Utah Jazz,Offensive,0.345,82,0.063,0.87,0.42,0.055,0.139,0.051,0.006,0.389,0.482,545,474,185,441,256
2017-18,Handoff,22017,1610612741,CHI,Chicago Bulls,Offensive,0.414,82,0.059,0.884,0.376,0.078,0.114,0.072,0.013,0.369,0.456,528,467,163,434,271
2017-18,Handoff,22017,1610612738,BOS,Boston Celtics,Offensive,0.31,82,0.057,0.867,0.389,0.075,0.127,0.067,0.008,0.379,0.463,504,437,158,406,248
2017-18,Handoff,22017,1610612756,PHX,Phoenix Suns,Offensive,0.207,82,0.051,0.859,0.38,0.068,0.109,0.064,0.011,0.371,0.447,469,403,148,389,241
2017-18,Handoff,22017,1610612753,ORL,Orlando Magic,Offensive,0.069,82,0.055,0.813,0.364,0.104,0.114,0.089,0.01,0.382,0.412,492,400,142,390,248
2017-18,Handoff,22017,1610612757,POR,Portland Trail Blazers,Offensive,0.897,82,0.045,0.99,0.418,0.097,0.11,0.085,0.017,0.419,0.502,401,397,136,325,189
2017-18,Handoff,22017,1610612758,SAC,Sacramento Kings,Offensive,0.552,82,0.049,0.92,0.417,0.05,0.092,0.04,0.012,0.396,0.489,424,390,154,369,215
2017-18,Handoff,22017,1610612751,BKN,Brooklyn Nets,Offensive,0.241,82,0.048,0.86,0.362,0.085,0.117,0.071,0.03,0.352,0.445,437,376,131,362,231
2017-18,Handoff,22017,1610612754,IND,Indiana Pacers,Offensive,0.966,82,0.041,1.019,0.483,0.09,0.115,0.077,0.022,0.458,0.545,365,372,144,298,154
2017-18,Handoff,22017,1610612746,LAC,LA Clippers,Offensive,0.276,82,0.047,0.862,0.391,0.07,0.127,0.054,0.014,0.373,0.464,426,367,136,348,212
2017-18,Handoff,22017,1610612740,NOP,New Orleans Pelicans,Offensive,1,82,0.036,1.039,0.505,0.045,0.129,0.036,0.012,0.456,0.582,333,346,141,279,138
2017-18,Handoff,22017,1610612759,SAS,San Antonio Spurs,Offensive,0.586,82,0.041,0.925,0.434,0.086,0.117,0.078,0.022,0.414,0.493,360,333,128,295,167
2017-18,Handoff,22017,1610612764,WAS,Washington Wizards,Offensive,0.138,82,0.044,0.835,0.386,0.094,0.124,0.086,0.018,0.385,0.429,395,330,122,316,194
2017-18,Handoff,22017,1610612742,DAL,Dallas Mavericks,Offensive,0.448,82,0.042,0.893,0.416,0.046,0.107,0.044,0.003,0.391,0.489,366,327,129,310,181
2017-18,Handoff,22017,1610612750,MIN,Minnesota Timberwolves,Offensive,0.862,82,0.037,0.988,0.411,0.109,0.061,0.103,0.021,0.426,0.484,329,325,115,280,165
2017-18,Handoff,22017,1610612761,TOR,Toronto Raptors,Offensive,0.828,82,0.037,0.967,0.438,0.078,0.14,0.078,0.015,0.409,0.528,335,324,117,267,150
2017-18,Handoff,22017,1610612763,MEM,Memphis Grizzlies,Offensive,0.483,82,0.04,0.897,0.396,0.083,0.109,0.075,0.006,0.397,0.465,348,312,112,283,171
2017-18,Handoff,22017,1610612749,MIL,Milwaukee Bucks,Offensive,0.931,82,0.036,0.99,0.444,0.068,0.11,0.058,0.013,0.426,0.519,310,307,115,259,144
2017-18,Handoff,22017,1610612747,LAL,Los Angeles Lakers,Offensive,0.103,82,0.04,0.821,0.399,0.068,0.13,0.057,0.016,0.367,0.449,368,302,120,301,181
2017-18,Handoff,22017,1610612766,CHA,Charlotte Hornets,Offensive,0.724,82,0.035,0.946,0.425,0.098,0.082,0.095,0.022,0.429,0.477,317,300,113,266,153
2017-18,Handoff,22017,1610612752,NYK,New York Knicks,Offensive,0.655,82,0.033,0.94,0.453,0.05,0.103,0.047,0,0.423,0.51,300,282,115,254,139
2017-18,Handoff,22017,1610612745,HOU,Houston Rockets,Offensive,0.621,82,0.031,0.938,0.392,0.096,0.129,0.092,0.022,0.386,0.482,272,255,85,217,132
2017-18,Handoff,22017,1610612744,GSW,Golden State Warriors,Offensive,0.379,82,0.032,0.878,0.42,0.038,0.143,0.035,0.014,0.367,0.504,286,251,100,238,138
2017-18,Handoff,22017,1610612739,CLE,Cleveland Cavaliers,Offensive,0.034,82,0.032,0.793,0.361,0.061,0.121,0.054,0.014,0.343,0.423,280,222,84,233,149
2017-18,Handoff,22017,1610612760,OKC,Oklahoma City Thunder,Offensive,0,82,0.023,0.714,0.33,0.038,0.136,0.033,0.014,0.3,0.402,213,152,59,179,120
2017-18,Cut,22017,1610612744,GSW,Golden State Warriors,Offensive,0.931,82,0.123,1.336,0.694,0.128,0.065,0.12,0.035,0.673,0.694,1097,1466,641,923,282
2017-18,Cut,22017,1610612755,PHI,Philadelphia 76ers,Offensive,0.828,82,0.091,1.313,0.674,0.14,0.064,0.134,0.042,0.66,0.674,833,1094,470,697,227
2017-18,Cut,22017,1610612764,WAS,Washington Wizards,Offensive,0.276,82,0.089,1.218,0.629,0.141,0.075,0.137,0.036,0.611,0.629,795,968,409,650,241
2017-18,Cut,22017,1610612743,DEN,Denver Nuggets,Offensive,0.552,82,0.082,1.266,0.671,0.137,0.09,0.136,0.043,0.635,0.671,737,933,403,601,198
2017-18,Cut,22017,1610612762,UTA,Utah Jazz,Offensive,0.621,82,0.084,1.275,0.662,0.165,0.073,0.16,0.048,0.641,0.662,727,927,390,589,199
2017-18,Cut,22017,1610612740,NOP,New Orleans Pelicans,Offensive,0.897,82,0.075,1.33,0.683,0.14,0.055,0.142,0.035,0.667,0.683,685,911,392,574,182
2017-18,Cut,22017,1610612739,CLE,Cleveland Cavaliers,Offensive,1,82,0.074,1.382,0.698,0.19,0.04,0.175,0.037,0.702,0.698,657,908,369,529,160
2017-18,Cut,22017,1610612746,LAC,LA Clippers,Offensive,0.862,82,0.073,1.329,0.704,0.141,0.065,0.133,0.03,0.677,0.704,660,877,383,544,161
2017-18,Cut,22017,1610612749,MIL,Milwaukee Bucks,Offensive,0.172,82,0.083,1.203,0.615,0.155,0.065,0.145,0.032,0.611,0.615,723,870,361,587,226
2017-18,Cut,22017,1610612752,NYK,New York Knicks,Offensive,0.655,82,0.073,1.286,0.637,0.142,0.039,0.141,0.039,0.641,0.637,661,850,361,567,206
2017-18,Cut,22017,1610612750,MIN,Minnesota Timberwolves,Offensive,0.724,82,0.073,1.307,0.658,0.15,0.056,0.145,0.045,0.654,0.658,648,847,358,544,186
2017-18,Cut,22017,1610612753,ORL,Orlando Magic,Offensive,0.448,82,0.075,1.259,0.631,0.14,0.045,0.137,0.035,0.634,0.631,664,836,356,564,208
2017-18,Cut,22017,1610612756,PHX,Phoenix Suns,Offensive,0.759,82,0.068,1.308,0.66,0.201,0.042,0.199,0.051,0.668,0.66,623,815,332,503,171
2017-18,Cut,22017,1610612761,TOR,Toronto Raptors,Offensive,0.69,82,0.068,1.295,0.675,0.127,0.074,0.122,0.036,0.646,0.675,607,786,342,507,165
2017-18,Cut,22017,1610612747,LAL,Los Angeles Lakers,Offensive,0.586,82,0.066,1.274,0.66,0.147,0.06,0.139,0.042,0.648,0.66,617,786,340,515,175
2017-18,Cut,22017,1610612757,POR,Portland Trail Blazers,Offensive,0.103,82,0.074,1.188,0.617,0.138,0.076,0.14,0.04,0.596,0.617,658,782,334,541,207
2017-18,Cut,22017,1610612748,MIA,Miami Heat,Offensive,0.483,82,0.069,1.26,0.653,0.149,0.076,0.143,0.036,0.635,0.653,603,760,320,490,170
2017-18,Cut,22017,1610612758,SAC,Sacramento Kings,Offensive,0.138,82,0.073,1.199,0.621,0.104,0.06,0.104,0.035,0.605,0.621,633,759,342,551,209
2017-18,Cut,22017,1610612742,DAL,Dallas Mavericks,Offensive,0.966,82,0.063,1.359,0.697,0.187,0.059,0.179,0.044,0.693,0.697,541,735,302,433,131
2017-18,Cut,22017,1610612737,ATL,Atlanta Hawks,Offensive,0.31,82,0.066,1.247,0.658,0.131,0.078,0.124,0.039,0.629,0.658,588,733,321,488,167
2017-18,Cut,22017,1610612766,CHA,Charlotte Hornets,Offensive,0.793,82,0.062,1.309,0.673,0.195,0.055,0.191,0.054,0.662,0.673,559,732,302,449,147
2017-18,Cut,22017,1610612765,DET,Detroit Pistons,Offensive,0.345,82,0.065,1.248,0.627,0.142,0.042,0.141,0.026,0.635,0.627,576,719,303,483,180
2017-18,Cut,22017,1610612763,MEM,Memphis Grizzlies,Offensive,0.034,82,0.068,1.17,0.593,0.139,0.071,0.134,0.044,0.585,0.593,595,696,294,496,202
2017-18,Cut,22017,1610612751,BKN,Brooklyn Nets,Offensive,0.069,82,0.065,1.182,0.613,0.155,0.077,0.146,0.039,0.605,0.613,588,695,291,475,184
2017-18,Cut,22017,1610612759,SAS,San Antonio Spurs,Offensive,0.414,82,0.063,1.253,0.646,0.149,0.056,0.14,0.038,0.638,0.646,549,688,295,457,162
2017-18,Cut,22017,1610612741,CHI,Chicago Bulls,Offensive,0.379,82,0.059,1.253,0.628,0.172,0.06,0.17,0.045,0.628,0.628,530,664,270,430,160
2017-18,Cut,22017,1610612738,BOS,Boston Celtics,Offensive,0.241,82,0.06,1.217,0.599,0.143,0.036,0.145,0.042,0.611,0.599,530,645,273,456,183
2017-18,Cut,22017,1610612760,OKC,Oklahoma City Thunder,Offensive,0.517,82,0.055,1.264,0.659,0.148,0.059,0.142,0.036,0.643,0.659,507,641,276,419,143
2017-18,Cut,22017,1610612754,IND,Indiana Pacers,Offensive,0,82,0.06,1.164,0.59,0.155,0.066,0.149,0.026,0.591,0.59,530,617,252,427,175
2017-18,Cut,22017,1610612745,HOU,Houston Rockets,Offensive,0.207,82,0.054,1.205,0.646,0.151,0.079,0.146,0.04,0.621,0.646,478,576,250,387,137
2017-18,OffScreen,22017,1610612744,GSW,Golden State Warriors,Offensive,1,82,0.119,1.131,0.467,0.062,0.055,0.055,0.014,0.465,0.57,1057,1195,443,948,505
2017-18,OffScreen,22017,1610612737,ATL,Atlanta Hawks,Offensive,0.517,82,0.083,1.001,0.405,0.092,0.083,0.083,0.019,0.411,0.506,738,739,252,622,370
2017-18,OffScreen,22017,1610612764,WAS,Washington Wizards,Offensive,0.793,82,0.079,1.04,0.435,0.081,0.061,0.078,0.018,0.443,0.518,707,735,269,619,350
2017-18,OffScreen,22017,1610612756,PHX,Phoenix Suns,Offensive,0.379,82,0.078,0.975,0.4,0.055,0.054,0.05,0.008,0.406,0.491,721,703,259,648,389
2017-18,OffScreen,22017,1610612742,DAL,Dallas Mavericks,Offensive,0.448,82,0.076,0.982,0.397,0.061,0.072,0.056,0.015,0.394,0.498,657,645,230,580,350
2017-18,OffScreen,22017,1610612766,CHA,Charlotte Hornets,Offensive,0.345,82,0.066,0.961,0.384,0.091,0.055,0.084,0.027,0.402,0.464,595,572,201,523,322
2017-18,OffScreen,22017,1610612751,BKN,Brooklyn Nets,Offensive,0.586,82,0.061,1.007,0.384,0.077,0.075,0.075,0.02,0.39,0.501,549,553,183,477,294
2017-18,OffScreen,22017,1610612738,BOS,Boston Celtics,Offensive,0.897,82,0.058,1.085,0.438,0.063,0.063,0.053,0.016,0.433,0.556,506,549,197,450,253
2017-18,OffScreen,22017,1610612739,CLE,Cleveland Cavaliers,Offensive,0.966,82,0.056,1.097,0.436,0.046,0.063,0.04,0.016,0.423,0.563,496,544,196,450,254
2017-18,OffScreen,22017,1610612752,NYK,New York Knicks,Offensive,0.414,82,0.062,0.98,0.434,0.077,0.063,0.074,0.013,0.441,0.495,555,544,210,484,274
2017-18,OffScreen,22017,1610612755,PHI,Philadelphia 76ers,Offensive,0.483,82,0.058,0.996,0.413,0.071,0.101,0.062,0.021,0.399,0.518,534,532,187,453,266
2017-18,OffScreen,22017,1610612740,NOP,New Orleans Pelicans,Offensive,0.069,82,0.064,0.885,0.394,0.067,0.09,0.059,0.012,0.389,0.458,581,514,196,497,301
2017-18,OffScreen,22017,1610612757,POR,Portland Trail Blazers,Offensive,0.724,82,0.055,1.035,0.425,0.051,0.045,0.049,0.002,0.434,0.522,486,503,187,440,253
2017-18,OffScreen,22017,1610612753,ORL,Orlando Magic,Offensive,0.172,82,0.062,0.907,0.386,0.071,0.065,0.058,0.016,0.394,0.457,551,500,187,485,298
2017-18,OffScreen,22017,1610612761,TOR,Toronto Raptors,Offensive,0.862,82,0.052,1.074,0.423,0.076,0.061,0.071,0.017,0.431,0.542,462,496,172,407,235
2017-18,OffScreen,22017,1610612748,MIA,Miami Heat,Offensive,0.655,82,0.052,1.02,0.426,0.046,0.081,0.037,0.011,0.407,0.545,457,466,172,404,232
2017-18,OffScreen,22017,1610612762,UTA,Utah Jazz,Offensive,0.69,82,0.051,1.02,0.406,0.059,0.077,0.052,0.011,0.403,0.531,442,451,157,387,230
2017-18,OffScreen,22017,1610612747,LAL,Los Angeles Lakers,Offensive,0.207,82,0.05,0.91,0.379,0.034,0.069,0.03,0.002,0.369,0.476,466,424,159,419,260
2017-18,OffScreen,22017,1610612765,DET,Detroit Pistons,Offensive,0.276,82,0.05,0.941,0.381,0.047,0.056,0.036,0.005,0.386,0.48,443,417,152,399,247
2017-18,OffScreen,22017,1610612760,OKC,Oklahoma City Thunder,Offensive,0.931,82,0.04,1.092,0.421,0.079,0.052,0.073,0.003,0.443,0.542,368,402,135,321,186
2017-18,OffScreen,22017,1610612745,HOU,Houston Rockets,Offensive,0.621,82,0.045,1.015,0.386,0.092,0.066,0.087,0.015,0.407,0.51,393,399,130,337,207
2017-18,OffScreen,22017,1610612754,IND,Indiana Pacers,Offensive,0.241,82,0.047,0.937,0.406,0.068,0.07,0.068,0.01,0.412,0.474,413,387,146,360,214
2017-18,OffScreen,22017,1610612743,DEN,Denver Nuggets,Offensive,0.828,82,0.04,1.072,0.458,0.07,0.089,0.064,0.019,0.44,0.562,359,385,141,308,167
2017-18,OffScreen,22017,1610612758,SAC,Sacramento Kings,Offensive,0,82,0.049,0.855,0.365,0.019,0.068,0.016,0.005,0.347,0.449,429,367,144,394,250
2017-18,OffScreen,22017,1610612741,CHI,Chicago Bulls,Offensive,0.103,82,0.042,0.893,0.347,0.052,0.039,0.055,0.016,0.356,0.435,382,341,122,352,230
2017-18,OffScreen,22017,1610612763,MEM,Memphis Grizzlies,Offensive,0.31,82,0.036,0.955,0.414,0.07,0.092,0.057,0.01,0.411,0.5,314,300,110,266,156
2017-18,OffScreen,22017,1610612749,MIL,Milwaukee Bucks,Offensive,0.034,82,0.036,0.861,0.389,0.065,0.094,0.055,0.016,0.382,0.445,309,266,103,265,162
2017-18,OffScreen,22017,1610612759,SAS,San Antonio Spurs,Offensive,0.138,82,0.033,0.905,0.348,0.084,0.056,0.077,0.018,0.372,0.434,285,258,87,250,163
2017-18,OffScreen,22017,1610612746,LAC,LA Clippers,Offensive,0.552,82,0.025,1.004,0.418,0.074,0.074,0.061,0.004,0.426,0.515,230,231,82,196,114
2017-18,OffScreen,22017,1610612750,MIN,Minnesota Timberwolves,Offensive,0.759,82,0.019,1.036,0.415,0.119,0.042,0.113,0.006,0.446,0.507,168,174,59,142,83
2017-18,OffRebound,22017,1610612747,LAL,Los Angeles Lakers,Offensive,0.862,82,0.057,1.182,0.594,0.12,0.049,0.114,0.034,0.589,0.596,533,630,272,458,186
2017-18,OffRebound,22017,1610612752,NYK,New York Knicks,Offensive,0.621,82,0.062,1.112,0.562,0.109,0.062,0.101,0.023,0.56,0.563,562,625,269,479,210
2017-18,OffRebound,22017,1610612759,SAS,San Antonio Spurs,Offensive,0.966,82,0.057,1.224,0.605,0.134,0.042,0.126,0.036,0.617,0.606,501,613,260,430,170
2017-18,OffRebound,22017,1610612750,MIN,Minnesota Timberwolves,Offensive,0.931,82,0.057,1.214,0.61,0.143,0.048,0.127,0.024,0.616,0.612,505,613,257,421,164
2017-18,OffRebound,22017,1610612756,PHX,Phoenix Suns,Offensive,0.31,82,0.06,1.077,0.551,0.12,0.056,0.111,0.024,0.548,0.551,549,591,256,465,209
2017-18,OffRebound,22017,1610612746,LAC,LA Clippers,Offensive,0.759,82,0.057,1.132,0.578,0.129,0.046,0.119,0.021,0.58,0.582,521,590,255,441,186
2017-18,OffRebound,22017,1610612765,DET,Detroit Pistons,Offensive,0.414,82,0.06,1.084,0.548,0.15,0.054,0.141,0.03,0.555,0.549,533,578,241,440,199
2017-18,OffRebound,22017,1610612757,POR,Portland Trail Blazers,Offensive,0.586,82,0.056,1.111,0.576,0.121,0.062,0.117,0.032,0.565,0.579,497,552,243,422,179
2017-18,OffRebound,22017,1610612766,CHA,Charlotte Hornets,Offensive,0.793,82,0.053,1.142,0.573,0.188,0.038,0.169,0.031,0.595,0.573,479,547,221,386,165
2017-18,OffRebound,22017,1610612743,DEN,Denver Nuggets,Offensive,0.448,82,0.055,1.092,0.549,0.176,0.082,0.164,0.028,0.553,0.556,499,545,211,384,173
2017-18,OffRebound,22017,1610612760,OKC,Oklahoma City Thunder,Offensive,0,82,0.06,0.987,0.515,0.115,0.071,0.097,0.024,0.506,0.516,547,540,236,458,222
2017-18,OffRebound,22017,1610612761,TOR,Toronto Raptors,Offensive,0.828,82,0.051,1.168,0.595,0.111,0.06,0.106,0.033,0.582,0.601,452,528,232,390,158
2017-18,OffRebound,22017,1610612755,PHI,Philadelphia 76ers,Offensive,0.655,82,0.051,1.112,0.563,0.121,0.066,0.117,0.015,0.561,0.568,472,525,219,389,170
2017-18,OffRebound,22017,1610612740,NOP,New Orleans Pelicans,Offensive,1,82,0.044,1.236,0.611,0.161,0.042,0.161,0.047,0.618,0.614,403,498,207,339,132
2017-18,OffRebound,22017,1610612763,MEM,Memphis Grizzlies,Offensive,0.552,82,0.051,1.102,0.556,0.125,0.07,0.111,0.02,0.56,0.559,441,486,202,363,161
2017-18,OffRebound,22017,1610612758,SAC,Sacramento Kings,Offensive,0.138,82,0.053,1.045,0.547,0.082,0.076,0.078,0.028,0.524,0.551,462,483,220,402,182
2017-18,OffRebound,22017,1610612764,WAS,Washington Wizards,Offensive,0.69,82,0.047,1.118,0.567,0.107,0.055,0.1,0.024,0.566,0.573,422,472,206,363,157
2017-18,OffRebound,22017,1610612754,IND,Indiana Pacers,Offensive,0.276,82,0.049,1.074,0.545,0.081,0.058,0.079,0.021,0.54,0.546,433,465,208,382,174
2017-18,OffRebound,22017,1610612741,CHI,Chicago Bulls,Offensive,0.034,82,0.051,0.994,0.504,0.104,0.082,0.095,0.032,0.498,0.504,462,459,197,391,194
2017-18,OffRebound,22017,1610612748,MIA,Miami Heat,Offensive,0.517,82,0.047,1.101,0.56,0.125,0.067,0.116,0.036,0.557,0.56,415,457,196,350,154
2017-18,OffRebound,22017,1610612737,ATL,Atlanta Hawks,Offensive,0.345,82,0.047,1.077,0.544,0.103,0.07,0.091,0.024,0.537,0.546,417,449,193,355,162
2017-18,OffRebound,22017,1610612762,UTA,Utah Jazz,Offensive,0.897,82,0.042,1.201,0.618,0.144,0.057,0.133,0.033,0.622,0.619,368,442,189,306,117
2017-18,OffRebound,22017,1610612753,ORL,Orlando Magic,Offensive,0.241,82,0.046,1.073,0.556,0.144,0.078,0.139,0.024,0.547,0.558,411,441,183,329,146
2017-18,OffRebound,22017,1610612751,BKN,Brooklyn Nets,Offensive,0.379,82,0.045,1.081,0.548,0.125,0.081,0.118,0.022,0.541,0.556,407,440,182,332,150
2017-18,OffRebound,22017,1610612749,MIL,Milwaukee Bucks,Offensive,0.483,82,0.045,1.095,0.569,0.116,0.064,0.111,0.023,0.559,0.569,388,425,186,327,141
2017-18,OffRebound,22017,1610612739,CLE,Cleveland Cavaliers,Offensive,0.207,82,0.044,1.066,0.533,0.1,0.056,0.092,0.02,0.527,0.541,391,417,180,338,158
2017-18,OffRebound,22017,1610612738,BOS,Boston Celtics,Offensive,0.172,82,0.044,1.047,0.533,0.148,0.085,0.132,0.021,0.531,0.539,386,404,162,304,142
2017-18,OffRebound,22017,1610612744,GSW,Golden State Warriors,Offensive,0.069,82,0.041,1.016,0.509,0.079,0.054,0.071,0.011,0.51,0.512,367,373,164,322,158
2017-18,OffRebound,22017,1610612745,HOU,Houston Rockets,Offensive,0.103,82,0.039,1.041,0.555,0.142,0.099,0.125,0.032,0.529,0.561,344,358,151,272,121
2017-18,OffRebound,22017,1610612742,DAL,Dallas Mavericks,Offensive,0.724,82,0.037,1.12,0.564,0.129,0.069,0.11,0.038,0.552,0.568,317,355,150,266,116
2017-18,Misc,22017,1610612755,PHI,Philadelphia 76ers,Offensive,0.655,82,0.075,0.558,0.415,0.234,0.522,0.02,0.003,0.316,0.456,692,386,71,171,100
2017-18,Misc,22017,1610612750,MIN,Minnesota Timberwolves,Offensive,1,82,0.059,0.678,0.447,0.233,0.458,0.042,0.013,0.352,0.482,528,358,76,170,94
2017-18,Misc,22017,1610612740,NOP,New Orleans Pelicans,Offensive,0.966,82,0.06,0.597,0.437,0.224,0.523,0.026,0.005,0.319,0.482,549,328,62,142,80
2017-18,Misc,22017,1610612744,GSW,Golden State Warriors,Offensive,0.31,82,0.074,0.471,0.355,0.163,0.582,0.03,0.006,0.24,0.401,658,310,61,172,111
2017-18,Misc,22017,1610612748,MIA,Miami Heat,Offensive,0.828,82,0.061,0.57,0.406,0.207,0.502,0.03,0.006,0.311,0.441,540,308,65,160,95
2017-18,Misc,22017,1610612743,DEN,Denver Nuggets,Offensive,0.621,82,0.06,0.556,0.379,0.211,0.516,0.024,0.007,0.292,0.425,545,303,58,153,95
2017-18,Misc,22017,1610612746,LAC,LA Clippers,Offensive,0.897,82,0.057,0.583,0.369,0.266,0.499,0.033,0.002,0.334,0.41,515,300,45,122,77
2017-18,Misc,22017,1610612739,CLE,Cleveland Cavaliers,Offensive,0.552,82,0.062,0.533,0.395,0.233,0.559,0.035,0.011,0.293,0.433,546,291,47,119,72
2017-18,Misc,22017,1610612741,CHI,Chicago Bulls,Offensive,0.724,82,0.057,0.561,0.397,0.182,0.52,0.033,0.008,0.284,0.458,510,286,62,156,94
2017-18,Misc,22017,1610612737,ATL,Atlanta Hawks,Offensive,0.586,82,0.058,0.541,0.371,0.205,0.531,0.029,0.006,0.288,0.411,518,280,52,140,88
2017-18,Misc,22017,1610612749,MIL,Milwaukee Bucks,Offensive,0.931,82,0.055,0.583,0.349,0.237,0.503,0.044,0.004,0.308,0.397,477,278,44,126,82
2017-18,Misc,22017,1610612745,HOU,Houston Rockets,Offensive,0.759,82,0.055,0.563,0.333,0.228,0.522,0.027,0.002,0.294,0.402,487,274,41,123,82
2017-18,Misc,22017,1610612766,CHA,Charlotte Hornets,Offensive,0.483,82,0.058,0.505,0.308,0.251,0.524,0.031,0.006,0.284,0.325,521,263,37,120,83
2017-18,Misc,22017,1610612764,WAS,Washington Wizards,Offensive,0.138,82,0.064,0.457,0.349,0.188,0.586,0.026,0,0.255,0.38,573,262,45,129,84
2017-18,Misc,22017,1610612765,DET,Detroit Pistons,Offensive,0.345,82,0.061,0.475,0.367,0.191,0.577,0.033,0.006,0.26,0.406,539,256,47,128,81
2017-18,Misc,22017,1610612761,TOR,Toronto Raptors,Offensive,0.793,82,0.05,0.569,0.378,0.225,0.499,0.029,0.011,0.301,0.429,445,253,48,127,79
2017-18,Misc,22017,1610612747,LAL,Los Angeles Lakers,Offensive,0.172,82,0.059,0.459,0.356,0.189,0.55,0.024,0.009,0.252,0.386,551,253,53,149,96
2017-18,Misc,22017,1610612762,UTA,Utah Jazz,Offensive,0.862,82,0.05,0.581,0.331,0.264,0.468,0.023,0.005,0.319,0.36,432,251,39,118,79
2017-18,Misc,22017,1610612754,IND,Indiana Pacers,Offensive,0.69,82,0.051,0.558,0.368,0.219,0.509,0.027,0.007,0.304,0.396,448,250,46,125,79
2017-18,Misc,22017,1610612752,NYK,New York Knicks,Offensive,0.069,82,0.063,0.438,0.328,0.188,0.601,0.023,0.004,0.243,0.352,569,249,40,122,82
2017-18,Misc,22017,1610612756,PHX,Phoenix Suns,Offensive,0.034,82,0.062,0.428,0.307,0.192,0.593,0.021,0.007,0.241,0.323,573,245,39,127,88
2017-18,Misc,22017,1610612738,BOS,Boston Celtics,Offensive,0.241,82,0.059,0.466,0.367,0.172,0.569,0.015,0.008,0.251,0.388,522,243,51,139,88
2017-18,Misc,22017,1610612759,SAS,San Antonio Spurs,Offensive,0.448,82,0.055,0.492,0.333,0.21,0.535,0.015,0,0.276,0.366,482,237,41,123,82
2017-18,Misc,22017,1610612758,SAC,Sacramento Kings,Offensive,0.103,82,0.06,0.455,0.327,0.148,0.547,0.021,0.006,0.24,0.367,521,237,53,162,109
2017-18,Misc,22017,1610612757,POR,Portland Trail Blazers,Offensive,0.414,82,0.054,0.49,0.37,0.192,0.56,0.025,0.002,0.271,0.391,480,235,44,119,75
2017-18,Misc,22017,1610612760,OKC,Oklahoma City Thunder,Offensive,0.276,82,0.054,0.468,0.27,0.247,0.502,0.026,0.004,0.275,0.286,494,231,34,126,92
2017-18,Misc,22017,1610612753,ORL,Orlando Magic,Offensive,0.379,82,0.053,0.481,0.344,0.178,0.566,0.028,0.008,0.258,0.372,472,227,43,125,82
2017-18,Misc,22017,1610612751,BKN,Brooklyn Nets,Offensive,0.517,82,0.049,0.51,0.376,0.203,0.555,0.032,0.007,0.282,0.417,443,226,41,109,68
2017-18,Misc,22017,1610612763,MEM,Memphis Grizzlies,Offensive,0,82,0.062,0.411,0.238,0.185,0.585,0.024,0.002,0.229,0.262,542,223,30,126,96
2017-18,Misc,22017,1610612742,DAL,Dallas Mavericks,Offensive,0.207,82,0.053,0.465,0.293,0.189,0.522,0.024,0.002,0.268,0.331,456,212,39,133,94
2018-19,Isolation,22018,1610612745,HOU,Houston Rockets,Offensive,1,82,0.204,1.057,0.398,0.135,0.071,0.128,0.028,0.43,0.501,1840,1944,602,1511,909
2018-19,Isolation,22018,1610612749,MIL,Milwaukee Bucks,Offensive,0.931,82,0.084,0.975,0.452,0.112,0.098,0.105,0.025,0.452,0.501,787,767,290,641,351
2018-19,Isolation,22018,1610612751,BKN,Brooklyn Nets,Offensive,0.897,82,0.081,0.962,0.42,0.131,0.078,0.122,0.032,0.443,0.469,761,732,263,626,363
2018-19,Isolation,22018,1610612760,OKC,Oklahoma City Thunder,Offensive,0.31,81,0.089,0.833,0.365,0.111,0.074,0.102,0.02,0.393,0.406,854,711,260,712,452
2018-19,Isolation,22018,1610612747,LAL,Los Angeles Lakers,Offensive,0.724,82,0.081,0.906,0.422,0.119,0.082,0.105,0.026,0.427,0.461,770,698,268,635,367
2018-19,Isolation,22018,1610612761,TOR,Toronto Raptors,Offensive,0.828,82,0.069,0.938,0.428,0.117,0.073,0.108,0.032,0.441,0.452,630,591,227,530,303
2018-19,Isolation,22018,1610612759,SAS,San Antonio Spurs,Offensive,0.862,82,0.068,0.951,0.466,0.156,0.094,0.138,0.041,0.481,0.472,609,579,224,481,257
2018-19,Isolation,22018,1610612739,CLE,Cleveland Cavaliers,Offensive,0.172,82,0.081,0.802,0.362,0.092,0.079,0.082,0.017,0.379,0.392,721,578,221,610,389
2018-19,Isolation,22018,1610612744,GSW,Golden State Warriors,Offensive,0.966,82,0.064,0.978,0.44,0.113,0.073,0.087,0.024,0.451,0.479,586,573,216,491,275
2018-19,Isolation,22018,1610612757,POR,Portland Trail Blazers,Offensive,0.69,82,0.068,0.904,0.383,0.114,0.063,0.091,0.021,0.416,0.422,634,573,205,535,330
2018-19,Isolation,22018,1610612740,NOP,New Orleans Pelicans,Offensive,0.483,82,0.069,0.861,0.409,0.108,0.091,0.102,0.029,0.412,0.432,660,568,224,548,324
2018-19,Isolation,22018,1610612746,LAC,LA Clippers,Offensive,0.793,82,0.064,0.933,0.4,0.146,0.069,0.13,0.024,0.446,0.43,594,554,192,480,288
2018-19,Isolation,22018,1610612758,SAC,Sacramento Kings,Offensive,0.241,82,0.069,0.831,0.379,0.123,0.084,0.111,0.03,0.394,0.409,657,546,205,541,336
2018-19,Isolation,22018,1610612741,CHI,Chicago Bulls,Offensive,0.207,82,0.073,0.815,0.379,0.112,0.105,0.1,0.024,0.391,0.406,658,536,201,531,330
2018-19,Isolation,22018,1610612764,WAS,Washington Wizards,Offensive,0.345,82,0.068,0.835,0.411,0.116,0.129,0.108,0.024,0.407,0.438,637,532,204,496,292
2018-19,Isolation,22018,1610612750,MIN,Minnesota Timberwolves,Offensive,0.379,82,0.067,0.841,0.382,0.122,0.087,0.114,0.025,0.401,0.408,629,529,196,513,317
2018-19,Isolation,22018,1610612766,CHA,Charlotte Hornets,Offensive,0.759,82,0.062,0.912,0.392,0.129,0.065,0.121,0.033,0.415,0.437,568,518,187,477,290
2018-19,Isolation,22018,1610612738,BOS,Boston Celtics,Offensive,0.069,82,0.07,0.792,0.378,0.074,0.1,0.063,0.016,0.372,0.407,639,506,203,537,334
2018-19,Isolation,22018,1610612742,DAL,Dallas Mavericks,Offensive,0.414,82,0.061,0.851,0.371,0.116,0.095,0.1,0.009,0.387,0.434,558,475,165,445,280
2018-19,Isolation,22018,1610612756,PHX,Phoenix Suns,Offensive,0.586,82,0.058,0.873,0.374,0.147,0.084,0.123,0.019,0.418,0.412,536,468,158,422,264
2018-19,Isolation,22018,1610612765,DET,Detroit Pistons,Offensive,0.552,82,0.059,0.868,0.36,0.11,0.073,0.099,0.02,0.387,0.421,537,466,162,450,288
2018-19,Isolation,22018,1610612763,MEM,Memphis Grizzlies,Offensive,0.517,82,0.058,0.864,0.391,0.124,0.096,0.102,0.033,0.405,0.425,509,440,162,414,252
2018-19,Isolation,22018,1610612752,NYK,New York Knicks,Offensive,0,82,0.056,0.759,0.339,0.118,0.093,0.104,0.019,0.361,0.371,518,393,142,419,277
2018-19,Isolation,22018,1610612754,IND,Indiana Pacers,Offensive,0.103,82,0.052,0.794,0.349,0.106,0.079,0.094,0.011,0.379,0.388,470,373,135,387,252
2018-19,Isolation,22018,1610612755,PHI,Philadelphia 76ers,Offensive,0.621,82,0.043,0.882,0.411,0.148,0.089,0.138,0.027,0.438,0.439,406,358,132,321,189
2018-19,Isolation,22018,1610612743,DEN,Denver Nuggets,Offensive,0.138,82,0.048,0.801,0.351,0.105,0.078,0.092,0.025,0.371,0.394,437,350,129,368,239
2018-19,Isolation,22018,1610612753,ORL,Orlando Magic,Offensive,0.655,82,0.042,0.9,0.418,0.11,0.102,0.087,0.029,0.42,0.455,381,343,130,311,181
2018-19,Isolation,22018,1610612748,MIA,Miami Heat,Offensive,0.034,82,0.046,0.775,0.343,0.084,0.079,0.072,0.01,0.357,0.39,417,323,121,353,232
2018-19,Isolation,22018,1610612737,ATL,Atlanta Hawks,Offensive,0.448,81,0.037,0.852,0.371,0.14,0.118,0.104,0.02,0.395,0.415,357,304,101,272,171
2018-19,Isolation,22018,1610612762,UTA,Utah Jazz,Offensive,0.276,82,0.032,0.831,0.349,0.108,0.105,0.091,0.007,0.375,0.406,296,246,82,235,153
2018-19,Transition,22018,1610612758,SAC,Sacramento Kings,Offensive,0.759,82,0.21,1.127,0.527,0.124,0.103,0.108,0.025,0.513,0.602,1997,2250,839,1592,753
2018-19,Transition,22018,1610612749,MIL,Milwaukee Bucks,Offensive,0.69,82,0.215,1.12,0.526,0.144,0.121,0.133,0.035,0.506,0.603,2008,2249,813,1545,732
2018-19,Transition,22018,1610612761,TOR,Toronto Raptors,Offensive,1,82,0.202,1.192,0.549,0.13,0.114,0.117,0.033,0.525,0.642,1846,2200,798,1454,656
2018-19,Transition,22018,1610612747,LAL,Los Angeles Lakers,Offensive,0.379,82,0.196,1.083,0.548,0.144,0.14,0.134,0.04,0.507,0.603,1851,2005,764,1395,631
2018-19,Transition,22018,1610612760,OKC,Oklahoma City Thunder,Offensive,0.069,81,0.197,1.047,0.514,0.122,0.129,0.111,0.026,0.485,0.577,1888,1976,751,1462,711
2018-19,Transition,22018,1610612744,GSW,Golden State Warriors,Offensive,0.966,82,0.184,1.158,0.572,0.13,0.147,0.118,0.031,0.527,0.644,1686,1952,727,1271,544
2018-19,Transition,22018,1610612764,WAS,Washington Wizards,Offensive,0.897,82,0.182,1.141,0.539,0.155,0.123,0.141,0.04,0.52,0.61,1693,1932,694,1288,594
2018-19,Transition,22018,1610612755,PHI,Philadelphia 76ers,Offensive,0.276,82,0.174,1.07,0.515,0.108,0.131,0.093,0.024,0.479,0.593,1640,1755,662,1286,624
2018-19,Transition,22018,1610612740,NOP,New Orleans Pelicans,Offensive,0.034,82,0.179,1.022,0.51,0.118,0.155,0.107,0.037,0.464,0.566,1715,1753,668,1309,641
2018-19,Transition,22018,1610612738,BOS,Boston Celtics,Offensive,0.724,82,0.17,1.123,0.537,0.114,0.12,0.104,0.026,0.509,0.607,1555,1746,660,1230,570
2018-19,Transition,22018,1610612737,ATL,Atlanta Hawks,Offensive,0.103,81,0.173,1.052,0.496,0.119,0.128,0.109,0.024,0.475,0.575,1658,1745,638,1285,647
2018-19,Transition,22018,1610612756,PHX,Phoenix Suns,Offensive,0.517,82,0.167,1.091,0.533,0.127,0.13,0.118,0.028,0.505,0.594,1531,1670,629,1181,552
2018-19,Transition,22018,1610612745,HOU,Houston Rockets,Offensive,0.931,82,0.154,1.152,0.522,0.128,0.124,0.114,0.023,0.501,0.624,1390,1601,559,1071,512
2018-19,Transition,22018,1610612750,MIN,Minnesota Timberwolves,Offensive,0.828,82,0.143,1.13,0.534,0.14,0.109,0.124,0.029,0.521,0.597,1345,1520,561,1050,489
2018-19,Transition,22018,1610612754,IND,Indiana Pacers,Offensive,0.655,82,0.149,1.113,0.53,0.129,0.111,0.117,0.027,0.512,0.594,1337,1488,557,1051,494
2018-19,Transition,22018,1610612743,DEN,Denver Nuggets,Offensive,0.621,82,0.143,1.099,0.53,0.111,0.138,0.097,0.027,0.494,0.609,1313,1443,541,1020,479
2018-19,Transition,22018,1610612766,CHA,Charlotte Hornets,Offensive,0.552,82,0.144,1.095,0.505,0.136,0.108,0.126,0.031,0.499,0.57,1312,1436,521,1032,511
2018-19,Transition,22018,1610612752,NYK,New York Knicks,Offensive,0.138,82,0.146,1.057,0.498,0.155,0.115,0.14,0.03,0.493,0.561,1342,1419,506,1017,511
2018-19,Transition,22018,1610612765,DET,Detroit Pistons,Offensive,0.483,82,0.136,1.086,0.521,0.134,0.134,0.123,0.028,0.491,0.597,1235,1341,488,937,449
2018-19,Transition,22018,1610612746,LAC,LA Clippers,Offensive,0.448,82,0.133,1.084,0.514,0.163,0.131,0.139,0.036,0.499,0.581,1237,1341,471,916,445
2018-19,Transition,22018,1610612762,UTA,Utah Jazz,Offensive,0.172,82,0.136,1.065,0.51,0.125,0.134,0.105,0.022,0.484,0.588,1255,1336,487,955,468
2018-19,Transition,22018,1610612763,MEM,Memphis Grizzlies,Offensive,0.862,82,0.13,1.138,0.55,0.129,0.129,0.115,0.033,0.519,0.625,1150,1309,491,892,401
2018-19,Transition,22018,1610612739,CLE,Cleveland Cavaliers,Offensive,0.345,82,0.134,1.078,0.526,0.128,0.123,0.113,0.027,0.505,0.579,1199,1292,490,931,441
2018-19,Transition,22018,1610612751,BKN,Brooklyn Nets,Offensive,0,82,0.135,0.993,0.463,0.11,0.142,0.1,0.022,0.439,0.553,1277,1268,456,984,528
2018-19,Transition,22018,1610612741,CHI,Chicago Bulls,Offensive,0.31,82,0.13,1.077,0.536,0.143,0.136,0.128,0.04,0.503,0.585,1176,1267,479,893,414
2018-19,Transition,22018,1610612742,DAL,Dallas Mavericks,Offensive,0.241,82,0.127,1.066,0.504,0.13,0.116,0.11,0.022,0.487,0.578,1157,1233,453,899,446
2018-19,Transition,22018,1610612748,MIA,Miami Heat,Offensive,0.207,82,0.124,1.065,0.519,0.145,0.128,0.134,0.039,0.492,0.582,1135,1209,451,869,418
2018-19,Transition,22018,1610612753,ORL,Orlando Magic,Offensive,0.793,82,0.113,1.129,0.528,0.132,0.119,0.119,0.023,0.509,0.61,1016,1147,413,782,369
2018-19,Transition,22018,1610612757,POR,Portland Trail Blazers,Offensive,0.414,82,0.11,1.084,0.519,0.134,0.136,0.119,0.028,0.494,0.585,1026,1112,404,778,374
2018-19,Transition,22018,1610612759,SAS,San Antonio Spurs,Offensive,0.586,82,0.108,1.097,0.505,0.117,0.115,0.108,0.026,0.488,0.586,966,1060,387,767,380
2018-19,PRBallHandler,22018,1610612766,CHA,Charlotte Hornets,Offensive,0.931,82,0.225,0.932,0.433,0.102,0.125,0.089,0.022,0.423,0.483,2051,1912,706,1630,924
2018-19,PRBallHandler,22018,1610612746,LAC,LA Clippers,Offensive,0.724,82,0.228,0.898,0.444,0.131,0.16,0.104,0.023,0.429,0.474,2119,1903,687,1549,862
2018-19,PRBallHandler,22018,1610612751,BKN,Brooklyn Nets,Offensive,0.69,82,0.206,0.891,0.423,0.105,0.147,0.089,0.016,0.409,0.478,1942,1730,628,1484,856
2018-19,PRBallHandler,22018,1610612757,POR,Portland Trail Blazers,Offensive,0.966,82,0.189,0.983,0.456,0.084,0.114,0.063,0.018,0.437,0.516,1759,1729,656,1440,784
2018-19,PRBallHandler,22018,1610612752,NYK,New York Knicks,Offensive,0.621,82,0.214,0.876,0.428,0.108,0.137,0.088,0.017,0.418,0.463,1972,1727,651,1521,870
2018-19,PRBallHandler,22018,1610612762,UTA,Utah Jazz,Offensive,0.414,82,0.215,0.857,0.439,0.09,0.17,0.072,0.017,0.401,0.48,1979,1696,657,1497,840
2018-19,PRBallHandler,22018,1610612739,CLE,Cleveland Cavaliers,Offensive,0.448,82,0.213,0.858,0.409,0.086,0.129,0.078,0.014,0.396,0.454,1910,1638,623,1523,900
2018-19,PRBallHandler,22018,1610612756,PHX,Phoenix Suns,Offensive,0.207,82,0.209,0.833,0.416,0.103,0.17,0.087,0.019,0.391,0.452,1915,1596,593,1427,834
2018-19,PRBallHandler,22018,1610612741,CHI,Chicago Bulls,Offensive,0.379,82,0.2,0.854,0.43,0.087,0.146,0.08,0.018,0.405,0.464,1804,1541,608,1414,806
2018-19,PRBallHandler,22018,1610612759,SAS,San Antonio Spurs,Offensive,0.897,82,0.185,0.915,0.447,0.088,0.125,0.077,0.019,0.429,0.482,1655,1514,596,1332,736
2018-19,PRBallHandler,22018,1610612742,DAL,Dallas Mavericks,Offensive,0.483,82,0.191,0.859,0.426,0.112,0.165,0.083,0.018,0.404,0.472,1743,1497,550,1292,742
2018-19,PRBallHandler,22018,1610612737,ATL,Atlanta Hawks,Offensive,0.034,81,0.195,0.795,0.406,0.093,0.194,0.073,0.019,0.368,0.451,1861,1480,552,1360,808
2018-19,PRBallHandler,22018,1610612760,OKC,Oklahoma City Thunder,Offensive,0.345,81,0.179,0.853,0.43,0.108,0.159,0.092,0.027,0.401,0.461,1712,1461,560,1302,742
2018-19,PRBallHandler,22018,1610612765,DET,Detroit Pistons,Offensive,0.655,82,0.171,0.881,0.428,0.086,0.125,0.072,0.019,0.41,0.468,1559,1374,539,1259,720
2018-19,PRBallHandler,22018,1610612753,ORL,Orlando Magic,Offensive,0.138,82,0.185,0.826,0.397,0.082,0.152,0.075,0.019,0.374,0.445,1662,1373,517,1303,786
2018-19,PRBallHandler,22018,1610612750,MIN,Minnesota Timberwolves,Offensive,0.241,82,0.169,0.84,0.418,0.09,0.117,0.084,0.019,0.404,0.442,1587,1333,539,1288,749
2018-19,PRBallHandler,22018,1610612747,LAL,Los Angeles Lakers,Offensive,0.172,82,0.17,0.827,0.419,0.091,0.157,0.082,0.017,0.384,0.466,1612,1333,519,1238,719
2018-19,PRBallHandler,22018,1610612758,SAC,Sacramento Kings,Offensive,0.276,82,0.164,0.842,0.421,0.085,0.145,0.075,0.017,0.397,0.46,1557,1311,517,1227,710
2018-19,PRBallHandler,22018,1610612748,MIA,Miami Heat,Offensive,0,82,0.188,0.754,0.396,0.08,0.171,0.066,0.014,0.362,0.42,1721,1297,520,1314,794
2018-19,PRBallHandler,22018,1610612763,MEM,Memphis Grizzlies,Offensive,0.31,82,0.164,0.845,0.394,0.109,0.126,0.092,0.019,0.396,0.433,1443,1219,445,1130,685
2018-19,PRBallHandler,22018,1610612764,WAS,Washington Wizards,Offensive,0.517,82,0.151,0.864,0.445,0.091,0.161,0.076,0.013,0.413,0.478,1408,1216,478,1073,595
2018-19,PRBallHandler,22018,1610612738,BOS,Boston Celtics,Offensive,0.793,82,0.146,0.905,0.433,0.079,0.121,0.066,0.015,0.413,0.48,1334,1207,471,1087,616
2018-19,PRBallHandler,22018,1610612745,HOU,Houston Rockets,Offensive,0.759,82,0.147,0.903,0.424,0.116,0.176,0.087,0.02,0.402,0.49,1329,1200,410,967,557
2018-19,PRBallHandler,22018,1610612761,TOR,Toronto Raptors,Offensive,0.552,82,0.15,0.871,0.421,0.116,0.159,0.095,0.024,0.406,0.462,1376,1199,434,1030,596
2018-19,PRBallHandler,22018,1610612754,IND,Indiana Pacers,Offensive,0.103,82,0.157,0.814,0.412,0.078,0.144,0.068,0.013,0.386,0.446,1412,1150,460,1116,656
2018-19,PRBallHandler,22018,1610612743,DEN,Denver Nuggets,Offensive,0.586,82,0.143,0.875,0.427,0.083,0.115,0.073,0.017,0.409,0.462,1308,1145,456,1069,613
2018-19,PRBallHandler,22018,1610612749,MIL,Milwaukee Bucks,Offensive,0.862,82,0.122,0.914,0.449,0.096,0.162,0.086,0.028,0.412,0.506,1137,1039,393,876,483
2018-19,PRBallHandler,22018,1610612740,NOP,New Orleans Pelicans,Offensive,0.069,82,0.129,0.805,0.421,0.076,0.162,0.068,0.016,0.382,0.457,1229,989,402,956,554
2018-19,PRBallHandler,22018,1610612744,GSW,Golden State Warriors,Offensive,1,82,0.108,0.992,0.457,0.084,0.127,0.078,0.021,0.431,0.529,995,987,368,806,438
2018-19,PRBallHandler,22018,1610612755,PHI,Philadelphia 76ers,Offensive,0.828,82,0.115,0.907,0.459,0.103,0.119,0.093,0.019,0.443,0.483,1078,978,394,859,465
2018-19,PRRollMan,22018,1610612754,IND,Indiana Pacers,Offensive,0.103,82,0.101,1.027,0.495,0.104,0.073,0.101,0.032,0.49,0.528,904,928,383,773,390
2018-19,PRRollMan,22018,1610612746,LAC,LA Clippers,Offensive,0.966,82,0.069,1.212,0.601,0.157,0.079,0.147,0.04,0.591,0.635,645,782,312,519,207
2018-19,PRRollMan,22018,1610612741,CHI,Chicago Bulls,Offensive,0.483,82,0.077,1.1,0.495,0.095,0.056,0.09,0.027,0.501,0.546,692,761,300,606,306
2018-19,PRRollMan,22018,1610612737,ATL,Atlanta Hawks,Offensive,0.897,81,0.066,1.184,0.553,0.166,0.052,0.166,0.038,0.562,0.601,632,748,286,517,231
2018-19,PRRollMan,22018,1610612738,BOS,Boston Celtics,Offensive,0.862,82,0.067,1.182,0.536,0.078,0.062,0.078,0.023,0.527,0.61,615,727,291,543,252
2018-19,PRRollMan,22018,1610612761,TOR,Toronto Raptors,Offensive,0.345,82,0.073,1.073,0.526,0.118,0.073,0.111,0.016,0.53,0.548,668,717,290,551,261
2018-19,PRRollMan,22018,1610612762,UTA,Utah Jazz,Offensive,1,82,0.064,1.218,0.618,0.226,0.07,0.214,0.049,0.621,0.629,588,716,273,442,169
2018-19,PRRollMan,22018,1610612750,MIN,Minnesota Timberwolves,Offensive,0.828,82,0.064,1.179,0.53,0.096,0.071,0.09,0.023,0.521,0.613,603,711,273,515,242
2018-19,PRRollMan,22018,1610612763,MEM,Memphis Grizzlies,Offensive,0.138,82,0.073,1.034,0.473,0.122,0.065,0.112,0.023,0.488,0.519,645,667,255,539,284
2018-19,PRRollMan,22018,1610612748,MIA,Miami Heat,Offensive,0.759,82,0.062,1.157,0.577,0.144,0.079,0.137,0.053,0.555,0.613,568,657,271,470,199
2018-19,PRRollMan,22018,1610612751,BKN,Brooklyn Nets,Offensive,0.241,82,0.066,1.05,0.543,0.159,0.1,0.152,0.019,0.536,0.559,618,649,255,470,215
2018-19,PRRollMan,22018,1610612766,CHA,Charlotte Hornets,Offensive,0.172,82,0.067,1.044,0.479,0.154,0.093,0.149,0.034,0.489,0.535,610,637,230,480,250
2018-19,PRRollMan,22018,1610612745,HOU,Houston Rockets,Offensive,0.621,82,0.063,1.109,0.548,0.118,0.068,0.114,0.025,0.54,0.585,570,632,262,478,216
2018-19,PRRollMan,22018,1610612758,SAC,Sacramento Kings,Offensive,0.379,82,0.062,1.075,0.534,0.106,0.058,0.096,0.024,0.531,0.562,584,628,268,502,234
2018-19,PRRollMan,22018,1610612747,LAL,Los Angeles Lakers,Offensive,0.69,82,0.059,1.128,0.549,0.138,0.085,0.135,0.041,0.54,0.59,556,627,250,455,205
2018-19,PRRollMan,22018,1610612757,POR,Portland Trail Blazers,Offensive,0.793,82,0.056,1.173,0.544,0.162,0.056,0.158,0.033,0.568,0.583,519,609,230,423,193
2018-19,PRRollMan,22018,1610612764,WAS,Washington Wizards,Offensive,0.414,82,0.06,1.084,0.484,0.109,0.066,0.104,0.027,0.489,0.552,560,607,231,477,246
2018-19,PRRollMan,22018,1610612742,DAL,Dallas Mavericks,Offensive,0.931,82,0.055,1.208,0.565,0.158,0.064,0.15,0.042,0.569,0.611,499,603,231,409,178
2018-19,PRRollMan,22018,1610612740,NOP,New Orleans Pelicans,Offensive,0.724,82,0.055,1.138,0.546,0.132,0.053,0.128,0.038,0.553,0.57,530,603,247,452,205
2018-19,PRRollMan,22018,1610612760,OKC,Oklahoma City Thunder,Offensive,0.034,81,0.061,1.019,0.483,0.099,0.043,0.097,0.02,0.494,0.52,587,598,249,515,266
2018-19,PRRollMan,22018,1610612753,ORL,Orlando Magic,Offensive,0.586,82,0.059,1.109,0.513,0.103,0.06,0.103,0.028,0.519,0.557,534,592,237,462,225
2018-19,PRRollMan,22018,1610612756,PHX,Phoenix Suns,Offensive,0.448,82,0.056,1.093,0.543,0.128,0.066,0.122,0.027,0.545,0.555,517,565,234,431,197
2018-19,PRRollMan,22018,1610612743,DEN,Denver Nuggets,Offensive,0.069,82,0.059,1.026,0.482,0.075,0.075,0.072,0.02,0.469,0.537,544,558,228,473,245
2018-19,PRRollMan,22018,1610612759,SAS,San Antonio Spurs,Offensive,0.276,82,0.056,1.055,0.515,0.105,0.067,0.103,0.022,0.517,0.533,505,533,221,429,208
2018-19,PRRollMan,22018,1610612752,NYK,New York Knicks,Offensive,0.552,82,0.051,1.104,0.506,0.119,0.057,0.108,0.03,0.515,0.561,472,521,204,403,199
2018-19,PRRollMan,22018,1610612749,MIL,Milwaukee Bucks,Offensive,0.655,82,0.049,1.126,0.519,0.126,0.056,0.117,0.039,0.521,0.571,461,519,205,395,190
2018-19,PRRollMan,22018,1610612765,DET,Detroit Pistons,Offensive,0.207,82,0.048,1.048,0.489,0.143,0.084,0.138,0.02,0.492,0.543,441,462,171,350,179
2018-19,PRRollMan,22018,1610612739,CLE,Cleveland Cavaliers,Offensive,0.31,82,0.048,1.058,0.514,0.1,0.072,0.091,0.019,0.512,0.547,428,453,186,362,176
2018-19,PRRollMan,22018,1610612755,PHI,Philadelphia 76ers,Offensive,0.517,82,0.035,1.103,0.489,0.094,0.079,0.082,0.024,0.486,0.566,329,363,137,280,143
2018-19,PRRollMan,22018,1610612744,GSW,Golden State Warriors,Offensive,0,82,0.037,0.929,0.421,0.121,0.091,0.112,0.018,0.432,0.474,340,316,115,273,158
2018-19,Postup,22018,1610612759,SAS,San Antonio Spurs,Offensive,0.897,82,0.122,0.988,0.485,0.144,0.08,0.121,0.033,0.498,0.485,1091,1078,428,883,455
2018-19,Postup,22018,1610612755,PHI,Philadelphia 76ers,Offensive,0.552,82,0.107,0.938,0.464,0.22,0.137,0.165,0.038,0.483,0.464,1008,945,318,686,368
2018-19,Postup,22018,1610612750,MIN,Minnesota Timberwolves,Offensive,0.586,82,0.1,0.944,0.502,0.141,0.152,0.114,0.028,0.477,0.502,933,881,344,685,341
2018-19,Postup,22018,1610612743,DEN,Denver Nuggets,Offensive,0.759,82,0.091,0.98,0.504,0.162,0.119,0.129,0.032,0.501,0.504,831,814,314,623,309
2018-19,Postup,22018,1610612765,DET,Detroit Pistons,Offensive,0.276,82,0.089,0.898,0.474,0.178,0.143,0.147,0.035,0.465,0.474,810,727,274,578,304
2018-19,Postup,22018,1610612740,NOP,New Orleans Pelicans,Offensive,0.862,82,0.073,0.987,0.483,0.205,0.103,0.173,0.031,0.511,0.483,701,692,245,507,262
2018-19,Postup,22018,1610612757,POR,Portland Trail Blazers,Offensive,0.621,82,0.072,0.951,0.506,0.126,0.123,0.1,0.019,0.487,0.506,673,640,262,518,256
2018-19,Postup,22018,1610612746,LAC,LA Clippers,Offensive,0.724,82,0.07,0.972,0.493,0.166,0.109,0.126,0.034,0.497,0.493,650,632,243,493,250
2018-19,Postup,22018,1610612760,OKC,Oklahoma City Thunder,Offensive,0.414,81,0.071,0.921,0.486,0.165,0.111,0.132,0.029,0.477,0.486,683,629,250,514,264
2018-19,Postup,22018,1610612763,MEM,Memphis Grizzlies,Offensive,0.379,82,0.077,0.92,0.484,0.141,0.138,0.119,0.018,0.47,0.484,679,625,242,500,258
2018-19,Postup,22018,1610612753,ORL,Orlando Magic,Offensive,0.172,82,0.076,0.885,0.465,0.102,0.111,0.073,0.022,0.448,0.465,687,608,258,555,297
2018-19,Postup,22018,1610612761,TOR,Toronto Raptors,Offensive,0.517,82,0.066,0.937,0.49,0.132,0.138,0.117,0.028,0.468,0.49,600,562,223,455,232
2018-19,Postup,22018,1610612754,IND,Indiana Pacers,Offensive,0.207,82,0.07,0.893,0.49,0.125,0.158,0.102,0.021,0.461,0.49,625,558,226,461,235
2018-19,Postup,22018,1610612741,CHI,Chicago Bulls,Offensive,0.345,82,0.067,0.917,0.48,0.117,0.122,0.084,0.02,0.465,0.48,606,556,227,473,246
2018-19,Postup,22018,1610612738,BOS,Boston Celtics,Offensive,0.793,82,0.061,0.98,0.502,0.159,0.114,0.132,0.037,0.494,0.502,561,550,215,428,213
2018-19,Postup,22018,1610612758,SAC,Sacramento Kings,Offensive,0.069,82,0.068,0.832,0.427,0.157,0.122,0.129,0.029,0.432,0.427,650,541,208,487,279
2018-19,Postup,22018,1610612744,GSW,Golden State Warriors,Offensive,0.69,82,0.056,0.963,0.496,0.149,0.137,0.124,0.029,0.484,0.496,510,491,188,379,191
2018-19,Postup,22018,1610612742,DAL,Dallas Mavericks,Offensive,0.241,82,0.058,0.897,0.447,0.182,0.13,0.15,0.036,0.462,0.447,532,477,172,385,213
2018-19,Postup,22018,1610612749,MIL,Milwaukee Bucks,Offensive,0.655,82,0.053,0.953,0.509,0.161,0.149,0.126,0.022,0.493,0.509,491,468,178,350,172
2018-19,Postup,22018,1610612756,PHX,Phoenix Suns,Offensive,0.931,82,0.05,0.989,0.522,0.126,0.111,0.102,0.026,0.503,0.522,459,454,189,362,173
2018-19,Postup,22018,1610612752,NYK,New York Knicks,Offensive,0.138,82,0.054,0.86,0.475,0.122,0.162,0.096,0.03,0.44,0.475,500,430,177,373,196
2018-19,Postup,22018,1610612747,LAL,Los Angeles Lakers,Offensive,0.31,82,0.05,0.899,0.5,0.124,0.151,0.092,0.023,0.464,0.5,476,428,178,356,178
2018-19,Postup,22018,1610612764,WAS,Washington Wizards,Offensive,0.448,82,0.041,0.934,0.484,0.158,0.148,0.137,0.029,0.478,0.484,379,354,132,273,141
2018-19,Postup,22018,1610612739,CLE,Cleveland Cavaliers,Offensive,0,82,0.049,0.743,0.378,0.155,0.166,0.118,0.018,0.391,0.378,440,327,116,307,191
2018-19,Postup,22018,1610612748,MIA,Miami Heat,Offensive,0.103,82,0.042,0.84,0.454,0.137,0.134,0.106,0.034,0.423,0.454,388,326,134,295,161
2018-19,Postup,22018,1610612737,ATL,Atlanta Hawks,Offensive,0.483,81,0.028,0.936,0.49,0.135,0.142,0.112,0.041,0.464,0.49,267,250,100,204,104
2018-19,Postup,22018,1610612766,CHA,Charlotte Hornets,Offensive,0.966,82,0.019,1.012,0.545,0.128,0.116,0.116,0.023,0.512,0.545,172,174,73,134,61
2018-19,Postup,22018,1610612745,HOU,Houston Rockets,Offensive,1,82,0.017,1.013,0.546,0.137,0.124,0.124,0.039,0.51,0.546,153,155,65,119,54
2018-19,Postup,22018,1610612762,UTA,Utah Jazz,Offensive,0.828,82,0.014,0.984,0.55,0.234,0.156,0.18,0.016,0.531,0.55,128,126,44,80,36
2018-19,Postup,22018,1610612751,BKN,Brooklyn Nets,Offensive,0.034,82,0.009,0.768,0.377,0.171,0.122,0.146,0.037,0.402,0.377,82,63,23,61,38
2018-19,Spotup,22018,1610612749,MIL,Milwaukee Bucks,Offensive,0.793,82,0.229,1.046,0.41,0.057,0.063,0.054,0.009,0.41,0.539,2143,2242,781,1907,1126
2018-19,Spotup,22018,1610612759,SAS,San Antonio Spurs,Offensive,1,82,0.219,1.12,0.441,0.048,0.054,0.046,0.015,0.435,0.571,1955,2189,787,1784,997
2018-19,Spotup,22018,1610612764,WAS,Washington Wizards,Offensive,0.379,82,0.23,1.007,0.387,0.056,0.05,0.054,0.011,0.393,0.512,2144,2158,750,1940,1190
2018-19,Spotup,22018,1610612737,ATL,Atlanta Hawks,Offensive,0.552,81,0.22,1.025,0.394,0.048,0.07,0.044,0.011,0.386,0.536,2099,2151,739,1877,1138
2018-19,Spotup,22018,1610612762,UTA,Utah Jazz,Offensive,0.69,82,0.223,1.037,0.402,0.059,0.077,0.053,0.015,0.397,0.542,2049,2125,724,1800,1076
2018-19,Spotup,22018,1610612738,BOS,Boston Celtics,Offensive,0.897,82,0.218,1.055,0.405,0.05,0.054,0.044,0.01,0.405,0.54,1994,2104,731,1805,1074
2018-19,Spotup,22018,1610612742,DAL,Dallas Mavericks,Offensive,0.586,82,0.217,1.025,0.381,0.059,0.049,0.053,0.011,0.389,0.52,1977,2027,680,1786,1106
2018-19,Spotup,22018,1610612766,CHA,Charlotte Hornets,Offensive,0.345,82,0.219,1.006,0.392,0.047,0.053,0.044,0.011,0.392,0.512,1998,2010,713,1819,1106
2018-19,Spotup,22018,1610612751,BKN,Brooklyn Nets,Offensive,0.207,82,0.216,0.988,0.387,0.068,0.072,0.061,0.01,0.391,0.512,2035,2010,685,1770,1085
2018-19,Spotup,22018,1610612753,ORL,Orlando Magic,Offensive,0.448,82,0.216,1.017,0.385,0.046,0.044,0.044,0.01,0.388,0.516,1942,1975,688,1785,1097
2018-19,Spotup,22018,1610612761,TOR,Toronto Raptors,Offensive,0.862,82,0.204,1.048,0.4,0.037,0.055,0.034,0.008,0.394,0.541,1868,1957,684,1712,1028
2018-19,Spotup,22018,1610612748,MIA,Miami Heat,Offensive,0.724,82,0.205,1.04,0.391,0.046,0.047,0.043,0.007,0.393,0.535,1877,1952,672,1717,1045
2018-19,Spotup,22018,1610612745,HOU,Houston Rockets,Offensive,0.828,82,0.199,1.047,0.386,0.035,0.042,0.031,0.009,0.382,0.539,1794,1878,646,1672,1026
2018-19,Spotup,22018,1610612750,MIN,Minnesota Timberwolves,Offensive,0.138,82,0.209,0.954,0.36,0.052,0.049,0.047,0.009,0.368,0.481,1962,1872,640,1780,1140
2018-19,Spotup,22018,1610612743,DEN,Denver Nuggets,Offensive,0.621,82,0.197,1.029,0.393,0.042,0.05,0.039,0.009,0.391,0.53,1806,1858,650,1655,1005
2018-19,Spotup,22018,1610612740,NOP,New Orleans Pelicans,Offensive,0.241,82,0.195,0.995,0.393,0.047,0.061,0.039,0.013,0.389,0.512,1866,1857,664,1690,1026
2018-19,Spotup,22018,1610612741,CHI,Chicago Bulls,Offensive,0.172,82,0.206,0.979,0.388,0.058,0.06,0.057,0.016,0.39,0.496,1856,1817,647,1666,1019
2018-19,Spotup,22018,1610612765,DET,Detroit Pistons,Offensive,0.31,82,0.199,1,0.366,0.038,0.045,0.034,0.007,0.368,0.508,1809,1809,611,1670,1059
2018-19,Spotup,22018,1610612760,OKC,Oklahoma City Thunder,Offensive,0.517,81,0.179,1.022,0.384,0.045,0.054,0.041,0.008,0.384,0.528,1717,1755,599,1561,962
2018-19,Spotup,22018,1610612739,CLE,Cleveland Cavaliers,Offensive,0.483,82,0.191,1.018,0.388,0.043,0.051,0.039,0.007,0.388,0.521,1709,1739,605,1558,953
2018-19,Spotup,22018,1610612752,NYK,New York Knicks,Offensive,0.034,82,0.201,0.936,0.365,0.054,0.065,0.048,0.009,0.367,0.481,1850,1731,601,1647,1046
2018-19,Spotup,22018,1610612746,LAC,LA Clippers,Offensive,0.966,82,0.171,1.084,0.413,0.053,0.053,0.044,0.009,0.413,0.555,1589,1723,592,1435,843
2018-19,Spotup,22018,1610612755,PHI,Philadelphia 76ers,Offensive,0.414,82,0.181,1.01,0.388,0.065,0.058,0.06,0.014,0.395,0.51,1702,1719,589,1517,928
2018-19,Spotup,22018,1610612763,MEM,Memphis Grizzlies,Offensive,0.069,82,0.205,0.936,0.365,0.04,0.063,0.035,0.009,0.36,0.484,1811,1695,599,1642,1043
2018-19,Spotup,22018,1610612756,PHX,Phoenix Suns,Offensive,0,82,0.197,0.923,0.362,0.055,0.076,0.052,0.013,0.361,0.478,1810,1670,578,1596,1018
2018-19,Spotup,22018,1610612744,GSW,Golden State Warriors,Offensive,0.759,82,0.17,1.04,0.399,0.04,0.042,0.035,0.011,0.396,0.533,1556,1619,576,1445,869
2018-19,Spotup,22018,1610612757,POR,Portland Trail Blazers,Offensive,0.276,82,0.173,0.996,0.382,0.044,0.05,0.041,0.007,0.384,0.509,1606,1600,560,1466,906
2018-19,Spotup,22018,1610612754,IND,Indiana Pacers,Offensive,0.931,82,0.165,1.059,0.417,0.047,0.06,0.041,0.012,0.409,0.551,1482,1570,559,1341,782
2018-19,Spotup,22018,1610612758,SAC,Sacramento Kings,Offensive,0.655,82,0.159,1.031,0.393,0.039,0.048,0.036,0.007,0.39,0.529,1514,1561,547,1393,846
2018-19,Spotup,22018,1610612747,LAL,Los Angeles Lakers,Offensive,0.103,82,0.166,0.95,0.36,0.032,0.045,0.03,0.006,0.359,0.485,1571,1493,525,1459,934
2018-19,Handoff,22018,1610612755,PHI,Philadelphia 76ers,Offensive,1,82,0.082,1.05,0.441,0.076,0.077,0.066,0.012,0.443,0.535,775,814,293,665,372
2018-19,Handoff,22018,1610612743,DEN,Denver Nuggets,Offensive,0.31,82,0.082,0.898,0.417,0.064,0.091,0.057,0.012,0.409,0.47,748,672,267,641,374
2018-19,Handoff,22018,1610612748,MIA,Miami Heat,Offensive,0.241,82,0.083,0.879,0.364,0.062,0.097,0.053,0.011,0.357,0.46,759,667,235,646,411
2018-19,Handoff,22018,1610612765,DET,Detroit Pistons,Offensive,0.966,82,0.071,1.031,0.429,0.071,0.06,0.06,0.02,0.429,0.523,646,666,246,574,328
2018-19,Handoff,22018,1610612762,UTA,Utah Jazz,Offensive,0.414,82,0.077,0.908,0.409,0.088,0.126,0.073,0.018,0.397,0.485,708,643,233,570,337
2018-19,Handoff,22018,1610612757,POR,Portland Trail Blazers,Offensive,0.759,82,0.066,0.972,0.418,0.074,0.101,0.065,0.008,0.412,0.507,612,595,213,509,296
2018-19,Handoff,22018,1610612737,ATL,Atlanta Hawks,Offensive,0.103,81,0.069,0.852,0.402,0.094,0.158,0.073,0.018,0.382,0.465,657,560,202,503,301
2018-19,Handoff,22018,1610612752,NYK,New York Knicks,Offensive,0.138,82,0.067,0.856,0.391,0.06,0.094,0.055,0.006,0.383,0.449,618,529,206,527,321
2018-19,Handoff,22018,1610612739,CLE,Cleveland Cavaliers,Offensive,0.862,82,0.058,0.988,0.442,0.081,0.096,0.077,0.013,0.435,0.514,519,513,192,434,242
2018-19,Handoff,22018,1610612753,ORL,Orlando Magic,Offensive,0.379,82,0.058,0.902,0.41,0.084,0.107,0.076,0.021,0.4,0.47,523,472,178,434,256
2018-19,Handoff,22018,1610612766,CHA,Charlotte Hornets,Offensive,0.483,82,0.055,0.92,0.416,0.068,0.108,0.064,0.01,0.404,0.483,502,462,174,418,244
2018-19,Handoff,22018,1610612749,MIL,Milwaukee Bucks,Offensive,0.897,82,0.05,0.994,0.414,0.08,0.078,0.071,0.019,0.413,0.51,463,460,165,399,234
2018-19,Handoff,22018,1610612741,CHI,Chicago Bulls,Offensive,0.172,82,0.056,0.862,0.419,0.082,0.13,0.072,0.022,0.397,0.468,501,432,170,406,236
2018-19,Handoff,22018,1610612740,NOP,New Orleans Pelicans,Offensive,0.552,82,0.047,0.933,0.418,0.078,0.11,0.074,0.007,0.407,0.501,447,417,153,366,213
2018-19,Handoff,22018,1610612738,BOS,Boston Celtics,Offensive,0.345,82,0.05,0.901,0.394,0.066,0.091,0.06,0.009,0.393,0.46,453,408,152,386,234
2018-19,Handoff,22018,1610612759,SAS,San Antonio Spurs,Offensive,0.828,82,0.046,0.981,0.441,0.08,0.104,0.072,0.019,0.429,0.51,415,407,153,347,194
2018-19,Handoff,22018,1610612754,IND,Indiana Pacers,Offensive,0.276,82,0.05,0.879,0.435,0.06,0.13,0.054,0.013,0.405,0.481,447,393,160,368,208
2018-19,Handoff,22018,1610612763,MEM,Memphis Grizzlies,Offensive,0.448,82,0.047,0.91,0.424,0.075,0.129,0.066,0.017,0.403,0.482,412,375,142,335,193
2018-19,Handoff,22018,1610612744,GSW,Golden State Warriors,Offensive,0.724,82,0.041,0.971,0.429,0.059,0.094,0.059,0,0.414,0.511,374,363,136,317,181
2018-19,Handoff,22018,1610612751,BKN,Brooklyn Nets,Offensive,0.69,82,0.04,0.95,0.41,0.101,0.119,0.09,0.013,0.41,0.497,378,359,123,300,177
2018-19,Handoff,22018,1610612746,LAC,LA Clippers,Offensive,0.069,82,0.047,0.813,0.376,0.087,0.118,0.064,0.016,0.371,0.424,439,357,134,356,222
2018-19,Handoff,22018,1610612758,SAC,Sacramento Kings,Offensive,0.621,82,0.04,0.944,0.412,0.042,0.088,0.034,0.005,0.395,0.502,377,356,136,330,194
2018-19,Handoff,22018,1610612742,DAL,Dallas Mavericks,Offensive,0,82,0.046,0.788,0.366,0.075,0.132,0.071,0.026,0.347,0.419,424,334,127,347,220
2018-19,Handoff,22018,1610612764,WAS,Washington Wizards,Offensive,0.517,82,0.038,0.929,0.408,0.116,0.082,0.102,0.034,0.42,0.457,352,327,120,294,174
2018-19,Handoff,22018,1610612750,MIN,Minnesota Timberwolves,Offensive,0.207,82,0.039,0.872,0.393,0.098,0.101,0.09,0.016,0.395,0.455,367,320,118,300,182
2018-19,Handoff,22018,1610612756,PHX,Phoenix Suns,Offensive,0.034,82,0.043,0.799,0.367,0.075,0.136,0.07,0.028,0.344,0.431,398,318,119,324,205
2018-19,Handoff,22018,1610612745,HOU,Houston Rockets,Offensive,0.793,82,0.033,0.98,0.411,0.083,0.119,0.07,0.017,0.394,0.522,302,296,101,246,145
2018-19,Handoff,22018,1610612761,TOR,Toronto Raptors,Offensive,0.655,82,0.032,0.949,0.432,0.101,0.125,0.091,0.017,0.426,0.5,296,281,101,234,133
2018-19,Handoff,22018,1610612747,LAL,Los Angeles Lakers,Offensive,0.931,82,0.026,1.024,0.467,0.089,0.145,0.089,0.036,0.423,0.56,248,254,93,199,106
2018-19,Handoff,22018,1610612760,OKC,Oklahoma City Thunder,Offensive,0.586,81,0.026,0.939,0.407,0.086,0.098,0.074,0.02,0.393,0.498,244,229,83,204,121
2018-19,Cut,22018,1610612744,GSW,Golden State Warriors,Offensive,0.655,82,0.103,1.28,0.67,0.134,0.077,0.134,0.035,0.646,0.67,942,1206,520,776,256
2018-19,Cut,22018,1610612757,POR,Portland Trail Blazers,Offensive,0.379,82,0.09,1.26,0.659,0.149,0.089,0.146,0.031,0.637,0.659,835,1052,437,663,226
2018-19,Cut,22018,1610612755,PHI,Philadelphia 76ers,Offensive,0.69,82,0.086,1.296,0.663,0.147,0.059,0.137,0.027,0.655,0.663,808,1047,438,661,223
2018-19,Cut,22018,1610612747,LAL,Los Angeles Lakers,Offensive,0.759,82,0.081,1.316,0.691,0.151,0.06,0.143,0.034,0.669,0.691,762,1003,433,627,194
2018-19,Cut,22018,1610612754,IND,Indiana Pacers,Offensive,0.31,82,0.087,1.253,0.645,0.134,0.059,0.13,0.041,0.629,0.645,785,984,429,665,236
2018-19,Cut,22018,1610612743,DEN,Denver Nuggets,Offensive,0.966,82,0.079,1.341,0.694,0.118,0.056,0.104,0.032,0.68,0.694,728,976,433,624,191
2018-19,Cut,22018,1610612763,MEM,Memphis Grizzlies,Offensive,0.414,82,0.086,1.262,0.633,0.167,0.053,0.158,0.04,0.645,0.633,755,953,392,619,227
2018-19,Cut,22018,1610612740,NOP,New Orleans Pelicans,Offensive,0.724,82,0.076,1.314,0.689,0.126,0.068,0.12,0.033,0.662,0.689,724,951,419,608,189
2018-19,Cut,22018,1610612764,WAS,Washington Wizards,Offensive,0.862,82,0.075,1.324,0.668,0.162,0.056,0.158,0.052,0.662,0.668,698,924,388,581,193
2018-19,Cut,22018,1610612762,UTA,Utah Jazz,Offensive,0.621,82,0.079,1.278,0.681,0.176,0.072,0.173,0.039,0.656,0.681,723,924,389,571,182
2018-19,Cut,22018,1610612748,MIA,Miami Heat,Offensive,0.138,82,0.08,1.236,0.647,0.149,0.063,0.144,0.04,0.628,0.647,734,907,393,607,214
2018-19,Cut,22018,1610612751,BKN,Brooklyn Nets,Offensive,0.103,82,0.073,1.234,0.629,0.159,0.052,0.156,0.032,0.636,0.629,692,854,357,568,211
2018-19,Cut,22018,1610612742,DAL,Dallas Mavericks,Offensive,0.931,82,0.068,1.338,0.684,0.186,0.063,0.18,0.058,0.668,0.684,618,827,342,500,158
2018-19,Cut,22018,1610612737,ATL,Atlanta Hawks,Offensive,0.241,81,0.069,1.248,0.641,0.161,0.059,0.155,0.043,0.632,0.641,657,820,346,540,194
2018-19,Cut,22018,1610612750,MIN,Minnesota Timberwolves,Offensive,0.828,82,0.066,1.32,0.663,0.168,0.053,0.162,0.05,0.662,0.663,619,817,340,513,173
2018-19,Cut,22018,1610612746,LAC,LA Clippers,Offensive,0.276,82,0.069,1.251,0.634,0.178,0.064,0.171,0.058,0.626,0.634,642,803,332,524,192
2018-19,Cut,22018,1610612756,PHX,Phoenix Suns,Offensive,1,82,0.065,1.342,0.682,0.145,0.049,0.14,0.054,0.669,0.682,593,796,348,510,162
2018-19,Cut,22018,1610612758,SAC,Sacramento Kings,Offensive,0.172,82,0.066,1.238,0.653,0.13,0.076,0.124,0.03,0.628,0.653,629,779,338,518,180
2018-19,Cut,22018,1610612753,ORL,Orlando Magic,Offensive,0.793,82,0.065,1.319,0.674,0.129,0.043,0.13,0.043,0.664,0.674,583,769,341,506,165
2018-19,Cut,22018,1610612749,MIL,Milwaukee Bucks,Offensive,0.897,82,0.061,1.329,0.669,0.15,0.044,0.143,0.046,0.665,0.669,568,755,323,483,160
2018-19,Cut,22018,1610612760,OKC,Oklahoma City Thunder,Offensive,0.586,81,0.062,1.274,0.649,0.164,0.059,0.157,0.051,0.645,0.649,592,754,318,490,172
2018-19,Cut,22018,1610612766,CHA,Charlotte Hornets,Offensive,0.448,82,0.065,1.264,0.646,0.162,0.046,0.161,0.032,0.653,0.646,591,747,314,486,172
2018-19,Cut,22018,1610612739,CLE,Cleveland Cavaliers,Offensive,0.069,82,0.066,1.226,0.626,0.14,0.057,0.133,0.027,0.623,0.626,594,728,308,492,184
2018-19,Cut,22018,1610612738,BOS,Boston Celtics,Offensive,0.207,82,0.061,1.242,0.633,0.121,0.055,0.119,0.021,0.631,0.633,561,697,300,474,174
2018-19,Cut,22018,1610612765,DET,Detroit Pistons,Offensive,0,82,0.065,1.172,0.61,0.146,0.073,0.139,0.043,0.588,0.61,588,689,295,484,189
2018-19,Cut,22018,1610612745,HOU,Houston Rockets,Offensive,0.517,82,0.059,1.273,0.669,0.127,0.055,0.125,0.03,0.65,0.669,528,672,299,447,148
2018-19,Cut,22018,1610612759,SAS,San Antonio Spurs,Offensive,0.552,82,0.059,1.273,0.643,0.129,0.059,0.123,0.034,0.638,0.643,527,671,287,446,159
2018-19,Cut,22018,1610612741,CHI,Chicago Bulls,Offensive,0.345,82,0.058,1.258,0.657,0.152,0.073,0.152,0.035,0.637,0.657,520,654,276,420,144
2018-19,Cut,22018,1610612761,TOR,Toronto Raptors,Offensive,0.483,82,0.054,1.267,0.645,0.138,0.063,0.13,0.032,0.634,0.645,494,626,265,411,146
2018-19,Cut,22018,1610612752,NYK,New York Knicks,Offensive,0.034,82,0.044,1.209,0.622,0.18,0.08,0.177,0.04,0.616,0.622,401,485,194,312,118
2018-19,OffScreen,22018,1610612744,GSW,Golden State Warriors,Offensive,1,82,0.129,1.126,0.461,0.041,0.054,0.04,0.008,0.453,0.577,1187,1336,499,1083,584
2018-19,OffScreen,22018,1610612751,BKN,Brooklyn Nets,Offensive,0.931,82,0.07,1.023,0.421,0.072,0.081,0.067,0.018,0.416,0.529,656,671,239,568,329
2018-19,OffScreen,22018,1610612742,DAL,Dallas Mavericks,Offensive,0.897,82,0.07,1.022,0.412,0.067,0.075,0.06,0.014,0.409,0.527,638,652,229,556,327
2018-19,OffScreen,22018,1610612753,ORL,Orlando Magic,Offensive,0.379,82,0.074,0.946,0.413,0.056,0.062,0.051,0.017,0.409,0.482,663,627,246,596,350
2018-19,OffScreen,22018,1610612740,NOP,New Orleans Pelicans,Offensive,0.828,82,0.06,1.014,0.432,0.056,0.085,0.047,0.019,0.416,0.53,575,583,218,505,287
2018-19,OffScreen,22018,1610612738,BOS,Boston Celtics,Offensive,0.69,82,0.059,0.985,0.425,0.056,0.095,0.047,0.021,0.405,0.524,536,528,198,466,268
2018-19,OffScreen,22018,1610612754,IND,Indiana Pacers,Offensive,0.552,82,0.061,0.969,0.401,0.085,0.077,0.079,0.015,0.41,0.49,544,527,186,464,278
2018-19,OffScreen,22018,1610612747,LAL,Los Angeles Lakers,Offensive,0.034,82,0.06,0.827,0.361,0.049,0.09,0.044,0.012,0.347,0.439,568,470,179,496,317
2018-19,OffScreen,22018,1610612757,POR,Portland Trail Blazers,Offensive,0.276,82,0.053,0.931,0.396,0.039,0.065,0.035,0.006,0.388,0.48,492,458,176,444,268
2018-19,OffScreen,22018,1610612758,SAC,Sacramento Kings,Offensive,0.724,82,0.048,0.987,0.4,0.064,0.068,0.059,0.015,0.402,0.5,455,449,161,402,241
2018-19,OffScreen,22018,1610612755,PHI,Philadelphia 76ers,Offensive,0.862,82,0.046,1.016,0.407,0.085,0.08,0.078,0.018,0.409,0.515,435,442,151,371,220
2018-19,OffScreen,22018,1610612749,MIL,Milwaukee Bucks,Offensive,0.621,82,0.048,0.98,0.409,0.052,0.078,0.043,0.013,0.397,0.51,446,437,161,394,233
2018-19,OffScreen,22018,1610612764,WAS,Washington Wizards,Offensive,0.483,82,0.049,0.952,0.409,0.086,0.07,0.075,0.015,0.418,0.478,455,433,160,391,231
2018-19,OffScreen,22018,1610612763,MEM,Memphis Grizzlies,Offensive,0.655,82,0.049,0.984,0.399,0.065,0.048,0.062,0.007,0.412,0.491,434,427,155,388,233
2018-19,OffScreen,22018,1610612756,PHX,Phoenix Suns,Offensive,0.414,82,0.048,0.946,0.41,0.043,0.086,0.038,0.007,0.396,0.497,444,420,160,390,230
2018-19,OffScreen,22018,1610612752,NYK,New York Knicks,Offensive,0.069,82,0.052,0.842,0.347,0.073,0.06,0.066,0.012,0.363,0.415,482,406,147,424,277
2018-19,OffScreen,22018,1610612766,CHA,Charlotte Hornets,Offensive,0.448,82,0.047,0.948,0.384,0.063,0.063,0.056,0.012,0.389,0.484,427,405,145,378,233
2018-19,OffScreen,22018,1610612761,TOR,Toronto Raptors,Offensive,0.586,82,0.045,0.978,0.408,0.048,0.068,0.044,0.019,0.397,0.503,413,404,152,373,221
2018-19,OffScreen,22018,1610612762,UTA,Utah Jazz,Offensive,0.103,82,0.05,0.842,0.338,0.055,0.081,0.05,0.009,0.339,0.432,457,385,135,399,264
2018-19,OffScreen,22018,1610612743,DEN,Denver Nuggets,Offensive,0.345,82,0.044,0.941,0.408,0.079,0.064,0.071,0.012,0.419,0.473,406,382,144,353,209
2018-19,OffScreen,22018,1610612746,LAC,LA Clippers,Offensive,0.966,82,0.039,1.033,0.4,0.036,0.044,0.033,0.008,0.399,0.521,366,378,136,340,204
2018-19,OffScreen,22018,1610612759,SAS,San Antonio Spurs,Offensive,0.793,82,0.04,0.997,0.429,0.054,0.068,0.051,0.014,0.423,0.509,355,354,136,317,181
2018-19,OffScreen,22018,1610612739,CLE,Cleveland Cavaliers,Offensive,0.172,82,0.04,0.901,0.365,0.055,0.064,0.055,0.011,0.37,0.447,362,326,118,323,205
2018-19,OffScreen,22018,1610612748,MIA,Miami Heat,Offensive,0.241,82,0.037,0.926,0.404,0.048,0.092,0.048,0.009,0.387,0.498,336,311,118,292,174
2018-19,OffScreen,22018,1610612741,CHI,Chicago Bulls,Offensive,0.138,82,0.037,0.88,0.357,0.057,0.081,0.054,0.012,0.351,0.455,333,293,104,291,187
2018-19,OffScreen,22018,1610612760,OKC,Oklahoma City Thunder,Offensive,0.759,81,0.029,0.996,0.383,0.09,0.075,0.082,0.025,0.391,0.498,279,278,92,240,148
2018-19,OffScreen,22018,1610612765,DET,Detroit Pistons,Offensive,0.517,82,0.03,0.956,0.368,0.04,0.051,0.029,0.011,0.364,0.484,272,260,92,250,158
2018-19,OffScreen,22018,1610612745,HOU,Houston Rockets,Offensive,0.207,82,0.028,0.925,0.339,0.071,0.059,0.067,0.012,0.358,0.453,254,235,76,224,148
2018-19,OffScreen,22018,1610612750,MIN,Minnesota Timberwolves,Offensive,0.31,82,0.025,0.94,0.415,0.056,0.107,0.056,0,0.399,0.508,233,219,81,195,114
2018-19,OffScreen,22018,1610612737,ATL,Atlanta Hawks,Offensive,0,81,0.023,0.707,0.318,0.014,0.117,0.014,0.009,0.279,0.397,222,157,62,195,133
2018-19,OffRebound,22018,1610612750,MIN,Minnesota Timberwolves,Offensive,0.828,82,0.061,1.139,0.564,0.143,0.063,0.132,0.033,0.569,0.571,568,647,265,470,205
2018-19,OffRebound,22018,1610612752,NYK,New York Knicks,Offensive,0.69,82,0.062,1.112,0.547,0.14,0.052,0.136,0.031,0.562,0.552,573,637,263,481,218
2018-19,OffRebound,22018,1610612740,NOP,New Orleans Pelicans,Offensive,0.759,82,0.058,1.135,0.568,0.146,0.074,0.132,0.031,0.574,0.57,554,629,255,449,194
2018-19,OffRebound,22018,1610612757,POR,Portland Trail Blazers,Offensive,0.276,82,0.063,1.058,0.523,0.131,0.065,0.121,0.034,0.526,0.527,588,622,258,493,235
2018-19,OffRebound,22018,1610612765,DET,Detroit Pistons,Offensive,0.069,82,0.068,0.976,0.489,0.124,0.06,0.111,0.021,0.498,0.494,620,605,254,519,265
2018-19,OffRebound,22018,1610612748,MIA,Miami Heat,Offensive,0.138,82,0.064,1.031,0.533,0.118,0.058,0.108,0.026,0.526,0.535,585,603,265,497,232
2018-19,OffRebound,22018,1610612758,SAC,Sacramento Kings,Offensive,0.586,82,0.058,1.087,0.549,0.102,0.056,0.096,0.025,0.542,0.553,550,598,262,477,215
2018-19,OffRebound,22018,1610612739,CLE,Cleveland Cavaliers,Offensive,0.517,82,0.061,1.084,0.546,0.097,0.057,0.091,0.022,0.54,0.548,548,594,260,476,216
2018-19,OffRebound,22018,1610612753,ORL,Orlando Magic,Offensive,0.724,82,0.057,1.127,0.573,0.102,0.068,0.098,0.025,0.563,0.576,512,577,251,438,187
2018-19,OffRebound,22018,1610612762,UTA,Utah Jazz,Offensive,0.966,82,0.053,1.171,0.602,0.14,0.065,0.124,0.022,0.598,0.606,492,576,242,402,160
2018-19,OffRebound,22018,1610612737,ATL,Atlanta Hawks,Offensive,0,81,0.061,0.971,0.489,0.104,0.07,0.096,0.024,0.491,0.493,585,568,243,497,254
2018-19,OffRebound,22018,1610612755,PHI,Philadelphia 76ers,Offensive,0.483,82,0.055,1.083,0.542,0.137,0.064,0.13,0.027,0.551,0.543,517,560,231,426,195
2018-19,OffRebound,22018,1610612754,IND,Indiana Pacers,Offensive,1,82,0.05,1.23,0.619,0.102,0.051,0.093,0.026,0.609,0.622,453,557,245,396,151
2018-19,OffRebound,22018,1610612746,LAC,LA Clippers,Offensive,0.862,82,0.052,1.143,0.553,0.164,0.044,0.154,0.054,0.565,0.557,481,550,225,407,182
2018-19,OffRebound,22018,1610612764,WAS,Washington Wizards,Offensive,0.931,82,0.05,1.152,0.577,0.12,0.047,0.113,0.041,0.575,0.586,468,539,236,409,173
2018-19,OffRebound,22018,1610612743,DEN,Denver Nuggets,Offensive,0.207,82,0.055,1.043,0.541,0.11,0.079,0.105,0.03,0.525,0.546,507,529,230,425,195
2018-19,OffRebound,22018,1610612751,BKN,Brooklyn Nets,Offensive,0.241,82,0.051,1.056,0.536,0.126,0.076,0.115,0.029,0.532,0.541,485,512,215,401,186
2018-19,OffRebound,22018,1610612756,PHX,Phoenix Suns,Offensive,0.793,82,0.049,1.136,0.574,0.127,0.071,0.12,0.036,0.569,0.578,450,511,216,376,160
2018-19,OffRebound,22018,1610612760,OKC,Oklahoma City Thunder,Offensive,0.034,81,0.055,0.971,0.509,0.097,0.086,0.084,0.011,0.5,0.511,526,511,222,436,214
2018-19,OffRebound,22018,1610612747,LAL,Los Angeles Lakers,Offensive,0.345,82,0.051,1.058,0.543,0.1,0.065,0.092,0.019,0.533,0.545,480,508,222,409,187
2018-19,OffRebound,22018,1610612761,TOR,Toronto Raptors,Offensive,0.552,82,0.049,1.086,0.571,0.102,0.086,0.088,0.027,0.544,0.581,452,491,216,378,162
2018-19,OffRebound,22018,1610612759,SAS,San Antonio Spurs,Offensive,0.655,82,0.048,1.106,0.579,0.111,0.092,0.109,0.025,0.552,0.583,433,479,206,356,150
2018-19,OffRebound,22018,1610612766,CHA,Charlotte Hornets,Offensive,0.448,82,0.047,1.077,0.53,0.127,0.054,0.127,0.033,0.542,0.537,426,459,192,362,170
2018-19,OffRebound,22018,1610612749,MIL,Milwaukee Bucks,Offensive,0.621,82,0.044,1.1,0.538,0.117,0.051,0.112,0.034,0.546,0.548,412,453,192,357,165
2018-19,OffRebound,22018,1610612744,GSW,Golden State Warriors,Offensive,0.897,82,0.042,1.149,0.588,0.095,0.067,0.095,0.026,0.567,0.604,388,446,197,335,138
2018-19,OffRebound,22018,1610612763,MEM,Memphis Grizzlies,Offensive,0.379,82,0.047,1.068,0.553,0.126,0.077,0.111,0.019,0.551,0.555,414,442,187,338,151
2018-19,OffRebound,22018,1610612741,CHI,Chicago Bulls,Offensive,0.414,82,0.046,1.07,0.539,0.092,0.056,0.083,0.022,0.539,0.542,412,441,194,360,166
2018-19,OffRebound,22018,1610612742,DAL,Dallas Mavericks,Offensive,0.31,82,0.045,1.058,0.551,0.104,0.09,0.09,0.019,0.533,0.557,413,437,188,341,153
2018-19,OffRebound,22018,1610612738,BOS,Boston Celtics,Offensive,0.172,82,0.045,1.041,0.524,0.1,0.054,0.095,0.007,0.534,0.53,410,427,183,349,166
2018-19,OffRebound,22018,1610612745,HOU,Houston Rockets,Offensive,0.103,82,0.044,0.987,0.489,0.144,0.083,0.134,0.035,0.491,0.494,397,392,157,321,164
2018-19,Misc,22018,1610612755,PHI,Philadelphia 76ers,Offensive,0.621,82,0.076,0.565,0.354,0.258,0.519,0.032,0.007,0.32,0.381,713,403,58,164,106
2018-19,Misc,22018,1610612740,NOP,New Orleans Pelicans,Offensive,1,82,0.058,0.682,0.488,0.238,0.468,0.031,0.009,0.361,0.533,554,378,82,168,86
2018-19,Misc,22018,1610612748,MIA,Miami Heat,Offensive,0.724,82,0.068,0.575,0.423,0.232,0.512,0.042,0.008,0.314,0.46,617,355,69,163,94
2018-19,Misc,22018,1610612746,LAC,LA Clippers,Offensive,0.966,82,0.058,0.633,0.362,0.265,0.465,0.022,0.006,0.341,0.403,540,342,54,149,95
2018-19,Misc,22018,1610612762,UTA,Utah Jazz,Offensive,0.931,82,0.058,0.621,0.349,0.294,0.464,0.017,0.002,0.355,0.391,530,329,45,129,84
2018-19,Misc,22018,1610612750,MIN,Minnesota Timberwolves,Offensive,0.759,82,0.057,0.591,0.321,0.23,0.457,0.036,0.004,0.311,0.351,530,313,54,168,114
2018-19,Misc,22018,1610612757,POR,Portland Trail Blazers,Offensive,0.552,82,0.06,0.559,0.409,0.232,0.545,0.038,0.004,0.307,0.449,560,313,52,127,75
2018-19,Misc,22018,1610612765,DET,Detroit Pistons,Offensive,0.241,82,0.064,0.537,0.313,0.22,0.489,0.017,0.01,0.283,0.349,583,313,55,176,121
2018-19,Misc,22018,1610612742,DAL,Dallas Mavericks,Offensive,0.448,82,0.061,0.55,0.276,0.266,0.463,0.03,0.007,0.316,0.304,560,308,43,156,113
2018-19,Misc,22018,1610612751,BKN,Brooklyn Nets,Offensive,0.793,82,0.054,0.6,0.449,0.265,0.509,0.046,0.008,0.335,0.492,505,303,53,118,65
2018-19,Misc,22018,1610612744,GSW,Golden State Warriors,Offensive,0,82,0.067,0.494,0.368,0.168,0.556,0.026,0.008,0.258,0.42,613,303,64,174,110
2018-19,Misc,22018,1610612739,CLE,Cleveland Cavaliers,Offensive,0.655,82,0.059,0.566,0.384,0.194,0.497,0.029,0.006,0.299,0.439,525,297,63,164,101
2018-19,Misc,22018,1610612760,OKC,Oklahoma City Thunder,Offensive,0.897,81,0.051,0.608,0.382,0.227,0.423,0.047,0.01,0.318,0.422,485,295,66,173,107
2018-19,Misc,22018,1610612761,TOR,Toronto Raptors,Offensive,0.69,82,0.056,0.572,0.379,0.186,0.492,0.029,0.006,0.295,0.423,516,295,64,169,105
2018-19,Misc,22018,1610612758,SAC,Sacramento Kings,Offensive,0.483,82,0.055,0.557,0.335,0.231,0.445,0.038,0.011,0.303,0.369,524,292,59,176,117
2018-19,Misc,22018,1610612737,ATL,Atlanta Hawks,Offensive,0.103,81,0.059,0.519,0.329,0.206,0.517,0.032,0.009,0.284,0.366,563,292,53,161,108
2018-19,Misc,22018,1610612756,PHX,Phoenix Suns,Offensive,0.345,82,0.058,0.546,0.435,0.195,0.554,0.042,0.009,0.289,0.478,529,289,60,138,78
2018-19,Misc,22018,1610612743,DEN,Denver Nuggets,Offensive,0.276,82,0.058,0.537,0.323,0.252,0.511,0.026,0.006,0.3,0.358,536,288,42,130,88
2018-19,Misc,22018,1610612747,LAL,Los Angeles Lakers,Offensive,0.069,82,0.06,0.504,0.399,0.208,0.538,0.028,0.007,0.286,0.429,567,286,59,148,89
2018-19,Misc,22018,1610612763,MEM,Memphis Grizzlies,Offensive,0.034,82,0.064,0.504,0.328,0.242,0.542,0.027,0.005,0.286,0.364,566,285,41,125,84
2018-19,Misc,22018,1610612754,IND,Indiana Pacers,Offensive,0.31,82,0.058,0.538,0.4,0.23,0.533,0.023,0.002,0.305,0.432,522,281,50,125,75
2018-19,Misc,22018,1610612764,WAS,Washington Wizards,Offensive,0.172,82,0.057,0.532,0.363,0.208,0.5,0.021,0.006,0.29,0.385,528,281,57,157,100
2018-19,Misc,22018,1610612766,CHA,Charlotte Hornets,Offensive,0.828,82,0.051,0.603,0.276,0.261,0.438,0.045,0.011,0.323,0.31,464,280,40,145,105
2018-19,Misc,22018,1610612738,BOS,Boston Celtics,Offensive,0.586,82,0.053,0.562,0.372,0.235,0.521,0.021,0.004,0.311,0.409,486,273,45,121,76
2018-19,Misc,22018,1610612753,ORL,Orlando Magic,Offensive,0.207,82,0.056,0.535,0.393,0.193,0.543,0.03,0.004,0.282,0.441,503,269,53,135,82
2018-19,Misc,22018,1610612759,SAS,San Antonio Spurs,Offensive,0.862,82,0.048,0.605,0.422,0.222,0.528,0.023,0.005,0.315,0.468,428,259,46,109,63
2018-19,Misc,22018,1610612745,HOU,Houston Rockets,Offensive,0.517,82,0.051,0.558,0.359,0.244,0.542,0.037,0.011,0.298,0.417,459,256,37,103,66
2018-19,Misc,22018,1610612741,CHI,Chicago Bulls,Offensive,0.379,82,0.051,0.547,0.404,0.191,0.508,0.033,0.004,0.293,0.447,461,252,57,141,84
2018-19,Misc,22018,1610612752,NYK,New York Knicks,Offensive,0.138,82,0.051,0.531,0.358,0.224,0.529,0.032,0.009,0.288,0.396,469,249,43,120,77
2018-19,Misc,22018,1610612749,MIL,Milwaukee Bucks,Offensive,0.414,82,0.046,0.547,0.405,0.199,0.529,0.044,0.007,0.291,0.43,433,237,49,121,72
2019-20,Isolation,22019,1610612745,HOU,Houston Rockets,Offensive,1,72,0.196,1.039,0.413,0.146,0.076,0.134,0.036,0.442,0.496,1628,1692,547,1324,777
2019-20,Isolation,22019,1610612757,POR,Portland Trail Blazers,Offensive,0.931,74,0.099,0.963,0.419,0.121,0.074,0.103,0.025,0.44,0.465,829,798,289,689,400
2019-20,Isolation,22019,1610612760,OKC,Oklahoma City Thunder,Offensive,0.897,72,0.088,0.958,0.413,0.128,0.087,0.11,0.022,0.434,0.47,693,664,231,559,328
2019-20,Isolation,22019,1610612749,MIL,Milwaukee Bucks,Offensive,0.759,73,0.072,0.931,0.417,0.144,0.111,0.128,0.033,0.421,0.469,611,569,198,475,277
2019-20,Isolation,22019,1610612751,BKN,Brooklyn Nets,Offensive,0.241,72,0.076,0.873,0.356,0.153,0.057,0.137,0.029,0.409,0.402,629,549,183,514,331
2019-20,Isolation,22019,1610612746,LAC,LA Clippers,Offensive,0.552,72,0.073,0.891,0.4,0.14,0.089,0.127,0.033,0.423,0.439,605,539,194,485,291
2019-20,Isolation,22019,1610612747,LAL,Los Angeles Lakers,Offensive,0.276,71,0.076,0.876,0.392,0.132,0.093,0.113,0.038,0.406,0.435,613,537,195,498,303
2019-20,Isolation,22019,1610612738,BOS,Boston Celtics,Offensive,0.862,72,0.069,0.955,0.403,0.117,0.074,0.108,0.018,0.427,0.471,557,532,185,459,274
2019-20,Isolation,22019,1610612742,DAL,Dallas Mavericks,Offensive,0.724,75,0.063,0.93,0.391,0.135,0.09,0.124,0.028,0.414,0.454,532,495,167,427,260
2019-20,Isolation,22019,1610612761,TOR,Toronto Raptors,Offensive,0.586,72,0.061,0.9,0.403,0.133,0.105,0.117,0.023,0.426,0.449,488,439,154,382,228
2019-20,Isolation,22019,1610612762,UTA,Utah Jazz,Offensive,0.966,72,0.057,0.969,0.429,0.097,0.115,0.088,0.022,0.423,0.505,452,438,157,366,209
2019-20,Isolation,22019,1610612739,CLE,Cleveland Cavaliers,Offensive,0.31,65,0.068,0.877,0.405,0.109,0.091,0.101,0.03,0.408,0.44,495,434,166,410,244
2019-20,Isolation,22019,1610612740,NOP,New Orleans Pelicans,Offensive,0.655,72,0.055,0.919,0.428,0.131,0.12,0.118,0.024,0.433,0.469,467,429,154,360,206
2019-20,Isolation,22019,1610612759,SAS,San Antonio Spurs,Offensive,0.793,71,0.056,0.939,0.452,0.149,0.104,0.149,0.038,0.458,0.464,443,416,157,347,190
2019-20,Isolation,22019,1610612758,SAC,Sacramento Kings,Offensive,0.207,72,0.06,0.861,0.399,0.126,0.13,0.118,0.025,0.406,0.437,483,416,148,371,223
2019-20,Isolation,22019,1610612750,MIN,Minnesota Timberwolves,Offensive,0.69,64,0.059,0.923,0.418,0.098,0.1,0.093,0.011,0.417,0.483,441,407,150,359,209
2019-20,Isolation,22019,1610612752,NYK,New York Knicks,Offensive,0.069,66,0.067,0.778,0.376,0.105,0.113,0.097,0.026,0.377,0.398,504,392,153,407,254
2019-20,Isolation,22019,1610612764,WAS,Washington Wizards,Offensive,0.414,72,0.054,0.881,0.409,0.133,0.106,0.126,0.032,0.426,0.435,444,391,144,352,208
2019-20,Isolation,22019,1610612744,GSW,Golden State Warriors,Offensive,0.172,65,0.063,0.838,0.374,0.123,0.103,0.114,0.024,0.395,0.408,456,382,136,364,228
2019-20,Isolation,22019,1610612755,PHI,Philadelphia 76ers,Offensive,0.379,73,0.052,0.879,0.413,0.131,0.081,0.119,0.021,0.435,0.437,421,370,141,341,200
2019-20,Isolation,22019,1610612743,DEN,Denver Nuggets,Offensive,0.483,73,0.049,0.886,0.4,0.109,0.079,0.104,0.013,0.426,0.448,394,349,130,325,195
2019-20,Isolation,22019,1610612754,IND,Indiana Pacers,Offensive,0.448,73,0.049,0.885,0.436,0.072,0.105,0.069,0.01,0.422,0.465,391,346,142,326,184
2019-20,Isolation,22019,1610612748,MIA,Miami Heat,Offensive,0.345,73,0.046,0.878,0.404,0.141,0.105,0.132,0.019,0.424,0.44,370,325,115,285,170
2019-20,Isolation,22019,1610612765,DET,Detroit Pistons,Offensive,0.517,66,0.048,0.888,0.406,0.124,0.101,0.107,0.02,0.424,0.44,347,308,112,276,164
2019-20,Isolation,22019,1610612737,ATL,Atlanta Hawks,Offensive,0.828,67,0.041,0.947,0.418,0.159,0.09,0.137,0.031,0.442,0.456,321,304,105,251,146
2019-20,Isolation,22019,1610612756,PHX,Phoenix Suns,Offensive,0.621,73,0.04,0.91,0.409,0.148,0.108,0.133,0.021,0.434,0.441,332,302,104,254,150
2019-20,Isolation,22019,1610612763,MEM,Memphis Grizzlies,Offensive,0,73,0.047,0.761,0.351,0.117,0.099,0.115,0.02,0.369,0.383,393,299,111,316,205
2019-20,Isolation,22019,1610612741,CHI,Chicago Bulls,Offensive,0.103,65,0.05,0.82,0.354,0.102,0.08,0.097,0.028,0.371,0.398,361,296,108,305,197
2019-20,Isolation,22019,1610612766,CHA,Charlotte Hornets,Offensive,0.034,65,0.047,0.776,0.328,0.109,0.097,0.097,0.024,0.344,0.386,331,257,89,271,182
2019-20,Isolation,22019,1610612753,ORL,Orlando Magic,Offensive,0.138,73,0.03,0.826,0.383,0.124,0.132,0.107,0.033,0.384,0.418,242,200,72,188,116
2019-20,Transition,22019,1610612761,TOR,Toronto Raptors,Offensive,0.931,72,0.216,1.149,0.538,0.147,0.125,0.134,0.038,0.517,0.617,1740,2000,717,1333,616
2019-20,Transition,22019,1610612745,HOU,Houston Rockets,Offensive,0.586,72,0.201,1.117,0.52,0.144,0.122,0.132,0.031,0.503,0.596,1669,1864,664,1276,612
2019-20,Transition,22019,1610612749,MIL,Milwaukee Bucks,Offensive,0.069,73,0.205,1.067,0.499,0.143,0.12,0.131,0.037,0.478,0.577,1735,1852,671,1344,673
2019-20,Transition,22019,1610612764,WAS,Washington Wizards,Offensive,0.552,72,0.191,1.109,0.508,0.132,0.112,0.114,0.03,0.497,0.586,1583,1755,631,1243,612
2019-20,Transition,22019,1610612763,MEM,Memphis Grizzlies,Offensive,0.483,73,0.179,1.106,0.538,0.108,0.128,0.094,0.019,0.505,0.611,1497,1655,630,1172,542
2019-20,Transition,22019,1610612740,NOP,New Orleans Pelicans,Offensive,0.345,72,0.174,1.098,0.527,0.12,0.141,0.109,0.035,0.482,0.612,1465,1608,597,1132,535
2019-20,Transition,22019,1610612747,LAL,Los Angeles Lakers,Offensive,0.828,71,0.175,1.137,0.557,0.146,0.128,0.133,0.041,0.522,0.625,1402,1594,596,1070,474
2019-20,Transition,22019,1610612756,PHX,Phoenix Suns,Offensive,1,73,0.16,1.195,0.559,0.13,0.112,0.114,0.032,0.536,0.633,1318,1575,582,1042,460
2019-20,Transition,22019,1610612755,PHI,Philadelphia 76ers,Offensive,0.241,73,0.159,1.084,0.522,0.099,0.138,0.084,0.015,0.479,0.611,1291,1400,524,1003,479
2019-20,Transition,22019,1610612738,BOS,Boston Celtics,Offensive,0.862,72,0.151,1.14,0.548,0.145,0.127,0.127,0.033,0.524,0.61,1225,1396,511,933,422
2019-20,Transition,22019,1610612758,SAC,Sacramento Kings,Offensive,0.621,72,0.153,1.119,0.525,0.112,0.113,0.104,0.028,0.5,0.606,1225,1371,516,983,467
2019-20,Transition,22019,1610612751,BKN,Brooklyn Nets,Offensive,0.897,72,0.143,1.142,0.534,0.131,0.119,0.118,0.027,0.51,0.621,1186,1354,491,919,428
2019-20,Transition,22019,1610612759,SAS,San Antonio Spurs,Offensive,0.793,71,0.148,1.124,0.536,0.141,0.126,0.132,0.029,0.516,0.6,1177,1323,479,894,415
2019-20,Transition,22019,1610612737,ATL,Atlanta Hawks,Offensive,0.379,67,0.152,1.098,0.529,0.129,0.137,0.123,0.032,0.5,0.596,1184,1300,479,906,427
2019-20,Transition,22019,1610612754,IND,Indiana Pacers,Offensive,0.655,73,0.143,1.121,0.532,0.122,0.116,0.107,0.026,0.509,0.599,1142,1280,479,901,422
2019-20,Transition,22019,1610612748,MIA,Miami Heat,Offensive,0.966,73,0.133,1.177,0.559,0.156,0.131,0.138,0.034,0.533,0.642,1061,1249,442,791,349
2019-20,Transition,22019,1610612741,CHI,Chicago Bulls,Offensive,0.207,65,0.158,1.083,0.545,0.112,0.135,0.102,0.03,0.498,0.605,1153,1249,491,901,410
2019-20,Transition,22019,1610612743,DEN,Denver Nuggets,Offensive,0.414,73,0.139,1.101,0.53,0.099,0.134,0.092,0.02,0.491,0.612,1125,1239,470,886,416
2019-20,Transition,22019,1610612746,LAC,LA Clippers,Offensive,0.31,72,0.138,1.088,0.509,0.16,0.119,0.15,0.043,0.496,0.569,1138,1238,441,867,426
2019-20,Transition,22019,1610612753,ORL,Orlando Magic,Offensive,0.69,73,0.136,1.121,0.519,0.151,0.104,0.14,0.035,0.51,0.589,1100,1233,444,856,412
2019-20,Transition,22019,1610612750,MIN,Minnesota Timberwolves,Offensive,0.138,64,0.149,1.08,0.506,0.134,0.125,0.121,0.034,0.486,0.582,1120,1210,439,867,428
2019-20,Transition,22019,1610612742,DAL,Dallas Mavericks,Offensive,0.448,75,0.129,1.105,0.492,0.137,0.101,0.119,0.027,0.492,0.576,1090,1204,423,860,437
2019-20,Transition,22019,1610612760,OKC,Oklahoma City Thunder,Offensive,0.276,72,0.141,1.086,0.507,0.124,0.119,0.107,0.03,0.487,0.583,1106,1201,441,869,428
2019-20,Transition,22019,1610612762,UTA,Utah Jazz,Offensive,0.172,72,0.14,1.081,0.508,0.106,0.137,0.092,0.021,0.476,0.598,1107,1197,437,860,423
2019-20,Transition,22019,1610612757,POR,Portland Trail Blazers,Offensive,0.759,74,0.125,1.122,0.517,0.116,0.114,0.101,0.031,0.493,0.601,1047,1175,433,838,405
2019-20,Transition,22019,1610612765,DET,Detroit Pistons,Offensive,0.517,66,0.147,1.106,0.535,0.116,0.131,0.104,0.025,0.502,0.608,1062,1175,443,828,385
2019-20,Transition,22019,1610612744,GSW,Golden State Warriors,Offensive,0.724,65,0.14,1.121,0.537,0.133,0.131,0.114,0.024,0.512,0.606,1021,1145,416,775,359
2019-20,Transition,22019,1610612766,CHA,Charlotte Hornets,Offensive,0.034,65,0.147,1.054,0.504,0.126,0.137,0.117,0.029,0.478,0.576,1040,1096,402,797,395
2019-20,Transition,22019,1610612752,NYK,New York Knicks,Offensive,0,66,0.141,1.033,0.503,0.144,0.128,0.13,0.035,0.482,0.567,1057,1092,406,807,401
2019-20,Transition,22019,1610612739,CLE,Cleveland Cavaliers,Offensive,0.103,65,0.128,1.071,0.536,0.121,0.143,0.111,0.029,0.496,0.593,933,999,382,713,331
2019-20,PRBallHandler,22019,1610612757,POR,Portland Trail Blazers,Offensive,1,74,0.237,0.993,0.433,0.106,0.094,0.087,0.019,0.439,0.499,1976,1963,700,1618,918
2019-20,PRBallHandler,22019,1610612762,UTA,Utah Jazz,Offensive,0.724,72,0.254,0.895,0.426,0.093,0.137,0.078,0.015,0.411,0.476,2006,1796,671,1574,903
2019-20,PRBallHandler,22019,1610612738,BOS,Boston Celtics,Offensive,0.931,72,0.218,0.976,0.439,0.086,0.117,0.077,0.012,0.428,0.517,1767,1724,628,1429,801
2019-20,PRBallHandler,22019,1610612746,LAC,LA Clippers,Offensive,0.759,72,0.226,0.92,0.437,0.114,0.137,0.097,0.021,0.426,0.48,1861,1713,624,1429,805
2019-20,PRBallHandler,22019,1610612742,DAL,Dallas Mavericks,Offensive,0.966,75,0.204,0.979,0.464,0.116,0.138,0.098,0.031,0.441,0.53,1724,1688,621,1339,718
2019-20,PRBallHandler,22019,1610612760,OKC,Oklahoma City Thunder,Offensive,0.828,72,0.225,0.949,0.473,0.124,0.139,0.081,0.021,0.459,0.497,1768,1677,634,1341,707
2019-20,PRBallHandler,22019,1610612737,ATL,Atlanta Hawks,Offensive,0.483,67,0.23,0.864,0.399,0.108,0.161,0.089,0.015,0.387,0.456,1796,1551,534,1340,806
2019-20,PRBallHandler,22019,1610612753,ORL,Orlando Magic,Offensive,0.655,73,0.206,0.879,0.413,0.1,0.132,0.093,0.02,0.403,0.456,1662,1461,540,1308,768
2019-20,PRBallHandler,22019,1610612751,BKN,Brooklyn Nets,Offensive,0.207,72,0.212,0.832,0.402,0.105,0.15,0.095,0.021,0.389,0.441,1755,1460,539,1342,803
2019-20,PRBallHandler,22019,1610612759,SAS,San Antonio Spurs,Offensive,0.862,71,0.188,0.95,0.445,0.106,0.099,0.096,0.021,0.446,0.478,1492,1418,541,1217,676
2019-20,PRBallHandler,22019,1610612748,MIA,Miami Heat,Offensive,0.517,73,0.196,0.87,0.409,0.111,0.14,0.095,0.017,0.405,0.451,1567,1364,490,1199,709
2019-20,PRBallHandler,22019,1610612754,IND,Indiana Pacers,Offensive,0.586,73,0.192,0.874,0.445,0.067,0.124,0.06,0.012,0.416,0.472,1527,1335,559,1255,696
2019-20,PRBallHandler,22019,1610612758,SAC,Sacramento Kings,Offensive,0.552,72,0.191,0.873,0.426,0.098,0.145,0.091,0.016,0.407,0.472,1529,1335,503,1180,677
2019-20,PRBallHandler,22019,1610612764,WAS,Washington Wizards,Offensive,0.345,72,0.19,0.846,0.416,0.084,0.133,0.07,0.011,0.398,0.453,1575,1332,518,1245,727
2019-20,PRBallHandler,22019,1610612741,CHI,Chicago Bulls,Offensive,0.103,65,0.216,0.821,0.415,0.084,0.167,0.075,0.016,0.38,0.461,1577,1295,501,1206,705
2019-20,PRBallHandler,22019,1610612763,MEM,Memphis Grizzlies,Offensive,0.414,73,0.182,0.846,0.427,0.101,0.148,0.088,0.021,0.406,0.454,1528,1293,503,1178,675
2019-20,PRBallHandler,22019,1610612739,CLE,Cleveland Cavaliers,Offensive,0.138,65,0.206,0.823,0.413,0.075,0.163,0.064,0.017,0.377,0.454,1499,1233,482,1168,686
2019-20,PRBallHandler,22019,1610612750,MIN,Minnesota Timberwolves,Offensive,0.69,64,0.17,0.891,0.424,0.119,0.149,0.105,0.017,0.415,0.474,1271,1132,404,952,548
2019-20,PRBallHandler,22019,1610612756,PHX,Phoenix Suns,Offensive,0.31,73,0.161,0.845,0.439,0.1,0.188,0.087,0.016,0.399,0.472,1328,1122,422,962,540
2019-20,PRBallHandler,22019,1610612765,DET,Detroit Pistons,Offensive,0.276,66,0.184,0.842,0.427,0.082,0.155,0.071,0.018,0.395,0.462,1332,1121,445,1041,596
2019-20,PRBallHandler,22019,1610612740,NOP,New Orleans Pelicans,Offensive,0,72,0.17,0.774,0.396,0.082,0.179,0.076,0.022,0.357,0.436,1432,1109,430,1087,657
2019-20,PRBallHandler,22019,1610612749,MIL,Milwaukee Bucks,Offensive,0.793,73,0.134,0.929,0.446,0.102,0.143,0.088,0.021,0.423,0.503,1136,1055,393,882,489
2019-20,PRBallHandler,22019,1610612744,GSW,Golden State Warriors,Offensive,0.172,65,0.174,0.823,0.389,0.099,0.141,0.088,0.013,0.382,0.43,1268,1043,380,978,598
2019-20,PRBallHandler,22019,1610612752,NYK,New York Knicks,Offensive,0.034,66,0.178,0.777,0.398,0.095,0.144,0.086,0.015,0.377,0.427,1330,1034,411,1032,621
2019-20,PRBallHandler,22019,1610612747,LAL,Los Angeles Lakers,Offensive,0.448,71,0.147,0.859,0.426,0.084,0.142,0.076,0.021,0.397,0.47,1180,1014,400,938,538
2019-20,PRBallHandler,22019,1610612766,CHA,Charlotte Hornets,Offensive,0.241,65,0.169,0.834,0.388,0.085,0.165,0.068,0.015,0.365,0.456,1199,1000,355,916,561
2019-20,PRBallHandler,22019,1610612761,TOR,Toronto Raptors,Offensive,0.621,72,0.141,0.874,0.408,0.111,0.174,0.087,0.014,0.391,0.476,1131,989,337,825,488
2019-20,PRBallHandler,22019,1610612743,DEN,Denver Nuggets,Offensive,0.069,73,0.147,0.82,0.397,0.07,0.123,0.06,0.018,0.38,0.433,1193,978,390,983,593
2019-20,PRBallHandler,22019,1610612755,PHI,Philadelphia 76ers,Offensive,0.379,73,0.132,0.846,0.425,0.099,0.134,0.084,0.02,0.411,0.45,1072,907,358,842,484
2019-20,PRBallHandler,22019,1610612745,HOU,Houston Rockets,Offensive,0.897,72,0.098,0.952,0.47,0.144,0.196,0.126,0.027,0.432,0.533,815,776,262,558,296
2019-20,PRRollMan,22019,1610612742,DAL,Dallas Mavericks,Offensive,0.966,75,0.071,1.246,0.542,0.118,0.051,0.116,0.032,0.548,0.632,602,750,281,518,237
2019-20,PRRollMan,22019,1610612754,IND,Indiana Pacers,Offensive,0.31,73,0.084,1.067,0.504,0.128,0.07,0.122,0.033,0.512,0.542,672,717,282,559,277
2019-20,PRRollMan,22019,1610612737,ATL,Atlanta Hawks,Offensive,0.69,67,0.077,1.162,0.559,0.102,0.067,0.097,0.025,0.549,0.606,599,696,287,513,226
2019-20,PRRollMan,22019,1610612760,OKC,Oklahoma City Thunder,Offensive,1,72,0.067,1.269,0.59,0.116,0.076,0.106,0.025,0.575,0.667,527,669,259,439,180
2019-20,PRRollMan,22019,1610612763,MEM,Memphis Grizzlies,Offensive,0.897,73,0.065,1.223,0.586,0.109,0.059,0.103,0.035,0.575,0.624,543,664,276,471,195
2019-20,PRRollMan,22019,1610612761,TOR,Toronto Raptors,Offensive,0.034,72,0.075,1.018,0.484,0.11,0.1,0.101,0.03,0.472,0.53,602,613,239,494,255
2019-20,PRRollMan,22019,1610612746,LAC,LA Clippers,Offensive,0.759,72,0.061,1.201,0.572,0.111,0.076,0.105,0.024,0.555,0.634,503,604,241,421,180
2019-20,PRRollMan,22019,1610612743,DEN,Denver Nuggets,Offensive,0.621,73,0.065,1.141,0.533,0.088,0.061,0.078,0.021,0.522,0.592,525,599,244,458,214
2019-20,PRRollMan,22019,1610612765,DET,Detroit Pistons,Offensive,0.655,66,0.068,1.149,0.55,0.159,0.08,0.157,0.033,0.553,0.598,490,563,214,389,175
2019-20,PRRollMan,22019,1610612753,ORL,Orlando Magic,Offensive,0.207,73,0.067,1.043,0.468,0.08,0.056,0.08,0.015,0.467,0.537,540,563,222,474,252
2019-20,PRRollMan,22019,1610612752,NYK,New York Knicks,Offensive,0.862,66,0.062,1.212,0.591,0.127,0.05,0.127,0.028,0.598,0.614,463,561,233,394,161
2019-20,PRRollMan,22019,1610612740,NOP,New Orleans Pelicans,Offensive,0.931,72,0.053,1.246,0.611,0.212,0.071,0.199,0.04,0.618,0.647,448,558,207,339,132
2019-20,PRRollMan,22019,1610612751,BKN,Brooklyn Nets,Offensive,0.793,72,0.055,1.206,0.623,0.138,0.086,0.134,0.053,0.59,0.65,456,550,235,377,142
2019-20,PRRollMan,22019,1610612756,PHX,Phoenix Suns,Offensive,0.379,73,0.061,1.077,0.51,0.075,0.075,0.071,0.01,0.5,0.563,506,545,222,435,213
2019-20,PRRollMan,22019,1610612748,MIA,Miami Heat,Offensive,0.724,73,0.057,1.2,0.58,0.149,0.058,0.142,0.027,0.581,0.619,451,541,214,369,155
2019-20,PRRollMan,22019,1610612758,SAC,Sacramento Kings,Offensive,0.448,72,0.062,1.098,0.518,0.083,0.081,0.083,0.016,0.504,0.576,492,540,217,419,202
2019-20,PRRollMan,22019,1610612757,POR,Portland Trail Blazers,Offensive,0.345,74,0.06,1.074,0.532,0.112,0.076,0.11,0.03,0.523,0.561,499,536,223,419,196
2019-20,PRRollMan,22019,1610612766,CHA,Charlotte Hornets,Offensive,0,65,0.08,0.945,0.446,0.127,0.081,0.12,0.034,0.453,0.483,565,534,208,466,258
2019-20,PRRollMan,22019,1610612749,MIL,Milwaukee Bucks,Offensive,0.552,73,0.054,1.132,0.521,0.145,0.062,0.139,0.046,0.524,0.572,454,514,198,380,182
2019-20,PRRollMan,22019,1610612762,UTA,Utah Jazz,Offensive,0.586,72,0.057,1.138,0.571,0.18,0.091,0.178,0.031,0.575,0.6,449,511,194,340,146
2019-20,PRRollMan,22019,1610612764,WAS,Washington Wizards,Offensive,0.483,72,0.055,1.121,0.533,0.119,0.068,0.115,0.033,0.53,0.57,453,508,204,383,179
2019-20,PRRollMan,22019,1610612741,CHI,Chicago Bulls,Offensive,0.103,65,0.067,1.035,0.49,0.124,0.093,0.113,0.01,0.491,0.542,485,502,188,384,196
2019-20,PRRollMan,22019,1610612759,SAS,San Antonio Spurs,Offensive,0.414,71,0.055,1.081,0.517,0.048,0.069,0.044,0.014,0.491,0.575,434,469,201,389,188
2019-20,PRRollMan,22019,1610612750,MIN,Minnesota Timberwolves,Offensive,0.138,64,0.06,1.038,0.445,0.109,0.089,0.103,0.027,0.446,0.534,448,465,165,371,206
2019-20,PRRollMan,22019,1610612739,CLE,Cleveland Cavaliers,Offensive,0.276,65,0.059,1.065,0.506,0.088,0.085,0.081,0.012,0.487,0.57,433,461,183,362,179
2019-20,PRRollMan,22019,1610612738,BOS,Boston Celtics,Offensive,0.517,72,0.05,1.123,0.532,0.088,0.054,0.083,0.022,0.525,0.582,408,458,191,359,168
2019-20,PRRollMan,22019,1610612747,LAL,Los Angeles Lakers,Offensive,0.828,71,0.047,1.207,0.571,0.138,0.072,0.13,0.043,0.564,0.622,376,454,178,312,134
2019-20,PRRollMan,22019,1610612755,PHI,Philadelphia 76ers,Offensive,0.069,73,0.051,1.031,0.439,0.074,0.05,0.074,0.014,0.448,0.522,417,430,163,371,208
2019-20,PRRollMan,22019,1610612745,HOU,Houston Rockets,Offensive,0.241,72,0.043,1.045,0.508,0.103,0.098,0.101,0.031,0.489,0.557,358,374,151,297,146
2019-20,PRRollMan,22019,1610612744,GSW,Golden State Warriors,Offensive,0.172,65,0.047,1.041,0.504,0.156,0.085,0.147,0.029,0.509,0.532,340,354,135,268,133
2019-20,Postup,22019,1610612755,PHI,Philadelphia 76ers,Offensive,0.966,73,0.115,0.989,0.499,0.178,0.117,0.142,0.031,0.505,0.499,934,924,343,688,345
2019-20,Postup,22019,1610612743,DEN,Denver Nuggets,Offensive,0.931,73,0.076,0.984,0.529,0.175,0.159,0.136,0.032,0.506,0.529,617,607,228,431,203
2019-20,Postup,22019,1610612747,LAL,Los Angeles Lakers,Offensive,0.517,71,0.078,0.911,0.482,0.157,0.145,0.123,0.021,0.473,0.482,626,570,216,448,232
2019-20,Postup,22019,1610612749,MIL,Milwaukee Bucks,Offensive,0.724,73,0.067,0.945,0.535,0.127,0.159,0.104,0.027,0.486,0.535,566,535,224,419,195
2019-20,Postup,22019,1610612759,SAS,San Antonio Spurs,Offensive,0.828,71,0.069,0.956,0.467,0.152,0.091,0.129,0.024,0.488,0.467,551,527,201,430,229
2019-20,Postup,22019,1610612746,LAC,LA Clippers,Offensive,0.793,72,0.062,0.955,0.484,0.165,0.122,0.136,0.041,0.482,0.484,508,485,185,382,197
2019-20,Postup,22019,1610612757,POR,Portland Trail Blazers,Offensive,0.552,74,0.063,0.915,0.462,0.127,0.112,0.116,0.017,0.465,0.462,527,482,189,409,220
2019-20,Postup,22019,1610612752,NYK,New York Knicks,Offensive,0.31,66,0.07,0.892,0.481,0.154,0.163,0.129,0.037,0.463,0.481,520,464,180,374,194
2019-20,Postup,22019,1610612753,ORL,Orlando Magic,Offensive,0.034,73,0.057,0.818,0.432,0.095,0.115,0.071,0.011,0.42,0.432,462,378,159,368,209
2019-20,Postup,22019,1610612756,PHX,Phoenix Suns,Offensive,0.655,73,0.049,0.924,0.481,0.15,0.15,0.123,0.032,0.466,0.481,406,375,143,297,154
2019-20,Postup,22019,1610612739,CLE,Cleveland Cavaliers,Offensive,0.345,65,0.057,0.895,0.492,0.129,0.17,0.105,0.017,0.457,0.492,418,374,147,299,152
2019-20,Postup,22019,1610612763,MEM,Memphis Grizzlies,Offensive,0.241,73,0.048,0.877,0.472,0.126,0.158,0.116,0.025,0.444,0.472,405,355,141,299,158
2019-20,Postup,22019,1610612754,IND,Indiana Pacers,Offensive,0.414,73,0.046,0.9,0.5,0.119,0.171,0.106,0.043,0.447,0.5,369,332,139,278,139
2019-20,Postup,22019,1610612765,DET,Detroit Pistons,Offensive,0.448,66,0.05,0.901,0.508,0.153,0.189,0.126,0.033,0.466,0.508,365,329,128,252,124
2019-20,Postup,22019,1610612758,SAC,Sacramento Kings,Offensive,0.172,72,0.047,0.868,0.436,0.148,0.137,0.132,0.029,0.443,0.436,379,329,123,282,159
2019-20,Postup,22019,1610612738,BOS,Boston Celtics,Offensive,0.897,72,0.04,0.982,0.5,0.165,0.128,0.138,0.04,0.495,0.5,327,321,122,244,122
2019-20,Postup,22019,1610612761,TOR,Toronto Raptors,Offensive,0.207,72,0.045,0.874,0.466,0.115,0.142,0.093,0.027,0.438,0.466,365,319,131,281,150
2019-20,Postup,22019,1610612766,CHA,Charlotte Hornets,Offensive,0.759,65,0.047,0.948,0.5,0.158,0.136,0.133,0.045,0.473,0.5,330,313,124,248,124
2019-20,Postup,22019,1610612760,OKC,Oklahoma City Thunder,Offensive,0.862,72,0.041,0.966,0.476,0.211,0.099,0.176,0.025,0.511,0.476,323,312,110,231,121
2019-20,Postup,22019,1610612742,DAL,Dallas Mavericks,Offensive,0.276,75,0.04,0.888,0.414,0.191,0.091,0.165,0.059,0.441,0.414,340,302,109,263,154
2019-20,Postup,22019,1610612744,GSW,Golden State Warriors,Offensive,0.379,65,0.043,0.899,0.47,0.139,0.152,0.117,0.038,0.453,0.47,316,284,111,236,125
2019-20,Postup,22019,1610612740,NOP,New Orleans Pelicans,Offensive,0.586,72,0.034,0.918,0.5,0.162,0.141,0.134,0.038,0.478,0.5,291,267,107,214,107
2019-20,Postup,22019,1610612750,MIN,Minnesota Timberwolves,Offensive,0.483,64,0.039,0.907,0.483,0.17,0.163,0.128,0.035,0.464,0.483,289,262,98,203,105
2019-20,Postup,22019,1610612748,MIA,Miami Heat,Offensive,0.621,73,0.028,0.921,0.463,0.242,0.154,0.189,0.053,0.48,0.463,227,209,69,149,80
2019-20,Postup,22019,1610612737,ATL,Atlanta Hawks,Offensive,1,67,0.026,1.015,0.544,0.153,0.143,0.123,0.02,0.517,0.544,203,206,80,147,67
2019-20,Postup,22019,1610612745,HOU,Houston Rockets,Offensive,0.103,72,0.022,0.846,0.417,0.143,0.115,0.137,0.022,0.434,0.417,182,154,58,139,81
2019-20,Postup,22019,1610612741,CHI,Chicago Bulls,Offensive,0.138,65,0.023,0.863,0.461,0.125,0.137,0.101,0.024,0.446,0.461,168,145,59,128,69
2019-20,Postup,22019,1610612764,WAS,Washington Wizards,Offensive,0.069,72,0.02,0.834,0.448,0.141,0.153,0.086,0.006,0.442,0.448,163,136,52,116,64
2019-20,Postup,22019,1610612762,UTA,Utah Jazz,Offensive,0.69,72,0.018,0.938,0.471,0.25,0.188,0.222,0.028,0.479,0.471,144,135,40,85,45
2019-20,Postup,22019,1610612751,BKN,Brooklyn Nets,Offensive,0,72,0.004,0.784,0.407,0.189,0.108,0.108,0.027,0.405,0.407,37,29,11,27,16
2019-20,Spotup,22019,1610612742,DAL,Dallas Mavericks,Offensive,0.897,75,0.245,1.061,0.399,0.047,0.052,0.044,0.014,0.398,0.544,2066,2193,754,1888,1134
2019-20,Spotup,22019,1610612759,SAS,San Antonio Spurs,Offensive,0.793,71,0.243,1.049,0.421,0.065,0.072,0.062,0.017,0.415,0.54,1928,2023,714,1695,981
2019-20,Spotup,22019,1610612745,HOU,Houston Rockets,Offensive,0.483,72,0.238,1.012,0.378,0.042,0.062,0.038,0.01,0.374,0.523,1973,1997,677,1789,1112
2019-20,Spotup,22019,1610612740,NOP,New Orleans Pelicans,Offensive,0.414,72,0.228,1.006,0.39,0.05,0.073,0.044,0.009,0.383,0.526,1921,1932,664,1702,1038
2019-20,Spotup,22019,1610612756,PHX,Phoenix Suns,Offensive,0.276,73,0.23,0.983,0.371,0.043,0.049,0.038,0.006,0.375,0.502,1893,1861,641,1730,1089
2019-20,Spotup,22019,1610612755,PHI,Philadelphia 76ers,Offensive,0.69,73,0.215,1.043,0.398,0.046,0.054,0.044,0.011,0.395,0.537,1747,1822,633,1591,958
2019-20,Spotup,22019,1610612762,UTA,Utah Jazz,Offensive,0.966,72,0.209,1.079,0.424,0.041,0.077,0.039,0.007,0.409,0.572,1652,1782,623,1468,845
2019-20,Spotup,22019,1610612749,MIL,Milwaukee Bucks,Offensive,0.931,73,0.198,1.063,0.407,0.054,0.06,0.051,0.014,0.406,0.548,1672,1777,612,1504,892
2019-20,Spotup,22019,1610612751,BKN,Brooklyn Nets,Offensive,0.172,72,0.223,0.954,0.371,0.039,0.077,0.037,0.006,0.362,0.502,1850,1765,610,1645,1035
2019-20,Spotup,22019,1610612764,WAS,Washington Wizards,Offensive,0.724,72,0.203,1.045,0.397,0.058,0.048,0.051,0.01,0.405,0.529,1681,1757,603,1519,916
2019-20,Spotup,22019,1610612760,OKC,Oklahoma City Thunder,Offensive,0.207,72,0.228,0.969,0.38,0.059,0.07,0.055,0.013,0.38,0.498,1796,1740,602,1586,984
2019-20,Spotup,22019,1610612758,SAC,Sacramento Kings,Offensive,0.828,72,0.205,1.053,0.405,0.041,0.052,0.039,0.009,0.402,0.542,1640,1727,609,1502,893
2019-20,Spotup,22019,1610612761,TOR,Toronto Raptors,Offensive,0.552,72,0.21,1.02,0.382,0.039,0.06,0.036,0.009,0.377,0.526,1686,1719,586,1535,949
2019-20,Spotup,22019,1610612750,MIN,Minnesota Timberwolves,Offensive,0.103,64,0.241,0.95,0.367,0.054,0.07,0.05,0.009,0.369,0.488,1808,1717,587,1600,1013
2019-20,Spotup,22019,1610612763,MEM,Memphis Grizzlies,Offensive,0.448,73,0.2,1.011,0.399,0.057,0.071,0.054,0.01,0.396,0.526,1675,1694,589,1478,889
2019-20,Spotup,22019,1610612746,LAC,LA Clippers,Offensive,1,72,0.19,1.08,0.405,0.042,0.056,0.038,0.01,0.399,0.557,1565,1690,578,1428,850
2019-20,Spotup,22019,1610612748,MIA,Miami Heat,Offensive,0.759,73,0.199,1.048,0.389,0.038,0.057,0.035,0.007,0.384,0.543,1587,1663,563,1446,883
2019-20,Spotup,22019,1610612743,DEN,Denver Nuggets,Offensive,0.621,73,0.199,1.03,0.394,0.048,0.05,0.045,0.011,0.395,0.528,1614,1662,581,1473,892
2019-20,Spotup,22019,1610612766,CHA,Charlotte Hornets,Offensive,0.345,65,0.236,0.99,0.385,0.055,0.068,0.053,0.017,0.38,0.513,1673,1656,576,1496,920
2019-20,Spotup,22019,1610612765,DET,Detroit Pistons,Offensive,0.586,66,0.221,1.029,0.384,0.054,0.05,0.051,0.011,0.388,0.524,1597,1643,556,1448,892
2019-20,Spotup,22019,1610612741,CHI,Chicago Bulls,Offensive,0.241,65,0.229,0.98,0.379,0.044,0.07,0.038,0.01,0.373,0.513,1672,1639,568,1498,930
2019-20,Spotup,22019,1610612754,IND,Indiana Pacers,Offensive,0.655,73,0.191,1.038,0.405,0.04,0.056,0.036,0.008,0.401,0.535,1518,1575,561,1385,824
2019-20,Spotup,22019,1610612738,BOS,Boston Celtics,Offensive,0.31,72,0.194,0.988,0.385,0.051,0.069,0.045,0.01,0.383,0.511,1573,1554,538,1398,860
2019-20,Spotup,22019,1610612747,LAL,Los Angeles Lakers,Offensive,0.517,71,0.187,1.016,0.389,0.041,0.06,0.04,0.01,0.384,0.525,1501,1525,530,1364,834
2019-20,Spotup,22019,1610612737,ATL,Atlanta Hawks,Offensive,0,67,0.213,0.918,0.356,0.04,0.072,0.035,0.009,0.348,0.479,1662,1525,531,1490,959
2019-20,Spotup,22019,1610612757,POR,Portland Trail Blazers,Offensive,0.862,74,0.168,1.058,0.397,0.024,0.041,0.026,0.007,0.389,0.545,1405,1487,524,1321,797
2019-20,Spotup,22019,1610612753,ORL,Orlando Magic,Offensive,0.069,73,0.188,0.945,0.362,0.045,0.054,0.042,0.014,0.361,0.482,1513,1430,501,1383,882
2019-20,Spotup,22019,1610612739,CLE,Cleveland Cavaliers,Offensive,0.379,65,0.189,1.001,0.38,0.034,0.068,0.031,0.006,0.371,0.527,1375,1376,472,1242,770
2019-20,Spotup,22019,1610612752,NYK,New York Knicks,Offensive,0.034,66,0.199,0.922,0.349,0.044,0.053,0.042,0.009,0.352,0.469,1487,1371,473,1355,882
2019-20,Spotup,22019,1610612744,GSW,Golden State Warriors,Offensive,0.138,65,0.193,0.952,0.374,0.064,0.065,0.063,0.015,0.381,0.486,1405,1338,466,1245,779
2019-20,Handoff,22019,1610612748,MIA,Miami Heat,Offensive,0.966,73,0.088,1.066,0.438,0.077,0.094,0.066,0.019,0.427,0.554,700,746,259,592,333
2019-20,Handoff,22019,1610612743,DEN,Denver Nuggets,Offensive,0.345,73,0.073,0.889,0.405,0.059,0.089,0.052,0.008,0.397,0.461,594,528,207,511,304
2019-20,Handoff,22019,1610612749,MIL,Milwaukee Bucks,Offensive,0.931,73,0.054,1.063,0.439,0.07,0.072,0.065,0.011,0.436,0.554,459,488,175,399,224
2019-20,Handoff,22019,1610612744,GSW,Golden State Warriors,Offensive,0.483,65,0.07,0.912,0.391,0.094,0.113,0.082,0.023,0.39,0.464,513,468,164,419,255
2019-20,Handoff,22019,1610612753,ORL,Orlando Magic,Offensive,0.69,73,0.061,0.951,0.425,0.09,0.118,0.082,0.02,0.412,0.504,490,466,169,398,229
2019-20,Handoff,22019,1610612763,MEM,Memphis Grizzlies,Offensive,0.241,73,0.064,0.86,0.376,0.067,0.09,0.064,0.011,0.375,0.448,534,459,171,455,284
2019-20,Handoff,22019,1610612737,ATL,Atlanta Hawks,Offensive,0.103,67,0.069,0.841,0.381,0.1,0.156,0.089,0.019,0.37,0.445,540,454,157,412,255
2019-20,Handoff,22019,1610612759,SAS,San Antonio Spurs,Offensive,1,71,0.053,1.066,0.439,0.1,0.066,0.097,0.021,0.453,0.514,422,450,158,360,202
2019-20,Handoff,22019,1610612750,MIN,Minnesota Timberwolves,Offensive,0.31,64,0.068,0.883,0.388,0.097,0.111,0.091,0.02,0.387,0.461,506,447,159,410,251
2019-20,Handoff,22019,1610612740,NOP,New Orleans Pelicans,Offensive,0.759,72,0.052,0.955,0.416,0.073,0.116,0.07,0.016,0.401,0.507,441,421,152,365,213
2019-20,Handoff,22019,1610612762,UTA,Utah Jazz,Offensive,0.724,72,0.055,0.952,0.427,0.084,0.128,0.075,0.021,0.406,0.511,438,417,151,354,203
2019-20,Handoff,22019,1610612754,IND,Indiana Pacers,Offensive,0.655,73,0.054,0.942,0.416,0.081,0.09,0.084,0.028,0.408,0.478,431,406,153,368,215
2019-20,Handoff,22019,1610612756,PHX,Phoenix Suns,Offensive,0.621,73,0.052,0.941,0.418,0.122,0.108,0.106,0.024,0.424,0.473,425,400,141,337,196
2019-20,Handoff,22019,1610612739,CLE,Cleveland Cavaliers,Offensive,0.172,65,0.063,0.855,0.376,0.084,0.136,0.071,0.009,0.37,0.452,462,395,137,364,227
2019-20,Handoff,22019,1610612755,PHI,Philadelphia 76ers,Offensive,0.586,73,0.052,0.924,0.414,0.069,0.069,0.057,0.002,0.417,0.474,422,390,151,365,214
2019-20,Handoff,22019,1610612764,WAS,Washington Wizards,Offensive,0.552,72,0.049,0.921,0.408,0.116,0.135,0.108,0.025,0.406,0.479,406,374,128,314,186
2019-20,Handoff,22019,1610612751,BKN,Brooklyn Nets,Offensive,0.828,72,0.046,0.961,0.43,0.079,0.126,0.071,0.016,0.408,0.521,380,365,132,307,175
2019-20,Handoff,22019,1610612752,NYK,New York Knicks,Offensive,0.448,66,0.054,0.908,0.415,0.077,0.105,0.067,0.022,0.399,0.482,401,364,140,337,197
2019-20,Handoff,22019,1610612738,BOS,Boston Celtics,Offensive,0.517,72,0.046,0.917,0.414,0.099,0.116,0.094,0.027,0.409,0.469,372,341,125,302,177
2019-20,Handoff,22019,1610612741,CHI,Chicago Bulls,Offensive,0.069,65,0.055,0.826,0.375,0.084,0.156,0.074,0.007,0.365,0.447,403,333,116,309,193
2019-20,Handoff,22019,1610612742,DAL,Dallas Mavericks,Offensive,0.793,75,0.041,0.959,0.436,0.09,0.122,0.072,0.023,0.42,0.507,345,331,122,280,158
2019-20,Handoff,22019,1610612757,POR,Portland Trail Blazers,Offensive,0.897,74,0.037,1.039,0.456,0.081,0.117,0.068,0.02,0.436,0.544,307,319,115,252,137
2019-20,Handoff,22019,1610612765,DET,Detroit Pistons,Offensive,0.276,66,0.049,0.868,0.379,0.078,0.134,0.07,0.011,0.367,0.461,357,310,108,285,177
2019-20,Handoff,22019,1610612758,SAC,Sacramento Kings,Offensive,0.414,72,0.036,0.907,0.398,0.065,0.107,0.058,0.017,0.381,0.48,291,264,98,246,148
2019-20,Handoff,22019,1610612746,LAC,LA Clippers,Offensive,0.862,72,0.031,1.008,0.432,0.12,0.097,0.105,0.016,0.442,0.51,258,260,89,206,117
2019-20,Handoff,22019,1610612760,OKC,Oklahoma City Thunder,Offensive,0.207,72,0.039,0.855,0.435,0.079,0.145,0.066,0.013,0.401,0.473,304,260,104,239,135
2019-20,Handoff,22019,1610612766,CHA,Charlotte Hornets,Offensive,0,65,0.047,0.778,0.377,0.06,0.171,0.054,0.009,0.341,0.442,334,260,98,260,162
2019-20,Handoff,22019,1610612747,LAL,Los Angeles Lakers,Offensive,0.034,71,0.039,0.81,0.382,0.055,0.142,0.052,0.016,0.348,0.459,310,251,97,254,157
2019-20,Handoff,22019,1610612745,HOU,Houston Rockets,Offensive,0.379,72,0.027,0.898,0.36,0.102,0.124,0.097,0.013,0.372,0.458,226,203,64,178,114
2019-20,Handoff,22019,1610612761,TOR,Toronto Raptors,Offensive,0.138,72,0.029,0.852,0.366,0.055,0.127,0.051,0.004,0.352,0.456,236,201,71,194,123
2019-20,Cut,22019,1610612748,MIA,Miami Heat,Offensive,0.655,73,0.094,1.309,0.661,0.166,0.058,0.159,0.042,0.659,0.661,754,987,407,616,209
2019-20,Cut,22019,1610612743,DEN,Denver Nuggets,Offensive,0.966,73,0.088,1.369,0.692,0.169,0.059,0.163,0.059,0.682,0.692,716,980,412,595,183
2019-20,Cut,22019,1610612756,PHX,Phoenix Suns,Offensive,0.276,73,0.092,1.249,0.61,0.162,0.053,0.154,0.044,0.622,0.61,754,942,381,625,244
2019-20,Cut,22019,1610612747,LAL,Los Angeles Lakers,Offensive,0.931,71,0.078,1.368,0.72,0.136,0.066,0.132,0.039,0.692,0.72,623,852,375,521,146
2019-20,Cut,22019,1610612753,ORL,Orlando Magic,Offensive,0.483,73,0.077,1.276,0.636,0.164,0.047,0.157,0.04,0.645,0.636,623,795,329,517,188
2019-20,Cut,22019,1610612764,WAS,Washington Wizards,Offensive,0.241,72,0.076,1.243,0.619,0.18,0.057,0.177,0.047,0.629,0.619,633,787,317,512,195
2019-20,Cut,22019,1610612754,IND,Indiana Pacers,Offensive,0.517,73,0.075,1.277,0.659,0.15,0.058,0.15,0.043,0.653,0.659,599,765,329,499,170
2019-20,Cut,22019,1610612751,BKN,Brooklyn Nets,Offensive,0.724,72,0.068,1.318,0.69,0.168,0.066,0.164,0.052,0.663,0.69,560,738,316,458,142
2019-20,Cut,22019,1610612740,NOP,New Orleans Pelicans,Offensive,0.862,72,0.064,1.342,0.713,0.164,0.064,0.154,0.035,0.688,0.713,544,730,313,439,126
2019-20,Cut,22019,1610612755,PHI,Philadelphia 76ers,Offensive,0.793,73,0.067,1.328,0.691,0.155,0.077,0.153,0.044,0.669,0.691,543,721,304,440,136
2019-20,Cut,22019,1610612758,SAC,Sacramento Kings,Offensive,0.552,72,0.07,1.279,0.659,0.114,0.059,0.111,0.021,0.65,0.659,560,716,313,475,162
2019-20,Cut,22019,1610612744,GSW,Golden State Warriors,Offensive,0.379,65,0.078,1.254,0.634,0.154,0.06,0.152,0.047,0.627,0.634,571,716,302,476,174
2019-20,Cut,22019,1610612749,MIL,Milwaukee Bucks,Offensive,0.69,73,0.064,1.31,0.674,0.161,0.074,0.149,0.039,0.661,0.674,542,710,294,436,142
2019-20,Cut,22019,1610612761,TOR,Toronto Raptors,Offensive,0.034,72,0.071,1.207,0.62,0.14,0.07,0.132,0.042,0.609,0.62,570,688,294,474,180
2019-20,Cut,22019,1610612739,CLE,Cleveland Cavaliers,Offensive,0.345,65,0.074,1.252,0.648,0.146,0.05,0.139,0.039,0.63,0.648,540,676,294,454,160
2019-20,Cut,22019,1610612738,BOS,Boston Celtics,Offensive,0.448,72,0.063,1.274,0.651,0.16,0.057,0.155,0.041,0.648,0.651,511,651,274,421,147
2019-20,Cut,22019,1610612763,MEM,Memphis Grizzlies,Offensive,0.586,73,0.059,1.287,0.658,0.134,0.059,0.13,0.037,0.646,0.658,492,633,273,415,142
2019-20,Cut,22019,1610612750,MIN,Minnesota Timberwolves,Offensive,0.759,64,0.064,1.325,0.678,0.205,0.065,0.201,0.071,0.665,0.678,477,632,259,382,123
2019-20,Cut,22019,1610612766,CHA,Charlotte Hornets,Offensive,0.172,65,0.07,1.228,0.635,0.146,0.048,0.142,0.03,0.635,0.635,499,613,265,417,152
2019-20,Cut,22019,1610612757,POR,Portland Trail Blazers,Offensive,0.207,74,0.059,1.236,0.643,0.163,0.077,0.161,0.057,0.623,0.643,491,607,257,400,143
2019-20,Cut,22019,1610612762,UTA,Utah Jazz,Offensive,0.897,72,0.056,1.367,0.715,0.195,0.054,0.186,0.039,0.701,0.715,441,603,248,347,99
2019-20,Cut,22019,1610612742,DAL,Dallas Mavericks,Offensive,1,75,0.051,1.405,0.714,0.176,0.054,0.171,0.052,0.705,0.714,427,600,250,350,100
2019-20,Cut,22019,1610612765,DET,Detroit Pistons,Offensive,0,66,0.072,1.14,0.593,0.171,0.077,0.167,0.044,0.578,0.593,521,594,246,415,169
2019-20,Cut,22019,1610612745,HOU,Houston Rockets,Offensive,0.069,72,0.058,1.221,0.663,0.131,0.094,0.129,0.023,0.629,0.663,480,586,254,383,129
2019-20,Cut,22019,1610612737,ATL,Atlanta Hawks,Offensive,0.103,67,0.061,1.224,0.65,0.134,0.079,0.13,0.021,0.632,0.65,478,585,251,386,135
2019-20,Cut,22019,1610612746,LAC,LA Clippers,Offensive,0.414,72,0.054,1.268,0.655,0.152,0.065,0.15,0.04,0.638,0.655,448,568,241,368,127
2019-20,Cut,22019,1610612741,CHI,Chicago Bulls,Offensive,0.138,65,0.063,1.226,0.633,0.158,0.077,0.154,0.035,0.625,0.633,456,559,231,365,134
2019-20,Cut,22019,1610612752,NYK,New York Knicks,Offensive,0.828,66,0.055,1.329,0.705,0.14,0.087,0.136,0.048,0.659,0.705,413,549,239,339,100
2019-20,Cut,22019,1610612760,OKC,Oklahoma City Thunder,Offensive,0.621,72,0.053,1.29,0.678,0.126,0.064,0.119,0.033,0.655,0.678,420,542,240,354,114
2019-20,Cut,22019,1610612759,SAS,San Antonio Spurs,Offensive,0.31,71,0.048,1.25,0.649,0.138,0.06,0.133,0.029,0.638,0.649,384,480,207,319,112
2019-20,OffScreen,22019,1610612744,GSW,Golden State Warriors,Offensive,0.379,65,0.083,0.944,0.371,0.081,0.049,0.074,0.018,0.392,0.463,607,573,200,539,339
2019-20,OffScreen,22019,1610612753,ORL,Orlando Magic,Offensive,0.862,73,0.067,1.052,0.422,0.081,0.054,0.074,0.011,0.437,0.518,540,568,199,472,273
2019-20,OffScreen,22019,1610612740,NOP,New Orleans Pelicans,Offensive,0.31,72,0.066,0.935,0.386,0.059,0.091,0.056,0.007,0.38,0.485,558,522,184,477,293
2019-20,OffScreen,22019,1610612751,BKN,Brooklyn Nets,Offensive,0.448,72,0.063,0.967,0.393,0.04,0.073,0.036,0.012,0.382,0.509,521,504,184,468,284
2019-20,OffScreen,22019,1610612754,IND,Indiana Pacers,Offensive,0.897,73,0.06,1.057,0.441,0.055,0.036,0.055,0.015,0.447,0.527,474,501,193,438,245
2019-20,OffScreen,22019,1610612746,LAC,LA Clippers,Offensive,1,72,0.051,1.161,0.445,0.076,0.059,0.069,0.019,0.45,0.584,422,490,166,373,207
2019-20,OffScreen,22019,1610612758,SAC,Sacramento Kings,Offensive,0.552,72,0.062,0.976,0.383,0.051,0.059,0.051,0.014,0.376,0.505,492,480,170,444,274
2019-20,OffScreen,22019,1610612762,UTA,Utah Jazz,Offensive,0.793,72,0.055,1.034,0.444,0.085,0.117,0.076,0.018,0.429,0.552,436,451,158,356,198
2019-20,OffScreen,22019,1610612738,BOS,Boston Celtics,Offensive,0.276,72,0.058,0.926,0.386,0.089,0.085,0.083,0.013,0.396,0.472,470,435,152,394,242
2019-20,OffScreen,22019,1610612764,WAS,Washington Wizards,Offensive,0.414,72,0.053,0.95,0.383,0.088,0.09,0.079,0.016,0.393,0.478,443,421,142,371,229
2019-20,OffScreen,22019,1610612748,MIA,Miami Heat,Offensive,0.966,73,0.049,1.08,0.419,0.046,0.062,0.041,0.015,0.411,0.558,389,420,148,353,205
2019-20,OffScreen,22019,1610612761,TOR,Toronto Raptors,Offensive,0.655,72,0.05,1.005,0.384,0.052,0.072,0.045,0.015,0.38,0.518,403,405,138,359,221
2019-20,OffScreen,22019,1610612749,MIL,Milwaukee Bucks,Offensive,0.621,73,0.046,0.99,0.418,0.048,0.097,0.041,0.013,0.398,0.531,392,388,142,340,198
2019-20,OffScreen,22019,1610612742,DAL,Dallas Mavericks,Offensive,0.103,75,0.053,0.858,0.36,0.072,0.093,0.068,0.018,0.361,0.442,443,380,136,378,242
2019-20,OffScreen,22019,1610612756,PHX,Phoenix Suns,Offensive,0.483,73,0.045,0.968,0.423,0.099,0.108,0.091,0.013,0.427,0.497,372,360,127,300,173
2019-20,OffScreen,22019,1610612759,SAS,San Antonio Spurs,Offensive,0.69,71,0.044,1.009,0.451,0.06,0.083,0.063,0.02,0.431,0.528,350,353,138,306,168
2019-20,OffScreen,22019,1610612755,PHI,Philadelphia 76ers,Offensive,0.759,73,0.041,1.024,0.434,0.061,0.067,0.058,0.033,0.416,0.527,329,337,129,297,168
2019-20,OffScreen,22019,1610612765,DET,Detroit Pistons,Offensive,0.828,66,0.044,1.041,0.392,0.054,0.05,0.044,0.013,0.397,0.519,317,330,113,288,175
2019-20,OffScreen,22019,1610612743,DEN,Denver Nuggets,Offensive,0.345,73,0.043,0.938,0.422,0.068,0.094,0.065,0.023,0.409,0.488,352,330,128,303,175
2019-20,OffScreen,22019,1610612763,MEM,Memphis Grizzlies,Offensive,0.207,73,0.043,0.901,0.379,0.069,0.077,0.058,0.008,0.385,0.459,364,328,119,314,195
2019-20,OffScreen,22019,1610612752,NYK,New York Knicks,Offensive,0.138,66,0.05,0.87,0.366,0.073,0.076,0.07,0.005,0.373,0.443,370,322,116,317,201
2019-20,OffScreen,22019,1610612766,CHA,Charlotte Hornets,Offensive,0.172,65,0.049,0.89,0.349,0.073,0.078,0.061,0.009,0.363,0.451,344,306,103,295,192
2019-20,OffScreen,22019,1610612747,LAL,Los Angeles Lakers,Offensive,0.034,71,0.046,0.81,0.345,0.043,0.078,0.04,0.013,0.338,0.42,373,302,115,333,218
2019-20,OffScreen,22019,1610612757,POR,Portland Trail Blazers,Offensive,0.724,74,0.034,1.014,0.406,0.067,0.039,0.056,0.021,0.418,0.508,285,289,106,261,155
2019-20,OffScreen,22019,1610612741,CHI,Chicago Bulls,Offensive,0.241,65,0.04,0.903,0.357,0.076,0.073,0.076,0.021,0.363,0.456,289,261,90,252,162
2019-20,OffScreen,22019,1610612750,MIN,Minnesota Timberwolves,Offensive,0.069,64,0.04,0.848,0.351,0.053,0.076,0.053,0.007,0.35,0.44,303,257,93,265,172
2019-20,OffScreen,22019,1610612739,CLE,Cleveland Cavaliers,Offensive,0.586,65,0.036,0.981,0.422,0.058,0.092,0.05,0.015,0.408,0.509,260,255,95,225,130
2019-20,OffScreen,22019,1610612760,OKC,Oklahoma City Thunder,Offensive,0.931,72,0.023,1.06,0.44,0.06,0.044,0.049,0.022,0.443,0.533,183,194,74,168,94
2019-20,OffScreen,22019,1610612745,HOU,Houston Rockets,Offensive,0.517,72,0.023,0.974,0.365,0.078,0.073,0.073,0.021,0.375,0.497,192,187,61,167,106
2019-20,OffScreen,22019,1610612737,ATL,Atlanta Hawks,Offensive,0,67,0.025,0.755,0.324,0.061,0.071,0.051,0,0.337,0.388,196,148,55,170,115
2019-20,OffRebound,22019,1610612752,NYK,New York Knicks,Offensive,0.586,66,0.072,1.127,0.569,0.168,0.045,0.16,0.034,0.584,0.574,536,604,250,439,189
2019-20,OffRebound,22019,1610612763,MEM,Memphis Grizzlies,Offensive,1,73,0.057,1.192,0.602,0.115,0.056,0.113,0.021,0.596,0.607,480,572,245,407,162
2019-20,OffRebound,22019,1610612747,LAL,Los Angeles Lakers,Offensive,0.966,71,0.059,1.191,0.618,0.143,0.065,0.141,0.046,0.592,0.627,476,567,246,398,152
2019-20,OffRebound,22019,1610612757,POR,Portland Trail Blazers,Offensive,0.414,74,0.06,1.074,0.561,0.101,0.082,0.097,0.016,0.547,0.566,503,540,235,419,184
2019-20,OffRebound,22019,1610612743,DEN,Denver Nuggets,Offensive,0.552,73,0.058,1.125,0.581,0.13,0.081,0.115,0.032,0.567,0.585,471,530,225,387,162
2019-20,OffRebound,22019,1610612746,LAC,LA Clippers,Offensive,0.172,72,0.058,1.04,0.526,0.143,0.074,0.139,0.04,0.525,0.528,474,493,205,390,185
2019-20,OffRebound,22019,1610612742,DAL,Dallas Mavericks,Offensive,0.724,75,0.051,1.14,0.584,0.107,0.084,0.096,0.026,0.566,0.589,429,489,209,358,149
2019-20,OffRebound,22019,1610612738,BOS,Boston Celtics,Offensive,0.034,72,0.059,1.012,0.501,0.094,0.052,0.083,0.015,0.507,0.506,481,487,209,417,208
2019-20,OffRebound,22019,1610612758,SAC,Sacramento Kings,Offensive,0.655,72,0.053,1.132,0.577,0.139,0.08,0.129,0.033,0.567,0.583,425,481,199,345,146
2019-20,OffRebound,22019,1610612753,ORL,Orlando Magic,Offensive,0.069,73,0.059,1.015,0.513,0.129,0.068,0.119,0.028,0.519,0.517,472,479,201,392,191
2019-20,OffRebound,22019,1610612739,CLE,Cleveland Cavaliers,Offensive,0.483,65,0.058,1.105,0.577,0.095,0.083,0.09,0.024,0.552,0.579,420,464,205,355,150
2019-20,OffRebound,22019,1610612764,WAS,Washington Wizards,Offensive,0.621,72,0.049,1.13,0.571,0.103,0.069,0.101,0.029,0.555,0.579,407,460,198,347,149
2019-20,OffRebound,22019,1610612737,ATL,Atlanta Hawks,Offensive,0.828,67,0.051,1.148,0.586,0.135,0.06,0.125,0.025,0.579,0.592,399,458,194,331,137
2019-20,OffRebound,22019,1610612740,NOP,New Orleans Pelicans,Offensive,0.517,72,0.048,1.114,0.581,0.132,0.072,0.117,0.045,0.563,0.588,403,449,197,339,142
2019-20,OffRebound,22019,1610612765,DET,Detroit Pistons,Offensive,0.345,66,0.058,1.067,0.545,0.138,0.072,0.126,0.031,0.544,0.545,419,447,187,343,156
2019-20,OffRebound,22019,1610612754,IND,Indiana Pacers,Offensive,0.862,73,0.048,1.155,0.589,0.117,0.073,0.101,0.034,0.58,0.595,386,446,192,326,134
2019-20,OffRebound,22019,1610612750,MIN,Minnesota Timberwolves,Offensive,0.69,64,0.053,1.132,0.576,0.157,0.074,0.15,0.028,0.574,0.584,394,446,181,314,133
2019-20,OffRebound,22019,1610612749,MIL,Milwaukee Bucks,Offensive,0.897,73,0.045,1.169,0.59,0.101,0.05,0.095,0.021,0.593,0.599,378,442,194,329,135
2019-20,OffRebound,22019,1610612755,PHI,Philadelphia 76ers,Offensive,0.31,73,0.051,1.065,0.545,0.12,0.063,0.123,0.039,0.533,0.547,415,442,193,354,161
2019-20,OffRebound,22019,1610612756,PHX,Phoenix Suns,Offensive,0.793,73,0.047,1.143,0.576,0.083,0.06,0.083,0.031,0.561,0.582,385,440,197,342,145
2019-20,OffRebound,22019,1610612762,UTA,Utah Jazz,Offensive,0.759,72,0.048,1.142,0.607,0.142,0.079,0.129,0.018,0.584,0.614,380,434,184,303,119
2019-20,OffRebound,22019,1610612741,CHI,Chicago Bulls,Offensive,0.931,65,0.051,1.17,0.607,0.141,0.07,0.127,0.022,0.595,0.612,370,433,182,300,118
2019-20,OffRebound,22019,1610612761,TOR,Toronto Raptors,Offensive,0.448,72,0.049,1.074,0.557,0.117,0.071,0.112,0.02,0.543,0.558,392,421,181,325,144
2019-20,OffRebound,22019,1610612766,CHA,Charlotte Hornets,Offensive,0.276,65,0.055,1.061,0.545,0.112,0.064,0.112,0.023,0.545,0.547,393,417,181,332,151
2019-20,OffRebound,22019,1610612751,BKN,Brooklyn Nets,Offensive,0,72,0.05,0.973,0.492,0.119,0.083,0.107,0.015,0.496,0.495,411,400,164,333,169
2019-20,OffRebound,22019,1610612759,SAS,San Antonio Spurs,Offensive,0.241,71,0.047,1.046,0.531,0.129,0.084,0.111,0.03,0.523,0.533,371,388,161,303,142
2019-20,OffRebound,22019,1610612744,GSW,Golden State Warriors,Offensive,0.103,65,0.049,1.025,0.515,0.084,0.07,0.084,0.022,0.503,0.521,356,365,159,309,150
2019-20,OffRebound,22019,1610612760,OKC,Oklahoma City Thunder,Offensive,0.138,72,0.04,1.032,0.527,0.107,0.095,0.091,0.016,0.517,0.537,317,327,136,258,122
2019-20,OffRebound,22019,1610612748,MIA,Miami Heat,Offensive,0.379,73,0.038,1.07,0.549,0.179,0.096,0.159,0.017,0.556,0.558,302,323,123,224,101
2019-20,OffRebound,22019,1610612745,HOU,Houston Rockets,Offensive,0.207,72,0.036,1.043,0.58,0.076,0.126,0.07,0.007,0.533,0.588,302,315,141,243,102
2019-20,Misc,22019,1610612756,PHX,Phoenix Suns,Offensive,0.897,73,0.062,0.636,0.413,0.274,0.519,0.031,0.006,0.346,0.454,511,325,45,109,64
2019-20,Misc,22019,1610612747,LAL,Los Angeles Lakers,Offensive,0.828,71,0.068,0.576,0.403,0.258,0.516,0.031,0.011,0.325,0.453,550,317,52,129,77
2019-20,Misc,22019,1610612748,MIA,Miami Heat,Offensive,0.586,73,0.072,0.54,0.356,0.233,0.533,0.024,0.002,0.295,0.4,572,309,48,135,87
2019-20,Misc,22019,1610612760,OKC,Oklahoma City Thunder,Offensive,1,72,0.055,0.704,0.407,0.299,0.444,0.03,0.005,0.384,0.456,432,304,46,113,67
2019-20,Misc,22019,1610612749,MIL,Milwaukee Bucks,Offensive,0.793,73,0.06,0.572,0.435,0.211,0.538,0.043,0.008,0.308,0.469,507,290,57,131,74
2019-20,Misc,22019,1610612755,PHI,Philadelphia 76ers,Offensive,0.724,73,0.064,0.551,0.439,0.238,0.547,0.015,0.006,0.311,0.456,517,285,50,114,64
2019-20,Misc,22019,1610612742,DAL,Dallas Mavericks,Offensive,0.966,75,0.051,0.652,0.418,0.281,0.47,0.03,0.005,0.359,0.482,434,283,46,110,64
2019-20,Misc,22019,1610612751,BKN,Brooklyn Nets,Offensive,0.621,72,0.061,0.545,0.336,0.264,0.519,0.02,0.002,0.314,0.364,503,274,37,110,73
2019-20,Misc,22019,1610612761,TOR,Toronto Raptors,Offensive,0.931,72,0.053,0.636,0.381,0.256,0.473,0.026,0.005,0.333,0.441,429,273,45,118,73
2019-20,Misc,22019,1610612740,NOP,New Orleans Pelicans,Offensive,0.862,72,0.056,0.577,0.408,0.189,0.514,0.023,0.004,0.297,0.482,471,272,58,142,84
2019-20,Misc,22019,1610612743,DEN,Denver Nuggets,Offensive,0.655,73,0.061,0.547,0.356,0.227,0.504,0.024,0.004,0.298,0.381,494,270,48,135,87
2019-20,Misc,22019,1610612764,WAS,Washington Wizards,Offensive,0.414,72,0.06,0.535,0.364,0.213,0.503,0.026,0.006,0.296,0.385,493,264,52,143,91
2019-20,Misc,22019,1610612745,HOU,Houston Rockets,Offensive,0.759,72,0.056,0.57,0.356,0.215,0.484,0.046,0.015,0.295,0.394,461,263,52,146,94
2019-20,Misc,22019,1610612757,POR,Portland Trail Blazers,Offensive,0.379,74,0.058,0.529,0.4,0.194,0.562,0.019,0.004,0.277,0.471,484,256,48,120,72
2019-20,Misc,22019,1610612750,MIN,Minnesota Timberwolves,Offensive,0.69,64,0.058,0.548,0.376,0.206,0.498,0.032,0.009,0.291,0.417,436,239,50,133,83
2019-20,Misc,22019,1610612754,IND,Indiana Pacers,Offensive,0.31,73,0.057,0.516,0.35,0.201,0.543,0.022,0.007,0.274,0.379,457,236,42,120,78
2019-20,Misc,22019,1610612739,CLE,Cleveland Cavaliers,Offensive,0.276,65,0.063,0.513,0.421,0.192,0.546,0.02,0.002,0.284,0.471,458,235,51,121,70
2019-20,Misc,22019,1610612746,LAC,LA Clippers,Offensive,0.345,72,0.055,0.519,0.326,0.244,0.57,0.047,0.004,0.288,0.349,451,234,28,86,58
2019-20,Misc,22019,1610612738,BOS,Boston Celtics,Offensive,0.483,72,0.053,0.54,0.34,0.228,0.549,0.028,0.009,0.288,0.375,430,232,34,100,66
2019-20,Misc,22019,1610612737,ATL,Atlanta Hawks,Offensive,0.448,67,0.054,0.539,0.403,0.181,0.551,0.024,0.014,0.271,0.471,421,227,48,119,71
2019-20,Misc,22019,1610612758,SAC,Sacramento Kings,Offensive,0.103,72,0.059,0.484,0.388,0.186,0.563,0.032,0.006,0.269,0.426,469,227,47,121,74
2019-20,Misc,22019,1610612763,MEM,Memphis Grizzlies,Offensive,0.034,73,0.056,0.474,0.358,0.185,0.562,0.019,0.002,0.26,0.392,470,223,43,120,77
2019-20,Misc,22019,1610612765,DET,Detroit Pistons,Offensive,0.138,66,0.06,0.497,0.438,0.203,0.589,0.023,0.014,0.27,0.51,433,215,42,96,54
2019-20,Misc,22019,1610612744,GSW,Golden State Warriors,Offensive,0,65,0.061,0.466,0.322,0.176,0.559,0.036,0.009,0.247,0.347,442,206,39,121,82
2019-20,Misc,22019,1610612759,SAS,San Antonio Spurs,Offensive,0.517,71,0.048,0.54,0.381,0.225,0.529,0.042,0.011,0.294,0.412,378,204,37,97,60
2019-20,Misc,22019,1610612762,UTA,Utah Jazz,Offensive,0.172,72,0.051,0.5,0.302,0.249,0.545,0.025,0.007,0.284,0.326,402,201,26,86,60
2019-20,Misc,22019,1610612753,ORL,Orlando Magic,Offensive,0.069,73,0.051,0.482,0.261,0.229,0.506,0.022,0.002,0.282,0.279,415,200,29,111,82
2019-20,Misc,22019,1610612752,NYK,New York Knicks,Offensive,0.207,66,0.052,0.506,0.375,0.219,0.542,0.036,0.008,0.278,0.417,389,197,36,96,60
2019-20,Misc,22019,1610612766,CHA,Charlotte Hornets,Offensive,0.241,65,0.054,0.508,0.247,0.261,0.503,0.024,0.008,0.292,0.269,380,193,23,93,70
2019-20,Misc,22019,1610612741,CHI,Chicago Bulls,Offensive,0.552,65,0.048,0.54,0.342,0.19,0.497,0.026,0.003,0.281,0.392,352,190,38,111,73
2020-21,Isolation,22020,1610612757,POR,Portland Trail Blazers,Offensive,1,72,0.102,1.055,0.432,0.14,0.063,0.122,0.028,0.464,0.503,814,859,290,671,381
2020-21,Isolation,22020,1610612751,BKN,Brooklyn Nets,Offensive,0.966,72,0.099,1.046,0.449,0.13,0.087,0.118,0.032,0.461,0.519,786,822,288,641,353
2020-21,Isolation,22020,1610612749,MIL,Milwaukee Bucks,Offensive,0.862,72,0.086,0.986,0.452,0.121,0.09,0.1,0.02,0.463,0.501,708,698,258,571,313
2020-21,Isolation,22020,1610612752,NYK,New York Knicks,Offensive,0.552,72,0.085,0.922,0.424,0.108,0.096,0.101,0.026,0.429,0.469,655,604,228,538,310
2020-21,Isolation,22020,1610612746,LAC,LA Clippers,Offensive,0.724,72,0.081,0.938,0.413,0.098,0.07,0.083,0.01,0.432,0.459,625,586,217,526,309
2020-21,Isolation,22020,1610612745,HOU,Houston Rockets,Offensive,0.379,72,0.078,0.877,0.378,0.111,0.084,0.1,0.013,0.404,0.432,633,555,196,518,322
2020-21,Isolation,22020,1610612764,WAS,Washington Wizards,Offensive,0.069,72,0.084,0.793,0.391,0.119,0.118,0.114,0.03,0.391,0.407,696,552,216,552,336
2020-21,Isolation,22020,1610612738,BOS,Boston Celtics,Offensive,0.207,72,0.078,0.845,0.365,0.089,0.097,0.074,0.01,0.377,0.423,620,524,186,510,324
2020-21,Isolation,22020,1610612747,LAL,Los Angeles Lakers,Offensive,0.138,72,0.079,0.827,0.389,0.114,0.105,0.11,0.024,0.4,0.418,630,521,197,507,310
2020-21,Isolation,22020,1610612760,OKC,Oklahoma City Thunder,Offensive,0.276,72,0.071,0.848,0.405,0.114,0.124,0.109,0.021,0.404,0.44,579,491,183,452,269
2020-21,Isolation,22020,1610612742,DAL,Dallas Mavericks,Offensive,0.828,72,0.062,0.962,0.426,0.098,0.09,0.081,0.021,0.43,0.497,479,461,170,399,229
2020-21,Isolation,22020,1610612756,PHX,Phoenix Suns,Offensive,0.759,72,0.06,0.957,0.438,0.094,0.083,0.092,0.019,0.442,0.482,468,448,172,393,221
2020-21,Isolation,22020,1610612766,CHA,Charlotte Hornets,Offensive,0.931,72,0.053,0.991,0.439,0.122,0.089,0.115,0.012,0.459,0.491,427,423,150,342,192
2020-21,Isolation,22020,1610612743,DEN,Denver Nuggets,Offensive,0.69,72,0.057,0.929,0.433,0.091,0.091,0.084,0.024,0.431,0.471,452,420,165,381,216
2020-21,Isolation,22020,1610612761,TOR,Toronto Raptors,Offensive,0.31,72,0.061,0.849,0.389,0.122,0.091,0.107,0.025,0.409,0.416,484,411,153,393,240
2020-21,Isolation,22020,1610612759,SAS,San Antonio Spurs,Offensive,0.897,72,0.052,0.988,0.463,0.15,0.077,0.143,0.044,0.477,0.478,413,408,156,337,181
2020-21,Isolation,22020,1610612755,PHI,Philadelphia 76ers,Offensive,0.793,72,0.053,0.958,0.485,0.129,0.113,0.111,0.028,0.478,0.5,425,407,162,334,172
2020-21,Isolation,22020,1610612740,NOP,New Orleans Pelicans,Offensive,0.483,72,0.053,0.897,0.43,0.164,0.121,0.158,0.025,0.45,0.452,438,393,139,323,184
2020-21,Isolation,22020,1610612750,MIN,Minnesota Timberwolves,Offensive,0.345,72,0.053,0.876,0.369,0.121,0.092,0.108,0.018,0.394,0.433,437,383,130,352,222
2020-21,Isolation,22020,1610612744,GSW,Golden State Warriors,Offensive,0.586,72,0.05,0.925,0.409,0.123,0.101,0.116,0.028,0.425,0.464,398,368,131,320,189
2020-21,Isolation,22020,1610612758,SAC,Sacramento Kings,Offensive,0.414,72,0.052,0.884,0.408,0.133,0.077,0.123,0.019,0.441,0.438,413,365,136,333,197
2020-21,Isolation,22020,1610612762,UTA,Utah Jazz,Offensive,0.172,72,0.053,0.841,0.366,0.101,0.11,0.084,0.016,0.377,0.42,427,359,126,344,218
2020-21,Isolation,22020,1610612737,ATL,Atlanta Hawks,Offensive,0.517,72,0.049,0.897,0.398,0.128,0.121,0.118,0.015,0.415,0.446,390,350,119,299,180
2020-21,Isolation,22020,1610612765,DET,Detroit Pistons,Offensive,0.034,72,0.055,0.78,0.361,0.141,0.146,0.137,0.025,0.38,0.386,432,337,115,319,204
2020-21,Isolation,22020,1610612739,CLE,Cleveland Cavaliers,Offensive,0,72,0.058,0.732,0.343,0.103,0.134,0.088,0.018,0.34,0.386,456,334,122,356,234
2020-21,Isolation,22020,1610612754,IND,Indiana Pacers,Offensive,0.241,72,0.047,0.847,0.403,0.117,0.106,0.111,0.039,0.404,0.422,386,327,127,315,188
2020-21,Isolation,22020,1610612748,MIA,Miami Heat,Offensive,0.448,72,0.047,0.892,0.411,0.152,0.108,0.135,0.033,0.436,0.429,362,323,115,280,165
2020-21,Isolation,22020,1610612763,MEM,Memphis Grizzlies,Offensive,0.655,72,0.041,0.928,0.416,0.147,0.102,0.129,0.021,0.447,0.461,333,309,107,257,150
2020-21,Isolation,22020,1610612741,CHI,Chicago Bulls,Offensive,0.621,72,0.041,0.926,0.446,0.08,0.114,0.08,0.019,0.42,0.493,324,300,119,267,148
2020-21,Isolation,22020,1610612753,ORL,Orlando Magic,Offensive,0.103,72,0.041,0.805,0.354,0.13,0.09,0.127,0.015,0.396,0.383,323,260,91,257,166
2020-21,Transition,22020,1610612764,WAS,Washington Wizards,Offensive,0.828,72,0.189,1.136,0.547,0.148,0.116,0.138,0.039,0.523,0.604,1578,1793,668,1222,554
2020-21,Transition,22020,1610612749,MIL,Milwaukee Bucks,Offensive,0.172,72,0.194,1.105,0.517,0.134,0.12,0.123,0.035,0.495,0.599,1594,1762,642,1242,600
2020-21,Transition,22020,1610612754,IND,Indiana Pacers,Offensive,0.517,72,0.187,1.13,0.54,0.12,0.117,0.113,0.026,0.517,0.611,1521,1719,647,1199,552
2020-21,Transition,22020,1610612766,CHA,Charlotte Hornets,Offensive,0.643,72,0.184,1.133,0.549,0.126,0.139,0.116,0.035,0.505,0.632,1470,1666,621,1131,510
2020-21,Transition,22020,1610612761,TOR,Toronto Raptors,Offensive,0.379,72,0.186,1.124,0.52,0.14,0.114,0.129,0.031,0.51,0.593,1478,1661,596,1146,550
2020-21,Transition,22020,1610612763,MEM,Memphis Grizzlies,Offensive,0.31,72,0.181,1.117,0.515,0.122,0.097,0.113,0.028,0.504,0.588,1482,1655,618,1199,581
2020-21,Transition,22020,1610612758,SAC,Sacramento Kings,Offensive,1,72,0.161,1.205,0.565,0.127,0.114,0.115,0.037,0.533,0.653,1285,1548,576,1020,444
2020-21,Transition,22020,1610612740,NOP,New Orleans Pelicans,Offensive,0.552,72,0.163,1.131,0.562,0.158,0.132,0.147,0.044,0.528,0.616,1340,1515,568,1010,442
2020-21,Transition,22020,1610612744,GSW,Golden State Warriors,Offensive,0.724,72,0.165,1.134,0.553,0.129,0.151,0.117,0.026,0.507,0.639,1321,1498,544,984,440
2020-21,Transition,22020,1610612755,PHI,Philadelphia 76ers,Offensive,0.414,72,0.165,1.127,0.519,0.12,0.114,0.109,0.028,0.491,0.609,1327,1495,546,1052,506
2020-21,Transition,22020,1610612751,BKN,Brooklyn Nets,Offensive,0.931,72,0.159,1.165,0.548,0.117,0.112,0.109,0.024,0.524,0.626,1264,1473,548,1000,452
2020-21,Transition,22020,1610612756,PHX,Phoenix Suns,Offensive,0.897,72,0.159,1.162,0.532,0.109,0.108,0.098,0.027,0.507,0.622,1234,1434,530,997,467
2020-21,Transition,22020,1610612745,HOU,Houston Rockets,Offensive,0.069,72,0.169,1.038,0.499,0.133,0.132,0.124,0.027,0.475,0.566,1366,1418,520,1042,522
2020-21,Transition,22020,1610612747,LAL,Los Angeles Lakers,Offensive,0.759,72,0.154,1.135,0.57,0.148,0.148,0.132,0.032,0.529,0.637,1227,1393,514,901,387
2020-21,Transition,22020,1610612750,MIN,Minnesota Timberwolves,Offensive,0.207,72,0.15,1.111,0.537,0.133,0.113,0.119,0.023,0.517,0.603,1237,1374,515,959,444
2020-21,Transition,22020,1610612762,UTA,Utah Jazz,Offensive,0.345,72,0.153,1.117,0.486,0.093,0.108,0.084,0.024,0.464,0.601,1221,1364,488,1004,516
2020-21,Transition,22020,1610612738,BOS,Boston Celtics,Offensive,0.966,72,0.141,1.177,0.556,0.141,0.119,0.12,0.032,0.531,0.633,1129,1329,484,870,386
2020-21,Transition,22020,1610612760,OKC,Oklahoma City Thunder,Offensive,0,72,0.161,0.995,0.487,0.14,0.14,0.127,0.024,0.465,0.546,1304,1297,471,968,497
2020-21,Transition,22020,1610612748,MIA,Miami Heat,Offensive,0.862,72,0.149,1.137,0.538,0.141,0.12,0.123,0.028,0.521,0.61,1138,1294,469,871,402
2020-21,Transition,22020,1610612765,DET,Detroit Pistons,Offensive,0.643,72,0.144,1.133,0.541,0.144,0.126,0.125,0.029,0.52,0.616,1140,1292,468,865,397
2020-21,Transition,22020,1610612743,DEN,Denver Nuggets,Offensive,0.793,72,0.141,1.136,0.528,0.123,0.124,0.107,0.035,0.5,0.613,1117,1269,465,880,415
2020-21,Transition,22020,1610612739,CLE,Cleveland Cavaliers,Offensive,0.483,72,0.14,1.13,0.556,0.137,0.127,0.126,0.024,0.527,0.619,1111,1255,468,841,373
2020-21,Transition,22020,1610612737,ATL,Atlanta Hawks,Offensive,0.69,72,0.132,1.134,0.528,0.132,0.118,0.104,0.019,0.511,0.606,1054,1195,428,810,382
2020-21,Transition,22020,1610612759,SAS,San Antonio Spurs,Offensive,0.448,72,0.133,1.127,0.531,0.142,0.108,0.137,0.036,0.519,0.59,1059,1194,442,832,390
2020-21,Transition,22020,1610612741,CHI,Chicago Bulls,Offensive,0.586,72,0.127,1.131,0.535,0.126,0.126,0.112,0.037,0.508,0.606,1008,1140,423,791,368
2020-21,Transition,22020,1610612746,LAC,LA Clippers,Offensive,0.103,72,0.129,1.103,0.517,0.123,0.125,0.115,0.023,0.499,0.595,995,1097,398,770,372
2020-21,Transition,22020,1610612742,DAL,Dallas Mavericks,Offensive,0.138,72,0.123,1.103,0.507,0.13,0.099,0.119,0.029,0.501,0.58,957,1056,388,765,377
2020-21,Transition,22020,1610612753,ORL,Orlando Magic,Offensive,0.034,72,0.132,1.005,0.456,0.12,0.102,0.117,0.029,0.455,0.518,1047,1052,383,840,457
2020-21,Transition,22020,1610612757,POR,Portland Trail Blazers,Offensive,0.241,72,0.118,1.111,0.495,0.108,0.09,0.095,0.015,0.49,0.586,943,1048,381,770,389
2020-21,Transition,22020,1610612752,NYK,New York Knicks,Offensive,0.276,72,0.119,1.113,0.543,0.123,0.141,0.111,0.016,0.509,0.62,920,1024,376,692,316
2020-21,PRBallHandler,22020,1610612762,UTA,Utah Jazz,Offensive,0.966,72,0.224,0.988,0.451,0.089,0.136,0.073,0.013,0.43,0.531,1788,1766,634,1407,773
2020-21,PRBallHandler,22020,1610612742,DAL,Dallas Mavericks,Offensive,0.931,72,0.218,0.983,0.486,0.104,0.14,0.094,0.022,0.454,0.541,1691,1663,638,1313,675
2020-21,PRBallHandler,22020,1610612737,ATL,Atlanta Hawks,Offensive,0.793,72,0.223,0.932,0.43,0.108,0.14,0.09,0.013,0.423,0.485,1776,1656,585,1359,774
2020-21,PRBallHandler,22020,1610612757,POR,Portland Trail Blazers,Offensive,1,72,0.205,1.003,0.421,0.105,0.102,0.094,0.02,0.426,0.508,1641,1646,561,1332,771
2020-21,PRBallHandler,22020,1610612759,SAS,San Antonio Spurs,Offensive,0.379,72,0.222,0.871,0.429,0.091,0.113,0.085,0.019,0.421,0.452,1768,1540,619,1442,823
2020-21,PRBallHandler,22020,1610612752,NYK,New York Knicks,Offensive,0.414,72,0.223,0.877,0.423,0.097,0.112,0.087,0.022,0.414,0.454,1726,1514,592,1401,809
2020-21,PRBallHandler,22020,1610612758,SAC,Sacramento Kings,Offensive,0.655,72,0.2,0.909,0.444,0.11,0.131,0.102,0.026,0.427,0.488,1599,1454,557,1255,698
2020-21,PRBallHandler,22020,1610612738,BOS,Boston Celtics,Offensive,0.759,72,0.191,0.931,0.42,0.078,0.123,0.068,0.016,0.404,0.491,1532,1427,523,1246,723
2020-21,PRBallHandler,22020,1610612746,LAC,LA Clippers,Offensive,0.724,72,0.198,0.928,0.45,0.1,0.144,0.087,0.021,0.426,0.496,1533,1423,536,1190,654
2020-21,PRBallHandler,22020,1610612753,ORL,Orlando Magic,Offensive,0.034,72,0.218,0.807,0.385,0.096,0.146,0.088,0.024,0.368,0.428,1737,1401,523,1358,835
2020-21,PRBallHandler,22020,1610612763,MEM,Memphis Grizzlies,Offensive,0.172,72,0.203,0.818,0.417,0.1,0.155,0.088,0.019,0.396,0.443,1663,1361,530,1272,742
2020-21,PRBallHandler,22020,1610612756,PHX,Phoenix Suns,Offensive,0.897,72,0.174,0.978,0.498,0.086,0.137,0.065,0.012,0.466,0.529,1353,1323,530,1064,534
2020-21,PRBallHandler,22020,1610612740,NOP,New Orleans Pelicans,Offensive,0.483,72,0.178,0.898,0.444,0.094,0.133,0.083,0.025,0.421,0.479,1464,1315,520,1170,650
2020-21,PRBallHandler,22020,1610612741,CHI,Chicago Bulls,Offensive,0.69,72,0.182,0.912,0.465,0.075,0.171,0.067,0.02,0.412,0.52,1441,1314,517,1113,596
2020-21,PRBallHandler,22020,1610612760,OKC,Oklahoma City Thunder,Offensive,0.31,72,0.19,0.85,0.427,0.11,0.182,0.102,0.019,0.397,0.478,1542,1310,480,1123,643
2020-21,PRBallHandler,22020,1610612755,PHI,Philadelphia 76ers,Offensive,0.586,72,0.172,0.908,0.453,0.092,0.12,0.082,0.017,0.435,0.481,1383,1256,504,1112,608
2020-21,PRBallHandler,22020,1610612761,TOR,Toronto Raptors,Offensive,0.552,72,0.171,0.907,0.403,0.107,0.13,0.092,0.02,0.401,0.471,1358,1232,428,1063,635
2020-21,PRBallHandler,22020,1610612739,CLE,Cleveland Cavaliers,Offensive,0.069,72,0.184,0.812,0.412,0.082,0.151,0.074,0.02,0.385,0.443,1455,1181,472,1145,673
2020-21,PRBallHandler,22020,1610612744,GSW,Golden State Warriors,Offensive,0.862,72,0.148,0.962,0.435,0.121,0.138,0.108,0.029,0.426,0.499,1189,1144,398,914,516
2020-21,PRBallHandler,22020,1610612754,IND,Indiana Pacers,Offensive,0.621,72,0.154,0.909,0.452,0.058,0.124,0.05,0.013,0.42,0.493,1250,1136,470,1039,569
2020-21,PRBallHandler,22020,1610612749,MIL,Milwaukee Bucks,Offensive,0.828,72,0.145,0.951,0.454,0.094,0.141,0.081,0.017,0.428,0.518,1189,1131,422,929,507
2020-21,PRBallHandler,22020,1610612745,HOU,Houston Rockets,Offensive,0.345,72,0.162,0.856,0.413,0.116,0.176,0.102,0.022,0.389,0.47,1310,1121,395,956,561
2020-21,PRBallHandler,22020,1610612751,BKN,Brooklyn Nets,Offensive,0.517,72,0.154,0.906,0.439,0.103,0.158,0.091,0.02,0.414,0.489,1219,1104,406,924,518
2020-21,PRBallHandler,22020,1610612748,MIA,Miami Heat,Offensive,0.276,72,0.169,0.849,0.424,0.092,0.165,0.078,0.019,0.394,0.462,1288,1093,416,981,565
2020-21,PRBallHandler,22020,1610612750,MIN,Minnesota Timberwolves,Offensive,0,72,0.164,0.795,0.39,0.086,0.152,0.079,0.018,0.368,0.434,1346,1070,409,1048,639
2020-21,PRBallHandler,22020,1610612765,DET,Detroit Pistons,Offensive,0.103,72,0.164,0.813,0.415,0.098,0.163,0.084,0.017,0.389,0.445,1296,1054,406,979,573
2020-21,PRBallHandler,22020,1610612747,LAL,Los Angeles Lakers,Offensive,0.241,72,0.15,0.847,0.436,0.106,0.169,0.094,0.02,0.406,0.47,1193,1011,387,887,500
2020-21,PRBallHandler,22020,1610612764,WAS,Washington Wizards,Offensive,0.207,72,0.147,0.824,0.415,0.096,0.146,0.087,0.021,0.392,0.447,1222,1007,395,952,557
2020-21,PRBallHandler,22020,1610612766,CHA,Charlotte Hornets,Offensive,0.138,72,0.15,0.815,0.391,0.077,0.148,0.065,0.012,0.369,0.444,1202,980,369,944,575
2020-21,PRBallHandler,22020,1610612743,DEN,Denver Nuggets,Offensive,0.448,72,0.13,0.883,0.444,0.065,0.152,0.057,0.015,0.401,0.499,1031,910,365,822,457
2020-21,PRRollMan,22020,1610612758,SAC,Sacramento Kings,Offensive,0.759,72,0.087,1.153,0.549,0.139,0.069,0.13,0.036,0.554,0.582,693,799,315,574,259
2020-21,PRRollMan,22020,1610612737,ATL,Atlanta Hawks,Offensive,1,72,0.069,1.251,0.577,0.138,0.042,0.133,0.031,0.587,0.627,550,688,270,468,198
2020-21,PRRollMan,22020,1610612741,CHI,Chicago Bulls,Offensive,0,72,0.082,1.012,0.49,0.108,0.088,0.102,0.022,0.482,0.532,650,658,263,537,274
2020-21,PRRollMan,22020,1610612762,UTA,Utah Jazz,Offensive,0.931,72,0.066,1.236,0.602,0.2,0.086,0.19,0.055,0.589,0.641,526,650,244,405,161
2020-21,PRRollMan,22020,1610612743,DEN,Denver Nuggets,Offensive,0.414,72,0.071,1.117,0.494,0.078,0.062,0.078,0.023,0.488,0.575,563,629,245,496,251
2020-21,PRRollMan,22020,1610612742,DAL,Dallas Mavericks,Offensive,0.862,72,0.068,1.178,0.522,0.098,0.051,0.098,0.026,0.524,0.6,529,623,242,464,222
2020-21,PRRollMan,22020,1610612745,HOU,Houston Rockets,Offensive,0.69,72,0.066,1.142,0.532,0.142,0.09,0.132,0.024,0.53,0.601,536,612,226,425,199
2020-21,PRRollMan,22020,1610612753,ORL,Orlando Magic,Offensive,0.31,72,0.067,1.101,0.476,0.086,0.028,0.082,0.028,0.485,0.549,536,590,233,490,257
2020-21,PRRollMan,22020,1610612749,MIL,Milwaukee Bucks,Offensive,0.724,72,0.061,1.15,0.514,0.094,0.054,0.09,0.032,0.514,0.585,500,575,227,442,215
2020-21,PRRollMan,22020,1610612766,CHA,Charlotte Hornets,Offensive,0.138,72,0.066,1.065,0.493,0.125,0.083,0.118,0.032,0.493,0.547,527,561,214,434,220
2020-21,PRRollMan,22020,1610612757,POR,Portland Trail Blazers,Offensive,0.345,72,0.061,1.104,0.499,0.119,0.049,0.121,0.039,0.513,0.553,489,540,212,425,213
2020-21,PRRollMan,22020,1610612756,PHX,Phoenix Suns,Offensive,0.828,72,0.059,1.175,0.54,0.118,0.059,0.112,0.029,0.542,0.594,456,536,209,387,178
2020-21,PRRollMan,22020,1610612751,BKN,Brooklyn Nets,Offensive,0.897,72,0.056,1.193,0.587,0.179,0.081,0.177,0.038,0.585,0.627,446,532,203,346,143
2020-21,PRRollMan,22020,1610612761,TOR,Toronto Raptors,Offensive,0.103,72,0.064,1.049,0.459,0.126,0.061,0.13,0.03,0.475,0.521,507,532,195,425,230
2020-21,PRRollMan,22020,1610612739,CLE,Cleveland Cavaliers,Offensive,0.655,72,0.058,1.139,0.549,0.111,0.08,0.106,0.017,0.538,0.609,461,525,209,381,172
2020-21,PRRollMan,22020,1610612750,MIN,Minnesota Timberwolves,Offensive,0.483,72,0.057,1.12,0.504,0.131,0.075,0.129,0.026,0.511,0.587,466,522,192,381,189
2020-21,PRRollMan,22020,1610612748,MIA,Miami Heat,Offensive,0.966,72,0.055,1.247,0.62,0.139,0.07,0.137,0.036,0.6,0.658,417,520,214,345,131
2020-21,PRRollMan,22020,1610612760,OKC,Oklahoma City Thunder,Offensive,0.069,72,0.061,1.049,0.483,0.098,0.085,0.098,0.022,0.474,0.545,492,516,199,412,213
2020-21,PRRollMan,22020,1610612747,LAL,Los Angeles Lakers,Offensive,0.517,72,0.058,1.122,0.541,0.109,0.074,0.1,0.026,0.524,0.589,458,514,209,386,177
2020-21,PRRollMan,22020,1610612759,SAS,San Antonio Spurs,Offensive,0.034,72,0.062,1.045,0.517,0.077,0.069,0.073,0.022,0.502,0.55,492,514,223,431,208
2020-21,PRRollMan,22020,1610612763,MEM,Memphis Grizzlies,Offensive,0.793,72,0.051,1.162,0.568,0.083,0.048,0.083,0.026,0.565,0.586,421,489,214,377,163
2020-21,PRRollMan,22020,1610612746,LAC,LA Clippers,Offensive,0.586,72,0.056,1.127,0.521,0.104,0.085,0.092,0.012,0.514,0.597,434,489,186,357,171
2020-21,PRRollMan,22020,1610612754,IND,Indiana Pacers,Offensive,0.276,72,0.053,1.1,0.496,0.145,0.075,0.138,0.04,0.507,0.548,428,471,174,351,177
2020-21,PRRollMan,22020,1610612738,BOS,Boston Celtics,Offensive,0.172,72,0.053,1.067,0.51,0.09,0.069,0.088,0.021,0.502,0.553,420,448,184,361,177
2020-21,PRRollMan,22020,1610612765,DET,Detroit Pistons,Offensive,0.621,72,0.05,1.132,0.557,0.132,0.104,0.119,0.041,0.532,0.613,395,447,177,318,141
2020-21,PRRollMan,22020,1610612752,NYK,New York Knicks,Offensive,0.448,72,0.051,1.118,0.54,0.111,0.085,0.108,0.038,0.525,0.582,398,445,181,335,154
2020-21,PRRollMan,22020,1610612755,PHI,Philadelphia 76ers,Offensive,0.379,72,0.049,1.111,0.502,0.136,0.061,0.131,0.018,0.523,0.56,396,440,163,325,162
2020-21,PRRollMan,22020,1610612764,WAS,Washington Wizards,Offensive,0.207,72,0.048,1.068,0.508,0.131,0.06,0.128,0.028,0.52,0.536,398,425,169,333,164
2020-21,PRRollMan,22020,1610612740,NOP,New Orleans Pelicans,Offensive,0.241,72,0.045,1.07,0.524,0.154,0.089,0.149,0.043,0.519,0.552,370,396,155,296,141
2020-21,PRRollMan,22020,1610612744,GSW,Golden State Warriors,Offensive,0.552,72,0.035,1.122,0.543,0.112,0.097,0.115,0.04,0.518,0.596,278,312,125,230,105
2020-21,Postup,22020,1610612755,PHI,Philadelphia 76ers,Offensive,0.966,72,0.102,1.037,0.516,0.206,0.121,0.17,0.035,0.526,0.516,817,847,298,578,280
2020-21,Postup,22020,1610612747,LAL,Los Angeles Lakers,Offensive,0.517,72,0.085,0.947,0.51,0.131,0.147,0.116,0.042,0.474,0.51,673,637,262,514,252
2020-21,Postup,22020,1610612743,DEN,Denver Nuggets,Offensive,0.724,72,0.078,0.982,0.529,0.135,0.146,0.106,0.033,0.491,0.529,615,604,244,461,217
2020-21,Postup,22020,1610612749,MIL,Milwaukee Bucks,Offensive,0.621,72,0.067,0.977,0.527,0.139,0.135,0.126,0.038,0.486,0.527,554,541,223,423,200
2020-21,Postup,22020,1610612746,LAC,LA Clippers,Offensive,0.793,72,0.063,0.99,0.527,0.1,0.116,0.084,0.01,0.503,0.527,491,486,205,389,184
2020-21,Postup,22020,1610612764,WAS,Washington Wizards,Offensive,0.862,72,0.057,1.01,0.564,0.164,0.168,0.145,0.036,0.519,0.564,476,481,189,335,146
2020-21,Postup,22020,1610612741,CHI,Chicago Bulls,Offensive,0.897,72,0.054,1.014,0.55,0.1,0.13,0.083,0.032,0.509,0.55,432,438,191,347,156
2020-21,Postup,22020,1610612756,PHX,Phoenix Suns,Offensive,0.552,72,0.058,0.969,0.494,0.139,0.122,0.122,0.033,0.482,0.494,452,438,172,348,176
2020-21,Postup,22020,1610612757,POR,Portland Trail Blazers,Offensive,0.379,72,0.055,0.925,0.464,0.104,0.086,0.09,0.029,0.459,0.464,442,409,172,371,199
2020-21,Postup,22020,1610612753,ORL,Orlando Magic,Offensive,0.207,72,0.055,0.882,0.464,0.118,0.123,0.095,0.011,0.459,0.464,440,388,157,338,181
2020-21,Postup,22020,1610612742,DAL,Dallas Mavericks,Offensive,0.931,72,0.048,1.03,0.519,0.187,0.114,0.165,0.033,0.526,0.519,369,380,140,270,130
2020-21,Postup,22020,1610612752,NYK,New York Knicks,Offensive,0.586,72,0.048,0.97,0.487,0.182,0.139,0.16,0.046,0.489,0.487,368,357,130,267,137
2020-21,Postup,22020,1610612765,DET,Detroit Pistons,Offensive,0.414,72,0.048,0.927,0.454,0.202,0.12,0.194,0.026,0.484,0.454,382,354,122,269,147
2020-21,Postup,22020,1610612740,NOP,New Orleans Pelicans,Offensive,0.759,72,0.042,0.983,0.512,0.223,0.095,0.214,0.046,0.514,0.512,346,340,128,250,122
2020-21,Postup,22020,1610612750,MIN,Minnesota Timberwolves,Offensive,0.172,72,0.046,0.867,0.475,0.138,0.186,0.12,0.019,0.441,0.475,376,326,124,261,137
2020-21,Postup,22020,1610612737,ATL,Atlanta Hawks,Offensive,0.276,72,0.046,0.89,0.465,0.113,0.113,0.096,0.017,0.455,0.465,363,323,133,286,153
2020-21,Postup,22020,1610612738,BOS,Boston Celtics,Offensive,0.483,72,0.042,0.935,0.483,0.14,0.116,0.116,0.039,0.473,0.483,336,314,127,263,136
2020-21,Postup,22020,1610612763,MEM,Memphis Grizzlies,Offensive,0.69,72,0.039,0.981,0.549,0.139,0.174,0.123,0.019,0.495,0.549,317,311,123,224,101
2020-21,Postup,22020,1610612739,CLE,Cleveland Cavaliers,Offensive,0.069,72,0.047,0.805,0.417,0.165,0.141,0.13,0.022,0.428,0.417,369,297,110,264,154
2020-21,Postup,22020,1610612758,SAC,Sacramento Kings,Offensive,0.448,72,0.037,0.929,0.5,0.125,0.152,0.105,0.014,0.476,0.5,296,275,109,218,109
2020-21,Postup,22020,1610612759,SAS,San Antonio Spurs,Offensive,0.828,72,0.034,0.996,0.49,0.225,0.114,0.203,0.048,0.502,0.49,271,270,94,192,98
2020-21,Postup,22020,1610612754,IND,Indiana Pacers,Offensive,0.138,72,0.039,0.842,0.463,0.13,0.165,0.098,0.013,0.443,0.463,316,266,105,227,122
2020-21,Postup,22020,1610612748,MIA,Miami Heat,Offensive,0.655,72,0.034,0.981,0.495,0.172,0.123,0.146,0.038,0.494,0.495,261,256,96,194,98
2020-21,Postup,22020,1610612745,HOU,Houston Rockets,Offensive,0.345,72,0.031,0.913,0.512,0.179,0.19,0.151,0.036,0.472,0.512,252,230,86,168,82
2020-21,Postup,22020,1610612744,GSW,Golden State Warriors,Offensive,0.103,72,0.032,0.826,0.452,0.135,0.158,0.124,0.054,0.413,0.452,259,214,89,197,108
2020-21,Postup,22020,1610612751,BKN,Brooklyn Nets,Offensive,1,72,0.024,1.057,0.513,0.16,0.082,0.155,0.041,0.521,0.513,194,205,79,154,75
2020-21,Postup,22020,1610612760,OKC,Oklahoma City Thunder,Offensive,0.31,72,0.024,0.909,0.5,0.116,0.146,0.096,0.051,0.455,0.5,198,180,78,156,78
2020-21,Postup,22020,1610612761,TOR,Toronto Raptors,Offensive,0,72,0.028,0.762,0.402,0.099,0.152,0.09,0.009,0.386,0.402,223,170,68,169,101
2020-21,Postup,22020,1610612766,CHA,Charlotte Hornets,Offensive,0.034,72,0.024,0.773,0.441,0.108,0.211,0.052,0.021,0.392,0.441,194,150,60,136,76
2020-21,Postup,22020,1610612762,UTA,Utah Jazz,Offensive,0.241,72,0.019,0.887,0.45,0.153,0.14,0.127,0.02,0.447,0.45,150,133,49,109,60
2020-21,Spotup,22020,1610612746,LAC,LA Clippers,Offensive,1,72,0.237,1.237,0.46,0.036,0.044,0.032,0.01,0.453,0.635,1836,2271,785,1707,922
2020-21,Spotup,22020,1610612759,SAS,San Antonio Spurs,Offensive,0.241,72,0.269,1.005,0.399,0.058,0.053,0.056,0.013,0.402,0.509,2142,2152,770,1932,1162
2020-21,Spotup,22020,1610612766,CHA,Charlotte Hornets,Offensive,0.448,72,0.258,1.029,0.401,0.058,0.068,0.055,0.014,0.397,0.534,2065,2124,735,1834,1099
2020-21,Spotup,22020,1610612756,PHX,Phoenix Suns,Offensive,0.828,72,0.247,1.099,0.412,0.044,0.052,0.041,0.011,0.408,0.564,1923,2113,724,1759,1035
2020-21,Spotup,22020,1610612762,UTA,Utah Jazz,Offensive,0.931,72,0.237,1.112,0.424,0.047,0.071,0.04,0.006,0.416,0.584,1890,2102,711,1677,966
2020-21,Spotup,22020,1610612745,HOU,Houston Rockets,Offensive,0.103,72,0.263,0.97,0.37,0.049,0.059,0.042,0.011,0.368,0.501,2121,2057,710,1917,1207
2020-21,Spotup,22020,1610612760,OKC,Oklahoma City Thunder,Offensive,0.034,72,0.269,0.929,0.372,0.044,0.077,0.043,0.009,0.361,0.491,2182,2027,719,1935,1216
2020-21,Spotup,22020,1610612752,NYK,New York Knicks,Offensive,0.69,72,0.246,1.064,0.403,0.047,0.05,0.043,0.011,0.403,0.545,1902,2023,700,1736,1036
2020-21,Spotup,22020,1610612742,DAL,Dallas Mavericks,Offensive,0.621,72,0.244,1.05,0.399,0.039,0.045,0.036,0.009,0.398,0.534,1895,1989,699,1754,1055
2020-21,Spotup,22020,1610612740,NOP,New Orleans Pelicans,Offensive,0.379,72,0.235,1.021,0.389,0.072,0.064,0.067,0.015,0.394,0.523,1935,1975,661,1701,1040
2020-21,Spotup,22020,1610612761,TOR,Toronto Raptors,Offensive,0.517,72,0.237,1.037,0.39,0.034,0.055,0.032,0.007,0.385,0.536,1884,1953,675,1729,1054
2020-21,Spotup,22020,1610612750,MIN,Minnesota Timberwolves,Offensive,0.172,72,0.24,0.985,0.375,0.051,0.066,0.049,0.013,0.372,0.508,1976,1947,664,1769,1105
2020-21,Spotup,22020,1610612741,CHI,Chicago Bulls,Offensive,0.276,72,0.244,1.006,0.385,0.028,0.063,0.027,0.007,0.374,0.525,1935,1946,682,1772,1090
2020-21,Spotup,22020,1610612763,MEM,Memphis Grizzlies,Offensive,0.414,72,0.229,1.025,0.4,0.045,0.062,0.043,0.007,0.397,0.532,1876,1923,675,1688,1013
2020-21,Spotup,22020,1610612751,BKN,Brooklyn Nets,Offensive,0.966,72,0.216,1.12,0.423,0.05,0.055,0.046,0.005,0.423,0.577,1710,1915,651,1540,889
2020-21,Spotup,22020,1610612737,ATL,Atlanta Hawks,Offensive,0.724,72,0.225,1.069,0.402,0.045,0.054,0.041,0.007,0.402,0.546,1788,1912,652,1623,971
2020-21,Spotup,22020,1610612738,BOS,Boston Celtics,Offensive,0.759,72,0.22,1.071,0.422,0.05,0.076,0.045,0.011,0.411,0.568,1760,1885,657,1557,900
2020-21,Spotup,22020,1610612754,IND,Indiana Pacers,Offensive,0.483,72,0.225,1.032,0.396,0.056,0.054,0.051,0.008,0.402,0.527,1826,1884,650,1640,990
2020-21,Spotup,22020,1610612765,DET,Detroit Pistons,Offensive,0.069,72,0.243,0.966,0.367,0.057,0.062,0.051,0.012,0.369,0.494,1925,1859,631,1718,1087
2020-21,Spotup,22020,1610612755,PHI,Philadelphia 76ers,Offensive,0.552,72,0.22,1.037,0.399,0.05,0.061,0.046,0.011,0.397,0.534,1766,1832,633,1588,955
2020-21,Spotup,22020,1610612743,DEN,Denver Nuggets,Offensive,0.793,72,0.21,1.095,0.412,0.036,0.053,0.031,0.007,0.407,0.563,1666,1824,630,1529,899
2020-21,Spotup,22020,1610612744,GSW,Golden State Warriors,Offensive,0.207,72,0.228,0.991,0.384,0.04,0.066,0.036,0.009,0.376,0.517,1828,1812,635,1652,1017
2020-21,Spotup,22020,1610612748,MIA,Miami Heat,Offensive,0.655,72,0.225,1.051,0.387,0.04,0.038,0.039,0.006,0.391,0.533,1721,1809,617,1596,979
2020-21,Spotup,22020,1610612749,MIL,Milwaukee Bucks,Offensive,0.862,72,0.198,1.1,0.421,0.042,0.055,0.042,0.01,0.413,0.571,1630,1793,626,1488,862
2020-21,Spotup,22020,1610612758,SAC,Sacramento Kings,Offensive,0.586,72,0.211,1.043,0.414,0.043,0.072,0.04,0.007,0.403,0.551,1683,1756,621,1501,880
2020-21,Spotup,22020,1610612747,LAL,Los Angeles Lakers,Offensive,0.345,72,0.213,1.011,0.377,0.045,0.055,0.044,0.012,0.374,0.517,1693,1712,582,1544,962
2020-21,Spotup,22020,1610612757,POR,Portland Trail Blazers,Offensive,0.897,72,0.191,1.109,0.406,0.029,0.043,0.027,0.005,0.402,0.571,1529,1695,579,1425,846
2020-21,Spotup,22020,1610612753,ORL,Orlando Magic,Offensive,0.138,72,0.214,0.97,0.37,0.045,0.04,0.041,0.008,0.378,0.489,1702,1651,582,1571,989
2020-21,Spotup,22020,1610612764,WAS,Washington Wizards,Offensive,0.31,72,0.196,1.007,0.389,0.047,0.051,0.044,0.01,0.389,0.512,1634,1646,579,1489,910
2020-21,Spotup,22020,1610612739,CLE,Cleveland Cavaliers,Offensive,0,72,0.215,0.9,0.342,0.049,0.058,0.044,0.011,0.344,0.46,1705,1535,527,1541,1014
2020-21,Handoff,22020,1610612744,GSW,Golden State Warriors,Offensive,0.931,72,0.07,1.064,0.426,0.092,0.083,0.087,0.021,0.426,0.541,563,599,203,476,273
2020-21,Handoff,22020,1610612748,MIA,Miami Heat,Offensive,0.759,72,0.078,0.985,0.398,0.064,0.097,0.059,0.017,0.386,0.518,596,587,203,510,307
2020-21,Handoff,22020,1610612754,IND,Indiana Pacers,Offensive,0.483,72,0.075,0.927,0.407,0.057,0.103,0.052,0.011,0.393,0.491,614,569,213,523,310
2020-21,Handoff,22020,1610612765,DET,Detroit Pistons,Offensive,0.517,72,0.069,0.95,0.405,0.094,0.103,0.085,0.02,0.407,0.492,543,516,181,447,266
2020-21,Handoff,22020,1610612753,ORL,Orlando Magic,Offensive,0.821,72,0.06,1,0.438,0.114,0.084,0.108,0.021,0.447,0.509,474,474,171,390,219
2020-21,Handoff,22020,1610612750,MIN,Minnesota Timberwolves,Offensive,0.414,72,0.062,0.923,0.39,0.095,0.089,0.087,0.018,0.396,0.467,507,468,165,423,258
2020-21,Handoff,22020,1610612743,DEN,Denver Nuggets,Offensive,0.655,72,0.061,0.973,0.415,0.071,0.05,0.06,0.004,0.431,0.483,480,467,176,424,248
2020-21,Handoff,22020,1610612751,BKN,Brooklyn Nets,Offensive,0.966,72,0.053,1.07,0.466,0.058,0.101,0.046,0.012,0.439,0.577,417,446,166,356,190
2020-21,Handoff,22020,1610612740,NOP,New Orleans Pelicans,Offensive,0.31,72,0.059,0.895,0.413,0.086,0.113,0.072,0.01,0.405,0.471,487,436,163,395,232
2020-21,Handoff,22020,1610612757,POR,Portland Trail Blazers,Offensive,0.862,72,0.053,1.005,0.416,0.064,0.095,0.062,0.019,0.402,0.522,420,422,150,361,211
2020-21,Handoff,22020,1610612749,MIL,Milwaukee Bucks,Offensive,1,72,0.045,1.089,0.449,0.065,0.092,0.057,0,0.438,0.575,370,403,140,312,172
2020-21,Handoff,22020,1610612766,CHA,Charlotte Hornets,Offensive,0.724,72,0.051,0.978,0.462,0.086,0.137,0.078,0.02,0.434,0.542,408,399,150,325,175
2020-21,Handoff,22020,1610612738,BOS,Boston Celtics,Offensive,0.448,72,0.054,0.926,0.399,0.109,0.128,0.095,0.021,0.401,0.475,431,399,135,338,203
2020-21,Handoff,22020,1610612755,PHI,Philadelphia 76ers,Offensive,0.821,72,0.049,1,0.461,0.09,0.11,0.069,0.018,0.445,0.533,391,391,147,319,172
2020-21,Handoff,22020,1610612742,DAL,Dallas Mavericks,Offensive,0.69,72,0.05,0.977,0.433,0.09,0.116,0.08,0.026,0.414,0.517,389,380,138,319,181
2020-21,Handoff,22020,1610612763,MEM,Memphis Grizzlies,Offensive,0.276,72,0.052,0.89,0.412,0.07,0.092,0.066,0.012,0.406,0.464,426,379,149,362,213
2020-21,Handoff,22020,1610612761,TOR,Toronto Raptors,Offensive,0.897,72,0.047,1.008,0.44,0.105,0.111,0.089,0.019,0.439,0.522,371,374,131,298,167
2020-21,Handoff,22020,1610612759,SAS,San Antonio Spurs,Offensive,0.586,72,0.047,0.968,0.438,0.096,0.078,0.086,0.016,0.449,0.484,374,362,138,315,177
2020-21,Handoff,22020,1610612762,UTA,Utah Jazz,Offensive,0.172,72,0.051,0.879,0.369,0.067,0.118,0.054,0,0.365,0.461,406,357,122,331,209
2020-21,Handoff,22020,1610612739,CLE,Cleveland Cavaliers,Offensive,0.379,72,0.049,0.918,0.428,0.07,0.131,0.062,0.008,0.405,0.506,388,356,134,313,179
2020-21,Handoff,22020,1610612741,CHI,Chicago Bulls,Offensive,0.138,72,0.051,0.86,0.414,0.064,0.13,0.057,0.007,0.393,0.468,407,350,137,331,194
2020-21,Handoff,22020,1610612760,OKC,Oklahoma City Thunder,Offensive,0.034,72,0.048,0.829,0.4,0.093,0.142,0.088,0.016,0.378,0.453,386,320,120,300,180
2020-21,Handoff,22020,1610612752,NYK,New York Knicks,Offensive,0.552,72,0.043,0.955,0.419,0.06,0.072,0.051,0.009,0.419,0.485,332,317,122,291,169
2020-21,Handoff,22020,1610612745,HOU,Houston Rockets,Offensive,0.345,72,0.042,0.904,0.391,0.079,0.111,0.073,0.012,0.389,0.479,342,309,110,281,171
2020-21,Handoff,22020,1610612764,WAS,Washington Wizards,Offensive,0.621,72,0.036,0.97,0.41,0.109,0.093,0.096,0.036,0.414,0.476,302,293,103,251,148
2020-21,Handoff,22020,1610612747,LAL,Los Angeles Lakers,Offensive,0.069,72,0.043,0.848,0.373,0.073,0.108,0.067,0.012,0.371,0.44,342,290,106,284,178
2020-21,Handoff,22020,1610612758,SAC,Sacramento Kings,Offensive,0.241,72,0.04,0.889,0.405,0.092,0.098,0.082,0.019,0.405,0.458,316,281,106,262,156
2020-21,Handoff,22020,1610612756,PHX,Phoenix Suns,Offensive,0.207,72,0.039,0.888,0.457,0.069,0.132,0.056,0.01,0.422,0.492,303,269,112,245,133
2020-21,Handoff,22020,1610612746,LAC,LA Clippers,Offensive,0.103,72,0.034,0.858,0.387,0.062,0.1,0.058,0.015,0.377,0.441,260,223,86,222,136
2020-21,Handoff,22020,1610612737,ATL,Atlanta Hawks,Offensive,0,72,0.034,0.792,0.344,0.109,0.131,0.095,0.004,0.369,0.397,274,217,72,209,137
2020-21,Cut,22020,1610612764,WAS,Washington Wizards,Offensive,0.517,72,0.087,1.29,0.659,0.166,0.065,0.165,0.048,0.641,0.659,728,939,392,595,203
2020-21,Cut,22020,1610612743,DEN,Denver Nuggets,Offensive,0.724,72,0.089,1.31,0.671,0.133,0.059,0.129,0.04,0.658,0.671,707,926,402,599,197
2020-21,Cut,22020,1610612744,GSW,Golden State Warriors,Offensive,0.621,72,0.088,1.3,0.687,0.141,0.072,0.14,0.044,0.655,0.687,707,919,403,587,184
2020-21,Cut,22020,1610612751,BKN,Brooklyn Nets,Offensive,0.759,72,0.087,1.313,0.681,0.135,0.064,0.133,0.039,0.658,0.681,691,907,395,580,185
2020-21,Cut,22020,1610612741,CHI,Chicago Bulls,Offensive,1,72,0.082,1.384,0.712,0.149,0.069,0.144,0.057,0.688,0.712,651,901,389,546,157
2020-21,Cut,22020,1610612748,MIA,Miami Heat,Offensive,0.241,72,0.094,1.248,0.641,0.139,0.06,0.138,0.033,0.623,0.641,717,895,382,596,214
2020-21,Cut,22020,1610612739,CLE,Cleveland Cavaliers,Offensive,0.172,72,0.09,1.242,0.635,0.155,0.059,0.154,0.041,0.629,0.635,715,888,375,591,216
2020-21,Cut,22020,1610612740,NOP,New Orleans Pelicans,Offensive,0.448,72,0.079,1.283,0.669,0.135,0.062,0.132,0.032,0.642,0.669,650,834,363,543,180
2020-21,Cut,22020,1610612754,IND,Indiana Pacers,Offensive,0.931,72,0.076,1.344,0.676,0.174,0.052,0.17,0.055,0.675,0.676,619,832,347,513,166
2020-21,Cut,22020,1610612747,LAL,Los Angeles Lakers,Offensive,0.828,72,0.075,1.33,0.707,0.162,0.087,0.163,0.053,0.665,0.707,600,798,340,481,141
2020-21,Cut,22020,1610612750,MIN,Minnesota Timberwolves,Offensive,0.414,72,0.075,1.271,0.646,0.169,0.065,0.164,0.058,0.643,0.646,616,783,328,508,180
2020-21,Cut,22020,1610612765,DET,Detroit Pistons,Offensive,0.793,72,0.07,1.326,0.683,0.147,0.058,0.146,0.045,0.673,0.683,556,737,319,467,148
2020-21,Cut,22020,1610612749,MIL,Milwaukee Bucks,Offensive,0.655,72,0.069,1.303,0.67,0.127,0.067,0.117,0.032,0.653,0.67,565,736,317,473,156
2020-21,Cut,22020,1610612758,SAC,Sacramento Kings,Offensive,0.276,72,0.071,1.253,0.631,0.142,0.033,0.142,0.023,0.64,0.631,569,713,304,482,178
2020-21,Cut,22020,1610612756,PHX,Phoenix Suns,Offensive,0.897,72,0.068,1.335,0.693,0.132,0.076,0.132,0.034,0.664,0.693,529,706,303,437,134
2020-21,Cut,22020,1610612737,ATL,Atlanta Hawks,Offensive,0.207,72,0.069,1.248,0.638,0.158,0.051,0.152,0.038,0.63,0.638,552,689,292,458,166
2020-21,Cut,22020,1610612766,CHA,Charlotte Hornets,Offensive,0.034,72,0.071,1.167,0.608,0.155,0.083,0.153,0.028,0.593,0.608,568,663,273,449,176
2020-21,Cut,22020,1610612738,BOS,Boston Celtics,Offensive,0.586,72,0.063,1.299,0.691,0.108,0.067,0.106,0.03,0.661,0.691,508,660,300,434,134
2020-21,Cut,22020,1610612763,MEM,Memphis Grizzlies,Offensive,0.069,72,0.063,1.193,0.602,0.118,0.046,0.118,0.035,0.602,0.602,517,617,271,450,179
2020-21,Cut,22020,1610612761,TOR,Toronto Raptors,Offensive,0.31,72,0.061,1.256,0.646,0.139,0.056,0.137,0.025,0.642,0.646,481,604,257,398,141
2020-21,Cut,22020,1610612759,SAS,San Antonio Spurs,Offensive,0.69,72,0.058,1.305,0.647,0.17,0.048,0.17,0.065,0.647,0.647,459,599,251,388,137
2020-21,Cut,22020,1610612745,HOU,Houston Rockets,Offensive,0.862,72,0.054,1.332,0.7,0.146,0.064,0.14,0.041,0.677,0.7,437,582,254,363,109
2020-21,Cut,22020,1610612746,LAC,LA Clippers,Offensive,0.966,72,0.055,1.368,0.691,0.16,0.066,0.151,0.045,0.679,0.691,424,580,239,346,107
2020-21,Cut,22020,1610612762,UTA,Utah Jazz,Offensive,0.483,72,0.057,1.283,0.68,0.184,0.064,0.173,0.035,0.67,0.68,452,580,242,356,114
2020-21,Cut,22020,1610612757,POR,Portland Trail Blazers,Offensive,0.103,72,0.058,1.214,0.619,0.145,0.056,0.134,0.028,0.62,0.619,463,562,236,381,145
2020-21,Cut,22020,1610612753,ORL,Orlando Magic,Offensive,0.138,72,0.054,1.23,0.632,0.147,0.067,0.144,0.03,0.626,0.632,430,529,222,351,129
2020-21,Cut,22020,1610612760,OKC,Oklahoma City Thunder,Offensive,0.379,72,0.052,1.26,0.671,0.146,0.072,0.146,0.036,0.64,0.671,419,528,230,343,113
2020-21,Cut,22020,1610612742,DAL,Dallas Mavericks,Offensive,0.552,72,0.051,1.296,0.661,0.157,0.058,0.149,0.015,0.666,0.661,395,512,209,316,107
2020-21,Cut,22020,1610612752,NYK,New York Knicks,Offensive,0,72,0.056,1.149,0.606,0.114,0.081,0.114,0.033,0.579,0.606,430,494,218,360,142
2020-21,Cut,22020,1610612755,PHI,Philadelphia 76ers,Offensive,0.345,72,0.049,1.258,0.654,0.153,0.059,0.148,0.033,0.647,0.654,391,492,210,321,111
2020-21,OffScreen,22020,1610612744,GSW,Golden State Warriors,Offensive,0.793,72,0.08,1.04,0.415,0.067,0.056,0.065,0.016,0.418,0.525,643,669,238,573,335
2020-21,OffScreen,22020,1610612764,WAS,Washington Wizards,Offensive,0.966,72,0.05,1.098,0.416,0.117,0.05,0.105,0.024,0.45,0.527,418,459,149,358,209
2020-21,OffScreen,22020,1610612765,DET,Detroit Pistons,Offensive,0.448,72,0.055,0.97,0.399,0.081,0.086,0.074,0.007,0.405,0.497,432,419,145,363,218
2020-21,OffScreen,22020,1610612751,BKN,Brooklyn Nets,Offensive,0.586,72,0.051,1.012,0.406,0.04,0.072,0.035,0.005,0.398,0.525,405,410,147,362,215
2020-21,OffScreen,22020,1610612748,MIA,Miami Heat,Offensive,1,72,0.047,1.108,0.43,0.042,0.058,0.033,0.008,0.421,0.575,361,400,141,328,187
2020-21,OffScreen,22020,1610612753,ORL,Orlando Magic,Offensive,0.103,72,0.054,0.923,0.39,0.082,0.079,0.082,0.016,0.399,0.451,429,396,143,367,224
2020-21,OffScreen,22020,1610612756,PHX,Phoenix Suns,Offensive,0.517,72,0.05,0.985,0.424,0.066,0.064,0.064,0.02,0.421,0.49,392,386,148,349,201
2020-21,OffScreen,22020,1610612762,UTA,Utah Jazz,Offensive,0.655,72,0.046,1.027,0.403,0.069,0.074,0.06,0.016,0.404,0.522,364,374,128,318,190
2020-21,OffScreen,22020,1610612761,TOR,Toronto Raptors,Offensive,0.552,72,0.046,1.008,0.401,0.049,0.087,0.054,0.003,0.391,0.536,368,371,127,317,190
2020-21,OffScreen,22020,1610612746,LAC,LA Clippers,Offensive,0.828,72,0.044,1.053,0.445,0.058,0.082,0.053,0.018,0.43,0.542,342,360,133,299,166
2020-21,OffScreen,22020,1610612742,DAL,Dallas Mavericks,Offensive,0.897,72,0.043,1.072,0.43,0.063,0.036,0.063,0.009,0.444,0.536,333,357,130,302,172
2020-21,OffScreen,22020,1610612750,MIN,Minnesota Timberwolves,Offensive,0.276,72,0.046,0.941,0.378,0.085,0.072,0.077,0.019,0.389,0.478,375,353,122,323,201
2020-21,OffScreen,22020,1610612738,BOS,Boston Celtics,Offensive,0.483,72,0.045,0.978,0.411,0.045,0.081,0.042,0.006,0.397,0.508,358,350,129,314,185
2020-21,OffScreen,22020,1610612754,IND,Indiana Pacers,Offensive,0.69,72,0.041,1.03,0.428,0.096,0.078,0.096,0.024,0.436,0.523,335,345,122,285,163
2020-21,OffScreen,22020,1610612757,POR,Portland Trail Blazers,Offensive,0.724,72,0.041,1.03,0.413,0.085,0.06,0.079,0.015,0.426,0.507,331,341,119,288,169
2020-21,OffScreen,22020,1610612766,CHA,Charlotte Hornets,Offensive,0.069,72,0.045,0.886,0.369,0.05,0.078,0.05,0.011,0.365,0.459,359,318,117,317,200
2020-21,OffScreen,22020,1610612749,MIL,Milwaukee Bucks,Offensive,0.621,72,0.038,1.019,0.42,0.045,0.058,0.045,0.01,0.416,0.516,310,316,118,281,163
2020-21,OffScreen,22020,1610612759,SAS,San Antonio Spurs,Offensive,0.931,72,0.035,1.075,0.426,0.075,0.043,0.068,0.007,0.446,0.532,280,301,106,249,143
2020-21,OffScreen,22020,1610612743,DEN,Denver Nuggets,Offensive,0.31,72,0.039,0.955,0.423,0.058,0.087,0.058,0.01,0.408,0.504,309,295,113,267,154
2020-21,OffScreen,22020,1610612747,LAL,Los Angeles Lakers,Offensive,0.379,72,0.038,0.958,0.387,0.052,0.088,0.052,0.01,0.376,0.506,306,293,103,266,163
2020-21,OffScreen,22020,1610612739,CLE,Cleveland Cavaliers,Offensive,0.345,72,0.038,0.957,0.42,0.066,0.092,0.059,0.007,0.416,0.494,303,290,108,257,149
2020-21,OffScreen,22020,1610612758,SAC,Sacramento Kings,Offensive,0.138,72,0.039,0.925,0.359,0.036,0.062,0.032,0.01,0.354,0.477,308,285,101,281,180
2020-21,OffScreen,22020,1610612737,ATL,Atlanta Hawks,Offensive,0.759,72,0.032,1.039,0.433,0.039,0.054,0.039,0,0.432,0.532,257,267,101,233,132
2020-21,OffScreen,22020,1610612763,MEM,Memphis Grizzlies,Offensive,0,72,0.039,0.812,0.364,0.075,0.078,0.075,0.019,0.367,0.416,319,259,100,275,175
2020-21,OffScreen,22020,1610612741,CHI,Chicago Bulls,Offensive,0.241,72,0.035,0.935,0.381,0.051,0.076,0.04,0.011,0.37,0.496,276,258,93,244,151
2020-21,OffScreen,22020,1610612745,HOU,Houston Rockets,Offensive,0.172,72,0.033,0.925,0.379,0.037,0.101,0.034,0.004,0.362,0.502,268,248,88,232,144
2020-21,OffScreen,22020,1610612740,NOP,New Orleans Pelicans,Offensive,0.414,72,0.026,0.962,0.405,0.099,0.061,0.089,0.033,0.413,0.473,213,205,75,185,110
2020-21,OffScreen,22020,1610612752,NYK,New York Knicks,Offensive,0.034,72,0.029,0.829,0.352,0.057,0.092,0.048,0.009,0.351,0.429,228,189,69,196,127
2020-21,OffScreen,22020,1610612760,OKC,Oklahoma City Thunder,Offensive,0.862,72,0.022,1.057,0.451,0.063,0.12,0.051,0.006,0.423,0.587,175,185,65,144,79
2020-21,OffScreen,22020,1610612755,PHI,Philadelphia 76ers,Offensive,0.207,72,0.022,0.933,0.409,0.061,0.089,0.061,0.006,0.4,0.49,180,168,63,154,91
2020-21,OffRebound,22020,1610612763,MEM,Memphis Grizzlies,Offensive,0.966,72,0.061,1.193,0.602,0.139,0.064,0.129,0.032,0.594,0.606,503,600,251,417,166
2020-21,OffRebound,22020,1610612737,ATL,Atlanta Hawks,Offensive,0.69,72,0.066,1.135,0.579,0.151,0.073,0.137,0.034,0.576,0.582,524,595,246,425,179
2020-21,OffRebound,22020,1610612740,NOP,New Orleans Pelicans,Offensive,0.379,72,0.065,1.106,0.569,0.13,0.071,0.119,0.024,0.566,0.573,537,594,251,441,190
2020-21,OffRebound,22020,1610612743,DEN,Denver Nuggets,Offensive,0.897,72,0.061,1.169,0.585,0.111,0.06,0.105,0.025,0.581,0.587,485,567,242,414,172
2020-21,OffRebound,22020,1610612757,POR,Portland Trail Blazers,Offensive,0.103,72,0.063,1.067,0.533,0.133,0.052,0.129,0.028,0.546,0.534,504,538,226,424,198
2020-21,OffRebound,22020,1610612755,PHI,Philadelphia 76ers,Offensive,0.793,72,0.057,1.141,0.564,0.181,0.053,0.178,0.031,0.588,0.569,454,518,203,360,157
2020-21,OffRebound,22020,1610612750,MIN,Minnesota Timberwolves,Offensive,0.552,72,0.056,1.129,0.566,0.138,0.053,0.133,0.033,0.567,0.569,457,516,218,385,167
2020-21,OffRebound,22020,1610612738,BOS,Boston Celtics,Offensive,0.207,72,0.057,1.095,0.567,0.143,0.07,0.127,0.031,0.56,0.569,455,498,211,372,161
2020-21,OffRebound,22020,1610612753,ORL,Orlando Magic,Offensive,0.414,72,0.056,1.122,0.569,0.138,0.063,0.129,0.041,0.561,0.57,442,496,211,371,160
2020-21,OffRebound,22020,1610612739,CLE,Cleveland Cavaliers,Offensive,0.241,72,0.055,1.098,0.535,0.16,0.053,0.151,0.039,0.554,0.544,437,480,193,361,168
2020-21,OffRebound,22020,1610612760,OKC,Oklahoma City Thunder,Offensive,0.034,72,0.056,1.024,0.532,0.109,0.081,0.105,0.031,0.517,0.536,458,469,205,385,180
2020-21,OffRebound,22020,1610612747,LAL,Los Angeles Lakers,Offensive,0.828,72,0.05,1.149,0.58,0.166,0.071,0.164,0.038,0.587,0.585,397,456,184,317,133
2020-21,OffRebound,22020,1610612762,UTA,Utah Jazz,Offensive,0.862,72,0.049,1.158,0.606,0.145,0.097,0.137,0.036,0.583,0.607,393,455,189,312,123
2020-21,OffRebound,22020,1610612754,IND,Indiana Pacers,Offensive,0.483,72,0.048,1.127,0.566,0.132,0.076,0.124,0.033,0.561,0.575,394,444,184,325,141
2020-21,OffRebound,22020,1610612745,HOU,Houston Rockets,Offensive,0.759,72,0.048,1.136,0.573,0.121,0.069,0.116,0.039,0.56,0.581,389,442,188,328,140
2020-21,OffRebound,22020,1610612752,NYK,New York Knicks,Offensive,0.138,72,0.053,1.086,0.564,0.138,0.093,0.125,0.015,0.548,0.571,407,442,180,319,139
2020-21,OffRebound,22020,1610612758,SAC,Sacramento Kings,Offensive,0.276,72,0.05,1.1,0.572,0.13,0.073,0.128,0.028,0.554,0.578,399,439,187,327,140
2020-21,OffRebound,22020,1610612746,LAC,LA Clippers,Offensive,0.31,72,0.051,1.104,0.557,0.111,0.076,0.101,0.01,0.554,0.563,395,436,181,325,144
2020-21,OffRebound,22020,1610612749,MIL,Milwaukee Bucks,Offensive,0.172,72,0.048,1.086,0.579,0.109,0.107,0.104,0.023,0.548,0.585,394,428,184,318,134
2020-21,OffRebound,22020,1610612764,WAS,Washington Wizards,Offensive,0.517,72,0.045,1.128,0.577,0.112,0.086,0.104,0.027,0.564,0.587,374,422,179,310,131
2020-21,OffRebound,22020,1610612761,TOR,Toronto Raptors,Offensive,0.621,72,0.047,1.132,0.584,0.124,0.075,0.118,0.019,0.575,0.59,372,421,178,305,127
2020-21,OffRebound,22020,1610612765,DET,Detroit Pistons,Offensive,0.586,72,0.046,1.13,0.579,0.084,0.06,0.082,0.011,0.571,0.582,368,416,184,318,134
2020-21,OffRebound,22020,1610612741,CHI,Chicago Bulls,Offensive,0.448,72,0.046,1.126,0.558,0.121,0.041,0.11,0.03,0.564,0.558,365,411,177,317,140
2020-21,OffRebound,22020,1610612759,SAS,San Antonio Spurs,Offensive,0.345,72,0.047,1.105,0.563,0.11,0.073,0.108,0.038,0.548,0.568,372,411,179,318,139
2020-21,OffRebound,22020,1610612751,BKN,Brooklyn Nets,Offensive,0.931,72,0.042,1.17,0.601,0.146,0.071,0.146,0.033,0.589,0.601,336,393,164,273,109
2020-21,OffRebound,22020,1610612756,PHX,Phoenix Suns,Offensive,1,72,0.039,1.269,0.642,0.089,0.059,0.085,0.026,0.626,0.655,305,387,172,268,96
2020-21,OffRebound,22020,1610612742,DAL,Dallas Mavericks,Offensive,0.724,72,0.043,1.136,0.562,0.12,0.057,0.127,0.03,0.563,0.568,332,377,158,281,123
2020-21,OffRebound,22020,1610612744,GSW,Golden State Warriors,Offensive,0.069,72,0.041,1.033,0.528,0.082,0.073,0.076,0.012,0.523,0.537,329,340,149,282,133
2020-21,OffRebound,22020,1610612766,CHA,Charlotte Hornets,Offensive,0,72,0.046,0.905,0.46,0.127,0.098,0.119,0.016,0.466,0.466,369,334,134,291,157
2020-21,OffRebound,22020,1610612748,MIA,Miami Heat,Offensive,0.655,72,0.036,1.135,0.601,0.15,0.113,0.139,0.04,0.569,0.606,274,311,128,213,85
2020-21,Misc,22020,1610612764,WAS,Washington Wizards,Offensive,0.897,72,0.061,0.624,0.444,0.222,0.49,0.037,0.01,0.333,0.48,508,317,67,151,84
2020-21,Misc,22020,1610612743,DEN,Denver Nuggets,Offensive,0.862,72,0.063,0.623,0.424,0.23,0.499,0.024,0.008,0.329,0.46,499,311,59,139,80
2020-21,Misc,22020,1610612739,CLE,Cleveland Cavaliers,Offensive,0.586,72,0.065,0.559,0.45,0.209,0.544,0.041,0.004,0.308,0.477,517,289,58,129,71
2020-21,Misc,22020,1610612751,BKN,Brooklyn Nets,Offensive,0.793,72,0.058,0.609,0.505,0.21,0.552,0.009,0.002,0.319,0.569,458,279,55,109,54
2020-21,Misc,22020,1610612750,MIN,Minnesota Timberwolves,Offensive,0.828,72,0.052,0.619,0.46,0.2,0.513,0.042,0.005,0.323,0.516,431,267,58,126,68
2020-21,Misc,22020,1610612754,IND,Indiana Pacers,Offensive,0.759,72,0.055,0.599,0.5,0.171,0.523,0.025,0.009,0.313,0.529,444,266,70,140,70
2020-21,Misc,22020,1610612755,PHI,Philadelphia 76ers,Offensive,0.379,72,0.063,0.526,0.41,0.219,0.546,0.028,0.008,0.291,0.434,502,264,50,122,72
2020-21,Misc,22020,1610612744,GSW,Golden State Warriors,Offensive,0.276,72,0.063,0.516,0.386,0.167,0.582,0.03,0.012,0.253,0.466,502,259,51,132,81
2020-21,Misc,22020,1610612742,DAL,Dallas Mavericks,Offensive,0.966,72,0.051,0.656,0.433,0.257,0.494,0.038,0.015,0.346,0.486,393,258,45,104,59
2020-21,Misc,22020,1610612737,ATL,Atlanta Hawks,Offensive,0.69,72,0.054,0.584,0.333,0.243,0.495,0.037,0.002,0.313,0.365,428,250,37,111,74
2020-21,Misc,22020,1610612748,MIA,Miami Heat,Offensive,0.138,72,0.066,0.496,0.387,0.197,0.588,0.026,0.006,0.271,0.437,502,249,43,111,68
2020-21,Misc,22020,1610612752,NYK,New York Knicks,Offensive,0.931,72,0.047,0.647,0.442,0.249,0.499,0.041,0.008,0.342,0.505,365,236,42,95,53
2020-21,Misc,22020,1610612761,TOR,Toronto Raptors,Offensive,0.655,72,0.052,0.569,0.36,0.179,0.501,0.053,0.017,0.283,0.403,413,235,50,139,89
2020-21,Misc,22020,1610612738,BOS,Boston Celtics,Offensive,0.345,72,0.056,0.521,0.348,0.206,0.506,0.051,0.004,0.288,0.379,451,235,46,132,86
2020-21,Misc,22020,1610612757,POR,Portland Trail Blazers,Offensive,0.448,72,0.052,0.55,0.368,0.202,0.546,0.024,0.002,0.279,0.443,416,229,39,106,67
2020-21,Misc,22020,1610612758,SAC,Sacramento Kings,Offensive,0.414,72,0.053,0.539,0.405,0.182,0.515,0.038,0.007,0.288,0.454,423,228,53,131,78
2020-21,Misc,22020,1610612766,CHA,Charlotte Hornets,Offensive,0.483,72,0.051,0.554,0.405,0.19,0.505,0.017,0.005,0.291,0.46,406,225,51,126,75
2020-21,Misc,22020,1610612749,MIL,Milwaukee Bucks,Offensive,0.517,72,0.049,0.559,0.485,0.15,0.536,0.02,0.01,0.292,0.527,401,224,63,130,67
2020-21,Misc,22020,1610612763,MEM,Memphis Grizzlies,Offensive,1,72,0.04,0.668,0.537,0.238,0.521,0.034,0.009,0.345,0.598,328,219,44,82,38
2020-21,Misc,22020,1610612741,CHI,Chicago Bulls,Offensive,0.069,72,0.056,0.486,0.408,0.182,0.592,0.034,0.007,0.266,0.447,444,216,42,103,61
2020-21,Misc,22020,1610612745,HOU,Houston Rockets,Offensive,0.172,72,0.052,0.512,0.343,0.167,0.514,0.045,0.01,0.256,0.398,418,214,47,137,90
2020-21,Misc,22020,1610612740,NOP,New Orleans Pelicans,Offensive,0.103,72,0.053,0.489,0.347,0.228,0.543,0.034,0.002,0.272,0.396,438,214,35,101,66
2020-21,Misc,22020,1610612765,DET,Detroit Pistons,Offensive,0,72,0.056,0.472,0.333,0.209,0.557,0.031,0.002,0.272,0.362,445,210,35,105,70
2020-21,Misc,22020,1610612746,LAC,LA Clippers,Offensive,0.31,72,0.052,0.516,0.37,0.18,0.553,0.027,0,0.272,0.417,405,209,40,108,68
2020-21,Misc,22020,1610612762,UTA,Utah Jazz,Offensive,0.621,72,0.046,0.559,0.415,0.219,0.565,0.022,0.005,0.3,0.445,370,207,34,82,48
2020-21,Misc,22020,1610612747,LAL,Los Angeles Lakers,Offensive,0.034,72,0.054,0.477,0.349,0.208,0.551,0.037,0.007,0.262,0.406,432,206,37,106,69
2020-21,Misc,22020,1610612759,SAS,San Antonio Spurs,Offensive,0.724,72,0.043,0.596,0.42,0.265,0.509,0.041,0.009,0.334,0.451,344,205,34,81,47
2020-21,Misc,22020,1610612753,ORL,Orlando Magic,Offensive,0.207,72,0.05,0.515,0.394,0.205,0.566,0.033,0.008,0.278,0.41,396,204,37,94,57
2020-21,Misc,22020,1610612756,PHX,Phoenix Suns,Offensive,0.552,72,0.046,0.559,0.432,0.184,0.559,0.034,0.008,0.282,0.474,358,200,41,95,54
2020-21,Misc,22020,1610612760,OKC,Oklahoma City Thunder,Offensive,0.241,72,0.048,0.516,0.36,0.179,0.505,0.047,0.01,0.269,0.396,386,199,45,125,80
2021-22,Isolation,22021,1610612751,BKN,Brooklyn Nets,Offensive,0.931,82,0.108,1.008,0.429,0.126,0.087,0.113,0.026,0.447,0.484,975,983,340,792,452
2021-22,Isolation,22021,1610612761,TOR,Toronto Raptors,Offensive,0.103,82,0.103,0.834,0.398,0.102,0.099,0.091,0.023,0.403,0.427,949,791,310,779,469
2021-22,Isolation,22021,1610612749,MIL,Milwaukee Bucks,Offensive,0.759,82,0.088,0.942,0.448,0.119,0.115,0.108,0.021,0.444,0.494,806,759,284,634,350
2021-22,Isolation,22021,1610612742,DAL,Dallas Mavericks,Offensive,0.966,82,0.086,1.022,0.447,0.136,0.097,0.111,0.03,0.456,0.518,742,758,264,591,327
2021-22,Isolation,22021,1610612747,LAL,Los Angeles Lakers,Offensive,0.586,82,0.089,0.917,0.435,0.111,0.098,0.105,0.034,0.431,0.47,817,749,293,674,381
2021-22,Isolation,22021,1610612750,MIN,Minnesota Timberwolves,Offensive,0.897,82,0.078,0.995,0.429,0.114,0.079,0.099,0.033,0.438,0.5,735,731,265,617,352
2021-22,Isolation,22021,1610612738,BOS,Boston Celtics,Offensive,0.621,82,0.085,0.927,0.405,0.106,0.102,0.092,0.011,0.416,0.47,757,702,246,608,362
2021-22,Isolation,22021,1610612741,CHI,Chicago Bulls,Offensive,1,82,0.071,1.048,0.466,0.173,0.07,0.163,0.051,0.494,0.495,626,656,236,506,270
2021-22,Isolation,22021,1610612760,OKC,Oklahoma City Thunder,Offensive,0.724,82,0.077,0.936,0.418,0.139,0.097,0.123,0.029,0.436,0.464,698,653,231,553,322
2021-22,Isolation,22021,1610612755,PHI,Philadelphia 76ers,Offensive,0.828,82,0.078,0.944,0.403,0.162,0.081,0.154,0.035,0.44,0.435,677,639,215,533,318
2021-22,Isolation,22021,1610612737,ATL,Atlanta Hawks,Offensive,0.448,82,0.078,0.876,0.373,0.112,0.075,0.092,0.013,0.404,0.423,695,609,214,574,360
2021-22,Isolation,22021,1610612752,NYK,New York Knicks,Offensive,0.138,82,0.081,0.845,0.363,0.129,0.086,0.117,0.033,0.393,0.395,721,609,214,590,376
2021-22,Isolation,22021,1610612746,LAC,LA Clippers,Offensive,0.069,82,0.082,0.833,0.367,0.101,0.075,0.093,0.014,0.389,0.408,730,608,224,611,387
2021-22,Isolation,22021,1610612745,HOU,Houston Rockets,Offensive,0.517,82,0.072,0.907,0.399,0.132,0.09,0.117,0.021,0.418,0.465,665,603,212,531,319
2021-22,Isolation,22021,1610612757,POR,Portland Trail Blazers,Offensive,0.31,82,0.07,0.866,0.388,0.123,0.097,0.097,0.021,0.409,0.425,628,544,195,503,308
2021-22,Isolation,22021,1610612739,CLE,Cleveland Cavaliers,Offensive,0.655,82,0.061,0.93,0.437,0.12,0.119,0.1,0.022,0.435,0.481,540,502,185,423,238
2021-22,Isolation,22021,1610612764,WAS,Washington Wizards,Offensive,0.276,82,0.065,0.865,0.395,0.1,0.078,0.086,0.014,0.416,0.426,579,501,191,484,293
2021-22,Isolation,22021,1610612766,CHA,Charlotte Hornets,Offensive,0.862,82,0.057,0.95,0.416,0.126,0.082,0.116,0.04,0.431,0.468,524,498,181,435,254
2021-22,Isolation,22021,1610612748,MIA,Miami Heat,Offensive,0.69,82,0.06,0.934,0.412,0.131,0.066,0.12,0.034,0.436,0.448,527,492,181,439,258
2021-22,Isolation,22021,1610612762,UTA,Utah Jazz,Offensive,0.552,82,0.057,0.912,0.39,0.109,0.117,0.089,0.023,0.395,0.46,514,469,160,410,250
2021-22,Isolation,22021,1610612758,SAC,Sacramento Kings,Offensive,0.483,82,0.057,0.882,0.411,0.118,0.103,0.111,0.025,0.42,0.447,524,462,173,421,248
2021-22,Isolation,22021,1610612744,GSW,Golden State Warriors,Offensive,0.793,82,0.054,0.942,0.434,0.116,0.097,0.101,0.019,0.443,0.481,483,455,169,389,220
2021-22,Isolation,22021,1610612765,DET,Detroit Pistons,Offensive,0,82,0.061,0.802,0.356,0.128,0.099,0.112,0.016,0.389,0.385,555,445,156,438,282
2021-22,Isolation,22021,1610612743,DEN,Denver Nuggets,Offensive,0.345,82,0.055,0.869,0.382,0.09,0.096,0.076,0.018,0.387,0.44,488,424,155,406,251
2021-22,Isolation,22021,1610612763,MEM,Memphis Grizzlies,Offensive,0.379,82,0.049,0.871,0.391,0.112,0.087,0.093,0.017,0.409,0.437,472,411,151,386,235
2021-22,Isolation,22021,1610612756,PHX,Phoenix Suns,Offensive,0.207,82,0.049,0.857,0.388,0.063,0.081,0.059,0.014,0.387,0.435,442,379,149,384,235
2021-22,Isolation,22021,1610612740,NOP,New Orleans Pelicans,Offensive,0.034,82,0.049,0.803,0.359,0.128,0.096,0.112,0.022,0.391,0.382,447,359,128,357,229
2021-22,Isolation,22021,1610612754,IND,Indiana Pacers,Offensive,0.172,82,0.045,0.855,0.4,0.118,0.099,0.101,0.014,0.418,0.435,414,354,132,330,198
2021-22,Isolation,22021,1610612753,ORL,Orlando Magic,Offensive,0.241,82,0.042,0.862,0.393,0.125,0.089,0.117,0.031,0.41,0.42,383,330,123,313,190
2021-22,Isolation,22021,1610612759,SAS,San Antonio Spurs,Offensive,0.414,82,0.037,0.875,0.428,0.102,0.114,0.099,0.02,0.423,0.446,343,300,118,276,158
2021-22,Transition,22021,1610612763,MEM,Memphis Grizzlies,Offensive,0.379,82,0.191,1.11,0.523,0.13,0.102,0.117,0.03,0.508,0.588,1830,2032,763,1458,695
2021-22,Transition,22021,1610612766,CHA,Charlotte Hornets,Offensive,0.621,82,0.189,1.148,0.535,0.119,0.107,0.107,0.025,0.518,0.614,1750,2009,747,1395,648
2021-22,Transition,22021,1610612749,MIL,Milwaukee Bucks,Offensive,0.586,82,0.19,1.135,0.516,0.151,0.112,0.136,0.031,0.506,0.607,1743,1979,689,1334,645
2021-22,Transition,22021,1610612747,LAL,Los Angeles Lakers,Offensive,0.517,82,0.186,1.127,0.544,0.137,0.134,0.122,0.03,0.511,0.623,1711,1928,706,1298,592
2021-22,Transition,22021,1610612761,TOR,Toronto Raptors,Offensive,0.207,82,0.184,1.092,0.531,0.139,0.126,0.128,0.033,0.506,0.59,1690,1845,688,1296,608
2021-22,Transition,22021,1610612740,NOP,New Orleans Pelicans,Offensive,0.897,82,0.167,1.172,0.549,0.154,0.103,0.141,0.04,0.536,0.616,1520,1781,652,1188,536
2021-22,Transition,22021,1610612750,MIN,Minnesota Timberwolves,Offensive,0.345,82,0.17,1.107,0.52,0.129,0.121,0.118,0.034,0.497,0.596,1591,1762,647,1245,598
2021-22,Transition,22021,1610612756,PHX,Phoenix Suns,Offensive,0.793,82,0.156,1.158,0.526,0.116,0.1,0.106,0.032,0.511,0.605,1417,1641,609,1157,548
2021-22,Transition,22021,1610612743,DEN,Denver Nuggets,Offensive,0.724,82,0.159,1.153,0.557,0.134,0.131,0.118,0.03,0.521,0.632,1421,1638,604,1084,480
2021-22,Transition,22021,1610612760,OKC,Oklahoma City Thunder,Offensive,0.172,82,0.163,1.088,0.518,0.133,0.112,0.116,0.022,0.505,0.584,1486,1617,598,1154,556
2021-22,Transition,22021,1610612759,SAS,San Antonio Spurs,Offensive,0.655,82,0.15,1.148,0.53,0.121,0.101,0.106,0.024,0.517,0.608,1403,1611,596,1124,528
2021-22,Transition,22021,1610612753,ORL,Orlando Magic,Offensive,0.276,82,0.16,1.097,0.492,0.111,0.095,0.103,0.019,0.487,0.573,1449,1589,579,1177,598
2021-22,Transition,22021,1610612765,DET,Detroit Pistons,Offensive,0.414,82,0.154,1.123,0.537,0.161,0.124,0.147,0.038,0.522,0.6,1405,1578,568,1057,489
2021-22,Transition,22021,1610612745,HOU,Houston Rockets,Offensive,0,82,0.165,1.038,0.529,0.14,0.162,0.129,0.024,0.489,0.59,1517,1575,579,1094,515
2021-22,Transition,22021,1610612751,BKN,Brooklyn Nets,Offensive,0.759,82,0.15,1.158,0.567,0.121,0.128,0.111,0.035,0.526,0.638,1356,1570,600,1059,459
2021-22,Transition,22021,1610612739,CLE,Cleveland Cavaliers,Offensive,0.931,82,0.152,1.173,0.559,0.135,0.115,0.121,0.035,0.532,0.633,1336,1567,585,1046,461
2021-22,Transition,22021,1610612746,LAC,LA Clippers,Offensive,0.069,82,0.163,1.069,0.496,0.12,0.124,0.111,0.02,0.48,0.574,1449,1549,557,1123,566
2021-22,Transition,22021,1610612744,GSW,Golden State Warriors,Offensive,0.448,82,0.151,1.124,0.545,0.127,0.136,0.11,0.026,0.509,0.623,1358,1527,563,1033,470
2021-22,Transition,22021,1610612758,SAC,Sacramento Kings,Offensive,0.241,82,0.151,1.096,0.524,0.15,0.123,0.131,0.036,0.508,0.587,1379,1511,551,1051,500
2021-22,Transition,22021,1610612748,MIA,Miami Heat,Offensive,0.828,82,0.145,1.16,0.539,0.129,0.126,0.118,0.025,0.518,0.628,1277,1481,530,983,453
2021-22,Transition,22021,1610612741,CHI,Chicago Bulls,Offensive,0.966,82,0.141,1.185,0.592,0.155,0.135,0.141,0.035,0.555,0.647,1246,1476,549,927,378
2021-22,Transition,22021,1610612754,IND,Indiana Pacers,Offensive,0.483,82,0.141,1.125,0.534,0.107,0.12,0.096,0.022,0.506,0.611,1297,1459,550,1029,479
2021-22,Transition,22021,1610612737,ATL,Atlanta Hawks,Offensive,0.862,82,0.139,1.171,0.535,0.124,0.105,0.101,0.023,0.52,0.625,1242,1455,526,983,457
2021-22,Transition,22021,1610612752,NYK,New York Knicks,Offensive,0.552,82,0.139,1.131,0.526,0.157,0.112,0.141,0.025,0.517,0.604,1245,1408,493,938,445
2021-22,Transition,22021,1610612755,PHI,Philadelphia 76ers,Offensive,1,82,0.136,1.192,0.555,0.142,0.122,0.134,0.036,0.531,0.639,1180,1406,506,911,405
2021-22,Transition,22021,1610612757,POR,Portland Trail Blazers,Offensive,0.034,82,0.148,1.054,0.502,0.124,0.124,0.118,0.026,0.482,0.572,1334,1406,520,1035,515
2021-22,Transition,22021,1610612762,UTA,Utah Jazz,Offensive,0.138,82,0.143,1.084,0.499,0.119,0.129,0.099,0.031,0.476,0.59,1280,1387,500,1003,503
2021-22,Transition,22021,1610612738,BOS,Boston Celtics,Offensive,0.103,82,0.143,1.081,0.528,0.133,0.128,0.121,0.032,0.504,0.577,1277,1380,519,983,464
2021-22,Transition,22021,1610612764,WAS,Washington Wizards,Offensive,0.31,82,0.139,1.103,0.535,0.131,0.125,0.12,0.032,0.509,0.596,1225,1351,507,948,441
2021-22,Transition,22021,1610612742,DAL,Dallas Mavericks,Offensive,0.69,82,0.123,1.15,0.536,0.112,0.105,0.104,0.035,0.506,0.618,1065,1225,466,870,404
2021-22,PRBallHandler,22021,1610612762,UTA,Utah Jazz,Offensive,1,82,0.229,1.002,0.461,0.089,0.13,0.076,0.025,0.434,0.54,2046,2051,761,1649,888
2021-22,PRBallHandler,22021,1610612737,ATL,Atlanta Hawks,Offensive,0.793,82,0.22,0.916,0.428,0.09,0.142,0.059,0.013,0.41,0.488,1973,1807,659,1540,881
2021-22,PRBallHandler,22021,1610612741,CHI,Chicago Bulls,Offensive,0.966,82,0.207,0.958,0.468,0.113,0.128,0.101,0.019,0.455,0.501,1837,1760,669,1429,760
2021-22,PRBallHandler,22021,1610612756,PHX,Phoenix Suns,Offensive,0.828,82,0.196,0.916,0.458,0.086,0.136,0.063,0.015,0.431,0.492,1776,1627,646,1409,763
2021-22,PRBallHandler,22021,1610612758,SAC,Sacramento Kings,Offensive,0.448,82,0.2,0.864,0.423,0.086,0.135,0.079,0.021,0.399,0.466,1823,1575,616,1456,840
2021-22,PRBallHandler,22021,1610612742,DAL,Dallas Mavericks,Offensive,0.862,82,0.193,0.928,0.446,0.113,0.133,0.101,0.023,0.431,0.496,1676,1555,579,1299,720
2021-22,PRBallHandler,22021,1610612754,IND,Indiana Pacers,Offensive,0.69,82,0.187,0.896,0.448,0.097,0.15,0.085,0.02,0.419,0.488,1720,1541,595,1329,734
2021-22,PRBallHandler,22021,1610612752,NYK,New York Knicks,Offensive,0.379,82,0.198,0.861,0.377,0.106,0.119,0.096,0.023,0.381,0.441,1766,1520,531,1408,877
2021-22,PRBallHandler,22021,1610612759,SAS,San Antonio Spurs,Offensive,0.483,82,0.185,0.871,0.441,0.083,0.125,0.077,0.02,0.418,0.465,1726,1503,618,1401,783
2021-22,PRBallHandler,22021,1610612760,OKC,Oklahoma City Thunder,Offensive,0.069,82,0.198,0.798,0.402,0.08,0.17,0.069,0.012,0.373,0.443,1804,1439,553,1376,823
2021-22,PRBallHandler,22021,1610612746,LAC,LA Clippers,Offensive,0.414,82,0.183,0.863,0.417,0.073,0.14,0.065,0.017,0.389,0.467,1626,1404,545,1306,761
2021-22,PRBallHandler,22021,1610612757,POR,Portland Trail Blazers,Offensive,0.724,82,0.171,0.903,0.418,0.094,0.134,0.079,0.02,0.4,0.484,1542,1392,509,1219,710
2021-22,PRBallHandler,22021,1610612763,MEM,Memphis Grizzlies,Offensive,0.241,82,0.169,0.85,0.431,0.082,0.124,0.074,0.019,0.408,0.454,1613,1371,564,1309,745
2021-22,PRBallHandler,22021,1610612764,WAS,Washington Wizards,Offensive,0.345,82,0.175,0.859,0.445,0.087,0.161,0.078,0.016,0.411,0.474,1543,1325,527,1185,658
2021-22,PRBallHandler,22021,1610612755,PHI,Philadelphia 76ers,Offensive,0.897,82,0.159,0.931,0.44,0.089,0.113,0.078,0.023,0.425,0.483,1382,1286,499,1134,635
2021-22,PRBallHandler,22021,1610612738,BOS,Boston Celtics,Offensive,0.517,82,0.158,0.875,0.437,0.089,0.168,0.073,0.016,0.399,0.49,1418,1241,470,1075,605
2021-22,PRBallHandler,22021,1610612753,ORL,Orlando Magic,Offensive,0,82,0.181,0.746,0.366,0.089,0.169,0.078,0.013,0.351,0.403,1636,1221,452,1234,782
2021-22,PRBallHandler,22021,1610612748,MIA,Miami Heat,Offensive,0.655,82,0.152,0.888,0.42,0.109,0.162,0.093,0.014,0.404,0.477,1346,1195,420,999,579
2021-22,PRBallHandler,22021,1610612745,HOU,Houston Rockets,Offensive,0.172,82,0.159,0.809,0.404,0.085,0.204,0.071,0.016,0.358,0.477,1463,1184,429,1061,632
2021-22,PRBallHandler,22021,1610612740,NOP,New Orleans Pelicans,Offensive,0.103,82,0.161,0.801,0.403,0.089,0.153,0.079,0.02,0.378,0.435,1464,1173,459,1139,680
2021-22,PRBallHandler,22021,1610612750,MIN,Minnesota Timberwolves,Offensive,0.586,82,0.14,0.883,0.408,0.108,0.143,0.08,0.016,0.403,0.473,1312,1158,409,1003,594
2021-22,PRBallHandler,22021,1610612749,MIL,Milwaukee Bucks,Offensive,0.759,82,0.136,0.913,0.444,0.089,0.164,0.074,0.018,0.406,0.509,1248,1139,423,953,530
2021-22,PRBallHandler,22021,1610612739,CLE,Cleveland Cavaliers,Offensive,0.276,82,0.15,0.853,0.437,0.074,0.18,0.063,0.017,0.389,0.488,1323,1128,441,1009,568
2021-22,PRBallHandler,22021,1610612751,BKN,Brooklyn Nets,Offensive,0.621,82,0.14,0.885,0.43,0.103,0.175,0.096,0.023,0.401,0.481,1273,1127,408,948,540
2021-22,PRBallHandler,22021,1610612761,TOR,Toronto Raptors,Offensive,0.552,82,0.138,0.877,0.406,0.081,0.117,0.069,0.011,0.399,0.458,1272,1116,420,1034,614
2021-22,PRBallHandler,22021,1610612747,LAL,Los Angeles Lakers,Offensive,0.31,82,0.141,0.855,0.434,0.089,0.174,0.083,0.018,0.394,0.482,1298,1110,425,980,555
2021-22,PRBallHandler,22021,1610612766,CHA,Charlotte Hornets,Offensive,0.207,82,0.146,0.819,0.412,0.064,0.15,0.055,0.016,0.376,0.451,1352,1107,446,1083,637
2021-22,PRBallHandler,22021,1610612765,DET,Detroit Pistons,Offensive,0.034,82,0.157,0.77,0.407,0.078,0.195,0.066,0.017,0.361,0.439,1428,1100,432,1061,629
2021-22,PRBallHandler,22021,1610612744,GSW,Golden State Warriors,Offensive,0.931,82,0.126,0.945,0.441,0.092,0.172,0.08,0.025,0.402,0.525,1131,1069,379,860,481
2021-22,PRBallHandler,22021,1610612743,DEN,Denver Nuggets,Offensive,0.138,82,0.114,0.806,0.403,0.068,0.168,0.051,0.012,0.369,0.449,1022,824,319,792,473
2021-22,PRRollMan,22021,1610612756,PHX,Phoenix Suns,Offensive,0.966,82,0.076,1.242,0.616,0.15,0.066,0.146,0.047,0.611,0.638,686,852,351,570,219
2021-22,PRRollMan,22021,1610612754,IND,Indiana Pacers,Offensive,0.862,82,0.073,1.191,0.557,0.124,0.066,0.121,0.034,0.551,0.618,671,799,315,566,251
2021-22,PRRollMan,22021,1610612743,DEN,Denver Nuggets,Offensive,0.241,82,0.08,1.073,0.48,0.117,0.07,0.112,0.032,0.488,0.535,717,769,291,606,315
2021-22,PRRollMan,22021,1610612737,ATL,Atlanta Hawks,Offensive,1,82,0.064,1.307,0.62,0.148,0.04,0.146,0.031,0.62,0.669,574,750,299,482,183
2021-22,PRRollMan,22021,1610612751,BKN,Brooklyn Nets,Offensive,0.172,82,0.074,1.064,0.527,0.087,0.081,0.089,0.019,0.507,0.557,675,718,302,573,271
2021-22,PRRollMan,22021,1610612760,OKC,Oklahoma City Thunder,Offensive,0.207,82,0.071,1.065,0.471,0.093,0.064,0.093,0.028,0.47,0.549,644,686,264,560,296
2021-22,PRRollMan,22021,1610612741,CHI,Chicago Bulls,Offensive,0.034,82,0.077,0.968,0.449,0.071,0.079,0.066,0.013,0.445,0.508,686,664,266,592,326
2021-22,PRRollMan,22021,1610612742,DAL,Dallas Mavericks,Offensive,0.828,82,0.064,1.185,0.523,0.129,0.052,0.124,0.025,0.539,0.591,558,661,246,470,224
2021-22,PRRollMan,22021,1610612758,SAC,Sacramento Kings,Offensive,0.552,82,0.064,1.128,0.567,0.139,0.094,0.128,0.048,0.546,0.589,584,659,270,476,206
2021-22,PRRollMan,22021,1610612762,UTA,Utah Jazz,Offensive,0.931,82,0.058,1.231,0.611,0.189,0.073,0.178,0.034,0.61,0.637,523,644,247,404,157
2021-22,PRRollMan,22021,1610612755,PHI,Philadelphia 76ers,Offensive,0.759,82,0.063,1.171,0.537,0.153,0.069,0.147,0.027,0.553,0.596,550,644,237,441,204
2021-22,PRRollMan,22021,1610612739,CLE,Cleveland Cavaliers,Offensive,0.483,82,0.065,1.122,0.513,0.119,0.072,0.115,0.024,0.515,0.579,573,643,245,478,233
2021-22,PRRollMan,22021,1610612764,WAS,Washington Wizards,Offensive,0.897,82,0.059,1.204,0.562,0.119,0.062,0.118,0.027,0.563,0.612,519,625,246,438,192
2021-22,PRRollMan,22021,1610612749,MIL,Milwaukee Bucks,Offensive,0.793,82,0.058,1.182,0.51,0.123,0.055,0.121,0.036,0.521,0.598,528,624,231,453,222
2021-22,PRRollMan,22021,1610612747,LAL,Los Angeles Lakers,Offensive,0.517,82,0.059,1.126,0.535,0.124,0.072,0.113,0.022,0.534,0.583,539,607,238,445,207
2021-22,PRRollMan,22021,1610612745,HOU,Houston Rockets,Offensive,0.31,82,0.059,1.101,0.509,0.124,0.084,0.122,0.033,0.499,0.58,547,602,229,450,221
2021-22,PRRollMan,22021,1610612750,MIN,Minnesota Timberwolves,Offensive,0.69,82,0.055,1.166,0.531,0.137,0.07,0.137,0.027,0.541,0.594,512,597,223,420,197
2021-22,PRRollMan,22021,1610612740,NOP,New Orleans Pelicans,Offensive,0.621,82,0.057,1.155,0.534,0.135,0.072,0.133,0.037,0.538,0.578,517,597,229,429,200
2021-22,PRRollMan,22021,1610612759,SAS,San Antonio Spurs,Offensive,0.379,82,0.058,1.104,0.55,0.121,0.056,0.117,0.045,0.538,0.572,539,595,257,467,210
2021-22,PRRollMan,22021,1610612748,MIA,Miami Heat,Offensive,0.448,82,0.059,1.12,0.533,0.128,0.067,0.124,0.032,0.534,0.566,524,587,234,439,205
2021-22,PRRollMan,22021,1610612766,CHA,Charlotte Hornets,Offensive,0.724,82,0.053,1.166,0.558,0.158,0.071,0.154,0.043,0.55,0.613,493,575,223,400,177
2021-22,PRRollMan,22021,1610612757,POR,Portland Trail Blazers,Offensive,0.655,82,0.055,1.162,0.569,0.138,0.075,0.136,0.04,0.557,0.607,494,574,232,408,176
2021-22,PRRollMan,22021,1610612765,DET,Detroit Pistons,Offensive,0.276,82,0.058,1.078,0.458,0.133,0.046,0.128,0.046,0.478,0.531,525,566,208,454,246
2021-22,PRRollMan,22021,1610612746,LAC,LA Clippers,Offensive,0.586,82,0.048,1.146,0.569,0.132,0.09,0.128,0.03,0.552,0.608,431,494,198,348,150
2021-22,PRRollMan,22021,1610612753,ORL,Orlando Magic,Offensive,0.069,82,0.054,1.019,0.457,0.089,0.07,0.087,0.021,0.456,0.531,485,494,191,418,227
2021-22,PRRollMan,22021,1610612752,NYK,New York Knicks,Offensive,0.345,82,0.049,1.103,0.535,0.101,0.085,0.099,0.016,0.526,0.58,435,480,193,361,168
2021-22,PRRollMan,22021,1610612738,BOS,Boston Celtics,Offensive,0.138,82,0.047,1.058,0.471,0.11,0.065,0.106,0.036,0.472,0.532,417,441,169,359,190
2021-22,PRRollMan,22021,1610612761,TOR,Toronto Raptors,Offensive,0.103,82,0.046,1.028,0.458,0.1,0.05,0.095,0.021,0.475,0.515,421,433,168,367,199
2021-22,PRRollMan,22021,1610612763,MEM,Memphis Grizzlies,Offensive,0.414,82,0.039,1.114,0.548,0.163,0.06,0.157,0.043,0.547,0.571,369,411,165,301,136
2021-22,PRRollMan,22021,1610612744,GSW,Golden State Warriors,Offensive,0,82,0.037,0.955,0.461,0.103,0.1,0.1,0.012,0.455,0.517,330,315,123,267,144
2021-22,Postup,22021,1610612743,DEN,Denver Nuggets,Offensive,1,82,0.08,1.083,0.583,0.146,0.136,0.121,0.04,0.537,0.583,719,779,317,544,227
2021-22,Postup,22021,1610612755,PHI,Philadelphia 76ers,Offensive,0.862,82,0.084,1.018,0.492,0.229,0.113,0.196,0.041,0.516,0.492,734,747,251,510,259
2021-22,Postup,22021,1610612749,MIL,Milwaukee Bucks,Offensive,0.517,82,0.069,0.953,0.508,0.129,0.137,0.11,0.03,0.479,0.508,637,607,247,486,239
2021-22,Postup,22021,1610612747,LAL,Los Angeles Lakers,Offensive,0.724,82,0.065,0.987,0.5,0.152,0.109,0.122,0.037,0.497,0.5,598,590,232,464,232
2021-22,Postup,22021,1610612739,CLE,Cleveland Cavaliers,Offensive,0.69,82,0.059,0.981,0.503,0.177,0.131,0.129,0.025,0.505,0.503,521,511,188,374,186
2021-22,Postup,22021,1610612740,NOP,New Orleans Pelicans,Offensive,0.448,82,0.056,0.935,0.503,0.156,0.165,0.142,0.026,0.478,0.503,508,475,180,358,178
2021-22,Postup,22021,1610612742,DAL,Dallas Mavericks,Offensive,0.586,82,0.053,0.956,0.478,0.168,0.116,0.14,0.033,0.489,0.478,458,438,164,343,179
2021-22,Postup,22021,1610612741,CHI,Chicago Bulls,Offensive,0.552,82,0.049,0.954,0.488,0.122,0.117,0.113,0.03,0.476,0.488,435,415,168,344,176
2021-22,Postup,22021,1610612748,MIA,Miami Heat,Offensive,0.655,82,0.049,0.96,0.471,0.175,0.103,0.163,0.042,0.483,0.471,429,412,154,327,173
2021-22,Postup,22021,1610612746,LAC,LA Clippers,Offensive,0.793,82,0.046,0.998,0.516,0.13,0.123,0.11,0.027,0.502,0.516,408,407,163,316,153
2021-22,Postup,22021,1610612738,BOS,Boston Celtics,Offensive,0.897,82,0.042,1.021,0.51,0.174,0.111,0.145,0.039,0.511,0.51,380,388,146,286,140
2021-22,Postup,22021,1610612751,BKN,Brooklyn Nets,Offensive,0.931,82,0.04,1.022,0.505,0.169,0.123,0.142,0.041,0.501,0.505,367,375,139,275,136
2021-22,Postup,22021,1610612764,WAS,Washington Wizards,Offensive,0.966,82,0.04,1.048,0.516,0.235,0.104,0.216,0.059,0.532,0.516,357,374,132,256,124
2021-22,Postup,22021,1610612756,PHX,Phoenix Suns,Offensive,0.828,82,0.041,1,0.543,0.13,0.135,0.095,0.027,0.511,0.543,370,370,153,282,129
2021-22,Postup,22021,1610612761,TOR,Toronto Raptors,Offensive,0.241,82,0.045,0.9,0.483,0.137,0.137,0.122,0.041,0.461,0.483,410,369,152,315,163
2021-22,Postup,22021,1610612745,HOU,Houston Rockets,Offensive,0.621,82,0.04,0.957,0.516,0.201,0.149,0.149,0.035,0.511,0.516,368,352,130,252,122
2021-22,Postup,22021,1610612765,DET,Detroit Pistons,Offensive,0.276,82,0.042,0.906,0.465,0.16,0.144,0.131,0.026,0.466,0.465,382,346,128,275,147
2021-22,Postup,22021,1610612737,ATL,Atlanta Hawks,Offensive,0.414,82,0.039,0.929,0.467,0.136,0.116,0.116,0.017,0.473,0.467,353,328,126,270,144
2021-22,Postup,22021,1610612750,MIN,Minnesota Timberwolves,Offensive,0.207,82,0.038,0.885,0.489,0.163,0.208,0.13,0.039,0.445,0.489,355,314,116,237,121
2021-22,Postup,22021,1610612753,ORL,Orlando Magic,Offensive,0.103,82,0.038,0.823,0.456,0.116,0.159,0.101,0.009,0.438,0.456,345,284,115,252,137
2021-22,Postup,22021,1610612757,POR,Portland Trail Blazers,Offensive,0.138,82,0.036,0.871,0.448,0.172,0.135,0.142,0.022,0.462,0.448,325,283,104,232,128
2021-22,Postup,22021,1610612752,NYK,New York Knicks,Offensive,0.069,82,0.038,0.81,0.432,0.184,0.184,0.161,0.032,0.421,0.432,342,277,98,227,129
2021-22,Postup,22021,1610612758,SAC,Sacramento Kings,Offensive,0.379,82,0.033,0.926,0.493,0.182,0.168,0.145,0.047,0.461,0.493,297,275,102,207,105
2021-22,Postup,22021,1610612754,IND,Indiana Pacers,Offensive,0.483,82,0.03,0.946,0.508,0.211,0.161,0.164,0.046,0.489,0.508,280,265,96,189,93
2021-22,Postup,22021,1610612763,MEM,Memphis Grizzlies,Offensive,0.345,82,0.03,0.913,0.472,0.19,0.138,0.163,0.017,0.481,0.472,289,264,94,199,105
2021-22,Postup,22021,1610612762,UTA,Utah Jazz,Offensive,0.759,82,0.028,0.996,0.503,0.214,0.121,0.169,0.016,0.528,0.503,248,247,85,169,84
2021-22,Postup,22021,1610612744,GSW,Golden State Warriors,Offensive,0.172,82,0.029,0.882,0.476,0.148,0.163,0.125,0.015,0.452,0.476,263,232,88,185,97
2021-22,Postup,22021,1610612759,SAS,San Antonio Spurs,Offensive,0.31,82,0.025,0.906,0.509,0.145,0.149,0.111,0.021,0.481,0.509,235,213,87,171,84
2021-22,Postup,22021,1610612766,CHA,Charlotte Hornets,Offensive,0.034,82,0.024,0.771,0.406,0.163,0.181,0.132,0.026,0.396,0.406,227,175,63,155,92
2021-22,Postup,22021,1610612760,OKC,Oklahoma City Thunder,Offensive,0,82,0.009,0.741,0.387,0.047,0.082,0.047,0.012,0.365,0.387,85,63,29,75,46
2021-22,Spotup,22021,1610612738,BOS,Boston Celtics,Offensive,0.759,82,0.281,1.055,0.396,0.052,0.052,0.048,0.012,0.398,0.537,2517,2656,904,2285,1381
2021-22,Spotup,22021,1610612766,CHA,Charlotte Hornets,Offensive,0.828,82,0.264,1.061,0.413,0.053,0.055,0.051,0.016,0.411,0.545,2448,2598,918,2221,1303
2021-22,Spotup,22021,1610612750,MIN,Minnesota Timberwolves,Offensive,0.793,82,0.25,1.057,0.407,0.055,0.06,0.051,0.015,0.404,0.545,2344,2478,857,2108,1251
2021-22,Spotup,22021,1610612759,SAS,San Antonio Spurs,Offensive,0.586,82,0.255,1.026,0.398,0.052,0.053,0.048,0.012,0.399,0.522,2380,2441,860,2161,1301
2021-22,Spotup,22021,1610612755,PHI,Philadelphia 76ers,Offensive,0.655,82,0.265,1.037,0.4,0.054,0.049,0.052,0.016,0.401,0.524,2306,2391,842,2107,1265
2021-22,Spotup,22021,1610612752,NYK,New York Knicks,Offensive,0.379,82,0.266,1.003,0.385,0.064,0.06,0.056,0.013,0.39,0.514,2375,2381,814,2114,1300
2021-22,Spotup,22021,1610612742,DAL,Dallas Mavericks,Offensive,0.414,82,0.262,1.011,0.392,0.034,0.053,0.032,0.008,0.386,0.523,2272,2297,819,2090,1271
2021-22,Spotup,22021,1610612765,DET,Detroit Pistons,Offensive,0.103,82,0.262,0.957,0.367,0.047,0.052,0.044,0.008,0.37,0.49,2386,2283,796,2169,1373
2021-22,Spotup,22021,1610612741,CHI,Chicago Bulls,Offensive,0.69,82,0.24,1.044,0.405,0.041,0.06,0.037,0.011,0.399,0.538,2131,2224,786,1939,1153
2021-22,Spotup,22021,1610612754,IND,Indiana Pacers,Offensive,0.172,82,0.247,0.976,0.378,0.05,0.058,0.046,0.009,0.378,0.501,2271,2217,773,2047,1274
2021-22,Spotup,22021,1610612760,OKC,Oklahoma City Thunder,Offensive,0,82,0.274,0.883,0.346,0.049,0.073,0.044,0.009,0.343,0.459,2495,2202,766,2214,1448
2021-22,Spotup,22021,1610612745,HOU,Houston Rockets,Offensive,0.448,82,0.235,1.015,0.391,0.061,0.062,0.055,0.014,0.393,0.524,2168,2200,755,1931,1176
2021-22,Spotup,22021,1610612743,DEN,Denver Nuggets,Offensive,0.897,82,0.226,1.077,0.407,0.043,0.054,0.04,0.009,0.402,0.557,2020,2175,749,1842,1093
2021-22,Spotup,22021,1610612763,MEM,Memphis Grizzlies,Offensive,0.483,82,0.223,1.02,0.396,0.048,0.049,0.047,0.013,0.393,0.523,2133,2175,773,1953,1180
2021-22,Spotup,22021,1610612762,UTA,Utah Jazz,Offensive,0.552,82,0.236,1.023,0.387,0.047,0.064,0.042,0.006,0.386,0.529,2112,2161,730,1887,1157
2021-22,Spotup,22021,1610612749,MIL,Milwaukee Bucks,Offensive,0.724,82,0.223,1.053,0.401,0.033,0.052,0.032,0.006,0.395,0.546,2047,2156,756,1884,1128
2021-22,Spotup,22021,1610612764,WAS,Washington Wizards,Offensive,0.345,82,0.243,0.997,0.387,0.047,0.058,0.042,0.013,0.382,0.513,2150,2143,756,1951,1195
2021-22,Spotup,22021,1610612756,PHX,Phoenix Suns,Offensive,0.862,82,0.221,1.065,0.409,0.044,0.048,0.041,0.014,0.405,0.545,2011,2142,758,1854,1096
2021-22,Spotup,22021,1610612737,ATL,Atlanta Hawks,Offensive,0.966,82,0.215,1.095,0.416,0.047,0.047,0.042,0.008,0.417,0.557,1930,2113,733,1764,1031
2021-22,Spotup,22021,1610612746,LAC,LA Clippers,Offensive,0.931,82,0.216,1.092,0.412,0.037,0.048,0.034,0.008,0.408,0.562,1919,2095,730,1770,1040
2021-22,Spotup,22021,1610612753,ORL,Orlando Magic,Offensive,0.069,82,0.243,0.95,0.362,0.042,0.054,0.039,0.007,0.361,0.486,2204,2094,727,2008,1281
2021-22,Spotup,22021,1610612744,GSW,Golden State Warriors,Offensive,0.517,82,0.225,1.023,0.391,0.047,0.054,0.044,0.006,0.394,0.526,2022,2068,715,1828,1113
2021-22,Spotup,22021,1610612758,SAC,Sacramento Kings,Offensive,0.241,82,0.228,0.986,0.383,0.066,0.064,0.063,0.017,0.387,0.508,2079,2050,707,1844,1137
2021-22,Spotup,22021,1610612740,NOP,New Orleans Pelicans,Offensive,0.207,82,0.228,0.981,0.377,0.041,0.057,0.037,0.007,0.376,0.507,2077,2038,711,1887,1176
2021-22,Spotup,22021,1610612757,POR,Portland Trail Blazers,Offensive,0.31,82,0.228,0.989,0.372,0.041,0.048,0.038,0.006,0.373,0.506,2050,2027,699,1880,1181
2021-22,Spotup,22021,1610612739,CLE,Cleveland Cavaliers,Offensive,0.138,82,0.236,0.966,0.366,0.043,0.062,0.039,0.01,0.364,0.499,2077,2007,689,1880,1191
2021-22,Spotup,22021,1610612748,MIA,Miami Heat,Offensive,1,82,0.2,1.117,0.419,0.035,0.05,0.032,0.006,0.415,0.578,1764,1971,681,1624,943
2021-22,Spotup,22021,1610612751,BKN,Brooklyn Nets,Offensive,0.621,82,0.209,1.034,0.401,0.05,0.048,0.045,0.013,0.403,0.526,1897,1962,696,1736,1040
2021-22,Spotup,22021,1610612761,TOR,Toronto Raptors,Offensive,0.276,82,0.216,0.988,0.371,0.036,0.047,0.034,0.007,0.371,0.507,1983,1959,680,1832,1152
2021-22,Spotup,22021,1610612747,LAL,Los Angeles Lakers,Offensive,0.034,82,0.213,0.949,0.362,0.037,0.051,0.033,0.007,0.359,0.492,1963,1862,654,1805,1151
2021-22,Handoff,22021,1610612753,ORL,Orlando Magic,Offensive,0.172,82,0.078,0.855,0.368,0.085,0.114,0.082,0.025,0.363,0.441,708,605,215,585,370
2021-22,Handoff,22021,1610612748,MIA,Miami Heat,Offensive,0.897,82,0.07,0.955,0.385,0.047,0.088,0.045,0.011,0.371,0.503,622,594,210,545,335
2021-22,Handoff,22021,1610612759,SAS,San Antonio Spurs,Offensive,0.448,82,0.069,0.905,0.397,0.083,0.076,0.078,0.017,0.406,0.454,641,580,218,549,331
2021-22,Handoff,22021,1610612763,MEM,Memphis Grizzlies,Offensive,0.724,82,0.063,0.935,0.415,0.079,0.089,0.074,0.025,0.408,0.481,598,559,213,513,300
2021-22,Handoff,22021,1610612744,GSW,Golden State Warriors,Offensive,0.655,82,0.064,0.933,0.389,0.073,0.112,0.071,0.01,0.379,0.487,578,539,185,476,291
2021-22,Handoff,22021,1610612766,CHA,Charlotte Hornets,Offensive,0.345,82,0.063,0.898,0.404,0.066,0.097,0.062,0.016,0.393,0.476,580,521,200,495,295
2021-22,Handoff,22021,1610612757,POR,Portland Trail Blazers,Offensive,0.414,82,0.06,0.899,0.387,0.08,0.108,0.073,0.022,0.377,0.472,536,482,173,447,274
2021-22,Handoff,22021,1610612751,BKN,Brooklyn Nets,Offensive,0.828,82,0.055,0.946,0.413,0.074,0.118,0.062,0.018,0.395,0.504,501,474,171,414,243
2021-22,Handoff,22021,1610612758,SAC,Sacramento Kings,Offensive,0.31,82,0.058,0.878,0.387,0.075,0.128,0.07,0.015,0.372,0.476,532,467,167,431,264
2021-22,Handoff,22021,1610612745,HOU,Houston Rockets,Offensive,0.586,82,0.053,0.931,0.367,0.106,0.092,0.098,0.018,0.385,0.467,491,457,148,403,255
2021-22,Handoff,22021,1610612754,IND,Indiana Pacers,Offensive,0.103,82,0.058,0.831,0.387,0.056,0.117,0.05,0.009,0.37,0.448,538,447,174,450,276
2021-22,Handoff,22021,1610612761,TOR,Toronto Raptors,Offensive,0.759,82,0.05,0.937,0.407,0.066,0.092,0.052,0.015,0.397,0.49,458,429,160,393,233
2021-22,Handoff,22021,1610612752,NYK,New York Knicks,Offensive,1,82,0.043,1.088,0.443,0.083,0.075,0.08,0.016,0.439,0.566,387,421,147,332,185
2021-22,Handoff,22021,1610612746,LAC,LA Clippers,Offensive,0.483,82,0.049,0.916,0.389,0.066,0.089,0.064,0.021,0.38,0.474,439,402,148,380,232
2021-22,Handoff,22021,1610612765,DET,Detroit Pistons,Offensive,0.207,82,0.05,0.858,0.374,0.096,0.085,0.089,0.026,0.386,0.424,459,394,145,388,243
2021-22,Handoff,22021,1610612764,WAS,Washington Wizards,Offensive,0.276,82,0.051,0.864,0.406,0.087,0.123,0.08,0.018,0.393,0.459,448,387,147,362,215
2021-22,Handoff,22021,1610612750,MIN,Minnesota Timberwolves,Offensive,0.69,82,0.043,0.933,0.394,0.075,0.072,0.072,0.017,0.396,0.483,402,375,138,350,212
2021-22,Handoff,22021,1610612743,DEN,Denver Nuggets,Offensive,0.621,82,0.044,0.932,0.42,0.051,0.086,0.048,0.005,0.41,0.487,395,368,144,343,199
2021-22,Handoff,22021,1610612742,DAL,Dallas Mavericks,Offensive,0.793,82,0.044,0.937,0.426,0.084,0.123,0.079,0.021,0.404,0.503,381,357,132,310,178
2021-22,Handoff,22021,1610612740,NOP,New Orleans Pelicans,Offensive,0.034,82,0.047,0.814,0.39,0.091,0.105,0.079,0.019,0.386,0.431,430,350,138,354,216
2021-22,Handoff,22021,1610612737,ATL,Atlanta Hawks,Offensive,0.552,82,0.041,0.927,0.422,0.092,0.1,0.078,0.016,0.418,0.48,371,344,129,306,177
2021-22,Handoff,22021,1610612755,PHI,Philadelphia 76ers,Offensive,0.966,82,0.037,1.006,0.455,0.091,0.091,0.075,0.009,0.458,0.519,319,321,120,264,144
2021-22,Handoff,22021,1610612762,UTA,Utah Jazz,Offensive,0.862,82,0.037,0.948,0.42,0.073,0.109,0.073,0.018,0.406,0.493,330,313,116,276,160
2021-22,Handoff,22021,1610612749,MIL,Milwaukee Bucks,Offensive,0,82,0.041,0.813,0.343,0.074,0.111,0.066,0.005,0.35,0.413,380,309,107,312,205
2021-22,Handoff,22021,1610612756,PHX,Phoenix Suns,Offensive,0.138,82,0.039,0.844,0.371,0.084,0.109,0.075,0.014,0.372,0.43,358,302,109,294,185
2021-22,Handoff,22021,1610612747,LAL,Los Angeles Lakers,Offensive,0.379,82,0.036,0.899,0.394,0.052,0.119,0.049,0.018,0.367,0.493,327,294,109,277,168
2021-22,Handoff,22021,1610612739,CLE,Cleveland Cavaliers,Offensive,0.241,82,0.036,0.862,0.388,0.069,0.107,0.06,0.016,0.376,0.453,319,275,104,268,164
2021-22,Handoff,22021,1610612760,OKC,Oklahoma City Thunder,Offensive,0.069,82,0.034,0.83,0.355,0.106,0.099,0.093,0.026,0.362,0.424,312,259,91,256,165
2021-22,Handoff,22021,1610612741,CHI,Chicago Bulls,Offensive,0.931,82,0.029,0.958,0.425,0.084,0.065,0.073,0.015,0.437,0.469,261,250,96,226,130
2021-22,Handoff,22021,1610612738,BOS,Boston Celtics,Offensive,0.517,82,0.028,0.918,0.427,0.086,0.141,0.078,0.035,0.396,0.488,255,234,88,206,118
2021-22,Cut,22021,1610612744,GSW,Golden State Warriors,Offensive,0.655,82,0.105,1.302,0.69,0.139,0.065,0.135,0.033,0.666,0.69,941,1225,538,780,242
2021-22,Cut,22021,1610612739,CLE,Cleveland Cavaliers,Offensive,0.483,82,0.093,1.276,0.654,0.184,0.051,0.179,0.037,0.662,0.654,816,1041,427,653,226
2021-22,Cut,22021,1610612748,MIA,Miami Heat,Offensive,0,82,0.097,1.156,0.602,0.116,0.079,0.107,0.029,0.584,0.602,859,993,431,716,285
2021-22,Cut,22021,1610612743,DEN,Denver Nuggets,Offensive,0.828,82,0.082,1.346,0.687,0.166,0.064,0.165,0.053,0.677,0.687,734,988,415,604,189
2021-22,Cut,22021,1610612764,WAS,Washington Wizards,Offensive,1,82,0.076,1.407,0.717,0.169,0.06,0.166,0.045,0.707,0.717,668,940,391,545,154
2021-22,Cut,22021,1610612759,SAS,San Antonio Spurs,Offensive,0.172,82,0.078,1.22,0.625,0.129,0.059,0.124,0.026,0.621,0.625,731,892,383,613,230
2021-22,Cut,22021,1610612747,LAL,Los Angeles Lakers,Offensive,0.552,82,0.075,1.29,0.655,0.176,0.055,0.172,0.047,0.655,0.655,687,886,367,560,193
2021-22,Cut,22021,1610612738,BOS,Boston Celtics,Offensive,0.966,82,0.07,1.407,0.72,0.159,0.059,0.154,0.048,0.699,0.72,624,878,373,518,145
2021-22,Cut,22021,1610612758,SAC,Sacramento Kings,Offensive,0.517,82,0.074,1.276,0.661,0.162,0.077,0.158,0.043,0.642,0.661,678,865,360,545,185
2021-22,Cut,22021,1610612766,CHA,Charlotte Hornets,Offensive,0.724,82,0.069,1.331,0.697,0.196,0.064,0.193,0.056,0.67,0.697,643,856,357,512,155
2021-22,Cut,22021,1610612754,IND,Indiana Pacers,Offensive,0.345,82,0.073,1.259,0.657,0.151,0.073,0.151,0.034,0.638,0.657,668,841,354,539,185
2021-22,Cut,22021,1610612740,NOP,New Orleans Pelicans,Offensive,0.621,82,0.071,1.3,0.648,0.168,0.053,0.166,0.039,0.653,0.648,643,836,341,526,185
2021-22,Cut,22021,1610612737,ATL,Atlanta Hawks,Offensive,0.897,82,0.067,1.372,0.692,0.146,0.032,0.143,0.035,0.691,0.692,602,826,357,516,159
2021-22,Cut,22021,1610612746,LAC,LA Clippers,Offensive,0.862,82,0.069,1.35,0.694,0.152,0.056,0.142,0.034,0.685,0.694,612,826,351,506,155
2021-22,Cut,22021,1610612751,BKN,Brooklyn Nets,Offensive,0.034,82,0.076,1.196,0.614,0.133,0.057,0.132,0.045,0.604,0.614,690,825,362,590,228
2021-22,Cut,22021,1610612753,ORL,Orlando Magic,Offensive,0.931,82,0.066,1.385,0.704,0.158,0.045,0.156,0.044,0.694,0.704,595,824,352,500,148
2021-22,Cut,22021,1610612745,HOU,Houston Rockets,Offensive,0.379,82,0.068,1.264,0.66,0.152,0.074,0.147,0.05,0.636,0.66,624,789,339,514,175
2021-22,Cut,22021,1610612761,TOR,Toronto Raptors,Offensive,0.103,82,0.071,1.206,0.617,0.133,0.061,0.128,0.028,0.613,0.617,654,789,336,545,209
2021-22,Cut,22021,1610612756,PHX,Phoenix Suns,Offensive,0.69,82,0.064,1.33,0.69,0.104,0.068,0.099,0.034,0.662,0.69,585,778,348,504,156
2021-22,Cut,22021,1610612763,MEM,Memphis Grizzlies,Offensive,0.207,82,0.066,1.229,0.633,0.141,0.056,0.137,0.038,0.625,0.633,629,773,335,529,194
2021-22,Cut,22021,1610612757,POR,Portland Trail Blazers,Offensive,0.069,82,0.069,1.201,0.635,0.155,0.084,0.155,0.04,0.609,0.635,621,746,315,496,181
2021-22,Cut,22021,1610612749,MIL,Milwaukee Bucks,Offensive,0.448,82,0.064,1.272,0.664,0.144,0.074,0.14,0.027,0.65,0.664,585,744,314,473,159
2021-22,Cut,22021,1610612750,MIN,Minnesota Timberwolves,Offensive,0.241,82,0.063,1.245,0.63,0.167,0.061,0.164,0.054,0.625,0.63,592,737,308,489,181
2021-22,Cut,22021,1610612742,DAL,Dallas Mavericks,Offensive,0.759,82,0.061,1.343,0.67,0.186,0.042,0.184,0.057,0.672,0.67,528,709,293,437,144
2021-22,Cut,22021,1610612741,CHI,Chicago Bulls,Offensive,0.586,82,0.061,1.299,0.656,0.137,0.048,0.131,0.028,0.656,0.656,541,703,299,456,157
2021-22,Cut,22021,1610612760,OKC,Oklahoma City Thunder,Offensive,0.414,82,0.059,1.268,0.642,0.155,0.054,0.149,0.028,0.644,0.642,537,681,282,439,157
2021-22,Cut,22021,1610612765,DET,Detroit Pistons,Offensive,0.138,82,0.061,1.209,0.595,0.168,0.043,0.162,0.052,0.607,0.595,555,671,278,467,189
2021-22,Cut,22021,1610612762,UTA,Utah Jazz,Offensive,0.793,82,0.05,1.344,0.701,0.203,0.06,0.196,0.047,0.685,0.701,448,602,246,351,105
2021-22,Cut,22021,1610612755,PHI,Philadelphia 76ers,Offensive,0.31,82,0.051,1.255,0.651,0.144,0.079,0.14,0.043,0.631,0.651,444,557,237,364,127
2021-22,Cut,22021,1610612752,NYK,New York Knicks,Offensive,0.276,82,0.047,1.254,0.665,0.161,0.069,0.154,0.043,0.635,0.665,422,529,228,343,115
2021-22,OffScreen,22021,1610612744,GSW,Golden State Warriors,Offensive,0.621,82,0.097,0.999,0.389,0.055,0.067,0.051,0.01,0.387,0.511,869,868,300,772,472
2021-22,OffScreen,22021,1610612748,MIA,Miami Heat,Offensive,0.517,82,0.052,0.985,0.392,0.037,0.084,0.035,0.009,0.376,0.522,463,456,161,411,250
2021-22,OffScreen,22021,1610612756,PHX,Phoenix Suns,Offensive,0.724,82,0.048,1.018,0.428,0.068,0.045,0.064,0.011,0.441,0.505,440,448,169,395,226
2021-22,OffScreen,22021,1610612762,UTA,Utah Jazz,Offensive,0.828,82,0.048,1.03,0.439,0.069,0.081,0.056,0.009,0.438,0.531,432,445,163,371,208
2021-22,OffScreen,22021,1610612738,BOS,Boston Celtics,Offensive,0.586,82,0.048,0.998,0.412,0.087,0.075,0.077,0.009,0.426,0.506,427,426,149,362,213
2021-22,OffScreen,22021,1610612757,POR,Portland Trail Blazers,Offensive,0.034,82,0.054,0.852,0.363,0.057,0.096,0.045,0.006,0.357,0.448,488,416,151,416,265
2021-22,OffScreen,22021,1610612763,MEM,Memphis Grizzlies,Offensive,0.379,82,0.046,0.914,0.373,0.084,0.061,0.074,0.011,0.391,0.452,443,405,143,383,240
2021-22,OffScreen,22021,1610612740,NOP,New Orleans Pelicans,Offensive,0.862,82,0.042,1.032,0.431,0.09,0.048,0.074,0.016,0.444,0.514,378,390,143,332,189
2021-22,OffScreen,22021,1610612750,MIN,Minnesota Timberwolves,Offensive,0.241,82,0.046,0.889,0.363,0.03,0.072,0.026,0.009,0.35,0.464,431,383,142,391,249
2021-22,OffScreen,22021,1610612743,DEN,Denver Nuggets,Offensive,0.793,82,0.042,1.03,0.413,0.054,0.054,0.051,0.011,0.407,0.53,371,382,138,334,196
2021-22,OffScreen,22021,1610612764,WAS,Washington Wizards,Offensive,0.276,82,0.047,0.889,0.384,0.048,0.08,0.041,0.005,0.379,0.461,414,368,139,362,223
2021-22,OffScreen,22021,1610612751,BKN,Brooklyn Nets,Offensive,0.897,82,0.037,1.036,0.449,0.063,0.066,0.054,0.018,0.444,0.527,333,345,133,296,163
2021-22,OffScreen,22021,1610612759,SAS,San Antonio Spurs,Offensive,0.483,82,0.039,0.945,0.403,0.08,0.066,0.069,0.006,0.413,0.474,361,341,125,310,185
2021-22,OffScreen,22021,1610612746,LAC,LA Clippers,Offensive,0.931,82,0.037,1.043,0.434,0.074,0.067,0.074,0.018,0.433,0.524,326,340,124,286,162
2021-22,OffScreen,22021,1610612765,DET,Detroit Pistons,Offensive,0.069,82,0.042,0.87,0.364,0.07,0.073,0.065,0.013,0.371,0.44,385,335,122,335,213
2021-22,OffScreen,22021,1610612766,CHA,Charlotte Hornets,Offensive,0.655,82,0.035,1.012,0.403,0.07,0.076,0.058,0.006,0.41,0.516,329,333,114,283,169
2021-22,OffScreen,22021,1610612745,HOU,Houston Rockets,Offensive,0.448,82,0.038,0.941,0.384,0.071,0.09,0.065,0.014,0.381,0.497,354,333,116,302,186
2021-22,OffScreen,22021,1610612758,SAC,Sacramento Kings,Offensive,0.759,82,0.036,1.019,0.391,0.037,0.071,0.034,0,0.386,0.535,324,330,113,289,176
2021-22,OffScreen,22021,1610612753,ORL,Orlando Magic,Offensive,0.966,82,0.033,1.057,0.459,0.08,0.084,0.08,0.023,0.448,0.549,299,316,118,257,139
2021-22,OffScreen,22021,1610612739,CLE,Cleveland Cavaliers,Offensive,0.31,82,0.04,0.9,0.397,0.06,0.092,0.046,0.011,0.39,0.473,349,314,119,300,181
2021-22,OffScreen,22021,1610612747,LAL,Los Angeles Lakers,Offensive,1,82,0.029,1.063,0.44,0.03,0.044,0.03,0.004,0.435,0.542,271,288,111,252,141
2021-22,OffScreen,22021,1610612741,CHI,Chicago Bulls,Offensive,0.69,82,0.031,1.018,0.436,0.086,0.072,0.083,0.029,0.435,0.51,278,283,105,241,136
2021-22,OffScreen,22021,1610612754,IND,Indiana Pacers,Offensive,0.172,82,0.033,0.879,0.347,0.049,0.094,0.039,0.007,0.342,0.464,307,270,92,265,173
2021-22,OffScreen,22021,1610612737,ATL,Atlanta Hawks,Offensive,0.103,82,0.034,0.877,0.381,0.052,0.068,0.039,0.006,0.383,0.445,308,270,104,273,169
2021-22,OffScreen,22021,1610612749,MIL,Milwaukee Bucks,Offensive,0.138,82,0.031,0.879,0.352,0.052,0.066,0.045,0.003,0.36,0.441,289,254,90,256,166
2021-22,OffScreen,22021,1610612761,TOR,Toronto Raptors,Offensive,0.552,82,0.025,0.987,0.388,0.034,0.047,0.034,0.004,0.388,0.498,232,229,83,214,131
2021-22,OffScreen,22021,1610612752,NYK,New York Knicks,Offensive,0,82,0.03,0.772,0.313,0.056,0.082,0.049,0.011,0.318,0.397,267,206,73,233,160
2021-22,OffScreen,22021,1610612760,OKC,Oklahoma City Thunder,Offensive,0.414,82,0.024,0.919,0.402,0.068,0.136,0.063,0.014,0.38,0.5,221,203,72,179,107
2021-22,OffScreen,22021,1610612742,DAL,Dallas Mavericks,Offensive,0.207,82,0.026,0.888,0.358,0.054,0.058,0.054,0.013,0.363,0.45,223,198,72,201,129
2021-22,OffScreen,22021,1610612755,PHI,Philadelphia 76ers,Offensive,0.345,82,0.023,0.912,0.389,0.044,0.108,0.034,0.01,0.368,0.489,204,186,68,175,107
2021-22,OffRebound,22021,1610612763,MEM,Memphis Grizzlies,Offensive,0.448,82,0.069,1.105,0.575,0.102,0.072,0.091,0.02,0.563,0.58,656,725,319,555,236
2021-22,OffRebound,22021,1610612761,TOR,Toronto Raptors,Offensive,0.138,82,0.069,1.028,0.499,0.134,0.047,0.131,0.033,0.514,0.507,632,650,268,537,269
2021-22,OffRebound,22021,1610612754,IND,Indiana Pacers,Offensive,0.69,82,0.059,1.147,0.576,0.156,0.07,0.149,0.039,0.582,0.579,545,625,255,443,188
2021-22,OffRebound,22021,1610612762,UTA,Utah Jazz,Offensive,0.897,82,0.059,1.171,0.621,0.185,0.094,0.158,0.034,0.599,0.625,531,622,249,401,152
2021-22,OffRebound,22021,1610612740,NOP,New Orleans Pelicans,Offensive,0.276,82,0.063,1.072,0.53,0.129,0.059,0.12,0.021,0.546,0.531,573,614,253,477,224
2021-22,OffRebound,22021,1610612752,NYK,New York Knicks,Offensive,0.483,82,0.061,1.109,0.584,0.181,0.087,0.177,0.046,0.568,0.59,542,601,246,421,175
2021-22,OffRebound,22021,1610612743,DEN,Denver Nuggets,Offensive,0.828,82,0.055,1.167,0.576,0.155,0.063,0.147,0.035,0.586,0.578,490,572,230,399,169
2021-22,OffRebound,22021,1610612759,SAS,San Antonio Spurs,Offensive,0.552,82,0.054,1.111,0.588,0.097,0.073,0.089,0.024,0.562,0.591,504,560,253,430,177
2021-22,OffRebound,22021,1610612750,MIN,Minnesota Timberwolves,Offensive,0.31,82,0.055,1.074,0.543,0.131,0.09,0.129,0.039,0.534,0.549,513,551,228,420,192
2021-22,OffRebound,22021,1610612764,WAS,Washington Wizards,Offensive,0.966,82,0.053,1.178,0.603,0.135,0.073,0.135,0.03,0.596,0.607,465,548,229,380,151
2021-22,OffRebound,22021,1610612765,DET,Detroit Pistons,Offensive,0.034,82,0.058,1.019,0.505,0.116,0.058,0.12,0.036,0.512,0.508,533,543,231,457,226
2021-22,OffRebound,22021,1610612745,HOU,Houston Rockets,Offensive,0.862,82,0.049,1.17,0.612,0.124,0.088,0.113,0.04,0.586,0.616,452,529,229,374,145
2021-22,OffRebound,22021,1610612749,MIL,Milwaukee Bucks,Offensive,0.586,82,0.051,1.126,0.566,0.128,0.062,0.119,0.032,0.562,0.569,470,529,224,396,172
2021-22,OffRebound,22021,1610612738,BOS,Boston Celtics,Offensive,0.931,82,0.05,1.174,0.612,0.114,0.094,0.103,0.042,0.58,0.615,448,526,229,374,145
2021-22,OffRebound,22021,1610612739,CLE,Cleveland Cavaliers,Offensive,0.655,82,0.052,1.146,0.604,0.142,0.096,0.135,0.035,0.58,0.609,459,526,221,366,145
2021-22,OffRebound,22021,1610612751,BKN,Brooklyn Nets,Offensive,0.172,82,0.056,1.029,0.526,0.086,0.053,0.073,0.022,0.521,0.528,509,524,236,449,213
2021-22,OffRebound,22021,1610612747,LAL,Los Angeles Lakers,Offensive,0.759,82,0.049,1.153,0.58,0.167,0.056,0.158,0.033,0.589,0.587,450,519,211,364,153
2021-22,OffRebound,22021,1610612757,POR,Portland Trail Blazers,Offensive,0.414,82,0.052,1.097,0.56,0.127,0.083,0.125,0.03,0.549,0.562,472,518,216,386,170
2021-22,OffRebound,22021,1610612758,SAC,Sacramento Kings,Offensive,0.621,82,0.049,1.133,0.571,0.133,0.08,0.124,0.038,0.564,0.575,450,510,212,371,159
2021-22,OffRebound,22021,1610612756,PHX,Phoenix Suns,Offensive,0.345,82,0.052,1.078,0.562,0.091,0.078,0.089,0.028,0.542,0.564,472,509,227,404,177
2021-22,OffRebound,22021,1610612753,ORL,Orlando Magic,Offensive,1,82,0.046,1.19,0.602,0.112,0.064,0.102,0.031,0.593,0.606,420,500,216,359,143
2021-22,OffRebound,22021,1610612755,PHI,Philadelphia 76ers,Offensive,0.724,82,0.048,1.152,0.573,0.147,0.064,0.143,0.045,0.575,0.583,421,485,201,351,150
2021-22,OffRebound,22021,1610612748,MIA,Miami Heat,Offensive,0.793,82,0.046,1.164,0.596,0.132,0.086,0.127,0.029,0.582,0.602,409,476,198,332,134
2021-22,OffRebound,22021,1610612760,OKC,Oklahoma City Thunder,Offensive,0.207,82,0.05,1.035,0.55,0.107,0.089,0.098,0.009,0.534,0.559,459,475,205,373,168
2021-22,OffRebound,22021,1610612737,ATL,Atlanta Hawks,Offensive,0,82,0.053,0.964,0.479,0.116,0.048,0.109,0.021,0.489,0.483,476,459,195,407,212
2021-22,OffRebound,22021,1610612766,CHA,Charlotte Hornets,Offensive,0.241,82,0.047,1.036,0.539,0.125,0.082,0.12,0.027,0.523,0.551,440,456,194,360,166
2021-22,OffRebound,22021,1610612744,GSW,Golden State Warriors,Offensive,0.517,82,0.045,1.11,0.578,0.098,0.078,0.098,0.028,0.555,0.584,400,444,197,341,144
2021-22,OffRebound,22021,1610612741,CHI,Chicago Bulls,Offensive,0.379,82,0.044,1.087,0.56,0.1,0.054,0.1,0.023,0.547,0.562,391,425,190,339,149
2021-22,OffRebound,22021,1610612746,LAC,LA Clippers,Offensive,0.103,82,0.045,1.027,0.518,0.107,0.062,0.102,0.017,0.525,0.524,402,413,176,340,164
2021-22,OffRebound,22021,1610612742,DAL,Dallas Mavericks,Offensive,0.069,82,0.035,1.026,0.518,0.108,0.079,0.102,0.03,0.515,0.523,305,313,133,257,124
2021-22,Misc,22021,1610612750,MIN,Minnesota Timberwolves,Offensive,0.862,82,0.062,0.608,0.416,0.219,0.491,0.045,0.009,0.32,0.462,579,352,72,173,101
2021-22,Misc,22021,1610612737,ATL,Atlanta Hawks,Offensive,1,82,0.049,0.736,0.447,0.271,0.452,0.03,0.005,0.385,0.5,436,321,55,123,68
2021-22,Misc,22021,1610612756,PHX,Phoenix Suns,Offensive,0.793,82,0.058,0.604,0.439,0.253,0.503,0.019,0.008,0.335,0.47,525,317,58,132,74
2021-22,Misc,22021,1610612761,TOR,Toronto Raptors,Offensive,0.931,82,0.054,0.628,0.348,0.229,0.407,0.034,0.008,0.336,0.383,494,310,64,184,120
2021-22,Misc,22021,1610612745,HOU,Houston Rockets,Offensive,0.586,82,0.061,0.555,0.368,0.219,0.497,0.052,0.009,0.296,0.414,557,309,60,163,103
2021-22,Misc,22021,1610612744,GSW,Golden State Warriors,Offensive,0.276,82,0.066,0.513,0.414,0.164,0.579,0.03,0.007,0.26,0.494,596,306,65,157,92
2021-22,Misc,22021,1610612748,MIA,Miami Heat,Offensive,0.138,82,0.07,0.494,0.312,0.212,0.566,0.026,0.002,0.269,0.362,617,305,43,138,95
2021-22,Misc,22021,1610612749,MIL,Milwaukee Bucks,Offensive,0.966,82,0.048,0.683,0.414,0.238,0.443,0.041,0.009,0.355,0.455,442,302,60,145,85
2021-22,Misc,22021,1610612762,UTA,Utah Jazz,Offensive,0.897,82,0.054,0.622,0.435,0.253,0.494,0.031,0.004,0.344,0.512,482,300,54,124,70
2021-22,Misc,22021,1610612747,LAL,Los Angeles Lakers,Offensive,0.552,82,0.059,0.549,0.397,0.202,0.514,0.017,0.002,0.295,0.439,545,299,62,156,94
2021-22,Misc,22021,1610612740,NOP,New Orleans Pelicans,Offensive,0.517,82,0.06,0.544,0.384,0.19,0.541,0.039,0.009,0.284,0.417,542,295,58,151,93
2021-22,Misc,22021,1610612764,WAS,Washington Wizards,Offensive,0.828,82,0.054,0.608,0.407,0.23,0.475,0.038,0.011,0.325,0.452,474,288,59,145,86
2021-22,Misc,22021,1610612746,LAC,LA Clippers,Offensive,0.241,82,0.063,0.509,0.353,0.182,0.527,0.016,0.007,0.271,0.386,560,285,59,167,108
2021-22,Misc,22021,1610612763,MEM,Memphis Grizzlies,Offensive,0.345,82,0.055,0.525,0.324,0.23,0.506,0.03,0.009,0.289,0.372,530,278,47,145,98
2021-22,Misc,22021,1610612751,BKN,Brooklyn Nets,Offensive,0.621,82,0.054,0.566,0.425,0.227,0.546,0.02,0.004,0.307,0.473,489,277,48,113,65
2021-22,Misc,22021,1610612766,CHA,Charlotte Hornets,Offensive,0.655,82,0.052,0.567,0.373,0.206,0.478,0.049,0.01,0.301,0.427,485,275,59,158,99
2021-22,Misc,22021,1610612742,DAL,Dallas Mavericks,Offensive,0.724,82,0.053,0.583,0.432,0.24,0.527,0.015,0.006,0.315,0.477,463,270,48,111,63
2021-22,Misc,22021,1610612758,SAC,Sacramento Kings,Offensive,0.759,82,0.049,0.592,0.371,0.242,0.492,0.044,0.009,0.317,0.395,451,267,46,124,78
2021-22,Misc,22021,1610612743,DEN,Denver Nuggets,Offensive,0.069,82,0.062,0.473,0.379,0.177,0.602,0.016,0.002,0.251,0.423,558,264,47,124,77
2021-22,Misc,22021,1610612755,PHI,Philadelphia 76ers,Offensive,0.483,82,0.056,0.54,0.353,0.195,0.534,0.037,0.002,0.287,0.398,487,263,47,133,86
2021-22,Misc,22021,1610612765,DET,Detroit Pistons,Offensive,0.207,82,0.056,0.505,0.387,0.157,0.528,0.026,0.006,0.269,0.414,509,257,63,163,100
2021-22,Misc,22021,1610612754,IND,Indiana Pacers,Offensive,0.31,82,0.053,0.515,0.381,0.187,0.542,0.041,0.014,0.275,0.417,491,253,53,139,86
2021-22,Misc,22021,1610612757,POR,Portland Trail Blazers,Offensive,0.103,82,0.057,0.485,0.407,0.191,0.607,0.027,0.008,0.257,0.477,517,251,44,108,64
2021-22,Misc,22021,1610612752,NYK,New York Knicks,Offensive,0.69,82,0.048,0.575,0.465,0.236,0.54,0.042,0.009,0.316,0.525,433,249,47,101,54
2021-22,Misc,22021,1610612753,ORL,Orlando Magic,Offensive,0.034,82,0.059,0.462,0.362,0.175,0.575,0.026,0.007,0.255,0.384,537,248,50,138,88
2021-22,Misc,22021,1610612739,CLE,Cleveland Cavaliers,Offensive,0.172,82,0.055,0.501,0.314,0.209,0.513,0.014,0.004,0.277,0.35,487,244,43,137,94
2021-22,Misc,22021,1610612741,CHI,Chicago Bulls,Offensive,0.448,82,0.049,0.534,0.438,0.193,0.534,0.037,0.007,0.298,0.459,436,233,53,121,68
2021-22,Misc,22021,1610612738,BOS,Boston Celtics,Offensive,0.414,82,0.049,0.532,0.416,0.209,0.573,0.03,0.014,0.275,0.455,436,232,42,101,59
2021-22,Misc,22021,1610612759,SAS,San Antonio Spurs,Offensive,0,82,0.049,0.443,0.314,0.197,0.581,0.024,0,0.249,0.348,461,204,32,102,70
2021-22,Misc,22021,1610612760,OKC,Oklahoma City Thunder,Offensive,0.379,82,0.042,0.528,0.379,0.163,0.501,0.042,0.01,0.27,0.417,381,201,50,132,82
2022-23,Isolation,22022,1610612742,DAL,Dallas Mavericks,Offensive,0.828,82,0.122,1.018,0.423,0.169,0.07,0.15,0.031,0.466,0.485,1064,1083,356,842,486
2022-23,Isolation,22022,1610612755,PHI,Philadelphia 76ers,Offensive,0.897,82,0.118,1.038,0.446,0.172,0.088,0.164,0.034,0.48,0.489,1035,1074,357,801,444
2022-23,Isolation,22022,1610612751,BKN,Brooklyn Nets,Offensive,0.966,82,0.094,1.073,0.492,0.145,0.1,0.137,0.045,0.492,0.532,823,883,324,659,335
2022-23,Isolation,22022,1610612752,NYK,New York Knicks,Offensive,0.793,82,0.092,0.995,0.449,0.155,0.099,0.143,0.044,0.462,0.494,847,843,300,668,368
2022-23,Isolation,22022,1610612760,OKC,Oklahoma City Thunder,Offensive,0.759,82,0.079,0.985,0.445,0.162,0.09,0.148,0.023,0.481,0.467,748,737,257,577,320
2022-23,Isolation,22022,1610612757,POR,Portland Trail Blazers,Offensive,0.724,82,0.083,0.974,0.427,0.163,0.097,0.147,0.038,0.456,0.464,742,723,246,576,330
2022-23,Isolation,22022,1610612747,LAL,Los Angeles Lakers,Offensive,0.207,82,0.087,0.86,0.394,0.133,0.084,0.115,0.031,0.414,0.42,807,694,259,657,398
2022-23,Isolation,22022,1610612746,LAC,LA Clippers,Offensive,0.276,82,0.086,0.892,0.423,0.11,0.095,0.099,0.023,0.43,0.45,776,692,268,634,366
2022-23,Isolation,22022,1610612737,ATL,Atlanta Hawks,Offensive,0.621,82,0.074,0.959,0.431,0.124,0.1,0.113,0.026,0.443,0.472,691,663,239,554,315
2022-23,Isolation,22022,1610612738,BOS,Boston Celtics,Offensive,0.483,82,0.08,0.911,0.392,0.124,0.097,0.12,0.018,0.416,0.444,723,659,226,576,350
2022-23,Isolation,22022,1610612741,CHI,Chicago Bulls,Offensive,1,82,0.064,1.079,0.476,0.191,0.077,0.187,0.054,0.509,0.507,572,617,214,450,236
2022-23,Isolation,22022,1610612745,HOU,Houston Rockets,Offensive,0.655,82,0.067,0.965,0.421,0.138,0.094,0.124,0.032,0.442,0.477,631,609,212,504,292
2022-23,Isolation,22022,1610612761,TOR,Toronto Raptors,Offensive,0.172,82,0.077,0.852,0.411,0.114,0.107,0.099,0.02,0.418,0.428,710,605,233,567,334
2022-23,Isolation,22022,1610612748,MIA,Miami Heat,Offensive,0.69,82,0.068,0.97,0.434,0.159,0.08,0.158,0.033,0.462,0.465,602,584,207,477,270
2022-23,Isolation,22022,1610612750,MIN,Minnesota Timberwolves,Offensive,0.345,82,0.07,0.893,0.419,0.082,0.104,0.074,0.019,0.406,0.469,645,576,225,537,312
2022-23,Isolation,22022,1610612764,WAS,Washington Wizards,Offensive,0.586,82,0.064,0.931,0.436,0.123,0.121,0.111,0.031,0.434,0.476,579,539,199,456,257
2022-23,Isolation,22022,1610612762,UTA,Utah Jazz,Offensive,0.862,82,0.055,1.037,0.484,0.154,0.11,0.139,0.04,0.486,0.525,519,538,195,403,208
2022-23,Isolation,22022,1610612739,CLE,Cleveland Cavaliers,Offensive,0.552,82,0.065,0.92,0.4,0.134,0.105,0.122,0.035,0.411,0.462,574,528,183,457,274
2022-23,Isolation,22022,1610612765,DET,Detroit Pistons,Offensive,0.103,82,0.066,0.838,0.379,0.152,0.107,0.134,0.026,0.403,0.409,605,507,176,464,288
2022-23,Isolation,22022,1610612749,MIL,Milwaukee Bucks,Offensive,0.034,82,0.063,0.801,0.384,0.119,0.109,0.112,0.024,0.396,0.408,588,471,179,466,287
2022-23,Isolation,22022,1610612753,ORL,Orlando Magic,Offensive,0.069,82,0.062,0.815,0.387,0.153,0.117,0.147,0.028,0.41,0.406,563,459,165,426,261
2022-23,Isolation,22022,1610612758,SAC,Sacramento Kings,Offensive,0.931,82,0.048,1.039,0.485,0.184,0.093,0.17,0.041,0.502,0.515,440,457,163,336,173
2022-23,Isolation,22022,1610612743,DEN,Denver Nuggets,Offensive,0.517,82,0.055,0.919,0.431,0.124,0.118,0.116,0.026,0.427,0.483,492,452,166,385,219
2022-23,Isolation,22022,1610612740,NOP,New Orleans Pelicans,Offensive,0.241,82,0.055,0.891,0.429,0.153,0.125,0.133,0.03,0.437,0.442,503,448,162,378,216
2022-23,Isolation,22022,1610612756,PHX,Phoenix Suns,Offensive,0.31,82,0.045,0.892,0.395,0.127,0.094,0.113,0.019,0.423,0.426,416,371,131,332,201
2022-23,Isolation,22022,1610612754,IND,Indiana Pacers,Offensive,0.379,82,0.044,0.893,0.382,0.114,0.085,0.104,0.027,0.403,0.432,412,368,130,340,210
2022-23,Isolation,22022,1610612763,MEM,Memphis Grizzlies,Offensive,0.138,82,0.045,0.84,0.389,0.184,0.108,0.165,0.054,0.414,0.406,425,357,126,324,198
2022-23,Isolation,22022,1610612744,GSW,Golden State Warriors,Offensive,0.414,82,0.041,0.895,0.416,0.1,0.129,0.089,0.024,0.402,0.469,381,341,126,303,177
2022-23,Isolation,22022,1610612766,CHA,Charlotte Hornets,Offensive,0.448,82,0.04,0.899,0.423,0.135,0.103,0.127,0.029,0.434,0.461,378,340,126,298,172
2022-23,Isolation,22022,1610612759,SAS,San Antonio Spurs,Offensive,0,82,0.032,0.728,0.345,0.133,0.129,0.133,0.023,0.366,0.36,309,225,81,235,154
2022-23,Transition,22022,1610612754,IND,Indiana Pacers,Offensive,0.897,82,0.202,1.177,0.542,0.13,0.112,0.124,0.03,0.524,0.631,1877,2210,801,1478,677
2022-23,Transition,22022,1610612763,MEM,Memphis Grizzlies,Offensive,0.517,82,0.198,1.137,0.528,0.115,0.106,0.106,0.032,0.505,0.61,1863,2118,797,1509,712
2022-23,Transition,22022,1610612758,SAC,Sacramento Kings,Offensive,0.172,82,0.203,1.102,0.514,0.137,0.115,0.127,0.034,0.498,0.586,1864,2055,748,1455,707
2022-23,Transition,22022,1610612760,OKC,Oklahoma City Thunder,Offensive,0.586,82,0.19,1.143,0.532,0.149,0.103,0.139,0.033,0.528,0.594,1791,2048,744,1399,655
2022-23,Transition,22022,1610612761,TOR,Toronto Raptors,Offensive,0.483,82,0.186,1.135,0.537,0.152,0.105,0.14,0.034,0.53,0.595,1722,1955,718,1338,620
2022-23,Transition,22022,1610612747,LAL,Los Angeles Lakers,Offensive,0.414,82,0.184,1.129,0.562,0.154,0.128,0.138,0.034,0.534,0.616,1719,1941,725,1291,566
2022-23,Transition,22022,1610612743,DEN,Denver Nuggets,Offensive,0.966,82,0.177,1.207,0.581,0.123,0.119,0.11,0.029,0.548,0.662,1591,1920,726,1249,523
2022-23,Transition,22022,1610612750,MIN,Minnesota Timberwolves,Offensive,0.759,82,0.179,1.158,0.559,0.138,0.126,0.131,0.044,0.526,0.624,1645,1905,717,1283,566
2022-23,Transition,22022,1610612749,MIL,Milwaukee Bucks,Offensive,0.31,82,0.176,1.122,0.503,0.155,0.108,0.144,0.037,0.494,0.599,1641,1842,637,1267,630
2022-23,Transition,22022,1610612738,BOS,Boston Celtics,Offensive,0.862,82,0.172,1.177,0.559,0.132,0.119,0.127,0.03,0.533,0.634,1558,1834,679,1214,535
2022-23,Transition,22022,1610612766,CHA,Charlotte Hornets,Offensive,0.069,82,0.177,1.091,0.52,0.144,0.107,0.131,0.036,0.509,0.574,1651,1801,675,1297,622
2022-23,Transition,22022,1610612737,ATL,Atlanta Hawks,Offensive,0.793,82,0.163,1.161,0.548,0.136,0.102,0.121,0.033,0.531,0.612,1534,1781,668,1219,551
2022-23,Transition,22022,1610612753,ORL,Orlando Magic,Offensive,0.241,82,0.172,1.116,0.523,0.155,0.115,0.141,0.041,0.51,0.587,1571,1753,632,1209,577
2022-23,Transition,22022,1610612751,BKN,Brooklyn Nets,Offensive,0.345,82,0.177,1.125,0.518,0.131,0.113,0.12,0.029,0.501,0.606,1554,1749,631,1217,586
2022-23,Transition,22022,1610612752,NYK,New York Knicks,Offensive,0.621,82,0.165,1.147,0.542,0.153,0.108,0.144,0.034,0.529,0.609,1519,1742,635,1171,536
2022-23,Transition,22022,1610612740,NOP,New Orleans Pelicans,Offensive,0.448,82,0.168,1.131,0.542,0.125,0.123,0.111,0.029,0.515,0.61,1539,1741,651,1201,550
2022-23,Transition,22022,1610612744,GSW,Golden State Warriors,Offensive,0.276,82,0.166,1.116,0.536,0.105,0.144,0.096,0.024,0.494,0.621,1555,1736,645,1204,559
2022-23,Transition,22022,1610612746,LAC,LA Clippers,Offensive,0.379,82,0.168,1.128,0.537,0.142,0.125,0.128,0.028,0.512,0.621,1511,1704,616,1148,532
2022-23,Transition,22022,1610612762,UTA,Utah Jazz,Offensive,0.138,82,0.165,1.098,0.526,0.121,0.129,0.111,0.03,0.494,0.598,1547,1699,635,1207,572
2022-23,Transition,22022,1610612741,CHI,Chicago Bulls,Offensive,0.828,82,0.161,1.162,0.552,0.148,0.105,0.142,0.028,0.542,0.61,1432,1664,611,1106,495
2022-23,Transition,22022,1610612759,SAS,San Antonio Spurs,Offensive,0,82,0.162,1.07,0.516,0.122,0.127,0.113,0.036,0.485,0.584,1546,1654,628,1216,588
2022-23,Transition,22022,1610612765,DET,Detroit Pistons,Offensive,0.552,82,0.157,1.137,0.556,0.158,0.128,0.143,0.024,0.534,0.628,1450,1649,593,1066,473
2022-23,Transition,22022,1610612755,PHI,Philadelphia 76ers,Offensive,1,82,0.154,1.213,0.569,0.153,0.114,0.146,0.046,0.545,0.643,1348,1635,597,1049,452
2022-23,Transition,22022,1610612739,CLE,Cleveland Cavaliers,Offensive,0.931,82,0.155,1.178,0.58,0.133,0.111,0.12,0.033,0.548,0.636,1364,1607,622,1073,451
2022-23,Transition,22022,1610612764,WAS,Washington Wizards,Offensive,0.724,82,0.152,1.154,0.551,0.119,0.11,0.109,0.023,0.527,0.623,1367,1578,597,1084,487
2022-23,Transition,22022,1610612757,POR,Portland Trail Blazers,Offensive,0.655,82,0.151,1.149,0.561,0.154,0.124,0.147,0.04,0.534,0.619,1352,1554,577,1028,451
2022-23,Transition,22022,1610612748,MIA,Miami Heat,Offensive,0.69,82,0.146,1.154,0.541,0.143,0.117,0.135,0.033,0.523,0.609,1286,1484,536,991,455
2022-23,Transition,22022,1610612745,HOU,Houston Rockets,Offensive,0.034,82,0.147,1.071,0.545,0.136,0.132,0.128,0.035,0.509,0.585,1386,1484,578,1060,482
2022-23,Transition,22022,1610612742,DAL,Dallas Mavericks,Offensive,0.207,82,0.149,1.114,0.5,0.132,0.094,0.128,0.031,0.492,0.582,1300,1448,522,1044,522
2022-23,Transition,22022,1610612756,PHX,Phoenix Suns,Offensive,0.103,82,0.134,1.096,0.501,0.124,0.112,0.107,0.024,0.491,0.584,1237,1356,487,972,485
2022-23,PRBallHandler,22022,1610612737,ATL,Atlanta Hawks,Offensive,0.552,82,0.214,0.931,0.446,0.097,0.131,0.076,0.017,0.431,0.486,2006,1867,706,1584,878
2022-23,PRBallHandler,22022,1610612741,CHI,Chicago Bulls,Offensive,0.724,82,0.208,0.94,0.472,0.107,0.131,0.1,0.029,0.448,0.498,1858,1747,693,1468,775
2022-23,PRBallHandler,22022,1610612739,CLE,Cleveland Cavaliers,Offensive,0.931,82,0.196,0.979,0.465,0.1,0.135,0.084,0.016,0.443,0.529,1727,1691,627,1347,720
2022-23,PRBallHandler,22022,1610612757,POR,Portland Trail Blazers,Offensive,0.966,82,0.178,0.994,0.447,0.124,0.128,0.103,0.019,0.443,0.519,1593,1584,543,1216,673
2022-23,PRBallHandler,22022,1610612760,OKC,Oklahoma City Thunder,Offensive,0.483,82,0.184,0.91,0.458,0.115,0.137,0.107,0.028,0.44,0.479,1734,1578,615,1344,729
2022-23,PRBallHandler,22022,1610612745,HOU,Houston Rockets,Offensive,0.103,82,0.195,0.842,0.404,0.121,0.165,0.11,0.024,0.389,0.452,1839,1549,546,1353,807
2022-23,PRBallHandler,22022,1610612765,DET,Detroit Pistons,Offensive,0.034,82,0.202,0.826,0.4,0.095,0.149,0.084,0.019,0.382,0.44,1867,1542,577,1442,865
2022-23,PRBallHandler,22022,1610612753,ORL,Orlando Magic,Offensive,0.448,82,0.186,0.908,0.472,0.1,0.163,0.091,0.018,0.436,0.506,1696,1540,605,1281,676
2022-23,PRBallHandler,22022,1610612752,NYK,New York Knicks,Offensive,0.69,82,0.177,0.937,0.439,0.136,0.114,0.126,0.033,0.442,0.479,1627,1525,558,1272,714
2022-23,PRBallHandler,22022,1610612763,MEM,Memphis Grizzlies,Offensive,0.241,82,0.182,0.88,0.433,0.103,0.123,0.096,0.025,0.421,0.464,1713,1508,590,1364,774
2022-23,PRBallHandler,22022,1610612754,IND,Indiana Pacers,Offensive,0.517,82,0.177,0.911,0.446,0.095,0.142,0.086,0.03,0.415,0.495,1646,1499,583,1306,723
2022-23,PRBallHandler,22022,1610612746,LAC,LA Clippers,Offensive,0.793,82,0.175,0.948,0.456,0.12,0.144,0.105,0.024,0.438,0.5,1574,1492,545,1194,649
2022-23,PRBallHandler,22022,1610612756,PHX,Phoenix Suns,Offensive,0.276,82,0.177,0.887,0.432,0.096,0.124,0.077,0.018,0.42,0.468,1631,1446,561,1298,737
2022-23,PRBallHandler,22022,1610612766,CHA,Charlotte Hornets,Offensive,0,82,0.188,0.81,0.391,0.086,0.142,0.074,0.019,0.373,0.436,1760,1425,544,1393,849
2022-23,PRBallHandler,22022,1610612748,MIA,Miami Heat,Offensive,0.621,82,0.17,0.935,0.447,0.102,0.151,0.089,0.023,0.422,0.505,1497,1399,514,1151,637
2022-23,PRBallHandler,22022,1610612747,LAL,Los Angeles Lakers,Offensive,0.207,82,0.169,0.88,0.446,0.119,0.171,0.108,0.026,0.419,0.481,1577,1388,516,1157,641
2022-23,PRBallHandler,22022,1610612738,BOS,Boston Celtics,Offensive,0.828,82,0.16,0.956,0.434,0.112,0.14,0.101,0.022,0.421,0.51,1446,1383,483,1113,630
2022-23,PRBallHandler,22022,1610612762,UTA,Utah Jazz,Offensive,0.345,82,0.164,0.891,0.438,0.106,0.169,0.096,0.017,0.41,0.489,1545,1376,502,1146,644
2022-23,PRBallHandler,22022,1610612742,DAL,Dallas Mavericks,Offensive,1,82,0.153,1.028,0.496,0.129,0.134,0.117,0.033,0.471,0.559,1338,1375,511,1030,519
2022-23,PRBallHandler,22022,1610612759,SAS,San Antonio Spurs,Offensive,0.138,82,0.167,0.861,0.433,0.096,0.132,0.083,0.021,0.413,0.46,1589,1368,545,1260,715
2022-23,PRBallHandler,22022,1610612764,WAS,Washington Wizards,Offensive,0.31,82,0.167,0.887,0.459,0.077,0.153,0.074,0.024,0.412,0.496,1501,1331,547,1192,645
2022-23,PRBallHandler,22022,1610612750,MIN,Minnesota Timberwolves,Offensive,0.655,82,0.153,0.937,0.448,0.109,0.144,0.094,0.025,0.428,0.504,1407,1318,487,1086,599
2022-23,PRBallHandler,22022,1610612749,MIL,Milwaukee Bucks,Offensive,0.586,82,0.147,0.932,0.46,0.091,0.159,0.077,0.016,0.42,0.525,1368,1275,482,1048,566
2022-23,PRBallHandler,22022,1610612740,NOP,New Orleans Pelicans,Offensive,0.379,82,0.154,0.9,0.45,0.118,0.14,0.107,0.026,0.434,0.48,1412,1271,488,1084,596
2022-23,PRBallHandler,22022,1610612761,TOR,Toronto Raptors,Offensive,0.172,82,0.157,0.871,0.396,0.106,0.118,0.094,0.021,0.398,0.442,1453,1265,458,1157,699
2022-23,PRBallHandler,22022,1610612751,BKN,Brooklyn Nets,Offensive,0.759,82,0.151,0.943,0.44,0.12,0.14,0.108,0.032,0.423,0.492,1323,1247,449,1021,572
2022-23,PRBallHandler,22022,1610612744,GSW,Golden State Warriors,Offensive,0.862,82,0.135,0.958,0.441,0.097,0.16,0.088,0.024,0.41,0.525,1269,1216,429,972,543
2022-23,PRBallHandler,22022,1610612755,PHI,Philadelphia 76ers,Offensive,0.414,82,0.145,0.904,0.434,0.105,0.151,0.096,0.02,0.413,0.486,1277,1155,423,974,551
2022-23,PRBallHandler,22022,1610612758,SAC,Sacramento Kings,Offensive,0.897,82,0.131,0.959,0.48,0.116,0.154,0.099,0.021,0.451,0.525,1203,1154,433,903,470
2022-23,PRBallHandler,22022,1610612743,DEN,Denver Nuggets,Offensive,0.069,82,0.133,0.831,0.429,0.076,0.174,0.065,0.013,0.387,0.476,1199,996,392,914,522
2022-23,PRRollMan,22022,1610612755,PHI,Philadelphia 76ers,Offensive,0.759,82,0.083,1.209,0.567,0.168,0.089,0.165,0.038,0.57,0.616,733,886,325,573,248
2022-23,PRRollMan,22022,1610612747,LAL,Los Angeles Lakers,Offensive,0.931,82,0.066,1.273,0.611,0.13,0.045,0.125,0.031,0.614,0.64,616,784,322,527,205
2022-23,PRRollMan,22022,1610612749,MIL,Milwaukee Bucks,Offensive,0.793,82,0.069,1.215,0.535,0.11,0.047,0.105,0.034,0.532,0.621,645,784,301,563,262
2022-23,PRRollMan,22022,1610612741,CHI,Chicago Bulls,Offensive,0.345,82,0.074,1.106,0.544,0.095,0.088,0.094,0.033,0.517,0.58,660,730,305,561,256
2022-23,PRRollMan,22022,1610612756,PHX,Phoenix Suns,Offensive,0.552,82,0.066,1.172,0.574,0.106,0.058,0.108,0.035,0.566,0.602,603,707,301,524,223
2022-23,PRRollMan,22022,1610612737,ATL,Atlanta Hawks,Offensive,0.897,82,0.059,1.262,0.609,0.123,0.051,0.119,0.038,0.608,0.639,553,698,291,478,187
2022-23,PRRollMan,22022,1610612742,DAL,Dallas Mavericks,Offensive,0.966,82,0.062,1.283,0.58,0.134,0.061,0.13,0.037,0.577,0.662,537,689,262,452,190
2022-23,PRRollMan,22022,1610612739,CLE,Cleveland Cavaliers,Offensive,0.069,82,0.074,1.062,0.528,0.122,0.099,0.113,0.029,0.51,0.562,647,687,276,523,247
2022-23,PRRollMan,22022,1610612754,IND,Indiana Pacers,Offensive,0.172,82,0.067,1.076,0.486,0.15,0.068,0.145,0.04,0.506,0.537,621,668,248,510,262
2022-23,PRRollMan,22022,1610612764,WAS,Washington Wizards,Offensive,0.69,82,0.058,1.192,0.547,0.152,0.069,0.149,0.032,0.55,0.606,525,626,233,426,193
2022-23,PRRollMan,22022,1610612766,CHA,Charlotte Hornets,Offensive,0.517,82,0.056,1.172,0.558,0.187,0.069,0.182,0.061,0.564,0.587,523,613,235,421,186
2022-23,PRRollMan,22022,1610612748,MIA,Miami Heat,Offensive,0.241,82,0.064,1.086,0.506,0.13,0.057,0.127,0.027,0.522,0.53,561,609,238,470,232
2022-23,PRRollMan,22022,1610612745,HOU,Houston Rockets,Offensive,0.207,82,0.059,1.083,0.528,0.142,0.083,0.134,0.036,0.525,0.562,551,597,236,447,211
2022-23,PRRollMan,22022,1610612743,DEN,Denver Nuggets,Offensive,1,82,0.05,1.286,0.616,0.129,0.058,0.122,0.024,0.612,0.667,451,580,233,378,145
2022-23,PRRollMan,22022,1610612753,ORL,Orlando Magic,Offensive,0.276,82,0.054,1.089,0.489,0.131,0.078,0.127,0.03,0.499,0.549,497,541,199,407,208
2022-23,PRRollMan,22022,1610612750,MIN,Minnesota Timberwolves,Offensive,0.621,82,0.05,1.177,0.568,0.155,0.079,0.146,0.041,0.561,0.619,458,539,210,370,160
2022-23,PRRollMan,22022,1610612765,DET,Detroit Pistons,Offensive,0.586,82,0.049,1.174,0.551,0.121,0.068,0.11,0.026,0.546,0.608,454,533,209,379,170
2022-23,PRRollMan,22022,1610612760,OKC,Oklahoma City Thunder,Offensive,0.103,82,0.052,1.069,0.468,0.084,0.063,0.084,0.01,0.473,0.556,490,524,198,423,225
2022-23,PRRollMan,22022,1610612763,MEM,Memphis Grizzlies,Offensive,0.862,82,0.045,1.238,0.599,0.16,0.062,0.155,0.055,0.59,0.64,420,520,209,349,140
2022-23,PRRollMan,22022,1610612740,NOP,New Orleans Pelicans,Offensive,0.414,82,0.049,1.134,0.525,0.145,0.047,0.14,0.022,0.555,0.56,449,509,196,373,177
2022-23,PRRollMan,22022,1610612761,TOR,Toronto Raptors,Offensive,0,82,0.052,1.023,0.488,0.108,0.075,0.104,0.037,0.481,0.524,482,493,201,412,211
2022-23,PRRollMan,22022,1610612762,UTA,Utah Jazz,Offensive,0.655,82,0.044,1.181,0.539,0.111,0.051,0.104,0.029,0.54,0.592,415,490,194,360,166
2022-23,PRRollMan,22022,1610612759,SAS,San Antonio Spurs,Offensive,0.034,82,0.047,1.049,0.497,0.095,0.071,0.095,0.035,0.483,0.548,451,473,195,392,197
2022-23,PRRollMan,22022,1610612738,BOS,Boston Celtics,Offensive,0.31,82,0.046,1.098,0.483,0.077,0.074,0.077,0.017,0.474,0.576,418,459,175,362,187
2022-23,PRRollMan,22022,1610612751,BKN,Brooklyn Nets,Offensive,0.448,82,0.046,1.134,0.564,0.121,0.087,0.119,0.045,0.542,0.602,404,458,190,337,147
2022-23,PRRollMan,22022,1610612758,SAC,Sacramento Kings,Offensive,0.724,82,0.041,1.197,0.597,0.122,0.08,0.117,0.035,0.572,0.641,376,450,187,313,126
2022-23,PRRollMan,22022,1610612757,POR,Portland Trail Blazers,Offensive,0.138,82,0.044,1.071,0.535,0.152,0.106,0.146,0.063,0.513,0.569,396,424,170,318,148
2022-23,PRRollMan,22022,1610612746,LAC,LA Clippers,Offensive,0.483,82,0.04,1.169,0.598,0.152,0.122,0.15,0.028,0.562,0.644,361,422,162,271,109
2022-23,PRRollMan,22022,1610612744,GSW,Golden State Warriors,Offensive,0.379,82,0.039,1.124,0.539,0.135,0.077,0.133,0.033,0.53,0.591,362,407,160,297,137
2022-23,PRRollMan,22022,1610612752,NYK,New York Knicks,Offensive,0.828,82,0.028,1.23,0.579,0.119,0.038,0.103,0.031,0.582,0.632,261,321,132,228,96
2022-23,Postup,22022,1610612743,DEN,Denver Nuggets,Offensive,0.897,82,0.076,1.093,0.572,0.203,0.128,0.178,0.057,0.551,0.572,681,744,282,493,211
2022-23,Postup,22022,1610612749,MIL,Milwaukee Bucks,Offensive,0.655,82,0.07,1.002,0.527,0.142,0.121,0.124,0.034,0.505,0.527,655,656,265,503,238
2022-23,Postup,22022,1610612741,CHI,Chicago Bulls,Offensive,0.966,82,0.055,1.119,0.559,0.172,0.084,0.152,0.055,0.555,0.559,488,546,218,390,172
2022-23,Postup,22022,1610612755,PHI,Philadelphia 76ers,Offensive,0.931,82,0.056,1.112,0.545,0.215,0.102,0.182,0.047,0.554,0.545,489,544,194,356,162
2022-23,Postup,22022,1610612740,NOP,New Orleans Pelicans,Offensive,0.345,82,0.06,0.971,0.521,0.186,0.166,0.168,0.044,0.497,0.521,547,531,197,378,181
2022-23,Postup,22022,1610612756,PHX,Phoenix Suns,Offensive,0.69,82,0.055,1.002,0.536,0.118,0.116,0.093,0.028,0.504,0.536,508,509,216,403,187
2022-23,Postup,22022,1610612747,LAL,Los Angeles Lakers,Offensive,0.552,82,0.052,0.992,0.483,0.174,0.091,0.161,0.05,0.498,0.483,484,480,183,379,196
2022-23,Postup,22022,1610612742,DAL,Dallas Mavericks,Offensive,1,82,0.047,1.127,0.57,0.235,0.095,0.222,0.046,0.587,0.57,409,461,166,291,125
2022-23,Postup,22022,1610612761,TOR,Toronto Raptors,Offensive,0.172,82,0.053,0.937,0.479,0.131,0.096,0.115,0.012,0.487,0.479,489,458,184,384,200
2022-23,Postup,22022,1610612746,LAC,LA Clippers,Offensive,0.862,82,0.048,1.046,0.531,0.15,0.101,0.134,0.037,0.525,0.531,434,454,181,341,160
2022-23,Postup,22022,1610612764,WAS,Washington Wizards,Offensive,0.828,82,0.046,1.02,0.516,0.18,0.122,0.163,0.056,0.51,0.516,410,418,159,308,149
2022-23,Postup,22022,1610612759,SAS,San Antonio Spurs,Offensive,0.448,82,0.044,0.986,0.523,0.165,0.141,0.139,0.043,0.495,0.523,418,412,161,308,147
2022-23,Postup,22022,1610612745,HOU,Houston Rockets,Offensive,0.414,82,0.044,0.985,0.547,0.145,0.157,0.111,0.029,0.506,0.547,413,407,164,300,136
2022-23,Postup,22022,1610612757,POR,Portland Trail Blazers,Offensive,0.276,82,0.041,0.948,0.507,0.161,0.144,0.15,0.041,0.485,0.507,367,348,136,268,132
2022-23,Postup,22022,1610612748,MIA,Miami Heat,Offensive,0.207,82,0.041,0.943,0.493,0.128,0.131,0.126,0.03,0.478,0.493,366,345,139,282,143
2022-23,Postup,22022,1610612765,DET,Detroit Pistons,Offensive,0.069,82,0.044,0.849,0.43,0.144,0.126,0.129,0.025,0.436,0.43,404,343,131,305,174
2022-23,Postup,22022,1610612758,SAC,Sacramento Kings,Offensive,0.483,82,0.037,0.988,0.533,0.162,0.139,0.127,0.029,0.51,0.533,339,335,131,246,115
2022-23,Postup,22022,1610612753,ORL,Orlando Magic,Offensive,0.379,82,0.034,0.984,0.516,0.182,0.14,0.147,0.029,0.505,0.516,307,302,112,217,105
2022-23,Postup,22022,1610612763,MEM,Memphis Grizzlies,Offensive,0.517,82,0.032,0.99,0.534,0.156,0.132,0.146,0.03,0.51,0.534,302,299,119,223,104
2022-23,Postup,22022,1610612752,NYK,New York Knicks,Offensive,0.103,82,0.037,0.868,0.456,0.158,0.141,0.144,0.032,0.449,0.456,341,296,114,250,136
2022-23,Postup,22022,1610612737,ATL,Atlanta Hawks,Offensive,0.759,82,0.031,1.01,0.504,0.144,0.075,0.127,0.021,0.521,0.504,292,295,118,234,116
2022-23,Postup,22022,1610612750,MIN,Minnesota Timberwolves,Offensive,0.31,82,0.031,0.955,0.503,0.253,0.153,0.198,0.031,0.503,0.503,288,275,90,179,89
2022-23,Postup,22022,1610612738,BOS,Boston Celtics,Offensive,0.586,82,0.028,0.996,0.503,0.169,0.114,0.157,0.043,0.502,0.503,255,254,97,193,96
2022-23,Postup,22022,1610612739,CLE,Cleveland Cavaliers,Offensive,0,82,0.032,0.792,0.404,0.127,0.116,0.099,0.011,0.412,0.404,284,225,88,218,130
2022-23,Postup,22022,1610612754,IND,Indiana Pacers,Offensive,0.724,82,0.024,1.005,0.519,0.18,0.126,0.158,0.036,0.523,0.519,222,223,84,162,78
2022-23,Postup,22022,1610612766,CHA,Charlotte Hornets,Offensive,0.241,82,0.025,0.945,0.489,0.187,0.111,0.149,0.047,0.489,0.489,235,222,86,176,90
2022-23,Postup,22022,1610612751,BKN,Brooklyn Nets,Offensive,0.793,82,0.022,1.015,0.527,0.153,0.133,0.133,0.041,0.5,0.527,196,199,78,148,70
2022-23,Postup,22022,1610612762,UTA,Utah Jazz,Offensive,0.138,82,0.022,0.874,0.463,0.15,0.155,0.126,0.024,0.447,0.463,206,180,68,147,79
2022-23,Postup,22022,1610612744,GSW,Golden State Warriors,Offensive,0.034,82,0.021,0.845,0.476,0.115,0.18,0.09,0.02,0.425,0.476,200,169,69,145,76
2022-23,Postup,22022,1610612760,OKC,Oklahoma City Thunder,Offensive,0.621,82,0.016,1,0.481,0.197,0.116,0.184,0.034,0.503,0.481,147,147,51,106,55
2022-23,Spotup,22022,1610612738,BOS,Boston Celtics,Offensive,0.931,82,0.272,1.12,0.424,0.054,0.051,0.052,0.015,0.422,0.574,2465,2761,949,2239,1290
2022-23,Spotup,22022,1610612742,DAL,Dallas Mavericks,Offensive,0.828,82,0.268,1.087,0.403,0.045,0.054,0.042,0.013,0.4,0.558,2334,2538,861,2134,1273
2022-23,Spotup,22022,1610612756,PHX,Phoenix Suns,Offensive,0.724,82,0.254,1.067,0.407,0.055,0.058,0.051,0.012,0.406,0.55,2342,2499,856,2105,1249
2022-23,Spotup,22022,1610612750,MIN,Minnesota Timberwolves,Offensive,0.586,82,0.252,1.048,0.426,0.063,0.077,0.058,0.017,0.416,0.548,2315,2427,866,2031,1165
2022-23,Spotup,22022,1610612752,NYK,New York Knicks,Offensive,0.414,82,0.256,1.031,0.389,0.057,0.053,0.055,0.014,0.393,0.524,2353,2426,826,2124,1298
2022-23,Spotup,22022,1610612746,LAC,LA Clippers,Offensive,0.966,82,0.239,1.123,0.418,0.058,0.04,0.055,0.013,0.425,0.567,2148,2413,821,1965,1144
2022-23,Spotup,22022,1610612755,PHI,Philadelphia 76ers,Offensive,1,82,0.243,1.129,0.428,0.05,0.051,0.049,0.014,0.426,0.575,2135,2410,835,1949,1114
2022-23,Spotup,22022,1610612760,OKC,Oklahoma City Thunder,Offensive,0.138,82,0.256,0.993,0.386,0.047,0.068,0.045,0.008,0.383,0.516,2416,2398,833,2158,1325
2022-23,Spotup,22022,1610612758,SAC,Sacramento Kings,Offensive,0.862,82,0.234,1.089,0.411,0.068,0.057,0.065,0.013,0.417,0.554,2151,2342,785,1910,1125
2022-23,Spotup,22022,1610612749,MIL,Milwaukee Bucks,Offensive,0.759,82,0.234,1.068,0.411,0.034,0.056,0.031,0.006,0.403,0.558,2186,2335,823,2002,1179
2022-23,Spotup,22022,1610612741,CHI,Chicago Bulls,Offensive,0.621,82,0.249,1.049,0.411,0.05,0.071,0.048,0.008,0.406,0.546,2222,2332,810,1971,1161
2022-23,Spotup,22022,1610612751,BKN,Brooklyn Nets,Offensive,0.793,82,0.246,1.081,0.418,0.056,0.059,0.051,0.013,0.417,0.553,2152,2327,807,1931,1124
2022-23,Spotup,22022,1610612759,SAS,San Antonio Spurs,Offensive,0.172,82,0.242,0.995,0.391,0.057,0.062,0.055,0.015,0.39,0.511,2300,2289,806,2062,1256
2022-23,Spotup,22022,1610612740,NOP,New Orleans Pelicans,Offensive,0.69,82,0.232,1.065,0.408,0.058,0.054,0.055,0.01,0.411,0.543,2130,2269,781,1914,1133
2022-23,Spotup,22022,1610612754,IND,Indiana Pacers,Offensive,0.31,82,0.238,1.014,0.399,0.059,0.071,0.057,0.011,0.397,0.525,2211,2243,778,1948,1170
2022-23,Spotup,22022,1610612764,WAS,Washington Wizards,Offensive,0.379,82,0.239,1.02,0.394,0.049,0.057,0.045,0.009,0.395,0.522,2149,2191,764,1939,1175
2022-23,Spotup,22022,1610612762,UTA,Utah Jazz,Offensive,0.552,82,0.222,1.043,0.4,0.056,0.066,0.051,0.014,0.397,0.537,2081,2171,743,1856,1113
2022-23,Spotup,22022,1610612765,DET,Detroit Pistons,Offensive,0.207,82,0.234,0.998,0.384,0.061,0.06,0.057,0.013,0.387,0.511,2164,2160,740,1928,1188
2022-23,Spotup,22022,1610612744,GSW,Golden State Warriors,Offensive,0.897,82,0.21,1.092,0.414,0.039,0.063,0.036,0.009,0.405,0.57,1964,2145,738,1781,1043
2022-23,Spotup,22022,1610612766,CHA,Charlotte Hornets,Offensive,0,82,0.236,0.959,0.382,0.05,0.066,0.048,0.013,0.378,0.496,2201,2111,754,1973,1219
2022-23,Spotup,22022,1610612757,POR,Portland Trail Blazers,Offensive,0.448,82,0.227,1.031,0.393,0.044,0.06,0.04,0.01,0.389,0.533,2040,2104,726,1848,1122
2022-23,Spotup,22022,1610612763,MEM,Memphis Grizzlies,Offensive,0.103,82,0.224,0.991,0.389,0.052,0.066,0.048,0.009,0.385,0.513,2110,2091,730,1879,1149
2022-23,Spotup,22022,1610612753,ORL,Orlando Magic,Offensive,0.241,82,0.228,1,0.391,0.053,0.067,0.051,0.015,0.387,0.518,2077,2077,726,1855,1129
2022-23,Spotup,22022,1610612748,MIA,Miami Heat,Offensive,0.517,82,0.224,1.038,0.388,0.049,0.055,0.046,0.01,0.389,0.528,1980,2055,696,1794,1098
2022-23,Spotup,22022,1610612745,HOU,Houston Rockets,Offensive,0.069,82,0.221,0.979,0.381,0.063,0.07,0.059,0.011,0.383,0.505,2084,2041,696,1829,1133
2022-23,Spotup,22022,1610612747,LAL,Los Angeles Lakers,Offensive,0.483,82,0.209,1.037,0.385,0.049,0.047,0.044,0.012,0.388,0.527,1949,2021,686,1784,1098
2022-23,Spotup,22022,1610612761,TOR,Toronto Raptors,Offensive,0.276,82,0.218,1.001,0.378,0.042,0.046,0.039,0.009,0.38,0.509,2012,2014,701,1854,1153
2022-23,Spotup,22022,1610612737,ATL,Atlanta Hawks,Offensive,0.034,82,0.21,0.979,0.386,0.051,0.054,0.049,0.009,0.388,0.502,1975,1934,688,1784,1096
2022-23,Spotup,22022,1610612743,DEN,Denver Nuggets,Offensive,0.655,82,0.203,1.058,0.407,0.037,0.057,0.035,0.008,0.399,0.551,1819,1924,677,1663,986
2022-23,Spotup,22022,1610612739,CLE,Cleveland Cavaliers,Offensive,0.345,82,0.213,1.019,0.39,0.044,0.058,0.041,0.011,0.387,0.524,1875,1910,665,1705,1040
2022-23,Handoff,22022,1610612758,SAC,Sacramento Kings,Offensive,0.966,82,0.091,1.074,0.453,0.061,0.089,0.057,0.011,0.435,0.572,835,897,325,718,393
2022-23,Handoff,22022,1610612744,GSW,Golden State Warriors,Offensive,0.759,82,0.07,1.012,0.412,0.068,0.103,0.061,0.017,0.398,0.531,658,666,229,556,327
2022-23,Handoff,22022,1610612759,SAS,San Antonio Spurs,Offensive,0.276,82,0.074,0.908,0.398,0.085,0.085,0.083,0.02,0.4,0.461,707,642,239,601,362
2022-23,Handoff,22022,1610612762,UTA,Utah Jazz,Offensive,0.828,82,0.057,1.035,0.436,0.11,0.097,0.102,0.024,0.439,0.527,537,556,191,438,247
2022-23,Handoff,22022,1610612757,POR,Portland Trail Blazers,Offensive,1,82,0.057,1.081,0.45,0.108,0.11,0.094,0.018,0.45,0.555,509,550,183,407,224
2022-23,Handoff,22022,1610612751,BKN,Brooklyn Nets,Offensive,0.862,82,0.056,1.043,0.466,0.084,0.108,0.082,0.024,0.445,0.55,490,511,190,408,218
2022-23,Handoff,22022,1610612748,MIA,Miami Heat,Offensive,0.172,82,0.065,0.873,0.363,0.059,0.103,0.054,0.017,0.351,0.453,573,500,178,490,312
2022-23,Handoff,22022,1610612752,NYK,New York Knicks,Offensive,0.69,82,0.053,0.994,0.426,0.107,0.094,0.096,0.023,0.43,0.516,488,485,171,401,230
2022-23,Handoff,22022,1610612754,IND,Indiana Pacers,Offensive,0.621,82,0.051,0.992,0.449,0.085,0.133,0.076,0.021,0.423,0.537,473,469,170,379,209
2022-23,Handoff,22022,1610612745,HOU,Houston Rockets,Offensive,0.31,82,0.055,0.912,0.403,0.088,0.103,0.084,0.027,0.395,0.477,514,469,173,429,256
2022-23,Handoff,22022,1610612763,MEM,Memphis Grizzlies,Offensive,0.483,82,0.052,0.955,0.426,0.082,0.096,0.08,0.022,0.419,0.492,489,467,176,413,237
2022-23,Handoff,22022,1610612740,NOP,New Orleans Pelicans,Offensive,0.379,82,0.054,0.932,0.428,0.104,0.132,0.098,0.03,0.413,0.489,499,465,169,395,226
2022-23,Handoff,22022,1610612766,CHA,Charlotte Hornets,Offensive,0.793,82,0.049,1.018,0.458,0.093,0.121,0.077,0.018,0.438,0.547,454,462,167,365,198
2022-23,Handoff,22022,1610612753,ORL,Orlando Magic,Offensive,0.034,82,0.057,0.841,0.371,0.088,0.096,0.082,0.021,0.375,0.423,522,439,162,437,275
2022-23,Handoff,22022,1610612764,WAS,Washington Wizards,Offensive,0.586,82,0.048,0.981,0.466,0.103,0.126,0.107,0.026,0.441,0.532,429,421,158,339,181
2022-23,Handoff,22022,1610612743,DEN,Denver Nuggets,Offensive,0.138,82,0.054,0.868,0.396,0.068,0.091,0.058,0.014,0.39,0.453,485,421,164,414,250
2022-23,Handoff,22022,1610612749,MIL,Milwaukee Bucks,Offensive,0.241,82,0.05,0.887,0.391,0.092,0.115,0.085,0.019,0.386,0.469,469,416,149,381,232
2022-23,Handoff,22022,1610612750,MIN,Minnesota Timberwolves,Offensive,0.448,82,0.044,0.955,0.455,0.095,0.13,0.095,0.013,0.433,0.521,400,382,143,314,171
2022-23,Handoff,22022,1610612739,CLE,Cleveland Cavaliers,Offensive,0.552,82,0.041,0.97,0.412,0.113,0.104,0.096,0.019,0.418,0.488,364,353,120,291,171
2022-23,Handoff,22022,1610612756,PHX,Phoenix Suns,Offensive,0.069,82,0.045,0.85,0.413,0.07,0.131,0.056,0.012,0.388,0.458,412,350,138,334,196
2022-23,Handoff,22022,1610612738,BOS,Boston Celtics,Offensive,0.931,82,0.033,1.059,0.477,0.096,0.132,0.086,0.03,0.449,0.57,303,321,116,243,127
2022-23,Handoff,22022,1610612760,OKC,Oklahoma City Thunder,Offensive,0.897,82,0.032,1.053,0.474,0.076,0.103,0.07,0.02,0.449,0.559,301,317,120,253,133
2022-23,Handoff,22022,1610612761,TOR,Toronto Raptors,Offensive,0.414,82,0.034,0.936,0.425,0.096,0.083,0.093,0.019,0.433,0.475,312,292,111,261,150
2022-23,Handoff,22022,1610612737,ATL,Atlanta Hawks,Offensive,0.655,82,0.03,0.993,0.414,0.081,0.07,0.074,0.011,0.425,0.494,285,283,101,244,143
2022-23,Handoff,22022,1610612747,LAL,Los Angeles Lakers,Offensive,0.517,82,0.029,0.967,0.399,0.121,0.096,0.121,0.037,0.412,0.489,272,263,89,223,134
2022-23,Handoff,22022,1610612746,LAC,LA Clippers,Offensive,0.207,82,0.032,0.884,0.385,0.091,0.105,0.091,0.018,0.386,0.451,285,252,90,234,144
2022-23,Handoff,22022,1610612742,DAL,Dallas Mavericks,Offensive,0.103,82,0.033,0.851,0.405,0.097,0.167,0.087,0.01,0.385,0.474,288,245,87,215,128
2022-23,Handoff,22022,1610612755,PHI,Philadelphia 76ers,Offensive,0.724,82,0.027,1,0.444,0.075,0.088,0.063,0.017,0.438,0.52,240,240,91,205,114
2022-23,Handoff,22022,1610612765,DET,Detroit Pistons,Offensive,0,82,0.029,0.824,0.389,0.097,0.169,0.094,0.007,0.375,0.457,267,220,77,198,121
2022-23,Handoff,22022,1610612741,CHI,Chicago Bulls,Offensive,0.345,82,0.019,0.915,0.416,0.067,0.121,0.061,0.018,0.394,0.485,165,151,57,137,80
2022-23,Cut,22022,1610612744,GSW,Golden State Warriors,Offensive,0.552,82,0.102,1.33,0.686,0.154,0.059,0.153,0.04,0.674,0.686,959,1275,543,791,248
2022-23,Cut,22022,1610612743,DEN,Denver Nuggets,Offensive,0.966,82,0.092,1.385,0.712,0.16,0.051,0.154,0.048,0.698,0.712,825,1143,491,690,199
2022-23,Cut,22022,1610612739,CLE,Cleveland Cavaliers,Offensive,1,82,0.09,1.394,0.718,0.15,0.048,0.148,0.046,0.7,0.718,791,1103,479,667,188
2022-23,Cut,22022,1610612758,SAC,Sacramento Kings,Offensive,0.793,82,0.088,1.349,0.696,0.178,0.071,0.172,0.035,0.684,0.696,807,1089,441,634,193
2022-23,Cut,22022,1610612759,SAS,San Antonio Spurs,Offensive,0.103,82,0.077,1.255,0.651,0.143,0.075,0.143,0.045,0.628,0.651,736,924,395,607,212
2022-23,Cut,22022,1610612761,TOR,Toronto Raptors,Offensive,0.172,82,0.078,1.259,0.64,0.144,0.054,0.146,0.044,0.634,0.64,721,908,390,609,219
2022-23,Cut,22022,1610612763,MEM,Memphis Grizzlies,Offensive,0.759,82,0.071,1.347,0.681,0.156,0.035,0.146,0.045,0.672,0.681,665,896,387,568,181
2022-23,Cut,22022,1610612748,MIA,Miami Heat,Offensive,0.241,82,0.08,1.262,0.646,0.158,0.07,0.152,0.036,0.634,0.646,702,886,366,567,201
2022-23,Cut,22022,1610612760,OKC,Oklahoma City Thunder,Offensive,0.345,82,0.073,1.278,0.656,0.136,0.061,0.136,0.033,0.647,0.656,691,883,379,578,199
2022-23,Cut,22022,1610612747,LAL,Los Angeles Lakers,Offensive,0.655,82,0.069,1.335,0.677,0.153,0.06,0.151,0.046,0.665,0.677,648,865,365,539,174
2022-23,Cut,22022,1610612764,WAS,Washington Wizards,Offensive,0.724,82,0.071,1.346,0.674,0.188,0.049,0.186,0.063,0.674,0.674,639,860,355,527,172
2022-23,Cut,22022,1610612740,NOP,New Orleans Pelicans,Offensive,0.379,82,0.072,1.281,0.67,0.157,0.079,0.153,0.044,0.646,0.67,661,847,358,534,176
2022-23,Cut,22022,1610612762,UTA,Utah Jazz,Offensive,0.276,82,0.07,1.27,0.667,0.123,0.066,0.116,0.026,0.645,0.667,656,833,366,549,183
2022-23,Cut,22022,1610612766,CHA,Charlotte Hornets,Offensive,0.448,82,0.067,1.297,0.671,0.202,0.062,0.2,0.052,0.662,0.671,630,817,333,496,163
2022-23,Cut,22022,1610612757,POR,Portland Trail Blazers,Offensive,0.207,82,0.072,1.262,0.645,0.122,0.053,0.122,0.033,0.633,0.645,645,814,356,552,196
2022-23,Cut,22022,1610612750,MIN,Minnesota Timberwolves,Offensive,0.69,82,0.065,1.338,0.698,0.165,0.063,0.163,0.052,0.677,0.698,601,804,345,494,149
2022-23,Cut,22022,1610612737,ATL,Atlanta Hawks,Offensive,0.828,82,0.063,1.35,0.701,0.129,0.062,0.128,0.024,0.686,0.701,595,803,347,495,148
2022-23,Cut,22022,1610612753,ORL,Orlando Magic,Offensive,0.897,82,0.062,1.354,0.695,0.174,0.067,0.165,0.033,0.688,0.695,570,772,314,452,138
2022-23,Cut,22022,1610612751,BKN,Brooklyn Nets,Offensive,0.069,82,0.07,1.246,0.66,0.113,0.066,0.113,0.034,0.627,0.66,617,769,348,527,179
2022-23,Cut,22022,1610612756,PHX,Phoenix Suns,Offensive,0.034,82,0.066,1.238,0.641,0.13,0.064,0.128,0.033,0.622,0.641,608,753,327,510,183
2022-23,Cut,22022,1610612752,NYK,New York Knicks,Offensive,0.862,82,0.059,1.35,0.697,0.149,0.057,0.143,0.053,0.675,0.697,545,736,322,462,140
2022-23,Cut,22022,1610612745,HOU,Houston Rockets,Offensive,0,82,0.066,1.159,0.592,0.153,0.064,0.15,0.032,0.595,0.592,622,721,300,507,207
2022-23,Cut,22022,1610612765,DET,Detroit Pistons,Offensive,0.138,82,0.061,1.256,0.641,0.142,0.057,0.142,0.032,0.639,0.641,562,706,300,468,168
2022-23,Cut,22022,1610612754,IND,Indiana Pacers,Offensive,0.483,82,0.057,1.315,0.665,0.188,0.058,0.188,0.054,0.664,0.665,533,701,286,430,144
2022-23,Cut,22022,1610612746,LAC,LA Clippers,Offensive,0.586,82,0.058,1.333,0.698,0.166,0.073,0.163,0.042,0.673,0.698,523,697,293,420,127
2022-23,Cut,22022,1610612749,MIL,Milwaukee Bucks,Offensive,0.414,82,0.057,1.296,0.682,0.118,0.071,0.113,0.034,0.655,0.682,533,691,307,450,143
2022-23,Cut,22022,1610612738,BOS,Boston Celtics,Offensive,0.517,82,0.057,1.322,0.678,0.117,0.066,0.113,0.033,0.656,0.678,512,677,295,435,140
2022-23,Cut,22022,1610612741,CHI,Chicago Bulls,Offensive,0.621,82,0.052,1.334,0.69,0.121,0.06,0.123,0.045,0.664,0.69,464,619,276,400,124
2022-23,Cut,22022,1610612755,PHI,Philadelphia 76ers,Offensive,0.31,82,0.052,1.275,0.661,0.159,0.079,0.151,0.044,0.64,0.661,458,584,244,369,125
2022-23,Cut,22022,1610612742,DAL,Dallas Mavericks,Offensive,0.931,82,0.045,1.355,0.704,0.178,0.051,0.173,0.043,0.693,0.704,394,534,226,321,95
2022-23,OffScreen,22022,1610612744,GSW,Golden State Warriors,Offensive,0.759,82,0.102,1.029,0.403,0.063,0.091,0.059,0.019,0.392,0.539,958,986,334,829,495
2022-23,OffScreen,22022,1610612762,UTA,Utah Jazz,Offensive,0.724,82,0.077,1.011,0.399,0.088,0.064,0.084,0.022,0.409,0.502,724,732,251,629,378
2022-23,OffScreen,22022,1610612738,BOS,Boston Celtics,Offensive,0.793,82,0.059,1.032,0.421,0.062,0.075,0.06,0.015,0.415,0.533,533,550,196,466,270
2022-23,OffScreen,22022,1610612737,ATL,Atlanta Hawks,Offensive,0.483,82,0.047,0.955,0.424,0.05,0.061,0.043,0.005,0.422,0.49,441,421,167,394,227
2022-23,OffScreen,22022,1610612757,POR,Portland Trail Blazers,Offensive,0.828,82,0.043,1.037,0.416,0.081,0.06,0.078,0.026,0.42,0.524,383,397,141,339,198
2022-23,OffScreen,22022,1610612756,PHX,Phoenix Suns,Offensive,0.862,82,0.041,1.037,0.443,0.092,0.068,0.079,0.021,0.453,0.514,380,394,145,327,182
2022-23,OffScreen,22022,1610612750,MIN,Minnesota Timberwolves,Offensive,0.276,82,0.045,0.908,0.39,0.072,0.097,0.07,0.017,0.384,0.473,414,376,137,351,214
2022-23,OffScreen,22022,1610612751,BKN,Brooklyn Nets,Offensive,0.897,82,0.041,1.056,0.473,0.056,0.085,0.048,0.023,0.451,0.553,355,375,148,313,165
2022-23,OffScreen,22022,1610612746,LAC,LA Clippers,Offensive,0.414,82,0.044,0.942,0.417,0.068,0.096,0.063,0.013,0.409,0.491,396,373,140,336,196
2022-23,OffScreen,22022,1610612765,DET,Detroit Pistons,Offensive,0.931,82,0.038,1.057,0.423,0.091,0.074,0.08,0.011,0.438,0.522,352,372,126,298,172
2022-23,OffScreen,22022,1610612743,DEN,Denver Nuggets,Offensive,0.69,82,0.041,0.992,0.423,0.051,0.075,0.048,0.005,0.417,0.515,372,369,138,326,188
2022-23,OffScreen,22022,1610612740,NOP,New Orleans Pelicans,Offensive,0.552,82,0.041,0.963,0.379,0.087,0.048,0.071,0.021,0.402,0.467,378,364,127,335,208
2022-23,OffScreen,22022,1610612764,WAS,Washington Wizards,Offensive,0.448,82,0.042,0.942,0.412,0.09,0.103,0.077,0.013,0.414,0.481,379,357,128,311,183
2022-23,OffScreen,22022,1610612766,CHA,Charlotte Hornets,Offensive,0.034,82,0.046,0.814,0.349,0.077,0.077,0.074,0.019,0.36,0.406,431,351,130,373,243
2022-23,OffScreen,22022,1610612763,MEM,Memphis Grizzlies,Offensive,0.621,82,0.038,0.975,0.395,0.076,0.073,0.073,0.023,0.398,0.502,354,345,122,309,187
2022-23,OffScreen,22022,1610612739,CLE,Cleveland Cavaliers,Offensive,0.655,82,0.038,0.988,0.413,0.078,0.072,0.063,0.012,0.419,0.502,332,328,118,286,168
2022-23,OffScreen,22022,1610612759,SAS,San Antonio Spurs,Offensive,0.379,82,0.036,0.939,0.404,0.07,0.076,0.067,0.009,0.404,0.485,344,323,120,297,177
2022-23,OffScreen,22022,1610612742,DAL,Dallas Mavericks,Offensive,1,82,0.031,1.161,0.449,0.106,0.059,0.103,0.022,0.465,0.571,273,317,105,234,129
2022-23,OffScreen,22022,1610612748,MIA,Miami Heat,Offensive,0.138,82,0.04,0.887,0.347,0.068,0.042,0.065,0.014,0.367,0.43,354,314,111,320,209
2022-23,OffScreen,22022,1610612754,IND,Indiana Pacers,Offensive,0.103,82,0.033,0.871,0.353,0.066,0.099,0.066,0.017,0.35,0.446,303,264,91,258,167
2022-23,OffScreen,22022,1610612758,SAC,Sacramento Kings,Offensive,0.517,82,0.029,0.956,0.385,0.044,0.074,0.041,0.004,0.378,0.5,270,258,92,239,147
2022-23,OffScreen,22022,1610612753,ORL,Orlando Magic,Offensive,0.586,82,0.027,0.968,0.408,0.06,0.064,0.048,0.016,0.408,0.498,250,242,91,223,132
2022-23,OffScreen,22022,1610612761,TOR,Toronto Raptors,Offensive,0.207,82,0.028,0.906,0.376,0.043,0.075,0.043,0.008,0.366,0.473,254,230,85,226,141
2022-23,OffScreen,22022,1610612760,OKC,Oklahoma City Thunder,Offensive,0.966,82,0.021,1.089,0.444,0.05,0.064,0.05,0.005,0.441,0.567,202,220,80,180,100
2022-23,OffScreen,22022,1610612747,LAL,Los Angeles Lakers,Offensive,0.31,82,0.026,0.909,0.376,0.087,0.095,0.083,0.017,0.384,0.47,242,220,76,202,126
2022-23,OffScreen,22022,1610612741,CHI,Chicago Bulls,Offensive,0.172,82,0.026,0.904,0.389,0.083,0.078,0.078,0.022,0.396,0.457,230,208,77,198,121
2022-23,OffScreen,22022,1610612749,MIL,Milwaukee Bucks,Offensive,0.345,82,0.023,0.931,0.373,0.056,0.106,0.056,0.019,0.356,0.486,216,201,69,185,116
2022-23,OffScreen,22022,1610612752,NYK,New York Knicks,Offensive,0.241,82,0.021,0.906,0.384,0.068,0.099,0.058,0.026,0.366,0.476,191,173,63,164,101
2022-23,OffScreen,22022,1610612755,PHI,Philadelphia 76ers,Offensive,0.069,82,0.021,0.836,0.335,0.038,0.093,0.038,0.011,0.322,0.441,183,153,54,161,107
2022-23,OffScreen,22022,1610612745,HOU,Houston Rockets,Offensive,0,82,0.019,0.77,0.307,0.084,0.101,0.073,0.028,0.309,0.377,178,137,46,150,104
2022-23,OffRebound,22022,1610612761,TOR,Toronto Raptors,Offensive,0.414,82,0.07,1.134,0.566,0.12,0.051,0.111,0.029,0.571,0.569,650,737,316,558,242
2022-23,OffRebound,22022,1610612745,HOU,Houston Rockets,Offensive,0.207,82,0.069,1.098,0.568,0.12,0.081,0.115,0.031,0.558,0.57,645,708,303,533,230
2022-23,OffRebound,22022,1610612759,SAS,San Antonio Spurs,Offensive,0.897,82,0.06,1.21,0.635,0.11,0.076,0.106,0.026,0.607,0.638,567,686,303,477,174
2022-23,OffRebound,22022,1610612766,CHA,Charlotte Hornets,Offensive,0.483,82,0.063,1.148,0.575,0.13,0.065,0.124,0.046,0.574,0.581,589,676,288,501,213
2022-23,OffRebound,22022,1610612762,UTA,Utah Jazz,Offensive,0.379,82,0.061,1.132,0.581,0.14,0.081,0.13,0.047,0.565,0.584,570,645,274,472,198
2022-23,OffRebound,22022,1610612763,MEM,Memphis Grizzlies,Offensive,0.276,82,0.061,1.116,0.568,0.13,0.059,0.127,0.021,0.571,0.575,576,643,272,479,207
2022-23,OffRebound,22022,1610612737,ATL,Atlanta Hawks,Offensive,0.448,82,0.059,1.141,0.574,0.13,0.052,0.124,0.02,0.578,0.579,555,633,268,467,199
2022-23,OffRebound,22022,1610612740,NOP,New Orleans Pelicans,Offensive,0.724,82,0.059,1.167,0.584,0.11,0.056,0.102,0.028,0.583,0.587,540,630,272,466,194
2022-23,OffRebound,22022,1610612765,DET,Detroit Pistons,Offensive,0.621,82,0.059,1.155,0.579,0.16,0.055,0.151,0.031,0.591,0.584,543,627,257,444,187
2022-23,OffRebound,22022,1610612752,NYK,New York Knicks,Offensive,0.345,82,0.06,1.129,0.6,0.13,0.093,0.125,0.036,0.567,0.605,550,621,269,448,179
2022-23,OffRebound,22022,1610612753,ORL,Orlando Magic,Offensive,0.966,82,0.055,1.225,0.611,0.17,0.067,0.158,0.036,0.619,0.624,506,620,247,404,157
2022-23,OffRebound,22022,1610612743,DEN,Denver Nuggets,Offensive,0.69,82,0.058,1.164,0.577,0.14,0.046,0.133,0.033,0.591,0.58,518,603,254,440,186
2022-23,OffRebound,22022,1610612764,WAS,Washington Wizards,Offensive,1,82,0.054,1.232,0.629,0.14,0.068,0.124,0.052,0.608,0.629,482,594,256,407,151
2022-23,OffRebound,22022,1610612747,LAL,Los Angeles Lakers,Offensive,0.655,82,0.053,1.16,0.583,0.17,0.074,0.168,0.042,0.583,0.585,499,579,231,396,165
2022-23,OffRebound,22022,1610612756,PHX,Phoenix Suns,Offensive,0.138,82,0.057,1.074,0.533,0.12,0.064,0.114,0.03,0.534,0.542,528,567,239,448,209
2022-23,OffRebound,22022,1610612750,MIN,Minnesota Timberwolves,Offensive,0.828,82,0.051,1.187,0.604,0.15,0.062,0.14,0.028,0.596,0.608,470,558,230,381,151
2022-23,OffRebound,22022,1610612749,MIL,Milwaukee Bucks,Offensive,0.586,82,0.051,1.154,0.6,0.14,0.091,0.133,0.032,0.581,0.609,473,546,228,380,152
2022-23,OffRebound,22022,1610612754,IND,Indiana Pacers,Offensive,0.241,82,0.05,1.106,0.562,0.12,0.095,0.111,0.022,0.54,0.575,461,510,209,372,163
2022-23,OffRebound,22022,1610612760,OKC,Oklahoma City Thunder,Offensive,0,82,0.051,0.988,0.5,0.1,0.074,0.095,0.008,0.501,0.51,485,479,203,406,203
2022-23,OffRebound,22022,1610612744,GSW,Golden State Warriors,Offensive,0.103,82,0.047,1.067,0.559,0.1,0.083,0.097,0.02,0.542,0.567,445,475,208,372,164
2022-23,OffRebound,22022,1610612746,LAC,LA Clippers,Offensive,0.034,82,0.052,0.994,0.522,0.14,0.101,0.126,0.028,0.51,0.524,467,464,192,368,176
2022-23,OffRebound,22022,1610612738,BOS,Boston Celtics,Offensive,0.793,82,0.043,1.182,0.604,0.11,0.069,0.11,0.033,0.585,0.604,390,461,200,331,131
2022-23,OffRebound,22022,1610612739,CLE,Cleveland Cavaliers,Offensive,0.759,82,0.045,1.167,0.597,0.17,0.073,0.162,0.02,0.6,0.606,395,461,184,308,124
2022-23,OffRebound,22022,1610612758,SAC,Sacramento Kings,Offensive,0.552,82,0.044,1.153,0.57,0.12,0.058,0.118,0.035,0.57,0.576,400,461,195,342,147
2022-23,OffRebound,22022,1610612748,MIA,Miami Heat,Offensive,0.517,82,0.044,1.151,0.56,0.13,0.054,0.131,0.028,0.574,0.566,390,449,183,327,144
2022-23,OffRebound,22022,1610612755,PHI,Philadelphia 76ers,Offensive,0.31,82,0.045,1.127,0.571,0.15,0.086,0.144,0.018,0.567,0.576,395,445,177,310,133
2022-23,OffRebound,22022,1610612741,CHI,Chicago Bulls,Offensive,0.069,82,0.046,1.063,0.556,0.11,0.085,0.1,0.015,0.543,0.558,411,437,188,338,150
2022-23,OffRebound,22022,1610612757,POR,Portland Trail Blazers,Offensive,0.172,82,0.044,1.085,0.569,0.12,0.075,0.116,0.01,0.563,0.574,398,432,185,325,140
2022-23,OffRebound,22022,1610612751,BKN,Brooklyn Nets,Offensive,0.931,82,0.039,1.212,0.615,0.11,0.062,0.1,0.027,0.602,0.62,339,411,179,291,112
2022-23,OffRebound,22022,1610612742,DAL,Dallas Mavericks,Offensive,0.862,82,0.03,1.206,0.646,0.13,0.088,0.13,0.034,0.607,0.651,262,316,137,212,75
2022-23,Misc,22022,1610612753,ORL,Orlando Magic,Offensive,0.862,82,0.062,0.595,0.425,0.231,0.504,0.041,0.018,0.316,0.459,566,337,68,160,92
2022-23,Misc,22022,1610612758,SAC,Sacramento Kings,Offensive,1,82,0.055,0.659,0.5,0.236,0.508,0.052,0.014,0.349,0.529,504,332,68,136,68
2022-23,Misc,22022,1610612754,IND,Indiana Pacers,Offensive,0.759,82,0.058,0.579,0.384,0.219,0.51,0.032,0.009,0.304,0.447,539,312,58,151,93
2022-23,Misc,22022,1610612747,LAL,Los Angeles Lakers,Offensive,0.931,82,0.055,0.604,0.423,0.237,0.495,0.033,0.008,0.326,0.454,515,311,60,142,82
2022-23,Misc,22022,1610612764,WAS,Washington Wizards,Offensive,0.793,82,0.059,0.582,0.434,0.24,0.525,0.03,0.01,0.317,0.477,526,306,56,129,73
2022-23,Misc,22022,1610612762,UTA,Utah Jazz,Offensive,0.276,82,0.063,0.514,0.388,0.21,0.546,0.03,0.005,0.282,0.425,595,306,57,147,90
2022-23,Misc,22022,1610612751,BKN,Brooklyn Nets,Offensive,0.897,82,0.058,0.596,0.431,0.248,0.52,0.029,0.008,0.322,0.463,512,305,53,123,70
2022-23,Misc,22022,1610612765,DET,Detroit Pistons,Offensive,0.414,82,0.061,0.53,0.379,0.209,0.543,0.039,0.009,0.285,0.417,564,299,55,145,90
2022-23,Misc,22022,1610612746,LAC,LA Clippers,Offensive,0.621,82,0.059,0.56,0.435,0.192,0.54,0.026,0.009,0.279,0.497,530,297,64,147,83
2022-23,Misc,22022,1610612749,MIL,Milwaukee Bucks,Offensive,0.448,82,0.059,0.537,0.373,0.202,0.532,0.044,0.013,0.282,0.428,549,295,57,153,96
2022-23,Misc,22022,1610612742,DAL,Dallas Mavericks,Offensive,0.517,82,0.06,0.555,0.366,0.251,0.519,0.025,0.004,0.304,0.427,526,292,45,123,78
2022-23,Misc,22022,1610612748,MIA,Miami Heat,Offensive,0.552,82,0.059,0.557,0.376,0.231,0.545,0.025,0.002,0.303,0.419,519,289,44,117,73
2022-23,Misc,22022,1610612757,POR,Portland Trail Blazers,Offensive,0.379,82,0.061,0.528,0.409,0.221,0.576,0.031,0.007,0.285,0.465,547,289,47,115,68
2022-23,Misc,22022,1610612763,MEM,Memphis Grizzlies,Offensive,0.483,82,0.054,0.552,0.424,0.244,0.515,0.022,0.006,0.31,0.484,509,281,53,125,72
2022-23,Misc,22022,1610612756,PHX,Phoenix Suns,Offensive,0.31,82,0.059,0.521,0.354,0.223,0.544,0.026,0.007,0.286,0.377,539,281,46,130,84
2022-23,Misc,22022,1610612744,GSW,Golden State Warriors,Offensive,0.103,82,0.066,0.455,0.386,0.181,0.594,0.028,0.01,0.251,0.431,618,281,56,145,89
2022-23,Misc,22022,1610612752,NYK,New York Knicks,Offensive,0.828,82,0.051,0.593,0.366,0.233,0.475,0.034,0.008,0.322,0.401,472,280,52,142,90
2022-23,Misc,22022,1610612745,HOU,Houston Rockets,Offensive,0.207,82,0.059,0.508,0.411,0.169,0.541,0.027,0.005,0.274,0.442,551,280,67,163,96
2022-23,Misc,22022,1610612737,ATL,Atlanta Hawks,Offensive,0.966,82,0.049,0.608,0.508,0.192,0.551,0.05,0.009,0.316,0.553,459,279,62,122,60
2022-23,Misc,22022,1610612750,MIN,Minnesota Timberwolves,Offensive,0.241,82,0.059,0.51,0.449,0.174,0.583,0.046,0.009,0.263,0.537,539,275,61,136,75
2022-23,Misc,22022,1610612755,PHI,Philadelphia 76ers,Offensive,0.345,82,0.055,0.524,0.39,0.195,0.565,0.029,0.002,0.279,0.441,487,255,46,118,72
2022-23,Misc,22022,1610612738,BOS,Boston Celtics,Offensive,0.586,82,0.049,0.557,0.408,0.213,0.562,0.027,0.004,0.291,0.481,447,249,42,103,61
2022-23,Misc,22022,1610612761,TOR,Toronto Raptors,Offensive,0.724,82,0.046,0.576,0.301,0.266,0.457,0.04,0.012,0.319,0.333,429,247,37,123,86
2022-23,Misc,22022,1610612739,CLE,Cleveland Cavaliers,Offensive,0.655,82,0.05,0.563,0.389,0.22,0.535,0.03,0.002,0.304,0.435,437,246,42,108,66
2022-23,Misc,22022,1610612766,CHA,Charlotte Hornets,Offensive,0.172,82,0.052,0.496,0.391,0.198,0.568,0.033,0.002,0.267,0.422,486,241,45,115,70
2022-23,Misc,22022,1610612740,NOP,New Orleans Pelicans,Offensive,0.138,82,0.056,0.473,0.367,0.19,0.582,0.033,0.008,0.259,0.396,510,241,44,120,76
2022-23,Misc,22022,1610612743,DEN,Denver Nuggets,Offensive,0.034,82,0.061,0.439,0.357,0.184,0.581,0.016,0,0.242,0.411,549,241,46,129,83
2022-23,Misc,22022,1610612760,OKC,Oklahoma City Thunder,Offensive,0.69,82,0.045,0.565,0.335,0.189,0.452,0.045,0.009,0.296,0.361,423,239,52,155,103
2022-23,Misc,22022,1610612759,SAS,San Antonio Spurs,Offensive,0,82,0.057,0.413,0.412,0.144,0.616,0.02,0.009,0.227,0.441,547,226,56,136,80
2022-23,Misc,22022,1610612741,CHI,Chicago Bulls,Offensive,0.069,82,0.046,0.443,0.409,0.179,0.6,0.048,0.005,0.254,0.419,413,183,38,93,55
2023-24,Isolation,22023,1610612746,LAC,LA Clippers,Offensive,0.966,82,0.12,1.051,0.445,0.132,0.082,0.118,0.023,0.467,0.504,1062,1116,382,859,477
2023-24,Isolation,22023,1610612742,DAL,Dallas Mavericks,Offensive,1,82,0.105,1.051,0.445,0.136,0.059,0.125,0.027,0.471,0.514,962,1011,356,800,444
2023-24,Isolation,22023,1610612738,BOS,Boston Celtics,Offensive,0.828,81,0.09,1.009,0.438,0.12,0.089,0.111,0.023,0.45,0.507,800,807,285,651,366
2023-24,Isolation,22023,1610612755,PHI,Philadelphia 76ers,Offensive,0.552,82,0.092,0.946,0.421,0.118,0.069,0.113,0.034,0.439,0.455,832,787,297,705,408
2023-24,Isolation,22023,1610612760,OKC,Oklahoma City Thunder,Offensive,0.862,82,0.082,1.011,0.46,0.155,0.093,0.128,0.028,0.482,0.494,743,751,267,580,313
2023-24,Isolation,22023,1610612756,PHX,Phoenix Suns,Offensive,0.621,81,0.083,0.953,0.446,0.121,0.094,0.106,0.032,0.452,0.465,743,708,271,607,336
2023-24,Isolation,22023,1610612740,NOP,New Orleans Pelicans,Offensive,0.793,81,0.077,0.999,0.483,0.167,0.1,0.157,0.048,0.489,0.498,687,686,259,536,277
2023-24,Isolation,22023,1610612749,MIL,Milwaukee Bucks,Offensive,0.655,81,0.076,0.959,0.427,0.164,0.091,0.143,0.029,0.457,0.462,683,655,226,529,303
2023-24,Isolation,22023,1610612751,BKN,Brooklyn Nets,Offensive,0.345,82,0.077,0.885,0.39,0.122,0.095,0.114,0.014,0.416,0.428,695,615,216,554,338
2023-24,Isolation,22023,1610612750,MIN,Minnesota Timberwolves,Offensive,0.483,82,0.074,0.927,0.437,0.128,0.111,0.117,0.02,0.444,0.471,657,609,224,513,289
2023-24,Isolation,22023,1610612737,ATL,Atlanta Hawks,Offensive,0.69,82,0.066,0.965,0.46,0.092,0.111,0.081,0.018,0.444,0.508,628,606,235,511,276
2023-24,Isolation,22023,1610612748,MIA,Miami Heat,Offensive,0.897,82,0.064,1.012,0.467,0.176,0.094,0.169,0.041,0.491,0.49,562,569,202,433,231
2023-24,Isolation,22023,1610612752,NYK,New York Knicks,Offensive,0.241,81,0.072,0.876,0.4,0.118,0.103,0.111,0.028,0.408,0.436,638,559,206,515,309
2023-24,Isolation,22023,1610612753,ORL,Orlando Magic,Offensive,0.517,82,0.066,0.946,0.461,0.136,0.12,0.127,0.02,0.461,0.49,590,558,208,451,243
2023-24,Isolation,22023,1610612747,LAL,Los Angeles Lakers,Offensive,0.448,81,0.068,0.906,0.397,0.143,0.076,0.132,0.031,0.426,0.435,615,557,198,499,301
2023-24,Isolation,22023,1610612762,UTA,Utah Jazz,Offensive,0.276,82,0.062,0.883,0.38,0.153,0.103,0.134,0.029,0.416,0.413,582,514,171,450,279
2023-24,Isolation,22023,1610612745,HOU,Houston Rockets,Offensive,0.034,82,0.068,0.798,0.359,0.134,0.113,0.118,0.035,0.378,0.391,629,502,178,496,318
2023-24,Isolation,22023,1610612757,POR,Portland Trail Blazers,Offensive,0,82,0.068,0.777,0.349,0.111,0.108,0.094,0.017,0.369,0.382,631,490,176,504,328
2023-24,Isolation,22023,1610612741,CHI,Chicago Bulls,Offensive,0.724,82,0.054,0.975,0.437,0.156,0.091,0.144,0.033,0.467,0.463,486,474,167,382,215
2023-24,Isolation,22023,1610612744,GSW,Golden State Warriors,Offensive,0.931,82,0.049,1.028,0.44,0.111,0.068,0.107,0.035,0.453,0.504,459,472,173,393,220
2023-24,Isolation,22023,1610612764,WAS,Washington Wizards,Offensive,0.379,82,0.057,0.885,0.38,0.137,0.087,0.13,0.041,0.403,0.43,531,470,165,434,269
2023-24,Isolation,22023,1610612763,MEM,Memphis Grizzlies,Offensive,0.207,82,0.055,0.875,0.413,0.148,0.107,0.134,0.02,0.441,0.428,506,443,160,387,227
2023-24,Isolation,22023,1610612743,DEN,Denver Nuggets,Offensive,0.103,82,0.055,0.852,0.402,0.11,0.071,0.102,0.02,0.413,0.426,492,419,166,413,247
2023-24,Isolation,22023,1610612758,SAC,Sacramento Kings,Offensive,0.414,81,0.05,0.895,0.407,0.136,0.094,0.123,0.042,0.411,0.446,457,409,151,371,220
2023-24,Isolation,22023,1610612739,CLE,Cleveland Cavaliers,Offensive,0.172,82,0.053,0.868,0.386,0.119,0.091,0.115,0.021,0.406,0.429,470,408,147,381,234
2023-24,Isolation,22023,1610612766,CHA,Charlotte Hornets,Offensive,0.138,82,0.053,0.853,0.398,0.111,0.107,0.102,0.032,0.403,0.425,469,400,152,382,230
2023-24,Isolation,22023,1610612754,IND,Indiana Pacers,Offensive,0.759,81,0.044,0.988,0.454,0.122,0.09,0.115,0.03,0.459,0.498,401,396,149,328,179
2023-24,Isolation,22023,1610612765,DET,Detroit Pistons,Offensive,0.31,82,0.048,0.884,0.39,0.148,0.091,0.139,0.023,0.424,0.427,439,388,134,344,210
2023-24,Isolation,22023,1610612761,TOR,Toronto Raptors,Offensive,0.069,82,0.046,0.815,0.392,0.117,0.126,0.101,0.021,0.4,0.405,427,348,130,332,202
2023-24,Isolation,22023,1610612759,SAS,San Antonio Spurs,Offensive,0.586,82,0.038,0.949,0.413,0.124,0.073,0.11,0.025,0.435,0.461,354,336,121,293,172
2023-24,Transition,22023,1610612760,OKC,Oklahoma City Thunder,Offensive,0.69,82,0.207,1.162,0.539,0.12,0.103,0.108,0.026,0.524,0.611,1868,2170,808,1500,692
2023-24,Transition,22023,1610612764,WAS,Washington Wizards,Offensive,0.724,82,0.198,1.168,0.57,0.129,0.13,0.118,0.036,0.529,0.642,1838,2146,814,1428,614
2023-24,Transition,22023,1610612761,TOR,Toronto Raptors,Offensive,0.552,82,0.206,1.134,0.542,0.139,0.117,0.129,0.041,0.515,0.611,1893,2146,805,1485,680
2023-24,Transition,22023,1610612754,IND,Indiana Pacers,Offensive,0.655,81,0.2,1.16,0.552,0.11,0.111,0.104,0.031,0.523,0.625,1833,2126,819,1485,666
2023-24,Transition,22023,1610612747,LAL,Los Angeles Lakers,Offensive,0.966,81,0.186,1.194,0.582,0.138,0.135,0.126,0.039,0.54,0.657,1673,1997,746,1281,535
2023-24,Transition,22023,1610612758,SAC,Sacramento Kings,Offensive,0.517,81,0.191,1.131,0.538,0.103,0.116,0.098,0.02,0.509,0.618,1737,1965,748,1391,643
2023-24,Transition,22023,1610612759,SAS,San Antonio Spurs,Offensive,0.379,82,0.187,1.122,0.537,0.108,0.132,0.103,0.029,0.498,0.618,1744,1956,738,1374,636
2023-24,Transition,22023,1610612742,DAL,Dallas Mavericks,Offensive,0.586,82,0.185,1.143,0.538,0.119,0.109,0.112,0.028,0.517,0.614,1691,1932,729,1354,625
2023-24,Transition,22023,1610612738,BOS,Boston Celtics,Offensive,0.897,81,0.18,1.188,0.543,0.11,0.094,0.101,0.021,0.529,0.633,1601,1902,710,1308,598
2023-24,Transition,22023,1610612745,HOU,Houston Rockets,Offensive,0.241,82,0.185,1.104,0.516,0.149,0.103,0.14,0.033,0.515,0.576,1717,1895,693,1342,649
2023-24,Transition,22023,1610612755,PHI,Philadelphia 76ers,Offensive,0.931,82,0.167,1.188,0.541,0.159,0.096,0.146,0.042,0.54,0.608,1513,1798,644,1190,546
2023-24,Transition,22023,1610612746,LAC,LA Clippers,Offensive,0.483,82,0.178,1.13,0.545,0.132,0.12,0.125,0.032,0.519,0.605,1574,1779,669,1228,559
2023-24,Transition,22023,1610612749,MIL,Milwaukee Bucks,Offensive,0.759,81,0.168,1.171,0.545,0.163,0.108,0.147,0.037,0.534,0.629,1512,1770,631,1157,526
2023-24,Transition,22023,1610612762,UTA,Utah Jazz,Offensive,0.345,82,0.168,1.12,0.536,0.125,0.135,0.115,0.031,0.503,0.61,1573,1762,650,1213,563
2023-24,Transition,22023,1610612752,NYK,New York Knicks,Offensive,0.828,81,0.166,1.178,0.545,0.128,0.112,0.12,0.038,0.522,0.629,1479,1742,643,1179,536
2023-24,Transition,22023,1610612756,PHX,Phoenix Suns,Offensive,1,81,0.159,1.224,0.573,0.16,0.115,0.145,0.038,0.556,0.649,1422,1741,622,1086,464
2023-24,Transition,22023,1610612739,CLE,Cleveland Cavaliers,Offensive,0.793,82,0.166,1.177,0.555,0.133,0.11,0.126,0.03,0.532,0.633,1479,1741,646,1163,517
2023-24,Transition,22023,1610612765,DET,Detroit Pistons,Offensive,0.207,82,0.171,1.101,0.525,0.14,0.116,0.131,0.031,0.51,0.591,1568,1727,638,1216,578
2023-24,Transition,22023,1610612737,ATL,Atlanta Hawks,Offensive,0.103,82,0.165,1.094,0.506,0.123,0.109,0.115,0.029,0.493,0.58,1561,1707,629,1244,615
2023-24,Transition,22023,1610612740,NOP,New Orleans Pelicans,Offensive,0.448,81,0.169,1.126,0.528,0.125,0.107,0.114,0.023,0.512,0.602,1505,1695,628,1190,562
2023-24,Transition,22023,1610612763,MEM,Memphis Grizzlies,Offensive,0.069,82,0.164,1.091,0.501,0.131,0.115,0.119,0.027,0.486,0.585,1498,1634,586,1170,584
2023-24,Transition,22023,1610612748,MIA,Miami Heat,Offensive,0.414,82,0.162,1.124,0.519,0.132,0.112,0.124,0.025,0.508,0.594,1416,1592,574,1106,532
2023-24,Transition,22023,1610612743,DEN,Denver Nuggets,Offensive,0.276,82,0.16,1.113,0.542,0.115,0.117,0.102,0.016,0.513,0.614,1430,1591,608,1122,514
2023-24,Transition,22023,1610612751,BKN,Brooklyn Nets,Offensive,0.034,82,0.161,1.086,0.496,0.103,0.1,0.098,0.025,0.481,0.574,1453,1578,592,1194,602
2023-24,Transition,22023,1610612750,MIN,Minnesota Timberwolves,Offensive,0.862,82,0.149,1.181,0.543,0.139,0.102,0.127,0.029,0.531,0.619,1328,1568,568,1047,479
2023-24,Transition,22023,1610612753,ORL,Orlando Magic,Offensive,0.172,82,0.157,1.099,0.532,0.136,0.121,0.125,0.029,0.509,0.594,1406,1545,578,1086,508
2023-24,Transition,22023,1610612744,GSW,Golden State Warriors,Offensive,0.138,82,0.149,1.094,0.529,0.119,0.136,0.112,0.027,0.495,0.6,1387,1517,567,1072,505
2023-24,Transition,22023,1610612741,CHI,Chicago Bulls,Offensive,0.621,82,0.143,1.148,0.539,0.131,0.111,0.116,0.026,0.525,0.613,1293,1484,547,1014,467
2023-24,Transition,22023,1610612766,CHA,Charlotte Hornets,Offensive,0.31,82,0.15,1.115,0.54,0.105,0.121,0.1,0.032,0.504,0.607,1327,1479,578,1070,492
2023-24,Transition,22023,1610612757,POR,Portland Trail Blazers,Offensive,0,82,0.154,1.006,0.47,0.146,0.131,0.134,0.029,0.464,0.532,1425,1434,504,1072,568
2023-24,PRBallHandler,22023,1610612766,CHA,Charlotte Hornets,Offensive,0.31,82,0.222,0.876,0.429,0.078,0.151,0.071,0.016,0.397,0.481,1964,1720,664,1547,883
2023-24,PRBallHandler,22023,1610612765,DET,Detroit Pistons,Offensive,0.276,82,0.212,0.871,0.435,0.095,0.163,0.086,0.017,0.404,0.476,1941,1691,641,1473,832
2023-24,PRBallHandler,22023,1610612741,CHI,Chicago Bulls,Offensive,0.862,82,0.194,0.963,0.482,0.129,0.135,0.116,0.027,0.466,0.51,1755,1690,646,1339,693
2023-24,PRBallHandler,22023,1610612737,ATL,Atlanta Hawks,Offensive,0.69,82,0.181,0.937,0.439,0.097,0.15,0.076,0.018,0.416,0.508,1708,1600,578,1316,738
2023-24,PRBallHandler,22023,1610612754,IND,Indiana Pacers,Offensive,0.828,81,0.181,0.959,0.473,0.072,0.125,0.066,0.021,0.44,0.52,1662,1594,649,1371,722
2023-24,PRBallHandler,22023,1610612760,OKC,Oklahoma City Thunder,Offensive,0.966,82,0.173,1.003,0.51,0.128,0.14,0.113,0.035,0.481,0.535,1565,1570,612,1199,587
2023-24,PRBallHandler,22023,1610612745,HOU,Houston Rockets,Offensive,0.724,82,0.177,0.94,0.426,0.093,0.128,0.077,0.019,0.412,0.5,1647,1548,560,1315,755
2023-24,PRBallHandler,22023,1610612752,NYK,New York Knicks,Offensive,0.793,81,0.182,0.954,0.441,0.104,0.118,0.091,0.028,0.432,0.498,1619,1545,576,1305,729
2023-24,PRBallHandler,22023,1610612742,DAL,Dallas Mavericks,Offensive,0.931,82,0.163,0.986,0.472,0.111,0.147,0.099,0.028,0.44,0.54,1487,1466,541,1145,604
2023-24,PRBallHandler,22023,1610612751,BKN,Brooklyn Nets,Offensive,0.207,82,0.188,0.848,0.415,0.103,0.147,0.098,0.027,0.396,0.454,1696,1439,547,1318,771
2023-24,PRBallHandler,22023,1610612757,POR,Portland Trail Blazers,Offensive,0.069,82,0.185,0.817,0.404,0.081,0.163,0.07,0.013,0.376,0.447,1708,1395,530,1313,783
2023-24,PRBallHandler,22023,1610612739,CLE,Cleveland Cavaliers,Offensive,0.345,82,0.178,0.878,0.427,0.083,0.148,0.074,0.013,0.399,0.483,1588,1394,530,1241,711
2023-24,PRBallHandler,22023,1610612749,MIL,Milwaukee Bucks,Offensive,0.897,81,0.158,0.978,0.454,0.124,0.142,0.103,0.026,0.442,0.514,1423,1392,491,1082,591
2023-24,PRBallHandler,22023,1610612753,ORL,Orlando Magic,Offensive,0.138,82,0.18,0.833,0.423,0.113,0.162,0.102,0.022,0.401,0.455,1609,1341,508,1201,693
2023-24,PRBallHandler,22023,1610612747,LAL,Los Angeles Lakers,Offensive,0.552,81,0.161,0.923,0.46,0.116,0.171,0.101,0.021,0.427,0.513,1444,1333,488,1061,573
2023-24,PRBallHandler,22023,1610612764,WAS,Washington Wizards,Offensive,0.103,82,0.171,0.826,0.41,0.076,0.14,0.068,0.018,0.382,0.451,1584,1309,521,1271,750
2023-24,PRBallHandler,22023,1610612755,PHI,Philadelphia 76ers,Offensive,0.621,82,0.152,0.929,0.421,0.098,0.109,0.092,0.026,0.416,0.48,1379,1281,475,1129,654
2023-24,PRBallHandler,22023,1610612756,PHX,Phoenix Suns,Offensive,1,81,0.139,1.014,0.499,0.111,0.15,0.1,0.021,0.467,0.552,1245,1262,472,946,474
2023-24,PRBallHandler,22023,1610612762,UTA,Utah Jazz,Offensive,0.172,82,0.156,0.84,0.402,0.094,0.148,0.084,0.021,0.384,0.449,1463,1229,458,1138,680
2023-24,PRBallHandler,22023,1610612746,LAC,LA Clippers,Offensive,0.759,82,0.146,0.945,0.443,0.096,0.157,0.088,0.025,0.412,0.512,1296,1225,443,999,556
2023-24,PRBallHandler,22023,1610612744,GSW,Golden State Warriors,Offensive,0.483,82,0.142,0.911,0.427,0.077,0.135,0.072,0.012,0.405,0.492,1323,1205,452,1058,606
2023-24,PRBallHandler,22023,1610612738,BOS,Boston Celtics,Offensive,0.517,81,0.146,0.914,0.43,0.074,0.144,0.067,0.015,0.399,0.499,1303,1191,446,1037,591
2023-24,PRBallHandler,22023,1610612740,NOP,New Orleans Pelicans,Offensive,0.655,81,0.143,0.934,0.469,0.107,0.134,0.093,0.02,0.446,0.507,1272,1188,464,990,526
2023-24,PRBallHandler,22023,1610612758,SAC,Sacramento Kings,Offensive,0.586,81,0.138,0.924,0.461,0.093,0.154,0.084,0.019,0.427,0.512,1257,1161,448,971,523
2023-24,PRBallHandler,22023,1610612750,MIN,Minnesota Timberwolves,Offensive,0.379,82,0.144,0.885,0.428,0.104,0.166,0.09,0.023,0.4,0.482,1284,1136,414,967,553
2023-24,PRBallHandler,22023,1610612759,SAS,San Antonio Spurs,Offensive,0.241,82,0.143,0.851,0.437,0.082,0.178,0.071,0.016,0.395,0.48,1335,1136,441,1009,568
2023-24,PRBallHandler,22023,1610612748,MIA,Miami Heat,Offensive,0.448,82,0.143,0.89,0.43,0.099,0.151,0.086,0.018,0.409,0.474,1249,1111,413,960,547
2023-24,PRBallHandler,22023,1610612763,MEM,Memphis Grizzlies,Offensive,0.034,82,0.15,0.804,0.416,0.077,0.193,0.066,0.015,0.369,0.466,1369,1100,424,1020,596
2023-24,PRBallHandler,22023,1610612743,DEN,Denver Nuggets,Offensive,0.414,82,0.13,0.888,0.431,0.066,0.144,0.059,0.016,0.397,0.486,1160,1030,403,935,532
2023-24,PRBallHandler,22023,1610612761,TOR,Toronto Raptors,Offensive,0,82,0.137,0.803,0.408,0.09,0.162,0.081,0.018,0.382,0.44,1260,1012,394,965,571
2023-24,PRRollMan,22023,1610612754,IND,Indiana Pacers,Offensive,1,81,0.07,1.336,0.579,0.148,0.039,0.147,0.048,0.586,0.667,640,855,319,551,232
2023-24,PRRollMan,22023,1610612747,LAL,Los Angeles Lakers,Offensive,0.724,81,0.079,1.188,0.587,0.139,0.079,0.132,0.044,0.574,0.612,706,839,342,583,241
2023-24,PRRollMan,22023,1610612741,CHI,Chicago Bulls,Offensive,0.276,82,0.079,1.093,0.524,0.074,0.067,0.071,0.022,0.51,0.57,718,785,332,633,301
2023-24,PRRollMan,22023,1610612745,HOU,Houston Rockets,Offensive,0.586,82,0.073,1.151,0.527,0.136,0.059,0.13,0.032,0.539,0.576,677,779,299,567,268
2023-24,PRRollMan,22023,1610612737,ATL,Atlanta Hawks,Offensive,0.897,82,0.062,1.249,0.586,0.129,0.046,0.128,0.036,0.593,0.629,587,733,296,505,209
2023-24,PRRollMan,22023,1610612739,CLE,Cleveland Cavaliers,Offensive,0.655,82,0.066,1.162,0.566,0.121,0.07,0.116,0.029,0.555,0.607,586,681,278,491,213
2023-24,PRRollMan,22023,1610612759,SAS,San Antonio Spurs,Offensive,0.207,82,0.067,1.069,0.489,0.093,0.067,0.091,0.022,0.492,0.544,626,669,264,540,276
2023-24,PRRollMan,22023,1610612749,MIL,Milwaukee Bucks,Offensive,0.379,81,0.066,1.12,0.49,0.091,0.04,0.088,0.024,0.501,0.567,593,664,259,529,270
2023-24,PRRollMan,22023,1610612753,ORL,Orlando Magic,Offensive,0.414,82,0.065,1.125,0.535,0.149,0.092,0.144,0.036,0.53,0.584,585,658,249,465,216
2023-24,PRRollMan,22023,1610612760,OKC,Oklahoma City Thunder,Offensive,0.759,82,0.06,1.204,0.509,0.091,0.043,0.089,0.02,0.52,0.608,540,650,244,479,235
2023-24,PRRollMan,22023,1610612750,MIN,Minnesota Timberwolves,Offensive,0.931,82,0.056,1.269,0.588,0.167,0.08,0.155,0.05,0.58,0.664,502,637,237,403,166
2023-24,PRRollMan,22023,1610612755,PHI,Philadelphia 76ers,Offensive,0.31,82,0.062,1.101,0.49,0.115,0.073,0.106,0.021,0.499,0.558,565,622,231,471,240
2023-24,PRRollMan,22023,1610612738,BOS,Boston Celtics,Offensive,0.793,81,0.056,1.229,0.542,0.078,0.076,0.074,0.012,0.531,0.644,503,618,234,432,198
2023-24,PRRollMan,22023,1610612764,WAS,Washington Wizards,Offensive,0.517,82,0.058,1.135,0.532,0.113,0.07,0.109,0.035,0.53,0.584,542,615,246,462,216
2023-24,PRRollMan,22023,1610612762,UTA,Utah Jazz,Offensive,0.966,82,0.051,1.269,0.566,0.093,0.061,0.082,0.032,0.556,0.65,475,603,236,417,181
2023-24,PRRollMan,22023,1610612757,POR,Portland Trail Blazers,Offensive,0.034,82,0.066,0.979,0.479,0.093,0.079,0.092,0.023,0.471,0.511,611,598,249,520,271
2023-24,PRRollMan,22023,1610612766,CHA,Charlotte Hornets,Offensive,0.448,82,0.058,1.126,0.501,0.144,0.054,0.136,0.029,0.527,0.554,514,579,214,427,213
2023-24,PRRollMan,22023,1610612743,DEN,Denver Nuggets,Offensive,0.862,82,0.052,1.238,0.587,0.121,0.058,0.117,0.037,0.581,0.628,463,573,233,397,164
2023-24,PRRollMan,22023,1610612742,DAL,Dallas Mavericks,Offensive,0.483,82,0.055,1.127,0.551,0.111,0.077,0.109,0.03,0.533,0.596,505,569,234,425,191
2023-24,PRRollMan,22023,1610612746,LAC,LA Clippers,Offensive,0.69,82,0.052,1.163,0.589,0.152,0.091,0.146,0.026,0.578,0.619,460,535,212,360,148
2023-24,PRRollMan,22023,1610612758,SAC,Sacramento Kings,Offensive,0.828,81,0.047,1.234,0.585,0.175,0.079,0.173,0.049,0.577,0.637,428,528,199,340,141
2023-24,PRRollMan,22023,1610612765,DET,Detroit Pistons,Offensive,0.621,82,0.049,1.159,0.574,0.119,0.073,0.119,0.04,0.564,0.598,452,524,220,383,163
2023-24,PRRollMan,22023,1610612748,MIA,Miami Heat,Offensive,0.138,82,0.057,1.05,0.475,0.106,0.056,0.104,0.014,0.491,0.526,499,524,202,425,223
2023-24,PRRollMan,22023,1610612744,GSW,Golden State Warriors,Offensive,0.172,82,0.051,1.063,0.492,0.123,0.071,0.119,0.027,0.498,0.544,478,508,196,398,202
2023-24,PRRollMan,22023,1610612751,BKN,Brooklyn Nets,Offensive,0.552,82,0.049,1.138,0.556,0.109,0.079,0.104,0.029,0.536,0.601,442,503,207,372,165
2023-24,PRRollMan,22023,1610612756,PHX,Phoenix Suns,Offensive,0.241,81,0.051,1.072,0.524,0.121,0.094,0.116,0.031,0.515,0.56,456,489,195,372,177
2023-24,PRRollMan,22023,1610612761,TOR,Toronto Raptors,Offensive,0.103,82,0.048,1.049,0.503,0.094,0.063,0.087,0.022,0.491,0.545,446,468,194,386,192
2023-24,PRRollMan,22023,1610612763,MEM,Memphis Grizzlies,Offensive,0,82,0.051,0.961,0.437,0.11,0.05,0.101,0.032,0.455,0.478,464,446,177,405,228
2023-24,PRRollMan,22023,1610612740,NOP,New Orleans Pelicans,Offensive,0.345,81,0.044,1.107,0.505,0.11,0.051,0.102,0.01,0.518,0.56,392,434,168,333,165
2023-24,PRRollMan,22023,1610612752,NYK,New York Knicks,Offensive,0.069,81,0.036,1.032,0.514,0.123,0.098,0.114,0.032,0.495,0.551,317,327,132,257,125
2023-24,Postup,22023,1610612743,DEN,Denver Nuggets,Offensive,0.931,82,0.078,1.098,0.572,0.155,0.111,0.129,0.037,0.553,0.572,696,764,307,537,230
2023-24,Postup,22023,1610612738,BOS,Boston Celtics,Offensive,1,81,0.073,1.126,0.56,0.196,0.101,0.181,0.041,0.565,0.56,653,735,272,486,214
2023-24,Postup,22023,1610612749,MIL,Milwaukee Bucks,Offensive,0.483,81,0.071,0.97,0.53,0.114,0.125,0.094,0.025,0.495,0.53,639,620,266,502,236
2023-24,Postup,22023,1610612747,LAL,Los Angeles Lakers,Offensive,0.793,81,0.066,1.025,0.512,0.178,0.107,0.158,0.041,0.518,0.512,589,604,228,445,217
2023-24,Postup,22023,1610612741,CHI,Chicago Bulls,Offensive,0.586,82,0.062,0.987,0.496,0.129,0.081,0.12,0.029,0.501,0.496,557,550,226,456,230
2023-24,Postup,22023,1610612748,MIA,Miami Heat,Offensive,0.517,82,0.063,0.982,0.475,0.173,0.085,0.15,0.022,0.509,0.475,554,544,201,423,222
2023-24,Postup,22023,1610612740,NOP,New Orleans Pelicans,Offensive,0.655,81,0.055,0.992,0.517,0.182,0.122,0.163,0.031,0.52,0.517,490,486,184,356,172
2023-24,Postup,22023,1610612750,MIN,Minnesota Timberwolves,Offensive,0.724,82,0.054,1.013,0.533,0.18,0.145,0.157,0.048,0.512,0.533,477,483,184,345,161
2023-24,Postup,22023,1610612755,PHI,Philadelphia 76ers,Offensive,0.897,82,0.048,1.073,0.529,0.176,0.108,0.158,0.023,0.542,0.529,437,469,171,323,152
2023-24,Postup,22023,1610612745,HOU,Houston Rockets,Offensive,0.448,82,0.05,0.97,0.51,0.149,0.13,0.13,0.026,0.502,0.51,462,448,176,345,169
2023-24,Postup,22023,1610612746,LAC,LA Clippers,Offensive,0.828,82,0.045,1.062,0.55,0.122,0.092,0.102,0.012,0.543,0.55,403,428,177,322,145
2023-24,Postup,22023,1610612756,PHX,Phoenix Suns,Offensive,0.241,81,0.05,0.91,0.48,0.166,0.137,0.148,0.031,0.473,0.48,446,406,156,325,169
2023-24,Postup,22023,1610612759,SAS,San Antonio Spurs,Offensive,0.069,82,0.047,0.887,0.457,0.178,0.158,0.151,0.023,0.463,0.457,443,393,139,304,165
2023-24,Postup,22023,1610612754,IND,Indiana Pacers,Offensive,0.966,81,0.035,1.112,0.573,0.18,0.099,0.158,0.043,0.562,0.573,322,358,141,246,105
2023-24,Postup,22023,1610612761,TOR,Toronto Raptors,Offensive,0.414,82,0.039,0.967,0.492,0.175,0.131,0.156,0.039,0.492,0.492,360,348,130,264,134
2023-24,Postup,22023,1610612753,ORL,Orlando Magic,Offensive,0.103,82,0.043,0.896,0.446,0.172,0.115,0.151,0.034,0.461,0.446,384,344,128,287,159
2023-24,Postup,22023,1610612744,GSW,Golden State Warriors,Offensive,0.138,82,0.038,0.906,0.49,0.16,0.165,0.134,0.04,0.462,0.49,351,318,123,251,128
2023-24,Postup,22023,1610612763,MEM,Memphis Grizzlies,Offensive,0.276,82,0.037,0.934,0.48,0.149,0.122,0.128,0.03,0.475,0.48,335,313,122,254,132
2023-24,Postup,22023,1610612758,SAC,Sacramento Kings,Offensive,0.207,81,0.036,0.909,0.526,0.146,0.179,0.137,0.036,0.465,0.526,329,299,123,234,111
2023-24,Postup,22023,1610612752,NYK,New York Knicks,Offensive,0.034,81,0.034,0.883,0.482,0.14,0.169,0.127,0.026,0.453,0.482,307,271,106,220,114
2023-24,Postup,22023,1610612765,DET,Detroit Pistons,Offensive,0.345,82,0.03,0.95,0.5,0.183,0.173,0.173,0.032,0.489,0.5,278,264,94,188,94
2023-24,Postup,22023,1610612762,UTA,Utah Jazz,Offensive,0.621,82,0.027,0.988,0.497,0.141,0.121,0.113,0.023,0.496,0.497,256,253,97,195,98
2023-24,Postup,22023,1610612757,POR,Portland Trail Blazers,Offensive,0.172,82,0.03,0.909,0.484,0.102,0.12,0.088,0.029,0.456,0.484,274,249,107,221,114
2023-24,Postup,22023,1610612742,DAL,Dallas Mavericks,Offensive,0.69,82,0.024,0.996,0.5,0.215,0.099,0.206,0.031,0.525,0.5,223,222,80,160,80
2023-24,Postup,22023,1610612766,CHA,Charlotte Hornets,Offensive,0.552,82,0.024,0.986,0.491,0.152,0.095,0.129,0.024,0.505,0.491,210,207,80,163,83
2023-24,Postup,22023,1610612737,ATL,Atlanta Hawks,Offensive,0.379,82,0.022,0.951,0.448,0.21,0.117,0.19,0.024,0.488,0.448,205,195,64,143,79
2023-24,Postup,22023,1610612764,WAS,Washington Wizards,Offensive,0.31,82,0.021,0.939,0.497,0.148,0.128,0.133,0.046,0.485,0.497,196,184,75,151,76
2023-24,Postup,22023,1610612760,OKC,Oklahoma City Thunder,Offensive,0.759,82,0.018,1.025,0.563,0.092,0.153,0.086,0.031,0.503,0.563,163,167,72,128,56
2023-24,Postup,22023,1610612751,BKN,Brooklyn Nets,Offensive,0.862,82,0.015,1.067,0.602,0.164,0.149,0.142,0.045,0.552,0.602,134,143,59,98,39
2023-24,Postup,22023,1610612739,CLE,Cleveland Cavaliers,Offensive,0,82,0.016,0.831,0.417,0.162,0.12,0.113,0.007,0.444,0.417,142,118,43,103,60
2023-24,Spotup,22023,1610612763,MEM,Memphis Grizzlies,Offensive,0.069,82,0.294,0.981,0.381,0.056,0.063,0.052,0.014,0.381,0.505,2680,2629,914,2399,1485
2023-24,Spotup,22023,1610612756,PHX,Phoenix Suns,Offensive,0.793,81,0.266,1.087,0.415,0.04,0.051,0.036,0.009,0.411,0.56,2373,2579,904,2177,1273
2023-24,Spotup,22023,1610612741,CHI,Chicago Bulls,Offensive,0.138,82,0.285,0.997,0.391,0.034,0.062,0.031,0.006,0.384,0.518,2574,2565,917,2343,1426
2023-24,Spotup,22023,1610612760,OKC,Oklahoma City Thunder,Offensive,0.897,82,0.254,1.106,0.425,0.047,0.054,0.045,0.009,0.424,0.568,2300,2543,889,2090,1201
2023-24,Spotup,22023,1610612750,MIN,Minnesota Timberwolves,Offensive,0.448,82,0.272,1.046,0.422,0.05,0.071,0.045,0.014,0.411,0.548,2416,2528,909,2156,1247
2023-24,Spotup,22023,1610612740,NOP,New Orleans Pelicans,Offensive,0.966,81,0.249,1.112,0.42,0.053,0.046,0.05,0.01,0.423,0.567,2215,2462,848,2020,1172
2023-24,Spotup,22023,1610612738,BOS,Boston Celtics,Offensive,1,81,0.233,1.169,0.427,0.045,0.034,0.043,0.012,0.43,0.592,2081,2432,830,1944,1114
2023-24,Spotup,22023,1610612751,BKN,Brooklyn Nets,Offensive,0.586,82,0.253,1.06,0.4,0.05,0.049,0.048,0.011,0.401,0.544,2286,2423,833,2084,1251
2023-24,Spotup,22023,1610612754,IND,Indiana Pacers,Offensive,0.69,81,0.238,1.067,0.424,0.054,0.059,0.051,0.014,0.421,0.55,2187,2334,834,1968,1134
2023-24,Spotup,22023,1610612752,NYK,New York Knicks,Offensive,0.483,81,0.25,1.048,0.398,0.054,0.047,0.052,0.014,0.401,0.53,2226,2332,809,2033,1224
2023-24,Spotup,22023,1610612742,DAL,Dallas Mavericks,Offensive,0.621,82,0.24,1.061,0.401,0.055,0.051,0.053,0.016,0.402,0.542,2186,2320,797,1990,1193
2023-24,Spotup,22023,1610612759,SAS,San Antonio Spurs,Offensive,0.103,82,0.253,0.982,0.373,0.053,0.053,0.05,0.014,0.376,0.499,2362,2320,799,2144,1345
2023-24,Spotup,22023,1610612749,MIL,Milwaukee Bucks,Offensive,0.828,81,0.233,1.099,0.411,0.04,0.045,0.034,0.006,0.41,0.563,2098,2305,795,1933,1138
2023-24,Spotup,22023,1610612757,POR,Portland Trail Blazers,Offensive,0.172,82,0.247,1.008,0.388,0.055,0.058,0.051,0.011,0.391,0.517,2283,2302,795,2049,1254
2023-24,Spotup,22023,1610612761,TOR,Toronto Raptors,Offensive,0.241,82,0.246,1.016,0.393,0.05,0.062,0.046,0.011,0.39,0.525,2264,2301,800,2034,1234
2023-24,Spotup,22023,1610612758,SAC,Sacramento Kings,Offensive,0.379,81,0.243,1.04,0.394,0.045,0.043,0.041,0.009,0.396,0.531,2211,2299,803,2037,1234
2023-24,Spotup,22023,1610612748,MIA,Miami Heat,Offensive,0.552,82,0.247,1.06,0.396,0.043,0.042,0.04,0.01,0.398,0.538,2160,2289,792,1998,1206
2023-24,Spotup,22023,1610612737,ATL,Atlanta Hawks,Offensive,0.759,82,0.224,1.072,0.402,0.057,0.047,0.055,0.013,0.409,0.539,2113,2266,772,1920,1148
2023-24,Spotup,22023,1610612762,UTA,Utah Jazz,Offensive,0.276,82,0.232,1.017,0.391,0.058,0.063,0.056,0.011,0.394,0.52,2176,2212,758,1937,1179
2023-24,Spotup,22023,1610612739,CLE,Cleveland Cavaliers,Offensive,0.724,82,0.228,1.071,0.412,0.039,0.063,0.035,0.007,0.402,0.56,2029,2173,756,1837,1081
2023-24,Spotup,22023,1610612746,LAC,LA Clippers,Offensive,0.931,82,0.22,1.109,0.418,0.048,0.047,0.043,0.011,0.418,0.567,1953,2165,747,1788,1041
2023-24,Spotup,22023,1610612753,ORL,Orlando Magic,Offensive,0.414,82,0.23,1.043,0.398,0.048,0.062,0.044,0.01,0.395,0.541,2060,2148,738,1855,1117
2023-24,Spotup,22023,1610612765,DET,Detroit Pistons,Offensive,0,82,0.241,0.97,0.385,0.043,0.069,0.039,0.011,0.375,0.506,2207,2141,764,1985,1221
2023-24,Spotup,22023,1610612764,WAS,Washington Wizards,Offensive,0.207,82,0.226,1.016,0.401,0.055,0.059,0.051,0.015,0.397,0.525,2094,2127,756,1887,1131
2023-24,Spotup,22023,1610612766,CHA,Charlotte Hornets,Offensive,0.034,82,0.245,0.972,0.376,0.053,0.059,0.049,0.009,0.38,0.499,2161,2101,730,1939,1209
2023-24,Spotup,22023,1610612747,LAL,Los Angeles Lakers,Offensive,0.655,81,0.214,1.064,0.408,0.035,0.048,0.033,0.009,0.402,0.549,1928,2052,728,1786,1058
2023-24,Spotup,22023,1610612744,GSW,Golden State Warriors,Offensive,0.345,82,0.21,1.04,0.4,0.041,0.053,0.039,0.008,0.396,0.537,1965,2043,719,1796,1077
2023-24,Spotup,22023,1610612745,HOU,Houston Rockets,Offensive,0.31,82,0.213,1.029,0.393,0.043,0.052,0.042,0.009,0.391,0.529,1974,2031,709,1805,1096
2023-24,Spotup,22023,1610612743,DEN,Denver Nuggets,Offensive,0.862,82,0.203,1.1,0.421,0.034,0.042,0.031,0.01,0.418,0.562,1815,1997,714,1694,980
2023-24,Spotup,22023,1610612755,PHI,Philadelphia 76ers,Offensive,0.517,82,0.208,1.054,0.4,0.049,0.044,0.045,0.01,0.404,0.534,1885,1986,691,1729,1038
2023-24,Handoff,22023,1610612758,SAC,Sacramento Kings,Offensive,0.862,81,0.102,0.998,0.422,0.043,0.077,0.037,0.004,0.409,0.524,927,925,346,820,474
2023-24,Handoff,22023,1610612743,DEN,Denver Nuggets,Offensive,0.759,82,0.064,0.97,0.434,0.049,0.081,0.042,0.005,0.422,0.508,571,554,217,500,283
2023-24,Handoff,22023,1610612751,BKN,Brooklyn Nets,Offensive,0.828,82,0.062,0.975,0.433,0.107,0.101,0.098,0.021,0.438,0.501,562,548,198,457,259
2023-24,Handoff,22023,1610612752,NYK,New York Knicks,Offensive,0.31,81,0.065,0.924,0.395,0.078,0.087,0.075,0.012,0.399,0.47,576,532,193,488,295
2023-24,Handoff,22023,1610612739,CLE,Cleveland Cavaliers,Offensive,0.483,82,0.063,0.934,0.403,0.078,0.117,0.071,0.021,0.39,0.495,562,525,187,464,277
2023-24,Handoff,22023,1610612755,PHI,Philadelphia 76ers,Offensive,0.276,82,0.059,0.91,0.4,0.095,0.101,0.09,0.024,0.398,0.464,535,487,177,443,266
2023-24,Handoff,22023,1610612759,SAS,San Antonio Spurs,Offensive,0.172,82,0.058,0.878,0.408,0.072,0.1,0.069,0.011,0.4,0.462,540,474,185,453,268
2023-24,Handoff,22023,1610612740,NOP,New Orleans Pelicans,Offensive,0.448,81,0.057,0.931,0.421,0.091,0.12,0.085,0.02,0.407,0.483,508,473,173,411,238
2023-24,Handoff,22023,1610612744,GSW,Golden State Warriors,Offensive,0.966,82,0.049,1.022,0.431,0.076,0.107,0.072,0.02,0.415,0.532,460,470,166,385,219
2023-24,Handoff,22023,1610612737,ATL,Atlanta Hawks,Offensive,0.207,82,0.056,0.878,0.362,0.105,0.099,0.088,0.019,0.381,0.431,533,468,157,434,277
2023-24,Handoff,22023,1610612742,DAL,Dallas Mavericks,Offensive,0.931,82,0.047,1.016,0.449,0.088,0.119,0.079,0.03,0.426,0.535,430,437,159,354,195
2023-24,Handoff,22023,1610612749,MIL,Milwaukee Bucks,Offensive,1,81,0.046,1.042,0.428,0.095,0.093,0.09,0.022,0.428,0.521,409,426,146,341,195
2023-24,Handoff,22023,1610612748,MIA,Miami Heat,Offensive,0.621,82,0.05,0.959,0.404,0.043,0.113,0.043,0.005,0.381,0.517,441,423,151,374,223
2023-24,Handoff,22023,1610612765,DET,Detroit Pistons,Offensive,0.724,82,0.047,0.963,0.435,0.094,0.09,0.092,0.014,0.439,0.489,435,419,157,361,204
2023-24,Handoff,22023,1610612764,WAS,Washington Wizards,Offensive,0.034,82,0.052,0.836,0.385,0.075,0.12,0.066,0.025,0.369,0.444,482,403,154,400,246
2023-24,Handoff,22023,1610612745,HOU,Houston Rockets,Offensive,0.897,82,0.041,1.013,0.444,0.081,0.087,0.081,0.013,0.444,0.53,381,386,143,322,179
2023-24,Handoff,22023,1610612762,UTA,Utah Jazz,Offensive,0.241,82,0.045,0.903,0.396,0.09,0.124,0.088,0.012,0.394,0.475,421,380,133,336,203
2023-24,Handoff,22023,1610612761,TOR,Toronto Raptors,Offensive,0.069,82,0.049,0.842,0.381,0.078,0.089,0.076,0.016,0.383,0.428,449,378,145,381,236
2023-24,Handoff,22023,1610612763,MEM,Memphis Grizzlies,Offensive,0,82,0.05,0.823,0.354,0.093,0.117,0.084,0.009,0.358,0.421,453,373,128,362,234
2023-24,Handoff,22023,1610612766,CHA,Charlotte Hornets,Offensive,0.793,82,0.041,0.972,0.425,0.081,0.106,0.075,0.017,0.408,0.517,360,350,127,299,172
2023-24,Handoff,22023,1610612754,IND,Indiana Pacers,Offensive,0.69,81,0.039,0.961,0.459,0.053,0.097,0.053,0.019,0.432,0.519,361,347,144,314,170
2023-24,Handoff,22023,1610612753,ORL,Orlando Magic,Offensive,0.552,82,0.041,0.937,0.419,0.088,0.123,0.077,0.008,0.408,0.507,365,342,122,291,169
2023-24,Handoff,22023,1610612756,PHX,Phoenix Suns,Offensive,0.517,81,0.041,0.934,0.454,0.077,0.131,0.063,0.008,0.429,0.51,366,342,133,293,160
2023-24,Handoff,22023,1610612757,POR,Portland Trail Blazers,Offensive,0.138,82,0.043,0.86,0.403,0.102,0.152,0.089,0.023,0.381,0.46,394,339,122,303,181
2023-24,Handoff,22023,1610612750,MIN,Minnesota Timberwolves,Offensive,0.379,82,0.038,0.928,0.446,0.06,0.15,0.051,0.009,0.404,0.526,334,310,119,267,148
2023-24,Handoff,22023,1610612747,LAL,Los Angeles Lakers,Offensive,0.345,81,0.035,0.927,0.405,0.095,0.092,0.085,0.022,0.408,0.473,316,293,107,264,157
2023-24,Handoff,22023,1610612760,OKC,Oklahoma City Thunder,Offensive,0.586,82,0.033,0.949,0.449,0.071,0.112,0.061,0.014,0.431,0.508,295,280,110,245,135
2023-24,Handoff,22023,1610612746,LAC,LA Clippers,Offensive,0.655,82,0.032,0.961,0.418,0.085,0.089,0.082,0.014,0.418,0.485,282,271,99,237,138
2023-24,Handoff,22023,1610612738,BOS,Boston Celtics,Offensive,0.103,81,0.033,0.844,0.355,0.061,0.102,0.054,0.017,0.344,0.442,294,248,89,251,162
2023-24,Handoff,22023,1610612741,CHI,Chicago Bulls,Offensive,0.414,82,0.024,0.931,0.419,0.106,0.106,0.101,0.037,0.41,0.475,217,202,75,179,104
2023-24,Cut,22023,1610612744,GSW,Golden State Warriors,Offensive,0.379,82,0.105,1.297,0.67,0.143,0.062,0.141,0.039,0.657,0.67,979,1270,547,816,269
2023-24,Cut,22023,1610612739,CLE,Cleveland Cavaliers,Offensive,0.655,82,0.096,1.337,0.674,0.153,0.049,0.146,0.036,0.669,0.674,854,1142,480,712,232
2023-24,Cut,22023,1610612743,DEN,Denver Nuggets,Offensive,0.793,82,0.089,1.356,0.685,0.145,0.04,0.14,0.058,0.678,0.685,798,1082,477,696,219
2023-24,Cut,22023,1610612753,ORL,Orlando Magic,Offensive,0.828,82,0.086,1.358,0.699,0.171,0.067,0.159,0.057,0.68,0.699,766,1040,439,628,189
2023-24,Cut,22023,1610612761,TOR,Toronto Raptors,Offensive,0.586,82,0.083,1.323,0.672,0.143,0.051,0.142,0.043,0.665,0.672,762,1008,435,647,212
2023-24,Cut,22023,1610612759,SAS,San Antonio Spurs,Offensive,0.483,82,0.08,1.308,0.667,0.14,0.061,0.129,0.038,0.658,0.667,743,972,415,622,207
2023-24,Cut,22023,1610612758,SAC,Sacramento Kings,Offensive,0.345,81,0.08,1.277,0.661,0.161,0.065,0.158,0.039,0.645,0.661,726,927,390,590,200
2023-24,Cut,22023,1610612747,LAL,Los Angeles Lakers,Offensive,0.966,81,0.072,1.397,0.724,0.149,0.06,0.141,0.042,0.704,0.724,645,901,389,537,148
2023-24,Cut,22023,1610612754,IND,Indiana Pacers,Offensive,1,81,0.069,1.4,0.712,0.166,0.046,0.163,0.041,0.707,0.712,632,885,373,524,151
2023-24,Cut,22023,1610612762,UTA,Utah Jazz,Offensive,0.414,82,0.071,1.299,0.668,0.13,0.06,0.126,0.033,0.655,0.668,669,869,377,564,187
2023-24,Cut,22023,1610612748,MIA,Miami Heat,Offensive,0.172,82,0.079,1.248,0.635,0.124,0.053,0.118,0.035,0.627,0.635,694,866,378,595,217
2023-24,Cut,22023,1610612746,LAC,LA Clippers,Offensive,0.724,82,0.072,1.351,0.684,0.143,0.052,0.137,0.033,0.676,0.684,635,858,364,532,168
2023-24,Cut,22023,1610612756,PHX,Phoenix Suns,Offensive,0.862,81,0.069,1.376,0.713,0.17,0.061,0.165,0.04,0.696,0.713,619,852,357,501,144
2023-24,Cut,22023,1610612760,OKC,Oklahoma City Thunder,Offensive,0.69,82,0.068,1.35,0.692,0.142,0.055,0.138,0.026,0.686,0.692,614,829,352,509,157
2023-24,Cut,22023,1610612737,ATL,Atlanta Hawks,Offensive,0.241,82,0.066,1.269,0.64,0.173,0.047,0.171,0.048,0.639,0.64,620,787,329,514,185
2023-24,Cut,22023,1610612764,WAS,Washington Wizards,Offensive,0.31,82,0.064,1.276,0.633,0.139,0.049,0.138,0.035,0.64,0.633,595,759,319,504,185
2023-24,Cut,22023,1610612749,MIL,Milwaukee Bucks,Offensive,0.931,81,0.061,1.391,0.715,0.116,0.055,0.11,0.033,0.694,0.715,545,758,336,470,134
2023-24,Cut,22023,1610612755,PHI,Philadelphia 76ers,Offensive,0.103,82,0.067,1.239,0.609,0.177,0.044,0.173,0.046,0.624,0.609,611,757,307,504,197
2023-24,Cut,22023,1610612765,DET,Detroit Pistons,Offensive,0.448,82,0.063,1.307,0.674,0.143,0.066,0.134,0.033,0.655,0.674,574,750,319,473,154
2023-24,Cut,22023,1610612740,NOP,New Orleans Pelicans,Offensive,0.621,81,0.06,1.333,0.689,0.135,0.064,0.128,0.034,0.675,0.689,532,709,306,444,138
2023-24,Cut,22023,1610612738,BOS,Boston Celtics,Offensive,0.897,81,0.058,1.378,0.697,0.154,0.041,0.154,0.031,0.7,0.697,513,707,299,429,130
2023-24,Cut,22023,1610612766,CHA,Charlotte Hornets,Offensive,0.552,82,0.061,1.315,0.673,0.155,0.06,0.149,0.047,0.659,0.673,537,706,301,447,146
2023-24,Cut,22023,1610612752,NYK,New York Knicks,Offensive,0.276,81,0.061,1.27,0.642,0.152,0.054,0.148,0.037,0.643,0.642,541,687,289,450,161
2023-24,Cut,22023,1610612750,MIN,Minnesota Timberwolves,Offensive,0.207,82,0.061,1.266,0.682,0.166,0.094,0.159,0.044,0.648,0.682,542,686,290,425,135
2023-24,Cut,22023,1610612742,DAL,Dallas Mavericks,Offensive,0.759,82,0.055,1.352,0.703,0.145,0.056,0.141,0.038,0.684,0.703,503,680,296,421,125
2023-24,Cut,22023,1610612751,BKN,Brooklyn Nets,Offensive,0.034,82,0.062,1.212,0.631,0.133,0.056,0.127,0.039,0.614,0.631,557,675,299,474,175
2023-24,Cut,22023,1610612745,HOU,Houston Rockets,Offensive,0.069,82,0.057,1.218,0.613,0.158,0.049,0.152,0.038,0.62,0.613,532,648,271,442,171
2023-24,Cut,22023,1610612763,MEM,Memphis Grizzlies,Offensive,0.138,82,0.055,1.24,0.641,0.132,0.058,0.126,0.026,0.632,0.641,500,620,268,418,150
2023-24,Cut,22023,1610612757,POR,Portland Trail Blazers,Offensive,0,82,0.052,1.201,0.605,0.124,0.058,0.124,0.039,0.598,0.605,482,579,250,413,163
2023-24,Cut,22023,1610612741,CHI,Chicago Bulls,Offensive,0.517,82,0.044,1.309,0.66,0.153,0.048,0.153,0.035,0.661,0.66,398,521,219,332,113
2023-24,OffScreen,22023,1610612744,GSW,Golden State Warriors,Offensive,0.931,82,0.098,1.115,0.434,0.052,0.066,0.052,0.018,0.424,0.577,911,1016,356,820,464
2023-24,OffScreen,22023,1610612762,UTA,Utah Jazz,Offensive,0.517,82,0.067,1.002,0.408,0.086,0.094,0.078,0.025,0.404,0.513,631,632,218,534,316
2023-24,OffScreen,22023,1610612764,WAS,Washington Wizards,Offensive,0.724,82,0.047,1.062,0.441,0.068,0.077,0.064,0.014,0.433,0.546,439,466,168,381,213
2023-24,OffScreen,22023,1610612766,CHA,Charlotte Hornets,Offensive,0.897,82,0.046,1.093,0.443,0.061,0.054,0.059,0.015,0.445,0.556,409,447,163,368,205
2023-24,OffScreen,22023,1610612743,DEN,Denver Nuggets,Offensive,0.862,82,0.045,1.087,0.462,0.055,0.06,0.05,0.022,0.449,0.563,401,436,168,364,196
2023-24,OffScreen,22023,1610612750,MIN,Minnesota Timberwolves,Offensive,0.586,82,0.048,1.017,0.429,0.071,0.106,0.071,0.014,0.414,0.537,423,430,152,354,202
2023-24,OffScreen,22023,1610612737,ATL,Atlanta Hawks,Offensive,0.552,82,0.041,1.015,0.407,0.103,0.044,0.095,0.034,0.428,0.497,388,394,140,344,204
2023-24,OffScreen,22023,1610612746,LAC,LA Clippers,Offensive,0.655,82,0.04,1.037,0.43,0.068,0.04,0.063,0.02,0.44,0.511,352,365,138,321,183
2023-24,OffScreen,22023,1610612761,TOR,Toronto Raptors,Offensive,0.448,82,0.04,0.978,0.42,0.063,0.071,0.054,0.014,0.416,0.505,368,360,136,324,188
2023-24,OffScreen,22023,1610612738,BOS,Boston Celtics,Offensive,1,81,0.033,1.19,0.45,0.061,0.031,0.061,0.014,0.463,0.596,294,350,122,271,149
2023-24,OffScreen,22023,1610612740,NOP,New Orleans Pelicans,Offensive,0.793,81,0.036,1.075,0.442,0.094,0.053,0.082,0.009,0.465,0.536,318,342,121,274,153
2023-24,OffScreen,22023,1610612748,MIA,Miami Heat,Offensive,0.966,82,0.032,1.118,0.471,0.075,0.079,0.072,0.029,0.455,0.574,279,312,115,244,129
2023-24,OffScreen,22023,1610612763,MEM,Memphis Grizzlies,Offensive,0.31,82,0.035,0.957,0.377,0.059,0.077,0.059,0.006,0.378,0.5,323,309,106,281,175
2023-24,OffScreen,22023,1610612757,POR,Portland Trail Blazers,Offensive,0.241,82,0.035,0.954,0.397,0.093,0.09,0.087,0.025,0.399,0.487,323,308,108,272,164
2023-24,OffScreen,22023,1610612756,PHX,Phoenix Suns,Offensive,0.379,81,0.035,0.974,0.47,0.061,0.084,0.048,0.01,0.458,0.507,310,302,126,268,142
2023-24,OffScreen,22023,1610612739,CLE,Cleveland Cavaliers,Offensive,0,82,0.038,0.859,0.335,0.021,0.065,0.015,0.006,0.324,0.45,340,292,105,313,208
2023-24,OffScreen,22023,1610612765,DET,Detroit Pistons,Offensive,0.207,82,0.033,0.953,0.394,0.084,0.087,0.067,0.01,0.405,0.492,299,285,99,251,152
2023-24,OffScreen,22023,1610612742,DAL,Dallas Mavericks,Offensive,0.034,82,0.032,0.878,0.367,0.034,0.061,0.027,0.007,0.361,0.452,296,260,99,270,171
2023-24,OffScreen,22023,1610612752,NYK,New York Knicks,Offensive,0.69,81,0.027,1.049,0.407,0.053,0.07,0.045,0.008,0.406,0.537,244,256,88,216,128
2023-24,OffScreen,22023,1610612755,PHI,Philadelphia 76ers,Offensive,0.276,82,0.029,0.954,0.383,0.057,0.057,0.042,0.011,0.382,0.487,262,250,90,235,145
2023-24,OffScreen,22023,1610612760,OKC,Oklahoma City Thunder,Offensive,0.759,82,0.026,1.069,0.423,0.095,0.056,0.095,0.017,0.444,0.53,232,248,85,201,116
2023-24,OffScreen,22023,1610612751,BKN,Brooklyn Nets,Offensive,0.345,82,0.027,0.968,0.394,0.049,0.065,0.04,0.008,0.393,0.489,247,239,87,221,134
2023-24,OffScreen,22023,1610612759,SAS,San Antonio Spurs,Offensive,0.828,82,0.023,1.083,0.443,0.069,0.055,0.069,0.005,0.454,0.552,218,236,85,192,107
2023-24,OffScreen,22023,1610612754,IND,Indiana Pacers,Offensive,0.483,81,0.026,0.991,0.405,0.072,0.081,0.068,0.026,0.4,0.505,235,233,83,205,122
2023-24,OffScreen,22023,1610612745,HOU,Houston Rockets,Offensive,0.172,82,0.027,0.928,0.371,0.068,0.04,0.06,0.008,0.39,0.462,249,231,83,224,141
2023-24,OffScreen,22023,1610612753,ORL,Orlando Magic,Offensive,0.069,82,0.025,0.912,0.38,0.097,0.088,0.088,0.009,0.401,0.449,227,207,71,187,116
2023-24,OffScreen,22023,1610612747,LAL,Los Angeles Lakers,Offensive,0.621,81,0.021,1.027,0.44,0.07,0.091,0.059,0.011,0.433,0.538,187,192,70,159,89
2023-24,OffScreen,22023,1610612749,MIL,Milwaukee Bucks,Offensive,0.138,81,0.023,0.926,0.363,0.049,0.064,0.049,0.005,0.368,0.47,204,189,66,182,116
2023-24,OffScreen,22023,1610612758,SAC,Sacramento Kings,Offensive,0.103,81,0.02,0.914,0.361,0.043,0.065,0.043,0.005,0.357,0.476,185,169,60,166,106
2023-24,OffScreen,22023,1610612741,CHI,Chicago Bulls,Offensive,0.414,82,0.015,0.978,0.405,0.103,0.059,0.088,0.015,0.426,0.478,136,133,47,116,69
2023-24,OffRebound,22023,1610612757,POR,Portland Trail Blazers,Offensive,0.724,82,0.071,1.154,0.592,0.094,0.056,0.09,0.02,0.581,0.594,657,758,338,571,233
2023-24,OffRebound,22023,1610612762,UTA,Utah Jazz,Offensive,0.897,82,0.063,1.213,0.622,0.129,0.086,0.123,0.034,0.602,0.624,595,722,303,487,184
2023-24,OffRebound,22023,1610612737,ATL,Atlanta Hawks,Offensive,0.138,82,0.069,1.058,0.521,0.127,0.069,0.126,0.026,0.531,0.526,652,690,282,541,259
2023-24,OffRebound,22023,1610612743,DEN,Denver Nuggets,Offensive,0.517,82,0.066,1.116,0.552,0.131,0.043,0.121,0.022,0.566,0.556,587,655,275,498,223
2023-24,OffRebound,22023,1610612755,PHI,Philadelphia 76ers,Offensive,0.552,82,0.062,1.126,0.561,0.13,0.067,0.123,0.03,0.558,0.564,563,634,263,469,206
2023-24,OffRebound,22023,1610612745,HOU,Houston Rockets,Offensive,0.655,82,0.058,1.137,0.569,0.124,0.072,0.12,0.042,0.561,0.572,542,616,261,459,198
2023-24,OffRebound,22023,1610612752,NYK,New York Knicks,Offensive,0.276,81,0.06,1.098,0.586,0.144,0.096,0.129,0.034,0.565,0.59,533,585,248,423,175
2023-24,OffRebound,22023,1610612751,BKN,Brooklyn Nets,Offensive,0.586,82,0.057,1.127,0.573,0.121,0.066,0.109,0.025,0.564,0.587,512,577,246,429,183
2023-24,OffRebound,22023,1610612740,NOP,New Orleans Pelicans,Offensive,0.793,81,0.055,1.167,0.582,0.149,0.059,0.138,0.041,0.587,0.586,491,573,238,409,171
2023-24,OffRebound,22023,1610612750,MIN,Minnesota Timberwolves,Offensive,0.966,82,0.052,1.228,0.62,0.172,0.047,0.164,0.047,0.621,0.62,464,570,238,384,146
2023-24,OffRebound,22023,1610612753,ORL,Orlando Magic,Offensive,0.621,82,0.056,1.129,0.571,0.141,0.074,0.129,0.026,0.573,0.576,503,568,233,408,175
2023-24,OffRebound,22023,1610612761,TOR,Toronto Raptors,Offensive,0.345,82,0.055,1.111,0.574,0.119,0.06,0.113,0.024,0.559,0.578,503,559,244,425,181
2023-24,OffRebound,22023,1610612764,WAS,Washington Wizards,Offensive,0.414,82,0.053,1.113,0.581,0.127,0.079,0.123,0.026,0.564,0.59,495,551,236,406,170
2023-24,OffRebound,22023,1610612754,IND,Indiana Pacers,Offensive,1,81,0.048,1.23,0.637,0.117,0.068,0.115,0.041,0.617,0.639,444,546,242,380,138
2023-24,OffRebound,22023,1610612765,DET,Detroit Pistons,Offensive,0.207,82,0.055,1.077,0.549,0.099,0.073,0.091,0.026,0.536,0.553,506,545,237,432,195
2023-24,OffRebound,22023,1610612741,CHI,Chicago Bulls,Offensive,0.069,82,0.058,1.019,0.514,0.108,0.059,0.106,0.015,0.522,0.519,529,539,231,449,218
2023-24,OffRebound,22023,1610612744,GSW,Golden State Warriors,Offensive,0.103,82,0.053,1.058,0.554,0.104,0.086,0.098,0.014,0.534,0.561,498,527,227,410,183
2023-24,OffRebound,22023,1610612749,MIL,Milwaukee Bucks,Offensive,0.862,81,0.049,1.199,0.643,0.139,0.1,0.135,0.032,0.605,0.65,438,525,223,347,124
2023-24,OffRebound,22023,1610612766,CHA,Charlotte Hornets,Offensive,0.828,82,0.049,1.195,0.626,0.115,0.076,0.11,0.03,0.601,0.631,436,521,229,366,137
2023-24,OffRebound,22023,1610612758,SAC,Sacramento Kings,Offensive,0.759,81,0.047,1.16,0.593,0.134,0.08,0.122,0.04,0.579,0.603,425,493,208,351,143
2023-24,OffRebound,22023,1610612759,SAS,San Antonio Spurs,Offensive,0.172,82,0.049,1.063,0.548,0.131,0.081,0.118,0.031,0.54,0.552,457,486,205,374,169
2023-24,OffRebound,22023,1610612738,BOS,Boston Celtics,Offensive,0.241,81,0.05,1.09,0.56,0.084,0.07,0.074,0.032,0.537,0.568,443,483,218,389,171
2023-24,OffRebound,22023,1610612739,CLE,Cleveland Cavaliers,Offensive,0.931,82,0.044,1.22,0.621,0.132,0.066,0.119,0.033,0.61,0.627,395,482,205,330,125
2023-24,OffRebound,22023,1610612746,LAC,LA Clippers,Offensive,0.31,82,0.049,1.111,0.564,0.093,0.065,0.088,0.023,0.549,0.572,432,480,211,374,163
2023-24,OffRebound,22023,1610612763,MEM,Memphis Grizzlies,Offensive,0,82,0.052,1,0.516,0.108,0.097,0.102,0.023,0.506,0.519,472,472,199,386,187
2023-24,OffRebound,22023,1610612748,MIA,Miami Heat,Offensive,0.448,82,0.048,1.114,0.545,0.145,0.052,0.137,0.019,0.569,0.545,422,470,189,347,158
2023-24,OffRebound,22023,1610612742,DAL,Dallas Mavericks,Offensive,0.69,82,0.042,1.153,0.606,0.13,0.083,0.122,0.028,0.578,0.613,386,445,191,315,124
2023-24,OffRebound,22023,1610612747,LAL,Los Angeles Lakers,Offensive,0.379,81,0.044,1.113,0.567,0.113,0.073,0.11,0.03,0.554,0.567,399,444,191,337,146
2023-24,OffRebound,22023,1610612756,PHX,Phoenix Suns,Offensive,0.034,81,0.046,1.012,0.514,0.134,0.102,0.122,0.022,0.509,0.522,411,416,166,323,157
2023-24,OffRebound,22023,1610612760,OKC,Oklahoma City Thunder,Offensive,0.483,82,0.038,1.115,0.57,0.109,0.088,0.103,0.035,0.552,0.577,339,378,162,284,122
2023-24,Misc,22023,1610612747,LAL,Los Angeles Lakers,Offensive,1,81,0.054,0.641,0.427,0.246,0.507,0.039,0.008,0.341,0.484,487,312,53,124,71
2023-24,Misc,22023,1610612742,DAL,Dallas Mavericks,Offensive,0.966,82,0.049,0.627,0.439,0.242,0.501,0.029,0.016,0.337,0.488,451,283,54,123,69
2023-24,Misc,22023,1610612750,MIN,Minnesota Timberwolves,Offensive,0.897,82,0.052,0.606,0.372,0.253,0.486,0.02,0.002,0.331,0.421,459,278,45,121,76
2023-24,Misc,22023,1610612763,MEM,Memphis Grizzlies,Offensive,0.552,82,0.058,0.527,0.39,0.21,0.544,0.036,0.011,0.282,0.43,528,278,53,136,83
2023-24,Misc,22023,1610612756,PHX,Phoenix Suns,Offensive,0.414,81,0.06,0.517,0.461,0.229,0.61,0.03,0.006,0.28,0.489,536,277,41,89,48
2023-24,Misc,22023,1610612748,MIA,Miami Heat,Offensive,0.793,82,0.055,0.569,0.421,0.232,0.545,0.035,0.012,0.308,0.456,483,275,48,114,66
2023-24,Misc,22023,1610612755,PHI,Philadelphia 76ers,Offensive,0.655,82,0.054,0.554,0.412,0.2,0.532,0.035,0.008,0.297,0.463,491,272,56,136,80
2023-24,Misc,22023,1610612744,GSW,Golden State Warriors,Offensive,0.448,82,0.056,0.517,0.451,0.184,0.597,0.03,0.013,0.266,0.533,526,272,55,122,67
2023-24,Misc,22023,1610612738,BOS,Boston Celtics,Offensive,0.931,81,0.048,0.607,0.462,0.22,0.54,0.026,0.002,0.322,0.514,428,260,48,104,56
2023-24,Misc,22023,1610612751,BKN,Brooklyn Nets,Offensive,0.759,82,0.051,0.568,0.426,0.24,0.513,0.028,0.004,0.317,0.47,458,260,49,115,66
2023-24,Misc,22023,1610612743,DEN,Denver Nuggets,Offensive,0.241,82,0.058,0.501,0.294,0.221,0.551,0.019,0.004,0.274,0.34,515,258,35,119,84
2023-24,Misc,22023,1610612754,IND,Indiana Pacers,Offensive,0.586,81,0.051,0.547,0.407,0.197,0.53,0.038,0.015,0.284,0.441,468,256,55,135,80
2023-24,Misc,22023,1610612762,UTA,Utah Jazz,Offensive,0.138,82,0.058,0.468,0.385,0.193,0.62,0.022,0.004,0.255,0.433,545,255,40,104,64
2023-24,Misc,22023,1610612753,ORL,Orlando Magic,Offensive,0.621,82,0.052,0.55,0.368,0.236,0.524,0.03,0.006,0.314,0.404,462,254,42,114,72
2023-24,Misc,22023,1610612749,MIL,Milwaukee Bucks,Offensive,0.724,81,0.05,0.56,0.433,0.249,0.557,0.031,0.009,0.317,0.456,445,249,39,90,51
2023-24,Misc,22023,1610612764,WAS,Washington Wizards,Offensive,0.517,82,0.051,0.526,0.4,0.155,0.517,0.026,0.002,0.277,0.435,470,247,62,155,93
2023-24,Misc,22023,1610612745,HOU,Houston Rockets,Offensive,0.483,82,0.051,0.52,0.351,0.208,0.486,0.032,0.008,0.285,0.382,471,245,52,148,96
2023-24,Misc,22023,1610612739,CLE,Cleveland Cavaliers,Offensive,0.345,82,0.052,0.508,0.42,0.209,0.553,0.011,0.002,0.28,0.464,465,236,47,112,65
2023-24,Misc,22023,1610612761,TOR,Toronto Raptors,Offensive,0.31,82,0.051,0.506,0.43,0.2,0.575,0.03,0.004,0.281,0.453,466,236,46,107,61
2023-24,Misc,22023,1610612752,NYK,New York Knicks,Offensive,0.69,81,0.047,0.555,0.477,0.216,0.538,0.028,0.007,0.308,0.5,422,234,51,107,56
2023-24,Misc,22023,1610612737,ATL,Atlanta Hawks,Offensive,0.276,82,0.048,0.506,0.392,0.171,0.554,0.016,0.002,0.266,0.46,451,228,49,125,76
2023-24,Misc,22023,1610612740,NOP,New Orleans Pelicans,Offensive,0.207,81,0.053,0.479,0.407,0.165,0.578,0.042,0.004,0.256,0.435,472,226,50,123,73
2023-24,Misc,22023,1610612760,OKC,Oklahoma City Thunder,Offensive,0.862,82,0.042,0.587,0.471,0.2,0.529,0.034,0.003,0.316,0.505,380,223,49,104,55
2023-24,Misc,22023,1610612741,CHI,Chicago Bulls,Offensive,0.828,82,0.042,0.585,0.413,0.255,0.517,0.031,0.013,0.333,0.446,381,223,38,92,54
2023-24,Misc,22023,1610612757,POR,Portland Trail Blazers,Offensive,0.103,82,0.051,0.466,0.398,0.162,0.594,0.041,0.009,0.246,0.445,468,218,47,118,71
2023-24,Misc,22023,1610612758,SAC,Sacramento Kings,Offensive,0.379,81,0.046,0.511,0.378,0.229,0.54,0.039,0.005,0.294,0.403,415,212,37,98,61
2023-24,Misc,22023,1610612765,DET,Detroit Pistons,Offensive,0.069,82,0.051,0.437,0.378,0.151,0.588,0.021,0.008,0.229,0.402,471,206,48,127,79
2023-24,Misc,22023,1610612746,LAC,LA Clippers,Offensive,0.172,82,0.047,0.478,0.31,0.206,0.591,0.024,0.005,0.256,0.345,418,200,27,87,60
2023-24,Misc,22023,1610612766,CHA,Charlotte Hornets,Offensive,0.034,82,0.05,0.431,0.347,0.151,0.575,0.025,0.004,0.231,0.371,445,192,43,124,81
2023-24,Misc,22023,1610612759,SAS,San Antonio Spurs,Offensive,0,82,0.054,0.366,0.333,0.117,0.624,0.02,0.002,0.198,0.36,505,185,44,132,88
2024-25,Isolation,22024,1610612746,LAC,LA Clippers,Offensive,0.862,82,0.12,0.972,0.388,0.159,0.106,0.155,0.025,0.428,0.454,1078,1048,318,820,502
2024-25,Isolation,22024,1610612742,DAL,Dallas Mavericks,Offensive,0.793,82,0.1,0.952,0.424,0.126,0.098,0.119,0.023,0.437,0.477,908,864,308,726,418
2024-25,Isolation,22024,1610612760,OKC,Oklahoma City Thunder,Offensive,0.966,82,0.09,1.034,0.451,0.14,0.06,0.127,0.025,0.484,0.488,834,862,310,688,378
2024-25,Isolation,22024,1610612738,BOS,Boston Celtics,Offensive,0.828,82,0.1,0.956,0.413,0.116,0.075,0.106,0.022,0.433,0.466,896,857,308,745,437
2024-25,Isolation,22024,1610612747,LAL,Los Angeles Lakers,Offensive,0.897,82,0.09,0.983,0.426,0.137,0.085,0.134,0.031,0.451,0.473,801,787,276,648,372
2024-25,Isolation,22024,1610612755,PHI,Philadelphia 76ers,Offensive,0.483,82,0.094,0.899,0.418,0.116,0.094,0.108,0.027,0.426,0.455,848,762,290,693,403
2024-25,Isolation,22024,1610612749,MIL,Milwaukee Bucks,Offensive,0.759,82,0.084,0.939,0.453,0.13,0.096,0.121,0.023,0.454,0.48,753,707,272,600,328
2024-25,Isolation,22024,1610612763,MEM,Memphis Grizzlies,Offensive,0.621,82,0.076,0.914,0.441,0.137,0.121,0.127,0.037,0.439,0.47,735,672,252,572,320
2024-25,Isolation,22024,1610612757,POR,Portland Trail Blazers,Offensive,0.414,82,0.076,0.876,0.386,0.139,0.103,0.131,0.036,0.407,0.425,718,629,220,570,350
2024-25,Isolation,22024,1610612750,MIN,Minnesota Timberwolves,Offensive,0.345,82,0.078,0.873,0.394,0.122,0.146,0.113,0.015,0.399,0.455,711,621,209,531,322
2024-25,Isolation,22024,1610612752,NYK,New York Knicks,Offensive,0.69,82,0.073,0.926,0.419,0.142,0.104,0.135,0.045,0.425,0.456,661,612,221,528,307
2024-25,Isolation,22024,1610612745,HOU,Houston Rockets,Offensive,0.207,82,0.076,0.842,0.403,0.116,0.109,0.107,0.019,0.41,0.43,727,612,233,578,345
2024-25,Isolation,22024,1610612756,PHX,Phoenix Suns,Offensive,1,82,0.065,1.054,0.504,0.151,0.106,0.132,0.037,0.503,0.526,575,606,226,448,222
2024-25,Isolation,22024,1610612758,SAC,Sacramento Kings,Offensive,0.552,82,0.072,0.911,0.413,0.126,0.076,0.123,0.021,0.437,0.442,661,602,224,542,318
2024-25,Isolation,22024,1610612762,UTA,Utah Jazz,Offensive,0.138,82,0.076,0.837,0.36,0.154,0.107,0.14,0.025,0.396,0.4,712,596,196,544,348
2024-25,Isolation,22024,1610612759,SAS,San Antonio Spurs,Offensive,0.517,82,0.069,0.902,0.407,0.133,0.093,0.126,0.025,0.431,0.442,633,571,206,506,300
2024-25,Isolation,22024,1610612753,ORL,Orlando Magic,Offensive,0.241,82,0.072,0.861,0.401,0.136,0.104,0.124,0.028,0.418,0.43,646,556,204,509,305
2024-25,Isolation,22024,1610612740,NOP,New Orleans Pelicans,Offensive,0.034,82,0.069,0.824,0.374,0.148,0.11,0.138,0.02,0.405,0.399,637,525,182,486,304
2024-25,Isolation,22024,1610612748,MIA,Miami Heat,Offensive,0.379,82,0.066,0.874,0.418,0.12,0.097,0.111,0.022,0.431,0.434,585,511,197,471,274
2024-25,Isolation,22024,1610612766,CHA,Charlotte Hornets,Offensive,0.586,82,0.06,0.913,0.4,0.129,0.093,0.126,0.024,0.426,0.434,549,501,176,440,264
2024-25,Isolation,22024,1610612765,DET,Detroit Pistons,Offensive,0.31,82,0.059,0.87,0.413,0.131,0.124,0.12,0.033,0.418,0.439,548,477,176,426,250
2024-25,Isolation,22024,1610612754,IND,Indiana Pacers,Offensive,0.724,82,0.056,0.933,0.429,0.114,0.087,0.105,0.034,0.436,0.468,507,473,181,422,241
2024-25,Isolation,22024,1610612751,BKN,Brooklyn Nets,Offensive,0.448,82,0.057,0.876,0.392,0.143,0.11,0.132,0.026,0.415,0.43,509,446,154,393,239
2024-25,Isolation,22024,1610612739,CLE,Cleveland Cavaliers,Offensive,0.276,82,0.055,0.867,0.397,0.123,0.113,0.113,0.018,0.408,0.446,505,438,157,395,238
2024-25,Isolation,22024,1610612743,DEN,Denver Nuggets,Offensive,0.655,82,0.05,0.919,0.452,0.099,0.107,0.092,0.015,0.448,0.484,467,429,171,378,207
2024-25,Isolation,22024,1610612741,CHI,Chicago Bulls,Offensive,0.931,82,0.045,0.991,0.425,0.133,0.077,0.122,0.026,0.45,0.486,427,423,148,348,200
2024-25,Isolation,22024,1610612744,GSW,Golden State Warriors,Offensive,0.172,82,0.05,0.837,0.368,0.15,0.096,0.139,0.026,0.405,0.4,467,391,134,364,230
2024-25,Isolation,22024,1610612764,WAS,Washington Wizards,Offensive,0.069,82,0.043,0.832,0.386,0.109,0.133,0.096,0.03,0.383,0.431,405,337,123,319,196
2024-25,Isolation,22024,1610612761,TOR,Toronto Raptors,Offensive,0.103,82,0.041,0.832,0.392,0.131,0.098,0.126,0.018,0.42,0.412,388,323,120,306,186
2024-25,Isolation,22024,1610612737,ATL,Atlanta Hawks,Offensive,0,82,0.041,0.791,0.322,0.157,0.113,0.139,0.015,0.376,0.355,388,307,93,289,196
2024-25,Transition,22024,1610612763,MEM,Memphis Grizzlies,Offensive,0.69,82,0.242,1.148,0.529,0.117,0.117,0.105,0.029,0.506,0.618,2343,2689,986,1863,877
2024-25,Transition,22024,1610612741,CHI,Chicago Bulls,Offensive,0.655,82,0.243,1.145,0.529,0.124,0.112,0.116,0.027,0.509,0.616,2284,2616,954,1805,851
2024-25,Transition,22024,1610612737,ATL,Atlanta Hawks,Offensive,0.31,82,0.211,1.115,0.543,0.115,0.137,0.108,0.027,0.503,0.618,2018,2250,848,1563,715
2024-25,Transition,22024,1610612743,DEN,Denver Nuggets,Offensive,0.931,82,0.198,1.176,0.581,0.137,0.13,0.127,0.03,0.545,0.648,1836,2160,814,1402,588
2024-25,Transition,22024,1610612761,TOR,Toronto Raptors,Offensive,0.069,82,0.217,1.051,0.499,0.119,0.112,0.112,0.024,0.485,0.563,2049,2154,811,1625,814
2024-25,Transition,22024,1610612754,IND,Indiana Pacers,Offensive,0.862,82,0.202,1.167,0.557,0.121,0.111,0.112,0.026,0.533,0.629,1841,2149,814,1462,648
2024-25,Transition,22024,1610612765,DET,Detroit Pistons,Offensive,0.448,82,0.203,1.135,0.536,0.124,0.117,0.117,0.032,0.513,0.605,1892,2148,801,1495,694
2024-25,Transition,22024,1610612760,OKC,Oklahoma City Thunder,Offensive,0.897,82,0.193,1.174,0.535,0.124,0.085,0.115,0.029,0.532,0.609,1780,2090,781,1460,679
2024-25,Transition,22024,1610612759,SAS,San Antonio Spurs,Offensive,0.621,82,0.199,1.145,0.533,0.128,0.111,0.123,0.034,0.511,0.614,1824,2089,772,1449,677
2024-25,Transition,22024,1610612742,DAL,Dallas Mavericks,Offensive,0.241,82,0.198,1.107,0.529,0.127,0.125,0.118,0.031,0.5,0.603,1800,1992,742,1402,660
2024-25,Transition,22024,1610612752,NYK,New York Knicks,Offensive,0.966,82,0.183,1.182,0.556,0.13,0.106,0.118,0.032,0.536,0.629,1650,1951,730,1314,584
2024-25,Transition,22024,1610612764,WAS,Washington Wizards,Offensive,0.103,82,0.194,1.072,0.511,0.116,0.127,0.108,0.02,0.486,0.587,1812,1943,719,1407,688
2024-25,Transition,22024,1610612739,CLE,Cleveland Cavaliers,Offensive,1,82,0.175,1.195,0.536,0.114,0.104,0.107,0.029,0.518,0.639,1612,1927,701,1307,606
2024-25,Transition,22024,1610612746,LAC,LA Clippers,Offensive,0.345,82,0.191,1.125,0.539,0.116,0.124,0.108,0.022,0.51,0.614,1711,1925,721,1338,617
2024-25,Transition,22024,1610612745,HOU,Houston Rockets,Offensive,0.276,82,0.181,1.11,0.531,0.132,0.13,0.119,0.025,0.505,0.606,1726,1916,699,1317,618
2024-25,Transition,22024,1610612744,GSW,Golden State Warriors,Offensive,0.552,82,0.177,1.138,0.535,0.119,0.118,0.109,0.029,0.507,0.618,1640,1866,696,1300,604
2024-25,Transition,22024,1610612740,NOP,New Orleans Pelicans,Offensive,0.483,82,0.174,1.136,0.54,0.121,0.116,0.113,0.025,0.517,0.618,1616,1836,688,1273,585
2024-25,Transition,22024,1610612762,UTA,Utah Jazz,Offensive,0.172,82,0.177,1.09,0.533,0.117,0.148,0.106,0.026,0.491,0.609,1665,1815,676,1268,592
2024-25,Transition,22024,1610612757,POR,Portland Trail Blazers,Offensive,0.034,82,0.187,1.026,0.505,0.144,0.139,0.134,0.028,0.481,0.56,1766,1812,664,1316,652
2024-25,Transition,22024,1610612755,PHI,Philadelphia 76ers,Offensive,0.724,82,0.174,1.149,0.535,0.154,0.114,0.146,0.034,0.526,0.605,1567,1801,642,1201,559
2024-25,Transition,22024,1610612758,SAC,Sacramento Kings,Offensive,0.379,82,0.174,1.126,0.539,0.126,0.132,0.114,0.026,0.509,0.614,1600,1801,662,1229,567
2024-25,Transition,22024,1610612749,MIL,Milwaukee Bucks,Offensive,0.793,82,0.172,1.16,0.552,0.158,0.115,0.149,0.036,0.528,0.633,1536,1781,647,1173,526
2024-25,Transition,22024,1610612747,LAL,Los Angeles Lakers,Offensive,0.586,82,0.172,1.14,0.554,0.127,0.122,0.119,0.024,0.525,0.624,1532,1746,658,1188,530
2024-25,Transition,22024,1610612751,BKN,Brooklyn Nets,Offensive,0.138,82,0.178,1.081,0.501,0.118,0.124,0.106,0.02,0.482,0.581,1592,1721,620,1238,618
2024-25,Transition,22024,1610612748,MIA,Miami Heat,Offensive,0.828,82,0.165,1.16,0.54,0.132,0.117,0.125,0.031,0.52,0.622,1468,1703,619,1147,528
2024-25,Transition,22024,1610612738,BOS,Boston Celtics,Offensive,0.414,82,0.16,1.13,0.507,0.091,0.096,0.083,0.017,0.492,0.604,1442,1630,606,1196,590
2024-25,Transition,22024,1610612753,ORL,Orlando Magic,Offensive,0.207,82,0.164,1.106,0.516,0.136,0.106,0.125,0.026,0.508,0.581,1467,1623,593,1149,556
2024-25,Transition,22024,1610612756,PHX,Phoenix Suns,Offensive,0.759,82,0.154,1.155,0.537,0.118,0.122,0.106,0.018,0.512,0.629,1371,1584,573,1067,494
2024-25,Transition,22024,1610612750,MIN,Minnesota Timberwolves,Offensive,0.517,82,0.153,1.136,0.548,0.12,0.122,0.109,0.027,0.518,0.619,1388,1577,597,1089,492
2024-25,Transition,22024,1610612766,CHA,Charlotte Hornets,Offensive,0,82,0.163,1.023,0.494,0.115,0.144,0.102,0.018,0.466,0.566,1507,1541,565,1143,578
2024-25,PRBallHandler,22024,1610612739,CLE,Cleveland Cavaliers,Offensive,0.966,82,0.218,0.989,0.457,0.098,0.129,0.091,0.021,0.437,0.529,2013,1990,730,1597,867
2024-25,PRBallHandler,22024,1610612760,OKC,Oklahoma City Thunder,Offensive,0.862,82,0.177,0.965,0.473,0.134,0.138,0.121,0.028,0.457,0.505,1636,1579,585,1237,652
2024-25,PRBallHandler,22024,1610612766,CHA,Charlotte Hornets,Offensive,0,82,0.209,0.803,0.369,0.072,0.138,0.066,0.012,0.354,0.43,1932,1552,572,1550,978
2024-25,PRBallHandler,22024,1610612754,IND,Indiana Pacers,Offensive,0.793,82,0.174,0.955,0.454,0.093,0.121,0.08,0.014,0.437,0.509,1587,1516,576,1270,694
2024-25,PRBallHandler,22024,1610612757,POR,Portland Trail Blazers,Offensive,0.483,82,0.18,0.887,0.425,0.098,0.157,0.089,0.024,0.398,0.488,1700,1508,556,1307,751
2024-25,PRBallHandler,22024,1610612745,HOU,Houston Rockets,Offensive,0.414,82,0.171,0.884,0.411,0.086,0.127,0.077,0.015,0.399,0.47,1633,1443,539,1310,771
2024-25,PRBallHandler,22024,1610612737,ATL,Atlanta Hawks,Offensive,0.655,82,0.163,0.913,0.433,0.104,0.17,0.089,0.017,0.405,0.503,1561,1425,503,1161,658
2024-25,PRBallHandler,22024,1610612764,WAS,Washington Wizards,Offensive,0.31,82,0.18,0.844,0.41,0.099,0.164,0.082,0.019,0.384,0.465,1679,1417,520,1269,749
2024-25,PRBallHandler,22024,1610612765,DET,Detroit Pistons,Offensive,0.517,82,0.171,0.887,0.428,0.095,0.145,0.087,0.018,0.408,0.48,1590,1411,529,1237,708
2024-25,PRBallHandler,22024,1610612750,MIN,Minnesota Timberwolves,Offensive,0.724,82,0.163,0.92,0.424,0.091,0.17,0.079,0.02,0.391,0.516,1482,1364,477,1125,648
2024-25,PRBallHandler,22024,1610612753,ORL,Orlando Magic,Offensive,0.241,82,0.181,0.836,0.412,0.111,0.168,0.102,0.021,0.393,0.453,1617,1352,495,1201,706
2024-25,PRBallHandler,22024,1610612752,NYK,New York Knicks,Offensive,1,82,0.15,0.999,0.462,0.105,0.111,0.093,0.016,0.455,0.52,1351,1349,499,1081,582
2024-25,PRBallHandler,22024,1610612741,CHI,Chicago Bulls,Offensive,0.586,82,0.159,0.903,0.443,0.102,0.171,0.094,0.019,0.412,0.496,1492,1348,493,1114,621
2024-25,PRBallHandler,22024,1610612740,NOP,New Orleans Pelicans,Offensive,0.069,82,0.178,0.81,0.405,0.082,0.169,0.076,0.013,0.374,0.454,1654,1340,510,1260,750
2024-25,PRBallHandler,22024,1610612758,SAC,Sacramento Kings,Offensive,0.931,82,0.15,0.974,0.482,0.101,0.143,0.096,0.023,0.452,0.526,1375,1339,517,1072,555
2024-25,PRBallHandler,22024,1610612738,BOS,Boston Celtics,Offensive,0.897,82,0.154,0.967,0.426,0.087,0.143,0.073,0.015,0.404,0.529,1380,1335,462,1084,622
2024-25,PRBallHandler,22024,1610612755,PHI,Philadelphia 76ers,Offensive,0.345,82,0.17,0.87,0.411,0.093,0.141,0.083,0.02,0.393,0.468,1534,1335,496,1207,711
2024-25,PRBallHandler,22024,1610612749,MIL,Milwaukee Bucks,Offensive,0.828,82,0.153,0.965,0.46,0.126,0.162,0.116,0.021,0.436,0.519,1362,1314,460,1000,540
2024-25,PRBallHandler,22024,1610612756,PHX,Phoenix Suns,Offensive,0.448,82,0.164,0.887,0.429,0.098,0.155,0.092,0.012,0.411,0.474,1463,1297,476,1109,633
2024-25,PRBallHandler,22024,1610612747,LAL,Los Angeles Lakers,Offensive,0.69,82,0.159,0.914,0.436,0.126,0.175,0.114,0.024,0.413,0.502,1415,1293,446,1024,578
2024-25,PRBallHandler,22024,1610612742,DAL,Dallas Mavericks,Offensive,0.759,82,0.153,0.923,0.431,0.116,0.13,0.11,0.029,0.421,0.48,1396,1289,472,1094,622
2024-25,PRBallHandler,22024,1610612748,MIA,Miami Heat,Offensive,0.379,82,0.162,0.882,0.441,0.089,0.18,0.083,0.022,0.396,0.502,1436,1267,476,1080,604
2024-25,PRBallHandler,22024,1610612746,LAC,LA Clippers,Offensive,0.552,82,0.146,0.901,0.429,0.088,0.161,0.081,0.015,0.399,0.492,1308,1179,430,1002,572
2024-25,PRBallHandler,22024,1610612762,UTA,Utah Jazz,Offensive,0.172,82,0.15,0.831,0.408,0.092,0.193,0.076,0.015,0.37,0.479,1414,1175,421,1032,611
2024-25,PRBallHandler,22024,1610612759,SAS,San Antonio Spurs,Offensive,0.276,82,0.138,0.841,0.42,0.097,0.174,0.088,0.018,0.389,0.473,1268,1066,398,947,549
2024-25,PRBallHandler,22024,1610612751,BKN,Brooklyn Nets,Offensive,0.207,82,0.14,0.833,0.412,0.111,0.178,0.097,0.022,0.389,0.451,1247,1039,377,914,537
2024-25,PRBallHandler,22024,1610612761,TOR,Toronto Raptors,Offensive,0.034,82,0.135,0.809,0.427,0.109,0.196,0.1,0.024,0.387,0.46,1275,1031,391,916,525
2024-25,PRBallHandler,22024,1610612743,DEN,Denver Nuggets,Offensive,0.621,82,0.121,0.907,0.45,0.079,0.167,0.07,0.014,0.405,0.515,1129,1024,391,868,477
2024-25,PRBallHandler,22024,1610612744,GSW,Golden State Warriors,Offensive,0.103,82,0.134,0.818,0.369,0.105,0.13,0.094,0.015,0.373,0.426,1243,1017,358,970,612
2024-25,PRBallHandler,22024,1610612763,MEM,Memphis Grizzlies,Offensive,0.138,82,0.102,0.824,0.416,0.075,0.177,0.065,0.016,0.376,0.461,984,811,313,752,439
2024-25,PRRollMan,22024,1610612737,ATL,Atlanta Hawks,Offensive,0.621,82,0.075,1.115,0.533,0.103,0.067,0.1,0.025,0.527,0.58,719,802,328,615,287
2024-25,PRRollMan,22024,1610612749,MIL,Milwaukee Bucks,Offensive,0.931,82,0.073,1.166,0.518,0.094,0.051,0.091,0.022,0.514,0.604,650,758,295,570,275
2024-25,PRRollMan,22024,1610612754,IND,Indiana Pacers,Offensive,0.897,82,0.071,1.162,0.491,0.105,0.048,0.103,0.022,0.505,0.581,649,754,277,564,287
2024-25,PRRollMan,22024,1610612739,CLE,Cleveland Cavaliers,Offensive,0.966,82,0.069,1.174,0.549,0.144,0.063,0.132,0.032,0.552,0.602,634,744,287,523,236
2024-25,PRRollMan,22024,1610612764,WAS,Washington Wizards,Offensive,0.103,82,0.074,1.029,0.449,0.108,0.054,0.102,0.025,0.466,0.511,686,706,266,592,326
2024-25,PRRollMan,22024,1610612741,CHI,Chicago Bulls,Offensive,0.759,82,0.065,1.139,0.51,0.064,0.052,0.061,0.025,0.499,0.581,611,696,283,555,272
2024-25,PRRollMan,22024,1610612759,SAS,San Antonio Spurs,Offensive,0.828,82,0.064,1.148,0.531,0.107,0.075,0.102,0.031,0.519,0.592,588,675,265,499,234
2024-25,PRRollMan,22024,1610612747,LAL,Los Angeles Lakers,Offensive,0.862,82,0.065,1.157,0.542,0.106,0.068,0.103,0.037,0.53,0.597,575,665,269,496,227
2024-25,PRRollMan,22024,1610612766,CHA,Charlotte Hornets,Offensive,0.172,82,0.067,1.047,0.499,0.134,0.094,0.131,0.036,0.497,0.545,618,647,249,499,250
2024-25,PRRollMan,22024,1610612756,PHX,Phoenix Suns,Offensive,0.483,82,0.065,1.107,0.538,0.142,0.1,0.135,0.031,0.527,0.582,579,641,246,457,211
2024-25,PRRollMan,22024,1610612760,OKC,Oklahoma City Thunder,Offensive,0.793,82,0.058,1.144,0.51,0.069,0.075,0.065,0.013,0.495,0.604,535,612,237,465,228
2024-25,PRRollMan,22024,1610612761,TOR,Toronto Raptors,Offensive,0.655,82,0.058,1.119,0.554,0.092,0.07,0.084,0.02,0.542,0.579,546,611,260,469,209
2024-25,PRRollMan,22024,1610612748,MIA,Miami Heat,Offensive,0.276,82,0.063,1.062,0.494,0.094,0.061,0.093,0.018,0.501,0.536,561,596,239,484,245
2024-25,PRRollMan,22024,1610612738,BOS,Boston Celtics,Offensive,0.379,82,0.061,1.08,0.457,0.099,0.066,0.097,0.022,0.467,0.545,548,592,215,470,255
2024-25,PRRollMan,22024,1610612755,PHI,Philadelphia 76ers,Offensive,0.414,82,0.06,1.083,0.5,0.111,0.091,0.107,0.017,0.491,0.576,540,585,220,440,220
2024-25,PRRollMan,22024,1610612750,MIN,Minnesota Timberwolves,Offensive,0.586,82,0.057,1.114,0.508,0.125,0.085,0.124,0.023,0.504,0.582,518,577,214,421,207
2024-25,PRRollMan,22024,1610612743,DEN,Denver Nuggets,Offensive,1,82,0.052,1.195,0.566,0.149,0.075,0.139,0.023,0.571,0.619,482,576,218,385,167
2024-25,PRRollMan,22024,1610612740,NOP,New Orleans Pelicans,Offensive,0.207,82,0.058,1.05,0.5,0.15,0.078,0.143,0.026,0.501,0.545,539,566,215,430,215
2024-25,PRRollMan,22024,1610612753,ORL,Orlando Magic,Offensive,0.069,82,0.063,1.005,0.448,0.145,0.072,0.133,0.029,0.477,0.499,558,561,203,453,250
2024-25,PRRollMan,22024,1610612762,UTA,Utah Jazz,Offensive,0.138,82,0.056,1.03,0.468,0.112,0.076,0.106,0.042,0.462,0.528,526,542,210,449,239
2024-25,PRRollMan,22024,1610612758,SAC,Sacramento Kings,Offensive,0.448,82,0.054,1.085,0.488,0.099,0.059,0.097,0.02,0.498,0.549,494,536,208,426,218
2024-25,PRRollMan,22024,1610612745,HOU,Houston Rockets,Offensive,0.034,82,0.056,0.994,0.464,0.113,0.066,0.111,0.021,0.47,0.508,532,529,208,448,240
2024-25,PRRollMan,22024,1610612757,POR,Portland Trail Blazers,Offensive,0.517,82,0.049,1.108,0.527,0.09,0.06,0.084,0.028,0.518,0.57,465,515,215,408,193
2024-25,PRRollMan,22024,1610612746,LAC,LA Clippers,Offensive,0.31,82,0.052,1.075,0.528,0.092,0.08,0.09,0.019,0.516,0.565,465,500,208,394,186
2024-25,PRRollMan,22024,1610612765,DET,Detroit Pistons,Offensive,0.552,82,0.047,1.113,0.53,0.131,0.078,0.124,0.028,0.523,0.579,434,483,188,355,167
2024-25,PRRollMan,22024,1610612752,NYK,New York Knicks,Offensive,0.724,82,0.045,1.132,0.523,0.127,0.075,0.122,0.03,0.53,0.572,402,455,174,333,159
2024-25,PRRollMan,22024,1610612742,DAL,Dallas Mavericks,Offensive,0.345,82,0.045,1.075,0.517,0.09,0.078,0.088,0.024,0.509,0.564,411,442,182,352,170
2024-25,PRRollMan,22024,1610612744,GSW,Golden State Warriors,Offensive,0.241,82,0.041,1.056,0.513,0.085,0.098,0.08,0.024,0.489,0.565,376,397,162,316,154
2024-25,PRRollMan,22024,1610612763,MEM,Memphis Grizzlies,Offensive,0.69,82,0.035,1.127,0.526,0.104,0.074,0.101,0.038,0.515,0.584,338,381,153,291,138
2024-25,PRRollMan,22024,1610612751,BKN,Brooklyn Nets,Offensive,0,82,0.042,0.929,0.452,0.098,0.071,0.093,0.019,0.442,0.491,378,351,145,321,176
2024-25,Postup,22024,1610612743,DEN,Denver Nuggets,Offensive,0.724,82,0.071,1.03,0.547,0.144,0.136,0.121,0.035,0.517,0.547,661,681,273,499,226
2024-25,Postup,22024,1610612749,MIL,Milwaukee Bucks,Offensive,0.448,82,0.068,0.957,0.514,0.141,0.12,0.123,0.039,0.487,0.514,608,582,243,473,230
2024-25,Postup,22024,1610612738,BOS,Boston Celtics,Offensive,0.828,82,0.06,1.05,0.507,0.197,0.093,0.181,0.039,0.533,0.507,537,564,204,402,198
2024-25,Postup,22024,1610612745,HOU,Houston Rockets,Offensive,0.931,82,0.053,1.087,0.571,0.171,0.107,0.139,0.034,0.563,0.571,503,547,217,380,163
2024-25,Postup,22024,1610612758,SAC,Sacramento Kings,Offensive,0.862,82,0.053,1.066,0.536,0.17,0.1,0.15,0.039,0.535,0.536,488,520,201,375,174
2024-25,Postup,22024,1610612754,IND,Indiana Pacers,Offensive,1,82,0.048,1.094,0.555,0.172,0.101,0.146,0.039,0.556,0.555,437,478,186,335,149
2024-25,Postup,22024,1610612746,LAC,LA Clippers,Offensive,0.793,82,0.048,1.044,0.574,0.116,0.132,0.109,0.03,0.53,0.574,432,451,194,338,144
2024-25,Postup,22024,1610612747,LAL,Los Angeles Lakers,Offensive,0.483,82,0.05,0.971,0.482,0.171,0.111,0.147,0.031,0.497,0.482,449,436,162,336,174
2024-25,Postup,22024,1610612763,MEM,Memphis Grizzlies,Offensive,0.966,82,0.039,1.089,0.563,0.209,0.118,0.183,0.052,0.547,0.563,382,416,156,277,121
2024-25,Postup,22024,1610612752,NYK,New York Knicks,Offensive,0.414,82,0.048,0.956,0.513,0.123,0.135,0.107,0.039,0.476,0.513,431,412,173,337,164
2024-25,Postup,22024,1610612765,DET,Detroit Pistons,Offensive,0.759,82,0.039,1.031,0.526,0.125,0.094,0.106,0.011,0.525,0.526,360,371,150,285,135
2024-25,Postup,22024,1610612748,MIA,Miami Heat,Offensive,0.172,82,0.039,0.911,0.462,0.152,0.121,0.135,0.032,0.466,0.462,348,317,122,264,142
2024-25,Postup,22024,1610612753,ORL,Orlando Magic,Offensive,0.517,82,0.036,0.978,0.476,0.205,0.112,0.165,0.022,0.503,0.476,322,315,108,227,119
2024-25,Postup,22024,1610612750,MIN,Minnesota Timberwolves,Offensive,0.69,82,0.033,1.013,0.507,0.169,0.113,0.166,0.033,0.513,0.507,302,306,115,227,112
2024-25,Postup,22024,1610612755,PHI,Philadelphia 76ers,Offensive,0.379,82,0.033,0.953,0.507,0.137,0.154,0.12,0.037,0.475,0.507,299,285,113,223,110
2024-25,Postup,22024,1610612742,DAL,Dallas Mavericks,Offensive,0.621,82,0.031,1.004,0.484,0.191,0.106,0.177,0.049,0.502,0.484,283,284,103,213,110
2024-25,Postup,22024,1610612741,CHI,Chicago Bulls,Offensive,0.207,82,0.032,0.926,0.496,0.094,0.138,0.088,0.02,0.461,0.496,297,275,116,234,118
2024-25,Postup,22024,1610612761,TOR,Toronto Raptors,Offensive,0.31,82,0.03,0.94,0.5,0.152,0.138,0.138,0.018,0.481,0.5,283,266,103,206,103
2024-25,Postup,22024,1610612759,SAS,San Antonio Spurs,Offensive,0.655,82,0.029,1.004,0.552,0.144,0.155,0.121,0.027,0.515,0.552,264,265,106,192,86
2024-25,Postup,22024,1610612756,PHX,Phoenix Suns,Offensive,0.552,82,0.026,0.987,0.466,0.215,0.103,0.193,0.064,0.494,0.466,233,230,81,174,93
2024-25,Postup,22024,1610612764,WAS,Washington Wizards,Offensive,0.345,82,0.026,0.942,0.488,0.146,0.158,0.129,0.013,0.479,0.488,240,226,83,170,87
2024-25,Postup,22024,1610612744,GSW,Golden State Warriors,Offensive,0.276,82,0.023,0.939,0.497,0.225,0.15,0.188,0.047,0.484,0.497,213,200,71,143,72
2024-25,Postup,22024,1610612766,CHA,Charlotte Hornets,Offensive,0.586,82,0.02,1,0.482,0.187,0.104,0.148,0.044,0.495,0.482,182,182,66,137,71
2024-25,Postup,22024,1610612740,NOP,New Orleans Pelicans,Offensive,0.103,82,0.02,0.899,0.482,0.169,0.143,0.153,0.048,0.46,0.482,189,170,67,139,72
2024-25,Postup,22024,1610612751,BKN,Brooklyn Nets,Offensive,0.069,82,0.02,0.891,0.432,0.175,0.115,0.164,0.049,0.443,0.432,183,163,60,139,79
2024-25,Postup,22024,1610612739,CLE,Cleveland Cavaliers,Offensive,0.897,82,0.016,1.066,0.558,0.191,0.105,0.151,0.039,0.546,0.558,152,162,63,113,50
2024-25,Postup,22024,1610612762,UTA,Utah Jazz,Offensive,0.034,82,0.017,0.888,0.443,0.2,0.125,0.169,0.044,0.456,0.443,160,142,51,115,64
2024-25,Postup,22024,1610612757,POR,Portland Trail Blazers,Offensive,0,82,0.016,0.885,0.427,0.176,0.149,0.128,0.02,0.446,0.427,148,131,44,103,59
2024-25,Postup,22024,1610612737,ATL,Atlanta Hawks,Offensive,0.241,82,0.014,0.934,0.465,0.175,0.146,0.153,0.044,0.467,0.465,137,128,46,99,53
2024-25,Postup,22024,1610612760,OKC,Oklahoma City Thunder,Offensive,0.138,82,0.015,0.91,0.467,0.127,0.127,0.112,0.037,0.455,0.467,134,122,49,105,56
2024-25,Spotup,22024,1610612756,PHX,Phoenix Suns,Offensive,0.862,82,0.285,1.099,0.415,0.035,0.05,0.032,0.009,0.409,0.567,2538,2788,972,2343,1371
2024-25,Spotup,22024,1610612763,MEM,Memphis Grizzlies,Offensive,0.345,82,0.28,1.023,0.406,0.072,0.077,0.064,0.016,0.404,0.531,2707,2770,951,2344,1393
2024-25,Spotup,22024,1610612759,SAS,San Antonio Spurs,Offensive,0.483,82,0.265,1.042,0.389,0.05,0.051,0.048,0.01,0.392,0.53,2432,2533,859,2210,1351
2024-25,Spotup,22024,1610612750,MIN,Minnesota Timberwolves,Offensive,0.759,82,0.256,1.081,0.419,0.044,0.055,0.041,0.01,0.413,0.56,2327,2516,888,2119,1231
2024-25,Spotup,22024,1610612738,BOS,Boston Celtics,Offensive,1,82,0.242,1.147,0.419,0.032,0.039,0.029,0.007,0.417,0.586,2179,2500,855,2039,1184
2024-25,Spotup,22024,1610612751,BKN,Brooklyn Nets,Offensive,0.207,82,0.271,1.015,0.375,0.051,0.045,0.045,0.008,0.381,0.515,2420,2456,827,2207,1380
2024-25,Spotup,22024,1610612741,CHI,Chicago Bulls,Offensive,0.172,82,0.258,1.01,0.387,0.038,0.065,0.035,0.007,0.379,0.529,2420,2445,847,2188,1341
2024-25,Spotup,22024,1610612760,OKC,Oklahoma City Thunder,Offensive,0.69,82,0.244,1.08,0.402,0.03,0.042,0.028,0.005,0.398,0.555,2249,2429,843,2098,1255
2024-25,Spotup,22024,1610612748,MIA,Miami Heat,Offensive,0.724,82,0.244,1.081,0.399,0.045,0.042,0.042,0.008,0.403,0.55,2168,2343,798,1998,1200
2024-25,Spotup,22024,1610612752,NYK,New York Knicks,Offensive,0.655,82,0.239,1.076,0.411,0.053,0.05,0.051,0.01,0.415,0.547,2159,2323,804,1958,1154
2024-25,Spotup,22024,1610612744,GSW,Golden State Warriors,Offensive,0.621,82,0.233,1.075,0.393,0.044,0.039,0.041,0.006,0.398,0.544,2161,2322,784,1995,1211
2024-25,Spotup,22024,1610612757,POR,Portland Trail Blazers,Offensive,0.138,82,0.242,1.007,0.387,0.041,0.062,0.038,0.008,0.38,0.523,2280,2296,798,2063,1265
2024-25,Spotup,22024,1610612755,PHI,Philadelphia 76ers,Offensive,0.552,82,0.238,1.043,0.397,0.053,0.043,0.049,0.012,0.403,0.53,2143,2236,779,1963,1184
2024-25,Spotup,22024,1610612739,CLE,Cleveland Cavaliers,Offensive,0.793,82,0.222,1.089,0.417,0.031,0.059,0.029,0.006,0.404,0.571,2046,2229,782,1876,1094
2024-25,Spotup,22024,1610612758,SAC,Sacramento Kings,Offensive,0.517,82,0.23,1.042,0.398,0.041,0.045,0.04,0.006,0.399,0.533,2112,2200,772,1942,1170
2024-25,Spotup,22024,1610612754,IND,Indiana Pacers,Offensive,0.448,82,0.228,1.039,0.404,0.052,0.054,0.047,0.013,0.404,0.533,2077,2159,760,1881,1121
2024-25,Spotup,22024,1610612747,LAL,Los Angeles Lakers,Offensive,0.966,82,0.217,1.118,0.413,0.045,0.037,0.041,0.009,0.416,0.566,1930,2157,738,1789,1051
2024-25,Spotup,22024,1610612749,MIL,Milwaukee Bucks,Offensive,0.897,82,0.218,1.107,0.409,0.038,0.041,0.037,0.009,0.408,0.565,1945,2153,740,1808,1068
2024-25,Spotup,22024,1610612737,ATL,Atlanta Hawks,Offensive,0.414,82,0.216,1.038,0.397,0.046,0.06,0.041,0.01,0.393,0.538,2064,2143,741,1865,1124
2024-25,Spotup,22024,1610612742,DAL,Dallas Mavericks,Offensive,0.379,82,0.226,1.037,0.408,0.053,0.062,0.05,0.01,0.407,0.537,2054,2131,750,1837,1087
2024-25,Spotup,22024,1610612740,NOP,New Orleans Pelicans,Offensive,0.31,82,0.224,1.022,0.398,0.049,0.044,0.045,0.014,0.4,0.518,2076,2122,762,1913,1151
2024-25,Spotup,22024,1610612761,TOR,Toronto Raptors,Offensive,0.241,82,0.212,1.021,0.382,0.039,0.046,0.038,0.008,0.382,0.524,1994,2035,702,1839,1137
2024-25,Spotup,22024,1610612762,UTA,Utah Jazz,Offensive,0.276,82,0.208,1.021,0.388,0.055,0.058,0.051,0.014,0.389,0.525,1957,1998,684,1763,1079
2024-25,Spotup,22024,1610612746,LAC,LA Clippers,Offensive,0.931,82,0.199,1.114,0.42,0.044,0.039,0.041,0.008,0.423,0.567,1782,1986,693,1649,956
2024-25,Spotup,22024,1610612745,HOU,Houston Rockets,Offensive,0.034,82,0.211,0.982,0.367,0.037,0.046,0.035,0.007,0.368,0.503,2015,1978,683,1861,1178
2024-25,Spotup,22024,1610612753,ORL,Orlando Magic,Offensive,0.069,82,0.222,0.992,0.363,0.034,0.035,0.032,0.009,0.366,0.501,1982,1966,677,1863,1186
2024-25,Spotup,22024,1610612766,CHA,Charlotte Hornets,Offensive,0.103,82,0.211,1.004,0.382,0.039,0.055,0.035,0.008,0.378,0.518,1947,1955,680,1779,1099
2024-25,Spotup,22024,1610612764,WAS,Washington Wizards,Offensive,0,82,0.213,0.949,0.36,0.04,0.06,0.039,0.008,0.355,0.493,1987,1886,650,1804,1154
2024-25,Spotup,22024,1610612765,DET,Detroit Pistons,Offensive,0.586,82,0.185,1.064,0.402,0.042,0.046,0.039,0.009,0.4,0.544,1721,1832,638,1586,948
2024-25,Spotup,22024,1610612743,DEN,Denver Nuggets,Offensive,0.828,82,0.179,1.093,0.405,0.045,0.042,0.041,0.007,0.41,0.555,1662,1816,620,1529,909
2024-25,Handoff,22024,1610612758,SAC,Sacramento Kings,Offensive,0.552,82,0.077,0.956,0.424,0.083,0.09,0.075,0.013,0.425,0.492,708,677,252,594,342
2024-25,Handoff,22024,1610612751,BKN,Brooklyn Nets,Offensive,0.276,82,0.081,0.894,0.405,0.088,0.148,0.081,0.017,0.387,0.479,724,647,229,565,336
2024-25,Handoff,22024,1610612765,DET,Detroit Pistons,Offensive,0.828,82,0.068,0.995,0.44,0.101,0.09,0.095,0.024,0.441,0.517,633,630,232,527,295
2024-25,Handoff,22024,1610612762,UTA,Utah Jazz,Offensive,0.862,82,0.062,1.002,0.437,0.109,0.153,0.098,0.031,0.414,0.536,580,581,195,446,251
2024-25,Handoff,22024,1610612749,MIL,Milwaukee Bucks,Offensive,1,82,0.058,1.056,0.427,0.1,0.083,0.09,0.025,0.433,0.531,520,549,187,438,251
2024-25,Handoff,22024,1610612743,DEN,Denver Nuggets,Offensive,0.517,82,0.062,0.948,0.4,0.085,0.071,0.079,0.014,0.411,0.475,579,549,199,497,298
2024-25,Handoff,22024,1610612748,MIA,Miami Heat,Offensive,0.966,82,0.055,1.033,0.437,0.061,0.092,0.055,0.01,0.424,0.537,491,507,184,421,237
2024-25,Handoff,22024,1610612764,WAS,Washington Wizards,Offensive,0.138,82,0.058,0.873,0.36,0.081,0.098,0.076,0.022,0.363,0.445,543,474,165,458,293
2024-25,Handoff,22024,1610612737,ATL,Atlanta Hawks,Offensive,0.414,82,0.054,0.918,0.403,0.096,0.125,0.088,0.027,0.392,0.478,513,471,167,414,247
2024-25,Handoff,22024,1610612740,NOP,New Orleans Pelicans,Offensive,0.103,82,0.056,0.872,0.369,0.094,0.088,0.084,0.013,0.383,0.438,522,455,160,434,274
2024-25,Handoff,22024,1610612761,TOR,Toronto Raptors,Offensive,0.069,82,0.057,0.831,0.365,0.085,0.111,0.081,0.013,0.361,0.437,540,449,161,441,280
2024-25,Handoff,22024,1610612742,DAL,Dallas Mavericks,Offensive,0.793,82,0.049,0.993,0.454,0.077,0.113,0.072,0.018,0.432,0.533,444,441,167,368,201
2024-25,Handoff,22024,1610612744,GSW,Golden State Warriors,Offensive,0.241,82,0.052,0.893,0.382,0.079,0.121,0.067,0.017,0.368,0.474,478,427,149,390,241
2024-25,Handoff,22024,1610612757,POR,Portland Trail Blazers,Offensive,0.621,82,0.047,0.959,0.418,0.138,0.126,0.129,0.025,0.429,0.491,443,425,141,337,196
2024-25,Handoff,22024,1610612739,CLE,Cleveland Cavaliers,Offensive,0.69,82,0.046,0.981,0.425,0.084,0.117,0.07,0.012,0.41,0.52,429,421,148,348,200
2024-25,Handoff,22024,1610612766,CHA,Charlotte Hornets,Offensive,0,82,0.056,0.815,0.342,0.058,0.093,0.054,0.006,0.34,0.421,514,419,150,439,289
2024-25,Handoff,22024,1610612759,SAS,San Antonio Spurs,Offensive,0.345,82,0.048,0.905,0.429,0.102,0.12,0.1,0.025,0.417,0.477,441,399,152,354,202
2024-25,Handoff,22024,1610612750,MIN,Minnesota Timberwolves,Offensive,0.655,82,0.045,0.961,0.39,0.107,0.083,0.1,0.024,0.4,0.48,412,396,134,344,210
2024-25,Handoff,22024,1610612746,LAC,LA Clippers,Offensive,0.759,82,0.043,0.99,0.437,0.116,0.1,0.111,0.01,0.452,0.502,389,385,135,309,174
2024-25,Handoff,22024,1610612745,HOU,Houston Rockets,Offensive,0.31,82,0.045,0.904,0.388,0.073,0.096,0.071,0.019,0.381,0.467,425,384,140,361,221
2024-25,Handoff,22024,1610612760,OKC,Oklahoma City Thunder,Offensive,0.724,82,0.042,0.987,0.447,0.049,0.088,0.049,0.016,0.426,0.521,385,380,151,338,187
2024-25,Handoff,22024,1610612752,NYK,New York Knicks,Offensive,0.448,82,0.045,0.927,0.408,0.068,0.083,0.059,0.02,0.401,0.475,409,379,145,355,210
2024-25,Handoff,22024,1610612754,IND,Indiana Pacers,Offensive,0.931,82,0.039,1.014,0.481,0.076,0.11,0.073,0.017,0.454,0.553,355,360,142,295,153
2024-25,Handoff,22024,1610612755,PHI,Philadelphia 76ers,Offensive,0.172,82,0.042,0.883,0.389,0.091,0.101,0.08,0.021,0.389,0.452,375,331,121,311,190
2024-25,Handoff,22024,1610612747,LAL,Los Angeles Lakers,Offensive,0.207,82,0.039,0.885,0.352,0.095,0.083,0.089,0.017,0.372,0.433,349,309,103,293,190
2024-25,Handoff,22024,1610612753,ORL,Orlando Magic,Offensive,0.034,82,0.04,0.828,0.386,0.064,0.114,0.064,0.019,0.367,0.441,360,298,117,303,186
2024-25,Handoff,22024,1610612738,BOS,Boston Celtics,Offensive,0.897,82,0.029,1.004,0.407,0.065,0.087,0.061,0.011,0.403,0.529,263,264,92,226,134
2024-25,Handoff,22024,1610612756,PHX,Phoenix Suns,Offensive,0.483,82,0.032,0.929,0.454,0.088,0.163,0.081,0.021,0.417,0.509,283,263,99,218,119
2024-25,Handoff,22024,1610612741,CHI,Chicago Bulls,Offensive,0.379,82,0.03,0.91,0.412,0.108,0.133,0.094,0.018,0.403,0.481,278,253,89,216,127
2024-25,Handoff,22024,1610612763,MEM,Memphis Grizzlies,Offensive,0.586,82,0.02,0.959,0.429,0.051,0.097,0.046,0.005,0.408,0.518,196,188,72,168,96
2024-25,Cut,22024,1610612743,DEN,Denver Nuggets,Offensive,0.931,82,0.1,1.38,0.71,0.149,0.048,0.144,0.039,0.702,0.71,933,1288,557,785,228
2024-25,Cut,22024,1610612744,GSW,Golden State Warriors,Offensive,0.31,82,0.101,1.271,0.638,0.16,0.052,0.158,0.044,0.634,0.638,938,1192,498,780,282
2024-25,Cut,22024,1610612739,CLE,Cleveland Cavaliers,Offensive,1,82,0.08,1.427,0.734,0.145,0.05,0.141,0.036,0.717,0.734,743,1060,459,625,166
2024-25,Cut,22024,1610612737,ATL,Atlanta Hawks,Offensive,0.379,82,0.086,1.276,0.658,0.131,0.049,0.127,0.032,0.646,0.658,819,1045,459,698,239
2024-25,Cut,22024,1610612761,TOR,Toronto Raptors,Offensive,0.034,82,0.093,1.166,0.592,0.134,0.065,0.131,0.029,0.591,0.592,875,1020,430,726,296
2024-25,Cut,22024,1610612760,OKC,Oklahoma City Thunder,Offensive,0.759,82,0.077,1.34,0.671,0.14,0.047,0.139,0.034,0.671,0.671,706,946,401,598,197
2024-25,Cut,22024,1610612753,ORL,Orlando Magic,Offensive,0.517,82,0.077,1.305,0.662,0.168,0.061,0.165,0.049,0.659,0.662,689,899,374,565,191
2024-25,Cut,22024,1610612752,NYK,New York Knicks,Offensive,0.414,82,0.076,1.293,0.671,0.095,0.054,0.095,0.023,0.65,0.671,682,882,400,596,196
2024-25,Cut,22024,1610612742,DAL,Dallas Mavericks,Offensive,0.793,82,0.071,1.347,0.71,0.166,0.062,0.16,0.028,0.698,0.71,643,866,365,514,149
2024-25,Cut,22024,1610612747,LAL,Los Angeles Lakers,Offensive,0.828,82,0.07,1.35,0.7,0.155,0.05,0.149,0.037,0.69,0.7,625,844,364,520,156
2024-25,Cut,22024,1610612763,MEM,Memphis Grizzlies,Offensive,0.345,82,0.068,1.272,0.639,0.124,0.05,0.123,0.042,0.632,0.639,661,841,367,574,207
2024-25,Cut,22024,1610612762,UTA,Utah Jazz,Offensive,0.552,82,0.068,1.31,0.659,0.187,0.057,0.176,0.055,0.654,0.659,636,833,340,516,176
2024-25,Cut,22024,1610612746,LAC,LA Clippers,Offensive,0.862,82,0.066,1.358,0.684,0.109,0.027,0.106,0.036,0.681,0.684,587,797,361,528,167
2024-25,Cut,22024,1610612748,MIA,Miami Heat,Offensive,0.276,82,0.07,1.264,0.645,0.118,0.054,0.115,0.029,0.637,0.645,625,790,345,535,190
2024-25,Cut,22024,1610612745,HOU,Houston Rockets,Offensive,0.207,82,0.065,1.252,0.639,0.127,0.042,0.125,0.029,0.638,0.639,622,779,342,535,193
2024-25,Cut,22024,1610612758,SAC,Sacramento Kings,Offensive,0.448,82,0.065,1.298,0.662,0.159,0.066,0.157,0.047,0.653,0.662,593,770,323,488,165
2024-25,Cut,22024,1610612765,DET,Detroit Pistons,Offensive,0.724,82,0.062,1.339,0.701,0.176,0.054,0.171,0.037,0.691,0.701,573,767,324,462,138
2024-25,Cut,22024,1610612756,PHX,Phoenix Suns,Offensive,0.138,82,0.068,1.228,0.637,0.121,0.064,0.115,0.02,0.621,0.637,610,749,324,509,185
2024-25,Cut,22024,1610612740,NOP,New Orleans Pelicans,Offensive,0.069,82,0.067,1.176,0.606,0.139,0.074,0.138,0.038,0.595,0.606,624,734,312,515,203
2024-25,Cut,22024,1610612754,IND,Indiana Pacers,Offensive,0.655,82,0.06,1.335,0.678,0.159,0.042,0.156,0.038,0.678,0.678,546,729,310,457,147
2024-25,Cut,22024,1610612764,WAS,Washington Wizards,Offensive,0.172,82,0.063,1.243,0.634,0.137,0.065,0.132,0.032,0.624,0.634,585,727,308,486,178
2024-25,Cut,22024,1610612738,BOS,Boston Celtics,Offensive,0.897,82,0.059,1.364,0.699,0.132,0.043,0.13,0.015,0.696,0.699,530,723,311,445,134
2024-25,Cut,22024,1610612766,CHA,Charlotte Hornets,Offensive,0.241,82,0.062,1.255,0.656,0.169,0.082,0.162,0.049,0.632,0.656,573,719,300,457,157
2024-25,Cut,22024,1610612759,SAS,San Antonio Spurs,Offensive,0.483,82,0.06,1.301,0.666,0.139,0.056,0.138,0.042,0.652,0.666,552,718,311,467,156
2024-25,Cut,22024,1610612749,MIL,Milwaukee Bucks,Offensive,0.621,82,0.06,1.333,0.683,0.145,0.058,0.134,0.03,0.677,0.683,538,717,304,445,141
2024-25,Cut,22024,1610612750,MIN,Minnesota Timberwolves,Offensive,0.69,82,0.059,1.338,0.686,0.141,0.049,0.137,0.034,0.677,0.686,532,712,308,449,141
2024-25,Cut,22024,1610612741,CHI,Chicago Bulls,Offensive,0.966,82,0.054,1.389,0.702,0.138,0.047,0.134,0.041,0.694,0.702,509,707,306,436,130
2024-25,Cut,22024,1610612751,BKN,Brooklyn Nets,Offensive,0.103,82,0.064,1.218,0.627,0.102,0.049,0.1,0.026,0.616,0.627,570,694,313,499,186
2024-25,Cut,22024,1610612755,PHI,Philadelphia 76ers,Offensive,0.586,82,0.051,1.326,0.661,0.182,0.05,0.168,0.046,0.661,0.661,457,606,246,372,126
2024-25,Cut,22024,1610612757,POR,Portland Trail Blazers,Offensive,0,82,0.051,1.144,0.606,0.132,0.097,0.128,0.035,0.579,0.606,485,555,237,391,154
2024-25,OffScreen,22024,1610612744,GSW,Golden State Warriors,Offensive,0.793,82,0.077,1.052,0.387,0.058,0.061,0.052,0.013,0.39,0.535,710,747,246,635,389
2024-25,OffScreen,22024,1610612762,UTA,Utah Jazz,Offensive,0.552,82,0.065,0.982,0.385,0.061,0.067,0.054,0.015,0.386,0.499,609,598,208,540,332
2024-25,OffScreen,22024,1610612756,PHX,Phoenix Suns,Offensive,0.966,82,0.054,1.121,0.476,0.094,0.077,0.081,0.013,0.478,0.572,479,537,192,403,211
2024-25,OffScreen,22024,1610612750,MIN,Minnesota Timberwolves,Offensive,0.643,82,0.049,1,0.416,0.104,0.117,0.102,0.029,0.411,0.525,443,443,149,358,209
2024-25,OffScreen,22024,1610612765,DET,Detroit Pistons,Offensive,0.724,82,0.046,1.021,0.384,0.047,0.049,0.044,0.016,0.379,0.521,430,439,152,396,244
2024-25,OffScreen,22024,1610612743,DEN,Denver Nuggets,Offensive,0.276,82,0.047,0.952,0.398,0.05,0.073,0.039,0.011,0.388,0.496,438,417,155,389,234
2024-25,OffScreen,22024,1610612738,BOS,Boston Celtics,Offensive,0.897,82,0.04,1.106,0.434,0.045,0.058,0.042,0.008,0.426,0.571,359,397,141,325,184
2024-25,OffScreen,22024,1610612761,TOR,Toronto Raptors,Offensive,0.448,82,0.041,0.962,0.407,0.069,0.085,0.067,0.023,0.4,0.499,390,375,138,339,201
2024-25,OffScreen,22024,1610612748,MIA,Miami Heat,Offensive,0.69,82,0.041,1.008,0.399,0.083,0.061,0.074,0.006,0.421,0.49,363,366,125,313,188
2024-25,OffScreen,22024,1610612740,NOP,New Orleans Pelicans,Offensive,0.207,82,0.042,0.918,0.378,0.052,0.067,0.044,0.005,0.379,0.471,388,356,130,344,214
2024-25,OffScreen,22024,1610612766,CHA,Charlotte Hornets,Offensive,0.034,82,0.042,0.873,0.352,0.062,0.096,0.057,0.016,0.349,0.452,387,338,117,332,215
2024-25,OffScreen,22024,1610612747,LAL,Los Angeles Lakers,Offensive,0.828,82,0.035,1.074,0.414,0.09,0.048,0.08,0.013,0.433,0.531,312,335,113,273,160
2024-25,OffScreen,22024,1610612764,WAS,Washington Wizards,Offensive,0.414,82,0.038,0.957,0.402,0.077,0.094,0.06,0.017,0.4,0.49,350,335,119,296,177
2024-25,OffScreen,22024,1610612752,NYK,New York Knicks,Offensive,0.483,82,0.038,0.962,0.418,0.07,0.07,0.07,0.029,0.409,0.495,342,329,127,304,177
2024-25,OffScreen,22024,1610612751,BKN,Brooklyn Nets,Offensive,0.643,82,0.034,1,0.376,0.07,0.046,0.063,0.013,0.394,0.494,302,302,102,271,169
2024-25,OffScreen,22024,1610612742,DAL,Dallas Mavericks,Offensive,0.241,82,0.033,0.947,0.386,0.08,0.083,0.073,0.023,0.382,0.481,301,285,100,259,159
2024-25,OffScreen,22024,1610612759,SAS,San Antonio Spurs,Offensive,0.759,82,0.03,1.022,0.428,0.074,0.092,0.07,0.007,0.426,0.535,272,278,98,229,131
2024-25,OffScreen,22024,1610612763,MEM,Memphis Grizzlies,Offensive,0.862,82,0.026,1.097,0.488,0.089,0.097,0.081,0.028,0.468,0.579,248,272,102,209,107
2024-25,OffScreen,22024,1610612739,CLE,Cleveland Cavaliers,Offensive,0.345,82,0.03,0.956,0.387,0.066,0.088,0.055,0.011,0.383,0.496,274,262,91,235,144
2024-25,OffScreen,22024,1610612757,POR,Portland Trail Blazers,Offensive,0.069,82,0.031,0.875,0.377,0.088,0.098,0.085,0.024,0.369,0.466,295,258,93,247,154
2024-25,OffScreen,22024,1610612760,OKC,Oklahoma City Thunder,Offensive,0.517,82,0.027,0.972,0.407,0.043,0.079,0.04,0.016,0.391,0.507,253,246,92,226,134
2024-25,OffScreen,22024,1610612755,PHI,Philadelphia 76ers,Offensive,0.138,82,0.03,0.895,0.381,0.04,0.095,0.04,0.004,0.367,0.473,275,246,91,239,148
2024-25,OffScreen,22024,1610612737,ATL,Atlanta Hawks,Offensive,0.103,82,0.029,0.878,0.367,0.09,0.1,0.068,0.011,0.38,0.439,279,245,84,229,145
2024-25,OffScreen,22024,1610612758,SAC,Sacramento Kings,Offensive,0.931,82,0.024,1.12,0.436,0.065,0.032,0.065,0.028,0.442,0.55,217,243,88,202,114
2024-25,OffScreen,22024,1610612754,IND,Indiana Pacers,Offensive,1,82,0.022,1.193,0.46,0.099,0.054,0.094,0.025,0.47,0.602,202,241,81,176,95
2024-25,OffScreen,22024,1610612746,LAC,LA Clippers,Offensive,0.31,82,0.028,0.952,0.416,0.103,0.083,0.095,0.016,0.429,0.476,252,240,87,209,122
2024-25,OffScreen,22024,1610612753,ORL,Orlando Magic,Offensive,0,82,0.032,0.776,0.339,0.031,0.1,0.031,0.007,0.321,0.415,290,225,86,254,168
2024-25,OffScreen,22024,1610612741,CHI,Chicago Bulls,Offensive,0.172,82,0.025,0.903,0.362,0.055,0.084,0.055,0.008,0.361,0.469,238,215,75,207,132
2024-25,OffScreen,22024,1610612745,HOU,Houston Rockets,Offensive,0.379,82,0.022,0.957,0.383,0.039,0.068,0.039,0.014,0.372,0.5,207,198,72,188,116
2024-25,OffScreen,22024,1610612749,MIL,Milwaukee Bucks,Offensive,0.586,82,0.021,0.984,0.377,0.032,0.043,0.032,0.011,0.374,0.506,187,184,66,175,109
2024-25,OffRebound,22024,1610612745,HOU,Houston Rockets,Offensive,0.276,82,0.072,1.063,0.554,0.128,0.079,0.121,0.022,0.546,0.556,685,728,309,558,249
2024-25,OffRebound,22024,1610612757,POR,Portland Trail Blazers,Offensive,0.586,82,0.066,1.106,0.583,0.121,0.084,0.117,0.029,0.564,0.588,622,688,299,513,214
2024-25,OffRebound,22024,1610612743,DEN,Denver Nuggets,Offensive,0.828,82,0.062,1.134,0.578,0.134,0.054,0.131,0.03,0.58,0.58,574,651,279,483,204
2024-25,OffRebound,22024,1610612765,DET,Detroit Pistons,Offensive,0.724,82,0.06,1.123,0.56,0.103,0.064,0.098,0.023,0.554,0.569,561,630,269,480,211
2024-25,OffRebound,22024,1610612762,UTA,Utah Jazz,Offensive,0.517,82,0.061,1.092,0.576,0.123,0.102,0.116,0.038,0.539,0.578,577,630,270,469,199
2024-25,OffRebound,22024,1610612740,NOP,New Orleans Pelicans,Offensive,0.621,82,0.061,1.11,0.554,0.163,0.069,0.156,0.032,0.569,0.56,564,626,250,451,201
2024-25,OffRebound,22024,1610612763,MEM,Memphis Grizzlies,Offensive,0.793,82,0.057,1.129,0.574,0.128,0.082,0.118,0.026,0.565,0.581,549,620,257,448,191
2024-25,OffRebound,22024,1610612750,MIN,Minnesota Timberwolves,Offensive,0.897,82,0.058,1.158,0.572,0.187,0.06,0.172,0.036,0.585,0.577,530,614,239,418,179
2024-25,OffRebound,22024,1610612761,TOR,Toronto Raptors,Offensive,0.241,82,0.061,1.057,0.537,0.109,0.078,0.106,0.014,0.537,0.543,577,610,256,477,221
2024-25,OffRebound,22024,1610612752,NYK,New York Knicks,Offensive,0.862,82,0.056,1.135,0.602,0.113,0.111,0.109,0.024,0.571,0.606,503,571,242,402,160
2024-25,OffRebound,22024,1610612737,ATL,Atlanta Hawks,Offensive,0.036,82,0.058,1.014,0.514,0.109,0.074,0.094,0.022,0.509,0.519,552,560,238,463,225
2024-25,OffRebound,22024,1610612758,SAC,Sacramento Kings,Offensive,0.931,82,0.052,1.163,0.583,0.125,0.077,0.109,0.038,0.57,0.593,479,557,233,400,167
2024-25,OffRebound,22024,1610612764,WAS,Washington Wizards,Offensive,0.172,82,0.056,1.049,0.545,0.101,0.087,0.093,0.023,0.52,0.553,527,553,240,440,200
2024-25,OffRebound,22024,1610612766,CHA,Charlotte Hornets,Offensive,0.414,82,0.053,1.089,0.556,0.118,0.089,0.11,0.037,0.535,0.564,492,536,227,408,181
2024-25,OffRebound,22024,1610612753,ORL,Orlando Magic,Offensive,0.448,82,0.055,1.09,0.571,0.151,0.088,0.139,0.024,0.559,0.577,490,534,220,385,165
2024-25,OffRebound,22024,1610612751,BKN,Brooklyn Nets,Offensive,0.31,82,0.055,1.075,0.538,0.116,0.069,0.11,0.016,0.541,0.544,492,529,220,409,189
2024-25,OffRebound,22024,1610612746,LAC,LA Clippers,Offensive,0.379,82,0.054,1.087,0.554,0.093,0.073,0.089,0.027,0.539,0.56,482,524,230,415,185
2024-25,OffRebound,22024,1610612755,PHI,Philadelphia 76ers,Offensive,0.138,82,0.055,1.04,0.539,0.123,0.091,0.117,0.022,0.532,0.544,494,514,215,399,184
2024-25,OffRebound,22024,1610612759,SAS,San Antonio Spurs,Offensive,0.207,82,0.05,1.054,0.543,0.106,0.085,0.1,0.026,0.527,0.551,461,486,209,385,176
2024-25,OffRebound,22024,1610612742,DAL,Dallas Mavericks,Offensive,0.966,82,0.043,1.223,0.647,0.134,0.089,0.134,0.033,0.613,0.656,395,483,207,320,113
2024-25,OffRebound,22024,1610612744,GSW,Golden State Warriors,Offensive,0,82,0.053,0.955,0.488,0.107,0.081,0.099,0.026,0.482,0.494,494,472,202,414,212
2024-25,OffRebound,22024,1610612749,MIL,Milwaukee Bucks,Offensive,1,82,0.04,1.223,0.621,0.128,0.067,0.123,0.036,0.601,0.638,358,438,187,301,114
2024-25,OffRebound,22024,1610612741,CHI,Chicago Bulls,Offensive,0.345,82,0.043,1.081,0.542,0.099,0.067,0.086,0.022,0.541,0.546,405,438,188,347,159
2024-25,OffRebound,22024,1610612747,LAL,Los Angeles Lakers,Offensive,0.69,82,0.044,1.121,0.568,0.108,0.067,0.095,0.023,0.567,0.576,388,435,187,329,142
2024-25,OffRebound,22024,1610612739,CLE,Cleveland Cavaliers,Offensive,0.552,82,0.043,1.096,0.58,0.134,0.103,0.123,0.028,0.554,0.584,397,435,182,314,132
2024-25,OffRebound,22024,1610612754,IND,Indiana Pacers,Offensive,0.483,82,0.044,1.09,0.55,0.12,0.08,0.118,0.025,0.541,0.559,399,435,181,329,148
2024-25,OffRebound,22024,1610612748,MIA,Miami Heat,Offensive,0.103,82,0.047,1.024,0.516,0.131,0.069,0.126,0.019,0.53,0.519,419,429,177,343,166
2024-25,OffRebound,22024,1610612738,BOS,Boston Celtics,Offensive,0.036,82,0.046,1.014,0.519,0.104,0.097,0.097,0.024,0.505,0.525,414,420,177,341,164
2024-25,OffRebound,22024,1610612760,OKC,Oklahoma City Thunder,Offensive,0.655,82,0.036,1.114,0.583,0.087,0.093,0.078,0.015,0.556,0.595,333,371,162,278,116
2024-25,OffRebound,22024,1610612756,PHX,Phoenix Suns,Offensive,0.759,82,0.037,1.125,0.6,0.112,0.097,0.109,0.015,0.578,0.602,329,370,159,265,106
2024-25,Misc,22024,1610612754,IND,Indiana Pacers,Offensive,0.966,82,0.055,0.585,0.458,0.198,0.531,0.024,0.012,0.305,0.507,501,293,65,142,77
2024-25,Misc,22024,1610612739,CLE,Cleveland Cavaliers,Offensive,1,82,0.047,0.657,0.457,0.276,0.49,0.03,0.009,0.362,0.5,431,283,48,105,57
2024-25,Misc,22024,1610612753,ORL,Orlando Magic,Offensive,0.897,82,0.057,0.55,0.409,0.209,0.533,0.02,0.002,0.3,0.451,507,279,54,132,78
2024-25,Misc,22024,1610612737,ATL,Atlanta Hawks,Offensive,0.931,82,0.053,0.552,0.351,0.233,0.504,0.022,0.004,0.311,0.384,502,277,47,134,87
2024-25,Misc,22024,1610612743,DEN,Denver Nuggets,Offensive,0.759,82,0.057,0.514,0.3,0.212,0.531,0.03,0.006,0.276,0.332,533,274,42,140,98
2024-25,Misc,22024,1610612763,MEM,Memphis Grizzlies,Offensive,0.724,82,0.055,0.511,0.368,0.197,0.522,0.039,0.009,0.283,0.403,534,273,57,155,98
2024-25,Misc,22024,1610612744,GSW,Golden State Warriors,Offensive,0.379,82,0.06,0.488,0.382,0.209,0.599,0.02,0.005,0.263,0.455,559,273,42,110,68
2024-25,Misc,22024,1610612747,LAL,Los Angeles Lakers,Offensive,0.414,82,0.06,0.492,0.336,0.213,0.578,0.021,0.009,0.266,0.371,531,261,39,116,77
2024-25,Misc,22024,1610612742,DAL,Dallas Mavericks,Offensive,0.862,82,0.051,0.545,0.405,0.219,0.549,0.021,0.006,0.296,0.459,466,254,45,111,66
2024-25,Misc,22024,1610612749,MIL,Milwaukee Bucks,Offensive,0.793,82,0.053,0.535,0.43,0.199,0.596,0.032,0.006,0.279,0.48,473,253,43,100,57
2024-25,Misc,22024,1610612757,POR,Portland Trail Blazers,Offensive,0.552,82,0.053,0.499,0.401,0.166,0.553,0.036,0.004,0.265,0.426,499,249,57,142,85
2024-25,Misc,22024,1610612755,PHI,Philadelphia 76ers,Offensive,0.69,82,0.054,0.507,0.306,0.233,0.524,0.029,0.004,0.288,0.326,489,248,37,121,84
2024-25,Misc,22024,1610612765,DET,Detroit Pistons,Offensive,0.172,82,0.06,0.431,0.355,0.181,0.603,0.025,0.002,0.241,0.393,557,240,43,121,78
2024-25,Misc,22024,1610612745,HOU,Houston Rockets,Offensive,0.517,82,0.05,0.499,0.32,0.237,0.499,0.017,0.006,0.283,0.34,473,236,41,128,87
2024-25,Misc,22024,1610612762,UTA,Utah Jazz,Offensive,0.103,82,0.06,0.416,0.393,0.138,0.619,0.027,0.005,0.212,0.432,565,235,55,140,85
2024-25,Misc,22024,1610612740,NOP,New Orleans Pelicans,Offensive,0.621,82,0.05,0.501,0.445,0.158,0.595,0.032,0.009,0.257,0.508,467,234,53,119,66
2024-25,Misc,22024,1610612751,BKN,Brooklyn Nets,Offensive,0.207,82,0.058,0.445,0.358,0.184,0.608,0.015,0.002,0.246,0.422,521,232,39,109,70
2024-25,Misc,22024,1610612756,PHX,Phoenix Suns,Offensive,0.586,82,0.051,0.5,0.356,0.225,0.577,0.018,0,0.286,0.394,454,227,32,90,58
2024-25,Misc,22024,1610612759,SAS,San Antonio Spurs,Offensive,0.655,82,0.048,0.507,0.372,0.186,0.545,0.014,0.007,0.277,0.409,440,223,45,121,76
2024-25,Misc,22024,1610612764,WAS,Washington Wizards,Offensive,0.138,82,0.056,0.429,0.294,0.176,0.562,0.023,0,0.237,0.313,518,222,40,136,96
2024-25,Misc,22024,1610612738,BOS,Boston Celtics,Offensive,0.483,82,0.049,0.497,0.37,0.198,0.558,0.014,0.002,0.271,0.444,439,218,40,108,68
2024-25,Misc,22024,1610612741,CHI,Chicago Bulls,Offensive,0.448,82,0.045,0.495,0.429,0.17,0.599,0.012,0,0.267,0.495,424,210,42,98,56
2024-25,Misc,22024,1610612758,SAC,Sacramento Kings,Offensive,0.276,82,0.048,0.472,0.402,0.158,0.585,0.027,0.007,0.242,0.449,443,209,47,117,70
2024-25,Misc,22024,1610612750,MIN,Minnesota Timberwolves,Offensive,0.345,82,0.048,0.472,0.327,0.194,0.569,0.023,0.002,0.267,0.346,434,205,34,104,70
2024-25,Misc,22024,1610612760,OKC,Oklahoma City Thunder,Offensive,0.828,82,0.041,0.539,0.439,0.179,0.544,0.013,0.008,0.293,0.491,375,202,47,107,60
2024-25,Misc,22024,1610612752,NYK,New York Knicks,Offensive,0.241,82,0.048,0.464,0.352,0.182,0.584,0.041,0.014,0.248,0.375,435,202,38,108,70
2024-25,Misc,22024,1610612766,CHA,Charlotte Hornets,Offensive,0.034,82,0.057,0.384,0.31,0.162,0.601,0.025,0.004,0.208,0.345,524,201,39,126,87
2024-25,Misc,22024,1610612748,MIA,Miami Heat,Offensive,0.31,82,0.047,0.472,0.38,0.188,0.595,0.031,0.005,0.255,0.402,415,196,35,92,57
2024-25,Misc,22024,1610612746,LAC,LA Clippers,Offensive,0.069,82,0.053,0.412,0.449,0.171,0.67,0.023,0.006,0.23,0.481,473,195,35,78,43
2024-25,Misc,22024,1610612761,TOR,Toronto Raptors,Offensive,0,82,0.054,0.363,0.306,0.152,0.621,0.03,0.012,0.195,0.343,507,184,37,121,84
