SEASON,PLAYER_ID,PLAYER_NAME,TEAM_ID,TEAM_ABBREVIATION,GP,W,L,MIN,CATCH_SHOOT_FGM,CATCH_SHOOT_FGA,CATCH_SHOOT_FG_PCT,CATCH_SHOOT_PTS,CATCH_SHOOT_FG3M,CATCH_SHOOT_FG3A,CATCH_SHOOT_FG3_PCT,CATCH_SHOOT_EFG_PCT
2015-16,201166,Aaron Brooks,1610612741,CHI,69,36,33,1108,35,86,0.407,105,35,82,0.427,0.61
2015-16,203932,Aaron Gordon,1610612753,ORL,78,32,46,1863,50,161,0.311,140,40,131,0.305,0.435
2015-16,1626151,Aaron Harrison,1610612766,CHA,21,15,6,93,3,13,0.231,9,3,10,0.3,0.346
2015-16,203940,Adreian Payne,1610612750,MIN,52,18,34,486,17,48,0.354,41,7,24,0.292,0.427
2015-16,201143,Al Horford,1610612737,ATL,82,48,34,2631,210,510,0.412,507,87,248,0.351,0.497
2015-16,2744,Al Jefferson,1610612766,CHA,47,33,14,1096,48,102,0.471,96,,,,0.471
2015-16,202329,Al-Farouq Aminu,1610612757,POR,82,44,38,2341,130,353,0.368,378,118,325,0.363,0.535
2015-16,101187,Alan Anderson,1610612764,WAS,13,8,5,192,12,33,0.364,35,11,32,0.344,0.53
2015-16,1626210,Alan Williams,1610612756,PHX,10,3,7,68,0,0,,0,,,,
2015-16,202692,Alec Burks,1610612762,UTA,31,13,18,797,21,54,0.389,61,19,47,0.404,0.565
2015-16,203458,Alex Len,1610612756,PHX,78,23,55,1821,56,162,0.346,113,1,6,0.167,0.349
2015-16,1627293,Alex Stepheson,1610612763,MEM,8,2,6,72,1,2,0.5,2,,,,0.5
2015-16,201582,Alexis Ajinca,1610612740,NOP,59,20,39,861,51,122,0.418,102,0,1,0,0.418
2015-16,203459,Allen Crabbe,1610612757,POR,81,43,38,2105,136,324,0.42,380,108,263,0.411,0.586
2015-16,202087,Alonzo Gee,1610612740,NOP,73,27,46,1632,20,65,0.308,56,16,55,0.291,0.431
2015-16,2405,Amar'e Stoudemire,1610612748,MIA,52,30,22,762,15,35,0.429,30,,,,0.429
2015-16,101161,Amir Johnson,1610612738,BOS,79,45,34,1800,13,49,0.265,35,9,38,0.237,0.357
2015-16,2760,Anderson Varejao,1610612744,GSW,53,41,12,496,16,44,0.364,32,0,1,0,0.364
2015-16,203083,Andre Drummond,1610612765,DET,81,43,38,2665,9,20,0.45,18,0,1,0,0.45
2015-16,2738,Andre Iguodala,1610612744,GSW,65,59,6,1732,52,133,0.391,152,48,118,0.407,0.571
2015-16,1889,Andre Miller,1610612759,SAS,39,20,19,461,3,6,0.5,8,2,4,0.5,0.667
2015-16,203460,Andre Roberson,1610612760,OKC,70,48,22,1553,30,98,0.306,90,30,97,0.309,0.459
2015-16,200745,Andrea Bargnani,1610612751,BKN,46,11,35,634,72,165,0.436,147,3,15,0.2,0.445
2015-16,101106,Andrew Bogut,1610612744,GSW,70,62,8,1451,2,9,0.222,4,0,0,,0.222
2015-16,202726,Andrew Goudelock,1610612745,HOU,8,5,3,50,0,3,0,0,0,3,0,0
2015-16,203094,Andrew Nicholson,1610612753,ORL,56,22,34,823,42,119,0.353,123,39,107,0.364,0.517
2015-16,203952,Andrew Wiggins,1610612750,MIN,81,29,52,2845,71,197,0.36,187,45,133,0.338,0.475
2015-16,203461,Anthony Bennett,1610612761,TOR,19,12,7,84,3,13,0.231,9,3,13,0.231,0.346
2015-16,1626148,Anthony Brown,1610612747,LAL,29,4,25,599,22,78,0.282,63,19,65,0.292,0.404
2015-16,203076,Anthony Davis,1610612740,NOP,61,24,37,2164,136,320,0.425,305,33,99,0.333,0.477
2015-16,201627,Anthony Morrow,1610612760,OKC,68,46,22,926,77,200,0.385,222,68,181,0.376,0.555
2015-16,201229,Anthony Tolliver,1610612765,DET,72,36,36,1341,101,280,0.361,298,96,264,0.364,0.532
2015-16,203462,Archie Goodwin,1610612756,PHX,57,14,43,1114,18,61,0.295,49,13,54,0.241,0.402
2015-16,203382,Aron Baynes,1610612765,DET,81,43,38,1233,35,85,0.412,70,0,2,0,0.412
2015-16,201167,Arron Afflalo,1610612752,NYK,71,27,44,2371,123,301,0.409,322,76,198,0.384,0.535
2015-16,203085,Austin Rivers,1610612746,LAC,67,42,25,1464,47,123,0.382,140,46,121,0.38,0.569
2015-16,202340,Avery Bradley,1610612738,BOS,76,45,31,2536,166,453,0.366,446,114,314,0.363,0.492
2015-16,1626253,Axel Toupane,1610612743,DEN,21,9,12,305,15,46,0.326,43,13,40,0.325,0.467
2015-16,203463,Ben McLemore,1610612758,SAC,68,28,40,1443,72,197,0.365,204,60,164,0.366,0.518
2015-16,2757,Beno Udrih,1610612763,MEM,44,26,18,708,18,46,0.391,50,14,35,0.4,0.543
2015-16,202687,Bismack Biyombo,1610612761,TOR,82,56,26,1808,12,31,0.387,24,0,0,,0.387
2015-16,201933,Blake Griffin,1610612746,LAC,35,22,13,1170,91,219,0.416,186,4,10,0.4,0.425
2015-16,1626246,Boban Marjanovic,1610612759,SAS,54,47,7,508,8,17,0.471,16,,,,0.471
2015-16,1626171,Bobby Portis Jr.,1610612741,CHI,62,29,33,1102,54,128,0.422,123,15,45,0.333,0.48
2015-16,202711,Bojan Bogdanovic,1610612751,BKN,79,21,58,2115,122,308,0.396,355,111,287,0.387,0.576
2015-16,2564,Boris Diaw,1610612759,SAS,76,64,12,1386,34,91,0.374,91,23,64,0.359,0.5
2015-16,203078,Bradley Beal,1610612764,WAS,55,28,27,1708,89,230,0.387,248,70,183,0.383,0.539
2015-16,201148,Brandan Wright,1610612763,MEM,12,6,6,212,3,6,0.5,6,,,,0.5
2015-16,1626183,Branden Dawson,1610612746,LAC,6,5,1,29,0,0,,0,,,,
2015-16,101138,Brandon Bass,1610612747,LAL,66,16,50,1342,23,55,0.418,46,0,0,,0.418
2015-16,201943,Brandon Jennings,1610612753,ORL,48,20,28,868,31,75,0.413,91,29,71,0.408,0.607
2015-16,202688,Brandon Knight,1610612756,PHX,52,16,36,1870,60,175,0.343,177,57,154,0.37,0.506
2015-16,201575,Brandon Rush,1610612744,GSW,72,63,9,1055,62,146,0.425,182,58,139,0.417,0.623
2015-16,203148,Brian Roberts,1610612757,POR,51,26,25,470,13,35,0.371,36,10,26,0.385,0.514
2015-16,1627362,Briante Weber,1610612748,MIA,7,3,4,169,0,3,0,0,0,3,0,0
2015-16,201572,Brook Lopez,1610612751,BKN,73,21,52,2457,123,276,0.446,248,2,14,0.143,0.449
2015-16,203998,Bruno Caboclo,1610612761,TOR,6,6,0,43,1,7,0.143,3,1,6,0.167,0.214
2015-16,203955,Bryce Cotton,1610612763,MEM,8,1,7,39,0,3,0,0,0,3,0,0
2015-16,1626214,Bryce Dejean-Jones,1610612740,NOP,14,8,6,279,8,27,0.296,24,8,27,0.296,0.444
2015-16,201228,C.J. Watson,1610612753,ORL,33,14,19,656,15,45,0.333,42,12,37,0.324,0.467
2015-16,203912,C.J. Wilcox,1610612746,LAC,23,15,8,167,12,29,0.414,32,8,19,0.421,0.552
2015-16,203468,CJ McCollum,1610612757,POR,80,44,36,2780,138,327,0.422,405,129,297,0.434,0.619
2015-16,101139,CJ Miles,1610612754,IND,64,34,30,1464,127,338,0.376,373,119,317,0.375,0.552
2015-16,203946,Cameron Bairstow,1610612765,DET,18,4,14,103,6,18,0.333,13,1,5,0.2,0.361
2015-16,1626166,Cameron Payne,1610612760,OKC,57,44,13,698,27,79,0.342,81,27,75,0.36,0.513
2015-16,201171,Carl Landry,1610612755,PHI,36,5,31,569,53,107,0.495,112,6,13,0.462,0.523
2015-16,2546,Carmelo Anthony,1610612752,NYK,72,32,40,2530,130,319,0.408,330,70,184,0.38,0.517
2015-16,2406,Caron Butler,1610612758,SAC,17,2,15,176,11,31,0.355,25,3,18,0.167,0.403
2015-16,202718,Chandler Parsons,1610612742,DAL,61,29,32,1799,95,228,0.417,272,82,191,0.429,0.596
2015-16,101112,Channing Frye,1610612739,CLE,70,35,35,1199,101,255,0.396,292,90,230,0.391,0.573
2015-16,101111,Charlie Villanueva,1610612742,DAL,62,29,33,665,46,172,0.267,133,41,160,0.256,0.387
2015-16,201978,Chase Budinger,1610612756,PHX,66,29,37,930,27,96,0.281,77,23,84,0.274,0.401
2015-16,2365,Chris Andersen,1610612763,MEM,27,11,16,403,4,17,0.235,11,3,11,0.273,0.324
2015-16,2547,Chris Bosh,1610612748,MIA,53,29,24,1778,153,366,0.418,384,78,212,0.368,0.525
2015-16,203142,Chris Copeland,1610612749,MIL,24,10,14,156,10,36,0.278,30,10,34,0.294,0.417
2015-16,203187,Chris Johnson,1610612762,UTA,70,38,32,857,27,94,0.287,78,24,87,0.276,0.415
2015-16,2549,Chris Kaman,1610612757,POR,16,11,5,112,10,22,0.455,21,1,3,0.333,0.477
2015-16,1626191,Chris McCullough,1610612751,BKN,24,7,17,362,18,51,0.353,48,12,33,0.364,0.471
2015-16,101108,Chris Paul,1610612746,LAC,74,50,24,2420,46,100,0.46,130,38,87,0.437,0.65
2015-16,1626174,Christian Wood,1610612755,PHI,17,0,17,145,5,15,0.333,14,4,9,0.444,0.467
2015-16,101236,Chuck Hayes,1610612746,LAC,2,1,1,24,0,0,,0,,,,
2015-16,203921,Cleanthony Early,1610612752,NYK,17,6,11,154,5,18,0.278,14,4,13,0.308,0.389
2015-16,1626146,Cliff Alexander,1610612757,POR,8,3,5,36,0,2,0,0,,,,0
2015-16,203991,Clint Capela,1610612745,HOU,77,39,38,1471,0,1,0,0,0,0,,0
2015-16,203469,Cody Zeller,1610612766,CHA,73,42,31,1774,20,69,0.29,41,1,9,0.111,0.297
2015-16,202332,Cole Aldrich,1610612746,LAC,60,41,19,800,0,0,,0,,,,
2015-16,201147,Corey Brewer,1610612745,HOU,82,41,41,1669,65,218,0.298,188,58,198,0.293,0.431
2015-16,203928,Cory Jefferson,1610612756,PHX,8,2,6,50,0,3,0,0,0,1,0,0
2015-16,202709,Cory Joseph,1610612761,TOR,80,54,26,2046,35,100,0.35,100,30,91,0.33,0.5
2015-16,1626262,Coty Clarke,1610612738,BOS,3,0,3,6,2,2,1,6,2,2,1,1.5
2015-16,201584,Courtney Lee,1610612766,CHA,79,49,30,2334,105,264,0.398,291,81,205,0.395,0.551
2015-16,1626245,Cristiano Felicio,1610612741,CHI,31,14,17,321,9,19,0.474,18,0,3,0,0.474
2015-16,1626156,D'Angelo Russell,1610612747,LAL,80,17,63,2259,93,249,0.373,268,82,229,0.358,0.538
2015-16,201571,D.J. Augustin,1610612743,DEN,62,35,27,1178,34,82,0.415,102,34,80,0.425,0.622
2015-16,2563,Dahntay Jones,1610612739,CLE,1,0,1,42,1,3,0.333,3,1,2,0.5,0.5
2015-16,203081,Damian Lillard,1610612757,POR,75,40,35,2676,104,259,0.402,304,96,233,0.412,0.587
2015-16,203996,Damien Inglis,1610612749,MIL,20,5,15,156,2,12,0.167,6,2,10,0.2,0.25
2015-16,204014,Damjan Rudez,1610612750,MIN,33,9,24,277,17,47,0.362,51,17,47,0.362,0.543
2015-16,201568,Danilo Gallinari,1610612743,DEN,53,22,31,1839,88,220,0.4,247,71,173,0.41,0.561
2015-16,201980,Danny Green,1610612759,SAS,79,65,14,2062,120,343,0.35,347,107,305,0.351,0.506
2015-16,201967,Dante Cunningham,1610612740,NOP,80,28,52,1971,81,220,0.368,217,55,173,0.318,0.493
2015-16,201589,Darrell Arthur,1610612743,DEN,70,26,44,1516,125,285,0.439,293,43,113,0.381,0.514
2015-16,201954,Darren Collison,1610612758,SAC,74,29,45,2219,70,164,0.427,203,63,144,0.438,0.619
2015-16,1626199,Darrun Hilliard,1610612765,DET,38,17,21,383,18,48,0.375,53,17,43,0.395,0.552
2015-16,101135,David Lee,1610612742,DAL,55,27,28,903,7,19,0.368,14,0,1,0,0.368
2015-16,2561,David West,1610612759,SAS,78,63,15,1404,99,194,0.51,201,3,6,0.5,0.518
2015-16,201599,DeAndre Jordan,1610612746,LAC,77,51,26,2598,0,3,0,0,0,1,0,0
2015-16,201971,DeJuan Blair,1610612764,WAS,29,12,17,218,7,20,0.35,14,0,0,,0.35
2015-16,201942,DeMar DeRozan,1610612761,TOR,78,53,25,2804,66,188,0.351,171,39,91,0.429,0.455
2015-16,202326,DeMarcus Cousins,1610612758,SAC,65,29,36,2246,109,301,0.362,281,63,186,0.339,0.467
2015-16,201960,DeMarre Carroll,1610612761,TOR,26,16,10,786,42,111,0.378,126,42,107,0.393,0.568
2015-16,1626153,Delon Wright,1610612761,TOR,27,19,8,229,1,7,0.143,3,1,6,0.167,0.214
2015-16,203471,Dennis Schröder,1610612737,ATL,80,47,33,1621,62,159,0.39,175,51,133,0.383,0.55
2015-16,101114,Deron Williams,1610612742,DAL,65,31,34,2106,90,225,0.4,250,70,182,0.385,0.556
2015-16,202324,Derrick Favors,1610612762,UTA,62,30,32,1983,96,251,0.382,192,0,0,,0.382
2015-16,201565,Derrick Rose,1610612741,CHI,66,32,34,2097,39,115,0.339,113,35,104,0.337,0.491
2015-16,202682,Derrick Williams,1610612752,NYK,80,32,48,1435,58,170,0.341,154,38,125,0.304,0.453
2015-16,1626164,Devin Booker,1610612756,PHX,76,20,56,2108,107,258,0.415,289,75,188,0.399,0.56
2015-16,2734,Devin Harris,1610612742,DAL,64,35,29,1280,52,139,0.374,152,48,133,0.361,0.547
2015-16,203906,Devyn Marble,1610612753,ORL,28,12,16,249,9,37,0.243,26,8,30,0.267,0.351
2015-16,203473,Dewayne Dedmon,1610612753,ORL,58,21,37,705,9,28,0.321,18,,,,0.321
2015-16,203079,Dion Waiters,1610612760,OKC,78,53,25,2152,84,212,0.396,240,72,186,0.387,0.566
2015-16,1717,Dirk Nowitzki,1610612742,DAL,75,38,37,2364,255,604,0.422,631,121,327,0.37,0.522
2015-16,202388,Donald Sloan,1610612751,BKN,61,13,48,1318,34,86,0.395,100,32,76,0.421,0.581
2015-16,202700,Donatas Motiejunas,1610612745,HOU,37,19,18,547,24,72,0.333,63,15,56,0.268,0.438
2015-16,203926,Doug McDermott,1610612741,CHI,81,41,40,1861,115,288,0.399,334,104,243,0.428,0.58
2015-16,203110,Draymond Green,1610612744,GSW,81,73,8,2808,101,257,0.393,297,95,240,0.396,0.578
2015-16,2400,Drew Gooden,1610612764,WAS,30,18,12,305,13,52,0.25,33,7,40,0.175,0.317
2015-16,1626251,Duje Dukan,1610612758,SAC,1,0,1,24,2,5,0.4,6,2,4,0.5,0.6
2015-16,2730,Dwight Howard,1610612745,HOU,71,34,37,2280,1,6,0.167,2,0,4,0,0.167
2015-16,203939,Dwight Powell,1610612742,DAL,69,35,34,992,35,114,0.307,72,2,16,0.125,0.316
2015-16,2548,Dwyane Wade,1610612748,MIA,74,43,31,2258,34,78,0.436,73,5,17,0.294,0.468
2015-16,202734,E'Twaun Moore,1610612741,CHI,59,29,30,1263,43,97,0.443,126,40,88,0.455,0.649
2015-16,202334,Ed Davis,1610612757,POR,81,43,38,1684,2,3,0.667,4,,,,0.667
2015-16,204002,Edy Tavares,1610612737,ATL,11,7,4,73,0,0,,0,,,,
2015-16,203901,Elfrid Payton,1610612753,ORL,73,32,41,2145,31,101,0.307,89,27,78,0.346,0.441
2015-16,202407,Elijah Millsap,1610612762,UTA,20,9,11,173,1,11,0.091,3,1,11,0.091,0.136
2015-16,202343,Elliot Williams,1610612766,CHA,5,4,1,45,1,4,0.25,2,0,3,0,0.25
2015-16,1882,Elton Brand,1610612755,PHI,17,2,15,225,15,43,0.349,30,0,1,0,0.349
2015-16,1626144,Emmanuel Mudiay,1610612743,DEN,68,29,39,2068,53,159,0.333,152,46,141,0.326,0.478
2015-16,202683,Enes Freedom,1610612760,OKC,82,55,27,1721,59,121,0.488,128,10,21,0.476,0.529
2015-16,202339,Eric Bledsoe,1610612756,PHX,31,12,19,1059,26,71,0.366,70,18,53,0.34,0.493
2015-16,201569,Eric Gordon,1610612740,NOP,45,14,31,1481,89,247,0.36,264,86,237,0.363,0.534
2015-16,203961,Eric Moreland,1610612758,SAC,8,1,7,48,0,0,,0,,,,
2015-16,203475,Erick Green,1610612743,DEN,9,6,3,42,1,5,0.2,3,1,5,0.2,0.3
2015-16,101141,Ersan Ilyasova,1610612753,ORL,74,35,39,1880,105,280,0.375,289,79,208,0.38,0.516
2015-16,203095,Evan Fournier,1610612753,ORL,79,33,46,2566,135,332,0.407,392,122,298,0.409,0.59
2015-16,202323,Evan Turner,1610612738,BOS,81,47,34,2271,36,107,0.336,91,19,74,0.257,0.425
2015-16,203105,Festus Ezeli,1610612744,GSW,46,42,4,770,2,11,0.182,4,,,,0.182
2015-16,1626163,Frank Kaminsky,1610612766,CHA,81,47,34,1708,74,212,0.349,215,67,198,0.338,0.507
2015-16,202066,Garrett Temple,1610612764,WAS,80,40,40,1951,90,248,0.363,262,82,233,0.352,0.528
2015-16,203914,Gary Harris,1610612743,DEN,76,31,45,2439,105,286,0.367,307,97,264,0.367,0.537
2015-16,202390,Gary Neal,1610612764,WAS,40,18,22,807,35,90,0.389,96,26,67,0.388,0.533
2015-16,201588,George Hill,1610612754,IND,74,41,33,2524,110,251,0.438,323,103,231,0.446,0.643
2015-16,101123,Gerald Green,1610612748,MIA,69,40,29,1557,96,264,0.364,261,69,208,0.332,0.494
2015-16,201945,Gerald Henderson,1610612757,POR,72,39,33,1431,64,166,0.386,172,44,122,0.361,0.518
2015-16,203507,Giannis Antetokounmpo,1610612749,MIL,80,32,48,2823,43,146,0.295,109,23,89,0.258,0.373
2015-16,203922,Glenn Robinson III,1610612754,IND,45,24,21,508,17,47,0.362,48,14,35,0.4,0.511
2015-16,201609,Goran Dragic,1610612748,MIA,72,44,28,2363,61,170,0.359,169,47,135,0.348,0.497
2015-16,202330,Gordon Hayward,1610612762,UTA,80,38,42,2893,124,336,0.369,357,109,296,0.368,0.531
2015-16,203476,Gorgui Dieng,1610612750,MIN,82,29,53,2220,69,161,0.429,144,6,18,0.333,0.447
2015-16,202328,Greg Monroe,1610612749,MIL,79,32,47,2314,31,71,0.437,62,0,1,0,0.437
2015-16,202962,Greg Smith,1610612750,MIN,18,8,10,192,0,0,,0,,,,
2015-16,202349,Greivis Vasquez,1610612749,MIL,23,9,14,460,13,53,0.245,38,12,51,0.235,0.358
2015-16,203084,Harrison Barnes,1610612744,GSW,66,59,7,2042,102,255,0.4,284,80,209,0.383,0.557
2015-16,202355,Hassan Whiteside,1610612748,MIA,73,42,31,2125,29,70,0.414,58,,,,0.414
2015-16,203156,Henry Sims,1610612751,BKN,14,2,12,263,9,22,0.409,18,,,,0.409
2015-16,203138,Hollis Thompson,1610612755,PHI,77,10,67,2154,163,421,0.387,470,144,372,0.387,0.558
2015-16,203546,Ian Clark,1610612744,GSW,66,59,7,578,22,62,0.355,66,22,57,0.386,0.532
2015-16,101133,Ian Mahinmi,1610612754,IND,71,41,30,1816,15,45,0.333,30,,,,0.333
2015-16,202697,Iman Shumpert,1610612739,CLE,54,39,15,1316,44,131,0.336,127,39,121,0.322,0.485
2015-16,203477,Isaiah Canaan,1610612755,PHI,77,10,67,1966,115,309,0.372,345,115,302,0.381,0.558
2015-16,202738,Isaiah Thomas,1610612738,BOS,82,48,34,2644,98,256,0.383,286,90,227,0.396,0.559
2015-16,202397,Ish Smith,1610612755,PHI,77,16,61,2239,30,84,0.357,88,28,80,0.35,0.524
2015-16,200826,J.J. Barea,1610612742,DAL,74,38,36,1667,53,120,0.442,154,48,112,0.429,0.642
2015-16,201581,JJ Hickson,1610612764,WAS,35,17,18,437,7,26,0.269,14,0,1,0,0.269
2015-16,1626266,JJ O'Brien,1610612762,UTA,2,2,0,6,0,0,,0,,,,
2015-16,200755,JJ Redick,1610612746,LAC,75,50,25,2097,228,450,0.507,620,164,330,0.497,0.689
2015-16,2747,JR Smith,1610612739,CLE,77,53,24,2362,184,423,0.435,542,174,403,0.432,0.641
2015-16,203960,JaKarr Sampson,1610612743,DEN,73,18,55,1160,15,65,0.231,42,12,57,0.211,0.323
2015-16,203210,JaMychal Green,1610612763,MEM,78,39,39,1446,58,150,0.387,131,15,44,0.341,0.437
2015-16,201580,JaVale McGee,1610612742,DAL,34,15,19,370,6,16,0.375,12,0,1,0,0.375
2015-16,203953,Jabari Parker,1610612749,MIL,76,32,44,2408,59,166,0.355,125,7,28,0.25,0.377
2015-16,203109,Jae Crowder,1610612738,BOS,73,43,30,2308,134,359,0.373,373,105,300,0.35,0.519
2015-16,1626143,Jahlil Okafor,1610612755,PHI,53,6,47,1591,28,68,0.412,57,1,4,0.25,0.419
2015-16,2037,Jamal Crawford,1610612746,LAC,79,51,28,2126,84,221,0.38,245,77,199,0.387,0.554
2015-16,2749,Jameer Nelson,1610612743,DEN,39,12,27,1036,24,84,0.286,69,21,75,0.28,0.411
2015-16,202341,James Anderson,1610612758,SAC,51,19,32,721,21,74,0.284,60,18,70,0.257,0.405
2015-16,203516,James Ennis III,1610612740,NOP,22,11,11,329,21,46,0.457,62,20,43,0.465,0.674
2015-16,201935,James Harden,1610612745,HOU,82,41,41,3125,106,263,0.403,316,104,252,0.413,0.601
2015-16,201949,James Johnson,1610612761,TOR,57,35,22,926,20,63,0.317,58,18,58,0.31,0.46
2015-16,2592,James Jones,1610612739,CLE,48,33,15,463,42,107,0.393,122,38,97,0.392,0.57
2015-16,203949,James Michael McAdoo,1610612744,GSW,41,37,4,262,4,7,0.571,9,1,2,0.5,0.643
2015-16,203923,James Young,1610612738,BOS,29,12,17,199,6,25,0.24,18,6,25,0.24,0.36
2015-16,203099,Jared Cunningham,1610612739,CLE,44,31,13,410,12,37,0.324,36,12,34,0.353,0.486
2015-16,201162,Jared Dudley,1610612764,WAS,81,40,41,2098,161,365,0.441,420,98,234,0.419,0.575
2015-16,203096,Jared Sullinger,1610612738,BOS,81,47,34,1915,129,339,0.381,287,29,94,0.309,0.423
2015-16,204067,Jarell Eddie,1610612764,WAS,26,13,13,147,14,44,0.318,40,12,40,0.3,0.455
2015-16,1626185,Jarell Martin,1610612763,MEM,27,10,17,380,10,27,0.37,20,0,2,0,0.37
2015-16,203950,Jarnell Stokes,1610612763,MEM,7,1,6,19,0,1,0,0,,,,0
2015-16,101127,Jarrett Jack,1610612751,BKN,32,10,22,1027,23,73,0.315,63,17,58,0.293,0.432
2015-16,201160,Jason Smith,1610612753,ORL,76,33,43,1181,172,359,0.479,348,4,13,0.308,0.485
2015-16,1891,Jason Terry,1610612745,HOU,72,37,35,1258,93,249,0.373,268,82,230,0.357,0.538
2015-16,201574,Jason Thompson,1610612761,TOR,47,38,9,471,11,27,0.407,27,5,15,0.333,0.5
2015-16,201965,Jeff Ayres,1610612746,LAC,17,11,6,107,5,7,0.714,10,0,1,0,0.714
2015-16,201145,Jeff Green,1610612746,LAC,80,48,32,2253,72,214,0.336,202,58,174,0.333,0.472
2015-16,201952,Jeff Teague,1610612737,ATL,79,47,32,2255,57,124,0.46,168,54,115,0.47,0.677
2015-16,203481,Jeff Withey,1610612762,UTA,51,25,26,658,9,25,0.36,18,0,2,0,0.36
2015-16,203924,Jerami Grant,1610612755,PHI,77,9,68,2066,39,156,0.25,112,34,141,0.241,0.359
2015-16,202379,Jeremy Evans,1610612742,DAL,30,16,14,251,6,18,0.333,16,4,15,0.267,0.444
2015-16,203087,Jeremy Lamb,1610612766,CHA,66,40,26,1227,58,168,0.345,156,40,128,0.313,0.464
2015-16,202391,Jeremy Lin,1610612766,CHA,78,47,31,2048,60,172,0.349,175,55,157,0.35,0.509
2015-16,1626170,Jerian Grant,1610612752,NYK,76,29,47,1265,20,64,0.313,55,15,50,0.3,0.43
2015-16,201573,Jerryd Bayless,1610612749,MIL,52,21,31,1505,94,206,0.456,273,85,186,0.457,0.663
2015-16,202690,Jimmer Fredette,1610612759,SAS,6,1,5,18,1,2,0.5,3,1,2,0.5,0.75
2015-16,202710,Jimmy Butler III,1610612741,CHI,67,37,30,2474,63,185,0.341,166,40,130,0.308,0.449
2015-16,201149,Joakim Noah,1610612741,CHI,29,15,14,635,3,6,0.5,6,0,0,,0.5
2015-16,201975,Jodie Meeks,1610612765,DET,3,3,0,43,2,9,0.222,6,2,7,0.286,0.333
2015-16,203925,Joe Harris,1610612739,CLE,5,5,0,15,1,3,0.333,3,1,3,0.333,0.5
2015-16,204060,Joe Ingles,1610612762,UTA,81,40,41,1241,71,171,0.415,211,69,164,0.421,0.617
2015-16,2207,Joe Johnson,1610612748,MIA,81,31,50,2703,105,261,0.402,308,98,243,0.403,0.59
2015-16,1626202,Joe Young,1610612754,IND,41,19,22,384,9,34,0.265,25,7,29,0.241,0.368
2015-16,201202,Joel Anthony,1610612765,DET,19,12,7,96,1,1,1,2,,,,1
2015-16,203530,Joffrey Lauvergne,1610612743,DEN,59,24,35,1041,46,117,0.393,105,13,52,0.25,0.449
2015-16,203089,John Henson,1610612749,MIL,57,22,35,959,1,7,0.143,2,0,1,0,0.143
2015-16,203098,John Jenkins,1610612756,PHX,43,18,25,480,21,52,0.404,53,11,30,0.367,0.51
2015-16,202322,John Wall,1610612764,WAS,77,37,40,2784,77,208,0.37,227,73,191,0.382,0.546
2015-16,203948,Johnny O'Bryant III,1610612749,MIL,66,27,39,857,29,83,0.349,59,1,1,1,0.355
2015-16,202720,Jon Leuer,1610612756,PHX,67,22,45,1255,71,189,0.376,184,42,106,0.396,0.487
2015-16,201973,Jonas Jerebko,1610612738,BOS,78,47,31,1176,48,123,0.39,138,42,104,0.404,0.561
2015-16,202685,Jonas Valanciunas,1610612761,TOR,60,40,20,1557,28,54,0.519,56,,,,0.519
2015-16,203613,Jonathon Simmons,1610612759,SAS,55,47,8,813,17,46,0.37,51,17,42,0.405,0.554
2015-16,203919,Jordan Adams,1610612763,MEM,2,0,2,15,0,1,0,0,0,1,0,0
2015-16,203903,Jordan Clarkson,1610612747,LAL,79,17,62,2552,86,247,0.348,243,71,208,0.341,0.492
2015-16,200770,Jordan Farmar,1610612763,MEM,12,2,10,291,7,23,0.304,21,7,23,0.304,0.457
2015-16,202706,Jordan Hamilton,1610612740,NOP,11,4,7,304,8,28,0.286,22,6,25,0.24,0.393
2015-16,201941,Jordan Hill,1610612754,IND,73,40,33,1513,60,150,0.4,120,0,1,0,0.4
2015-16,203895,Jordan McRae,1610612739,CLE,22,10,12,196,5,13,0.385,15,5,11,0.455,0.577
2015-16,1626175,Jordan Mickey,1610612738,BOS,16,9,7,57,1,3,0.333,2,,,,0.333
2015-16,203268,Jorge Gutierrez,1610612766,CHA,12,9,3,63,0,2,0,0,0,2,0,0
2015-16,101181,Jose Calderon,1610612752,NYK,72,29,43,2024,84,193,0.435,236,68,160,0.425,0.611
2015-16,203962,Josh Huestis,1610612760,OKC,5,2,3,55,4,8,0.5,12,4,6,0.667,0.75
2015-16,201177,Josh McRoberts,1610612748,MIA,42,27,15,595,22,68,0.324,56,12,46,0.261,0.412
2015-16,1626196,Josh Richardson,1610612748,MIA,52,29,23,1107,56,125,0.448,163,51,110,0.464,0.652
2015-16,2746,Josh Smith,1610612745,HOU,55,31,24,880,41,145,0.283,117,35,119,0.294,0.403
2015-16,201950,Jrue Holiday,1610612740,NOP,65,27,38,1831,30,80,0.375,85,25,72,0.347,0.531
2015-16,203944,Julius Randle,1610612747,LAL,81,17,64,2286,33,115,0.287,74,8,24,0.333,0.322
2015-16,1626147,Justin Anderson,1610612742,DAL,55,28,27,647,21,71,0.296,61,19,66,0.288,0.43
2015-16,202712,Justin Harper,1610612751,BKN,5,4,1,35,4,9,0.444,12,4,9,0.444,0.667
2015-16,203200,Justin Holiday,1610612741,CHI,53,28,25,773,37,94,0.394,106,32,84,0.381,0.564
2015-16,1626159,Justise Winslow,1610612748,MIA,78,46,32,2232,44,148,0.297,119,31,110,0.282,0.402
2015-16,203994,Jusuf Nurkić,1610612743,DEN,32,14,18,547,9,24,0.375,18,0,2,0,0.375
2015-16,203909,KJ McDaniels,1610612745,HOU,37,17,20,235,7,22,0.318,21,7,22,0.318,0.477
2015-16,1626157,Karl-Anthony Towns,1610612750,MIN,82,29,53,2626,159,346,0.46,342,24,71,0.338,0.494
2015-16,202695,Kawhi Leonard,1610612759,SAS,72,60,12,2380,129,292,0.442,362,104,226,0.46,0.62
2015-16,203951,Keith Appling,1610612753,ORL,5,0,5,27,0,3,0,0,0,3,0,0
2015-16,203482,Kelly Olynyk,1610612738,BOS,69,40,29,1395,84,209,0.402,243,75,180,0.417,0.581
2015-16,1626162,Kelly Oubre Jr.,1610612764,WAS,63,31,32,671,24,71,0.338,72,24,70,0.343,0.507
2015-16,202689,Kemba Walker,1610612766,CHA,81,47,34,2885,105,237,0.443,307,97,222,0.437,0.648
2015-16,203088,Kendall Marshall,1610612755,PHI,30,3,27,400,17,47,0.362,48,14,42,0.333,0.511
2015-16,2570,Kendrick Perkins,1610612740,NOP,37,13,24,542,2,9,0.222,4,,,,0.222
2015-16,202702,Kenneth Faried,1610612743,DEN,67,26,41,1694,14,39,0.359,29,1,2,0.5,0.372
2015-16,203145,Kent Bazemore,1610612737,ATL,75,44,31,2083,98,257,0.381,286,90,239,0.377,0.556
2015-16,203484,Kentavious Caldwell-Pope,1610612765,DET,76,41,35,2789,101,307,0.329,289,87,271,0.321,0.471
2015-16,201142,Kevin Durant,1610612760,OKC,72,52,20,2578,158,361,0.438,425,109,270,0.404,0.589
2015-16,708,Kevin Garnett,1610612750,MIN,38,14,24,556,28,59,0.475,56,0,1,0,0.475
2015-16,201567,Kevin Love,1610612739,CLE,77,53,24,2424,182,481,0.378,515,151,412,0.367,0.535
2015-16,2755,Kevin Martin,1610612759,SAS,55,24,31,1095,56,140,0.4,155,43,104,0.413,0.554
2015-16,202338,Kevin Seraphin,1610612752,NYK,48,15,33,526,21,51,0.412,42,0,1,0,0.412
2015-16,1626172,Kevon Looney,1610612744,GSW,5,4,1,21,1,3,0.333,3,1,2,0.5,0.5
2015-16,203114,Khris Middleton,1610612749,MIL,79,33,46,2852,150,355,0.423,421,121,280,0.432,0.593
2015-16,2550,Kirk Hinrich,1610612737,ATL,46,26,20,631,15,39,0.385,44,14,38,0.368,0.564
2015-16,202691,Klay Thompson,1610612744,GSW,80,71,9,2666,298,692,0.431,838,242,552,0.438,0.605
2015-16,977,Kobe Bryant,1610612747,LAL,66,13,53,1863,100,290,0.345,278,78,244,0.32,0.479
2015-16,201585,Kosta Koufos,1610612758,SAC,78,32,46,1482,12,28,0.429,24,,,,0.429
2015-16,203123,Kostas Papanikolaou,1610612743,DEN,26,8,18,294,11,27,0.407,31,9,23,0.391,0.574
2015-16,2743,Kris Humphries,1610612737,ATL,53,29,24,835,60,172,0.349,153,33,104,0.317,0.445
2015-16,204001,Kristaps Porziņģis,1610612752,NYK,72,28,44,2046,147,377,0.39,372,78,229,0.341,0.493
2015-16,203937,Kyle Anderson,1610612759,SAS,78,64,14,1245,18,51,0.353,48,12,34,0.353,0.471
2015-16,2594,Kyle Korver,1610612737,ATL,80,46,34,2401,166,404,0.411,469,137,337,0.407,0.58
2015-16,200768,Kyle Lowry,1610612761,TOR,77,54,23,2851,129,297,0.434,384,126,283,0.445,0.646
2015-16,203124,Kyle O'Quinn,1610612752,NYK,65,26,39,764,40,93,0.43,82,2,15,0.133,0.441
2015-16,202713,Kyle Singler,1610612760,OKC,68,43,25,977,41,118,0.347,112,30,95,0.316,0.475
2015-16,202681,Kyrie Irving,1610612739,CLE,53,37,16,1667,51,140,0.364,143,41,119,0.345,0.511
2015-16,200746,LaMarcus Aldridge,1610612759,SAS,74,61,13,2261,149,337,0.442,298,0,15,0,0.442
2015-16,203934,Lamar Patterson,1610612737,ATL,35,23,12,395,13,47,0.277,37,11,42,0.262,0.394
2015-16,202362,Lance Stephenson,1610612763,MEM,69,36,33,1372,20,57,0.351,60,20,54,0.37,0.526
2015-16,202498,Lance Thomas,1610612752,NYK,59,25,34,1313,58,141,0.411,158,42,101,0.416,0.56
2015-16,204038,Langston Galloway,1610612752,NYK,82,32,50,2033,84,245,0.343,232,64,186,0.344,0.473
2015-16,1626204,Larry Nance Jr.,1610612747,LAL,63,14,49,1266,32,98,0.327,65,1,8,0.125,0.332
2015-16,202730,Lavoy Allen,1610612754,IND,79,43,36,1599,45,121,0.372,90,,,,0.372
2015-16,2544,LeBron James,1610612739,CLE,76,56,20,2709,46,129,0.357,125,33,100,0.33,0.484
2015-16,2571,Leandro Barbosa,1610612744,GSW,68,60,8,1079,47,119,0.395,130,36,95,0.379,0.546
2015-16,203485,Lorenzo Brown,1610612765,DET,8,1,7,61,1,2,0.5,3,1,2,0.5,0.75
2015-16,200811,Lou Amundson,1610612752,NYK,29,11,18,204,2,9,0.222,4,,,,0.222
2015-16,101150,Lou Williams,1610612747,LAL,67,14,53,1907,61,165,0.37,177,55,149,0.369,0.536
2015-16,201601,Luc Mbah a Moute,1610612746,LAC,75,49,26,1274,22,64,0.344,57,13,40,0.325,0.445
2015-16,203512,Lucas Nogueira,1610612761,TOR,29,17,12,225,1,4,0.25,3,1,3,0.333,0.375
2015-16,1626242,Luis Montero,1610612757,POR,12,6,6,42,1,7,0.143,2,0,6,0,0.143
2015-16,2449,Luis Scola,1610612761,TOR,76,50,26,1636,94,243,0.387,249,61,154,0.396,0.512
2015-16,202337,Luke Babbitt,1610612740,NOP,47,16,31,845,48,112,0.429,136,40,101,0.396,0.607
2015-16,2736,Luol Deng,1610612748,MIA,74,45,29,2394,109,303,0.36,302,84,242,0.347,0.498
2015-16,1938,Manu Ginobili,1610612759,SAS,58,47,11,1134,63,142,0.444,181,55,128,0.43,0.637
2015-16,201188,Marc Gasol,1610612763,MEM,52,30,22,1791,123,259,0.475,248,2,3,0.667,0.479
2015-16,1626273,Marcelo Huertas,1610612747,LAL,53,8,45,869,12,44,0.273,35,11,41,0.268,0.398
2015-16,101162,Marcin Gortat,1610612764,WAS,75,35,40,2256,53,129,0.411,106,0,1,0,0.411
2015-16,201158,Marco Belinelli,1610612758,SAC,68,27,41,1672,149,390,0.382,374,76,236,0.322,0.479
2015-16,202694,Marcus Morris Sr.,1610612765,DET,80,42,38,2856,106,280,0.379,305,93,241,0.386,0.545
2015-16,203935,Marcus Smart,1610612738,BOS,61,36,25,1667,42,198,0.212,125,41,187,0.219,0.316
2015-16,201977,Marcus Thornton,1610612764,WAS,61,32,29,1108,77,222,0.347,227,73,209,0.349,0.511
2015-16,201596,Mario Chalmers,1610612748,MIA,61,38,23,1373,35,111,0.315,101,31,98,0.316,0.455
2015-16,1626209,Mario Hezonja,1610612753,ORL,79,33,46,1413,64,183,0.35,182,54,150,0.36,0.497
2015-16,203900,Markel Brown,1610612751,BKN,62,12,50,982,39,118,0.331,111,33,100,0.33,0.47
2015-16,202693,Markieff Morris,1610612764,WAS,64,22,42,1629,92,243,0.379,231,47,141,0.333,0.475
2015-16,201578,Marreese Speights,1610612744,GSW,72,64,8,832,92,216,0.426,208,24,61,0.393,0.481
2015-16,101107,Marvin Williams,1610612766,CHA,81,47,34,2338,178,434,0.41,508,152,368,0.413,0.585
2015-16,203486,Mason Plumlee,1610612757,POR,82,44,38,2084,10,27,0.37,20,0,1,0,0.37
2015-16,2440,Matt Barnes,1610612763,MEM,76,38,38,2190,113,354,0.319,332,106,322,0.329,0.469
2015-16,2588,Matt Bonner,1610612759,SAS,30,25,5,206,19,41,0.463,53,15,34,0.441,0.646
2015-16,203521,Matthew Dellavedova,1610612739,CLE,76,54,22,1867,83,179,0.464,241,75,164,0.457,0.673
2015-16,203090,Maurice Harkless,1610612757,POR,78,40,38,1457,37,137,0.27,109,35,131,0.267,0.398
2015-16,1897,Metta World Peace,1610612747,LAL,35,6,29,590,24,72,0.333,70,22,68,0.324,0.486
2015-16,203086,Meyers Leonard,1610612757,POR,61,33,28,1333,127,298,0.426,340,86,218,0.394,0.57
2015-16,201563,Michael Beasley,1610612745,HOU,20,10,10,363,7,19,0.368,17,3,6,0.5,0.447
2015-16,203487,Michael Carter-Williams,1610612749,MIL,54,21,33,1649,19,64,0.297,50,12,43,0.279,0.391
2015-16,203077,Michael Kidd-Gilchrist,1610612766,CHA,7,5,2,205,5,11,0.455,13,3,7,0.429,0.591
2015-16,201144,Mike Conley,1610612763,MEM,56,33,23,1761,53,139,0.381,150,44,121,0.364,0.54
2015-16,2399,Mike Dunleavy,1610612741,CHI,31,13,18,703,37,96,0.385,110,36,86,0.419,0.573
2015-16,2034,Mike Miller,1610612743,DEN,47,21,26,373,16,46,0.348,47,15,45,0.333,0.511
2015-16,203488,Mike Muscala,1610612737,ATL,60,34,26,565,30,78,0.385,72,12,38,0.316,0.462
2015-16,203118,Mike Scott,1610612737,ATL,75,46,29,1146,74,195,0.379,209,61,156,0.391,0.536
2015-16,203101,Miles Plumlee,1610612749,MIL,61,23,38,870,3,5,0.6,6,,,,0.6
2015-16,203141,Mirza Teletovic,1610612756,PHX,79,23,56,1685,185,469,0.394,537,167,426,0.392,0.572
2015-16,203956,Mitch McGary,1610612760,OKC,20,17,3,72,1,8,0.125,2,0,4,0,0.125
2015-16,2590,Mo Williams,1610612739,CLE,41,27,14,748,35,76,0.461,99,29,63,0.46,0.651
2015-16,101145,Monta Ellis,1610612754,IND,81,44,37,2734,70,212,0.33,197,57,179,0.318,0.465
2015-16,1626149,Montrezl Harrell,1610612745,HOU,39,17,22,379,2,10,0.2,4,0,1,0,0.2
2015-16,1626167,Myles Turner,1610612754,IND,60,32,28,1367,90,222,0.405,183,3,14,0.214,0.412
2015-16,101126,Nate Robinson,1610612740,NOP,2,0,2,23,0,0,,0,0,0,,
2015-16,1737,Nazr Mohammed,1610612760,OKC,5,5,0,19,0,1,0,0,,,,0
2015-16,202357,Nemanja Bjelica,1610612750,MIN,60,20,40,1075,43,114,0.377,129,43,109,0.394,0.566
2015-16,2403,Nene,1610612764,WAS,57,28,29,1094,33,78,0.423,66,0,3,0,0.423
2015-16,203457,Nerlens Noel,1610612755,PHI,67,10,57,1965,21,80,0.263,43,1,2,0.5,0.269
2015-16,2555,Nick Collison,1610612760,OKC,59,39,20,699,10,21,0.476,20,0,2,0,0.476
2015-16,201156,Nick Young,1610612747,LAL,54,13,41,1033,54,166,0.325,156,48,149,0.322,0.47
2015-16,201587,Nicolas Batum,1610612766,CHA,70,41,29,2448,132,364,0.363,368,104,287,0.362,0.505
2015-16,203917,Nik Stauskas,1610612755,PHI,73,8,65,1809,89,248,0.359,267,89,245,0.363,0.538
2015-16,203999,Nikola Jokić,1610612743,DEN,80,31,49,1733,47,116,0.405,119,25,68,0.368,0.513
2015-16,202703,Nikola Mirotic,1610612741,CHI,66,37,29,1646,142,344,0.413,414,130,309,0.421,0.602
2015-16,201593,Nikola Pekovic,1610612750,MIN,12,2,10,156,0,0,,0,,,,
2015-16,202696,Nikola Vučević,1610612753,ORL,65,28,37,2037,159,331,0.48,320,2,8,0.25,0.483
2015-16,203943,Noah Vonleh,1610612757,POR,78,41,37,1173,29,95,0.305,69,11,44,0.25,0.363
2015-16,1626181,Norman Powell,1610612761,TOR,49,32,17,725,34,81,0.42,100,32,73,0.438,0.617
2015-16,202708,Norris Cole,1610612740,NOP,45,20,25,1198,33,90,0.367,93,27,71,0.38,0.517
2015-16,201564,O.J. Mayo,1610612749,MIL,41,17,24,1090,55,163,0.337,154,44,133,0.331,0.472
2015-16,201600,Omer Asik,1610612740,NOP,68,29,39,1178,1,5,0.2,2,,,,0.2
2015-16,201956,Omri Casspi,1610612758,SAC,69,27,42,1880,92,232,0.397,275,91,225,0.404,0.593
2015-16,203111,Orlando Johnson,1610612740,NOP,7,1,6,102,2,9,0.222,6,2,9,0.222,0.333
2015-16,203490,Otto Porter Jr.,1610612764,WAS,75,36,39,2276,152,356,0.427,398,94,248,0.379,0.559
2015-16,200782,P.J. Tucker,1610612756,PHX,82,23,59,2540,75,211,0.355,215,65,179,0.363,0.509
2015-16,203798,PJ Hairston,1610612763,MEM,66,31,35,1313,69,235,0.294,206,68,230,0.296,0.438
2015-16,203143,Pablo Prigioni,1610612746,LAC,59,37,22,823,16,48,0.333,47,15,47,0.319,0.49
2015-16,1626192,Pat Connaughton,1610612757,POR,34,17,17,143,4,17,0.235,11,3,14,0.214,0.324
2015-16,201976,Patrick Beverley,1610612745,HOU,71,35,36,2041,103,245,0.42,306,100,240,0.417,0.624
2015-16,202335,Patrick Patterson,1610612761,TOR,79,54,25,2020,108,298,0.362,318,102,284,0.359,0.534
2015-16,201988,Patty Mills,1610612759,SAS,81,66,15,1662,107,264,0.405,313,99,241,0.411,0.593
2015-16,2200,Pau Gasol,1610612741,CHI,72,36,36,2291,213,440,0.484,449,23,67,0.343,0.51
2015-16,202331,Paul George,1610612754,IND,81,44,37,2819,172,450,0.382,484,140,366,0.383,0.538
2015-16,200794,Paul Millsap,1610612737,ATL,81,48,33,2647,111,301,0.369,291,69,212,0.325,0.483
2015-16,1718,Paul Pierce,1610612746,LAC,68,44,24,1231,75,239,0.314,218,68,223,0.305,0.456
2015-16,203515,Phil Pressey,1610612757,POR,23,3,20,283,2,8,0.25,6,2,8,0.25,0.375
2015-16,203112,Quincy Acy,1610612758,SAC,59,21,38,876,32,79,0.405,80,16,46,0.348,0.506
2015-16,1626154,RJ Hunter,1610612738,BOS,36,21,15,315,20,55,0.364,56,16,51,0.314,0.509
2015-16,200765,Rajon Rondo,1610612758,SAC,72,29,43,2537,51,145,0.352,143,41,111,0.369,0.493
2015-16,1626176,Rakeem Christmas,1610612754,IND,1,1,0,6,0,0,,0,,,,
2015-16,201196,Ramon Sessions,1610612764,WAS,82,41,41,1667,36,105,0.343,104,32,92,0.348,0.495
2015-16,200751,Randy Foye,1610612760,OKC,81,37,44,1642,57,196,0.291,166,52,181,0.287,0.423
2015-16,1626173,Rashad Vaughn,1610612749,MIL,70,30,40,1001,49,159,0.308,139,41,138,0.297,0.437
2015-16,2446,Rasual Butler,1610612759,SAS,46,41,5,432,23,55,0.418,61,15,46,0.326,0.555
2015-16,203526,Raul Neto,1610612762,UTA,81,40,41,1499,56,139,0.403,163,51,131,0.389,0.586
2015-16,203492,Ray McCallum,1610612759,SAS,41,30,11,474,17,45,0.378,48,14,38,0.368,0.533
2015-16,101109,Raymond Felton,1610612742,DAL,80,40,40,2192,49,152,0.322,141,43,138,0.312,0.464
2015-16,203493,Reggie Bullock Jr.,1610612765,DET,37,22,15,429,23,58,0.397,68,22,53,0.415,0.586
2015-16,202704,Reggie Jackson,1610612765,DET,79,43,36,2424,50,136,0.368,146,46,127,0.362,0.537
2015-16,2210,Richard Jefferson,1610612739,CLE,74,51,23,1326,61,168,0.363,180,58,160,0.363,0.536
2015-16,1626158,Richaun Holmes,1610612755,PHI,51,7,44,702,12,57,0.211,32,8,41,0.195,0.281
2015-16,201937,Ricky Rubio,1610612750,MIN,76,28,48,2323,65,197,0.33,185,55,164,0.335,0.47
2015-16,203496,Robert Covington,1610612755,PHI,67,10,57,1903,160,431,0.371,477,157,420,0.374,0.553
2015-16,203135,Robert Sacre,1610612747,LAL,25,2,23,320,10,19,0.526,20,,,,0.526
2015-16,201577,Robin Lopez,1610612752,NYK,82,32,50,2219,24,75,0.32,48,0,0,,0.32
2015-16,203918,Rodney Hood,1610612762,UTA,79,39,40,2541,118,306,0.386,349,113,296,0.382,0.57
2015-16,201155,Rodney Stuckey,1610612754,IND,58,33,25,1275,26,93,0.28,68,16,66,0.242,0.366
2015-16,1626178,Rondae Hollis-Jefferson,1610612751,BKN,29,7,22,615,18,37,0.486,39,3,12,0.25,0.527
2015-16,101179,Ronnie Price,1610612756,PHX,62,20,42,1211,54,150,0.36,162,54,144,0.375,0.54
2015-16,201579,Roy Hibbert,1610612747,LAL,81,17,64,1878,57,133,0.429,114,0,2,0,0.429
2015-16,200752,Rudy Gay,1610612758,SAC,70,29,41,2379,88,231,0.381,233,57,173,0.329,0.504
2015-16,203497,Rudy Gobert,1610612762,UTA,61,33,28,1932,4,14,0.286,8,,,,0.286
2015-16,203893,Russ Smith,1610612763,MEM,15,6,9,66,1,2,0.5,3,1,2,0.5,0.75
2015-16,201566,Russell Westbrook,1610612760,OKC,80,55,25,2749,36,109,0.33,104,32,96,0.333,0.477
2015-16,201583,Ryan Anderson,1610612740,NOP,66,24,42,2008,122,335,0.364,357,113,310,0.365,0.533
2015-16,200797,Ryan Hollins,1610612763,MEM,37,18,19,460,3,5,0.6,6,,,,0.6
2015-16,203527,Ryan Kelly,1610612747,LAL,36,3,33,470,18,60,0.3,41,5,35,0.143,0.342
2015-16,1626257,Salah Mejri,1610612742,DAL,34,16,18,397,0,4,0,0,0,1,0,0
2015-16,1626155,Sam Dekker,1610612745,HOU,3,1,2,6,0,0,,0,,,,
2015-16,201619,Sasha Kaun,1610612739,CLE,25,18,7,95,0,0,,0,,,,
2015-16,2756,Sasha Vujacic,1610612752,NYK,61,22,39,908,69,182,0.379,183,45,126,0.357,0.503
2015-16,203930,Sean Kilpatrick,1610612751,BKN,31,7,24,616,39,110,0.355,112,34,96,0.354,0.509
2015-16,201586,Serge Ibaka,1610612760,OKC,78,54,24,2500,223,533,0.418,506,60,183,0.328,0.475
2015-16,203508,Sergey Karasev,1610612751,BKN,40,9,31,399,11,36,0.306,33,11,34,0.324,0.458
2015-16,203552,Seth Curry,1610612758,SAC,44,17,27,692,42,90,0.467,123,39,80,0.488,0.683
2015-16,203498,Shabazz Muhammad,1610612750,MIN,82,29,53,1682,58,185,0.314,160,44,147,0.299,0.432
2015-16,203894,Shabazz Napier,1610612753,ORL,55,23,32,600,25,60,0.417,74,24,59,0.407,0.617
2015-16,203499,Shane Larkin,1610612751,BKN,78,20,58,1751,23,72,0.319,66,20,56,0.357,0.458
2015-16,2733,Shaun Livingston,1610612744,GSW,78,69,9,1520,10,29,0.345,22,2,11,0.182,0.379
2015-16,203963,Shayne Whittington,1610612754,IND,7,4,3,41,0,2,0,0,0,2,0,0
2015-16,202714,Shelvin Mack,1610612762,UTA,52,27,25,1058,23,67,0.343,67,21,63,0.333,0.5
2015-16,203524,Solomon Hill,1610612754,IND,59,31,28,866,27,79,0.342,77,23,69,0.333,0.487
2015-16,201603,Sonny Weems,1610612756,PHX,43,6,37,498,17,41,0.415,48,14,35,0.4,0.585
2015-16,203915,Spencer Dinwiddie,1610612741,CHI,12,5,7,159,1,3,0.333,2,0,2,0,0.333
2015-16,201150,Spencer Hawes,1610612766,CHA,57,30,27,1035,46,130,0.354,128,36,99,0.364,0.492
2015-16,1626169,Stanley Johnson,1610612765,DET,73,37,36,1687,58,172,0.337,170,54,157,0.344,0.494
2015-16,201939,Stephen Curry,1610612744,GSW,79,71,8,2700,192,411,0.467,561,177,372,0.476,0.682
2015-16,2581,Steve Blake,1610612765,DET,58,34,24,986,38,107,0.355,110,34,95,0.358,0.514
2015-16,200779,Steve Novak,1610612749,MIL,10,8,2,44,6,16,0.375,18,6,14,0.429,0.563
2015-16,203500,Steven Adams,1610612760,OKC,80,54,26,2014,4,10,0.4,8,,,,0.4
2015-16,204456,T.J. McConnell,1610612755,PHI,81,10,71,1606,22,70,0.314,62,18,62,0.29,0.443
2015-16,203933,T.J. Warren,1610612756,PHX,47,14,33,1070,42,88,0.477,109,25,61,0.41,0.619
2015-16,201959,Taj Gibson,1610612741,CHI,73,37,36,1936,48,117,0.41,96,0,1,0,0.41
2015-16,204028,Tarik Black,1610612747,LAL,39,6,33,496,1,6,0.167,2,,,,0.167
2015-16,2419,Tayshaun Prince,1610612750,MIN,77,27,50,1462,53,126,0.421,110,4,23,0.174,0.437
2015-16,203093,Terrence Jones,1610612745,HOU,50,24,26,1044,27,77,0.351,74,20,63,0.317,0.481
2015-16,203082,Terrence Ross,1610612761,TOR,73,53,20,1747,135,332,0.407,388,118,288,0.41,0.584
2015-16,1626179,Terry Rozier,1610612738,BOS,39,24,15,311,6,22,0.273,18,6,22,0.273,0.409
2015-16,200757,Thabo Sefolosha,1610612737,ATL,75,42,33,1758,55,142,0.387,149,39,112,0.348,0.525
2015-16,201152,Thaddeus Young,1610612751,BKN,73,21,52,2407,37,107,0.346,79,5,24,0.208,0.369
2015-16,203648,Thanasis Antetokounmpo,1610612752,NYK,2,1,1,6,0,1,0,0,0,1,0,0
2015-16,203080,Thomas Robinson,1610612751,BKN,71,16,55,916,4,27,0.148,8,0,1,0,0.148
2015-16,201168,Tiago Splitter,1610612737,ATL,36,21,15,579,1,5,0.2,2,0,2,0,0.2
2015-16,202353,Tibor Pleiss,1610612762,UTA,12,7,5,82,4,6,0.667,8,0,2,0,0.667
2015-16,1495,Tim Duncan,1610612759,SAS,61,50,11,1536,23,79,0.291,46,0,2,0,0.291
2015-16,204025,Tim Frazier,1610612740,NOP,51,25,26,741,7,21,0.333,20,6,18,0.333,0.476
2015-16,203501,Tim Hardaway Jr.,1610612737,ATL,51,29,22,864,46,135,0.341,134,42,121,0.347,0.496
2015-16,202389,Timofey Mozgov,1610612739,CLE,76,52,24,1326,25,64,0.391,51,1,6,0.167,0.398
2015-16,202699,Tobias Harris,1610612765,DET,76,37,39,2513,88,252,0.349,250,74,218,0.339,0.496
2015-16,201962,Toney Douglas,1610612740,NOP,61,22,39,1262,43,93,0.462,127,41,88,0.466,0.683
2015-16,2754,Tony Allen,1610612763,MEM,64,34,30,1620,30,84,0.357,75,15,42,0.357,0.446
2015-16,2225,Tony Parker,1610612759,SAS,72,59,13,1980,38,95,0.4,98,22,59,0.373,0.516
2015-16,203503,Tony Snell,1610612741,CHI,64,33,31,1301,51,153,0.333,151,49,142,0.345,0.493
2015-16,203100,Tony Wroten,1610612752,NYK,8,0,8,144,3,11,0.273,9,3,11,0.273,0.409
2015-16,2772,Trevor Ariza,1610612745,HOU,81,40,41,2859,167,430,0.388,495,161,418,0.385,0.576
2015-16,202344,Trevor Booker,1610612762,UTA,79,39,40,1632,18,67,0.269,48,12,40,0.3,0.358
2015-16,203504,Trey Burke,1610612762,UTA,64,31,33,1366,79,197,0.401,234,76,191,0.398,0.594
2015-16,1626168,Trey Lyles,1610612762,UTA,80,38,42,1382,72,178,0.404,191,47,121,0.388,0.537
2015-16,202684,Tristan Thompson,1610612739,CLE,82,57,25,2269,3,11,0.273,6,,,,0.273
2015-16,203584,Troy Daniels,1610612766,CHA,43,25,18,476,69,125,0.552,192,54,99,0.545,0.768
2015-16,201951,Ty Lawson,1610612754,IND,66,31,35,1411,28,80,0.35,83,27,73,0.37,0.519
2015-16,203898,Tyler Ennis,1610612749,MIL,46,17,29,654,13,36,0.361,38,12,33,0.364,0.528
2015-16,201946,Tyler Hansbrough,1610612766,CHA,44,28,16,343,3,6,0.5,8,2,3,0.667,0.667
2015-16,204020,Tyler Johnson,1610612748,MIA,36,19,17,863,37,92,0.402,100,26,68,0.382,0.543
2015-16,203092,Tyler Zeller,1610612738,BOS,60,38,22,710,30,85,0.353,60,,,,0.353
2015-16,201936,Tyreke Evans,1610612740,NOP,25,11,14,765,17,44,0.386,50,16,39,0.41,0.568
2015-16,2199,Tyson Chandler,1610612756,PHX,66,18,48,1618,5,33,0.152,10,0,1,0,0.152
2015-16,1626145,Tyus Jones,1610612750,MIN,37,13,24,573,8,34,0.235,24,8,32,0.25,0.353
2015-16,2617,Udonis Haslem,1610612748,MIA,37,25,12,260,10,29,0.345,21,1,8,0.125,0.362
2015-16,203506,Victor Oladipo,1610612753,ORL,72,32,40,2379,88,247,0.356,249,73,208,0.351,0.504
2015-16,1713,Vince Carter,1610612763,MEM,60,33,27,1005,59,161,0.366,169,51,143,0.357,0.525
2015-16,201961,Wayne Ellington,1610612751,BKN,76,18,58,1615,90,243,0.37,259,79,202,0.391,0.533
2015-16,202325,Wesley Johnson,1610612746,LAC,80,51,29,1666,122,353,0.346,343,99,293,0.338,0.486
2015-16,202083,Wesley Matthews,1610612742,DAL,78,40,38,2644,163,415,0.393,481,155,395,0.392,0.58
2015-16,203115,Will Barton,1610612743,DEN,82,33,49,2353,85,244,0.348,249,79,219,0.361,0.51
2015-16,1626161,Willie Cauley-Stein,1610612758,SAC,66,26,40,1412,11,28,0.393,22,0,2,0,0.393
2015-16,203186,Willie Reed,1610612751,BKN,39,8,31,426,5,18,0.278,10,,,,0.278
2015-16,204098,Xavier Munford,1610612763,MEM,14,3,11,244,8,19,0.421,23,7,18,0.389,0.605
2015-16,203897,Zach LaVine,1610612750,MIN,82,29,53,2293,82,189,0.434,234,70,164,0.427,0.619
2015-16,2216,Zach Randolph,1610612763,MEM,68,37,31,2016,63,155,0.406,131,5,20,0.25,0.423
2015-16,2585,Zaza Pachulia,1610612742,DAL,76,40,36,2004,34,117,0.291,68,0,2,0,0.291
2016-17,1627773,AJ Hammons,1610612742,DAL,22,4,18,163,11,21,0.524,27,5,10,0.5,0.643
2016-17,201166,Aaron Brooks,1610612754,IND,65,36,29,894,30,75,0.4,86,26,68,0.382,0.573
2016-17,203932,Aaron Gordon,1610612753,ORL,80,29,51,2298,74,228,0.325,209,61,193,0.316,0.458
2016-17,1626151,Aaron Harrison,1610612766,CHA,5,2,3,17,0,2,0,0,0,2,0,0
2016-17,203940,Adreian Payne,1610612750,MIN,18,5,13,135,6,20,0.3,15,3,14,0.214,0.375
2016-17,201143,Al Horford,1610612738,BOS,68,46,22,2193,134,351,0.382,351,83,237,0.35,0.5
2016-17,2744,Al Jefferson,1610612754,IND,66,33,33,931,27,81,0.333,54,0,1,0,0.333
2016-17,202329,Al-Farouq Aminu,1610612757,POR,61,33,28,1773,74,213,0.347,217,69,204,0.338,0.509
2016-17,101187,Alan Anderson,1610612746,LAC,30,20,10,308,11,35,0.314,32,10,32,0.313,0.457
2016-17,1626210,Alan Williams,1610612756,PHX,47,11,36,708,8,21,0.381,16,0,1,0,0.381
2016-17,202692,Alec Burks,1610612762,UTA,42,26,16,653,21,55,0.382,62,20,52,0.385,0.564
2016-17,203518,Alex Abrines,1610612760,OKC,68,37,31,1055,94,232,0.405,277,89,220,0.405,0.597
2016-17,203458,Alex Len,1610612756,PHX,77,21,56,1560,32,96,0.333,67,3,9,0.333,0.349
2016-17,1627816,Alex Poythress,1610612755,PHI,6,0,6,157,6,19,0.316,18,6,19,0.316,0.474
2016-17,201582,Alexis Ajinca,1610612740,NOP,39,15,24,584,22,65,0.338,44,0,3,0,0.338
2016-17,203459,Allen Crabbe,1610612757,POR,79,39,40,2254,161,363,0.444,451,129,282,0.457,0.621
2016-17,202087,Alonzo Gee,1610612743,DEN,13,4,9,89,0,2,0,0,0,2,0,0
2016-17,101161,Amir Johnson,1610612738,BOS,80,51,29,1608,24,62,0.387,72,24,57,0.421,0.581
2016-17,2760,Anderson Varejao,1610612744,GSW,14,12,2,92,0,0,,0,,,,
2016-17,203083,Andre Drummond,1610612765,DET,81,36,45,2409,19,42,0.452,38,0,3,0,0.452
2016-17,2738,Andre Iguodala,1610612744,GSW,76,64,12,1998,62,173,0.358,179,55,154,0.357,0.517
2016-17,203460,Andre Roberson,1610612760,OKC,79,46,33,2376,44,178,0.247,132,44,176,0.25,0.371
2016-17,101106,Andrew Bogut,1610612739,CLE,27,8,19,583,1,3,0.333,2,0,1,0,0.333
2016-17,1626150,Andrew Harrison,1610612763,MEM,72,38,34,1474,28,96,0.292,82,26,89,0.292,0.427
2016-17,203094,Andrew Nicholson,1610612751,BKN,38,20,18,342,10,34,0.294,25,5,25,0.2,0.368
2016-17,203952,Andrew Wiggins,1610612750,MIN,82,31,51,3048,86,212,0.406,243,71,178,0.399,0.573
2016-17,203461,Anthony Bennett,1610612751,BKN,23,3,20,264,11,42,0.262,33,11,42,0.262,0.393
2016-17,1626148,Anthony Brown,1610612753,ORL,11,3,8,159,4,22,0.182,12,4,22,0.182,0.273
2016-17,203076,Anthony Davis,1610612740,NOP,75,31,44,2708,150,371,0.404,339,39,126,0.31,0.457
2016-17,201627,Anthony Morrow,1610612741,CHI,49,25,24,714,50,145,0.345,141,41,127,0.323,0.486
2016-17,201229,Anthony Tolliver,1610612758,SAC,65,26,39,1477,96,245,0.392,282,90,227,0.396,0.576
2016-17,203462,Archie Goodwin,1610612751,BKN,15,8,7,214,4,9,0.444,12,4,9,0.444,0.667
2016-17,202620,Arinze Onuaku,1610612753,ORL,8,3,5,28,0,0,,0,,,,
2016-17,203382,Aron Baynes,1610612765,DET,75,34,41,1163,28,66,0.424,56,,,,0.424
2016-17,201167,Arron Afflalo,1610612758,SAC,61,23,38,1580,81,186,0.435,219,57,134,0.425,0.589
2016-17,203085,Austin Rivers,1610612746,LAC,74,43,31,2054,72,184,0.391,214,70,179,0.391,0.582
2016-17,202340,Avery Bradley,1610612738,BOS,55,34,21,1834,103,271,0.38,280,74,194,0.381,0.517
2016-17,1626253,Axel Toupane,1610612740,NOP,4,2,2,47,3,5,0.6,7,1,3,0.333,0.7
2016-17,1627791,Ben Bentil,1610612742,DAL,3,2,1,10,0,1,0,0,0,1,0,0
2016-17,203463,Ben McLemore,1610612758,SAC,61,27,34,1176,70,177,0.395,192,52,137,0.38,0.542
2016-17,2757,Beno Udrih,1610612765,DET,39,18,21,560,9,21,0.429,24,6,14,0.429,0.571
2016-17,202687,Bismack Biyombo,1610612753,ORL,81,29,52,1793,9,29,0.31,18,,,,0.31
2016-17,201933,Blake Griffin,1610612746,LAC,61,40,21,2076,100,252,0.397,235,35,94,0.372,0.466
2016-17,1626246,Boban Marjanovic,1610612765,DET,35,16,19,293,2,7,0.286,4,,,,0.286
2016-17,201628,Bobby Brown,1610612745,HOU,25,18,7,123,8,15,0.533,24,8,15,0.533,0.8
2016-17,1626171,Bobby Portis Jr.,1610612741,CHI,64,30,34,1000,54,146,0.37,140,32,93,0.344,0.479
2016-17,202711,Bojan Bogdanovic,1610612764,WAS,81,23,58,2083,126,324,0.389,369,117,302,0.387,0.569
2016-17,2564,Boris Diaw,1610612762,UTA,73,45,28,1283,26,101,0.257,71,19,74,0.257,0.351
2016-17,203078,Bradley Beal,1610612764,WAS,77,48,29,2684,191,448,0.426,544,162,386,0.42,0.607
2016-17,201148,Brandan Wright,1610612763,MEM,28,14,14,447,3,5,0.6,6,0,0,,0.6
2016-17,101138,Brandon Bass,1610612746,LAC,52,29,23,577,14,34,0.412,29,1,3,0.333,0.426
2016-17,1627742,Brandon Ingram,1610612747,LAL,79,26,53,2279,63,189,0.333,179,53,167,0.317,0.474
2016-17,201943,Brandon Jennings,1610612764,WAS,81,37,44,1801,37,99,0.374,108,34,95,0.358,0.545
2016-17,202688,Brandon Knight,1610612756,PHX,54,16,38,1140,23,77,0.299,68,22,71,0.31,0.442
2016-17,201575,Brandon Rush,1610612750,MIN,47,15,32,1030,47,118,0.398,138,44,111,0.396,0.585
2016-17,203148,Brian Roberts,1610612766,CHA,41,16,25,416,16,31,0.516,46,14,27,0.519,0.742
2016-17,1627362,Briante Weber,1610612766,CHA,20,12,8,205,0,6,0,0,0,3,0,0
2016-17,1627744,Brice Johnson,1610612746,LAC,3,1,2,9,0,0,,0,,,,
2016-17,201572,Brook Lopez,1610612751,BKN,75,20,55,2222,167,435,0.384,458,124,363,0.342,0.526
2016-17,203998,Bruno Caboclo,1610612761,TOR,9,8,1,40,2,5,0.4,6,2,5,0.4,0.6
2016-17,1627854,Bryn Forbes,1610612759,SAS,36,24,12,285,16,50,0.32,45,13,40,0.325,0.45
2016-17,1627741,Buddy Hield,1610612758,SAC,82,31,51,1888,103,254,0.406,307,101,240,0.421,0.604
2016-17,201228,C.J. Watson,1610612753,ORL,62,20,42,1013,23,81,0.284,62,16,67,0.239,0.383
2016-17,203912,C.J. Wilcox,1610612753,ORL,22,8,14,108,6,17,0.353,15,3,14,0.214,0.441
2016-17,203468,CJ McCollum,1610612757,POR,80,40,40,2796,140,330,0.424,398,118,284,0.415,0.603
2016-17,101139,CJ Miles,1610612754,IND,76,39,37,1776,167,408,0.409,487,153,364,0.42,0.597
2016-17,1626166,Cameron Payne,1610612741,CHI,31,16,15,462,22,60,0.367,66,22,59,0.373,0.55
2016-17,1627747,Caris LeVert,1610612751,BKN,57,15,42,1237,38,117,0.325,114,38,115,0.33,0.487
2016-17,2546,Carmelo Anthony,1610612752,NYK,74,29,45,2538,181,402,0.45,474,112,265,0.423,0.59
2016-17,202718,Chandler Parsons,1610612763,MEM,34,18,16,675,23,86,0.267,64,18,69,0.261,0.372
2016-17,101112,Channing Frye,1610612739,CLE,74,44,30,1398,150,355,0.423,432,132,321,0.411,0.608
2016-17,1626184,Chasson Randle,1610612752,NYK,26,8,18,299,11,33,0.333,33,11,33,0.333,0.5
2016-17,1627767,Cheick Diallo,1610612740,NOP,17,9,8,199,9,26,0.346,18,,,,0.346
2016-17,1627778,Chinanu Onuaku,1610612745,HOU,5,2,3,52,0,0,,0,,,,
2016-17,2365,Chris Andersen,1610612739,CLE,12,8,4,114,0,4,0,0,0,2,0,0
2016-17,1626191,Chris McCullough,1610612764,WAS,16,1,15,80,5,11,0.455,11,1,6,0.167,0.5
2016-17,101108,Chris Paul,1610612746,LAC,61,43,18,1921,40,87,0.46,119,39,79,0.494,0.684
2016-17,1626174,Christian Wood,1610612766,CHA,13,5,8,107,0,5,0,0,0,5,0,0
2016-17,203991,Clint Capela,1610612745,HOU,65,44,21,1551,1,3,0.333,2,,,,0.333
2016-17,203469,Cody Zeller,1610612766,CHA,62,33,29,1725,13,48,0.271,26,0,1,0,0.271
2016-17,202332,Cole Aldrich,1610612750,MIN,62,23,39,531,0,1,0,0,,,,0
2016-17,201147,Corey Brewer,1610612747,LAL,82,47,35,1281,26,113,0.23,77,25,110,0.227,0.341
2016-17,202709,Cory Joseph,1610612761,TOR,80,49,31,2003,55,137,0.401,154,44,118,0.373,0.562
2016-17,201584,Courtney Lee,1610612752,NYK,77,29,48,2459,111,276,0.402,315,93,232,0.401,0.571
2016-17,1626245,Cristiano Felicio,1610612741,CHI,66,31,35,1040,7,25,0.28,14,,,,0.28
2016-17,1626156,D'Angelo Russell,1610612747,LAL,63,21,42,1811,81,220,0.368,234,72,199,0.362,0.532
2016-17,201571,D.J. Augustin,1610612753,ORL,78,29,49,1538,59,154,0.383,176,58,151,0.384,0.571
2016-17,2563,Dahntay Jones,1610612739,CLE,1,0,1,12,0,2,0,0,0,2,0,0
2016-17,1627745,Damian Jones,1610612744,GSW,10,7,3,85,1,6,0.167,2,,,,0.167
2016-17,203081,Damian Lillard,1610612757,POR,75,38,37,2693,112,254,0.441,307,83,203,0.409,0.604
2016-17,204014,Damjan Rudez,1610612753,ORL,45,12,33,314,21,64,0.328,59,17,57,0.298,0.461
2016-17,1627849,Daniel Ochefu,1610612764,WAS,19,12,7,75,1,5,0.2,2,,,,0.2
2016-17,201568,Danilo Gallinari,1610612743,DEN,63,31,32,2134,124,311,0.399,355,107,264,0.405,0.571
2016-17,201980,Danny Green,1610612759,SAS,68,51,17,1807,105,271,0.387,311,101,260,0.388,0.574
2016-17,201967,Dante Cunningham,1610612740,NOP,66,28,38,1649,88,213,0.413,247,71,175,0.406,0.58
2016-17,203957,Dante Exum,1610612762,UTA,66,40,26,1228,45,137,0.328,132,42,131,0.321,0.482
2016-17,1627863,Danuel House Jr.,1610612764,WAS,1,0,1,1,0,0,,0,,,,
2016-17,203967,Dario Saric,1610612755,PHI,81,28,53,2129,123,373,0.33,344,98,303,0.323,0.461
2016-17,201589,Darrell Arthur,1610612743,DEN,41,20,21,639,68,147,0.463,188,52,114,0.456,0.639
2016-17,201954,Darren Collison,1610612758,SAC,68,26,42,2063,66,139,0.475,185,53,112,0.473,0.665
2016-17,1626199,Darrun Hilliard,1610612765,DET,39,19,20,381,10,39,0.256,28,8,31,0.258,0.359
2016-17,101135,David Lee,1610612759,SAS,79,58,21,1477,15,38,0.395,30,,,,0.395
2016-17,1628021,David Nwaba,1610612747,LAL,20,5,15,397,2,6,0.333,5,1,5,0.2,0.417
2016-17,2561,David West,1610612744,GSW,68,56,12,854,56,111,0.505,115,3,7,0.429,0.518
2016-17,202722,Davis Bertans,1610612759,SAS,67,51,16,808,68,168,0.405,201,65,158,0.411,0.598
2016-17,201599,DeAndre Jordan,1610612746,LAC,81,51,30,2570,1,3,0.333,2,0,2,0,0.333
2016-17,202732,DeAndre Liggins,1610612742,DAL,62,40,22,777,16,41,0.39,48,16,40,0.4,0.585
2016-17,1627761,DeAndre' Bembry,1610612737,ATL,38,20,18,371,2,19,0.105,5,1,17,0.059,0.132
2016-17,201942,DeMar DeRozan,1610612761,TOR,74,47,27,2620,55,167,0.329,136,26,82,0.317,0.407
2016-17,202326,DeMarcus Cousins,1610612740,NOP,72,30,42,2465,141,374,0.377,390,108,297,0.364,0.521
2016-17,201960,DeMarre Carroll,1610612761,TOR,72,44,28,1881,103,305,0.338,302,96,289,0.332,0.495
2016-17,1627749,Dejounte Murray,1610612759,SAS,38,29,9,321,8,19,0.421,24,8,19,0.421,0.632
2016-17,1626153,Delon Wright,1610612761,TOR,27,19,8,446,6,18,0.333,17,5,16,0.313,0.472
2016-17,1627743,Demetrius Jackson,1610612738,BOS,5,1,4,17,1,2,0.5,3,1,1,1,0.75
2016-17,203471,Dennis Schröder,1610612737,ATL,79,42,37,2485,90,203,0.443,241,61,155,0.394,0.594
2016-17,1627756,Denzel Valentine,1610612741,CHI,57,28,29,977,57,153,0.373,171,57,153,0.373,0.559
2016-17,101114,Deron Williams,1610612739,CLE,64,25,39,1657,62,163,0.38,178,54,139,0.388,0.546
2016-17,202324,Derrick Favors,1610612762,UTA,50,33,17,1186,66,155,0.426,135,3,10,0.3,0.435
2016-17,1627884,Derrick Jones Jr.,1610612756,PHX,32,7,25,545,4,13,0.308,10,2,9,0.222,0.385
2016-17,201565,Derrick Rose,1610612752,NYK,64,26,38,2082,15,60,0.25,39,9,41,0.22,0.325
2016-17,202682,Derrick Williams,1610612739,CLE,50,16,34,804,36,106,0.34,99,27,86,0.314,0.467
2016-17,1626164,Devin Booker,1610612756,PHX,78,24,54,2731,124,350,0.354,342,94,257,0.366,0.489
2016-17,2734,Devin Harris,1610612742,DAL,65,29,36,1087,44,124,0.355,132,44,124,0.355,0.532
2016-17,203473,Dewayne Dedmon,1610612759,SAS,76,55,21,1330,8,21,0.381,16,,,,0.381
2016-17,1627738,Deyonta Davis,1610612763,MEM,36,23,13,238,1,7,0.143,2,,,,0.143
2016-17,1627754,Diamond Stone,1610612746,LAC,7,6,1,24,1,3,0.333,2,,,,0.333
2016-17,203079,Dion Waiters,1610612748,MIA,46,27,19,1384,74,169,0.438,212,64,147,0.435,0.627
2016-17,1717,Dirk Nowitzki,1610612742,DAL,54,23,31,1424,181,409,0.443,437,75,193,0.389,0.534
2016-17,1627734,Domantas Sabonis,1610612760,OKC,81,46,35,1631,79,230,0.343,209,51,157,0.325,0.454
2016-17,202700,Donatas Motiejunas,1610612740,NOP,34,16,18,479,13,55,0.236,37,11,45,0.244,0.336
2016-17,1627827,Dorian Finney-Smith,1610612742,DAL,81,33,48,1642,56,187,0.299,166,54,180,0.3,0.444
2016-17,203926,Doug McDermott,1610612760,OKC,66,35,31,1508,91,236,0.386,256,74,200,0.37,0.542
2016-17,1627733,Dragan Bender,1610612756,PHX,43,13,30,574,27,101,0.267,79,25,94,0.266,0.391
2016-17,203110,Draymond Green,1610612744,GSW,76,62,14,2471,83,262,0.317,245,79,248,0.319,0.468
2016-17,2730,Dwight Howard,1610612737,ATL,74,37,37,2199,8,28,0.286,16,0,2,0,0.286
2016-17,203939,Dwight Powell,1610612742,DAL,77,30,47,1333,46,147,0.313,113,21,69,0.304,0.384
2016-17,2548,Dwyane Wade,1610612741,CHI,60,29,31,1792,33,89,0.371,83,17,59,0.288,0.466
2016-17,202734,E'Twaun Moore,1610612740,NOP,73,32,41,1820,72,196,0.367,208,64,178,0.36,0.531
2016-17,202334,Ed Davis,1610612757,POR,46,19,27,789,1,1,1,2,,,,1
2016-17,204002,Edy Tavares,1610612739,CLE,2,1,1,28,0,0,,0,,,,
2016-17,203901,Elfrid Payton,1610612753,ORL,82,29,53,2412,39,138,0.283,113,35,129,0.271,0.409
2016-17,202407,Elijah Millsap,1610612756,PHX,2,1,1,23,0,0,,0,0,0,,
2016-17,1626144,Emmanuel Mudiay,1610612743,DEN,55,25,30,1406,51,140,0.364,149,47,130,0.362,0.532
2016-17,202683,Enes Freedom,1610612760,OKC,72,43,29,1533,44,126,0.349,93,5,37,0.135,0.369
2016-17,202339,Eric Bledsoe,1610612756,PHX,66,22,44,2176,50,140,0.357,145,45,124,0.363,0.518
2016-17,201569,Eric Gordon,1610612745,HOU,75,50,25,2323,184,504,0.365,551,183,499,0.367,0.547
2016-17,101141,Ersan Ilyasova,1610612737,ATL,82,35,47,2142,172,424,0.406,468,124,325,0.382,0.552
2016-17,203095,Evan Fournier,1610612753,ORL,68,23,45,2234,108,289,0.374,310,94,254,0.37,0.536
2016-17,202323,Evan Turner,1610612757,POR,65,34,31,1659,33,115,0.287,92,26,104,0.25,0.4
2016-17,1626163,Frank Kaminsky,1610612766,CHA,75,31,44,1954,128,379,0.338,370,114,342,0.333,0.488
2016-17,1627832,Fred VanVleet,1610612761,TOR,37,25,12,294,9,22,0.409,27,9,22,0.409,0.614
2016-17,202066,Garrett Temple,1610612758,SAC,65,25,40,1728,80,201,0.398,234,74,185,0.4,0.582
2016-17,203914,Gary Harris,1610612743,DEN,57,29,28,1782,102,225,0.453,301,97,212,0.458,0.669
2016-17,202390,Gary Neal,1610612737,ATL,2,1,1,18,0,2,0,0,0,1,0,0
2016-17,1627780,Gary Payton II,1610612749,MIL,6,2,4,99,1,8,0.125,3,1,8,0.125,0.188
2016-17,201588,George Hill,1610612762,UTA,49,33,16,1544,57,144,0.396,168,54,138,0.391,0.583
2016-17,1627777,Georges Niang,1610612754,IND,23,11,12,93,1,12,0.083,3,1,12,0.083,0.125
2016-17,1627834,Georgios Papagiannis,1610612758,SAC,22,7,15,355,8,18,0.444,16,0,0,,0.444
2016-17,101123,Gerald Green,1610612738,BOS,47,32,15,538,33,91,0.363,97,31,82,0.378,0.533
2016-17,201945,Gerald Henderson,1610612755,PHI,72,24,48,1667,68,188,0.362,191,55,148,0.372,0.508
2016-17,203507,Giannis Antetokounmpo,1610612749,MIL,80,42,38,2845,45,142,0.317,124,34,114,0.298,0.437
2016-17,203922,Glenn Robinson III,1610612754,IND,69,35,34,1427,65,154,0.422,177,47,116,0.405,0.575
2016-17,201609,Goran Dragic,1610612748,MIA,73,40,33,2459,89,218,0.408,251,73,183,0.399,0.576
2016-17,202330,Gordon Hayward,1610612762,UTA,73,46,27,2516,127,313,0.406,351,97,248,0.391,0.561
2016-17,203476,Gorgui Dieng,1610612750,MIN,82,31,51,2653,116,257,0.451,247,15,36,0.417,0.481
2016-17,202328,Greg Monroe,1610612749,MIL,81,42,39,1823,19,42,0.452,38,0,3,0,0.452
2016-17,202349,Greivis Vasquez,1610612751,BKN,3,1,2,39,0,1,0,0,0,1,0,0
2016-17,203084,Harrison Barnes,1610612742,DAL,79,32,47,2804,122,320,0.381,310,66,188,0.351,0.484
2016-17,202355,Hassan Whiteside,1610612748,MIA,77,39,38,2513,33,94,0.351,66,,,,0.351
2016-17,1627740,Henry Ellenson,1610612765,DET,19,8,11,146,13,41,0.317,36,10,35,0.286,0.439
2016-17,203138,Hollis Thompson,1610612740,NOP,40,12,28,752,32,102,0.314,94,30,91,0.33,0.461
2016-17,203546,Ian Clark,1610612744,GSW,77,63,14,1137,57,136,0.419,165,51,125,0.408,0.607
2016-17,101133,Ian Mahinmi,1610612764,WAS,31,19,12,555,1,2,0.5,2,,,,0.5
2016-17,202697,Iman Shumpert,1610612739,CLE,76,48,28,1937,80,233,0.343,235,75,217,0.346,0.504
2016-17,203477,Isaiah Canaan,1610612741,CHI,39,19,20,592,21,75,0.28,62,20,71,0.282,0.413
2016-17,1627819,Isaiah Taylor,1610612745,HOU,4,3,1,52,0,1,0,0,0,1,0,0
2016-17,202738,Isaiah Thomas,1610612738,BOS,76,51,25,2569,124,308,0.403,361,113,282,0.401,0.586
2016-17,1627785,Isaiah Whitehead,1610612751,BKN,73,17,56,1643,34,92,0.37,101,33,87,0.379,0.549
2016-17,202397,Ish Smith,1610612765,DET,81,37,44,1955,25,76,0.329,71,21,67,0.313,0.467
2016-17,1627826,Ivica Zubac,1610612747,LAL,38,8,30,609,22,45,0.489,44,0,2,0,0.489
2016-17,200826,J.J. Barea,1610612742,DAL,35,11,24,771,23,51,0.451,67,21,46,0.457,0.657
2016-17,200755,JJ Redick,1610612746,LAC,78,50,28,2198,202,452,0.447,559,155,343,0.452,0.618
2016-17,2747,JR Smith,1610612739,CLE,41,25,16,1187,79,228,0.346,237,79,223,0.354,0.52
2016-17,203210,JaMychal Green,1610612763,MEM,77,40,37,2101,91,204,0.446,236,54,138,0.391,0.578
2016-17,201580,JaVale McGee,1610612744,GSW,77,62,15,739,0,5,0,0,0,2,0,0
2016-17,203953,Jabari Parker,1610612749,MIL,51,22,29,1728,83,220,0.377,227,61,164,0.372,0.516
2016-17,203109,Jae Crowder,1610612738,BOS,72,48,24,2335,151,377,0.401,430,128,319,0.401,0.57
2016-17,1626143,Jahlil Okafor,1610612755,PHI,50,15,35,1134,6,17,0.353,12,,,,0.353
2016-17,1627774,Jake Layman,1610612757,POR,35,16,19,249,12,54,0.222,35,11,44,0.25,0.324
2016-17,1627751,Jakob Poeltl,1610612761,TOR,54,38,16,626,1,5,0.2,2,,,,0.2
2016-17,2037,Jamal Crawford,1610612746,LAC,82,51,31,2157,64,179,0.358,184,56,157,0.357,0.514
2016-17,1627750,Jamal Murray,1610612743,DEN,82,40,42,1765,80,220,0.364,236,76,206,0.369,0.536
2016-17,2749,Jameer Nelson,1610612743,DEN,75,34,41,2045,73,167,0.437,212,66,151,0.437,0.635
2016-17,203516,James Ennis III,1610612763,MEM,64,32,32,1501,44,124,0.355,131,43,116,0.371,0.528
2016-17,201935,James Harden,1610612745,HOU,81,54,27,2947,80,203,0.394,237,77,196,0.393,0.584
2016-17,201949,James Johnson,1610612748,MIA,76,40,36,2085,86,226,0.381,248,76,205,0.371,0.549
2016-17,2592,James Jones,1610612739,CLE,48,28,20,381,26,61,0.426,75,23,54,0.426,0.615
2016-17,203949,James Michael McAdoo,1610612744,GSW,52,43,9,457,4,17,0.235,10,2,8,0.25,0.294
2016-17,203923,James Young,1610612738,BOS,29,16,13,220,12,36,0.333,35,11,34,0.324,0.486
2016-17,201162,Jared Dudley,1610612756,PHX,64,17,47,1362,98,247,0.397,269,73,197,0.371,0.545
2016-17,203096,Jared Sullinger,1610612761,TOR,11,2,9,118,6,24,0.25,15,3,17,0.176,0.313
2016-17,204067,Jarell Eddie,1610612756,PHX,5,0,5,62,4,13,0.308,12,4,13,0.308,0.462
2016-17,1626185,Jarell Martin,1610612763,MEM,42,23,19,558,15,45,0.333,39,9,24,0.375,0.433
2016-17,203950,Jarnell Stokes,1610612743,DEN,2,0,2,7,0,0,,0,,,,
2016-17,101127,Jarrett Jack,1610612740,NOP,2,1,1,33,0,0,,0,0,0,,
2016-17,1627784,Jarrod Uthoff,1610612742,DAL,9,2,7,115,4,14,0.286,10,2,8,0.25,0.357
2016-17,201160,Jason Smith,1610612764,WAS,74,45,29,1068,123,237,0.519,283,37,78,0.474,0.597
2016-17,1891,Jason Terry,1610612749,MIL,74,37,37,1365,68,159,0.428,202,66,153,0.431,0.635
2016-17,1627759,Jaylen Brown,1610612738,BOS,78,50,28,1341,47,124,0.379,138,44,120,0.367,0.556
2016-17,201145,Jeff Green,1610612753,ORL,69,26,43,1534,53,181,0.293,150,44,157,0.28,0.414
2016-17,201952,Jeff Teague,1610612754,IND,82,42,40,2657,50,130,0.385,149,49,126,0.389,0.573
2016-17,203481,Jeff Withey,1610612762,UTA,51,33,18,432,3,7,0.429,6,0,1,0,0.429
2016-17,203924,Jerami Grant,1610612760,OKC,80,43,37,1531,50,135,0.37,142,42,112,0.375,0.526
2016-17,203087,Jeremy Lamb,1610612766,CHA,62,27,35,1143,45,121,0.372,120,30,92,0.326,0.496
2016-17,202391,Jeremy Lin,1610612751,BKN,36,13,23,883,34,84,0.405,98,30,77,0.39,0.583
2016-17,1626170,Jerian Grant,1610612741,CHI,63,29,34,1028,38,100,0.38,111,35,96,0.365,0.555
2016-17,201573,Jerryd Bayless,1610612755,PHI,3,1,2,71,1,1,1,2,0,0,,1
2016-17,202710,Jimmy Butler III,1610612741,CHI,76,40,36,2809,74,170,0.435,201,53,120,0.442,0.591
2016-17,201149,Joakim Noah,1610612752,NYK,46,17,29,1015,0,3,0,0,0,1,0,0
2016-17,201975,Jodie Meeks,1610612753,ORL,36,14,22,738,54,127,0.425,159,51,114,0.447,0.626
2016-17,203925,Joe Harris,1610612751,BKN,52,10,42,1138,76,192,0.396,223,71,181,0.392,0.581
2016-17,204060,Joe Ingles,1610612762,UTA,82,51,31,1972,95,207,0.459,282,92,201,0.458,0.681
2016-17,2207,Joe Johnson,1610612762,UTA,78,47,31,1843,88,212,0.415,262,86,204,0.422,0.618
2016-17,1626202,Joe Young,1610612754,IND,33,18,15,135,2,10,0.2,6,2,9,0.222,0.3
2016-17,201202,Joel Anthony,1610612759,SAS,19,15,4,122,1,2,0.5,2,,,,0.5
2016-17,1627762,Joel Bolomboy,1610612762,UTA,12,8,4,53,1,4,0.25,3,1,4,0.25,0.375
2016-17,203954,Joel Embiid,1610612755,PHI,31,13,18,786,45,110,0.409,122,32,84,0.381,0.555
2016-17,203530,Joffrey Lauvergne,1610612741,CHI,70,41,29,980,43,128,0.336,119,33,96,0.344,0.465
2016-17,203089,John Henson,1610612749,MIL,58,26,32,1123,8,37,0.216,16,0,1,0,0.216
2016-17,203098,John Jenkins,1610612756,PHX,4,0,4,13,1,2,0.5,2,0,1,0,0.5
2016-17,101249,John Lucas III,1610612750,MIN,5,3,2,11,0,0,,0,0,0,,
2016-17,202322,John Wall,1610612764,WAS,78,48,30,2835,50,145,0.345,147,47,131,0.359,0.507
2016-17,203948,Johnny O'Bryant III,1610612766,CHA,11,4,7,81,7,13,0.538,17,3,6,0.5,0.654
2016-17,202720,Jon Leuer,1610612765,DET,75,34,41,1944,102,284,0.359,253,49,166,0.295,0.445
2016-17,201973,Jonas Jerebko,1610612738,BOS,78,51,27,1232,48,135,0.356,141,45,128,0.352,0.522
2016-17,202685,Jonas Valanciunas,1610612761,TOR,80,50,30,2065,63,126,0.5,127,1,2,0.5,0.504
2016-17,1626780,Jonathan Gibson,1610612742,DAL,17,4,13,231,13,31,0.419,38,12,30,0.4,0.613
2016-17,203613,Jonathon Simmons,1610612759,SAS,78,60,18,1392,30,91,0.33,86,26,81,0.321,0.473
2016-17,203903,Jordan Clarkson,1610612747,LAL,82,26,56,2397,82,229,0.358,236,72,204,0.353,0.515
2016-17,202348,Jordan Crawford,1610612740,NOP,19,9,10,442,27,67,0.403,80,26,62,0.419,0.597
2016-17,200770,Jordan Farmar,1610612758,SAC,2,1,1,35,3,8,0.375,9,3,8,0.375,0.563
2016-17,201941,Jordan Hill,1610612750,MIN,7,2,5,47,0,2,0,0,,,,0
2016-17,203895,Jordan McRae,1610612739,CLE,37,26,11,384,17,45,0.378,51,17,42,0.405,0.567
2016-17,1626175,Jordan Mickey,1610612738,BOS,25,9,16,141,2,6,0.333,4,0,1,0,0.333
2016-17,101181,Jose Calderon,1610612737,ATL,41,15,26,539,20,59,0.339,58,18,55,0.327,0.492
2016-17,203962,Josh Huestis,1610612760,OKC,2,0,2,31,3,5,0.6,8,2,4,0.5,0.8
2016-17,201177,Josh McRoberts,1610612748,MIA,22,6,16,381,21,51,0.412,55,13,31,0.419,0.539
2016-17,1626196,Josh Richardson,1610612748,MIA,53,23,30,1614,72,234,0.308,207,63,199,0.317,0.442
2016-17,201950,Jrue Holiday,1610612740,NOP,67,32,35,2190,28,90,0.311,81,25,84,0.298,0.45
2016-17,1627823,Juancho Hernangomez,1610612743,DEN,62,30,32,842,46,115,0.4,138,46,112,0.411,0.6
2016-17,203944,Julius Randle,1610612747,LAL,74,24,50,2132,32,94,0.34,80,16,55,0.291,0.426
2016-17,1626147,Justin Anderson,1610612755,PHI,75,24,51,1227,53,171,0.31,157,51,160,0.319,0.459
2016-17,203120,Justin Hamilton,1610612751,BKN,64,14,50,1177,69,206,0.335,193,55,177,0.311,0.468
2016-17,202712,Justin Harper,1610612755,PHI,3,1,2,31,4,9,0.444,10,2,7,0.286,0.556
2016-17,203200,Justin Holiday,1610612752,NYK,82,31,51,1639,112,294,0.381,311,87,241,0.361,0.529
2016-17,1626159,Justise Winslow,1610612748,MIA,18,4,14,625,13,52,0.25,33,7,32,0.219,0.317
2016-17,203994,Jusuf Nurkić,1610612757,POR,65,34,31,1391,15,43,0.349,30,0,1,0,0.349
2016-17,203909,KJ McDaniels,1610612751,BKN,49,28,21,506,19,61,0.311,57,19,61,0.311,0.467
2016-17,1626157,Karl-Anthony Towns,1610612750,MIN,82,31,51,3030,153,366,0.418,400,94,243,0.387,0.546
2016-17,202695,Kawhi Leonard,1610612759,SAS,74,54,20,2474,150,324,0.463,402,102,237,0.43,0.62
2016-17,1627770,Kay Felder,1610612739,CLE,42,25,17,386,6,13,0.462,17,5,11,0.455,0.654
2016-17,203482,Kelly Olynyk,1610612738,BOS,75,49,26,1538,75,208,0.361,213,63,178,0.354,0.512
2016-17,1626162,Kelly Oubre Jr.,1610612764,WAS,79,47,32,1605,57,185,0.308,164,50,170,0.294,0.443
2016-17,202689,Kemba Walker,1610612766,CHA,79,36,43,2739,112,242,0.463,326,102,224,0.455,0.674
2016-17,202702,Kenneth Faried,1610612743,DEN,61,29,32,1296,5,18,0.278,10,0,4,0,0.278
2016-17,203145,Kent Bazemore,1610612737,ATL,73,39,34,1963,81,236,0.343,232,70,201,0.348,0.492
2016-17,203484,Kentavious Caldwell-Pope,1610612765,DET,76,33,43,2528,127,331,0.384,359,105,286,0.367,0.542
2016-17,201142,Kevin Durant,1610612744,GSW,62,51,11,2070,139,296,0.47,369,91,212,0.429,0.623
2016-17,201567,Kevin Love,1610612739,CLE,60,40,20,1885,153,401,0.382,446,140,355,0.394,0.556
2016-17,202338,Kevin Seraphin,1610612754,IND,49,23,26,559,25,57,0.439,50,0,1,0,0.439
2016-17,1626172,Kevon Looney,1610612744,GSW,53,44,9,447,2,16,0.125,6,2,9,0.222,0.188
2016-17,203114,Khris Middleton,1610612749,MIL,29,19,10,889,47,104,0.452,135,41,88,0.466,0.649
2016-17,202691,Klay Thompson,1610612744,GSW,78,66,12,2649,335,739,0.453,915,245,561,0.437,0.619
2016-17,201585,Kosta Koufos,1610612758,SAC,71,27,44,1419,13,35,0.371,26,0,0,,0.371
2016-17,1627739,Kris Dunn,1610612750,MIN,78,30,48,1333,18,69,0.261,49,13,54,0.241,0.355
2016-17,2743,Kris Humphries,1610612737,ATL,56,31,25,689,37,99,0.374,93,19,53,0.358,0.47
2016-17,204001,Kristaps Porziņģis,1610612752,NYK,66,26,40,2164,163,417,0.391,433,107,294,0.364,0.519
2016-17,203937,Kyle Anderson,1610612759,SAS,72,53,19,1020,20,58,0.345,54,14,39,0.359,0.466
2016-17,2594,Kyle Korver,1610612739,CLE,67,33,34,1753,169,365,0.463,474,136,294,0.463,0.649
2016-17,200768,Kyle Lowry,1610612761,TOR,60,36,24,2244,80,206,0.388,239,79,195,0.405,0.58
2016-17,203124,Kyle O'Quinn,1610612752,NYK,79,29,50,1229,54,131,0.412,110,2,12,0.167,0.42
2016-17,202713,Kyle Singler,1610612760,OKC,32,15,17,385,6,37,0.162,18,6,35,0.171,0.243
2016-17,1627787,Kyle Wiltjer,1610612745,HOU,14,12,2,44,3,11,0.273,9,3,11,0.273,0.409
2016-17,202681,Kyrie Irving,1610612739,CLE,72,47,25,2525,92,201,0.458,265,81,173,0.468,0.659
2016-17,200746,LaMarcus Aldridge,1610612759,SAS,72,52,20,2335,169,388,0.436,358,20,50,0.4,0.461
2016-17,203934,Lamar Patterson,1610612737,ATL,5,1,4,40,1,3,0.333,3,1,3,0.333,0.5
2016-17,202362,Lance Stephenson,1610612754,IND,18,8,10,362,6,17,0.353,17,5,14,0.357,0.5
2016-17,202498,Lance Thomas,1610612752,NYK,46,15,31,968,49,112,0.438,135,37,82,0.451,0.603
2016-17,204038,Langston Galloway,1610612758,SAC,74,29,45,1494,127,301,0.422,364,110,260,0.423,0.605
2016-17,1626204,Larry Nance Jr.,1610612747,LAL,63,21,42,1442,51,137,0.372,112,10,34,0.294,0.409
2016-17,202336,Larry Sanders,1610612739,CLE,5,2,3,13,0,0,,0,,,,
2016-17,202730,Lavoy Allen,1610612754,IND,61,31,30,871,21,56,0.375,42,0,1,0,0.375
2016-17,2544,LeBron James,1610612739,CLE,74,51,23,2795,55,142,0.387,156,46,117,0.393,0.549
2016-17,2571,Leandro Barbosa,1610612756,PHX,67,20,47,963,33,92,0.359,93,27,79,0.342,0.505
2016-17,101150,Lou Williams,1610612745,HOU,81,34,47,1993,85,220,0.386,248,78,205,0.38,0.564
2016-17,201601,Luc Mbah a Moute,1610612746,LAC,80,49,31,1787,65,155,0.419,170,40,103,0.388,0.548
2016-17,203512,Lucas Nogueira,1610612761,TOR,57,34,23,1088,5,17,0.294,13,3,10,0.3,0.382
2016-17,2449,Luis Scola,1610612751,BKN,36,7,29,461,15,50,0.3,44,14,44,0.318,0.44
2016-17,202337,Luke Babbitt,1610612748,MIA,68,35,33,1065,89,213,0.418,259,81,198,0.409,0.608
2016-17,2736,Luol Deng,1610612747,LAL,56,18,38,1486,47,151,0.311,136,42,129,0.326,0.45
2016-17,1627781,Malachi Richardson,1610612758,SAC,22,9,13,198,5,16,0.313,15,5,14,0.357,0.469
2016-17,1627763,Malcolm Brogdon,1610612749,MIL,75,38,37,1982,72,170,0.424,210,66,150,0.44,0.618
2016-17,1627098,Malcolm Delaney,1610612737,ATL,73,37,36,1248,25,96,0.26,69,19,79,0.241,0.359
2016-17,1627736,Malik Beasley,1610612743,DEN,22,12,10,165,8,27,0.296,24,8,25,0.32,0.444
2016-17,202412,Manny Harris,1610612742,DAL,4,1,3,25,0,2,0,0,0,2,0,0
2016-17,1938,Manu Ginobili,1610612759,SAS,69,51,18,1291,68,178,0.382,201,65,168,0.387,0.565
2016-17,201188,Marc Gasol,1610612763,MEM,74,40,34,2531,200,489,0.409,499,99,251,0.394,0.51
2016-17,1626273,Marcelo Huertas,1610612747,LAL,23,5,18,237,4,12,0.333,10,2,9,0.222,0.417
2016-17,101162,Marcin Gortat,1610612764,WAS,82,49,33,2555,26,72,0.361,52,0,2,0,0.361
2016-17,201158,Marco Belinelli,1610612766,CHA,74,34,40,1778,115,283,0.406,304,74,187,0.396,0.537
2016-17,1627875,Marcus Georges-Hunt,1610612753,ORL,5,2,3,48,1,1,1,3,1,1,1,1.5
2016-17,202694,Marcus Morris Sr.,1610612765,DET,79,36,43,2565,127,334,0.38,354,100,278,0.36,0.53
2016-17,203935,Marcus Smart,1610612738,BOS,79,51,28,2399,85,274,0.31,251,81,257,0.315,0.458
2016-17,201977,Marcus Thornton,1610612764,WAS,33,15,18,575,22,65,0.338,61,17,52,0.327,0.469
2016-17,1626209,Mario Hezonja,1610612753,ORL,65,20,45,960,50,155,0.323,137,37,120,0.308,0.442
2016-17,202693,Markieff Morris,1610612764,WAS,76,45,31,2374,97,271,0.358,260,66,183,0.361,0.48
2016-17,1627737,Marquese Chriss,1610612756,PHX,82,24,58,1743,88,261,0.337,243,67,213,0.315,0.466
2016-17,201578,Marreese Speights,1610612746,LAC,82,51,31,1286,109,292,0.373,318,100,267,0.375,0.545
2016-17,1627850,Marshall Plumlee,1610612752,NYK,21,6,15,170,0,0,,0,,,,
2016-17,101107,Marvin Williams,1610612766,CHA,76,32,44,2295,137,386,0.355,395,121,346,0.35,0.512
2016-17,203486,Mason Plumlee,1610612743,DEN,81,38,43,2148,17,50,0.34,34,0,3,0,0.34
2016-17,2440,Matt Barnes,1610612744,GSW,74,38,36,1776,86,251,0.343,248,76,226,0.336,0.494
2016-17,203521,Matthew Dellavedova,1610612749,MIL,76,39,37,1986,76,201,0.378,216,64,173,0.37,0.537
2016-17,203090,Maurice Harkless,1610612757,POR,77,38,39,2223,70,196,0.357,208,68,183,0.372,0.531
2016-17,1626254,Maurice Ndour,1610612752,NYK,32,10,22,331,8,22,0.364,17,1,7,0.143,0.386
2016-17,1897,Metta World Peace,1610612747,LAL,25,8,17,160,8,35,0.229,24,8,32,0.25,0.343
2016-17,203086,Meyers Leonard,1610612757,POR,74,37,37,1222,94,250,0.376,258,70,193,0.363,0.516
2016-17,201563,Michael Beasley,1610612749,MIL,56,23,33,935,39,88,0.443,96,18,40,0.45,0.545
2016-17,203487,Michael Carter-Williams,1610612741,CHI,45,25,20,846,17,62,0.274,48,14,55,0.255,0.387
2016-17,1627771,Michael Gbinije,1610612765,DET,9,7,2,32,0,3,0,0,0,3,0,0
2016-17,203077,Michael Kidd-Gilchrist,1610612766,CHA,81,36,45,2349,22,75,0.293,45,1,8,0.125,0.3
2016-17,201144,Mike Conley,1610612763,MEM,69,35,34,2292,84,190,0.442,241,73,163,0.448,0.634
2016-17,2399,Mike Dunleavy,1610612737,ATL,53,34,19,841,50,133,0.376,147,47,119,0.395,0.553
2016-17,2034,Mike Miller,1610612743,DEN,20,9,11,151,7,18,0.389,21,7,17,0.412,0.583
2016-17,203488,Mike Muscala,1610612737,ATL,70,36,34,1237,87,198,0.439,220,46,109,0.422,0.556
2016-17,203118,Mike Scott,1610612737,ATL,18,7,11,195,7,35,0.2,17,3,25,0.12,0.243
2016-17,1627861,Mike Tobey,1610612766,CHA,2,0,2,25,0,1,0,0,,,,0
2016-17,203101,Miles Plumlee,1610612766,CHA,45,19,26,485,1,2,0.5,2,,,,0.5
2016-17,1627851,Mindaugas Kuzminskas,1610612752,NYK,68,24,44,1016,49,152,0.322,146,48,149,0.322,0.48
2016-17,203141,Mirza Teletovic,1610612749,MIL,70,36,34,1133,100,290,0.345,298,98,280,0.35,0.514
2016-17,101145,Monta Ellis,1610612754,IND,74,39,35,1998,46,137,0.336,128,36,113,0.319,0.467
2016-17,1626149,Montrezl Harrell,1610612745,HOU,58,39,19,1064,9,34,0.265,18,0,6,0,0.265
2016-17,1626167,Myles Turner,1610612754,IND,81,42,39,2541,164,401,0.409,364,36,111,0.324,0.454
2016-17,202357,Nemanja Bjelica,1610612750,MIN,65,28,37,1190,57,168,0.339,167,53,160,0.331,0.497
2016-17,2403,Nene,1610612745,HOU,67,47,20,1198,24,59,0.407,50,2,7,0.286,0.424
2016-17,203457,Nerlens Noel,1610612742,DAL,51,24,27,1047,19,50,0.38,38,0,0,,0.38
2016-17,2555,Nick Collison,1610612760,OKC,20,10,10,128,2,4,0.5,4,0,1,0,0.5
2016-17,201156,Nick Young,1610612747,LAL,60,19,41,1556,132,303,0.436,390,126,287,0.439,0.644
2016-17,201587,Nicolas Batum,1610612766,CHA,77,35,42,2617,134,380,0.353,371,103,305,0.338,0.488
2016-17,1627852,Nicolas Brussino,1610612742,DAL,54,18,36,521,30,95,0.316,88,28,86,0.326,0.463
2016-17,1627879,Nicolas Laprovittola,1610612759,SAS,18,15,3,174,10,19,0.526,29,9,18,0.5,0.763
2016-17,203917,Nik Stauskas,1610612755,PHI,80,27,53,2188,101,241,0.419,299,97,231,0.42,0.62
2016-17,203999,Nikola Jokić,1610612743,DEN,73,37,36,2038,94,206,0.456,226,38,109,0.349,0.549
2016-17,202703,Nikola Mirotic,1610612741,CHI,70,37,33,1679,116,357,0.325,344,112,336,0.333,0.482
2016-17,202696,Nikola Vučević,1610612753,ORL,75,27,48,2163,155,382,0.406,333,23,74,0.311,0.436
2016-17,203943,Noah Vonleh,1610612757,POR,74,38,36,1265,24,58,0.414,54,6,16,0.375,0.466
2016-17,1626181,Norman Powell,1610612761,TOR,76,47,29,1368,50,148,0.338,149,49,144,0.34,0.503
2016-17,202708,Norris Cole,1610612760,OKC,13,5,8,125,4,10,0.4,11,3,8,0.375,0.55
2016-17,1627855,Okaro White,1610612748,MIA,35,26,9,471,12,33,0.364,36,12,32,0.375,0.545
2016-17,201600,Omer Asik,1610612740,NOP,31,12,19,482,0,0,,0,,,,
2016-17,201956,Omri Casspi,1610612750,MIN,36,12,24,642,15,36,0.417,44,14,35,0.4,0.611
2016-17,203490,Otto Porter Jr.,1610612764,WAS,80,48,32,2605,193,412,0.468,530,144,324,0.444,0.643
2016-17,200782,P.J. Tucker,1610612761,TOR,81,35,46,2236,82,205,0.4,231,67,180,0.372,0.563
2016-17,1627783,Pascal Siakam,1610612761,TOR,55,35,20,859,18,49,0.367,37,1,7,0.143,0.378
2016-17,1626192,Pat Connaughton,1610612757,POR,39,18,21,316,16,31,0.516,48,16,30,0.533,0.774
2016-17,1627868,Patricio Garino,1610612753,ORL,5,2,3,43,0,5,0,0,0,5,0,0
2016-17,201976,Patrick Beverley,1610612745,HOU,67,46,21,2058,84,219,0.384,251,83,213,0.39,0.573
2016-17,1627775,Patrick McCaw,1610612744,GSW,71,57,14,1074,39,120,0.325,113,35,106,0.33,0.471
2016-17,202335,Patrick Patterson,1610612761,TOR,65,42,23,1599,101,269,0.375,293,91,248,0.367,0.545
2016-17,201988,Patty Mills,1610612759,SAS,80,60,20,1754,107,258,0.415,314,100,238,0.42,0.609
2016-17,2200,Pau Gasol,1610612759,SAS,64,47,17,1627,130,257,0.506,315,55,100,0.55,0.613
2016-17,202331,Paul George,1610612754,IND,75,39,36,2689,195,457,0.427,538,148,358,0.413,0.589
2016-17,200794,Paul Millsap,1610612737,ATL,69,40,29,2343,100,298,0.336,268,68,218,0.312,0.45
2016-17,1718,Paul Pierce,1610612746,LAC,25,16,9,277,17,44,0.386,49,15,40,0.375,0.557
2016-17,1627835,Paul Zipser,1610612741,CHI,44,21,23,843,36,99,0.364,105,33,90,0.367,0.53
2016-17,203510,Pierre Jackson,1610612742,DAL,9,4,5,84,2,8,0.25,6,2,8,0.25,0.375
2016-17,203112,Quincy Acy,1610612751,BKN,38,11,27,558,40,94,0.426,116,36,86,0.419,0.617
2016-17,1626188,Quinn Cook,1610612740,NOP,14,9,5,187,5,17,0.294,15,5,17,0.294,0.441
2016-17,1626154,RJ Hunter,1610612741,CHI,3,2,1,9,0,1,0,0,0,1,0,0
2016-17,200765,Rajon Rondo,1610612741,CHI,69,34,35,1843,52,135,0.385,147,43,107,0.402,0.544
2016-17,1626176,Rakeem Christmas,1610612754,IND,29,14,15,219,0,3,0,0,,,,0
2016-17,201196,Ramon Sessions,1610612766,CHA,50,23,27,811,17,55,0.309,49,15,46,0.326,0.445
2016-17,200751,Randy Foye,1610612751,BKN,69,17,52,1284,47,138,0.341,141,47,135,0.348,0.511
2016-17,1626173,Rashad Vaughn,1610612749,MIL,41,18,23,459,24,79,0.304,68,20,68,0.294,0.43
2016-17,203526,Raul Neto,1610612762,UTA,40,24,16,346,9,28,0.321,26,8,25,0.32,0.464
2016-17,101109,Raymond Felton,1610612746,LAC,80,50,30,1700,34,94,0.362,99,31,87,0.356,0.527
2016-17,203493,Reggie Bullock Jr.,1610612765,DET,31,13,18,467,30,78,0.385,88,28,72,0.389,0.564
2016-17,202704,Reggie Jackson,1610612765,DET,52,23,29,1424,30,85,0.353,88,28,79,0.354,0.518
2016-17,202130,Reggie Williams,1610612740,NOP,6,1,5,79,4,11,0.364,12,4,10,0.4,0.545
2016-17,2210,Richard Jefferson,1610612739,CLE,79,50,29,1614,61,178,0.343,181,59,169,0.349,0.508
2016-17,1626158,Richaun Holmes,1610612755,PHI,57,16,41,1193,49,123,0.398,125,27,75,0.36,0.508
2016-17,201937,Ricky Rubio,1610612750,MIN,75,28,47,2469,72,206,0.35,198,54,168,0.321,0.481
2016-17,203496,Robert Covington,1610612755,PHI,67,27,40,2119,125,395,0.316,372,122,379,0.322,0.471
2016-17,201577,Robin Lopez,1610612741,CHI,81,40,41,2271,112,251,0.446,224,0,2,0,0.446
2016-17,203918,Rodney Hood,1610612762,UTA,59,40,19,1593,87,222,0.392,255,81,203,0.399,0.574
2016-17,203585,Rodney McGruder,1610612748,MIA,78,40,38,1966,75,220,0.341,220,70,203,0.345,0.5
2016-17,201155,Rodney Stuckey,1610612754,IND,39,17,22,696,17,53,0.321,47,13,45,0.289,0.443
2016-17,1627758,Ron Baker,1610612752,NYK,52,14,38,857,21,75,0.28,60,18,68,0.265,0.4
2016-17,1626178,Rondae Hollis-Jefferson,1610612751,BKN,78,19,59,1761,19,87,0.218,50,12,60,0.2,0.287
2016-17,101179,Ronnie Price,1610612756,PHX,14,4,10,134,2,13,0.154,6,2,13,0.154,0.231
2016-17,201579,Roy Hibbert,1610612743,DEN,48,24,24,682,18,40,0.45,36,,,,0.45
2016-17,200752,Rudy Gay,1610612758,SAC,30,11,19,1013,40,108,0.37,113,33,89,0.371,0.523
2016-17,203497,Rudy Gobert,1610612762,UTA,81,51,30,2744,5,9,0.556,10,0,1,0,0.556
2016-17,201566,Russell Westbrook,1610612760,OKC,81,46,35,2802,66,186,0.355,186,54,156,0.346,0.5
2016-17,201583,Ryan Anderson,1610612745,HOU,72,50,22,2116,194,471,0.412,581,193,468,0.412,0.617
2016-17,203527,Ryan Kelly,1610612737,ATL,16,6,10,110,5,15,0.333,14,4,10,0.4,0.467
2016-17,1626257,Salah Mejri,1610612742,DAL,73,29,44,905,5,17,0.294,11,1,3,0.333,0.324
2016-17,1626155,Sam Dekker,1610612745,HOU,77,52,25,1419,56,173,0.324,165,53,166,0.319,0.477
2016-17,2756,Sasha Vujacic,1610612752,NYK,42,14,28,408,22,74,0.297,58,14,56,0.25,0.392
2016-17,203930,Sean Kilpatrick,1610612751,BKN,70,14,56,1754,79,237,0.333,230,72,216,0.333,0.485
2016-17,203902,Semaj Christon,1610612760,OKC,64,36,28,973,12,54,0.222,34,10,49,0.204,0.315
2016-17,201586,Serge Ibaka,1610612761,TOR,79,37,42,2422,212,509,0.417,545,121,311,0.389,0.535
2016-17,200771,Sergio Rodriguez,1610612755,PHI,68,24,44,1517,41,106,0.387,119,37,97,0.381,0.561
2016-17,203552,Seth Curry,1610612742,DAL,70,30,40,2029,86,218,0.394,256,84,209,0.402,0.587
2016-17,203498,Shabazz Muhammad,1610612750,MIN,78,29,49,1516,48,154,0.312,141,45,138,0.326,0.458
2016-17,203894,Shabazz Napier,1610612757,POR,53,26,27,512,19,47,0.404,57,19,46,0.413,0.606
2016-17,2733,Shaun Livingston,1610612744,GSW,76,63,13,1345,12,28,0.429,25,1,3,0.333,0.446
2016-17,1627848,Shawn Long,1610612755,PHI,18,5,13,234,9,20,0.45,25,7,15,0.467,0.625
2016-17,1627815,Sheldon Mac,1610612764,WAS,30,17,13,287,6,29,0.207,17,5,27,0.185,0.293
2016-17,202714,Shelvin Mack,1610612762,UTA,55,34,21,1205,24,69,0.348,69,21,65,0.323,0.5
2016-17,1627746,Skal Labissiere,1610612758,SAC,33,9,24,612,25,49,0.51,53,3,7,0.429,0.541
2016-17,203524,Solomon Hill,1610612740,NOP,80,34,46,2374,90,250,0.36,270,90,245,0.367,0.54
2016-17,203915,Spencer Dinwiddie,1610612751,BKN,59,13,46,1334,22,46,0.478,63,19,42,0.452,0.685
2016-17,201150,Spencer Hawes,1610612749,MIL,54,27,27,797,40,111,0.36,105,25,78,0.321,0.473
2016-17,1626169,Stanley Johnson,1610612765,DET,77,35,42,1371,41,143,0.287,121,39,134,0.291,0.423
2016-17,201939,Stephen Curry,1610612744,GSW,79,65,14,2639,192,414,0.464,552,168,371,0.453,0.667
2016-17,1627757,Stephen Zimmerman,1610612753,ORL,19,8,11,108,2,10,0.2,4,,,,0.2
2016-17,200779,Steve Novak,1610612749,MIL,8,6,2,22,1,6,0.167,3,1,6,0.167,0.25
2016-17,203500,Steven Adams,1610612760,OKC,80,47,33,2389,18,38,0.474,36,0,1,0,0.474
2016-17,204456,T.J. McConnell,1610612755,PHI,81,27,54,2133,13,49,0.265,35,9,39,0.231,0.357
2016-17,203933,T.J. Warren,1610612756,PHX,66,20,46,2048,57,158,0.361,137,23,83,0.277,0.434
2016-17,201959,Taj Gibson,1610612760,OKC,78,41,37,1989,69,181,0.381,141,3,13,0.231,0.39
2016-17,204028,Tarik Black,1610612747,LAL,67,24,43,1091,2,10,0.2,4,0,1,0,0.2
2016-17,1627752,Taurean Prince,1610612737,ATL,59,28,31,981,33,92,0.359,95,29,86,0.337,0.516
2016-17,203093,Terrence Jones,1610612749,MIL,54,20,34,1271,31,94,0.33,79,17,59,0.288,0.42
2016-17,203082,Terrence Ross,1610612753,ORL,78,39,39,1955,138,360,0.383,390,114,305,0.374,0.542
2016-17,1626179,Terry Rozier,1610612738,BOS,74,47,27,1263,46,134,0.343,135,43,124,0.347,0.504
2016-17,200757,Thabo Sefolosha,1610612737,ATL,62,32,30,1596,51,147,0.347,141,39,111,0.351,0.48
2016-17,201152,Thaddeus Young,1610612754,IND,74,40,34,2237,55,153,0.359,153,43,112,0.384,0.5
2016-17,203080,Thomas Robinson,1610612747,LAL,48,15,33,560,2,10,0.2,4,0,1,0,0.2
2016-17,1627748,Thon Maker,1610612749,MIL,57,31,26,562,31,91,0.341,89,27,72,0.375,0.489
2016-17,201168,Tiago Splitter,1610612755,PHI,8,1,7,76,2,6,0.333,6,2,6,0.333,0.5
2016-17,204025,Tim Frazier,1610612740,NOP,65,26,39,1525,21,73,0.288,62,20,63,0.317,0.425
2016-17,203501,Tim Hardaway Jr.,1610612737,ATL,79,42,37,2153,121,334,0.362,354,112,312,0.359,0.53
2016-17,1627817,Tim Quarterman,1610612757,POR,16,6,10,80,4,9,0.444,12,4,9,0.444,0.667
2016-17,202389,Timofey Mozgov,1610612747,LAL,54,16,38,1104,41,82,0.5,82,0,1,0,0.5
2016-17,1627789,Timothe Luwawu-Cabarrot,1610612755,PHI,69,23,46,1190,48,153,0.314,144,48,151,0.318,0.471
2016-17,202699,Tobias Harris,1610612765,DET,82,37,45,2566,127,340,0.374,360,106,298,0.356,0.529
2016-17,203107,Tomas Satoransky,1610612764,WAS,57,33,24,719,9,30,0.3,26,8,28,0.286,0.433
2016-17,201962,Toney Douglas,1610612763,MEM,24,15,9,394,3,16,0.188,8,2,14,0.143,0.25
2016-17,2754,Tony Allen,1610612763,MEM,71,36,35,1914,27,85,0.318,69,15,52,0.288,0.406
2016-17,2225,Tony Parker,1610612759,SAS,63,46,17,1587,33,89,0.371,87,21,65,0.323,0.489
2016-17,203503,Tony Snell,1610612749,MIL,80,42,38,2336,155,374,0.414,452,142,342,0.415,0.604
2016-17,1626203,Treveon Graham,1610612766,CHA,27,10,17,189,9,16,0.563,27,9,15,0.6,0.844
2016-17,2772,Trevor Ariza,1610612745,HOU,80,53,27,2773,165,465,0.355,495,165,462,0.357,0.532
2016-17,202344,Trevor Booker,1610612751,BKN,71,18,53,1754,27,75,0.36,71,17,49,0.347,0.473
2016-17,203504,Trey Burke,1610612764,WAS,57,35,22,703,30,66,0.455,82,22,51,0.431,0.621
2016-17,1626168,Trey Lyles,1610612762,UTA,71,43,28,1158,68,200,0.34,197,61,188,0.324,0.493
2016-17,202684,Tristan Thompson,1610612739,CLE,78,50,28,2336,2,12,0.167,4,0,2,0,0.167
2016-17,203584,Troy Daniels,1610612763,MEM,67,33,34,1183,118,315,0.375,338,102,275,0.371,0.537
2016-17,1627786,Troy Williams,1610612745,HOU,30,19,11,557,16,55,0.291,48,16,54,0.296,0.436
2016-17,201951,Ty Lawson,1610612758,SAC,69,25,44,1732,33,92,0.359,89,23,76,0.303,0.484
2016-17,203898,Tyler Ennis,1610612747,LAL,53,28,25,588,10,27,0.37,29,9,26,0.346,0.537
2016-17,204020,Tyler Johnson,1610612748,MIA,73,35,38,2177,115,305,0.377,318,88,232,0.379,0.521
2016-17,1627755,Tyler Ulis,1610612756,PHX,61,15,46,1123,14,38,0.368,39,11,33,0.333,0.513
2016-17,203092,Tyler Zeller,1610612738,BOS,51,32,19,525,17,47,0.362,34,0,1,0,0.362
2016-17,201936,Tyreke Evans,1610612758,SAC,40,17,23,788,19,51,0.373,55,17,47,0.362,0.539
2016-17,2199,Tyson Chandler,1610612756,PHX,47,15,32,1298,0,2,0,0,,,,0
2016-17,1626145,Tyus Jones,1610612750,MIN,60,23,37,774,23,56,0.411,69,23,56,0.411,0.616
2016-17,2617,Udonis Haslem,1610612748,MIA,16,6,10,130,0,7,0,0,0,3,0,0
2016-17,203506,Victor Oladipo,1610612760,OKC,67,39,28,2223,125,337,0.371,359,109,299,0.365,0.533
2016-17,1713,Vince Carter,1610612763,MEM,73,36,37,1800,106,260,0.408,309,97,241,0.402,0.594
2016-17,1627735,Wade Baldwin IV,1610612763,MEM,33,18,15,405,1,13,0.077,3,1,10,0.1,0.115
2016-17,201961,Wayne Ellington,1610612748,MIA,62,35,27,1500,141,359,0.393,399,117,311,0.376,0.556
2016-17,1627782,Wayne Selden,1610612763,MEM,14,6,8,236,7,23,0.304,21,7,23,0.304,0.457
2016-17,202325,Wesley Johnson,1610612746,LAC,68,40,28,810,38,128,0.297,103,27,110,0.245,0.402
2016-17,202083,Wesley Matthews,1610612742,DAL,73,29,44,2495,136,360,0.378,403,131,346,0.379,0.56
2016-17,203115,Will Barton,1610612743,DEN,60,31,29,1705,55,157,0.35,162,52,151,0.344,0.516
2016-17,1626161,Willie Cauley-Stein,1610612758,SAC,75,29,46,1421,18,53,0.34,36,0,1,0,0.34
2016-17,203186,Willie Reed,1610612748,MIA,71,39,32,1031,13,30,0.433,27,1,3,0.333,0.45
2016-17,1626195,Willy Hernangomez,1610612752,NYK,72,27,45,1324,31,77,0.403,66,4,14,0.286,0.429
2016-17,201163,Wilson Chandler,1610612743,DEN,71,35,36,2197,98,285,0.344,284,88,263,0.335,0.498
2016-17,1627812,Yogi Ferrell,1610612742,DAL,46,18,28,1197,35,93,0.376,103,33,89,0.371,0.554
2016-17,203897,Zach LaVine,1610612750,MIN,47,16,31,1749,82,198,0.414,242,78,185,0.422,0.611
2016-17,2216,Zach Randolph,1610612763,MEM,73,38,35,1786,67,205,0.327,152,18,82,0.22,0.371
2016-17,2585,Zaza Pachulia,1610612744,GSW,70,58,12,1268,18,48,0.375,36,0,1,0,0.375
2017-18,201166,Aaron Brooks,1610612750,MIN,32,19,13,189,8,16,0.5,24,8,15,0.533,0.75
2017-18,203932,Aaron Gordon,1610612753,ORL,58,19,39,1909,100,265,0.377,289,89,227,0.392,0.545
2017-18,1626151,Aaron Harrison,1610612742,DAL,9,2,7,233,8,37,0.216,24,8,37,0.216,0.324
2017-18,1628935,Aaron Jackson,1610612745,HOU,1,0,1,35,0,2,0,0,0,2,0,0
2017-18,1627846,Abdel Nader,1610612738,BOS,48,33,15,522,23,65,0.354,68,22,63,0.349,0.523
2017-18,203940,Adreian Payne,1610612753,ORL,5,0,5,43,3,5,0.6,8,2,3,0.667,0.8
2017-18,201143,Al Horford,1610612738,BOS,72,47,25,2277,115,264,0.436,313,83,197,0.421,0.593
2017-18,2744,Al Jefferson,1610612754,IND,36,17,19,484,20,55,0.364,40,0,2,0,0.364
2017-18,202329,Al-Farouq Aminu,1610612757,POR,69,40,29,2072,118,322,0.366,352,116,312,0.372,0.547
2017-18,1626210,Alan Williams,1610612756,PHX,5,1,4,70,0,3,0,0,,,,0
2017-18,202692,Alec Burks,1610612762,UTA,64,37,27,1059,23,76,0.303,69,23,74,0.311,0.454
2017-18,1628409,Alec Peters,1610612756,PHX,20,2,18,225,18,56,0.321,53,17,54,0.315,0.473
2017-18,203518,Alex Abrines,1610612760,OKC,75,42,33,1134,84,213,0.394,250,82,202,0.406,0.587
2017-18,1627936,Alex Caruso,1610612747,LAL,37,16,21,562,8,25,0.32,23,7,22,0.318,0.46
2017-18,203458,Alex Len,1610612756,PHX,69,20,49,1395,10,30,0.333,21,1,3,0.333,0.35
2017-18,1627816,Alex Poythress,1610612754,IND,25,10,15,104,4,12,0.333,12,4,11,0.364,0.5
2017-18,1628035,Alfonzo McKinnie,1610612761,TOR,14,13,1,53,2,8,0.25,6,2,8,0.25,0.375
2017-18,203459,Allen Crabbe,1610612751,BKN,75,25,50,2197,182,460,0.396,541,177,439,0.403,0.588
2017-18,101161,Amir Johnson,1610612755,PHI,74,47,27,1170,11,33,0.333,31,9,28,0.321,0.47
2017-18,203083,Andre Drummond,1610612765,DET,78,37,41,2625,5,20,0.25,10,0,5,0,0.25
2017-18,2738,Andre Iguodala,1610612744,GSW,64,46,18,1622,30,103,0.291,82,22,86,0.256,0.398
2017-18,201281,Andre Ingram,1610612747,LAL,2,1,1,64,5,8,0.625,15,5,8,0.625,0.938
2017-18,203460,Andre Roberson,1610612760,OKC,39,24,15,1037,8,35,0.229,24,8,34,0.235,0.343
2017-18,101106,Andrew Bogut,1610612747,LAL,24,7,17,216,2,3,0.667,4,,,,0.667
2017-18,1626150,Andrew Harrison,1610612763,MEM,56,17,39,1326,31,93,0.333,91,29,88,0.33,0.489
2017-18,1628510,Andrew White III,1610612737,ATL,15,1,14,209,15,46,0.326,45,15,43,0.349,0.489
2017-18,203952,Andrew Wiggins,1610612750,MIN,82,47,35,2979,96,273,0.352,282,90,258,0.349,0.516
2017-18,1627790,Ante Zizic,1610612739,CLE,32,21,11,214,1,4,0.25,2,,,,0.25
2017-18,1626148,Anthony Brown,1610612750,MIN,1,0,1,4,1,1,1,3,1,1,1,1.5
2017-18,203076,Anthony Davis,1610612740,NOP,75,45,30,2727,87,247,0.352,221,47,142,0.331,0.447
2017-18,201229,Anthony Tolliver,1610612765,DET,79,37,42,1757,159,360,0.442,475,157,356,0.441,0.66
2017-18,1628469,Antonio Blakeney,1610612741,CHI,19,3,16,314,10,33,0.303,29,9,29,0.31,0.439
2017-18,1628499,Antonius Cleveland,1610612737,ATL,17,7,10,123,3,7,0.429,8,2,3,0.667,0.571
2017-18,203382,Aron Baynes,1610612738,BOS,81,54,27,1484,74,157,0.471,151,3,21,0.143,0.481
2017-18,201167,Arron Afflalo,1610612753,ORL,53,16,37,682,29,76,0.382,83,25,59,0.424,0.546
2017-18,203085,Austin Rivers,1610612746,LAC,61,30,31,2057,53,147,0.361,159,53,146,0.363,0.541
2017-18,202340,Avery Bradley,1610612746,LAC,46,22,24,1433,87,238,0.366,241,67,172,0.39,0.506
2017-18,1628389,Bam Adebayo,1610612748,MIA,69,34,35,1368,9,36,0.25,18,0,4,0,0.25
2017-18,203463,Ben McLemore,1610612763,MEM,56,7,49,1091,53,150,0.353,153,47,123,0.382,0.51
2017-18,1628500,Ben Moore,1610612754,IND,2,1,1,9,0,0,,0,,,,
2017-18,1627732,Ben Simmons,1610612755,PHI,81,51,30,2732,2,12,0.167,4,0,7,0,0.167
2017-18,202687,Bismack Biyombo,1610612753,ORL,82,25,57,1495,15,44,0.341,30,0,0,,0.341
2017-18,201933,Blake Griffin,1610612765,DET,58,28,30,1970,79,221,0.357,221,63,177,0.356,0.5
2017-18,1626246,Boban Marjanovic,1610612746,LAC,39,18,21,338,4,12,0.333,8,,,,0.333
2017-18,201628,Bobby Brown,1610612745,HOU,20,17,3,115,3,13,0.231,9,3,13,0.231,0.346
2017-18,1626171,Bobby Portis Jr.,1610612741,CHI,73,25,48,1643,110,282,0.39,294,74,208,0.356,0.521
2017-18,203992,Bogdan Bogdanović,1610612758,SAC,78,26,52,2175,99,250,0.396,283,85,216,0.394,0.566
2017-18,202711,Bojan Bogdanovic,1610612754,IND,80,47,33,2464,144,353,0.408,418,130,326,0.399,0.592
2017-18,203078,Bradley Beal,1610612764,WAS,82,43,39,2977,159,367,0.433,454,136,322,0.422,0.619
2017-18,201148,Brandan Wright,1610612745,HOU,28,11,17,381,3,5,0.6,6,,,,0.6
2017-18,1627742,Brandon Ingram,1610612747,LAL,59,27,32,1975,50,120,0.417,137,37,90,0.411,0.571
2017-18,201943,Brandon Jennings,1610612749,MIL,14,8,6,205,4,21,0.19,12,4,20,0.2,0.286
2017-18,203464,Brandon Paul,1610612759,SAS,64,38,26,576,17,53,0.321,49,15,47,0.319,0.462
2017-18,1627362,Briante Weber,1610612763,MEM,18,8,10,237,1,3,0.333,3,1,3,0.333,0.5
2017-18,1627744,Brice Johnson,1610612763,MEM,18,2,16,98,3,11,0.273,6,0,1,0,0.273
2017-18,201572,Brook Lopez,1610612747,LAL,74,34,40,1735,119,343,0.347,343,105,307,0.342,0.5
2017-18,203998,Bruno Caboclo,1610612758,SAC,12,4,8,106,4,20,0.2,11,3,17,0.176,0.275
2017-18,1627854,Bryn Forbes,1610612759,SAS,80,46,34,1517,79,214,0.369,234,76,194,0.392,0.547
2017-18,1627741,Buddy Hield,1610612758,SAC,80,27,53,2024,132,267,0.494,379,115,232,0.496,0.71
2017-18,203710,C.J. Williams,1610612746,LAC,38,17,21,707,20,64,0.313,54,14,54,0.259,0.422
2017-18,203468,CJ McCollum,1610612757,POR,81,48,33,2924,115,270,0.426,327,97,224,0.433,0.606
2017-18,101139,CJ Miles,1610612761,TOR,70,50,20,1337,142,401,0.354,425,141,395,0.357,0.53
2017-18,1628403,Caleb Swanigan,1610612757,POR,27,16,11,189,4,13,0.308,9,1,7,0.143,0.346
2017-18,1626166,Cameron Payne,1610612741,CHI,25,7,18,582,18,39,0.462,52,16,37,0.432,0.667
2017-18,1627747,Caris LeVert,1610612751,BKN,71,25,46,1864,57,154,0.37,169,55,149,0.369,0.549
2017-18,2546,Carmelo Anthony,1610612760,OKC,78,46,32,2501,178,461,0.386,497,141,381,0.37,0.539
2017-18,1626224,Cedi Osman,1610612739,CLE,61,35,26,672,29,80,0.363,87,29,78,0.372,0.544
2017-18,202718,Chandler Parsons,1610612763,MEM,36,12,24,691,37,91,0.407,110,36,84,0.429,0.604
2017-18,101112,Channing Frye,1610612747,LAL,53,28,25,695,48,134,0.358,133,37,108,0.343,0.496
2017-18,1628429,Charles Cooke,1610612740,NOP,13,8,5,38,1,6,0.167,3,1,6,0.167,0.25
2017-18,1627767,Cheick Diallo,1610612740,NOP,52,29,23,581,11,28,0.393,22,,,,0.393
2017-18,1627778,Chinanu Onuaku,1610612745,HOU,1,0,1,22,0,1,0,0,,,,0
2017-18,1628449,Chris Boucher,1610612744,GSW,1,1,0,1,0,1,0,0,0,1,0,0
2017-18,1626191,Chris McCullough,1610612764,WAS,19,11,8,90,2,12,0.167,5,1,7,0.143,0.208
2017-18,101108,Chris Paul,1610612745,HOU,58,50,8,1847,25,62,0.403,73,23,56,0.411,0.589
2017-18,203991,Clint Capela,1610612745,HOU,74,62,12,2034,1,2,0.5,2,0,0,,0.5
2017-18,203469,Cody Zeller,1610612766,CHA,33,14,19,627,11,24,0.458,24,2,3,0.667,0.5
2017-18,202332,Cole Aldrich,1610612750,MIN,21,14,7,49,0,1,0,0,,,,0
2017-18,201147,Corey Brewer,1610612760,OKC,72,32,40,1209,31,101,0.307,93,31,100,0.31,0.46
2017-18,202709,Cory Joseph,1610612754,IND,82,48,34,2210,65,171,0.38,189,59,154,0.383,0.553
2017-18,201584,Courtney Lee,1610612752,NYK,76,27,49,2310,104,245,0.424,292,84,203,0.414,0.596
2017-18,1626245,Cristiano Felicio,1610612741,CHI,55,13,42,977,5,21,0.238,10,0,1,0,0.238
2017-18,1626156,D'Angelo Russell,1610612751,BKN,48,16,32,1234,58,157,0.369,171,55,151,0.364,0.545
2017-18,201571,D.J. Augustin,1610612753,ORL,75,23,52,1760,66,154,0.429,198,66,153,0.431,0.643
2017-18,1628391,D.J. Wilson,1610612749,MIL,22,12,10,71,2,6,0.333,6,2,5,0.4,0.5
2017-18,1626177,Dakari Johnson,1610612760,OKC,31,21,10,161,3,4,0.75,6,,,,0.75
2017-18,1627745,Damian Jones,1610612744,GSW,15,7,8,89,0,4,0,0,,,,0
2017-18,203081,Damian Lillard,1610612757,POR,73,44,29,2670,96,237,0.405,261,69,194,0.356,0.551
2017-18,2863,Damien Wilkins,1610612754,IND,19,10,9,152,3,16,0.188,9,3,16,0.188,0.281
2017-18,1627814,Damion Lee,1610612737,ATL,15,4,11,404,18,53,0.34,49,13,47,0.277,0.462
2017-18,1628422,Damyean Dotson,1610612752,NYK,44,11,33,474,23,72,0.319,64,18,51,0.353,0.444
2017-18,1627772,Daniel Hamilton,1610612760,OKC,6,5,1,28,1,3,0.333,3,1,3,0.333,0.5
2017-18,1628464,Daniel Theis,1610612738,BOS,63,44,19,936,35,90,0.389,87,17,57,0.298,0.483
2017-18,201568,Danilo Gallinari,1610612746,LAC,21,11,10,671,39,108,0.361,105,27,87,0.31,0.486
2017-18,201980,Danny Green,1610612759,SAS,70,40,30,1791,102,283,0.36,304,100,270,0.37,0.537
2017-18,201967,Dante Cunningham,1610612751,BKN,73,34,39,1562,72,198,0.364,202,58,167,0.347,0.51
2017-18,203957,Dante Exum,1610612762,UTA,14,10,4,235,4,15,0.267,12,4,15,0.267,0.4
2017-18,1627863,Danuel House Jr.,1610612756,PHX,23,6,17,403,11,44,0.25,33,11,41,0.268,0.375
2017-18,203967,Dario Saric,1610612755,PHI,78,49,29,2310,177,446,0.397,508,154,378,0.407,0.57
2017-18,203121,Darius Miller,1610612740,NOP,82,48,34,1944,133,330,0.403,392,126,315,0.4,0.594
2017-18,201589,Darrell Arthur,1610612743,DEN,19,12,7,141,14,31,0.452,36,8,22,0.364,0.581
2017-18,201954,Darren Collison,1610612754,IND,69,39,30,2018,73,154,0.474,209,63,132,0.477,0.679
2017-18,1626199,Darrun Hilliard,1610612759,SAS,14,8,6,95,0,4,0,0,0,4,0,0
2017-18,1628021,David Nwaba,1610612741,CHI,70,26,44,1646,17,46,0.37,51,17,46,0.37,0.554
2017-18,204065,David Stockton,1610612762,UTA,3,3,0,9,0,1,0,0,0,1,0,0
2017-18,2561,David West,1610612744,GSW,73,52,21,999,63,129,0.488,128,2,6,0.333,0.496
2017-18,202722,Davis Bertans,1610612759,SAS,77,43,34,1086,98,238,0.412,289,93,228,0.408,0.607
2017-18,1628432,Davon Reed,1610612756,PHX,21,2,19,242,13,37,0.351,37,11,32,0.344,0.5
2017-18,1628368,De'Aaron Fox,1610612758,SAC,73,24,49,2026,31,96,0.323,87,25,81,0.309,0.453
2017-18,201599,DeAndre Jordan,1610612746,LAC,77,39,38,2423,0,0,,0,,,,
2017-18,202732,DeAndre Liggins,1610612740,NOP,58,34,24,724,19,52,0.365,54,16,45,0.356,0.519
2017-18,1627761,DeAndre' Bembry,1610612737,ATL,26,8,18,455,11,27,0.407,33,11,27,0.407,0.611
2017-18,201942,DeMar DeRozan,1610612761,TOR,80,57,23,2712,85,227,0.374,227,57,165,0.345,0.5
2017-18,202326,DeMarcus Cousins,1610612740,NOP,48,27,21,1737,96,267,0.36,284,92,254,0.362,0.532
2017-18,201960,DeMarre Carroll,1610612751,BKN,73,25,48,2180,127,330,0.385,379,125,322,0.388,0.574
2017-18,1627749,Dejounte Murray,1610612759,SAS,81,47,34,1743,13,42,0.31,35,9,33,0.273,0.417
2017-18,1626153,Delon Wright,1610612761,TOR,69,49,20,1433,42,105,0.4,126,42,103,0.408,0.6
2017-18,1627743,Demetrius Jackson,1610612755,PHI,15,12,3,80,0,4,0,0,0,4,0,0
2017-18,203471,Dennis Schröder,1610612737,ATL,67,21,46,2078,51,166,0.307,137,35,126,0.278,0.413
2017-18,1628372,Dennis Smith Jr.,1610612742,DAL,69,22,47,2049,55,154,0.357,164,54,147,0.367,0.532
2017-18,1627756,Denzel Valentine,1610612741,CHI,77,26,51,2095,95,244,0.389,279,89,229,0.389,0.572
2017-18,202324,Derrick Favors,1610612762,UTA,77,46,31,2153,75,215,0.349,163,13,60,0.217,0.379
2017-18,1627884,Derrick Jones Jr.,1610612748,MIA,20,9,11,245,3,19,0.158,9,3,18,0.167,0.237
2017-18,201565,Derrick Rose,1610612750,MIN,25,15,10,419,4,24,0.167,12,4,23,0.174,0.25
2017-18,1628476,Derrick Walton Jr.,1610612748,MIA,16,8,8,147,5,12,0.417,15,5,11,0.455,0.625
2017-18,1628401,Derrick White,1610612759,SAS,17,7,10,139,4,9,0.444,12,4,7,0.571,0.667
2017-18,202682,Derrick Williams,1610612747,LAL,2,1,1,9,0,2,0,0,0,2,0,0
2017-18,1626164,Devin Booker,1610612756,PHX,54,16,38,1865,93,220,0.423,258,72,180,0.4,0.586
2017-18,2734,Devin Harris,1610612743,DEN,71,33,38,1340,56,146,0.384,167,55,145,0.379,0.572
2017-18,1628421,Devin Robinson,1610612764,WAS,1,0,1,13,0,1,0,0,,,,0
2017-18,203473,Dewayne Dedmon,1610612737,ATL,62,18,44,1542,91,218,0.417,232,50,137,0.365,0.532
2017-18,1627738,Deyonta Davis,1610612763,MEM,62,16,46,943,24,65,0.369,48,,,,0.369
2017-18,1628415,Dillon Brooks,1610612763,MEM,82,22,60,2350,88,220,0.4,255,79,197,0.401,0.58
2017-18,203079,Dion Waiters,1610612748,MIA,30,16,14,918,41,122,0.336,119,37,110,0.336,0.488
2017-18,1717,Dirk Nowitzki,1610612742,DAL,77,24,53,1900,234,508,0.461,602,134,319,0.42,0.593
2017-18,1627734,Domantas Sabonis,1610612754,IND,74,45,29,1810,72,186,0.387,156,12,35,0.343,0.419
2017-18,1628378,Donovan Mitchell,1610612762,UTA,79,46,33,2638,97,240,0.404,291,97,239,0.406,0.606
2017-18,1627827,Dorian Finney-Smith,1610612742,DAL,21,4,17,448,20,61,0.328,59,19,58,0.328,0.484
2017-18,203926,Doug McDermott,1610612742,DAL,81,30,51,1768,94,225,0.418,275,87,193,0.451,0.611
2017-18,1627733,Dragan Bender,1610612756,PHX,82,21,61,2069,119,330,0.361,354,116,317,0.366,0.536
2017-18,203110,Draymond Green,1610612744,GSW,70,48,22,2287,81,255,0.318,232,70,228,0.307,0.455
2017-18,1628407,Dwayne Bacon,1610612766,CHA,53,25,28,713,11,39,0.282,32,10,35,0.286,0.41
2017-18,202779,Dwight Buycks,1610612765,DET,29,10,19,427,6,16,0.375,16,4,14,0.286,0.5
2017-18,2730,Dwight Howard,1610612766,CHA,81,35,46,2463,33,101,0.327,67,1,6,0.167,0.332
2017-18,203939,Dwight Powell,1610612742,DAL,79,23,56,1672,35,106,0.33,97,27,78,0.346,0.458
2017-18,2548,Dwyane Wade,1610612748,MIA,67,37,30,1536,19,66,0.288,50,12,43,0.279,0.379
2017-18,202734,E'Twaun Moore,1610612740,NOP,82,48,34,2586,126,294,0.429,368,116,268,0.433,0.626
2017-18,202334,Ed Davis,1610612757,POR,78,48,30,1471,2,3,0.667,4,0,0,,0.667
2017-18,1628410,Edmond Sumner,1610612754,IND,1,0,1,2,0,0,,0,,,,
2017-18,202327,Ekpe Udoh,1610612762,UTA,63,36,27,810,2,15,0.133,4,0,1,0,0.133
2017-18,203901,Elfrid Payton,1610612756,PHX,63,13,50,1809,25,75,0.333,75,25,73,0.342,0.5
2017-18,2731,Emeka Okafor,1610612740,NOP,26,16,10,353,11,23,0.478,22,,,,0.478
2017-18,1626144,Emmanuel Mudiay,1610612752,NYK,64,29,35,1244,33,97,0.34,95,29,89,0.326,0.49
2017-18,202683,Enes Freedom,1610612752,NYK,71,27,44,1830,24,55,0.436,48,0,1,0,0.436
2017-18,202339,Eric Bledsoe,1610612749,MIL,74,40,34,2322,91,229,0.397,267,85,218,0.39,0.583
2017-18,201569,Eric Gordon,1610612745,HOU,69,55,14,2154,156,405,0.385,465,153,399,0.383,0.574
2017-18,203961,Eric Moreland,1610612765,DET,67,32,35,805,3,8,0.375,6,,,,0.375
2017-18,1628571,Erik McCree,1610612762,UTA,4,4,0,8,0,0,,0,0,0,,
2017-18,101141,Ersan Ilyasova,1610612755,PHI,69,36,33,1730,113,282,0.401,307,81,208,0.389,0.544
2017-18,203095,Evan Fournier,1610612753,ORL,57,20,37,1837,118,288,0.41,334,98,246,0.398,0.58
2017-18,202323,Evan Turner,1610612757,POR,79,48,31,2034,46,140,0.329,130,38,125,0.304,0.464
2017-18,1626163,Frank Kaminsky,1610612766,CHA,79,35,44,1835,110,288,0.382,317,97,260,0.373,0.55
2017-18,1628412,Frank Mason III,1610612758,SAC,52,17,35,984,9,30,0.3,27,9,27,0.333,0.45
2017-18,1628373,Frank Ntilikina,1610612752,NYK,78,28,50,1706,40,127,0.315,115,35,97,0.361,0.453
2017-18,1627832,Fred VanVleet,1610612761,TOR,76,55,21,1520,82,187,0.439,245,81,182,0.445,0.655
2017-18,1627788,Furkan Korkmaz,1610612755,PHI,14,11,3,80,5,16,0.313,15,5,15,0.333,0.469
2017-18,202066,Garrett Temple,1610612758,SAC,65,23,42,1615,81,195,0.415,233,71,164,0.433,0.597
2017-18,203914,Gary Harris,1610612743,DEN,67,37,30,2305,123,299,0.411,365,119,289,0.412,0.61
2017-18,1627780,Gary Payton II,1610612747,LAL,23,10,13,221,6,22,0.273,18,6,22,0.273,0.409
2017-18,201588,George Hill,1610612739,CLE,67,28,39,1812,64,159,0.403,190,62,150,0.413,0.597
2017-18,1627777,Georges Niang,1610612762,UTA,9,9,0,32,0,4,0,0,0,4,0,0
2017-18,1627834,Georgios Papagiannis,1610612757,POR,17,3,14,122,5,11,0.455,10,,,,0.455
2017-18,101123,Gerald Green,1610612745,HOU,41,33,8,929,79,221,0.357,234,76,213,0.357,0.529
2017-18,1628492,Gian Clavell,1610612742,DAL,7,0,7,64,6,12,0.5,18,6,12,0.5,0.75
2017-18,203507,Giannis Antetokounmpo,1610612749,MIL,75,39,36,2756,34,99,0.343,98,30,86,0.349,0.495
2017-18,203922,Glenn Robinson III,1610612754,IND,23,14,9,338,16,37,0.432,46,14,33,0.424,0.622
2017-18,201609,Goran Dragic,1610612748,MIA,75,39,36,2378,89,219,0.406,259,81,199,0.407,0.591
2017-18,202330,Gordon Hayward,1610612738,BOS,1,0,1,5,1,2,0.5,2,0,1,0,0.5
2017-18,203476,Gorgui Dieng,1610612750,MIN,79,45,34,1333,81,180,0.45,178,16,53,0.302,0.494
2017-18,202328,Greg Monroe,1610612738,BOS,51,21,30,1041,2,9,0.222,4,,,,0.222
2017-18,1627824,Guerschon Yabusele,1610612738,BOS,33,24,9,235,13,38,0.342,38,12,36,0.333,0.5
2017-18,203084,Harrison Barnes,1610612742,DAL,77,24,53,2634,115,306,0.376,318,88,251,0.351,0.52
2017-18,202355,Hassan Whiteside,1610612748,MIA,54,30,24,1364,37,87,0.425,76,2,2,1,0.437
2017-18,1627740,Henry Ellenson,1610612765,DET,38,21,17,329,20,65,0.308,59,19,56,0.339,0.454
2017-18,203546,Ian Clark,1610612740,NOP,74,43,31,1454,50,145,0.345,145,45,139,0.324,0.5
2017-18,101133,Ian Mahinmi,1610612764,WAS,77,42,35,1145,1,6,0.167,2,0,2,0,0.167
2017-18,1628387,Ike Anigbogu,1610612754,IND,11,5,6,30,3,5,0.6,6,,,,0.6
2017-18,202697,Iman Shumpert,1610612758,SAC,14,9,5,276,3,19,0.158,9,3,17,0.176,0.237
2017-18,203477,Isaiah Canaan,1610612756,PHX,20,9,11,422,11,28,0.393,33,11,28,0.393,0.589
2017-18,1628439,Isaiah Hicks,1610612752,NYK,18,4,14,239,5,18,0.278,12,2,8,0.25,0.333
2017-18,1627819,Isaiah Taylor,1610612737,ATL,67,18,49,1167,18,69,0.261,50,14,57,0.246,0.362
2017-18,202738,Isaiah Thomas,1610612747,LAL,32,15,17,862,23,82,0.28,69,23,80,0.288,0.421
2017-18,1627785,Isaiah Whitehead,1610612751,BKN,16,2,14,180,2,9,0.222,6,2,9,0.222,0.333
2017-18,202397,Ish Smith,1610612765,DET,82,39,43,2043,21,59,0.356,58,16,48,0.333,0.492
2017-18,1628397,Ivan Rabb,1610612763,MEM,36,6,30,516,18,34,0.529,36,,,,0.529
2017-18,1627826,Ivica Zubac,1610612747,LAL,43,19,24,410,2,9,0.222,4,0,1,0,0.222
2017-18,200826,J.J. Barea,1610612742,DAL,69,23,46,1603,62,122,0.508,184,60,117,0.513,0.754
2017-18,200755,JJ Redick,1610612755,PHI,70,45,25,2116,170,371,0.458,475,135,297,0.455,0.64
2017-18,2747,JR Smith,1610612739,CLE,80,49,31,2244,119,304,0.391,355,117,297,0.394,0.584
2017-18,203960,JaKarr Sampson,1610612758,SAC,22,6,16,344,7,18,0.389,19,5,10,0.5,0.528
2017-18,203210,JaMychal Green,1610612763,MEM,55,11,44,1542,63,179,0.352,166,40,120,0.333,0.464
2017-18,201580,JaVale McGee,1610612744,GSW,65,45,20,615,7,21,0.333,14,0,5,0,0.333
2017-18,1628444,Jabari Bird,1610612738,BOS,13,8,5,115,3,8,0.375,9,3,7,0.429,0.563
2017-18,203953,Jabari Parker,1610612749,MIL,31,16,15,743,35,80,0.438,96,26,61,0.426,0.6
2017-18,204022,Jack Cooley,1610612758,SAC,7,4,3,87,0,3,0,0,,,,0
2017-18,1626643,Jacob Pullen,1610612755,PHI,3,2,1,6,0,1,0,0,0,1,0,0
2017-18,1628451,Jacob Wiley,1610612751,BKN,5,1,4,33,1,2,0.5,3,1,2,0.5,0.75
2017-18,203109,Jae Crowder,1610612762,UTA,80,52,28,2090,112,323,0.347,317,93,276,0.337,0.491
2017-18,1626143,Jahlil Okafor,1610612751,BKN,28,7,21,353,2,5,0.4,4,0,2,0,0.4
2017-18,1627774,Jake Layman,1610612757,POR,35,22,13,160,4,24,0.167,12,4,19,0.211,0.25
2017-18,1627751,Jakob Poeltl,1610612761,TOR,82,59,23,1524,6,18,0.333,13,1,1,1,0.361
2017-18,1627883,Jalen Jones,1610612742,DAL,16,3,13,181,8,21,0.381,24,8,21,0.381,0.571
2017-18,2037,Jamal Crawford,1610612750,MIN,80,45,35,1653,76,190,0.4,216,64,170,0.376,0.568
2017-18,1627750,Jamal Murray,1610612743,DEN,81,46,35,2565,116,271,0.428,339,107,256,0.418,0.625
2017-18,1627866,Jameel Warney,1610612742,DAL,3,1,2,27,1,3,0.333,2,,,,0.333
2017-18,2749,Jameer Nelson,1610612765,DET,50,25,25,1013,27,78,0.346,79,25,70,0.357,0.506
2017-18,1628503,Jamel Artis,1610612753,ORL,15,4,11,279,9,29,0.31,25,7,23,0.304,0.431
2017-18,203516,James Ennis III,1610612765,DET,72,25,47,1604,54,147,0.367,155,47,135,0.348,0.527
2017-18,201935,James Harden,1610612745,HOU,72,59,13,2551,45,123,0.366,134,44,120,0.367,0.545
2017-18,201949,James Johnson,1610612748,MIA,73,37,36,1943,50,157,0.318,148,48,143,0.336,0.471
2017-18,203949,James Michael McAdoo,1610612755,PHI,3,1,2,18,2,7,0.286,6,2,7,0.286,0.429
2017-18,1627821,James Webb III,1610612751,BKN,10,1,9,120,4,20,0.2,12,4,19,0.211,0.3
2017-18,203923,James Young,1610612755,PHI,6,4,2,61,3,11,0.273,9,3,10,0.3,0.409
2017-18,203966,Jamil Wilson,1610612746,LAC,15,6,9,274,27,63,0.429,80,26,62,0.419,0.635
2017-18,201162,Jared Dudley,1610612756,PHX,48,7,41,686,32,85,0.376,93,29,77,0.377,0.547
2017-18,204067,Jarell Eddie,1610612741,CHI,3,1,2,9,0,1,0,0,0,1,0,0
2017-18,1626185,Jarell Martin,1610612763,MEM,73,21,52,1661,65,175,0.371,162,32,92,0.348,0.463
2017-18,1628386,Jarrett Allen,1610612751,BKN,72,25,47,1441,16,38,0.421,37,5,15,0.333,0.487
2017-18,101127,Jarrett Jack,1610612752,NYK,62,26,36,1548,17,52,0.327,47,13,46,0.283,0.452
2017-18,201160,Jason Smith,1610612764,WAS,33,15,18,285,20,69,0.29,42,2,30,0.067,0.304
2017-18,1891,Jason Terry,1610612749,MIL,51,27,24,814,39,108,0.361,115,37,104,0.356,0.532
2017-18,1628393,Jawun Evans,1610612746,LAC,48,24,24,778,11,47,0.234,30,8,42,0.19,0.319
2017-18,1627759,Jaylen Brown,1610612738,BOS,70,47,23,2152,109,276,0.395,318,100,257,0.389,0.576
2017-18,1628537,Jaylen Morris,1610612737,ATL,6,2,4,98,3,9,0.333,8,2,7,0.286,0.444
2017-18,1628369,Jayson Tatum,1610612738,BOS,80,53,27,2443,93,197,0.472,270,84,175,0.48,0.685
2017-18,201145,Jeff Green,1610612739,CLE,78,47,31,1828,53,166,0.319,155,49,148,0.331,0.467
2017-18,201952,Jeff Teague,1610612750,MIN,70,41,29,2311,37,85,0.435,107,33,81,0.407,0.629
2017-18,203481,Jeff Withey,1610612742,DAL,10,2,8,39,2,10,0.2,6,2,10,0.2,0.3
2017-18,203924,Jerami Grant,1610612760,OKC,81,48,33,1647,34,112,0.304,98,30,103,0.291,0.438
2017-18,202379,Jeremy Evans,1610612737,ATL,1,0,1,5,0,0,,0,,,,
2017-18,203087,Jeremy Lamb,1610612766,CHA,80,36,44,1967,83,208,0.399,226,60,156,0.385,0.543
2017-18,202391,Jeremy Lin,1610612751,BKN,1,0,1,25,0,0,,0,0,0,,
2017-18,1626170,Jerian Grant,1610612741,CHI,74,24,50,1686,37,96,0.385,108,34,89,0.382,0.563
2017-18,201573,Jerryd Bayless,1610612755,PHI,39,21,18,925,48,138,0.348,144,48,130,0.369,0.522
2017-18,202710,Jimmy Butler III,1610612750,MIN,59,37,22,2164,52,147,0.354,146,42,109,0.385,0.497
2017-18,201149,Joakim Noah,1610612752,NYK,7,1,6,40,0,0,,0,,,,
2017-18,201975,Jodie Meeks,1610612764,WAS,77,41,36,1119,63,173,0.364,181,55,158,0.348,0.523
2017-18,203925,Joe Harris,1610612751,BKN,78,27,51,1975,125,306,0.408,373,123,299,0.411,0.609
2017-18,204060,Joe Ingles,1610612762,UTA,82,48,34,2578,161,349,0.461,482,160,345,0.464,0.691
2017-18,2207,Joe Johnson,1610612745,HOU,55,35,20,1205,40,140,0.286,118,38,135,0.281,0.421
2017-18,1626202,Joe Young,1610612754,IND,53,28,25,558,23,53,0.434,65,19,48,0.396,0.613
2017-18,1627762,Joel Bolomboy,1610612749,MIL,6,3,3,38,0,1,0,0,0,1,0,0
2017-18,203954,Joel Embiid,1610612755,PHI,63,41,22,1912,70,220,0.318,198,58,186,0.312,0.45
2017-18,203530,Joffrey Lauvergne,1610612759,SAS,55,30,25,534,3,14,0.214,6,0,4,0,0.214
2017-18,1628381,John Collins,1610612737,ATL,74,21,53,1785,28,86,0.326,72,16,42,0.381,0.419
2017-18,203089,John Henson,1610612749,MIL,76,39,37,1970,17,51,0.333,35,1,5,0.2,0.343
2017-18,204066,John Holland,1610612739,CLE,24,17,7,174,7,29,0.241,21,7,27,0.259,0.362
2017-18,202322,John Wall,1610612764,WAS,41,23,18,1410,36,84,0.429,107,35,81,0.432,0.637
2017-18,1628405,Johnathan Motley,1610612742,DAL,11,1,10,176,4,15,0.267,9,1,5,0.2,0.3
2017-18,203948,Johnny O'Bryant III,1610612766,CHA,36,15,21,379,21,59,0.356,55,13,39,0.333,0.466
2017-18,202720,Jon Leuer,1610612765,DET,8,5,3,136,2,13,0.154,4,0,3,0,0.154
2017-18,201973,Jonas Jerebko,1610612762,UTA,74,45,29,1134,71,168,0.423,207,65,152,0.428,0.616
2017-18,202685,Jonas Valanciunas,1610612761,TOR,77,56,21,1727,50,121,0.413,126,26,66,0.394,0.521
2017-18,1626780,Jonathan Gibson,1610612738,BOS,4,2,2,40,4,8,0.5,12,4,8,0.5,0.75
2017-18,1628371,Jonathan Isaac,1610612753,ORL,27,11,16,535,18,53,0.34,52,16,42,0.381,0.491
2017-18,203613,Jonathon Simmons,1610612753,ORL,69,21,48,2029,63,165,0.382,179,53,149,0.356,0.542
2017-18,1628395,Jordan Bell,1610612744,GSW,57,43,14,809,10,16,0.625,20,0,3,0,0.625
2017-18,203903,Jordan Clarkson,1610612739,CLE,81,40,41,1887,88,232,0.379,253,77,202,0.381,0.545
2017-18,202348,Jordan Crawford,1610612740,NOP,5,3,2,53,4,5,0.8,12,4,5,0.8,1.2
2017-18,1626175,Jordan Mickey,1610612748,MIA,23,15,8,284,3,20,0.15,8,2,15,0.133,0.2
2017-18,101181,Jose Calderon,1610612739,CLE,57,33,24,914,39,73,0.534,115,37,71,0.521,0.788
2017-18,1627982,Josh Gray,1610612756,PHX,5,0,5,86,3,7,0.429,9,3,7,0.429,0.643
2017-18,1628404,Josh Hart,1610612747,LAL,63,27,36,1461,72,177,0.407,213,69,168,0.411,0.602
2017-18,203962,Josh Huestis,1610612760,OKC,69,43,26,982,35,120,0.292,103,33,114,0.289,0.429
2017-18,1628367,Josh Jackson,1610612756,PHX,77,19,58,1959,52,180,0.289,152,48,170,0.282,0.422
2017-18,203705,Josh Magette,1610612737,ATL,18,3,15,216,6,11,0.545,18,6,11,0.545,0.818
2017-18,201177,Josh McRoberts,1610612742,DAL,2,2,0,6,0,1,0,0,0,1,0,0
2017-18,1626196,Josh Richardson,1610612748,MIA,81,44,37,2689,141,367,0.384,403,121,315,0.384,0.549
2017-18,2746,Josh Smith,1610612740,NOP,3,2,1,12,0,1,0,0,,,,0
2017-18,201950,Jrue Holiday,1610612740,NOP,81,47,34,2927,66,171,0.386,196,64,163,0.393,0.573
2017-18,1627823,Juancho Hernangomez,1610612743,DEN,25,15,10,277,12,45,0.267,36,12,44,0.273,0.4
2017-18,203944,Julius Randle,1610612747,LAL,82,35,47,2190,19,63,0.302,48,10,35,0.286,0.381
2017-18,202933,Julyan Stone,1610612766,CHA,23,10,13,175,6,12,0.5,18,6,12,0.5,0.75
2017-18,1626147,Justin Anderson,1610612755,PHI,38,27,11,519,31,91,0.341,93,31,90,0.344,0.511
2017-18,203200,Justin Holiday,1610612741,CHI,72,24,48,2265,137,374,0.366,401,127,344,0.369,0.536
2017-18,1628382,Justin Jackson,1610612758,SAC,68,21,47,1506,58,189,0.307,168,52,168,0.31,0.444
2017-18,1628383,Justin Patton,1610612750,MIN,1,0,1,4,0,0,,0,,,,
2017-18,1626159,Justise Winslow,1610612748,MIA,68,33,35,1680,47,134,0.351,139,45,118,0.381,0.519
2017-18,203994,Jusuf Nurkić,1610612757,POR,79,48,31,2088,53,144,0.368,106,0,5,0,0.368
2017-18,1628443,Kadeem Allen,1610612738,BOS,18,9,9,107,0,8,0,0,0,8,0,0
2017-18,1626157,Karl-Anthony Towns,1610612750,MIN,82,47,35,2918,157,362,0.434,428,114,266,0.429,0.591
2017-18,202695,Kawhi Leonard,1610612759,SAS,9,5,4,210,6,18,0.333,17,5,17,0.294,0.472
2017-18,1627770,Kay Felder,1610612765,DET,16,6,10,140,3,6,0.5,9,3,6,0.5,0.75
2017-18,203482,Kelly Olynyk,1610612748,MIA,76,42,34,1779,111,286,0.388,316,94,246,0.382,0.552
2017-18,1626162,Kelly Oubre Jr.,1610612764,WAS,81,43,38,2231,113,330,0.342,336,110,319,0.345,0.509
2017-18,202689,Kemba Walker,1610612766,CHA,80,36,44,2736,97,240,0.404,283,89,226,0.394,0.59
2017-18,2570,Kendrick Perkins,1610612739,CLE,1,0,1,15,0,0,,0,,,,
2017-18,202702,Kenneth Faried,1610612743,DEN,32,16,16,461,1,7,0.143,2,0,1,0,0.143
2017-18,203145,Kent Bazemore,1610612737,ATL,65,19,46,1789,81,188,0.431,236,74,177,0.418,0.628
2017-18,203484,Kentavious Caldwell-Pope,1610612747,LAL,74,31,43,2458,131,336,0.39,385,123,307,0.401,0.573
2017-18,201142,Kevin Durant,1610612744,GSW,68,49,19,2325,145,284,0.511,394,104,215,0.484,0.694
2017-18,201567,Kevin Love,1610612739,CLE,59,37,22,1651,135,336,0.402,392,122,295,0.414,0.583
2017-18,1626172,Kevon Looney,1610612744,GSW,66,45,21,910,9,22,0.409,19,1,4,0.25,0.432
2017-18,203920,Khem Birch,1610612753,ORL,42,14,28,578,5,17,0.294,10,,,,0.294
2017-18,203114,Khris Middleton,1610612749,MIL,82,44,38,2982,144,346,0.416,402,114,295,0.386,0.581
2017-18,202691,Klay Thompson,1610612744,GSW,73,55,18,2504,303,622,0.487,793,187,418,0.447,0.637
2017-18,1628424,Kobi Simmons,1610612763,MEM,32,6,26,643,10,35,0.286,29,9,30,0.3,0.414
2017-18,201585,Kosta Koufos,1610612758,SAC,71,22,49,1391,22,35,0.629,44,,,,0.629
2017-18,1627739,Kris Dunn,1610612741,CHI,52,19,33,1525,29,82,0.354,79,21,70,0.3,0.482
2017-18,204001,Kristaps Porziņģis,1610612752,NYK,48,22,26,1553,173,383,0.452,433,87,209,0.416,0.565
2017-18,203937,Kyle Anderson,1610612759,SAS,74,41,33,1978,27,76,0.355,72,18,51,0.353,0.474
2017-18,1627858,Kyle Collinsworth,1610612742,DAL,32,9,23,480,4,16,0.25,12,4,16,0.25,0.375
2017-18,2594,Kyle Korver,1610612739,CLE,73,43,30,1574,162,352,0.46,467,143,318,0.45,0.663
2017-18,1628398,Kyle Kuzma,1610612747,LAL,77,34,43,2401,147,391,0.376,426,132,355,0.372,0.545
2017-18,200768,Kyle Lowry,1610612761,TOR,78,57,21,2510,133,323,0.412,397,131,319,0.411,0.615
2017-18,203124,Kyle O'Quinn,1610612752,NYK,77,28,49,1387,34,68,0.5,72,4,13,0.308,0.529
2017-18,202713,Kyle Singler,1610612760,OKC,12,5,7,59,0,2,0,0,0,1,0,0
2017-18,202681,Kyrie Irving,1610612738,BOS,60,41,19,1931,78,193,0.404,223,67,168,0.399,0.578
2017-18,200746,LaMarcus Aldridge,1610612759,SAS,75,45,30,2509,116,275,0.422,256,24,81,0.296,0.465
2017-18,202362,Lance Stephenson,1610612754,IND,82,48,34,1850,46,143,0.322,135,43,135,0.319,0.472
2017-18,202498,Lance Thomas,1610612752,NYK,73,25,48,1353,53,135,0.393,152,46,113,0.407,0.563
2017-18,204038,Langston Galloway,1610612765,DET,58,28,30,863,64,200,0.32,188,60,184,0.326,0.47
2017-18,203580,Larry Drew II,1610612740,NOP,10,6,4,70,3,7,0.429,9,3,7,0.429,0.643
2017-18,1626204,Larry Nance Jr.,1610612739,CLE,66,32,34,1421,32,83,0.386,66,2,8,0.25,0.398
2017-18,1628374,Lauri Markkanen,1610612741,CHI,68,23,45,2020,147,396,0.371,431,137,375,0.365,0.544
2017-18,2544,LeBron James,1610612739,CLE,82,50,32,3026,46,111,0.414,131,39,96,0.406,0.59
2017-18,1628506,London Perrantes,1610612739,CLE,14,8,6,66,0,2,0,0,0,1,0,0
2017-18,1628366,Lonzo Ball,1610612747,LAL,52,24,28,1780,59,180,0.328,176,58,176,0.33,0.489
2017-18,203485,Lorenzo Brown,1610612761,TOR,14,9,5,139,1,10,0.1,3,1,10,0.1,0.15
2017-18,101150,Lou Williams,1610612746,LAC,79,42,37,2589,100,242,0.413,289,89,226,0.394,0.597
2017-18,201601,Luc Mbah a Moute,1610612745,HOU,61,52,9,1564,57,166,0.343,171,57,164,0.348,0.515
2017-18,203512,Lucas Nogueira,1610612761,TOR,49,36,13,418,5,19,0.263,15,5,19,0.263,0.395
2017-18,1626242,Luis Montero,1610612765,DET,2,1,1,8,0,0,,0,,,,
2017-18,202337,Luke Babbitt,1610612748,MIA,50,15,35,715,54,143,0.378,158,50,135,0.37,0.552
2017-18,1628379,Luke Kennard,1610612765,DET,73,34,39,1463,85,185,0.459,239,69,157,0.439,0.646
2017-18,1628436,Luke Kornet,1610612752,NYK,20,6,14,326,26,81,0.321,77,25,75,0.333,0.475
2017-18,2736,Luol Deng,1610612747,LAL,1,0,1,13,0,0,,0,,,,
2017-18,1627781,Malachi Richardson,1610612761,TOR,26,8,18,323,7,25,0.28,20,6,23,0.261,0.4
2017-18,1627763,Malcolm Brogdon,1610612749,MIL,48,25,23,1436,43,123,0.35,127,41,116,0.353,0.516
2017-18,1627098,Malcolm Delaney,1610612737,ATL,54,16,38,1014,38,91,0.418,110,34,82,0.415,0.604
2017-18,1626259,Malcolm Miller,1610612761,TOR,15,15,0,126,8,20,0.4,24,8,20,0.4,0.6
2017-18,1627736,Malik Beasley,1610612743,DEN,62,34,28,583,26,76,0.342,78,26,76,0.342,0.513
2017-18,1628370,Malik Monk,1610612766,CHA,63,26,37,854,44,117,0.376,130,42,110,0.382,0.556
2017-18,1628493,Mangok Mathiang,1610612766,CHA,4,3,1,20,0,0,,0,,,,
2017-18,1938,Manu Ginobili,1610612759,SAS,65,39,26,1299,46,127,0.362,137,45,118,0.381,0.539
2017-18,202705,MarShon Brooks,1610612763,MEM,7,2,5,193,4,13,0.308,11,3,9,0.333,0.423
2017-18,201188,Marc Gasol,1610612763,MEM,73,21,52,2408,191,472,0.405,487,105,300,0.35,0.516
2017-18,101162,Marcin Gortat,1610612764,WAS,82,43,39,2074,35,78,0.449,70,,,,0.449
2017-18,201158,Marco Belinelli,1610612755,PHI,80,39,41,1947,128,331,0.387,356,100,265,0.377,0.538
2017-18,1627875,Marcus Georges-Hunt,1610612750,MIN,42,24,18,224,3,11,0.273,9,3,11,0.273,0.409
2017-18,202694,Marcus Morris Sr.,1610612738,BOS,54,34,20,1442,76,204,0.373,218,66,180,0.367,0.534
2017-18,1627779,Marcus Paige,1610612766,CHA,5,4,1,28,2,7,0.286,6,2,7,0.286,0.429
2017-18,203935,Marcus Smart,1610612738,BOS,54,38,16,1614,52,166,0.313,154,50,160,0.313,0.464
2017-18,201596,Mario Chalmers,1610612763,MEM,66,21,45,1421,49,149,0.329,141,43,139,0.309,0.473
2017-18,1626209,Mario Hezonja,1610612753,ORL,75,21,54,1657,85,255,0.333,246,76,226,0.336,0.482
2017-18,203900,Markel Brown,1610612745,HOU,4,4,0,31,0,3,0,0,0,3,0,0
2017-18,1628365,Markelle Fultz,1610612755,PHI,14,11,3,253,2,3,0.667,4,0,1,0,0.667
2017-18,202693,Markieff Morris,1610612764,WAS,73,37,36,1968,124,286,0.434,322,74,193,0.383,0.563
2017-18,1627737,Marquese Chriss,1610612756,PHX,72,19,53,1527,67,211,0.318,190,56,185,0.303,0.45
2017-18,203104,Marquis Teague,1610612763,MEM,3,0,3,74,0,1,0,0,0,1,0,0
2017-18,201578,Marreese Speights,1610612753,ORL,52,15,37,675,89,234,0.38,261,83,220,0.377,0.558
2017-18,1627850,Marshall Plumlee,1610612749,MIL,8,5,3,52,0,0,,0,,,,
2017-18,101107,Marvin Williams,1610612766,CHA,78,33,45,2006,127,312,0.407,376,122,296,0.412,0.603
2017-18,203486,Mason Plumlee,1610612743,DEN,74,40,34,1439,2,6,0.333,4,0,0,,0.333
2017-18,1627856,Matt Costello,1610612759,SAS,4,2,2,32,0,0,,0,,,,
2017-18,1628475,Matt Williams Jr.,1610612748,MIA,3,1,2,11,1,4,0.25,3,1,4,0.25,0.375
2017-18,203521,Matthew Dellavedova,1610612749,MIL,38,21,17,712,26,65,0.4,77,25,62,0.403,0.592
2017-18,203090,Maurice Harkless,1610612757,POR,59,36,23,1264,48,115,0.417,143,47,110,0.427,0.622
2017-18,1628467,Maxi Kleber,1610612742,DAL,72,20,52,1206,50,145,0.345,140,40,123,0.325,0.483
2017-18,203086,Meyers Leonard,1610612757,POR,33,17,16,254,18,39,0.462,47,11,25,0.44,0.603
2017-18,201563,Michael Beasley,1610612752,NYK,74,24,50,1653,41,97,0.423,107,25,63,0.397,0.552
2017-18,203487,Michael Carter-Williams,1610612766,CHA,52,23,29,835,12,53,0.226,36,12,50,0.24,0.34
2017-18,203077,Michael Kidd-Gilchrist,1610612766,CHA,74,34,40,1850,25,64,0.391,50,0,1,0,0.391
2017-18,201144,Mike Conley,1610612763,MEM,12,7,5,373,9,31,0.29,27,9,29,0.31,0.435
2017-18,1628455,Mike James,1610612740,NOP,36,11,25,686,7,27,0.259,21,7,27,0.259,0.389
2017-18,203488,Mike Muscala,1610612737,ATL,53,14,39,1060,79,194,0.407,220,62,164,0.378,0.567
2017-18,203118,Mike Scott,1610612764,WAS,76,39,37,1406,116,241,0.481,298,66,154,0.429,0.618
2017-18,203101,Miles Plumlee,1610612737,ATL,55,19,36,918,1,2,0.5,2,,,,0.5
2017-18,1628462,Milos Teodosic,1610612746,LAC,45,29,16,1134,63,142,0.444,183,57,129,0.442,0.644
2017-18,1628495,Milton Doyle,1610612751,BKN,10,2,8,125,4,16,0.25,12,4,16,0.25,0.375
2017-18,1627851,Mindaugas Kuzminskas,1610612752,NYK,1,0,1,2,0,0,,0,,,,
2017-18,203141,Mirza Teletovic,1610612749,MIL,10,4,6,159,21,41,0.512,61,19,38,0.5,0.744
2017-18,1628420,Monte Morris,1610612743,DEN,3,2,1,25,0,1,0,0,0,1,0,0
2017-18,1626149,Montrezl Harrell,1610612746,LAC,76,39,37,1293,3,16,0.188,6,0,3,0,0.188
2017-18,1627988,Myke Henry,1610612763,MEM,20,3,17,378,21,60,0.35,61,19,58,0.328,0.508
2017-18,1626167,Myles Turner,1610612754,IND,65,39,26,1836,141,338,0.417,336,54,148,0.365,0.497
2017-18,203489,Nate Wolters,1610612762,UTA,5,3,2,19,0,0,,0,,,,
2017-18,1628513,Naz Mitrou-Long,1610612762,UTA,1,0,1,1,1,1,1,3,1,1,1,1.5
2017-18,202357,Nemanja Bjelica,1610612750,MIN,67,38,29,1371,70,169,0.414,209,69,165,0.418,0.618
2017-18,2403,Nene,1610612745,HOU,52,42,10,758,15,35,0.429,30,0,1,0,0.429
2017-18,203457,Nerlens Noel,1610612742,DAL,30,6,24,472,6,14,0.429,12,0,0,,0.429
2017-18,2555,Nick Collison,1610612760,OKC,15,9,6,75,0,0,,0,,,,
2017-18,201156,Nick Young,1610612744,GSW,80,56,24,1393,96,240,0.4,280,88,224,0.393,0.583
2017-18,201587,Nicolas Batum,1610612766,CHA,64,27,37,1981,94,263,0.357,263,75,210,0.357,0.5
2017-18,1627852,Nicolas Brussino,1610612737,ATL,4,0,4,10,0,2,0,0,0,2,0,0
2017-18,1628502,Nigel Hayes-Davis,1610612758,SAC,9,6,3,122,6,19,0.316,16,4,16,0.25,0.421
2017-18,203917,Nik Stauskas,1610612751,BKN,41,14,27,523,26,61,0.426,78,26,61,0.426,0.639
2017-18,203999,Nikola Jokić,1610612743,DEN,75,43,32,2443,147,344,0.427,388,94,232,0.405,0.564
2017-18,202703,Nikola Mirotic,1610612740,NOP,55,34,21,1494,116,320,0.363,340,108,292,0.37,0.531
2017-18,202696,Nikola Vučević,1610612753,ORL,57,17,40,1683,144,375,0.384,352,64,202,0.317,0.469
2017-18,203943,Noah Vonleh,1610612741,CHI,54,24,30,876,30,79,0.38,79,19,52,0.365,0.5
2017-18,1626181,Norman Powell,1610612761,TOR,70,51,19,1062,47,151,0.311,139,45,147,0.306,0.46
2017-18,1628384,OG Anunoby,1610612761,TOR,74,51,23,1481,64,182,0.352,191,63,180,0.35,0.525
2017-18,1627855,Okaro White,1610612739,CLE,6,2,4,80,4,11,0.364,12,4,11,0.364,0.545
2017-18,204179,Omari Johnson,1610612763,MEM,4,1,3,75,4,13,0.308,12,4,12,0.333,0.462
2017-18,201600,Omer Asik,1610612741,CHI,18,7,11,182,1,2,0.5,2,,,,0.5
2017-18,201956,Omri Casspi,1610612744,GSW,53,40,13,742,10,19,0.526,29,9,18,0.5,0.763
2017-18,203490,Otto Porter Jr.,1610612764,WAS,77,42,35,2432,169,359,0.471,456,118,268,0.44,0.635
2017-18,200782,P.J. Tucker,1610612745,HOU,82,65,17,2281,119,319,0.373,350,112,299,0.375,0.549
2017-18,1628408,PJ Dozier,1610612760,OKC,2,1,1,3,0,0,,0,,,,
2017-18,1627783,Pascal Siakam,1610612761,TOR,81,59,22,1679,31,138,0.225,90,28,128,0.219,0.326
2017-18,1626192,Pat Connaughton,1610612757,POR,82,49,33,1488,65,191,0.34,193,63,185,0.341,0.505
2017-18,201976,Patrick Beverley,1610612746,LAC,11,5,6,334,17,43,0.395,51,17,41,0.415,0.593
2017-18,1627775,Patrick McCaw,1610612744,GSW,57,41,16,961,22,75,0.293,62,18,66,0.273,0.413
2017-18,202335,Patrick Patterson,1610612760,OKC,82,48,34,1270,64,174,0.368,189,61,163,0.374,0.543
2017-18,201988,Patty Mills,1610612759,SAS,82,47,35,2107,105,289,0.363,312,102,279,0.366,0.54
2017-18,2200,Pau Gasol,1610612759,SAS,77,45,32,1812,95,258,0.368,233,43,119,0.361,0.452
2017-18,202331,Paul George,1610612760,OKC,79,47,32,2891,185,467,0.396,542,172,425,0.405,0.58
2017-18,200794,Paul Millsap,1610612743,DEN,38,22,16,1143,40,104,0.385,112,32,91,0.352,0.538
2017-18,1627835,Paul Zipser,1610612741,CHI,54,17,37,824,41,113,0.363,118,36,99,0.364,0.522
2017-18,203112,Quincy Acy,1610612751,BKN,70,26,44,1359,98,278,0.353,292,96,270,0.356,0.525
2017-18,202347,Quincy Pondexter,1610612741,CHI,23,6,17,196,3,17,0.176,9,3,17,0.176,0.265
2017-18,1626188,Quinn Cook,1610612744,GSW,33,21,12,741,28,59,0.475,83,27,55,0.491,0.703
2017-18,1626154,RJ Hunter,1610612745,HOU,5,3,2,45,1,6,0.167,3,1,6,0.167,0.25
2017-18,200765,Rajon Rondo,1610612740,NOP,65,41,24,1705,34,108,0.315,99,31,100,0.31,0.458
2017-18,201196,Ramon Sessions,1610612764,WAS,28,10,18,392,8,23,0.348,23,7,22,0.318,0.5
2017-18,1626173,Rashad Vaughn,1610612753,ORL,28,13,15,212,14,33,0.424,42,14,33,0.424,0.636
2017-18,203526,Raul Neto,1610612762,UTA,41,28,13,498,18,36,0.5,53,17,34,0.5,0.736
2017-18,101109,Raymond Felton,1610612760,OKC,82,48,34,1365,55,144,0.382,164,54,138,0.391,0.569
2017-18,203493,Reggie Bullock Jr.,1610612765,DET,62,32,30,1732,119,262,0.454,345,107,240,0.446,0.658
2017-18,203687,Reggie Hearn,1610612765,DET,3,3,0,7,1,1,1,3,1,1,1,1.5
2017-18,202704,Reggie Jackson,1610612765,DET,45,27,18,1201,28,84,0.333,83,27,83,0.325,0.494
2017-18,2210,Richard Jefferson,1610612743,DEN,20,10,10,163,2,7,0.286,5,1,6,0.167,0.357
2017-18,1626158,Richaun Holmes,1610612755,PHI,48,30,18,746,13,53,0.245,30,4,26,0.154,0.283
2017-18,201937,Ricky Rubio,1610612762,UTA,77,44,33,2254,82,211,0.389,238,74,198,0.374,0.564
2017-18,203496,Robert Covington,1610612755,PHI,80,51,29,2531,194,526,0.369,577,189,507,0.373,0.548
2017-18,201577,Robin Lopez,1610612741,CHI,64,23,41,1690,62,162,0.383,127,3,10,0.3,0.392
2017-18,203918,Rodney Hood,1610612739,CLE,60,29,31,1615,96,258,0.372,276,84,221,0.38,0.535
2017-18,203585,Rodney McGruder,1610612748,MIA,18,11,7,299,14,32,0.438,41,13,31,0.419,0.641
2017-18,1628681,Rodney Purvis,1610612753,ORL,16,5,11,290,14,52,0.269,39,11,44,0.25,0.375
2017-18,1627758,Ron Baker,1610612752,NYK,29,12,17,385,6,24,0.25,18,6,22,0.273,0.375
2017-18,1626178,Rondae Hollis-Jefferson,1610612751,BKN,68,26,42,1921,32,92,0.348,75,11,48,0.229,0.408
2017-18,1626220,Royce O'Neale,1610612762,UTA,69,43,26,1150,33,95,0.347,99,33,93,0.355,0.521
2017-18,200752,Rudy Gay,1610612759,SAS,57,36,21,1231,36,112,0.321,102,30,93,0.323,0.455
2017-18,203497,Rudy Gobert,1610612762,UTA,56,37,19,1816,3,14,0.214,6,,,,0.214
2017-18,201566,Russell Westbrook,1610612760,OKC,80,47,33,2914,34,95,0.358,94,26,76,0.342,0.495
2017-18,201583,Ryan Anderson,1610612745,HOU,66,52,14,1725,118,309,0.382,354,118,308,0.383,0.573
2017-18,1627853,Ryan Arcidiacono,1610612741,CHI,24,6,18,304,8,26,0.308,24,8,26,0.308,0.462
2017-18,1626257,Salah Mejri,1610612742,DAL,61,21,40,729,1,4,0.25,2,0,1,0,0.25
2017-18,1626155,Sam Dekker,1610612746,LAC,73,36,37,883,10,58,0.172,28,8,53,0.151,0.241
2017-18,203816,Scotty Hopson,1610612742,DAL,1,0,1,8,0,0,,0,,,,
2017-18,203930,Sean Kilpatrick,1610612741,CHI,52,22,30,640,34,103,0.33,102,34,98,0.347,0.495
2017-18,1628400,Semi Ojeleye,1610612738,BOS,73,50,23,1150,35,116,0.302,105,35,112,0.313,0.453
2017-18,201586,Serge Ibaka,1610612761,TOR,76,53,23,2093,161,400,0.403,422,100,274,0.365,0.528
2017-18,203498,Shabazz Muhammad,1610612749,MIL,43,25,18,418,7,26,0.269,20,6,24,0.25,0.385
2017-18,203894,Shabazz Napier,1610612757,POR,74,46,28,1535,56,125,0.448,165,53,119,0.445,0.66
2017-18,203499,Shane Larkin,1610612738,BOS,54,39,15,775,24,59,0.407,72,24,58,0.414,0.61
2017-18,1627885,Shaquille Harrison,1610612756,PHX,23,3,20,384,5,18,0.278,15,5,18,0.278,0.417
2017-18,2733,Shaun Livingston,1610612744,GSW,71,49,22,1129,4,10,0.4,8,0,1,0,0.4
2017-18,202714,Shelvin Mack,1610612753,ORL,69,21,48,1365,30,77,0.39,90,30,73,0.411,0.584
2017-18,1628414,Sindarius Thornwell,1610612746,LAC,73,36,37,1156,30,71,0.423,83,23,58,0.397,0.585
2017-18,1627746,Skal Labissiere,1610612758,SAC,60,19,41,1240,49,118,0.415,115,17,45,0.378,0.487
2017-18,203524,Solomon Hill,1610612740,NOP,12,8,4,187,4,20,0.2,12,4,20,0.2,0.3
2017-18,203915,Spencer Dinwiddie,1610612751,BKN,80,28,52,2306,67,186,0.36,201,67,182,0.368,0.54
2017-18,1626169,Stanley Johnson,1610612765,DET,69,33,36,1894,64,204,0.314,190,62,197,0.315,0.466
2017-18,201939,Stephen Curry,1610612744,GSW,51,41,10,1631,131,291,0.45,378,116,267,0.434,0.649
2017-18,1628425,Sterling Brown,1610612749,MIL,54,26,28,776,27,82,0.329,79,25,78,0.321,0.482
2017-18,203500,Steven Adams,1610612760,OKC,76,43,33,2487,22,39,0.564,44,0,1,0,0.564
2017-18,1628388,T.J. Leaf,1610612754,IND,53,31,22,459,20,47,0.426,58,18,42,0.429,0.617
2017-18,204456,T.J. McConnell,1610612755,PHI,76,50,26,1707,27,61,0.443,78,24,52,0.462,0.639
2017-18,203933,T.J. Warren,1610612756,PHX,65,18,47,2142,71,194,0.366,162,20,78,0.256,0.418
2017-18,201959,Taj Gibson,1610612750,MIN,82,47,35,2726,61,165,0.37,129,7,34,0.206,0.391
2017-18,204028,Tarik Black,1610612745,HOU,51,40,11,536,1,11,0.091,3,1,8,0.125,0.136
2017-18,1627752,Taurean Prince,1610612737,ATL,82,24,58,2464,140,343,0.408,418,138,330,0.418,0.609
2017-18,1628390,Terrance Ferguson,1610612760,OKC,61,37,24,763,42,118,0.356,123,39,113,0.345,0.521
2017-18,203082,Terrence Ross,1610612753,ORL,24,10,14,600,29,82,0.354,81,23,72,0.319,0.494
2017-18,1626179,Terry Rozier,1610612738,BOS,80,54,26,2068,96,239,0.402,283,91,227,0.401,0.592
2017-18,200757,Thabo Sefolosha,1610612762,UTA,38,16,22,806,37,93,0.398,102,28,77,0.364,0.548
2017-18,201152,Thaddeus Young,1610612754,IND,81,48,33,2607,66,201,0.328,183,51,164,0.311,0.455
2017-18,1628418,Thomas Bryant,1610612747,LAL,15,7,8,72,2,9,0.222,5,1,8,0.125,0.278
2017-18,1627748,Thon Maker,1610612749,MIL,74,40,34,1238,66,169,0.391,161,29,95,0.305,0.476
2017-18,204025,Tim Frazier,1610612764,WAS,59,31,28,838,13,38,0.342,36,10,32,0.313,0.474
2017-18,203501,Tim Hardaway Jr.,1610612752,NYK,57,19,38,1885,114,312,0.365,319,91,272,0.335,0.511
2017-18,1627817,Tim Quarterman,1610612745,HOU,3,2,1,13,0,0,,0,0,0,,
2017-18,202389,Timofey Mozgov,1610612751,BKN,31,12,19,359,5,21,0.238,14,4,17,0.235,0.333
2017-18,1627789,Timothe Luwawu-Cabarrot,1610612755,PHI,52,29,23,807,51,156,0.327,150,48,147,0.327,0.481
2017-18,202699,Tobias Harris,1610612746,LAC,80,39,41,2668,152,374,0.406,447,143,351,0.407,0.598
2017-18,203107,Tomas Satoransky,1610612764,WAS,73,39,34,1643,55,105,0.524,157,47,91,0.516,0.748
2017-18,2754,Tony Allen,1610612740,NOP,22,12,10,273,5,16,0.313,14,4,12,0.333,0.438
2017-18,1628396,Tony Bradley,1610612762,UTA,9,6,3,29,1,5,0.2,2,0,1,0,0.2
2017-18,2225,Tony Parker,1610612759,SAS,55,32,23,1071,17,53,0.321,43,9,34,0.265,0.406
2017-18,203503,Tony Snell,1610612749,MIL,75,42,33,2053,102,265,0.385,305,101,251,0.402,0.575
2017-18,1628470,Torrey Craig,1610612743,DEN,39,22,17,629,21,56,0.375,59,17,52,0.327,0.527
2017-18,204037,Travis Wear,1610612747,LAL,17,7,10,228,16,49,0.327,46,14,39,0.359,0.469
2017-18,1626203,Treveon Graham,1610612766,CHA,63,28,35,1050,40,98,0.408,119,39,92,0.424,0.607
2017-18,2772,Trevor Ariza,1610612745,HOU,67,51,16,2269,149,378,0.394,447,149,374,0.398,0.591
2017-18,202344,Trevor Booker,1610612754,IND,68,36,32,1158,9,34,0.265,24,6,26,0.231,0.353
2017-18,203504,Trey Burke,1610612752,NYK,36,10,26,785,35,76,0.461,97,27,65,0.415,0.638
2017-18,1626168,Trey Lyles,1610612743,DEN,73,41,32,1391,81,201,0.403,236,74,188,0.394,0.587
2017-18,203590,Trey McKinney-Jones,1610612754,IND,1,1,0,1,0,0,,0,,,,
2017-18,202684,Tristan Thompson,1610612739,CLE,53,27,26,1072,2,6,0.333,4,,,,0.333
2017-18,203584,Troy Daniels,1610612756,PHX,79,20,59,1622,149,372,0.401,436,138,343,0.402,0.586
2017-18,1627786,Troy Williams,1610612752,NYK,21,7,14,307,11,33,0.333,32,10,32,0.313,0.485
2017-18,1628463,Tyler Cavanaugh,1610612737,ATL,39,11,28,518,37,89,0.416,106,32,84,0.381,0.596
2017-18,1628416,Tyler Dorsey,1610612737,ATL,56,15,41,974,51,144,0.354,152,50,141,0.355,0.528
2017-18,203898,Tyler Ennis,1610612747,LAL,54,22,32,683,10,35,0.286,29,9,34,0.265,0.414
2017-18,204020,Tyler Johnson,1610612748,MIA,72,39,33,2052,127,341,0.372,363,109,294,0.371,0.532
2017-18,1628399,Tyler Lydon,1610612743,DEN,1,1,0,2,0,0,,0,,,,
2017-18,1627755,Tyler Ulis,1610612756,PHX,71,20,51,1658,22,66,0.333,62,18,57,0.316,0.47
2017-18,203092,Tyler Zeller,1610612749,MIL,66,27,39,1108,14,38,0.368,38,10,24,0.417,0.5
2017-18,201936,Tyreke Evans,1610612763,MEM,52,19,33,1607,45,114,0.395,132,42,108,0.389,0.579
2017-18,1627820,Tyrone Wallace,1610612746,LAC,30,17,13,851,10,40,0.25,30,10,38,0.263,0.375
2017-18,2199,Tyson Chandler,1610612756,PHX,46,15,31,1151,2,2,1,4,,,,1
2017-18,1626145,Tyus Jones,1610612750,MIN,82,47,35,1467,45,112,0.402,132,42,107,0.393,0.589
2017-18,2617,Udonis Haslem,1610612748,MIA,14,9,5,72,1,13,0.077,3,1,8,0.125,0.115
2017-18,203505,Vander Blue,1610612747,LAL,5,1,4,45,0,2,0,0,0,2,0,0
2017-18,203506,Victor Oladipo,1610612754,IND,75,48,27,2552,105,263,0.399,292,82,212,0.387,0.555
2017-18,1713,Vince Carter,1610612758,SAC,58,20,38,1026,59,150,0.393,170,52,137,0.38,0.567
2017-18,1626205,Vincent Hunter,1610612763,MEM,4,0,4,7,1,1,1,2,,,,1
2017-18,1627735,Wade Baldwin IV,1610612757,POR,7,4,3,80,4,4,1,12,4,4,1,1.5
2017-18,1627215,Walt Lemon Jr.,1610612740,NOP,5,4,1,35,0,0,,0,0,0,,
2017-18,201961,Wayne Ellington,1610612748,MIA,77,42,35,2041,180,462,0.39,537,177,447,0.396,0.581
2017-18,1627782,Wayne Selden,1610612763,MEM,35,10,25,691,37,90,0.411,109,35,86,0.407,0.606
2017-18,1628411,Wes Iwundu,1610612753,ORL,62,18,44,1020,14,50,0.28,37,9,42,0.214,0.37
2017-18,202325,Wesley Johnson,1610612746,LAC,74,38,36,1486,69,191,0.361,192,54,159,0.34,0.503
2017-18,202083,Wesley Matthews,1610612742,DAL,63,20,43,2131,124,326,0.38,369,121,318,0.381,0.566
2017-18,203115,Will Barton,1610612743,DEN,81,46,35,2683,102,259,0.394,301,97,247,0.393,0.581
2017-18,1626161,Willie Cauley-Stein,1610612758,SAC,73,23,50,2044,46,100,0.46,95,3,8,0.375,0.475
2017-18,203186,Willie Reed,1610612765,DET,42,20,22,428,6,10,0.6,12,0,0,,0.6
2017-18,1626195,Willy Hernangomez,1610612766,CHA,48,20,28,494,7,19,0.368,19,5,12,0.417,0.5
2017-18,201163,Wilson Chandler,1610612743,DEN,74,41,33,2346,79,208,0.38,234,76,199,0.382,0.563
2017-18,204098,Xavier Munford,1610612749,MIL,6,2,4,21,0,3,0,0,0,1,0,0
2017-18,1628504,Xavier Rathan-Mayes,1610612763,MEM,5,0,5,118,0,4,0,0,0,3,0,0
2017-18,202918,Xavier Silas,1610612738,BOS,2,1,1,7,0,3,0,0,0,2,0,0
2017-18,1627812,Yogi Ferrell,1610612742,DAL,82,24,58,2281,93,234,0.397,275,89,227,0.392,0.588
2017-18,1628380,Zach Collins,1610612757,POR,66,41,25,1045,45,139,0.324,125,35,109,0.321,0.45
2017-18,203897,Zach LaVine,1610612741,CHI,24,9,15,656,13,40,0.325,39,13,40,0.325,0.488
2017-18,2216,Zach Randolph,1610612758,SAC,59,18,41,1508,78,225,0.347,206,50,143,0.35,0.458
2017-18,2585,Zaza Pachulia,1610612744,GSW,69,47,22,972,17,40,0.425,34,0,1,0,0.425
2017-18,1627753,Zhou Qi,1610612745,HOU,18,14,4,124,2,19,0.105,6,2,19,0.105,0.158
2018-19,203932,Aaron Gordon,1610612753,ORL,78,40,38,2633,104,288,0.361,296,88,241,0.365,0.514
2018-19,1628988,Aaron Holiday,1610612754,IND,50,31,19,646,25,65,0.385,75,25,65,0.385,0.577
2018-19,1627846,Abdel Nader,1610612760,OKC,61,38,23,694,29,95,0.305,87,29,94,0.309,0.458
2018-19,201143,Al Horford,1610612738,BOS,68,41,27,1973,153,344,0.445,379,73,203,0.36,0.551
2018-19,202329,Al-Farouq Aminu,1610612757,POR,81,52,29,2292,97,273,0.355,287,93,260,0.358,0.526
2018-19,1626210,Alan Williams,1610612751,BKN,5,1,4,26,1,4,0.25,2,0,1,0,0.25
2018-19,202692,Alec Burks,1610612758,SAC,64,19,45,1375,43,102,0.422,124,38,93,0.409,0.608
2018-19,203518,Alex Abrines,1610612760,OKC,31,21,10,588,38,121,0.314,111,35,116,0.302,0.459
2018-19,1627936,Alex Caruso,1610612747,LAL,25,8,17,531,13,30,0.433,39,13,28,0.464,0.65
2018-19,203458,Alex Len,1610612737,ATL,77,28,49,1544,79,219,0.361,231,73,197,0.371,0.527
2018-19,1627816,Alex Poythress,1610612737,ATL,21,7,14,305,9,24,0.375,27,9,22,0.409,0.563
2018-19,1628035,Alfonzo McKinnie,1610612744,GSW,72,53,19,1003,43,119,0.361,128,42,116,0.362,0.538
2018-19,1628993,Alize Johnson,1610612754,IND,14,9,5,64,1,3,0.333,3,1,2,0.5,0.5
2018-19,203459,Allen Crabbe,1610612751,BKN,43,19,24,1133,92,238,0.387,274,90,229,0.393,0.576
2018-19,1629019,Allonzo Trier,1610612752,NYK,64,13,51,1459,29,66,0.439,87,29,66,0.439,0.659
2018-19,1628518,Amile Jefferson,1610612753,ORL,12,9,3,68,0,0,,0,,,,
2018-19,101161,Amir Johnson,1610612755,PHI,51,32,19,529,13,44,0.295,38,12,40,0.3,0.432
2018-19,203083,Andre Drummond,1610612765,DET,79,40,39,2647,14,49,0.286,31,3,24,0.125,0.316
2018-19,2738,Andre Iguodala,1610612744,GSW,68,47,21,1578,46,139,0.331,135,43,127,0.339,0.486
2018-19,201281,Andre Ingram,1610612747,LAL,4,1,3,15,0,4,0,0,0,3,0,0
2018-19,101106,Andrew Bogut,1610612744,GSW,11,8,3,134,0,1,0,0,,,,0
2018-19,1626150,Andrew Harrison,1610612740,NOP,17,6,11,186,3,13,0.231,9,3,13,0.231,0.346
2018-19,203952,Andrew Wiggins,1610612750,MIN,73,31,42,2543,94,264,0.356,278,90,247,0.364,0.527
2018-19,1629014,Anfernee Simons,1610612757,POR,20,17,3,141,5,18,0.278,15,5,18,0.278,0.417
2018-19,1629116,Angel Delgado,1610612746,LAC,2,0,2,15,0,0,,0,,,,
2018-19,1627790,Ante Zizic,1610612739,CLE,59,13,46,1082,11,28,0.393,22,,,,0.393
2018-19,203076,Anthony Davis,1610612740,NOP,56,25,31,1850,76,186,0.409,198,46,122,0.377,0.532
2018-19,201229,Anthony Tolliver,1610612750,MIN,65,27,38,1079,79,212,0.373,236,78,207,0.377,0.557
2018-19,1628469,Antonio Blakeney,1610612741,CHI,57,14,43,829,29,72,0.403,85,27,64,0.422,0.59
2018-19,203382,Aron Baynes,1610612738,BOS,51,32,19,821,30,83,0.361,81,21,60,0.35,0.488
2018-19,203085,Austin Rivers,1610612745,HOU,76,45,31,2028,61,165,0.37,183,61,165,0.37,0.555
2018-19,202340,Avery Bradley,1610612763,MEM,63,31,32,1905,83,221,0.376,233,67,188,0.356,0.527
2018-19,1629168,BJ Johnson,1610612758,SAC,7,2,5,49,3,8,0.375,9,3,7,0.429,0.563
2018-19,1628389,Bam Adebayo,1610612748,MIA,82,39,43,1913,12,51,0.235,25,1,11,0.091,0.245
2018-19,203463,Ben McLemore,1610612758,SAC,19,7,12,158,13,36,0.361,39,13,33,0.394,0.542
2018-19,1627732,Ben Simmons,1610612755,PHI,79,50,29,2700,1,5,0.2,2,0,1,0,0.2
2018-19,1628656,Billy Garrett,1610612752,NYK,4,1,3,63,0,5,0,0,0,5,0,0
2018-19,202687,Bismack Biyombo,1610612766,CHA,54,24,30,782,7,18,0.389,14,,,,0.389
2018-19,201933,Blake Griffin,1610612765,DET,75,39,36,2622,74,199,0.372,219,71,189,0.376,0.55
2018-19,1626246,Boban Marjanovic,1610612755,PHI,58,31,27,681,14,31,0.452,32,4,10,0.4,0.516
2018-19,1626171,Bobby Portis Jr.,1610612764,WAS,50,14,36,1298,85,223,0.381,238,68,177,0.384,0.534
2018-19,203992,Bogdan Bogdanović,1610612758,SAC,70,32,38,1947,106,259,0.409,302,90,225,0.4,0.583
2018-19,202711,Bojan Bogdanovic,1610612754,IND,81,47,34,2573,142,310,0.458,415,131,292,0.449,0.669
2018-19,1629045,Bonzie Colson,1610612749,MIL,8,6,2,98,4,17,0.235,12,4,17,0.235,0.353
2018-19,202954,Brad Wanamaker,1610612738,BOS,36,27,9,343,10,26,0.385,30,10,25,0.4,0.577
2018-19,203078,Bradley Beal,1610612764,WAS,82,32,50,3028,131,365,0.359,385,123,334,0.368,0.527
2018-19,1629164,Brandon Goodwin,1610612743,DEN,16,10,6,57,2,4,0.5,6,2,4,0.5,0.75
2018-19,1627742,Brandon Ingram,1610612747,LAL,52,25,27,1760,41,123,0.333,110,28,89,0.315,0.447
2018-19,202688,Brandon Knight,1610612739,CLE,39,17,22,737,19,65,0.292,57,19,64,0.297,0.438
2018-19,1629102,Brandon Sampson,1610612741,CHI,14,3,11,214,9,24,0.375,27,9,24,0.375,0.563
2018-19,201572,Brook Lopez,1610612749,MIL,81,60,21,2322,166,459,0.362,491,159,446,0.357,0.535
2018-19,1628971,Bruce Brown,1610612765,DET,74,35,39,1449,24,85,0.282,71,23,83,0.277,0.418
2018-19,203998,Bruno Caboclo,1610612763,MEM,34,14,20,800,45,112,0.402,133,43,110,0.391,0.594
2018-19,1627854,Bryn Forbes,1610612759,SAS,82,48,34,2293,135,297,0.455,399,129,285,0.453,0.672
2018-19,1627741,Buddy Hield,1610612758,SAC,82,39,43,2615,202,439,0.46,589,185,402,0.46,0.671
2018-19,203710,C.J. Williams,1610612750,MIN,15,4,11,128,3,11,0.273,9,3,11,0.273,0.409
2018-19,203468,CJ McCollum,1610612757,POR,70,43,27,2375,97,249,0.39,283,89,226,0.394,0.568
2018-19,101139,CJ Miles,1610612763,MEM,53,33,20,857,63,176,0.358,185,59,169,0.349,0.526
2018-19,1628403,Caleb Swanigan,1610612758,SAC,21,10,11,178,1,11,0.091,3,1,7,0.143,0.136
2018-19,1629244,Cam Reynolds,1610612750,MIN,19,6,13,259,19,49,0.388,57,19,48,0.396,0.582
2018-19,1626166,Cameron Payne,1610612739,CLE,40,7,33,712,15,58,0.259,43,13,55,0.236,0.371
2018-19,1627747,Caris LeVert,1610612751,BKN,40,19,21,1063,18,68,0.265,54,18,66,0.273,0.397
2018-19,2546,Carmelo Anthony,1610612745,HOU,10,4,6,294,18,53,0.34,52,16,51,0.314,0.491
2018-19,1626224,Cedi Osman,1610612739,CLE,76,17,59,2444,98,278,0.353,286,90,267,0.337,0.514
2018-19,1628990,Chandler Hutchison,1610612741,CHI,44,10,34,895,14,48,0.292,42,14,48,0.292,0.438
2018-19,202718,Chandler Parsons,1610612763,MEM,25,11,14,496,25,81,0.309,72,22,73,0.301,0.444
2018-19,101112,Channing Frye,1610612739,CLE,36,7,29,341,29,73,0.397,86,28,68,0.412,0.589
2018-19,1626184,Chasson Randle,1610612764,WAS,49,19,30,743,27,75,0.36,81,27,74,0.365,0.54
2018-19,1627767,Cheick Diallo,1610612740,NOP,64,27,37,896,18,50,0.36,37,1,4,0.25,0.37
2018-19,1629002,Chimezie Metu,1610612759,SAS,29,14,15,145,0,8,0,0,0,2,0,0
2018-19,1628449,Chris Boucher,1610612761,TOR,28,21,7,163,11,34,0.324,33,11,34,0.324,0.485
2018-19,1629185,Chris Chiozza,1610612745,HOU,7,6,1,33,1,2,0.5,3,1,2,0.5,0.75
2018-19,101108,Chris Paul,1610612745,HOU,58,39,19,1857,27,62,0.435,79,25,58,0.431,0.637
2018-19,1626174,Christian Wood,1610612740,NOP,21,13,8,250,10,25,0.4,29,9,24,0.375,0.58
2018-19,203991,Clint Capela,1610612745,HOU,67,44,23,2249,0,3,0,0,,,,0
2018-19,203469,Cody Zeller,1610612766,CHA,49,22,27,1243,8,27,0.296,21,5,19,0.263,0.389
2018-19,1629012,Collin Sexton,1610612739,CLE,82,19,63,2605,65,152,0.428,192,62,140,0.443,0.632
2018-19,201147,Corey Brewer,1610612758,SAC,31,13,18,492,14,40,0.35,42,14,38,0.368,0.525
2018-19,202709,Cory Joseph,1610612754,IND,82,48,34,2063,53,145,0.366,156,50,138,0.362,0.538
2018-19,201584,Courtney Lee,1610612742,DAL,34,6,28,428,15,51,0.294,43,13,46,0.283,0.422
2018-19,1626245,Cristiano Felicio,1610612741,CHI,60,16,44,746,4,15,0.267,8,0,3,0,0.267
2018-19,1626156,D'Angelo Russell,1610612751,BKN,81,42,39,2448,108,275,0.393,320,104,264,0.394,0.582
2018-19,201571,D.J. Augustin,1610612753,ORL,81,42,39,2269,65,148,0.439,195,65,146,0.445,0.659
2018-19,1628391,D.J. Wilson,1610612749,MIL,48,37,11,882,42,125,0.336,122,38,114,0.333,0.488
2018-19,203474,DJ Stephens,1610612763,MEM,1,0,1,7,0,0,,0,,,,
2018-19,1629541,Dairis Bertans,1610612740,NOP,12,3,9,167,10,34,0.294,29,9,30,0.3,0.426
2018-19,1627745,Damian Jones,1610612744,GSW,24,15,9,410,2,5,0.4,4,,,,0.4
2018-19,203081,Damian Lillard,1610612757,POR,80,51,29,2838,88,228,0.386,255,79,203,0.389,0.559
2018-19,1627814,Damion Lee,1610612744,GSW,32,18,14,375,24,63,0.381,69,21,58,0.362,0.548
2018-19,1628422,Damyean Dotson,1610612752,NYK,73,12,61,2004,116,308,0.377,329,97,261,0.372,0.534
2018-19,1627772,Daniel Hamilton,1610612737,ATL,19,7,12,204,8,21,0.381,24,8,21,0.381,0.571
2018-19,1628464,Daniel Theis,1610612738,BOS,66,38,28,908,38,105,0.362,101,25,64,0.391,0.481
2018-19,201568,Danilo Gallinari,1610612746,LAC,68,40,28,2059,131,306,0.428,382,120,270,0.444,0.624
2018-19,201980,Danny Green,1610612761,TOR,80,56,24,2215,179,379,0.472,530,172,363,0.474,0.699
2018-19,201967,Dante Cunningham,1610612759,SAS,64,36,28,928,36,85,0.424,102,30,64,0.469,0.6
2018-19,203957,Dante Exum,1610612762,UTA,42,21,21,664,18,58,0.31,53,17,57,0.298,0.457
2018-19,1627863,Danuel House Jr.,1610612745,HOU,39,27,12,979,57,133,0.429,170,56,132,0.424,0.639
2018-19,203967,Dario Saric,1610612750,MIN,81,39,42,2022,123,342,0.36,358,112,303,0.37,0.523
2018-19,203121,Darius Miller,1610612740,NOP,69,31,38,1758,118,318,0.371,345,109,298,0.366,0.542
2018-19,201954,Darren Collison,1610612754,IND,76,45,31,2143,61,138,0.442,173,51,116,0.44,0.627
2018-19,1629133,Daryl Macon,1610612742,DAL,8,4,4,90,2,3,0.667,6,2,3,0.667,1
2018-19,1628021,David Nwaba,1610612739,CLE,51,14,37,984,24,71,0.338,72,24,71,0.338,0.507
2018-19,202722,Davis Bertans,1610612759,SAS,76,44,32,1632,135,307,0.44,400,130,296,0.439,0.651
2018-19,1628432,Davon Reed,1610612754,IND,10,4,6,47,2,4,0.5,6,2,4,0.5,0.75
2018-19,1628368,De'Aaron Fox,1610612758,SAC,81,39,42,2546,38,95,0.4,112,36,89,0.404,0.589
2018-19,1629001,De'Anthony Melton,1610612756,PHX,50,13,37,984,29,78,0.372,85,27,75,0.36,0.545
2018-19,201599,DeAndre Jordan,1610612752,NYK,69,25,44,2047,1,6,0.167,2,,,,0.167
2018-19,1627761,DeAndre' Bembry,1610612737,ATL,82,29,53,1931,46,161,0.286,138,46,156,0.295,0.429
2018-19,201942,DeMar DeRozan,1610612759,SAS,77,44,33,2688,45,117,0.385,97,7,33,0.212,0.415
2018-19,202326,DeMarcus Cousins,1610612744,GSW,30,23,7,771,29,100,0.29,82,24,91,0.264,0.41
2018-19,201960,DeMarre Carroll,1610612751,BKN,67,36,31,1703,102,286,0.357,300,96,276,0.348,0.524
2018-19,1629152,DeVaughn Akoon-Purcell,1610612743,DEN,7,7,0,22,0,2,0,0,0,1,0,0
2018-19,1629028,Deandre Ayton,1610612756,PHX,71,17,54,2183,70,184,0.38,140,0,3,0,0.38
2018-19,1626153,Delon Wright,1610612763,MEM,75,45,30,1698,35,106,0.33,105,35,104,0.337,0.495
2018-19,1627743,Demetrius Jackson,1610612755,PHI,6,5,1,39,2,5,0.4,6,2,5,0.4,0.6
2018-19,1629061,Deng Adel,1610612739,CLE,19,4,15,194,6,20,0.3,18,6,20,0.3,0.45
2018-19,203471,Dennis Schröder,1610612760,OKC,79,47,32,2314,91,258,0.353,268,86,246,0.35,0.519
2018-19,1628372,Dennis Smith Jr.,1610612752,NYK,53,21,32,1508,30,100,0.3,89,29,98,0.296,0.445
2018-19,1629126,Deonte Burton,1610612760,OKC,32,21,11,240,8,26,0.308,24,8,25,0.32,0.462
2018-19,202324,Derrick Favors,1610612762,UTA,76,46,30,1766,48,148,0.324,113,17,78,0.218,0.382
2018-19,1627884,Derrick Jones Jr.,1610612748,MIA,60,31,29,1154,29,86,0.337,86,28,85,0.329,0.5
2018-19,201565,Derrick Rose,1610612750,MIN,51,24,27,1392,29,84,0.345,86,28,80,0.35,0.512
2018-19,1628401,Derrick White,1610612759,SAS,67,41,26,1728,38,110,0.345,111,35,106,0.33,0.505
2018-19,1626164,Devin Booker,1610612756,PHX,64,15,49,2242,89,215,0.414,243,65,173,0.376,0.565
2018-19,2734,Devin Harris,1610612742,DAL,68,28,40,1071,50,154,0.325,150,50,151,0.331,0.487
2018-19,1628421,Devin Robinson,1610612764,WAS,7,1,6,95,1,3,0.333,2,0,2,0,0.333
2018-19,1628984,Devonte' Graham,1610612766,CHA,46,18,28,676,23,71,0.324,69,23,70,0.329,0.486
2018-19,203473,Dewayne Dedmon,1610612737,ATL,64,24,40,1609,91,241,0.378,262,80,210,0.381,0.544
2018-19,1627738,Deyonta Davis,1610612737,ATL,9,3,6,118,1,4,0.25,2,0,1,0,0.25
2018-19,1628415,Dillon Brooks,1610612763,MEM,18,9,9,330,14,35,0.4,41,13,31,0.419,0.586
2018-19,203079,Dion Waiters,1610612748,MIA,44,20,24,1138,84,212,0.396,246,78,202,0.386,0.58
2018-19,1717,Dirk Nowitzki,1610612742,DAL,51,17,34,795,94,274,0.343,248,60,192,0.313,0.453
2018-19,1627734,Domantas Sabonis,1610612754,IND,74,43,31,1838,57,141,0.404,122,8,16,0.5,0.433
2018-19,202700,Donatas Motiejunas,1610612759,SAS,3,3,0,13,1,1,1,2,,,,1
2018-19,1628378,Donovan Mitchell,1610612762,UTA,77,49,28,2598,86,219,0.393,257,85,212,0.401,0.587
2018-19,1628978,Donte DiVincenzo,1610612749,MIL,27,20,7,411,20,71,0.282,60,20,69,0.29,0.423
2018-19,1629055,Donte Grantham,1610612760,OKC,3,2,1,2,0,2,0,0,0,2,0,0
2018-19,1627827,Dorian Finney-Smith,1610612742,DAL,81,33,48,1985,73,231,0.316,217,71,218,0.326,0.47
2018-19,203926,Doug McDermott,1610612754,IND,77,43,34,1340,96,226,0.425,274,82,194,0.423,0.606
2018-19,1627733,Dragan Bender,1610612756,PHX,46,9,37,826,21,96,0.219,63,21,96,0.219,0.328
2018-19,203110,Draymond Green,1610612744,GSW,66,48,18,2065,50,172,0.291,142,42,150,0.28,0.413
2018-19,1629234,Drew Eubanks,1610612759,SAS,23,13,10,113,0,0,,0,,,,
2018-19,1629130,Duncan Robinson,1610612748,MIA,15,7,8,161,10,31,0.323,29,9,30,0.3,0.468
2018-19,1628605,Dusty Hannahs,1610612763,MEM,2,0,2,26,0,4,0,0,0,4,0,0
2018-19,1628407,Dwayne Bacon,1610612766,CHA,43,20,23,759,22,50,0.44,66,22,49,0.449,0.66
2018-19,2730,Dwight Howard,1610612764,WAS,9,4,5,230,3,7,0.429,6,,,,0.429
2018-19,203939,Dwight Powell,1610612742,DAL,77,31,46,1663,39,135,0.289,116,38,124,0.306,0.43
2018-19,2548,Dwyane Wade,1610612748,MIA,72,35,37,1885,39,97,0.402,108,30,74,0.405,0.557
2018-19,1629058,Dzanan Musa,1610612751,BKN,9,4,5,39,1,7,0.143,3,1,7,0.143,0.214
2018-19,202734,E'Twaun Moore,1610612740,NOP,53,21,32,1463,68,155,0.439,197,61,143,0.427,0.635
2018-19,202334,Ed Davis,1610612751,BKN,81,42,39,1446,0,1,0,0,0,0,,0
2018-19,1628410,Edmond Sumner,1610612754,IND,23,14,9,210,6,24,0.25,18,6,23,0.261,0.375
2018-19,202327,Ekpe Udoh,1610612762,UTA,51,35,16,320,1,3,0.333,2,,,,0.333
2018-19,203901,Elfrid Payton,1610612740,NOP,42,18,24,1250,26,76,0.342,78,26,76,0.342,0.513
2018-19,1629059,Elie Okobo,1610612756,PHX,53,7,46,958,23,78,0.295,68,22,76,0.289,0.436
2018-19,1629150,Emanuel Terry,1610612748,MIA,3,0,3,23,0,0,,0,,,,
2018-19,1626144,Emmanuel Mudiay,1610612752,NYK,59,13,46,1607,42,125,0.336,124,40,118,0.339,0.496
2018-19,202683,Enes Freedom,1610612757,POR,67,28,39,1639,19,71,0.268,46,8,30,0.267,0.324
2018-19,202339,Eric Bledsoe,1610612749,MIL,78,59,19,2272,58,202,0.287,174,58,198,0.293,0.431
2018-19,201569,Eric Gordon,1610612745,HOU,68,44,24,2158,172,450,0.382,516,172,449,0.383,0.573
2018-19,203961,Eric Moreland,1610612761,TOR,5,3,2,43,1,1,1,3,1,1,1,1.5
2018-19,101141,Ersan Ilyasova,1610612749,MIL,67,49,18,1231,59,163,0.362,167,49,134,0.366,0.512
2018-19,203095,Evan Fournier,1610612753,ORL,81,42,39,2553,122,326,0.374,352,108,294,0.367,0.54
2018-19,202323,Evan Turner,1610612757,POR,73,47,26,1606,12,53,0.226,34,10,45,0.222,0.321
2018-19,1628402,Frank Jackson,1610612740,NOP,61,22,39,1169,42,142,0.296,124,40,132,0.303,0.437
2018-19,1626163,Frank Kaminsky,1610612766,CHA,47,22,25,755,50,142,0.352,149,49,134,0.366,0.525
2018-19,1628412,Frank Mason III,1610612758,SAC,38,16,22,435,2,14,0.143,6,2,14,0.143,0.214
2018-19,1628373,Frank Ntilikina,1610612752,NYK,43,9,34,904,25,85,0.294,74,24,80,0.3,0.435
2018-19,1627832,Fred VanVleet,1610612761,TOR,64,46,18,1760,83,195,0.426,243,77,187,0.412,0.623
2018-19,1627788,Furkan Korkmaz,1610612755,PHI,48,30,18,679,40,118,0.339,119,39,115,0.339,0.504
2018-19,202066,Garrett Temple,1610612746,LAC,75,37,38,2041,83,225,0.369,248,82,217,0.378,0.551
2018-19,1629109,Gary Clark,1610612745,HOU,51,33,18,641,37,125,0.296,111,37,125,0.296,0.444
2018-19,203914,Gary Harris,1610612743,DEN,57,38,19,1639,69,191,0.361,200,62,173,0.358,0.524
2018-19,1627780,Gary Payton II,1610612764,WAS,3,2,1,16,1,2,0.5,3,1,2,0.5,0.75
2018-19,1629018,Gary Trent Jr.,1610612757,POR,15,14,1,111,2,10,0.2,6,2,10,0.2,0.3
2018-19,201588,George Hill,1610612749,MIL,60,39,21,1302,38,113,0.336,112,36,108,0.333,0.496
2018-19,1628994,George King,1610612756,PHX,1,0,1,6,0,0,,0,,,,
2018-19,1627777,Georges Niang,1610612762,UTA,59,41,18,516,40,100,0.4,120,40,98,0.408,0.6
2018-19,101123,Gerald Green,1610612745,HOU,73,47,26,1473,128,328,0.39,380,124,321,0.386,0.579
2018-19,203507,Giannis Antetokounmpo,1610612749,MIL,72,56,16,2358,16,74,0.216,47,15,67,0.224,0.318
2018-19,203922,Glenn Robinson III,1610612765,DET,47,24,23,610,21,68,0.309,59,17,59,0.288,0.434
2018-19,201609,Goran Dragic,1610612748,MIA,36,16,20,991,37,105,0.352,111,37,99,0.374,0.529
2018-19,202330,Gordon Hayward,1610612738,BOS,72,44,28,1863,80,208,0.385,222,62,173,0.358,0.534
2018-19,203476,Gorgui Dieng,1610612750,MIN,76,33,43,1031,65,138,0.471,147,17,47,0.362,0.533
2018-19,1628960,Grayson Allen,1610612762,UTA,38,22,16,416,28,76,0.368,83,27,75,0.36,0.546
2018-19,202328,Greg Monroe,1610612755,PHI,43,28,15,480,2,13,0.154,5,1,5,0.2,0.192
2018-19,1627824,Guerschon Yabusele,1610612738,BOS,41,27,14,251,11,32,0.344,31,9,27,0.333,0.484
2018-19,1628977,Hamidou Diallo,1610612760,OKC,51,29,22,526,5,25,0.2,14,4,24,0.167,0.28
2018-19,203084,Harrison Barnes,1610612758,SAC,77,34,43,2533,146,366,0.399,432,140,347,0.403,0.59
2018-19,1628385,Harry Giles III,1610612758,SAC,58,26,32,820,23,58,0.397,46,0,6,0,0.397
2018-19,202355,Hassan Whiteside,1610612748,MIA,72,33,39,1674,22,64,0.344,46,2,14,0.143,0.359
2018-19,1629312,Haywood Highsmith,1610612755,PHI,5,2,3,40,1,4,0.25,3,1,4,0.25,0.375
2018-19,1627740,Henry Ellenson,1610612752,NYK,19,4,15,259,18,37,0.486,50,14,32,0.438,0.676
2018-19,203546,Ian Clark,1610612740,NOP,60,24,36,973,54,157,0.344,158,50,143,0.35,0.503
2018-19,101133,Ian Mahinmi,1610612764,WAS,34,12,22,498,3,17,0.176,9,3,16,0.188,0.265
2018-19,1628387,Ike Anigbogu,1610612754,IND,3,2,1,6,0,1,0,0,,,,0
2018-19,202697,Iman Shumpert,1610612745,HOU,62,39,23,1481,81,219,0.37,238,76,204,0.373,0.543
2018-19,1629067,Isaac Bonga,1610612747,LAL,22,7,15,120,0,8,0,0,0,5,0,0
2018-19,1629353,Isaac Humphries,1610612737,ATL,5,1,4,56,3,13,0.231,9,3,11,0.273,0.346
2018-19,1628515,Isaiah Briscoe,1610612753,ORL,39,17,22,559,10,32,0.313,30,10,30,0.333,0.469
2018-19,203477,Isaiah Canaan,1610612749,MIL,30,10,20,628,20,58,0.345,60,20,58,0.345,0.517
2018-19,1628392,Isaiah Hartenstein,1610612745,HOU,28,15,13,221,2,6,0.333,6,2,6,0.333,0.5
2018-19,1628439,Isaiah Hicks,1610612752,NYK,3,1,2,32,0,0,,0,,,,
2018-19,202738,Isaiah Thomas,1610612743,DEN,12,6,6,181,8,30,0.267,22,6,26,0.231,0.367
2018-19,202397,Ish Smith,1610612765,DET,56,33,23,1251,23,71,0.324,68,22,68,0.324,0.479
2018-19,1628397,Ivan Rabb,1610612763,MEM,49,20,29,721,11,42,0.262,25,3,15,0.2,0.298
2018-19,1627826,Ivica Zubac,1610612746,LAC,59,32,27,1039,5,18,0.278,10,,,,0.278
2018-19,200826,J.J. Barea,1610612742,DAL,38,20,18,752,13,50,0.26,38,12,47,0.255,0.38
2018-19,1629122,J.P. Macura,1610612766,CHA,2,1,1,17,0,4,0,0,0,4,0,0
2018-19,200755,JJ Redick,1610612755,PHI,76,49,27,2379,181,424,0.427,513,151,356,0.424,0.605
2018-19,2747,JR Smith,1610612739,CLE,11,1,10,222,10,28,0.357,30,10,27,0.37,0.536
2018-19,203960,JaKarr Sampson,1610612741,CHI,4,1,3,127,5,14,0.357,15,5,14,0.357,0.536
2018-19,203210,JaMychal Green,1610612746,LAC,65,31,34,1371,87,205,0.424,238,64,159,0.403,0.58
2018-19,201580,JaVale McGee,1610612747,LAL,75,35,40,1671,10,39,0.256,21,1,12,0.083,0.269
2018-19,203953,Jabari Parker,1610612764,WAS,64,18,46,1724,52,159,0.327,147,43,136,0.316,0.462
2018-19,1628980,Jacob Evans,1610612744,GSW,30,21,9,204,4,15,0.267,12,4,15,0.267,0.4
2018-19,203109,Jae Crowder,1610612762,UTA,80,48,32,2166,154,442,0.348,445,137,408,0.336,0.503
2018-19,1626143,Jahlil Okafor,1610612740,NOP,59,23,36,935,1,10,0.1,3,1,3,0.333,0.15
2018-19,1627774,Jake Layman,1610612757,POR,71,46,25,1327,47,154,0.305,138,44,148,0.297,0.448
2018-19,1627751,Jakob Poeltl,1610612759,SAS,77,43,34,1273,8,14,0.571,16,,,,0.571
2018-19,1628973,Jalen Brunson,1610612742,DAL,73,27,46,1591,38,114,0.333,114,38,112,0.339,0.5
2018-19,1627883,Jalen Jones,1610612739,CLE,16,3,13,214,10,27,0.37,30,10,27,0.37,0.556
2018-19,2037,Jamal Crawford,1610612756,PHX,64,13,51,1211,33,90,0.367,97,31,84,0.369,0.539
2018-19,1627750,Jamal Murray,1610612743,DEN,75,49,26,2447,92,221,0.416,263,79,201,0.393,0.595
2018-19,203516,James Ennis III,1610612755,PHI,58,35,23,1230,49,139,0.353,146,48,137,0.35,0.525
2018-19,201935,James Harden,1610612745,HOU,78,51,27,2867,31,74,0.419,91,29,70,0.414,0.615
2018-19,201949,James Johnson,1610612748,MIA,55,27,28,1164,37,118,0.314,110,36,111,0.324,0.466
2018-19,203263,James Nunnally,1610612745,HOU,15,8,7,101,8,21,0.381,24,8,21,0.381,0.571
2018-19,201162,Jared Dudley,1610612751,BKN,59,28,31,1220,57,158,0.361,164,50,146,0.342,0.519
2018-19,1629123,Jared Terrell,1610612750,MIN,14,4,10,111,1,11,0.091,3,1,11,0.091,0.136
2018-19,1626185,Jarell Martin,1610612753,ORL,42,20,22,328,23,65,0.354,66,20,53,0.377,0.508
2018-19,1628991,Jaren Jackson Jr.,1610612763,MEM,58,23,35,1515,58,152,0.382,163,47,128,0.367,0.536
2018-19,1628417,Jaron Blossomgame,1610612739,CLE,27,4,23,439,12,41,0.293,34,10,37,0.27,0.415
2018-19,1629020,Jarred Vanderbilt,1610612743,DEN,17,10,7,69,0,1,0,0,0,1,0,0
2018-19,1628386,Jarrett Allen,1610612751,BKN,80,42,38,2096,6,49,0.122,18,6,45,0.133,0.184
2018-19,201160,Jason Smith,1610612740,NOP,20,10,10,191,11,37,0.297,31,9,26,0.346,0.419
2018-19,1628393,Jawun Evans,1610612760,OKC,8,4,4,64,0,1,0,0,0,1,0,0
2018-19,1629121,Jaylen Adams,1610612737,ATL,34,13,21,428,17,48,0.354,51,17,48,0.354,0.531
2018-19,1627759,Jaylen Brown,1610612738,BOS,74,41,33,1913,91,255,0.357,265,83,242,0.343,0.52
2018-19,1628537,Jaylen Morris,1610612749,MIL,4,4,0,29,1,3,0.333,3,1,3,0.333,0.5
2018-19,1628369,Jayson Tatum,1610612738,BOS,79,48,31,2455,85,215,0.395,248,78,198,0.394,0.577
2018-19,201145,Jeff Green,1610612764,WAS,77,29,48,2097,118,303,0.389,341,105,278,0.378,0.563
2018-19,201952,Jeff Teague,1610612750,MIN,42,23,19,1264,15,40,0.375,45,15,40,0.375,0.563
2018-19,1629203,Jemerrio Jones,1610612747,LAL,6,3,3,143,2,8,0.25,6,2,8,0.25,0.375
2018-19,203924,Jerami Grant,1610612760,OKC,80,48,32,2612,131,323,0.406,376,114,287,0.397,0.582
2018-19,203087,Jeremy Lamb,1610612766,CHA,79,38,41,2250,96,240,0.4,277,85,221,0.385,0.577
2018-19,202391,Jeremy Lin,1610612761,TOR,74,31,43,1436,34,119,0.286,101,33,114,0.289,0.424
2018-19,1626170,Jerian Grant,1610612753,ORL,60,28,32,939,31,76,0.408,92,30,75,0.4,0.605
2018-19,1629010,Jerome Robinson,1610612746,LAC,33,18,15,321,18,53,0.34,49,13,46,0.283,0.462
2018-19,201573,Jerryd Bayless,1610612750,MIN,34,15,19,657,22,65,0.338,64,20,61,0.328,0.492
2018-19,1628975,Jevon Carter,1610612763,MEM,39,9,30,577,20,61,0.328,59,19,57,0.333,0.484
2018-19,202690,Jimmer Fredette,1610612756,PHX,6,1,5,65,0,8,0,0,0,8,0,0
2018-19,202710,Jimmy Butler III,1610612755,PHI,65,38,27,2185,53,138,0.384,145,39,106,0.368,0.525
2018-19,201149,Joakim Noah,1610612763,MEM,42,14,28,692,3,14,0.214,6,0,1,0,0.214
2018-19,201975,Jodie Meeks,1610612761,TOR,8,7,1,104,7,19,0.368,21,7,17,0.412,0.553
2018-19,1629147,Joe Chealey,1610612766,CHA,1,0,1,8,0,0,,0,,,,
2018-19,203925,Joe Harris,1610612751,BKN,76,41,35,2294,161,329,0.489,477,155,322,0.481,0.725
2018-19,204060,Joe Ingles,1610612762,UTA,82,50,32,2568,127,319,0.398,380,126,314,0.401,0.596
2018-19,203954,Joel Embiid,1610612755,PHI,64,43,21,2154,77,246,0.313,219,65,209,0.311,0.445
2018-19,1628381,John Collins,1610612737,ATL,61,24,37,1828,61,178,0.343,176,54,153,0.353,0.494
2018-19,203089,John Henson,1610612739,CLE,14,10,4,188,11,29,0.379,33,11,29,0.379,0.569
2018-19,204066,John Holland,1610612739,CLE,1,0,1,1,0,0,,0,,,,
2018-19,203098,John Jenkins,1610612752,NYK,26,8,18,333,18,50,0.36,51,15,46,0.326,0.51
2018-19,202322,John Wall,1610612764,WAS,32,11,21,1104,39,104,0.375,116,38,102,0.373,0.558
2018-19,1628405,Johnathan Motley,1610612746,LAC,22,12,10,156,1,6,0.167,2,0,3,0,0.167
2018-19,1629140,Johnathan Williams,1610612747,LAL,24,10,14,372,2,6,0.333,4,0,1,0,0.333
2018-19,202720,Jon Leuer,1610612765,DET,41,16,25,402,12,35,0.343,25,1,12,0.083,0.357
2018-19,1628413,Jonah Bolden,1610612755,PHI,44,24,20,639,34,94,0.362,100,32,90,0.356,0.532
2018-19,201973,Jonas Jerebko,1610612744,GSW,73,52,21,1218,85,206,0.413,236,66,176,0.375,0.573
2018-19,202685,Jonas Valanciunas,1610612763,MEM,49,31,18,1091,27,75,0.36,67,13,45,0.289,0.447
2018-19,1628371,Jonathan Isaac,1610612753,ORL,75,37,38,1996,88,270,0.326,256,80,244,0.328,0.474
2018-19,203613,Jonathon Simmons,1610612755,PHI,56,25,31,1064,18,68,0.265,53,17,66,0.258,0.39
2018-19,1628395,Jordan Bell,1610612744,GSW,68,46,22,788,8,29,0.276,16,0,1,0,0.276
2018-19,203903,Jordan Clarkson,1610612739,CLE,81,18,63,2214,101,266,0.38,289,87,238,0.366,0.543
2018-19,1628070,Jordan Loyd,1610612761,TOR,12,11,1,55,1,4,0.25,3,1,4,0.25,0.375
2018-19,203895,Jordan McRae,1610612764,WAS,27,9,18,333,5,20,0.25,15,5,19,0.263,0.375
2018-19,1626296,Jordan Sibert,1610612737,ATL,1,1,0,4,1,1,1,3,1,1,1,1.5
2018-19,101181,Jose Calderon,1610612765,DET,49,22,27,632,11,39,0.282,33,11,39,0.282,0.423
2018-19,1628404,Josh Hart,1610612747,LAL,67,31,36,1715,78,230,0.339,233,77,224,0.344,0.507
2018-19,1628367,Josh Jackson,1610612756,PHX,79,19,60,1988,65,176,0.369,189,59,165,0.358,0.537
2018-19,1629006,Josh Okogie,1610612750,MIN,74,32,42,1757,58,192,0.302,171,55,187,0.294,0.445
2018-19,1626196,Josh Richardson,1610612748,MIA,73,35,38,2539,148,377,0.393,425,129,335,0.385,0.564
2018-19,201950,Jrue Holiday,1610612740,NOP,67,30,37,2402,51,138,0.37,148,46,130,0.354,0.536
2018-19,1627823,Juancho Hernangomez,1610612743,DEN,70,44,26,1358,69,180,0.383,203,65,175,0.371,0.564
2018-19,1627395,Julian Washburn,1610612763,MEM,18,7,11,254,7,25,0.28,19,5,21,0.238,0.38
2018-19,203944,Julius Randle,1610612740,NOP,73,31,42,2232,59,160,0.369,171,53,148,0.358,0.534
2018-19,1626147,Justin Anderson,1610612737,ATL,48,17,31,464,20,65,0.308,60,20,62,0.323,0.462
2018-19,203200,Justin Holiday,1610612763,MEM,82,25,57,2607,137,389,0.352,399,125,359,0.348,0.513
2018-19,1628382,Justin Jackson,1610612742,DAL,81,36,45,1613,80,221,0.362,239,79,219,0.361,0.541
2018-19,1628383,Justin Patton,1610612755,PHI,3,2,1,21,0,3,0,0,0,2,0,0
2018-19,1626159,Justise Winslow,1610612748,MIA,66,30,36,1960,96,228,0.421,283,91,221,0.412,0.621
2018-19,203994,Jusuf Nurkić,1610612757,POR,72,45,27,1974,32,109,0.294,67,3,26,0.115,0.307
2018-19,1628443,Kadeem Allen,1610612752,NYK,19,3,16,416,13,24,0.542,39,13,23,0.565,0.813
2018-19,203564,Kalin Lucas,1610612765,DET,1,0,1,6,0,0,,0,0,0,,
2018-19,1626157,Karl-Anthony Towns,1610612750,MIN,77,34,43,2545,161,382,0.421,449,127,309,0.411,0.588
2018-19,202695,Kawhi Leonard,1610612761,TOR,60,41,19,2040,72,173,0.416,204,60,147,0.408,0.59
2018-19,1628966,Keita Bates-Diop,1610612750,MIN,30,10,20,503,14,51,0.275,41,13,50,0.26,0.402
2018-19,203482,Kelly Olynyk,1610612748,MIA,79,39,40,1812,106,282,0.376,309,97,260,0.373,0.548
2018-19,1626162,Kelly Oubre Jr.,1610612756,PHX,69,21,48,1935,87,273,0.319,257,83,267,0.311,0.471
2018-19,202689,Kemba Walker,1610612766,CHA,82,39,43,2863,90,253,0.356,261,81,233,0.348,0.516
2018-19,202702,Kenneth Faried,1610612745,HOU,37,21,16,728,11,25,0.44,30,8,22,0.364,0.6
2018-19,1629026,Kenrich Williams,1610612740,NOP,46,17,29,1079,44,133,0.331,131,43,127,0.339,0.492
2018-19,203145,Kent Bazemore,1610612737,ATL,67,24,43,1643,70,201,0.348,208,68,192,0.354,0.517
2018-19,203484,Kentavious Caldwell-Pope,1610612747,LAL,82,37,45,2035,147,381,0.386,418,124,338,0.367,0.549
2018-19,201142,Kevin Durant,1610612744,GSW,78,54,24,2702,113,256,0.441,295,69,169,0.408,0.576
2018-19,1628989,Kevin Huerter,1610612737,ATL,75,27,48,2049,90,234,0.385,268,88,229,0.384,0.573
2018-19,1628995,Kevin Knox II,1610612752,NYK,75,15,60,2158,110,323,0.341,324,104,306,0.34,0.502
2018-19,201567,Kevin Love,1610612739,CLE,22,7,15,598,40,129,0.31,116,36,115,0.313,0.45
2018-19,1626172,Kevon Looney,1610612744,GSW,80,56,24,1481,16,36,0.444,33,1,7,0.143,0.458
2018-19,203920,Khem Birch,1610612753,ORL,50,26,24,643,0,6,0,0,0,1,0,0
2018-19,203114,Khris Middleton,1610612749,MIL,77,56,21,2393,98,264,0.371,276,80,228,0.351,0.523
2018-19,1629017,Khyri Thomas,1610612765,DET,26,13,13,195,10,32,0.313,30,10,32,0.313,0.469
2018-19,202691,Klay Thompson,1610612744,GSW,78,55,23,2652,271,645,0.42,735,193,477,0.405,0.57
2018-19,1628424,Kobi Simmons,1610612739,CLE,1,0,1,2,0,0,,0,,,,
2018-19,201585,Kosta Koufos,1610612758,SAC,42,21,21,502,10,18,0.556,20,,,,0.556
2018-19,1628961,Kostas Antetokounmpo,1610612742,DAL,2,1,1,11,0,0,,0,,,,
2018-19,1627739,Kris Dunn,1610612741,CHI,46,14,32,1389,18,62,0.29,53,17,59,0.288,0.427
2018-19,203937,Kyle Anderson,1610612763,MEM,43,19,24,1282,14,41,0.341,36,8,30,0.267,0.439
2018-19,2594,Kyle Korver,1610612762,UTA,70,39,31,1334,123,292,0.421,346,100,248,0.403,0.592
2018-19,1628398,Kyle Kuzma,1610612747,LAL,70,33,37,2314,122,388,0.314,356,112,353,0.317,0.459
2018-19,200768,Kyle Lowry,1610612761,TOR,65,47,18,2213,107,280,0.382,320,106,277,0.383,0.571
2018-19,203124,Kyle O'Quinn,1610612754,IND,45,27,18,371,30,71,0.423,61,1,11,0.091,0.43
2018-19,202681,Kyrie Irving,1610612738,BOS,67,37,30,2214,116,259,0.448,331,99,218,0.454,0.639
2018-19,200746,LaMarcus Aldridge,1610612759,SAS,81,48,33,2687,116,254,0.457,241,9,36,0.25,0.474
2018-19,202362,Lance Stephenson,1610612747,LAL,68,33,35,1123,51,137,0.372,149,47,129,0.364,0.544
2018-19,202498,Lance Thomas,1610612752,NYK,46,7,39,783,30,95,0.316,82,22,77,0.286,0.432
2018-19,1629013,Landry Shamet,1610612746,LAC,79,51,28,1802,135,321,0.421,401,131,312,0.42,0.625
2018-19,204038,Langston Galloway,1610612765,DET,80,41,39,1745,125,355,0.352,372,122,349,0.35,0.524
2018-19,1626204,Larry Nance Jr.,1610612739,CLE,67,16,51,1795,37,109,0.339,104,30,82,0.366,0.477
2018-19,1628374,Lauri Markkanen,1610612741,CHI,52,16,36,1682,119,321,0.371,348,110,301,0.365,0.542
2018-19,2544,LeBron James,1610612747,LAL,55,28,27,1937,42,114,0.368,120,36,100,0.36,0.526
2018-19,1629022,Lonnie Walker IV,1610612759,SAS,17,12,5,118,3,9,0.333,9,3,9,0.333,0.5
2018-19,1628366,Lonzo Ball,1610612747,LAL,47,25,22,1423,50,155,0.323,148,48,151,0.318,0.477
2018-19,203485,Lorenzo Brown,1610612761,TOR,26,20,6,212,4,15,0.267,12,4,15,0.267,0.4
2018-19,101150,Lou Williams,1610612746,LAC,75,47,28,1993,49,136,0.36,141,43,117,0.368,0.518
2018-19,201601,Luc Mbah a Moute,1610612746,LAC,4,2,2,61,2,4,0.5,6,2,4,0.5,0.75
2018-19,1629029,Luka Dončić,1610612742,DAL,72,28,44,2318,49,132,0.371,147,49,131,0.374,0.557
2018-19,1628379,Luke Kennard,1610612765,DET,63,30,33,1437,80,195,0.41,239,79,188,0.42,0.613
2018-19,1628436,Luke Kornet,1610612752,NYK,46,9,37,784,67,183,0.366,196,62,169,0.367,0.536
2018-19,2736,Luol Deng,1610612750,MIN,22,11,11,392,16,44,0.364,46,14,39,0.359,0.523
2018-19,1627781,Malachi Richardson,1610612761,TOR,22,16,6,103,6,20,0.3,18,6,20,0.3,0.45
2018-19,1627763,Malcolm Brogdon,1610612749,MIL,64,49,15,1832,88,184,0.478,262,86,181,0.475,0.712
2018-19,1626259,Malcolm Miller,1610612761,TOR,10,9,1,67,10,20,0.5,30,10,20,0.5,0.75
2018-19,1627736,Malik Beasley,1610612743,DEN,81,53,28,1879,142,337,0.421,423,139,329,0.422,0.628
2018-19,1628370,Malik Monk,1610612766,CHA,73,34,39,1258,84,232,0.362,252,84,226,0.372,0.543
2018-19,202705,MarShon Brooks,1610612763,MEM,29,15,14,387,9,26,0.346,25,7,23,0.304,0.481
2018-19,201188,Marc Gasol,1610612761,TOR,79,39,40,2436,167,415,0.402,432,98,264,0.371,0.52
2018-19,101162,Marcin Gortat,1610612746,LAC,47,25,22,750,12,29,0.414,24,,,,0.414
2018-19,201158,Marco Belinelli,1610612759,SAS,79,46,33,1815,128,321,0.399,358,102,264,0.386,0.558
2018-19,1629094,Marcus Derrickson,1610612744,GSW,11,9,2,67,8,18,0.444,23,7,16,0.438,0.639
2018-19,202694,Marcus Morris Sr.,1610612738,BOS,75,44,31,2091,135,337,0.401,394,124,319,0.389,0.585
2018-19,203935,Marcus Smart,1610612738,BOS,80,48,32,2200,101,262,0.385,301,99,256,0.387,0.574
2018-19,1626209,Mario Hezonja,1610612752,NYK,58,12,46,1206,32,109,0.294,92,28,102,0.275,0.422
2018-19,1628365,Markelle Fultz,1610612753,ORL,19,12,7,427,2,16,0.125,6,2,11,0.182,0.188
2018-19,202693,Markieff Morris,1610612760,OKC,58,24,34,1271,77,218,0.353,220,66,196,0.337,0.505
2018-19,1627737,Marquese Chriss,1610612739,CLE,43,17,26,499,17,69,0.246,50,16,67,0.239,0.362
2018-19,1628963,Marvin Bagley III,1610612758,SAC,62,30,32,1567,46,118,0.39,117,25,75,0.333,0.496
2018-19,101107,Marvin Williams,1610612766,CHA,75,35,40,2133,148,387,0.382,434,138,369,0.374,0.561
2018-19,203486,Mason Plumlee,1610612743,DEN,82,54,28,1731,5,14,0.357,12,2,6,0.333,0.429
2018-19,203521,Matthew Dellavedova,1610612739,CLE,48,20,28,812,35,88,0.398,102,32,84,0.381,0.58
2018-19,203090,Maurice Harkless,1610612757,POR,60,37,23,1415,31,111,0.279,93,31,111,0.279,0.419
2018-19,1628467,Maxi Kleber,1610612742,DAL,71,30,41,1502,81,223,0.363,236,74,210,0.352,0.529
2018-19,1628982,Melvin Frazier Jr.,1610612753,ORL,10,8,2,44,0,5,0,0,0,5,0,0
2018-19,203086,Meyers Leonard,1610612757,POR,61,35,26,878,49,116,0.422,143,45,101,0.446,0.616
2018-19,201563,Michael Beasley,1610612747,LAL,26,11,15,277,3,17,0.176,8,2,13,0.154,0.235
2018-19,203487,Michael Carter-Williams,1610612753,ORL,28,17,11,372,7,25,0.28,21,7,25,0.28,0.42
2018-19,203077,Michael Kidd-Gilchrist,1610612766,CHA,64,29,35,1179,29,77,0.377,74,16,43,0.372,0.481
2018-19,1628969,Mikal Bridges,1610612756,PHX,82,19,63,2417,94,278,0.338,280,92,275,0.335,0.504
2018-19,201144,Mike Conley,1610612763,MEM,70,30,40,2342,88,210,0.419,250,74,186,0.398,0.595
2018-19,203488,Mike Muscala,1610612747,LAL,64,35,29,1306,100,276,0.362,289,89,250,0.356,0.524
2018-19,203118,Mike Scott,1610612755,PHI,79,44,35,1396,101,247,0.409,298,96,229,0.419,0.603
2018-19,1628970,Miles Bridges,1610612766,CHA,80,38,42,1696,60,170,0.353,175,55,162,0.34,0.515
2018-19,203101,Miles Plumlee,1610612737,ATL,18,1,17,173,0,1,0,0,,,,0
2018-19,1628462,Milos Teodosic,1610612746,LAC,15,8,7,150,7,19,0.368,21,7,19,0.368,0.553
2018-19,1628249,Mitchell Creek,1610612750,MIN,5,1,4,47,0,2,0,0,0,2,0,0
2018-19,1629011,Mitchell Robinson,1610612752,NYK,66,16,50,1360,1,3,0.333,2,,,,0.333
2018-19,1628964,Mo Bamba,1610612753,ORL,47,19,28,766,32,89,0.36,82,18,63,0.286,0.461
2018-19,1628420,Monte Morris,1610612743,DEN,82,54,28,1970,83,188,0.441,244,78,176,0.443,0.649
2018-19,1626149,Montrezl Harrell,1610612746,LAC,82,48,34,2158,8,21,0.381,18,2,6,0.333,0.429
2018-19,1629021,Moritz Wagner,1610612747,LAL,43,15,28,446,21,74,0.284,63,21,73,0.288,0.426
2018-19,1626167,Myles Turner,1610612754,IND,74,43,31,2119,163,399,0.409,395,69,185,0.373,0.495
2018-19,1628513,Naz Mitrou-Long,1610612762,UTA,14,9,5,84,0,4,0,0,0,4,0,0
2018-19,202357,Nemanja Bjelica,1610612758,SAC,77,38,39,1788,96,231,0.416,283,91,223,0.408,0.613
2018-19,2403,Nene,1610612745,HOU,42,29,13,546,12,30,0.4,24,0,1,0,0.4
2018-19,203457,Nerlens Noel,1610612760,OKC,77,48,29,1056,17,46,0.37,34,,,,0.37
2018-19,201156,Nick Young,1610612743,DEN,4,3,1,37,2,6,0.333,6,2,6,0.333,0.5
2018-19,201587,Nicolas Batum,1610612766,CHA,75,35,40,2354,96,235,0.409,277,85,216,0.394,0.589
2018-19,203917,Nik Stauskas,1610612739,CLE,68,33,35,1015,47,116,0.405,139,45,110,0.409,0.599
2018-19,203999,Nikola Jokić,1610612743,DEN,80,53,27,2504,114,313,0.364,300,72,228,0.316,0.479
2018-19,202703,Nikola Mirotic,1610612749,MIL,46,24,22,1245,108,281,0.384,318,102,267,0.382,0.566
2018-19,202696,Nikola Vučević,1610612753,ORL,80,41,39,2510,182,449,0.405,443,79,218,0.362,0.493
2018-19,203943,Noah Vonleh,1610612752,NYK,68,13,55,1722,45,129,0.349,134,44,123,0.358,0.519
2018-19,1626181,Norman Powell,1610612761,TOR,60,45,15,1126,60,138,0.435,176,56,130,0.431,0.638
2018-19,1628384,OG Anunoby,1610612761,TOR,67,46,21,1352,64,185,0.346,190,62,180,0.344,0.514
2018-19,1627855,Okaro White,1610612764,WAS,3,2,1,6,0,2,0,0,0,2,0,0
2018-19,1629016,Omari Spellman,1610612737,ATL,46,15,31,805,49,137,0.358,142,44,128,0.344,0.518
2018-19,201956,Omri Casspi,1610612763,MEM,36,14,22,520,14,34,0.412,42,14,34,0.412,0.618
2018-19,203490,Otto Porter Jr.,1610612741,CHI,56,25,31,1684,102,235,0.434,290,86,199,0.432,0.617
2018-19,200782,P.J. Tucker,1610612745,HOU,82,53,29,2802,144,380,0.379,431,143,376,0.38,0.567
2018-19,1628408,PJ Dozier,1610612738,BOS,6,5,1,51,2,9,0.222,6,2,8,0.25,0.333
2018-19,1627783,Pascal Siakam,1610612761,TOR,80,57,23,2548,82,218,0.376,241,77,202,0.381,0.553
2018-19,1626192,Pat Connaughton,1610612749,MIL,61,43,18,1261,59,182,0.324,177,59,180,0.328,0.486
2018-19,201976,Patrick Beverley,1610612746,LAC,78,48,30,2137,86,211,0.408,258,86,210,0.41,0.611
2018-19,1627775,Patrick McCaw,1610612761,TOR,29,17,12,397,9,25,0.36,27,9,25,0.36,0.54
2018-19,202335,Patrick Patterson,1610612760,OKC,63,40,23,861,51,151,0.338,148,46,134,0.343,0.49
2018-19,201988,Patty Mills,1610612759,SAS,82,48,34,1908,111,268,0.414,328,106,250,0.424,0.612
2018-19,2200,Pau Gasol,1610612749,MIL,30,17,13,361,15,34,0.441,36,6,13,0.462,0.529
2018-19,202331,Paul George,1610612760,OKC,77,46,31,2841,178,454,0.392,522,166,415,0.4,0.575
2018-19,200794,Paul Millsap,1610612743,DEN,70,49,21,1895,64,158,0.405,181,53,137,0.387,0.573
2018-19,203112,Quincy Acy,1610612756,PHX,10,2,8,123,2,16,0.125,6,2,15,0.133,0.188
2018-19,202347,Quincy Pondexter,1610612759,SAS,53,29,24,292,5,14,0.357,15,5,14,0.357,0.536
2018-19,1626188,Quinn Cook,1610612744,GSW,74,49,25,1059,62,129,0.481,179,55,118,0.466,0.694
2018-19,1626154,RJ Hunter,1610612738,BOS,1,1,0,26,3,7,0.429,9,3,7,0.429,0.643
2018-19,200765,Rajon Rondo,1610612747,LAL,46,19,27,1369,24,71,0.338,70,22,67,0.328,0.493
2018-19,203526,Raul Neto,1610612762,UTA,37,26,11,474,15,43,0.349,45,15,42,0.357,0.523
2018-19,1628959,Rawle Alkins,1610612741,CHI,10,3,7,120,3,8,0.375,9,3,8,0.375,0.563
2018-19,1629034,Ray Spalding,1610612756,PHX,14,3,11,148,1,4,0.25,2,0,3,0,0.25
2018-19,101109,Raymond Felton,1610612760,OKC,33,19,14,379,17,45,0.378,51,17,44,0.386,0.567
2018-19,203493,Reggie Bullock Jr.,1610612747,LAL,63,27,36,1879,146,367,0.398,425,133,344,0.387,0.579
2018-19,202704,Reggie Jackson,1610612765,DET,82,41,41,2289,130,327,0.398,388,128,323,0.396,0.593
2018-19,1626158,Richaun Holmes,1610612756,PHX,70,16,54,1184,8,29,0.276,16,,,,0.276
2018-19,201937,Ricky Rubio,1610612762,UTA,68,40,28,1899,64,192,0.333,189,61,181,0.337,0.492
2018-19,203496,Robert Covington,1610612750,MIN,35,20,15,1203,81,205,0.395,238,76,193,0.394,0.58
2018-19,1629057,Robert Williams III,1610612738,BOS,32,18,14,283,0,1,0,0,,,,0
2018-19,201577,Robin Lopez,1610612741,CHI,74,20,54,1606,18,62,0.29,43,7,31,0.226,0.347
2018-19,1629066,Rodions Kurucs,1610612751,BKN,63,36,27,1294,55,177,0.311,163,53,169,0.314,0.46
2018-19,203918,Rodney Hood,1610612757,POR,72,29,43,1893,59,163,0.362,167,49,142,0.345,0.512
2018-19,203585,Rodney McGruder,1610612746,LAC,66,31,35,1550,69,196,0.352,207,69,191,0.361,0.528
2018-19,1627758,Ron Baker,1610612764,WAS,15,4,11,152,1,10,0.1,3,1,10,0.1,0.15
2018-19,1626178,Rondae Hollis-Jefferson,1610612751,BKN,59,27,32,1234,11,58,0.19,31,9,44,0.205,0.267
2018-19,1626220,Royce O'Neale,1610612762,UTA,82,50,32,1671,64,159,0.403,191,63,156,0.404,0.601
2018-19,200752,Rudy Gay,1610612759,SAS,69,42,27,1842,68,169,0.402,196,60,153,0.392,0.58
2018-19,203497,Rudy Gobert,1610612762,UTA,81,50,31,2577,1,5,0.2,2,,,,0.2
2018-19,201566,Russell Westbrook,1610612760,OKC,73,44,29,2629,57,176,0.324,167,53,165,0.321,0.474
2018-19,201583,Ryan Anderson,1610612748,MIA,25,7,18,321,9,38,0.237,27,9,38,0.237,0.355
2018-19,1627853,Ryan Arcidiacono,1610612741,CHI,81,22,59,1961,69,164,0.421,206,68,162,0.42,0.628
2018-19,1629151,Ryan Broekhoff,1610612742,DAL,42,15,27,454,35,86,0.407,104,34,85,0.4,0.605
2018-19,1626257,Salah Mejri,1610612742,DAL,36,13,23,399,8,33,0.242,24,8,26,0.308,0.364
2018-19,1626155,Sam Dekker,1610612764,WAS,47,14,33,789,17,57,0.298,50,16,49,0.327,0.439
2018-19,203159,Scott Machado,1610612747,LAL,4,3,1,19,0,0,,0,0,0,,
2018-19,1628400,Semi Ojeleye,1610612738,BOS,56,39,17,594,28,84,0.333,82,26,79,0.329,0.488
2018-19,201586,Serge Ibaka,1610612761,TOR,74,53,21,2010,173,390,0.444,394,48,164,0.293,0.505
2018-19,203552,Seth Curry,1610612757,POR,74,49,25,1399,79,167,0.473,236,78,157,0.497,0.707
2018-19,203894,Shabazz Napier,1610612751,BKN,56,26,30,983,31,94,0.33,92,30,92,0.326,0.489
2018-19,1628983,Shai Gilgeous-Alexander,1610612746,LAC,82,48,34,2174,47,123,0.382,137,43,116,0.371,0.557
2018-19,1629003,Shake Milton,1610612755,PHI,20,10,10,268,14,42,0.333,41,13,40,0.325,0.488
2018-19,1627885,Shaquille Harrison,1610612741,CHI,73,20,53,1430,21,73,0.288,63,21,71,0.296,0.432
2018-19,2733,Shaun Livingston,1610612744,GSW,64,45,19,967,11,18,0.611,22,0,2,0,0.611
2018-19,202714,Shelvin Mack,1610612766,CHA,57,22,35,1247,20,62,0.323,59,19,59,0.322,0.476
2018-19,1628414,Sindarius Thornwell,1610612746,LAC,64,37,27,313,3,15,0.2,9,3,15,0.2,0.3
2018-19,1627746,Skal Labissiere,1610612757,POR,22,12,10,176,4,9,0.444,12,4,9,0.444,0.667
2018-19,203524,Solomon Hill,1610612740,NOP,44,14,30,879,33,100,0.33,97,31,96,0.323,0.485
2018-19,203915,Spencer Dinwiddie,1610612751,BKN,68,36,32,1914,57,153,0.373,170,56,152,0.368,0.556
2018-19,1626169,Stanley Johnson,1610612740,NOP,66,28,38,1207,54,177,0.305,161,53,174,0.305,0.455
2018-19,201939,Stephen Curry,1610612744,GSW,69,52,17,2331,225,503,0.447,655,205,460,0.446,0.651
2018-19,1628425,Sterling Brown,1610612749,MIL,58,45,13,1034,47,121,0.388,139,45,118,0.381,0.574
2018-19,203500,Steven Adams,1610612760,OKC,80,47,33,2669,19,45,0.422,38,0,2,0,0.422
2018-19,1629004,Svi Mykhailiuk,1610612765,DET,42,19,23,440,27,83,0.325,80,26,79,0.329,0.482
2018-19,1628388,T.J. Leaf,1610612754,IND,58,35,23,522,9,36,0.25,26,8,31,0.258,0.361
2018-19,204456,T.J. McConnell,1610612755,PHI,76,46,30,1470,23,52,0.442,60,14,35,0.4,0.577
2018-19,203933,T.J. Warren,1610612756,PHX,43,10,33,1360,74,168,0.44,215,67,154,0.435,0.64
2018-19,1628769,Tahjere McCall,1610612751,BKN,1,0,1,8,0,1,0,0,0,1,0,0
2018-19,201959,Taj Gibson,1610612750,MIN,70,32,38,1686,33,85,0.388,77,11,32,0.344,0.453
2018-19,1627752,Taurean Prince,1610612737,ATL,55,19,36,1552,86,204,0.422,258,86,201,0.428,0.632
2018-19,1628390,Terrance Ferguson,1610612760,OKC,74,44,30,1931,105,281,0.374,310,100,270,0.37,0.552
2018-19,203093,Terrence Jones,1610612745,HOU,2,2,0,5,0,2,0,0,0,2,0,0
2018-19,203082,Terrence Ross,1610612753,ORL,81,42,39,2150,207,493,0.42,561,147,381,0.386,0.569
2018-19,1626179,Terry Rozier,1610612738,BOS,79,47,32,1791,80,213,0.376,238,78,210,0.371,0.559
2018-19,200757,Thabo Sefolosha,1610612762,UTA,50,28,22,609,32,75,0.427,94,30,70,0.429,0.627
2018-19,201152,Thaddeus Young,1610612754,IND,81,47,34,2489,53,157,0.338,153,47,137,0.343,0.487
2018-19,1629033,Theo Pinson,1610612751,BKN,18,7,11,211,8,29,0.276,24,8,28,0.286,0.414
2018-19,1628418,Thomas Bryant,1610612764,WAS,72,29,43,1496,55,137,0.401,142,32,88,0.364,0.518
2018-19,1629118,Thomas Welsh,1610612743,DEN,11,8,3,36,6,11,0.545,15,3,7,0.429,0.682
2018-19,1627748,Thon Maker,1610612765,DET,64,44,20,972,52,156,0.333,152,48,145,0.331,0.487
2018-19,204025,Tim Frazier,1610612749,MIL,59,27,32,1120,31,67,0.463,90,28,63,0.444,0.672
2018-19,203501,Tim Hardaway Jr.,1610612742,DAL,65,14,51,2057,105,320,0.328,302,92,285,0.323,0.472
2018-19,1627789,Timothe Luwawu-Cabarrot,1610612741,CHI,50,25,25,669,37,112,0.33,110,36,110,0.327,0.491
2018-19,202699,Tobias Harris,1610612755,PHI,82,46,36,2848,114,299,0.381,336,108,283,0.382,0.562
2018-19,203107,Tomas Satoransky,1610612764,WAS,80,32,48,2164,62,154,0.403,182,58,146,0.397,0.591
2018-19,1628396,Tony Bradley,1610612762,UTA,3,2,1,36,0,0,,0,,,,
2018-19,2225,Tony Parker,1610612766,CHA,56,30,26,1003,17,55,0.309,47,13,44,0.295,0.427
2018-19,203503,Tony Snell,1610612749,MIL,74,55,19,1304,78,196,0.398,232,76,190,0.4,0.592
2018-19,1628470,Torrey Craig,1610612743,DEN,75,50,25,1503,57,181,0.315,171,57,180,0.317,0.472
2018-19,1629027,Trae Young,1610612737,ATL,81,29,52,2503,52,139,0.374,153,49,133,0.368,0.55
2018-19,1626203,Treveon Graham,1610612751,BKN,35,19,16,715,38,124,0.306,114,38,123,0.309,0.46
2018-19,1628979,Trevon Duval,1610612745,HOU,3,2,1,6,1,1,1,3,1,1,1,1.5
2018-19,2772,Trevor Ariza,1610612764,WAS,69,22,47,2349,110,321,0.343,328,108,317,0.341,0.511
2018-19,203504,Trey Burke,1610612742,DAL,58,16,42,1125,31,93,0.333,91,29,86,0.337,0.489
2018-19,1626168,Trey Lyles,1610612743,DEN,64,42,22,1120,54,191,0.283,153,45,176,0.256,0.401
2018-19,202684,Tristan Thompson,1610612739,CLE,43,8,35,1198,1,4,0.25,2,,,,0.25
2018-19,1628972,Troy Brown Jr.,1610612764,WAS,52,20,32,730,17,57,0.298,51,17,53,0.321,0.447
2018-19,1628505,Troy Caupain,1610612753,ORL,4,3,1,16,1,2,0.5,3,1,2,0.5,0.75
2018-19,203584,Troy Daniels,1610612756,PHX,51,13,38,760,51,137,0.372,151,49,134,0.366,0.551
2018-19,1627786,Troy Williams,1610612758,SAC,21,7,14,312,14,43,0.326,42,14,41,0.341,0.488
2018-19,1628463,Tyler Cavanaugh,1610612762,UTA,11,7,4,39,1,5,0.2,3,1,5,0.2,0.3
2018-19,1629093,Tyler Davis,1610612760,OKC,1,1,0,1,0,0,,0,,,,
2018-19,1628416,Tyler Dorsey,1610612763,MEM,48,11,37,698,35,98,0.357,104,34,96,0.354,0.531
2018-19,204020,Tyler Johnson,1610612756,PHX,57,26,31,1529,87,256,0.34,258,84,242,0.347,0.504
2018-19,1628399,Tyler Lydon,1610612743,DEN,25,20,5,94,4,9,0.444,12,4,9,0.444,0.667
2018-19,1627755,Tyler Ulis,1610612741,CHI,1,0,1,1,0,0,,0,,,,
2018-19,203092,Tyler Zeller,1610612763,MEM,6,3,3,93,0,1,0,0,0,1,0,0
2018-19,201936,Tyreke Evans,1610612754,IND,69,41,28,1402,45,114,0.395,133,43,111,0.387,0.583
2018-19,1627820,Tyrone Wallace,1610612746,LAC,62,34,28,628,6,19,0.316,16,4,17,0.235,0.421
2018-19,2199,Tyson Chandler,1610612747,LAL,55,26,29,875,0,2,0,0,0,1,0,0
2018-19,1626145,Tyus Jones,1610612750,MIN,68,29,39,1560,27,74,0.365,79,25,68,0.368,0.534
2018-19,2617,Udonis Haslem,1610612748,MIA,10,8,2,74,4,17,0.235,8,0,10,0,0.235
2018-19,203506,Victor Oladipo,1610612754,IND,36,25,11,1147,45,110,0.409,129,39,96,0.406,0.586
2018-19,1713,Vince Carter,1610612737,ATL,76,25,51,1330,106,269,0.394,314,102,258,0.395,0.584
2018-19,1629053,Vincent Edwards,1610612745,HOU,2,1,1,16,1,4,0.25,3,1,4,0.25,0.375
2018-19,1627735,Wade Baldwin IV,1610612757,POR,16,10,6,94,0,3,0,0,0,3,0,0
2018-19,1627215,Walt Lemon Jr.,1610612741,CHI,6,1,5,167,2,5,0.4,6,2,5,0.4,0.6
2018-19,201961,Wayne Ellington,1610612765,DET,53,26,27,1297,95,260,0.365,283,93,254,0.366,0.544
2018-19,1627782,Wayne Selden,1610612741,CHI,75,27,48,1439,48,150,0.32,141,45,141,0.319,0.47
2018-19,1628976,Wendell Carter Jr.,1610612741,CHI,44,10,34,1110,40,97,0.412,86,6,26,0.231,0.443
2018-19,1628411,Wes Iwundu,1610612753,ORL,68,36,32,1233,32,83,0.386,91,27,73,0.37,0.548
2018-19,202325,Wesley Johnson,1610612764,WAS,38,17,21,534,18,68,0.265,53,17,60,0.283,0.39
2018-19,202083,Wesley Matthews,1610612754,IND,69,27,42,2091,124,307,0.404,366,118,294,0.401,0.596
2018-19,203115,Will Barton,1610612743,DEN,43,27,16,1189,49,128,0.383,145,47,121,0.388,0.566
2018-19,1626161,Willie Cauley-Stein,1610612758,SAC,81,39,42,2213,18,49,0.367,37,1,1,1,0.378
2018-19,1626195,Willy Hernangomez,1610612766,CHA,58,31,27,812,18,50,0.36,50,14,37,0.378,0.5
2018-19,201163,Wilson Chandler,1610612746,LAC,51,35,16,1176,56,144,0.389,168,56,140,0.4,0.583
2018-19,1628999,Yante Maten,1610612748,MIA,2,1,1,13,0,0,,0,0,0,,
2018-19,1627812,Yogi Ferrell,1610612758,SAC,71,33,38,1067,33,88,0.375,98,32,86,0.372,0.557
2018-19,1629139,Yuta Watanabe,1610612763,MEM,15,5,10,174,4,17,0.235,10,2,14,0.143,0.294
2018-19,1628380,Zach Collins,1610612757,POR,77,51,26,1356,41,134,0.306,116,34,114,0.298,0.433
2018-19,203897,Zach LaVine,1610612741,CHI,63,16,47,2171,48,125,0.384,137,41,110,0.373,0.548
2018-19,1629155,Zach Lofton,1610612765,DET,1,1,0,4,0,1,0,0,0,1,0,0
2018-19,2585,Zaza Pachulia,1610612765,DET,68,35,33,878,12,37,0.324,24,0,1,0,0.324
2018-19,1629015,Zhaire Smith,1610612755,PHI,6,2,4,111,4,13,0.308,12,4,12,0.333,0.462
2018-19,1627753,Zhou Qi,1610612745,HOU,1,0,1,1,0,0,,0,,,,
2019-20,203932,Aaron Gordon,1610612753,ORL,62,30,32,2017,66,198,0.333,184,52,160,0.325,0.465
2019-20,1628988,Aaron Holiday,1610612754,IND,66,42,24,1617,58,137,0.423,173,57,135,0.422,0.631
2019-20,1627846,Abdel Nader,1610612760,OKC,55,37,18,867,46,120,0.383,138,46,120,0.383,0.575
2019-20,1629690,Adam Mokoka,1610612741,CHI,11,3,8,112,6,16,0.375,18,6,15,0.4,0.563
2019-20,1629678,Admiral Schofield,1610612764,WAS,33,9,24,368,20,59,0.339,59,19,56,0.339,0.5
2019-20,201143,Al Horford,1610612755,PHI,67,39,28,2026,125,347,0.36,344,94,268,0.351,0.496
2019-20,202329,Al-Farouq Aminu,1610612753,ORL,18,7,11,380,11,37,0.297,30,8,33,0.242,0.405
2019-20,202692,Alec Burks,1610612755,PHI,66,21,45,1754,57,148,0.385,163,49,130,0.377,0.551
2019-20,1629346,Alen Smailagic,1610612744,GSW,14,1,13,139,3,13,0.231,9,3,12,0.25,0.346
2019-20,1627936,Alex Caruso,1610612747,LAL,64,48,16,1175,31,95,0.326,93,31,91,0.341,0.489
2019-20,203458,Alex Len,1610612758,SAC,55,18,37,971,20,70,0.286,56,16,57,0.281,0.4
2019-20,1628035,Alfonzo McKinnie,1610612739,CLE,40,11,29,593,13,58,0.224,39,13,58,0.224,0.336
2019-20,1628993,Alize Johnson,1610612754,IND,17,10,7,118,3,8,0.375,9,3,8,0.375,0.563
2019-20,203459,Allen Crabbe,1610612750,MIN,37,5,32,653,39,112,0.348,114,36,106,0.34,0.509
2019-20,1629019,Allonzo Trier,1610612752,NYK,24,2,22,291,11,28,0.393,33,11,27,0.407,0.589
2019-20,1628518,Amile Jefferson,1610612753,ORL,18,5,13,74,0,1,0,0,,,,0
2019-20,1629599,Amir Coffey,1610612746,LAC,18,11,7,159,5,14,0.357,15,5,14,0.357,0.536
2019-20,203083,Andre Drummond,1610612739,CLE,57,21,36,1878,6,44,0.136,16,4,30,0.133,0.182
2019-20,2738,Andre Iguodala,1610612748,MIA,21,10,11,418,13,40,0.325,39,13,40,0.325,0.488
2019-20,203460,Andre Roberson,1610612760,OKC,7,3,4,87,3,11,0.273,9,3,11,0.273,0.409
2019-20,203952,Andrew Wiggins,1610612744,GSW,54,15,39,1859,69,197,0.35,206,68,193,0.352,0.523
2019-20,1629014,Anfernee Simons,1610612757,POR,70,32,38,1449,48,144,0.333,143,47,140,0.336,0.497
2019-20,1627790,Ante Zizic,1610612739,CLE,22,4,18,221,4,6,0.667,8,,,,0.667
2019-20,203076,Anthony Davis,1610612747,LAL,62,46,16,2131,95,265,0.358,257,67,195,0.344,0.485
2019-20,201229,Anthony Tolliver,1610612763,MEM,55,24,31,872,48,141,0.34,141,45,136,0.331,0.5
2019-20,1628499,Antonius Cleveland,1610612742,DAL,11,6,5,46,0,3,0,0,0,3,0,0
2019-20,1628394,Anžejs Pasečņiks,1610612764,WAS,27,9,18,437,3,20,0.15,6,0,3,0,0.15
2019-20,203382,Aron Baynes,1610612756,PHX,42,19,23,934,64,183,0.35,185,57,163,0.35,0.505
2019-20,203085,Austin Rivers,1610612745,HOU,68,43,25,1594,59,162,0.364,177,59,162,0.364,0.546
2019-20,202340,Avery Bradley,1610612747,LAL,49,36,13,1186,69,183,0.377,193,55,151,0.364,0.527
2019-20,1629168,BJ Johnson,1610612753,ORL,10,5,5,83,2,8,0.25,6,2,8,0.25,0.375
2019-20,1628389,Bam Adebayo,1610612748,MIA,72,44,28,2417,35,85,0.412,71,1,9,0.111,0.418
2019-20,203463,Ben McLemore,1610612745,HOU,71,44,27,1619,157,389,0.404,470,156,388,0.402,0.604
2019-20,1627732,Ben Simmons,1610612755,PHI,57,35,22,2017,2,6,0.333,6,2,4,0.5,0.5
2019-20,202687,Bismack Biyombo,1610612766,CHA,53,18,35,1029,5,16,0.313,10,,,,0.313
2019-20,201933,Blake Griffin,1610612765,DET,18,8,10,512,9,38,0.237,27,9,38,0.237,0.355
2019-20,1626246,Boban Marjanovic,1610612742,DAL,44,21,23,422,10,31,0.323,24,4,15,0.267,0.387
2019-20,1626171,Bobby Portis Jr.,1610612752,NYK,66,21,45,1394,87,235,0.37,238,64,180,0.356,0.506
2019-20,203992,Bogdan Bogdanović,1610612758,SAC,61,29,32,1766,127,311,0.408,377,123,302,0.407,0.606
2019-20,202711,Bojan Bogdanovic,1610612762,UTA,63,41,22,2083,134,316,0.424,401,133,312,0.426,0.634
2019-20,1629626,Bol Bol,1610612743,DEN,7,2,5,87,4,10,0.4,12,4,8,0.5,0.6
2019-20,202954,Brad Wanamaker,1610612738,BOS,71,48,23,1369,29,62,0.468,86,28,58,0.483,0.694
2019-20,203078,Bradley Beal,1610612764,WAS,57,20,37,2053,104,271,0.384,303,95,249,0.382,0.559
2019-20,1629634,Brandon Clarke,1610612763,MEM,58,29,29,1300,44,105,0.419,111,23,63,0.365,0.529
2019-20,1629164,Brandon Goodwin,1610612737,ATL,34,13,21,430,13,58,0.224,38,12,57,0.211,0.328
2019-20,1627742,Brandon Ingram,1610612740,NOP,62,25,37,2103,132,322,0.41,390,126,300,0.42,0.606
2019-20,202688,Brandon Knight,1610612765,DET,25,4,21,462,19,61,0.311,57,19,61,0.311,0.467
2019-20,1628968,Brian Bowen II,1610612754,IND,6,5,1,31,0,3,0,0,0,2,0,0
2019-20,201572,Brook Lopez,1610612749,MIL,68,53,15,1817,104,324,0.321,304,96,305,0.315,0.469
2019-20,1628971,Bruce Brown,1610612765,DET,58,18,40,1634,32,90,0.356,95,31,87,0.356,0.528
2019-20,203998,Bruno Caboclo,1610612745,HOU,30,11,19,244,5,30,0.167,15,5,29,0.172,0.25
2019-20,1628981,Bruno Fernando,1610612737,ATL,56,18,38,713,5,32,0.156,15,5,31,0.161,0.234
2019-20,1627854,Bryn Forbes,1610612759,SAS,63,27,36,1579,115,295,0.39,341,111,281,0.395,0.578
2019-20,1627741,Buddy Hield,1610612758,SAC,72,31,41,2216,152,375,0.405,454,150,363,0.413,0.605
2019-20,203468,CJ McCollum,1610612757,POR,70,34,36,2557,116,253,0.458,341,109,237,0.46,0.674
2019-20,101139,CJ Miles,1610612764,WAS,10,4,6,161,9,29,0.31,27,9,29,0.31,0.466
2019-20,1628997,Caleb Martin,1610612766,CHA,18,6,12,317,19,32,0.594,57,19,30,0.633,0.891
2019-20,1628403,Caleb Swanigan,1610612757,POR,27,12,15,288,2,7,0.286,4,0,2,0,0.286
2019-20,1629629,Cam Reddish,1610612737,ATL,58,17,41,1551,69,206,0.335,205,67,195,0.344,0.498
2019-20,1629661,Cameron Johnson,1610612756,PHX,57,28,29,1255,105,268,0.392,311,101,257,0.393,0.58
2019-20,1626166,Cameron Payne,1610612756,PHX,8,8,0,183,11,25,0.44,33,11,24,0.458,0.66
2019-20,1627747,Caris LeVert,1610612751,BKN,45,21,24,1330,25,79,0.316,74,24,76,0.316,0.468
2019-20,2546,Carmelo Anthony,1610612757,POR,58,28,30,1902,92,221,0.416,260,76,189,0.402,0.588
2019-20,1629035,Carsen Edwards,1610612738,BOS,37,25,12,351,13,44,0.295,38,12,41,0.293,0.432
2019-20,1626224,Cedi Osman,1610612739,CLE,65,19,46,1910,99,259,0.382,295,97,250,0.388,0.569
2019-20,1628990,Chandler Hutchison,1610612741,CHI,28,8,20,527,12,37,0.324,36,12,37,0.324,0.486
2019-20,202718,Chandler Parsons,1610612737,ATL,5,0,5,54,4,13,0.308,12,4,13,0.308,0.462
2019-20,1629718,Charlie Brown Jr.,1610612737,ATL,10,1,9,40,3,8,0.375,9,3,8,0.375,0.563
2019-20,1626184,Chasson Randle,1610612744,GSW,3,2,1,40,0,2,0,0,0,2,0,0
2019-20,1627767,Cheick Diallo,1610612756,PHX,47,20,27,479,9,17,0.529,19,1,2,0.5,0.559
2019-20,1629002,Chimezie Metu,1610612759,SAS,18,8,10,105,4,9,0.444,8,0,2,0,0.444
2019-20,1628449,Chris Boucher,1610612761,TOR,62,45,17,819,38,119,0.319,113,37,112,0.33,0.475
2019-20,1629185,Chris Chiozza,1610612751,BKN,28,14,14,401,22,42,0.524,66,22,41,0.537,0.786
2019-20,1629598,Chris Clemons,1610612745,HOU,33,19,14,291,15,48,0.313,45,15,47,0.319,0.469
2019-20,101108,Chris Paul,1610612760,OKC,70,44,26,2208,25,59,0.424,72,22,52,0.423,0.61
2019-20,1629735,Chris Silva,1610612748,MIA,44,27,17,346,1,4,0.25,2,0,2,0,0.25
2019-20,1626174,Christian Wood,1610612765,DET,62,20,42,1325,54,129,0.419,154,46,114,0.404,0.597
2019-20,203991,Clint Capela,1610612737,ATL,39,22,17,1279,1,1,1,2,,,,1
2019-20,1629632,Coby White,1610612741,CHI,65,22,43,1674,94,254,0.37,278,90,243,0.37,0.547
2019-20,1628998,Cody Martin,1610612766,CHA,48,16,32,903,14,69,0.203,41,13,64,0.203,0.297
2019-20,203469,Cody Zeller,1610612766,CHA,58,18,40,1341,17,71,0.239,50,16,67,0.239,0.352
2019-20,1629012,Collin Sexton,1610612739,CLE,65,19,46,2143,67,157,0.427,195,61,145,0.421,0.621
2019-20,201147,Corey Brewer,1610612758,SAC,5,2,3,33,0,1,0,0,0,1,0,0
2019-20,202709,Cory Joseph,1610612758,SAC,72,31,41,1759,51,126,0.405,150,48,123,0.39,0.595
2019-20,201584,Courtney Lee,1610612742,DAL,24,15,9,345,12,35,0.343,36,12,34,0.353,0.514
2019-20,1626245,Cristiano Felicio,1610612741,CHI,22,6,16,386,1,5,0.2,2,0,2,0,0.2
2019-20,1626156,D'Angelo Russell,1610612750,MIN,45,11,34,1452,73,185,0.395,212,66,169,0.391,0.573
2019-20,201571,D.J. Augustin,1610612753,ORL,57,28,29,1420,37,89,0.416,111,37,89,0.416,0.624
2019-20,1628391,D.J. Wilson,1610612749,MIL,37,29,8,363,18,64,0.281,52,16,58,0.276,0.406
2019-20,1629610,DaQuan Jeffries,1610612758,SAC,13,4,9,141,5,19,0.263,15,5,18,0.278,0.395
2019-20,1627745,Damian Jones,1610612737,ATL,55,15,40,887,3,13,0.231,8,2,9,0.222,0.308
2019-20,203081,Damian Lillard,1610612757,POR,66,33,33,2474,63,154,0.409,184,58,144,0.403,0.597
2019-20,1627814,Damion Lee,1610612744,GSW,49,12,37,1423,80,224,0.357,236,76,203,0.374,0.527
2019-20,1628422,Damyean Dotson,1610612752,NYK,48,14,34,836,48,121,0.397,138,42,108,0.389,0.57
2019-20,1629655,Daniel Gafford,1610612741,CHI,43,15,28,609,0,1,0,0,,,,0
2019-20,1628464,Daniel Theis,1610612738,BOS,65,42,23,1566,56,139,0.403,143,31,90,0.344,0.514
2019-20,201568,Danilo Gallinari,1610612760,OKC,62,37,25,1834,159,370,0.43,460,142,340,0.418,0.622
2019-20,201980,Danny Green,1610612747,LAL,68,51,17,1687,102,284,0.359,305,101,274,0.369,0.537
2019-20,203957,Dante Exum,1610612739,CLE,35,10,25,486,12,32,0.375,36,12,32,0.375,0.563
2019-20,1627863,Danuel House Jr.,1610612745,HOU,63,40,23,1913,109,298,0.366,325,107,293,0.365,0.545
2019-20,203967,Dario Saric,1610612756,PHX,66,32,34,1632,93,252,0.369,265,79,222,0.356,0.526
2019-20,1629647,Darius Bazley,1610612760,OKC,61,36,25,1129,43,129,0.333,126,40,121,0.331,0.488
2019-20,1629636,Darius Garland,1610612739,CLE,59,17,42,1824,62,161,0.385,184,60,153,0.392,0.571
2019-20,1629133,Daryl Macon,1610612748,MIA,4,4,0,14,1,2,0.5,3,1,2,0.5,0.75
2019-20,1628021,David Nwaba,1610612745,HOU,20,8,12,268,12,28,0.429,36,12,28,0.429,0.643
2019-20,202722,Davis Bertans,1610612764,WAS,54,20,34,1583,176,408,0.431,523,171,397,0.431,0.641
2019-20,1628368,De'Aaron Fox,1610612758,SAC,51,20,31,1634,25,76,0.329,75,25,75,0.333,0.493
2019-20,1629631,De'Andre Hunter,1610612737,ATL,63,19,44,2018,108,273,0.396,316,100,259,0.386,0.579
2019-20,1629001,De'Anthony Melton,1610612763,MEM,60,27,33,1167,36,112,0.321,104,32,98,0.327,0.464
2019-20,201599,DeAndre Jordan,1610612751,BKN,56,27,29,1234,1,1,1,2,,,,1
2019-20,1627761,DeAndre' Bembry,1610612737,ATL,43,10,33,915,15,59,0.254,44,14,57,0.246,0.373
2019-20,201942,DeMar DeRozan,1610612759,SAS,68,31,37,2316,44,99,0.444,95,7,27,0.259,0.48
2019-20,201960,DeMarre Carroll,1610612745,HOU,24,10,14,290,6,26,0.231,18,6,26,0.231,0.346
2019-20,1629731,Dean Wade,1610612739,CLE,12,1,11,71,2,4,0.5,6,2,4,0.5,0.75
2019-20,1629028,Deandre Ayton,1610612756,PHX,38,20,18,1236,55,126,0.437,112,2,10,0.2,0.444
2019-20,1627749,Dejounte Murray,1610612759,SAS,66,29,37,1687,40,97,0.412,119,39,95,0.411,0.613
2019-20,1626153,Delon Wright,1610612742,DAL,73,42,31,1570,31,86,0.36,93,31,86,0.36,0.541
2019-20,203471,Dennis Schröder,1610612760,OKC,65,40,25,1999,119,270,0.441,334,96,232,0.414,0.619
2019-20,1628372,Dennis Smith Jr.,1610612752,NYK,34,7,27,537,5,18,0.278,15,5,18,0.278,0.417
2019-20,1627756,Denzel Valentine,1610612741,CHI,36,12,24,488,31,85,0.365,92,30,84,0.357,0.541
2019-20,1629126,Deonte Burton,1610612760,OKC,39,22,17,357,8,46,0.174,24,8,45,0.178,0.261
2019-20,202324,Derrick Favors,1610612740,NOP,51,24,27,1242,16,42,0.381,33,1,5,0.2,0.393
2019-20,1627884,Derrick Jones Jr.,1610612748,MIA,59,34,25,1375,33,118,0.28,99,33,117,0.282,0.419
2019-20,201565,Derrick Rose,1610612765,DET,50,17,33,1298,21,50,0.42,61,19,45,0.422,0.61
2019-20,1628476,Derrick Walton Jr.,1610612765,DET,26,15,11,248,11,26,0.423,31,9,23,0.391,0.596
2019-20,1628401,Derrick White,1610612759,SAS,68,32,36,1677,55,143,0.385,165,55,141,0.39,0.577
2019-20,1626164,Devin Booker,1610612756,PHX,70,34,36,2512,84,205,0.41,232,64,163,0.393,0.566
2019-20,1628985,Devon Hall,1610612760,OKC,11,6,5,81,3,10,0.3,9,3,10,0.3,0.45
2019-20,1629719,Devontae Cacok,1610612747,LAL,1,0,1,9,0,0,,0,,,,
2019-20,1628984,Devonte' Graham,1610612766,CHA,63,23,40,2211,88,208,0.423,263,87,206,0.422,0.632
2019-20,1629608,Dewan Hernandez,1610612761,TOR,6,6,0,28,1,2,0.5,3,1,2,0.5,0.75
2019-20,203473,Dewayne Dedmon,1610612737,ATL,44,17,27,774,28,114,0.246,76,20,99,0.202,0.333
2019-20,1628415,Dillon Brooks,1610612763,MEM,73,34,39,2112,116,305,0.38,341,109,287,0.38,0.559
2019-20,203079,Dion Waiters,1610612747,LAL,10,4,6,207,11,30,0.367,32,10,28,0.357,0.533
2019-20,1627734,Domantas Sabonis,1610612754,IND,62,37,25,2159,74,191,0.387,165,17,65,0.262,0.432
2019-20,1628378,Donovan Mitchell,1610612762,UTA,69,43,26,2364,82,190,0.432,244,80,185,0.432,0.642
2019-20,1629743,Donta Hall,1610612751,BKN,9,4,5,133,0,1,0,0,,,,0
2019-20,1628978,Donte DiVincenzo,1610612749,MIL,66,53,13,1520,63,180,0.35,189,63,179,0.352,0.525
2019-20,1627827,Dorian Finney-Smith,1610612742,DAL,71,40,31,2120,107,276,0.388,320,106,273,0.388,0.58
2019-20,203926,Doug McDermott,1610612754,IND,69,43,26,1372,117,275,0.425,345,111,255,0.435,0.627
2019-20,1627733,Dragan Bender,1610612744,GSW,16,10,6,286,15,42,0.357,45,15,42,0.357,0.536
2019-20,203110,Draymond Green,1610612744,GSW,43,10,33,1222,40,131,0.305,115,35,117,0.299,0.439
2019-20,1629234,Drew Eubanks,1610612759,SAS,22,13,9,272,2,5,0.4,5,1,1,1,0.5
2019-20,1629130,Duncan Robinson,1610612748,MIA,73,44,29,2166,232,505,0.459,693,229,498,0.46,0.686
2019-20,1628605,Dusty Hannahs,1610612763,MEM,2,0,2,13,1,2,0.5,3,1,2,0.5,0.75
2019-20,1628407,Dwayne Bacon,1610612766,CHA,39,10,29,687,16,46,0.348,48,16,45,0.356,0.522
2019-20,2730,Dwight Howard,1610612747,LAL,69,52,17,1306,4,5,0.8,11,3,4,0.75,1.1
2019-20,203939,Dwight Powell,1610612742,DAL,40,25,15,1061,10,39,0.256,30,10,36,0.278,0.385
2019-20,1629058,Dzanan Musa,1610612751,BKN,40,20,20,487,16,59,0.271,47,15,58,0.259,0.398
2019-20,202734,E'Twaun Moore,1610612740,NOP,56,27,29,1020,55,134,0.41,164,54,131,0.412,0.612
2019-20,202334,Ed Davis,1610612762,UTA,28,16,12,303,1,1,1,2,,,,1
2019-20,1628410,Edmond Sumner,1610612754,IND,31,16,15,447,13,47,0.277,38,12,45,0.267,0.404
2019-20,203901,Elfrid Payton,1610612752,NYK,45,17,28,1246,11,49,0.224,32,10,47,0.213,0.327
2019-20,1629059,Elie Okobo,1610612756,PHX,55,23,32,719,20,45,0.444,60,20,45,0.444,0.667
2019-20,1626144,Emmanuel Mudiay,1610612762,UTA,54,34,20,850,21,58,0.362,62,20,56,0.357,0.534
2019-20,202683,Enes Freedom,1610612738,BOS,58,36,22,983,6,20,0.3,13,1,7,0.143,0.325
2019-20,202339,Eric Bledsoe,1610612749,MIL,61,48,13,1646,25,90,0.278,73,23,87,0.264,0.406
2019-20,201569,Eric Gordon,1610612745,HOU,36,21,15,1016,61,214,0.285,182,60,211,0.284,0.425
2019-20,1628450,Eric Mika,1610612758,SAC,1,0,1,19,1,1,1,2,,,,1
2019-20,1629672,Eric Paschall,1610612744,GSW,60,14,46,1654,43,139,0.309,121,35,115,0.304,0.435
2019-20,101141,Ersan Ilyasova,1610612749,MIL,63,48,15,986,51,125,0.408,142,40,105,0.381,0.568
2019-20,203095,Evan Fournier,1610612753,ORL,66,28,38,2076,115,264,0.436,334,104,243,0.428,0.633
2019-20,202323,Evan Turner,1610612750,MIN,19,3,16,251,1,6,0.167,2,0,5,0,0.167
2019-20,1628402,Frank Jackson,1610612740,NOP,59,26,33,797,34,105,0.324,101,33,102,0.324,0.481
2019-20,1626163,Frank Kaminsky,1610612756,PHX,39,19,20,777,45,132,0.341,129,39,111,0.351,0.489
2019-20,1628412,Frank Mason III,1610612749,MIL,9,6,3,118,3,11,0.273,9,3,11,0.273,0.409
2019-20,1628373,Frank Ntilikina,1610612752,NYK,57,19,38,1187,39,109,0.358,112,34,101,0.337,0.514
2019-20,1627832,Fred VanVleet,1610612761,TOR,54,40,14,1928,93,212,0.439,278,92,209,0.44,0.656
2019-20,1627788,Furkan Korkmaz,1610612755,PHI,72,42,30,1559,124,283,0.438,367,119,273,0.436,0.648
2019-20,1629216,Gabe Vincent,1610612748,MIA,9,5,4,83,5,22,0.227,15,5,21,0.238,0.341
2019-20,202066,Garrett Temple,1610612751,BKN,62,30,32,1730,95,269,0.353,285,95,267,0.356,0.53
2019-20,1629726,Garrison Mathews,1610612764,WAS,18,8,10,227,15,40,0.375,45,15,40,0.375,0.563
2019-20,1629109,Gary Clark,1610612753,ORL,42,23,19,566,39,106,0.368,116,38,105,0.362,0.547
2019-20,203914,Gary Harris,1610612743,DEN,56,37,19,1780,57,152,0.375,168,54,147,0.367,0.553
2019-20,1627780,Gary Payton II,1610612764,WAS,29,13,16,432,13,44,0.295,39,13,44,0.295,0.443
2019-20,1629018,Gary Trent Jr.,1610612757,POR,61,29,32,1332,76,183,0.415,225,73,176,0.415,0.615
2019-20,201588,George Hill,1610612749,MIL,59,47,12,1271,49,98,0.5,145,47,94,0.5,0.74
2019-20,1627777,Georges Niang,1610612762,UTA,66,41,25,923,80,198,0.404,239,79,196,0.403,0.604
2019-20,203507,Giannis Antetokounmpo,1610612749,MIL,63,51,12,1917,31,78,0.397,86,24,65,0.369,0.551
2019-20,203922,Glenn Robinson III,1610612755,PHI,62,17,45,1786,95,217,0.438,259,69,173,0.399,0.597
2019-20,1629048,Goga Bitadze,1610612754,IND,54,32,22,471,28,77,0.364,64,8,41,0.195,0.416
2019-20,201609,Goran Dragic,1610612748,MIA,59,37,22,1663,69,192,0.359,205,67,189,0.354,0.534
2019-20,202330,Gordon Hayward,1610612738,BOS,52,34,18,1740,78,189,0.413,221,65,153,0.425,0.585
2019-20,203476,Gorgui Dieng,1610612763,MEM,63,20,43,1096,64,172,0.372,178,50,142,0.352,0.517
2019-20,1629684,Grant Williams,1610612738,BOS,69,47,22,1043,23,88,0.261,66,20,82,0.244,0.375
2019-20,1628960,Grayson Allen,1610612763,MEM,38,16,22,718,51,114,0.447,153,51,114,0.447,0.671
2019-20,1628977,Hamidou Diallo,1610612760,OKC,46,25,21,896,18,56,0.321,51,15,51,0.294,0.455
2019-20,203084,Harrison Barnes,1610612758,SAC,72,31,41,2482,79,215,0.367,237,79,211,0.374,0.551
2019-20,1628385,Harry Giles III,1610612758,SAC,46,22,24,667,25,59,0.424,50,0,2,0,0.424
2019-20,202355,Hassan Whiteside,1610612757,POR,67,34,33,2008,37,88,0.42,78,4,7,0.571,0.443
2019-20,1627740,Henry Ellenson,1610612751,BKN,5,2,3,15,0,4,0,0,0,4,0,0
2019-20,101133,Ian Mahinmi,1610612764,WAS,38,15,23,808,7,29,0.241,19,5,24,0.208,0.328
2019-20,1629649,Ignas Brazdeikis,1610612752,NYK,9,1,8,53,1,9,0.111,3,1,8,0.125,0.167
2019-20,202697,Iman Shumpert,1610612751,BKN,13,9,4,241,7,25,0.28,20,6,23,0.261,0.4
2019-20,1629067,Isaac Bonga,1610612764,WAS,66,22,44,1250,26,68,0.382,77,25,66,0.379,0.566
2019-20,1628392,Isaiah Hartenstein,1610612745,HOU,23,16,7,266,0,5,0,0,0,4,0,0
2019-20,1629676,Isaiah Roby,1610612760,OKC,3,2,1,11,0,0,,0,,,,
2019-20,202738,Isaiah Thomas,1610612764,WAS,40,14,26,925,57,124,0.46,164,50,109,0.459,0.661
2019-20,202397,Ish Smith,1610612764,WAS,68,23,45,1787,42,112,0.375,125,41,109,0.376,0.558
2019-20,1627826,Ivica Zubac,1610612746,LAC,72,49,23,1326,10,23,0.435,20,0,2,0,0.435
2019-20,200826,J.J. Barea,1610612742,DAL,29,15,14,450,9,24,0.375,27,9,24,0.375,0.563
2019-20,1629122,J.P. Macura,1610612739,CLE,1,1,0,1,0,0,,0,,,,
2019-20,200755,JJ Redick,1610612740,NOP,60,26,34,1581,139,289,0.481,397,119,252,0.472,0.687
2019-20,2747,JR Smith,1610612747,LAL,6,2,4,79,1,8,0.125,3,1,8,0.125,0.188
2019-20,1629630,Ja Morant,1610612763,MEM,67,33,34,2074,25,65,0.385,75,25,64,0.391,0.577
2019-20,203960,JaKarr Sampson,1610612754,IND,34,21,13,471,5,23,0.217,12,2,13,0.154,0.261
2019-20,203210,JaMychal Green,1610612746,LAC,63,43,20,1307,90,231,0.39,268,88,227,0.388,0.58
2019-20,201580,JaVale McGee,1610612747,LAL,68,51,17,1130,6,8,0.75,13,1,2,0.5,0.813
2019-20,203953,Jabari Parker,1610612758,SAC,38,9,29,918,31,109,0.284,89,27,98,0.276,0.408
2019-20,1628980,Jacob Evans,1610612750,MIN,29,8,21,418,13,37,0.351,37,11,31,0.355,0.5
2019-20,203109,Jae Crowder,1610612748,MIA,65,29,36,1875,93,286,0.325,275,89,276,0.322,0.481
2019-20,1626143,Jahlil Okafor,1610612740,NOP,30,9,21,467,2,5,0.4,5,1,2,0.5,0.5
2019-20,1627774,Jake Layman,1610612750,MIN,23,11,12,505,22,60,0.367,63,19,52,0.365,0.525
2019-20,1627751,Jakob Poeltl,1610612759,SAS,66,30,36,1171,14,23,0.609,28,,,,0.609
2019-20,1628973,Jalen Brunson,1610612742,DAL,57,34,23,1022,33,74,0.446,97,31,71,0.437,0.655
2019-20,1629665,Jalen Lecque,1610612756,PHX,5,2,3,32,0,3,0,0,0,3,0,0
2019-20,1629667,Jalen McDaniels,1610612766,CHA,16,7,9,293,10,25,0.4,29,9,24,0.375,0.58
2019-20,2037,Jamal Crawford,1610612751,BKN,1,1,0,6,1,2,0.5,3,1,2,0.5,0.75
2019-20,1627750,Jamal Murray,1610612743,DEN,59,38,21,1903,58,147,0.395,170,54,138,0.391,0.578
2019-20,203516,James Ennis III,1610612753,ORL,69,42,27,1266,48,150,0.32,141,45,145,0.31,0.47
2019-20,201935,James Harden,1610612745,HOU,68,43,25,2483,35,85,0.412,105,35,85,0.412,0.618
2019-20,201949,James Johnson,1610612750,MIN,32,14,18,620,24,62,0.387,72,24,57,0.421,0.581
2019-20,201162,Jared Dudley,1610612747,LAL,45,30,15,364,19,43,0.442,56,18,41,0.439,0.651
2019-20,1629607,Jared Harper,1610612752,NYK,3,1,2,8,0,2,0,0,0,2,0,0
2019-20,1628991,Jaren Jackson Jr.,1610612763,MEM,57,28,29,1622,140,344,0.407,410,130,326,0.399,0.596
2019-20,1629020,Jarred Vanderbilt,1610612750,MIN,11,6,5,47,0,1,0,0,0,1,0,0
2019-20,1629714,Jarrell Brantley,1610612762,UTA,9,3,6,96,2,12,0.167,6,2,12,0.167,0.25
2019-20,1628386,Jarrett Allen,1610612751,BKN,70,33,37,1852,1,7,0.143,2,0,5,0,0.143
2019-20,1629633,Jarrett Culver,1610612750,MIN,63,19,44,1506,45,152,0.296,134,44,150,0.293,0.441
2019-20,1627784,Jarrod Uthoff,1610612764,WAS,7,4,3,53,6,11,0.545,15,3,8,0.375,0.682
2019-20,1629750,Javonte Green,1610612738,BOS,48,33,15,468,9,27,0.333,26,8,25,0.32,0.481
2019-20,1629637,Jaxson Hayes,1610612740,NOP,64,28,36,1080,2,8,0.25,5,1,4,0.25,0.313
2019-20,1627759,Jaylen Brown,1610612738,BOS,57,38,19,1934,104,246,0.423,307,99,236,0.419,0.624
2019-20,1629658,Jaylen Hoard,1610612757,POR,13,7,6,103,0,3,0,0,0,3,0,0
2019-20,1629669,Jaylen Nowell,1610612750,MIN,15,2,13,151,1,18,0.056,3,1,18,0.056,0.083
2019-20,1628369,Jayson Tatum,1610612738,BOS,66,46,20,2265,71,176,0.403,205,63,158,0.399,0.582
2019-20,201145,Jeff Green,1610612745,HOU,48,28,20,960,59,162,0.364,174,56,158,0.354,0.537
2019-20,201952,Jeff Teague,1610612737,ATL,59,22,37,1464,15,47,0.319,45,15,47,0.319,0.479
2019-20,203924,Jerami Grant,1610612743,DEN,71,45,26,1892,105,267,0.393,306,96,246,0.39,0.573
2019-20,1629725,Jeremiah Martin,1610612751,BKN,9,6,3,99,3,10,0.3,9,3,10,0.3,0.45
2019-20,203087,Jeremy Lamb,1610612754,IND,46,27,19,1291,41,105,0.39,119,37,96,0.385,0.567
2019-20,202951,Jeremy Pargo,1610612744,GSW,3,0,3,44,1,2,0.5,3,1,2,0.5,0.75
2019-20,1626170,Jerian Grant,1610612764,WAS,6,1,5,80,1,5,0.2,3,1,5,0.2,0.3
2019-20,1629010,Jerome Robinson,1610612764,WAS,63,36,27,979,41,118,0.347,123,41,117,0.35,0.521
2019-20,1628975,Jevon Carter,1610612756,PHX,58,29,29,945,47,114,0.412,140,46,112,0.411,0.614
2019-20,202710,Jimmy Butler III,1610612748,MIA,58,38,20,1959,16,55,0.291,45,13,45,0.289,0.409
2019-20,201149,Joakim Noah,1610612746,LAC,5,4,1,50,0,0,,0,,,,
2019-20,1629147,Joe Chealey,1610612766,CHA,4,1,3,33,0,4,0,0,0,4,0,0
2019-20,203925,Joe Harris,1610612751,BKN,69,33,36,2123,145,324,0.448,429,139,312,0.446,0.662
2019-20,204060,Joe Ingles,1610612762,UTA,72,44,28,2137,82,184,0.446,245,81,181,0.448,0.666
2019-20,203954,Joel Embiid,1610612755,PHI,51,32,19,1506,71,200,0.355,192,50,148,0.338,0.48
2019-20,1628381,John Collins,1610612737,ATL,41,15,26,1363,65,160,0.406,187,57,134,0.425,0.584
2019-20,203089,John Henson,1610612765,DET,40,8,32,600,9,40,0.225,26,8,35,0.229,0.325
2019-20,1629723,John Konchar,1610612763,MEM,19,9,10,181,4,9,0.444,11,3,8,0.375,0.611
2019-20,1628405,Johnathan Motley,1610612746,LAC,13,8,5,41,1,1,1,3,1,1,1,1.5
2019-20,1629140,Johnathan Williams,1610612764,WAS,15,7,8,180,2,10,0.2,4,0,1,0,0.2
2019-20,1628413,Jonah Bolden,1610612756,PHX,7,6,1,47,0,4,0,0,0,4,0,0
2019-20,202685,Jonas Valanciunas,1610612763,MEM,70,32,38,1845,51,130,0.392,133,31,86,0.36,0.512
2019-20,1628371,Jonathan Isaac,1610612753,ORL,34,15,19,980,36,105,0.343,102,30,87,0.345,0.486
2019-20,1628395,Jordan Bell,1610612739,CLE,29,8,21,256,1,10,0.1,3,1,7,0.143,0.15
2019-20,1629648,Jordan Bone,1610612765,DET,10,3,7,53,1,8,0.125,3,1,8,0.125,0.188
2019-20,203903,Jordan Clarkson,1610612762,UTA,71,34,37,1705,100,252,0.397,296,96,239,0.402,0.587
2019-20,1629162,Jordan McLaughlin,1610612750,MIN,30,7,23,590,20,44,0.455,60,20,44,0.455,0.682
2019-20,203895,Jordan McRae,1610612765,DET,37,12,25,785,29,74,0.392,85,27,69,0.391,0.574
2019-20,1629673,Jordan Poole,1610612744,GSW,57,12,45,1274,57,196,0.291,169,55,184,0.299,0.431
2019-20,1627982,Josh Gray,1610612740,NOP,2,1,1,23,0,0,,0,,,,
2019-20,1628404,Josh Hart,1610612740,NOP,65,26,39,1755,107,302,0.354,320,106,298,0.356,0.53
2019-20,1628367,Josh Jackson,1610612763,MEM,22,10,12,381,20,54,0.37,60,20,53,0.377,0.556
2019-20,203705,Josh Magette,1610612753,ORL,8,3,5,38,0,2,0,0,0,2,0,0
2019-20,1629006,Josh Okogie,1610612750,MIN,62,19,43,1547,35,129,0.271,104,34,128,0.266,0.403
2019-20,1629729,Josh Reaves,1610612742,DAL,4,2,2,28,0,1,0,0,0,1,0,0
2019-20,1626196,Josh Richardson,1610612755,PHI,55,33,22,1693,70,210,0.333,205,65,188,0.346,0.488
2019-20,201950,Jrue Holiday,1610612740,NOP,61,26,35,2117,53,143,0.371,157,51,140,0.364,0.549
2019-20,1629308,Juan Toscano-Anderson,1610612744,GSW,13,3,10,272,8,22,0.364,24,8,22,0.364,0.545
2019-20,1627823,Juancho Hernangomez,1610612750,MIN,48,24,24,834,41,123,0.333,123,41,121,0.339,0.5
2019-20,203944,Julius Randle,1610612752,NYK,64,21,43,2080,70,211,0.332,198,58,186,0.312,0.469
2019-20,1626147,Justin Anderson,1610612751,BKN,10,6,4,107,6,27,0.222,18,6,27,0.222,0.333
2019-20,203200,Justin Holiday,1610612754,IND,73,45,28,1826,113,280,0.404,334,108,269,0.401,0.596
2019-20,1628382,Justin Jackson,1610612742,DAL,65,39,26,1045,43,149,0.289,128,42,147,0.286,0.43
2019-20,1629713,Justin James,1610612758,SAC,36,14,22,232,11,29,0.379,30,8,24,0.333,0.517
2019-20,1628383,Justin Patton,1610612765,DET,5,2,3,24,1,5,0.2,3,1,4,0.25,0.3
2019-20,1629620,Justin Robinson,1610612764,WAS,9,2,7,49,3,4,0.75,9,3,4,0.75,1.125
2019-20,1629625,Justin Wright-Foreman,1610612762,UTA,4,1,3,45,0,3,0,0,0,3,0,0
2019-20,1626159,Justise Winslow,1610612763,MEM,11,7,4,352,7,24,0.292,18,4,21,0.19,0.375
2019-20,203994,Jusuf Nurkić,1610612757,POR,8,6,2,253,2,13,0.154,6,2,8,0.25,0.231
2019-20,1629752,Juwan Morgan,1610612762,UTA,21,12,9,134,3,8,0.375,9,3,8,0.375,0.563
2019-20,1629644,KZ Okpala,1610612748,MIA,5,2,3,26,0,1,0,0,0,1,0,0
2019-20,1628443,Kadeem Allen,1610612752,NYK,10,3,7,117,4,10,0.4,11,3,9,0.333,0.55
2019-20,1626157,Karl-Anthony Towns,1610612750,MIN,35,10,25,1187,91,220,0.414,270,88,207,0.425,0.614
2019-20,202695,Kawhi Leonard,1610612746,LAC,57,41,16,1848,75,182,0.412,213,63,156,0.404,0.585
2019-20,1628966,Keita Bates-Diop,1610612743,DEN,44,10,34,744,33,97,0.34,98,32,95,0.337,0.505
2019-20,1629103,Kelan Martin,1610612750,MIN,31,12,19,495,19,81,0.235,57,19,81,0.235,0.352
2019-20,1629640,Keldon Johnson,1610612759,SAS,17,8,9,301,13,20,0.65,39,13,20,0.65,0.975
2019-20,203482,Kelly Olynyk,1610612748,MIA,67,41,26,1300,93,224,0.415,273,87,208,0.418,0.609
2019-20,1626162,Kelly Oubre Jr.,1610612756,PHX,56,22,34,1933,88,252,0.349,259,83,241,0.344,0.514
2019-20,202689,Kemba Walker,1610612738,BOS,56,37,19,1742,62,146,0.425,184,60,143,0.42,0.63
2019-20,1629134,Kendrick Nunn,1610612748,MIA,67,42,25,1962,104,286,0.364,299,91,262,0.347,0.523
2019-20,1629026,Kenrich Williams,1610612740,NOP,39,12,27,832,24,90,0.267,72,24,90,0.267,0.4
2019-20,203145,Kent Bazemore,1610612758,SAC,68,32,36,1688,75,202,0.371,224,74,196,0.378,0.554
2019-20,203484,Kentavious Caldwell-Pope,1610612747,LAL,69,51,18,1762,94,234,0.402,268,80,205,0.39,0.573
2019-20,1628987,Kevin Hervey,1610612760,OKC,10,3,7,52,2,16,0.125,6,2,16,0.125,0.188
2019-20,1628989,Kevin Huerter,1610612737,ATL,56,19,37,1760,93,222,0.419,278,92,218,0.422,0.626
2019-20,1628995,Kevin Knox II,1610612752,NYK,65,21,44,1166,59,185,0.319,170,52,166,0.313,0.459
2019-20,201567,Kevin Love,1610612739,CLE,56,16,40,1780,141,337,0.418,399,117,296,0.395,0.592
2019-20,1629645,Kevin Porter Jr.,1610612739,CLE,50,15,35,1162,35,88,0.398,103,33,81,0.407,0.585
2019-20,1626172,Kevon Looney,1610612744,GSW,20,6,14,262,3,22,0.136,7,1,14,0.071,0.159
2019-20,203920,Khem Birch,1610612753,ORL,48,19,29,922,0,7,0,0,0,1,0,0
2019-20,203114,Khris Middleton,1610612749,MIL,62,46,16,1853,102,219,0.466,284,80,177,0.452,0.648
2019-20,1629017,Khyri Thomas,1610612765,DET,8,2,6,61,5,12,0.417,15,5,12,0.417,0.625
2019-20,1628961,Kostas Antetokounmpo,1610612747,LAL,5,3,2,20,0,0,,0,,,,
2019-20,1627739,Kris Dunn,1610612741,CHI,51,19,32,1269,26,96,0.271,77,25,95,0.263,0.401
2019-20,204001,Kristaps Porziņģis,1610612742,DAL,57,32,25,1814,163,432,0.377,452,126,347,0.363,0.523
2019-20,1629065,Ky Bowman,1610612744,GSW,45,9,36,1015,20,63,0.317,58,18,58,0.31,0.46
2019-20,1629734,Kyle Alexander,1610612748,MIA,2,0,2,13,0,0,,0,,,,
2019-20,203937,Kyle Anderson,1610612763,MEM,67,32,35,1330,28,77,0.364,77,21,68,0.309,0.5
2019-20,1629657,Kyle Guy,1610612758,SAC,3,2,1,10,0,3,0,0,0,3,0,0
2019-20,2594,Kyle Korver,1610612749,MIL,58,43,15,960,86,194,0.443,252,80,185,0.432,0.649
2019-20,1628398,Kyle Kuzma,1610612747,LAL,61,46,15,1526,79,226,0.35,232,74,203,0.365,0.513
2019-20,200768,Kyle Lowry,1610612761,TOR,58,41,17,2098,71,212,0.335,213,71,208,0.341,0.502
2019-20,203124,Kyle O'Quinn,1610612755,PHI,29,18,11,313,8,30,0.267,22,6,24,0.25,0.367
2019-20,202681,Kyrie Irving,1610612751,BKN,20,8,12,658,21,45,0.467,59,17,37,0.459,0.656
2019-20,200746,LaMarcus Aldridge,1610612759,SAS,53,23,30,1754,127,289,0.439,306,52,137,0.38,0.529
2019-20,202498,Lance Thomas,1610612751,BKN,7,4,3,98,5,15,0.333,14,4,13,0.308,0.467
2019-20,1629013,Landry Shamet,1610612746,LAC,53,34,19,1452,96,247,0.389,285,93,243,0.383,0.577
2019-20,204038,Langston Galloway,1610612765,DET,66,20,46,1702,133,324,0.41,393,127,312,0.407,0.606
2019-20,1626204,Larry Nance Jr.,1610612739,CLE,56,16,40,1472,63,163,0.387,179,53,141,0.376,0.549
2019-20,1628374,Lauri Markkanen,1610612741,CHI,50,18,32,1492,106,306,0.346,316,104,302,0.344,0.516
2019-20,2544,LeBron James,1610612747,LAL,67,50,17,2316,63,169,0.373,183,57,148,0.385,0.541
2019-20,1629022,Lonnie Walker IV,1610612759,SAS,61,29,32,988,37,92,0.402,109,35,86,0.407,0.592
2019-20,1628366,Lonzo Ball,1610612740,NOP,63,26,37,2025,103,270,0.381,308,102,262,0.389,0.57
2019-20,101150,Lou Williams,1610612746,LAC,65,44,21,1864,63,148,0.426,182,56,137,0.409,0.615
2019-20,1629663,Louis King,1610612765,DET,10,3,7,62,4,11,0.364,12,4,11,0.364,0.545
2019-20,201601,Luc Mbah a Moute,1610612745,HOU,3,1,2,25,0,2,0,0,0,2,0,0
2019-20,1629652,Luguentz Dort,1610612760,OKC,36,26,10,820,28,97,0.289,84,28,95,0.295,0.433
2019-20,1629029,Luka Dončić,1610612742,DAL,61,36,25,2047,22,79,0.278,65,21,75,0.28,0.411
2019-20,1629677,Luka Samanic,1610612759,SAS,3,1,2,48,3,8,0.375,8,2,7,0.286,0.5
2019-20,1628379,Luke Kennard,1610612765,DET,28,11,17,922,44,105,0.419,131,43,102,0.422,0.624
2019-20,1628436,Luke Kornet,1610612741,CHI,36,11,25,559,32,105,0.305,95,31,102,0.304,0.452
2019-20,1627763,Malcolm Brogdon,1610612754,IND,54,34,20,1666,27,77,0.351,81,27,75,0.36,0.526
2019-20,1626259,Malcolm Miller,1610612761,TOR,28,24,4,162,7,18,0.389,21,7,18,0.389,0.583
2019-20,1627736,Malik Beasley,1610612750,MIN,55,30,25,1209,81,201,0.403,241,79,195,0.405,0.6
2019-20,1628370,Malik Monk,1610612766,CHA,55,18,37,1169,39,127,0.307,117,39,125,0.312,0.461
2019-20,1629005,Malik Newman,1610612739,CLE,1,0,1,4,0,1,0,0,0,0,,0
2019-20,201188,Marc Gasol,1610612761,TOR,44,35,9,1161,60,166,0.361,175,55,142,0.387,0.527
2019-20,201158,Marco Belinelli,1610612759,SAS,57,27,30,883,56,143,0.392,157,45,121,0.372,0.549
2019-20,202694,Marcus Morris Sr.,1610612746,LAC,62,26,36,1936,111,253,0.439,316,94,221,0.425,0.625
2019-20,203935,Marcus Smart,1610612738,BOS,60,39,21,1919,79,247,0.32,233,75,239,0.314,0.472
2019-20,1629621,Marial Shayok,1610612755,PHI,4,2,2,28,1,3,0.333,3,1,3,0.333,0.5
2019-20,1626209,Mario Hezonja,1610612757,POR,53,24,29,871,18,60,0.3,54,18,59,0.305,0.45
2019-20,1628365,Markelle Fultz,1610612753,ORL,72,33,39,1996,27,101,0.267,78,24,90,0.267,0.386
2019-20,202693,Markieff Morris,1610612747,LAL,58,22,36,1188,83,206,0.403,247,81,199,0.407,0.6
2019-20,1629741,Marko Guduric,1610612763,MEM,44,19,25,484,19,52,0.365,56,18,49,0.367,0.538
2019-20,1629716,Marques Bolden,1610612739,CLE,1,0,1,3,0,0,,0,,,,
2019-20,1627737,Marquese Chriss,1610612744,GSW,59,15,44,1196,13,52,0.25,34,8,37,0.216,0.327
2019-20,1628963,Marvin Bagley III,1610612758,SAC,13,2,11,334,8,31,0.258,20,4,22,0.182,0.323
2019-20,101107,Marvin Williams,1610612749,MIL,58,21,37,1129,52,145,0.359,154,50,138,0.362,0.531
2019-20,203486,Mason Plumlee,1610612743,DEN,61,38,23,1057,1,7,0.143,2,0,3,0,0.143
2019-20,1629680,Matisse Thybulle,1610612755,PHI,65,40,25,1287,55,150,0.367,165,55,147,0.374,0.55
2019-20,1629760,Matt Mooney,1610612739,CLE,4,0,4,19,0,2,0,0,0,2,0,0
2019-20,1629744,Matt Thomas,1610612761,TOR,41,31,10,440,39,80,0.488,115,37,77,0.481,0.719
2019-20,203521,Matthew Dellavedova,1610612739,CLE,57,17,40,821,17,71,0.239,51,17,70,0.243,0.359
2019-20,203090,Maurice Harkless,1610612752,NYK,62,39,23,1427,31,93,0.333,92,30,90,0.333,0.495
2019-20,1629622,Max Strus,1610612741,CHI,2,0,2,6,0,1,0,0,0,1,0,0
2019-20,1628467,Maxi Kleber,1610612742,DAL,74,42,32,1890,118,311,0.379,351,115,305,0.377,0.564
2019-20,1628982,Melvin Frazier Jr.,1610612753,ORL,19,6,13,126,7,14,0.5,20,6,13,0.462,0.714
2019-20,203086,Meyers Leonard,1610612748,MIA,51,34,17,1034,49,118,0.415,146,48,117,0.41,0.619
2019-20,1629662,Mfiondu Kabengele,1610612746,LAC,12,9,3,64,8,20,0.4,24,8,18,0.444,0.6
2019-20,203487,Michael Carter-Williams,1610612753,ORL,45,21,24,833,22,72,0.306,65,21,69,0.304,0.451
2019-20,1626187,Michael Frazier II,1610612745,HOU,13,7,6,145,4,19,0.211,12,4,19,0.211,0.316
2019-20,203077,Michael Kidd-Gilchrist,1610612742,DAL,25,12,13,281,6,23,0.261,17,5,19,0.263,0.37
2019-20,1629008,Michael Porter Jr.,1610612743,DEN,55,36,19,903,58,129,0.45,160,44,106,0.415,0.62
2019-20,1628969,Mikal Bridges,1610612756,PHX,73,34,39,2042,70,198,0.354,206,66,187,0.353,0.52
2019-20,201144,Mike Conley,1610612762,UTA,47,26,21,1363,52,123,0.423,154,50,119,0.42,0.626
2019-20,203488,Mike Muscala,1610612760,OKC,47,26,21,572,58,150,0.387,169,53,137,0.387,0.563
2019-20,203118,Mike Scott,1610612755,PHI,68,39,29,1207,84,224,0.375,247,79,211,0.374,0.551
2019-20,1628970,Miles Bridges,1610612766,CHA,65,23,42,1996,83,254,0.327,247,81,246,0.329,0.486
2019-20,1629011,Mitchell Robinson,1610612752,NYK,61,20,41,1412,1,1,1,2,,,,1
2019-20,1629671,Miye Oni,1610612762,UTA,10,5,5,109,6,14,0.429,18,6,14,0.429,0.643
2019-20,1628964,Mo Bamba,1610612753,ORL,62,30,32,878,40,117,0.342,117,37,104,0.356,0.5
2019-20,1628420,Monte Morris,1610612743,DEN,73,46,27,1637,52,130,0.4,153,49,123,0.398,0.588
2019-20,1626149,Montrezl Harrell,1610612746,LAC,63,44,19,1749,2,15,0.133,4,0,4,0,0.133
2019-20,1629021,Moritz Wagner,1610612764,WAS,45,15,30,835,25,79,0.316,75,25,78,0.321,0.475
2019-20,1629650,Moses Brown,1610612757,POR,9,4,5,33,0,0,,0,,,,
2019-20,1628539,Mychal Mulder,1610612744,GSW,7,3,4,204,15,50,0.3,45,15,50,0.3,0.45
2019-20,1626167,Myles Turner,1610612754,IND,62,37,25,1826,108,291,0.371,299,83,237,0.35,0.514
2019-20,1629642,Nassir Little,1610612757,POR,48,22,26,572,11,52,0.212,33,11,50,0.22,0.317
2019-20,1628513,Naz Mitrou-Long,1610612754,IND,5,3,2,47,1,6,0.167,3,1,6,0.167,0.25
2019-20,1629675,Naz Reid,1610612750,MIN,30,8,22,495,31,93,0.333,92,30,89,0.337,0.495
2019-20,202357,Nemanja Bjelica,1610612758,SAC,72,31,41,2011,117,283,0.413,346,112,274,0.409,0.611
2019-20,203457,Nerlens Noel,1610612760,OKC,61,38,23,1127,11,35,0.314,23,1,2,0.5,0.329
2019-20,1629651,Nic Claxton,1610612751,BKN,15,5,10,187,1,6,0.167,3,1,5,0.2,0.25
2019-20,1629638,Nickeil Alexander-Walker,1610612740,NOP,47,19,28,591,38,93,0.409,113,37,92,0.402,0.608
2019-20,201587,Nicolas Batum,1610612766,CHA,22,6,16,505,12,35,0.343,36,12,35,0.343,0.514
2019-20,1629740,Nicolo Melli,1610612740,NOP,60,26,34,1042,71,198,0.359,207,65,184,0.353,0.523
2019-20,1628430,Nigel Williams-Goss,1610612762,UTA,10,6,4,50,2,7,0.286,6,2,7,0.286,0.429
2019-20,203999,Nikola Jokić,1610612743,DEN,73,46,27,2335,131,334,0.392,331,69,212,0.325,0.496
2019-20,202696,Nikola Vučević,1610612753,ORL,62,28,34,1998,166,426,0.39,429,97,285,0.34,0.504
2019-20,203943,Noah Vonleh,1610612743,DEN,36,13,23,378,3,14,0.214,9,3,14,0.214,0.321
2019-20,1626181,Norman Powell,1610612761,TOR,52,40,12,1479,92,211,0.436,275,91,207,0.44,0.652
2019-20,203658,Norvel Pelle,1610612755,PHI,24,12,12,232,0,1,0,0,0,1,0,0
2019-20,1628384,OG Anunoby,1610612761,TOR,69,50,19,2066,78,204,0.382,232,76,199,0.382,0.569
2019-20,1629016,Omari Spellman,1610612750,MIN,49,11,38,886,52,130,0.4,146,42,105,0.4,0.562
2019-20,1629052,Oshae Brissett,1610612761,TOR,19,15,4,135,3,14,0.214,9,3,14,0.214,0.321
2019-20,203490,Otto Porter Jr.,1610612741,CHI,14,5,9,331,21,53,0.396,61,19,45,0.422,0.575
2019-20,200782,P.J. Tucker,1610612745,HOU,72,44,28,2467,113,303,0.373,331,105,291,0.361,0.546
2019-20,1629023,P.J. Washington,1610612766,CHA,58,22,36,1759,80,209,0.383,239,79,205,0.385,0.572
2019-20,1628408,PJ Dozier,1610612743,DEN,29,18,11,412,6,21,0.286,18,6,19,0.316,0.429
2019-20,1627783,Pascal Siakam,1610612761,TOR,60,46,14,2110,80,213,0.376,229,69,191,0.361,0.538
2019-20,1626192,Pat Connaughton,1610612749,MIL,67,53,14,1243,48,149,0.322,143,47,146,0.322,0.48
2019-20,201976,Patrick Beverley,1610612746,LAC,51,38,13,1342,69,169,0.408,207,69,169,0.408,0.612
2019-20,1627775,Patrick McCaw,1610612761,TOR,37,27,10,908,25,62,0.403,71,21,58,0.362,0.573
2019-20,202335,Patrick Patterson,1610612746,LAC,59,39,20,776,69,181,0.381,204,66,168,0.393,0.564
2019-20,201988,Patty Mills,1610612759,SAS,66,28,38,1485,101,250,0.404,300,98,244,0.402,0.6
2019-20,202331,Paul George,1610612746,LAC,48,34,14,1419,93,225,0.413,273,87,210,0.414,0.607
2019-20,200794,Paul Millsap,1610612743,DEN,51,30,21,1240,55,123,0.447,162,52,112,0.464,0.659
2019-20,1628778,Paul Watson,1610612761,TOR,10,7,3,87,3,7,0.429,9,3,7,0.429,0.643
2019-20,1626188,Quinn Cook,1610612747,LAL,44,31,13,508,22,55,0.4,66,22,54,0.407,0.6
2019-20,1629683,Quinndary Weatherspoon,1610612759,SAS,11,5,6,78,0,3,0,0,0,3,0,0
2019-20,1629628,RJ Barrett,1610612752,NYK,56,17,39,1704,55,163,0.337,164,54,160,0.338,0.503
2019-20,200765,Rajon Rondo,1610612747,LAL,48,37,11,984,25,63,0.397,74,24,61,0.393,0.587
2019-20,203526,Raul Neto,1610612755,PHI,54,29,25,668,26,56,0.464,77,25,55,0.455,0.688
2019-20,1629730,Rayjon Tucker,1610612762,UTA,20,12,8,161,2,12,0.167,6,2,12,0.167,0.25
2019-20,203493,Reggie Bullock Jr.,1610612752,NYK,29,9,20,684,39,107,0.364,109,31,92,0.337,0.509
2019-20,202704,Reggie Jackson,1610612746,LAC,31,16,15,743,36,88,0.409,108,36,85,0.424,0.614
2019-20,1626158,Richaun Holmes,1610612758,SAC,44,16,28,1242,31,54,0.574,62,,,,0.574
2019-20,201937,Ricky Rubio,1610612756,PHX,65,32,33,2016,71,173,0.41,206,64,156,0.41,0.595
2019-20,203496,Robert Covington,1610612745,HOU,70,27,43,2137,146,436,0.335,433,141,427,0.33,0.497
2019-20,1629057,Robert Williams III,1610612738,BOS,29,19,10,388,1,3,0.333,2,,,,0.333
2019-20,201577,Robin Lopez,1610612749,MIL,66,51,15,958,36,107,0.336,107,35,103,0.34,0.5
2019-20,1629066,Rodions Kurucs,1610612751,BKN,47,18,29,684,30,82,0.366,90,30,82,0.366,0.549
2019-20,203918,Rodney Hood,1610612757,POR,21,8,13,619,26,50,0.52,78,26,47,0.553,0.78
2019-20,203585,Rodney McGruder,1610612746,LAC,56,38,18,871,25,88,0.284,74,24,86,0.279,0.42
2019-20,1629641,Romeo Langford,1610612738,BOS,32,22,10,370,5,27,0.185,15,5,26,0.192,0.278
2019-20,1626178,Rondae Hollis-Jefferson,1610612761,TOR,60,43,17,1122,4,27,0.148,11,3,22,0.136,0.204
2019-20,1626220,Royce O'Neale,1610612762,UTA,71,44,27,2049,86,217,0.396,258,86,216,0.398,0.594
2019-20,200752,Rudy Gay,1610612759,SAS,67,30,37,1461,75,218,0.344,207,57,185,0.308,0.475
2019-20,203497,Rudy Gobert,1610612762,UTA,68,42,26,2333,1,5,0.2,2,,,,0.2
2019-20,1629060,Rui Hachimura,1610612764,WAS,48,15,33,1444,40,124,0.323,105,25,83,0.301,0.423
2019-20,201566,Russell Westbrook,1610612745,HOU,57,36,21,2049,36,114,0.316,104,32,110,0.291,0.456
2019-20,201583,Ryan Anderson,1610612745,HOU,2,1,1,14,1,5,0.2,3,1,5,0.2,0.3
2019-20,1627853,Ryan Arcidiacono,1610612741,CHI,58,21,37,930,42,109,0.385,126,42,108,0.389,0.578
2019-20,1629151,Ryan Broekhoff,1610612755,PHI,17,10,7,180,18,47,0.383,54,18,47,0.383,0.574
2019-20,1629635,Sekou Doumbouya,1610612765,DET,38,10,28,754,26,92,0.283,76,24,87,0.276,0.413
2019-20,1628400,Semi Ojeleye,1610612738,BOS,69,46,23,1011,49,126,0.389,143,45,117,0.385,0.567
2019-20,201586,Serge Ibaka,1610612761,TOR,55,40,15,1485,110,282,0.39,285,65,172,0.378,0.505
2019-20,203552,Seth Curry,1610612742,DAL,64,38,26,1576,106,219,0.484,311,99,206,0.481,0.71
2019-20,203894,Shabazz Napier,1610612764,WAS,56,16,40,1344,33,101,0.327,99,33,101,0.327,0.49
2019-20,1628983,Shai Gilgeous-Alexander,1610612760,OKC,70,43,27,2428,36,90,0.4,108,36,86,0.419,0.6
2019-20,1629003,Shake Milton,1610612755,PHI,40,23,17,805,47,107,0.439,141,47,107,0.439,0.659
2019-20,1629044,Shamorie Ponds,1610612761,TOR,4,4,0,11,1,1,1,3,1,1,1,1.5
2019-20,1627885,Shaquille Harrison,1610612741,CHI,43,14,29,484,13,33,0.394,39,13,33,0.394,0.591
2019-20,1628414,Sindarius Thornwell,1610612740,NOP,2,0,2,35,1,3,0.333,3,1,3,0.333,0.5
2019-20,1627746,Skal Labissiere,1610612737,ATL,33,14,19,567,20,38,0.526,42,2,11,0.182,0.553
2019-20,203524,Solomon Hill,1610612748,MIA,59,29,30,1088,58,160,0.363,171,55,154,0.357,0.534
2019-20,203915,Spencer Dinwiddie,1610612751,BKN,64,30,34,1994,56,146,0.384,165,53,142,0.373,0.565
2019-20,1626169,Stanley Johnson,1610612761,TOR,25,19,6,150,3,11,0.273,9,3,11,0.273,0.409
2019-20,1629742,Stanton Kidd,1610612762,UTA,4,3,1,15,0,1,0,0,0,1,0,0
2019-20,201939,Stephen Curry,1610612744,GSW,5,1,4,139,7,24,0.292,20,6,22,0.273,0.417
2019-20,1628425,Sterling Brown,1610612749,MIL,52,39,13,767,34,95,0.358,101,33,91,0.363,0.532
2019-20,203500,Steven Adams,1610612760,OKC,63,40,23,1681,18,28,0.643,37,1,2,0.5,0.661
2019-20,1629004,Svi Mykhailiuk,1610612765,DET,56,17,39,1265,96,229,0.419,287,95,226,0.42,0.627
2019-20,1628388,T.J. Leaf,1610612754,IND,28,16,12,222,5,20,0.25,15,5,17,0.294,0.375
2019-20,204456,T.J. McConnell,1610612754,IND,71,44,27,1326,11,22,0.5,27,5,12,0.417,0.614
2019-20,203933,T.J. Warren,1610612754,IND,67,42,25,2202,100,231,0.433,278,78,191,0.408,0.602
2019-20,1629605,Tacko Fall,1610612738,BOS,7,5,2,33,0,0,,0,,,,
2019-20,201959,Taj Gibson,1610612752,NYK,62,21,41,1025,30,70,0.429,64,4,13,0.308,0.457
2019-20,1629659,Talen Horton-Tucker,1610612747,LAL,6,2,4,81,2,7,0.286,6,2,7,0.286,0.429
2019-20,1629745,Tariq Owens,1610612756,PHX,3,0,3,15,0,2,0,0,0,2,0,0
2019-20,1627752,Taurean Prince,1610612751,BKN,64,30,34,1857,114,325,0.351,341,113,316,0.358,0.525
2019-20,1629611,Terance Mann,1610612746,LAC,41,27,14,362,5,17,0.294,15,5,15,0.333,0.441
2019-20,1629056,Terence Davis,1610612761,TOR,72,53,19,1209,75,182,0.412,224,74,180,0.411,0.615
2019-20,1628390,Terrance Ferguson,1610612760,OKC,56,33,23,1257,51,168,0.304,149,47,161,0.292,0.443
2019-20,203082,Terrence Ross,1610612753,ORL,69,31,38,1889,161,431,0.374,458,136,367,0.371,0.531
2019-20,1626179,Terry Rozier,1610612766,CHA,63,21,42,2164,108,236,0.458,322,106,231,0.459,0.682
2019-20,200757,Thabo Sefolosha,1610612745,HOU,41,27,14,436,14,53,0.264,42,14,51,0.275,0.396
2019-20,201152,Thaddeus Young,1610612741,CHI,64,22,42,1591,75,202,0.371,224,74,199,0.372,0.554
2019-20,203648,Thanasis Antetokounmpo,1610612749,MIL,20,16,4,129,0,6,0,0,0,6,0,0
2019-20,1629033,Theo Pinson,1610612752,NYK,33,15,18,365,7,38,0.184,21,7,38,0.184,0.276
2019-20,1628418,Thomas Bryant,1610612764,WAS,46,15,31,1147,67,150,0.447,168,34,80,0.425,0.56
2019-20,1627748,Thon Maker,1610612765,DET,60,20,40,776,27,75,0.36,74,20,60,0.333,0.493
2019-20,204025,Tim Frazier,1610612765,DET,27,9,18,355,8,17,0.471,22,6,14,0.429,0.647
2019-20,203501,Tim Hardaway Jr.,1610612742,DAL,71,41,30,2091,150,359,0.418,446,146,347,0.421,0.621
2019-20,1627789,Timothe Luwawu-Cabarrot,1610612751,BKN,47,20,27,853,60,151,0.397,179,59,150,0.393,0.593
2019-20,202699,Tobias Harris,1610612755,PHI,72,43,29,2469,113,288,0.392,326,100,263,0.38,0.566
2019-20,203107,Tomas Satoransky,1610612741,CHI,65,22,43,1878,57,172,0.331,169,55,167,0.329,0.491
2019-20,1628396,Tony Bradley,1610612762,UTA,58,36,22,663,3,3,1,9,3,3,1,1.5
2019-20,203503,Tony Snell,1610612765,DET,59,18,41,1641,88,233,0.378,260,84,223,0.377,0.558
2019-20,1628470,Torrey Craig,1610612743,DEN,58,38,20,1072,43,137,0.314,128,42,131,0.321,0.467
2019-20,1629027,Trae Young,1610612737,ATL,60,18,42,2120,50,107,0.467,148,48,103,0.466,0.692
2019-20,1629682,Tremont Waters,1610612738,BOS,11,8,3,119,1,10,0.1,2,0,9,0,0.1
2019-20,1626203,Treveon Graham,1610612737,ATL,55,21,34,929,29,112,0.259,87,29,109,0.266,0.388
2019-20,2772,Trevor Ariza,1610612757,POR,53,22,31,1492,66,174,0.379,198,66,172,0.384,0.569
2019-20,203504,Trey Burke,1610612742,DAL,33,16,17,520,23,59,0.39,68,22,57,0.386,0.576
2019-20,1626168,Trey Lyles,1610612759,SAS,63,27,36,1271,64,166,0.386,187,59,152,0.388,0.563
2019-20,202684,Tristan Thompson,1610612739,CLE,57,19,38,1722,6,24,0.25,17,5,14,0.357,0.354
2019-20,1628972,Troy Brown Jr.,1610612764,WAS,69,24,45,1782,61,155,0.394,178,56,143,0.392,0.574
2019-20,203584,Troy Daniels,1610612743,DEN,47,34,13,532,35,102,0.343,104,34,96,0.354,0.51
2019-20,1629660,Ty Jerome,1610612756,PHX,31,16,15,328,11,42,0.262,31,9,39,0.231,0.369
2019-20,1629076,Tyler Cook,1610612743,DEN,13,3,10,54,0,0,,0,,,,
2019-20,1629639,Tyler Herro,1610612748,MIA,55,34,21,1508,84,186,0.452,240,72,163,0.442,0.645
2019-20,204020,Tyler Johnson,1610612751,BKN,39,16,23,709,41,117,0.35,117,35,107,0.327,0.5
2019-20,203092,Tyler Zeller,1610612759,SAS,2,1,1,4,0,0,,0,,,,
2019-20,1627820,Tyrone Wallace,1610612737,ATL,14,3,11,160,0,10,0,0,0,10,0,0
2019-20,2199,Tyson Chandler,1610612745,HOU,26,15,11,219,0,0,,0,,,,
2019-20,1626145,Tyus Jones,1610612763,MEM,65,32,33,1232,38,83,0.458,108,32,75,0.427,0.651
2019-20,2617,Udonis Haslem,1610612748,MIA,4,3,1,44,1,4,0.25,3,1,3,0.333,0.375
2019-20,1629724,Vic Law,1610612753,ORL,8,2,6,62,1,8,0.125,3,1,7,0.143,0.188
2019-20,203506,Victor Oladipo,1610612754,IND,19,11,8,528,11,41,0.268,33,11,40,0.275,0.402
2019-20,1713,Vince Carter,1610612737,ATL,60,19,41,876,50,176,0.284,149,49,170,0.288,0.423
2019-20,1629738,Vincent Poirier,1610612738,BOS,22,18,4,130,4,10,0.4,9,1,2,0.5,0.45
2019-20,1628427,Vlatko Cancar,1610612743,DEN,14,7,7,45,1,7,0.143,3,1,6,0.167,0.214
2019-20,201961,Wayne Ellington,1610612752,NYK,36,9,27,558,39,104,0.375,117,39,99,0.394,0.563
2019-20,1628976,Wendell Carter Jr.,1610612741,CHI,43,15,28,1256,21,61,0.344,48,6,26,0.231,0.393
2019-20,1629117,Wenyen Gabriel,1610612757,POR,30,10,20,235,6,17,0.353,18,6,17,0.353,0.529
2019-20,1628411,Wes Iwundu,1610612753,ORL,52,23,29,953,23,72,0.319,67,21,65,0.323,0.465
2019-20,202083,Wesley Matthews,1610612749,MIL,67,52,15,1635,93,244,0.381,275,89,236,0.377,0.564
2019-20,203115,Will Barton,1610612743,DEN,58,38,20,1916,63,156,0.404,188,62,154,0.403,0.603
2019-20,1629739,William Howard,1610612745,HOU,2,1,1,13,0,2,0,0,0,2,0,0
2019-20,1626161,Willie Cauley-Stein,1610612742,DAL,54,16,38,1097,4,19,0.211,8,0,1,0,0.211
2019-20,1626195,Willy Hernangomez,1610612766,CHA,31,7,24,375,7,24,0.292,19,5,21,0.238,0.396
2019-20,201163,Wilson Chandler,1610612751,BKN,35,16,19,734,37,115,0.322,110,36,113,0.319,0.478
2019-20,1627812,Yogi Ferrell,1610612758,SAC,50,20,30,530,14,34,0.412,41,13,32,0.406,0.603
2019-20,1629139,Yuta Watanabe,1610612763,MEM,18,9,9,105,3,8,0.375,9,3,7,0.429,0.563
2019-20,1628380,Zach Collins,1610612757,POR,11,8,3,290,9,22,0.409,25,7,18,0.389,0.568
2019-20,203897,Zach LaVine,1610612741,CHI,60,20,40,2085,74,177,0.418,220,72,169,0.426,0.621
2019-20,1629668,Zach Norvell Jr.,1610612744,GSW,5,2,3,41,3,10,0.3,9,3,8,0.375,0.45
2019-20,1629015,Zhaire Smith,1610612755,PHI,7,3,4,32,0,3,0,0,0,3,0,0
2019-20,1629627,Zion Williamson,1610612740,NOP,24,11,13,668,2,11,0.182,6,2,8,0.25,0.273
2019-20,1629597,Zylan Cheatham,1610612740,NOP,4,2,2,51,0,2,0,0,0,1,0,0
2020-21,203932,Aaron Gordon,1610612743,DEN,50,29,21,1384,48,123,0.39,137,41,109,0.376,0.557
2020-21,1628988,Aaron Holiday,1610612754,IND,66,30,36,1176,53,137,0.387,159,53,135,0.393,0.58
2020-21,1630174,Aaron Nesmith,1610612738,BOS,46,22,24,669,37,93,0.398,111,37,93,0.398,0.597
2020-21,1627846,Abdel Nader,1610612756,PHX,24,16,8,355,18,42,0.429,54,18,41,0.439,0.643
2020-21,1629690,Adam Mokoka,1610612741,CHI,14,3,11,56,1,8,0.125,3,1,8,0.125,0.188
2020-21,201143,Al Horford,1610612738,BOS,28,11,17,782,57,158,0.361,162,48,131,0.366,0.513
2020-21,202329,Al-Farouq Aminu,1610612741,CHI,23,5,18,434,9,35,0.257,26,8,34,0.235,0.371
2020-21,202692,Alec Burks,1610612752,NYK,49,27,22,1255,56,147,0.381,167,55,144,0.382,0.568
2020-21,1630197,Aleksej Pokusevski,1610612760,OKC,45,13,32,1090,48,167,0.287,143,47,163,0.288,0.428
2020-21,1629346,Alen Smailagic,1610612744,GSW,15,10,5,84,3,8,0.375,9,3,8,0.375,0.563
2020-21,1627936,Alex Caruso,1610612747,LAL,58,32,26,1216,51,125,0.408,152,50,117,0.427,0.608
2020-21,203458,Alex Len,1610612764,WAS,64,30,34,979,9,35,0.257,26,8,24,0.333,0.371
2020-21,1628035,Alfonzo McKinnie,1610612747,LAL,39,22,17,258,16,37,0.432,48,16,37,0.432,0.649
2020-21,1628993,Alize Johnson,1610612751,BKN,18,10,8,189,3,10,0.3,7,1,6,0.167,0.35
2020-21,1628578,Amida Brimah,1610612754,IND,5,2,3,29,0,0,,0,,,,
2020-21,1629599,Amir Coffey,1610612746,LAC,44,32,12,395,19,51,0.373,57,19,51,0.373,0.559
2020-21,2760,Anderson Varejao,1610612739,CLE,5,1,4,36,2,5,0.4,4,0,1,0,0.4
2020-21,203083,Andre Drummond,1610612747,LAL,46,19,27,1242,1,22,0.045,2,0,8,0,0.045
2020-21,2738,Andre Iguodala,1610612748,MIA,63,37,26,1339,51,154,0.331,152,50,151,0.331,0.494
2020-21,203460,Andre Roberson,1610612751,BKN,5,4,1,63,1,8,0.125,3,1,8,0.125,0.188
2020-21,203952,Andrew Wiggins,1610612744,GSW,71,38,33,2364,103,266,0.387,306,100,260,0.385,0.575
2020-21,1629014,Anfernee Simons,1610612757,POR,64,37,27,1104,72,140,0.514,216,72,140,0.514,0.771
2020-21,203076,Anthony Davis,1610612747,LAL,36,23,13,1162,40,125,0.32,104,24,84,0.286,0.416
2020-21,1630162,Anthony Edwards,1610612750,MIN,72,23,49,2314,82,247,0.332,245,81,242,0.335,0.496
2020-21,1630264,Anthony Gill,1610612764,WAS,26,11,15,218,5,21,0.238,15,5,21,0.238,0.357
2020-21,1630237,Anthony Lamb,1610612745,HOU,24,3,21,415,20,62,0.323,60,20,62,0.323,0.484
2020-21,201229,Anthony Tolliver,1610612755,PHI,11,7,4,99,4,14,0.286,12,4,13,0.308,0.429
2020-21,1628394,Anžejs Pasečņiks,1610612764,WAS,1,1,0,6,0,1,0,0,0,1,0,0
2020-21,1629717,Armoni Brooks,1610612745,HOU,20,3,17,520,47,117,0.402,141,47,117,0.402,0.603
2020-21,203382,Aron Baynes,1610612761,TOR,53,20,33,980,41,125,0.328,109,27,100,0.27,0.436
2020-21,1630204,Ashton Hagans,1610612750,MIN,2,0,2,4,0,0,,0,,,,
2020-21,203085,Austin Rivers,1610612743,DEN,36,20,16,845,38,96,0.396,114,38,96,0.396,0.594
2020-21,202340,Avery Bradley,1610612745,HOU,27,6,21,602,26,86,0.302,78,26,80,0.325,0.453
2020-21,1626253,Axel Toupane,1610612749,MIL,8,2,6,61,0,3,0,0,0,1,0,0
2020-21,1628389,Bam Adebayo,1610612748,MIA,64,34,30,2143,47,101,0.465,96,2,2,1,0.475
2020-21,203463,Ben McLemore,1610612747,LAL,53,20,33,905,83,224,0.371,244,78,212,0.368,0.545
2020-21,1627732,Ben Simmons,1610612755,PHI,58,42,16,1877,5,10,0.5,12,2,6,0.333,0.6
2020-21,202687,Bismack Biyombo,1610612766,CHA,66,28,38,1349,1,7,0.143,2,0,1,0,0.143
2020-21,201933,Blake Griffin,1610612751,BKN,46,24,22,1187,44,113,0.389,131,43,107,0.402,0.58
2020-21,1626246,Boban Marjanovic,1610612742,DAL,33,14,19,271,5,18,0.278,11,1,7,0.143,0.306
2020-21,1626171,Bobby Portis Jr.,1610612749,MIL,66,44,22,1372,89,185,0.481,249,71,152,0.467,0.673
2020-21,203992,Bogdan Bogdanović,1610612737,ATL,44,30,14,1305,121,261,0.464,352,110,243,0.453,0.674
2020-21,202711,Bojan Bogdanovic,1610612762,UTA,72,52,20,2216,141,357,0.395,419,137,351,0.39,0.587
2020-21,1629626,Bol Bol,1610612743,DEN,32,21,11,160,4,14,0.286,12,4,14,0.286,0.429
2020-21,202954,Brad Wanamaker,1610612766,CHA,61,29,32,1053,11,50,0.22,33,11,49,0.224,0.33
2020-21,203078,Bradley Beal,1610612764,WAS,60,32,28,2147,96,243,0.395,269,77,199,0.387,0.553
2020-21,1629634,Brandon Clarke,1610612763,MEM,59,32,27,1415,32,99,0.323,84,20,77,0.26,0.424
2020-21,1629164,Brandon Goodwin,1610612737,ATL,47,25,22,620,20,67,0.299,59,19,64,0.297,0.44
2020-21,1627742,Brandon Ingram,1610612740,NOP,61,29,32,2092,115,272,0.423,331,101,234,0.432,0.608
2020-21,1628968,Brian Bowen II,1610612754,IND,6,1,5,15,0,2,0,0,0,1,0,0
2020-21,1630271,Brodric Thomas,1610612739,CLE,32,6,26,399,14,47,0.298,41,13,46,0.283,0.436
2020-21,201572,Brook Lopez,1610612749,MIL,70,46,24,1902,97,274,0.354,281,87,258,0.337,0.513
2020-21,1628971,Bruce Brown,1610612751,BKN,65,45,20,1451,20,67,0.299,57,17,59,0.288,0.425
2020-21,203998,Bruno Caboclo,1610612745,HOU,6,1,5,36,0,4,0,0,0,4,0,0
2020-21,1628981,Bruno Fernando,1610612737,ATL,33,20,13,226,0,4,0,0,0,2,0,0
2020-21,1627854,Bryn Forbes,1610612749,MIL,70,45,25,1354,136,294,0.463,405,133,287,0.463,0.689
2020-21,1627741,Buddy Hield,1610612758,SAC,71,31,40,2433,177,453,0.391,531,177,447,0.396,0.586
2020-21,1629604,CJ Elleby,1610612757,POR,30,19,11,192,6,23,0.261,17,5,22,0.227,0.37
2020-21,203468,CJ McCollum,1610612757,POR,47,28,19,1600,83,169,0.491,236,70,147,0.476,0.698
2020-21,1628997,Caleb Martin,1610612766,CHA,53,23,30,818,32,118,0.271,91,27,106,0.255,0.386
2020-21,1629629,Cam Reddish,1610612737,ATL,26,10,16,750,26,94,0.277,77,25,93,0.269,0.41
2020-21,1629244,Cam Reynolds,1610612745,HOU,5,3,2,40,3,13,0.231,8,2,11,0.182,0.308
2020-21,1629661,Cameron Johnson,1610612756,PHX,60,43,17,1437,115,318,0.362,343,113,312,0.362,0.539
2020-21,1628419,Cameron Oliver,1610612745,HOU,4,1,3,87,6,16,0.375,16,4,13,0.308,0.5
2020-21,1626166,Cameron Payne,1610612756,PHX,60,42,18,1079,47,97,0.485,140,46,94,0.489,0.722
2020-21,1627747,Caris LeVert,1610612754,IND,47,24,23,1485,36,106,0.34,106,34,103,0.33,0.5
2020-21,2546,Carmelo Anthony,1610612757,POR,69,39,30,1690,88,230,0.383,260,84,212,0.396,0.565
2020-21,1629035,Carsen Edwards,1610612738,BOS,31,14,17,276,10,45,0.222,30,10,43,0.233,0.333
2020-21,1630199,Cassius Stanley,1610612754,IND,24,10,14,93,3,12,0.25,9,3,12,0.25,0.375
2020-21,1630216,Cassius Winston,1610612764,WAS,22,10,12,98,7,13,0.538,21,7,13,0.538,0.808
2020-21,1626224,Cedi Osman,1610612739,CLE,59,17,42,1511,73,241,0.303,219,73,238,0.307,0.454
2020-21,1628990,Chandler Hutchison,1610612764,WAS,25,11,14,346,9,22,0.409,25,7,19,0.368,0.568
2020-21,1629718,Charlie Brown Jr.,1610612760,OKC,9,1,8,152,6,19,0.316,17,5,17,0.294,0.447
2020-21,1626184,Chasson Randle,1610612753,ORL,41,10,31,837,26,74,0.351,77,25,71,0.352,0.52
2020-21,1629002,Chimezie Metu,1610612758,SAC,36,14,22,488,21,47,0.447,54,12,32,0.375,0.574
2020-21,1628449,Chris Boucher,1610612761,TOR,60,25,35,1453,86,232,0.371,257,85,225,0.378,0.554
2020-21,1629185,Chris Chiozza,1610612751,BKN,22,12,10,232,4,18,0.222,12,4,17,0.235,0.333
2020-21,101108,Chris Paul,1610612756,PHX,70,49,21,2200,36,73,0.493,103,31,66,0.47,0.705
2020-21,1629735,Chris Silva,1610612758,SAC,15,8,7,92,2,3,0.667,5,1,1,1,0.833
2020-21,1626174,Christian Wood,1610612745,HOU,41,12,29,1326,65,185,0.351,192,62,168,0.369,0.519
2020-21,1629643,Chuma Okeke,1610612753,ORL,45,15,30,1133,50,121,0.413,145,45,113,0.398,0.599
2020-21,203991,Clint Capela,1610612737,ATL,63,34,29,1898,0,5,0,0,,,,0
2020-21,1629632,Coby White,1610612741,CHI,69,30,39,2156,124,339,0.366,369,121,333,0.363,0.544
2020-21,1628998,Cody Martin,1610612766,CHA,52,26,26,849,14,59,0.237,42,14,53,0.264,0.356
2020-21,203469,Cody Zeller,1610612766,CHA,48,21,27,1005,4,32,0.125,10,2,25,0.08,0.156
2020-21,1630175,Cole Anthony,1610612753,ORL,47,13,34,1273,33,101,0.327,97,31,95,0.326,0.48
2020-21,1629012,Collin Sexton,1610612739,CLE,60,18,42,2115,66,157,0.42,190,58,144,0.403,0.605
2020-21,202709,Cory Joseph,1610612765,DET,63,25,38,1446,38,118,0.322,114,38,115,0.33,0.483
2020-21,1626245,Cristiano Felicio,1610612741,CHI,18,6,12,84,0,2,0,0,0,1,0,0
2020-21,1626156,D'Angelo Russell,1610612750,MIN,42,16,26,1196,64,164,0.39,187,59,151,0.391,0.57
2020-21,201571,D.J. Augustin,1610612745,HOU,57,28,29,1129,51,124,0.411,153,51,121,0.421,0.617
2020-21,1628391,D.J. Wilson,1610612745,HOU,35,13,22,433,30,83,0.361,85,25,72,0.347,0.512
2020-21,1629610,DaQuan Jeffries,1610612759,SAS,31,6,25,493,18,58,0.31,54,18,58,0.31,0.466
2020-21,1629751,Dakota Mathias,1610612755,PHI,8,4,4,123,9,23,0.391,25,7,20,0.35,0.543
2020-21,1627745,Damian Jones,1610612758,SAC,39,24,15,546,7,19,0.368,15,1,5,0.2,0.395
2020-21,203081,Damian Lillard,1610612757,POR,67,39,28,2398,74,161,0.46,217,69,152,0.454,0.674
2020-21,1627814,Damion Lee,1610612744,GSW,57,28,29,1079,72,180,0.4,214,70,173,0.405,0.594
2020-21,1628422,Damyean Dotson,1610612739,CLE,46,14,32,907,42,121,0.347,121,37,110,0.336,0.5
2020-21,1629655,Daniel Gafford,1610612764,WAS,54,31,23,791,3,6,0.5,6,,,,0.5
2020-21,1630187,Daniel Oturu,1610612746,LAC,30,21,9,161,3,9,0.333,7,1,3,0.333,0.389
2020-21,1628464,Daniel Theis,1610612741,CHI,65,28,37,1601,90,223,0.404,226,46,136,0.338,0.507
2020-21,201568,Danilo Gallinari,1610612737,ATL,51,29,22,1222,98,237,0.414,277,81,203,0.399,0.584
2020-21,201980,Danny Green,1610612755,PHI,69,46,23,1934,154,367,0.42,460,152,363,0.419,0.627
2020-21,203957,Dante Exum,1610612745,HOU,6,3,3,116,1,9,0.111,3,1,9,0.111,0.167
2020-21,1627863,Danuel House Jr.,1610612745,HOU,36,8,28,932,36,107,0.336,108,36,104,0.346,0.505
2020-21,203967,Dario Saric,1610612756,PHX,50,37,13,870,56,148,0.378,157,45,128,0.352,0.53
2020-21,1629647,Darius Bazley,1610612760,OKC,55,16,39,1714,59,205,0.288,174,56,199,0.281,0.424
2020-21,1629636,Darius Garland,1610612739,CLE,54,18,36,1790,60,139,0.432,177,57,132,0.432,0.637
2020-21,203121,Darius Miller,1610612760,OKC,18,5,13,197,13,28,0.464,37,11,26,0.423,0.661
2020-21,1628021,David Nwaba,1610612745,HOU,30,8,22,679,18,60,0.3,53,17,59,0.288,0.442
2020-21,202722,Davis Bertans,1610612764,WAS,57,29,28,1464,159,391,0.407,476,158,387,0.408,0.609
2020-21,1628368,De'Aaron Fox,1610612758,SAC,58,24,34,2036,38,95,0.4,111,35,89,0.393,0.584
2020-21,1629631,De'Andre Hunter,1610612737,ATL,23,12,11,678,31,82,0.378,88,26,75,0.347,0.537
2020-21,1629001,De'Anthony Melton,1610612763,MEM,52,27,25,1045,65,150,0.433,194,64,148,0.432,0.647
2020-21,201599,DeAndre Jordan,1610612751,BKN,57,37,20,1246,0,2,0,0,0,1,0,0
2020-21,1627761,DeAndre' Bembry,1610612761,TOR,51,23,28,972,12,48,0.25,36,12,45,0.267,0.375
2020-21,201942,DeMar DeRozan,1610612759,SAS,61,27,34,2056,39,120,0.325,96,18,63,0.286,0.4
2020-21,202326,DeMarcus Cousins,1610612746,LAC,41,22,19,713,46,133,0.346,136,44,128,0.344,0.511
2020-21,1629731,Dean Wade,1610612739,CLE,63,19,44,1212,78,210,0.371,231,75,204,0.368,0.55
2020-21,1629028,Deandre Ayton,1610612756,PHX,69,48,21,2115,43,108,0.398,90,4,18,0.222,0.417
2020-21,1629686,Deividas Sirvydis,1610612765,DET,20,8,12,133,5,22,0.227,15,5,22,0.227,0.341
2020-21,1627749,Dejounte Murray,1610612759,SAS,67,32,35,2139,58,181,0.32,170,54,172,0.314,0.47
2020-21,1626153,Delon Wright,1610612758,SAC,63,21,42,1748,47,109,0.431,140,46,105,0.438,0.642
2020-21,1630166,Deni Avdija,1610612764,WAS,54,25,29,1257,53,164,0.323,157,51,161,0.317,0.479
2020-21,203471,Dennis Schröder,1610612747,LAL,61,38,23,1956,64,171,0.374,186,58,160,0.363,0.544
2020-21,1628372,Dennis Smith Jr.,1610612765,DET,23,7,16,420,9,34,0.265,27,9,33,0.273,0.397
2020-21,1627756,Denzel Valentine,1610612741,CHI,62,26,36,1036,67,194,0.345,198,64,187,0.342,0.51
2020-21,202324,Derrick Favors,1610612762,UTA,68,49,19,1039,19,45,0.422,38,0,2,0,0.422
2020-21,1627884,Derrick Jones Jr.,1610612757,POR,58,32,26,1318,40,126,0.317,120,40,125,0.32,0.476
2020-21,201565,Derrick Rose,1610612752,NYK,50,28,22,1279,36,92,0.391,105,33,80,0.413,0.571
2020-21,1628401,Derrick White,1610612759,SAS,36,18,18,1064,70,189,0.37,208,68,184,0.37,0.55
2020-21,1630217,Desmond Bane,1610612763,MEM,68,36,32,1519,98,213,0.46,289,93,206,0.451,0.678
2020-21,1626164,Devin Booker,1610612756,PHX,67,48,19,2270,97,231,0.42,259,65,172,0.378,0.561
2020-21,1629962,Devin Cannady,1610612753,ORL,8,0,8,74,6,12,0.5,17,5,11,0.455,0.708
2020-21,1630170,Devin Vassell,1610612759,SAS,62,30,32,1056,50,147,0.34,148,48,138,0.348,0.503
2020-21,1629653,Devon Dotson,1610612741,CHI,11,4,7,50,1,3,0.333,3,1,3,0.333,0.5
2020-21,1629719,Devontae Cacok,1610612747,LAL,20,8,12,98,0,0,,0,,,,
2020-21,1628984,Devonte' Graham,1610612766,CHA,55,23,32,1659,126,297,0.424,376,124,293,0.423,0.633
2020-21,203473,Dewayne Dedmon,1610612748,MIA,16,11,5,210,3,9,0.333,7,1,5,0.2,0.389
2020-21,1629712,Didi Louzada,1610612740,NOP,3,0,3,56,2,8,0.25,6,2,8,0.25,0.375
2020-21,1628415,Dillon Brooks,1610612763,MEM,67,36,31,1997,108,276,0.391,316,100,259,0.386,0.572
2020-21,1627734,Domantas Sabonis,1610612754,IND,62,29,33,2231,66,195,0.338,181,49,152,0.322,0.464
2020-21,1628378,Donovan Mitchell,1610612762,UTA,53,39,14,1771,74,171,0.433,220,72,168,0.429,0.643
2020-21,1629743,Donta Hall,1610612753,ORL,13,3,10,179,1,2,0.5,2,,,,0.5
2020-21,1628978,Donte DiVincenzo,1610612749,MIL,66,44,22,1815,94,246,0.382,281,93,244,0.381,0.571
2020-21,1627827,Dorian Finney-Smith,1610612742,DAL,60,36,24,1921,108,272,0.397,323,107,271,0.395,0.594
2020-21,203926,Doug McDermott,1610612754,IND,66,32,34,1619,83,220,0.377,248,82,217,0.378,0.564
2020-21,203110,Draymond Green,1610612744,GSW,63,35,28,1982,41,130,0.315,115,33,114,0.289,0.442
2020-21,1629234,Drew Eubanks,1610612759,SAS,54,21,33,755,11,17,0.647,24,2,2,1,0.706
2020-21,1629130,Duncan Robinson,1610612748,MIA,72,40,32,2262,192,461,0.416,575,191,458,0.417,0.624
2020-21,1628407,Dwayne Bacon,1610612753,ORL,72,21,51,1853,31,111,0.279,92,30,107,0.28,0.414
2020-21,2730,Dwight Howard,1610612755,PHI,69,46,23,1196,9,28,0.321,21,3,17,0.176,0.375
2020-21,203939,Dwight Powell,1610612742,DAL,58,36,22,966,4,21,0.19,12,4,20,0.2,0.286
2020-21,1629685,Dylan Windler,1610612739,CLE,31,11,20,513,24,74,0.324,72,24,74,0.324,0.486
2020-21,202734,E'Twaun Moore,1610612756,PHX,27,20,7,389,10,31,0.323,28,8,29,0.276,0.452
2020-21,202334,Ed Davis,1610612750,MIN,23,5,18,299,0,0,,0,,,,
2020-21,1628410,Edmond Sumner,1610612754,IND,53,23,30,861,30,78,0.385,90,30,77,0.39,0.577
2020-21,203901,Elfrid Payton,1610612752,NYK,63,36,27,1484,28,93,0.301,83,27,89,0.303,0.446
2020-21,1629091,Elijah Bryant,1610612749,MIL,1,0,1,32,1,3,0.333,3,1,3,0.333,0.5
2020-21,1630190,Elijah Hughes,1610612762,UTA,18,14,4,64,8,15,0.533,23,7,14,0.5,0.767
2020-21,202683,Enes Freedom,1610612757,POR,72,42,30,1757,1,8,0.125,3,1,3,0.333,0.188
2020-21,202339,Eric Bledsoe,1610612740,NOP,71,31,40,2112,101,281,0.359,296,94,270,0.348,0.527
2020-21,201569,Eric Gordon,1610612745,HOU,27,10,17,789,48,140,0.343,141,45,137,0.328,0.504
2020-21,1629672,Eric Paschall,1610612744,GSW,40,20,20,695,21,64,0.328,58,16,50,0.32,0.453
2020-21,101141,Ersan Ilyasova,1610612762,UTA,17,14,3,148,17,36,0.472,50,16,32,0.5,0.694
2020-21,203095,Evan Fournier,1610612738,BOS,42,18,24,1259,64,155,0.413,191,63,151,0.417,0.616
2020-21,1630267,Facundo Campazzo,1610612743,DEN,65,43,22,1425,60,151,0.397,178,58,149,0.389,0.589
2020-21,1628402,Frank Jackson,1610612765,DET,40,13,27,738,57,129,0.442,169,55,124,0.444,0.655
2020-21,1626163,Frank Kaminsky,1610612756,PHX,47,33,14,715,34,95,0.358,96,28,77,0.364,0.505
2020-21,1628412,Frank Mason III,1610612753,ORL,4,1,3,79,2,3,0.667,6,2,3,0.667,1
2020-21,1628373,Frank Ntilikina,1610612752,NYK,33,23,10,322,17,39,0.436,51,17,35,0.486,0.654
2020-21,1627832,Fred VanVleet,1610612761,TOR,52,22,30,1899,100,263,0.38,298,98,257,0.381,0.567
2020-21,1630273,Freddie Gillespie,1610612761,TOR,20,7,13,392,2,10,0.2,4,,,,0.2
2020-21,1627788,Furkan Korkmaz,1610612755,PHI,55,39,16,1062,80,203,0.394,238,78,198,0.394,0.586
2020-21,1629216,Gabe Vincent,1610612748,MIA,50,27,23,655,33,113,0.292,99,33,112,0.295,0.438
2020-21,1630466,Gabriel Deck,1610612760,OKC,10,1,9,212,3,13,0.231,8,2,11,0.182,0.308
2020-21,202066,Garrett Temple,1610612741,CHI,56,25,31,1528,58,178,0.326,173,57,169,0.337,0.486
2020-21,1629726,Garrison Mathews,1610612764,WAS,64,32,32,1038,66,171,0.386,197,65,167,0.389,0.576
2020-21,1629109,Gary Clark,1610612755,PHI,39,12,27,654,30,105,0.286,90,30,103,0.291,0.429
2020-21,203914,Gary Harris,1610612753,ORL,39,15,24,1080,37,104,0.356,109,35,95,0.368,0.524
2020-21,1627780,Gary Payton II,1610612744,GSW,10,7,3,40,2,4,0.5,6,2,4,0.5,0.75
2020-21,1629018,Gary Trent Jr.,1610612761,TOR,58,29,29,1802,100,251,0.398,298,98,243,0.403,0.594
2020-21,201588,George Hill,1610612755,PHI,30,16,14,672,25,56,0.446,74,24,55,0.436,0.661
2020-21,1627777,Georges Niang,1610612762,UTA,72,52,20,1154,119,269,0.442,356,118,266,0.444,0.662
2020-21,203507,Giannis Antetokounmpo,1610612749,MIL,61,40,21,2013,10,42,0.238,29,9,39,0.231,0.345
2020-21,203922,Glenn Robinson III,1610612758,SAC,23,9,14,369,16,41,0.39,47,15,39,0.385,0.573
2020-21,1629048,Goga Bitadze,1610612754,IND,45,19,26,561,23,82,0.28,66,20,75,0.267,0.402
2020-21,201609,Goran Dragic,1610612748,MIA,50,30,20,1336,68,165,0.412,199,63,156,0.404,0.603
2020-21,202330,Gordon Hayward,1610612766,CHA,44,24,20,1496,83,185,0.449,229,63,139,0.453,0.619
2020-21,203476,Gorgui Dieng,1610612759,SAS,38,14,24,553,33,71,0.465,93,27,63,0.429,0.655
2020-21,1630203,Grant Riller,1610612766,CHA,7,2,5,27,2,3,0.667,6,2,3,0.667,1
2020-21,1629684,Grant Williams,1610612738,BOS,63,30,33,1138,47,124,0.379,139,45,120,0.375,0.56
2020-21,1628960,Grayson Allen,1610612763,MEM,50,26,24,1259,81,205,0.395,243,81,203,0.399,0.593
2020-21,204222,Greg Whittington,1610612743,DEN,4,3,1,12,0,2,0,0,0,2,0,0
2020-21,1628977,Hamidou Diallo,1610612765,DET,52,18,34,1226,21,64,0.328,63,21,63,0.333,0.492
2020-21,203084,Harrison Barnes,1610612758,SAC,58,25,33,2102,73,173,0.422,218,72,171,0.421,0.63
2020-21,1628385,Harry Giles III,1610612757,POR,38,23,15,348,7,21,0.333,20,6,17,0.353,0.476
2020-21,202355,Hassan Whiteside,1610612758,SAC,36,16,20,546,17,31,0.548,34,0,0,,0.548
2020-21,1627740,Henry Ellenson,1610612761,TOR,2,0,2,38,1,7,0.143,3,1,7,0.143,0.214
2020-21,1629649,Ignas Brazdeikis,1610612753,ORL,13,3,10,249,11,26,0.423,32,10,23,0.435,0.615
2020-21,202697,Iman Shumpert,1610612751,BKN,2,1,1,11,0,1,0,0,0,1,0,0
2020-21,1630193,Immanuel Quickley,1610612752,NYK,64,37,27,1243,56,120,0.467,167,55,118,0.466,0.696
2020-21,1629067,Isaac Bonga,1610612764,WAS,40,16,24,432,12,46,0.261,36,12,46,0.261,0.391
2020-21,1630171,Isaac Okoro,1610612739,CLE,67,20,47,2173,49,167,0.293,147,49,165,0.297,0.44
2020-21,1628392,Isaiah Hartenstein,1610612739,CLE,46,20,26,559,6,17,0.353,13,1,5,0.2,0.382
2020-21,1630198,Isaiah Joe,1610612755,PHI,41,22,19,383,33,96,0.344,99,33,94,0.351,0.516
2020-21,1629676,Isaiah Roby,1610612760,OKC,61,19,42,1425,25,83,0.301,73,23,78,0.295,0.44
2020-21,1630191,Isaiah Stewart,1610612765,DET,68,20,48,1455,37,92,0.402,94,20,58,0.345,0.511
2020-21,202738,Isaiah Thomas,1610612740,NOP,3,1,2,48,3,11,0.273,8,2,9,0.222,0.364
2020-21,202397,Ish Smith,1610612764,WAS,44,23,21,924,19,44,0.432,55,17,41,0.415,0.625
2020-21,1627826,Ivica Zubac,1610612746,LAC,72,47,25,1608,3,10,0.3,7,1,4,0.25,0.35
2020-21,200755,JJ Redick,1610612742,DAL,44,22,22,723,52,133,0.391,148,44,117,0.376,0.556
2020-21,1629630,Ja Morant,1610612763,MEM,63,33,30,2053,33,114,0.289,97,31,107,0.29,0.425
2020-21,203960,JaKarr Sampson,1610612754,IND,29,14,15,316,7,21,0.333,17,3,15,0.2,0.405
2020-21,203210,JaMychal Green,1610612743,DEN,58,38,20,1120,81,199,0.407,240,78,187,0.417,0.603
2020-21,201580,JaVale McGee,1610612743,DEN,46,21,25,678,10,33,0.303,25,5,18,0.278,0.379
2020-21,203953,Jabari Parker,1610612738,BOS,13,4,9,165,5,13,0.385,12,2,8,0.25,0.462
2020-21,1630183,Jaden McDaniels,1610612750,MIN,63,18,45,1511,69,184,0.375,205,67,182,0.368,0.557
2020-21,203109,Jae Crowder,1610612756,PHX,60,42,18,1648,144,357,0.403,418,130,328,0.396,0.585
2020-21,1630256,Jae'Sean Tate,1610612745,HOU,70,17,53,2043,60,188,0.319,176,56,181,0.309,0.468
2020-21,1626143,Jahlil Okafor,1610612765,DET,27,5,22,347,2,8,0.25,6,2,6,0.333,0.375
2020-21,1630186,Jahmi'us Ramsey,1610612758,SAC,13,5,8,94,4,14,0.286,12,4,14,0.286,0.429
2020-21,1627774,Jake Layman,1610612750,MIN,45,12,33,627,20,65,0.308,60,20,64,0.313,0.462
2020-21,1627751,Jakob Poeltl,1610612759,SAS,69,32,37,1845,20,42,0.476,40,,,,0.476
2020-21,1628973,Jalen Brunson,1610612742,DAL,68,40,28,1697,63,142,0.444,187,61,140,0.436,0.658
2020-21,1630223,Jalen Harris,1610612761,TOR,13,3,10,172,15,30,0.5,45,15,29,0.517,0.75
2020-21,1629665,Jalen Lecque,1610612754,IND,4,2,2,12,0,0,,0,0,0,,
2020-21,1629667,Jalen McDaniels,1610612766,CHA,47,18,29,904,36,102,0.353,107,35,100,0.35,0.525
2020-21,1630188,Jalen Smith,1610612756,PHX,27,19,8,156,5,21,0.238,14,4,17,0.235,0.333
2020-21,1627750,Jamal Murray,1610612743,DEN,48,31,17,1704,59,133,0.444,172,54,123,0.439,0.647
2020-21,203516,James Ennis III,1610612753,ORL,41,12,29,986,39,84,0.464,116,38,80,0.475,0.69
2020-21,201935,James Harden,1610612751,BKN,44,31,13,1609,16,41,0.39,47,15,40,0.375,0.573
2020-21,201949,James Johnson,1610612740,NOP,51,21,30,1043,29,103,0.282,86,28,100,0.28,0.417
2020-21,203263,James Nunnally,1610612740,NOP,9,3,6,48,4,11,0.364,11,3,10,0.3,0.5
2020-21,1630164,James Wiseman,1610612744,GSW,39,18,21,836,25,76,0.329,59,9,28,0.321,0.388
2020-21,201162,Jared Dudley,1610612747,LAL,12,7,5,81,1,5,0.2,3,1,4,0.25,0.3
2020-21,1629607,Jared Harper,1610612752,NYK,8,5,3,16,0,0,,0,0,0,,
2020-21,1628991,Jaren Jackson Jr.,1610612763,MEM,11,4,7,258,17,56,0.304,51,17,55,0.309,0.455
2020-21,1629020,Jarred Vanderbilt,1610612750,MIN,64,18,46,1139,1,4,0.25,3,1,3,0.333,0.375
2020-21,1629714,Jarrell Brantley,1610612762,UTA,28,23,5,138,11,26,0.423,33,11,26,0.423,0.635
2020-21,1628386,Jarrett Allen,1610612739,CLE,63,20,43,1864,19,47,0.404,44,6,17,0.353,0.468
2020-21,1629633,Jarrett Culver,1610612750,MIN,34,7,27,499,12,42,0.286,36,12,42,0.286,0.429
2020-21,1629750,Javonte Green,1610612741,CHI,41,19,22,474,10,30,0.333,30,10,30,0.333,0.5
2020-21,1629637,Jaxson Hayes,1610612740,NOP,60,24,36,964,11,28,0.393,27,5,11,0.455,0.482
2020-21,1630206,Jay Scrubb,1610612746,LAC,4,2,2,84,3,10,0.3,8,2,5,0.4,0.4
2020-21,1629121,Jaylen Adams,1610612749,MIL,7,5,2,18,0,1,0,0,0,1,0,0
2020-21,1627759,Jaylen Brown,1610612738,BOS,58,30,28,1999,123,286,0.43,362,116,269,0.431,0.633
2020-21,1629658,Jaylen Hoard,1610612760,OKC,19,1,18,320,3,11,0.273,6,0,8,0,0.273
2020-21,1629669,Jaylen Nowell,1610612750,MIN,42,10,32,759,37,110,0.336,110,36,107,0.336,0.5
2020-21,1628369,Jayson Tatum,1610612738,BOS,64,34,30,2290,67,146,0.459,188,54,121,0.446,0.644
2020-21,201145,Jeff Green,1610612751,BKN,68,44,24,1835,109,247,0.441,318,100,227,0.441,0.644
2020-21,201952,Jeff Teague,1610612749,MIL,55,27,28,950,18,42,0.429,54,18,42,0.429,0.643
2020-21,203924,Jerami Grant,1610612765,DET,54,15,39,1829,109,292,0.373,316,98,267,0.367,0.541
2020-21,1629725,Jeremiah Martin,1610612739,CLE,9,0,9,75,2,7,0.286,6,2,7,0.286,0.429
2020-21,203087,Jeremy Lamb,1610612754,IND,36,16,20,765,36,86,0.419,107,35,84,0.417,0.622
2020-21,1629010,Jerome Robinson,1610612764,WAS,17,5,12,305,10,39,0.256,29,9,36,0.25,0.372
2020-21,1628975,Jevon Carter,1610612756,PHX,60,42,18,717,50,125,0.4,148,48,123,0.39,0.592
2020-21,202710,Jimmy Butler III,1610612748,MIA,52,33,19,1745,24,75,0.32,65,17,53,0.321,0.433
2020-21,203925,Joe Harris,1610612751,BKN,69,45,24,2142,195,375,0.52,573,183,355,0.515,0.764
2020-21,204060,Joe Ingles,1610612762,UTA,67,47,20,1867,109,221,0.493,325,107,219,0.489,0.735
2020-21,203954,Joel Embiid,1610612755,PHI,51,39,12,1585,69,169,0.408,181,43,119,0.361,0.536
2020-21,1628381,John Collins,1610612737,ATL,63,34,29,1848,107,261,0.41,295,81,201,0.403,0.565
2020-21,1629723,John Konchar,1610612763,MEM,43,23,20,575,20,58,0.345,59,19,54,0.352,0.509
2020-21,202322,John Wall,1610612745,HOU,40,12,28,1288,48,126,0.381,144,48,125,0.384,0.571
2020-21,202685,Jonas Valanciunas,1610612763,MEM,62,32,30,1755,41,100,0.41,97,15,50,0.3,0.485
2020-21,1629007,Jontay Porter,1610612763,MEM,11,7,4,54,4,9,0.444,11,3,8,0.375,0.611
2020-21,1628395,Jordan Bell,1610612744,GSW,6,3,3,82,0,2,0,0,0,2,0,0
2020-21,1629648,Jordan Bone,1610612753,ORL,14,2,12,196,6,23,0.261,17,5,21,0.238,0.37
2020-21,203903,Jordan Clarkson,1610612762,UTA,68,49,19,1818,102,276,0.37,305,101,270,0.374,0.553
2020-21,1629162,Jordan McLaughlin,1610612750,MIN,51,15,36,938,26,66,0.394,78,26,64,0.406,0.591
2020-21,1629670,Jordan Nwora,1610612749,MIL,30,19,11,274,13,41,0.317,39,13,40,0.325,0.476
2020-21,1629673,Jordan Poole,1610612744,GSW,51,28,23,988,76,202,0.376,228,76,201,0.378,0.564
2020-21,1630182,Josh Green,1610612742,DAL,39,20,19,445,4,24,0.167,12,4,23,0.174,0.25
2020-21,1630221,Josh Hall,1610612760,OKC,21,2,19,336,7,36,0.194,17,3,30,0.1,0.236
2020-21,1628404,Josh Hart,1610612740,NOP,47,21,26,1350,60,184,0.326,178,58,179,0.324,0.484
2020-21,1628367,Josh Jackson,1610612765,DET,62,16,46,1560,67,213,0.315,199,65,207,0.314,0.467
2020-21,1629006,Josh Okogie,1610612750,MIN,59,21,38,1197,25,95,0.263,74,24,92,0.261,0.389
2020-21,1626196,Josh Richardson,1610612742,DAL,59,35,24,1790,76,225,0.338,222,70,217,0.323,0.493
2020-21,201950,Jrue Holiday,1610612749,MIL,59,41,18,1907,46,123,0.374,136,44,116,0.379,0.553
2020-21,1629308,Juan Toscano-Anderson,1610612744,GSW,53,28,25,1107,37,82,0.451,109,35,80,0.438,0.665
2020-21,1627823,Juancho Hernangomez,1610612750,MIN,52,19,33,900,54,160,0.338,162,54,159,0.34,0.506
2020-21,203944,Julius Randle,1610612752,NYK,71,40,31,2667,134,317,0.423,381,113,271,0.417,0.601
2020-21,203200,Justin Holiday,1610612754,IND,72,34,38,2183,142,376,0.378,425,141,373,0.378,0.565
2020-21,1628382,Justin Jackson,1610612749,MIL,34,12,22,577,29,91,0.319,85,27,89,0.303,0.467
2020-21,1629713,Justin James,1610612758,SAC,36,15,21,310,14,37,0.378,42,14,35,0.4,0.568
2020-21,1628383,Justin Patton,1610612745,HOU,13,1,12,247,12,37,0.324,33,9,32,0.281,0.446
2020-21,1629620,Justin Robinson,1610612760,OKC,9,0,9,88,3,12,0.25,9,3,12,0.25,0.375
2020-21,1626159,Justise Winslow,1610612763,MEM,26,13,13,507,10,55,0.182,30,10,52,0.192,0.273
2020-21,203994,Jusuf Nurkić,1610612757,POR,37,22,15,880,16,38,0.421,42,10,24,0.417,0.553
2020-21,1629752,Juwan Morgan,1610612762,UTA,29,24,5,147,3,13,0.231,9,3,12,0.25,0.346
2020-21,1630231,KJ Martin,1610612745,HOU,45,10,35,1068,33,88,0.375,99,33,88,0.375,0.563
2020-21,1629644,KZ Okpala,1610612748,MIA,37,22,15,447,10,48,0.208,30,10,47,0.213,0.313
2020-21,1630211,Karim Mane,1610612753,ORL,10,2,8,88,1,1,1,3,1,1,1,1.5
2020-21,1626157,Karl-Anthony Towns,1610612750,MIN,50,19,31,1689,113,274,0.412,330,104,251,0.414,0.602
2020-21,202695,Kawhi Leonard,1610612746,LAC,52,36,16,1772,75,157,0.478,210,60,127,0.472,0.669
2020-21,1628966,Keita Bates-Diop,1610612759,SAS,30,13,17,245,4,16,0.25,12,4,15,0.267,0.375
2020-21,1629103,Kelan Martin,1610612754,IND,35,16,19,323,17,50,0.34,51,17,49,0.347,0.51
2020-21,1629640,Keldon Johnson,1610612759,SAS,69,32,37,1968,53,156,0.34,158,52,148,0.351,0.506
2020-21,1629833,Keljin Blevins,1610612757,POR,17,11,6,75,1,5,0.2,3,1,5,0.2,0.3
2020-21,203482,Kelly Olynyk,1610612745,HOU,70,26,44,1997,112,319,0.351,330,106,309,0.343,0.517
2020-21,1626162,Kelly Oubre Jr.,1610612744,GSW,55,27,28,1688,80,240,0.333,239,79,236,0.335,0.498
2020-21,202689,Kemba Walker,1610612760,OKC,43,22,21,1369,46,115,0.4,136,44,112,0.393,0.591
2020-21,1629134,Kendrick Nunn,1610612748,MIA,56,31,25,1650,99,238,0.416,296,98,233,0.421,0.622
2020-21,1629026,Kenrich Williams,1610612760,OKC,66,21,45,1426,47,104,0.452,138,44,98,0.449,0.663
2020-21,203145,Kent Bazemore,1610612744,GSW,67,35,32,1334,69,165,0.418,206,68,161,0.422,0.624
2020-21,203484,Kentavious Caldwell-Pope,1610612747,LAL,67,39,28,1902,107,255,0.42,317,103,245,0.42,0.622
2020-21,201142,Kevin Durant,1610612751,BKN,35,23,12,1157,72,152,0.474,193,49,110,0.445,0.635
2020-21,1628989,Kevin Huerter,1610612737,ATL,69,40,29,2126,110,291,0.378,328,108,286,0.378,0.564
2020-21,1628995,Kevin Knox II,1610612752,NYK,42,26,16,464,34,82,0.415,101,33,80,0.413,0.616
2020-21,201567,Kevin Love,1610612739,CLE,25,7,18,622,50,145,0.345,143,43,128,0.336,0.493
2020-21,1629645,Kevin Porter Jr.,1610612745,HOU,26,4,22,835,20,58,0.345,59,19,57,0.333,0.509
2020-21,1626172,Kevon Looney,1610612744,GSW,61,34,27,1161,9,33,0.273,22,4,17,0.235,0.333
2020-21,203920,Khem Birch,1610612761,TOR,67,23,44,1529,35,104,0.337,83,13,50,0.26,0.399
2020-21,203114,Khris Middleton,1610612749,MIL,68,45,23,2269,93,216,0.431,264,78,181,0.431,0.611
2020-21,1629017,Khyri Thomas,1610612745,HOU,5,1,4,153,7,20,0.35,20,6,18,0.333,0.5
2020-21,1630165,Killian Hayes,1610612765,DET,26,6,20,670,17,49,0.347,49,15,47,0.319,0.5
2020-21,1629681,Killian Tillie,1610612763,MEM,18,11,7,182,9,33,0.273,27,9,32,0.281,0.409
2020-21,1630184,Kira Lewis Jr.,1610612740,NOP,54,23,31,904,31,86,0.36,93,31,85,0.365,0.541
2020-21,1628961,Kostas Antetokounmpo,1610612747,LAL,15,6,9,56,0,1,0,0,,,,0
2020-21,1627739,Kris Dunn,1610612737,ATL,4,1,3,45,0,2,0,0,0,2,0,0
2020-21,204001,Kristaps Porziņģis,1610612742,DAL,43,26,17,1327,116,296,0.392,321,89,233,0.382,0.542
2020-21,203937,Kyle Anderson,1610612763,MEM,69,36,33,1887,80,219,0.365,229,69,203,0.34,0.523
2020-21,1629657,Kyle Guy,1610612758,SAC,31,11,20,235,9,36,0.25,27,9,36,0.25,0.375
2020-21,1628398,Kyle Kuzma,1610612747,LAL,68,40,28,1954,128,336,0.381,375,119,317,0.375,0.558
2020-21,200768,Kyle Lowry,1610612761,TOR,46,15,31,1601,65,155,0.419,194,64,154,0.416,0.626
2020-21,202681,Kyrie Irving,1610612751,BKN,54,36,18,1886,80,179,0.447,232,72,166,0.434,0.648
2020-21,200746,LaMarcus Aldridge,1610612751,BKN,26,15,11,674,75,165,0.455,179,29,75,0.387,0.542
2020-21,1630163,LaMelo Ball,1610612766,CHA,51,23,28,1469,61,154,0.396,181,59,150,0.393,0.588
2020-21,1630205,Lamar Stevens,1610612739,CLE,40,13,27,499,7,29,0.241,18,4,23,0.174,0.31
2020-21,1629013,Landry Shamet,1610612751,BKN,61,39,22,1403,111,265,0.419,332,110,260,0.423,0.626
2020-21,204038,Langston Galloway,1610612756,PHX,40,29,11,438,37,84,0.44,109,35,80,0.438,0.649
2020-21,1626204,Larry Nance Jr.,1610612739,CLE,35,13,22,1091,42,120,0.35,122,38,105,0.362,0.508
2020-21,1628374,Lauri Markkanen,1610612741,CHI,51,20,31,1317,119,296,0.402,356,118,291,0.405,0.601
2020-21,2544,LeBron James,1610612747,LAL,45,30,15,1504,38,106,0.358,110,34,96,0.354,0.519
2020-21,1629022,Lonnie Walker IV,1610612759,SAS,60,28,32,1522,84,219,0.384,249,81,211,0.384,0.568
2020-21,1628366,Lonzo Ball,1610612740,NOP,55,23,32,1747,134,330,0.406,398,130,323,0.402,0.603
2020-21,101150,Lou Williams,1610612737,ATL,66,44,22,1423,37,93,0.398,102,28,75,0.373,0.548
2020-21,1629663,Louis King,1610612758,SAC,6,3,3,85,2,8,0.25,6,2,8,0.25,0.375
2020-21,1629652,Luguentz Dort,1610612760,OKC,52,18,34,1543,99,265,0.374,295,97,263,0.369,0.557
2020-21,1629029,Luka Dončić,1610612742,DAL,66,40,26,2262,30,90,0.333,89,29,85,0.341,0.494
2020-21,1629677,Luka Samanic,1610612759,SAS,33,14,19,308,12,39,0.308,36,12,39,0.308,0.462
2020-21,1628379,Luke Kennard,1610612746,LAC,63,44,19,1232,85,181,0.47,244,74,164,0.451,0.674
2020-21,1628436,Luke Kornet,1610612738,BOS,31,13,18,347,17,62,0.274,49,15,59,0.254,0.395
2020-21,1630201,Malachi Flynn,1610612761,TOR,47,21,26,928,28,82,0.341,84,28,81,0.346,0.512
2020-21,1627763,Malcolm Brogdon,1610612754,IND,56,27,29,1930,76,171,0.444,228,76,171,0.444,0.667
2020-21,1627736,Malik Beasley,1610612750,MIN,37,8,29,1214,99,239,0.414,293,95,230,0.413,0.613
2020-21,1630238,Malik Fitts,1610612746,LAC,3,3,0,11,1,2,0.5,3,1,2,0.5,0.75
2020-21,1628370,Malik Monk,1610612766,CHA,42,19,23,878,52,125,0.416,156,52,125,0.416,0.624
2020-21,1629603,Mamadi Diakite,1610612749,MIL,14,7,7,141,2,7,0.286,5,1,6,0.167,0.357
2020-21,201188,Marc Gasol,1610612747,LAL,52,32,20,993,55,130,0.423,158,48,115,0.417,0.608
2020-21,202694,Marcus Morris Sr.,1610612746,LAC,57,38,19,1502,135,272,0.496,397,127,255,0.498,0.73
2020-21,203935,Marcus Smart,1610612738,BOS,48,24,24,1581,67,204,0.328,200,66,203,0.325,0.49
2020-21,1628365,Markelle Fultz,1610612753,ORL,8,6,2,215,2,6,0.333,6,2,6,0.333,0.5
2020-21,202693,Markieff Morris,1610612747,LAL,61,32,29,1200,69,205,0.337,199,61,191,0.319,0.485
2020-21,1630210,Markus Howard,1610612743,DEN,37,24,13,205,10,37,0.27,29,9,36,0.25,0.392
2020-21,1629716,Marques Bolden,1610612739,CLE,6,2,4,29,0,0,,0,,,,
2020-21,1627737,Marquese Chriss,1610612744,GSW,2,0,2,27,1,5,0.2,3,1,5,0.2,0.3
2020-21,1628963,Marvin Bagley III,1610612758,SAC,43,20,23,1112,36,107,0.336,104,32,96,0.333,0.486
2020-21,1630222,Mason Jones,1610612755,PHI,32,10,22,334,13,32,0.406,38,12,31,0.387,0.594
2020-21,203486,Mason Plumlee,1610612765,DET,56,14,42,1499,4,25,0.16,8,0,7,0,0.16
2020-21,1629680,Matisse Thybulle,1610612755,PHI,65,46,19,1298,41,137,0.299,123,41,136,0.301,0.449
2020-21,1629744,Matt Thomas,1610612762,UTA,45,27,18,327,17,50,0.34,51,17,49,0.347,0.51
2020-21,203521,Matthew Dellavedova,1610612739,CLE,13,4,9,224,3,17,0.176,9,3,17,0.176,0.265
2020-21,203090,Maurice Harkless,1610612758,SAC,37,16,21,772,22,79,0.278,65,21,78,0.269,0.411
2020-21,1629622,Max Strus,1610612748,MIA,39,14,25,507,48,132,0.364,144,48,132,0.364,0.545
2020-21,1628467,Maxi Kleber,1610612742,DAL,50,31,19,1341,89,213,0.418,263,85,202,0.421,0.617
2020-21,203086,Meyers Leonard,1610612748,MIA,3,2,1,29,3,7,0.429,9,3,7,0.429,0.643
2020-21,1629662,Mfiondu Kabengele,1610612739,CLE,39,20,19,280,13,51,0.255,38,12,46,0.261,0.373
2020-21,203487,Michael Carter-Williams,1610612753,ORL,31,12,19,800,13,51,0.255,39,13,50,0.26,0.382
2020-21,1629008,Michael Porter Jr.,1610612743,DEN,61,40,21,1912,150,326,0.46,433,133,286,0.465,0.664
2020-21,1628969,Mikal Bridges,1610612756,PHX,72,51,21,2348,126,308,0.409,372,120,296,0.405,0.604
2020-21,201144,Mike Conley,1610612762,UTA,51,37,14,1498,53,130,0.408,158,52,128,0.406,0.608
2020-21,1628455,Mike James,1610612751,BKN,13,9,4,236,5,10,0.5,15,5,10,0.5,0.75
2020-21,203488,Mike Muscala,1610612760,OKC,35,15,20,645,74,198,0.374,213,65,178,0.365,0.538
2020-21,203118,Mike Scott,1610612755,PHI,51,35,16,852,54,155,0.348,161,53,152,0.349,0.519
2020-21,1628970,Miles Bridges,1610612766,CHA,66,31,35,1932,80,213,0.376,238,78,201,0.388,0.559
2020-21,1629011,Mitchell Robinson,1610612752,NYK,31,15,16,853,0,0,,0,,,,
2020-21,1629671,Miye Oni,1610612762,UTA,54,45,9,519,29,83,0.349,87,29,83,0.349,0.524
2020-21,1628964,Mo Bamba,1610612753,ORL,46,11,35,725,41,122,0.336,120,38,115,0.33,0.492
2020-21,1628420,Monte Morris,1610612743,DEN,47,30,17,1196,42,103,0.408,122,38,97,0.392,0.592
2020-21,1626149,Montrezl Harrell,1610612747,LAL,69,41,28,1580,10,22,0.455,20,0,6,0,0.455
2020-21,1629021,Moritz Wagner,1610612753,ORL,45,19,26,722,32,92,0.348,94,30,89,0.337,0.511
2020-21,1629650,Moses Brown,1610612738,BOS,43,8,35,920,2,3,0.667,4,,,,0.667
2020-21,1628539,Mychal Mulder,1610612744,GSW,60,33,27,766,75,197,0.381,225,75,197,0.381,0.571
2020-21,1626167,Myles Turner,1610612754,IND,47,22,25,1455,69,201,0.343,205,67,197,0.34,0.51
2020-21,1630230,Naji Marshall,1610612740,NOP,32,14,18,700,28,73,0.384,84,28,72,0.389,0.575
2020-21,1629642,Nassir Little,1610612757,POR,48,27,21,640,21,58,0.362,63,21,56,0.375,0.543
2020-21,1630268,Nate Darling,1610612766,CHA,7,3,4,26,2,7,0.286,6,2,7,0.286,0.429
2020-21,1630207,Nate Hinton,1610612742,DAL,21,11,10,93,4,14,0.286,12,4,14,0.286,0.429
2020-21,1630233,Nathan Knight,1610612737,ATL,33,21,12,279,6,27,0.222,18,6,26,0.231,0.333
2020-21,1629675,Naz Reid,1610612750,MIN,70,22,48,1347,61,171,0.357,182,60,168,0.357,0.532
2020-21,202357,Nemanja Bjelica,1610612748,MIA,37,16,21,595,23,75,0.307,68,22,71,0.31,0.453
2020-21,203457,Nerlens Noel,1610612752,NYK,64,35,29,1547,9,27,0.333,18,0,2,0,0.333
2020-21,1629651,Nic Claxton,1610612751,BKN,32,23,9,594,1,6,0.167,3,1,5,0.2,0.25
2020-21,1630208,Nick Richards,1610612766,CHA,18,9,9,63,0,1,0,0,0,1,0,0
2020-21,1629638,Nickeil Alexander-Walker,1610612740,NOP,46,20,26,1007,64,185,0.346,192,64,182,0.352,0.519
2020-21,1630185,Nico Mannion,1610612744,GSW,30,17,13,364,11,35,0.314,33,11,35,0.314,0.471
2020-21,201587,Nicolas Batum,1610612746,LAC,67,44,23,1835,113,274,0.412,329,103,255,0.404,0.6
2020-21,1629740,Nicolo Melli,1610612742,DAL,45,26,19,566,26,86,0.302,74,22,80,0.275,0.43
2020-21,203999,Nikola Jokić,1610612743,DEN,72,47,25,2488,142,314,0.452,369,85,214,0.397,0.588
2020-21,202696,Nikola Vučević,1610612741,CHI,70,26,44,2348,286,676,0.423,747,175,439,0.399,0.553
2020-21,203943,Noah Vonleh,1610612751,BKN,4,3,1,11,0,1,0,0,0,1,0,0
2020-21,1626181,Norman Powell,1610612757,POR,69,32,37,2205,118,276,0.428,353,117,271,0.432,0.639
2020-21,203658,Norvel Pelle,1610612752,NYK,13,8,5,83,0,0,,0,,,,
2020-21,1628384,OG Anunoby,1610612761,TOR,43,18,25,1433,99,234,0.423,296,98,231,0.424,0.632
2020-21,1630167,Obi Toppin,1610612752,NYK,62,36,26,683,28,88,0.318,82,26,84,0.31,0.466
2020-21,1630168,Onyeka Okongwu,1610612737,ATL,50,31,19,601,1,6,0.167,2,0,2,0,0.167
2020-21,1629052,Oshae Brissett,1610612754,IND,21,10,11,519,31,75,0.413,93,31,75,0.413,0.62
2020-21,203490,Otto Porter Jr.,1610612753,ORL,28,12,16,607,40,105,0.381,118,38,94,0.404,0.562
2020-21,200782,P.J. Tucker,1610612749,MIL,52,27,25,1356,40,120,0.333,117,37,115,0.322,0.488
2020-21,1629023,P.J. Washington,1610612766,CHA,64,31,33,1954,103,260,0.396,305,99,250,0.396,0.587
2020-21,1628408,PJ Dozier,1610612743,DEN,50,36,14,1088,38,119,0.319,113,37,114,0.325,0.475
2020-21,1627783,Pascal Siakam,1610612761,TOR,56,21,35,2006,68,206,0.33,193,57,182,0.313,0.468
2020-21,1626192,Pat Connaughton,1610612749,MIL,69,44,25,1575,101,263,0.384,302,100,260,0.385,0.574
2020-21,201976,Patrick Beverley,1610612746,LAC,37,25,12,832,48,114,0.421,142,46,111,0.414,0.623
2020-21,1627775,Patrick McCaw,1610612761,TOR,5,2,3,33,0,0,,0,,,,
2020-21,202335,Patrick Patterson,1610612746,LAC,38,26,12,582,44,113,0.389,127,39,106,0.368,0.562
2020-21,1630172,Patrick Williams,1610612741,CHI,71,30,41,1983,55,137,0.401,159,49,123,0.398,0.58
2020-21,201988,Patty Mills,1610612759,SAS,68,31,37,1685,109,265,0.411,327,109,264,0.413,0.617
2020-21,202331,Paul George,1610612746,LAC,54,38,16,1821,109,248,0.44,316,98,228,0.43,0.637
2020-21,200794,Paul Millsap,1610612743,DEN,56,38,18,1162,50,144,0.347,146,46,135,0.341,0.507
2020-21,1630194,Paul Reed,1610612755,PHI,26,17,9,177,1,8,0.125,2,0,6,0,0.125
2020-21,1628778,Paul Watson,1610612761,TOR,27,13,14,297,25,54,0.463,75,25,54,0.463,0.694
2020-21,1630202,Payton Pritchard,1610612738,BOS,66,33,33,1268,80,170,0.471,237,77,165,0.467,0.697
2020-21,1630173,Precious Achiuwa,1610612748,MIA,61,31,30,737,0,5,0,0,0,1,0,0
2020-21,1626188,Quinn Cook,1610612739,CLE,23,13,10,157,4,13,0.308,12,4,12,0.333,0.462
2020-21,1629683,Quinndary Weatherspoon,1610612759,SAS,20,8,12,121,0,3,0,0,0,3,0,0
2020-21,1630181,R.J. Hampton,1610612753,ORL,51,20,31,888,27,69,0.391,79,25,64,0.391,0.572
2020-21,1629628,RJ Barrett,1610612752,NYK,72,41,31,2511,120,300,0.4,358,118,288,0.41,0.597
2020-21,200765,Rajon Rondo,1610612746,LAC,45,28,17,769,16,43,0.372,48,16,42,0.381,0.558
2020-21,203526,Raul Neto,1610612764,WAS,64,30,34,1403,55,133,0.414,164,54,131,0.412,0.617
2020-21,1629034,Ray Spalding,1610612745,HOU,2,0,2,19,0,1,0,0,0,1,0,0
2020-21,1629730,Rayjon Tucker,1610612755,PHI,14,8,6,68,1,4,0.25,3,1,4,0.25,0.375
2020-21,203493,Reggie Bullock Jr.,1610612752,NYK,65,38,27,1949,161,373,0.432,476,154,362,0.425,0.638
2020-21,202704,Reggie Jackson,1610612746,LAC,67,43,24,1544,89,196,0.454,265,87,192,0.453,0.676
2020-21,1629617,Reggie Perry,1610612751,BKN,26,18,8,211,4,20,0.2,12,4,20,0.2,0.3
2020-21,1626158,Richaun Holmes,1610612758,SAC,61,29,32,1781,110,187,0.588,222,2,10,0.2,0.594
2020-21,201937,Ricky Rubio,1610612750,MIN,68,23,45,1772,58,178,0.326,168,52,165,0.315,0.472
2020-21,203496,Robert Covington,1610612757,POR,70,42,28,2243,118,316,0.373,354,118,311,0.379,0.56
2020-21,1629606,Robert Franks,1610612753,ORL,7,0,7,101,5,15,0.333,15,5,14,0.357,0.5
2020-21,1629057,Robert Williams III,1610612738,BOS,52,29,23,985,9,22,0.409,18,0,1,0,0.409
2020-21,1630218,Robert Woodard II,1610612758,SAC,13,3,10,45,1,4,0.25,2,0,3,0,0.25
2020-21,201577,Robin Lopez,1610612764,WAS,71,34,37,1354,7,22,0.318,19,5,18,0.278,0.432
2020-21,1629066,Rodions Kurucs,1610612749,MIL,21,10,11,125,5,21,0.238,15,5,20,0.25,0.357
2020-21,203918,Rodney Hood,1610612761,TOR,55,29,26,943,18,74,0.243,54,18,73,0.247,0.365
2020-21,203585,Rodney McGruder,1610612765,DET,16,3,13,194,11,25,0.44,33,11,23,0.478,0.66
2020-21,1629641,Romeo Langford,1610612738,BOS,18,9,9,283,3,17,0.176,9,3,15,0.2,0.265
2020-21,1626178,Rondae Hollis-Jefferson,1610612757,POR,11,6,5,107,0,1,0,0,0,1,0,0
2020-21,1626220,Royce O'Neale,1610612762,UTA,71,51,20,2240,99,254,0.39,297,99,252,0.393,0.585
2020-21,200752,Rudy Gay,1610612759,SAS,63,29,34,1358,99,250,0.396,288,90,228,0.395,0.576
2020-21,203497,Rudy Gobert,1610612762,UTA,71,52,19,2187,2,9,0.222,4,0,2,0,0.222
2020-21,1629060,Rui Hachimura,1610612764,WAS,57,29,28,1797,75,191,0.393,195,45,135,0.333,0.51
2020-21,201566,Russell Westbrook,1610612764,WAS,65,30,35,2369,48,138,0.348,143,47,132,0.356,0.518
2020-21,1627853,Ryan Arcidiacono,1610612741,CHI,44,20,24,450,22,57,0.386,66,22,55,0.4,0.579
2020-21,1630240,Saben Lee,1610612765,DET,48,14,34,781,8,15,0.533,24,8,15,0.533,0.8
2020-21,1630180,Saddiq Bey,1610612765,DET,70,19,51,1909,152,378,0.402,452,148,368,0.402,0.598
2020-21,1630241,Sam Merrill,1610612749,MIL,30,18,12,233,16,36,0.444,48,16,36,0.444,0.667
2020-21,1630253,Sean McDermott,1610612763,MEM,18,10,8,158,6,22,0.273,17,5,21,0.238,0.386
2020-21,1629635,Sekou Doumbouya,1610612765,DET,56,15,41,869,26,112,0.232,77,25,108,0.231,0.344
2020-21,1628400,Semi Ojeleye,1610612738,BOS,56,28,28,950,55,147,0.374,163,53,141,0.376,0.554
2020-21,201586,Serge Ibaka,1610612746,LAC,41,24,17,955,62,146,0.425,161,37,105,0.352,0.551
2020-21,203552,Seth Curry,1610612755,PHI,57,39,18,1638,96,197,0.487,282,90,185,0.486,0.716
2020-21,1628983,Shai Gilgeous-Alexander,1610612760,OKC,35,16,19,1180,16,37,0.432,48,16,37,0.432,0.649
2020-21,1629003,Shake Milton,1610612755,PHI,63,46,17,1461,55,143,0.385,162,52,134,0.388,0.566
2020-21,1627885,Shaquille Harrison,1610612743,DEN,34,27,7,332,3,14,0.214,9,3,13,0.231,0.321
2020-21,1628414,Sindarius Thornwell,1610612753,ORL,21,7,14,217,7,23,0.304,20,6,22,0.273,0.435
2020-21,1630219,Skylar Mays,1610612737,ATL,33,19,14,269,12,33,0.364,35,11,31,0.355,0.53
2020-21,203524,Solomon Hill,1610612737,ATL,71,41,30,1514,64,203,0.315,191,63,200,0.315,0.47
2020-21,203915,Spencer Dinwiddie,1610612751,BKN,3,2,1,64,2,5,0.4,6,2,5,0.4,0.6
2020-21,1626169,Stanley Johnson,1610612761,TOR,61,25,36,1006,37,111,0.333,110,36,109,0.33,0.495
2020-21,201939,Stephen Curry,1610612744,GSW,63,37,26,2152,157,352,0.446,462,148,339,0.437,0.656
2020-21,1628425,Sterling Brown,1610612745,HOU,51,14,37,1229,73,177,0.412,218,72,174,0.414,0.616
2020-21,203500,Steven Adams,1610612740,NOP,58,26,32,1604,6,15,0.4,12,0,2,0,0.4
2020-21,1629004,Svi Mykhailiuk,1610612760,OKC,66,13,53,1324,79,230,0.343,232,74,223,0.332,0.504
2020-21,1628388,T.J. Leaf,1610612757,POR,7,6,1,35,0,0,,0,,,,
2020-21,204456,T.J. McConnell,1610612754,IND,69,33,36,1796,20,50,0.4,51,11,36,0.306,0.51
2020-21,203933,T.J. Warren,1610612754,IND,4,3,1,117,0,7,0,0,0,7,0,0
2020-21,1629605,Tacko Fall,1610612738,BOS,19,13,6,136,1,1,1,2,,,,1
2020-21,201959,Taj Gibson,1610612752,NYK,45,29,16,936,9,28,0.321,21,3,14,0.214,0.375
2020-21,1629659,Talen Horton-Tucker,1610612747,LAL,65,39,26,1304,21,76,0.276,63,21,76,0.276,0.414
2020-21,1627752,Taurean Prince,1610612739,CLE,41,15,26,905,42,110,0.382,125,41,105,0.39,0.568
2020-21,1629611,Terance Mann,1610612746,LAC,67,45,22,1263,30,72,0.417,88,28,69,0.406,0.611
2020-21,1629056,Terence Davis,1610612758,SAC,61,26,35,1074,77,184,0.418,230,76,182,0.418,0.625
2020-21,1628390,Terrance Ferguson,1610612755,PHI,13,10,3,49,0,5,0,0,0,5,0,0
2020-21,203082,Terrence Ross,1610612753,ORL,46,16,30,1346,70,185,0.378,199,59,161,0.366,0.538
2020-21,1626179,Terry Rozier,1610612766,CHA,69,32,37,2383,166,386,0.43,494,162,374,0.433,0.64
2020-21,201152,Thaddeus Young,1610612741,CHI,68,30,38,1652,19,58,0.328,50,12,42,0.286,0.431
2020-21,203648,Thanasis Antetokounmpo,1610612749,MIL,57,37,20,551,2,16,0.125,6,2,16,0.125,0.188
2020-21,1630177,Theo Maledon,1610612760,OKC,65,20,45,1778,69,203,0.34,207,69,200,0.345,0.51
2020-21,1629033,Theo Pinson,1610612752,NYK,17,9,8,34,0,6,0,0,0,6,0,0
2020-21,1628418,Thomas Bryant,1610612764,WAS,10,2,8,271,10,30,0.333,29,9,21,0.429,0.483
2020-21,1627748,Thon Maker,1610612739,CLE,8,3,5,76,0,1,0,0,0,1,0,0
2020-21,204025,Tim Frazier,1610612763,MEM,5,5,0,62,0,4,0,0,0,4,0,0
2020-21,203501,Tim Hardaway Jr.,1610612742,DAL,70,42,28,1985,154,378,0.407,459,151,369,0.409,0.607
2020-21,1627789,Timothe Luwawu-Cabarrot,1610612751,BKN,58,38,20,1050,73,225,0.324,218,72,221,0.326,0.484
2020-21,202699,Tobias Harris,1610612755,PHI,62,44,18,2014,68,160,0.425,200,64,148,0.432,0.625
2020-21,203107,Tomas Satoransky,1610612741,CHI,58,25,33,1307,39,105,0.371,117,39,102,0.382,0.557
2020-21,1628396,Tony Bradley,1610612760,OKC,42,15,27,684,5,17,0.294,10,0,3,0,0.294
2020-21,203503,Tony Snell,1610612737,ATL,47,29,18,992,63,110,0.573,187,61,103,0.592,0.85
2020-21,1628470,Torrey Craig,1610612756,PHX,50,33,17,803,34,96,0.354,100,32,93,0.344,0.521
2020-21,1629027,Trae Young,1610612737,ATL,63,36,27,2125,31,85,0.365,93,31,83,0.373,0.547
2020-21,1630200,Tre Jones,1610612759,SAS,37,15,22,269,1,3,0.333,3,1,3,0.333,0.5
2020-21,1629682,Tremont Waters,1610612738,BOS,26,13,13,238,4,13,0.308,12,4,12,0.333,0.462
2020-21,1630235,Trent Forrest,1610612762,UTA,30,22,8,302,5,22,0.227,15,5,22,0.227,0.341
2020-21,2772,Trevor Ariza,1610612748,MIA,30,17,13,841,45,121,0.372,135,45,121,0.372,0.558
2020-21,203504,Trey Burke,1610612742,DAL,62,35,27,911,52,140,0.371,151,47,135,0.348,0.539
2020-21,1626168,Trey Lyles,1610612759,SAS,23,10,13,358,13,35,0.371,39,13,33,0.394,0.557
2020-21,202684,Tristan Thompson,1610612738,BOS,54,27,27,1287,1,3,0.333,2,0,1,0,0.333
2020-21,1628972,Troy Brown Jr.,1610612741,CHI,34,10,24,523,19,67,0.284,57,19,61,0.311,0.425
2020-21,1629660,Ty Jerome,1610612760,OKC,33,7,26,788,49,118,0.415,145,47,114,0.412,0.614
2020-21,1630234,Ty-Shon Alexander,1610612756,PHX,15,11,4,47,1,7,0.143,3,1,7,0.143,0.214
2020-21,1630189,Tyler Bey,1610612742,DAL,18,11,7,71,0,3,0,0,0,2,0,0
2020-21,1629076,Tyler Cook,1610612765,DET,32,11,21,437,1,2,0.5,3,1,2,0.5,0.75
2020-21,1629639,Tyler Herro,1610612748,MIA,54,29,25,1635,63,159,0.396,185,59,149,0.396,0.582
2020-21,204020,Tyler Johnson,1610612751,BKN,39,29,10,684,45,121,0.372,132,42,117,0.359,0.545
2020-21,1630179,Tyrell Terry,1610612742,DAL,11,2,9,56,0,3,0,0,0,3,0,0
2020-21,1630169,Tyrese Haliburton,1610612758,SAC,58,25,33,1746,73,169,0.432,217,71,162,0.438,0.642
2020-21,1630178,Tyrese Maxey,1610612755,PHI,61,41,20,936,22,69,0.319,65,21,65,0.323,0.471
2020-21,1626145,Tyus Jones,1610612763,MEM,70,36,34,1223,38,113,0.336,111,35,106,0.33,0.491
2020-21,1628962,Udoka Azubuike,1610612762,UTA,15,13,2,57,0,0,,0,,,,
2020-21,2617,Udonis Haslem,1610612748,MIA,1,1,0,3,1,1,1,2,,,,1
2020-21,1630176,Vernon Carey Jr.,1610612766,CHA,19,9,10,115,4,11,0.364,9,1,7,0.143,0.409
2020-21,203506,Victor Oladipo,1610612748,MIA,33,13,20,1080,47,126,0.373,139,45,120,0.375,0.552
2020-21,1629738,Vincent Poirier,1610612755,PHI,10,8,2,39,1,3,0.333,2,0,1,0,0.333
2020-21,1628427,Vlatko Cancar,1610612743,DEN,41,28,13,281,9,30,0.3,27,9,29,0.31,0.45
2020-21,201961,Wayne Ellington,1610612765,DET,46,13,33,1012,69,181,0.381,205,67,176,0.381,0.566
2020-21,1628976,Wendell Carter Jr.,1610612753,ORL,54,21,33,1375,53,136,0.39,121,15,51,0.294,0.445
2020-21,1629117,Wenyen Gabriel,1610612740,NOP,21,9,12,241,13,30,0.433,39,13,30,0.433,0.65
2020-21,1628411,Wes Iwundu,1610612740,NOP,41,17,24,539,5,39,0.128,15,5,38,0.132,0.192
2020-21,202083,Wesley Matthews,1610612747,LAL,58,33,25,1130,58,168,0.345,174,58,167,0.347,0.518
2020-21,203115,Will Barton,1610612743,DEN,56,37,19,1736,65,166,0.392,193,63,161,0.391,0.581
2020-21,1630266,Will Magnay,1610612740,NOP,1,1,0,3,0,1,0,0,0,1,0,0
2020-21,1626161,Willie Cauley-Stein,1610612742,DAL,53,29,24,906,5,18,0.278,11,1,11,0.091,0.306
2020-21,1626195,Willy Hernangomez,1610612740,NOP,47,20,27,846,5,17,0.294,11,1,8,0.125,0.324
2020-21,1630214,Xavier Tillman,1610612763,MEM,59,31,28,1085,40,97,0.412,102,22,63,0.349,0.526
2020-21,1627812,Yogi Ferrell,1610612746,LAC,10,4,6,137,7,14,0.5,20,6,11,0.545,0.714
2020-21,1629139,Yuta Watanabe,1610612761,TOR,50,24,26,723,36,87,0.414,106,34,85,0.4,0.609
2020-21,203897,Zach LaVine,1610612741,CHI,58,26,32,2034,77,165,0.467,226,72,148,0.486,0.685
2020-21,1630192,Zeke Nnaji,1610612743,DEN,42,30,12,397,26,64,0.406,75,23,58,0.397,0.586
2020-21,1629627,Zion Williamson,1610612740,NOP,61,29,32,2026,10,28,0.357,29,9,24,0.375,0.518
2021-22,203932,Aaron Gordon,1610612743,DEN,75,46,29,2375,81,219,0.37,233,71,197,0.36,0.532
2021-22,1630565,Aaron Henry,1610612755,PHI,6,6,0,17,0,0,,0,0,0,,
2021-22,1628988,Aaron Holiday,1610612756,PHX,63,34,29,1021,26,75,0.347,78,26,74,0.351,0.52
2021-22,1630174,Aaron Nesmith,1610612738,BOS,52,32,20,574,30,103,0.291,88,28,98,0.286,0.427
2021-22,1630598,Aaron Wiggins,1610612760,OKC,50,13,37,1209,39,126,0.31,117,39,126,0.31,0.464
2021-22,1627846,Abdel Nader,1610612756,PHX,14,11,3,145,4,11,0.364,12,4,11,0.364,0.545
2021-22,1630278,Ade Murkey,1610612758,SAC,1,0,1,1,0,0,,0,,,,
2021-22,1629678,Admiral Schofield,1610612753,ORL,38,10,28,469,25,73,0.342,74,24,71,0.338,0.507
2021-22,1629958,Ahmad Caver,1610612754,IND,1,0,1,1,0,0,,0,,,,
2021-22,201143,Al Horford,1610612738,BOS,69,46,23,2005,102,286,0.357,285,81,247,0.328,0.498
2021-22,202692,Alec Burks,1610612752,NYK,81,37,44,2318,106,253,0.419,312,100,239,0.418,0.617
2021-22,1630758,Aleem Ford,1610612753,ORL,5,2,3,74,2,15,0.133,6,2,15,0.133,0.2
2021-22,1630197,Aleksej Pokusevski,1610612760,OKC,61,19,42,1233,54,178,0.303,160,52,168,0.31,0.449
2021-22,1627936,Alex Caruso,1610612741,CHI,41,24,17,1147,37,107,0.346,111,37,104,0.356,0.519
2021-22,203458,Alex Len,1610612758,SAC,39,17,22,620,13,38,0.342,32,6,21,0.286,0.421
2021-22,1628035,Alfonzo McKinnie,1610612741,CHI,17,8,9,206,9,26,0.346,27,9,25,0.36,0.519
2021-22,1628993,Alize Johnson,1610612740,NOP,23,14,9,167,1,4,0.25,2,0,3,0,0.25
2021-22,1630578,Alperen Sengun,1610612745,HOU,72,18,54,1489,31,104,0.298,88,26,94,0.277,0.423
2021-22,1629599,Amir Coffey,1610612746,LAC,69,33,36,1567,82,212,0.387,245,81,208,0.389,0.578
2021-22,203083,Andre Drummond,1610612751,BKN,73,42,31,1437,1,5,0.2,2,0,0,,0.2
2021-22,2738,Andre Iguodala,1610612744,GSW,31,20,11,603,15,60,0.25,45,15,59,0.254,0.375
2021-22,203952,Andrew Wiggins,1610612744,GSW,73,47,26,2330,134,325,0.412,396,128,312,0.41,0.609
2021-22,1629014,Anfernee Simons,1610612757,POR,57,25,32,1681,109,228,0.478,326,108,226,0.478,0.715
2021-22,203076,Anthony Davis,1610612747,LAL,40,17,23,1404,47,140,0.336,105,11,63,0.175,0.375
2021-22,1630162,Anthony Edwards,1610612750,MIN,72,39,33,2466,99,235,0.421,290,92,223,0.413,0.617
2021-22,1630264,Anthony Gill,1610612764,WAS,44,15,29,463,15,27,0.556,44,14,26,0.538,0.815
2021-22,1630237,Anthony Lamb,1610612745,HOU,2,0,2,8,0,2,0,0,0,2,0,0
2021-22,1629717,Armoni Brooks,1610612761,TOR,54,20,34,844,45,150,0.3,135,45,150,0.3,0.45
2021-22,1629083,Arnoldas Kulboka,1610612766,CHA,2,2,0,5,0,1,0,0,0,1,0,0
2021-22,1630559,Austin Reaves,1610612747,LAL,61,28,33,1418,49,136,0.36,145,47,132,0.356,0.533
2021-22,203085,Austin Rivers,1610612743,DEN,67,41,26,1480,60,162,0.37,180,60,162,0.37,0.556
2021-22,202340,Avery Bradley,1610612747,LAL,62,27,35,1406,77,189,0.407,223,69,179,0.385,0.59
2021-22,1630245,Ayo Dosunmu,1610612741,CHI,77,42,35,2110,72,185,0.389,212,68,177,0.384,0.573
2021-22,1629168,BJ Johnson,1610612753,ORL,4,2,2,65,6,12,0.5,16,4,9,0.444,0.667
2021-22,1628389,Bam Adebayo,1610612748,MIA,56,36,20,1825,26,67,0.388,52,0,2,0,0.388
2021-22,203463,Ben McLemore,1610612757,POR,64,20,44,1285,135,357,0.378,396,126,334,0.377,0.555
2021-22,202687,Bismack Biyombo,1610612756,PHX,36,30,6,506,1,8,0.125,2,,,,0.125
2021-22,201933,Blake Griffin,1610612751,BKN,56,29,27,958,31,121,0.256,93,31,118,0.263,0.384
2021-22,1626246,Boban Marjanovic,1610612742,DAL,23,15,8,128,5,13,0.385,11,1,4,0.25,0.423
2021-22,1626171,Bobby Portis Jr.,1610612749,MIL,72,46,26,2028,152,375,0.405,431,127,326,0.39,0.575
2021-22,203992,Bogdan Bogdanović,1610612737,ATL,63,33,30,1849,125,313,0.399,360,110,288,0.382,0.575
2021-22,202711,Bojan Bogdanovic,1610612762,UTA,69,45,24,2131,144,370,0.389,429,141,363,0.388,0.58
2021-22,1629626,Bol Bol,1610612753,ORL,14,5,9,81,1,4,0.25,3,1,4,0.25,0.375
2021-22,1630538,Bones Hyland,1610612743,DEN,69,41,28,1310,78,210,0.371,232,76,207,0.367,0.552
2021-22,202954,Brad Wanamaker,1610612764,WAS,23,10,13,320,4,8,0.5,12,4,8,0.5,0.75
2021-22,203078,Bradley Beal,1610612764,WAS,40,17,23,1439,35,119,0.294,102,32,108,0.296,0.429
2021-22,1630527,Brandon Boston Jr.,1610612746,LAC,51,26,25,760,17,53,0.321,51,17,52,0.327,0.481
2021-22,1629634,Brandon Clarke,1610612763,MEM,64,44,20,1246,19,49,0.388,43,5,22,0.227,0.439
2021-22,1629164,Brandon Goodwin,1610612739,CLE,36,19,17,502,11,31,0.355,33,11,31,0.355,0.532
2021-22,1627742,Brandon Ingram,1610612740,NOP,55,29,26,1869,109,264,0.413,280,62,171,0.363,0.53
2021-22,202688,Brandon Knight,1610612742,DAL,5,2,3,65,3,9,0.333,9,3,9,0.333,0.5
2021-22,1630314,Brandon Williams,1610612757,POR,24,2,22,640,23,63,0.365,67,21,61,0.344,0.532
2021-22,1630296,Braxton Key,1610612765,DET,11,5,6,197,5,18,0.278,15,5,17,0.294,0.417
2021-22,1630271,Brodric Thomas,1610612738,BOS,12,8,4,60,1,6,0.167,3,1,6,0.167,0.25
2021-22,201572,Brook Lopez,1610612749,MIL,13,10,3,298,18,52,0.346,53,17,46,0.37,0.51
2021-22,1628971,Bruce Brown,1610612751,BKN,72,37,35,1774,45,119,0.378,127,37,91,0.407,0.534
2021-22,1628981,Bruno Fernando,1610612745,HOU,30,15,15,153,1,3,0.333,3,1,2,0.5,0.5
2021-22,1627854,Bryn Forbes,1610612743,DEN,75,36,39,1286,112,269,0.416,325,101,243,0.416,0.604
2021-22,1627741,Buddy Hield,1610612754,IND,81,26,55,2499,184,470,0.391,546,178,455,0.391,0.581
2021-22,1629604,CJ Elleby,1610612757,POR,58,17,41,1174,39,125,0.312,114,36,117,0.308,0.456
2021-22,203468,CJ McCollum,1610612740,NOP,62,28,34,2145,98,225,0.436,286,90,209,0.431,0.636
2021-22,101139,CJ Miles,1610612738,BOS,1,1,0,2,0,0,,0,,,,
2021-22,1630595,Cade Cunningham,1610612765,DET,64,20,44,2088,77,240,0.321,226,72,223,0.323,0.471
2021-22,1628997,Caleb Martin,1610612748,MIA,60,37,23,1372,51,128,0.398,149,47,117,0.402,0.582
2021-22,1629629,Cam Reddish,1610612752,NYK,49,20,29,1012,52,139,0.374,155,51,131,0.389,0.558
2021-22,1630560,Cam Thomas,1610612751,BKN,67,32,35,1176,29,99,0.293,85,27,94,0.287,0.429
2021-22,1629661,Cameron Johnson,1610612756,PHX,66,50,16,1730,156,370,0.422,466,154,358,0.43,0.63
2021-22,1630787,Cameron McGriff,1610612757,POR,3,0,3,46,0,4,0,0,0,4,0,0
2021-22,1628419,Cameron Oliver,1610612737,ATL,2,1,1,43,1,3,0.333,3,1,3,0.333,0.5
2021-22,1626166,Cameron Payne,1610612756,PHX,58,46,12,1278,40,114,0.351,120,40,111,0.36,0.526
2021-22,1627747,Caris LeVert,1610612739,CLE,58,23,35,1780,44,110,0.4,131,43,106,0.406,0.595
2021-22,1630637,Carlik Jones,1610612743,DEN,5,3,2,23,0,1,0,0,0,1,0,0
2021-22,2546,Carmelo Anthony,1610612747,LAL,69,27,42,1793,144,377,0.382,417,129,344,0.375,0.553
2021-22,1629035,Carsen Edwards,1610612765,DET,4,1,3,79,1,6,0.167,3,1,6,0.167,0.25
2021-22,1630199,Cassius Stanley,1610612765,DET,9,3,6,155,4,15,0.267,12,4,15,0.267,0.4
2021-22,1630216,Cassius Winston,1610612764,WAS,7,1,6,39,2,4,0.5,6,2,4,0.5,0.75
2021-22,1627760,Cat Barber,1610612737,ATL,3,0,3,13,0,0,,0,,,,
2021-22,1626224,Cedi Osman,1610612739,CLE,66,37,29,1462,98,282,0.348,294,98,281,0.349,0.521
2021-22,1628990,Chandler Hutchison,1610612756,PHX,6,4,2,22,0,0,,0,,,,
2021-22,1629646,Charles Bassey,1610612755,PHI,23,11,12,168,2,7,0.286,4,0,3,0,0.286
2021-22,1629718,Charlie Brown Jr.,1610612755,PHI,22,16,6,178,1,12,0.083,3,1,11,0.091,0.125
2021-22,1630602,Chaundee Brown Jr.,1610612737,ATL,5,1,4,104,5,16,0.313,15,5,16,0.313,0.469
2021-22,1627767,Cheick Diallo,1610612765,DET,3,0,3,31,0,0,,0,,,,
2021-22,1629002,Chimezie Metu,1610612758,SAC,60,23,37,1279,55,173,0.318,162,52,165,0.315,0.468
2021-22,1628449,Chris Boucher,1610612761,TOR,80,48,32,1690,71,229,0.31,208,66,217,0.304,0.454
2021-22,1629185,Chris Chiozza,1610612744,GSW,34,21,13,372,13,36,0.361,39,13,36,0.361,0.542
2021-22,1630537,Chris Duarte,1610612754,IND,55,21,34,1541,62,155,0.4,181,57,141,0.404,0.584
2021-22,101108,Chris Paul,1610612756,PHX,65,53,12,2139,22,55,0.4,62,18,51,0.353,0.564
2021-22,1629735,Chris Silva,1610612748,MIA,10,7,3,91,0,1,0,0,,,,0
2021-22,1626174,Christian Wood,1610612745,HOU,68,19,49,2094,97,254,0.382,290,96,242,0.397,0.571
2021-22,1629643,Chuma Okeke,1610612753,ORL,70,21,49,1749,102,312,0.327,306,102,308,0.331,0.49
2021-22,203991,Clint Capela,1610612737,ATL,74,40,34,2042,0,1,0,0,0,1,0,0
2021-22,1629632,Coby White,1610612741,CHI,61,32,29,1675,114,282,0.404,341,113,278,0.406,0.605
2021-22,1628998,Cody Martin,1610612766,CHA,71,41,30,1866,54,148,0.365,160,52,141,0.369,0.541
2021-22,203469,Cody Zeller,1610612757,POR,27,13,14,355,4,7,0.571,8,0,2,0,0.571
2021-22,1630175,Cole Anthony,1610612753,ORL,65,18,47,2059,82,230,0.357,246,82,226,0.363,0.535
2021-22,1629012,Collin Sexton,1610612739,CLE,11,7,4,316,7,31,0.226,21,7,30,0.233,0.339
2021-22,1630557,Corey Kispert,1610612764,WAS,77,31,46,1801,107,302,0.354,320,106,298,0.356,0.53
2021-22,202709,Cory Joseph,1610612765,DET,65,19,46,1600,55,124,0.444,164,54,122,0.443,0.661
2021-22,1628591,Craig Sword,1610612764,WAS,3,1,2,19,0,1,0,0,0,1,0,0
2021-22,1626156,D'Angelo Russell,1610612750,MIN,65,39,26,2077,95,268,0.354,279,89,259,0.344,0.521
2021-22,201571,D.J. Augustin,1610612747,LAL,55,15,40,883,50,102,0.49,149,49,101,0.485,0.73
2021-22,1628391,D.J. Wilson,1610612761,TOR,4,2,2,54,0,1,0,0,0,1,0,0
2021-22,1629610,DaQuan Jeffries,1610612763,MEM,3,3,0,9,0,1,0,0,0,1,0,0
2021-22,1630227,Daishen Nix,1610612745,HOU,24,3,21,261,4,14,0.286,12,4,14,0.286,0.429
2021-22,1629751,Dakota Mathias,1610612763,MEM,6,5,1,16,0,3,0,0,0,3,0,0
2021-22,1630625,Dalano Banton,1610612761,TOR,64,37,27,696,8,40,0.2,24,8,38,0.211,0.3
2021-22,1627745,Damian Jones,1610612758,SAC,56,19,37,1017,28,58,0.483,65,9,26,0.346,0.56
2021-22,203081,Damian Lillard,1610612757,POR,29,12,17,1056,28,81,0.346,83,27,74,0.365,0.512
2021-22,1627814,Damion Lee,1610612744,GSW,63,41,22,1257,58,176,0.33,170,54,164,0.329,0.483
2021-22,1628422,Damyean Dotson,1610612752,NYK,2,1,1,21,0,1,0,0,0,1,0,0
2021-22,1629655,Daniel Gafford,1610612764,WAS,72,30,42,1444,1,12,0.083,2,0,1,0,0.083
2021-22,1630187,Daniel Oturu,1610612761,TOR,3,1,2,27,0,1,0,0,0,1,0,0
2021-22,1628464,Daniel Theis,1610612738,BOS,47,20,27,977,45,139,0.324,122,32,104,0.308,0.439
2021-22,201568,Danilo Gallinari,1610612737,ATL,66,35,31,1672,108,258,0.419,315,99,236,0.419,0.61
2021-22,201980,Danny Green,1610612755,PHI,62,37,25,1353,95,231,0.411,284,94,227,0.414,0.615
2021-22,1627863,Danuel House Jr.,1610612762,UTA,42,18,24,727,38,98,0.388,114,38,97,0.392,0.582
2021-22,1629647,Darius Bazley,1610612760,OKC,69,19,50,1924,73,235,0.311,217,71,229,0.31,0.462
2021-22,1629636,Darius Garland,1610612739,CLE,68,37,31,2430,81,211,0.384,229,67,189,0.354,0.543
2021-22,201954,Darren Collison,1610612747,LAL,3,1,2,37,0,3,0,0,0,3,0,0
2021-22,1630561,David Duke Jr.,1610612751,BKN,22,10,12,341,9,31,0.29,27,9,31,0.29,0.435
2021-22,1630525,David Johnson,1610612761,TOR,2,2,0,2,0,1,0,0,0,1,0,0
2021-22,1628021,David Nwaba,1610612745,HOU,46,6,40,609,13,46,0.283,39,13,46,0.283,0.424
2021-22,1630558,Davion Mitchell,1610612758,SAC,75,28,47,2076,57,175,0.326,171,57,174,0.328,0.489
2021-22,202722,Davis Bertans,1610612742,DAL,56,32,24,806,72,212,0.34,213,69,207,0.333,0.502
2021-22,1628432,Davon Reed,1610612743,DEN,48,29,19,668,31,70,0.443,93,31,68,0.456,0.664
2021-22,1630549,Day'Ron Sharpe,1610612751,BKN,32,12,20,391,3,9,0.333,8,2,7,0.286,0.444
2021-22,1628368,De'Aaron Fox,1610612758,SAC,59,22,37,2083,32,94,0.34,95,31,88,0.352,0.505
2021-22,1629631,De'Andre Hunter,1610612737,ATL,53,28,25,1577,77,200,0.385,220,66,173,0.382,0.55
2021-22,1629001,De'Anthony Melton,1610612763,MEM,73,49,24,1657,110,270,0.407,326,106,261,0.406,0.604
2021-22,201599,DeAndre Jordan,1610612755,PHI,48,26,22,622,0,1,0,0,,,,0
2021-22,1627761,DeAndre' Bembry,1610612749,MIL,56,31,25,1026,15,40,0.375,44,14,35,0.4,0.55
2021-22,1630610,DeJon Jarreau,1610612754,IND,1,0,1,1,0,0,,0,,,,
2021-22,201942,DeMar DeRozan,1610612741,CHI,76,43,33,2743,72,189,0.381,187,43,119,0.361,0.495
2021-22,202326,DeMarcus Cousins,1610612743,DEN,48,33,15,717,36,122,0.295,107,35,115,0.304,0.439
2021-22,1629731,Dean Wade,1610612739,CLE,51,27,24,980,52,141,0.369,154,50,138,0.362,0.546
2021-22,1629028,Deandre Ayton,1610612756,PHX,58,46,12,1713,80,149,0.537,166,6,16,0.375,0.557
2021-22,1629686,Deividas Sirvydis,1610612765,DET,3,1,2,27,1,6,0.167,3,1,6,0.167,0.25
2021-22,1627749,Dejounte Murray,1610612759,SAS,68,30,38,2366,63,178,0.354,185,59,171,0.345,0.52
2021-22,1626153,Delon Wright,1610612737,ATL,77,42,35,1453,32,84,0.381,94,30,79,0.38,0.56
2021-22,1630166,Deni Avdija,1610612764,WAS,82,35,47,1984,77,241,0.32,227,73,230,0.317,0.471
2021-22,203471,Dennis Schröder,1610612745,HOU,64,32,32,1837,62,185,0.335,183,59,173,0.341,0.495
2021-22,1628372,Dennis Smith Jr.,1610612757,POR,37,15,22,639,3,15,0.2,9,3,15,0.2,0.3
2021-22,1627756,Denzel Valentine,1610612762,UTA,24,14,10,222,18,39,0.462,54,18,39,0.462,0.692
2021-22,202324,Derrick Favors,1610612760,OKC,39,15,24,652,36,83,0.434,74,2,16,0.125,0.446
2021-22,1627884,Derrick Jones Jr.,1610612741,CHI,51,28,23,899,20,60,0.333,59,19,59,0.322,0.492
2021-22,201565,Derrick Rose,1610612752,NYK,26,11,15,636,23,54,0.426,69,23,54,0.426,0.639
2021-22,1628476,Derrick Walton Jr.,1610612765,DET,3,1,2,108,3,10,0.3,9,3,10,0.3,0.45
2021-22,1628401,Derrick White,1610612738,BOS,75,40,35,2199,91,286,0.318,271,89,280,0.318,0.474
2021-22,1630217,Desmond Bane,1610612763,MEM,76,53,23,2266,137,314,0.436,402,128,291,0.44,0.64
2021-22,1626164,Devin Booker,1610612756,PHX,68,56,12,2345,108,248,0.435,305,89,204,0.436,0.615
2021-22,1629962,Devin Cannady,1610612753,ORL,5,2,3,145,14,34,0.412,42,14,33,0.424,0.618
2021-22,1630170,Devin Vassell,1610612759,SAS,71,29,42,1937,137,357,0.384,402,128,338,0.379,0.563
2021-22,1629653,Devon Dotson,1610612741,CHI,11,5,6,85,2,9,0.222,6,2,9,0.222,0.333
2021-22,1629719,Devontae Cacok,1610612759,SAS,15,5,10,121,0,0,,0,,,,
2021-22,1628984,Devonte' Graham,1610612740,NOP,76,34,42,2162,136,347,0.392,406,134,337,0.398,0.585
2021-22,203473,Dewayne Dedmon,1610612748,MIA,67,43,24,1065,27,69,0.391,72,18,44,0.409,0.522
2021-22,1629712,Didi Louzada,1610612757,POR,9,0,9,129,8,19,0.421,23,7,18,0.389,0.605
2021-22,1628415,Dillon Brooks,1610612763,MEM,32,22,10,885,30,85,0.353,86,26,77,0.338,0.506
2021-22,1627734,Domantas Sabonis,1610612758,SAC,62,21,41,2136,49,142,0.345,135,37,114,0.325,0.475
2021-22,1628378,Donovan Mitchell,1610612762,UTA,67,41,26,2266,84,241,0.349,250,82,237,0.346,0.519
2021-22,1628978,Donte DiVincenzo,1610612758,SAC,42,21,21,1005,59,164,0.36,177,59,163,0.362,0.54
2021-22,1627827,Dorian Finney-Smith,1610612742,DAL,80,51,29,2644,165,413,0.4,493,163,406,0.401,0.597
2021-22,203926,Doug McDermott,1610612759,SAS,51,21,30,1223,93,225,0.413,274,88,211,0.417,0.609
2021-22,203110,Draymond Green,1610612744,GSW,46,34,12,1329,21,62,0.339,58,16,51,0.314,0.468
2021-22,1629234,Drew Eubanks,1610612757,POR,71,19,52,1245,21,54,0.389,47,5,23,0.217,0.435
2021-22,1630613,Duane Washington Jr.,1610612754,IND,48,12,36,968,65,160,0.406,195,65,157,0.414,0.609
2021-22,1629130,Duncan Robinson,1610612748,MIA,79,52,27,2043,167,479,0.349,499,165,475,0.347,0.521
2021-22,2730,Dwight Howard,1610612747,LAL,60,21,39,971,8,20,0.4,23,7,12,0.583,0.575
2021-22,203939,Dwight Powell,1610612742,DAL,82,52,30,1798,13,44,0.295,38,12,32,0.375,0.432
2021-22,1629685,Dylan Windler,1610612739,CLE,50,28,22,459,21,66,0.318,62,20,65,0.308,0.47
2021-22,202334,Ed Davis,1610612739,CLE,31,15,16,201,0,0,,0,,,,
2021-22,203901,Elfrid Payton,1610612756,PHX,50,39,11,549,3,17,0.176,9,3,15,0.2,0.265
2021-22,1630190,Elijah Hughes,1610612757,POR,36,15,21,434,16,76,0.211,48,16,75,0.213,0.316
2021-22,1629150,Emanuel Terry,1610612756,PHX,3,2,1,18,0,0,,0,,,,
2021-22,1626144,Emmanuel Mudiay,1610612758,SAC,2,0,2,11,0,0,,0,,,,
2021-22,202683,Enes Freedom,1610612738,BOS,35,20,15,411,3,6,0.5,7,1,3,0.333,0.583
2021-22,202339,Eric Bledsoe,1610612757,POR,54,27,27,1361,40,104,0.385,119,39,101,0.386,0.572
2021-22,201569,Eric Gordon,1610612745,HOU,57,19,38,1670,80,188,0.426,240,80,187,0.428,0.638
2021-22,1629672,Eric Paschall,1610612762,UTA,58,36,22,737,42,109,0.385,123,39,105,0.371,0.564
2021-22,1630647,Eugene Omoruyi,1610612742,DAL,4,1,3,18,1,2,0.5,3,1,2,0.5,0.75
2021-22,203095,Evan Fournier,1610612752,NYK,80,36,44,2358,160,399,0.401,473,153,383,0.399,0.593
2021-22,1630596,Evan Mobley,1610612739,CLE,69,40,29,2331,39,131,0.298,99,21,81,0.259,0.378
2021-22,1630267,Facundo Campazzo,1610612743,DEN,65,38,27,1184,41,128,0.32,123,41,128,0.32,0.48
2021-22,1630624,Feron Hunt,1610612752,NYK,2,2,0,8,0,0,,0,,,,
2021-22,1628402,Frank Jackson,1610612765,DET,53,9,44,1164,72,219,0.329,214,70,215,0.326,0.489
2021-22,1626163,Frank Kaminsky,1610612756,PHX,9,8,1,181,6,18,0.333,17,5,15,0.333,0.472
2021-22,1628373,Frank Ntilikina,1610612742,DAL,58,34,24,685,39,99,0.394,110,32,88,0.364,0.556
2021-22,1630532,Franz Wagner,1610612753,ORL,79,21,58,2429,63,172,0.366,187,61,162,0.377,0.544
2021-22,1627832,Fred VanVleet,1610612761,TOR,65,39,26,2462,133,307,0.433,396,130,300,0.433,0.645
2021-22,1630273,Freddie Gillespie,1610612753,ORL,9,1,8,119,1,3,0.333,2,0,1,0,0.333
2021-22,1627788,Furkan Korkmaz,1610612755,PHI,67,44,23,1414,57,186,0.306,169,55,181,0.304,0.454
2021-22,1629216,Gabe Vincent,1610612748,MIA,68,47,21,1589,78,201,0.388,232,76,197,0.386,0.577
2021-22,1628221,Gabe York,1610612754,IND,2,0,2,21,1,5,0.2,3,1,5,0.2,0.3
2021-22,1630466,Gabriel Deck,1610612760,OKC,7,2,5,56,2,5,0.4,6,2,4,0.5,0.6
2021-22,1630994,Gabriel Lundberg,1610612756,PHX,4,1,3,44,2,5,0.4,6,2,4,0.5,0.6
2021-22,202066,Garrett Temple,1610612740,NOP,59,23,36,1098,56,162,0.346,165,53,156,0.34,0.509
2021-22,1629726,Garrison Mathews,1610612745,HOU,65,19,46,1712,122,330,0.37,364,120,326,0.368,0.552
2021-22,1629109,Gary Clark,1610612740,NOP,38,20,18,378,21,57,0.368,63,21,57,0.368,0.553
2021-22,203914,Gary Harris,1610612753,ORL,61,16,45,1730,106,252,0.421,312,100,242,0.413,0.619
2021-22,1627780,Gary Payton II,1610612744,GSW,71,47,24,1248,43,115,0.374,129,43,114,0.377,0.561
2021-22,1629018,Gary Trent Jr.,1610612761,TOR,70,44,26,2448,135,331,0.408,404,134,326,0.411,0.61
2021-22,201588,George Hill,1610612749,MIL,54,36,18,1253,39,106,0.368,115,37,104,0.356,0.542
2021-22,1628994,George King,1610612742,DAL,4,2,2,19,0,4,0,0,0,4,0,0
2021-22,1627777,Georges Niang,1610612755,PHI,76,48,28,1736,149,373,0.399,446,148,369,0.401,0.598
2021-22,1630686,Georgios Kalaitzakis,1610612760,OKC,13,8,5,213,8,24,0.333,24,8,22,0.364,0.5
2021-22,203507,Giannis Antetokounmpo,1610612749,MIL,67,45,22,2204,22,64,0.344,63,19,55,0.345,0.492
2021-22,1629048,Goga Bitadze,1610612754,IND,50,17,33,729,24,82,0.293,71,23,74,0.311,0.433
2021-22,201609,Goran Dragic,1610612751,BKN,21,10,11,497,14,48,0.292,42,14,48,0.292,0.438
2021-22,202330,Gordon Hayward,1610612766,CHA,49,26,23,1564,79,200,0.395,222,64,171,0.374,0.555
2021-22,203476,Gorgui Dieng,1610612737,ATL,44,23,21,371,24,63,0.381,68,20,54,0.37,0.54
2021-22,1629684,Grant Williams,1610612738,BOS,77,49,28,1875,100,241,0.415,298,98,235,0.417,0.618
2021-22,1628960,Grayson Allen,1610612749,MIL,66,43,23,1805,123,308,0.399,369,123,307,0.401,0.599
2021-22,1630535,Greg Brown III,1610612757,POR,48,14,34,640,18,61,0.295,53,17,56,0.304,0.434
2021-22,202328,Greg Monroe,1610612750,MIN,14,7,7,195,0,0,,0,,,,
2021-22,1628977,Hamidou Diallo,1610612765,DET,58,14,44,1269,24,95,0.253,67,19,79,0.241,0.353
2021-22,203084,Harrison Barnes,1610612758,SAC,77,27,50,2587,114,271,0.421,342,114,269,0.424,0.631
2021-22,202355,Hassan Whiteside,1610612762,UTA,65,40,25,1162,6,15,0.4,12,,,,0.4
2021-22,1629755,Hassani Gravett,1610612753,ORL,8,2,6,171,9,16,0.563,27,9,15,0.6,0.844
2021-22,1629312,Haywood Highsmith,1610612748,MIA,19,13,6,163,11,27,0.407,31,9,24,0.375,0.574
2021-22,1630529,Herbert Jones,1610612740,NOP,78,36,42,2335,72,200,0.36,201,57,162,0.352,0.503
2021-22,1629649,Ignas Brazdeikis,1610612753,ORL,42,9,33,536,23,72,0.319,69,23,72,0.319,0.479
2021-22,1630193,Immanuel Quickley,1610612752,NYK,78,35,43,1802,43,134,0.321,129,43,132,0.326,0.481
2021-22,1629067,Isaac Bonga,1610612761,TOR,15,9,6,69,1,5,0.2,3,1,4,0.25,0.3
2021-22,1630171,Isaac Okoro,1610612739,CLE,67,34,33,1981,53,144,0.368,159,53,144,0.368,0.552
2021-22,1628392,Isaiah Hartenstein,1610612746,LAC,68,37,31,1216,34,59,0.576,79,11,22,0.5,0.669
2021-22,1630543,Isaiah Jackson,1610612754,IND,36,9,27,541,7,20,0.35,18,4,14,0.286,0.45
2021-22,1630198,Isaiah Joe,1610612755,PHI,55,35,20,609,43,118,0.364,129,43,118,0.364,0.547
2021-22,1630587,Isaiah Livers,1610612765,DET,19,8,11,383,26,61,0.426,78,26,61,0.426,0.639
2021-22,1629676,Isaiah Roby,1610612760,OKC,45,10,35,948,35,92,0.38,102,32,81,0.395,0.554
2021-22,1630191,Isaiah Stewart,1610612765,DET,71,21,50,1816,22,67,0.328,57,13,43,0.302,0.425
2021-22,202738,Isaiah Thomas,1610612766,CHA,22,12,10,333,18,52,0.346,52,16,49,0.327,0.5
2021-22,1630225,Isaiah Todd,1610612764,WAS,12,1,11,74,5,17,0.294,14,4,16,0.25,0.412
2021-22,202397,Ish Smith,1610612764,WAS,65,27,38,1126,13,29,0.448,39,13,25,0.52,0.672
2021-22,1630688,Ish Wainright,1610612756,PHX,45,36,9,359,19,62,0.306,57,19,58,0.328,0.46
2021-22,1627826,Ivica Zubac,1610612746,LAC,76,40,36,1852,6,16,0.375,12,,,,0.375
2021-22,1630550,JT Thor,1610612766,CHA,33,18,15,262,8,26,0.308,23,7,24,0.292,0.442
2021-22,1629630,Ja Morant,1610612763,MEM,57,36,21,1889,38,112,0.339,113,37,110,0.336,0.504
2021-22,203210,JaMychal Green,1610612743,DEN,67,36,31,1085,43,139,0.309,119,33,121,0.273,0.428
2021-22,1630605,JaQuori McLaughlin,1610612742,DAL,4,2,2,11,0,0,,0,0,0,,
2021-22,201580,JaVale McGee,1610612756,PHX,74,57,17,1172,6,23,0.261,13,1,6,0.167,0.283
2021-22,203953,Jabari Parker,1610612738,BOS,12,4,8,112,7,15,0.467,21,7,14,0.5,0.7
2021-22,1630183,Jaden McDaniels,1610612750,MIN,70,40,30,1803,76,242,0.314,226,74,235,0.315,0.467
2021-22,1630531,Jaden Springer,1610612755,PHI,2,2,0,6,0,0,,0,,,,
2021-22,203109,Jae Crowder,1610612756,PHX,67,54,13,1886,129,346,0.373,370,112,309,0.362,0.535
2021-22,1630256,Jae'Sean Tate,1610612745,HOU,78,19,59,2056,56,181,0.309,166,54,177,0.305,0.459
2021-22,1630186,Jahmi'us Ramsey,1610612758,SAC,19,2,17,134,5,17,0.294,14,4,16,0.25,0.412
2021-22,1630693,Jaime Echenique,1610612764,WAS,1,1,0,3,0,0,,0,,,,
2021-22,1627774,Jake Layman,1610612750,MIN,34,20,14,231,8,33,0.242,24,8,31,0.258,0.364
2021-22,1627751,Jakob Poeltl,1610612759,SAS,68,30,38,1970,46,88,0.523,92,0,0,,0.523
2021-22,1628973,Jalen Brunson,1610612742,DAL,79,50,29,2524,74,178,0.416,217,69,172,0.401,0.61
2021-22,1630224,Jalen Green,1610612745,HOU,67,12,55,2138,89,253,0.352,267,89,253,0.352,0.528
2021-22,1630552,Jalen Johnson,1610612737,ATL,22,14,8,120,3,12,0.25,9,3,12,0.25,0.375
2021-22,1629667,Jalen McDaniels,1610612766,CHA,55,34,21,895,40,108,0.37,119,39,102,0.382,0.551
2021-22,1630188,Jalen Smith,1610612754,IND,51,29,22,924,51,141,0.362,141,39,118,0.331,0.5
2021-22,1630591,Jalen Suggs,1610612753,ORL,48,16,32,1307,25,110,0.227,74,24,108,0.222,0.336
2021-22,1630547,James Bouknight,1610612766,CHA,31,15,16,304,9,27,0.333,27,9,26,0.346,0.5
2021-22,203516,James Ennis III,1610612743,DEN,7,3,4,56,3,8,0.375,9,3,8,0.375,0.563
2021-22,201935,James Harden,1610612755,PHI,65,40,25,2420,22,65,0.338,66,22,65,0.338,0.508
2021-22,201949,James Johnson,1610612751,BKN,62,30,32,1191,20,69,0.29,60,20,67,0.299,0.435
2021-22,1630691,Jamorko Pickett,1610612765,DET,13,4,9,176,11,34,0.324,33,11,34,0.324,0.485
2021-22,1630215,Jared Butler,1610612762,UTA,42,31,11,360,13,34,0.382,37,11,32,0.344,0.544
2021-22,1629607,Jared Harper,1610612740,NOP,5,2,3,43,3,8,0.375,9,3,8,0.375,0.563
2021-22,1628991,Jaren Jackson Jr.,1610612763,MEM,78,53,25,2126,134,395,0.339,389,121,370,0.327,0.492
2021-22,1629020,Jarred Vanderbilt,1610612750,MIN,74,41,33,1881,2,17,0.118,6,2,13,0.154,0.176
2021-22,1628386,Jarrett Allen,1610612739,CLE,56,35,21,1810,14,37,0.378,28,0,8,0,0.378
2021-22,1629633,Jarrett Culver,1610612763,MEM,37,28,9,338,8,30,0.267,24,8,30,0.267,0.4
2021-22,1629600,Jarron Cumberland,1610612757,POR,3,0,3,12,0,1,0,0,0,1,0,0
2021-22,1629602,Javin DeLaurier,1610612749,MIL,1,1,0,3,0,0,,0,,,,
2021-22,1629750,Javonte Green,1610612741,CHI,65,38,27,1519,35,104,0.337,105,35,99,0.354,0.505
2021-22,1630606,Javonte Smart,1610612748,MIA,17,11,6,200,6,17,0.353,18,6,17,0.353,0.529
2021-22,1629637,Jaxson Hayes,1610612740,NOP,70,29,41,1398,24,69,0.348,67,19,50,0.38,0.486
2021-22,1630643,Jay Huff,1610612747,LAL,4,0,4,20,0,2,0,0,0,2,0,0
2021-22,1630206,Jay Scrubb,1610612746,LAC,18,8,10,121,4,17,0.235,12,4,16,0.25,0.353
2021-22,1627759,Jaylen Brown,1610612738,BOS,66,43,23,2220,122,316,0.386,349,105,286,0.367,0.552
2021-22,1629658,Jaylen Hoard,1610612760,OKC,7,2,5,240,7,20,0.35,21,7,19,0.368,0.525
2021-22,1628537,Jaylen Morris,1610612759,SAS,3,0,3,16,0,1,0,0,0,1,0,0
2021-22,1629669,Jaylen Nowell,1610612750,MIN,62,37,25,975,45,117,0.385,133,43,113,0.381,0.568
2021-22,1629873,Jaysean Paige,1610612765,DET,1,1,0,7,0,2,0,0,0,2,0,0
2021-22,1628369,Jayson Tatum,1610612738,BOS,76,49,27,2731,109,285,0.382,311,93,245,0.38,0.546
2021-22,1630288,Jeff Dowtin Jr.,1610612753,ORL,9,4,5,108,1,8,0.125,3,1,7,0.143,0.188
2021-22,201145,Jeff Green,1610612743,DEN,75,44,31,1849,55,170,0.324,160,50,157,0.318,0.471
2021-22,1629203,Jemerrio Jones,1610612747,LAL,2,0,2,15,0,0,,0,,,,
2021-22,203924,Jerami Grant,1610612765,DET,47,11,36,1500,96,257,0.374,276,84,232,0.362,0.537
2021-22,1630526,Jeremiah Robinson-Earl,1610612760,OKC,49,15,34,1087,64,190,0.337,186,58,162,0.358,0.489
2021-22,203087,Jeremy Lamb,1610612758,SAC,56,23,33,935,39,113,0.345,114,36,109,0.33,0.504
2021-22,1630579,Jericho Sims,1610612752,NYK,41,19,22,555,0,1,0,0,,,,0
2021-22,1628975,Jevon Carter,1610612749,MIL,66,39,27,905,43,119,0.361,127,41,114,0.36,0.534
2021-22,202710,Jimmy Butler III,1610612748,MIA,57,38,19,1931,27,86,0.314,71,17,65,0.262,0.413
2021-22,1629111,Jock Landale,1610612759,SAS,54,24,30,589,29,91,0.319,86,28,86,0.326,0.473
2021-22,203925,Joe Harris,1610612751,BKN,14,10,4,423,38,82,0.463,114,38,81,0.469,0.695
2021-22,204060,Joe Ingles,1610612757,POR,45,28,17,1122,53,148,0.358,158,52,146,0.356,0.534
2021-22,2207,Joe Johnson,1610612738,BOS,1,1,0,2,0,0,,0,,,,
2021-22,1630580,Joe Wieskamp,1610612759,SAS,29,11,18,205,12,35,0.343,35,11,32,0.344,0.5
2021-22,1630555,Joel Ayayi,1610612764,WAS,7,1,6,20,0,0,,0,0,0,,
2021-22,203954,Joel Embiid,1610612755,PHI,68,45,23,2296,98,236,0.415,252,56,152,0.368,0.534
2021-22,1628381,John Collins,1610612737,ATL,54,26,28,1663,85,222,0.383,233,63,172,0.366,0.525
2021-22,1629723,John Konchar,1610612763,MEM,72,48,24,1292,51,118,0.432,150,48,114,0.421,0.636
2021-22,1630257,Jon Teske,1610612763,MEM,3,3,0,8,0,1,0,0,,,,0
2021-22,202685,Jonas Valanciunas,1610612740,NOP,74,34,40,2240,101,232,0.435,258,56,151,0.371,0.556
2021-22,1630228,Jonathan Kuminga,1610612744,GSW,70,44,26,1185,47,130,0.362,140,46,127,0.362,0.538
2021-22,1628395,Jordan Bell,1610612741,CHI,1,1,0,2,0,0,,0,,,,
2021-22,203903,Jordan Clarkson,1610612762,UTA,79,47,32,2141,98,312,0.314,292,96,307,0.313,0.468
2021-22,1630692,Jordan Goodwin,1610612764,WAS,2,1,1,6,0,1,0,0,0,1,0,0
2021-22,1629162,Jordan McLaughlin,1610612750,MIN,62,36,26,902,20,61,0.328,60,20,61,0.328,0.492
2021-22,1629670,Jordan Nwora,1610612749,MIL,62,34,28,1185,55,166,0.331,165,55,162,0.34,0.497
2021-22,1629673,Jordan Poole,1610612744,GSW,76,49,27,2283,134,353,0.38,399,131,346,0.379,0.565
2021-22,1630648,Jordan Schakel,1610612764,WAS,4,1,3,30,1,6,0.167,3,1,6,0.167,0.25
2021-22,1630631,Jose Alvarado,1610612740,NOP,54,25,29,834,30,86,0.349,89,29,84,0.345,0.517
2021-22,1630528,Josh Christopher,1610612745,HOU,74,18,56,1334,40,127,0.315,119,39,125,0.312,0.469
2021-22,1630581,Josh Giddey,1610612760,OKC,54,17,37,1700,47,170,0.276,133,39,159,0.245,0.391
2021-22,1630182,Josh Green,1610612742,DAL,67,44,23,1039,27,75,0.36,81,27,74,0.365,0.54
2021-22,1628404,Josh Hart,1610612757,POR,54,20,34,1791,47,140,0.336,141,47,139,0.338,0.504
2021-22,1628367,Josh Jackson,1610612758,SAC,51,12,39,830,28,105,0.267,84,28,104,0.269,0.4
2021-22,1629006,Josh Okogie,1610612750,MIN,49,23,26,516,13,47,0.277,39,13,46,0.283,0.415
2021-22,1626196,Josh Richardson,1610612759,SAS,65,38,27,1600,106,250,0.424,304,92,224,0.411,0.608
2021-22,1630563,Joshua Primo,1610612759,SAS,50,22,28,965,37,124,0.298,111,37,121,0.306,0.448
2021-22,201950,Jrue Holiday,1610612749,MIL,67,47,20,2207,42,98,0.429,124,40,95,0.421,0.633
2021-22,1629308,Juan Toscano-Anderson,1610612744,GSW,73,51,22,994,21,72,0.292,62,20,70,0.286,0.431
2021-22,1627823,Juancho Hernangomez,1610612762,UTA,40,20,20,445,24,68,0.353,72,24,68,0.353,0.529
2021-22,203944,Julius Randle,1610612752,NYK,72,32,40,2544,77,257,0.3,222,68,226,0.301,0.432
2021-22,1626147,Justin Anderson,1610612754,IND,16,3,13,316,12,52,0.231,36,12,52,0.231,0.346
2021-22,1630551,Justin Champagnie,1610612761,TOR,36,21,15,281,11,29,0.379,32,10,28,0.357,0.552
2021-22,203200,Justin Holiday,1610612758,SAC,74,25,49,2057,148,405,0.365,442,146,396,0.369,0.546
2021-22,1628382,Justin Jackson,1610612756,PHX,7,6,1,36,1,5,0.2,3,1,5,0.2,0.3
2021-22,1629620,Justin Robinson,1610612765,DET,25,13,12,304,14,48,0.292,42,14,48,0.292,0.438
2021-22,1626159,Justise Winslow,1610612757,POR,48,24,24,775,19,72,0.264,52,14,63,0.222,0.361
2021-22,203994,Jusuf Nurkić,1610612757,POR,56,25,31,1578,18,72,0.25,49,13,51,0.255,0.34
2021-22,1629752,Juwan Morgan,1610612738,BOS,2,1,1,31,1,2,0.5,3,1,2,0.5,0.75
2021-22,1630231,KJ Martin,1610612745,HOU,79,20,59,1656,58,162,0.358,174,58,162,0.358,0.537
2021-22,1629644,KZ Okpala,1610612748,MIA,21,14,7,244,9,26,0.346,27,9,25,0.36,0.519
2021-22,1630539,Kai Jones,1610612766,CHA,21,14,7,63,1,3,0.333,3,1,2,0.5,0.5
2021-22,1626157,Karl-Anthony Towns,1610612750,MIN,74,44,30,2475,132,328,0.402,380,116,292,0.397,0.579
2021-22,1626208,Keifer Sykes,1610612754,IND,32,6,26,566,22,64,0.344,66,22,62,0.355,0.516
2021-22,1628966,Keita Bates-Diop,1610612759,SAS,59,23,36,957,22,63,0.349,60,16,50,0.32,0.476
2021-22,1629103,Kelan Martin,1610612738,BOS,30,14,16,450,20,60,0.333,60,20,60,0.333,0.5
2021-22,1629640,Keldon Johnson,1610612759,SAS,75,33,42,2392,151,358,0.422,451,149,353,0.422,0.63
2021-22,1629833,Keljin Blevins,1610612757,POR,31,4,27,349,16,53,0.302,48,16,53,0.302,0.453
2021-22,203482,Kelly Olynyk,1610612765,DET,40,13,27,764,36,93,0.387,102,30,82,0.366,0.548
2021-22,1626162,Kelly Oubre Jr.,1610612766,CHA,76,39,37,1999,151,428,0.353,451,149,426,0.35,0.527
2021-22,202689,Kemba Walker,1610612752,NYK,37,16,21,948,29,72,0.403,85,27,66,0.409,0.59
2021-22,1629026,Kenrich Williams,1610612760,OKC,49,17,32,1072,35,100,0.35,103,33,97,0.34,0.515
2021-22,203145,Kent Bazemore,1610612747,LAL,39,16,23,545,22,66,0.333,65,21,62,0.339,0.492
2021-22,203484,Kentavious Caldwell-Pope,1610612764,WAS,77,34,43,2329,146,343,0.426,420,128,305,0.42,0.612
2021-22,1630553,Keon Johnson,1610612757,POR,37,8,29,696,17,59,0.288,51,17,58,0.293,0.432
2021-22,1630556,Kessler Edwards,1610612751,BKN,48,22,26,987,51,143,0.357,150,48,134,0.358,0.524
2021-22,201142,Kevin Durant,1610612751,BKN,55,36,19,2047,116,244,0.475,285,53,145,0.366,0.584
2021-22,1628989,Kevin Huerter,1610612737,ATL,74,40,34,2188,136,320,0.425,399,127,303,0.419,0.623
2021-22,1628995,Kevin Knox II,1610612737,ATL,30,18,12,222,14,50,0.28,42,14,48,0.292,0.42
2021-22,201567,Kevin Love,1610612739,CLE,74,38,36,1665,171,438,0.39,493,151,389,0.388,0.563
2021-22,1630698,Kevin Pangos,1610612739,CLE,24,16,8,166,2,15,0.133,6,2,15,0.133,0.2
2021-22,1629645,Kevin Porter Jr.,1610612745,HOU,61,16,45,1907,57,118,0.483,169,55,114,0.482,0.716
2021-22,1626172,Kevon Looney,1610612744,GSW,82,53,29,1732,9,34,0.265,18,0,1,0,0.265
2021-22,203920,Khem Birch,1610612761,TOR,55,34,21,991,15,46,0.326,30,0,14,0,0.326
2021-22,203114,Khris Middleton,1610612749,MIL,66,44,22,2141,94,242,0.388,269,81,209,0.388,0.556
2021-22,1630165,Killian Hayes,1610612765,DET,66,21,45,1647,43,139,0.309,123,37,126,0.294,0.442
2021-22,1629681,Killian Tillie,1610612763,MEM,36,27,9,461,25,80,0.313,75,25,78,0.321,0.469
2021-22,1630184,Kira Lewis Jr.,1610612740,NOP,24,6,18,341,9,37,0.243,27,9,37,0.243,0.365
2021-22,202691,Klay Thompson,1610612744,GSW,32,17,15,941,87,240,0.363,250,76,209,0.364,0.521
2021-22,1627739,Kris Dunn,1610612757,POR,14,1,13,336,1,8,0.125,3,1,8,0.125,0.188
2021-22,204001,Kristaps Porziņģis,1610612764,WAS,51,26,25,1481,99,297,0.333,272,74,232,0.319,0.458
2021-22,203937,Kyle Anderson,1610612763,MEM,69,46,23,1484,34,102,0.333,97,29,90,0.322,0.475
2021-22,1629657,Kyle Guy,1610612748,MIA,19,15,4,186,12,30,0.4,36,12,30,0.4,0.6
2021-22,1628398,Kyle Kuzma,1610612764,WAS,66,29,37,2204,106,303,0.35,315,103,287,0.359,0.52
2021-22,200768,Kyle Lowry,1610612748,MIA,63,41,22,2133,71,195,0.364,212,70,192,0.365,0.544
2021-22,202681,Kyrie Irving,1610612751,BKN,29,14,15,1092,49,120,0.408,145,47,115,0.409,0.604
2021-22,200746,LaMarcus Aldridge,1610612751,BKN,47,26,21,1050,104,202,0.515,222,14,45,0.311,0.55
2021-22,1630163,LaMelo Ball,1610612766,CHA,75,39,36,2422,140,332,0.422,418,138,325,0.425,0.63
2021-22,1630205,Lamar Stevens,1610612739,CLE,63,35,28,1015,22,73,0.301,62,18,60,0.3,0.425
2021-22,202362,Lance Stephenson,1610612754,IND,46,11,35,814,17,57,0.298,49,15,55,0.273,0.43
2021-22,1629013,Landry Shamet,1610612756,PHX,69,53,16,1437,110,278,0.396,325,105,269,0.39,0.585
2021-22,204038,Langston Galloway,1610612749,MIL,7,4,3,107,1,15,0.067,3,1,15,0.067,0.1
2021-22,1626204,Larry Nance Jr.,1610612740,NOP,46,19,27,1040,27,78,0.346,77,23,65,0.354,0.494
2021-22,1628374,Lauri Markkanen,1610612739,CLE,61,32,29,1878,142,380,0.374,420,136,367,0.371,0.553
2021-22,2544,LeBron James,1610612747,LAL,56,25,31,2084,78,211,0.37,229,73,194,0.376,0.543
2021-22,1630195,Leandro Bolmaro,1610612750,MIN,35,19,16,241,4,17,0.235,12,4,15,0.267,0.353
2021-22,1629623,Lindell Wigginton,1610612749,MIL,19,11,8,199,7,19,0.368,21,7,19,0.368,0.553
2021-22,1630322,Lindy Waters III,1610612760,OKC,25,6,19,465,41,116,0.353,122,40,115,0.348,0.526
2021-22,1629022,Lonnie Walker IV,1610612759,SAS,70,27,43,1612,94,282,0.333,277,89,268,0.332,0.491
2021-22,1628366,Lonzo Ball,1610612741,CHI,35,22,13,1212,84,199,0.422,250,82,193,0.425,0.628
2021-22,101150,Lou Williams,1610612737,ATL,56,33,23,799,24,55,0.436,68,20,46,0.435,0.618
2021-22,1629663,Louis King,1610612758,SAC,10,2,8,104,5,20,0.25,15,5,19,0.263,0.375
2021-22,1629652,Luguentz Dort,1610612760,OKC,51,17,34,1665,91,294,0.31,273,91,292,0.312,0.464
2021-22,1629029,Luka Dončić,1610612742,DAL,65,44,21,2301,21,68,0.309,63,21,65,0.323,0.463
2021-22,1630568,Luka Garza,1610612765,DET,32,3,29,389,17,55,0.309,49,15,43,0.349,0.445
2021-22,1628379,Luke Kennard,1610612746,LAC,70,35,35,1919,155,341,0.455,459,149,325,0.458,0.673
2021-22,1628436,Luke Kornet,1610612738,BOS,15,11,4,103,0,6,0,0,0,5,0,0
2021-22,1630640,MJ Walker,1610612756,PHX,2,1,1,8,0,2,0,0,0,2,0,0
2021-22,1630644,Mac McClung,1610612747,LAL,2,2,0,24,1,2,0.5,3,1,2,0.5,0.75
2021-22,1630201,Malachi Flynn,1610612761,TOR,44,25,19,537,21,54,0.389,63,21,54,0.389,0.583
2021-22,1627763,Malcolm Brogdon,1610612754,IND,36,14,22,1206,30,91,0.33,89,29,88,0.33,0.489
2021-22,1630792,Malcolm Hill,1610612741,CHI,19,8,11,212,13,34,0.382,37,11,31,0.355,0.544
2021-22,1627736,Malik Beasley,1610612750,MIN,79,46,33,1976,204,528,0.386,604,196,514,0.381,0.572
2021-22,1630238,Malik Fitts,1610612738,BOS,15,13,2,63,5,10,0.5,15,5,10,0.5,0.75
2021-22,1628370,Malik Monk,1610612747,LAL,76,32,44,2138,113,270,0.419,338,112,267,0.419,0.626
2021-22,1629005,Malik Newman,1610612739,CLE,1,0,1,8,0,0,,0,0,0,,
2021-22,1629603,Mamadi Diakite,1610612760,OKC,13,4,9,188,1,7,0.143,2,0,5,0,0.143
2021-22,1630585,Marcus Garrett,1610612748,MIA,12,11,1,128,1,4,0.25,3,1,4,0.25,0.375
2021-22,202694,Marcus Morris Sr.,1610612746,LAC,54,26,28,1564,90,231,0.39,259,79,210,0.376,0.561
2021-22,203935,Marcus Smart,1610612738,BOS,71,47,24,2296,103,293,0.352,308,102,290,0.352,0.526
2021-22,1628365,Markelle Fultz,1610612753,ORL,18,6,12,360,2,10,0.2,6,2,10,0.2,0.3
2021-22,202693,Markieff Morris,1610612748,MIA,17,10,7,298,20,50,0.4,53,13,37,0.351,0.53
2021-22,1630250,Marko Simonovic,1610612741,CHI,9,4,5,35,1,5,0.2,3,1,4,0.25,0.3
2021-22,1630210,Markus Howard,1610612743,DEN,31,17,14,176,17,33,0.515,50,16,32,0.5,0.758
2021-22,1627737,Marquese Chriss,1610612742,DAL,34,24,10,346,9,24,0.375,25,7,21,0.333,0.521
2021-22,1628963,Marvin Bagley III,1610612765,DET,48,17,31,1146,31,108,0.287,83,21,90,0.233,0.384
2021-22,1630222,Mason Jones,1610612747,LAL,4,2,2,51,0,1,0,0,0,1,0,0
2021-22,203486,Mason Plumlee,1610612766,CHA,73,40,33,1793,1,6,0.167,2,0,1,0,0.167
2021-22,1629680,Matisse Thybulle,1610612755,PHI,66,43,23,1685,40,134,0.299,120,40,133,0.301,0.448
2021-22,1629760,Matt Mooney,1610612752,NYK,1,1,0,2,0,1,0,0,0,1,0,0
2021-22,1630346,Matt Ryan,1610612738,BOS,1,1,0,5,1,5,0.2,3,1,5,0.2,0.3
2021-22,1629744,Matt Thomas,1610612741,CHI,40,23,17,460,25,70,0.357,74,24,65,0.369,0.529
2021-22,203090,Maurice Harkless,1610612758,SAC,47,15,32,863,27,89,0.303,81,27,88,0.307,0.455
2021-22,1629622,Max Strus,1610612748,MIA,68,46,22,1587,152,370,0.411,456,152,368,0.413,0.616
2021-22,1628467,Maxi Kleber,1610612742,DAL,59,36,23,1450,83,250,0.332,248,82,249,0.329,0.496
2021-22,1630593,McKinley Wright IV,1610612750,MIN,5,3,2,19,0,0,,0,0,0,,
2021-22,1628982,Melvin Frazier Jr.,1610612760,OKC,3,0,3,120,1,20,0.05,3,1,20,0.05,0.075
2021-22,1630695,Micah Potter,1610612765,DET,3,2,1,31,0,3,0,0,0,2,0,0
2021-22,1629008,Michael Porter Jr.,1610612743,DEN,9,5,4,265,9,35,0.257,24,6,29,0.207,0.343
2021-22,1628969,Mikal Bridges,1610612756,PHX,82,64,18,2854,117,306,0.382,340,106,277,0.383,0.556
2021-22,201144,Mike Conley,1610612762,UTA,72,44,28,2058,55,133,0.414,165,55,133,0.414,0.62
2021-22,203488,Mike Muscala,1610612760,OKC,43,15,28,593,76,186,0.409,221,69,161,0.429,0.594
2021-22,1628970,Miles Bridges,1610612766,CHA,80,41,39,2837,105,292,0.36,314,104,287,0.362,0.538
2021-22,1630540,Miles McBride,1610612752,NYK,40,19,21,372,10,37,0.27,30,10,36,0.278,0.405
2021-22,1629011,Mitchell Robinson,1610612752,NYK,72,32,40,1848,0,0,,0,,,,
2021-22,1629671,Miye Oni,1610612762,UTA,16,15,1,44,1,7,0.143,3,1,7,0.143,0.214
2021-22,1628964,Mo Bamba,1610612753,ORL,71,19,52,1824,117,298,0.393,340,106,270,0.393,0.57
2021-22,1628420,Monte Morris,1610612743,DEN,75,44,31,2239,110,259,0.425,321,101,240,0.421,0.62
2021-22,1626149,Montrezl Harrell,1610612766,CHA,71,36,35,1640,9,27,0.333,20,2,10,0.2,0.37
2021-22,1629021,Moritz Wagner,1610612753,ORL,63,16,47,960,65,195,0.333,195,65,193,0.337,0.5
2021-22,1629650,Moses Brown,1610612739,CLE,40,19,21,344,0,0,,0,,,,
2021-22,1630541,Moses Moody,1610612744,GSW,52,35,17,607,37,101,0.366,109,35,96,0.365,0.54
2021-22,1630589,Moses Wright,1610612742,DAL,4,4,0,15,0,1,0,0,0,1,0,0
2021-22,1628539,Mychal Mulder,1610612748,MIA,17,3,14,240,15,47,0.319,45,15,47,0.319,0.479
2021-22,1629619,Myles Powell,1610612755,PHI,11,8,3,52,0,1,0,0,0,1,0,0
2021-22,1626167,Myles Turner,1610612754,IND,42,15,27,1235,65,185,0.351,188,58,171,0.339,0.508
2021-22,1630230,Naji Marshall,1610612740,NOP,55,23,32,736,18,97,0.186,52,16,94,0.17,0.268
2021-22,1629642,Nassir Little,1610612757,POR,42,19,23,1088,43,129,0.333,128,42,127,0.331,0.496
2021-22,1630207,Nate Hinton,1610612754,IND,2,0,2,2,0,0,,0,,,,
2021-22,1630233,Nathan Knight,1610612750,MIN,37,22,15,267,4,12,0.333,12,4,12,0.333,0.5
2021-22,1629675,Naz Reid,1610612750,MIN,77,42,35,1215,56,160,0.35,168,56,157,0.357,0.525
2021-22,1629674,Neemias Queta,1610612758,SAC,15,4,11,120,0,5,0,0,,,,0
2021-22,202357,Nemanja Bjelica,1610612744,GSW,71,48,23,1142,51,138,0.37,150,48,132,0.364,0.543
2021-22,203457,Nerlens Noel,1610612752,NYK,25,10,15,562,4,9,0.444,8,0,2,0,0.444
2021-22,1629651,Nic Claxton,1610612751,BKN,47,24,23,974,1,2,0.5,2,,,,0.5
2021-22,1630208,Nick Richards,1610612766,CHA,50,25,25,367,1,1,1,2,,,,1
2021-22,1629638,Nickeil Alexander-Walker,1610612762,UTA,65,29,36,1466,83,259,0.32,246,80,252,0.317,0.475
2021-22,201587,Nicolas Batum,1610612746,LAC,59,31,28,1463,114,267,0.427,324,96,238,0.403,0.607
2021-22,203917,Nik Stauskas,1610612738,BOS,8,7,1,39,3,6,0.5,9,3,6,0.5,0.75
2021-22,203999,Nikola Jokić,1610612743,DEN,74,46,28,2476,117,297,0.394,313,79,236,0.335,0.527
2021-22,202696,Nikola Vučević,1610612741,CHI,73,41,32,2418,198,543,0.365,499,103,327,0.315,0.459
2021-22,1626181,Norman Powell,1610612746,LAC,45,15,30,1458,76,173,0.439,226,74,163,0.454,0.653
2021-22,203658,Norvel Pelle,1610612762,UTA,3,0,3,19,0,0,,0,,,,
2021-22,1628384,OG Anunoby,1610612761,TOR,48,31,17,1728,98,245,0.4,291,95,240,0.396,0.594
2021-22,1630167,Obi Toppin,1610612752,NYK,72,32,40,1230,54,168,0.321,159,51,162,0.315,0.473
2021-22,1630846,Olivier Sarr,1610612760,OKC,22,6,16,421,18,35,0.514,49,13,29,0.448,0.7
2021-22,1630209,Omer Yurtseven,1610612748,MIA,56,39,17,706,8,33,0.242,17,1,11,0.091,0.258
2021-22,1630168,Onyeka Okongwu,1610612737,ATL,48,26,22,992,2,4,0.5,4,,,,0.5
2021-22,1629052,Oshae Brissett,1610612754,IND,67,19,48,1564,78,220,0.355,232,76,213,0.357,0.527
2021-22,203490,Otto Porter Jr.,1610612744,GSW,63,41,22,1395,77,210,0.367,224,70,196,0.357,0.533
2021-22,200782,P.J. Tucker,1610612748,MIA,71,45,26,1981,83,207,0.401,243,77,188,0.41,0.587
2021-22,1629023,P.J. Washington,1610612766,CHA,65,33,32,1768,97,267,0.363,291,97,265,0.366,0.545
2021-22,1628408,PJ Dozier,1610612743,DEN,18,9,9,340,13,40,0.325,38,12,34,0.353,0.475
2021-22,1628238,Paris Bass,1610612756,PHX,2,2,0,7,0,1,0,0,0,1,0,0
2021-22,1627783,Pascal Siakam,1610612761,TOR,68,40,28,2578,87,218,0.399,240,66,181,0.365,0.55
2021-22,1626192,Pat Connaughton,1610612749,MIL,65,41,24,1691,144,359,0.401,428,140,352,0.398,0.596
2021-22,201976,Patrick Beverley,1610612750,MIN,58,33,25,1476,62,159,0.39,184,60,156,0.385,0.579
2021-22,1630172,Patrick Williams,1610612741,CHI,17,9,8,422,13,27,0.481,39,13,25,0.52,0.722
2021-22,201988,Patty Mills,1610612751,BKN,81,44,37,2346,188,443,0.424,560,184,436,0.422,0.632
2021-22,202331,Paul George,1610612746,LAC,31,18,13,1077,50,114,0.439,139,39,95,0.411,0.61
2021-22,200794,Paul Millsap,1610612755,PHI,33,22,11,376,9,37,0.243,26,8,33,0.242,0.351
2021-22,1630194,Paul Reed,1610612755,PHI,38,21,17,303,3,11,0.273,8,2,8,0.25,0.364
2021-22,1628778,Paul Watson,1610612760,OKC,9,2,7,156,6,23,0.261,18,6,23,0.261,0.391
2021-22,1630202,Payton Pritchard,1610612738,BOS,71,46,25,1001,75,176,0.426,221,71,168,0.423,0.628
2021-22,1627822,Petr Cornelie,1610612743,DEN,13,3,10,38,1,8,0.125,3,1,7,0.143,0.188
2021-22,1630173,Precious Achiuwa,1610612761,TOR,73,46,27,1725,61,166,0.367,176,54,144,0.375,0.53
2021-22,1629656,Quentin Grimes,1610612752,NYK,46,21,25,786,65,156,0.417,193,63,153,0.412,0.619
2021-22,1629683,Quinndary Weatherspoon,1610612744,GSW,11,8,3,73,1,3,0.333,3,1,3,0.333,0.5
2021-22,1630181,R.J. Hampton,1610612753,ORL,64,15,49,1402,54,135,0.4,161,53,133,0.398,0.596
2021-22,1629628,RJ Barrett,1610612752,NYK,70,33,37,2417,116,319,0.364,345,113,307,0.368,0.541
2021-22,1630612,RJ Nembhard Jr.,1610612739,CLE,14,6,8,63,0,1,0,0,0,1,0,0
2021-22,200765,Rajon Rondo,1610612739,CLE,39,16,23,698,23,54,0.426,68,22,52,0.423,0.63
2021-22,203526,Raul Neto,1610612764,WAS,70,29,41,1372,19,78,0.244,57,19,78,0.244,0.365
2021-22,1629730,Rayjon Tucker,1610612749,MIL,5,2,3,71,2,2,1,6,2,2,1,1.5
2021-22,203493,Reggie Bullock Jr.,1610612742,DAL,68,44,24,1902,139,371,0.375,413,135,361,0.374,0.557
2021-22,202704,Reggie Jackson,1610612746,LAC,75,38,37,2337,82,264,0.311,244,80,255,0.314,0.462
2021-22,1629617,Reggie Perry,1610612757,POR,10,0,10,187,6,19,0.316,15,3,14,0.214,0.395
2021-22,1626158,Richaun Holmes,1610612758,SAC,45,16,29,1074,38,69,0.551,78,2,5,0.4,0.565
2021-22,201937,Ricky Rubio,1610612754,IND,34,20,14,970,33,97,0.34,95,29,91,0.319,0.49
2021-22,1630306,Rob Edwards,1610612760,OKC,2,0,2,11,0,2,0,0,0,2,0,0
2021-22,203496,Robert Covington,1610612746,LAC,71,34,37,1939,115,310,0.371,345,115,307,0.375,0.556
2021-22,1629057,Robert Williams III,1610612738,BOS,61,40,21,1804,0,7,0,0,0,1,0,0
2021-22,1630218,Robert Woodard II,1610612759,SAS,12,0,12,42,1,4,0.25,3,1,3,0.333,0.375
2021-22,201577,Robin Lopez,1610612753,ORL,36,9,27,612,3,7,0.429,8,2,5,0.4,0.571
2021-22,203918,Rodney Hood,1610612746,LAC,52,30,22,709,23,73,0.315,69,23,70,0.329,0.473
2021-22,203585,Rodney McGruder,1610612765,DET,51,13,38,754,55,129,0.426,162,52,125,0.416,0.628
2021-22,1629641,Romeo Langford,1610612759,SAS,48,24,24,771,27,80,0.338,79,25,76,0.329,0.494
2021-22,1626220,Royce O'Neale,1610612762,UTA,77,46,31,2406,105,276,0.38,315,105,276,0.38,0.571
2021-22,200752,Rudy Gay,1610612762,UTA,55,34,21,1038,64,177,0.362,184,56,164,0.341,0.52
2021-22,203497,Rudy Gobert,1610612762,UTA,66,42,24,2120,1,7,0.143,2,0,4,0,0.143
2021-22,1629060,Rui Hachimura,1610612764,WAS,42,16,26,944,65,140,0.464,184,54,115,0.47,0.657
2021-22,201566,Russell Westbrook,1610612747,LAL,78,31,47,2678,47,151,0.311,137,43,144,0.299,0.454
2021-22,1627853,Ryan Arcidiacono,1610612752,NYK,10,8,2,76,3,7,0.429,9,3,7,0.429,0.643
2021-22,1630240,Saben Lee,1610612765,DET,37,8,29,604,8,30,0.267,24,8,30,0.267,0.4
2021-22,1630180,Saddiq Bey,1610612765,DET,82,23,59,2704,179,471,0.38,528,170,447,0.38,0.561
2021-22,1626155,Sam Dekker,1610612761,TOR,1,1,0,1,0,0,,0,,,,
2021-22,1630573,Sam Hauser,1610612738,BOS,26,20,6,158,16,37,0.432,48,16,37,0.432,0.649
2021-22,1630241,Sam Merrill,1610612763,MEM,6,2,4,58,5,15,0.333,15,5,15,0.333,0.5
2021-22,1630572,Sandro Mamukelashvili,1610612749,MIL,41,22,19,407,22,50,0.44,65,21,49,0.429,0.65
2021-22,1630583,Santi Aldama,1610612763,MEM,32,20,12,360,9,46,0.196,24,6,43,0.14,0.261
2021-22,1630567,Scottie Barnes,1610612761,TOR,74,43,31,2617,70,214,0.327,185,45,155,0.29,0.432
2021-22,1630575,Scottie Lewis,1610612766,CHA,2,1,1,7,0,0,,0,,,,
2021-22,203816,Scotty Hopson,1610612760,OKC,1,0,1,18,0,0,,0,0,0,,
2021-22,1629635,Sekou Doumbouya,1610612747,LAL,2,0,2,16,1,2,0.5,3,1,2,0.5,0.75
2021-22,1628400,Semi Ojeleye,1610612746,LAC,30,14,16,406,12,47,0.255,36,12,43,0.279,0.383
2021-22,201586,Serge Ibaka,1610612749,MIL,54,30,24,878,49,128,0.383,133,35,90,0.389,0.52
2021-22,203552,Seth Curry,1610612751,BKN,64,38,26,2134,117,249,0.47,344,110,234,0.47,0.691
2021-22,1628983,Shai Gilgeous-Alexander,1610612760,OKC,56,16,40,1942,22,53,0.415,66,22,52,0.423,0.623
2021-22,1629003,Shake Milton,1610612755,PHI,55,34,21,1179,34,97,0.351,100,32,94,0.34,0.515
2021-22,1629783,Shaq Buchanan,1610612763,MEM,2,2,0,10,0,1,0,0,0,1,0,0
2021-22,1627885,Shaquille Harrison,1610612751,BKN,2,1,1,23,0,2,0,0,0,2,0,0
2021-22,1630536,Sharife Cooper,1610612737,ATL,13,8,5,39,0,3,0,0,0,3,0,0
2021-22,1630219,Skylar Mays,1610612737,ATL,28,17,11,220,8,23,0.348,24,8,23,0.348,0.522
2021-22,203524,Solomon Hill,1610612737,ATL,13,7,6,139,2,12,0.167,6,2,12,0.167,0.25
2021-22,203915,Spencer Dinwiddie,1610612742,DAL,67,38,29,1980,54,144,0.375,161,53,142,0.373,0.559
2021-22,1626169,Stanley Johnson,1610612747,LAL,48,16,32,1094,32,104,0.308,92,28,96,0.292,0.442
2021-22,201939,Stephen Curry,1610612744,GSW,64,45,19,2211,132,334,0.395,390,126,323,0.39,0.584
2021-22,1628425,Sterling Brown,1610612742,DAL,49,31,18,628,25,83,0.301,74,24,82,0.293,0.446
2021-22,203500,Steven Adams,1610612763,MEM,76,51,25,1999,3,11,0.273,6,0,0,,0.273
2021-22,1629004,Svi Mykhailiuk,1610612761,TOR,56,29,27,716,32,100,0.32,94,30,95,0.316,0.47
2021-22,204456,T.J. McConnell,1610612754,IND,27,9,18,652,8,28,0.286,23,7,23,0.304,0.411
2021-22,1629605,Tacko Fall,1610612739,CLE,11,4,7,59,0,0,,0,,,,
2021-22,201959,Taj Gibson,1610612752,NYK,52,24,28,946,27,65,0.415,69,15,35,0.429,0.531
2021-22,1629659,Talen Horton-Tucker,1610612747,LAL,60,23,37,1511,32,116,0.276,94,30,111,0.27,0.405
2021-22,1627752,Taurean Prince,1610612750,MIN,69,40,29,1177,75,197,0.381,224,74,192,0.385,0.569
2021-22,1629611,Terance Mann,1610612746,LAC,81,41,40,2317,54,132,0.409,160,52,126,0.413,0.606
2021-22,1629056,Terence Davis,1610612758,SAC,30,11,19,536,26,83,0.313,78,26,83,0.313,0.47
2021-22,203082,Terrence Ross,1610612753,ORL,63,14,49,1448,58,182,0.319,167,51,169,0.302,0.459
2021-22,1626179,Terry Rozier,1610612766,CHA,73,38,35,2458,160,406,0.394,475,155,398,0.389,0.585
2021-22,1630678,Terry Taylor,1610612754,IND,33,7,26,714,14,38,0.368,39,11,34,0.324,0.513
2021-22,201152,Thaddeus Young,1610612761,TOR,52,27,25,845,17,45,0.378,50,16,41,0.39,0.556
2021-22,203648,Thanasis Antetokounmpo,1610612749,MIL,48,26,22,473,1,9,0.111,3,1,9,0.111,0.167
2021-22,1630177,Theo Maledon,1610612760,OKC,51,14,37,908,29,111,0.261,87,29,111,0.261,0.392
2021-22,1629033,Theo Pinson,1610612742,DAL,19,14,5,148,9,24,0.375,27,9,24,0.375,0.563
2021-22,1628418,Thomas Bryant,1610612764,WAS,27,8,19,439,19,56,0.339,50,12,41,0.293,0.446
2021-22,204025,Tim Frazier,1610612739,CLE,12,1,11,208,4,13,0.308,11,3,10,0.3,0.423
2021-22,203501,Tim Hardaway Jr.,1610612742,DAL,42,24,18,1245,75,221,0.339,222,72,210,0.343,0.502
2021-22,1627789,Timothe Luwawu-Cabarrot,1610612737,ATL,52,30,22,685,39,115,0.339,117,39,113,0.345,0.509
2021-22,202699,Tobias Harris,1610612755,PHI,73,45,28,2543,85,240,0.354,252,82,232,0.353,0.525
2021-22,203107,Tomas Satoransky,1610612764,WAS,55,21,34,906,9,44,0.205,27,9,44,0.205,0.307
2021-22,1628396,Tony Bradley,1610612741,CHI,55,28,27,549,7,12,0.583,14,,,,0.583
2021-22,203503,Tony Snell,1610612740,NOP,53,19,34,822,45,124,0.363,133,43,121,0.355,0.536
2021-22,1628470,Torrey Craig,1610612756,PHX,78,36,42,1596,72,215,0.335,213,69,211,0.327,0.495
2021-22,1629027,Trae Young,1610612737,ATL,76,40,36,2652,40,82,0.488,117,37,77,0.481,0.713
2021-22,1629309,Trayvon Palmer,1610612765,DET,1,0,1,17,0,0,,0,,,,
2021-22,1630200,Tre Jones,1610612759,SAS,69,32,37,1148,9,38,0.237,26,8,34,0.235,0.342
2021-22,1630544,Tre Mann,1610612760,OKC,60,17,43,1367,47,124,0.379,140,46,119,0.387,0.565
2021-22,1629682,Tremont Waters,1610612764,WAS,3,0,3,50,1,1,1,3,1,1,1,1.5
2021-22,1630570,Trendon Watford,1610612757,POR,48,16,32,869,15,52,0.288,38,8,35,0.229,0.365
2021-22,1630235,Trent Forrest,1610612762,UTA,60,36,24,766,4,22,0.182,12,4,22,0.182,0.273
2021-22,1630243,Trevelin Queen,1610612745,HOU,10,1,9,74,4,13,0.308,12,4,13,0.308,0.462
2021-22,1630286,Trevon Scott,1610612739,CLE,2,1,1,11,0,1,0,0,0,1,0,0
2021-22,2772,Trevor Ariza,1610612747,LAL,24,8,16,462,19,68,0.279,57,19,68,0.279,0.419
2021-22,203504,Trey Burke,1610612742,DAL,42,24,18,441,21,60,0.35,61,19,55,0.345,0.508
2021-22,1626168,Trey Lyles,1610612758,SAC,75,19,56,1536,72,206,0.35,208,64,186,0.344,0.505
2021-22,1630530,Trey Murphy III,1610612740,NOP,62,31,31,864,69,178,0.388,206,68,175,0.389,0.579
2021-22,202684,Tristan Thompson,1610612741,CHI,57,20,37,896,2,7,0.286,5,1,2,0.5,0.357
2021-22,1628972,Troy Brown Jr.,1610612741,CHI,66,37,29,1055,46,126,0.365,137,45,124,0.363,0.544
2021-22,1629660,Ty Jerome,1610612760,OKC,48,15,33,801,43,138,0.312,126,40,134,0.299,0.457
2021-22,1629076,Tyler Cook,1610612741,CHI,20,13,7,200,0,0,,0,,,,
2021-22,1629788,Tyler Hall,1610612752,NYK,1,1,0,2,0,0,,0,,,,
2021-22,1629639,Tyler Herro,1610612748,MIA,66,44,22,2151,104,236,0.441,297,89,211,0.422,0.629
2021-22,204020,Tyler Johnson,1610612759,SAS,6,2,4,91,5,14,0.357,15,5,12,0.417,0.536
2021-22,1630179,Tyrell Terry,1610612763,MEM,2,2,0,3,0,0,,0,,,,
2021-22,1630169,Tyrese Haliburton,1610612754,IND,77,26,51,2694,64,150,0.427,191,63,146,0.432,0.637
2021-22,1630178,Tyrese Maxey,1610612755,PHI,75,45,30,2650,76,167,0.455,226,74,164,0.451,0.677
2021-22,1627820,Tyrone Wallace,1610612740,NOP,6,4,2,75,2,7,0.286,6,2,7,0.286,0.429
2021-22,1626145,Tyus Jones,1610612763,MEM,73,51,22,1549,68,165,0.412,200,64,156,0.41,0.606
2021-22,1628962,Udoka Azubuike,1610612762,UTA,17,11,6,195,0,1,0,0,,,,0
2021-22,2617,Udonis Haslem,1610612748,MIA,13,10,3,83,2,8,0.25,5,1,4,0.25,0.313
2021-22,1630586,Usman Garuba,1610612745,HOU,24,2,22,239,5,18,0.278,15,5,17,0.294,0.417
2021-22,1630176,Vernon Carey Jr.,1610612764,WAS,7,3,4,44,0,3,0,0,,,,0
2021-22,203506,Victor Oladipo,1610612748,MIA,8,4,4,173,7,18,0.389,21,7,18,0.389,0.583
2021-22,1628427,Vlatko Cancar,1610612743,DEN,15,7,8,176,6,14,0.429,18,6,11,0.545,0.643
2021-22,1630249,Vít Krejčí,1610612760,OKC,30,8,22,690,26,82,0.317,78,26,81,0.321,0.476
2021-22,201961,Wayne Ellington,1610612747,LAL,43,15,28,810,68,161,0.422,203,67,160,0.419,0.63
2021-22,1627782,Wayne Selden,1610612752,NYK,3,2,1,19,0,1,0,0,0,1,0,0
2021-22,1628976,Wendell Carter Jr.,1610612753,ORL,62,16,46,1852,93,255,0.365,253,67,202,0.332,0.496
2021-22,1629117,Wenyen Gabriel,1610612747,LAL,26,8,18,359,7,28,0.25,21,7,27,0.259,0.375
2021-22,1628411,Wes Iwundu,1610612737,ATL,3,2,1,82,4,7,0.571,11,3,5,0.6,0.786
2021-22,202083,Wesley Matthews,1610612749,MIL,49,33,16,1002,51,140,0.364,153,51,139,0.367,0.546
2021-22,203115,Will Barton,1610612743,DEN,71,41,30,2276,109,285,0.382,320,102,267,0.382,0.561
2021-22,1626161,Willie Cauley-Stein,1610612755,PHI,20,12,8,183,2,5,0.4,5,1,2,0.5,0.5
2021-22,1626195,Willy Hernangomez,1610612740,NOP,50,22,28,839,6,17,0.353,15,3,8,0.375,0.441
2021-22,1629875,Xavier Moon,1610612746,LAC,10,7,3,137,2,10,0.2,6,2,8,0.25,0.3
2021-22,1630270,Xavier Sneed,1610612762,UTA,9,7,2,39,1,7,0.143,3,1,7,0.143,0.214
2021-22,1630214,Xavier Tillman,1610612763,MEM,53,35,18,701,12,50,0.24,33,9,43,0.209,0.33
2021-22,1629139,Yuta Watanabe,1610612761,TOR,38,21,17,445,29,78,0.372,85,27,76,0.355,0.545
2021-22,1630582,Yves Pons,1610612763,MEM,12,9,3,71,3,8,0.375,9,3,8,0.375,0.563
2021-22,1628380,Zach Collins,1610612759,SAS,28,14,14,502,24,52,0.462,62,14,38,0.368,0.596
2021-22,203897,Zach LaVine,1610612741,CHI,67,37,30,2328,85,187,0.455,251,81,176,0.46,0.671
2021-22,1630285,Zavier Simpson,1610612760,OKC,4,1,3,174,1,4,0.25,3,1,4,0.25,0.375
2021-22,1630192,Zeke Nnaji,1610612743,DEN,41,24,17,698,41,90,0.456,119,37,80,0.463,0.661
2021-22,1630533,Ziaire Williams,1610612763,MEM,62,41,21,1346,74,218,0.339,215,67,211,0.318,0.493
2021-22,1629597,Zylan Cheatham,1610612762,UTA,1,0,1,5,0,2,0,0,0,2,0,0
2022-23,1630639,A.J. Lawson,1610612742,DAL,15,5,10,108,10,23,0.435,30,10,23,0.435,0.652
2022-23,1631260,AJ Green,1610612749,MIL,35,27,8,345,36,81,0.444,108,36,81,0.444,0.667
2022-23,1631100,AJ Griffin,1610612737,ATL,72,34,38,1401,78,207,0.377,228,72,198,0.364,0.551
2022-23,203932,Aaron Gordon,1610612743,DEN,68,45,23,2055,39,126,0.31,111,33,104,0.317,0.44
2022-23,1628988,Aaron Holiday,1610612737,ATL,63,32,31,845,27,62,0.435,81,27,62,0.435,0.653
2022-23,1630174,Aaron Nesmith,1610612754,IND,73,30,43,1816,95,273,0.348,283,93,268,0.347,0.518
2022-23,1630598,Aaron Wiggins,1610612760,OKC,70,37,33,1297,45,116,0.388,134,44,113,0.389,0.578
2022-23,1629678,Admiral Schofield,1610612753,ORL,37,14,23,451,23,68,0.338,69,23,68,0.338,0.507
2022-23,201143,Al Horford,1610612738,BOS,63,44,19,1921,145,331,0.438,431,141,315,0.448,0.651
2022-23,202692,Alec Burks,1610612765,DET,51,12,39,1122,55,126,0.437,163,53,122,0.434,0.647
2022-23,1630197,Aleksej Pokusevski,1610612760,OKC,34,16,18,701,40,106,0.377,117,37,99,0.374,0.552
2022-23,1627936,Alex Caruso,1610612741,CHI,67,33,34,1575,54,142,0.38,159,51,136,0.375,0.56
2022-23,203458,Alex Len,1610612758,SAC,26,15,11,161,0,4,0,0,0,2,0,0
2022-23,1628993,Alize Johnson,1610612759,SAS,4,1,3,30,0,1,0,0,0,1,0,0
2022-23,1631214,Alondes Williams,1610612751,BKN,1,1,0,5,0,0,,0,,,,
2022-23,1630578,Alperen Sengun,1610612745,HOU,75,18,57,2171,26,69,0.377,69,17,46,0.37,0.5
2022-23,1629599,Amir Coffey,1610612746,LAC,50,26,24,625,12,36,0.333,34,10,33,0.303,0.472
2022-23,203083,Andre Drummond,1610612741,CHI,67,32,35,849,0,5,0,0,0,3,0,0
2022-23,2738,Andre Iguodala,1610612744,GSW,8,3,5,113,0,6,0,0,0,6,0,0
2022-23,1629614,Andrew Nembhard,1610612754,IND,75,32,43,2074,75,201,0.373,221,71,194,0.366,0.55
2022-23,203952,Andrew Wiggins,1610612744,GSW,37,19,18,1190,83,193,0.43,245,79,186,0.425,0.635
2022-23,1629014,Anfernee Simons,1610612757,POR,62,27,35,2171,119,303,0.393,356,118,301,0.392,0.587
2022-23,203076,Anthony Davis,1610612747,LAL,56,31,25,1905,44,132,0.333,107,19,67,0.284,0.405
2022-23,1630162,Anthony Edwards,1610612750,MIN,79,40,39,2841,87,208,0.418,257,83,199,0.417,0.618
2022-23,1630264,Anthony Gill,1610612764,WAS,59,21,38,625,5,26,0.192,14,4,25,0.16,0.269
2022-23,1630237,Anthony Lamb,1610612744,GSW,62,36,26,1195,68,184,0.37,201,65,179,0.363,0.546
2022-23,1630559,Austin Reaves,1610612747,LAL,64,35,29,1843,67,164,0.409,198,64,159,0.403,0.604
2022-23,203085,Austin Rivers,1610612750,MIN,52,25,27,1016,37,102,0.363,111,37,102,0.363,0.544
2022-23,1630245,Ayo Dosunmu,1610612741,CHI,80,40,40,2098,58,185,0.314,172,56,181,0.309,0.465
2022-23,1628389,Bam Adebayo,1610612748,MIA,75,40,35,2598,63,143,0.441,127,1,8,0.125,0.444
2022-23,1627732,Ben Simmons,1610612751,BKN,42,24,18,1105,2,5,0.4,4,0,0,,0.4
2022-23,1631097,Bennedict Mathurin,1610612754,IND,78,33,45,2222,57,184,0.31,167,53,172,0.308,0.454
2022-23,202687,Bismack Biyombo,1610612756,PHX,61,33,28,874,4,10,0.4,8,,,,0.4
2022-23,201933,Blake Griffin,1610612738,BOS,41,27,14,569,21,57,0.368,63,21,56,0.375,0.553
2022-23,1631104,Blake Wesley,1610612759,SAS,37,9,28,669,16,43,0.372,47,15,42,0.357,0.547
2022-23,1626246,Boban Marjanovic,1610612745,HOU,31,7,24,171,1,3,0.333,2,0,1,0,0.333
2022-23,1626171,Bobby Portis Jr.,1610612749,MIL,70,47,23,1818,122,294,0.415,338,94,249,0.378,0.575
2022-23,203992,Bogdan Bogdanović,1610612737,ATL,54,27,27,1509,120,286,0.42,341,101,257,0.393,0.596
2022-23,202711,Bojan Bogdanovic,1610612765,DET,59,15,44,1893,117,247,0.474,341,107,235,0.455,0.69
2022-23,1629626,Bol Bol,1610612753,ORL,70,26,44,1505,21,74,0.284,60,18,66,0.273,0.405
2022-23,1630538,Bones Hyland,1610612746,LAC,56,36,20,1085,59,157,0.376,177,59,154,0.383,0.564
2022-23,203078,Bradley Beal,1610612764,WAS,50,24,26,1673,56,134,0.418,156,44,110,0.4,0.582
2022-23,1630527,Brandon Boston Jr.,1610612746,LAC,22,9,13,248,5,16,0.313,15,5,14,0.357,0.469
2022-23,1629634,Brandon Clarke,1610612763,MEM,56,32,24,1090,24,49,0.49,49,1,6,0.167,0.5
2022-23,1627742,Brandon Ingram,1610612740,NOP,45,23,22,1538,64,150,0.427,178,50,120,0.417,0.593
2022-23,1630296,Braxton Key,1610612765,DET,3,0,3,9,0,0,,0,,,,
2022-23,201572,Brook Lopez,1610612749,MIL,78,57,21,2372,148,378,0.392,421,125,328,0.381,0.557
2022-23,1628971,Bruce Brown,1610612743,DEN,80,53,27,2279,85,229,0.371,253,83,222,0.374,0.552
2022-23,1628981,Bruno Fernando,1610612737,ATL,39,13,26,405,0,5,0,0,0,4,0,0
2022-23,1631121,Bryce McGowens,1610612766,CHA,46,16,30,787,22,69,0.319,66,22,67,0.328,0.478
2022-23,1627854,Bryn Forbes,1610612750,MIN,25,9,16,268,10,34,0.294,30,10,32,0.313,0.441
2022-23,1631205,Buddy Boeheim,1610612765,DET,10,2,8,90,4,25,0.16,12,4,24,0.167,0.24
2022-23,1627741,Buddy Hield,1610612754,IND,80,35,45,2482,202,483,0.418,605,201,479,0.42,0.626
2022-23,203468,CJ McCollum,1610612740,NOP,75,38,37,2649,139,348,0.399,411,133,322,0.413,0.591
2022-23,1630595,Cade Cunningham,1610612765,DET,12,3,9,400,10,32,0.313,29,9,27,0.333,0.453
2022-23,1631216,Caleb Houstan,1610612753,ORL,51,20,31,812,45,137,0.328,133,43,130,0.331,0.485
2022-23,1628997,Caleb Martin,1610612748,MIA,71,38,33,2078,75,215,0.349,213,63,189,0.333,0.495
2022-23,1629629,Cam Reddish,1610612757,POR,40,14,26,990,37,116,0.319,109,35,113,0.31,0.47
2022-23,1630560,Cam Thomas,1610612751,BKN,57,30,27,948,23,51,0.451,64,18,44,0.409,0.627
2022-23,1629661,Cameron Johnson,1610612751,BKN,42,25,17,1200,97,232,0.418,287,93,224,0.415,0.619
2022-23,1626166,Cameron Payne,1610612756,PHX,48,27,21,968,37,109,0.339,110,36,108,0.333,0.505
2022-23,1627747,Caris LeVert,1610612739,CLE,74,45,29,2237,84,212,0.396,251,83,211,0.393,0.592
2022-23,1630637,Carlik Jones,1610612741,CHI,7,4,3,56,3,5,0.6,9,3,5,0.6,0.9
2022-23,1626224,Cedi Osman,1610612739,CLE,77,48,29,1548,97,259,0.375,289,95,256,0.371,0.558
2022-23,1628435,Chance Comanche,1610612757,POR,1,0,1,21,2,3,0.667,4,,,,0.667
2022-23,1629646,Charles Bassey,1610612759,SAS,35,9,26,508,7,19,0.368,15,1,5,0.2,0.395
2022-23,1631320,Chima Moneke,1610612758,SAC,2,1,1,8,0,0,,0,,,,
2022-23,1629002,Chimezie Metu,1610612758,SAC,66,41,25,689,12,39,0.308,33,9,34,0.265,0.423
2022-23,1628449,Chris Boucher,1610612761,TOR,76,39,37,1523,66,192,0.344,192,60,179,0.335,0.5
2022-23,1630537,Chris Duarte,1610612754,IND,46,19,27,897,35,102,0.343,103,33,98,0.337,0.505
2022-23,101108,Chris Paul,1610612756,PHX,59,33,26,1889,50,93,0.538,146,46,88,0.523,0.785
2022-23,1629735,Chris Silva,1610612737,ATL,1,1,0,3,0,0,,0,,,,
2022-23,1631128,Christian Braun,1610612743,DEN,76,49,27,1181,29,85,0.341,86,28,80,0.35,0.506
2022-23,1631132,Christian Koloko,1610612761,TOR,58,29,29,802,6,25,0.24,13,1,11,0.091,0.26
2022-23,1626174,Christian Wood,1610612742,DAL,67,33,34,1738,97,234,0.415,286,92,220,0.418,0.611
2022-23,1629643,Chuma Okeke,1610612753,ORL,27,8,19,518,25,77,0.325,74,24,75,0.32,0.481
2022-23,203991,Clint Capela,1610612737,ATL,65,35,30,1730,0,1,0,0,0,1,0,0
2022-23,1629632,Coby White,1610612741,CHI,74,37,37,1730,112,286,0.392,334,110,284,0.387,0.584
2022-23,1628998,Cody Martin,1610612766,CHA,7,2,5,134,4,10,0.4,11,3,9,0.333,0.55
2022-23,203469,Cody Zeller,1610612748,MIA,15,6,9,217,0,4,0,0,0,2,0,0
2022-23,1630175,Cole Anthony,1610612753,ORL,60,28,32,1552,56,151,0.371,161,49,142,0.345,0.533
2022-23,1631306,Cole Swider,1610612747,LAL,7,2,5,41,3,6,0.5,9,3,6,0.5,0.75
2022-23,1629012,Collin Sexton,1610612762,UTA,48,24,24,1145,29,80,0.363,85,27,77,0.351,0.531
2022-23,1630557,Corey Kispert,1610612764,WAS,74,31,43,2093,153,356,0.43,456,150,350,0.429,0.64
2022-23,202709,Cory Joseph,1610612765,DET,62,12,50,1227,48,117,0.41,144,48,116,0.414,0.615
2022-23,1626156,D'Angelo Russell,1610612747,LAL,71,39,32,2304,114,274,0.416,336,108,265,0.408,0.613
2022-23,1630227,Daishen Nix,1610612745,HOU,57,15,42,914,24,94,0.255,72,24,93,0.258,0.383
2022-23,1630625,Dalano Banton,1610612761,TOR,31,17,14,279,13,40,0.325,39,13,39,0.333,0.488
2022-23,1631207,Dalen Terry,1610612741,CHI,38,19,19,214,4,19,0.211,12,4,19,0.211,0.316
2022-23,1627745,Damian Jones,1610612762,UTA,41,12,29,477,11,19,0.579,32,10,17,0.588,0.842
2022-23,203081,Damian Lillard,1610612757,POR,58,27,31,2107,86,231,0.372,252,80,221,0.362,0.545
2022-23,1627814,Damion Lee,1610612756,PHX,74,40,34,1506,111,240,0.463,330,108,230,0.47,0.688
2022-23,1629655,Daniel Gafford,1610612764,WAS,78,32,46,1604,3,9,0.333,6,,,,0.333
2022-23,1628464,Daniel Theis,1610612754,IND,7,1,6,109,4,17,0.235,10,2,11,0.182,0.294
2022-23,201980,Danny Green,1610612739,CLE,11,6,5,139,14,32,0.438,42,14,30,0.467,0.656
2022-23,1627863,Danuel House Jr.,1610612755,PHI,56,38,18,807,25,72,0.347,74,24,71,0.338,0.514
2022-23,203967,Dario Saric,1610612760,OKC,57,26,31,806,50,126,0.397,144,44,109,0.404,0.571
2022-23,1629647,Darius Bazley,1610612756,PHX,43,19,24,616,22,56,0.393,63,19,51,0.373,0.563
2022-23,1630620,Darius Days,1610612745,HOU,4,0,4,25,3,10,0.3,9,3,10,0.3,0.45
2022-23,1629636,Darius Garland,1610612739,CLE,69,40,29,2447,79,183,0.432,235,77,175,0.44,0.642
2022-23,1630561,David Duke Jr.,1610612751,BKN,23,10,13,228,1,11,0.091,3,1,11,0.091,0.136
2022-23,1631223,David Roddy,1610612763,MEM,70,44,26,1259,62,201,0.308,186,62,198,0.313,0.463
2022-23,1630558,Davion Mitchell,1610612758,SAC,80,47,33,1447,47,136,0.346,141,47,136,0.346,0.518
2022-23,202722,Davis Bertans,1610612742,DAL,45,20,25,492,50,128,0.391,149,49,127,0.386,0.582
2022-23,1628432,Davon Reed,1610612743,DEN,43,29,14,343,13,40,0.325,39,13,39,0.333,0.488
2022-23,1630549,Day'Ron Sharpe,1610612751,BKN,48,22,26,552,7,14,0.5,19,5,10,0.5,0.679
2022-23,1628368,De'Aaron Fox,1610612758,SAC,73,44,29,2435,63,175,0.36,183,57,166,0.343,0.523
2022-23,1629631,De'Andre Hunter,1610612737,ATL,67,35,32,2126,102,283,0.36,286,82,242,0.339,0.505
2022-23,1629001,De'Anthony Melton,1610612755,PHI,77,50,27,2150,128,306,0.418,381,125,302,0.414,0.623
2022-23,201599,DeAndre Jordan,1610612743,DEN,39,23,16,586,1,2,0.5,3,1,1,1,0.75
2022-23,201942,DeMar DeRozan,1610612741,CHI,74,37,37,2682,71,182,0.39,179,37,114,0.325,0.492
2022-23,1629731,Dean Wade,1610612739,CLE,44,30,14,892,44,128,0.344,131,43,124,0.347,0.512
2022-23,1629028,Deandre Ayton,1610612756,PHX,67,36,31,2035,102,234,0.436,209,5,21,0.238,0.447
2022-23,1627749,Dejounte Murray,1610612737,ATL,74,38,36,2693,86,266,0.323,253,81,250,0.324,0.476
2022-23,1626153,Delon Wright,1610612764,WAS,50,26,24,1221,26,76,0.342,77,25,74,0.338,0.507
2022-23,1630166,Deni Avdija,1610612764,WAS,76,33,43,2020,62,196,0.316,184,60,190,0.316,0.469
2022-23,203471,Dennis Schröder,1610612747,LAL,66,37,29,1986,68,191,0.356,201,65,185,0.351,0.526
2022-23,1628372,Dennis Smith Jr.,1610612766,CHA,54,19,35,1390,24,93,0.258,71,23,92,0.25,0.382
2022-23,1629126,Deonte Burton,1610612758,SAC,2,1,1,6,0,1,0,0,0,1,0,0
2022-23,1631220,Dereon Seabron,1610612740,NOP,5,2,3,12,0,0,,0,,,,
2022-23,1627884,Derrick Jones Jr.,1610612741,CHI,64,29,35,893,26,77,0.338,78,26,77,0.338,0.506
2022-23,201565,Derrick Rose,1610612752,NYK,27,12,15,338,8,37,0.216,24,8,36,0.222,0.324
2022-23,1628401,Derrick White,1610612738,BOS,82,57,25,2319,121,313,0.387,363,121,310,0.39,0.58
2022-23,1630217,Desmond Bane,1610612763,MEM,58,38,20,1841,89,217,0.41,261,83,205,0.405,0.601
2022-23,1626164,Devin Booker,1610612756,PHX,53,34,19,1835,62,134,0.463,172,48,108,0.444,0.642
2022-23,1630170,Devin Vassell,1610612759,SAS,38,12,26,1178,86,203,0.424,252,80,185,0.432,0.621
2022-23,1629653,Devon Dotson,1610612764,WAS,6,1,5,53,1,3,0.333,3,1,3,0.333,0.5
2022-23,1628984,Devonte' Graham,1610612759,SAS,73,31,42,1338,72,196,0.367,216,72,196,0.367,0.551
2022-23,203473,Dewayne Dedmon,1610612755,PHI,38,23,15,426,12,40,0.3,34,10,36,0.278,0.425
2022-23,1628415,Dillon Brooks,1610612763,MEM,73,46,27,2214,103,299,0.344,306,100,281,0.356,0.512
2022-23,1627734,Domantas Sabonis,1610612758,SAC,79,47,32,2736,69,154,0.448,169,31,80,0.388,0.549
2022-23,1631230,Dominick Barlow,1610612759,SAS,28,5,23,408,5,18,0.278,10,0,4,0,0.278
2022-23,1628378,Donovan Mitchell,1610612739,CLE,68,44,24,2432,96,254,0.378,283,91,242,0.376,0.557
2022-23,1631495,Donovan Williams,1610612737,ATL,2,1,1,4,0,1,0,0,0,1,0,0
2022-23,1628978,Donte DiVincenzo,1610612744,GSW,72,42,30,1894,133,315,0.422,398,132,311,0.424,0.632
2022-23,1627827,Dorian Finney-Smith,1610612751,BKN,66,31,35,2009,110,319,0.345,328,108,316,0.342,0.514
2022-23,203926,Doug McDermott,1610612759,SAS,64,19,45,1314,104,255,0.408,309,101,247,0.409,0.606
2022-23,203110,Draymond Green,1610612744,GSW,73,41,32,2298,45,141,0.319,128,38,123,0.309,0.454
2022-23,1629234,Drew Eubanks,1610612757,POR,78,31,47,1584,14,35,0.4,32,4,14,0.286,0.457
2022-23,1630696,Dru Smith,1610612751,BKN,15,7,8,158,5,13,0.385,15,5,13,0.385,0.577
2022-23,1630613,Duane Washington Jr.,1610612752,NYK,31,17,14,394,22,70,0.314,64,20,65,0.308,0.457
2022-23,1629130,Duncan Robinson,1610612748,MIA,42,19,23,690,43,139,0.309,128,42,137,0.307,0.46
2022-23,203939,Dwight Powell,1610612742,DAL,76,37,39,1458,1,6,0.167,2,0,3,0,0.167
2022-23,1629685,Dylan Windler,1610612739,CLE,3,3,0,10,1,2,0.5,3,1,2,0.5,0.75
2022-23,1630700,Dyson Daniels,1610612740,NOP,59,33,26,1042,24,71,0.338,72,24,70,0.343,0.507
2022-23,1628410,Edmond Sumner,1610612751,BKN,53,33,20,736,28,75,0.373,83,27,74,0.365,0.553
2022-23,201569,Eric Gordon,1610612746,LAC,69,25,44,1966,99,268,0.369,296,98,265,0.37,0.552
2022-23,1630647,Eugene Omoruyi,1610612765,DET,40,10,30,645,23,84,0.274,68,22,82,0.268,0.405
2022-23,203095,Evan Fournier,1610612752,NYK,27,15,12,459,22,66,0.333,66,22,65,0.338,0.5
2022-23,1630596,Evan Mobley,1610612739,CLE,79,48,31,2715,37,142,0.261,95,21,101,0.208,0.335
2022-23,1630267,Facundo Campazzo,1610612742,DAL,8,2,6,52,2,6,0.333,6,2,6,0.333,0.5
2022-23,1628402,Frank Jackson,1610612756,PHX,1,0,1,5,0,1,0,0,0,1,0,0
2022-23,1626163,Frank Kaminsky,1610612745,HOU,36,13,23,235,14,34,0.412,41,13,33,0.394,0.603
2022-23,1628373,Frank Ntilikina,1610612742,DAL,47,20,27,608,17,61,0.279,48,14,56,0.25,0.393
2022-23,1630532,Franz Wagner,1610612753,ORL,80,33,47,2609,90,224,0.402,269,89,219,0.406,0.6
2022-23,1627832,Fred VanVleet,1610612761,TOR,69,34,35,2535,107,306,0.35,318,104,297,0.35,0.52
2022-23,1627788,Furkan Korkmaz,1610612755,PHI,37,24,13,353,13,35,0.371,39,13,33,0.394,0.557
2022-23,1629216,Gabe Vincent,1610612748,MIA,68,37,31,1759,80,227,0.352,237,77,222,0.347,0.522
2022-23,1628221,Gabe York,1610612754,IND,3,1,2,56,6,14,0.429,18,6,14,0.429,0.643
2022-23,202066,Garrett Temple,1610612740,NOP,25,16,9,162,9,22,0.409,27,9,21,0.429,0.614
2022-23,1629726,Garrison Mathews,1610612737,ATL,54,16,38,686,53,149,0.356,158,52,147,0.354,0.53
2022-23,203914,Gary Harris,1610612753,ORL,48,22,26,1184,80,187,0.428,240,80,187,0.428,0.642
2022-23,1627780,Gary Payton II,1610612744,GSW,22,13,9,368,14,27,0.519,41,13,26,0.5,0.759
2022-23,1629018,Gary Trent Jr.,1610612761,TOR,66,31,35,2118,125,312,0.401,373,123,304,0.405,0.598
2022-23,201588,George Hill,1610612754,IND,46,27,19,833,28,70,0.4,83,27,69,0.391,0.593
2022-23,1627777,Georges Niang,1610612755,PHI,78,51,27,1512,148,357,0.415,442,146,354,0.412,0.619
2022-23,203507,Giannis Antetokounmpo,1610612749,MIL,63,47,16,2024,23,79,0.291,68,22,69,0.319,0.43
2022-23,1629048,Goga Bitadze,1610612753,ORL,38,13,25,457,5,27,0.185,14,4,23,0.174,0.259
2022-23,201609,Goran Dragic,1610612749,MIL,58,27,31,870,45,106,0.425,135,45,102,0.441,0.637
2022-23,202330,Gordon Hayward,1610612766,CHA,50,20,30,1577,59,167,0.353,159,41,123,0.333,0.476
2022-23,203476,Gorgui Dieng,1610612759,SAS,31,3,28,358,19,53,0.358,54,16,48,0.333,0.509
2022-23,1629684,Grant Williams,1610612738,BOS,79,55,24,2045,91,235,0.387,272,90,233,0.386,0.579
2022-23,1628960,Grayson Allen,1610612749,MIL,72,53,19,1972,110,264,0.417,329,109,263,0.414,0.623
2022-23,1630535,Greg Brown III,1610612757,POR,16,10,6,93,1,7,0.143,3,1,6,0.167,0.214
2022-23,1628977,Hamidou Diallo,1610612765,DET,56,12,44,996,9,27,0.333,21,3,17,0.176,0.389
2022-23,203084,Harrison Barnes,1610612758,SAC,82,48,34,2662,112,300,0.373,333,109,296,0.368,0.555
2022-23,1629312,Haywood Highsmith,1610612748,MIA,54,28,26,969,37,110,0.336,109,35,103,0.34,0.495
2022-23,1630529,Herbert Jones,1610612740,NOP,66,31,35,1951,58,181,0.32,170,54,162,0.333,0.47
2022-23,1630193,Immanuel Quickley,1610612752,NYK,81,47,34,2344,99,252,0.393,294,96,244,0.393,0.583
2022-23,1630171,Isaac Okoro,1610612739,CLE,76,48,28,1653,59,161,0.366,177,59,161,0.366,0.55
2022-23,1628392,Isaiah Hartenstein,1610612752,NYK,82,47,35,1628,22,75,0.293,52,8,37,0.216,0.347
2022-23,1630543,Isaiah Jackson,1610612754,IND,63,24,39,1042,4,18,0.222,10,2,12,0.167,0.278
2022-23,1630198,Isaiah Joe,1610612760,OKC,73,36,37,1395,130,311,0.418,390,130,307,0.423,0.627
2022-23,1630587,Isaiah Livers,1610612765,DET,52,10,42,1199,65,182,0.357,193,63,178,0.354,0.53
2022-23,1630600,Isaiah Mobley,1610612739,CLE,12,8,4,84,3,8,0.375,9,3,8,0.375,0.563
2022-23,1629676,Isaiah Roby,1610612752,NYK,42,9,33,474,15,47,0.319,44,14,44,0.318,0.468
2022-23,1630191,Isaiah Stewart,1610612765,DET,50,12,38,1414,73,201,0.363,213,67,193,0.347,0.53
2022-23,1630225,Isaiah Todd,1610612764,WAS,6,2,4,61,1,11,0.091,3,1,10,0.1,0.136
2022-23,202397,Ish Smith,1610612743,DEN,43,25,18,398,2,6,0.333,6,2,6,0.333,0.5
2022-23,1630688,Ish Wainright,1610612756,PHX,60,33,27,915,54,162,0.333,161,53,160,0.331,0.497
2022-23,1627826,Ivica Zubac,1610612746,LAC,76,43,33,2169,2,10,0.2,4,0,2,0,0.2
2022-23,1631120,JD Davison,1610612738,BOS,12,11,1,66,3,7,0.429,8,2,6,0.333,0.571
2022-23,1630550,JT Thor,1610612766,CHA,69,22,47,969,42,128,0.328,122,38,117,0.325,0.477
2022-23,1629630,Ja Morant,1610612763,MEM,61,40,21,1948,34,97,0.351,101,33,95,0.347,0.521
2022-23,203210,JaMychal Green,1610612744,GSW,57,30,27,797,47,121,0.388,136,42,109,0.385,0.562
2022-23,201580,JaVale McGee,1610612742,DAL,42,20,22,355,2,3,0.667,6,2,3,0.667,1
2022-23,1631095,Jabari Smith Jr.,1610612745,HOU,79,21,58,2451,103,338,0.305,299,93,316,0.294,0.442
2022-23,1631133,Jabari Walker,1610612757,POR,56,21,35,619,20,61,0.328,54,14,48,0.292,0.443
2022-23,1631298,Jack White,1610612743,DEN,17,13,4,66,3,9,0.333,9,3,9,0.333,0.5
2022-23,1631367,Jacob Gilyard,1610612763,MEM,1,0,1,41,1,2,0.5,3,1,2,0.5,0.75
2022-23,1630702,Jaden Hardy,1610612742,DAL,48,20,28,708,41,99,0.414,123,41,99,0.414,0.621
2022-23,1631093,Jaden Ivey,1610612765,DET,74,16,58,2304,65,177,0.367,195,65,174,0.374,0.551
2022-23,1630183,Jaden McDaniels,1610612750,MIN,79,41,38,2416,99,254,0.39,293,95,246,0.386,0.577
2022-23,1630531,Jaden Springer,1610612755,PHI,16,13,3,89,2,5,0.4,5,1,4,0.25,0.5
2022-23,203109,Jae Crowder,1610612749,MIL,18,13,5,340,19,43,0.442,57,19,42,0.452,0.663
2022-23,1630256,Jae'Sean Tate,1610612745,HOU,31,7,24,677,11,40,0.275,33,11,40,0.275,0.413
2022-23,1631222,Jake LaRavia,1610612763,MEM,35,22,13,414,22,60,0.367,66,22,60,0.367,0.55
2022-23,1627751,Jakob Poeltl,1610612761,TOR,72,26,46,1906,38,75,0.507,76,0,0,,0.507
2022-23,1628973,Jalen Brunson,1610612752,NYK,68,40,28,2379,62,128,0.484,184,60,126,0.476,0.719
2022-23,1631105,Jalen Duren,1610612765,DET,67,16,51,1670,1,9,0.111,2,0,2,0,0.111
2022-23,1630224,Jalen Green,1610612745,HOU,76,20,56,2602,89,253,0.352,263,85,242,0.351,0.52
2022-23,1630552,Jalen Johnson,1610612737,ATL,70,35,35,1042,29,101,0.287,86,28,94,0.298,0.426
2022-23,1629667,Jalen McDaniels,1610612755,PHI,80,31,49,1913,80,230,0.348,235,75,222,0.338,0.511
2022-23,1630188,Jalen Smith,1610612754,IND,68,31,37,1279,59,207,0.285,169,51,184,0.277,0.408
2022-23,1630591,Jalen Suggs,1610612753,ORL,53,20,33,1246,41,119,0.345,121,39,112,0.348,0.508
2022-23,1631114,Jalen Williams,1610612760,OKC,75,36,39,2276,64,175,0.366,190,62,171,0.363,0.543
2022-23,1631288,Jamal Cain,1610612748,MIA,18,10,8,240,8,19,0.421,23,7,18,0.389,0.605
2022-23,1627750,Jamal Murray,1610612743,DEN,65,43,22,2133,76,188,0.404,227,75,184,0.408,0.604
2022-23,1631123,Jamaree Bouyea,1610612748,MIA,5,2,3,71,0,2,0,0,0,2,0,0
2022-23,1630547,James Bouknight,1610612766,CHA,34,9,25,515,21,62,0.339,63,21,61,0.344,0.508
2022-23,201935,James Harden,1610612755,PHI,58,39,19,2135,45,107,0.421,134,44,106,0.415,0.626
2022-23,201949,James Johnson,1610612754,IND,18,7,11,162,2,10,0.2,6,2,10,0.2,0.3
2022-23,1630164,James Wiseman,1610612765,DET,45,11,34,867,11,33,0.333,25,3,14,0.214,0.379
2022-23,1630215,Jared Butler,1610612760,OKC,6,3,3,77,5,9,0.556,15,5,9,0.556,0.833
2022-23,1631197,Jared Rhoden,1610612765,DET,14,2,12,198,6,21,0.286,17,5,19,0.263,0.405
2022-23,1628991,Jaren Jackson Jr.,1610612763,MEM,63,41,22,1788,94,265,0.355,280,92,258,0.357,0.528
2022-23,1629020,Jarred Vanderbilt,1610612747,LAL,78,43,35,1880,30,97,0.309,88,28,88,0.318,0.454
2022-23,1629714,Jarrell Brantley,1610612762,UTA,4,0,4,39,4,8,0.5,12,4,8,0.5,0.75
2022-23,1628386,Jarrett Allen,1610612739,CLE,68,44,24,2220,19,59,0.322,39,1,10,0.1,0.331
2022-23,1629633,Jarrett Culver,1610612737,ATL,10,5,5,137,1,12,0.083,3,1,10,0.1,0.125
2022-23,1630554,Jason Preston,1610612746,LAC,14,4,10,124,4,14,0.286,12,4,14,0.286,0.429
2022-23,1629750,Javonte Green,1610612741,CHI,32,13,19,480,12,34,0.353,36,12,34,0.353,0.529
2022-23,1629637,Jaxson Hayes,1610612740,NOP,47,22,25,610,4,31,0.129,11,3,29,0.103,0.177
2022-23,1630643,Jay Huff,1610612764,WAS,7,2,5,95,5,11,0.455,15,5,11,0.455,0.682
2022-23,1630206,Jay Scrubb,1610612753,ORL,2,1,1,30,1,1,1,3,1,1,1,1.5
2022-23,1627759,Jaylen Brown,1610612738,BOS,67,46,21,2405,109,323,0.337,316,98,293,0.334,0.489
2022-23,1629669,Jaylen Nowell,1610612750,MIN,65,34,31,1252,45,147,0.306,129,39,138,0.283,0.439
2022-23,1631119,Jaylin Williams,1610612760,OKC,49,23,26,914,60,150,0.4,164,44,111,0.396,0.547
2022-23,1628369,Jayson Tatum,1610612738,BOS,74,52,22,2732,141,343,0.411,408,126,311,0.405,0.595
2022-23,1630288,Jeff Dowtin Jr.,1610612761,TOR,25,17,8,259,4,13,0.308,12,4,13,0.308,0.462
2022-23,201145,Jeff Green,1610612743,DEN,56,33,23,1091,27,94,0.287,78,24,86,0.279,0.415
2022-23,203924,Jerami Grant,1610612757,POR,63,28,35,2246,136,347,0.392,401,129,328,0.393,0.578
2022-23,1630526,Jeremiah Robinson-Earl,1610612760,OKC,43,16,27,814,40,122,0.328,116,36,109,0.33,0.475
2022-23,1631110,Jeremy Sochan,1610612759,SAS,56,15,41,1458,35,136,0.257,98,28,118,0.237,0.36
2022-23,1630579,Jericho Sims,1610612752,NYK,52,31,21,812,2,3,0.667,4,0,0,,0.667
2022-23,1628975,Jevon Carter,1610612749,MIL,81,57,24,1812,89,206,0.432,265,87,198,0.439,0.643
2022-23,202710,Jimmy Butler III,1610612748,MIA,64,35,29,2138,25,69,0.362,68,18,57,0.316,0.493
2022-23,1629111,Jock Landale,1610612756,PHX,69,35,34,978,30,99,0.303,81,21,80,0.263,0.409
2022-23,203925,Joe Harris,1610612751,BKN,74,40,34,1527,126,294,0.429,375,123,287,0.429,0.638
2022-23,204060,Joe Ingles,1610612749,MIL,46,32,14,1043,53,137,0.387,159,53,136,0.39,0.58
2022-23,1630580,Joe Wieskamp,1610612761,TOR,9,6,3,50,3,11,0.273,9,3,11,0.273,0.409
2022-23,203954,Joel Embiid,1610612755,PHI,66,43,23,2284,114,240,0.475,277,49,123,0.398,0.577
2022-23,1631219,John Butler Jr.,1610612757,POR,19,4,15,221,6,28,0.214,18,6,28,0.214,0.321
2022-23,1628381,John Collins,1610612737,ATL,71,37,34,2130,91,271,0.336,252,70,235,0.298,0.465
2022-23,1629723,John Konchar,1610612763,MEM,72,45,27,1494,54,162,0.333,160,52,156,0.333,0.494
2022-23,202322,John Wall,1610612746,LAC,34,15,19,755,30,86,0.349,90,30,85,0.353,0.523
2022-23,1631098,Johnny Davis,1610612764,WAS,28,10,18,423,17,56,0.304,50,16,55,0.291,0.446
2022-23,1630548,Johnny Juzang,1610612762,UTA,18,6,12,232,11,49,0.224,33,11,47,0.234,0.337
2022-23,202685,Jonas Valanciunas,1610612740,NOP,79,40,39,1968,76,197,0.386,190,38,105,0.362,0.482
2022-23,1628371,Jonathan Isaac,1610612753,ORL,11,8,3,124,10,21,0.476,26,6,14,0.429,0.619
2022-23,1630228,Jonathan Kuminga,1610612744,GSW,67,38,29,1394,53,141,0.376,153,47,126,0.373,0.543
2022-23,203903,Jordan Clarkson,1610612762,UTA,61,30,31,1988,84,248,0.339,250,82,242,0.339,0.504
2022-23,1630692,Jordan Goodwin,1610612764,WAS,62,22,40,1105,28,82,0.341,83,27,79,0.342,0.506
2022-23,1631160,Jordan Hall,1610612759,SAS,9,1,8,83,2,14,0.143,5,1,12,0.083,0.179
2022-23,1629162,Jordan McLaughlin,1610612750,MIN,43,22,21,678,16,54,0.296,48,16,54,0.296,0.444
2022-23,1629670,Jordan Nwora,1610612754,IND,62,36,26,1188,72,169,0.426,216,72,166,0.434,0.639
2022-23,1629673,Jordan Poole,1610612744,GSW,82,44,38,2458,127,352,0.361,378,124,341,0.364,0.537
2022-23,1630648,Jordan Schakel,1610612764,WAS,2,0,2,6,0,0,,0,0,0,,
2022-23,1630631,Jose Alvarado,1610612740,NOP,61,30,31,1310,72,216,0.333,216,72,215,0.335,0.5
2022-23,1630528,Josh Christopher,1610612745,HOU,64,16,48,786,12,52,0.231,35,11,50,0.22,0.337
2022-23,1630581,Josh Giddey,1610612760,OKC,76,34,42,2367,77,214,0.36,220,66,196,0.337,0.514
2022-23,1630182,Josh Green,1610612742,DAL,60,27,33,1539,68,162,0.42,202,66,160,0.413,0.623
2022-23,1628404,Josh Hart,1610612752,NYK,76,42,34,2454,61,152,0.401,182,60,147,0.408,0.599
2022-23,1631169,Josh Minott,1610612750,MIN,15,7,8,96,2,5,0.4,6,2,5,0.4,0.6
2022-23,1629006,Josh Okogie,1610612756,PHX,72,38,34,1351,58,166,0.349,172,56,162,0.346,0.518
2022-23,1626196,Josh Richardson,1610612740,NOP,65,24,41,1530,101,265,0.381,296,94,253,0.372,0.558
2022-23,1630563,Joshua Primo,1610612759,SAS,4,3,1,93,2,9,0.222,6,2,9,0.222,0.333
2022-23,201950,Jrue Holiday,1610612749,MIL,67,50,17,2183,56,124,0.452,166,54,119,0.454,0.669
2022-23,1629308,Juan Toscano-Anderson,1610612762,UTA,52,19,33,700,10,41,0.244,28,8,38,0.211,0.341
2022-23,1627823,Juancho Hernangomez,1610612761,TOR,42,20,22,613,17,65,0.262,51,17,64,0.266,0.392
2022-23,1630577,Julian Champagnie,1610612759,SAS,17,7,10,320,23,63,0.365,68,22,61,0.361,0.54
2022-23,203944,Julius Randle,1610612752,NYK,77,44,33,2737,137,392,0.349,403,129,374,0.345,0.514
2022-23,1630551,Justin Champagnie,1610612738,BOS,5,4,1,34,0,4,0,0,0,4,0,0
2022-23,203200,Justin Holiday,1610612742,DAL,46,18,28,706,40,122,0.328,119,39,119,0.328,0.488
2022-23,1628382,Justin Jackson,1610612738,BOS,23,15,8,107,4,18,0.222,12,4,18,0.222,0.333
2022-23,1631303,Justin Minaya,1610612757,POR,4,0,4,89,2,9,0.222,6,2,8,0.25,0.333
2022-23,1626159,Justise Winslow,1610612757,POR,29,15,14,776,15,51,0.294,44,14,44,0.318,0.431
2022-23,203994,Jusuf Nurkić,1610612757,POR,52,24,28,1391,44,121,0.364,129,41,114,0.36,0.533
2022-23,1630231,KJ Martin,1610612745,HOU,82,22,60,2292,68,212,0.321,204,68,211,0.322,0.481
2022-23,1629644,KZ Okpala,1610612758,SAC,35,19,16,248,7,21,0.333,21,7,21,0.333,0.5
2022-23,1630539,Kai Jones,1610612766,CHA,46,13,33,550,4,19,0.211,12,4,18,0.222,0.316
2022-23,1626157,Karl-Anthony Towns,1610612750,MIN,29,15,14,957,55,145,0.379,159,49,133,0.368,0.548
2022-23,202695,Kawhi Leonard,1610612746,LAC,52,33,19,1747,74,167,0.443,205,57,136,0.419,0.614
2022-23,1631099,Keegan Murray,1610612758,SAC,80,47,33,2382,195,474,0.411,582,192,465,0.413,0.614
2022-23,1628966,Keita Bates-Diop,1610612759,SAS,67,18,49,1453,51,128,0.398,153,51,126,0.405,0.598
2022-23,1629640,Keldon Johnson,1610612759,SAS,63,17,46,2063,111,315,0.352,331,109,311,0.35,0.525
2022-23,203482,Kelly Olynyk,1610612762,UTA,68,28,40,1942,84,214,0.393,247,79,205,0.385,0.577
2022-23,1626162,Kelly Oubre Jr.,1610612766,CHA,48,16,32,1548,89,274,0.325,263,85,263,0.323,0.48
2022-23,202689,Kemba Walker,1610612742,DAL,9,5,4,144,1,8,0.125,2,0,7,0,0.125
2022-23,1631112,Kendall Brown,1610612754,IND,6,1,5,40,0,1,0,0,0,1,0,0
2022-23,1629134,Kendrick Nunn,1610612764,WAS,70,30,40,963,48,139,0.345,141,45,134,0.336,0.507
2022-23,1631113,Kennedy Chandler,1610612763,MEM,36,22,14,282,2,11,0.182,6,2,11,0.182,0.273
2022-23,1631254,Kenneth Lofton Jr.,1610612763,MEM,24,15,9,176,7,22,0.318,19,5,14,0.357,0.432
2022-23,1629026,Kenrich Williams,1610612760,OKC,53,26,27,1206,54,127,0.425,154,46,118,0.39,0.606
2022-23,203484,Kentavious Caldwell-Pope,1610612743,DEN,76,51,25,2381,132,294,0.449,382,118,266,0.444,0.65
2022-23,1631165,Keon Ellis,1610612758,SAC,16,7,9,71,3,7,0.429,9,3,7,0.429,0.643
2022-23,1630553,Keon Johnson,1610612757,POR,40,13,27,416,15,47,0.319,45,15,47,0.319,0.479
2022-23,1630556,Kessler Edwards,1610612758,SAC,36,17,19,386,17,55,0.309,51,17,53,0.321,0.464
2022-23,201142,Kevin Durant,1610612756,PHX,47,34,13,1672,82,174,0.471,217,53,123,0.431,0.624
2022-23,1628989,Kevin Huerter,1610612758,SAC,75,44,31,2203,144,360,0.4,422,134,343,0.391,0.586
2022-23,1628995,Kevin Knox II,1610612757,POR,63,12,51,952,55,152,0.362,165,55,151,0.364,0.543
2022-23,201567,Kevin Love,1610612748,MIA,62,35,27,1239,90,264,0.341,263,83,244,0.34,0.498
2022-23,1629645,Kevin Porter Jr.,1610612745,HOU,59,18,41,2024,51,120,0.425,152,50,115,0.435,0.633
2022-23,1630284,Kevon Harris,1610612753,ORL,34,12,22,457,14,31,0.452,42,14,31,0.452,0.677
2022-23,1626172,Kevon Looney,1610612744,GSW,82,44,38,1958,12,24,0.5,24,0,1,0,0.5
2022-23,203920,Khem Birch,1610612759,SAS,20,9,11,162,2,5,0.4,5,1,2,0.5,0.5
2022-23,203114,Khris Middleton,1610612749,MIL,33,25,8,801,28,92,0.304,79,23,78,0.295,0.429
2022-23,1630165,Killian Hayes,1610612765,DET,76,16,60,2154,59,195,0.303,171,53,183,0.29,0.438
2022-23,1630184,Kira Lewis Jr.,1610612740,NOP,25,11,14,235,12,29,0.414,36,12,28,0.429,0.621
2022-23,202691,Klay Thompson,1610612744,GSW,69,38,31,2279,249,603,0.413,721,223,539,0.414,0.598
2022-23,1628424,Kobi Simmons,1610612766,CHA,5,1,4,28,0,2,0,0,0,2,0,0
2022-23,1627739,Kris Dunn,1610612762,UTA,22,8,14,568,13,30,0.433,39,13,29,0.448,0.65
2022-23,204001,Kristaps Porziņģis,1610612764,WAS,65,27,38,2120,140,351,0.399,401,121,308,0.393,0.571
2022-23,203937,Kyle Anderson,1610612750,MIN,69,36,33,1957,44,99,0.444,122,34,82,0.415,0.616
2022-23,1628398,Kyle Kuzma,1610612764,WAS,64,29,35,2239,115,342,0.336,341,111,328,0.338,0.499
2022-23,200768,Kyle Lowry,1610612748,MIA,55,30,25,1718,67,198,0.338,201,67,197,0.34,0.508
2022-23,202681,Kyrie Irving,1610612742,DAL,60,32,28,2241,83,215,0.386,239,73,193,0.378,0.556
2022-23,1630163,LaMelo Ball,1610612766,CHA,36,13,23,1268,80,199,0.402,240,80,198,0.404,0.603
2022-23,1630205,Lamar Stevens,1610612739,CLE,62,39,23,1120,32,97,0.33,94,30,93,0.323,0.485
2022-23,1629013,Landry Shamet,1610612756,PHX,40,19,21,807,56,139,0.403,167,55,136,0.404,0.601
2022-23,1626204,Larry Nance Jr.,1610612740,NOP,65,34,31,1381,25,64,0.391,64,14,41,0.341,0.5
2022-23,1628374,Lauri Markkanen,1610612762,UTA,66,32,34,2272,191,464,0.412,565,183,450,0.407,0.609
2022-23,2544,LeBron James,1610612747,LAL,55,30,25,1954,79,217,0.364,224,66,189,0.349,0.516
2022-23,1630195,Leandro Bolmaro,1610612762,UTA,14,8,6,68,0,4,0,0,0,4,0,0
2022-23,1631311,Lester Quiñones,1610612744,GSW,4,4,0,18,1,2,0.5,3,1,2,0.5,0.75
2022-23,1629623,Lindell Wigginton,1610612749,MIL,7,4,3,87,6,13,0.462,18,6,13,0.462,0.692
2022-23,1630322,Lindy Waters III,1610612760,OKC,41,20,21,531,51,136,0.375,153,51,136,0.375,0.563
2022-23,1629022,Lonnie Walker IV,1610612747,LAL,56,27,29,1297,80,206,0.388,237,77,201,0.383,0.575
2022-23,1629663,Louis King,1610612755,PHI,1,1,0,29,2,4,0.5,6,2,4,0.5,0.75
2022-23,1629652,Luguentz Dort,1610612760,OKC,74,36,38,2272,111,341,0.326,333,111,339,0.327,0.488
2022-23,1629029,Luka Dončić,1610612742,DAL,66,33,33,2390,26,72,0.361,77,25,71,0.352,0.535
2022-23,1630568,Luka Garza,1610612750,MIN,28,15,13,243,16,42,0.381,46,14,38,0.368,0.548
2022-23,1629677,Luka Samanic,1610612762,UTA,7,2,5,161,8,30,0.267,24,8,30,0.267,0.4
2022-23,1628379,Luke Kennard,1610612763,MEM,59,37,22,1315,115,218,0.528,342,112,213,0.526,0.784
2022-23,1628436,Luke Kornet,1610612738,BOS,69,45,24,804,2,14,0.143,6,2,11,0.182,0.214
2022-23,1630644,Mac McClung,1610612755,PHI,2,2,0,41,3,9,0.333,9,3,9,0.333,0.5
2022-23,1630201,Malachi Flynn,1610612761,TOR,53,29,24,691,34,92,0.37,102,34,92,0.37,0.554
2022-23,1631103,Malaki Branham,1610612759,SAS,66,15,51,1550,67,207,0.324,199,65,198,0.328,0.481
2022-23,1627763,Malcolm Brogdon,1610612738,BOS,67,46,21,1744,70,158,0.443,209,69,156,0.442,0.661
2022-23,1630792,Malcolm Hill,1610612741,CHI,5,4,1,9,1,3,0.333,3,1,3,0.333,0.5
2022-23,1627736,Malik Beasley,1610612747,LAL,81,45,36,2093,183,505,0.362,539,173,485,0.357,0.534
2022-23,1628370,Malik Monk,1610612758,SAC,77,47,30,1719,98,259,0.378,294,98,258,0.38,0.568
2022-23,1629603,Mamadi Diakite,1610612739,CLE,22,15,7,176,7,22,0.318,20,6,19,0.316,0.455
2022-23,1630699,MarJon Beauchamp,1610612749,MIL,52,34,18,701,34,108,0.315,102,34,105,0.324,0.472
2022-23,202694,Marcus Morris Sr.,1610612746,LAC,65,35,30,1825,97,267,0.363,288,94,257,0.366,0.539
2022-23,203935,Marcus Smart,1610612738,BOS,61,43,18,1957,96,277,0.347,286,94,273,0.344,0.516
2022-23,1631109,Mark Williams,1610612766,CHA,43,18,25,828,6,12,0.5,12,,,,0.5
2022-23,1628365,Markelle Fultz,1610612753,ORL,60,29,31,1778,21,71,0.296,61,19,67,0.284,0.43
2022-23,202693,Markieff Morris,1610612742,DAL,35,17,18,355,29,75,0.387,84,26,68,0.382,0.56
2022-23,1630250,Marko Simonovic,1610612741,CHI,7,3,4,20,1,6,0.167,3,1,4,0.25,0.25
2022-23,1628963,Marvin Bagley III,1610612765,DET,42,7,35,990,28,76,0.368,73,17,55,0.309,0.48
2022-23,203486,Mason Plumlee,1610612746,LAC,79,28,51,2053,3,7,0.429,6,,,,0.429
2022-23,1629680,Matisse Thybulle,1610612757,POR,71,38,33,1200,50,138,0.362,149,49,137,0.358,0.54
2022-23,1630346,Matt Ryan,1610612750,MIN,34,15,19,310,30,79,0.38,89,29,75,0.387,0.563
2022-23,203521,Matthew Dellavedova,1610612758,SAC,32,19,13,213,7,22,0.318,21,7,22,0.318,0.477
2022-23,1631108,Max Christie,1610612747,LAL,41,19,22,512,24,60,0.4,72,24,59,0.407,0.6
2022-23,1629622,Max Strus,1610612748,MIA,80,42,38,2272,174,479,0.363,520,172,476,0.361,0.543
2022-23,1628467,Maxi Kleber,1610612742,DAL,37,18,19,930,41,113,0.363,121,39,109,0.358,0.535
2022-23,1630593,McKinley Wright IV,1610612742,DAL,27,14,13,335,7,18,0.389,21,7,18,0.389,0.583
2022-23,203086,Meyers Leonard,1610612749,MIL,9,6,3,114,7,19,0.368,21,7,18,0.389,0.553
2022-23,1629662,Mfiondu Kabengele,1610612738,BOS,4,3,1,36,0,3,0,0,0,3,0,0
2022-23,1630695,Micah Potter,1610612762,UTA,7,4,3,52,4,7,0.571,12,4,7,0.571,0.857
2022-23,203487,Michael Carter-Williams,1610612753,ORL,4,1,3,44,1,3,0.333,3,1,3,0.333,0.5
2022-23,1630701,Michael Foster Jr.,1610612755,PHI,1,1,0,1,0,0,,0,,,,
2022-23,1629008,Michael Porter Jr.,1610612743,DEN,62,41,21,1798,172,375,0.459,492,148,338,0.438,0.656
2022-23,1628969,Mikal Bridges,1610612751,BKN,83,42,41,2963,158,411,0.384,457,141,363,0.388,0.556
2022-23,201144,Mike Conley,1610612750,MIN,67,34,33,2028,69,156,0.442,204,66,151,0.437,0.654
2022-23,203488,Mike Muscala,1610612738,BOS,63,32,31,945,88,223,0.395,248,72,195,0.369,0.556
2022-23,1630540,Miles McBride,1610612752,NYK,64,36,28,760,36,111,0.324,106,34,106,0.321,0.477
2022-23,1629011,Mitchell Robinson,1610612752,NYK,59,35,24,1589,0,0,,0,,,,
2022-23,1628964,Mo Bamba,1610612747,LAL,49,25,24,768,52,125,0.416,151,47,116,0.405,0.604
2022-23,1628420,Monte Morris,1610612764,WAS,62,28,34,1696,54,138,0.391,159,51,132,0.386,0.576
2022-23,1626149,Montrezl Harrell,1610612755,PHI,57,35,22,681,1,8,0.125,2,0,4,0,0.125
2022-23,1629021,Moritz Wagner,1610612753,ORL,57,27,30,1109,50,157,0.318,148,48,155,0.31,0.471
2022-23,1629650,Moses Brown,1610612746,LAC,36,17,19,294,0,0,,0,,,,
2022-23,1630541,Moses Moody,1610612744,GSW,63,37,26,817,43,120,0.358,129,43,118,0.364,0.538
2022-23,1631217,Moussa Diabaté,1610612746,LAC,22,10,12,195,1,2,0.5,3,1,2,0.5,0.75
2022-23,1626167,Myles Turner,1610612754,IND,62,29,33,1825,104,264,0.394,291,83,224,0.371,0.551
2022-23,1630230,Naji Marshall,1610612740,NOP,77,40,37,1792,64,197,0.325,191,63,196,0.321,0.485
2022-23,1629642,Nassir Little,1610612757,POR,54,22,32,976,43,120,0.358,129,43,120,0.358,0.538
2022-23,1631466,Nate Williams,1610612757,POR,5,1,4,127,3,7,0.429,9,3,7,0.429,0.643
2022-23,1630233,Nathan Knight,1610612750,MIN,38,19,19,291,7,18,0.389,21,7,18,0.389,0.583
2022-23,1629675,Naz Reid,1610612750,MIN,68,32,36,1251,72,200,0.36,216,72,198,0.364,0.54
2022-23,1629674,Neemias Queta,1610612758,SAC,5,1,4,29,0,0,,0,,,,
2022-23,203457,Nerlens Noel,1610612751,BKN,17,4,13,195,5,14,0.357,11,1,2,0.5,0.393
2022-23,1629651,Nic Claxton,1610612751,BKN,76,41,35,2271,4,10,0.4,8,0,1,0,0.4
2022-23,1630208,Nick Richards,1610612766,CHA,65,21,44,1218,5,10,0.5,11,1,1,1,0.55
2022-23,1629638,Nickeil Alexander-Walker,1610612750,MIN,59,29,30,884,38,107,0.355,113,37,105,0.352,0.528
2022-23,201587,Nicolas Batum,1610612746,LAC,78,44,34,1710,119,312,0.381,355,117,305,0.384,0.569
2022-23,203999,Nikola Jokić,1610612743,DEN,69,48,21,2323,87,177,0.492,213,39,103,0.379,0.602
2022-23,1631107,Nikola Jović,1610612748,MIA,15,7,8,204,11,41,0.268,30,8,35,0.229,0.366
2022-23,202696,Nikola Vučević,1610612741,CHI,82,40,42,2746,204,509,0.401,529,121,342,0.354,0.52
2022-23,203943,Noah Vonleh,1610612738,BOS,23,17,6,172,1,3,0.333,3,1,3,0.333,0.5
2022-23,1626181,Norman Powell,1610612746,LAC,60,31,29,1567,87,210,0.414,258,84,197,0.426,0.614
2022-23,1628384,OG Anunoby,1610612761,TOR,67,33,34,2386,132,318,0.415,391,127,313,0.406,0.615
2022-23,1630167,Obi Toppin,1610612752,NYK,67,37,30,1051,79,227,0.348,235,77,224,0.344,0.518
2022-23,1630534,Ochai Agbaji,1610612762,UTA,59,29,30,1209,73,194,0.376,219,73,193,0.378,0.564
2022-23,1630846,Olivier Sarr,1610612760,OKC,9,5,4,114,2,9,0.222,5,1,8,0.125,0.278
2022-23,1630209,Omer Yurtseven,1610612748,MIA,9,5,4,83,4,7,0.571,11,3,6,0.5,0.786
2022-23,1630168,Onyeka Okongwu,1610612737,ATL,80,41,39,1849,27,64,0.422,58,4,12,0.333,0.453
2022-23,1631115,Orlando Robinson,1610612748,MIA,31,18,13,425,0,10,0,0,0,6,0,0
2022-23,1629052,Oshae Brissett,1610612754,IND,65,27,38,1083,44,143,0.308,132,44,143,0.308,0.462
2022-23,203490,Otto Porter Jr.,1610612761,TOR,8,4,4,146,6,16,0.375,18,6,16,0.375,0.563
2022-23,1631172,Ousmane Dieng,1610612760,OKC,39,20,19,569,25,86,0.291,75,25,85,0.294,0.436
2022-23,200782,P.J. Tucker,1610612755,PHI,75,48,27,1920,59,145,0.407,172,54,137,0.394,0.593
2022-23,1629023,P.J. Washington,1610612766,CHA,73,24,49,2380,126,371,0.34,373,121,357,0.339,0.503
2022-23,1628408,PJ Dozier,1610612758,SAC,16,11,5,79,1,11,0.091,3,1,11,0.091,0.136
2022-23,1631094,Paolo Banchero,1610612753,ORL,72,31,41,2430,56,163,0.344,164,52,154,0.338,0.503
2022-23,1627783,Pascal Siakam,1610612761,TOR,71,35,36,2652,78,237,0.329,228,72,211,0.341,0.481
2022-23,1626192,Pat Connaughton,1610612749,MIL,61,43,18,1443,103,308,0.334,308,102,307,0.332,0.5
2022-23,1631116,Patrick Baldwin Jr.,1610612744,GSW,31,15,16,226,30,83,0.361,89,29,80,0.363,0.536
2022-23,201976,Patrick Beverley,1610612741,CHI,67,34,33,1817,66,197,0.335,198,66,196,0.337,0.503
2022-23,1630172,Patrick Williams,1610612741,CHI,82,40,42,2323,110,261,0.421,326,106,253,0.419,0.625
2022-23,201988,Patty Mills,1610612751,BKN,40,18,22,567,36,103,0.35,107,35,101,0.347,0.519
2022-23,202331,Paul George,1610612746,LAC,56,32,24,1939,94,242,0.388,269,81,211,0.384,0.556
2022-23,1630194,Paul Reed,1610612755,PHI,69,44,25,755,6,20,0.3,13,1,6,0.167,0.325
2022-23,1630202,Payton Pritchard,1610612738,BOS,48,32,16,643,42,106,0.396,123,39,102,0.382,0.58
2022-23,1631212,Peyton Watson,1610612743,DEN,23,13,10,186,6,13,0.462,18,6,13,0.462,0.692
2022-23,1630173,Precious Achiuwa,1610612761,TOR,55,30,25,1141,31,112,0.277,89,27,96,0.281,0.397
2022-23,1629656,Quentin Grimes,1610612752,NYK,71,41,30,2121,142,354,0.401,424,140,350,0.4,0.599
2022-23,1631245,Quenton Jackson,1610612764,WAS,9,3,6,135,1,10,0.1,3,1,9,0.111,0.15
2022-23,1630181,R.J. Hampton,1610612765,DET,47,9,38,750,34,94,0.362,102,34,91,0.374,0.543
2022-23,1629628,RJ Barrett,1610612752,NYK,73,40,33,2475,114,350,0.326,337,109,337,0.323,0.481
2022-23,1630564,RaiQuan Gray,1610612751,BKN,1,0,1,35,2,5,0.4,6,2,5,0.4,0.6
2022-23,203526,Raul Neto,1610612739,CLE,48,31,17,505,10,33,0.303,30,10,33,0.303,0.455
2022-23,203493,Reggie Bullock Jr.,1610612742,DAL,78,37,41,2364,148,381,0.388,444,148,377,0.393,0.583
2022-23,202704,Reggie Jackson,1610612743,DEN,68,36,32,1657,77,202,0.381,228,74,197,0.376,0.564
2022-23,1626158,Richaun Holmes,1610612758,SAC,42,22,20,348,13,20,0.65,31,5,8,0.625,0.775
2022-23,201937,Ricky Rubio,1610612739,CLE,33,23,10,566,16,58,0.276,48,16,57,0.281,0.414
2022-23,203496,Robert Covington,1610612746,LAC,48,20,28,779,51,126,0.405,153,51,126,0.405,0.607
2022-23,1629057,Robert Williams III,1610612738,BOS,35,24,11,824,3,7,0.429,6,0,1,0,0.429
2022-23,201577,Robin Lopez,1610612739,CLE,37,25,12,298,3,6,0.5,8,2,4,0.5,0.667
2022-23,203585,Rodney McGruder,1610612765,DET,32,4,28,524,33,84,0.393,99,33,83,0.398,0.589
2022-23,1629641,Romeo Langford,1610612759,SAS,43,14,29,844,17,55,0.309,50,16,54,0.296,0.455
2022-23,1631199,Ron Harper Jr.,1610612761,TOR,9,6,3,48,3,8,0.375,9,3,8,0.375,0.563
2022-23,1626220,Royce O'Neale,1610612751,BKN,76,42,34,2409,139,354,0.393,417,139,353,0.394,0.589
2022-23,200752,Rudy Gay,1610612762,UTA,56,29,27,816,32,116,0.276,91,27,109,0.248,0.392
2022-23,203497,Rudy Gobert,1610612750,MIN,70,34,36,2148,5,13,0.385,10,0,2,0,0.385
2022-23,1629060,Rui Hachimura,1610612747,LAL,63,38,25,1466,60,176,0.341,170,50,155,0.323,0.483
2022-23,201566,Russell Westbrook,1610612746,LAC,73,36,37,2126,56,175,0.32,167,55,172,0.32,0.477
2022-23,1627853,Ryan Arcidiacono,1610612752,NYK,20,9,11,172,7,18,0.389,21,7,18,0.389,0.583
2022-23,1631157,Ryan Rollins,1610612744,GSW,12,5,7,62,3,7,0.429,9,3,7,0.429,0.643
2022-23,1630240,Saben Lee,1610612756,PHX,25,15,10,374,8,19,0.421,24,8,19,0.421,0.632
2022-23,1630180,Saddiq Bey,1610612737,ATL,77,24,53,2129,119,312,0.381,353,115,301,0.382,0.566
2022-23,1630573,Sam Hauser,1610612738,BOS,80,55,25,1290,132,310,0.426,395,131,307,0.427,0.637
2022-23,1630241,Sam Merrill,1610612739,CLE,5,4,1,59,2,11,0.182,6,2,11,0.182,0.273
2022-23,1630572,Sandro Mamukelashvili,1610612759,SAS,43,23,20,660,27,92,0.293,81,27,90,0.3,0.44
2022-23,1630583,Santi Aldama,1610612763,MEM,77,47,30,1682,91,245,0.371,268,86,238,0.361,0.547
2022-23,1630567,Scottie Barnes,1610612761,TOR,77,38,39,2678,55,192,0.286,159,49,163,0.301,0.414
2022-23,1630590,Scotty Pippen Jr.,1610612747,LAL,6,1,5,32,0,1,0,0,0,1,0,0
2022-23,201586,Serge Ibaka,1610612749,MIL,16,11,5,185,5,18,0.278,15,5,17,0.294,0.417
2022-23,203552,Seth Curry,1610612751,BKN,61,37,24,1211,72,175,0.411,209,65,159,0.409,0.597
2022-23,1631101,Shaedon Sharpe,1610612757,POR,80,32,48,1779,73,162,0.451,216,70,154,0.455,0.667
2022-23,1628983,Shai Gilgeous-Alexander,1610612760,OKC,68,33,35,2416,21,59,0.356,58,16,50,0.32,0.492
2022-23,1629003,Shake Milton,1610612755,PHI,76,52,24,1567,50,119,0.42,146,46,115,0.4,0.613
2022-23,1627885,Shaquille Harrison,1610612747,LAL,5,1,4,120,2,5,0.4,6,2,5,0.4,0.6
2022-23,1631323,Simone Fontecchio,1610612762,UTA,52,25,27,766,53,155,0.342,159,53,154,0.344,0.513
2022-23,1630219,Skylar Mays,1610612757,POR,6,1,5,189,6,16,0.375,18,6,16,0.375,0.563
2022-23,203915,Spencer Dinwiddie,1610612751,BKN,79,41,38,2725,86,208,0.413,257,85,204,0.417,0.618
2022-23,1626169,Stanley Johnson,1610612762,UTA,30,5,25,469,17,36,0.472,49,15,33,0.455,0.681
2022-23,1630649,Stanley Umude,1610612765,DET,1,0,1,2,0,1,0,0,0,1,0,0
2022-23,201939,Stephen Curry,1610612744,GSW,56,30,26,1941,123,295,0.417,365,119,286,0.416,0.619
2022-23,1628425,Sterling Brown,1610612747,LAL,4,2,2,24,0,2,0,0,0,2,0,0
2022-23,203500,Steven Adams,1610612763,MEM,42,28,14,1133,2,6,0.333,4,0,1,0,0.333
2022-23,1629004,Svi Mykhailiuk,1610612766,CHA,32,16,16,468,27,61,0.443,79,25,57,0.439,0.648
2022-23,204456,T.J. McConnell,1610612754,IND,75,31,44,1526,17,49,0.347,48,14,41,0.341,0.49
2022-23,203933,T.J. Warren,1610612756,PHX,42,26,16,687,29,71,0.408,79,21,58,0.362,0.556
2022-23,201959,Taj Gibson,1610612764,WAS,49,21,28,480,16,41,0.39,40,8,22,0.364,0.488
2022-23,1629659,Talen Horton-Tucker,1610612762,UTA,65,30,35,1313,32,109,0.294,96,32,107,0.299,0.44
2022-23,1631106,Tari Eason,1610612745,HOU,82,22,60,1767,57,165,0.345,171,57,159,0.358,0.518
2022-23,1627752,Taurean Prince,1610612750,MIN,54,31,23,1193,62,150,0.413,185,61,149,0.409,0.617
2022-23,1629611,Terance Mann,1610612746,LAC,81,44,37,1872,57,145,0.393,171,57,143,0.399,0.59
2022-23,1629056,Terence Davis,1610612758,SAC,64,38,26,841,65,180,0.361,194,64,179,0.358,0.539
2022-23,203082,Terrence Ross,1610612756,PHX,63,27,36,1331,87,228,0.382,255,81,209,0.388,0.559
2022-23,1626179,Terry Rozier,1610612766,CHA,63,19,44,2221,81,230,0.352,237,75,222,0.338,0.515
2022-23,1630678,Terry Taylor,1610612741,CHI,31,13,18,263,5,18,0.278,15,5,18,0.278,0.417
2022-23,201152,Thaddeus Young,1610612761,TOR,54,23,31,795,7,37,0.189,20,6,33,0.182,0.27
2022-23,203648,Thanasis Antetokounmpo,1610612749,MIL,37,25,12,206,0,6,0,0,0,6,0,0
2022-23,1630177,Theo Maledon,1610612766,CHA,44,14,30,854,21,56,0.375,61,19,53,0.358,0.545
2022-23,1629033,Theo Pinson,1610612742,DAL,40,19,21,323,17,52,0.327,51,17,52,0.327,0.49
2022-23,1628418,Thomas Bryant,1610612743,DEN,59,33,26,1081,49,103,0.476,123,25,57,0.439,0.597
2022-23,203501,Tim Hardaway Jr.,1610612742,DAL,71,37,34,2152,175,441,0.397,517,167,425,0.393,0.586
2022-23,202699,Tobias Harris,1610612755,PHI,74,47,27,2436,115,301,0.382,341,111,287,0.387,0.566
2022-23,1628396,Tony Bradley,1610612741,CHI,12,5,7,33,3,6,0.5,9,3,5,0.6,0.75
2022-23,1628470,Torrey Craig,1610612756,PHX,79,44,35,1948,101,253,0.399,298,96,240,0.4,0.589
2022-23,1629027,Trae Young,1610612737,ATL,73,38,35,2541,35,97,0.361,104,34,92,0.37,0.536
2022-23,1630200,Tre Jones,1610612759,SAS,68,20,48,1984,36,116,0.31,106,34,113,0.301,0.457
2022-23,1630544,Tre Mann,1610612760,OKC,67,31,36,1183,36,107,0.336,107,35,106,0.33,0.5
2022-23,1630570,Trendon Watford,1610612757,POR,62,26,36,1182,27,68,0.397,78,24,61,0.393,0.574
2022-23,1630235,Trent Forrest,1610612737,ATL,23,9,14,277,0,1,0,0,0,1,0,0
2022-23,1630243,Trevelin Queen,1610612755,PHI,7,2,5,70,1,5,0.2,3,1,5,0.2,0.3
2022-23,1631309,Trevor Hudgins,1610612745,HOU,5,0,5,28,2,3,0.667,6,2,3,0.667,1
2022-23,1631211,Trevor Keels,1610612752,NYK,3,3,0,8,1,4,0.25,3,1,4,0.25,0.375
2022-23,1626168,Trey Lyles,1610612758,SAC,74,43,31,1247,82,219,0.374,246,82,219,0.374,0.562
2022-23,1630530,Trey Murphy III,1610612740,NOP,79,39,40,2448,186,460,0.404,554,182,447,0.407,0.602
2022-23,1628972,Troy Brown Jr.,1610612747,LAL,76,40,36,1860,99,253,0.391,295,97,249,0.39,0.583
2022-23,1629660,Ty Jerome,1610612744,GSW,45,22,23,816,24,61,0.393,72,24,61,0.393,0.59
2022-23,1631102,TyTy Washington Jr.,1610612745,HOU,31,6,25,433,14,57,0.246,42,14,57,0.246,0.368
2022-23,1628416,Tyler Dorsey,1610612742,DAL,3,2,1,8,1,2,0.5,3,1,2,0.5,0.75
2022-23,1629639,Tyler Herro,1610612748,MIA,67,37,30,2335,110,282,0.39,325,105,274,0.383,0.576
2022-23,1630169,Tyrese Haliburton,1610612754,IND,56,28,28,1883,37,93,0.398,111,37,93,0.398,0.597
2022-23,1631213,Tyrese Martin,1610612737,ATL,16,10,6,66,0,7,0,0,0,6,0,0
2022-23,1630178,Tyrese Maxey,1610612755,PHI,60,39,21,2016,96,213,0.451,288,96,211,0.455,0.676
2022-23,1626145,Tyus Jones,1610612763,MEM,80,51,29,1939,86,229,0.376,258,86,228,0.377,0.563
2022-23,1628962,Udoka Azubuike,1610612762,UTA,36,17,19,359,0,2,0,0,,,,0
2022-23,2617,Udonis Haslem,1610612748,MIA,7,4,3,72,4,14,0.286,11,3,8,0.375,0.393
2022-23,1630586,Usman Garuba,1610612745,HOU,75,21,54,970,24,57,0.421,72,24,57,0.421,0.632
2022-23,1630176,Vernon Carey Jr.,1610612762,UTA,11,8,3,28,0,2,0,0,,,,0
2022-23,203506,Victor Oladipo,1610612748,MIA,42,23,19,1106,38,122,0.311,113,37,121,0.306,0.463
2022-23,1631246,Vince Williams Jr.,1610612763,MEM,15,7,8,105,4,27,0.148,12,4,27,0.148,0.222
2022-23,1628427,Vlatko Cancar,1610612743,DEN,60,38,22,889,43,113,0.381,126,40,107,0.374,0.558
2022-23,1630249,Vít Krejčí,1610612737,ATL,29,15,14,165,3,16,0.188,9,3,16,0.188,0.281
2022-23,1631117,Walker Kessler,1610612762,UTA,74,34,40,1703,3,8,0.375,7,1,3,0.333,0.438
2022-23,1628976,Wendell Carter Jr.,1610612753,ORL,57,26,31,1690,94,258,0.364,265,77,216,0.356,0.514
2022-23,1631111,Wendell Moore Jr.,1610612750,MIN,29,16,13,153,1,15,0.067,3,1,15,0.067,0.1
2022-23,1629117,Wenyen Gabriel,1610612747,LAL,68,37,31,1024,12,42,0.286,33,9,34,0.265,0.393
2022-23,202083,Wesley Matthews,1610612749,MIL,52,37,15,820,38,112,0.339,111,35,109,0.321,0.496
2022-23,203115,Will Barton,1610612761,TOR,56,27,29,993,46,112,0.411,135,43,103,0.417,0.603
2022-23,1626195,Willy Hernangomez,1610612740,NOP,38,23,15,458,4,15,0.267,11,3,11,0.273,0.367
2022-23,1641645,Xavier Cooks,1610612764,WAS,10,2,8,126,0,0,,0,0,0,,
2022-23,1629875,Xavier Moon,1610612746,LAC,4,2,2,20,1,2,0.5,3,1,2,0.5,0.75
2022-23,1630270,Xavier Sneed,1610612766,CHA,4,0,4,48,3,6,0.5,9,3,6,0.5,0.75
2022-23,1630214,Xavier Tillman,1610612763,MEM,61,40,21,1180,14,34,0.412,32,4,12,0.333,0.471
2022-23,1629139,Yuta Watanabe,1610612751,BKN,58,30,28,928,61,132,0.462,181,59,129,0.457,0.686
2022-23,1628380,Zach Collins,1610612759,SAS,63,20,43,1441,69,177,0.39,191,53,138,0.384,0.54
2022-23,203897,Zach LaVine,1610612741,CHI,77,38,39,2768,101,243,0.416,298,96,231,0.416,0.613
2022-23,1630192,Zeke Nnaji,1610612743,DEN,53,34,19,728,18,63,0.286,53,17,61,0.279,0.421
2022-23,1630533,Ziaire Williams,1610612763,MEM,37,21,16,561,19,82,0.232,56,18,79,0.228,0.341
2022-23,1629627,Zion Williamson,1610612740,NOP,29,17,12,956,6,14,0.429,18,6,14,0.429,0.643
2023-24,1630639,A.J. Lawson,1610612742,DAL,42,27,15,311,15,51,0.294,43,13,49,0.265,0.422
2023-24,1631260,AJ Green,1610612749,MIL,56,35,21,614,61,142,0.43,181,59,140,0.421,0.637
2023-24,1631100,AJ Griffin,1610612737,ATL,20,8,12,171,5,24,0.208,15,5,23,0.217,0.313
2023-24,203932,Aaron Gordon,1610612743,DEN,73,49,24,2297,32,110,0.291,92,28,94,0.298,0.418
2023-24,1628988,Aaron Holiday,1610612745,HOU,78,39,39,1269,67,160,0.419,200,66,158,0.418,0.625
2023-24,1630174,Aaron Nesmith,1610612754,IND,72,41,31,1995,126,293,0.43,376,124,291,0.426,0.642
2023-24,1630598,Aaron Wiggins,1610612760,OKC,78,55,23,1228,54,113,0.478,162,54,112,0.482,0.717
2023-24,1641745,Adam Flagler,1610612760,OKC,2,2,0,14,0,2,0,0,0,2,0,0
2023-24,1641766,Adama Sanogo,1610612741,CHI,9,3,6,66,0,0,,0,,,,
2023-24,1629678,Admiral Schofield,1610612753,ORL,23,15,8,84,5,14,0.357,15,5,14,0.357,0.536
2023-24,201143,Al Horford,1610612738,BOS,65,51,14,1740,109,253,0.431,321,103,240,0.429,0.634
2023-24,202692,Alec Burks,1610612752,NYK,66,18,48,1212,82,205,0.4,246,82,203,0.404,0.6
2023-24,1630197,Aleksej Pokusevski,1610612766,CHA,28,14,14,405,16,49,0.327,47,15,46,0.326,0.48
2023-24,1627936,Alex Caruso,1610612741,CHI,71,34,37,2040,110,274,0.401,330,110,271,0.406,0.602
2023-24,1641788,Alex Fudge,1610612742,DAL,6,1,5,40,1,6,0.167,3,1,5,0.2,0.25
2023-24,203458,Alex Len,1610612758,SAC,48,24,24,444,4,11,0.364,8,0,3,0,0.364
2023-24,1631214,Alondes Williams,1610612748,MIA,7,5,2,16,0,4,0,0,0,4,0,0
2023-24,1630578,Alperen Sengun,1610612745,HOU,63,29,34,2046,67,165,0.406,162,28,84,0.333,0.491
2023-24,1641735,Amari Bailey,1610612766,CHA,10,1,9,65,1,7,0.143,3,1,7,0.143,0.214
2023-24,1641708,Amen Thompson,1610612745,HOU,62,30,32,1389,11,55,0.2,30,8,47,0.17,0.273
2023-24,1629599,Amir Coffey,1610612746,LAC,70,46,24,1461,66,166,0.398,196,64,163,0.393,0.59
2023-24,203083,Andre Drummond,1610612741,CHI,79,37,42,1351,4,13,0.308,8,0,2,0,0.308
2023-24,1641748,Andre Jackson Jr.,1610612749,MIL,57,33,24,572,18,42,0.429,51,15,39,0.385,0.607
2023-24,1641847,Andrew Funk,1610612741,CHI,5,3,2,13,0,3,0,0,0,3,0,0
2023-24,1629614,Andrew Nembhard,1610612754,IND,68,41,27,1697,57,146,0.39,166,52,133,0.391,0.568
2023-24,203952,Andrew Wiggins,1610612744,GSW,71,38,33,1920,78,228,0.342,230,74,213,0.347,0.504
2023-24,1629014,Anfernee Simons,1610612757,POR,46,11,35,1582,74,176,0.42,221,73,171,0.427,0.628
2023-24,1641710,Anthony Black,1610612753,ORL,69,39,30,1164,34,90,0.378,101,33,85,0.388,0.561
2023-24,203076,Anthony Davis,1610612747,LAL,76,45,31,2700,79,203,0.389,182,24,83,0.289,0.448
2023-24,1630162,Anthony Edwards,1610612750,MIN,79,54,25,2770,73,182,0.401,215,69,168,0.411,0.591
2023-24,1630264,Anthony Gill,1610612764,WAS,50,9,41,466,9,41,0.22,26,8,38,0.211,0.317
2023-24,1629717,Armoni Brooks,1610612751,BKN,10,3,7,104,10,26,0.385,30,10,26,0.385,0.577
2023-24,1630204,Ashton Hagans,1610612757,POR,19,3,16,316,8,23,0.348,24,8,23,0.348,0.522
2023-24,1641709,Ausar Thompson,1610612765,DET,63,10,53,1583,24,116,0.207,67,19,100,0.19,0.289
2023-24,1630559,Austin Reaves,1610612747,LAL,82,47,35,2629,92,249,0.369,274,90,245,0.367,0.55
2023-24,1630245,Ayo Dosunmu,1610612741,CHI,76,37,39,2212,105,253,0.415,309,99,244,0.406,0.611
2023-24,1628389,Bam Adebayo,1610612748,MIA,71,40,31,2416,73,178,0.41,159,13,32,0.406,0.447
2023-24,1641767,Ben Sheppard,1610612754,IND,57,32,25,814,47,146,0.322,140,46,145,0.317,0.479
2023-24,1627732,Ben Simmons,1610612751,BKN,15,7,8,359,0,2,0,0,,,,0
2023-24,1631097,Bennedict Mathurin,1610612754,IND,59,33,26,1538,38,97,0.392,110,34,88,0.386,0.567
2023-24,1641731,Bilal Coulibaly,1610612764,WAS,63,11,52,1715,57,170,0.335,171,57,168,0.339,0.503
2023-24,202687,Bismack Biyombo,1610612760,OKC,40,20,20,791,0,0,,0,,,,
2023-24,1631104,Blake Wesley,1610612759,SAS,61,19,42,876,13,53,0.245,38,12,47,0.255,0.358
2023-24,1626246,Boban Marjanovic,1610612745,HOU,14,9,5,71,1,3,0.333,2,0,0,,0.333
2023-24,1626171,Bobby Portis Jr.,1610612749,MIL,82,49,33,2008,115,278,0.414,326,96,239,0.402,0.586
2023-24,203992,Bogdan Bogdanović,1610612737,ATL,79,35,44,2401,196,517,0.379,573,181,483,0.375,0.554
2023-24,202711,Bojan Bogdanovic,1610612752,NYK,57,20,37,1478,104,252,0.413,307,99,243,0.407,0.609
2023-24,1629626,Bol Bol,1610612756,PHX,43,28,15,469,22,48,0.458,61,17,39,0.436,0.635
2023-24,1630538,Bones Hyland,1610612746,LAC,37,20,17,540,21,63,0.333,61,19,61,0.311,0.484
2023-24,203078,Bradley Beal,1610612756,PHX,53,33,20,1767,81,179,0.453,234,72,165,0.436,0.654
2023-24,1641764,Brandin Podziemski,1610612744,GSW,74,41,33,1968,58,161,0.36,173,57,159,0.358,0.537
2023-24,1630527,Brandon Boston Jr.,1610612746,LAC,32,17,15,345,8,26,0.308,23,7,23,0.304,0.442
2023-24,1629634,Brandon Clarke,1610612763,MEM,6,2,4,134,5,14,0.357,11,1,6,0.167,0.393
2023-24,1627742,Brandon Ingram,1610612740,NOP,64,38,26,2103,78,196,0.398,214,58,157,0.369,0.546
2023-24,1641706,Brandon Miller,1610612766,CHA,74,18,56,2383,153,393,0.389,450,144,376,0.383,0.573
2023-24,1630314,Brandon Williams,1610612742,DAL,17,10,7,113,1,9,0.111,3,1,8,0.125,0.167
2023-24,1630296,Braxton Key,1610612743,DEN,20,14,6,60,2,4,0.5,6,2,4,0.5,0.75
2023-24,1641729,Brice Sensabaugh,1610612762,UTA,32,8,24,584,26,81,0.321,77,25,80,0.313,0.475
2023-24,201572,Brook Lopez,1610612749,MIL,79,48,31,2411,152,392,0.388,442,138,367,0.376,0.564
2023-24,1628971,Bruce Brown,1610612761,TOR,67,26,41,1865,52,149,0.349,149,45,136,0.331,0.5
2023-24,1628981,Bruno Fernando,1610612737,ATL,45,20,25,682,2,8,0.25,4,0,4,0,0.25
2023-24,1631121,Bryce McGowens,1610612766,CHA,59,11,48,882,30,91,0.33,90,30,91,0.33,0.495
2023-24,1631205,Buddy Boeheim,1610612765,DET,10,0,10,84,8,22,0.364,24,8,22,0.364,0.545
2023-24,1627741,Buddy Hield,1610612755,PHI,84,46,38,2160,170,404,0.421,505,165,395,0.418,0.625
2023-24,203468,CJ McCollum,1610612740,NOP,66,42,24,2159,136,318,0.428,407,135,315,0.429,0.64
2023-24,1630595,Cade Cunningham,1610612765,DET,62,9,53,2074,80,216,0.37,236,76,205,0.371,0.546
2023-24,1631216,Caleb Houstan,1610612753,ORL,59,31,28,815,71,189,0.376,213,71,188,0.378,0.563
2023-24,1628997,Caleb Martin,1610612748,MIA,64,36,28,1757,77,206,0.374,220,66,189,0.349,0.534
2023-24,1629629,Cam Reddish,1610612747,LAL,48,27,21,984,33,108,0.306,99,33,102,0.324,0.458
2023-24,1630560,Cam Thomas,1610612751,BKN,66,23,43,2075,78,174,0.448,227,71,163,0.436,0.652
2023-24,1641715,Cam Whitmore,1610612745,HOU,47,19,28,880,61,144,0.424,181,59,138,0.428,0.628
2023-24,1629661,Cameron Johnson,1610612751,BKN,58,21,37,1599,121,288,0.42,360,118,280,0.421,0.625
2023-24,1626166,Cameron Payne,1610612755,PHI,78,46,32,1304,61,163,0.374,180,58,159,0.365,0.552
2023-24,1627747,Caris LeVert,1610612739,CLE,68,38,30,1958,71,194,0.366,212,70,192,0.365,0.546
2023-24,1641717,Cason Wallace,1610612760,OKC,82,57,25,1692,92,209,0.44,275,91,206,0.442,0.658
2023-24,1626224,Cedi Osman,1610612759,SAS,72,17,55,1269,83,202,0.411,248,82,200,0.41,0.614
2023-24,1629646,Charles Bassey,1610612759,SAS,19,3,16,205,3,6,0.5,6,0,0,,0.5
2023-24,1629718,Charlie Brown Jr.,1610612752,NYK,8,2,6,37,2,6,0.333,6,2,6,0.333,0.5
2023-24,1631096,Chet Holmgren,1610612760,OKC,82,57,25,2413,137,352,0.389,398,124,322,0.385,0.565
2023-24,1629002,Chimezie Metu,1610612765,DET,51,24,27,859,24,81,0.296,72,24,81,0.296,0.444
2023-24,1628449,Chris Boucher,1610612761,TOR,50,16,34,705,30,90,0.333,89,29,88,0.33,0.494
2023-24,1630537,Chris Duarte,1610612758,SAC,59,35,24,720,31,99,0.313,93,31,95,0.326,0.47
2023-24,1641753,Chris Livingston,1610612749,MIL,21,13,8,91,1,5,0.2,3,1,5,0.2,0.3
2023-24,101108,Chris Paul,1610612744,GSW,58,33,25,1531,50,117,0.427,147,47,111,0.423,0.628
2023-24,1631128,Christian Braun,1610612743,DEN,82,57,25,1656,46,124,0.371,138,46,122,0.377,0.556
2023-24,1626174,Christian Wood,1610612747,LAL,50,28,22,872,36,114,0.316,105,33,105,0.314,0.461
2023-24,1629643,Chuma Okeke,1610612753,ORL,47,24,23,432,22,72,0.306,65,21,70,0.3,0.451
2023-24,203991,Clint Capela,1610612737,ATL,73,33,40,1883,0,2,0,0,0,0,,0
2023-24,1629632,Coby White,1610612741,CHI,79,37,42,2881,150,411,0.365,445,145,397,0.365,0.541
2023-24,1628998,Cody Martin,1610612766,CHA,28,7,21,753,18,74,0.243,53,17,65,0.262,0.358
2023-24,203469,Cody Zeller,1610612740,NOP,43,26,17,320,3,6,0.5,7,1,3,0.333,0.583
2023-24,1641732,Colby Jones,1610612758,SAC,30,15,15,192,2,20,0.1,6,2,20,0.1,0.15
2023-24,1630175,Cole Anthony,1610612753,ORL,81,47,34,1817,84,227,0.37,248,80,219,0.365,0.546
2023-24,1631306,Cole Swider,1610612748,MIA,18,8,10,87,8,22,0.364,24,8,22,0.364,0.545
2023-24,1630658,Colin Castleton,1610612747,LAL,16,9,7,59,1,1,1,2,,,,1
2023-24,1631221,Collin Gillespie,1610612743,DEN,24,15,9,225,10,26,0.385,30,10,26,0.385,0.577
2023-24,1629012,Collin Sexton,1610612762,UTA,78,29,49,2075,83,184,0.451,246,80,179,0.447,0.668
2023-24,1630557,Corey Kispert,1610612764,WAS,80,15,65,2067,154,394,0.391,461,153,392,0.39,0.585
2023-24,202709,Cory Joseph,1610612744,GSW,26,10,16,296,12,35,0.343,36,12,35,0.343,0.514
2023-24,1641854,Craig Porter Jr.,1610612739,CLE,51,30,21,649,2,6,0.333,6,2,6,0.333,0.5
2023-24,1626156,D'Angelo Russell,1610612747,LAL,76,46,30,2484,143,330,0.433,421,135,314,0.43,0.638
2023-24,1641793,D'Moi Hodge,1610612747,LAL,7,1,6,41,3,11,0.273,9,3,11,0.273,0.409
2023-24,1630618,D.J. Carton,1610612761,TOR,4,2,2,36,1,4,0.25,3,1,4,0.25,0.375
2023-24,1628391,D.J. Wilson,1610612753,ORL,2,1,1,15,2,2,1,6,2,2,1,1.5
2023-24,1629610,DaQuan Jeffries,1610612752,NYK,17,11,6,46,2,8,0.25,6,2,8,0.25,0.375
2023-24,1630227,Daishen Nix,1610612750,MIN,15,11,4,50,3,11,0.273,9,3,11,0.273,0.409
2023-24,1630625,Dalano Banton,1610612757,POR,54,24,30,1047,44,139,0.317,132,44,135,0.326,0.475
2023-24,1631207,Dalen Terry,1610612741,CHI,59,27,32,681,15,66,0.227,45,15,65,0.231,0.341
2023-24,1627745,Damian Jones,1610612739,CLE,39,24,15,270,6,20,0.3,15,3,14,0.214,0.375
2023-24,203081,Damian Lillard,1610612749,MIL,73,48,25,2578,68,205,0.332,201,65,201,0.323,0.49
2023-24,1629655,Daniel Gafford,1610612742,DAL,74,30,44,1814,7,10,0.7,14,,,,0.7
2023-24,1628464,Daniel Theis,1610612746,LAC,60,38,22,1015,33,86,0.384,90,24,62,0.387,0.523
2023-24,201568,Danilo Gallinari,1610612749,MIL,49,15,34,629,31,88,0.352,89,27,77,0.351,0.506
2023-24,201980,Danny Green,1610612755,PHI,2,1,1,18,0,1,0,0,0,1,0,0
2023-24,203957,Dante Exum,1610612742,DAL,55,36,19,1088,50,102,0.49,150,50,99,0.505,0.735
2023-24,1627863,Danuel House Jr.,1610612755,PHI,34,21,13,509,12,37,0.324,36,12,35,0.343,0.486
2023-24,203967,Dario Saric,1610612744,GSW,64,35,29,1098,80,201,0.398,229,69,181,0.381,0.57
2023-24,1641727,Dariq Whitehead,1610612751,BKN,2,1,1,24,0,2,0,0,0,2,0,0
2023-24,1629647,Darius Bazley,1610612762,UTA,9,2,7,152,2,5,0.4,6,2,5,0.4,0.6
2023-24,1629636,Darius Garland,1610612739,CLE,57,31,26,1900,53,148,0.358,156,50,143,0.35,0.527
2023-24,1630561,David Duke Jr.,1610612759,SAS,4,3,1,51,3,6,0.5,8,2,5,0.4,0.667
2023-24,1631223,David Roddy,1610612756,PHX,65,25,40,1177,46,148,0.311,138,46,146,0.315,0.466
2023-24,1630558,Davion Mitchell,1610612758,SAC,72,41,31,1101,46,124,0.371,138,46,124,0.371,0.556
2023-24,202722,Davis Bertans,1610612766,CHA,43,20,23,674,69,177,0.39,204,66,168,0.393,0.576
2023-24,1630549,Day'Ron Sharpe,1610612751,BKN,61,25,36,921,4,17,0.235,12,4,15,0.267,0.353
2023-24,1628368,De'Aaron Fox,1610612758,SAC,74,42,32,2659,93,237,0.392,276,90,230,0.391,0.582
2023-24,1629631,De'Andre Hunter,1610612737,ATL,57,26,31,1681,95,245,0.388,280,90,228,0.395,0.571
2023-24,1629001,De'Anthony Melton,1610612755,PHI,38,25,13,1023,55,153,0.359,163,53,150,0.353,0.533
2023-24,201599,DeAndre Jordan,1610612743,DEN,36,24,12,396,0,1,0,0,,,,0
2023-24,1630610,DeJon Jarreau,1610612763,MEM,9,2,7,150,4,10,0.4,12,4,10,0.4,0.6
2023-24,201942,DeMar DeRozan,1610612741,CHI,79,37,42,2989,93,247,0.377,246,60,174,0.345,0.498
2023-24,1629731,Dean Wade,1610612739,CLE,54,36,18,1108,74,196,0.378,221,73,193,0.378,0.564
2023-24,1629028,Deandre Ayton,1610612757,POR,55,14,41,1783,113,209,0.541,227,1,9,0.111,0.543
2023-24,1627749,Dejounte Murray,1610612737,ATL,78,34,44,2783,119,305,0.39,350,112,286,0.392,0.574
2023-24,1626153,Delon Wright,1610612748,MIA,47,16,31,742,21,51,0.412,63,21,51,0.412,0.618
2023-24,1630166,Deni Avdija,1610612764,WAS,75,14,61,2257,72,173,0.416,210,66,163,0.405,0.607
2023-24,203471,Dennis Schröder,1610612751,BKN,80,30,50,2486,111,287,0.387,330,108,279,0.387,0.575
2023-24,1628372,Dennis Smith Jr.,1610612751,BKN,56,19,37,1059,23,76,0.303,69,23,76,0.303,0.454
2023-24,1641726,Dereck Lively II,1610612742,DAL,55,35,20,1294,1,6,0.167,2,0,2,0,0.167
2023-24,1631220,Dereon Seabron,1610612740,NOP,6,3,3,55,0,1,0,0,0,1,0,0
2023-24,1627884,Derrick Jones Jr.,1610612742,DAL,76,47,29,1783,78,224,0.348,234,78,224,0.348,0.522
2023-24,201565,Derrick Rose,1610612763,MEM,24,6,18,399,9,28,0.321,27,9,28,0.321,0.482
2023-24,1628401,Derrick White,1610612738,BOS,73,58,15,2381,144,345,0.417,432,144,344,0.419,0.626
2023-24,1630217,Desmond Bane,1610612763,MEM,42,14,28,1443,64,147,0.435,189,61,139,0.439,0.643
2023-24,1626164,Devin Booker,1610612756,PHX,68,43,25,2447,67,171,0.392,187,53,142,0.373,0.547
2023-24,1630170,Devin Vassell,1610612759,SAS,68,17,51,2248,119,307,0.388,351,113,286,0.395,0.572
2023-24,1628984,Devonte' Graham,1610612759,SAS,23,8,15,313,12,42,0.286,36,12,42,0.286,0.429
2023-24,1641926,Dexter Dennis,1610612742,DAL,4,1,3,30,1,6,0.167,3,1,6,0.167,0.25
2023-24,1628415,Dillon Brooks,1610612745,HOU,72,36,36,2227,105,291,0.361,308,98,278,0.353,0.529
2023-24,1631376,Dmytro Skapintsev,1610612752,NYK,2,0,2,2,0,0,,0,,,,
2023-24,1627734,Domantas Sabonis,1610612758,SAC,82,46,36,2928,57,140,0.407,143,29,80,0.363,0.511
2023-24,1631230,Dominick Barlow,1610612759,SAS,33,7,26,420,12,28,0.429,27,3,8,0.375,0.482
2023-24,1628378,Donovan Mitchell,1610612739,CLE,55,36,19,1943,73,180,0.406,216,70,172,0.407,0.6
2023-24,1628978,Donte DiVincenzo,1610612752,NYK,81,50,31,2360,240,591,0.406,720,240,590,0.407,0.609
2023-24,1627827,Dorian Finney-Smith,1610612751,BKN,68,28,40,1935,106,303,0.35,316,104,298,0.349,0.521
2023-24,203926,Doug McDermott,1610612754,IND,64,22,42,904,87,211,0.412,257,83,206,0.403,0.609
2023-24,203110,Draymond Green,1610612744,GSW,55,33,22,1490,52,134,0.388,152,48,120,0.4,0.567
2023-24,1629234,Drew Eubanks,1610612756,PHX,75,42,33,1169,6,15,0.4,15,3,3,1,0.5
2023-24,1641809,Drew Peterson,1610612738,BOS,3,3,0,23,3,5,0.6,9,3,5,0.6,0.9
2023-24,1630696,Dru Smith,1610612748,MIA,9,7,2,131,6,14,0.429,18,6,14,0.429,0.643
2023-24,1629130,Duncan Robinson,1610612748,MIA,68,38,30,1905,123,313,0.393,368,122,309,0.395,0.588
2023-24,1641871,Duop Reath,1610612757,POR,68,17,51,1214,83,232,0.358,248,82,231,0.355,0.534
2023-24,203939,Dwight Powell,1610612742,DAL,63,38,25,836,1,3,0.333,3,1,3,0.333,0.5
2023-24,1629685,Dylan Windler,1610612737,ATL,17,9,8,108,9,21,0.429,27,9,21,0.429,0.643
2023-24,1630700,Dyson Daniels,1610612740,NOP,61,34,27,1359,39,119,0.328,116,38,118,0.322,0.487
2023-24,1630604,E.J. Liddell,1610612740,NOP,8,3,5,23,0,5,0,0,0,5,0,0
2023-24,1641734,Emoni Bates,1610612739,CLE,15,8,7,133,5,19,0.263,15,5,19,0.263,0.395
2023-24,201569,Eric Gordon,1610612756,PHX,68,41,27,1893,132,344,0.384,395,131,342,0.383,0.574
2023-24,1630647,Eugene Omoruyi,1610612764,WAS,43,5,38,393,11,39,0.282,33,11,39,0.282,0.423
2023-24,203095,Evan Fournier,1610612765,DET,32,8,24,580,26,89,0.292,76,24,86,0.279,0.427
2023-24,1630596,Evan Mobley,1610612739,CLE,50,29,21,1532,30,84,0.357,81,21,58,0.362,0.482
2023-24,1630196,Filip Petrusev,1610612755,PHI,3,2,1,9,1,2,0.5,2,,,,0.5
2023-24,1628373,Frank Ntilikina,1610612766,CHA,5,0,5,43,1,8,0.125,3,1,8,0.125,0.188
2023-24,1630532,Franz Wagner,1610612753,ORL,72,44,28,2337,62,214,0.29,185,61,208,0.293,0.432
2023-24,1627832,Fred VanVleet,1610612745,HOU,73,38,35,2684,101,241,0.419,300,98,231,0.424,0.622
2023-24,1627788,Furkan Korkmaz,1610612755,PHI,35,22,13,300,9,28,0.321,27,9,27,0.333,0.482
2023-24,1641713,GG Jackson,1610612763,MEM,48,14,34,1233,83,227,0.366,249,83,225,0.369,0.548
2023-24,1629216,Gabe Vincent,1610612747,LAL,11,7,4,218,2,15,0.133,6,2,15,0.133,0.2
2023-24,202066,Garrett Temple,1610612761,TOR,27,5,22,289,11,33,0.333,33,11,32,0.344,0.5
2023-24,1629726,Garrison Mathews,1610612737,ATL,66,29,37,992,72,166,0.434,216,72,165,0.436,0.651
2023-24,203914,Gary Harris,1610612753,ORL,54,35,19,1297,75,197,0.381,220,70,189,0.37,0.558
2023-24,1627780,Gary Payton II,1610612744,GSW,44,27,17,680,20,54,0.37,60,20,54,0.37,0.556
2023-24,1629018,Gary Trent Jr.,1610612761,TOR,71,24,47,1994,144,332,0.434,426,138,320,0.431,0.642
2023-24,1627777,Georges Niang,1610612739,CLE,82,48,34,1831,135,349,0.387,404,134,345,0.388,0.579
2023-24,203507,Giannis Antetokounmpo,1610612749,MIL,73,45,28,2567,15,47,0.319,41,11,41,0.268,0.436
2023-24,1629048,Goga Bitadze,1610612753,ORL,62,34,28,957,2,15,0.133,6,2,14,0.143,0.2
2023-24,202330,Gordon Hayward,1610612760,OKC,51,25,26,1245,46,102,0.451,125,33,76,0.434,0.613
2023-24,1641711,Gradey Dick,1610612761,TOR,60,18,42,1268,86,211,0.408,247,75,191,0.393,0.585
2023-24,1629684,Grant Williams,1610612766,CHA,76,34,42,2130,110,305,0.361,328,108,293,0.369,0.538
2023-24,1628960,Grayson Allen,1610612756,PHX,75,45,30,2513,165,361,0.457,494,164,360,0.456,0.684
2023-24,1630535,Greg Brown III,1610612742,DAL,6,3,3,40,1,3,0.333,3,1,3,0.333,0.5
2023-24,1630611,Gui Santos,1610612744,GSW,23,17,6,192,10,24,0.417,30,10,24,0.417,0.625
2023-24,1628977,Hamidou Diallo,1610612764,WAS,2,1,1,5,0,0,,0,,,,
2023-24,203084,Harrison Barnes,1610612758,SAC,82,46,36,2381,124,327,0.379,372,124,325,0.382,0.569
2023-24,1628385,Harry Giles III,1610612747,LAL,23,11,12,100,4,15,0.267,11,3,13,0.231,0.367
2023-24,1629312,Haywood Highsmith,1610612748,MIA,66,39,27,1366,74,185,0.4,221,73,181,0.403,0.597
2023-24,1630929,Henri Drell,1610612741,CHI,4,2,2,30,2,6,0.333,6,2,6,0.333,0.5
2023-24,1630529,Herbert Jones,1610612740,NOP,76,46,30,2321,119,278,0.428,349,111,262,0.424,0.628
2023-24,1641816,Hunter Tyson,1610612743,DEN,18,14,4,48,4,12,0.333,11,3,11,0.273,0.458
2023-24,1630641,Ibou Badji,1610612757,POR,22,5,17,226,3,4,0.75,6,,,,0.75
2023-24,1630193,Immanuel Quickley,1610612761,TOR,68,28,40,1985,88,212,0.415,260,84,203,0.414,0.613
2023-24,1630171,Isaac Okoro,1610612739,CLE,69,41,28,1887,80,201,0.398,239,79,200,0.395,0.595
2023-24,1628392,Isaiah Hartenstein,1610612752,NYK,75,47,28,1896,14,29,0.483,28,0,2,0,0.483
2023-24,1630543,Isaiah Jackson,1610612754,IND,60,37,23,771,3,7,0.429,6,0,3,0,0.429
2023-24,1630198,Isaiah Joe,1610612760,OKC,78,54,24,1445,132,298,0.443,389,125,288,0.434,0.653
2023-24,1630587,Isaiah Livers,1610612765,DET,23,1,22,469,20,67,0.299,60,20,66,0.303,0.448
2023-24,1630600,Isaiah Mobley,1610612739,CLE,10,2,8,72,3,10,0.3,9,3,10,0.3,0.45
2023-24,1630191,Isaiah Stewart,1610612765,DET,46,9,37,1423,64,167,0.383,189,61,160,0.381,0.566
2023-24,202738,Isaiah Thomas,1610612756,PHX,6,4,2,19,1,3,0.333,3,1,2,0.5,0.5
2023-24,1631209,Isaiah Wong,1610612754,IND,1,1,0,4,0,1,0,0,0,1,0,0
2023-24,202397,Ish Smith,1610612766,CHA,43,6,37,741,2,4,0.5,5,1,1,1,0.625
2023-24,1630688,Ish Wainright,1610612756,PHX,11,2,9,62,6,17,0.353,18,6,17,0.353,0.529
2023-24,1627826,Ivica Zubac,1610612746,LAC,68,42,26,1794,7,17,0.412,14,,,,0.412
2023-24,1631167,Izaiah Brockington,1610612740,NOP,1,1,0,3,0,0,,0,0,0,,
2023-24,1631120,JD Davison,1610612738,BOS,8,8,0,39,1,3,0.333,3,1,3,0.333,0.5
2023-24,1630550,JT Thor,1610612766,CHA,63,16,47,781,33,87,0.379,93,27,77,0.351,0.534
2023-24,1629630,Ja Morant,1610612763,MEM,9,6,3,318,5,19,0.263,15,5,19,0.263,0.395
2023-24,201580,JaVale McGee,1610612758,SAC,46,28,18,339,4,12,0.333,9,1,6,0.167,0.375
2023-24,1631095,Jabari Smith Jr.,1610612745,HOU,76,39,37,2424,129,343,0.376,379,121,320,0.378,0.552
2023-24,1631133,Jabari Walker,1610612757,POR,72,18,54,1701,44,146,0.301,127,39,132,0.295,0.435
2023-24,1631298,Jack White,1610612760,OKC,4,0,4,64,2,10,0.2,6,2,10,0.2,0.3
2023-24,1631367,Jacob Gilyard,1610612751,BKN,41,12,29,698,37,87,0.425,111,37,86,0.43,0.638
2023-24,1631210,Jacob Toppin,1610612752,NYK,9,2,7,38,0,2,0,0,0,2,0,0
2023-24,1630702,Jaden Hardy,1610612742,DAL,73,44,29,989,61,158,0.386,183,61,155,0.394,0.579
2023-24,1631093,Jaden Ivey,1610612765,DET,77,14,63,2217,94,262,0.359,277,89,251,0.355,0.529
2023-24,1630183,Jaden McDaniels,1610612750,MIN,72,48,24,2105,81,234,0.346,242,80,230,0.348,0.517
2023-24,1630531,Jaden Springer,1610612738,BOS,49,32,17,507,10,44,0.227,29,9,43,0.209,0.33
2023-24,203109,Jae Crowder,1610612749,MIL,50,25,25,1156,55,159,0.346,159,49,145,0.338,0.5
2023-24,1630256,Jae'Sean Tate,1610612745,HOU,65,32,33,1031,23,73,0.315,69,23,71,0.324,0.473
2023-24,1630186,Jahmi'us Ramsey,1610612761,TOR,7,0,7,121,5,19,0.263,15,5,19,0.263,0.395
2023-24,1631170,Jaime Jaquez Jr.,1610612748,MIA,75,44,31,2113,69,199,0.347,201,63,183,0.344,0.505
2023-24,1631222,Jake LaRavia,1610612763,MEM,35,8,27,806,40,115,0.348,120,40,115,0.348,0.522
2023-24,1627751,Jakob Poeltl,1610612761,TOR,50,21,29,1319,21,39,0.538,42,,,,0.538
2023-24,1628973,Jalen Brunson,1610612752,NYK,77,49,28,2726,87,196,0.444,259,85,191,0.445,0.661
2023-24,1630622,Jalen Crutcher,1610612740,NOP,1,1,0,3,0,0,,0,,,,
2023-24,1631105,Jalen Duren,1610612765,DET,61,13,48,1777,6,16,0.375,12,0,1,0,0.375
2023-24,1630224,Jalen Green,1610612745,HOU,82,41,41,2601,84,259,0.324,249,81,256,0.316,0.481
2023-24,1641720,Jalen Hood-Schifino,1610612747,LAL,21,10,11,109,1,5,0.2,3,1,5,0.2,0.3
2023-24,1630552,Jalen Johnson,1610612737,ATL,56,27,29,1889,69,190,0.363,200,62,174,0.356,0.526
2023-24,1629667,Jalen McDaniels,1610612761,TOR,50,12,38,538,12,66,0.182,35,11,63,0.175,0.265
2023-24,1629618,Jalen Pickett,1610612743,DEN,27,20,7,122,7,10,0.7,20,6,9,0.667,1
2023-24,1641771,Jalen Slawson,1610612758,SAC,12,8,4,37,0,2,0,0,0,2,0,0
2023-24,1630188,Jalen Smith,1610612754,IND,61,36,25,1047,59,139,0.424,172,54,132,0.409,0.619
2023-24,1630591,Jalen Suggs,1610612753,ORL,75,43,32,2025,121,293,0.413,358,116,285,0.407,0.611
2023-24,1631114,Jalen Williams,1610612760,OKC,71,51,20,2224,67,153,0.438,197,63,145,0.434,0.644
2023-24,1630592,Jalen Wilson,1610612751,BKN,43,14,29,665,25,65,0.385,73,23,62,0.371,0.562
2023-24,1631288,Jamal Cain,1610612748,MIA,26,14,12,259,10,31,0.323,29,9,28,0.321,0.468
2023-24,1627750,Jamal Murray,1610612743,DEN,59,44,15,1861,58,143,0.406,173,57,141,0.404,0.605
2023-24,1631123,Jamaree Bouyea,1610612759,SAS,9,2,7,95,1,5,0.2,3,1,5,0.2,0.3
2023-24,1630547,James Bouknight,1610612766,CHA,14,0,14,81,6,15,0.4,18,6,15,0.4,0.6
2023-24,201935,James Harden,1610612746,LAC,72,46,26,2470,57,149,0.383,171,57,148,0.385,0.574
2023-24,201949,James Johnson,1610612754,IND,9,4,5,47,0,2,0,0,0,2,0,0
2023-24,1630164,James Wiseman,1610612765,DET,63,9,54,1091,4,22,0.182,8,0,1,0,0.182
2023-24,1641716,Jarace Walker,1610612754,IND,33,18,15,340,15,38,0.395,45,15,38,0.395,0.592
2023-24,1630215,Jared Butler,1610612764,WAS,40,6,34,566,12,40,0.3,36,12,40,0.3,0.45
2023-24,1631197,Jared Rhoden,1610612765,DET,17,2,15,245,11,28,0.393,32,10,26,0.385,0.571
2023-24,1628991,Jaren Jackson Jr.,1610612763,MEM,66,22,44,2124,107,314,0.341,317,103,304,0.339,0.505
2023-24,1629020,Jarred Vanderbilt,1610612747,LAL,29,14,15,581,8,26,0.308,24,8,26,0.308,0.462
2023-24,1628386,Jarrett Allen,1610612739,CLE,77,46,31,2442,41,80,0.513,82,0,4,0,0.513
2023-24,1630554,Jason Preston,1610612762,UTA,7,2,5,71,0,2,0,0,0,2,0,0
2023-24,1631241,Javon Freeman-Liberty,1610612761,TOR,22,3,19,403,10,30,0.333,29,9,29,0.31,0.483
2023-24,1629750,Javonte Green,1610612741,CHI,9,5,4,230,10,27,0.37,30,10,27,0.37,0.556
2023-24,1630606,Javonte Smart,1610612755,PHI,1,1,0,1,0,0,,0,,,,
2023-24,1629637,Jaxson Hayes,1610612747,LAL,70,41,29,877,2,9,0.222,4,0,6,0,0.222
2023-24,1630643,Jay Huff,1610612743,DEN,20,16,4,49,3,9,0.333,9,3,9,0.333,0.5
2023-24,1627759,Jaylen Brown,1610612738,BOS,70,52,18,2343,85,232,0.366,249,79,224,0.353,0.537
2023-24,1629669,Jaylen Nowell,1610612758,SAC,13,3,10,214,5,22,0.227,15,5,21,0.238,0.341
2023-24,1631119,Jaylin Williams,1610612760,OKC,69,48,21,897,58,154,0.377,168,52,138,0.377,0.545
2023-24,1628369,Jayson Tatum,1610612738,BOS,74,57,17,2645,80,188,0.426,231,71,165,0.43,0.614
2023-24,1630288,Jeff Dowtin Jr.,1610612755,PHI,12,7,5,142,3,4,0.75,9,3,4,0.75,1.125
2023-24,201145,Jeff Green,1610612745,HOU,78,39,39,1307,51,152,0.336,150,48,143,0.336,0.493
2023-24,203924,Jerami Grant,1610612757,POR,54,17,37,1830,116,275,0.422,342,110,260,0.423,0.622
2023-24,1630526,Jeremiah Robinson-Earl,1610612740,NOP,39,22,17,334,15,40,0.375,43,13,38,0.342,0.538
2023-24,1631110,Jeremy Sochan,1610612759,SAS,74,18,56,2193,67,196,0.342,191,57,176,0.324,0.487
2023-24,1630579,Jericho Sims,1610612752,NYK,45,30,15,585,0,2,0,0,,,,0
2023-24,1631257,Jermaine Samuels Jr.,1610612745,HOU,14,8,6,60,0,2,0,0,0,2,0,0
2023-24,1629010,Jerome Robinson,1610612744,GSW,22,17,5,81,2,15,0.133,6,2,15,0.133,0.2
2023-24,1641724,Jett Howard,1610612753,ORL,18,9,9,67,5,14,0.357,15,5,14,0.357,0.536
2023-24,1628975,Jevon Carter,1610612741,CHI,72,35,37,1004,55,149,0.369,162,52,145,0.359,0.544
2023-24,202710,Jimmy Butler III,1610612748,MIA,60,33,27,2042,45,102,0.441,123,33,81,0.407,0.603
2023-24,1629111,Jock Landale,1610612745,HOU,56,28,28,763,26,66,0.394,62,10,39,0.256,0.47
2023-24,203925,Joe Harris,1610612765,DET,16,4,12,170,10,28,0.357,30,10,28,0.357,0.536
2023-24,204060,Joe Ingles,1610612753,ORL,68,42,26,1169,57,107,0.533,171,57,107,0.533,0.799
2023-24,203954,Joel Embiid,1610612755,PHI,39,31,8,1309,69,127,0.543,174,36,65,0.554,0.685
2023-24,1628381,John Collins,1610612762,UTA,68,27,41,1901,91,241,0.378,267,85,226,0.376,0.554
2023-24,1629723,John Konchar,1610612763,MEM,55,18,37,1174,38,108,0.352,114,38,108,0.352,0.528
2023-24,1631098,Johnny Davis,1610612764,WAS,50,8,42,613,13,36,0.361,39,13,34,0.382,0.542
2023-24,1630548,Johnny Juzang,1610612762,UTA,20,5,15,372,31,67,0.463,92,30,66,0.455,0.687
2023-24,202685,Jonas Valanciunas,1610612740,NOP,82,49,33,1925,81,201,0.403,196,34,109,0.312,0.488
2023-24,1628371,Jonathan Isaac,1610612753,ORL,58,35,23,915,46,118,0.39,132,40,106,0.377,0.559
2023-24,1630228,Jonathan Kuminga,1610612744,GSW,74,40,34,1950,51,145,0.352,144,42,128,0.328,0.497
2023-24,1629007,Jontay Porter,1610612765,DET,26,6,20,360,19,61,0.311,57,19,56,0.339,0.467
2023-24,203903,Jordan Clarkson,1610612762,UTA,55,22,33,1682,59,169,0.349,171,53,159,0.333,0.506
2023-24,1630259,Jordan Ford,1610612758,SAC,6,2,4,22,1,2,0.5,3,1,2,0.5,0.75
2023-24,1630692,Jordan Goodwin,1610612763,MEM,57,30,27,1056,33,106,0.311,97,31,97,0.32,0.458
2023-24,1641722,Jordan Hawkins,1610612740,NOP,67,38,29,1161,99,255,0.388,293,95,245,0.388,0.575
2023-24,1629162,Jordan McLaughlin,1610612750,MIN,56,35,21,626,36,75,0.48,107,35,74,0.473,0.713
2023-24,1641757,Jordan Miller,1610612746,LAC,8,5,3,28,1,2,0.5,3,1,2,0.5,0.75
2023-24,1629670,Jordan Nwora,1610612761,TOR,52,14,38,711,34,95,0.358,101,33,92,0.359,0.532
2023-24,1629673,Jordan Poole,1610612764,WAS,78,15,63,2346,104,299,0.348,308,100,286,0.35,0.515
2023-24,1641775,Jordan Walsh,1610612738,BOS,9,9,0,83,2,9,0.222,6,2,9,0.222,0.333
2023-24,1630631,Jose Alvarado,1610612740,NOP,56,38,18,1028,62,166,0.373,186,62,166,0.373,0.56
2023-24,1630581,Josh Giddey,1610612760,OKC,80,56,24,2012,84,237,0.354,243,75,218,0.344,0.513
2023-24,1630182,Josh Green,1610612742,DAL,57,32,25,1505,67,174,0.385,201,67,173,0.387,0.578
2023-24,1628404,Josh Hart,1610612752,NYK,81,49,32,2707,64,195,0.328,190,62,189,0.328,0.487
2023-24,1631169,Josh Minott,1610612750,MIN,32,23,9,91,4,9,0.444,12,4,9,0.444,0.667
2023-24,1629006,Josh Okogie,1610612756,PHX,60,37,23,960,26,86,0.302,78,26,86,0.302,0.453
2023-24,1626196,Josh Richardson,1610612748,MIA,43,24,19,1103,66,176,0.375,194,62,170,0.365,0.551
2023-24,1630563,Joshua Primo,1610612746,LAC,2,2,0,10,0,1,0,0,,,,0
2023-24,201950,Jrue Holiday,1610612738,BOS,69,53,16,2263,78,170,0.459,231,75,164,0.457,0.679
2023-24,1629308,Juan Toscano-Anderson,1610612758,SAC,11,7,4,53,1,4,0.25,3,1,4,0.25,0.375
2023-24,1631262,Jules Bernard,1610612764,WAS,19,2,17,149,7,20,0.35,21,7,19,0.368,0.525
2023-24,1630577,Julian Champagnie,1610612759,SAS,74,19,55,1468,91,260,0.35,272,90,257,0.35,0.523
2023-24,1641763,Julian Phillips,1610612741,CHI,40,20,20,323,13,40,0.325,38,12,37,0.324,0.475
2023-24,1631124,Julian Strawther,1610612743,DEN,50,34,16,545,34,114,0.298,102,34,114,0.298,0.447
2023-24,203944,Julius Randle,1610612752,NYK,46,29,17,1630,52,149,0.349,155,51,144,0.354,0.52
2023-24,1630551,Justin Champagnie,1610612764,WAS,15,3,12,235,11,39,0.282,33,11,39,0.282,0.423
2023-24,203200,Justin Holiday,1610612743,DEN,58,38,20,862,50,123,0.407,148,48,121,0.397,0.602
2023-24,1628382,Justin Jackson,1610612750,MIN,2,2,0,1,0,0,,0,,,,
2023-24,1631303,Justin Minaya,1610612757,POR,34,3,31,381,10,46,0.217,30,10,46,0.217,0.326
2023-24,203994,Jusuf Nurkić,1610612756,PHX,76,48,28,2078,26,95,0.274,74,22,85,0.259,0.389
2023-24,1630231,KJ Martin,1610612755,PHI,60,33,27,746,8,28,0.286,24,8,28,0.286,0.429
2023-24,1629232,Kaiser Gates,1610612740,NOP,1,0,1,7,0,2,0,0,0,2,0,0
2023-24,1626157,Karl-Anthony Towns,1610612750,MIN,62,42,20,2026,122,288,0.424,362,118,276,0.428,0.628
2023-24,202695,Kawhi Leonard,1610612746,LAC,68,44,24,2330,96,225,0.427,270,78,183,0.426,0.6
2023-24,1631099,Keegan Murray,1610612758,SAC,77,43,34,2589,166,450,0.369,494,162,432,0.375,0.549
2023-24,1628966,Keita Bates-Diop,1610612751,BKN,53,29,24,665,20,62,0.323,60,20,62,0.323,0.484
2023-24,1629640,Keldon Johnson,1610612759,SAS,69,17,52,2038,104,290,0.359,310,102,283,0.36,0.534
2023-24,203482,Kelly Olynyk,1610612761,TOR,78,31,47,1759,64,148,0.432,183,55,130,0.423,0.618
2023-24,1626162,Kelly Oubre Jr.,1610612755,PHI,68,40,28,2055,74,236,0.314,220,72,231,0.312,0.466
2023-24,1631112,Kendall Brown,1610612754,IND,15,10,5,63,0,3,0,0,0,2,0,0
2023-24,1631254,Kenneth Lofton Jr.,1610612762,UTA,21,7,14,198,9,30,0.3,24,6,21,0.286,0.4
2023-24,1629026,Kenrich Williams,1610612760,OKC,69,49,20,1029,54,133,0.406,161,53,129,0.411,0.605
2023-24,203484,Kentavious Caldwell-Pope,1610612743,DEN,76,54,22,2402,104,260,0.4,306,98,247,0.397,0.588
2023-24,1631165,Keon Ellis,1610612758,SAC,57,33,24,978,51,119,0.429,152,50,118,0.424,0.639
2023-24,1630553,Keon Johnson,1610612751,BKN,5,0,5,61,4,6,0.667,12,4,5,0.8,1
2023-24,1630556,Kessler Edwards,1610612758,SAC,54,32,22,275,21,51,0.412,61,19,47,0.404,0.598
2023-24,201142,Kevin Durant,1610612756,PHX,75,44,31,2791,175,364,0.481,469,119,271,0.439,0.644
2023-24,1628989,Kevin Huerter,1610612758,SAC,64,37,27,1562,91,262,0.347,273,91,261,0.349,0.521
2023-24,1628995,Kevin Knox II,1610612757,POR,31,4,27,560,30,87,0.345,89,29,84,0.345,0.511
2023-24,201567,Kevin Love,1610612748,MIA,55,31,24,924,73,216,0.338,217,71,211,0.336,0.502
2023-24,1630284,Kevon Harris,1610612753,ORL,2,1,1,6,0,0,,0,,,,
2023-24,1626172,Kevon Looney,1610612744,GSW,74,43,31,1194,6,11,0.545,12,,,,0.545
2023-24,1641749,Keyontae Johnson,1610612760,OKC,9,7,2,66,1,3,0.333,3,1,3,0.333,0.5
2023-24,1641718,Keyonte George,1610612762,UTA,75,27,48,2023,71,228,0.311,213,71,224,0.317,0.467
2023-24,203114,Khris Middleton,1610612749,MIL,55,31,24,1487,65,149,0.436,182,52,128,0.406,0.611
2023-24,1630165,Killian Hayes,1610612765,DET,42,7,35,1008,20,67,0.299,57,17,58,0.293,0.425
2023-24,1630184,Kira Lewis Jr.,1610612762,UTA,28,10,18,264,3,24,0.125,9,3,24,0.125,0.188
2023-24,202691,Klay Thompson,1610612744,GSW,77,41,36,2284,228,593,0.384,663,207,543,0.381,0.559
2023-24,1641738,Kobe Brown,1610612746,LAC,44,27,17,394,12,44,0.273,36,12,44,0.273,0.409
2023-24,1641723,Kobe Bufkin,1610612737,ATL,17,8,9,196,4,24,0.167,12,4,23,0.174,0.25
2023-24,1628424,Kobi Simmons,1610612761,TOR,4,0,4,67,1,7,0.143,3,1,7,0.143,0.214
2023-24,1627739,Kris Dunn,1610612762,UTA,66,25,41,1249,37,97,0.381,111,37,96,0.385,0.572
2023-24,1631200,Kris Murray,1610612757,POR,62,12,50,1348,44,161,0.273,132,44,158,0.278,0.41
2023-24,204001,Kristaps Porziņģis,1610612738,BOS,57,43,14,1690,126,303,0.416,358,106,273,0.388,0.591
2023-24,203937,Kyle Anderson,1610612750,MIN,79,55,24,1782,21,58,0.362,52,10,40,0.25,0.448
2023-24,1628398,Kyle Kuzma,1610612764,WAS,70,13,57,2281,110,321,0.343,324,104,293,0.355,0.505
2023-24,200768,Kyle Lowry,1610612755,PHI,60,32,28,1690,64,157,0.408,191,63,155,0.406,0.608
2023-24,202681,Kyrie Irving,1610612742,DAL,58,39,19,2030,89,203,0.438,257,79,188,0.42,0.633
2023-24,1630163,LaMelo Ball,1610612766,CHA,22,7,15,711,37,101,0.366,109,35,98,0.357,0.54
2023-24,1630205,Lamar Stevens,1610612763,MEM,38,22,16,559,20,55,0.364,54,14,43,0.326,0.491
2023-24,1629013,Landry Shamet,1610612764,WAS,46,6,40,726,47,127,0.37,140,46,123,0.374,0.551
2023-24,1626204,Larry Nance Jr.,1610612740,NOP,61,34,27,1216,33,75,0.44,92,26,61,0.426,0.613
2023-24,1628374,Lauri Markkanen,1610612762,UTA,55,22,33,1820,175,421,0.416,518,168,406,0.414,0.615
2023-24,2544,LeBron James,1610612747,LAL,71,41,30,2504,94,203,0.463,275,87,184,0.473,0.677
2023-24,1641778,Leaky Black,1610612766,CHA,26,2,24,284,9,20,0.45,27,9,20,0.45,0.675
2023-24,1631159,Leonard Miller,1610612750,MIN,17,13,4,52,2,6,0.333,6,2,5,0.4,0.5
2023-24,1631311,Lester Quiñones,1610612744,GSW,37,24,13,394,24,62,0.387,71,23,61,0.377,0.573
2023-24,1629623,Lindell Wigginton,1610612749,MIL,3,3,0,8,0,2,0,0,0,2,0,0
2023-24,1630322,Lindy Waters III,1610612760,OKC,38,25,13,280,32,67,0.478,93,29,64,0.453,0.694
2023-24,1629022,Lonnie Walker IV,1610612751,BKN,58,23,35,1011,69,171,0.404,205,67,169,0.396,0.599
2023-24,1629652,Luguentz Dort,1610612760,OKC,79,54,25,2246,142,360,0.394,425,141,353,0.399,0.59
2023-24,1629029,Luka Dončić,1610612742,DAL,70,46,24,2624,52,143,0.364,155,51,135,0.378,0.542
2023-24,1630568,Luka Garza,1610612750,MIN,25,17,8,122,9,31,0.29,26,8,30,0.267,0.419
2023-24,1629677,Luka Samanic,1610612762,UTA,43,15,28,404,13,59,0.22,39,13,58,0.224,0.331
2023-24,1628379,Luke Kennard,1610612763,MEM,39,15,24,999,93,192,0.484,278,92,189,0.487,0.724
2023-24,1628436,Luke Kornet,1610612738,BOS,63,48,15,983,1,1,1,3,1,1,1,1.5
2023-24,1630201,Malachi Flynn,1610612765,DET,69,28,41,877,31,93,0.333,93,31,93,0.333,0.5
2023-24,1631103,Malaki Branham,1610612759,SAS,75,18,57,1594,81,223,0.363,239,77,213,0.362,0.536
2023-24,1627763,Malcolm Brogdon,1610612757,POR,39,15,24,1121,59,115,0.513,177,59,114,0.518,0.77
2023-24,1630608,Malcolm Cazalon,1610612765,DET,1,0,1,3,0,0,,0,,,,
2023-24,1627736,Malik Beasley,1610612749,MIL,79,46,33,2337,179,424,0.422,537,179,422,0.424,0.633
2023-24,1628370,Malik Monk,1610612758,SAC,72,42,30,1872,91,247,0.368,272,90,244,0.369,0.551
2023-24,1642013,Malik Williams,1610612761,TOR,7,2,5,107,1,12,0.083,3,1,5,0.2,0.125
2023-24,1629603,Mamadi Diakite,1610612752,NYK,6,5,1,24,1,2,0.5,2,0,1,0,0.5
2023-24,1641970,Maozinha Pereira,1610612763,MEM,7,2,5,122,5,12,0.417,15,5,12,0.417,0.625
2023-24,1630699,MarJon Beauchamp,1610612749,MIL,48,30,18,608,25,52,0.481,74,24,50,0.48,0.712
2023-24,202694,Marcus Morris Sr.,1610612739,CLE,49,26,23,817,47,110,0.427,137,43,100,0.43,0.623
2023-24,1631204,Marcus Sasser,1610612765,DET,71,11,60,1351,36,99,0.364,106,34,94,0.362,0.535
2023-24,203935,Marcus Smart,1610612763,MEM,20,7,13,605,36,104,0.346,107,35,103,0.34,0.514
2023-24,1631109,Mark Williams,1610612766,CHA,19,7,12,508,1,5,0.2,2,,,,0.2
2023-24,1628365,Markelle Fultz,1610612753,ORL,43,25,18,910,7,19,0.368,18,4,14,0.286,0.474
2023-24,202693,Markieff Morris,1610612742,DAL,26,15,11,216,12,38,0.316,34,10,35,0.286,0.447
2023-24,1641806,Markquis Nowell,1610612761,TOR,1,0,1,4,0,0,,0,,,,
2023-24,1629716,Marques Bolden,1610612766,CHA,11,5,6,121,2,4,0.5,4,0,1,0,0.5
2023-24,1628963,Marvin Bagley III,1610612764,WAS,50,7,43,1053,21,49,0.429,51,9,22,0.409,0.52
2023-24,1630222,Mason Jones,1610612758,SAC,5,3,2,28,2,3,0.667,6,2,3,0.667,1
2023-24,203486,Mason Plumlee,1610612746,LAC,46,29,17,674,0,6,0,0,0,5,0,0
2023-24,1629680,Matisse Thybulle,1610612757,POR,65,18,47,1487,74,206,0.359,222,74,204,0.363,0.539
2023-24,1630562,Matt Hurt,1610612763,MEM,8,2,6,113,6,22,0.273,16,4,18,0.222,0.364
2023-24,1630346,Matt Ryan,1610612740,NOP,28,14,14,390,39,85,0.459,115,37,82,0.451,0.676
2023-24,1631108,Max Christie,1610612747,LAL,67,38,29,944,38,95,0.4,113,37,94,0.394,0.595
2023-24,1629622,Max Strus,1610612739,CLE,70,43,27,2239,157,428,0.367,468,154,423,0.364,0.547
2023-24,1628467,Maxi Kleber,1610612742,DAL,43,27,16,871,33,94,0.351,98,32,88,0.364,0.521
2023-24,1641721,Maxwell Lewis,1610612747,LAL,34,18,16,103,0,3,0,0,0,3,0,0
2023-24,1630695,Micah Potter,1610612762,UTA,16,3,13,186,8,19,0.421,24,8,19,0.421,0.632
2023-24,1629008,Michael Porter Jr.,1610612743,DEN,81,57,24,2565,208,464,0.448,588,172,401,0.429,0.634
2023-24,1628969,Mikal Bridges,1610612751,BKN,82,32,50,2854,177,457,0.387,525,171,444,0.385,0.574
2023-24,201144,Mike Conley,1610612750,MIN,76,53,23,2193,86,200,0.43,256,84,197,0.426,0.64
2023-24,203488,Mike Muscala,1610612760,OKC,53,17,36,600,31,104,0.298,89,27,89,0.303,0.428
2023-24,1628970,Miles Bridges,1610612766,CHA,69,17,52,2581,115,298,0.386,339,109,285,0.382,0.569
2023-24,1630540,Miles McBride,1610612752,NYK,68,42,26,1328,80,192,0.417,239,79,187,0.422,0.622
2023-24,1629011,Mitchell Robinson,1610612752,NYK,31,19,12,768,0,0,,0,,,,
2023-24,1628964,Mo Bamba,1610612755,PHI,57,30,27,740,27,68,0.397,79,25,60,0.417,0.581
2023-24,1628420,Monte Morris,1610612750,MIN,33,21,12,476,26,54,0.481,76,24,52,0.462,0.704
2023-24,1629021,Moritz Wagner,1610612753,ORL,80,46,34,1415,40,117,0.342,116,36,111,0.324,0.496
2023-24,1629650,Moses Brown,1610612757,POR,22,4,18,200,0,1,0,0,,,,0
2023-24,1630541,Moses Moody,1610612744,GSW,66,38,28,1156,61,176,0.347,181,59,169,0.349,0.514
2023-24,1631338,Mouhamadou Gueye,1610612761,TOR,11,0,11,120,0,3,0,0,0,2,0,0
2023-24,1631243,Mouhamed Gueye,1610612737,ATL,6,2,4,73,3,9,0.333,9,3,9,0.333,0.5
2023-24,1631217,Moussa Diabaté,1610612746,LAC,11,7,4,64,0,2,0,0,,,,0
2023-24,1626167,Myles Turner,1610612754,IND,77,45,32,2076,162,380,0.426,438,114,304,0.375,0.576
2023-24,1630230,Naji Marshall,1610612740,NOP,66,41,25,1257,56,140,0.4,165,53,134,0.396,0.589
2023-24,1629642,Nassir Little,1610612756,PHX,45,28,17,458,19,62,0.306,57,19,62,0.306,0.46
2023-24,1630207,Nate Hinton,1610612745,HOU,15,8,7,75,3,9,0.333,9,3,9,0.333,0.5
2023-24,1631466,Nate Williams,1610612745,HOU,22,11,11,129,2,6,0.333,6,2,5,0.4,0.5
2023-24,1641877,Nathan Mensah,1610612766,CHA,25,3,22,307,1,1,1,2,,,,1
2023-24,1629675,Naz Reid,1610612750,MIN,81,56,25,1964,167,394,0.424,499,165,392,0.421,0.633
2023-24,1629674,Neemias Queta,1610612738,BOS,28,24,4,333,2,2,1,4,,,,1
2023-24,1629651,Nic Claxton,1610612751,BKN,71,27,44,2116,11,26,0.423,23,1,4,0.25,0.442
2023-24,1630208,Nick Richards,1610612766,CHA,67,14,53,1759,5,18,0.278,10,0,1,0,0.278
2023-24,1641733,Nick Smith Jr.,1610612766,CHA,51,9,42,729,52,112,0.464,154,50,107,0.467,0.688
2023-24,1629638,Nickeil Alexander-Walker,1610612750,MIN,82,56,26,1921,110,265,0.415,330,110,264,0.417,0.623
2023-24,201587,Nicolas Batum,1610612755,PHI,60,36,24,1530,73,177,0.412,213,67,167,0.401,0.602
2023-24,203999,Nikola Jokić,1610612743,DEN,79,55,24,2737,113,258,0.438,288,62,165,0.376,0.558
2023-24,1631107,Nikola Jović,1610612748,MIA,46,24,22,896,56,141,0.397,165,53,136,0.39,0.585
2023-24,202696,Nikola Vučević,1610612741,CHI,76,36,40,2610,177,492,0.36,443,89,306,0.291,0.45
2023-24,1641730,Noah Clowney,1610612751,BKN,23,10,13,370,11,31,0.355,32,10,28,0.357,0.516
2023-24,1626181,Norman Powell,1610612746,LAC,76,48,28,1990,132,267,0.494,393,129,260,0.496,0.736
2023-24,1628384,OG Anunoby,1610612752,NYK,50,31,19,1702,93,232,0.401,278,92,229,0.402,0.599
2023-24,1630167,Obi Toppin,1610612754,IND,82,47,35,1731,94,228,0.412,280,92,225,0.409,0.614
2023-24,1630534,Ochai Agbaji,1610612761,TOR,78,31,47,1642,53,183,0.29,158,52,180,0.289,0.432
2023-24,1630846,Olivier Sarr,1610612760,OKC,15,8,7,98,2,6,0.333,6,2,6,0.333,0.5
2023-24,1641765,Olivier-Maxence Prosper,1610612742,DAL,40,24,16,336,12,43,0.279,36,12,42,0.286,0.419
2023-24,1630209,Omer Yurtseven,1610612762,UTA,48,17,31,545,9,31,0.29,23,5,23,0.217,0.371
2023-24,1641931,Onuralp Bitim,1610612741,CHI,23,11,12,268,9,36,0.25,27,9,36,0.25,0.375
2023-24,1630168,Onyeka Okongwu,1610612737,ATL,55,23,32,1405,30,79,0.38,83,23,69,0.333,0.525
2023-24,1631115,Orlando Robinson,1610612748,MIA,36,20,16,304,9,21,0.429,26,8,15,0.533,0.619
2023-24,1631131,Oscar Tshiebwe,1610612754,IND,8,2,6,42,1,2,0.5,2,,,,0.5
2023-24,1629052,Oshae Brissett,1610612738,BOS,55,46,9,630,15,50,0.3,45,15,48,0.313,0.45
2023-24,203490,Otto Porter Jr.,1610612761,TOR,15,6,9,174,9,23,0.391,26,8,22,0.364,0.565
2023-24,1631172,Ousmane Dieng,1610612760,OKC,33,21,12,365,21,59,0.356,62,20,58,0.345,0.525
2023-24,200782,P.J. Tucker,1610612746,LAC,31,13,18,486,13,36,0.361,38,12,34,0.353,0.528
2023-24,1629023,P.J. Washington,1610612742,DAL,73,30,43,2221,124,363,0.342,366,118,354,0.333,0.504
2023-24,1631094,Paolo Banchero,1610612753,ORL,80,46,34,2799,59,157,0.376,169,51,140,0.364,0.538
2023-24,1627783,Pascal Siakam,1610612754,IND,80,38,42,2658,87,238,0.366,255,81,223,0.363,0.536
2023-24,1626192,Pat Connaughton,1610612749,MIL,76,45,31,1676,71,213,0.333,213,71,213,0.333,0.5
2023-24,1630311,Pat Spencer,1610612744,GSW,6,4,2,26,0,2,0,0,0,2,0,0
2023-24,1631116,Patrick Baldwin Jr.,1610612764,WAS,38,6,32,494,30,87,0.345,90,30,85,0.353,0.517
2023-24,201976,Patrick Beverley,1610612749,MIL,73,43,30,1463,45,134,0.336,135,45,130,0.346,0.504
2023-24,1630172,Patrick Williams,1610612741,CHI,43,19,24,1174,52,134,0.388,156,52,134,0.388,0.582
2023-24,201988,Patty Mills,1610612748,MIA,32,15,17,415,20,72,0.278,59,19,70,0.271,0.41
2023-24,202331,Paul George,1610612746,LAC,74,48,26,2502,170,367,0.463,488,148,326,0.454,0.665
2023-24,1630194,Paul Reed,1610612755,PHI,82,47,35,1590,43,98,0.439,103,17,49,0.347,0.526
2023-24,1630202,Payton Pritchard,1610612738,BOS,82,64,18,1826,115,274,0.42,340,110,263,0.418,0.62
2023-24,1631250,Pete Nance,1610612739,CLE,8,3,5,27,1,1,1,3,1,1,1,1.5
2023-24,1631212,Peyton Watson,1610612743,DEN,80,56,24,1488,46,144,0.319,132,40,132,0.303,0.458
2023-24,1630173,Precious Achiuwa,1610612752,NYK,74,40,34,1624,27,98,0.276,79,25,92,0.272,0.403
2023-24,1629656,Quentin Grimes,1610612765,DET,51,32,19,1025,66,187,0.353,197,65,185,0.351,0.527
2023-24,1631245,Quenton Jackson,1610612754,IND,3,3,0,11,0,0,,0,,,,
2023-24,1630181,R.J. Hampton,1610612748,MIA,8,3,5,76,1,8,0.125,3,1,8,0.125,0.188
2023-24,1629628,RJ Barrett,1610612761,TOR,58,26,32,1838,90,237,0.38,266,86,231,0.372,0.561
2023-24,1630564,RaiQuan Gray,1610612759,SAS,3,2,1,39,3,7,0.429,9,3,7,0.429,0.643
2023-24,1641712,Rayan Rupert,1610612757,POR,39,7,32,633,21,63,0.333,63,21,60,0.35,0.5
2023-24,203493,Reggie Bullock Jr.,1610612745,HOU,44,24,20,417,23,61,0.377,68,22,58,0.379,0.557
2023-24,202704,Reggie Jackson,1610612743,DEN,82,57,25,1817,66,163,0.405,197,65,162,0.401,0.604
2023-24,1626158,Richaun Holmes,1610612764,WAS,40,13,27,554,3,8,0.375,7,1,3,0.333,0.438
2023-24,1641741,Ricky Council IV,1610612755,PHI,32,15,17,289,10,26,0.385,30,10,26,0.385,0.577
2023-24,203496,Robert Covington,1610612755,PHI,29,20,9,488,16,51,0.314,48,16,50,0.32,0.471
2023-24,1629057,Robert Williams III,1610612757,POR,6,2,4,119,0,1,0,0,,,,0
2023-24,201577,Robin Lopez,1610612749,MIL,16,10,6,65,2,8,0.25,6,2,8,0.25,0.375
2023-24,1631199,Ron Harper Jr.,1610612761,TOR,1,1,0,4,0,0,,0,,,,
2023-24,1626220,Royce O'Neale,1610612756,PHX,79,38,41,1954,123,326,0.377,369,123,325,0.378,0.566
2023-24,203497,Rudy Gobert,1610612750,MIN,76,53,23,2593,11,30,0.367,22,0,3,0,0.367
2023-24,1629060,Rui Hachimura,1610612747,LAL,68,40,28,1825,109,245,0.445,311,93,223,0.417,0.635
2023-24,201566,Russell Westbrook,1610612746,LAC,68,45,23,1529,30,117,0.256,88,28,113,0.248,0.376
2023-24,1627853,Ryan Arcidiacono,1610612752,NYK,20,15,5,45,0,5,0,0,0,5,0,0
2023-24,1631157,Ryan Rollins,1610612749,MIL,13,1,12,78,2,3,0.667,6,2,3,0.667,1
2023-24,1630240,Saben Lee,1610612756,PHX,24,15,9,185,2,11,0.182,6,2,11,0.182,0.273
2023-24,1630180,Saddiq Bey,1610612737,ATL,63,28,35,2062,93,286,0.325,276,90,281,0.32,0.483
2023-24,1630573,Sam Hauser,1610612738,BOS,79,62,17,1741,179,420,0.426,535,177,416,0.425,0.637
2023-24,1630241,Sam Merrill,1610612739,CLE,61,36,25,1069,120,276,0.435,360,120,274,0.438,0.652
2023-24,1630572,Sandro Mamukelashvili,1610612759,SAS,46,12,34,451,16,58,0.276,47,15,56,0.268,0.405
2023-24,1630583,Santi Aldama,1610612763,MEM,61,23,38,1618,97,270,0.359,290,96,266,0.361,0.537
2023-24,1628426,Sasha Vezenkov,1610612758,SAC,42,22,20,511,42,111,0.378,124,40,106,0.377,0.559
2023-24,1630703,Scoot Henderson,1610612757,POR,62,18,44,1765,36,120,0.3,108,36,118,0.305,0.45
2023-24,1630567,Scottie Barnes,1610612761,TOR,60,22,38,2094,99,253,0.391,287,89,231,0.385,0.567
2023-24,1630590,Scotty Pippen Jr.,1610612763,MEM,21,5,16,527,23,52,0.442,68,22,51,0.431,0.654
2023-24,203552,Seth Curry,1610612766,CHA,44,25,19,615,34,91,0.374,99,31,87,0.356,0.544
2023-24,1641754,Seth Lundy,1610612737,ATL,9,2,7,52,3,13,0.231,9,3,13,0.231,0.346
2023-24,1631101,Shaedon Sharpe,1610612757,POR,32,8,24,1059,29,76,0.382,86,28,71,0.394,0.566
2023-24,1628983,Shai Gilgeous-Alexander,1610612760,OKC,75,55,20,2553,31,84,0.369,88,26,75,0.347,0.524
2023-24,1629003,Shake Milton,1610612752,NYK,48,32,16,581,16,50,0.32,46,14,47,0.298,0.46
2023-24,1627885,Shaquille Harrison,1610612763,MEM,3,1,2,6,0,0,,0,,,,
2023-24,1631321,Sidy Cissoko,1610612759,SAS,12,5,7,141,1,12,0.083,3,1,12,0.083,0.125
2023-24,1631323,Simone Fontecchio,1610612765,DET,66,29,37,1644,122,298,0.409,364,120,296,0.405,0.611
2023-24,1630219,Skylar Mays,1610612747,LAL,38,14,24,433,12,40,0.3,36,12,40,0.3,0.45
2023-24,203915,Spencer Dinwiddie,1610612747,LAL,76,38,38,2152,84,222,0.378,252,84,221,0.38,0.568
2023-24,1630649,Stanley Umude,1610612765,DET,24,4,20,307,22,48,0.458,66,22,48,0.458,0.688
2023-24,201939,Stephen Curry,1610612744,GSW,74,43,31,2422,190,420,0.452,561,181,404,0.448,0.668
2023-24,1629004,Svi Mykhailiuk,1610612738,BOS,41,32,9,413,29,81,0.358,87,29,81,0.358,0.537
2023-24,204456,T.J. McConnell,1610612754,IND,71,40,31,1291,24,45,0.533,59,11,28,0.393,0.656
2023-24,203933,T.J. Warren,1610612750,MIN,11,7,4,125,4,15,0.267,9,1,12,0.083,0.3
2023-24,201959,Taj Gibson,1610612765,DET,20,8,12,205,6,14,0.429,14,2,8,0.25,0.5
2023-24,1629659,Talen Horton-Tucker,1610612762,UTA,51,14,37,1009,39,107,0.364,117,39,107,0.364,0.547
2023-24,1631106,Tari Eason,1610612745,HOU,22,12,10,480,21,58,0.362,60,18,48,0.375,0.517
2023-24,1627752,Taurean Prince,1610612747,LAL,78,44,34,2108,114,289,0.394,342,114,288,0.396,0.592
2023-24,1641707,Taylor Hendricks,1610612762,UTA,40,13,27,856,51,132,0.386,153,51,131,0.389,0.58
2023-24,1631386,Taze Moore,1610612757,POR,4,1,3,40,1,8,0.125,3,1,7,0.143,0.188
2023-24,1629611,Terance Mann,1610612746,LAC,75,47,28,1873,57,166,0.343,171,57,164,0.348,0.515
2023-24,1631173,Terquavion Smith,1610612755,PHI,16,8,8,84,11,24,0.458,33,11,24,0.458,0.688
2023-24,1626179,Terry Rozier,1610612748,MIA,61,22,39,2040,64,185,0.346,191,63,181,0.348,0.516
2023-24,1630678,Terry Taylor,1610612741,CHI,31,12,19,188,2,8,0.25,6,2,8,0.25,0.375
2023-24,201152,Thaddeus Young,1610612756,PHX,33,12,21,440,3,10,0.3,7,1,7,0.143,0.35
2023-24,203648,Thanasis Antetokounmpo,1610612749,MIL,34,21,13,155,0,0,,0,0,0,,
2023-24,1630177,Theo Maledon,1610612756,PHX,17,5,12,213,4,22,0.182,12,4,22,0.182,0.273
2023-24,1628418,Thomas Bryant,1610612748,MIA,38,22,16,441,7,26,0.269,18,4,17,0.235,0.346
2023-24,203501,Tim Hardaway Jr.,1610612742,DAL,79,49,30,2120,151,427,0.354,444,142,402,0.353,0.52
2023-24,1641851,Timmy Allen,1610612763,MEM,5,0,5,125,0,7,0,0,0,7,0,0
2023-24,202699,Tobias Harris,1610612755,PHI,70,41,29,2368,80,213,0.376,233,73,200,0.365,0.547
2023-24,1628470,Torrey Craig,1610612741,CHI,53,22,31,1049,53,140,0.379,156,50,134,0.373,0.557
2023-24,1641787,Tosan Evbuomwan,1610612765,DET,17,1,16,367,12,32,0.375,36,12,32,0.375,0.563
2023-24,1641739,Toumani Camara,1610612757,POR,70,19,51,1739,52,156,0.333,156,52,156,0.333,0.5
2023-24,1629027,Trae Young,1610612737,ATL,54,22,32,1942,45,114,0.395,132,42,108,0.389,0.579
2023-24,1631218,Trayce Jackson-Davis,1610612744,GSW,68,39,29,1130,1,2,0.5,2,0,0,,0.5
2023-24,1630200,Tre Jones,1610612759,SAS,77,21,56,2138,56,150,0.373,166,54,147,0.367,0.553
2023-24,1630544,Tre Mann,1610612766,CHA,41,21,20,987,26,64,0.406,78,26,64,0.406,0.609
2023-24,1630570,Trendon Watford,1610612751,BKN,63,25,38,857,24,61,0.393,71,23,58,0.397,0.582
2023-24,1630235,Trent Forrest,1610612737,ATL,38,18,20,414,2,6,0.333,6,2,6,0.333,0.5
2023-24,1630243,Trevelin Queen,1610612753,ORL,14,5,9,165,2,9,0.222,6,2,9,0.222,0.333
2023-24,1641998,Trey Jemison III,1610612763,MEM,25,5,20,574,2,6,0.333,4,,,,0.333
2023-24,1626168,Trey Lyles,1610612758,SAC,58,33,25,1158,82,207,0.396,246,82,205,0.4,0.594
2023-24,1630530,Trey Murphy III,1610612740,NOP,57,35,22,1690,131,347,0.378,392,130,344,0.378,0.565
2023-24,202684,Tristan Thompson,1610612739,CLE,49,28,21,549,0,0,,0,0,0,,
2023-24,1641774,Tristan Vukcevic,1610612764,WAS,10,3,7,153,10,35,0.286,28,8,31,0.258,0.4
2023-24,1628972,Troy Brown Jr.,1610612765,DET,59,30,29,827,43,122,0.352,127,41,120,0.342,0.52
2023-24,1629660,Ty Jerome,1610612739,CLE,2,1,1,15,0,1,0,0,0,1,0,0
2023-24,1631102,TyTy Washington Jr.,1610612749,MIL,11,5,6,56,2,5,0.4,6,2,5,0.4,0.6
2023-24,1629639,Tyler Herro,1610612748,MIA,42,23,19,1407,79,189,0.418,232,74,172,0.43,0.614
2023-24,1630169,Tyrese Haliburton,1610612754,IND,69,40,29,2224,58,136,0.426,172,56,134,0.418,0.632
2023-24,1630178,Tyrese Maxey,1610612755,PHI,70,43,27,2626,97,222,0.437,289,95,214,0.444,0.651
2023-24,1626145,Tyus Jones,1610612764,WAS,66,11,55,1933,77,182,0.423,230,76,180,0.422,0.632
2023-24,1628962,Udoka Azubuike,1610612756,PHX,16,12,4,113,0,0,,0,,,,
2023-24,1630586,Usman Garuba,1610612744,GSW,6,5,1,18,0,1,0,0,0,1,0,0
2023-24,203995,Vasilije Micic,1610612766,CHA,60,34,26,1176,20,65,0.308,59,19,64,0.297,0.454
2023-24,1641705,Victor Wembanyama,1610612759,SAS,71,19,52,2106,89,293,0.304,240,62,219,0.283,0.41
2023-24,1631246,Vince Williams Jr.,1610612763,MEM,52,18,34,1437,68,177,0.384,203,67,173,0.387,0.573
2023-24,1630249,Vít Krejčí,1610612737,ATL,22,9,13,541,24,53,0.453,72,24,53,0.453,0.679
2023-24,1631117,Walker Kessler,1610612762,UTA,64,26,38,1493,4,21,0.19,12,4,19,0.211,0.286
2023-24,1628976,Wendell Carter Jr.,1610612753,ORL,55,30,25,1406,71,185,0.384,204,62,165,0.376,0.551
2023-24,1631111,Wendell Moore Jr.,1610612750,MIN,25,18,7,75,1,5,0.2,2,0,4,0,0.2
2023-24,1629117,Wenyen Gabriel,1610612738,BOS,5,1,4,81,1,4,0.25,3,1,4,0.25,0.375
2023-24,202083,Wesley Matthews,1610612737,ATL,36,11,25,413,19,54,0.352,57,19,53,0.358,0.528
2023-24,1629875,Xavier Moon,1610612746,LAC,14,7,7,119,1,13,0.077,2,0,11,0,0.077
2023-24,1630214,Xavier Tillman,1610612738,BOS,54,30,24,975,25,89,0.281,70,20,76,0.263,0.393
2023-24,1629139,Yuta Watanabe,1610612763,MEM,34,18,16,464,25,81,0.309,75,25,80,0.313,0.463
2023-24,1628380,Zach Collins,1610612759,SAS,69,19,50,1526,71,214,0.332,197,55,171,0.322,0.46
2023-24,203897,Zach LaVine,1610612741,CHI,25,10,15,872,20,59,0.339,59,19,57,0.333,0.5
2023-24,1630285,Zavier Simpson,1610612765,DET,7,1,6,161,4,12,0.333,12,4,12,0.333,0.5
2023-24,1630192,Zeke Nnaji,1610612743,DEN,58,41,17,576,6,24,0.25,18,6,22,0.273,0.375
2023-24,1630533,Ziaire Williams,1610612763,MEM,51,20,31,1038,52,162,0.321,156,52,156,0.333,0.481
2023-24,1629627,Zion Williamson,1610612740,NOP,70,42,28,2207,5,14,0.357,15,5,13,0.385,0.536
2024-25,1630639,A.J. Lawson,1610612761,TOR,26,14,12,486,28,90,0.311,84,28,90,0.311,0.467
2024-25,1631260,AJ Green,1610612749,MIL,73,44,29,1659,121,276,0.438,362,120,272,0.441,0.656
2024-25,1642358,AJ Johnson,1610612764,WAS,29,8,21,638,14,51,0.275,42,14,50,0.28,0.412
2024-25,203932,Aaron Gordon,1610612743,DEN,51,33,18,1447,63,130,0.485,179,53,116,0.457,0.688
2024-25,1628988,Aaron Holiday,1610612745,HOU,62,39,23,792,54,133,0.406,162,54,131,0.412,0.609
2024-25,1630174,Aaron Nesmith,1610612754,IND,45,29,16,1122,74,160,0.463,221,73,159,0.459,0.691
2024-25,1630598,Aaron Wiggins,1610612760,OKC,76,62,14,1744,111,286,0.388,331,109,280,0.389,0.579
2024-25,1641745,Adam Flagler,1610612760,OKC,37,34,3,203,9,50,0.18,27,9,50,0.18,0.27
2024-25,1641766,Adama Sanogo,1610612741,CHI,4,2,2,21,0,0,,0,,,,
2024-25,1641737,Adem Bona,1610612755,PHI,58,12,46,905,1,3,0.333,2,0,1,0,0.333
2024-25,1642349,Ajay Mitchell,1610612760,OKC,36,31,5,597,23,54,0.426,67,21,51,0.412,0.62
2024-25,201143,Al Horford,1610612738,BOS,60,44,16,1659,115,316,0.364,343,113,307,0.368,0.543
2024-25,202692,Alec Burks,1610612748,MIA,49,26,23,863,73,165,0.442,219,73,164,0.445,0.664
2024-25,1627936,Alex Caruso,1610612760,OKC,54,44,10,1041,57,150,0.38,170,56,147,0.381,0.567
2024-25,1642505,Alex Ducas,1610612760,OKC,21,20,1,125,10,21,0.476,30,10,20,0.5,0.714
2024-25,203458,Alex Len,1610612747,LAL,46,21,25,380,3,14,0.214,7,1,8,0.125,0.25
2024-25,1642024,Alex Reese,1610612755,PHI,15,4,11,216,16,41,0.39,47,15,40,0.375,0.573
2024-25,1642259,Alex Sarr,1610612764,WAS,67,13,54,1814,105,344,0.305,308,98,316,0.31,0.448
2024-25,1631214,Alondes Williams,1610612746,LAC,1,0,1,4,1,1,1,3,1,1,1,1.5
2024-25,1630578,Alperen Sengun,1610612745,HOU,76,52,24,2395,68,179,0.38,156,20,74,0.27,0.436
2024-25,1641708,Amen Thompson,1610612745,HOU,69,43,26,2226,28,90,0.311,79,23,75,0.307,0.439
2024-25,1629599,Amir Coffey,1610612746,LAC,72,41,31,1748,95,224,0.424,281,91,215,0.423,0.627
2024-25,203083,Andre Drummond,1610612755,PHI,40,12,28,751,3,21,0.143,9,3,18,0.167,0.214
2024-25,1641748,Andre Jackson Jr.,1610612749,MIL,67,39,28,980,27,66,0.409,80,26,65,0.4,0.606
2024-25,1629614,Andrew Nembhard,1610612754,IND,65,44,21,1881,50,151,0.331,138,38,127,0.299,0.457
2024-25,203952,Andrew Wiggins,1610612748,MIA,60,27,33,1842,96,242,0.397,287,95,239,0.397,0.593
2024-25,1629014,Anfernee Simons,1610612757,POR,70,28,42,2292,119,311,0.383,352,114,299,0.381,0.566
2024-25,1641710,Anthony Black,1610612753,ORL,78,39,39,1887,51,146,0.349,150,48,142,0.338,0.514
2024-25,203076,Anthony Davis,1610612742,DAL,51,30,21,1705,65,183,0.355,160,30,100,0.3,0.437
2024-25,1630162,Anthony Edwards,1610612750,MIN,79,48,31,2871,94,220,0.427,279,91,214,0.425,0.634
2024-25,1630264,Anthony Gill,1610612764,WAS,51,7,44,398,10,29,0.345,30,10,29,0.345,0.517
2024-25,1641817,Anton Watson,1610612752,NYK,9,5,4,22,0,1,0,0,0,1,0,0
2024-25,1641810,Antonio Reeves,1610612740,NOP,44,6,38,660,40,93,0.43,120,40,93,0.43,0.645
2024-25,1630574,Ariel Hukporti,1610612752,NYK,25,17,8,217,0,1,0,0,,,,0
2024-25,1642422,Armel Traore,1610612747,LAL,9,5,4,67,0,7,0,0,0,7,0,0
2024-25,1641709,Ausar Thompson,1610612765,DET,59,34,25,1328,10,43,0.233,30,10,42,0.238,0.349
2024-25,1630559,Austin Reaves,1610612747,LAL,73,46,27,2550,118,289,0.408,351,115,284,0.405,0.607
2024-25,1630245,Ayo Dosunmu,1610612741,CHI,46,17,29,1394,53,155,0.342,159,53,153,0.346,0.513
2024-25,1628389,Bam Adebayo,1610612748,MIA,78,36,42,2674,127,307,0.414,318,64,172,0.372,0.518
2024-25,1631248,Baylor Scheierman,1610612738,BOS,31,27,4,384,21,68,0.309,62,20,66,0.303,0.456
2024-25,1641767,Ben Sheppard,1610612754,IND,63,40,23,1230,65,179,0.363,194,64,175,0.366,0.542
2024-25,1627732,Ben Simmons,1610612746,LAC,51,26,25,1120,1,3,0.333,2,,,,0.333
2024-25,1631097,Bennedict Mathurin,1610612754,IND,72,43,29,2149,56,129,0.434,161,49,118,0.415,0.624
2024-25,1641731,Bilal Coulibaly,1610612764,WAS,59,13,46,1948,52,188,0.277,154,50,182,0.275,0.41
2024-25,202687,Bismack Biyombo,1610612759,SAS,28,10,18,527,0,1,0,0,,,,0
2024-25,1631104,Blake Wesley,1610612759,SAS,58,23,35,683,15,55,0.273,45,15,52,0.288,0.409
2024-25,1626171,Bobby Portis Jr.,1610612749,MIL,49,30,19,1244,82,219,0.374,222,58,163,0.356,0.507
2024-25,1641752,Bobi Klintman,1610612765,DET,8,4,4,42,2,5,0.4,5,1,4,0.25,0.5
2024-25,203992,Bogdan Bogdanović,1610612746,LAC,54,33,21,1348,83,222,0.374,242,76,205,0.371,0.545
2024-25,1629626,Bol Bol,1610612756,PHX,36,10,26,449,32,79,0.405,91,27,72,0.375,0.576
2024-25,1630538,Bones Hyland,1610612750,MIN,24,11,13,239,8,22,0.364,24,8,22,0.364,0.545
2024-25,203078,Bradley Beal,1610612756,PHX,53,22,31,1703,82,195,0.421,238,74,179,0.413,0.61
2024-25,1642382,Branden Carlson,1610612760,OKC,32,29,3,246,22,65,0.338,66,22,64,0.344,0.508
2024-25,1641764,Brandin Podziemski,1610612744,GSW,64,38,26,1716,74,186,0.398,220,72,180,0.4,0.591
2024-25,1630527,Brandon Boston Jr.,1610612740,NOP,42,8,34,993,39,89,0.438,112,34,83,0.41,0.629
2024-25,1629634,Brandon Clarke,1610612763,MEM,64,40,24,1207,12,40,0.3,25,1,17,0.059,0.313
2024-25,1627742,Brandon Ingram,1610612761,TOR,18,5,13,595,33,80,0.413,95,29,72,0.403,0.594
2024-25,1641706,Brandon Miller,1610612766,CHA,27,8,19,924,72,190,0.379,215,71,188,0.378,0.566
2024-25,1630314,Brandon Williams,1610612742,DAL,33,15,18,487,19,40,0.475,56,18,37,0.486,0.7
2024-25,1630296,Braxton Key,1610612744,GSW,3,3,0,11,0,1,0,0,0,1,0,0
2024-25,1641729,Brice Sensabaugh,1610612762,UTA,71,14,57,1432,123,269,0.457,367,121,264,0.458,0.682
2024-25,1642355,Bronny James,1610612747,LAL,27,17,10,181,3,17,0.176,9,3,16,0.188,0.265
2024-25,201572,Brook Lopez,1610612749,MIL,80,47,33,2546,154,406,0.379,439,131,355,0.369,0.541
2024-25,1628971,Bruce Brown,1610612740,NOP,41,15,26,922,29,84,0.345,82,24,71,0.338,0.488
2024-25,1628981,Bruno Fernando,1610612761,TOR,17,2,15,147,0,3,0,0,,,,0
2024-25,1631121,Bryce McGowens,1610612757,POR,13,8,5,32,0,2,0,0,0,2,0,0
2024-25,1642267,Bub Carrington,1610612764,WAS,82,18,64,2458,71,212,0.335,209,67,201,0.333,0.493
2024-25,1627741,Buddy Hield,1610612744,GSW,82,48,34,1863,152,390,0.39,452,148,379,0.391,0.579
2024-25,203468,CJ McCollum,1610612740,NOP,56,17,39,1832,101,241,0.419,296,94,230,0.409,0.614
2024-25,1630595,Cade Cunningham,1610612765,DET,70,38,32,2452,60,157,0.382,176,56,147,0.381,0.561
2024-25,1631216,Caleb Houstan,1610612753,ORL,58,29,29,788,61,148,0.412,182,60,147,0.408,0.615
2024-25,1628997,Caleb Martin,1610612742,DAL,45,17,28,1218,40,106,0.377,115,35,84,0.417,0.542
2024-25,1642353,Cam Christie,1610612746,LAC,13,10,3,59,2,8,0.25,6,2,8,0.25,0.375
2024-25,1629629,Cam Reddish,1610612747,LAL,33,15,18,589,13,46,0.283,39,13,44,0.295,0.424
2024-25,1642285,Cam Spencer,1610612763,MEM,25,14,11,252,15,41,0.366,45,15,40,0.375,0.549
2024-25,1630560,Cam Thomas,1610612751,BKN,25,8,17,781,25,67,0.373,71,21,62,0.339,0.53
2024-25,1641715,Cam Whitmore,1610612745,HOU,51,30,21,827,34,100,0.34,102,34,99,0.343,0.51
2024-25,1629661,Cameron Johnson,1610612751,BKN,57,21,36,1800,119,301,0.395,353,115,292,0.394,0.586
2024-25,1626166,Cameron Payne,1610612752,NYK,72,46,26,1090,46,139,0.331,137,45,137,0.328,0.493
2024-25,1627747,Caris LeVert,1610612737,ATL,64,46,18,1596,67,185,0.362,201,67,184,0.364,0.543
2024-25,1641717,Cason Wallace,1610612760,OKC,68,55,13,1876,67,181,0.37,201,67,180,0.372,0.555
2024-25,1629646,Charles Bassey,1610612759,SAS,36,14,22,376,3,7,0.429,6,,,,0.429
2024-25,1631096,Chet Holmgren,1610612760,OKC,32,26,6,877,48,120,0.4,134,38,103,0.369,0.558
2024-25,1628449,Chris Boucher,1610612761,TOR,50,18,32,862,70,180,0.389,206,66,170,0.388,0.572
2024-25,1630537,Chris Duarte,1610612741,CHI,17,4,13,74,4,7,0.571,12,4,7,0.571,0.857
2024-25,1641753,Chris Livingston,1610612749,MIL,21,15,6,106,0,8,0,0,0,8,0,0
2024-25,101108,Chris Paul,1610612759,SAS,82,34,48,2292,56,141,0.397,165,53,136,0.39,0.585
2024-25,1631128,Christian Braun,1610612743,DEN,79,48,31,2675,76,193,0.394,224,72,183,0.393,0.58
2024-25,1631132,Christian Koloko,1610612747,LAL,37,23,14,342,0,5,0,0,0,3,0,0
2024-25,1629643,Chuma Okeke,1610612739,CLE,9,2,7,197,10,24,0.417,30,10,24,0.417,0.625
2024-25,203991,Clint Capela,1610612737,ATL,55,27,28,1177,3,10,0.3,6,0,1,0,0.3
2024-25,1629632,Coby White,1610612741,CHI,74,35,39,2450,128,335,0.382,383,127,330,0.385,0.572
2024-25,1628998,Cody Martin,1610612756,PHX,53,16,37,1173,37,129,0.287,107,33,122,0.27,0.415
2024-25,1642262,Cody Williams,1610612762,UTA,50,9,41,1060,34,129,0.264,102,34,127,0.268,0.395
2024-25,1641732,Colby Jones,1610612764,WAS,39,12,27,515,9,30,0.3,26,8,28,0.286,0.433
2024-25,1630175,Cole Anthony,1610612763,MEM,67,35,32,1234,59,164,0.36,175,57,161,0.354,0.534
2024-25,1631306,Cole Swider,1610612754,IND,10,5,5,169,13,38,0.342,39,13,37,0.351,0.513
2024-25,1630658,Colin Castleton,1610612761,TOR,26,15,11,432,6,23,0.261,14,2,15,0.133,0.304
2024-25,1631221,Collin Gillespie,1610612756,PHX,33,12,21,461,28,65,0.431,83,27,62,0.435,0.638
2024-25,1629012,Collin Sexton,1610612762,UTA,63,14,49,1758,54,128,0.422,160,52,121,0.43,0.625
2024-25,1630557,Corey Kispert,1610612764,WAS,61,14,47,1602,107,287,0.373,319,105,281,0.374,0.556
2024-25,202709,Cory Joseph,1610612753,ORL,50,26,24,612,34,89,0.382,102,34,88,0.386,0.573
2024-25,1641854,Craig Porter Jr.,1610612739,CLE,51,40,11,513,8,17,0.471,24,8,17,0.471,0.706
2024-25,1642385,Cui Cui,1610612751,BKN,5,2,3,10,0,3,0,0,0,3,0,0
2024-25,1626156,D'Angelo Russell,1610612751,BKN,58,26,32,1480,53,187,0.283,158,52,184,0.283,0.422
2024-25,1630618,D.J. Carton,1610612761,TOR,4,1,3,33,0,3,0,0,0,3,0,0
2024-25,1629610,DaQuan Jeffries,1610612766,CHA,47,9,38,1072,51,152,0.336,152,50,149,0.336,0.5
2024-25,1631342,Daeqwon Plowden,1610612737,ATL,6,3,3,72,9,17,0.529,27,9,17,0.529,0.794
2024-25,1630227,Daishen Nix,1610612750,MIN,3,3,0,13,0,1,0,0,0,1,0,0
2024-25,1630625,Dalano Banton,1610612757,POR,67,28,39,1120,58,170,0.341,174,58,167,0.347,0.512
2024-25,1631207,Dalen Terry,1610612741,CHI,73,33,40,987,36,99,0.364,108,36,96,0.375,0.545
2024-25,1642261,Dalton Knecht,1610612747,LAL,78,47,31,1494,106,280,0.379,317,105,279,0.376,0.566
2024-25,203081,Damian Lillard,1610612749,MIL,58,32,26,2093,90,215,0.419,265,85,208,0.409,0.616
2024-25,1641878,Damion Baugh,1610612766,CHA,15,1,14,370,11,46,0.239,32,10,44,0.227,0.348
2024-25,1627814,Damion Lee,1610612756,PHX,25,6,19,144,9,31,0.29,26,8,30,0.267,0.419
2024-25,1629655,Daniel Gafford,1610612742,DAL,57,28,29,1226,2,3,0.667,4,,,,0.667
2024-25,1628464,Daniel Theis,1610612740,NOP,38,10,28,621,14,52,0.269,37,9,36,0.25,0.356
2024-25,1642450,Daniss Jenkins,1610612765,DET,7,3,4,23,0,4,0,0,0,4,0,0
2024-25,203957,Dante Exum,1610612742,DAL,20,7,13,372,21,42,0.5,63,21,42,0.5,0.75
2024-25,203967,Dario Saric,1610612743,DEN,16,7,9,210,6,27,0.222,17,5,22,0.227,0.315
2024-25,1641727,Dariq Whitehead,1610612751,BKN,20,6,14,246,32,65,0.492,96,32,64,0.5,0.738
2024-25,1629636,Darius Garland,1610612739,CLE,75,60,15,2301,99,234,0.423,291,93,225,0.413,0.622
2024-25,1630561,David Duke Jr.,1610612759,SAS,6,0,6,34,3,6,0.5,9,3,6,0.5,0.75
2024-25,1631223,David Roddy,1610612745,HOU,33,9,24,410,15,49,0.306,44,14,48,0.292,0.449
2024-25,1630558,Davion Mitchell,1610612748,MIA,74,25,49,2028,59,145,0.407,176,58,143,0.406,0.607
2024-25,1630549,Day'Ron Sharpe,1610612751,BKN,50,14,36,907,15,50,0.3,41,11,43,0.256,0.41
2024-25,1628368,De'Aaron Fox,1610612759,SAS,62,27,35,2241,64,205,0.312,187,59,194,0.304,0.456
2024-25,1629631,De'Andre Hunter,1610612739,CLE,64,38,26,1740,132,313,0.422,386,122,299,0.408,0.617
2024-25,1629001,De'Anthony Melton,1610612751,BKN,6,4,2,121,10,22,0.455,30,10,22,0.455,0.682
2024-25,201599,DeAndre Jordan,1610612743,DEN,56,37,19,691,0,1,0,0,,,,0
2024-25,201942,DeMar DeRozan,1610612758,SAC,77,38,39,2768,96,270,0.356,255,63,183,0.344,0.472
2024-25,1629731,Dean Wade,1610612739,CLE,59,47,12,1252,76,212,0.358,228,76,212,0.358,0.538
2024-25,1629028,Deandre Ayton,1610612757,POR,40,17,23,1206,59,146,0.404,124,6,31,0.194,0.425
2024-25,1627749,Dejounte Murray,1610612740,NOP,31,9,22,1012,28,91,0.308,84,28,87,0.322,0.462
2024-25,1626153,Delon Wright,1610612752,NYK,40,22,18,634,18,56,0.321,54,18,56,0.321,0.482
2024-25,1630166,Deni Avdija,1610612757,POR,72,33,39,2161,96,275,0.349,286,94,265,0.355,0.52
2024-25,203471,Dennis Schröder,1610612765,DET,75,37,38,2105,85,254,0.335,252,82,244,0.336,0.496
2024-25,1641726,Dereck Lively II,1610612742,DAL,36,21,15,833,2,4,0.5,4,,,,0.5
2024-25,1627884,Derrick Jones Jr.,1610612746,LAC,77,48,29,1874,78,210,0.371,232,76,205,0.371,0.552
2024-25,1628401,Derrick White,1610612738,BOS,76,58,18,2574,189,464,0.407,566,188,458,0.41,0.61
2024-25,1630217,Desmond Bane,1610612753,ORL,69,38,31,2205,85,198,0.429,248,78,184,0.424,0.626
2024-25,1626164,Devin Booker,1610612756,PHX,75,35,40,2795,114,292,0.39,319,91,243,0.374,0.546
2024-25,1642269,Devin Carter,1610612758,SAC,36,18,18,396,13,36,0.361,39,13,36,0.361,0.542
2024-25,1630170,Devin Vassell,1610612759,SAS,64,24,40,1983,126,332,0.38,366,114,311,0.367,0.551
2024-25,1628415,Dillon Brooks,1610612745,HOU,75,49,26,2389,168,394,0.426,493,157,380,0.413,0.626
2024-25,1641794,Dillon Jones,1610612760,OKC,54,45,9,551,16,57,0.281,47,15,56,0.268,0.412
2024-25,1627734,Domantas Sabonis,1610612758,SAC,70,36,34,2429,88,201,0.438,239,63,150,0.42,0.595
2024-25,1631230,Dominick Barlow,1610612737,ATL,35,13,22,375,11,36,0.306,29,7,25,0.28,0.403
2024-25,1642270,Donovan Clingan,1610612757,POR,67,29,38,1324,16,46,0.348,46,14,43,0.326,0.5
2024-25,1628378,Donovan Mitchell,1610612739,CLE,71,55,16,2232,101,247,0.409,300,98,236,0.415,0.607
2024-25,1628978,Donte DiVincenzo,1610612750,MIN,62,37,25,1606,128,311,0.412,383,127,310,0.41,0.616
2024-25,1627827,Dorian Finney-Smith,1610612747,LAL,63,36,27,1819,127,304,0.418,380,126,303,0.416,0.625
2024-25,203926,Doug McDermott,1610612758,SAC,42,21,21,342,41,91,0.451,123,41,90,0.456,0.676
2024-25,203110,Draymond Green,1610612744,GSW,68,42,26,1983,85,249,0.341,245,75,230,0.326,0.492
2024-25,1629234,Drew Eubanks,1610612746,LAC,61,25,36,746,2,7,0.286,6,2,4,0.5,0.429
2024-25,1641809,Drew Peterson,1610612738,BOS,25,17,8,186,7,21,0.333,21,7,21,0.333,0.5
2024-25,1631166,Drew Timme,1610612751,BKN,9,3,6,254,15,41,0.366,38,8,30,0.267,0.463
2024-25,1630696,Dru Smith,1610612748,MIA,14,8,6,268,14,24,0.583,42,14,24,0.583,0.875
2024-25,1629130,Duncan Robinson,1610612748,MIA,74,30,44,1786,118,304,0.388,354,118,301,0.392,0.582
2024-25,1641871,Duop Reath,1610612757,POR,46,19,27,469,32,102,0.314,96,32,101,0.317,0.471
2024-25,203939,Dwight Powell,1610612742,DAL,55,25,30,551,2,6,0.333,6,2,5,0.4,0.5
2024-25,1630700,Dyson Daniels,1610612737,ATL,76,37,39,2571,78,210,0.371,228,72,197,0.365,0.543
2024-25,1630604,E.J. Liddell,1610612741,CHI,12,6,6,53,2,8,0.25,6,2,8,0.25,0.375
2024-25,203901,Elfrid Payton,1610612740,NOP,24,3,21,511,0,2,0,0,0,2,0,0
2024-25,1641989,Elijah Harkless,1610612762,UTA,10,1,9,138,6,20,0.3,18,6,20,0.3,0.45
2024-25,1641801,Emanuel Miller,1610612741,CHI,6,4,2,25,0,1,0,0,0,1,0,0
2024-25,1641734,Emoni Bates,1610612739,CLE,10,9,1,75,7,23,0.304,21,7,21,0.333,0.457
2024-25,1642402,Enrique Freeman,1610612754,IND,22,7,15,181,1,10,0.1,3,1,10,0.1,0.15
2024-25,201569,Eric Gordon,1610612755,PHI,39,12,27,768,52,124,0.419,155,51,123,0.415,0.625
2024-25,1630596,Evan Mobley,1610612739,CLE,71,58,13,2167,79,203,0.389,232,74,186,0.398,0.571
2024-25,1630532,Franz Wagner,1610612753,ORL,60,33,27,2023,62,201,0.308,182,58,195,0.297,0.453
2024-25,1627832,Fred VanVleet,1610612745,HOU,60,41,19,2111,84,222,0.378,251,83,219,0.379,0.565
2024-25,1641713,GG Jackson,1610612763,MEM,29,19,10,459,28,80,0.35,83,27,78,0.346,0.519
2024-25,1629216,Gabe Vincent,1610612747,LAL,72,46,26,1527,87,237,0.367,260,86,233,0.369,0.549
2024-25,202066,Garrett Temple,1610612761,TOR,28,11,17,227,5,23,0.217,15,5,22,0.227,0.326
2024-25,1629726,Garrison Mathews,1610612737,ATL,47,21,26,830,76,187,0.406,226,74,180,0.411,0.604
2024-25,203914,Gary Harris,1610612753,ORL,48,28,20,711,34,93,0.366,100,32,90,0.356,0.538
2024-25,1627780,Gary Payton II,1610612744,GSW,62,36,26,927,31,94,0.33,92,30,91,0.33,0.489
2024-25,1629018,Gary Trent Jr.,1610612749,MIL,74,44,30,1893,136,326,0.417,405,133,320,0.416,0.621
2024-25,1627777,Georges Niang,1610612737,ATL,79,55,24,1697,158,387,0.408,474,158,385,0.41,0.612
2024-25,203507,Giannis Antetokounmpo,1610612749,MIL,67,40,27,2289,7,28,0.25,16,2,17,0.118,0.286
2024-25,1629048,Goga Bitadze,1610612753,ORL,70,38,32,1430,7,34,0.206,16,2,25,0.08,0.235
2024-25,1641711,Gradey Dick,1610612761,TOR,54,15,39,1588,104,263,0.395,302,94,243,0.387,0.574
2024-25,1629684,Grant Williams,1610612766,CHA,16,6,10,479,24,63,0.381,71,23,59,0.39,0.563
2024-25,1628960,Grayson Allen,1610612756,PHX,64,29,35,1544,125,289,0.433,375,125,289,0.433,0.649
2024-25,1627824,Guerschon Yabusele,1610612755,PHI,70,23,47,1895,103,268,0.384,308,102,261,0.391,0.575
2024-25,1630611,Gui Santos,1610612744,GSW,56,36,20,762,34,98,0.347,101,33,96,0.344,0.515
2024-25,203084,Harrison Barnes,1610612759,SAS,82,34,48,2230,141,317,0.445,422,140,315,0.444,0.666
2024-25,1631127,Harrison Ingram,1610612759,SAS,5,0,5,35,0,2,0,0,0,1,0,0
2024-25,1629312,Haywood Highsmith,1610612748,MIA,74,35,39,1818,85,225,0.378,254,84,219,0.384,0.564
2024-25,1630529,Herbert Jones,1610612740,NOP,20,5,15,648,29,78,0.372,80,22,68,0.324,0.513
2024-25,1641816,Hunter Tyson,1610612743,DEN,51,30,21,400,22,69,0.319,66,22,66,0.333,0.478
2024-25,1630193,Immanuel Quickley,1610612761,TOR,33,12,21,918,47,125,0.376,137,43,117,0.368,0.548
2024-25,1642403,Isaac Jones,1610612758,SAC,40,19,21,304,3,8,0.375,9,3,8,0.375,0.563
2024-25,1630171,Isaac Okoro,1610612739,CLE,55,44,11,1053,49,134,0.366,147,49,133,0.368,0.549
2024-25,1642268,Isaiah Collier,1610612762,UTA,71,14,57,1839,25,90,0.278,74,24,89,0.27,0.411
2024-25,1642384,Isaiah Crawford,1610612758,SAC,15,7,8,46,0,4,0,0,0,4,0,0
2024-25,1628392,Isaiah Hartenstein,1610612760,OKC,57,49,8,1590,55,120,0.458,110,0,16,0,0.458
2024-25,1630543,Isaiah Jackson,1610612754,IND,5,1,4,84,0,0,,0,,,,
2024-25,1630198,Isaiah Joe,1610612760,OKC,74,63,11,1604,160,345,0.464,475,155,337,0.46,0.688
2024-25,1630600,Isaiah Mobley,1610612755,PHI,1,0,1,17,0,1,0,0,0,1,0,0
2024-25,1641815,Isaiah Stevens,1610612748,MIA,3,3,0,6,0,0,,0,0,0,,
2024-25,1630191,Isaiah Stewart,1610612765,DET,72,38,34,1434,22,58,0.379,60,16,46,0.348,0.517
2024-25,1631209,Isaiah Wong,1610612766,CHA,20,2,18,266,8,19,0.421,23,7,17,0.412,0.605
2024-25,1627826,Ivica Zubac,1610612746,LAC,80,50,30,2624,29,61,0.475,58,,,,0.475
2024-25,1631120,JD Davison,1610612738,BOS,16,13,3,93,2,12,0.167,6,2,12,0.167,0.25
2024-25,1630550,JT Thor,1610612764,WAS,20,10,10,249,7,22,0.318,20,6,20,0.3,0.455
2024-25,1629630,Ja Morant,1610612763,MEM,50,30,20,1519,46,142,0.324,137,45,138,0.326,0.482
2024-25,1642266,Ja'Kobe Walter,1610612761,TOR,52,19,33,1103,58,157,0.369,173,57,152,0.375,0.551
2024-25,1631095,Jabari Smith Jr.,1610612745,HOU,57,40,17,1716,98,260,0.377,286,90,242,0.372,0.55
2024-25,1631133,Jabari Walker,1610612757,POR,60,23,37,749,29,75,0.387,85,27,68,0.397,0.567
2024-25,1629098,Jack McVeigh,1610612745,HOU,9,5,4,43,4,11,0.364,12,4,11,0.364,0.545
2024-25,1642050,Jackson Rowe,1610612744,GSW,6,4,2,52,2,8,0.25,6,2,8,0.25,0.375
2024-25,1631210,Jacob Toppin,1610612737,ATL,17,13,4,75,4,9,0.444,12,4,8,0.5,0.667
2024-25,1630702,Jaden Hardy,1610612742,DAL,57,30,27,907,60,155,0.387,180,60,150,0.4,0.581
2024-25,1631093,Jaden Ivey,1610612765,DET,30,14,16,898,43,94,0.457,125,39,88,0.443,0.665
2024-25,1630183,Jaden McDaniels,1610612750,MIN,82,49,33,2615,88,262,0.336,263,87,259,0.336,0.502
2024-25,1630531,Jaden Springer,1610612762,UTA,43,22,21,365,8,36,0.222,24,8,35,0.229,0.333
2024-25,203109,Jae Crowder,1610612758,SAC,9,3,6,103,5,16,0.313,14,4,14,0.286,0.438
2024-25,1630256,Jae'Sean Tate,1610612745,HOU,52,38,14,588,16,43,0.372,48,16,42,0.381,0.558
2024-25,1626143,Jahlil Okafor,1610612754,IND,1,0,1,3,0,0,,0,,,,
2024-25,1642443,Jahmir Young,1610612741,CHI,6,4,2,30,1,2,0.5,3,1,2,0.5,0.75
2024-25,1631170,Jaime Jaquez Jr.,1610612748,MIA,66,32,34,1368,33,104,0.317,99,33,99,0.333,0.476
2024-25,1631222,Jake LaRavia,1610612758,SAC,66,40,26,1349,49,113,0.434,146,48,111,0.432,0.646
2024-25,1627751,Jakob Poeltl,1610612761,TOR,57,21,36,1686,51,100,0.51,103,1,1,1,0.515
2024-25,1641779,Jalen Bridges,1610612756,PHX,8,1,7,30,2,6,0.333,6,2,6,0.333,0.5
2024-25,1628973,Jalen Brunson,1610612752,NYK,65,40,25,2301,57,131,0.435,170,56,125,0.448,0.649
2024-25,1631105,Jalen Duren,1610612765,DET,78,43,35,2034,2,4,0.5,4,,,,0.5
2024-25,1630224,Jalen Green,1610612745,HOU,82,52,30,2697,117,292,0.401,345,111,274,0.405,0.591
2024-25,1641720,Jalen Hood-Schifino,1610612755,PHI,15,3,12,315,5,17,0.294,15,5,15,0.333,0.441
2024-25,1630552,Jalen Johnson,1610612737,ATL,36,18,18,1284,42,125,0.336,121,37,114,0.325,0.484
2024-25,1629667,Jalen McDaniels,1610612758,SAC,4,2,2,7,0,0,,0,,,,
2024-25,1629618,Jalen Pickett,1610612743,DEN,49,31,18,666,28,80,0.35,81,25,75,0.333,0.506
2024-25,1630188,Jalen Smith,1610612741,CHI,64,28,36,962,69,221,0.312,207,69,213,0.324,0.468
2024-25,1630591,Jalen Suggs,1610612753,ORL,35,20,15,1003,51,153,0.333,152,50,149,0.336,0.497
2024-25,1631114,Jalen Williams,1610612760,OKC,69,55,14,2237,96,233,0.412,281,89,223,0.399,0.603
2024-25,1630592,Jalen Wilson,1610612751,BKN,79,25,54,2031,119,341,0.349,356,118,337,0.35,0.522
2024-25,1631288,Jamal Cain,1610612740,NOP,37,6,31,502,22,68,0.324,65,21,67,0.313,0.478
2024-25,1627750,Jamal Murray,1610612743,DEN,67,41,26,2418,77,188,0.41,226,72,181,0.398,0.601
2024-25,1642347,Jamal Shead,1610612761,TOR,75,28,47,1467,57,158,0.361,170,56,157,0.357,0.538
2024-25,1631123,Jamaree Bouyea,1610612749,MIL,5,4,1,62,0,3,0,0,0,3,0,0
2024-25,201935,James Harden,1610612746,LAC,79,50,29,2789,52,124,0.419,156,52,121,0.43,0.629
2024-25,201949,James Johnson,1610612754,IND,12,5,7,37,0,3,0,0,0,3,0,0
2024-25,1630164,James Wiseman,1610612754,IND,1,1,0,5,0,2,0,0,0,1,0,0
2024-25,1642419,Jamison Battle,1610612761,TOR,59,21,38,1042,92,229,0.402,275,91,225,0.404,0.6
2024-25,1641716,Jarace Walker,1610612754,IND,75,45,30,1187,51,126,0.405,152,50,124,0.403,0.603
2024-25,1630215,Jared Butler,1610612755,PHI,60,6,54,1044,39,101,0.386,116,38,100,0.38,0.574
2024-25,1642272,Jared McCain,1610612755,PHI,23,7,16,592,35,84,0.417,105,35,84,0.417,0.625
2024-25,1631197,Jared Rhoden,1610612761,TOR,14,8,6,226,9,31,0.29,27,9,31,0.29,0.435
2024-25,1628991,Jaren Jackson Jr.,1610612763,MEM,74,42,32,2207,139,340,0.409,406,128,322,0.398,0.597
2024-25,1629020,Jarred Vanderbilt,1610612747,LAL,36,25,11,581,9,30,0.3,27,9,30,0.3,0.45
2024-25,1628386,Jarrett Allen,1610612739,CLE,82,64,18,2296,15,37,0.405,30,0,4,0,0.405
2024-25,1629750,Javonte Green,1610612739,CLE,68,24,44,1258,45,133,0.338,134,44,131,0.336,0.504
2024-25,1629637,Jaxson Hayes,1610612747,LAL,56,38,18,1093,1,5,0.2,2,0,2,0,0.2
2024-25,1630643,Jay Huff,1610612763,MEM,64,37,27,748,77,200,0.385,231,77,194,0.397,0.578
2024-25,1627759,Jaylen Brown,1610612738,BOS,63,46,17,2158,74,196,0.378,210,62,177,0.35,0.536
2024-25,1641740,Jaylen Clark,1610612750,MIN,40,28,12,522,21,48,0.438,63,21,47,0.447,0.656
2024-25,1641798,Jaylen Martin,1610612764,WAS,16,3,13,239,6,22,0.273,18,6,21,0.286,0.409
2024-25,1629669,Jaylen Nowell,1610612764,WAS,8,1,7,168,8,19,0.421,24,8,19,0.421,0.632
2024-25,1631301,Jaylen Sims,1610612766,CHA,6,0,6,112,4,11,0.364,12,4,11,0.364,0.545
2024-25,1642377,Jaylen Wells,1610612763,MEM,79,47,32,2043,122,346,0.353,357,113,324,0.349,0.516
2024-25,1631119,Jaylin Williams,1610612760,OKC,47,40,7,784,63,158,0.399,185,59,148,0.399,0.585
2024-25,1642281,Jaylon Tyson,1610612739,CLE,47,37,10,453,17,53,0.321,51,17,52,0.327,0.481
2024-25,1628369,Jayson Tatum,1610612738,BOS,72,53,19,2624,90,220,0.409,260,80,200,0.4,0.591
2024-25,1641789,Jazian Gortman,1610612742,DAL,16,8,8,57,2,7,0.286,6,2,7,0.286,0.429
2024-25,1630288,Jeff Dowtin Jr.,1610612755,PHI,41,10,31,621,10,29,0.345,30,10,28,0.357,0.517
2024-25,201145,Jeff Green,1610612745,HOU,32,20,12,396,28,70,0.4,82,26,68,0.382,0.586
2024-25,203924,Jerami Grant,1610612757,POR,47,22,25,1524,104,285,0.365,310,102,278,0.367,0.544
2024-25,1630526,Jeremiah Robinson-Earl,1610612740,NOP,66,17,49,1239,59,162,0.364,171,53,150,0.353,0.528
2024-25,1631110,Jeremy Sochan,1610612759,SAS,54,21,33,1364,32,98,0.327,91,27,85,0.318,0.464
2024-25,1630579,Jericho Sims,1610612749,MIL,53,34,19,631,2,3,0.667,4,,,,0.667
2024-25,1642399,Jesse Edwards,1610612750,MIN,2,2,0,5,0,0,,0,,,,
2024-25,1641724,Jett Howard,1610612753,ORL,60,29,31,701,48,145,0.331,142,46,143,0.322,0.49
2024-25,1628975,Jevon Carter,1610612741,CHI,36,13,23,321,20,57,0.351,60,20,55,0.364,0.526
2024-25,202710,Jimmy Butler III,1610612744,GSW,55,36,19,1746,29,87,0.333,79,21,72,0.292,0.454
2024-25,1629111,Jock Landale,1610612745,HOU,42,26,16,500,21,46,0.457,51,9,22,0.409,0.554
2024-25,204060,Joe Ingles,1610612750,MIN,19,12,7,114,2,8,0.25,6,2,8,0.25,0.375
2024-25,203954,Joel Embiid,1610612755,PHI,19,8,11,574,37,95,0.389,96,22,65,0.338,0.505
2024-25,1628381,John Collins,1610612762,UTA,40,12,28,1220,64,154,0.416,184,56,139,0.403,0.597
2024-25,1629723,John Konchar,1610612763,MEM,46,26,20,558,23,60,0.383,69,23,59,0.39,0.575
2024-25,1631098,Johnny Davis,1610612764,WAS,34,4,30,242,3,16,0.188,9,3,16,0.188,0.281
2024-25,1642277,Johnny Furphy,1610612754,IND,50,31,19,380,15,48,0.313,45,15,45,0.333,0.469
2024-25,1630548,Johnny Juzang,1610612762,UTA,64,15,49,1270,102,256,0.398,304,100,253,0.395,0.594
2024-25,202685,Jonas Valanciunas,1610612758,SAC,81,23,58,1524,56,135,0.415,120,8,36,0.222,0.444
2024-25,1628371,Jonathan Isaac,1610612753,ORL,71,35,36,1090,48,168,0.286,135,39,144,0.271,0.402
2024-25,1630228,Jonathan Kuminga,1610612744,GSW,47,28,19,1144,37,112,0.33,111,37,107,0.346,0.496
2024-25,1642367,Jonathan Mogbo,1610612761,TOR,63,18,45,1286,18,68,0.265,52,16,62,0.258,0.382
2024-25,203903,Jordan Clarkson,1610612762,UTA,37,10,27,962,46,123,0.374,134,42,113,0.372,0.545
2024-25,1630692,Jordan Goodwin,1610612747,LAL,29,17,12,543,25,58,0.431,74,24,57,0.421,0.638
2024-25,1641722,Jordan Hawkins,1610612740,NOP,56,18,38,1320,83,239,0.347,246,80,234,0.342,0.515
2024-25,1629162,Jordan McLaughlin,1610612759,SAS,46,17,29,314,9,27,0.333,27,9,27,0.333,0.5
2024-25,1641757,Jordan Miller,1610612746,LAC,37,21,16,420,8,32,0.25,24,8,32,0.25,0.375
2024-25,1629673,Jordan Poole,1610612764,WAS,68,15,53,2001,105,284,0.37,314,104,280,0.371,0.553
2024-25,1641775,Jordan Walsh,1610612738,BOS,52,39,13,403,14,49,0.286,42,14,49,0.286,0.429
2024-25,1630631,Jose Alvarado,1610612740,NOP,56,19,37,1366,72,202,0.356,215,71,201,0.353,0.532
2024-25,1630528,Josh Christopher,1610612748,MIA,14,9,5,69,2,8,0.25,6,2,8,0.25,0.375
2024-25,1630581,Josh Giddey,1610612741,CHI,70,33,37,2117,86,220,0.391,256,84,214,0.393,0.582
2024-25,1630182,Josh Green,1610612766,CHA,68,17,51,1888,95,238,0.399,283,93,232,0.401,0.595
2024-25,1628404,Josh Hart,1610612752,NYK,77,48,29,2897,63,183,0.344,186,60,172,0.349,0.508
2024-25,1631169,Josh Minott,1610612750,MIN,46,32,14,276,15,42,0.357,44,14,41,0.341,0.524
2024-25,1629006,Josh Okogie,1610612766,CHA,40,11,29,625,27,81,0.333,81,27,80,0.338,0.5
2024-25,1626196,Josh Richardson,1610612748,MIA,8,4,4,149,7,25,0.28,20,6,21,0.286,0.4
2024-25,201950,Jrue Holiday,1610612738,BOS,62,47,15,1896,80,203,0.394,240,80,200,0.4,0.591
2024-25,1630577,Julian Champagnie,1610612759,SAS,82,34,48,1932,159,421,0.378,475,157,418,0.376,0.564
2024-25,1641763,Julian Phillips,1610612741,CHI,79,37,42,1123,50,152,0.329,150,50,151,0.331,0.493
2024-25,1631124,Julian Strawther,1610612743,DEN,65,41,24,1384,77,215,0.358,230,76,214,0.355,0.535
2024-25,203944,Julius Randle,1610612750,MIN,69,44,25,2226,83,227,0.366,245,79,220,0.359,0.54
2024-25,1630551,Justin Champagnie,1610612764,WAS,62,16,46,1341,73,175,0.417,218,72,173,0.416,0.623
2024-25,1642348,Justin Edwards,1610612755,PHI,44,11,33,1155,59,160,0.369,177,59,159,0.371,0.553
2024-25,1631303,Justin Minaya,1610612757,POR,19,8,11,101,2,10,0.2,6,2,10,0.2,0.3
2024-25,203994,Jusuf Nurkić,1610612766,CHA,51,18,33,1063,32,102,0.314,92,28,90,0.311,0.451
2024-25,1630231,KJ Martin,1610612762,UTA,43,11,32,911,16,58,0.276,47,15,57,0.263,0.405
2024-25,1642354,KJ Simpson,1610612766,CHA,36,3,33,842,19,80,0.238,57,19,80,0.238,0.356
2024-25,1630539,Kai Jones,1610612742,DAL,40,20,20,468,3,5,0.6,6,0,1,0,0.6
2024-25,1626157,Karl-Anthony Towns,1610612752,NYK,72,46,26,2517,142,319,0.445,415,131,288,0.455,0.65
2024-25,1631255,Karlo Matković,1610612740,NOP,42,12,30,791,24,73,0.329,67,19,62,0.306,0.459
2024-25,202695,Kawhi Leonard,1610612746,LAC,37,26,11,1180,57,128,0.445,161,47,110,0.427,0.629
2024-25,1630811,Keaton Wallace,1610612737,ATL,31,15,16,501,20,58,0.345,60,20,58,0.345,0.517
2024-25,1631099,Keegan Murray,1610612758,SAC,76,36,40,2610,146,407,0.359,436,144,397,0.363,0.536
2024-25,1631232,Keion Brooks Jr.,1610612740,NOP,14,2,12,332,14,42,0.333,41,13,39,0.333,0.488
2024-25,1642276,Kel'el Ware,1610612748,MIA,64,28,36,1422,40,122,0.328,113,33,103,0.32,0.463
2024-25,1629640,Keldon Johnson,1610612759,SAS,77,31,46,1838,70,230,0.304,210,70,227,0.308,0.457
2024-25,203482,Kelly Olynyk,1610612740,NOP,44,12,32,891,29,78,0.372,83,25,63,0.397,0.532
2024-25,1626162,Kelly Oubre Jr.,1610612755,PHI,60,21,39,2078,67,201,0.333,199,65,196,0.332,0.495
2024-25,1629026,Kenrich Williams,1610612760,OKC,69,58,11,1132,61,152,0.401,182,60,148,0.405,0.599
2024-25,203484,Kentavious Caldwell-Pope,1610612763,MEM,77,38,39,2279,103,280,0.368,301,95,265,0.358,0.538
2024-25,1631165,Keon Ellis,1610612758,SAC,80,39,41,1948,120,271,0.443,355,115,265,0.434,0.655
2024-25,1630553,Keon Johnson,1610612751,BKN,79,25,54,1925,110,316,0.348,328,108,310,0.348,0.519
2024-25,1642352,Keshad Johnson,1610612748,MIA,16,10,6,98,3,7,0.429,9,3,7,0.429,0.643
2024-25,1630556,Kessler Edwards,1610612742,DAL,40,17,23,608,23,53,0.434,67,21,50,0.42,0.632
2024-25,201142,Kevin Durant,1610612756,PHX,62,33,29,2265,169,351,0.481,472,134,291,0.46,0.672
2024-25,1628989,Kevin Huerter,1610612741,CHI,69,39,30,1679,99,304,0.326,295,97,300,0.323,0.485
2024-25,1628995,Kevin Knox II,1610612744,GSW,14,11,3,84,3,14,0.214,9,3,14,0.214,0.321
2024-25,201567,Kevin Love,1610612748,MIA,23,13,10,251,21,61,0.344,61,19,55,0.345,0.5
2024-25,1641755,Kevin McCullar Jr.,1610612752,NYK,4,4,0,29,0,1,0,0,0,1,0,0
2024-25,1629645,Kevin Porter Jr.,1610612749,MIL,75,43,32,1482,25,71,0.352,71,21,65,0.323,0.5
2024-25,1626172,Kevon Looney,1610612744,GSW,76,45,31,1142,8,31,0.258,18,2,4,0.5,0.29
2024-25,1641718,Keyonte George,1610612762,UTA,67,13,54,2108,89,249,0.357,263,85,240,0.354,0.528
2024-25,203114,Khris Middleton,1610612764,WAS,37,18,19,843,31,70,0.443,87,25,63,0.397,0.621
2024-25,1630165,Killian Hayes,1610612751,BKN,6,1,5,162,7,17,0.412,21,7,16,0.438,0.618
2024-25,202691,Klay Thompson,1610612742,DAL,72,33,39,1965,184,445,0.413,538,170,406,0.419,0.604
2024-25,1641738,Kobe Brown,1610612746,LAC,40,25,15,272,6,23,0.261,18,6,23,0.261,0.391
2024-25,1641723,Kobe Bufkin,1610612737,ATL,10,6,4,124,3,14,0.214,9,3,14,0.214,0.321
2024-25,1627739,Kris Dunn,1610612746,LAC,74,45,29,1783,67,207,0.324,201,67,205,0.327,0.486
2024-25,1631200,Kris Murray,1610612757,POR,69,31,38,1040,25,104,0.24,74,24,103,0.233,0.356
2024-25,204001,Kristaps Porziņģis,1610612738,BOS,42,30,12,1210,112,256,0.438,324,100,237,0.422,0.633
2024-25,203937,Kyle Anderson,1610612748,MIA,61,30,31,1002,23,62,0.371,66,20,53,0.377,0.532
2024-25,1642271,Kyle Filipowski,1610612762,UTA,72,13,59,1522,75,208,0.361,221,71,200,0.355,0.531
2024-25,1628398,Kyle Kuzma,1610612749,MIL,65,25,40,1936,74,235,0.315,219,71,224,0.317,0.466
2024-25,200768,Kyle Lowry,1610612755,PHI,35,14,21,659,21,62,0.339,63,21,62,0.339,0.508
2024-25,1630283,Kylor Kelley,1610612747,LAL,11,3,8,126,1,2,0.5,2,,,,0.5
2024-25,202681,Kyrie Irving,1610612742,DAL,50,28,22,1804,73,156,0.468,212,66,145,0.455,0.679
2024-25,1642273,Kyshawn George,1610612764,WAS,68,15,53,1802,90,261,0.345,269,89,258,0.345,0.515
2024-25,1630163,LaMelo Ball,1610612766,CHA,47,16,31,1505,83,225,0.369,247,81,221,0.367,0.549
2024-25,1630205,Lamar Stevens,1610612763,MEM,17,7,10,156,7,24,0.292,21,7,24,0.292,0.438
2024-25,1629013,Landry Shamet,1610612752,NYK,50,30,20,762,52,120,0.433,156,52,116,0.448,0.65
2024-25,1626204,Larry Nance Jr.,1610612737,ATL,24,10,14,463,36,79,0.456,105,33,74,0.446,0.665
2024-25,1628374,Lauri Markkanen,1610612762,UTA,47,9,38,1476,129,371,0.348,386,128,361,0.355,0.52
2024-25,2544,LeBron James,1610612747,LAL,70,44,26,2444,104,236,0.441,296,88,209,0.421,0.627
2024-25,1631159,Leonard Miller,1610612750,MIN,13,11,2,32,0,3,0,0,0,3,0,0
2024-25,1631311,Lester Quiñones,1610612740,NOP,13,3,10,183,9,25,0.36,27,9,25,0.36,0.54
2024-25,1641857,Liam Robbins,1610612749,MIL,13,8,5,57,0,2,0,0,0,2,0,0
2024-25,1630322,Lindy Waters III,1610612765,DET,52,27,25,778,50,157,0.318,148,48,150,0.32,0.471
2024-25,1629022,Lonnie Walker IV,1610612755,PHI,20,3,17,477,33,85,0.388,98,32,84,0.381,0.576
2024-25,1628366,Lonzo Ball,1610612741,CHI,35,16,19,777,49,148,0.331,146,48,146,0.329,0.493
2024-25,1629652,Luguentz Dort,1610612760,OKC,71,57,14,2073,152,361,0.421,452,148,352,0.42,0.626
2024-25,1629029,Luka Dončić,1610612747,LAL,50,31,19,1769,60,144,0.417,169,49,129,0.38,0.587
2024-25,1630568,Luka Garza,1610612750,MIN,39,28,11,219,12,40,0.3,34,10,35,0.286,0.425
2024-25,1628379,Luke Kennard,1610612763,MEM,65,37,28,1472,95,206,0.461,281,91,197,0.462,0.682
2024-25,1628436,Luke Kornet,1610612738,BOS,73,53,20,1361,2,5,0.4,4,0,1,0,0.4
2024-25,1631247,Luke Travers,1610612739,CLE,12,10,2,88,0,7,0,0,0,7,0,0
2024-25,1630644,Mac McClung,1610612753,ORL,2,1,1,10,0,1,0,0,0,1,0,0
2024-25,1630201,Malachi Flynn,1610612759,SAS,4,2,2,44,1,4,0.25,3,1,4,0.25,0.375
2024-25,1631103,Malaki Branham,1610612759,SAS,47,18,29,427,27,65,0.415,81,27,64,0.422,0.623
2024-25,1627763,Malcolm Brogdon,1610612764,WAS,24,6,18,564,13,37,0.351,39,13,35,0.371,0.527
2024-25,1642502,Malevy Leons,1610612760,OKC,6,6,0,21,0,1,0,0,0,1,0,0
2024-25,1627736,Malik Beasley,1610612765,DET,82,44,38,2283,244,573,0.426,732,244,571,0.427,0.639
2024-25,1628370,Malik Monk,1610612758,SAC,65,36,29,2054,87,254,0.343,261,87,251,0.347,0.514
2024-25,1630699,MarJon Beauchamp,1610612752,NYK,35,19,16,156,2,11,0.182,6,2,11,0.182,0.273
2024-25,1630542,Marcus Bagley,1610612755,PHI,10,1,9,253,4,27,0.148,12,4,27,0.148,0.222
2024-25,1630585,Marcus Garrett,1610612766,CHA,4,1,3,79,3,8,0.375,9,3,7,0.429,0.563
2024-25,1631204,Marcus Sasser,1610612765,DET,57,30,27,811,22,65,0.338,64,20,59,0.339,0.492
2024-25,203935,Marcus Smart,1610612764,WAS,34,17,17,680,38,109,0.349,112,36,104,0.346,0.514
2024-25,1631109,Mark Williams,1610612766,CHA,44,9,35,1171,10,38,0.263,20,0,2,0,0.263
2024-25,1628365,Markelle Fultz,1610612758,SAC,21,9,12,184,5,9,0.556,14,4,7,0.571,0.778
2024-25,202693,Markieff Morris,1610612747,LAL,15,7,8,164,10,33,0.303,29,9,30,0.3,0.439
2024-25,1628963,Marvin Bagley III,1610612763,MEM,31,7,24,265,4,24,0.167,11,3,19,0.158,0.229
2024-25,1630222,Mason Jones,1610612758,SAC,10,4,6,45,1,7,0.143,3,1,7,0.143,0.214
2024-25,203486,Mason Plumlee,1610612756,PHX,74,33,41,1300,0,6,0,0,0,1,0,0
2024-25,1641824,Matas Buzelis,1610612741,CHI,80,39,41,1511,89,249,0.357,266,88,245,0.359,0.534
2024-25,1629680,Matisse Thybulle,1610612757,POR,15,8,7,312,19,43,0.442,56,18,42,0.429,0.651
2024-25,1630346,Matt Ryan,1610612740,NOP,19,14,5,68,5,17,0.294,15,5,15,0.333,0.441
2024-25,1631108,Max Christie,1610612742,DAL,78,40,38,2127,110,269,0.409,329,109,267,0.408,0.612
2024-25,1629622,Max Strus,1610612739,CLE,50,39,11,1273,99,241,0.411,297,99,241,0.411,0.616
2024-25,1628467,Maxi Kleber,1610612747,LAL,34,18,16,637,11,47,0.234,32,10,45,0.222,0.34
2024-25,1641721,Maxwell Lewis,1610612751,BKN,28,9,19,328,14,35,0.4,42,14,33,0.424,0.6
2024-25,1630695,Micah Potter,1610612762,UTA,38,10,28,705,32,96,0.333,94,30,93,0.323,0.49
2024-25,1629008,Michael Porter Jr.,1610612743,DEN,77,47,30,2593,155,392,0.395,458,148,358,0.413,0.584
2024-25,1628969,Mikal Bridges,1610612752,NYK,82,51,31,3036,173,444,0.39,494,148,402,0.368,0.556
2024-25,201144,Mike Conley,1610612750,MIN,71,44,27,1756,70,164,0.427,210,70,162,0.432,0.64
2024-25,1628970,Miles Bridges,1610612766,CHA,64,16,48,2029,92,261,0.352,273,89,254,0.35,0.523
2024-25,1630540,Miles McBride,1610612752,NYK,64,39,25,1594,81,202,0.401,241,79,195,0.405,0.597
2024-25,1641936,Miles Norris,1610612738,BOS,3,2,1,35,2,7,0.286,6,2,7,0.286,0.429
2024-25,1629011,Mitchell Robinson,1610612752,NYK,17,10,7,290,0,0,,0,,,,
2024-25,1628964,Mo Bamba,1610612740,NOP,32,19,13,413,17,59,0.288,49,15,54,0.278,0.415
2024-25,1628420,Monte Morris,1610612756,PHX,45,21,24,571,28,73,0.384,83,27,70,0.386,0.568
2024-25,1629021,Moritz Wagner,1610612753,ORL,30,18,12,564,28,77,0.364,83,27,73,0.37,0.539
2024-25,1629650,Moses Brown,1610612742,DAL,13,5,8,119,0,1,0,0,,,,0
2024-25,1630541,Moses Moody,1610612744,GSW,74,45,29,1649,108,294,0.367,324,108,287,0.376,0.551
2024-25,1631243,Mouhamed Gueye,1610612737,ATL,33,15,18,533,24,84,0.286,69,21,78,0.269,0.411
2024-25,1631217,Moussa Diabaté,1610612766,CHA,71,15,56,1241,4,12,0.333,8,0,3,0,0.333
2024-25,1626167,Myles Turner,1610612754,IND,72,44,28,2174,188,440,0.427,519,143,358,0.399,0.59
2024-25,1642368,N'Faly Dante,1610612745,HOU,4,0,4,51,0,0,,0,,,,
2024-25,1641772,Nae'Qwan Tomlin,1610612739,CLE,5,4,1,63,2,7,0.286,6,2,7,0.286,0.429
2024-25,1630230,Naji Marshall,1610612742,DAL,69,32,37,1919,62,189,0.328,182,58,184,0.315,0.481
2024-25,1631466,Nate Williams,1610612745,HOU,20,14,6,147,6,23,0.261,18,6,23,0.261,0.391
2024-25,1629675,Naz Reid,1610612750,MIN,80,47,33,2200,142,379,0.375,424,140,372,0.376,0.559
2024-25,1629674,Neemias Queta,1610612738,BOS,62,46,16,863,3,9,0.333,6,0,3,0,0.333
2024-25,1629651,Nic Claxton,1610612751,BKN,70,20,50,1882,24,71,0.338,53,5,20,0.25,0.373
2024-25,1630208,Nick Richards,1610612756,PHX,57,17,40,1256,14,28,0.5,28,0,1,0,0.5
2024-25,1641733,Nick Smith Jr.,1610612766,CHA,60,14,46,1369,77,229,0.336,231,77,225,0.342,0.504
2024-25,1629638,Nickeil Alexander-Walker,1610612750,MIN,82,49,33,2073,122,296,0.412,364,120,288,0.417,0.615
2024-25,201587,Nicolas Batum,1610612746,LAC,78,47,31,1367,90,203,0.443,266,86,193,0.446,0.655
2024-25,203999,Nikola Jokić,1610612743,DEN,70,46,24,2571,137,289,0.474,381,107,237,0.451,0.659
2024-25,1631107,Nikola Jović,1610612748,MIA,46,21,25,1156,71,193,0.368,212,70,189,0.37,0.549
2024-25,202696,Nikola Vučević,1610612741,CHI,73,34,39,2278,177,413,0.429,479,125,312,0.401,0.58
2024-25,1641730,Noah Clowney,1610612751,BKN,46,11,35,1042,82,239,0.343,245,81,238,0.34,0.513
2024-25,1626181,Norman Powell,1610612746,LAC,60,39,21,1958,115,252,0.456,340,110,242,0.455,0.675
2024-25,1628384,OG Anunoby,1610612752,NYK,74,45,29,2706,149,388,0.384,443,145,380,0.382,0.571
2024-25,1630167,Obi Toppin,1610612754,IND,79,48,31,1545,99,258,0.384,295,97,253,0.383,0.572
2024-25,1630534,Ochai Agbaji,1610612761,TOR,64,19,45,1739,90,232,0.388,270,90,230,0.391,0.582
2024-25,1641765,Olivier-Maxence Prosper,1610612742,DAL,52,27,25,584,14,50,0.28,40,12,44,0.273,0.4
2024-25,1630168,Onyeka Okongwu,1610612737,ATL,74,35,39,2064,53,156,0.34,153,47,144,0.326,0.49
2024-25,1631115,Orlando Robinson,1610612761,TOR,44,23,21,770,25,67,0.373,67,17,50,0.34,0.5
2024-25,1631131,Oscar Tshiebwe,1610612762,UTA,14,3,11,255,0,5,0,0,,,,0
2024-25,1629052,Oshae Brissett,1610612755,PHI,6,1,5,142,4,16,0.25,12,4,16,0.25,0.375
2024-25,1642345,Oso Ighodaro,1610612756,PHX,61,25,36,1046,14,31,0.452,28,0,0,,0.452
2024-25,1631172,Ousmane Dieng,1610612760,OKC,37,30,7,405,23,60,0.383,67,21,57,0.368,0.558
2024-25,200782,P.J. Tucker,1610612752,NYK,3,1,2,58,3,4,0.75,9,3,4,0.75,1.125
2024-25,1629023,P.J. Washington,1610612742,DAL,57,31,26,1835,71,177,0.401,213,71,177,0.401,0.602
2024-25,1628408,PJ Dozier,1610612750,MIN,9,7,2,35,2,3,0.667,6,2,3,0.667,1
2024-25,1641790,PJ Hall,1610612743,DEN,19,12,7,66,3,9,0.333,8,2,8,0.25,0.444
2024-25,1642359,Pacôme Dadiet,1610612752,NYK,18,14,4,111,7,19,0.368,20,6,18,0.333,0.526
2024-25,1631094,Paolo Banchero,1610612753,ORL,46,21,25,1582,35,103,0.34,103,33,92,0.359,0.5
2024-25,1627783,Pascal Siakam,1610612754,IND,78,47,31,2548,142,347,0.409,400,116,294,0.395,0.576
2024-25,1626192,Pat Connaughton,1610612749,MIL,41,19,22,603,20,63,0.317,60,20,62,0.323,0.476
2024-25,1630311,Pat Spencer,1610612744,GSW,39,24,15,250,5,16,0.313,15,5,15,0.333,0.469
2024-25,1631116,Patrick Baldwin Jr.,1610612746,LAC,24,3,21,107,12,17,0.706,36,12,17,0.706,1.059
2024-25,1630172,Patrick Williams,1610612741,CHI,63,31,32,1576,73,196,0.372,219,73,194,0.376,0.559
2024-25,201988,Patty Mills,1610612746,LAC,29,12,17,321,18,50,0.36,54,18,50,0.36,0.54
2024-25,202331,Paul George,1610612755,PHI,41,15,26,1334,60,155,0.387,172,52,138,0.377,0.555
2024-25,1630194,Paul Reed,1610612765,DET,45,22,23,438,20,50,0.4,48,8,24,0.333,0.48
2024-25,1630202,Payton Pritchard,1610612738,BOS,80,59,21,2271,178,394,0.452,533,177,391,0.453,0.676
2024-25,1641796,Pelle Larsson,1610612748,MIA,55,24,31,782,29,83,0.349,87,29,82,0.354,0.524
2024-25,1631250,Pete Nance,1610612749,MIL,13,8,5,138,9,23,0.391,27,9,22,0.409,0.587
2024-25,1631212,Peyton Watson,1610612743,DEN,68,40,28,1656,48,139,0.345,142,46,129,0.357,0.511
2024-25,1630762,Phillip Wheeler,1610612755,PHI,5,0,5,44,0,6,0,0,0,6,0,0
2024-25,1630173,Precious Achiuwa,1610612752,NYK,57,36,21,1170,14,44,0.318,38,10,33,0.303,0.432
2024-25,1629656,Quentin Grimes,1610612755,PHI,75,29,46,2013,97,252,0.385,291,97,250,0.388,0.577
2024-25,1631245,Quenton Jackson,1610612754,IND,28,14,14,381,10,25,0.4,30,10,25,0.4,0.6
2024-25,1642439,Quincy Olivari,1610612747,LAL,2,1,1,10,1,4,0.25,3,1,4,0.25,0.375
2024-25,1642366,Quinten Post,1610612744,GSW,42,26,16,686,74,177,0.418,217,69,170,0.406,0.613
2024-25,1629628,RJ Barrett,1610612761,TOR,58,23,35,1869,96,264,0.364,287,95,262,0.363,0.544
2024-25,1642484,RayJ Dennis,1610612754,IND,11,7,4,70,3,13,0.231,9,3,13,0.231,0.346
2024-25,1641712,Rayan Rupert,1610612757,POR,52,23,29,460,13,45,0.289,39,13,43,0.302,0.433
2024-25,1641736,Reece Beekman,1610612751,BKN,36,13,23,469,7,36,0.194,21,7,35,0.2,0.292
2024-25,1642263,Reed Sheppard,1610612745,HOU,52,30,22,654,39,112,0.348,116,38,107,0.355,0.518
2024-25,202704,Reggie Jackson,1610612755,PHI,31,11,20,384,18,55,0.327,54,18,54,0.333,0.491
2024-25,1626158,Richaun Holmes,1610612764,WAS,31,9,22,534,4,8,0.5,8,0,2,0,0.5
2024-25,1641741,Ricky Council IV,1610612755,PHI,73,16,57,1250,44,152,0.289,132,44,151,0.291,0.434
2024-25,1642434,Riley Minix,1610612759,SAS,1,0,1,7,0,1,0,0,0,1,0,0
2024-25,1642265,Rob Dillingham,1610612750,MIN,49,30,19,516,12,38,0.316,35,11,36,0.306,0.461
2024-25,1629057,Robert Williams III,1610612757,POR,20,7,13,351,2,6,0.333,5,1,3,0.333,0.417
2024-25,1631199,Ron Harper Jr.,1610612765,DET,1,0,1,17,0,6,0,0,0,6,0,0
2024-25,1641842,Ronald Holland II,1610612765,DET,81,44,37,1266,31,124,0.25,92,30,123,0.244,0.371
2024-25,1626220,Royce O'Neale,1610612756,PHX,75,33,42,1837,160,382,0.419,480,160,381,0.42,0.628
2024-25,203497,Rudy Gobert,1610612750,MIN,72,43,29,2389,1,14,0.071,2,,,,0.071
2024-25,1629060,Rui Hachimura,1610612747,LAL,59,37,22,1869,110,261,0.421,318,98,238,0.412,0.609
2024-25,201566,Russell Westbrook,1610612743,DEN,75,43,32,2092,74,222,0.333,221,73,217,0.336,0.498
2024-25,1642346,Ryan Dunn,1610612756,PHX,74,32,42,1410,80,257,0.311,238,78,246,0.317,0.463
2024-25,1631157,Ryan Rollins,1610612749,MIL,56,30,26,820,45,103,0.437,133,43,99,0.434,0.646
2024-25,1630573,Sam Hauser,1610612738,BOS,71,52,19,1541,133,327,0.407,398,132,322,0.41,0.609
2024-25,1630241,Sam Merrill,1610612739,CLE,71,54,17,1401,120,309,0.388,358,118,305,0.387,0.579
2024-25,1630572,Sandro Mamukelashvili,1610612759,SAS,61,23,38,681,56,149,0.376,167,55,146,0.377,0.56
2024-25,1630583,Santi Aldama,1610612763,MEM,65,38,27,1660,111,297,0.374,326,104,279,0.373,0.549
2024-25,1630703,Scoot Henderson,1610612757,POR,66,30,36,1759,63,174,0.362,185,59,163,0.362,0.532
2024-25,1630567,Scottie Barnes,1610612761,TOR,65,26,39,2134,66,204,0.324,182,50,173,0.289,0.446
2024-25,1630590,Scotty Pippen Jr.,1610612763,MEM,79,46,33,1683,82,194,0.423,246,82,190,0.432,0.634
2024-25,203552,Seth Curry,1610612766,CHA,68,17,51,1062,72,151,0.477,207,63,140,0.45,0.685
2024-25,1631101,Shaedon Sharpe,1610612757,POR,72,32,40,2252,75,247,0.304,224,74,238,0.311,0.453
2024-25,1628983,Shai Gilgeous-Alexander,1610612760,OKC,76,63,13,2598,43,97,0.443,118,32,73,0.438,0.608
2024-25,1629003,Shake Milton,1610612747,LAL,57,29,28,836,32,81,0.395,94,30,79,0.38,0.58
2024-25,1631321,Sidy Cissoko,1610612757,POR,22,11,11,114,3,11,0.273,9,3,11,0.273,0.409
2024-25,1631323,Simone Fontecchio,1610612765,DET,75,38,37,1237,70,195,0.359,208,68,192,0.354,0.533
2024-25,1627746,Skal Labissiere,1610612758,SAC,4,2,2,12,1,1,1,3,1,1,1,1.5
2024-25,203915,Spencer Dinwiddie,1610612742,DAL,79,37,42,2136,51,144,0.354,151,49,139,0.353,0.524
2024-25,1642461,Spencer Jones,1610612743,DEN,20,13,7,125,1,17,0.059,3,1,17,0.059,0.088
2024-25,1630649,Stanley Umude,1610612749,MIL,22,15,7,86,3,15,0.2,9,3,15,0.2,0.3
2024-25,201939,Stephen Curry,1610612744,GSW,70,41,29,2252,160,368,0.435,473,153,355,0.431,0.643
2024-25,1642264,Stephon Castle,1610612759,SAS,81,33,48,2162,72,229,0.314,213,69,221,0.312,0.465
2024-25,203500,Steven Adams,1610612745,HOU,58,38,20,794,3,11,0.273,6,0,2,0,0.273
2024-25,1629004,Svi Mykhailiuk,1610612762,UTA,38,6,32,760,40,101,0.396,120,40,100,0.4,0.594
2024-25,204456,T.J. McConnell,1610612754,IND,79,49,30,1415,25,57,0.439,60,10,33,0.303,0.526
2024-25,201959,Taj Gibson,1610612766,CHA,37,10,27,409,6,18,0.333,13,1,2,0.5,0.361
2024-25,1629659,Talen Horton-Tucker,1610612741,CHI,58,26,32,724,33,91,0.363,99,33,91,0.363,0.544
2024-25,1631106,Tari Eason,1610612745,HOU,57,36,21,1420,64,177,0.362,189,61,170,0.359,0.534
2024-25,1627752,Taurean Prince,1610612749,MIL,80,46,34,2166,130,265,0.491,390,130,264,0.492,0.736
2024-25,1641707,Taylor Hendricks,1610612762,UTA,3,0,3,75,3,12,0.25,9,3,12,0.25,0.375
2024-25,1631386,Taze Moore,1610612757,POR,2,0,2,20,1,2,0.5,3,1,2,0.5,0.75
2024-25,1629611,Terance Mann,1610612737,ATL,67,37,30,1414,50,113,0.442,147,47,108,0.435,0.65
2024-25,1629056,Terence Davis,1610612758,SAC,1,1,0,8,0,1,0,0,0,1,0,0
2024-25,1630545,Terrence Shannon Jr,1610612750,MIN,32,21,11,339,9,26,0.346,27,9,26,0.346,0.519
2024-25,1626179,Terry Rozier,1610612748,MIA,64,27,37,1658,54,165,0.327,161,53,164,0.323,0.488
2024-25,1630678,Terry Taylor,1610612758,SAC,3,1,2,6,0,0,,0,,,,
2024-25,1628418,Thomas Bryant,1610612754,IND,66,44,22,963,54,149,0.362,153,45,137,0.328,0.513
2024-25,1642275,Tidjane Salaün,1610612766,CHA,60,12,48,1245,42,149,0.282,124,40,145,0.276,0.416
2024-25,203501,Tim Hardaway Jr.,1610612765,DET,77,41,36,2153,145,390,0.372,430,140,378,0.37,0.551
2024-25,202699,Tobias Harris,1610612765,DET,73,40,33,2306,95,246,0.386,275,85,232,0.366,0.559
2024-25,1642449,Tolu Smith,1610612765,DET,1,0,1,22,0,0,,0,,,,
2024-25,1628396,Tony Bradley,1610612754,IND,14,11,3,113,2,5,0.4,5,1,3,0.333,0.5
2024-25,1628470,Torrey Craig,1610612738,BOS,26,16,10,314,22,60,0.367,66,22,60,0.367,0.55
2024-25,1641787,Tosan Evbuomwan,1610612751,BKN,28,8,20,665,21,70,0.3,61,19,68,0.279,0.436
2024-25,1641739,Toumani Camara,1610612757,POR,78,33,45,2548,118,316,0.373,353,117,315,0.371,0.559
2024-25,1629027,Trae Young,1610612737,ATL,76,36,40,2739,46,123,0.374,128,36,109,0.33,0.52
2024-25,1631218,Trayce Jackson-Davis,1610612744,GSW,62,33,29,967,0,5,0,0,0,2,0,0
2024-25,1630200,Tre Jones,1610612741,CHI,46,21,25,905,19,44,0.432,56,18,43,0.419,0.636
2024-25,1630544,Tre Mann,1610612766,CHA,13,6,7,319,13,30,0.433,39,13,29,0.448,0.65
2024-25,1630570,Trendon Watford,1610612751,BKN,44,16,28,913,23,69,0.333,69,23,68,0.338,0.5
2024-25,1642280,Trentyn Flowers,1610612746,LAC,6,4,2,27,0,3,0,0,0,2,0,0
2024-25,1630243,Trevelin Queen,1610612753,ORL,31,15,16,430,14,46,0.304,42,14,45,0.311,0.457
2024-25,1641725,Trey Alexander,1610612743,DEN,24,14,10,117,3,15,0.2,9,3,15,0.2,0.3
2024-25,1641998,Trey Jemison III,1610612747,LAL,38,17,21,392,0,2,0,0,,,,0
2024-25,1626168,Trey Lyles,1610612758,SAC,69,34,35,1350,85,233,0.365,250,80,223,0.359,0.536
2024-25,1630530,Trey Murphy III,1610612740,NOP,53,14,39,1855,118,294,0.401,350,114,285,0.4,0.595
2024-25,202684,Tristan Thompson,1610612739,CLE,40,31,9,328,0,3,0,0,0,2,0,0
2024-25,1641774,Tristan Vukcevic,1610612764,WAS,35,7,28,513,50,110,0.455,136,36,88,0.409,0.618
2024-25,1641783,Tristan da Silva,1610612753,ORL,74,35,39,1629,74,215,0.344,216,68,199,0.342,0.502
2024-25,1641803,Tristen Newton,1610612750,MIN,8,2,6,16,0,2,0,0,0,2,0,0
2024-25,1629660,Ty Jerome,1610612739,CLE,70,55,15,1392,56,120,0.467,164,52,115,0.452,0.683
2024-25,1631102,TyTy Washington Jr.,1610612756,PHX,16,4,12,118,3,14,0.214,9,3,14,0.214,0.321
2024-25,1629639,Tyler Herro,1610612748,MIA,77,37,40,2725,144,350,0.411,425,137,338,0.405,0.607
2024-25,1642278,Tyler Kolek,1610612752,NYK,41,27,14,296,13,36,0.361,39,13,36,0.361,0.542
2024-25,1641890,Tyler Smith,1610612749,MIL,23,12,11,122,13,31,0.419,38,12,29,0.414,0.613
2024-25,1630169,Tyrese Haliburton,1610612754,IND,73,46,27,2451,64,147,0.435,190,62,143,0.434,0.646
2024-25,1631213,Tyrese Martin,1610612751,BKN,60,16,44,1315,89,236,0.377,263,85,232,0.366,0.557
2024-25,1630178,Tyrese Maxey,1610612755,PHI,52,20,32,1960,58,169,0.343,173,57,167,0.341,0.512
2024-25,1630623,Tyson Etienne,1610612751,BKN,7,1,6,151,13,40,0.325,39,13,40,0.325,0.488
2024-25,1626145,Tyus Jones,1610612756,PHX,81,36,45,2174,148,334,0.443,439,143,326,0.439,0.657
2024-25,1642279,Ulrich Chomche,1610612761,TOR,7,3,4,32,0,1,0,0,,,,0
2024-25,203995,Vasilije Micic,1610612756,PHX,41,8,33,785,18,47,0.383,53,17,44,0.386,0.564
2024-25,1641705,Victor Wembanyama,1610612759,SAS,46,21,25,1527,122,310,0.394,344,100,269,0.372,0.555
2024-25,1631246,Vince Williams Jr.,1610612763,MEM,27,10,17,499,23,80,0.288,67,21,77,0.273,0.419
2024-25,1628427,Vlatko Cancar,1610612743,DEN,13,2,11,136,4,15,0.267,12,4,15,0.267,0.4
2024-25,1630249,Vít Krejčí,1610612737,ATL,57,28,29,1153,74,163,0.454,222,74,161,0.46,0.681
2024-25,1631117,Walker Kessler,1610612762,UTA,58,14,44,1740,6,36,0.167,18,6,34,0.176,0.25
2024-25,1628976,Wendell Carter Jr.,1610612753,ORL,68,31,37,1758,56,196,0.286,149,37,153,0.242,0.38
2024-25,1631111,Wendell Moore Jr.,1610612766,CHA,36,11,25,499,14,38,0.368,41,13,35,0.371,0.539
2024-25,1630214,Xavier Tillman,1610612738,BOS,33,26,7,231,5,31,0.161,15,5,31,0.161,0.242
2024-25,1642530,Yuki Kawamura,1610612763,MEM,22,17,5,93,3,13,0.231,9,3,13,0.231,0.346
2024-25,1641879,Yuri Collins,1610612744,GSW,2,2,0,16,0,0,,0,,,,
2024-25,1642274,Yves Missi,1610612740,NOP,73,19,54,1956,3,9,0.333,6,0,1,0,0.333
2024-25,1642258,Zaccharie Risacher,1610612737,ATL,75,38,37,1843,120,330,0.364,353,113,306,0.369,0.535
2024-25,1628380,Zach Collins,1610612741,CHI,64,34,30,977,37,117,0.316,106,32,105,0.305,0.453
2024-25,1641744,Zach Edey,1610612763,MEM,66,35,31,1416,19,58,0.328,55,17,49,0.347,0.474
2024-25,203897,Zach LaVine,1610612758,SAC,74,32,42,2602,97,215,0.451,286,92,203,0.453,0.665
2024-25,1630192,Zeke Nnaji,1610612743,DEN,57,36,21,608,20,59,0.339,57,17,52,0.327,0.483
2024-25,1630533,Ziaire Williams,1610612751,BKN,63,22,41,1541,98,274,0.358,294,98,273,0.359,0.536
2024-25,1629627,Zion Williamson,1610612740,NOP,30,10,20,857,2,8,0.25,6,2,5,0.4,0.375
2024-25,1642389,Zyon Pullin,1610612763,MEM,3,1,2,3,0,0,,0,,,,
